# This file uses centimeters as units for non-parametric coordinates.

mtllib frogbutt.mtl
g default
v 0.570312 0.731124 -0.384708
v 0.568893 0.732713 -0.384301
v 0.567213 0.734074 -0.384477
v 0.565438 0.735073 -0.385220
v 0.563739 0.735613 -0.386456
v 0.562285 0.735640 -0.388065
v 0.561217 0.735153 -0.389889
v 0.560640 0.734199 -0.391749
v 0.560610 0.732872 -0.393463
v 0.561130 0.731300 -0.394864
v 0.562149 0.729639 -0.395815
v 0.563569 0.728050 -0.396222
v 0.565248 0.726689 -0.396045
v 0.567024 0.725690 -0.395303
v 0.568722 0.725150 -0.394066
v 0.570177 0.725123 -0.392458
v 0.571245 0.725609 -0.390634
v 0.571822 0.726564 -0.388774
v 0.571852 0.727891 -0.387059
v 0.571332 0.729463 -0.385658
v 0.573362 0.730806 -0.378467
v 0.570559 0.733944 -0.377663
v 0.567240 0.736632 -0.378012
v 0.563732 0.738605 -0.379479
v 0.560378 0.739672 -0.381921
v 0.557505 0.739727 -0.385098
v 0.555395 0.738765 -0.388701
v 0.554254 0.736880 -0.392375
v 0.554195 0.734257 -0.395762
v 0.555223 0.731153 -0.398530
v 0.557237 0.727871 -0.400408
v 0.560040 0.724732 -0.401211
v 0.563358 0.722045 -0.400863
v 0.566867 0.720071 -0.399396
v 0.570221 0.719005 -0.396954
v 0.573094 0.718950 -0.393776
v 0.575204 0.719912 -0.390174
v 0.576344 0.721796 -0.386499
v 0.576404 0.724419 -0.383112
v 0.575376 0.727524 -0.380345
v 0.575617 0.729784 -0.371969
v 0.571499 0.734395 -0.370788
v 0.566624 0.738344 -0.371301
v 0.561470 0.741243 -0.373456
v 0.556542 0.742810 -0.377043
v 0.552321 0.742891 -0.381712
v 0.549221 0.741477 -0.387004
v 0.547546 0.738709 -0.392403
v 0.547459 0.734855 -0.397379
v 0.548969 0.730294 -0.401445
v 0.551928 0.725472 -0.404203
v 0.556046 0.720862 -0.405384
v 0.560921 0.716913 -0.404872
v 0.566075 0.714014 -0.402717
v 0.571003 0.712447 -0.399129
v 0.575224 0.712366 -0.394461
v 0.578324 0.713779 -0.389168
v 0.579999 0.716548 -0.383770
v 0.580086 0.720402 -0.378794
v 0.578576 0.724963 -0.374728
v 0.577023 0.728085 -0.365375
v 0.571691 0.734055 -0.363846
v 0.565380 0.739167 -0.364509
v 0.558707 0.742921 -0.367300
v 0.552326 0.744949 -0.371944
v 0.546861 0.745054 -0.377989
v 0.542848 0.743224 -0.384841
v 0.540679 0.739639 -0.391830
v 0.540566 0.734650 -0.398272
v 0.542521 0.728745 -0.403537
v 0.546352 0.722502 -0.407109
v 0.551684 0.716533 -0.408638
v 0.557996 0.711421 -0.407974
v 0.564668 0.707667 -0.405184
v 0.571050 0.705638 -0.400539
v 0.576514 0.705534 -0.394495
v 0.580527 0.707364 -0.387643
v 0.582696 0.710948 -0.380653
v 0.582809 0.715937 -0.374211
v 0.580854 0.721842 -0.368947
v 0.577545 0.725750 -0.358846
v 0.571130 0.732931 -0.357007
v 0.563538 0.739081 -0.357805
v 0.555510 0.743597 -0.361162
v 0.547834 0.746037 -0.366750
v 0.541260 0.746163 -0.374021
v 0.536432 0.743962 -0.382264
v 0.533822 0.739649 -0.390672
v 0.533687 0.733648 -0.398422
v 0.536039 0.726544 -0.404755
v 0.540647 0.719034 -0.409052
v 0.547062 0.711852 -0.410891
v 0.554655 0.705703 -0.410093
v 0.562682 0.701186 -0.406736
v 0.570359 0.698746 -0.401149
v 0.576933 0.698620 -0.393877
v 0.581760 0.700822 -0.385634
v 0.584370 0.705134 -0.377226
v 0.584505 0.711136 -0.369476
v 0.582154 0.718240 -0.363143
v 0.577170 0.722836 -0.352544
v 0.569830 0.731053 -0.350439
v 0.561144 0.738089 -0.351352
v 0.551959 0.743256 -0.355193
v 0.543177 0.746048 -0.361586
v 0.535655 0.746191 -0.369905
v 0.530132 0.743673 -0.379337
v 0.527146 0.738739 -0.388957
v 0.526991 0.731872 -0.397823
v 0.529681 0.723745 -0.405069
v 0.534954 0.715152 -0.409985
v 0.542294 0.706936 -0.412090
v 0.550981 0.699899 -0.411177
v 0.560165 0.694732 -0.407336
v 0.568948 0.691940 -0.400943
v 0.576469 0.691797 -0.392624
v 0.581993 0.694315 -0.383193
v 0.584978 0.699249 -0.373573
v 0.585133 0.706116 -0.364706
v 0.582443 0.714244 -0.357460
v 0.575907 0.719416 -0.346623
v 0.567824 0.728465 -0.344306
v 0.558256 0.736214 -0.345311
v 0.548141 0.741904 -0.349541
v 0.538469 0.744980 -0.356582
v 0.530185 0.745138 -0.365744
v 0.524101 0.742364 -0.376131
v 0.520813 0.736930 -0.386726
v 0.520642 0.729367 -0.396492
v 0.523606 0.720416 -0.404472
v 0.529413 0.710953 -0.409886
v 0.537496 0.701904 -0.412204
v 0.547064 0.694155 -0.411198
v 0.557179 0.688464 -0.406968
v 0.566851 0.685389 -0.399927
v 0.575135 0.685231 -0.390765
v 0.581219 0.688004 -0.380378
v 0.584507 0.693438 -0.369783
v 0.584677 0.701001 -0.360018
v 0.581714 0.709952 -0.352037
v 0.573787 0.715573 -0.341230
v 0.565159 0.725232 -0.338756
v 0.554947 0.733503 -0.339829
v 0.544151 0.739577 -0.344344
v 0.533826 0.742859 -0.351860
v 0.524984 0.743028 -0.361640
v 0.518490 0.740068 -0.372727
v 0.514981 0.734267 -0.384036
v 0.514798 0.726195 -0.394459
v 0.517961 0.716640 -0.402978
v 0.524160 0.706539 -0.408756
v 0.532788 0.696880 -0.411230
v 0.543000 0.688609 -0.410157
v 0.553797 0.682535 -0.405642
v 0.564121 0.679253 -0.398127
v 0.572963 0.679084 -0.388347
v 0.579457 0.682044 -0.377260
v 0.582967 0.687845 -0.365951
v 0.583149 0.695917 -0.355527
v 0.579986 0.705472 -0.347009
v 0.570863 0.711402 -0.336497
v 0.561903 0.721433 -0.333928
v 0.551297 0.730023 -0.335042
v 0.540085 0.736331 -0.339731
v 0.529362 0.739739 -0.347536
v 0.520180 0.739915 -0.357693
v 0.513436 0.736840 -0.369207
v 0.509791 0.730817 -0.380951
v 0.509602 0.722433 -0.391776
v 0.512887 0.712511 -0.400623
v 0.519324 0.702020 -0.406624
v 0.528285 0.691989 -0.409194
v 0.538890 0.683399 -0.408079
v 0.550103 0.677092 -0.403390
v 0.560825 0.673683 -0.395585
v 0.570007 0.673507 -0.385428
v 0.576751 0.676582 -0.373914
v 0.580396 0.682605 -0.362170
v 0.580585 0.690989 -0.351345
v 0.577300 0.700911 -0.342498
v 0.567206 0.707006 -0.332540
v 0.558135 0.717162 -0.329939
v 0.547397 0.725859 -0.331068
v 0.536045 0.732245 -0.335815
v 0.525188 0.735697 -0.343717
v 0.515892 0.735874 -0.354001
v 0.509064 0.732762 -0.365658
v 0.505373 0.726663 -0.377549
v 0.505182 0.718175 -0.388509
v 0.508508 0.708129 -0.397466
v 0.515025 0.697507 -0.403542
v 0.524097 0.687351 -0.406143
v 0.534835 0.678654 -0.405015
v 0.546187 0.672268 -0.400267
v 0.557043 0.668817 -0.392365
v 0.566340 0.668639 -0.382082
v 0.573168 0.671752 -0.370424
v 0.576858 0.677851 -0.358534
v 0.577050 0.686339 -0.347573
v 0.573724 0.696385 -0.338617
v 0.562907 0.702493 -0.329458
v 0.553947 0.712524 -0.326889
v 0.543342 0.721114 -0.328003
v 0.532129 0.727422 -0.332693
v 0.521407 0.730830 -0.340497
v 0.512224 0.731006 -0.350654
v 0.505480 0.727932 -0.362168
v 0.501836 0.721908 -0.373912
v 0.501646 0.713524 -0.384738
v 0.504931 0.703602 -0.393584
v 0.511369 0.693111 -0.399586
v 0.520329 0.683080 -0.402155
v 0.530934 0.674491 -0.401040
v 0.542147 0.668183 -0.396351
v 0.552869 0.664774 -0.388546
v 0.562052 0.664598 -0.378390
v 0.568795 0.667673 -0.366876
v 0.572440 0.673697 -0.355131
v 0.572630 0.682080 -0.344306
v 0.569345 0.692003 -0.335460
v 0.558071 0.697974 -0.327326
v 0.549444 0.707633 -0.324852
v 0.539232 0.715904 -0.325925
v 0.528435 0.721978 -0.330440
v 0.518110 0.725261 -0.337956
v 0.509268 0.725430 -0.347736
v 0.502775 0.722469 -0.358823
v 0.499265 0.716669 -0.370132
v 0.499083 0.708596 -0.380555
v 0.502246 0.699042 -0.389073
v 0.508444 0.688940 -0.394852
v 0.517072 0.679282 -0.397326
v 0.527284 0.671010 -0.396253
v 0.538081 0.664936 -0.391738
v 0.548406 0.661654 -0.384223
v 0.557248 0.661485 -0.374443
v 0.563741 0.664445 -0.363356
v 0.567251 0.670246 -0.352047
v 0.567433 0.678318 -0.341623
v 0.564270 0.687873 -0.333105
v 0.552818 0.693560 -0.326196
v 0.544735 0.702609 -0.323879
v 0.535168 0.710359 -0.324884
v 0.525053 0.716049 -0.329114
v 0.515380 0.719124 -0.336155
v 0.507097 0.719283 -0.345317
v 0.501013 0.716509 -0.355704
v 0.497725 0.711075 -0.366299
v 0.497554 0.703512 -0.376065
v 0.500518 0.694561 -0.384045
v 0.506325 0.685098 -0.389459
v 0.514408 0.676048 -0.391777
v 0.523975 0.668299 -0.390772
v 0.534090 0.662609 -0.386541
v 0.543763 0.659534 -0.379500
v 0.552047 0.659375 -0.370338
v 0.558130 0.662149 -0.359951
v 0.561418 0.667583 -0.349356
v 0.561589 0.675146 -0.339591
v 0.558626 0.684097 -0.331610
v 0.547277 0.689361 -0.326097
v 0.539938 0.697578 -0.323992
v 0.531251 0.704614 -0.324905
v 0.522067 0.709781 -0.328746
v 0.513284 0.712573 -0.335139
v 0.505763 0.712717 -0.343459
v 0.500239 0.710198 -0.352890
v 0.497253 0.705264 -0.362510
v 0.497098 0.698397 -0.371377
v 0.499789 0.690270 -0.378623
v 0.505062 0.681677 -0.383538
v 0.512401 0.673461 -0.385643
v 0.521088 0.666425 -0.384730
v 0.530272 0.661258 -0.380889
v 0.539055 0.658466 -0.374496
v 0.546576 0.658322 -0.366177
v 0.552100 0.660840 -0.356746
v 0.555086 0.665774 -0.347126
v 0.555241 0.672641 -0.338259
v 0.552550 0.680769 -0.331013
v 0.541584 0.685479 -0.327031
v 0.535169 0.692661 -0.325191
v 0.527577 0.698811 -0.325989
v 0.519549 0.703327 -0.329346
v 0.511873 0.705767 -0.334934
v 0.505299 0.705893 -0.342205
v 0.500471 0.703692 -0.350448
v 0.497862 0.699379 -0.358856
v 0.497726 0.693377 -0.366606
v 0.500078 0.686273 -0.372940
v 0.504687 0.678763 -0.377236
v 0.511101 0.671582 -0.379076
v 0.518694 0.665432 -0.378278
v 0.526721 0.660916 -0.374921
v 0.534398 0.658476 -0.369333
v 0.540971 0.658350 -0.362062
v 0.545800 0.660551 -0.353819
v 0.548409 0.664864 -0.345411
v 0.548545 0.670866 -0.337660
v 0.546193 0.677969 -0.331327
v 0.535879 0.682011 -0.328974
v 0.530547 0.687981 -0.327445
v 0.524236 0.693093 -0.328108
v 0.517563 0.696847 -0.330899
v 0.511182 0.698875 -0.335543
v 0.505717 0.698980 -0.341588
v 0.501704 0.697150 -0.348440
v 0.499535 0.693565 -0.355429
v 0.499423 0.688576 -0.361871
v 0.501377 0.682671 -0.367136
v 0.505208 0.676428 -0.370708
v 0.510540 0.670458 -0.372237
v 0.516852 0.665347 -0.371573
v 0.523525 0.661592 -0.368783
v 0.529906 0.659564 -0.364138
v 0.535370 0.659460 -0.358094
v 0.539384 0.661289 -0.351242
v 0.541553 0.664874 -0.344252
v 0.541665 0.669863 -0.337810
v 0.539710 0.675768 -0.332545
v 0.530304 0.679041 -0.331879
v 0.526185 0.683652 -0.330698
v 0.521311 0.687600 -0.331211
v 0.516157 0.690499 -0.333366
v 0.511228 0.692066 -0.336953
v 0.507008 0.692147 -0.341622
v 0.503908 0.690734 -0.346914
v 0.502232 0.687965 -0.352313
v 0.502145 0.684111 -0.357288
v 0.503655 0.679551 -0.361355
v 0.506614 0.674729 -0.364113
v 0.510733 0.670118 -0.365294
v 0.515608 0.666170 -0.364782
v 0.520761 0.663270 -0.362627
v 0.525690 0.661703 -0.359039
v 0.529911 0.661623 -0.354371
v 0.533010 0.663036 -0.349078
v 0.534686 0.665805 -0.343680
v 0.534773 0.669658 -0.338704
v 0.533263 0.674219 -0.334638
v 0.524995 0.676642 -0.335675
v 0.522191 0.679781 -0.334871
v 0.518873 0.682468 -0.335220
v 0.515365 0.684442 -0.336687
v 0.512010 0.685508 -0.339129
v 0.509137 0.685563 -0.342306
v 0.507027 0.684601 -0.345909
v 0.505887 0.682717 -0.349583
v 0.505828 0.680094 -0.352970
v 0.506856 0.676989 -0.355738
v 0.508870 0.673707 -0.357616
v 0.511673 0.670569 -0.358419
v 0.514991 0.667881 -0.358071
v 0.518499 0.665908 -0.356604
v 0.521854 0.664841 -0.354162
v 0.524727 0.664786 -0.350984
v 0.526837 0.665748 -0.347382
v 0.527977 0.667633 -0.343707
v 0.528036 0.670256 -0.340320
v 0.527008 0.673360 -0.337552
v 0.520082 0.674875 -0.340267
v 0.518663 0.676463 -0.339861
v 0.516983 0.677824 -0.340037
v 0.515207 0.678823 -0.340780
v 0.513509 0.679363 -0.342016
v 0.512055 0.679391 -0.343625
v 0.510987 0.678904 -0.345448
v 0.510409 0.677950 -0.347308
v 0.510379 0.676622 -0.349023
v 0.510899 0.675050 -0.350424
v 0.511919 0.673389 -0.351375
v 0.513338 0.671800 -0.351782
v 0.515018 0.670440 -0.351605
v 0.516794 0.669440 -0.350862
v 0.518492 0.668901 -0.349626
v 0.519947 0.668873 -0.348018
v 0.521015 0.669360 -0.346194
v 0.521592 0.670314 -0.344334
v 0.521622 0.671642 -0.342619
v 0.521102 0.673213 -0.341218
v 0.566544 0.730732 -0.390538
v 0.515688 0.673781 -0.345544
v 0.509579 0.798373 -0.342587
v 0.505036 0.803908 -0.341890
v 0.498986 0.809516 -0.342543
v 0.492345 0.813744 -0.345019
v 0.487134 0.813581 -0.351116
v 0.483271 0.810169 -0.359355
v 0.480583 0.804941 -0.368100
v 0.479165 0.799422 -0.376105
v 0.478725 0.794422 -0.382058
v 0.479354 0.790778 -0.385358
v 0.481581 0.787715 -0.386561
v 0.485012 0.785999 -0.385264
v 0.489725 0.784680 -0.382274
v 0.495034 0.784248 -0.377564
v 0.500771 0.783621 -0.372207
v 0.506534 0.782344 -0.367010
v 0.511531 0.781221 -0.362091
v 0.514656 0.782150 -0.356892
v 0.515347 0.785696 -0.351508
v 0.513510 0.791423 -0.346455
v 0.526911 0.778487 -0.330222
v 0.518978 0.790530 -0.329777
v 0.505309 0.806841 -0.328118
v 0.490802 0.819531 -0.330606
v 0.478836 0.823967 -0.339847
v 0.470549 0.817772 -0.355287
v 0.463970 0.805547 -0.371534
v 0.460970 0.793768 -0.387303
v 0.459499 0.784533 -0.398265
v 0.461060 0.776398 -0.405323
v 0.466589 0.767507 -0.409520
v 0.474385 0.761300 -0.408648
v 0.483202 0.759729 -0.401990
v 0.492470 0.762533 -0.390603
v 0.503321 0.763009 -0.379147
v 0.514970 0.759434 -0.369382
v 0.525857 0.754105 -0.361413
v 0.532733 0.754300 -0.352251
v 0.534206 0.761488 -0.341699
v 0.532100 0.769955 -0.333972
v 0.541916 0.761341 -0.316504
v 0.527382 0.778825 -0.312702
v 0.511595 0.800130 -0.315553
v 0.490814 0.821338 -0.319287
v 0.473150 0.829354 -0.332471
v 0.459338 0.821774 -0.353036
v 0.445640 0.807582 -0.371684
v 0.441627 0.789669 -0.395410
v 0.440237 0.777095 -0.412172
v 0.443670 0.765149 -0.423801
v 0.449202 0.754554 -0.426605
v 0.459370 0.745552 -0.423876
v 0.472795 0.740571 -0.415149
v 0.486272 0.742936 -0.398617
v 0.502118 0.743368 -0.381733
v 0.521076 0.733788 -0.370295
v 0.536720 0.728953 -0.357601
v 0.549073 0.728848 -0.346713
v 0.555101 0.735993 -0.336175
v 0.551683 0.747724 -0.324604
v 0.556678 0.747505 -0.304461
v 0.536276 0.770570 -0.297695
v 0.515260 0.795860 -0.301207
v 0.488464 0.820291 -0.306766
v 0.464691 0.829792 -0.323010
v 0.447313 0.818910 -0.350407
v 0.431519 0.801162 -0.376577
v 0.425988 0.782226 -0.406073
v 0.424588 0.768763 -0.427656
v 0.427746 0.754404 -0.441066
v 0.433794 0.741417 -0.443315
v 0.446671 0.728111 -0.439793
v 0.462187 0.720011 -0.426757
v 0.479825 0.720618 -0.406052
v 0.498039 0.724702 -0.380938
v 0.524596 0.710065 -0.368805
v 0.549960 0.701211 -0.358549
v 0.563859 0.707130 -0.340923
v 0.572770 0.715658 -0.328649
v 0.569090 0.730359 -0.314591
v 0.566512 0.732807 -0.290499
v 0.541752 0.761422 -0.281948
v 0.509853 0.795284 -0.278152
v 0.477361 0.819863 -0.285516
v 0.450256 0.827319 -0.307506
v 0.432025 0.815325 -0.343211
v 0.417661 0.792227 -0.380179
v 0.409804 0.774559 -0.413311
v 0.406934 0.759170 -0.437799
v 0.410718 0.741905 -0.453914
v 0.420867 0.724403 -0.460178
v 0.434452 0.709642 -0.453580
v 0.454079 0.696495 -0.439641
v 0.474332 0.698017 -0.413506
v 0.491852 0.709408 -0.377133
v 0.524509 0.691696 -0.363342
v 0.559094 0.676680 -0.356390
v 0.577012 0.683019 -0.336668
v 0.584355 0.695485 -0.317721
v 0.580103 0.713055 -0.301026
v 0.566693 0.720282 -0.269461
v 0.538016 0.754093 -0.259078
v 0.499467 0.793916 -0.252245
v 0.464736 0.815096 -0.264764
v 0.433544 0.823349 -0.289778
v 0.410483 0.814420 -0.327232
v 0.398491 0.787452 -0.374558
v 0.388317 0.767700 -0.411059
v 0.383723 0.750949 -0.437455
v 0.389136 0.730488 -0.457234
v 0.403922 0.708389 -0.468333
v 0.423526 0.688846 -0.465814
v 0.447644 0.672716 -0.451926
v 0.468885 0.676403 -0.419496
v 0.487906 0.690840 -0.376465
v 0.526450 0.669184 -0.362273
v 0.565449 0.651332 -0.353820
v 0.582371 0.660923 -0.326825
v 0.586997 0.677654 -0.300469
v 0.581583 0.698115 -0.280689
v 0.562510 0.706780 -0.248423
v 0.530457 0.745003 -0.236270
v 0.488268 0.788302 -0.229152
v 0.452095 0.807193 -0.246127
v 0.417373 0.816844 -0.273156
v 0.390748 0.809498 -0.312548
v 0.376853 0.781614 -0.363547
v 0.365936 0.759256 -0.404187
v 0.360876 0.740807 -0.433257
v 0.366838 0.718272 -0.455041
v 0.383238 0.693858 -0.467407
v 0.408469 0.669955 -0.469143
v 0.439009 0.649591 -0.458774
v 0.461879 0.655249 -0.422158
v 0.485502 0.667572 -0.378445
v 0.525931 0.647208 -0.359879
v 0.560645 0.636343 -0.339685
v 0.579812 0.641382 -0.311643
v 0.584871 0.659831 -0.282573
v 0.578909 0.682365 -0.260788
v 0.555062 0.691980 -0.229135
v 0.520513 0.733485 -0.215650
v 0.476073 0.778457 -0.208958
v 0.438467 0.796511 -0.228612
v 0.401406 0.806813 -0.257462
v 0.372178 0.800667 -0.298277
v 0.356610 0.772450 -0.351588
v 0.345159 0.748161 -0.395274
v 0.339759 0.728469 -0.426304
v 0.346122 0.704416 -0.449556
v 0.363627 0.678356 -0.462755
v 0.390559 0.652842 -0.464609
v 0.424283 0.630369 -0.454936
v 0.450740 0.635723 -0.418255
v 0.478645 0.644645 -0.375421
v 0.515243 0.635317 -0.345862
v 0.547713 0.628046 -0.318365
v 0.573529 0.622175 -0.296616
v 0.578930 0.641868 -0.265586
v 0.572566 0.665921 -0.242334
v 0.544532 0.676249 -0.212073
v 0.508454 0.719770 -0.197765
v 0.464750 0.761335 -0.194552
v 0.424167 0.783292 -0.212631
v 0.385678 0.793990 -0.242592
v 0.354867 0.788570 -0.284279
v 0.338275 0.760158 -0.338994
v 0.326499 0.734690 -0.384541
v 0.320890 0.714239 -0.416766
v 0.327499 0.689259 -0.440914
v 0.345678 0.662196 -0.454621
v 0.373648 0.635699 -0.456546
v 0.406496 0.616927 -0.443179
v 0.435250 0.619804 -0.407037
v 0.465893 0.625576 -0.365094
v 0.500488 0.623054 -0.329186
v 0.536694 0.610284 -0.304425
v 0.563711 0.603755 -0.282153
v 0.569319 0.624206 -0.249928
v 0.562711 0.649185 -0.225780
v 0.531180 0.659972 -0.197656
v 0.498943 0.695027 -0.189723
v 0.455373 0.735683 -0.187508
v 0.409548 0.767860 -0.198578
v 0.370580 0.778692 -0.228913
v 0.339237 0.773513 -0.270894
v 0.322300 0.745038 -0.326080
v 0.310414 0.719173 -0.372252
v 0.304736 0.698467 -0.404879
v 0.311427 0.673176 -0.429327
v 0.329832 0.645776 -0.443206
v 0.358151 0.618948 -0.445155
v 0.391402 0.599956 -0.431611
v 0.420063 0.603816 -0.394329
v 0.451794 0.608178 -0.352942
v 0.486788 0.605692 -0.316536
v 0.523178 0.593325 -0.291058
v 0.550598 0.586575 -0.268610
v 0.556276 0.607281 -0.235983
v 0.549585 0.632572 -0.211534
v 0.515334 0.643552 -0.186240
v 0.487364 0.670049 -0.184316
v 0.442601 0.713837 -0.179486
v 0.394969 0.750595 -0.186798
v 0.356481 0.761294 -0.216760
v 0.325669 0.755873 -0.258447
v 0.309077 0.727462 -0.313162
v 0.297301 0.701993 -0.358709
v 0.291692 0.681542 -0.390934
v 0.298301 0.656563 -0.415082
v 0.316480 0.629500 -0.428789
v 0.344450 0.603002 -0.430714
v 0.378883 0.580050 -0.419937
v 0.405739 0.586323 -0.381015
v 0.435699 0.593531 -0.338028
v 0.472312 0.586335 -0.305289
v 0.507496 0.577588 -0.278593
v 0.534513 0.571058 -0.256320
v 0.540122 0.591509 -0.224096
v 0.533513 0.616489 -0.199948
v 0.497385 0.627392 -0.178107
v 0.470452 0.652906 -0.176253
v 0.427548 0.694655 -0.171905
v 0.381102 0.731268 -0.178059
v 0.343729 0.742225 -0.206434
v 0.314501 0.736079 -0.247248
v 0.298871 0.707903 -0.300482
v 0.286584 0.684160 -0.343133
v 0.281492 0.664266 -0.374545
v 0.288446 0.639828 -0.398528
v 0.305360 0.614154 -0.410996
v 0.330578 0.589760 -0.410725
v 0.359424 0.570476 -0.395011
v 0.384867 0.576493 -0.357073
v 0.412621 0.585514 -0.314053
v 0.452498 0.568611 -0.289640
v 0.493786 0.553138 -0.273551
v 0.515853 0.557587 -0.245587
v 0.521253 0.577279 -0.214558
v 0.514890 0.601332 -0.191306
v 0.477774 0.611890 -0.173455
v 0.452542 0.635793 -0.171718
v 0.412682 0.674202 -0.168157
v 0.371990 0.702581 -0.178231
v 0.332638 0.721954 -0.198188
v 0.306012 0.714608 -0.237581
v 0.288010 0.689410 -0.283492
v 0.273148 0.669630 -0.319245
v 0.268896 0.650653 -0.349315
v 0.278038 0.626040 -0.375038
v 0.291257 0.603704 -0.383465
v 0.315001 0.580773 -0.383359
v 0.339135 0.564597 -0.365055
v 0.363676 0.569259 -0.330489
v 0.387864 0.581150 -0.287488
v 0.428025 0.559940 -0.268795
v 0.472997 0.538179 -0.262143
v 0.494923 0.546592 -0.236485
v 0.500136 0.564941 -0.207605
v 0.494174 0.587476 -0.185821
v 0.456985 0.597428 -0.172400
v 0.434075 0.619132 -0.170823
v 0.401993 0.645377 -0.173866
v 0.365134 0.670957 -0.183149
v 0.324016 0.699858 -0.193043
v 0.298779 0.695418 -0.227189
v 0.277836 0.674679 -0.263353
v 0.261603 0.655962 -0.292933
v 0.257498 0.638891 -0.319935
v 0.267600 0.615366 -0.345521
v 0.277802 0.596263 -0.350942
v 0.301071 0.574324 -0.352964
v 0.323348 0.561980 -0.336280
v 0.346592 0.564986 -0.306204
v 0.369076 0.575205 -0.267854
v 0.407216 0.552557 -0.253412
v 0.446536 0.534495 -0.245356
v 0.470489 0.539490 -0.227071
v 0.477289 0.554799 -0.203407
v 0.471876 0.575260 -0.183628
v 0.435530 0.584361 -0.174968
v 0.415506 0.603332 -0.173590
v 0.389020 0.620963 -0.179033
v 0.355615 0.647001 -0.185093
v 0.318854 0.674618 -0.192359
v 0.291376 0.679530 -0.214443
v 0.271231 0.662705 -0.243753
v 0.257174 0.642892 -0.270441
v 0.254976 0.624435 -0.296287
v 0.263988 0.603754 -0.318877
v 0.272722 0.587177 -0.323388
v 0.290929 0.572022 -0.321990
v 0.310276 0.567336 -0.306054
v 0.330793 0.569540 -0.280074
v 0.355686 0.567469 -0.254559
v 0.390044 0.545528 -0.243497
v 0.422939 0.531616 -0.234452
v 0.444773 0.535395 -0.219581
v 0.453189 0.547160 -0.201961
v 0.448544 0.564987 -0.184781
v 0.412940 0.573664 -0.179861
v 0.393267 0.591412 -0.174966
v 0.368136 0.608105 -0.175631
v 0.341807 0.627761 -0.182661
v 0.312088 0.652638 -0.189247
v 0.284900 0.664166 -0.201302
v 0.265844 0.654262 -0.222290
v 0.257990 0.632736 -0.249729
v 0.256537 0.616607 -0.271786
v 0.260217 0.602273 -0.285770
v 0.271013 0.586215 -0.293893
v 0.285417 0.575152 -0.291615
v 0.299828 0.574765 -0.275816
v 0.317099 0.576143 -0.254550
v 0.343052 0.563376 -0.241375
v 0.373342 0.541505 -0.234822
v 0.399039 0.532065 -0.225053
v 0.417455 0.535032 -0.213022
v 0.426836 0.543252 -0.201330
v 0.424566 0.557030 -0.189020
v 0.385089 0.568660 -0.181160
v 0.367786 0.583747 -0.174766
v 0.346024 0.601721 -0.171662
v 0.325847 0.618560 -0.176937
v 0.305309 0.635727 -0.185109
v 0.281630 0.647778 -0.190822
v 0.265686 0.644059 -0.204891
v 0.259288 0.630242 -0.225156
v 0.258467 0.617152 -0.242651
v 0.260440 0.607905 -0.252125
v 0.267665 0.597841 -0.256698
v 0.279033 0.588785 -0.255311
v 0.292098 0.584426 -0.246061
v 0.308224 0.579640 -0.233891
v 0.329910 0.566336 -0.226220
v 0.352982 0.550122 -0.220665
v 0.373535 0.540610 -0.214344
v 0.389150 0.538446 -0.207482
v 0.396362 0.544818 -0.198410
v 0.396298 0.554356 -0.190994
v 0.352014 0.575250 -0.176959
v 0.341451 0.584228 -0.174212
v 0.327605 0.596988 -0.173064
v 0.312849 0.611040 -0.175005
v 0.298529 0.622890 -0.180157
v 0.284315 0.630143 -0.186346
v 0.271704 0.631117 -0.193273
v 0.265623 0.625841 -0.204330
v 0.264599 0.617909 -0.215528
v 0.266354 0.610749 -0.222606
v 0.271311 0.603815 -0.225779
v 0.279233 0.597266 -0.225115
v 0.290065 0.590228 -0.221780
v 0.302612 0.583672 -0.215896
v 0.317602 0.574136 -0.211024
v 0.333266 0.563184 -0.207181
v 0.348250 0.554136 -0.204494
v 0.358840 0.551533 -0.200006
v 0.362432 0.557227 -0.192101
v 0.359241 0.566088 -0.183092
v 0.322187 0.587809 -0.176939
v 0.318193 0.591995 -0.177119
v 0.312358 0.597571 -0.178016
v 0.303649 0.604777 -0.177607
v 0.296075 0.610334 -0.179944
v 0.290171 0.613340 -0.184640
v 0.284385 0.614686 -0.188640
v 0.280285 0.613756 -0.192758
v 0.278689 0.610980 -0.196985
v 0.279510 0.607171 -0.200530
v 0.282389 0.602885 -0.202702
v 0.286819 0.598688 -0.203006
v 0.292632 0.594433 -0.201821
v 0.299680 0.589654 -0.199905
v 0.307391 0.584568 -0.197626
v 0.314869 0.579972 -0.194991
v 0.321039 0.577036 -0.191734
v 0.324945 0.576784 -0.187638
v 0.326023 0.579626 -0.182823
v 0.324205 0.585202 -0.177820
v 0.496068 0.798523 -0.364021
v 0.298534 0.599466 -0.184837
v 0.572977 0.684670 -0.435534
v 0.568539 0.688881 -0.435219
v 0.563075 0.692403 -0.436937
v 0.557018 0.695103 -0.440366
v 0.550836 0.696979 -0.444979
v 0.545182 0.697745 -0.450400
v 0.540702 0.697134 -0.456237
v 0.537846 0.695180 -0.461938
v 0.536901 0.692060 -0.466956
v 0.537885 0.688236 -0.470684
v 0.540549 0.684400 -0.472527
v 0.544698 0.680795 -0.472402
v 0.550070 0.677465 -0.470545
v 0.556516 0.673949 -0.467709
v 0.562826 0.671806 -0.463289
v 0.568359 0.671293 -0.457685
v 0.572603 0.672400 -0.451487
v 0.575721 0.673803 -0.446187
v 0.576871 0.676494 -0.441481
v 0.575897 0.680297 -0.437768
v 0.583082 0.685782 -0.410970
v 0.574351 0.694030 -0.410399
v 0.564092 0.699865 -0.414609
v 0.552845 0.703690 -0.422479
v 0.541106 0.706401 -0.432317
v 0.530002 0.707779 -0.443123
v 0.521302 0.706258 -0.454883
v 0.515770 0.702169 -0.466311
v 0.513954 0.695899 -0.476299
v 0.515736 0.688682 -0.483419
v 0.520668 0.681802 -0.486554
v 0.528506 0.675429 -0.485761
v 0.539165 0.668754 -0.482162
v 0.551187 0.663302 -0.475475
v 0.563666 0.659036 -0.466769
v 0.574489 0.658248 -0.455534
v 0.583359 0.659414 -0.444033
v 0.588675 0.663955 -0.432275
v 0.590356 0.670509 -0.422080
v 0.588846 0.677154 -0.415376
v 0.589126 0.686723 -0.383713
v 0.576894 0.697590 -0.383782
v 0.562058 0.705668 -0.390328
v 0.546252 0.709781 -0.402986
v 0.529450 0.712832 -0.418116
v 0.513270 0.714577 -0.434196
v 0.500549 0.712213 -0.451566
v 0.492608 0.705815 -0.468640
v 0.489315 0.697915 -0.482361
v 0.491175 0.688906 -0.491662
v 0.498777 0.678051 -0.496810
v 0.510678 0.667875 -0.496237
v 0.525698 0.659411 -0.489973
v 0.543338 0.651448 -0.480114
v 0.561657 0.645213 -0.467301
v 0.577591 0.643984 -0.450846
v 0.590202 0.646579 -0.433308
v 0.597501 0.654326 -0.415253
v 0.599727 0.664466 -0.399902
v 0.596551 0.676238 -0.388592
v 0.592105 0.685065 -0.356181
v 0.576612 0.698414 -0.356796
v 0.558083 0.707446 -0.366307
v 0.536950 0.714176 -0.381674
v 0.516279 0.715853 -0.402916
v 0.495622 0.717498 -0.424181
v 0.479091 0.714568 -0.446576
v 0.467557 0.708912 -0.466771
v 0.462937 0.699435 -0.483989
v 0.465182 0.688113 -0.495782
v 0.474920 0.674275 -0.502290
v 0.491142 0.659397 -0.502788
v 0.511443 0.646644 -0.495983
v 0.534425 0.636030 -0.483440
v 0.557922 0.628421 -0.466513
v 0.578757 0.626400 -0.445521
v 0.594505 0.630978 -0.421929
v 0.603407 0.642157 -0.397716
v 0.605265 0.657434 -0.376279
v 0.601375 0.672210 -0.361974
v 0.591831 0.681089 -0.328878
v 0.573899 0.695666 -0.330696
v 0.550721 0.708395 -0.340782
v 0.525255 0.716583 -0.359203
v 0.501156 0.716986 -0.385931
v 0.476171 0.719249 -0.411307
v 0.456104 0.716101 -0.437973
v 0.441649 0.710516 -0.461381
v 0.435567 0.700214 -0.481295
v 0.439302 0.684421 -0.497062
v 0.451871 0.665983 -0.506194
v 0.471845 0.647117 -0.507497
v 0.496919 0.630409 -0.500305
v 0.524798 0.617154 -0.485569
v 0.552840 0.608473 -0.464862
v 0.578114 0.605602 -0.439929
v 0.597343 0.610510 -0.411982
v 0.607867 0.624351 -0.382570
v 0.609364 0.644277 -0.355655
v 0.603915 0.663669 -0.337270
v 0.589530 0.672336 -0.304337
v 0.567719 0.691732 -0.304439
v 0.540618 0.707517 -0.315091
v 0.511921 0.715962 -0.336838
v 0.483804 0.717568 -0.366586
v 0.454824 0.720985 -0.395016
v 0.431682 0.717766 -0.425247
v 0.415788 0.710023 -0.453013
v 0.410077 0.695617 -0.477702
v 0.415475 0.675188 -0.497459
v 0.430366 0.653021 -0.508686
v 0.453276 0.631317 -0.510263
v 0.481963 0.612201 -0.502034
v 0.513619 0.597543 -0.484806
v 0.545735 0.587542 -0.461165
v 0.574690 0.584176 -0.432697
v 0.597017 0.589105 -0.401222
v 0.609822 0.603334 -0.368739
v 0.611377 0.626465 -0.337703
v 0.604393 0.650225 -0.315524
v 0.585320 0.658889 -0.283257
v 0.560088 0.682793 -0.281521
v 0.528879 0.703037 -0.291172
v 0.497308 0.712264 -0.315177
v 0.465632 0.715523 -0.346855
v 0.433723 0.719270 -0.378179
v 0.408317 0.715555 -0.411598
v 0.392275 0.703956 -0.444411
v 0.387215 0.685507 -0.473481
v 0.393177 0.662973 -0.495266
v 0.409577 0.638559 -0.507631
v 0.434808 0.614655 -0.509368
v 0.466403 0.593602 -0.500305
v 0.501267 0.577459 -0.481331
v 0.536673 0.566369 -0.455348
v 0.568407 0.562992 -0.423756
v 0.592980 0.568454 -0.389066
v 0.606029 0.586338 -0.351681
v 0.608919 0.609342 -0.319298
v 0.601719 0.634475 -0.295623
v 0.577871 0.644090 -0.263970
v 0.550939 0.669605 -0.262116
v 0.517215 0.692077 -0.271789
v 0.483372 0.702230 -0.297190
v 0.448896 0.707104 -0.329989
v 0.415147 0.710451 -0.363898
v 0.388382 0.705745 -0.400108
v 0.371498 0.692862 -0.435499
v 0.366098 0.673169 -0.466528
v 0.372462 0.649116 -0.489781
v 0.389966 0.623057 -0.502980
v 0.416898 0.597542 -0.504833
v 0.450622 0.575069 -0.495160
v 0.487836 0.557839 -0.474907
v 0.525652 0.545954 -0.447208
v 0.559417 0.542572 -0.413324
v 0.585569 0.548565 -0.376178
v 0.598762 0.569199 -0.335150
v 0.601740 0.593977 -0.300421
v 0.595376 0.618030 -0.277169
v 0.567342 0.628359 -0.246907
v 0.539372 0.654856 -0.244982
v 0.504349 0.678194 -0.255028
v 0.469266 0.688606 -0.281504
v 0.433169 0.694282 -0.315119
v 0.398451 0.697064 -0.350839
v 0.370759 0.691958 -0.388603
v 0.352838 0.679390 -0.424766
v 0.347229 0.658939 -0.456990
v 0.353838 0.633960 -0.481138
v 0.372017 0.606897 -0.494846
v 0.399987 0.580399 -0.496771
v 0.435009 0.557061 -0.486725
v 0.473657 0.539167 -0.465692
v 0.512941 0.526798 -0.436945
v 0.547947 0.523412 -0.401664
v 0.575170 0.529504 -0.363183
v 0.589100 0.550450 -0.320926
v 0.592129 0.576316 -0.284763
v 0.585521 0.601295 -0.260615
v 0.553990 0.612082 -0.232491
v 0.525671 0.638910 -0.230542
v 0.490212 0.662539 -0.240713
v 0.454711 0.673039 -0.267549
v 0.418071 0.678983 -0.301440
v 0.383077 0.681469 -0.337845
v 0.354902 0.676589 -0.375869
v 0.336753 0.663873 -0.412477
v 0.331075 0.643168 -0.445103
v 0.337766 0.617877 -0.469552
v 0.356171 0.590476 -0.483430
v 0.384490 0.563649 -0.485379
v 0.419949 0.540020 -0.475208
v 0.459078 0.521902 -0.453913
v 0.498856 0.509371 -0.424813
v 0.534279 0.505983 -0.389063
v 0.561860 0.512111 -0.350133
v 0.576040 0.533159 -0.307464
v 0.579086 0.559391 -0.270818
v 0.572395 0.584682 -0.246369
v 0.538144 0.595662 -0.221075
v 0.510174 0.622159 -0.219150
v 0.475151 0.645497 -0.229196
v 0.440068 0.655909 -0.255672
v 0.403972 0.661585 -0.289287
v 0.369409 0.664041 -0.325245
v 0.341561 0.659261 -0.362770
v 0.323640 0.646694 -0.398934
v 0.318032 0.626243 -0.431158
v 0.324640 0.601263 -0.455306
v 0.342819 0.574200 -0.469014
v 0.370789 0.547702 -0.470939
v 0.405812 0.524365 -0.460893
v 0.444459 0.506470 -0.439860
v 0.483743 0.494101 -0.411113
v 0.518749 0.490715 -0.375832
v 0.545972 0.496807 -0.337351
v 0.559902 0.517753 -0.295094
v 0.562931 0.543619 -0.258931
v 0.556323 0.568599 -0.234783
v 0.520195 0.579502 -0.212941
v 0.493262 0.605016 -0.211088
v 0.459539 0.627489 -0.220761
v 0.425696 0.637642 -0.246162
v 0.391220 0.642516 -0.278961
v 0.358069 0.644607 -0.313784
v 0.331609 0.639259 -0.350460
v 0.314325 0.627216 -0.385240
v 0.308608 0.608187 -0.415786
v 0.314785 0.584528 -0.438752
v 0.332289 0.558468 -0.451951
v 0.359222 0.532954 -0.453805
v 0.392945 0.510481 -0.444132
v 0.430412 0.492719 -0.424265
v 0.468135 0.481030 -0.396424
v 0.501740 0.477983 -0.362296
v 0.527860 0.484045 -0.325100
v 0.541085 0.504610 -0.284122
v 0.544063 0.529389 -0.249393
v 0.537699 0.553442 -0.226140
v 0.500584 0.564000 -0.208290
v 0.475352 0.587903 -0.206553
v 0.443758 0.608957 -0.215615
v 0.411965 0.618652 -0.239280
v 0.380853 0.620724 -0.271821
v 0.350697 0.620791 -0.305822
v 0.326977 0.613535 -0.341816
v 0.310518 0.602814 -0.373992
v 0.304853 0.585634 -0.402138
v 0.309777 0.565278 -0.422338
v 0.325049 0.543233 -0.432980
v 0.350371 0.519140 -0.434855
v 0.382019 0.497975 -0.425874
v 0.417166 0.481237 -0.407332
v 0.452399 0.470511 -0.381085
v 0.483671 0.468102 -0.348788
v 0.507841 0.474413 -0.313481
v 0.520056 0.494047 -0.274823
v 0.522946 0.517051 -0.242439
v 0.516984 0.539586 -0.220655
v 0.479795 0.549537 -0.207235
v 0.456885 0.571242 -0.205658
v 0.428206 0.590341 -0.213898
v 0.400332 0.597057 -0.236903
v 0.374053 0.594803 -0.269459
v 0.346418 0.595399 -0.299942
v 0.325726 0.587036 -0.333914
v 0.310819 0.577220 -0.363188
v 0.305765 0.561434 -0.388881
v 0.309643 0.544198 -0.406315
v 0.323055 0.525133 -0.415286
v 0.346172 0.502995 -0.417179
v 0.374666 0.484284 -0.408655
v 0.405127 0.472136 -0.389601
v 0.436656 0.463367 -0.365064
v 0.464987 0.461313 -0.335642
v 0.486325 0.468318 -0.302657
v 0.497339 0.486307 -0.267439
v 0.500099 0.506909 -0.238242
v 0.494686 0.527370 -0.218462
v 0.458340 0.536471 -0.209802
v 0.438441 0.555178 -0.208616
v 0.414470 0.569571 -0.217492
v 0.390880 0.573819 -0.238779
v 0.369301 0.568932 -0.269355
v 0.344975 0.569813 -0.295736
v 0.326142 0.564074 -0.324287
v 0.313220 0.555270 -0.350036
v 0.308905 0.541258 -0.372649
v 0.312232 0.526322 -0.387793
v 0.325264 0.506911 -0.397632
v 0.345387 0.487732 -0.399162
v 0.369603 0.472825 -0.390660
v 0.395940 0.462811 -0.373568
v 0.422637 0.456952 -0.350808
v 0.447253 0.455462 -0.324870
v 0.464243 0.465072 -0.293504
v 0.473511 0.481547 -0.262175
v 0.476086 0.499213 -0.236904
v 0.471354 0.517096 -0.219616
v 0.437148 0.524278 -0.216544
v 0.421809 0.537305 -0.217393
v 0.404113 0.544588 -0.228176
v 0.384709 0.547689 -0.246184
v 0.365679 0.545918 -0.269934
v 0.345510 0.546542 -0.291942
v 0.328845 0.543891 -0.314133
v 0.318023 0.536742 -0.335414
v 0.314472 0.525018 -0.354267
v 0.318405 0.510153 -0.368637
v 0.329224 0.494047 -0.376795
v 0.345869 0.478278 -0.377940
v 0.365866 0.466163 -0.370672
v 0.388493 0.456297 -0.357585
v 0.410778 0.451231 -0.338808
v 0.431102 0.450284 -0.317035
v 0.444068 0.460701 -0.289195
v 0.450124 0.477858 -0.260634
v 0.451863 0.493383 -0.239017
v 0.447674 0.508786 -0.224255
v 0.418810 0.508917 -0.230452
v 0.407708 0.517413 -0.232246
v 0.394800 0.521443 -0.241735
v 0.380090 0.523255 -0.256068
v 0.363729 0.525380 -0.271871
v 0.347974 0.526231 -0.288601
v 0.335122 0.524144 -0.305770
v 0.326767 0.518615 -0.322212
v 0.323978 0.509657 -0.336703
v 0.327025 0.498157 -0.347815
v 0.335372 0.485735 -0.354103
v 0.348205 0.473604 -0.354953
v 0.364566 0.462325 -0.350736
v 0.381917 0.454967 -0.340437
v 0.399916 0.449404 -0.327135
v 0.415616 0.448668 -0.310322
v 0.425554 0.456875 -0.288701
v 0.430056 0.470492 -0.266376
v 0.430866 0.483604 -0.248864
v 0.427299 0.496199 -0.236955
v 0.404027 0.490241 -0.251564
v 0.395347 0.498384 -0.251069
v 0.386161 0.501966 -0.256917
v 0.375567 0.504419 -0.265786
v 0.364156 0.506442 -0.276124
v 0.353360 0.507174 -0.287400
v 0.344703 0.505561 -0.299226
v 0.339108 0.501604 -0.310558
v 0.337237 0.495449 -0.320464
v 0.339327 0.487587 -0.328053
v 0.344927 0.479304 -0.332207
v 0.353682 0.471005 -0.332816
v 0.364793 0.463380 -0.329908
v 0.377101 0.457328 -0.323657
v 0.389273 0.453707 -0.314482
v 0.400051 0.453015 -0.303176
v 0.407398 0.457377 -0.289351
v 0.411473 0.464524 -0.275698
v 0.412384 0.472696 -0.264326
v 0.410213 0.480728 -0.256613
v 0.388697 0.478088 -0.272540
v 0.384302 0.482211 -0.272289
v 0.378920 0.485561 -0.274131
v 0.372985 0.488004 -0.277748
v 0.366960 0.489550 -0.282601
v 0.361485 0.489939 -0.288296
v 0.357165 0.488993 -0.294377
v 0.354408 0.486831 -0.300229
v 0.353501 0.483632 -0.305305
v 0.354517 0.479739 -0.309083
v 0.357375 0.475498 -0.311221
v 0.361812 0.471285 -0.311537
v 0.367394 0.467517 -0.309999
v 0.373554 0.464601 -0.306727
v 0.379664 0.462876 -0.302004
v 0.385138 0.462487 -0.296308
v 0.389439 0.463476 -0.290196
v 0.392073 0.465895 -0.284157
v 0.392873 0.469319 -0.278919
v 0.391679 0.473586 -0.274868
v 0.558359 0.684883 -0.455730
v 0.372163 0.474926 -0.291286
v 0.540713 0.730065 -0.393181
v 0.535856 0.735503 -0.391788
v 0.530108 0.740159 -0.392393
v 0.524030 0.743578 -0.394934
v 0.518218 0.745425 -0.399165
v 0.513241 0.745521 -0.404670
v 0.509586 0.743854 -0.410911
v 0.507611 0.740589 -0.417277
v 0.507508 0.736045 -0.423144
v 0.509288 0.730666 -0.427940
v 0.512778 0.724981 -0.431192
v 0.517634 0.719543 -0.432585
v 0.523383 0.714887 -0.431981
v 0.529460 0.711468 -0.429439
v 0.535272 0.709621 -0.425209
v 0.540250 0.709525 -0.419704
v 0.543905 0.711192 -0.413463
v 0.545881 0.714457 -0.407097
v 0.545983 0.719001 -0.401229
v 0.544203 0.724379 -0.396434
v 0.551149 0.728975 -0.371823
v 0.541556 0.739716 -0.369072
v 0.530200 0.748913 -0.370265
v 0.518194 0.755668 -0.375286
v 0.506714 0.759317 -0.383643
v 0.496882 0.759505 -0.394518
v 0.489661 0.756213 -0.406846
v 0.485759 0.749763 -0.419421
v 0.485556 0.740787 -0.431012
v 0.489073 0.730163 -0.440484
v 0.495966 0.718931 -0.446910
v 0.505560 0.708191 -0.449661
v 0.516915 0.698993 -0.448467
v 0.528921 0.692239 -0.443447
v 0.540401 0.688589 -0.435090
v 0.550233 0.688401 -0.424215
v 0.557454 0.691693 -0.411887
v 0.561356 0.698143 -0.399312
v 0.561559 0.707119 -0.387721
v 0.558042 0.717744 -0.378249
v 0.558868 0.725480 -0.349587
v 0.544774 0.741259 -0.345545
v 0.528091 0.754771 -0.347298
v 0.510453 0.764694 -0.354674
v 0.493586 0.770056 -0.366952
v 0.479142 0.770333 -0.382928
v 0.468533 0.765496 -0.401040
v 0.462800 0.756020 -0.419515
v 0.462502 0.742833 -0.436543
v 0.467669 0.727224 -0.450459
v 0.477796 0.710723 -0.459900
v 0.491891 0.694943 -0.463941
v 0.508573 0.681431 -0.462188
v 0.526211 0.671508 -0.454812
v 0.543078 0.666146 -0.442535
v 0.557522 0.665870 -0.426558
v 0.568130 0.670707 -0.408446
v 0.573864 0.680182 -0.389971
v 0.574162 0.693370 -0.372943
v 0.568994 0.708978 -0.359027
v 0.563679 0.719664 -0.327019
v 0.545431 0.740094 -0.321786
v 0.523832 0.757588 -0.324056
v 0.500996 0.770436 -0.333606
v 0.479158 0.777378 -0.349502
v 0.460457 0.777736 -0.370187
v 0.446723 0.771474 -0.393637
v 0.439299 0.759205 -0.417556
v 0.438914 0.742131 -0.439603
v 0.445604 0.721923 -0.457620
v 0.458715 0.700558 -0.469843
v 0.476963 0.680129 -0.475075
v 0.498562 0.662634 -0.472805
v 0.521398 0.649787 -0.463255
v 0.543236 0.642845 -0.447360
v 0.561937 0.642487 -0.426674
v 0.575672 0.648749 -0.403225
v 0.583095 0.661017 -0.379306
v 0.583480 0.678092 -0.357259
v 0.576790 0.698300 -0.339242
v 0.565465 0.711673 -0.304676
v 0.543512 0.736249 -0.298381
v 0.517528 0.757295 -0.301112
v 0.490056 0.772750 -0.312601
v 0.463786 0.781102 -0.331723
v 0.441288 0.781532 -0.356607
v 0.424766 0.773999 -0.384817
v 0.415835 0.759240 -0.413592
v 0.415372 0.738700 -0.440115
v 0.423420 0.714390 -0.461789
v 0.439192 0.688688 -0.476493
v 0.461145 0.664111 -0.482788
v 0.487129 0.643065 -0.480057
v 0.514601 0.627610 -0.468568
v 0.540871 0.619259 -0.449446
v 0.563369 0.618828 -0.424562
v 0.579892 0.626361 -0.396352
v 0.588822 0.641120 -0.367577
v 0.589286 0.661660 -0.341055
v 0.581237 0.685971 -0.319380
v 0.564181 0.701701 -0.283108
v 0.539064 0.729820 -0.275906
v 0.509335 0.753899 -0.279030
v 0.477904 0.771581 -0.292175
v 0.447848 0.781137 -0.314053
v 0.422107 0.781629 -0.342524
v 0.403203 0.773010 -0.374800
v 0.392986 0.756124 -0.407721
v 0.392456 0.732624 -0.438066
v 0.401664 0.704810 -0.462864
v 0.419709 0.675404 -0.479688
v 0.444826 0.647285 -0.486890
v 0.474555 0.623206 -0.483766
v 0.505986 0.605523 -0.470621
v 0.536043 0.595968 -0.448743
v 0.561783 0.595476 -0.420272
v 0.580687 0.604094 -0.387996
v 0.590904 0.620980 -0.355074
v 0.591434 0.644481 -0.324729
v 0.582226 0.672295 -0.299931
v 0.559858 0.689995 -0.262846
v 0.532196 0.720963 -0.254914
v 0.499455 0.747483 -0.258355
v 0.464838 0.766958 -0.272832
v 0.431735 0.777481 -0.296927
v 0.403387 0.778023 -0.328283
v 0.382567 0.768531 -0.363830
v 0.371314 0.749934 -0.400088
v 0.370730 0.724052 -0.433508
v 0.380871 0.693419 -0.460819
v 0.400746 0.661033 -0.479348
v 0.428408 0.630064 -0.487280
v 0.461149 0.603545 -0.483839
v 0.495766 0.584070 -0.469362
v 0.528869 0.573547 -0.445267
v 0.557217 0.573005 -0.413911
v 0.578037 0.582497 -0.378364
v 0.589290 0.601094 -0.342106
v 0.589874 0.626976 -0.308685
v 0.579732 0.657609 -0.281374
v 0.552604 0.676843 -0.244389
v 0.523078 0.709899 -0.235922
v 0.488130 0.738206 -0.239595
v 0.451180 0.758993 -0.255047
v 0.415846 0.770225 -0.280767
v 0.385587 0.770804 -0.314236
v 0.363364 0.760673 -0.352179
v 0.351353 0.740822 -0.390880
v 0.350729 0.713195 -0.426553
v 0.361554 0.680498 -0.455705
v 0.382768 0.645929 -0.475482
v 0.412294 0.612873 -0.483949
v 0.447243 0.584567 -0.480276
v 0.484192 0.563780 -0.464823
v 0.519526 0.552547 -0.439104
v 0.549785 0.551968 -0.405635
v 0.572008 0.562100 -0.367692
v 0.584019 0.581950 -0.328990
v 0.584643 0.609577 -0.293317
v 0.573818 0.642275 -0.264166
v 0.542597 0.662569 -0.228191
v 0.511933 0.696898 -0.219398
v 0.475639 0.726295 -0.223212
v 0.437266 0.747883 -0.239260
v 0.400572 0.759548 -0.265970
v 0.369147 0.760150 -0.300728
v 0.346068 0.749627 -0.340132
v 0.333594 0.729012 -0.380325
v 0.332946 0.700322 -0.417372
v 0.344188 0.666364 -0.447646
v 0.366219 0.630464 -0.468185
v 0.396883 0.596136 -0.476978
v 0.433177 0.566739 -0.473163
v 0.471550 0.545151 -0.457116
v 0.508244 0.533485 -0.430406
v 0.539669 0.532884 -0.395647
v 0.562748 0.543406 -0.356243
v 0.575222 0.564022 -0.316051
v 0.575870 0.592712 -0.279004
v 0.564628 0.626669 -0.248730
v 0.530083 0.647525 -0.214651
v 0.499037 0.682282 -0.205749
v 0.462290 0.712045 -0.209610
v 0.423439 0.733902 -0.225858
v 0.386287 0.745713 -0.252901
v 0.354471 0.746321 -0.288093
v 0.331104 0.735668 -0.327988
v 0.318475 0.714796 -0.368681
v 0.317819 0.685748 -0.406190
v 0.329201 0.651367 -0.436842
v 0.351507 0.615020 -0.457637
v 0.382552 0.580263 -0.466539
v 0.419299 0.550500 -0.462677
v 0.458150 0.528643 -0.446430
v 0.495302 0.516832 -0.419386
v 0.527119 0.516223 -0.384195
v 0.550485 0.526877 -0.344300
v 0.563115 0.547749 -0.303606
v 0.563770 0.576797 -0.266098
v 0.552388 0.611178 -0.235446
v 0.515370 0.632080 -0.204103
v 0.484707 0.666409 -0.195310
v 0.448412 0.695806 -0.199124
v 0.410040 0.717394 -0.215172
v 0.373345 0.729059 -0.241882
v 0.341920 0.729660 -0.276640
v 0.318841 0.719138 -0.316044
v 0.306368 0.698523 -0.356237
v 0.305720 0.669833 -0.393283
v 0.316962 0.635875 -0.423558
v 0.338993 0.599975 -0.444097
v 0.369656 0.565647 -0.452890
v 0.405951 0.536250 -0.449075
v 0.444323 0.514662 -0.433028
v 0.481018 0.502996 -0.406317
v 0.512443 0.502395 -0.371559
v 0.535522 0.512917 -0.332155
v 0.547995 0.533532 -0.291963
v 0.548643 0.562223 -0.254916
v 0.537401 0.596180 -0.224642
v 0.498821 0.616616 -0.196806
v 0.469295 0.649671 -0.188339
v 0.434347 0.677978 -0.192012
v 0.397397 0.698765 -0.207464
v 0.362064 0.709998 -0.233184
v 0.331804 0.710577 -0.266653
v 0.309581 0.700445 -0.304596
v 0.297570 0.680594 -0.343297
v 0.296947 0.652968 -0.378970
v 0.307772 0.620270 -0.408122
v 0.328986 0.585701 -0.427899
v 0.358512 0.552646 -0.436366
v 0.393460 0.524339 -0.432693
v 0.430410 0.503552 -0.417240
v 0.465743 0.492319 -0.391521
v 0.496003 0.491740 -0.358052
v 0.518225 0.501872 -0.320109
v 0.530236 0.521723 -0.281407
v 0.530860 0.549349 -0.245734
v 0.520035 0.582047 -0.216583
v 0.480844 0.601512 -0.192940
v 0.453182 0.632480 -0.185008
v 0.420440 0.659000 -0.188448
v 0.385824 0.678474 -0.202925
v 0.352721 0.688998 -0.227021
v 0.324372 0.689540 -0.258377
v 0.303553 0.680048 -0.293924
v 0.292300 0.661451 -0.330182
v 0.291716 0.635569 -0.363602
v 0.301857 0.604935 -0.390913
v 0.321732 0.572550 -0.409442
v 0.349393 0.541581 -0.417374
v 0.382135 0.515062 -0.413933
v 0.416752 0.495587 -0.399456
v 0.449854 0.485063 -0.375360
v 0.478203 0.484521 -0.344004
v 0.499023 0.494013 -0.308458
v 0.510275 0.512610 -0.272200
v 0.510860 0.538493 -0.238779
v 0.500718 0.569126 -0.211468
v 0.461880 0.587141 -0.192600
v 0.436764 0.615260 -0.185398
v 0.407035 0.639339 -0.188522
v 0.375604 0.657022 -0.201667
v 0.345547 0.666577 -0.223545
v 0.319807 0.667069 -0.252016
v 0.300903 0.658450 -0.284291
v 0.290686 0.641564 -0.317213
v 0.290155 0.618064 -0.347558
v 0.299363 0.590250 -0.372356
v 0.317409 0.560844 -0.389180
v 0.342525 0.532725 -0.396382
v 0.372254 0.508646 -0.393257
v 0.403685 0.490963 -0.380113
v 0.433742 0.481408 -0.358234
v 0.459482 0.480916 -0.329764
v 0.478386 0.489534 -0.297488
v 0.488603 0.506421 -0.264566
v 0.489134 0.529921 -0.234221
v 0.479926 0.557735 -0.209423
v 0.442397 0.573857 -0.195795
v 0.420445 0.598433 -0.189500
v 0.394461 0.619479 -0.192230
v 0.366989 0.634935 -0.203719
v 0.340718 0.643286 -0.222842
v 0.318221 0.643716 -0.247726
v 0.301698 0.636183 -0.275936
v 0.292768 0.621424 -0.304711
v 0.292304 0.600884 -0.331233
v 0.300353 0.576574 -0.352907
v 0.316125 0.550872 -0.367612
v 0.338077 0.526295 -0.373906
v 0.364061 0.505249 -0.371176
v 0.391533 0.489794 -0.359687
v 0.417804 0.481443 -0.340564
v 0.440301 0.481013 -0.315680
v 0.456824 0.488546 -0.287470
v 0.465754 0.503304 -0.258695
v 0.466218 0.523844 -0.232173
v 0.458170 0.548155 -0.210499
v 0.422875 0.561986 -0.202445
v 0.404627 0.582416 -0.197212
v 0.383027 0.599910 -0.199482
v 0.360191 0.612757 -0.209032
v 0.338354 0.619700 -0.224928
v 0.319653 0.620058 -0.245613
v 0.305918 0.613796 -0.269063
v 0.298495 0.601527 -0.292982
v 0.298109 0.584453 -0.315029
v 0.304800 0.564245 -0.333046
v 0.317910 0.542880 -0.345268
v 0.336158 0.522451 -0.350501
v 0.357758 0.504956 -0.348231
v 0.380594 0.492109 -0.338681
v 0.402431 0.485167 -0.322786
v 0.421133 0.484809 -0.302101
v 0.434867 0.491071 -0.278651
v 0.442290 0.503339 -0.254732
v 0.442676 0.520414 -0.232685
v 0.435986 0.540622 -0.214668
v 0.403794 0.551822 -0.212388
v 0.389699 0.567601 -0.208346
v 0.373017 0.581113 -0.210099
v 0.355378 0.591036 -0.217476
v 0.338512 0.596398 -0.229753
v 0.324067 0.596674 -0.245730
v 0.313459 0.591838 -0.263842
v 0.307726 0.582362 -0.282316
v 0.307428 0.569175 -0.299345
v 0.312595 0.553566 -0.313260
v 0.322722 0.537065 -0.322701
v 0.336816 0.521285 -0.326743
v 0.353499 0.507773 -0.324989
v 0.371137 0.497850 -0.317613
v 0.388004 0.492488 -0.305336
v 0.402448 0.492212 -0.289359
v 0.413056 0.497049 -0.271247
v 0.418790 0.506524 -0.252773
v 0.419087 0.519712 -0.235744
v 0.413920 0.535320 -0.221828
v 0.385623 0.543614 -0.225378
v 0.376030 0.554354 -0.222627
v 0.364675 0.563552 -0.223820
v 0.352669 0.570306 -0.228841
v 0.341188 0.573955 -0.237198
v 0.331356 0.574143 -0.248073
v 0.324136 0.570852 -0.260401
v 0.320233 0.564402 -0.272976
v 0.320030 0.555425 -0.284567
v 0.323548 0.544801 -0.294038
v 0.330440 0.533569 -0.300465
v 0.340034 0.522829 -0.303216
v 0.351390 0.513631 -0.302022
v 0.363395 0.506877 -0.297001
v 0.374876 0.503227 -0.288645
v 0.384708 0.503039 -0.277770
v 0.391928 0.506331 -0.265441
v 0.395831 0.512781 -0.252867
v 0.396033 0.521758 -0.241276
v 0.392516 0.532382 -0.231804
v 0.368812 0.537564 -0.241095
v 0.363955 0.543001 -0.239702
v 0.358207 0.547657 -0.240307
v 0.352129 0.551076 -0.242848
v 0.346317 0.552924 -0.247079
v 0.341340 0.553019 -0.252584
v 0.337685 0.551353 -0.258825
v 0.335709 0.548088 -0.265191
v 0.335607 0.543544 -0.271058
v 0.337387 0.538165 -0.275853
v 0.340877 0.532479 -0.279107
v 0.345733 0.527042 -0.280499
v 0.351482 0.522386 -0.279895
v 0.357559 0.518967 -0.277353
v 0.363371 0.517119 -0.273123
v 0.368348 0.517024 -0.267618
v 0.372004 0.518691 -0.261377
v 0.373979 0.521956 -0.255011
v 0.374082 0.526500 -0.249143
v 0.372301 0.531878 -0.244348
v 0.527817 0.728723 -0.413135
v 0.353773 0.533822 -0.259153
v 0.570312 0.731124 0.369053
v 0.568893 0.732713 0.368646
v 0.567213 0.734074 0.368822
v 0.565438 0.735073 0.369565
v 0.563739 0.735613 0.370801
v 0.562285 0.735640 0.372410
v 0.561217 0.735153 0.374233
v 0.560640 0.734199 0.376094
v 0.560610 0.732872 0.377808
v 0.561130 0.731300 0.379209
v 0.562149 0.729639 0.380160
v 0.563569 0.728050 0.380567
v 0.565248 0.726689 0.380390
v 0.567024 0.725690 0.379648
v 0.568722 0.725150 0.378411
v 0.570177 0.725123 0.376803
v 0.571245 0.725609 0.374979
v 0.571822 0.726564 0.373119
v 0.571852 0.727891 0.371404
v 0.571332 0.729463 0.370003
v 0.573362 0.730806 0.362812
v 0.570559 0.733944 0.362008
v 0.567240 0.736632 0.362357
v 0.563732 0.738605 0.363824
v 0.560378 0.739672 0.366266
v 0.557505 0.739727 0.369443
v 0.555395 0.738765 0.373046
v 0.554254 0.736880 0.376720
v 0.554195 0.734257 0.380107
v 0.555223 0.731153 0.382875
v 0.557237 0.727871 0.384752
v 0.560040 0.724732 0.385556
v 0.563358 0.722045 0.385207
v 0.566867 0.720071 0.383740
v 0.570221 0.719005 0.381299
v 0.573094 0.718950 0.378121
v 0.575204 0.719912 0.374519
v 0.576344 0.721796 0.370844
v 0.576404 0.724419 0.367457
v 0.575376 0.727524 0.364689
v 0.575617 0.729784 0.356314
v 0.571499 0.734395 0.355133
v 0.566624 0.738344 0.355646
v 0.561470 0.741243 0.357801
v 0.556542 0.742810 0.361388
v 0.552321 0.742891 0.366057
v 0.549221 0.741477 0.371349
v 0.547546 0.738709 0.376747
v 0.547459 0.734855 0.381723
v 0.548969 0.730294 0.385789
v 0.551928 0.725472 0.388548
v 0.556046 0.720862 0.389729
v 0.560921 0.716913 0.389217
v 0.566075 0.714014 0.387061
v 0.571003 0.712447 0.383474
v 0.575224 0.712366 0.378805
v 0.578324 0.713779 0.373513
v 0.579999 0.716548 0.368115
v 0.580086 0.720402 0.363139
v 0.578576 0.724963 0.359073
v 0.577023 0.728085 0.349720
v 0.571691 0.734055 0.348191
v 0.565380 0.739167 0.348854
v 0.558707 0.742921 0.351645
v 0.552326 0.744949 0.356289
v 0.546861 0.745054 0.362334
v 0.542848 0.743224 0.369186
v 0.540679 0.739639 0.376175
v 0.540566 0.734650 0.382617
v 0.542521 0.728745 0.387882
v 0.546352 0.722502 0.391453
v 0.551684 0.716533 0.392982
v 0.557996 0.711421 0.392319
v 0.564668 0.707667 0.389529
v 0.571050 0.705638 0.384884
v 0.576514 0.705534 0.378840
v 0.580527 0.707364 0.371987
v 0.582696 0.710948 0.364998
v 0.582809 0.715937 0.358556
v 0.580854 0.721842 0.353291
v 0.577545 0.725750 0.343191
v 0.571130 0.732931 0.341352
v 0.563538 0.739081 0.342150
v 0.555510 0.743597 0.345507
v 0.547834 0.746037 0.351094
v 0.541260 0.746163 0.358366
v 0.536432 0.743962 0.366609
v 0.533822 0.739649 0.375017
v 0.533687 0.733648 0.382767
v 0.536039 0.726544 0.389100
v 0.540647 0.719034 0.393397
v 0.547062 0.711852 0.395236
v 0.554655 0.705703 0.394438
v 0.562682 0.701186 0.391081
v 0.570359 0.698746 0.385493
v 0.576933 0.698620 0.378222
v 0.581760 0.700822 0.369979
v 0.584370 0.705134 0.361571
v 0.584505 0.711136 0.353821
v 0.582154 0.718240 0.347488
v 0.577170 0.722836 0.336889
v 0.569830 0.731053 0.334784
v 0.561144 0.738089 0.335697
v 0.551959 0.743256 0.339538
v 0.543177 0.746048 0.345931
v 0.535655 0.746191 0.354250
v 0.530132 0.743673 0.363681
v 0.527146 0.738739 0.373301
v 0.526991 0.731872 0.382168
v 0.529681 0.723745 0.389414
v 0.534954 0.715152 0.394330
v 0.542294 0.706936 0.396435
v 0.550981 0.699899 0.395522
v 0.560165 0.694732 0.391681
v 0.568948 0.691940 0.385288
v 0.576469 0.691797 0.376969
v 0.581993 0.694315 0.367538
v 0.584978 0.699249 0.357918
v 0.585133 0.706116 0.349051
v 0.582443 0.714244 0.341805
v 0.575907 0.719416 0.330968
v 0.567824 0.728465 0.328650
v 0.558256 0.736214 0.329656
v 0.548141 0.741904 0.333886
v 0.538469 0.744980 0.340927
v 0.530185 0.745138 0.350089
v 0.524101 0.742364 0.360476
v 0.520813 0.736930 0.371071
v 0.520642 0.729367 0.380836
v 0.523606 0.720416 0.388817
v 0.529413 0.710953 0.394231
v 0.537496 0.701904 0.396549
v 0.547064 0.694155 0.395543
v 0.557179 0.688464 0.391313
v 0.566851 0.685389 0.384272
v 0.575135 0.685231 0.375110
v 0.581219 0.688004 0.364723
v 0.584507 0.693438 0.354128
v 0.584677 0.701001 0.344363
v 0.581714 0.709952 0.336382
v 0.573787 0.715573 0.325575
v 0.565159 0.725232 0.323101
v 0.554947 0.733503 0.324174
v 0.544151 0.739577 0.328689
v 0.533826 0.742859 0.336205
v 0.524984 0.743028 0.345985
v 0.518490 0.740068 0.357071
v 0.514981 0.734267 0.368380
v 0.514798 0.726195 0.378804
v 0.517961 0.716640 0.387322
v 0.524160 0.706539 0.393101
v 0.532788 0.696880 0.395575
v 0.543000 0.688609 0.394502
v 0.553797 0.682535 0.389987
v 0.564121 0.679253 0.382471
v 0.572963 0.679084 0.372692
v 0.579457 0.682044 0.361605
v 0.582967 0.687845 0.350296
v 0.583149 0.695917 0.339872
v 0.579986 0.705472 0.331354
v 0.570863 0.711402 0.320842
v 0.561903 0.721433 0.318272
v 0.551297 0.730023 0.319387
v 0.540085 0.736331 0.324076
v 0.529362 0.739739 0.331881
v 0.520180 0.739915 0.342038
v 0.513436 0.736840 0.353552
v 0.509791 0.730817 0.365296
v 0.509602 0.722433 0.376121
v 0.512887 0.712511 0.384968
v 0.519324 0.702020 0.390969
v 0.528285 0.691989 0.393538
v 0.538890 0.683399 0.392424
v 0.550103 0.677092 0.387735
v 0.560825 0.673683 0.379930
v 0.570007 0.673507 0.369773
v 0.576751 0.676582 0.358259
v 0.580396 0.682605 0.346515
v 0.580585 0.690989 0.335690
v 0.577300 0.700911 0.326843
v 0.567206 0.707006 0.316885
v 0.558135 0.717162 0.314284
v 0.547397 0.725859 0.315412
v 0.536045 0.732245 0.320160
v 0.525188 0.735697 0.328062
v 0.515892 0.735874 0.338345
v 0.509064 0.732762 0.350003
v 0.505373 0.726663 0.361894
v 0.505182 0.718175 0.372854
v 0.508508 0.708129 0.381811
v 0.515025 0.697507 0.387887
v 0.524097 0.687351 0.390488
v 0.534835 0.678654 0.389360
v 0.546187 0.672268 0.384612
v 0.557043 0.668817 0.376710
v 0.566340 0.668639 0.366427
v 0.573168 0.671752 0.354769
v 0.576858 0.677851 0.342879
v 0.577050 0.686339 0.331918
v 0.573724 0.696385 0.322962
v 0.562907 0.702493 0.313803
v 0.553947 0.712524 0.311234
v 0.543342 0.721114 0.312348
v 0.532129 0.727422 0.317037
v 0.521407 0.730830 0.324842
v 0.512224 0.731006 0.334999
v 0.505480 0.727932 0.346513
v 0.501836 0.721908 0.358257
v 0.501646 0.713524 0.369083
v 0.504931 0.703602 0.377929
v 0.511369 0.693111 0.383930
v 0.520329 0.683080 0.386500
v 0.530934 0.674491 0.385385
v 0.542147 0.668183 0.380696
v 0.552869 0.664774 0.372891
v 0.562052 0.664598 0.362735
v 0.568795 0.667673 0.351221
v 0.572440 0.673697 0.339476
v 0.572630 0.682080 0.328651
v 0.569345 0.692003 0.319805
v 0.558071 0.697974 0.311671
v 0.549444 0.707633 0.309197
v 0.539232 0.715904 0.310270
v 0.528435 0.721978 0.314785
v 0.518110 0.725261 0.322301
v 0.509268 0.725430 0.332081
v 0.502775 0.722469 0.343168
v 0.499265 0.716669 0.354476
v 0.499083 0.708596 0.364900
v 0.502246 0.699042 0.373418
v 0.508444 0.688940 0.379197
v 0.517072 0.679282 0.381671
v 0.527284 0.671010 0.380598
v 0.538081 0.664936 0.376083
v 0.548406 0.661654 0.368567
v 0.557248 0.661485 0.358788
v 0.563741 0.664445 0.347701
v 0.567251 0.670246 0.336392
v 0.567433 0.678318 0.325968
v 0.564270 0.687873 0.317450
v 0.552818 0.693560 0.310541
v 0.544735 0.702609 0.308223
v 0.535168 0.710359 0.309229
v 0.525053 0.716049 0.313459
v 0.515380 0.719124 0.320500
v 0.507097 0.719283 0.329662
v 0.501013 0.716509 0.340049
v 0.497725 0.711075 0.350644
v 0.497554 0.703512 0.360410
v 0.500518 0.694561 0.368390
v 0.506325 0.685098 0.373804
v 0.514408 0.676048 0.376122
v 0.523975 0.668299 0.375116
v 0.534090 0.662609 0.370886
v 0.543763 0.659534 0.363845
v 0.552047 0.659375 0.354683
v 0.558130 0.662149 0.344296
v 0.561418 0.667583 0.333701
v 0.561589 0.675146 0.323936
v 0.558626 0.684097 0.315955
v 0.547277 0.689361 0.310442
v 0.539938 0.697578 0.308337
v 0.531251 0.704614 0.309250
v 0.522067 0.709781 0.313091
v 0.513284 0.712573 0.319484
v 0.505763 0.712717 0.327803
v 0.500239 0.710198 0.337235
v 0.497253 0.705264 0.346855
v 0.497098 0.698397 0.355721
v 0.499789 0.690270 0.362967
v 0.505062 0.681677 0.367883
v 0.512401 0.673461 0.369988
v 0.521088 0.666425 0.369075
v 0.530272 0.661258 0.365234
v 0.539055 0.658466 0.358841
v 0.546576 0.658322 0.350522
v 0.552100 0.660840 0.341091
v 0.555086 0.665774 0.331471
v 0.555241 0.672641 0.322604
v 0.552550 0.680769 0.315358
v 0.541584 0.685479 0.311375
v 0.535169 0.692661 0.309536
v 0.527577 0.698811 0.310334
v 0.519549 0.703327 0.313691
v 0.511873 0.705767 0.319279
v 0.505299 0.705893 0.326550
v 0.500471 0.703692 0.334793
v 0.497862 0.699379 0.343201
v 0.497726 0.693377 0.350951
v 0.500078 0.686273 0.357285
v 0.504687 0.678763 0.361581
v 0.511101 0.671582 0.363421
v 0.518694 0.665432 0.362623
v 0.526721 0.660916 0.359266
v 0.534398 0.658476 0.353678
v 0.540971 0.658350 0.346407
v 0.545800 0.660551 0.338163
v 0.548409 0.664864 0.329755
v 0.548545 0.670866 0.322005
v 0.546193 0.677969 0.315672
v 0.535879 0.682011 0.313319
v 0.530547 0.687981 0.311790
v 0.524236 0.693093 0.312453
v 0.517563 0.696847 0.315244
v 0.511182 0.698875 0.319888
v 0.505717 0.698980 0.325933
v 0.501704 0.697150 0.332785
v 0.499535 0.693565 0.339774
v 0.499423 0.688576 0.346216
v 0.501377 0.682671 0.351481
v 0.505208 0.676428 0.355052
v 0.510540 0.670458 0.356581
v 0.516852 0.665347 0.355918
v 0.523525 0.661592 0.353127
v 0.529906 0.659564 0.348483
v 0.535370 0.659460 0.342438
v 0.539384 0.661289 0.335586
v 0.541553 0.664874 0.328597
v 0.541665 0.669863 0.322155
v 0.539710 0.675768 0.316890
v 0.530304 0.679041 0.316224
v 0.526185 0.683652 0.315043
v 0.521311 0.687600 0.315555
v 0.516157 0.690499 0.317711
v 0.511228 0.692066 0.321298
v 0.507008 0.692147 0.325967
v 0.503908 0.690734 0.331259
v 0.502232 0.687965 0.336657
v 0.502145 0.684111 0.341633
v 0.503655 0.679551 0.345699
v 0.506614 0.674729 0.348458
v 0.510733 0.670118 0.349639
v 0.515608 0.666170 0.349127
v 0.520761 0.663270 0.346971
v 0.525690 0.661703 0.343384
v 0.529911 0.661623 0.338715
v 0.533010 0.663036 0.333423
v 0.534686 0.665805 0.328025
v 0.534773 0.669658 0.323049
v 0.533263 0.674219 0.318983
v 0.524995 0.676642 0.320020
v 0.522191 0.679781 0.319216
v 0.518873 0.682468 0.319565
v 0.515365 0.684442 0.321032
v 0.512010 0.685508 0.323474
v 0.509137 0.685563 0.326651
v 0.507027 0.684601 0.330254
v 0.505887 0.682717 0.333928
v 0.505828 0.680094 0.337315
v 0.506856 0.676989 0.340083
v 0.508870 0.673707 0.341960
v 0.511673 0.670569 0.342764
v 0.514991 0.667881 0.342416
v 0.518499 0.665908 0.340948
v 0.521854 0.664841 0.338507
v 0.524727 0.664786 0.335329
v 0.526837 0.665748 0.331727
v 0.527977 0.667633 0.328052
v 0.528036 0.670256 0.324665
v 0.527008 0.673360 0.321897
v 0.520082 0.674875 0.324612
v 0.518663 0.676463 0.324205
v 0.516983 0.677824 0.324382
v 0.515207 0.678823 0.325125
v 0.513509 0.679363 0.326361
v 0.512055 0.679391 0.327970
v 0.510987 0.678904 0.329793
v 0.510409 0.677950 0.331653
v 0.510379 0.676622 0.333368
v 0.510899 0.675050 0.334769
v 0.511919 0.673389 0.335720
v 0.513338 0.671800 0.336126
v 0.515018 0.670440 0.335950
v 0.516794 0.669440 0.335207
v 0.518492 0.668901 0.333971
v 0.519947 0.668873 0.332362
v 0.521015 0.669360 0.330539
v 0.521592 0.670314 0.328679
v 0.521622 0.671642 0.326964
v 0.521102 0.673213 0.325563
v 0.566544 0.730732 0.374883
v 0.515688 0.673781 0.329889
v 0.509579 0.798373 0.326932
v 0.505036 0.803908 0.326235
v 0.498986 0.809516 0.326887
v 0.492345 0.813744 0.329364
v 0.487134 0.813581 0.335461
v 0.483271 0.810169 0.343700
v 0.480583 0.804941 0.352445
v 0.479165 0.799422 0.360450
v 0.478725 0.794422 0.366403
v 0.479354 0.790778 0.369703
v 0.481581 0.787715 0.370906
v 0.485012 0.785999 0.369608
v 0.489725 0.784680 0.366619
v 0.495034 0.784248 0.361909
v 0.500771 0.783621 0.356552
v 0.506534 0.782344 0.351354
v 0.511531 0.781221 0.346436
v 0.514656 0.782150 0.341237
v 0.515347 0.785696 0.335853
v 0.513510 0.791423 0.330800
v 0.526911 0.778487 0.314567
v 0.518978 0.790530 0.314122
v 0.505309 0.806841 0.312463
v 0.490802 0.819531 0.314951
v 0.478836 0.823967 0.324192
v 0.470549 0.817772 0.339631
v 0.463970 0.805547 0.355879
v 0.460970 0.793768 0.371648
v 0.459499 0.784533 0.382610
v 0.461060 0.776398 0.389668
v 0.466589 0.767507 0.393865
v 0.474385 0.761300 0.392993
v 0.483202 0.759729 0.386335
v 0.492470 0.762533 0.374948
v 0.503321 0.763009 0.363492
v 0.514970 0.759434 0.353727
v 0.525857 0.754105 0.345758
v 0.532733 0.754300 0.336595
v 0.534206 0.761488 0.326044
v 0.532100 0.769955 0.318316
v 0.541916 0.761341 0.300849
v 0.527382 0.778825 0.297047
v 0.511595 0.800130 0.299898
v 0.490814 0.821338 0.303632
v 0.473150 0.829354 0.316816
v 0.459338 0.821774 0.337381
v 0.445640 0.807582 0.356028
v 0.441627 0.789669 0.379755
v 0.440237 0.777095 0.396516
v 0.443670 0.765149 0.408146
v 0.449202 0.754554 0.410950
v 0.459370 0.745552 0.408221
v 0.472795 0.740571 0.399494
v 0.486272 0.742936 0.382962
v 0.502118 0.743368 0.366078
v 0.521076 0.733788 0.354640
v 0.536720 0.728953 0.341946
v 0.549073 0.728848 0.331058
v 0.555101 0.735993 0.320520
v 0.551683 0.747724 0.308948
v 0.556678 0.747505 0.288806
v 0.536276 0.770570 0.282040
v 0.515260 0.795860 0.285552
v 0.488464 0.820291 0.291111
v 0.464691 0.829792 0.307355
v 0.447313 0.818910 0.334752
v 0.431519 0.801162 0.360922
v 0.425988 0.782226 0.390418
v 0.424588 0.768763 0.412001
v 0.427746 0.754404 0.425411
v 0.433794 0.741417 0.427660
v 0.446671 0.728111 0.424138
v 0.462187 0.720011 0.411102
v 0.479825 0.720618 0.390397
v 0.498039 0.724702 0.365282
v 0.524596 0.710065 0.353149
v 0.549960 0.701211 0.342893
v 0.563859 0.707130 0.325268
v 0.572770 0.715658 0.312994
v 0.569090 0.730359 0.298936
v 0.566512 0.732807 0.274844
v 0.541752 0.761422 0.266293
v 0.509853 0.795284 0.262497
v 0.477361 0.819863 0.269861
v 0.450256 0.827319 0.291851
v 0.432025 0.815325 0.327556
v 0.417661 0.792227 0.364524
v 0.409804 0.774559 0.397655
v 0.406934 0.759170 0.422144
v 0.410718 0.741905 0.438259
v 0.420867 0.724403 0.444523
v 0.434452 0.709642 0.437925
v 0.454079 0.696495 0.423986
v 0.474332 0.698017 0.397850
v 0.491852 0.709408 0.361478
v 0.524509 0.691696 0.347687
v 0.559094 0.676680 0.340735
v 0.577012 0.683019 0.321013
v 0.584355 0.695485 0.302066
v 0.580103 0.713055 0.285371
v 0.566693 0.720282 0.253806
v 0.538016 0.754093 0.243423
v 0.499467 0.793916 0.236590
v 0.464736 0.815096 0.249109
v 0.433544 0.823349 0.274123
v 0.410483 0.814420 0.311577
v 0.398491 0.787452 0.358903
v 0.388317 0.767700 0.395404
v 0.383723 0.750949 0.421799
v 0.389136 0.730488 0.441579
v 0.403922 0.708389 0.452678
v 0.423526 0.688846 0.450159
v 0.447644 0.672716 0.436271
v 0.468885 0.676403 0.403840
v 0.487906 0.690840 0.360810
v 0.526450 0.669184 0.346618
v 0.565449 0.651332 0.338165
v 0.582371 0.660923 0.311170
v 0.586997 0.677654 0.284814
v 0.581583 0.698115 0.265034
v 0.562510 0.706780 0.232768
v 0.530457 0.745003 0.220615
v 0.488268 0.788302 0.213496
v 0.452095 0.807193 0.230472
v 0.417373 0.816844 0.257501
v 0.390748 0.809498 0.296893
v 0.376853 0.781614 0.347892
v 0.365936 0.759256 0.388532
v 0.360876 0.740807 0.417602
v 0.366838 0.718272 0.439386
v 0.383238 0.693858 0.451752
v 0.408469 0.669955 0.453488
v 0.439009 0.649591 0.443119
v 0.461879 0.655249 0.406503
v 0.485502 0.667572 0.362789
v 0.525931 0.647208 0.344224
v 0.560645 0.636343 0.324029
v 0.579812 0.641382 0.295988
v 0.584871 0.659831 0.266917
v 0.578909 0.682365 0.245133
v 0.555062 0.691980 0.213480
v 0.520513 0.733485 0.199995
v 0.476073 0.778457 0.193303
v 0.438467 0.796511 0.212956
v 0.401406 0.806813 0.241807
v 0.372178 0.800667 0.282622
v 0.356610 0.772450 0.335932
v 0.345159 0.748161 0.379619
v 0.339759 0.728469 0.410649
v 0.346122 0.704416 0.433901
v 0.363627 0.678356 0.447100
v 0.390559 0.652842 0.448954
v 0.424283 0.630369 0.439280
v 0.450740 0.635723 0.402600
v 0.478645 0.644645 0.359766
v 0.515243 0.635317 0.330207
v 0.547713 0.628046 0.302709
v 0.573529 0.622175 0.280961
v 0.578930 0.641868 0.249931
v 0.572566 0.665921 0.226679
v 0.544532 0.676249 0.196417
v 0.508454 0.719770 0.182110
v 0.464750 0.761335 0.178897
v 0.424167 0.783292 0.196975
v 0.385678 0.793990 0.226937
v 0.354867 0.788570 0.268624
v 0.338275 0.760158 0.323339
v 0.326499 0.734690 0.368886
v 0.320890 0.714239 0.401111
v 0.327499 0.689259 0.425259
v 0.345678 0.662196 0.438966
v 0.373648 0.635699 0.440891
v 0.406496 0.616927 0.427524
v 0.435250 0.619804 0.391382
v 0.465893 0.625576 0.349439
v 0.500488 0.623054 0.313531
v 0.536694 0.610284 0.288770
v 0.563711 0.603755 0.266497
v 0.569319 0.624206 0.234273
v 0.562711 0.649185 0.210125
v 0.531180 0.659972 0.182001
v 0.498943 0.695027 0.174068
v 0.455373 0.735683 0.171853
v 0.409548 0.767860 0.182922
v 0.370580 0.778692 0.213258
v 0.339237 0.773513 0.255239
v 0.322300 0.745038 0.310425
v 0.310414 0.719173 0.356597
v 0.304736 0.698467 0.389223
v 0.311427 0.673176 0.413672
v 0.329832 0.645776 0.427551
v 0.358151 0.618948 0.429500
v 0.391402 0.599956 0.415956
v 0.420063 0.603816 0.378674
v 0.451794 0.608178 0.337287
v 0.486788 0.605692 0.300881
v 0.523178 0.593325 0.275403
v 0.550598 0.586575 0.252955
v 0.556276 0.607281 0.220328
v 0.549585 0.632572 0.195879
v 0.515334 0.643552 0.170585
v 0.487364 0.670049 0.168660
v 0.442601 0.713837 0.163831
v 0.394969 0.750595 0.171143
v 0.356481 0.761294 0.201105
v 0.325669 0.755873 0.242792
v 0.309077 0.727462 0.297507
v 0.297301 0.701993 0.343054
v 0.291692 0.681542 0.375279
v 0.298301 0.656563 0.399427
v 0.316480 0.629500 0.413134
v 0.344450 0.603002 0.415059
v 0.378883 0.580050 0.404282
v 0.405739 0.586323 0.365360
v 0.435699 0.593531 0.322373
v 0.472312 0.586335 0.289634
v 0.507496 0.577588 0.262937
v 0.534513 0.571058 0.240665
v 0.540122 0.591509 0.208441
v 0.533513 0.616489 0.184293
v 0.497385 0.627392 0.162451
v 0.470452 0.652906 0.160598
v 0.427548 0.694655 0.156250
v 0.381102 0.731268 0.162404
v 0.343729 0.742225 0.190779
v 0.314501 0.736079 0.231593
v 0.298871 0.707903 0.284827
v 0.286584 0.684160 0.327478
v 0.281492 0.664266 0.358890
v 0.288446 0.639828 0.382873
v 0.305360 0.614154 0.395341
v 0.330578 0.589760 0.395070
v 0.359424 0.570476 0.379356
v 0.384867 0.576493 0.341418
v 0.412621 0.585514 0.298398
v 0.452498 0.568611 0.273985
v 0.493786 0.553138 0.257896
v 0.515853 0.557587 0.229932
v 0.521253 0.577279 0.198903
v 0.514890 0.601332 0.175651
v 0.477774 0.611890 0.157800
v 0.452542 0.635793 0.156063
v 0.412682 0.674202 0.152502
v 0.371990 0.702581 0.162576
v 0.332638 0.721954 0.182533
v 0.306012 0.714608 0.221925
v 0.288010 0.689410 0.267836
v 0.273148 0.669630 0.303590
v 0.268896 0.650653 0.333660
v 0.278038 0.626040 0.359383
v 0.291257 0.603704 0.367810
v 0.315001 0.580773 0.367704
v 0.339135 0.564597 0.349400
v 0.363676 0.569259 0.314834
v 0.387864 0.581150 0.271833
v 0.428025 0.559940 0.253140
v 0.472997 0.538179 0.246488
v 0.494923 0.546592 0.220830
v 0.500136 0.564941 0.191950
v 0.494174 0.587476 0.170166
v 0.456985 0.597428 0.156745
v 0.434075 0.619132 0.155168
v 0.401993 0.645377 0.158211
v 0.365134 0.670957 0.167494
v 0.324016 0.699858 0.177388
v 0.298779 0.695418 0.211534
v 0.277836 0.674679 0.247698
v 0.261603 0.655962 0.277277
v 0.257498 0.638891 0.304279
v 0.267600 0.615366 0.329866
v 0.277802 0.596263 0.335287
v 0.301071 0.574324 0.337308
v 0.323348 0.561980 0.320624
v 0.346592 0.564986 0.290548
v 0.369076 0.575205 0.252199
v 0.407216 0.552557 0.237757
v 0.446536 0.534495 0.229701
v 0.470489 0.539490 0.211415
v 0.477289 0.554799 0.187752
v 0.471876 0.575260 0.167973
v 0.435530 0.584361 0.159313
v 0.415506 0.603332 0.157934
v 0.389020 0.620963 0.163378
v 0.355615 0.647001 0.169438
v 0.318854 0.674618 0.176704
v 0.291376 0.679530 0.198788
v 0.271231 0.662705 0.228098
v 0.257174 0.642892 0.254786
v 0.254976 0.624435 0.280631
v 0.263988 0.603754 0.303222
v 0.272722 0.587177 0.307733
v 0.290929 0.572022 0.306335
v 0.310276 0.567336 0.290398
v 0.330793 0.569540 0.264419
v 0.355686 0.567469 0.238904
v 0.390044 0.545528 0.227842
v 0.422939 0.531616 0.218797
v 0.444773 0.535395 0.203926
v 0.453189 0.547160 0.186306
v 0.448544 0.564987 0.169126
v 0.412940 0.573664 0.164206
v 0.393267 0.591412 0.159311
v 0.368136 0.608105 0.159976
v 0.341807 0.627761 0.167006
v 0.312088 0.652638 0.173592
v 0.284900 0.664166 0.185647
v 0.265844 0.654262 0.206635
v 0.257990 0.632736 0.234074
v 0.256537 0.616607 0.256131
v 0.260217 0.602273 0.270115
v 0.271013 0.586215 0.278237
v 0.285417 0.575152 0.275960
v 0.299828 0.574765 0.260160
v 0.317099 0.576143 0.238895
v 0.343052 0.563376 0.225720
v 0.373342 0.541505 0.219167
v 0.399039 0.532065 0.209398
v 0.417455 0.535032 0.197367
v 0.426836 0.543252 0.185675
v 0.424566 0.557030 0.173365
v 0.385089 0.568660 0.165505
v 0.367786 0.583747 0.159111
v 0.346024 0.601721 0.156007
v 0.325847 0.618560 0.161282
v 0.305309 0.635727 0.169454
v 0.281630 0.647778 0.175167
v 0.265686 0.644059 0.189236
v 0.259288 0.630242 0.209501
v 0.258467 0.617152 0.226996
v 0.260440 0.607905 0.236470
v 0.267665 0.597841 0.241043
v 0.279033 0.588785 0.239656
v 0.292098 0.584426 0.230406
v 0.308224 0.579640 0.218236
v 0.329910 0.566336 0.210565
v 0.352982 0.550122 0.205010
v 0.373535 0.540610 0.198689
v 0.389150 0.538446 0.191827
v 0.396362 0.544818 0.182755
v 0.396298 0.554356 0.175339
v 0.352014 0.575250 0.161303
v 0.341451 0.584228 0.158556
v 0.327605 0.596988 0.157409
v 0.312849 0.611040 0.159350
v 0.298529 0.622890 0.164502
v 0.284315 0.630143 0.170691
v 0.271704 0.631117 0.177618
v 0.265623 0.625841 0.188675
v 0.264599 0.617909 0.199872
v 0.266354 0.610749 0.206951
v 0.271311 0.603815 0.210124
v 0.279233 0.597266 0.209460
v 0.290065 0.590228 0.206125
v 0.302612 0.583672 0.200241
v 0.317602 0.574136 0.195369
v 0.333266 0.563184 0.191526
v 0.348250 0.554136 0.188839
v 0.358840 0.551533 0.184351
v 0.362432 0.557227 0.176446
v 0.359241 0.566088 0.167437
v 0.322187 0.587809 0.161284
v 0.318193 0.591995 0.161464
v 0.312358 0.597571 0.162361
v 0.303649 0.604777 0.161952
v 0.296075 0.610334 0.164288
v 0.290171 0.613340 0.168985
v 0.284385 0.614686 0.172985
v 0.280285 0.613756 0.177103
v 0.278689 0.610980 0.181330
v 0.279510 0.607171 0.184875
v 0.282389 0.602885 0.187046
v 0.286819 0.598688 0.187351
v 0.292632 0.594433 0.186166
v 0.299680 0.589654 0.184250
v 0.307391 0.584568 0.181971
v 0.314869 0.579972 0.179336
v 0.321039 0.577036 0.176079
v 0.324945 0.576784 0.171982
v 0.326023 0.579626 0.167168
v 0.324205 0.585202 0.162164
v 0.496068 0.798523 0.348366
v 0.298534 0.599466 0.169182
v 0.572977 0.684670 0.419879
v 0.568539 0.688881 0.419563
v 0.563075 0.692403 0.421282
v 0.557018 0.695103 0.424710
v 0.550836 0.696979 0.429324
v 0.545182 0.697745 0.434745
v 0.540702 0.697134 0.440582
v 0.537846 0.695180 0.446283
v 0.536901 0.692060 0.451301
v 0.537885 0.688236 0.455029
v 0.540549 0.684400 0.456872
v 0.544698 0.680795 0.456747
v 0.550070 0.677465 0.454889
v 0.556516 0.673949 0.452054
v 0.562826 0.671806 0.447634
v 0.568359 0.671293 0.442030
v 0.572603 0.672400 0.435832
v 0.575721 0.673803 0.430532
v 0.576871 0.676494 0.425826
v 0.575897 0.680297 0.422113
v 0.583082 0.685782 0.395315
v 0.574351 0.694030 0.394744
v 0.564092 0.699865 0.398954
v 0.552845 0.703690 0.406824
v 0.541106 0.706401 0.416662
v 0.530002 0.707779 0.427468
v 0.521302 0.706258 0.439228
v 0.515770 0.702169 0.450656
v 0.513954 0.695899 0.460644
v 0.515736 0.688682 0.467764
v 0.520668 0.681802 0.470899
v 0.528506 0.675429 0.470106
v 0.539165 0.668754 0.466507
v 0.551187 0.663302 0.459820
v 0.563666 0.659036 0.451114
v 0.574489 0.658248 0.439879
v 0.583359 0.659414 0.428378
v 0.588675 0.663955 0.416620
v 0.590356 0.670509 0.406425
v 0.588846 0.677154 0.399721
v 0.589126 0.686723 0.368058
v 0.576894 0.697590 0.368127
v 0.562058 0.705668 0.374672
v 0.546252 0.709781 0.387331
v 0.529450 0.712832 0.402460
v 0.513270 0.714577 0.418540
v 0.500549 0.712213 0.435911
v 0.492608 0.705815 0.452985
v 0.489315 0.697915 0.466706
v 0.491175 0.688906 0.476007
v 0.498777 0.678051 0.481155
v 0.510678 0.667875 0.480582
v 0.525698 0.659411 0.474318
v 0.543338 0.651448 0.464459
v 0.561657 0.645213 0.451646
v 0.577591 0.643984 0.435191
v 0.590202 0.646579 0.417653
v 0.597501 0.654326 0.399598
v 0.599727 0.664466 0.384247
v 0.596551 0.676238 0.372936
v 0.592105 0.685065 0.340525
v 0.576612 0.698414 0.341141
v 0.558083 0.707446 0.350651
v 0.536950 0.714176 0.366019
v 0.516279 0.715853 0.387261
v 0.495622 0.717498 0.408526
v 0.479091 0.714568 0.430921
v 0.467557 0.708912 0.451116
v 0.462937 0.699435 0.468334
v 0.465182 0.688113 0.480127
v 0.474920 0.674275 0.486635
v 0.491142 0.659397 0.487133
v 0.511443 0.646644 0.480328
v 0.534425 0.636030 0.467785
v 0.557922 0.628421 0.450858
v 0.578757 0.626400 0.429866
v 0.594505 0.630978 0.406274
v 0.603407 0.642157 0.382061
v 0.605265 0.657434 0.360624
v 0.601375 0.672210 0.346319
v 0.591831 0.681089 0.313223
v 0.573899 0.695666 0.315040
v 0.550721 0.708395 0.325127
v 0.525255 0.716583 0.343548
v 0.501156 0.716986 0.370276
v 0.476171 0.719249 0.395652
v 0.456104 0.716101 0.422318
v 0.441649 0.710516 0.445726
v 0.435567 0.700214 0.465640
v 0.439302 0.684421 0.481407
v 0.451871 0.665983 0.490539
v 0.471845 0.647117 0.491841
v 0.496919 0.630409 0.484649
v 0.524798 0.617154 0.469914
v 0.552840 0.608473 0.449207
v 0.578114 0.605602 0.424274
v 0.597343 0.610510 0.396327
v 0.607867 0.624351 0.366914
v 0.609364 0.644277 0.340000
v 0.603915 0.663669 0.321614
v 0.589530 0.672336 0.288682
v 0.567719 0.691732 0.288784
v 0.540618 0.707517 0.299436
v 0.511921 0.715962 0.321182
v 0.483804 0.717568 0.350931
v 0.454824 0.720985 0.379361
v 0.431682 0.717766 0.409592
v 0.415788 0.710023 0.437358
v 0.410077 0.695617 0.462047
v 0.415475 0.675188 0.481803
v 0.430366 0.653021 0.493031
v 0.453276 0.631317 0.494608
v 0.481963 0.612201 0.486379
v 0.513619 0.597543 0.469151
v 0.545735 0.587542 0.445510
v 0.574690 0.584176 0.417042
v 0.597017 0.589105 0.385567
v 0.609822 0.603334 0.353084
v 0.611377 0.626465 0.322048
v 0.604393 0.650225 0.299869
v 0.585320 0.658889 0.267602
v 0.560088 0.682793 0.265866
v 0.528879 0.703037 0.275517
v 0.497308 0.712264 0.299522
v 0.465632 0.715523 0.331200
v 0.433723 0.719270 0.362524
v 0.408317 0.715555 0.395943
v 0.392275 0.703956 0.428756
v 0.387215 0.685507 0.457826
v 0.393177 0.662973 0.479611
v 0.409577 0.638559 0.491976
v 0.434808 0.614655 0.493713
v 0.466403 0.593602 0.484650
v 0.501267 0.577459 0.465676
v 0.536673 0.566369 0.439693
v 0.568407 0.562992 0.408101
v 0.592980 0.568454 0.373411
v 0.606029 0.586338 0.336026
v 0.608919 0.609342 0.303643
v 0.601719 0.634475 0.279968
v 0.577871 0.644090 0.248314
v 0.550939 0.669605 0.246461
v 0.517215 0.692077 0.256134
v 0.483372 0.702230 0.281535
v 0.448896 0.707104 0.314334
v 0.415147 0.710451 0.348243
v 0.388382 0.705745 0.384453
v 0.371498 0.692862 0.419844
v 0.366098 0.673169 0.450873
v 0.372462 0.649116 0.474125
v 0.389966 0.623057 0.487324
v 0.416898 0.597542 0.489178
v 0.450622 0.575069 0.479505
v 0.487836 0.557839 0.459252
v 0.525652 0.545954 0.431553
v 0.559417 0.542572 0.397669
v 0.585569 0.548565 0.360523
v 0.598762 0.569199 0.319495
v 0.601740 0.593977 0.284766
v 0.595376 0.618030 0.261513
v 0.567342 0.628359 0.231252
v 0.539372 0.654856 0.229327
v 0.504349 0.678194 0.239373
v 0.469266 0.688606 0.265849
v 0.433169 0.694282 0.299464
v 0.398451 0.697064 0.335184
v 0.370759 0.691958 0.372947
v 0.352838 0.679390 0.409111
v 0.347229 0.658939 0.441335
v 0.353838 0.633960 0.465483
v 0.372017 0.606897 0.479191
v 0.399987 0.580399 0.481116
v 0.435009 0.557061 0.471070
v 0.473657 0.539167 0.450037
v 0.512941 0.526798 0.421290
v 0.547947 0.523412 0.386009
v 0.575170 0.529504 0.347528
v 0.589100 0.550450 0.305271
v 0.592129 0.576316 0.269107
v 0.585521 0.601295 0.244960
v 0.553990 0.612082 0.216836
v 0.525671 0.638910 0.214887
v 0.490212 0.662539 0.225058
v 0.454711 0.673039 0.251894
v 0.418071 0.678983 0.285785
v 0.383077 0.681469 0.322190
v 0.354902 0.676589 0.360214
v 0.336753 0.663873 0.396821
v 0.331075 0.643168 0.429448
v 0.337766 0.617877 0.453897
v 0.356171 0.590476 0.467775
v 0.384490 0.563649 0.469724
v 0.419949 0.540020 0.459553
v 0.459078 0.521902 0.438257
v 0.498856 0.509371 0.409158
v 0.534279 0.505983 0.373408
v 0.561860 0.512111 0.334477
v 0.576040 0.533159 0.291809
v 0.579086 0.559391 0.255163
v 0.572395 0.584682 0.230714
v 0.538144 0.595662 0.205420
v 0.510174 0.622159 0.203495
v 0.475151 0.645497 0.213541
v 0.440068 0.655909 0.240016
v 0.403972 0.661585 0.273632
v 0.369409 0.664041 0.309589
v 0.341561 0.659261 0.347115
v 0.323640 0.646694 0.383278
v 0.318032 0.626243 0.415503
v 0.324640 0.601263 0.439651
v 0.342819 0.574200 0.453358
v 0.370789 0.547702 0.455283
v 0.405812 0.524365 0.445238
v 0.444459 0.506470 0.424204
v 0.483743 0.494101 0.395458
v 0.518749 0.490715 0.360177
v 0.545972 0.496807 0.321696
v 0.559902 0.517753 0.279439
v 0.562931 0.543619 0.243275
v 0.556323 0.568599 0.219127
v 0.520195 0.579502 0.197286
v 0.493262 0.605016 0.195433
v 0.459539 0.627489 0.205106
v 0.425696 0.637642 0.230507
v 0.391220 0.642516 0.263306
v 0.358069 0.644607 0.298129
v 0.331609 0.639259 0.334805
v 0.314325 0.627216 0.369585
v 0.308608 0.608187 0.400131
v 0.314785 0.584528 0.423097
v 0.332289 0.558468 0.436296
v 0.359222 0.532954 0.438150
v 0.392945 0.510481 0.428477
v 0.430412 0.492719 0.408610
v 0.468135 0.481030 0.380769
v 0.501740 0.477983 0.346641
v 0.527860 0.484045 0.309445
v 0.541085 0.504610 0.268467
v 0.544063 0.529389 0.233738
v 0.537699 0.553442 0.210485
v 0.500584 0.564000 0.192635
v 0.475352 0.587903 0.190898
v 0.443758 0.608957 0.199960
v 0.411965 0.618652 0.223624
v 0.380853 0.620724 0.256166
v 0.350697 0.620791 0.290167
v 0.326977 0.613535 0.326161
v 0.310518 0.602814 0.358336
v 0.304853 0.585634 0.386483
v 0.309777 0.565278 0.406683
v 0.325049 0.543233 0.417325
v 0.350371 0.519140 0.419199
v 0.382019 0.497975 0.410219
v 0.417166 0.481237 0.391677
v 0.452399 0.470511 0.365430
v 0.483671 0.468102 0.333133
v 0.507841 0.474413 0.297826
v 0.520056 0.494047 0.259168
v 0.522946 0.517051 0.226784
v 0.516984 0.539586 0.205000
v 0.479795 0.549537 0.191579
v 0.456885 0.571242 0.190003
v 0.428206 0.590341 0.198243
v 0.400332 0.597057 0.221248
v 0.374053 0.594803 0.253804
v 0.346418 0.595399 0.284287
v 0.325726 0.587036 0.318259
v 0.310819 0.577220 0.347533
v 0.305765 0.561434 0.373226
v 0.309643 0.544198 0.390660
v 0.323055 0.525133 0.399630
v 0.346172 0.502995 0.401523
v 0.374666 0.484284 0.393000
v 0.405127 0.472136 0.373946
v 0.436656 0.463367 0.349408
v 0.464987 0.461313 0.319987
v 0.486325 0.468318 0.287002
v 0.497339 0.486307 0.251784
v 0.500099 0.506909 0.222587
v 0.494686 0.527370 0.202807
v 0.458340 0.536471 0.194147
v 0.438441 0.555178 0.192961
v 0.414470 0.569571 0.201837
v 0.390880 0.573819 0.223123
v 0.369301 0.568932 0.253700
v 0.344975 0.569813 0.280081
v 0.326142 0.564074 0.308632
v 0.313220 0.555270 0.334381
v 0.308905 0.541258 0.356994
v 0.312232 0.526322 0.372138
v 0.325264 0.506911 0.381977
v 0.345387 0.487732 0.383507
v 0.369603 0.472825 0.375005
v 0.395940 0.462811 0.357913
v 0.422637 0.456952 0.335153
v 0.447253 0.455462 0.309215
v 0.464243 0.465072 0.277849
v 0.473511 0.481547 0.246519
v 0.476086 0.499213 0.221249
v 0.471354 0.517096 0.203961
v 0.437148 0.524278 0.200889
v 0.421809 0.537305 0.201738
v 0.404113 0.544588 0.212521
v 0.384709 0.547689 0.230529
v 0.365679 0.545918 0.254279
v 0.345510 0.546542 0.276287
v 0.328845 0.543891 0.298478
v 0.318023 0.536742 0.319759
v 0.314472 0.525018 0.338611
v 0.318405 0.510153 0.352982
v 0.329224 0.494047 0.361140
v 0.345869 0.478278 0.362285
v 0.365866 0.466163 0.355016
v 0.388493 0.456297 0.341930
v 0.410778 0.451231 0.323153
v 0.431102 0.450284 0.301380
v 0.444068 0.460701 0.273540
v 0.450124 0.477858 0.244979
v 0.451863 0.493383 0.223362
v 0.447674 0.508786 0.208600
v 0.418810 0.508917 0.214797
v 0.407708 0.517413 0.216591
v 0.394800 0.521443 0.226080
v 0.380090 0.523255 0.240413
v 0.363729 0.525380 0.256216
v 0.347974 0.526231 0.272946
v 0.335122 0.524144 0.290114
v 0.326767 0.518615 0.306557
v 0.323978 0.509657 0.321047
v 0.327025 0.498157 0.332160
v 0.335372 0.485735 0.338448
v 0.348205 0.473604 0.339297
v 0.364566 0.462325 0.335081
v 0.381917 0.454967 0.324782
v 0.399916 0.449404 0.311480
v 0.415616 0.448668 0.294666
v 0.425554 0.456875 0.273046
v 0.430056 0.470492 0.250721
v 0.430866 0.483604 0.233209
v 0.427299 0.496199 0.221300
v 0.404027 0.490241 0.235909
v 0.395347 0.498384 0.235414
v 0.386161 0.501966 0.241262
v 0.375567 0.504419 0.250131
v 0.364156 0.506442 0.260468
v 0.353360 0.507174 0.271745
v 0.344703 0.505561 0.283571
v 0.339108 0.501604 0.294903
v 0.337237 0.495449 0.304808
v 0.339327 0.487587 0.312397
v 0.344927 0.479304 0.316552
v 0.353682 0.471005 0.317161
v 0.364793 0.463380 0.314253
v 0.377101 0.457328 0.308002
v 0.389273 0.453707 0.298827
v 0.400051 0.453015 0.287521
v 0.407398 0.457377 0.273696
v 0.411473 0.464524 0.260043
v 0.412384 0.472696 0.248671
v 0.410213 0.480728 0.240958
v 0.388697 0.478088 0.256885
v 0.384302 0.482211 0.256633
v 0.378920 0.485561 0.258476
v 0.372985 0.488004 0.262093
v 0.366960 0.489550 0.266946
v 0.361485 0.489939 0.272641
v 0.357165 0.488993 0.278722
v 0.354408 0.486831 0.284574
v 0.353501 0.483632 0.289650
v 0.354517 0.479739 0.293428
v 0.357375 0.475498 0.295566
v 0.361812 0.471285 0.295882
v 0.367394 0.467517 0.294344
v 0.373554 0.464601 0.291072
v 0.379664 0.462876 0.286348
v 0.385138 0.462487 0.280653
v 0.389439 0.463476 0.274541
v 0.392073 0.465895 0.268501
v 0.392873 0.469319 0.263263
v 0.391679 0.473586 0.259213
v 0.558359 0.684883 0.440075
v 0.372163 0.474926 0.275631
v 0.540713 0.730065 0.377526
v 0.535856 0.735503 0.376133
v 0.530108 0.740159 0.376737
v 0.524030 0.743578 0.379279
v 0.518218 0.745425 0.383510
v 0.513241 0.745521 0.389015
v 0.509586 0.743854 0.395256
v 0.507611 0.740589 0.401622
v 0.507508 0.736045 0.407489
v 0.509288 0.730666 0.412284
v 0.512778 0.724981 0.415537
v 0.517634 0.719543 0.416930
v 0.523383 0.714887 0.416326
v 0.529460 0.711468 0.413784
v 0.535272 0.709621 0.409554
v 0.540250 0.709525 0.404049
v 0.543905 0.711192 0.397808
v 0.545881 0.714457 0.391442
v 0.545983 0.719001 0.385574
v 0.544203 0.724379 0.380779
v 0.551149 0.728975 0.356168
v 0.541556 0.739716 0.353417
v 0.530200 0.748913 0.354610
v 0.518194 0.755668 0.359631
v 0.506714 0.759317 0.367988
v 0.496882 0.759505 0.378863
v 0.489661 0.756213 0.391191
v 0.485759 0.749763 0.403766
v 0.485556 0.740787 0.415357
v 0.489073 0.730163 0.424829
v 0.495966 0.718931 0.431255
v 0.505560 0.708191 0.434006
v 0.516915 0.698993 0.432812
v 0.528921 0.692239 0.427792
v 0.540401 0.688589 0.419435
v 0.550233 0.688401 0.408560
v 0.557454 0.691693 0.396232
v 0.561356 0.698143 0.383657
v 0.561559 0.707119 0.372066
v 0.558042 0.717744 0.362594
v 0.558868 0.725480 0.333931
v 0.544774 0.741259 0.329890
v 0.528091 0.754771 0.331643
v 0.510453 0.764694 0.339019
v 0.493586 0.770056 0.351297
v 0.479142 0.770333 0.367273
v 0.468533 0.765496 0.385385
v 0.462800 0.756020 0.403860
v 0.462502 0.742833 0.420888
v 0.467669 0.727224 0.434804
v 0.477796 0.710723 0.444245
v 0.491891 0.694943 0.448286
v 0.508573 0.681431 0.446533
v 0.526211 0.671508 0.439157
v 0.543078 0.666146 0.426879
v 0.557522 0.665870 0.410903
v 0.568130 0.670707 0.392791
v 0.573864 0.680182 0.374316
v 0.574162 0.693370 0.357288
v 0.568994 0.708978 0.343372
v 0.563679 0.719664 0.311364
v 0.545431 0.740094 0.306131
v 0.523832 0.757588 0.308401
v 0.500996 0.770436 0.317951
v 0.479158 0.777378 0.333847
v 0.460457 0.777736 0.354532
v 0.446723 0.771474 0.377982
v 0.439299 0.759205 0.401901
v 0.438914 0.742131 0.423948
v 0.445604 0.721923 0.441964
v 0.458715 0.700558 0.454187
v 0.476963 0.680129 0.459420
v 0.498562 0.662634 0.457150
v 0.521398 0.649787 0.447600
v 0.543236 0.642845 0.431704
v 0.561937 0.642487 0.411019
v 0.575672 0.648749 0.387570
v 0.583095 0.661017 0.363650
v 0.583480 0.678092 0.341603
v 0.576790 0.698300 0.323587
v 0.565465 0.711673 0.289021
v 0.543512 0.736249 0.282726
v 0.517528 0.757295 0.285457
v 0.490056 0.772750 0.296946
v 0.463786 0.781102 0.316068
v 0.441288 0.781532 0.340952
v 0.424766 0.773999 0.369162
v 0.415835 0.759240 0.397937
v 0.415372 0.738700 0.424459
v 0.423420 0.714390 0.446134
v 0.439192 0.688688 0.460838
v 0.461145 0.664111 0.467133
v 0.487129 0.643065 0.464402
v 0.514601 0.627610 0.452913
v 0.540871 0.619259 0.433791
v 0.563369 0.618828 0.408907
v 0.579892 0.626361 0.380696
v 0.588822 0.641120 0.351922
v 0.589286 0.661660 0.325399
v 0.581237 0.685971 0.303725
v 0.564181 0.701701 0.267453
v 0.539064 0.729820 0.260251
v 0.509335 0.753899 0.263375
v 0.477904 0.771581 0.276520
v 0.447848 0.781137 0.298398
v 0.422107 0.781629 0.326869
v 0.403203 0.773010 0.359144
v 0.392986 0.756124 0.392066
v 0.392456 0.732624 0.422411
v 0.401664 0.704810 0.447209
v 0.419709 0.675404 0.464033
v 0.444826 0.647285 0.471235
v 0.474555 0.623206 0.468111
v 0.505986 0.605523 0.454966
v 0.536043 0.595968 0.433087
v 0.561783 0.595476 0.404617
v 0.580687 0.604094 0.372341
v 0.590904 0.620980 0.339419
v 0.591434 0.644481 0.309074
v 0.582226 0.672295 0.284276
v 0.559858 0.689995 0.247191
v 0.532196 0.720963 0.239259
v 0.499455 0.747483 0.242700
v 0.464838 0.766958 0.257176
v 0.431735 0.777481 0.281272
v 0.403387 0.778023 0.312628
v 0.382567 0.768531 0.348175
v 0.371314 0.749934 0.384433
v 0.370730 0.724052 0.417853
v 0.380871 0.693419 0.445164
v 0.400746 0.661033 0.463693
v 0.428408 0.630064 0.471625
v 0.461149 0.603545 0.468184
v 0.495766 0.584070 0.453707
v 0.528869 0.573547 0.429612
v 0.557217 0.573005 0.398256
v 0.578037 0.582497 0.362709
v 0.589290 0.601094 0.326451
v 0.589874 0.626976 0.293030
v 0.579732 0.657609 0.265719
v 0.552604 0.676843 0.228734
v 0.523078 0.709899 0.220267
v 0.488130 0.738206 0.223940
v 0.451180 0.758993 0.239392
v 0.415846 0.770225 0.265112
v 0.385587 0.770804 0.298581
v 0.363364 0.760673 0.336523
v 0.351353 0.740822 0.375225
v 0.350729 0.713195 0.410898
v 0.361554 0.680498 0.440050
v 0.382768 0.645929 0.459827
v 0.412294 0.612873 0.468293
v 0.447243 0.584567 0.464621
v 0.484192 0.563780 0.449168
v 0.519526 0.552547 0.423449
v 0.549785 0.551968 0.389979
v 0.572008 0.562100 0.352037
v 0.584019 0.581950 0.313335
v 0.584643 0.609577 0.277662
v 0.573818 0.642275 0.248511
v 0.542597 0.662569 0.212536
v 0.511933 0.696898 0.203743
v 0.475639 0.726295 0.207557
v 0.437266 0.747883 0.223605
v 0.400572 0.759548 0.250315
v 0.369147 0.760150 0.285073
v 0.346068 0.749627 0.324477
v 0.333594 0.729012 0.364670
v 0.332946 0.700322 0.401716
v 0.344188 0.666364 0.431991
v 0.366219 0.630464 0.452530
v 0.396883 0.596136 0.461322
v 0.433177 0.566739 0.457508
v 0.471550 0.545151 0.441461
v 0.508244 0.533485 0.414750
v 0.539669 0.532884 0.379992
v 0.562748 0.543406 0.340588
v 0.575222 0.564022 0.300396
v 0.575870 0.592712 0.263349
v 0.564628 0.626669 0.233075
v 0.530083 0.647525 0.198996
v 0.499037 0.682282 0.190093
v 0.462290 0.712045 0.193955
v 0.423439 0.733902 0.210203
v 0.386287 0.745713 0.237246
v 0.354471 0.746321 0.272438
v 0.331104 0.735668 0.312333
v 0.318475 0.714796 0.353026
v 0.317819 0.685748 0.390535
v 0.329201 0.651367 0.421187
v 0.351507 0.615020 0.441982
v 0.382552 0.580263 0.450884
v 0.419299 0.550500 0.447022
v 0.458150 0.528643 0.430774
v 0.495302 0.516832 0.403731
v 0.527119 0.516223 0.368540
v 0.550485 0.526877 0.328645
v 0.563115 0.547749 0.287951
v 0.563770 0.576797 0.250443
v 0.552388 0.611178 0.219791
v 0.515370 0.632080 0.188447
v 0.484707 0.666409 0.179655
v 0.448412 0.695806 0.183469
v 0.410040 0.717394 0.199516
v 0.373345 0.729059 0.226227
v 0.341920 0.729660 0.260985
v 0.318841 0.719138 0.300389
v 0.306368 0.698523 0.340582
v 0.305720 0.669833 0.377628
v 0.316962 0.635875 0.407903
v 0.338993 0.599975 0.428442
v 0.369656 0.565647 0.437234
v 0.405951 0.536250 0.433420
v 0.444323 0.514662 0.417373
v 0.481018 0.502996 0.390662
v 0.512443 0.502395 0.355904
v 0.535522 0.512917 0.316500
v 0.547995 0.533532 0.276308
v 0.548643 0.562223 0.239261
v 0.537401 0.596180 0.208986
v 0.498821 0.616616 0.181151
v 0.469295 0.649671 0.172684
v 0.434347 0.677978 0.176357
v 0.397397 0.698765 0.191809
v 0.362064 0.709998 0.217529
v 0.331804 0.710577 0.250998
v 0.309581 0.700445 0.288940
v 0.297570 0.680594 0.327642
v 0.296947 0.652968 0.363315
v 0.307772 0.620270 0.392467
v 0.328986 0.585701 0.412244
v 0.358512 0.552646 0.420710
v 0.393460 0.524339 0.417038
v 0.430410 0.503552 0.401585
v 0.465743 0.492319 0.375866
v 0.496003 0.491740 0.342396
v 0.518225 0.501872 0.304454
v 0.530236 0.521723 0.265752
v 0.530860 0.549349 0.230079
v 0.520035 0.582047 0.200928
v 0.480844 0.601512 0.177285
v 0.453182 0.632480 0.169353
v 0.420440 0.659000 0.172793
v 0.385824 0.678474 0.187270
v 0.352721 0.688998 0.211366
v 0.324372 0.689540 0.242722
v 0.303553 0.680048 0.278269
v 0.292300 0.661451 0.314527
v 0.291716 0.635569 0.347947
v 0.301857 0.604935 0.375258
v 0.321732 0.572550 0.393787
v 0.349393 0.541581 0.401719
v 0.382135 0.515062 0.398278
v 0.416752 0.495587 0.383801
v 0.449854 0.485063 0.359705
v 0.478203 0.484521 0.328349
v 0.499023 0.494013 0.292802
v 0.510275 0.512610 0.256544
v 0.510860 0.538493 0.223124
v 0.500718 0.569126 0.195813
v 0.461880 0.587141 0.176945
v 0.436764 0.615260 0.169743
v 0.407035 0.639339 0.172867
v 0.375604 0.657022 0.186011
v 0.345547 0.666577 0.207890
v 0.319807 0.667069 0.236361
v 0.300903 0.658450 0.268636
v 0.290686 0.641564 0.301558
v 0.290155 0.618064 0.331903
v 0.299363 0.590250 0.356701
v 0.317409 0.560844 0.373524
v 0.342525 0.532725 0.380726
v 0.372254 0.508646 0.377602
v 0.403685 0.490963 0.364458
v 0.433742 0.481408 0.342579
v 0.459482 0.480916 0.314109
v 0.478386 0.489534 0.281833
v 0.488603 0.506421 0.248911
v 0.489134 0.529921 0.218566
v 0.479926 0.557735 0.193768
v 0.442397 0.573857 0.180139
v 0.420445 0.598433 0.173845
v 0.394461 0.619479 0.176575
v 0.366989 0.634935 0.188064
v 0.340718 0.643286 0.207186
v 0.318221 0.643716 0.232071
v 0.301698 0.636183 0.260281
v 0.292768 0.621424 0.289055
v 0.292304 0.600884 0.315578
v 0.300353 0.576574 0.337252
v 0.316125 0.550872 0.351956
v 0.338077 0.526295 0.358251
v 0.364061 0.505249 0.355521
v 0.391533 0.489794 0.344032
v 0.417804 0.481443 0.324909
v 0.440301 0.481013 0.300025
v 0.456824 0.488546 0.271815
v 0.465754 0.503304 0.243040
v 0.466218 0.523844 0.216518
v 0.458170 0.548155 0.194844
v 0.422875 0.561986 0.186790
v 0.404627 0.582416 0.181557
v 0.383027 0.599910 0.183827
v 0.360191 0.612757 0.193377
v 0.338354 0.619700 0.209273
v 0.319653 0.620058 0.229958
v 0.305918 0.613796 0.253408
v 0.298495 0.601527 0.277327
v 0.298109 0.584453 0.299374
v 0.304800 0.564245 0.317390
v 0.317910 0.542880 0.329613
v 0.336158 0.522451 0.334846
v 0.357758 0.504956 0.332576
v 0.380594 0.492109 0.323026
v 0.402431 0.485167 0.307130
v 0.421133 0.484809 0.286445
v 0.434867 0.491071 0.262996
v 0.442290 0.503339 0.239077
v 0.442676 0.520414 0.217030
v 0.435986 0.540622 0.199013
v 0.403794 0.551822 0.196733
v 0.389699 0.567601 0.192691
v 0.373017 0.581113 0.194444
v 0.355378 0.591036 0.201821
v 0.338512 0.596398 0.214098
v 0.324067 0.596674 0.230075
v 0.313459 0.591838 0.248187
v 0.307726 0.582362 0.266661
v 0.307428 0.569175 0.283690
v 0.312595 0.553566 0.297605
v 0.322722 0.537065 0.307046
v 0.336816 0.521285 0.311088
v 0.353499 0.507773 0.309334
v 0.371137 0.497850 0.301958
v 0.388004 0.492488 0.289681
v 0.402448 0.492212 0.273704
v 0.413056 0.497049 0.255592
v 0.418790 0.506524 0.237118
v 0.419087 0.519712 0.220089
v 0.413920 0.535320 0.206173
v 0.385623 0.543614 0.209723
v 0.376030 0.554354 0.206972
v 0.364675 0.563552 0.208165
v 0.352669 0.570306 0.213186
v 0.341188 0.573955 0.221543
v 0.331356 0.574143 0.232417
v 0.324136 0.570852 0.244746
v 0.320233 0.564402 0.257321
v 0.320030 0.555425 0.268912
v 0.323548 0.544801 0.278383
v 0.330440 0.533569 0.284809
v 0.340034 0.522829 0.287560
v 0.351390 0.513631 0.286367
v 0.363395 0.506877 0.281346
v 0.374876 0.503227 0.272989
v 0.384708 0.503039 0.262115
v 0.391928 0.506331 0.249786
v 0.395831 0.512781 0.237211
v 0.396033 0.521758 0.225621
v 0.392516 0.532382 0.216149
v 0.368812 0.537564 0.225440
v 0.363955 0.543001 0.224047
v 0.358207 0.547657 0.224651
v 0.352129 0.551076 0.227193
v 0.346317 0.552924 0.231424
v 0.341340 0.553019 0.236929
v 0.337685 0.551353 0.243170
v 0.335709 0.548088 0.249536
v 0.335607 0.543544 0.255403
v 0.337387 0.538165 0.260198
v 0.340877 0.532479 0.263451
v 0.345733 0.527042 0.264844
v 0.351482 0.522386 0.264240
v 0.357559 0.518967 0.261698
v 0.363371 0.517119 0.257468
v 0.368348 0.517024 0.251963
v 0.372004 0.518691 0.245722
v 0.373979 0.521956 0.239356
v 0.374082 0.526500 0.233488
v 0.372301 0.531878 0.228693
v 0.527817 0.728723 0.397479
v 0.353773 0.533822 0.243498
vt 0.070373 0.029759
vt 0.070363 0.030209
vt 0.068580 0.030553
vt 0.068594 0.029679
vt 0.070516 0.030629
vt 0.068879 0.031368
vt 0.070819 0.030980
vt 0.069463 0.032056
vt 0.071246 0.031232
vt 0.070286 0.032560
vt 0.071758 0.031361
vt 0.071281 0.032833
vt 0.072312 0.031350
vt 0.072366 0.032845
vt 0.072854 0.031198
vt 0.073448 0.032578
vt 0.073332 0.030913
vt 0.074426 0.032036
vt 0.073697 0.030519
vt 0.075192 0.031251
vt 0.073903 0.030052
vt 0.075644 0.030289
vt 0.073925 0.029563
vt 0.075699 0.029260
vt 0.073757 0.029107
vt 0.075334 0.028303
vt 0.073417 0.028735
vt 0.074606 0.027542
vt 0.072949 0.028487
vt 0.073626 0.027059
vt 0.072404 0.028384
vt 0.072519 0.026887
vt 0.071840 0.028432
vt 0.071404 0.027019
vt 0.071312 0.028621
vt 0.070379 0.027420
vt 0.070868 0.028926
vt 0.069529 0.028041
vt 0.070546 0.029318
vt 0.068918 0.028817
vt 0.066802 0.030906
vt 0.066815 0.029627
vt 0.067240 0.032098
vt 0.068091 0.033108
vt 0.069285 0.033860
vt 0.070730 0.034290
vt 0.072317 0.034352
vt 0.073924 0.034011
vt 0.075412 0.033253
vt 0.076621 0.032093
vt 0.077370 0.030604
vt 0.077482 0.028961
vt 0.076872 0.027441
vt 0.075687 0.026275
vt 0.074155 0.025583
vt 0.072486 0.025384
vt 0.070846 0.025635
vt 0.069366 0.026270
vt 0.068148 0.027208
vt 0.067276 0.028360
vt 0.065025 0.031271
vt 0.065036 0.029599
vt 0.065600 0.032825
vt 0.066707 0.034145
vt 0.068252 0.035138
vt 0.070115 0.035731
vt 0.072168 0.035867
vt 0.074271 0.035497
vt 0.076266 0.034577
vt 0.077953 0.033081
vt 0.079070 0.031039
vt 0.079284 0.028664
vt 0.078348 0.026489
vt 0.076618 0.024911
vt 0.074503 0.024056
vt 0.072293 0.023879
vt 0.070174 0.024284
vt 0.068284 0.025167
vt 0.066734 0.026422
vt 0.065624 0.027940
vt 0.063251 0.031646
vt 0.063258 0.029591
vt 0.063962 0.033553
vt 0.065320 0.035173
vt 0.067196 0.036399
vt 0.069446 0.037156
vt 0.071923 0.037386
vt 0.074482 0.037030
vt 0.076961 0.036018
vt 0.079150 0.034257
vt 0.080720 0.031664
vt 0.081124 0.028366
vt 0.079710 0.025397
vt 0.077336 0.023423
vt 0.074641 0.022476
vt 0.071936 0.022379
vt 0.069395 0.022968
vt 0.067145 0.024107
vt 0.065299 0.025675
vt 0.063968 0.027549
vt 0.061478 0.032033
vt 0.061486 0.029597
vt 0.062330 0.034288
vt 0.063937 0.036196
vt 0.066129 0.037645
vt 0.068732 0.038566
vt 0.071588 0.038905
vt 0.074552 0.038606
vt 0.077474 0.037580
vt 0.080160 0.035672
vt 0.082272 0.032608
vt 0.083036 0.028069
vt 0.080854 0.024060
vt 0.077764 0.021779
vt 0.074542 0.020844
vt 0.071416 0.020890
vt 0.068519 0.021690
vt 0.065961 0.023088
vt 0.063852 0.024959
vt 0.062316 0.027178
vt 0.059710 0.032432
vt 0.059722 0.029610
vt 0.060710 0.035034
vt 0.062568 0.037223
vt 0.065062 0.038883
vt 0.067985 0.039960
vt 0.071169 0.040421
vt 0.074478 0.040217
vt 0.077781 0.039262
vt 0.080922 0.037375
vt 0.083636 0.034108
vt 0.085100 0.027818
vt 0.081500 0.022278
vt 0.077824 0.019942
vt 0.074191 0.019167
vt 0.070736 0.019422
vt 0.067556 0.020453
vt 0.064743 0.022106
vt 0.062405 0.024266
vt 0.060676 0.026817
vt 0.057944 0.032843
vt 0.057972 0.029617
vt 0.059108 0.035800
vt 0.061225 0.038260
vt 0.064007 0.040116
vt 0.067213 0.041342
vt 0.070673 0.041928
vt 0.074260 0.041852
vt 0.077867 0.041048
vt 0.081376 0.039381
vt 0.084621 0.036594
vt 0.085485 0.022738
vt 0.081499 0.019598
vt 0.077486 0.017898
vt 0.073587 0.017465
vt 0.069904 0.017986
vt 0.066515 0.019259
vt 0.063502 0.021157
vt 0.060967 0.023585
vt 0.059057 0.026452
vt 0.056182 0.033267
vt 0.056241 0.029603
vt 0.057533 0.036596
vt 0.059926 0.039319
vt 0.062979 0.041352
vt 0.066429 0.042711
vt 0.070107 0.043425
vt 0.073904 0.043499
vt 0.077730 0.042907
vt 0.081504 0.041592
vt 0.085148 0.039525
vt 0.085224 0.018197
vt 0.080948 0.016673
vt 0.076772 0.015767
vt 0.072741 0.015774
vt 0.068930 0.016594
vt 0.065408 0.018109
vt 0.062248 0.020232
vt 0.059552 0.022903
vt 0.057472 0.026062
vt 0.054419 0.033707
vt 0.054539 0.029534
vt 0.056003 0.037446
vt 0.058693 0.040420
vt 0.061999 0.042601
vt 0.065645 0.044073
vt 0.069482 0.044908
vt 0.073414 0.045146
vt 0.077372 0.044805
vt 0.081299 0.043910
vt 0.085177 0.042593
vt 0.084213 0.014011
vt 0.079879 0.013762
vt 0.075703 0.013650
vt 0.071665 0.014129
vt 0.067824 0.015258
vt 0.064243 0.017003
vt 0.060993 0.019325
vt 0.058173 0.022202
vt 0.055935 0.025620
vt 0.052644 0.034168
vt 0.052879 0.029355
vt 0.054547 0.038391
vt 0.057565 0.041592
vt 0.061091 0.043879
vt 0.064877 0.045435
vt 0.068805 0.046377
vt 0.072797 0.046783
vt 0.076797 0.046712
vt 0.080765 0.046258
vt 0.084707 0.045652
vt 0.082454 0.010198
vt 0.078319 0.011003
vt 0.074302 0.011621
vt 0.070375 0.012562
vt 0.066595 0.013990
vt 0.063029 0.015941
vt 0.059748 0.018423
vt 0.056846 0.021455
vt 0.054466 0.025079
vt 0.050835 0.034649
vt 0.051286 0.028944
vt 0.053235 0.039522
vt 0.056599 0.042886
vt 0.060285 0.045211
vt 0.064141 0.046806
vt 0.068085 0.047835
vt 0.072059 0.048401
vt 0.076012 0.048599
vt 0.079909 0.048574
vt 0.083755 0.048609
vt 0.079995 0.006839
vt 0.076295 0.008494
vt 0.072586 0.009743
vt 0.068880 0.011102
vt 0.065251 0.012796
vt 0.061774 0.014917
vt 0.058523 0.017511
vt 0.055587 0.020630
vt 0.053093 0.024372
vt 0.048914 0.035089
vt 0.049809 0.028045
vt 0.052300 0.041054
vt 0.055876 0.044389
vt 0.059618 0.046631
vt 0.063455 0.048204
vt 0.067334 0.049286
vt 0.071204 0.049994
vt 0.075020 0.050446
vt 0.078739 0.050812
vt 0.082342 0.051394
vt 0.076913 0.004037
vt 0.073843 0.006314
vt 0.070574 0.008065
vt 0.067191 0.009772
vt 0.063798 0.011684
vt 0.060483 0.013925
vt 0.057329 0.016567
vt 0.054416 0.019681
vt 0.051850 0.023393
vt 0.048454 0.040442
vt 0.048547 0.026055
vt 0.051898 0.043604
vt 0.055461 0.046218
vt 0.059124 0.048180
vt 0.062839 0.049647
vt 0.066560 0.050739
vt 0.070239 0.051560
vt 0.073823 0.052231
vt 0.077259 0.052931
vt 0.080490 0.053945
vt 0.073306 0.001897
vt 0.071002 0.004539
vt 0.068281 0.006638
vt 0.065314 0.008598
vt 0.062237 0.010660
vt 0.059160 0.012957
vt 0.056171 0.015568
vt 0.053348 0.018559
vt 0.050774 0.022014
vt 0.048780 0.045258
vt 0.047556 0.023382
vt 0.052039 0.046634
vt 0.055395 0.048351
vt 0.058835 0.049886
vt 0.062312 0.051162
vt 0.065773 0.052209
vt 0.069163 0.053099
vt 0.072422 0.053939
vt 0.075474 0.054891
vt 0.078225 0.056200
vt 0.069298 0.000522
vt 0.067820 0.003249
vt 0.065724 0.005511
vt 0.063250 0.007605
vt 0.060569 0.009728
vt 0.057805 0.011999
vt 0.055056 0.014487
vt 0.052397 0.017228
vt 0.049889 0.020229
vt 0.049985 0.049650
vt 0.046958 0.020315
vt 0.052768 0.049853
vt 0.055722 0.050725
vt 0.058786 0.051762
vt 0.061895 0.052773
vt 0.064982 0.053715
vt 0.067979 0.054616
vt 0.070811 0.055554
vt 0.073386 0.056655
vt 0.075577 0.058099
vt 0.065046 0.000005
vt 0.064359 0.002523
vt 0.062920 0.004742
vt 0.060999 0.006824
vt 0.058783 0.008894
vt 0.056410 0.011038
vt 0.053983 0.013295
vt 0.051575 0.015664
vt 0.049234 0.018075
vt 0.052057 0.053548
vt 0.046843 0.017012
vt 0.054131 0.053060
vt 0.056492 0.053262
vt 0.059018 0.053810
vt 0.061614 0.054511
vt 0.064196 0.055286
vt 0.066682 0.056123
vt 0.068983 0.057063
vt 0.070995 0.058180
vt 0.072580 0.059577
vt 0.060746 0.000410
vt 0.060703 0.002450
vt 0.059891 0.004401
vt 0.058552 0.006290
vt 0.056864 0.008165
vt 0.054963 0.010056
vt 0.052950 0.011964
vt 0.050899 0.013850
vt 0.048859 0.015605
vt 0.054894 0.056801
vt 0.047280 0.013586
vt 0.056154 0.056080
vt 0.057765 0.055875
vt 0.059586 0.056027
vt 0.061504 0.056413
vt 0.063426 0.056962
vt 0.065263 0.057642
vt 0.066921 0.058456
vt 0.068300 0.059423
vt 0.069280 0.060568
vt 0.056639 0.001748
vt 0.056969 0.003111
vt 0.056671 0.004567
vt 0.055898 0.006056
vt 0.054783 0.007551
vt 0.053436 0.009031
vt 0.051947 0.010458
vt 0.050388 0.011772
vt 0.048817 0.012866
vt 0.058286 0.059266
vt 0.048304 0.010137
vt 0.058810 0.058744
vt 0.059595 0.058464
vt 0.060556 0.058404
vt 0.061612 0.058529
vt 0.062686 0.058808
vt 0.063707 0.059216
vt 0.064601 0.059732
vt 0.065300 0.060342
vt 0.065735 0.061022
vt 0.052978 0.003917
vt 0.053315 0.004549
vt 0.053314 0.005325
vt 0.053020 0.006182
vt 0.052488 0.007068
vt 0.051778 0.007934
vt 0.050949 0.008733
vt 0.050057 0.009409
vt 0.049157 0.009900
vt 0.072161 0.029870
vt 0.049890 0.006713
vt 0.065843 0.061736
vt 0.061982 0.060940
vt 0.047557 0.010057
vt 0.069717 0.061896
vt 0.045826 0.013727
vt 0.073548 0.061352
vt 0.044821 0.017701
vt 0.077198 0.060107
vt 0.044619 0.021858
vt 0.080539 0.058205
vt 0.045246 0.026108
vt 0.083463 0.055712
vt 0.046694 0.030450
vt 0.085873 0.052704
vt 0.087685 0.049264
vt 0.088822 0.045477
vt 0.089212 0.041424
vt 0.088779 0.037168
vt 0.087443 0.032705
vt 0.633799 0.666445
vt 0.632261 0.664721
vt 0.641280 0.664069
vt 0.644031 0.667256
vt 0.629881 0.663306
vt 0.636507 0.659360
vt 0.751968 0.836115
vt 0.749741 0.834230
vt 0.755750 0.829761
vt 0.760990 0.833625
vt 0.745951 0.834042
vt 0.749903 0.828627
vt 0.741152 0.834813
vt 0.741877 0.830066
vt 0.736063 0.835918
vt 0.732186 0.831673
vt 0.731285 0.836988
vt 0.722791 0.833098
vt 0.727522 0.837946
vt 0.715751 0.833914
vt 0.725276 0.838798
vt 0.710666 0.835151
vt 0.724217 0.839943
vt 0.706641 0.837568
vt 0.724742 0.841213
vt 0.705727 0.840745
vt 0.617842 0.687597
vt 0.619904 0.686394
vt 0.618767 0.703904
vt 0.615440 0.707671
vt 0.622365 0.684218
vt 0.622351 0.697025
vt 0.625114 0.681883
vt 0.626868 0.690933
vt 0.627898 0.679889
vt 0.631883 0.686884
vt 0.630456 0.678104
vt 0.636632 0.684290
vt 0.632441 0.675794
vt 0.640289 0.680571
vt 0.633768 0.672896
vt 0.642975 0.675228
vt 0.634275 0.669618
vt 0.644406 0.670653
vt 0.651211 0.661477
vt 0.652956 0.667605
vt 0.644495 0.656488
vt 0.760050 0.826601
vt 0.768297 0.831757
vt 0.751853 0.825319
vt 0.741563 0.826613
vt 0.730276 0.826545
vt 0.716666 0.828291
vt 0.706664 0.828756
vt 0.698661 0.829692
vt 0.693941 0.831458
vt 0.692018 0.835384
vt 0.619158 0.718231
vt 0.614753 0.724044
vt 0.623240 0.708052
vt 0.628904 0.698634
vt 0.636032 0.693603
vt 0.642091 0.688517
vt 0.646865 0.683955
vt 0.650082 0.678963
vt 0.652328 0.673260
vt 0.659479 0.660323
vt 0.659973 0.668678
vt 0.653756 0.652624
vt 0.764346 0.822690
vt 0.774573 0.828214
vt 0.753774 0.821335
vt 0.740250 0.823335
vt 0.725584 0.823671
vt 0.709775 0.824589
vt 0.698066 0.823833
vt 0.688875 0.822988
vt 0.682882 0.823561
vt 0.677622 0.827219
vt 0.622300 0.732133
vt 0.617876 0.740160
vt 0.626041 0.719353
vt 0.631341 0.705501
vt 0.640180 0.698583
vt 0.647670 0.692967
vt 0.652592 0.685929
vt 0.656464 0.680950
vt 0.658892 0.674971
vt 0.667555 0.659975
vt 0.666687 0.669651
vt 0.667401 0.645789
vt 0.769146 0.813737
vt 0.781227 0.818811
vt 0.756539 0.814452
vt 0.740161 0.818507
vt 0.721276 0.820489
vt 0.704731 0.820306
vt 0.692079 0.817995
vt 0.681588 0.815471
vt 0.672567 0.813769
vt 0.665657 0.815310
vt 0.628583 0.745219
vt 0.624577 0.755229
vt 0.630223 0.729275
vt 0.633965 0.710807
vt 0.643555 0.702528
vt 0.652636 0.695678
vt 0.658210 0.688646
vt 0.662297 0.682500
vt 0.665266 0.676062
vt 0.678583 0.657802
vt 0.675445 0.669303
vt 0.683226 0.641689
vt 0.772719 0.803901
vt 0.786690 0.805416
vt 0.759057 0.806265
vt 0.742812 0.810705
vt 0.721116 0.815169
vt 0.703874 0.814452
vt 0.691018 0.811476
vt 0.678833 0.808001
vt 0.666853 0.803583
vt 0.656211 0.799724
vt 0.636361 0.755489
vt 0.635610 0.769258
vt 0.635155 0.736856
vt 0.637604 0.715955
vt 0.648098 0.706227
vt 0.657366 0.698137
vt 0.663436 0.690684
vt 0.668799 0.683128
vt 0.672943 0.676074
vt 0.690280 0.657961
vt 0.684336 0.669776
vt 0.697755 0.641814
vt 0.775218 0.793994
vt 0.789485 0.791506
vt 0.760749 0.798178
vt 0.744501 0.803519
vt 0.722744 0.808709
vt 0.704702 0.808397
vt 0.691467 0.805451
vt 0.679028 0.801367
vt 0.666065 0.795167
vt 0.649651 0.782140
vt 0.643638 0.761555
vt 0.640569 0.742189
vt 0.642801 0.721374
vt 0.653002 0.709102
vt 0.661580 0.699840
vt 0.668781 0.692500
vt 0.675106 0.684273
vt 0.680376 0.676950
vt 0.701551 0.660333
vt 0.692882 0.671711
vt 0.710954 0.645327
vt 0.776066 0.783520
vt 0.790021 0.777370
vt 0.761569 0.789964
vt 0.745536 0.796458
vt 0.724224 0.802336
vt 0.705948 0.802557
vt 0.692768 0.799915
vt 0.680701 0.795825
vt 0.668621 0.789681
vt 0.656189 0.779124
vt 0.649443 0.763149
vt 0.646384 0.745077
vt 0.648765 0.725571
vt 0.657376 0.712213
vt 0.666685 0.702022
vt 0.673961 0.694301
vt 0.681080 0.685996
vt 0.687379 0.678763
vt 0.711824 0.665108
vt 0.700941 0.674879
vt 0.722445 0.652000
vt 0.775227 0.772977
vt 0.788598 0.763184
vt 0.761475 0.781674
vt 0.746041 0.789435
vt 0.725478 0.796059
vt 0.707443 0.796837
vt 0.694613 0.794650
vt 0.683189 0.790786
vt 0.672188 0.785058
vt 0.661818 0.775805
vt 0.655455 0.762771
vt 0.652743 0.745997
vt 0.655134 0.728515
vt 0.662891 0.715061
vt 0.671684 0.704211
vt 0.678995 0.696343
vt 0.686695 0.688261
vt 0.693835 0.681444
vt 0.718967 0.672905
vt 0.707935 0.679325
vt 0.732495 0.663721
vt 0.772771 0.762870
vt 0.785098 0.747290
vt 0.760458 0.773559
vt 0.745985 0.782531
vt 0.726449 0.789908
vt 0.709009 0.791174
vt 0.696709 0.789500
vt 0.686058 0.785906
vt 0.676049 0.780725
vt 0.667021 0.772446
vt 0.661163 0.761080
vt 0.659129 0.746084
vt 0.661733 0.730468
vt 0.668682 0.717391
vt 0.676760 0.706493
vt 0.683864 0.698623
vt 0.691915 0.691016
vt 0.699583 0.684989
vt 0.724627 0.681462
vt 0.713698 0.684640
vt 0.741862 0.677094
vt 0.769122 0.753622
vt 0.778072 0.733762
vt 0.758470 0.765982
vt 0.745241 0.775946
vt 0.726839 0.783608
vt 0.710504 0.785584
vt 0.698907 0.784431
vt 0.688843 0.781402
vt 0.679833 0.776493
vt 0.671970 0.769016
vt 0.666737 0.758794
vt 0.665906 0.745830
vt 0.669178 0.731683
vt 0.674887 0.719480
vt 0.681664 0.708850
vt 0.688371 0.701286
vt 0.696645 0.694214
vt 0.704804 0.688773
vt 0.730101 0.689843
vt 0.718629 0.690229
vt 0.749664 0.692005
vt 0.764448 0.745437
vt 0.768277 0.722172
vt 0.755759 0.759124
vt 0.743986 0.769703
vt 0.726837 0.777574
vt 0.712132 0.779935
vt 0.701233 0.779297
vt 0.691615 0.776761
vt 0.683758 0.772194
vt 0.677575 0.765457
vt 0.674008 0.756291
vt 0.674542 0.744814
vt 0.678833 0.732773
vt 0.682364 0.721627
vt 0.686991 0.711380
vt 0.692654 0.704088
vt 0.700900 0.697739
vt 0.709272 0.693104
vt 0.733201 0.697999
vt 0.722048 0.696189
vt 0.755259 0.709848
vt 0.758256 0.736087
vt 0.752853 0.753053
vt 0.742289 0.763965
vt 0.727472 0.770984
vt 0.715578 0.773376
vt 0.705743 0.773660
vt 0.696005 0.771882
vt 0.690050 0.768051
vt 0.684314 0.762000
vt 0.682269 0.753880
vt 0.683673 0.744079
vt 0.688992 0.733791
vt 0.690570 0.723772
vt 0.692253 0.713912
vt 0.696951 0.707047
vt 0.704626 0.701563
vt 0.712837 0.697813
vt 0.733083 0.704933
vt 0.723790 0.702165
vt 0.746135 0.713165
vt 0.751331 0.729496
vt 0.749414 0.748220
vt 0.740610 0.758655
vt 0.728796 0.764573
vt 0.718780 0.766588
vt 0.710582 0.767613
vt 0.701492 0.766733
vt 0.696985 0.763633
vt 0.691256 0.758389
vt 0.689801 0.751553
vt 0.691696 0.743376
vt 0.696621 0.734509
vt 0.697246 0.725189
vt 0.698246 0.716594
vt 0.701437 0.710389
vt 0.707685 0.705727
vt 0.715381 0.702805
vt 0.731799 0.710770
vt 0.724175 0.707972
vt 0.739012 0.717200
vt 0.745184 0.728597
vt 0.745235 0.743814
vt 0.739420 0.753625
vt 0.729851 0.759018
vt 0.720794 0.760943
vt 0.713023 0.761968
vt 0.705274 0.761462
vt 0.701564 0.758838
vt 0.697916 0.754777
vt 0.697609 0.749129
vt 0.699930 0.742158
vt 0.702244 0.734757
vt 0.702360 0.726302
vt 0.702925 0.719192
vt 0.705311 0.713959
vt 0.709984 0.710124
vt 0.716890 0.707946
vt 0.730140 0.716624
vt 0.723649 0.713561
vt 0.735278 0.722346
vt 0.739330 0.730203
vt 0.740897 0.740895
vt 0.737574 0.749317
vt 0.731094 0.753759
vt 0.722589 0.756128
vt 0.716085 0.757084
vt 0.711266 0.756743
vt 0.706782 0.754731
vt 0.704318 0.751388
vt 0.705432 0.746848
vt 0.707784 0.741235
vt 0.707441 0.734772
vt 0.706705 0.727549
vt 0.707155 0.722016
vt 0.709153 0.717701
vt 0.712220 0.714661
vt 0.717444 0.713090
vt 0.728445 0.722569
vt 0.723750 0.719599
vt 0.732598 0.727400
vt 0.735243 0.732918
vt 0.736822 0.739496
vt 0.735151 0.745852
vt 0.731402 0.749396
vt 0.725868 0.751559
vt 0.720908 0.752646
vt 0.717770 0.752598
vt 0.715023 0.751153
vt 0.713117 0.748427
vt 0.713137 0.744810
vt 0.713740 0.740404
vt 0.712734 0.735186
vt 0.711900 0.729778
vt 0.711916 0.725229
vt 0.712697 0.721820
vt 0.715355 0.719522
vt 0.718622 0.718527
vt 0.727804 0.728232
vt 0.725792 0.726123
vt 0.730179 0.731257
vt 0.732222 0.735030
vt 0.733104 0.739167
vt 0.732631 0.742818
vt 0.730913 0.745562
vt 0.728216 0.747227
vt 0.725167 0.748075
vt 0.722833 0.748061
vt 0.721042 0.747092
vt 0.719803 0.745221
vt 0.718927 0.742570
vt 0.718677 0.739435
vt 0.717960 0.735860
vt 0.717176 0.732208
vt 0.716489 0.728922
vt 0.717036 0.726484
vt 0.719614 0.725099
vt 0.722986 0.725017
vt 0.728071 0.733107
vt 0.727380 0.732181
vt 0.728822 0.734555
vt 0.729838 0.736577
vt 0.730233 0.738489
vt 0.729904 0.740164
vt 0.729299 0.741598
vt 0.728318 0.742584
vt 0.727100 0.743056
vt 0.725856 0.743023
vt 0.724754 0.742484
vt 0.723992 0.741505
vt 0.723489 0.740146
vt 0.723048 0.738485
vt 0.722649 0.736659
vt 0.722441 0.734860
vt 0.722657 0.733310
vt 0.723479 0.732204
vt 0.724913 0.731678
vt 0.726790 0.731789
vt 0.624012 0.674250
vt 0.739081 0.841155
vt 0.727550 0.737712
vt 0.323700 0.707961
vt 0.321925 0.707132
vt 0.330644 0.695701
vt 0.333448 0.698216
vt 0.398414 0.878720
vt 0.397304 0.876647
vt 0.408338 0.874056
vt 0.411319 0.877354
vt 0.395278 0.874641
vt 0.403571 0.871187
vt 0.392666 0.872756
vt 0.397979 0.868346
vt 0.389688 0.871167
vt 0.392141 0.865690
vt 0.386535 0.869973
vt 0.386034 0.863554
vt 0.383461 0.869300
vt 0.380129 0.862052
vt 0.380716 0.869242
vt 0.374799 0.861422
vt 0.378599 0.869828
vt 0.370683 0.861859
vt 0.377472 0.871027
vt 0.368464 0.863645
vt 0.377423 0.872836
vt 0.368225 0.867022
vt 0.310429 0.729606
vt 0.312763 0.728047
vt 0.311678 0.737452
vt 0.307662 0.741333
vt 0.315471 0.725997
vt 0.315923 0.732395
vt 0.318020 0.723339
vt 0.320435 0.726991
vt 0.320276 0.720315
vt 0.324552 0.721232
vt 0.322190 0.717094
vt 0.328438 0.715859
vt 0.323749 0.714374
vt 0.331531 0.710492
vt 0.324592 0.711868
vt 0.333614 0.705581
vt 0.324598 0.709660
vt 0.334372 0.701853
vt 0.341701 0.685855
vt 0.344828 0.689922
vt 0.419399 0.869259
vt 0.424600 0.873075
vt 0.411701 0.866577
vt 0.403173 0.863553
vt 0.394653 0.860373
vt 0.385981 0.857527
vt 0.377515 0.855156
vt 0.370481 0.853419
vt 0.365208 0.852919
vt 0.361081 0.854699
vt 0.359385 0.859407
vt 0.311733 0.746736
vt 0.307377 0.753622
vt 0.317019 0.738667
vt 0.323041 0.730458
vt 0.328799 0.722217
vt 0.334386 0.714545
vt 0.339268 0.707034
vt 0.343061 0.700384
vt 0.345171 0.694412
vt 0.354747 0.678685
vt 0.357391 0.684491
vt 0.429384 0.863075
vt 0.437081 0.866156
vt 0.419600 0.860438
vt 0.408129 0.858313
vt 0.397139 0.855157
vt 0.386344 0.851855
vt 0.376933 0.848420
vt 0.368662 0.845671
vt 0.362086 0.844160
vt 0.356237 0.844847
vt 0.351648 0.849355
vt 0.313988 0.756253
vt 0.309400 0.765902
vt 0.319526 0.745190
vt 0.326343 0.734263
vt 0.333414 0.723942
vt 0.340487 0.714290
vt 0.347168 0.705082
vt 0.352978 0.696628
vt 0.356728 0.689888
vt 0.368964 0.674926
vt 0.370499 0.681901
vt 0.438376 0.854414
vt 0.447867 0.857222
vt 0.426757 0.852893
vt 0.413092 0.852200
vt 0.400356 0.849435
vt 0.388100 0.846106
vt 0.377930 0.842207
vt 0.369167 0.838835
vt 0.360574 0.836191
vt 0.352184 0.834705
vt 0.344461 0.836757
vt 0.318446 0.765323
vt 0.314744 0.777962
vt 0.323450 0.751427
vt 0.330410 0.738184
vt 0.338365 0.726312
vt 0.346619 0.715767
vt 0.354745 0.705753
vt 0.362395 0.696306
vt 0.367997 0.688654
vt 0.383990 0.674058
vt 0.382743 0.682902
vt 0.445530 0.844058
vt 0.456613 0.845663
vt 0.432658 0.844413
vt 0.418050 0.844927
vt 0.404307 0.842985
vt 0.391236 0.840139
vt 0.380029 0.836474
vt 0.369832 0.832699
vt 0.359250 0.828801
vt 0.348988 0.824300
vt 0.338707 0.821333
vt 0.324405 0.773272
vt 0.323478 0.789785
vt 0.328089 0.756763
vt 0.334941 0.741731
vt 0.343472 0.728729
vt 0.352637 0.717734
vt 0.361773 0.708003
vt 0.370828 0.698460
vt 0.378176 0.690288
vt 0.397790 0.676962
vt 0.393580 0.686570
vt 0.450470 0.833180
vt 0.462955 0.833399
vt 0.437164 0.835267
vt 0.422277 0.837071
vt 0.407847 0.836414
vt 0.394246 0.834373
vt 0.381765 0.831203
vt 0.370240 0.827139
vt 0.359490 0.822253
vt 0.348517 0.815528
vt 0.335202 0.802362
vt 0.330984 0.779253
vt 0.333282 0.760834
vt 0.339843 0.744742
vt 0.348728 0.731102
vt 0.358598 0.719855
vt 0.369063 0.709633
vt 0.378971 0.701149
vt 0.387385 0.693788
vt 0.410358 0.683141
vt 0.403606 0.691954
vt 0.453707 0.822612
vt 0.466925 0.820619
vt 0.440228 0.826306
vt 0.425281 0.829489
vt 0.410352 0.830212
vt 0.396200 0.829010
vt 0.383289 0.826184
vt 0.371744 0.822107
vt 0.361354 0.816923
vt 0.351208 0.809902
vt 0.341268 0.798662
vt 0.337054 0.781308
vt 0.338756 0.763381
vt 0.345010 0.747154
vt 0.354107 0.733435
vt 0.364453 0.722262
vt 0.376044 0.712108
vt 0.387074 0.704250
vt 0.395826 0.698373
vt 0.421960 0.691945
vt 0.412607 0.698913
vt 0.455165 0.811621
vt 0.468096 0.807340
vt 0.442060 0.817094
vt 0.427417 0.821888
vt 0.412309 0.823978
vt 0.397988 0.823649
vt 0.385276 0.821312
vt 0.374004 0.817440
vt 0.364223 0.812290
vt 0.355077 0.805475
vt 0.347046 0.795412
vt 0.343193 0.780948
vt 0.344511 0.764653
vt 0.350399 0.749061
vt 0.359565 0.735770
vt 0.370112 0.725042
vt 0.382159 0.715743
vt 0.393861 0.708813
vt 0.403352 0.703988
vt 0.432062 0.703220
vt 0.420227 0.707289
vt 0.454755 0.800458
vt 0.466451 0.794004
vt 0.442564 0.807805
vt 0.428785 0.814295
vt 0.413866 0.817655
vt 0.399902 0.818221
vt 0.387531 0.816488
vt 0.376729 0.812981
vt 0.367710 0.808022
vt 0.359444 0.801613
vt 0.352682 0.792408
vt 0.349318 0.779779
vt 0.350492 0.765155
vt 0.355932 0.750621
vt 0.365043 0.738169
vt 0.375556 0.728111
vt 0.387834 0.719809
vt 0.399916 0.714020
vt 0.409749 0.710587
vt 0.439017 0.717200
vt 0.426480 0.716814
vt 0.452520 0.789694
vt 0.462664 0.780527
vt 0.441663 0.799003
vt 0.428769 0.806750
vt 0.414960 0.811315
vt 0.401766 0.812752
vt 0.390017 0.811687
vt 0.379784 0.808684
vt 0.371214 0.804190
vt 0.363931 0.798069
vt 0.358240 0.789620
vt 0.355426 0.778379
vt 0.356632 0.765302
vt 0.361896 0.752133
vt 0.370411 0.740697
vt 0.380609 0.731523
vt 0.392909 0.724269
vt 0.405125 0.719686
vt 0.415444 0.717531
vt 0.443416 0.733289
vt 0.430856 0.727217
vt 0.448663 0.779972
vt 0.455773 0.767011
vt 0.439555 0.791203
vt 0.427902 0.799727
vt 0.415389 0.805076
vt 0.403212 0.807206
vt 0.392279 0.806762
vt 0.382903 0.804379
vt 0.375035 0.800442
vt 0.368589 0.794719
vt 0.363749 0.786981
vt 0.361462 0.776946
vt 0.362731 0.765298
vt 0.367732 0.753599
vt 0.375644 0.743330
vt 0.385319 0.735165
vt 0.397387 0.729037
vt 0.409369 0.725707
vt 0.419731 0.725044
vt 0.445432 0.752595
vt 0.433065 0.737578
vt 0.443743 0.772880
vt 0.436452 0.784938
vt 0.426109 0.793287
vt 0.415143 0.798917
vt 0.403603 0.801254
vt 0.393479 0.801328
vt 0.384957 0.799452
vt 0.378349 0.796184
vt 0.373246 0.791436
vt 0.369108 0.784401
vt 0.367319 0.775481
vt 0.368684 0.765282
vt 0.373350 0.755093
vt 0.380629 0.746083
vt 0.389684 0.738998
vt 0.401191 0.734039
vt 0.412502 0.731882
vt 0.422454 0.732608
vt 0.438982 0.755695
vt 0.432191 0.744881
vt 0.438340 0.769867
vt 0.432490 0.780014
vt 0.423391 0.787244
vt 0.413943 0.792910
vt 0.403451 0.795276
vt 0.394534 0.795854
vt 0.386713 0.794284
vt 0.381145 0.791616
vt 0.377062 0.787536
vt 0.373772 0.781277
vt 0.372701 0.773676
vt 0.374404 0.765302
vt 0.378714 0.756679
vt 0.385272 0.748950
vt 0.393720 0.743001
vt 0.404269 0.739191
vt 0.414439 0.737974
vt 0.423366 0.739464
vt 0.433182 0.758566
vt 0.429145 0.750487
vt 0.432574 0.768213
vt 0.427808 0.776117
vt 0.419972 0.781975
vt 0.412120 0.787210
vt 0.403743 0.789961
vt 0.396085 0.790795
vt 0.389336 0.789712
vt 0.384543 0.787474
vt 0.380537 0.783454
vt 0.378127 0.778143
vt 0.377786 0.772031
vt 0.379540 0.765245
vt 0.383427 0.758275
vt 0.389047 0.751895
vt 0.397193 0.747145
vt 0.406618 0.744425
vt 0.415236 0.743880
vt 0.422648 0.745610
vt 0.427141 0.760619
vt 0.425136 0.755135
vt 0.425860 0.766675
vt 0.422146 0.772701
vt 0.416347 0.777722
vt 0.410406 0.782213
vt 0.404110 0.785062
vt 0.398018 0.786110
vt 0.392507 0.785451
vt 0.387960 0.783336
vt 0.384711 0.780016
vt 0.382853 0.775670
vt 0.382812 0.770770
vt 0.384207 0.765262
vt 0.387371 0.759818
vt 0.391827 0.754803
vt 0.398954 0.751204
vt 0.407650 0.749535
vt 0.414840 0.749512
vt 0.420777 0.751226
vt 0.420506 0.761965
vt 0.419609 0.758345
vt 0.419199 0.765904
vt 0.416372 0.770089
vt 0.412807 0.774325
vt 0.408665 0.777903
vt 0.404085 0.780278
vt 0.399537 0.781311
vt 0.395352 0.780994
vt 0.391830 0.779456
vt 0.389305 0.776919
vt 0.387891 0.773580
vt 0.387553 0.769581
vt 0.388764 0.765487
vt 0.390900 0.761306
vt 0.394178 0.757595
vt 0.399548 0.755019
vt 0.406086 0.753906
vt 0.411701 0.754046
vt 0.416186 0.755448
vt 0.413763 0.763199
vt 0.412477 0.760546
vt 0.413047 0.765786
vt 0.411440 0.768602
vt 0.409263 0.771459
vt 0.406681 0.773933
vt 0.403703 0.775630
vt 0.400661 0.776443
vt 0.397814 0.776331
vt 0.395382 0.775339
vt 0.393667 0.773663
vt 0.392693 0.771383
vt 0.392489 0.768665
vt 0.393116 0.765771
vt 0.394594 0.762968
vt 0.396781 0.760470
vt 0.400094 0.758738
vt 0.403795 0.757844
vt 0.407249 0.757794
vt 0.410007 0.758585
vt 0.407163 0.764543
vt 0.406553 0.763297
vt 0.407181 0.766003
vt 0.406677 0.767537
vt 0.405754 0.769017
vt 0.404532 0.770275
vt 0.403067 0.771162
vt 0.401532 0.771615
vt 0.400075 0.771603
vt 0.398848 0.771147
vt 0.397938 0.770298
vt 0.397421 0.769129
vt 0.397338 0.767745
vt 0.397702 0.766276
vt 0.398483 0.764854
vt 0.399614 0.763594
vt 0.400987 0.762622
vt 0.402528 0.762068
vt 0.404048 0.761978
vt 0.405456 0.762406
vt 0.315113 0.718174
vt 0.387265 0.876986
vt 0.402261 0.766847
vt 0.242485 0.624162
vt 0.242978 0.625706
vt 0.238083 0.629337
vt 0.237081 0.626348
vt 0.243924 0.626922
vt 0.239938 0.631686
vt 0.245237 0.627703
vt 0.242490 0.633204
vt 0.246801 0.627980
vt 0.245529 0.633765
vt 0.248478 0.627727
vt 0.248801 0.633323
vt 0.250115 0.626960
vt 0.252032 0.631900
vt 0.251561 0.625738
vt 0.254935 0.629586
vt 0.252671 0.624162
vt 0.257229 0.626538
vt 0.253325 0.622371
vt 0.258653 0.622987
vt 0.253439 0.620537
vt 0.258989 0.619246
vt 0.252978 0.618852
vt 0.258107 0.615718
vt 0.251980 0.617507
vt 0.256031 0.612869
vt 0.250546 0.616661
vt 0.252993 0.611120
vt 0.248843 0.616407
vt 0.249417 0.610674
vt 0.247062 0.616761
vt 0.245773 0.611510
vt 0.245395 0.617667
vt 0.242466 0.613445
vt 0.244004 0.619013
vt 0.239790 0.616206
vt 0.243009 0.620654
vt 0.237940 0.619486
vt 0.242492 0.622426
vt 0.237025 0.622969
vt 0.233251 0.633044
vt 0.231736 0.628686
vt 0.235982 0.636468
vt 0.239718 0.638683
vt 0.244161 0.639525
vt 0.248955 0.638937
vt 0.253718 0.636956
vt 0.258062 0.633689
vt 0.261590 0.629313
vt 0.263900 0.624086
vt 0.264601 0.618393
vt 0.263370 0.612824
vt 0.260116 0.608221
vt 0.255211 0.605505
vt 0.249547 0.604973
vt 0.243986 0.606452
vt 0.239126 0.609529
vt 0.235320 0.613739
vt 0.232764 0.618624
vt 0.231560 0.623747
vt 0.228470 0.636817
vt 0.226444 0.631143
vt 0.232056 0.641274
vt 0.236939 0.644156
vt 0.242730 0.645267
vt 0.248974 0.644562
vt 0.255200 0.642108
vt 0.260941 0.638031
vt 0.265721 0.632504
vt 0.269027 0.625753
vt 0.270270 0.618134
vt 0.268820 0.610303
vt 0.264255 0.603538
vt 0.257069 0.599793
vt 0.249068 0.599344
vt 0.241610 0.601646
vt 0.235362 0.605954
vt 0.230616 0.611607
vt 0.227508 0.618036
vt 0.226110 0.624716
vt 0.223738 0.640637
vt 0.221206 0.633684
vt 0.228159 0.646107
vt 0.234168 0.649629
vt 0.241269 0.650991
vt 0.248898 0.650188
vt 0.256505 0.647335
vt 0.263574 0.642591
vt 0.269595 0.636117
vt 0.273986 0.628072
vt 0.275987 0.618669
vt 0.274548 0.608396
vt 0.268492 0.598770
vt 0.258324 0.593948
vt 0.247758 0.593844
vt 0.238560 0.597155
vt 0.231174 0.602744
vt 0.225705 0.609800
vt 0.222197 0.617686
vt 0.220687 0.625836
vt 0.219048 0.644484
vt 0.216022 0.636271
vt 0.224293 0.650964
vt 0.231426 0.655105
vt 0.239812 0.656696
vt 0.248762 0.655803
vt 0.257658 0.652618
vt 0.265969 0.647347
vt 0.273187 0.640149
vt 0.278722 0.631110
vt 0.281726 0.620242
vt 0.280709 0.607546
vt 0.272923 0.593849
vt 0.258468 0.587929
vt 0.245341 0.588556
vt 0.234771 0.593038
vt 0.226576 0.599918
vt 0.220619 0.608303
vt 0.216853 0.617542
vt 0.215301 0.627063
vt 0.214394 0.648329
vt 0.210889 0.638858
vt 0.220461 0.655845
vt 0.228739 0.660588
vt 0.238398 0.662378
vt 0.248604 0.661393
vt 0.258688 0.657936
vt 0.268132 0.652274
vt 0.276471 0.644583
vt 0.283172 0.634910
vt 0.287427 0.623113
vt 0.287567 0.608578
vt 0.277858 0.588722
vt 0.256329 0.581803
vt 0.241527 0.583551
vt 0.230216 0.589349
vt 0.221599 0.597492
vt 0.215389 0.607102
vt 0.211498 0.617569
vt 0.209963 0.628353
vt 0.209766 0.652133
vt 0.205805 0.641387
vt 0.216665 0.660750
vt 0.226141 0.666082
vt 0.237077 0.668032
vt 0.248469 0.666946
vt 0.259625 0.663269
vt 0.270074 0.657347
vt 0.279428 0.649390
vt 0.287261 0.639462
vt 0.292968 0.627453
vt 0.295555 0.613047
vt 0.294637 0.596627
vt 0.250536 0.574695
vt 0.267898 0.574410
vt 0.236214 0.578858
vt 0.224934 0.586138
vt 0.216288 0.595479
vt 0.210047 0.606182
vt 0.206152 0.617732
vt 0.204677 0.629654
vt 0.205141 0.655834
vt 0.200756 0.643781
vt 0.212905 0.665684
vt 0.223686 0.671598
vt 0.235918 0.673653
vt 0.248414 0.672446
vt 0.260504 0.668598
vt 0.271808 0.662540
vt 0.282041 0.654531
vt 0.290915 0.644692
vt 0.298085 0.633046
vt 0.303288 0.619684
vt 0.307828 0.605582
vt 0.242750 0.568125
vt 0.257388 0.562923
vt 0.229713 0.574749
vt 0.219031 0.583480
vt 0.210695 0.593892
vt 0.204623 0.605525
vt 0.200828 0.617989
vt 0.199448 0.630903
vt 0.200477 0.659333
vt 0.195721 0.645929
vt 0.209177 0.670664
vt 0.221462 0.677159
vt 0.235027 0.679238
vt 0.248513 0.677879
vt 0.261369 0.673905
vt 0.273353 0.667828
vt 0.284302 0.659960
vt 0.294067 0.650503
vt 0.302552 0.639641
vt 0.309995 0.627764
vt 0.318176 0.615942
vt 0.233621 0.562710
vt 0.245656 0.554003
vt 0.222300 0.571440
vt 0.212622 0.581439
vt 0.204872 0.592739
vt 0.199142 0.605110
vt 0.195537 0.618295
vt 0.194272 0.632021
vt 0.195685 0.662443
vt 0.190656 0.647668
vt 0.205465 0.675721
vt 0.219639 0.682814
vt 0.234566 0.684786
vt 0.248865 0.683234
vt 0.262273 0.679178
vt 0.274732 0.673191
vt 0.286202 0.665638
vt 0.296663 0.656803
vt 0.306209 0.647023
vt 0.315361 0.636895
vt 0.325902 0.627537
vt 0.223517 0.558765
vt 0.232745 0.547689
vt 0.214196 0.569088
vt 0.205812 0.580072
vt 0.198869 0.592030
vt 0.193623 0.604915
vt 0.190284 0.618593
vt 0.189137 0.632910
vt 0.190570 0.664797
vt 0.185483 0.648758
vt 0.201704 0.680907
vt 0.218604 0.688651
vt 0.234799 0.690307
vt 0.249605 0.688509
vt 0.263284 0.684407
vt 0.275974 0.678613
vt 0.287739 0.671527
vt 0.298658 0.663510
vt 0.308945 0.655019
vt 0.319227 0.646800
vt 0.331070 0.640045
vt 0.212723 0.556480
vt 0.218961 0.544092
vt 0.205583 0.567812
vt 0.198689 0.579427
vt 0.192723 0.591768
vt 0.188080 0.604911
vt 0.185062 0.618819
vt 0.184013 0.633439
vt 0.184708 0.665603
vt 0.180069 0.648849
vt 0.197557 0.686227
vt 0.219433 0.694738
vt 0.236128 0.695856
vt 0.250902 0.693719
vt 0.264484 0.689597
vt 0.277116 0.684087
vt 0.288916 0.677602
vt 0.300016 0.670553
vt 0.310676 0.663489
vt 0.321495 0.657246
vt 0.333695 0.653090
vt 0.201505 0.555996
vt 0.204725 0.543320
vt 0.196617 0.567711
vt 0.191335 0.579551
vt 0.186464 0.591959
vt 0.182513 0.605069
vt 0.179852 0.618897
vt 0.178855 0.633453
vt 0.177057 0.663049
vt 0.174233 0.647518
vt 0.181639 0.678717
vt 0.223876 0.702370
vt 0.207904 0.701424
vt 0.238978 0.701606
vt 0.252940 0.698898
vt 0.265969 0.694761
vt 0.278203 0.689617
vt 0.289737 0.683844
vt 0.300699 0.677877
vt 0.311328 0.672309
vt 0.322093 0.668017
vt 0.333801 0.666281
vt 0.190132 0.557431
vt 0.190528 0.545440
vt 0.187449 0.568879
vt 0.183815 0.580495
vt 0.180110 0.592615
vt 0.176910 0.605358
vt 0.174622 0.618747
vt 0.173598 0.632785
vt 0.168651 0.658099
vt 0.168025 0.644692
vt 0.168413 0.670323
vt 0.230799 0.710107
vt 0.219177 0.713497
vt 0.243415 0.707409
vt 0.255861 0.704048
vt 0.267843 0.699920
vt 0.279290 0.695219
vt 0.290211 0.690251
vt 0.300671 0.685437
vt 0.310828 0.681369
vt 0.320958 0.678896
vt 0.331431 0.679215
vt 0.178900 0.560884
vt 0.176924 0.550456
vt 0.178230 0.571416
vt 0.176194 0.582321
vt 0.173667 0.593750
vt 0.171243 0.605747
vt 0.169325 0.618289
vt 0.168197 0.631310
vt 0.160434 0.651255
vt 0.161634 0.640392
vt 0.157565 0.660405
vt 0.239689 0.717073
vt 0.231864 0.722547
vt 0.249412 0.713003
vt 0.259784 0.709130
vt 0.270218 0.705096
vt 0.280445 0.700925
vt 0.290346 0.696838
vt 0.299889 0.693204
vt 0.309099 0.690562
vt 0.318034 0.689658
vt 0.326674 0.691484
vt 0.168150 0.566441
vt 0.164525 0.558275
vt 0.169129 0.575438
vt 0.168530 0.585113
vt 0.167127 0.595397
vt 0.165466 0.606212
vt 0.163904 0.617447
vt 0.162635 0.628936
vt 0.152991 0.642740
vt 0.155299 0.634649
vt 0.149116 0.648939
vt 0.250235 0.722635
vt 0.245787 0.728412
vt 0.256939 0.718070
vt 0.264826 0.714063
vt 0.273230 0.710314
vt 0.281754 0.706791
vt 0.290160 0.703641
vt 0.298298 0.701160
vt 0.306051 0.699777
vt 0.313274 0.700056
vt 0.319681 0.702676
vt 0.158291 0.574151
vt 0.153995 0.568646
vt 0.160354 0.581079
vt 0.160886 0.588987
vt 0.160460 0.597609
vt 0.159502 0.606734
vt 0.158286 0.616149
vt 0.156920 0.625584
vt 0.146745 0.632707
vt 0.149268 0.627475
vt 0.143193 0.636223
vt 0.262130 0.726276
vt 0.260344 0.730916
vt 0.265963 0.722252
vt 0.271122 0.718720
vt 0.277048 0.715599
vt 0.283334 0.712901
vt 0.289677 0.710738
vt 0.295836 0.709312
vt 0.301584 0.708899
vt 0.306659 0.709820
vt 0.310691 0.712398
vt 0.149812 0.583973
vt 0.145991 0.581070
vt 0.152169 0.588480
vt 0.153337 0.594101
vt 0.153610 0.600479
vt 0.153234 0.607315
vt 0.152369 0.614322
vt 0.151071 0.621175
vt 0.142007 0.621342
vt 0.143760 0.618868
vt 0.139853 0.622743
vt 0.274933 0.727606
vt 0.274674 0.730124
vt 0.276414 0.725168
vt 0.278834 0.722932
vt 0.281906 0.720982
vt 0.285360 0.719399
vt 0.288948 0.718275
vt 0.292440 0.717714
vt 0.295611 0.717820
vt 0.298233 0.718684
vt 0.300066 0.720347
vt 0.143225 0.595685
vt 0.140966 0.594738
vt 0.144902 0.597747
vt 0.145974 0.600658
vt 0.146476 0.604156
vt 0.146465 0.607989
vt 0.145992 0.611900
vt 0.145088 0.615620
vt 0.247962 0.622135
vt 0.138815 0.608830
vt 0.288100 0.726580
vt 0.025754 0.029759
vt 0.025744 0.030209
vt 0.023961 0.030553
vt 0.023975 0.029679
vt 0.025897 0.030629
vt 0.024259 0.031368
vt 0.026200 0.030980
vt 0.024844 0.032056
vt 0.026627 0.031232
vt 0.025667 0.032560
vt 0.027139 0.031361
vt 0.026662 0.032833
vt 0.027692 0.031350
vt 0.027747 0.032845
vt 0.028235 0.031198
vt 0.028829 0.032578
vt 0.028713 0.030913
vt 0.029807 0.032036
vt 0.029077 0.030519
vt 0.030573 0.031251
vt 0.029284 0.030052
vt 0.031024 0.030289
vt 0.029306 0.029563
vt 0.031080 0.029260
vt 0.029138 0.029107
vt 0.030714 0.028303
vt 0.028798 0.028735
vt 0.029987 0.027542
vt 0.028330 0.028487
vt 0.029007 0.027059
vt 0.027785 0.028384
vt 0.027900 0.026887
vt 0.027221 0.028432
vt 0.026785 0.027019
vt 0.026693 0.028621
vt 0.025760 0.027420
vt 0.026249 0.028926
vt 0.024910 0.028041
vt 0.025927 0.029318
vt 0.024299 0.028817
vt 0.022183 0.030906
vt 0.022196 0.029627
vt 0.022620 0.032098
vt 0.023471 0.033108
vt 0.024666 0.033860
vt 0.026111 0.034290
vt 0.027698 0.034352
vt 0.029305 0.034011
vt 0.030793 0.033253
vt 0.032002 0.032093
vt 0.032751 0.030604
vt 0.032863 0.028961
vt 0.032253 0.027441
vt 0.031068 0.026275
vt 0.029535 0.025583
vt 0.027866 0.025384
vt 0.026227 0.025635
vt 0.024747 0.026270
vt 0.023528 0.027208
vt 0.022657 0.028360
vt 0.020406 0.031271
vt 0.020417 0.029599
vt 0.020981 0.032825
vt 0.022088 0.034145
vt 0.023632 0.035138
vt 0.025496 0.035731
vt 0.027549 0.035867
vt 0.029652 0.035497
vt 0.031646 0.034577
vt 0.033334 0.033081
vt 0.034451 0.031039
vt 0.034665 0.028664
vt 0.033728 0.026489
vt 0.031998 0.024911
vt 0.029884 0.024056
vt 0.027673 0.023879
vt 0.025555 0.024284
vt 0.023665 0.025167
vt 0.022115 0.026422
vt 0.021004 0.027940
vt 0.018631 0.031646
vt 0.018639 0.029591
vt 0.019343 0.033553
vt 0.020700 0.035173
vt 0.022577 0.036399
vt 0.024827 0.037156
vt 0.027304 0.037386
vt 0.029863 0.037030
vt 0.032342 0.036018
vt 0.034531 0.034257
vt 0.036100 0.031664
vt 0.036505 0.028366
vt 0.035091 0.025397
vt 0.032717 0.023423
vt 0.030022 0.022476
vt 0.027317 0.022379
vt 0.024776 0.022968
vt 0.022526 0.024107
vt 0.020680 0.025675
vt 0.019349 0.027549
vt 0.016859 0.032033
vt 0.016867 0.029597
vt 0.017711 0.034288
vt 0.019318 0.036196
vt 0.021510 0.037645
vt 0.024113 0.038566
vt 0.026969 0.038905
vt 0.029933 0.038606
vt 0.032855 0.037580
vt 0.035540 0.035672
vt 0.037653 0.032608
vt 0.038417 0.028069
vt 0.036235 0.024060
vt 0.033145 0.021779
vt 0.029923 0.020844
vt 0.026797 0.020890
vt 0.023900 0.021690
vt 0.021342 0.023088
vt 0.019233 0.024959
vt 0.017697 0.027178
vt 0.015091 0.032432
vt 0.015103 0.029610
vt 0.016091 0.035034
vt 0.017949 0.037223
vt 0.020443 0.038883
vt 0.023365 0.039960
vt 0.026550 0.040421
vt 0.029858 0.040217
vt 0.033161 0.039262
vt 0.036303 0.037375
vt 0.039017 0.034108
vt 0.040481 0.027818
vt 0.036881 0.022278
vt 0.033205 0.019942
vt 0.029572 0.019167
vt 0.026117 0.019422
vt 0.022937 0.020453
vt 0.020124 0.022106
vt 0.017785 0.024266
vt 0.016057 0.026817
vt 0.013325 0.032843
vt 0.013352 0.029617
vt 0.014488 0.035800
vt 0.016606 0.038260
vt 0.019388 0.040116
vt 0.022594 0.041342
vt 0.026053 0.041928
vt 0.029641 0.041852
vt 0.033248 0.041048
vt 0.036757 0.039381
vt 0.040002 0.036594
vt 0.042824 0.032705
vt 0.036880 0.019598
vt 0.040866 0.022738
vt 0.032867 0.017898
vt 0.028968 0.017465
vt 0.025285 0.017986
vt 0.021896 0.019259
vt 0.018882 0.021157
vt 0.016348 0.023585
vt 0.014438 0.026452
vt 0.011563 0.033267
vt 0.011622 0.029603
vt 0.012914 0.036596
vt 0.015306 0.039319
vt 0.018360 0.041352
vt 0.021809 0.042711
vt 0.025488 0.043425
vt 0.029285 0.043499
vt 0.033111 0.042907
vt 0.036884 0.041592
vt 0.040529 0.039525
vt 0.044160 0.037168
vt 0.036329 0.016673
vt 0.040605 0.018197
vt 0.032153 0.015767
vt 0.028122 0.015774
vt 0.024311 0.016594
vt 0.020789 0.018109
vt 0.017629 0.020232
vt 0.014933 0.022903
vt 0.012853 0.026062
vt 0.009800 0.033707
vt 0.009919 0.029534
vt 0.011384 0.037446
vt 0.014074 0.040420
vt 0.017380 0.042601
vt 0.021026 0.044073
vt 0.024862 0.044908
vt 0.028795 0.045146
vt 0.032753 0.044805
vt 0.036679 0.043910
vt 0.040557 0.042593
vt 0.044592 0.041424
vt 0.035260 0.013762
vt 0.039594 0.014011
vt 0.031084 0.013650
vt 0.027046 0.014129
vt 0.023205 0.015258
vt 0.019623 0.017003
vt 0.016374 0.019325
vt 0.013554 0.022202
vt 0.011316 0.025620
vt 0.008025 0.034168
vt 0.008260 0.029355
vt 0.009928 0.038391
vt 0.012946 0.041592
vt 0.016472 0.043879
vt 0.020258 0.045435
vt 0.024185 0.046377
vt 0.028178 0.046783
vt 0.032178 0.046712
vt 0.036146 0.046258
vt 0.040088 0.045652
vt 0.044203 0.045477
vt 0.033699 0.011003
vt 0.037835 0.010198
vt 0.029682 0.011621
vt 0.025756 0.012562
vt 0.021976 0.013990
vt 0.018409 0.015941
vt 0.015129 0.018423
vt 0.012227 0.021455
vt 0.009847 0.025079
vt 0.006216 0.034649
vt 0.006667 0.028944
vt 0.008616 0.039522
vt 0.011980 0.042886
vt 0.015666 0.045211
vt 0.019522 0.046806
vt 0.023466 0.047835
vt 0.027439 0.048401
vt 0.031393 0.048599
vt 0.035290 0.048574
vt 0.039136 0.048609
vt 0.043066 0.049264
vt 0.031676 0.008494
vt 0.035376 0.006839
vt 0.027967 0.009743
vt 0.024261 0.011102
vt 0.020632 0.012796
vt 0.017154 0.014917
vt 0.013904 0.017511
vt 0.010968 0.020630
vt 0.008474 0.024372
vt 0.004295 0.035089
vt 0.005190 0.028045
vt 0.007681 0.041054
vt 0.011257 0.044389
vt 0.014999 0.046631
vt 0.018836 0.048204
vt 0.022715 0.049286
vt 0.026585 0.049994
vt 0.030401 0.050446
vt 0.034119 0.050812
vt 0.037723 0.051394
vt 0.041254 0.052704
vt 0.029224 0.006314
vt 0.032294 0.004037
vt 0.025954 0.008065
vt 0.022572 0.009772
vt 0.019179 0.011684
vt 0.015864 0.013925
vt 0.012709 0.016567
vt 0.009797 0.019681
vt 0.007231 0.023393
vt 0.002075 0.030450
vt 0.003928 0.026055
vt 0.007279 0.043604
vt 0.003835 0.040442
vt 0.010842 0.046218
vt 0.014505 0.048180
vt 0.018220 0.049647
vt 0.021941 0.050739
vt 0.025619 0.051560
vt 0.029204 0.052231
vt 0.032640 0.052931
vt 0.035871 0.053945
vt 0.038844 0.055712
vt 0.026383 0.004539
vt 0.028686 0.001897
vt 0.023662 0.006638
vt 0.020695 0.008598
vt 0.017618 0.010660
vt 0.014541 0.012957
vt 0.011552 0.015568
vt 0.008729 0.018559
vt 0.006154 0.022014
vt 0.000627 0.026108
vt 0.002937 0.023382
vt 0.007420 0.046634
vt 0.004161 0.045258
vt 0.010776 0.048351
vt 0.014216 0.049886
vt 0.017693 0.051162
vt 0.021154 0.052209
vt 0.024544 0.053099
vt 0.027803 0.053939
vt 0.030855 0.054891
vt 0.033606 0.056200
vt 0.035920 0.058205
vt 0.023201 0.003249
vt 0.024679 0.000522
vt 0.021105 0.005511
vt 0.018631 0.007605
vt 0.015949 0.009728
vt 0.013186 0.011999
vt 0.010437 0.014487
vt 0.007778 0.017228
vt 0.005269 0.020229
vt 0.000000 0.021858
vt 0.002339 0.020315
vt 0.008149 0.049853
vt 0.005366 0.049650
vt 0.011103 0.050725
vt 0.014167 0.051762
vt 0.017276 0.052773
vt 0.020362 0.053715
vt 0.023360 0.054616
vt 0.026192 0.055554
vt 0.028767 0.056655
vt 0.030958 0.058099
vt 0.032579 0.060107
vt 0.019740 0.002523
vt 0.020426 0.000005
vt 0.018301 0.004742
vt 0.016379 0.006824
vt 0.014164 0.008894
vt 0.011791 0.011038
vt 0.009364 0.013295
vt 0.006956 0.015664
vt 0.004615 0.018075
vt 0.000202 0.017701
vt 0.002224 0.017012
vt 0.009512 0.053060
vt 0.007438 0.053548
vt 0.011873 0.053262
vt 0.014399 0.053810
vt 0.016995 0.054511
vt 0.019577 0.055286
vt 0.022062 0.056123
vt 0.024364 0.057063
vt 0.026376 0.058180
vt 0.027961 0.059577
vt 0.028929 0.061352
vt 0.016084 0.002450
vt 0.016127 0.000410
vt 0.015272 0.004401
vt 0.013933 0.006290
vt 0.012245 0.008165
vt 0.010344 0.010056
vt 0.008331 0.011964
vt 0.006280 0.013850
vt 0.004240 0.015605
vt 0.001207 0.013727
vt 0.002660 0.013586
vt 0.011535 0.056080
vt 0.010274 0.056801
vt 0.013146 0.055875
vt 0.014967 0.056027
vt 0.016885 0.056413
vt 0.018807 0.056962
vt 0.020643 0.057642
vt 0.022302 0.058456
vt 0.023681 0.059423
vt 0.024660 0.060568
vt 0.025098 0.061896
vt 0.012350 0.003111
vt 0.012020 0.001748
vt 0.012052 0.004567
vt 0.011279 0.006056
vt 0.010164 0.007551
vt 0.008817 0.009031
vt 0.007327 0.010458
vt 0.005769 0.011772
vt 0.004197 0.012866
vt 0.002938 0.010057
vt 0.003685 0.010137
vt 0.014190 0.058744
vt 0.013667 0.059266
vt 0.014976 0.058464
vt 0.015937 0.058404
vt 0.016993 0.058529
vt 0.018067 0.058808
vt 0.019087 0.059216
vt 0.019982 0.059732
vt 0.020681 0.060342
vt 0.021116 0.061022
vt 0.021224 0.061736
vt 0.008696 0.004549
vt 0.008359 0.003917
vt 0.008695 0.005325
vt 0.008401 0.006182
vt 0.007869 0.007068
vt 0.007159 0.007934
vt 0.006330 0.008733
vt 0.005438 0.009409
vt 0.004538 0.009900
vt 0.027542 0.029870
vt 0.005270 0.006713
vt 0.017363 0.060940
vt 0.019045 0.605461
vt 0.017508 0.603737
vt 0.026527 0.603085
vt 0.029278 0.606273
vt 0.015128 0.602323
vt 0.021754 0.598377
vt 0.137215 0.775132
vt 0.134988 0.773247
vt 0.140997 0.768777
vt 0.146237 0.772641
vt 0.131198 0.773059
vt 0.135150 0.767643
vt 0.126398 0.773829
vt 0.127124 0.769082
vt 0.121310 0.774935
vt 0.117433 0.770690
vt 0.116532 0.776004
vt 0.108038 0.772114
vt 0.112769 0.776962
vt 0.100998 0.772931
vt 0.110523 0.777815
vt 0.095913 0.774168
vt 0.109464 0.778960
vt 0.091888 0.776585
vt 0.109989 0.780230
vt 0.090974 0.779761
vt 0.003089 0.626614
vt 0.005151 0.625410
vt 0.004014 0.642921
vt 0.000687 0.646688
vt 0.007612 0.623235
vt 0.007598 0.636042
vt 0.010361 0.620900
vt 0.012115 0.629950
vt 0.013145 0.618906
vt 0.017130 0.625900
vt 0.015703 0.617121
vt 0.021879 0.623307
vt 0.017688 0.614810
vt 0.025536 0.619588
vt 0.019015 0.611913
vt 0.028222 0.614244
vt 0.019522 0.608635
vt 0.029653 0.609669
vt 0.036458 0.600493
vt 0.038203 0.606622
vt 0.029742 0.595504
vt 0.145297 0.765617
vt 0.153544 0.770773
vt 0.137100 0.764336
vt 0.126810 0.765630
vt 0.115523 0.765561
vt 0.101912 0.767308
vt 0.091911 0.767773
vt 0.083908 0.768709
vt 0.079188 0.770474
vt 0.077265 0.774401
vt 0.004405 0.657247
vt 0.000000 0.663060
vt 0.008487 0.647069
vt 0.014151 0.637651
vt 0.021279 0.632620
vt 0.027338 0.627534
vt 0.032112 0.622971
vt 0.035329 0.617979
vt 0.037575 0.612277
vt 0.044726 0.599339
vt 0.045220 0.607694
vt 0.039003 0.591641
vt 0.149593 0.761706
vt 0.159820 0.767230
vt 0.139020 0.760351
vt 0.125497 0.762352
vt 0.110831 0.762687
vt 0.095022 0.763606
vt 0.083313 0.762850
vt 0.074122 0.762004
vt 0.068129 0.762578
vt 0.062869 0.766235
vt 0.007547 0.671149
vt 0.003123 0.679176
vt 0.011288 0.658369
vt 0.016588 0.644518
vt 0.025426 0.637600
vt 0.032917 0.631984
vt 0.037839 0.624945
vt 0.041711 0.619967
vt 0.044139 0.613987
vt 0.052802 0.598992
vt 0.051934 0.608668
vt 0.052648 0.584806
vt 0.154392 0.752754
vt 0.166474 0.757827
vt 0.141786 0.753469
vt 0.125408 0.757523
vt 0.106523 0.759506
vt 0.089978 0.759322
vt 0.077326 0.757011
vt 0.066835 0.754487
vt 0.057814 0.752785
vt 0.050904 0.754327
vt 0.013830 0.684236
vt 0.009824 0.694245
vt 0.015469 0.668292
vt 0.019212 0.649824
vt 0.028802 0.641545
vt 0.037883 0.634695
vt 0.043457 0.627663
vt 0.047544 0.621517
vt 0.050513 0.615078
vt 0.063830 0.596819
vt 0.060692 0.608319
vt 0.068473 0.580706
vt 0.157966 0.742917
vt 0.171937 0.744433
vt 0.144304 0.745282
vt 0.128059 0.749722
vt 0.106363 0.754185
vt 0.089121 0.753469
vt 0.076265 0.750492
vt 0.064080 0.747018
vt 0.052100 0.742600
vt 0.041458 0.738741
vt 0.021608 0.694506
vt 0.020857 0.708275
vt 0.020402 0.675872
vt 0.022851 0.654971
vt 0.033345 0.645243
vt 0.042613 0.637153
vt 0.048683 0.629701
vt 0.054046 0.622144
vt 0.058190 0.615091
vt 0.075527 0.596978
vt 0.069583 0.608793
vt 0.083002 0.580830
vt 0.160465 0.733011
vt 0.174732 0.730523
vt 0.145995 0.737194
vt 0.129748 0.742535
vt 0.107990 0.747725
vt 0.089949 0.747413
vt 0.076714 0.744467
vt 0.064275 0.740384
vt 0.051312 0.734184
vt 0.034897 0.721157
vt 0.028885 0.700571
vt 0.025816 0.681205
vt 0.028047 0.660391
vt 0.038249 0.648118
vt 0.046827 0.638856
vt 0.054028 0.631517
vt 0.060353 0.623289
vt 0.065622 0.615967
vt 0.086798 0.599349
vt 0.078129 0.610727
vt 0.096201 0.584343
vt 0.161313 0.722537
vt 0.175268 0.716386
vt 0.146816 0.728981
vt 0.130783 0.735474
vt 0.109471 0.741352
vt 0.091195 0.741574
vt 0.078015 0.738932
vt 0.065948 0.734841
vt 0.053868 0.728697
vt 0.041436 0.718141
vt 0.034690 0.702165
vt 0.031631 0.684094
vt 0.034012 0.664587
vt 0.042623 0.651229
vt 0.051932 0.641039
vt 0.059208 0.633318
vt 0.066327 0.625012
vt 0.072626 0.617779
vt 0.097071 0.604125
vt 0.086188 0.613896
vt 0.107692 0.591017
vt 0.160474 0.711994
vt 0.173844 0.702201
vt 0.146722 0.720691
vt 0.131288 0.728452
vt 0.110725 0.735075
vt 0.092690 0.735854
vt 0.079860 0.733667
vt 0.068436 0.729803
vt 0.057435 0.724075
vt 0.047065 0.714822
vt 0.040702 0.701787
vt 0.037990 0.685013
vt 0.040381 0.667531
vt 0.048137 0.654078
vt 0.056930 0.643227
vt 0.064242 0.635360
vt 0.071942 0.627278
vt 0.079082 0.620461
vt 0.104214 0.611922
vt 0.093182 0.618342
vt 0.117742 0.602738
vt 0.158017 0.701887
vt 0.170345 0.686306
vt 0.145705 0.712576
vt 0.131231 0.721548
vt 0.111696 0.728925
vt 0.094256 0.730191
vt 0.081956 0.728517
vt 0.071305 0.724923
vt 0.061296 0.719742
vt 0.052268 0.711463
vt 0.046410 0.700096
vt 0.044376 0.685101
vt 0.046980 0.669484
vt 0.053929 0.656408
vt 0.062007 0.645509
vt 0.069110 0.637640
vt 0.077162 0.630032
vt 0.084830 0.624005
vt 0.109874 0.620479
vt 0.098945 0.623656
vt 0.127109 0.616111
vt 0.154369 0.692638
vt 0.163319 0.672779
vt 0.143717 0.704999
vt 0.130488 0.714963
vt 0.112086 0.722625
vt 0.095751 0.724601
vt 0.084153 0.723447
vt 0.074090 0.720419
vt 0.065080 0.715509
vt 0.057217 0.708032
vt 0.051984 0.697810
vt 0.051152 0.684846
vt 0.054425 0.670699
vt 0.060134 0.658497
vt 0.066911 0.647867
vt 0.073618 0.640302
vt 0.081892 0.633231
vt 0.090051 0.627790
vt 0.115348 0.628859
vt 0.103876 0.629246
vt 0.134911 0.631021
vt 0.149695 0.684454
vt 0.153524 0.661189
vt 0.141006 0.698140
vt 0.129233 0.708720
vt 0.112084 0.716591
vt 0.097379 0.718952
vt 0.086480 0.718314
vt 0.076862 0.715777
vt 0.069005 0.711210
vt 0.062822 0.704474
vt 0.059255 0.695307
vt 0.059789 0.683830
vt 0.064080 0.671790
vt 0.067611 0.660644
vt 0.072238 0.650397
vt 0.077901 0.643105
vt 0.086147 0.636755
vt 0.094519 0.632121
vt 0.118448 0.637016
vt 0.107295 0.635205
vt 0.140506 0.648864
vt 0.143503 0.675104
vt 0.138100 0.692069
vt 0.127536 0.702981
vt 0.112718 0.710000
vt 0.100825 0.712393
vt 0.090990 0.712677
vt 0.081252 0.710899
vt 0.075297 0.707068
vt 0.069561 0.701017
vt 0.067516 0.692897
vt 0.068920 0.683095
vt 0.074239 0.672807
vt 0.075817 0.662789
vt 0.077500 0.652929
vt 0.082198 0.646063
vt 0.089872 0.640579
vt 0.098084 0.636830
vt 0.118330 0.643950
vt 0.109037 0.641181
vt 0.131382 0.652181
vt 0.136578 0.668512
vt 0.134661 0.687237
vt 0.125857 0.697671
vt 0.114043 0.703589
vt 0.104027 0.705604
vt 0.095829 0.706630
vt 0.086739 0.705750
vt 0.082232 0.702649
vt 0.076503 0.697406
vt 0.075048 0.690569
vt 0.076943 0.682392
vt 0.081868 0.673525
vt 0.082492 0.664206
vt 0.083493 0.655610
vt 0.086683 0.649406
vt 0.092932 0.644743
vt 0.100628 0.641821
vt 0.117046 0.649786
vt 0.109422 0.646989
vt 0.124259 0.656216
vt 0.130431 0.667613
vt 0.130481 0.682831
vt 0.124667 0.692642
vt 0.115098 0.698034
vt 0.106041 0.699959
vt 0.098270 0.700984
vt 0.090521 0.700479
vt 0.086810 0.697855
vt 0.083163 0.693794
vt 0.082856 0.688146
vt 0.085177 0.681174
vt 0.087491 0.673774
vt 0.087607 0.665318
vt 0.088172 0.658208
vt 0.090558 0.652976
vt 0.095231 0.649141
vt 0.102137 0.646962
vt 0.115387 0.655640
vt 0.108896 0.652577
vt 0.120525 0.661363
vt 0.124577 0.669220
vt 0.126144 0.679912
vt 0.122820 0.688333
vt 0.116341 0.692775
vt 0.107836 0.695144
vt 0.101332 0.696101
vt 0.096512 0.695760
vt 0.092029 0.693747
vt 0.089565 0.690405
vt 0.090679 0.685864
vt 0.093031 0.680252
vt 0.092688 0.673789
vt 0.091952 0.666565
vt 0.092402 0.661033
vt 0.094400 0.656718
vt 0.097466 0.653678
vt 0.102691 0.652106
vt 0.113692 0.661586
vt 0.108997 0.658616
vt 0.117845 0.666417
vt 0.120490 0.671935
vt 0.122069 0.678512
vt 0.120398 0.684868
vt 0.116649 0.688413
vt 0.111115 0.690576
vt 0.106155 0.691663
vt 0.103017 0.691615
vt 0.100270 0.690170
vt 0.098364 0.687444
vt 0.098384 0.683826
vt 0.098986 0.679420
vt 0.097981 0.674203
vt 0.097147 0.668794
vt 0.097163 0.664245
vt 0.097944 0.660837
vt 0.100601 0.658539
vt 0.103869 0.657543
vt 0.113051 0.667248
vt 0.111039 0.665139
vt 0.115426 0.670273
vt 0.117469 0.674046
vt 0.118350 0.678184
vt 0.117878 0.681835
vt 0.116160 0.684579
vt 0.113463 0.686244
vt 0.110414 0.687091
vt 0.108080 0.687078
vt 0.106289 0.686109
vt 0.105050 0.684238
vt 0.104174 0.681587
vt 0.103924 0.678451
vt 0.103207 0.674876
vt 0.102423 0.671225
vt 0.101736 0.667938
vt 0.102283 0.665501
vt 0.104861 0.664115
vt 0.108233 0.664034
vt 0.113318 0.672124
vt 0.112627 0.671197
vt 0.114069 0.673572
vt 0.115085 0.675593
vt 0.115479 0.677506
vt 0.115151 0.679181
vt 0.114546 0.680615
vt 0.113565 0.681600
vt 0.112347 0.682072
vt 0.111103 0.682039
vt 0.110001 0.681501
vt 0.109239 0.680522
vt 0.108736 0.679162
vt 0.108295 0.677501
vt 0.107896 0.675676
vt 0.107687 0.673877
vt 0.107904 0.672327
vt 0.108726 0.671221
vt 0.110160 0.670694
vt 0.112037 0.670806
vt 0.009258 0.613267
vt 0.124328 0.780171
vt 0.112797 0.676728
vt 0.467473 0.694239
vt 0.465697 0.693411
vt 0.474417 0.681979
vt 0.477221 0.684494
vt 0.542187 0.864999
vt 0.541077 0.862925
vt 0.552111 0.860335
vt 0.555092 0.863633
vt 0.539051 0.860920
vt 0.547344 0.857465
vt 0.536439 0.859034
vt 0.541751 0.854624
vt 0.533461 0.857446
vt 0.535914 0.851969
vt 0.530308 0.856252
vt 0.529807 0.849832
vt 0.527234 0.855579
vt 0.523902 0.848331
vt 0.524489 0.855520
vt 0.518572 0.847700
vt 0.522372 0.856107
vt 0.514456 0.848137
vt 0.521245 0.857306
vt 0.512237 0.849923
vt 0.521196 0.859114
vt 0.511998 0.853301
vt 0.454202 0.715885
vt 0.456536 0.714326
vt 0.455451 0.723731
vt 0.451435 0.727611
vt 0.459244 0.712275
vt 0.459696 0.718673
vt 0.461793 0.709618
vt 0.464208 0.713270
vt 0.464049 0.706594
vt 0.468324 0.707511
vt 0.465963 0.703372
vt 0.472211 0.702137
vt 0.467522 0.700652
vt 0.475304 0.696771
vt 0.468365 0.698146
vt 0.477386 0.691859
vt 0.468371 0.695939
vt 0.478145 0.688132
vt 0.485474 0.672134
vt 0.488601 0.676201
vt 0.563172 0.855538
vt 0.568373 0.859354
vt 0.555474 0.852855
vt 0.546946 0.849832
vt 0.538426 0.846652
vt 0.529753 0.843805
vt 0.521288 0.841434
vt 0.514253 0.839697
vt 0.508981 0.839197
vt 0.504854 0.840978
vt 0.503158 0.845686
vt 0.455506 0.733015
vt 0.451149 0.739901
vt 0.460792 0.724946
vt 0.466814 0.716736
vt 0.472572 0.708495
vt 0.478159 0.700824
vt 0.483041 0.693312
vt 0.486834 0.686663
vt 0.488944 0.680690
vt 0.498520 0.664964
vt 0.501164 0.670769
vt 0.573157 0.849353
vt 0.580854 0.852434
vt 0.563373 0.846716
vt 0.551902 0.844592
vt 0.540912 0.841435
vt 0.530117 0.838134
vt 0.520706 0.834698
vt 0.512435 0.831949
vt 0.505859 0.830438
vt 0.500010 0.831125
vt 0.495421 0.835634
vt 0.457761 0.742531
vt 0.453173 0.752181
vt 0.463299 0.731468
vt 0.470115 0.720541
vt 0.477187 0.710220
vt 0.484260 0.700569
vt 0.490941 0.691361
vt 0.496751 0.682907
vt 0.500501 0.676166
vt 0.512737 0.661204
vt 0.514272 0.668179
vt 0.582149 0.840693
vt 0.591640 0.843500
vt 0.570530 0.839171
vt 0.556865 0.838478
vt 0.544129 0.835713
vt 0.531873 0.832385
vt 0.521703 0.828486
vt 0.512940 0.825114
vt 0.504347 0.822469
vt 0.495957 0.820983
vt 0.488234 0.823036
vt 0.462218 0.751602
vt 0.458517 0.764240
vt 0.467223 0.737705
vt 0.474183 0.724463
vt 0.482138 0.712590
vt 0.490392 0.702045
vt 0.498518 0.692032
vt 0.506168 0.682584
vt 0.511770 0.674933
vt 0.527763 0.660336
vt 0.526516 0.669181
vt 0.589303 0.830336
vt 0.600386 0.831942
vt 0.576431 0.830692
vt 0.561823 0.831206
vt 0.548080 0.829264
vt 0.535009 0.826418
vt 0.523802 0.822752
vt 0.513605 0.818978
vt 0.503023 0.815080
vt 0.492761 0.810578
vt 0.482480 0.807612
vt 0.468178 0.759551
vt 0.467251 0.776064
vt 0.471862 0.743041
vt 0.478714 0.728010
vt 0.487245 0.715007
vt 0.496410 0.704012
vt 0.505545 0.694282
vt 0.514601 0.684738
vt 0.521949 0.676566
vt 0.541563 0.663241
vt 0.537353 0.672849
vt 0.594243 0.819459
vt 0.606728 0.819678
vt 0.580937 0.821545
vt 0.566050 0.823349
vt 0.551620 0.822693
vt 0.538019 0.820651
vt 0.525538 0.817481
vt 0.514013 0.813418
vt 0.503263 0.808532
vt 0.492290 0.801807
vt 0.478975 0.788640
vt 0.474757 0.765531
vt 0.477055 0.747113
vt 0.483616 0.731020
vt 0.492501 0.717380
vt 0.502371 0.706133
vt 0.512836 0.695912
vt 0.522744 0.687428
vt 0.531158 0.680067
vt 0.554131 0.669420
vt 0.547379 0.678233
vt 0.597480 0.808890
vt 0.610698 0.806897
vt 0.584001 0.812584
vt 0.569054 0.815767
vt 0.554125 0.816491
vt 0.539973 0.815288
vt 0.527062 0.812463
vt 0.515517 0.808385
vt 0.505127 0.803202
vt 0.494980 0.796181
vt 0.485041 0.784940
vt 0.480827 0.767587
vt 0.482529 0.749660
vt 0.488783 0.733433
vt 0.497880 0.719713
vt 0.508226 0.708540
vt 0.519817 0.698387
vt 0.530847 0.690528
vt 0.539599 0.684652
vt 0.565733 0.678224
vt 0.556379 0.685191
vt 0.598938 0.797899
vt 0.611869 0.793618
vt 0.585833 0.803372
vt 0.571190 0.808167
vt 0.556082 0.810257
vt 0.541761 0.809927
vt 0.529048 0.807591
vt 0.517776 0.803719
vt 0.507996 0.798568
vt 0.498850 0.791753
vt 0.490819 0.781691
vt 0.486966 0.767227
vt 0.488284 0.750932
vt 0.494172 0.735339
vt 0.503338 0.722049
vt 0.513885 0.711321
vt 0.525932 0.702022
vt 0.537634 0.695092
vt 0.547125 0.690267
vt 0.575835 0.689498
vt 0.563999 0.693568
vt 0.598527 0.786737
vt 0.610224 0.780282
vt 0.586337 0.794084
vt 0.572558 0.800573
vt 0.557639 0.803933
vt 0.543675 0.804500
vt 0.531304 0.802767
vt 0.520502 0.799260
vt 0.511483 0.794300
vt 0.503217 0.787891
vt 0.496454 0.778687
vt 0.493091 0.766057
vt 0.494265 0.751433
vt 0.499705 0.736900
vt 0.508816 0.724448
vt 0.519329 0.714390
vt 0.531607 0.706087
vt 0.543689 0.700298
vt 0.553522 0.696866
vt 0.582790 0.703479
vt 0.570253 0.703092
vt 0.596292 0.775972
vt 0.606437 0.766805
vt 0.585436 0.785281
vt 0.572542 0.793028
vt 0.558733 0.797593
vt 0.545539 0.799031
vt 0.533790 0.797966
vt 0.523557 0.794962
vt 0.514987 0.790469
vt 0.507704 0.784348
vt 0.502012 0.775898
vt 0.499199 0.764658
vt 0.500405 0.751580
vt 0.505669 0.738411
vt 0.514184 0.726975
vt 0.524382 0.717802
vt 0.536682 0.710548
vt 0.548898 0.705965
vt 0.559217 0.703809
vt 0.587189 0.719568
vt 0.574629 0.713496
vt 0.592436 0.766250
vt 0.599546 0.753289
vt 0.583328 0.777482
vt 0.571675 0.786005
vt 0.559162 0.791355
vt 0.546984 0.793484
vt 0.536052 0.793041
vt 0.526676 0.790657
vt 0.518808 0.786721
vt 0.512362 0.780998
vt 0.507522 0.773259
vt 0.505235 0.763224
vt 0.506504 0.751576
vt 0.511505 0.739877
vt 0.519416 0.729608
vt 0.529092 0.721443
vt 0.541160 0.715316
vt 0.553141 0.711986
vt 0.563504 0.711323
vt 0.589205 0.738873
vt 0.576838 0.723857
vt 0.587516 0.759159
vt 0.580225 0.771216
vt 0.569882 0.779565
vt 0.558916 0.785195
vt 0.547375 0.787533
vt 0.537252 0.787606
vt 0.528729 0.785730
vt 0.522122 0.782462
vt 0.517019 0.777715
vt 0.512881 0.770679
vt 0.511092 0.761760
vt 0.512457 0.751560
vt 0.517123 0.741371
vt 0.524402 0.732361
vt 0.533457 0.725276
vt 0.544964 0.720317
vt 0.556275 0.718161
vt 0.566227 0.718887
vt 0.582755 0.741974
vt 0.575964 0.731159
vt 0.582112 0.756145
vt 0.576263 0.766292
vt 0.567164 0.773522
vt 0.557715 0.779188
vt 0.547224 0.781555
vt 0.538307 0.782132
vt 0.530486 0.780563
vt 0.524918 0.777894
vt 0.520835 0.773815
vt 0.517545 0.767556
vt 0.516474 0.759955
vt 0.518177 0.751580
vt 0.522487 0.742958
vt 0.529045 0.735228
vt 0.537493 0.729279
vt 0.548042 0.725469
vt 0.558212 0.724253
vt 0.567139 0.725742
vt 0.576955 0.744844
vt 0.572918 0.736766
vt 0.576347 0.754491
vt 0.571581 0.762396
vt 0.563745 0.768254
vt 0.555893 0.773489
vt 0.547516 0.776240
vt 0.539858 0.777073
vt 0.533109 0.775990
vt 0.528316 0.773753
vt 0.524310 0.769733
vt 0.521899 0.764421
vt 0.521558 0.758309
vt 0.523313 0.751524
vt 0.527200 0.744554
vt 0.532820 0.738173
vt 0.540966 0.733423
vt 0.550391 0.730704
vt 0.559009 0.730159
vt 0.566421 0.731888
vt 0.570914 0.746897
vt 0.568909 0.741413
vt 0.569633 0.752953
vt 0.565919 0.758979
vt 0.560120 0.764000
vt 0.554179 0.768491
vt 0.547883 0.771341
vt 0.541791 0.772388
vt 0.536280 0.771730
vt 0.531733 0.769614
vt 0.528484 0.766295
vt 0.526626 0.761948
vt 0.526585 0.757048
vt 0.527980 0.751540
vt 0.531144 0.746097
vt 0.535600 0.741082
vt 0.542727 0.737482
vt 0.551423 0.735814
vt 0.558613 0.735790
vt 0.564550 0.737505
vt 0.564279 0.748243
vt 0.563381 0.744624
vt 0.562971 0.752182
vt 0.560145 0.756367
vt 0.556580 0.760603
vt 0.552438 0.764182
vt 0.547858 0.766557
vt 0.543310 0.767590
vt 0.539124 0.767273
vt 0.535603 0.765735
vt 0.533078 0.763198
vt 0.531664 0.759859
vt 0.531326 0.755860
vt 0.532537 0.751766
vt 0.534673 0.747584
vt 0.537951 0.743873
vt 0.543321 0.741298
vt 0.549859 0.740184
vt 0.555474 0.740324
vt 0.559959 0.741726
vt 0.557536 0.749477
vt 0.556250 0.746824
vt 0.556819 0.752065
vt 0.555212 0.754881
vt 0.553035 0.757737
vt 0.550454 0.760212
vt 0.547475 0.761909
vt 0.544434 0.762722
vt 0.541587 0.762610
vt 0.539155 0.761618
vt 0.537440 0.759941
vt 0.536465 0.757661
vt 0.536262 0.754944
vt 0.536888 0.752049
vt 0.538367 0.749246
vt 0.540554 0.746749
vt 0.543867 0.745017
vt 0.547567 0.744122
vt 0.551022 0.744072
vt 0.553780 0.744864
vt 0.550936 0.750822
vt 0.550326 0.749576
vt 0.550954 0.752282
vt 0.550450 0.753815
vt 0.549527 0.755296
vt 0.548305 0.756553
vt 0.546840 0.757440
vt 0.545305 0.757894
vt 0.543848 0.757881
vt 0.542620 0.757425
vt 0.541711 0.756576
vt 0.541194 0.755407
vt 0.541111 0.754024
vt 0.541475 0.752554
vt 0.542256 0.751133
vt 0.543387 0.749873
vt 0.544760 0.748900
vt 0.546301 0.748347
vt 0.547821 0.748257
vt 0.549229 0.748684
vt 0.458886 0.704453
vt 0.531038 0.863265
vt 0.546034 0.753126
vt 0.103669 0.461310
vt 0.104163 0.462854
vt 0.099268 0.466485
vt 0.098266 0.463496
vt 0.105109 0.464069
vt 0.101122 0.468834
vt 0.106422 0.464851
vt 0.103675 0.470351
vt 0.107986 0.465128
vt 0.106713 0.470913
vt 0.109662 0.464875
vt 0.109986 0.470471
vt 0.111300 0.464107
vt 0.113217 0.469047
vt 0.112746 0.462885
vt 0.116119 0.466733
vt 0.113856 0.461309
vt 0.118414 0.463686
vt 0.114510 0.459519
vt 0.119838 0.460135
vt 0.114623 0.457685
vt 0.120173 0.456393
vt 0.114163 0.456000
vt 0.119292 0.452866
vt 0.113164 0.454654
vt 0.117216 0.450017
vt 0.111731 0.453808
vt 0.114178 0.448267
vt 0.110028 0.453555
vt 0.110602 0.447821
vt 0.108247 0.453909
vt 0.106958 0.448658
vt 0.106580 0.454814
vt 0.103650 0.450593
vt 0.105188 0.456161
vt 0.100975 0.453354
vt 0.104194 0.457802
vt 0.099125 0.456633
vt 0.103677 0.459573
vt 0.098210 0.460117
vt 0.094435 0.470192
vt 0.092921 0.465834
vt 0.097167 0.473616
vt 0.100903 0.475831
vt 0.105346 0.476673
vt 0.110139 0.476085
vt 0.114903 0.474103
vt 0.119246 0.470837
vt 0.122774 0.466461
vt 0.125085 0.461233
vt 0.125786 0.455541
vt 0.124555 0.449971
vt 0.121301 0.445369
vt 0.116396 0.442652
vt 0.110732 0.442121
vt 0.105171 0.443599
vt 0.100311 0.446677
vt 0.096505 0.450887
vt 0.093949 0.455772
vt 0.092745 0.460894
vt 0.089655 0.473964
vt 0.087629 0.468291
vt 0.093240 0.478422
vt 0.098123 0.481304
vt 0.103915 0.482414
vt 0.110159 0.481710
vt 0.116385 0.479255
vt 0.122126 0.475179
vt 0.126906 0.469651
vt 0.130212 0.462901
vt 0.131455 0.455282
vt 0.130005 0.447451
vt 0.125440 0.440686
vt 0.118254 0.436940
vt 0.110253 0.436492
vt 0.102795 0.438793
vt 0.096547 0.443102
vt 0.091800 0.448755
vt 0.088693 0.455183
vt 0.087295 0.461864
vt 0.084922 0.477785
vt 0.082391 0.470832
vt 0.089343 0.483254
vt 0.095352 0.486776
vt 0.102454 0.488139
vt 0.110083 0.487336
vt 0.117689 0.484483
vt 0.124759 0.479739
vt 0.130780 0.473265
vt 0.135171 0.465219
vt 0.137172 0.455817
vt 0.135732 0.445543
vt 0.129677 0.435918
vt 0.119508 0.431096
vt 0.108943 0.430992
vt 0.099745 0.434302
vt 0.092358 0.439891
vt 0.086890 0.446947
vt 0.083381 0.454833
vt 0.081872 0.462983
vt 0.080233 0.481632
vt 0.077206 0.473418
vt 0.085477 0.488112
vt 0.092611 0.492253
vt 0.100997 0.493844
vt 0.109947 0.492950
vt 0.118843 0.489766
vt 0.127154 0.484495
vt 0.134372 0.477296
vt 0.139907 0.468258
vt 0.142910 0.457390
vt 0.141894 0.444694
vt 0.134108 0.430996
vt 0.119653 0.425076
vt 0.106525 0.425703
vt 0.095956 0.430186
vt 0.087761 0.437066
vt 0.081804 0.445450
vt 0.078038 0.454689
vt 0.076486 0.464211
vt 0.075579 0.485477
vt 0.072074 0.476005
vt 0.081646 0.492992
vt 0.089924 0.497735
vt 0.099582 0.499526
vt 0.109789 0.498541
vt 0.119873 0.495083
vt 0.129316 0.489422
vt 0.137656 0.481730
vt 0.144356 0.472057
vt 0.148612 0.460261
vt 0.148752 0.445726
vt 0.139043 0.425869
vt 0.117514 0.418951
vt 0.102712 0.420699
vt 0.091401 0.426496
vt 0.082784 0.434640
vt 0.076574 0.444249
vt 0.072683 0.454716
vt 0.071148 0.465501
vt 0.070950 0.489280
vt 0.066989 0.478535
vt 0.077849 0.497897
vt 0.087326 0.503230
vt 0.098262 0.505180
vt 0.109654 0.504094
vt 0.120810 0.500416
vt 0.131258 0.494495
vt 0.140612 0.486538
vt 0.148446 0.476610
vt 0.154153 0.464601
vt 0.156740 0.450194
vt 0.155821 0.433774
vt 0.111721 0.411843
vt 0.129083 0.411558
vt 0.097399 0.416006
vt 0.086119 0.423286
vt 0.077473 0.432627
vt 0.071232 0.443329
vt 0.067336 0.454879
vt 0.065862 0.466802
vt 0.066326 0.492982
vt 0.061941 0.480928
vt 0.074090 0.502832
vt 0.084871 0.508746
vt 0.097103 0.510801
vt 0.109599 0.509594
vt 0.121689 0.505745
vt 0.132993 0.499687
vt 0.143226 0.491678
vt 0.152100 0.481839
vt 0.159270 0.470193
vt 0.164473 0.456832
vt 0.169013 0.442730
vt 0.103935 0.405272
vt 0.118573 0.400071
vt 0.090898 0.411896
vt 0.080216 0.420628
vt 0.071879 0.431039
vt 0.065807 0.442672
vt 0.062013 0.455137
vt 0.060633 0.468050
vt 0.061662 0.496480
vt 0.056906 0.483076
vt 0.070362 0.507811
vt 0.082647 0.514307
vt 0.096212 0.516385
vt 0.109698 0.515027
vt 0.122554 0.511053
vt 0.134537 0.504976
vt 0.145486 0.497108
vt 0.155252 0.487651
vt 0.163737 0.476788
vt 0.171180 0.464912
vt 0.179360 0.453090
vt 0.094806 0.399858
vt 0.106841 0.391151
vt 0.083484 0.408587
vt 0.073807 0.418587
vt 0.066057 0.429887
vt 0.060326 0.442258
vt 0.056722 0.455442
vt 0.055457 0.469169
vt 0.056869 0.499591
vt 0.051841 0.484816
vt 0.066650 0.512868
vt 0.080824 0.519961
vt 0.095751 0.521934
vt 0.110050 0.520382
vt 0.123458 0.516325
vt 0.135917 0.510338
vt 0.147387 0.502785
vt 0.157847 0.493951
vt 0.167394 0.484170
vt 0.176546 0.474043
vt 0.187087 0.464685
vt 0.084701 0.395912
vt 0.093930 0.384836
vt 0.075381 0.406236
vt 0.066996 0.417220
vt 0.060053 0.429177
vt 0.054808 0.442062
vt 0.051469 0.455740
vt 0.050322 0.470057
vt 0.051755 0.501945
vt 0.046668 0.485905
vt 0.062889 0.518055
vt 0.079789 0.525799
vt 0.095983 0.527454
vt 0.110790 0.525657
vt 0.124469 0.521555
vt 0.137159 0.515760
vt 0.148924 0.508675
vt 0.159843 0.500657
vt 0.170130 0.492167
vt 0.180412 0.483948
vt 0.192254 0.477193
vt 0.073908 0.393627
vt 0.080146 0.381240
vt 0.066768 0.404960
vt 0.059874 0.416575
vt 0.053907 0.428915
vt 0.049265 0.442059
vt 0.046247 0.455966
vt 0.045198 0.470586
vt 0.045892 0.502750
vt 0.041254 0.485996
vt 0.058742 0.523374
vt 0.080618 0.531885
vt 0.097312 0.533004
vt 0.112087 0.530866
vt 0.125669 0.526745
vt 0.138300 0.521235
vt 0.150101 0.514749
vt 0.161200 0.507701
vt 0.171861 0.500636
vt 0.182680 0.494394
vt 0.194880 0.490238
vt 0.062690 0.393144
vt 0.065909 0.380468
vt 0.057802 0.404859
vt 0.052519 0.416698
vt 0.047648 0.429107
vt 0.043697 0.442217
vt 0.041037 0.456045
vt 0.040040 0.470601
vt 0.038242 0.500197
vt 0.035418 0.484665
vt 0.042824 0.515865
vt 0.085060 0.539518
vt 0.069089 0.538572
vt 0.100163 0.538754
vt 0.114125 0.536046
vt 0.127154 0.531909
vt 0.139388 0.526764
vt 0.150922 0.520992
vt 0.161884 0.515025
vt 0.172512 0.509457
vt 0.183278 0.505164
vt 0.194985 0.503428
vt 0.051317 0.394578
vt 0.051713 0.382588
vt 0.048634 0.406027
vt 0.045000 0.417642
vt 0.041295 0.429762
vt 0.038094 0.442506
vt 0.035807 0.455895
vt 0.034783 0.469933
vt 0.029836 0.495247
vt 0.029210 0.481840
vt 0.029598 0.507471
vt 0.091984 0.547255
vt 0.080362 0.550645
vt 0.104600 0.544557
vt 0.117046 0.541196
vt 0.129028 0.537067
vt 0.140475 0.532366
vt 0.151395 0.527399
vt 0.161856 0.522585
vt 0.172013 0.518517
vt 0.182143 0.516044
vt 0.192616 0.516362
vt 0.040084 0.398032
vt 0.038109 0.387604
vt 0.039414 0.408564
vt 0.037379 0.419468
vt 0.034852 0.430898
vt 0.032428 0.442895
vt 0.030510 0.455437
vt 0.029381 0.468458
vt 0.021619 0.488403
vt 0.022818 0.477539
vt 0.018750 0.497552
vt 0.100873 0.554221
vt 0.093049 0.559694
vt 0.110597 0.550151
vt 0.120969 0.546278
vt 0.131403 0.542244
vt 0.141630 0.538073
vt 0.151531 0.533985
vt 0.161073 0.530351
vt 0.170284 0.527709
vt 0.179219 0.526806
vt 0.187859 0.528632
vt 0.029334 0.403589
vt 0.025710 0.395423
vt 0.030314 0.412586
vt 0.029714 0.422261
vt 0.028312 0.432544
vt 0.026651 0.443359
vt 0.025089 0.454595
vt 0.023820 0.466083
vt 0.014175 0.479888
vt 0.016484 0.471797
vt 0.010300 0.486087
vt 0.111420 0.559783
vt 0.106972 0.565560
vt 0.118123 0.555218
vt 0.126010 0.551211
vt 0.134415 0.547462
vt 0.142939 0.543938
vt 0.151345 0.540789
vt 0.159483 0.538307
vt 0.167235 0.536925
vt 0.174459 0.537204
vt 0.180865 0.539824
vt 0.019476 0.411298
vt 0.015180 0.405793
vt 0.021539 0.418226
vt 0.022070 0.426135
vt 0.021645 0.434756
vt 0.020687 0.443882
vt 0.019471 0.453296
vt 0.018105 0.462731
vt 0.007930 0.469854
vt 0.010453 0.464623
vt 0.004378 0.473371
vt 0.123314 0.563424
vt 0.121529 0.568063
vt 0.127148 0.559399
vt 0.132306 0.555868
vt 0.138233 0.552746
vt 0.144519 0.550048
vt 0.150862 0.547886
vt 0.157020 0.546460
vt 0.162769 0.546046
vt 0.167844 0.546968
vt 0.171875 0.549546
vt 0.010997 0.421121
vt 0.007176 0.418217
vt 0.013354 0.425627
vt 0.014522 0.431249
vt 0.014795 0.437626
vt 0.014418 0.444463
vt 0.013554 0.451469
vt 0.012256 0.458323
vt 0.003192 0.458489
vt 0.004944 0.456015
vt 0.001038 0.459890
vt 0.136118 0.564754
vt 0.135859 0.567271
vt 0.137599 0.562316
vt 0.140019 0.560079
vt 0.143091 0.558129
vt 0.146545 0.556547
vt 0.150133 0.555423
vt 0.153624 0.554861
vt 0.156796 0.554968
vt 0.159418 0.555832
vt 0.161251 0.557495
vt 0.004410 0.432832
vt 0.002151 0.431885
vt 0.006087 0.434894
vt 0.007158 0.437805
vt 0.007661 0.441304
vt 0.007650 0.445137
vt 0.007177 0.449047
vt 0.006272 0.452768
vt 0.109147 0.459282
vt 0.000000 0.445977
vt 0.149285 0.563727
vn 0.680189 0.651045 -0.336872
vn 0.639171 0.696964 -0.325117
vn 0.669092 0.718007 -0.191784
vn 0.737382 0.641554 -0.211368
vn 0.590600 0.736307 -0.330217
vn 0.588258 0.783478 -0.200285
vn 0.539275 0.765189 -0.351665
vn 0.502802 0.831554 -0.236027
vn 0.490195 0.780779 -0.387420
vn 0.421083 0.857535 -0.295506
vn 0.448158 0.781580 -0.433920
vn 0.351095 0.858874 -0.372916
vn 0.417281 0.767511 -0.486623
vn 0.299694 0.835439 -0.460680
vn 0.400586 0.739920 -0.540415
vn 0.271918 0.789521 -0.550197
vn 0.399724 0.701551 -0.589956
vn 0.270469 0.725638 -0.632689
vn 0.414756 0.656126 -0.630457
vn 0.295502 0.650017 -0.700112
vn 0.444239 0.608091 -0.657934
vn 0.344567 0.570053 -0.745864
vn 0.485265 0.562176 -0.669684
vn 0.412863 0.493590 -0.765450
vn 0.533805 0.522850 -0.664590
vn 0.493692 0.428124 -0.756953
vn 0.585146 0.493967 -0.643118
vn 0.579153 0.380051 -0.721210
vn 0.634226 0.478363 -0.607393
vn 0.660876 0.354066 -0.661725
vn 0.676252 0.477567 -0.560904
vn 0.730856 0.352735 -0.584319
vn 0.707136 0.491646 -0.508177
vn 0.782258 0.376169 -0.496558
vn 0.723823 0.519225 -0.454406
vn 0.810040 0.422079 -0.407045
vn 0.724699 0.557582 -0.404863
vn 0.811478 0.485975 -0.324549
vn 0.709662 0.603010 -0.364362
vn 0.786443 0.561601 -0.257124
vn 0.687079 0.725300 -0.043145
vn 0.783455 0.617404 -0.070780
vn 0.573007 0.817694 -0.055135
vn 0.452408 0.885540 -0.105572
vn 0.337072 0.922208 -0.189511
vn 0.238301 0.924099 -0.298754
vn 0.165771 0.891024 -0.422606
vn 0.126574 0.826229 -0.548931
vn 0.124540 0.736062 -0.665359
vn 0.159877 0.629342 -0.760505
vn 0.229117 0.516505 -0.825062
vn 0.325487 0.408612 -0.852699
vn 0.439555 0.316222 -0.840711
vn 0.560154 0.248377 -0.790276
vn 0.675484 0.211714 -0.706327
vn 0.774254 0.209828 -0.597079
vn 0.846792 0.242879 -0.473238
vn 0.885994 0.307668 -0.346922
vn 0.888027 0.397847 -0.230492
vn 0.852696 0.504572 -0.135335
vn 0.689527 0.715959 0.109339
vn 0.812296 0.578515 0.074137
vn 0.544220 0.833652 0.094067
vn 0.390590 0.920082 0.029816
vn 0.243672 0.966787 -0.077119
vn 0.117868 0.969191 -0.216275
vn 0.025472 0.927063 -0.374040
vn -0.024475 0.844525 -0.534957
vn -0.027071 0.729661 -0.683273
vn 0.017941 0.593707 -0.804481
vn 0.106145 0.449976 -0.886710
vn 0.228905 0.312543 -0.921911
vn 0.374215 0.194849 -0.906640
vn 0.527846 0.108419 -0.842392
vn 0.674759 0.061717 -0.735453
vn 0.800575 0.059315 -0.596290
vn 0.892973 0.101441 -0.438531
vn 0.942911 0.183971 -0.277621
vn 0.945506 0.298832 -0.129300
vn 0.900500 0.434782 -0.008089
vn 0.675725 0.689663 0.260308
vn 0.822168 0.525716 0.218318
vn 0.502391 0.830056 0.242094
vn 0.319128 0.933157 0.165454
vn 0.143877 0.988870 0.037883
vn -0.006198 0.991741 -0.128108
vn -0.116427 0.941489 -0.316296
vn -0.176002 0.843034 -0.508250
vn -0.179091 0.706011 -0.685182
vn -0.125401 0.543832 -0.829772
vn -0.020185 0.372384 -0.927859
vn 0.126260 0.208438 -0.969852
vn 0.299597 0.068038 -0.951637
vn 0.482862 -0.035065 -0.874994
vn 0.658109 -0.090779 -0.747430
vn 0.808190 -0.093647 -0.581429
vn 0.918412 -0.043389 -0.393240
vn 0.977983 0.055069 -0.201290
vn 0.981076 0.192084 -0.024359
vn 0.927388 0.354256 0.120228
vn 0.645816 0.646884 0.405540
vn 0.812525 0.460249 0.357735
vn 0.448489 0.806709 0.384811
vn 0.239862 0.924079 0.297565
vn 0.040359 0.987504 0.152339
vn -0.130493 0.990772 -0.036635
vn -0.255971 0.933565 -0.250869
vn -0.323783 0.821484 -0.469392
vn -0.327303 0.665503 -0.670805
vn -0.266185 0.480885 -0.835401
vn -0.146408 0.285700 -0.947069
vn 0.020304 0.099060 -0.994874
vn 0.217629 -0.060771 -0.974138
vn 0.426255 -0.178139 -0.886889
vn 0.625757 -0.241564 -0.741671
vn 0.796609 -0.244836 -0.552693
vn 0.922084 -0.187629 -0.338461
vn 0.989902 -0.075540 -0.119949
vn 0.993424 0.080448 0.081470
vn 0.932304 0.265065 0.246069
vn 0.600445 0.588614 0.541295
vn 0.783473 0.383705 0.488816
vn 0.383806 0.764081 0.518530
vn 0.154763 0.892934 0.422751
vn -0.064272 0.962566 0.263316
vn -0.251843 0.966156 0.055839
vn -0.389601 0.903349 -0.179365
vn -0.464056 0.780296 -0.419273
vn -0.467924 0.609046 -0.640399
vn -0.400823 0.406359 -0.821105
vn -0.269320 0.192066 -0.943704
vn -0.086290 -0.012842 -0.996187
vn 0.130350 -0.188309 -0.973421
vn 0.359399 -0.317161 -0.877634
vn 0.578430 -0.386787 -0.718202
vn 0.766002 -0.390384 -0.510726
vn 0.903757 -0.327578 -0.275527
vn 0.978213 -0.204526 -0.035619
vn 0.982078 -0.033284 0.185512
vn 0.914977 0.169411 0.366221
vn 0.540688 0.516227 0.664203
vn 0.735671 0.297933 0.608296
vn 0.309905 0.703149 0.639953
vn 0.065900 0.840420 0.537914
vn -0.167437 0.914599 0.368067
vn -0.367260 0.918422 0.147044
vn -0.514014 0.851513 -0.103514
vn -0.593330 0.720426 -0.359089
vn -0.597447 0.537988 -0.594664
vn -0.525961 0.322062 -0.787173
vn -0.385871 0.093785 -0.917773
vn -0.190887 -0.124498 -0.973685
vn 0.039900 -0.311426 -0.949432
vn 0.283903 -0.448703 -0.847387
vn 0.517241 -0.522877 -0.677540
vn 0.717060 -0.526696 -0.456527
vn 0.863816 -0.459783 -0.205966
vn 0.943131 -0.328697 0.049612
vn 0.947245 -0.146279 0.285182
vn 0.875762 0.069646 0.477692
vn 0.467984 0.431465 0.771251
vn 0.670258 0.205011 0.713249
vn 0.228566 0.625385 0.746091
vn -0.024562 0.767787 0.640234
vn -0.266617 0.844737 0.464041
vn -0.473914 0.848702 0.234755
vn -0.626155 0.779292 -0.025176
vn -0.708436 0.643303 -0.290309
vn -0.712708 0.454046 -0.534686
vn -0.638552 0.230042 -0.734392
vn -0.493221 -0.006775 -0.869877
vn -0.290945 -0.233217 -0.927880
vn -0.051531 -0.427136 -0.902718
vn 0.201589 -0.569546 -0.796856
vn 0.443646 -0.646496 -0.620663
vn 0.650946 -0.650454 -0.391382
vn 0.803187 -0.581042 -0.131457
vn 0.885473 -0.445048 0.133680
vn 0.889742 -0.255790 0.378062
vn 0.815586 -0.031801 0.577762
vn 0.384069 0.336371 0.859852
vn 0.588790 0.107177 0.801148
vn 0.141753 0.532646 0.834382
vn -0.114435 0.676776 0.727241
vn -0.359425 0.754654 0.548918
vn -0.569232 0.758669 0.316853
vn -0.723319 0.688417 0.053778
vn -0.806601 0.550779 -0.214565
vn -0.810924 0.359232 -0.461904
vn -0.735872 0.132517 -0.664026
vn -0.588784 -0.107177 -0.801153
vn -0.384062 -0.336374 -0.859854
vn -0.141750 -0.532640 -0.834387
vn 0.114437 -0.676770 -0.727246
vn 0.359428 -0.754657 -0.548912
vn 0.569230 -0.758671 -0.316853
vn 0.723316 -0.688420 -0.053779
vn 0.806600 -0.550780 0.214565
vn 0.810928 -0.359219 0.461906
vn 0.735876 -0.132502 0.664025
vn 0.290953 0.233220 0.927877
vn 0.493222 0.006776 0.869877
vn 0.051536 0.427138 0.902717
vn -0.201586 0.569547 0.796856
vn -0.443643 0.646498 0.620662
vn -0.650940 0.650462 0.391378
vn -0.803177 0.581058 0.131448
vn -0.885460 0.445074 -0.133681
vn -0.889736 0.255808 -0.378062
vn -0.815581 0.031806 -0.577768
vn -0.670254 -0.205008 -0.713254
vn -0.467982 -0.431466 -0.771252
vn -0.228567 -0.625389 -0.746087
vn 0.024558 -0.767791 -0.640230
vn 0.266613 -0.844745 -0.464029
vn 0.473909 -0.848707 -0.234748
vn 0.626153 -0.779294 0.025177
vn 0.708436 -0.643304 0.290307
vn 0.712711 -0.454043 0.534685
vn 0.638552 -0.230043 0.734392
vn 0.190884 0.124496 0.973686
vn 0.385868 -0.093785 0.917775
vn -0.039904 0.311417 0.949435
vn -0.283905 0.448690 0.847394
vn -0.517240 0.522867 0.677549
vn -0.717063 0.526686 0.456533
vn -0.863811 0.459790 0.205970
vn -0.943129 0.328705 -0.049606
vn -0.947250 0.146263 -0.285175
vn -0.875765 -0.069661 -0.477685
vn -0.735673 -0.297938 -0.608291
vn -0.540690 -0.516222 -0.664206
vn -0.309898 -0.703154 -0.639951
vn -0.065893 -0.840421 -0.537913
vn 0.167445 -0.914595 -0.368073
vn 0.367267 -0.918417 -0.147055
vn 0.514020 -0.851509 0.103514
vn 0.593330 -0.720426 0.359090
vn 0.597446 -0.537992 0.594662
vn 0.525959 -0.322060 0.787175
vn 0.086294 0.012837 0.996187
vn 0.269322 -0.192067 0.943703
vn -0.130348 0.188308 0.973422
vn -0.359394 0.317170 0.877633
vn -0.578428 0.386800 0.718197
vn -0.766000 0.390384 0.510729
vn -0.903760 0.327569 0.275530
vn -0.978216 0.204509 0.035624
vn -0.982079 0.033271 -0.185509
vn -0.914977 -0.169414 -0.366218
vn -0.783475 -0.383705 -0.488813
vn -0.600444 -0.588611 -0.541298
vn -0.383806 -0.764077 -0.518536
vn -0.154754 -0.892934 -0.422753
vn 0.064278 -0.962564 -0.263324
vn 0.251850 -0.966154 -0.055847
vn 0.389599 -0.903350 0.179361
vn 0.464049 -0.780301 0.419272
vn 0.467915 -0.609049 0.640402
vn 0.400820 -0.406355 0.821109
vn -0.020303 -0.099058 0.994875
vn 0.146404 -0.285700 0.947070
vn -0.217630 0.060767 0.974138
vn -0.426255 0.178142 0.886889
vn -0.625759 0.241567 0.741668
vn -0.796610 0.244833 0.552692
vn -0.922086 0.187624 0.338458
vn -0.989903 0.075540 0.119942
vn -0.993424 -0.080446 -0.081475
vn -0.932303 -0.265066 -0.246073
vn -0.812527 -0.460245 -0.357737
vn -0.645814 -0.646882 -0.405546
vn -0.448490 -0.806708 -0.384810
vn -0.239863 -0.924081 -0.297558
vn -0.040361 -0.987504 -0.152336
vn 0.130489 -0.990772 0.036644
vn 0.255966 -0.933566 0.250872
vn 0.323787 -0.821485 0.469388
vn 0.327309 -0.665499 0.670806
vn 0.266185 -0.480885 0.835401
vn -0.126266 -0.208443 0.969850
vn 0.020175 -0.372393 0.927856
vn -0.299605 -0.068046 0.951634
vn -0.482862 0.035050 0.874995
vn -0.658108 0.090756 0.747434
vn -0.808190 0.093630 0.581431
vn -0.918412 0.043385 0.393239
vn -0.977983 -0.055062 0.201287
vn -0.981077 -0.192082 0.024361
vn -0.927384 -0.354269 -0.120224
vn -0.822171 -0.525715 -0.218310
vn -0.675730 -0.689659 -0.260306
vn -0.502392 -0.830056 -0.242092
vn -0.319128 -0.933159 -0.165444
vn -0.143879 -0.988870 -0.037880
vn 0.006191 -0.991739 0.128119
vn 0.116419 -0.941487 0.316306
vn 0.175992 -0.843034 0.508252
vn 0.179087 -0.706017 0.685177
vn 0.125394 -0.543842 0.829767
vn -0.228910 -0.312543 0.921910
vn -0.106148 -0.449982 0.886707
vn -0.374217 -0.194847 0.906640
vn -0.527846 -0.108418 0.842392
vn -0.674761 -0.061710 0.735451
vn -0.800573 -0.059298 0.596295
vn -0.892967 -0.101448 0.438541
vn -0.942909 -0.183985 0.277620
vn -0.945505 -0.298833 0.129300
vn -0.900495 -0.434790 0.008092
vn -0.812300 -0.578509 -0.074133
vn -0.689535 -0.715952 -0.109330
vn -0.544220 -0.833652 -0.094065
vn -0.390593 -0.920080 -0.029816
vn -0.243679 -0.966785 0.077123
vn -0.117870 -0.969191 0.216278
vn -0.025471 -0.927065 0.374034
vn 0.024471 -0.844533 0.534945
vn 0.027063 -0.729670 0.683264
vn -0.017944 -0.593709 0.804480
vn -0.325481 -0.408604 0.852705
vn -0.229108 -0.516504 0.825065
vn -0.439547 -0.316213 0.840718
vn -0.560154 -0.248361 0.790281
vn -0.675494 -0.211690 0.706325
vn -0.774255 -0.209795 0.597089
vn -0.846788 -0.242876 0.473245
vn -0.885994 -0.307683 0.346909
vn -0.888029 -0.397849 0.230478
vn -0.852694 -0.504580 0.135323
vn -0.783456 -0.617405 0.070771
vn -0.687082 -0.725297 0.043149
vn -0.573008 -0.817693 0.055137
vn -0.452418 -0.885535 0.105574
vn -0.337080 -0.922203 0.189521
vn -0.238306 -0.924097 0.298755
vn -0.165777 -0.891026 0.422600
vn -0.126571 -0.826233 0.548924
vn -0.124538 -0.736057 0.665365
vn -0.159870 -0.629330 0.760516
vn -0.412857 -0.493599 0.765447
vn -0.344558 -0.570059 0.745863
vn -0.493685 -0.428124 0.756958
vn -0.579147 -0.380047 0.721216
vn -0.660879 -0.354073 0.661719
vn -0.730859 -0.352725 0.584321
vn -0.782264 -0.376164 0.496553
vn -0.810045 -0.422081 0.407032
vn -0.811484 -0.485976 0.324533
vn -0.786444 -0.561604 0.257114
vn -0.737367 -0.641570 0.211369
vn -0.669079 -0.718020 0.191783
vn -0.588269 -0.783469 0.200289
vn -0.502807 -0.831552 0.236020
vn -0.421074 -0.857541 0.295501
vn -0.351082 -0.858878 0.372922
vn -0.299690 -0.835439 0.460682
vn -0.271910 -0.789525 0.550195
vn -0.270465 -0.725623 0.632708
vn -0.295495 -0.650005 0.700126
vn -0.485248 -0.562193 0.669682
vn -0.444232 -0.608113 0.657919
vn -0.533798 -0.522863 0.664585
vn -0.585132 -0.493993 0.643110
vn -0.634223 -0.478390 0.607375
vn -0.676253 -0.477578 0.560892
vn -0.707141 -0.491654 0.508161
vn -0.723826 -0.519231 0.454395
vn -0.724688 -0.557604 0.404853
vn -0.709641 -0.603037 0.364358
vn -0.680163 -0.651065 0.336888
vn -0.639154 -0.696982 0.325112
vn -0.590632 -0.736278 0.330224
vn -0.539288 -0.765173 0.351680
vn -0.490177 -0.780797 0.387404
vn -0.448143 -0.781588 0.433922
vn -0.417276 -0.767505 0.486639
vn -0.400594 -0.739933 0.540392
vn -0.399729 -0.701545 0.589959
vn -0.414768 -0.656120 0.630455
vn 0.573846 0.642612 -0.507691
vn -0.573850 -0.642609 0.507691
vn 0.757281 0.587781 -0.284674
vn 0.721167 0.648366 -0.244005
vn 0.787388 0.611548 -0.077653
vn 0.794871 0.596485 -0.111286
vn 0.659693 0.708121 -0.251735
vn 0.720699 0.688831 -0.078136
vn 0.561100 0.767566 -0.309854
vn 0.593196 0.789119 -0.159408
vn 0.417164 0.789732 -0.449774
vn 0.365766 0.853092 -0.372087
vn 0.307064 0.770671 -0.558370
vn 0.200429 0.801492 -0.563417
vn 0.243046 0.763143 -0.598783
vn 0.121774 0.777401 -0.617105
vn 0.218637 0.761863 -0.609724
vn 0.117278 0.776792 -0.618740
vn 0.249674 0.713573 -0.654581
vn 0.182040 0.731589 -0.656992
vn 0.331316 0.626713 -0.705309
vn 0.319853 0.617158 -0.718895
vn 0.434931 0.535382 -0.724017
vn 0.442978 0.466675 -0.765496
vn 0.545334 0.458620 -0.701626
vn 0.545454 0.330295 -0.770315
vn 0.629992 0.395427 -0.668392
vn 0.692771 0.195629 -0.694117
vn 0.662759 0.364307 -0.654240
vn 0.718878 0.167175 -0.674735
vn 0.664659 0.359703 -0.654860
vn 0.671147 0.189788 -0.716619
vn 0.667668 0.361404 -0.650850
vn 0.641684 0.215808 -0.735982
vn 0.700496 0.386514 -0.599927
vn 0.688048 0.257686 -0.678371
vn 0.759117 0.443798 -0.476219
vn 0.738364 0.365428 -0.566816
vn 0.778784 0.502922 -0.374920
vn 0.772491 0.486204 -0.408489
vn 0.770681 0.563845 -0.296866
vn 0.790156 0.562032 -0.244485
vn 0.780290 0.622363 -0.061742
vn 0.759031 0.639732 -0.120897
vn 0.740838 0.671324 0.021981
vn 0.545403 0.835471 0.067261
vn 0.119052 0.983312 -0.137564
vn -0.066898 0.895849 -0.439295
vn -0.064719 0.829928 -0.554104
vn 0.016745 0.809023 -0.587538
vn 0.157592 0.763133 -0.626732
vn 0.360596 0.593440 -0.719583
vn 0.495534 0.395982 -0.773074
vn 0.572974 0.257006 -0.778234
vn 0.706730 0.072830 -0.703724
vn 0.768819 -0.033378 -0.638595
vn 0.647697 0.004572 -0.761884
vn 0.537901 0.077600 -0.839429
vn 0.618444 0.220880 -0.754148
vn 0.690199 0.328891 -0.644559
vn 0.743774 0.459401 -0.485542
vn 0.762763 0.588757 -0.267503
vn 0.752324 0.655227 0.068453
vn 0.774138 0.632995 -0.005292
vn 0.694811 0.706399 0.135050
vn 0.457370 0.866428 0.200287
vn -0.050006 0.998737 0.004997
vn -0.320558 0.906267 -0.275543
vn -0.289091 0.850964 -0.438505
vn -0.159126 0.849482 -0.503049
vn 0.031708 0.784604 -0.619186
vn 0.273391 0.578016 -0.768866
vn 0.497565 0.357854 -0.790171
vn 0.610762 0.218601 -0.761041
vn 0.717690 0.090587 -0.690445
vn 0.816203 -0.093622 -0.570129
vn 0.625229 -0.171954 -0.761262
vn 0.364883 -0.087519 -0.926931
vn 0.523048 0.116826 -0.844258
vn 0.713488 0.268050 -0.647367
vn 0.818059 0.373084 -0.437707
vn 0.826754 0.538459 -0.162910
vn 0.744066 0.617933 0.254018
vn 0.808499 0.548789 0.212509
vn 0.632077 0.721648 0.282315
vn 0.331692 0.902286 0.275426
vn -0.093925 0.994963 0.035024
vn -0.319914 0.905538 -0.278668
vn -0.332517 0.854730 -0.398584
vn -0.279457 0.851177 -0.444299
vn -0.185279 0.756571 -0.627114
vn 0.009377 0.548407 -0.836159
vn 0.321068 0.314023 -0.893479
vn 0.569146 0.191183 -0.799701
vn 0.725919 0.099268 -0.680579
vn 0.861388 -0.075535 -0.502299
vn 0.655875 -0.205643 -0.726319
vn 0.265343 -0.105894 -0.958321
vn 0.501716 0.037802 -0.864206
vn 0.837326 0.114012 -0.534683
vn 0.953222 0.191316 -0.234023
vn 0.921002 0.385823 0.053818
vn 0.722802 0.567064 0.394963
vn 0.797274 0.474210 0.373468
vn 0.562454 0.718867 0.408504
vn 0.203641 0.909282 0.362955
vn -0.148225 0.981850 0.118322
vn -0.345285 0.908808 -0.234192
vn -0.381858 0.847450 -0.368798
vn -0.375892 0.834631 -0.402613
vn -0.357783 0.722674 -0.591383
vn -0.243812 0.481468 -0.841870
vn 0.033455 0.211589 -0.976786
vn 0.371857 0.083240 -0.924550
vn 0.692882 -0.023009 -0.720684
vn 0.875232 -0.111801 -0.470606
vn 0.692859 -0.112330 -0.712270
vn 0.279264 -0.106725 -0.954265
vn 0.537759 -0.282095 -0.794505
vn 0.922224 -0.186465 -0.338723
vn 0.999925 0.009040 -0.008216
vn 0.932867 0.266184 0.242705
vn 0.685079 0.500310 0.529488
vn 0.768039 0.397360 0.502216
vn 0.476418 0.690766 0.543937
vn 0.074906 0.883883 0.461671
vn -0.224695 0.944825 0.238363
vn -0.443878 0.884538 -0.143405
vn -0.488417 0.814091 -0.314172
vn -0.490313 0.796398 -0.354038
vn -0.492517 0.672822 -0.552031
vn -0.401846 0.405656 -0.820953
vn -0.199771 0.101118 -0.974611
vn 0.093870 -0.117617 -0.988613
vn 0.553132 -0.339949 -0.760578
vn 0.833523 -0.342528 -0.433491
vn 0.673727 -0.280017 -0.683873
vn 0.238058 -0.536141 -0.809865
vn 0.398153 -0.729635 -0.555974
vn 0.849100 -0.485607 -0.207884
vn 0.986046 -0.120118 0.115262
vn 0.914698 0.168450 0.367358
vn 0.619101 0.418554 0.664474
vn 0.721225 0.311129 0.618897
vn 0.355216 0.625510 0.694665
vn -0.035782 0.820687 0.570257
vn -0.298879 0.892966 0.336575
vn -0.539783 0.840287 -0.050528
vn -0.600092 0.761236 -0.245783
vn -0.606997 0.737084 -0.297090
vn -0.616325 0.606833 -0.501893
vn -0.526756 0.321476 -0.786881
vn -0.325921 -0.002884 -0.945393
vn -0.088592 -0.294560 -0.951518
vn 0.362681 -0.630749 -0.686016
vn 0.678699 -0.643292 -0.354321
vn 0.571360 -0.636174 -0.518488
vn 0.244865 -0.767434 -0.592525
vn 0.268058 -0.807862 -0.524885
vn 0.763997 -0.598630 -0.240730
vn 0.950408 -0.232715 0.206321
vn 0.875428 0.068980 0.478400
vn 0.460443 0.288556 0.839480
vn 0.636776 0.209866 0.741938
vn 0.211946 0.457182 0.863749
vn -0.107334 0.702882 0.703162
vn -0.366259 0.833353 0.413977
vn -0.623351 0.781319 0.031204
vn -0.697629 0.694368 -0.176542
vn -0.709485 0.664741 -0.233988
vn -0.725673 0.528158 -0.440963
vn -0.638909 0.229724 -0.734181
vn -0.425651 -0.101750 -0.899149
vn -0.154576 -0.406855 -0.900320
vn 0.291239 -0.725198 -0.623914
vn 0.566136 -0.757114 -0.325987
vn 0.516729 -0.745686 -0.420646
vn 0.325484 -0.750192 -0.575563
vn 0.276904 -0.726502 -0.628903
vn 0.713465 -0.657371 -0.242551
vn 0.894213 -0.339421 0.291849
vn 0.815344 -0.032147 0.578084
vn 0.326355 0.177298 0.928471
vn 0.516975 0.120491 0.847478
vn 0.158264 0.290268 0.943767
vn -0.106688 0.592078 0.798788
vn -0.432513 0.764220 0.478435
vn -0.700523 0.706278 0.102169
vn -0.782209 0.613699 -0.107342
vn -0.797003 0.580801 -0.165702
vn -0.818819 0.438467 -0.370516
vn -0.735873 0.132510 -0.664027
vn -0.515588 -0.198179 -0.833603
vn -0.203697 -0.464836 -0.861647
vn 0.320606 -0.705307 -0.632261
vn 0.572795 -0.747351 -0.336710
vn 0.501800 -0.760515 -0.412084
vn 0.349598 -0.725537 -0.592771
vn 0.279041 -0.717559 -0.638157
vn 0.653503 -0.732934 -0.189054
vn 0.818818 -0.438469 0.370516
vn 0.735873 -0.132512 0.664027
vn 0.268887 0.171814 0.947724
vn 0.415491 0.069347 0.906950
vn 0.182875 0.253006 0.950024
vn -0.098673 0.514251 0.851944
vn -0.499178 0.682119 0.534355
vn -0.770628 0.616447 0.161636
vn -0.850197 0.524956 -0.039816
vn -0.863002 0.495437 -0.098846
vn -0.890597 0.342550 -0.299158
vn -0.815033 0.032594 -0.578497
vn -0.594816 -0.302569 -0.744745
vn -0.307441 -0.581379 -0.753312
vn 0.211690 -0.843530 -0.493604
vn 0.459794 -0.867995 -0.187549
vn 0.343054 -0.881563 -0.324284
vn 0.251463 -0.745495 -0.617255
vn 0.331900 -0.675848 -0.658082
vn 0.637280 -0.759652 -0.129630
vn 0.725673 -0.528159 0.440961
vn 0.638910 -0.229725 0.734180
vn 0.214348 0.134030 0.967518
vn 0.325922 0.002882 0.945392
vn 0.114843 0.174639 0.977912
vn -0.183538 0.358571 0.915282
vn -0.567433 0.542318 0.619606
vn -0.819694 0.534823 0.205103
vn -0.867579 0.497296 0.001689
vn -0.867266 0.490192 -0.086961
vn -0.918664 0.276131 -0.282504
vn -0.863694 -0.066728 -0.499581
vn -0.659936 -0.428622 -0.617064
vn -0.409570 -0.711484 -0.571001
vn 0.041964 -0.957835 -0.284236
vn 0.307929 -0.950956 -0.029358
vn 0.137770 -0.964472 -0.225417
vn -0.010034 -0.797514 -0.603217
vn 0.273819 -0.748411 -0.604074
vn 0.605002 -0.796197 -0.006511
vn 0.616014 -0.607200 0.501832
vn 0.526758 -0.321476 0.786879
vn 0.082632 0.021881 0.996340
vn 0.218090 -0.096651 0.971131
vn -0.076774 0.015421 0.996929
vn -0.262382 0.112151 0.958425
vn -0.576629 0.368105 0.729382
vn -0.830669 0.502893 0.238930
vn -0.839501 0.542426 0.031810
vn -0.841931 0.532955 -0.084333
vn -0.927393 0.250187 -0.278117
vn -0.895518 -0.122375 -0.427870
vn -0.717515 -0.498643 -0.486341
vn -0.468702 -0.768802 -0.435044
vn -0.022528 -0.981273 -0.191300
vn 0.268527 -0.963121 0.017100
vn 0.070700 -0.970477 -0.230598
vn -0.199101 -0.806284 -0.557014
vn 0.054034 -0.892836 -0.447129
vn 0.448453 -0.880119 0.155824
vn 0.489126 -0.676326 0.550762
vn 0.402099 -0.405574 0.820870
vn -0.058016 -0.064150 0.996252
vn 0.104095 -0.194926 0.975278
vn -0.185957 -0.060920 0.980668
vn -0.258359 -0.008649 0.966010
vn -0.498242 0.250693 0.830005
vn -0.797077 0.515080 0.315215
vn -0.822324 0.561987 0.089189
vn -0.882935 0.469251 -0.015155
vn -0.969437 0.145055 -0.197864
vn -0.924734 -0.181047 -0.334798
vn -0.753015 -0.539780 -0.376305
vn -0.497018 -0.810981 -0.308681
vn -0.100649 -0.992310 -0.072041
vn 0.166036 -0.984148 0.062324
vn 0.031037 -0.951463 -0.306196
vn -0.204662 -0.758083 -0.619213
vn -0.053869 -0.927316 -0.370382
vn 0.288845 -0.926150 0.242518
vn 0.352698 -0.729851 0.585595
vn 0.267996 -0.479872 0.835404
vn -0.090760 -0.077595 0.992845
vn 0.013393 -0.287300 0.957747
vn -0.135295 0.052001 0.989440
vn -0.149039 0.082891 0.985351
vn -0.322899 0.236972 0.916286
vn -0.696791 0.559517 0.448803
vn -0.834725 0.535151 0.129801
vn -0.947998 0.312688 0.059381
vn -0.995763 -0.047644 -0.078655
vn -0.929722 -0.316565 -0.188160
vn -0.754125 -0.623550 -0.206109
vn -0.478512 -0.870355 -0.116228
vn -0.174937 -0.980157 0.093214
vn -0.052047 -0.995502 0.079161
vn -0.140794 -0.919464 -0.367101
vn -0.194878 -0.743395 -0.639833
vn -0.054554 -0.943344 -0.327301
vn 0.173386 -0.945208 0.276621
vn 0.213984 -0.762379 0.610728
vn 0.133733 -0.539056 0.831585
vn 0.006644 -0.075855 0.997097
vn 0.003703 -0.368436 0.929646
vn 0.010212 0.174731 0.984563
vn -0.016871 0.267966 0.963281
vn -0.132087 0.321777 0.937557
vn -0.527771 0.584805 0.616004
vn -0.848595 0.493357 0.191013
vn -0.977045 0.200591 0.071739
vn -0.991290 -0.128270 0.029851
vn -0.905201 -0.424785 -0.012964
vn -0.736290 -0.676294 0.022445
vn -0.455239 -0.884419 0.102761
vn -0.241807 -0.952515 0.185055
vn -0.265642 -0.963154 0.042064
vn -0.376717 -0.885373 -0.272394
vn -0.342808 -0.845412 -0.409586
vn -0.154596 -0.978646 -0.135473
vn 0.037605 -0.930030 0.365554
vn 0.087003 -0.762441 0.641182
vn 0.043321 -0.573478 0.818075
vn 0.053532 -0.142870 0.988293
vn 0.024420 -0.424027 0.905320
vn 0.037265 0.153469 0.987451
vn 0.003109 0.323492 0.946226
vn -0.058794 0.364333 0.929411
vn -0.393423 0.445271 0.804334
vn -0.846022 0.343783 0.407505
vn -0.984569 0.072655 0.159202
vn -0.976413 -0.179269 0.120330
vn -0.867830 -0.479735 0.129328
vn -0.708033 -0.686448 0.165765
vn -0.526683 -0.823491 0.210875
vn -0.377353 -0.906625 0.188773
vn -0.417129 -0.907745 0.044746
vn -0.508651 -0.854586 -0.104673
vn -0.497220 -0.859444 -0.118862
vn -0.336647 -0.933123 0.126292
vn -0.128121 -0.881453 0.454561
vn -0.038568 -0.735708 0.676200
vn -0.008805 -0.597409 0.801888
vn -0.048062 -0.226816 0.972751
vn -0.048289 -0.453504 0.889945
vn -0.099965 -0.029816 0.994544
vn -0.120495 0.167421 0.978494
vn -0.185419 0.253361 0.949436
vn -0.367068 0.181938 0.912228
vn -0.733302 0.026251 0.679396
vn -0.897913 -0.175816 0.403536
vn -0.885383 -0.360823 0.293094
vn -0.801387 -0.540235 0.256758
vn -0.686516 -0.687306 0.237290
vn -0.584223 -0.779536 0.225847
vn -0.505734 -0.841817 0.188620
vn -0.517792 -0.846743 0.122140
vn -0.560283 -0.825384 0.069462
vn -0.554213 -0.826897 0.095340
vn -0.451931 -0.854328 0.256674
vn -0.279785 -0.810143 0.515159
vn -0.182077 -0.718136 0.671661
vn -0.122694 -0.645997 0.753415
vn -0.287111 -0.316630 0.904054
vn -0.268410 -0.480629 0.834837
vn -0.291755 -0.261454 0.920066
vn -0.326032 -0.161973 0.931380
vn -0.430786 -0.061204 0.900377
vn -0.523743 -0.113827 0.844237
vn -0.596826 -0.237141 0.766527
vn -0.719599 -0.397496 0.569363
vn -0.744223 -0.500221 0.442618
vn -0.714621 -0.592501 0.371834
vn -0.659329 -0.679462 0.321894
vn -0.608485 -0.738481 0.290504
vn -0.575838 -0.769621 0.275852
vn -0.571342 -0.778209 0.260689
vn -0.580733 -0.775554 0.247518
vn -0.571787 -0.775052 0.268987
vn -0.505076 -0.775074 0.379681
vn -0.390839 -0.747836 0.536644
vn -0.337664 -0.716440 0.610489
vn -0.327876 -0.669363 0.666671
vn 0.575359 0.635254 -0.515184
vn -0.572383 -0.601256 0.557556
vn 0.664660 0.668464 -0.333740
vn 0.604157 0.729941 -0.319657
vn 0.601179 0.772496 -0.204531
vn 0.702087 0.676276 -0.222988
vn 0.538426 0.780777 -0.316993
vn 0.483329 0.850699 -0.206651
vn 0.490715 0.809915 -0.321305
vn 0.402140 0.890967 -0.210857
vn 0.457591 0.823748 -0.334738
vn 0.355456 0.908220 -0.220878
vn 0.425471 0.825591 -0.370640
vn 0.305683 0.912391 -0.272214
vn 0.396971 0.810824 -0.430091
vn 0.259720 0.891303 -0.371651
vn 0.383999 0.776834 -0.499073
vn 0.242565 0.842759 -0.480540
vn 0.389378 0.724940 -0.568197
vn 0.258543 0.764716 -0.590224
vn 0.413685 0.655094 -0.632232
vn 0.294058 0.644785 -0.705537
vn 0.458387 0.557098 -0.692476
vn 0.356548 0.479151 -0.802052
vn 0.506655 0.462093 -0.727853
vn 0.435502 0.305841 -0.846640
vn 0.547338 0.401369 -0.734387
vn 0.497051 0.172007 -0.850502
vn 0.590515 0.348695 -0.727807
vn 0.555353 0.088621 -0.826879
vn 0.653708 0.317159 -0.687078
vn 0.653296 0.036756 -0.756209
vn 0.711451 0.324311 -0.623426
vn 0.755962 0.049916 -0.652710
vn 0.742414 0.364527 -0.562086
vn 0.832027 0.115532 -0.542571
vn 0.764034 0.420428 -0.489379
vn 0.877284 0.243599 -0.413560
vn 0.754351 0.505805 -0.418468
vn 0.861933 0.392101 -0.321448
vn 0.712961 0.598472 -0.365401
vn 0.794518 0.549635 -0.258152
vn 0.575945 0.814456 -0.070355
vn 0.722924 0.684858 -0.091388
vn 0.411200 0.908209 -0.077910
vn 0.294401 0.950049 -0.103610
vn 0.228764 0.967298 -0.109550
vn 0.165847 0.972946 -0.160842
vn 0.115812 0.949681 -0.291021
vn 0.113855 0.890917 -0.439664
vn 0.127732 0.794337 -0.593897
vn 0.156440 0.622156 -0.767104
vn 0.220233 0.385879 -0.895877
vn 0.332184 0.152829 -0.930751
vn 0.432914 0.007963 -0.901400
vn 0.510919 -0.079829 -0.855914
vn 0.627964 -0.128121 -0.767624
vn 0.761616 -0.124042 -0.636046
vn 0.878426 -0.040959 -0.476120
vn 0.942303 0.101886 -0.318879
vn 0.937864 0.278891 -0.206473
vn 0.857027 0.497480 -0.134233
vn 0.537697 0.840305 0.069064
vn 0.734893 0.675902 0.055587
vn 0.359709 0.932415 0.034811
vn 0.204264 0.978672 -0.021854
vn 0.121315 0.991927 -0.036925
vn 0.070345 0.993974 -0.084062
vn 0.026767 0.975895 -0.216595
vn 0.016415 0.925640 -0.378050
vn 0.003095 0.806895 -0.590688
vn 0.016416 0.590195 -0.807094
vn 0.097404 0.325480 -0.940519
vn 0.230936 0.086032 -0.969158
vn 0.376249 -0.066063 -0.924161
vn 0.489508 -0.142517 -0.860274
vn 0.613790 -0.190509 -0.766138
vn 0.760773 -0.178691 -0.623935
vn 0.895235 -0.088080 -0.436802
vn 0.966697 0.047767 -0.251429
vn 0.970508 0.213063 -0.112775
vn 0.900585 0.434620 -0.007143
vn 0.517707 0.832709 0.196407
vn 0.739780 0.638073 0.213514
vn 0.320202 0.938201 0.131340
vn 0.138219 0.989491 0.042460
vn 0.066353 0.997790 0.003682
vn 0.044425 0.997627 -0.052599
vn -0.015860 0.985012 -0.171756
vn -0.079649 0.939312 -0.333690
vn -0.146737 0.798191 -0.584260
vn -0.125037 0.550225 -0.825602
vn -0.002154 0.271763 -0.962362
vn 0.161458 0.037077 -0.986183
vn 0.323349 -0.130646 -0.937218
vn 0.458071 -0.227730 -0.859250
vn 0.588922 -0.276894 -0.759277
vn 0.742818 -0.262807 -0.615755
vn 0.892942 -0.164589 -0.419005
vn 0.978619 -0.012030 -0.205329
vn 0.989192 0.143258 -0.031245
vn 0.924664 0.360922 0.121376
vn 0.497318 0.789383 0.359930
vn 0.735580 0.560201 0.380916
vn 0.268418 0.929703 0.252198
vn 0.068189 0.989561 0.126962
vn 0.017501 0.997515 0.068243
vn -0.007191 0.999964 0.004629
vn -0.108635 0.986318 -0.123996
vn -0.237945 0.923367 -0.301289
vn -0.324790 0.750973 -0.574935
vn -0.267049 0.483088 -0.833853
vn -0.104821 0.192177 -0.975746
vn 0.086004 -0.053837 -0.994839
vn 0.264260 -0.230731 -0.936445
vn 0.411063 -0.335490 -0.847628
vn 0.549390 -0.386506 -0.740799
vn 0.708307 -0.386624 -0.590612
vn 0.874660 -0.310803 -0.371983
vn 0.977753 -0.161980 -0.133270
vn 0.997603 0.027969 0.063295
vn 0.931169 0.267249 0.247998
vn 0.454106 0.701318 0.549492
vn 0.711012 0.462336 0.529818
vn 0.167218 0.880996 0.442589
vn -0.056642 0.957212 0.283789
vn -0.105717 0.971545 0.211951
vn -0.164104 0.976344 0.140795
vn -0.304520 0.952295 -0.020046
vn -0.438107 0.863038 -0.251453
vn -0.486696 0.677945 -0.550924
vn -0.402077 0.405588 -0.820873
vn -0.218088 0.096650 -0.971131
vn -0.003481 -0.163414 -0.986552
vn 0.195649 -0.341473 -0.919303
vn 0.356142 -0.440474 -0.824103
vn 0.503583 -0.491193 -0.710728
vn 0.667014 -0.503148 -0.549487
vn 0.843834 -0.448070 -0.295260
vn 0.950964 -0.308061 -0.027686
vn 0.979516 -0.112808 0.166802
vn 0.914131 0.166437 0.369681
vn 0.393016 0.609448 0.688558
vn 0.660003 0.377000 0.649821
vn 0.067182 0.794341 0.603746
vn -0.189737 0.875257 0.444887
vn -0.258314 0.892230 0.370405
vn -0.346212 0.894585 0.282587
vn -0.487097 0.868690 0.090078
vn -0.589804 0.786005 -0.185274
vn -0.616327 0.606831 -0.501894
vn -0.526757 0.321473 -0.786881
vn -0.325921 -0.002883 -0.945393
vn -0.089846 -0.266960 -0.959510
vn 0.125633 -0.441990 -0.888179
vn 0.295334 -0.537867 -0.789605
vn 0.451183 -0.588909 -0.670538
vn 0.620941 -0.601946 -0.502089
vn 0.812091 -0.535671 -0.231443
vn 0.917606 -0.395285 0.041829
vn 0.944387 -0.213917 0.249744
vn 0.874633 0.067377 0.480082
vn 0.324323 0.533537 0.781123
vn 0.594193 0.290487 0.750034
vn -0.004905 0.724787 0.688956
vn -0.264318 0.806324 0.529130
vn -0.347494 0.820044 0.454725
vn -0.445358 0.822174 0.354521
vn -0.576873 0.800966 0.160223
vn -0.685563 0.718601 -0.116688
vn -0.725673 0.528158 -0.440962
vn -0.638908 0.229723 -0.734182
vn -0.425651 -0.101749 -0.899149
vn -0.172377 -0.363383 -0.915554
vn 0.056423 -0.532231 -0.844717
vn 0.233483 -0.623830 -0.745870
vn 0.394654 -0.674462 -0.623979
vn 0.567346 -0.688316 -0.452039
vn 0.762767 -0.621988 -0.176967
vn 0.871401 -0.480325 0.099740
vn 0.893909 -0.314453 0.319445
vn 0.815344 -0.032149 0.578083
vn 0.250659 0.452360 0.855886
vn 0.515588 0.198178 0.833603
vn -0.070582 0.656426 0.751081
vn -0.320474 0.746690 0.582881
vn -0.407320 0.760248 0.506077
vn -0.505033 0.763139 0.403189
vn -0.637731 0.738691 0.218256
vn -0.764438 0.642714 -0.050528
vn -0.818819 0.438468 -0.370516
vn -0.735873 0.132511 -0.664026
vn -0.515588 -0.198178 -0.833604
vn -0.250658 -0.452361 -0.855885
vn -0.012150 -0.613177 -0.789852
vn 0.170300 -0.700006 -0.693535
vn 0.333959 -0.749654 -0.571394
vn 0.505873 -0.765651 -0.397330
vn 0.694150 -0.710609 -0.114850
vn 0.798418 -0.576966 0.172161
vn 0.817648 -0.414411 0.399643
vn 0.735875 -0.132511 0.664025
vn 0.172377 0.363383 0.915554
vn 0.425652 0.101748 0.899149
vn -0.134777 0.579352 0.803857
vn -0.376603 0.680582 0.628473
vn -0.467274 0.690388 0.552286
vn -0.569899 0.682978 0.456899
vn -0.708930 0.645278 0.284665
vn -0.839652 0.542349 0.029005
vn -0.896790 0.337399 -0.286234
vn -0.815532 0.031873 -0.577833
vn -0.594190 -0.290488 -0.750037
vn -0.324322 -0.533535 -0.781124
vn -0.079969 -0.682934 -0.726090
vn 0.109136 -0.762260 -0.638003
vn 0.274477 -0.811656 -0.515633
vn 0.439849 -0.832248 -0.337486
vn 0.615510 -0.786732 -0.046899
vn 0.709626 -0.661465 0.242681
vn 0.723232 -0.505580 0.470451
vn 0.638910 -0.229724 0.734181
vn 0.089847 0.266960 0.959510
vn 0.325922 0.002882 0.945392
vn -0.198207 0.492463 0.847464
vn -0.442021 0.599893 0.666893
vn -0.553431 0.580166 0.597597
vn -0.669903 0.527098 0.522874
vn -0.802121 0.462435 0.377830
vn -0.915353 0.372919 0.151854
vn -0.965240 0.207632 -0.158746
vn -0.880709 -0.065584 -0.469096
vn -0.654323 -0.374044 -0.657231
vn -0.389457 -0.599923 -0.698868
vn -0.143258 -0.736986 -0.660552
vn 0.050812 -0.812790 -0.580337
vn 0.216725 -0.864279 -0.453930
vn 0.369370 -0.889799 -0.267999
vn 0.524246 -0.851104 0.028073
vn 0.604860 -0.733466 0.310116
vn 0.612426 -0.586134 0.530454
vn 0.526758 -0.321476 0.786880
vn 0.003408 0.163388 0.986556
vn 0.218090 -0.096651 0.971131
vn -0.273046 0.387392 0.880553
vn -0.544335 0.471398 0.693890
vn -0.663457 0.404320 0.629563
vn -0.757464 0.330308 0.563156
vn -0.859964 0.263620 0.436998
vn -0.948805 0.186903 0.254628
vn -0.997908 0.055926 -0.032435
vn -0.918781 -0.169937 -0.356317
vn -0.691596 -0.432414 -0.578544
vn -0.424961 -0.625539 -0.654301
vn -0.165436 -0.761236 -0.627017
vn 0.012359 -0.854829 -0.518762
vn 0.151436 -0.914311 -0.375637
vn 0.289546 -0.939721 -0.181901
vn 0.418962 -0.901266 0.110414
vn 0.484365 -0.791912 0.371841
vn 0.487261 -0.654283 0.578351
vn 0.402099 -0.405574 0.820869
vn -0.097991 0.049183 0.993971
vn 0.103370 -0.195017 0.975337
vn -0.383588 0.250178 0.888972
vn -0.659469 0.303881 0.687573
vn -0.738820 0.239432 0.629934
vn -0.789398 0.202826 0.579407
vn -0.874519 0.176303 0.451812
vn -0.951263 0.095669 0.293164
vn -0.997740 -0.047507 0.047522
vn -0.928379 -0.269233 -0.256177
vn -0.714914 -0.488829 -0.499945
vn -0.433188 -0.650531 -0.623824
vn -0.146953 -0.788576 -0.597120
vn 0.021560 -0.880933 -0.472751
vn 0.124189 -0.938400 -0.322463
vn 0.235764 -0.966723 -0.099313
vn 0.318787 -0.927404 0.195695
vn 0.353401 -0.833374 0.424967
vn 0.350128 -0.708281 0.612984
vn 0.267935 -0.480007 0.835347
vn -0.245514 -0.078810 0.966184
vn -0.026222 -0.289637 0.956777
vn -0.520651 0.063942 0.851372
vn -0.733772 0.123839 0.668014
vn -0.765703 0.128383 0.630251
vn -0.786845 0.134314 0.602358
vn -0.871411 0.135680 0.471416
vn -0.948627 0.049999 0.312421
vn -0.986137 -0.125614 0.108416
vn -0.926956 -0.352475 -0.128510
vn -0.747009 -0.562650 -0.354122
vn -0.483316 -0.733281 -0.478230
vn -0.188485 -0.855344 -0.482555
vn 0.013538 -0.908663 -0.417311
vn 0.142380 -0.940696 -0.307927
vn 0.242611 -0.969042 -0.045796
vn 0.264448 -0.923315 0.278489
vn 0.238847 -0.848698 0.471872
vn 0.209359 -0.743048 0.635648
vn 0.127329 -0.542608 0.830280
vn -0.408026 -0.205277 0.889593
vn -0.184049 -0.383033 0.905214
vn -0.616910 -0.107396 0.779672
vn -0.741637 -0.032819 0.669999
vn -0.756191 0.032089 0.653564
vn -0.773751 0.066378 0.630003
vn -0.855340 0.047683 0.515868
vn -0.931315 -0.048820 0.360928
vn -0.956643 -0.226420 0.183215
vn -0.899130 -0.437682 0.000065
vn -0.765081 -0.626132 -0.150369
vn -0.558143 -0.792352 -0.246281
vn -0.319955 -0.901454 -0.291565
vn -0.096157 -0.951232 -0.293107
vn 0.073138 -0.969945 -0.232071
vn 0.215777 -0.976263 0.018701
vn 0.236933 -0.909726 0.340971
vn 0.172312 -0.841180 0.512567
vn 0.091339 -0.751708 0.653140
vn -0.023242 -0.585889 0.810058
vn -0.510455 -0.319095 0.798508
vn -0.320479 -0.481526 0.815737
vn -0.651909 -0.205120 0.730028
vn -0.709135 -0.140589 0.690914
vn -0.727272 -0.084609 0.681114
vn -0.762375 -0.063576 0.644005
vn -0.828330 -0.106546 0.550016
vn -0.884599 -0.204916 0.418920
vn -0.898696 -0.345190 0.270534
vn -0.853815 -0.503266 0.133128
vn -0.751500 -0.659295 0.024030
vn -0.609065 -0.791573 -0.049510
vn -0.436064 -0.894956 -0.094357
vn -0.273568 -0.957152 -0.094976
vn -0.126311 -0.990932 -0.045824
vn 0.034480 -0.988081 0.150023
vn 0.113303 -0.912263 0.393623
vn 0.094979 -0.839631 0.534789
vn -0.002455 -0.760447 0.649396
vn -0.161454 -0.630857 0.758915
vn -0.532591 -0.433906 0.726686
vn -0.398581 -0.560363 0.726035
vn -0.636484 -0.324310 0.699794
vn -0.669884 -0.270703 0.691358
vn -0.695076 -0.242193 0.676913
vn -0.736692 -0.240629 0.631967
vn -0.783103 -0.277608 0.556493
vn -0.815676 -0.350193 0.460475
vn -0.820282 -0.449515 0.353656
vn -0.787403 -0.561785 0.253760
vn -0.716487 -0.675812 0.172987
vn -0.624935 -0.770592 0.125078
vn -0.518983 -0.847940 0.107957
vn -0.415882 -0.901848 0.117103
vn -0.326681 -0.929567 0.170834
vn -0.215730 -0.930943 0.294628
vn -0.131507 -0.890059 0.436465
vn -0.108699 -0.836493 0.537089
vn -0.160698 -0.764319 0.624494
vn -0.281484 -0.659933 0.696603
vn -0.533525 -0.531492 0.657926
vn -0.463328 -0.598538 0.653514
vn -0.598761 -0.463850 0.652938
vn -0.632110 -0.425762 0.647429
vn -0.658982 -0.407577 0.632158
vn -0.689406 -0.408253 0.598372
vn -0.717048 -0.431022 0.547780
vn -0.733105 -0.474059 0.487673
vn -0.732546 -0.533683 0.422563
vn -0.710775 -0.603082 0.362064
vn -0.667857 -0.674842 0.313935
vn -0.613938 -0.735647 0.286189
vn -0.557129 -0.781462 0.280935
vn -0.501330 -0.812686 0.297003
vn -0.450899 -0.828664 0.331673
vn -0.400034 -0.829618 0.389495
vn -0.355349 -0.814525 0.458558
vn -0.339316 -0.783029 0.521278
vn -0.358948 -0.731100 0.580215
vn -0.408719 -0.661629 0.628646
vn 0.574955 0.639917 -0.509837
vn -0.573438 -0.643487 0.507044
vn 0.680180 0.651051 -0.336880
vn 0.639164 0.696968 -0.325124
vn 0.669095 0.718004 -0.191788
vn 0.737381 0.641555 -0.211369
vn 0.590606 0.736301 -0.330221
vn 0.588257 0.783481 -0.200278
vn 0.539273 0.765178 -0.351692
vn 0.502796 0.831559 -0.236020
vn 0.490189 0.780779 -0.387427
vn 0.421075 0.857537 -0.295510
vn 0.448155 0.781586 -0.433913
vn 0.351088 0.858878 -0.372916
vn 0.417285 0.767514 -0.486617
vn 0.299689 0.835444 -0.460674
vn 0.400598 0.739931 -0.540391
vn 0.271907 0.789531 -0.550189
vn 0.399730 0.701552 -0.589950
vn 0.270465 0.725635 -0.632694
vn 0.414767 0.656132 -0.630444
vn 0.295502 0.650008 -0.700120
vn 0.444237 0.608108 -0.657919
vn 0.344569 0.570054 -0.745863
vn 0.485254 0.562184 -0.669685
vn 0.412859 0.493600 -0.765445
vn 0.533803 0.522864 -0.664581
vn 0.493690 0.428132 -0.756950
vn 0.585137 0.493981 -0.643116
vn 0.579151 0.380051 -0.721211
vn 0.634225 0.478373 -0.607385
vn 0.660876 0.354068 -0.661724
vn 0.676260 0.477578 -0.560885
vn 0.730863 0.352731 -0.584312
vn 0.707135 0.491649 -0.508175
vn 0.782262 0.376165 -0.496554
vn 0.723819 0.519228 -0.454410
vn 0.810042 0.422076 -0.407043
vn 0.724685 0.557609 -0.404851
vn 0.811484 0.485973 -0.324537
vn 0.709647 0.603035 -0.364350
vn 0.786444 0.561605 -0.257110
vn 0.687082 0.725298 -0.043144
vn 0.783453 0.617407 -0.070779
vn 0.573009 0.817692 -0.055131
vn 0.452406 0.885541 -0.105571
vn 0.337079 0.922205 -0.189517
vn 0.238313 0.924094 -0.298758
vn 0.165777 0.891023 -0.422607
vn 0.126572 0.826230 -0.548930
vn 0.124536 0.736059 -0.665363
vn 0.159869 0.629332 -0.760515
vn 0.229110 0.516500 -0.825067
vn 0.325484 0.408608 -0.852701
vn 0.439554 0.316217 -0.840713
vn 0.560158 0.248366 -0.790277
vn 0.675487 0.211700 -0.706328
vn 0.774253 0.209812 -0.597085
vn 0.846789 0.242884 -0.473239
vn 0.885993 0.307677 -0.346917
vn 0.888028 0.397849 -0.230484
vn 0.852694 0.504578 -0.135331
vn 0.689528 0.715958 0.109338
vn 0.812293 0.578519 0.074137
vn 0.544219 0.833652 0.094069
vn 0.390590 0.920082 0.029822
vn 0.243680 0.966785 -0.077113
vn 0.117867 0.969192 -0.216273
vn 0.025467 0.927065 -0.374036
vn -0.024473 0.844529 -0.534950
vn -0.027065 0.729663 -0.683271
vn 0.017944 0.593711 -0.804478
vn 0.106147 0.449982 -0.886707
vn 0.228910 0.312544 -0.921909
vn 0.374219 0.194849 -0.906639
vn 0.527849 0.108417 -0.842390
vn 0.674759 0.061716 -0.735453
vn 0.800571 0.059309 -0.596295
vn 0.892971 0.101437 -0.438535
vn 0.942911 0.183970 -0.277620
vn 0.945504 0.298836 -0.129301
vn 0.900496 0.434790 -0.008092
vn 0.675727 0.689662 0.260307
vn 0.822171 0.525712 0.218314
vn 0.502390 0.830058 0.242091
vn 0.319129 0.933158 0.165450
vn 0.143881 0.988870 0.037885
vn -0.006199 0.991740 -0.128115
vn -0.116420 0.941488 -0.316301
vn -0.175992 0.843034 -0.508253
vn -0.179083 0.706013 -0.685182
vn -0.125394 0.543840 -0.829768
vn -0.020179 0.372386 -0.927858
vn 0.126263 0.208436 -0.969852
vn 0.299600 0.068041 -0.951636
vn 0.482862 -0.035057 -0.874994
vn 0.658110 -0.090768 -0.747431
vn 0.808189 -0.093639 -0.581431
vn 0.918410 -0.043389 -0.393243
vn 0.977983 0.055063 -0.201290
vn 0.981076 0.192085 -0.024362
vn 0.927387 0.354259 0.120225
vn 0.645813 0.646885 0.405543
vn 0.812526 0.460245 0.357738
vn 0.448488 0.806711 0.384806
vn 0.239861 0.924082 0.297556
vn 0.040359 0.987504 0.152338
vn -0.130492 0.990772 -0.036638
vn -0.255967 0.933566 -0.250871
vn -0.323785 0.821484 -0.469390
vn -0.327308 0.665499 -0.670806
vn -0.266188 0.480880 -0.835404
vn -0.146409 0.285697 -0.947070
vn 0.020303 0.099058 -0.994874
vn 0.217630 -0.060768 -0.974138
vn 0.426255 -0.178135 -0.886890
vn 0.625757 -0.241560 -0.741671
vn 0.796610 -0.244827 -0.552695
vn 0.922085 -0.187621 -0.338463
vn 0.989903 -0.075540 -0.119944
vn 0.993424 0.080446 0.081473
vn 0.932304 0.265062 0.246072
vn 0.600446 0.588609 0.541298
vn 0.783475 0.383702 0.488815
vn 0.383805 0.764080 0.518532
vn 0.154758 0.892937 0.422745
vn -0.064270 0.962567 0.263314
vn -0.251844 0.966155 0.055842
vn -0.389603 0.903349 -0.179361
vn -0.464058 0.780296 -0.419271
vn -0.467923 0.609045 -0.640400
vn -0.400820 0.406357 -0.821108
vn -0.269318 0.192069 -0.943704
vn -0.086288 -0.012838 -0.996188
vn 0.130353 -0.188307 -0.973421
vn 0.359397 -0.317164 -0.877634
vn 0.578426 -0.386797 -0.718200
vn 0.766001 -0.390385 -0.510728
vn 0.903758 -0.327577 -0.275527
vn 0.978213 -0.204524 -0.035621
vn 0.982079 -0.033271 0.185509
vn 0.914976 0.169418 0.366218
vn 0.540691 0.516223 0.664204
vn 0.735673 0.297933 0.608294
vn 0.309903 0.703154 0.639949
vn 0.065901 0.840425 0.537907
vn -0.167431 0.914602 0.368062
vn -0.367254 0.918424 0.147043
vn -0.514010 0.851515 -0.103516
vn -0.593326 0.720429 -0.359091
vn -0.597442 0.537994 -0.594664
vn -0.525957 0.322069 -0.787172
vn -0.385869 0.093788 -0.917774
vn -0.190888 -0.124502 -0.973684
vn 0.039899 -0.311432 -0.949431
vn 0.283902 -0.448704 -0.847387
vn 0.517234 -0.522879 -0.677544
vn 0.717058 -0.526701 -0.456524
vn 0.863809 -0.459797 -0.205962
vn 0.943128 -0.328707 0.049611
vn 0.947246 -0.146270 0.285183
vn 0.875762 0.069655 0.477691
vn 0.467981 0.431463 0.771254
vn 0.670254 0.205012 0.713253
vn 0.228567 0.625381 0.746094
vn -0.024560 0.767787 0.640234
vn -0.266618 0.844738 0.464039
vn -0.473912 0.848704 0.234755
vn -0.626153 0.779294 -0.025175
vn -0.708437 0.643304 -0.290305
vn -0.712710 0.454046 -0.534685
vn -0.638553 0.230043 -0.734391
vn -0.493226 -0.006770 -0.869875
vn -0.290954 -0.233220 -0.927876
vn -0.051537 -0.427140 -0.902715
vn 0.201589 -0.569544 -0.796858
vn 0.443649 -0.646492 -0.620664
vn 0.650943 -0.650459 -0.391378
vn 0.803180 -0.581053 -0.131449
vn 0.885465 -0.445062 0.133681
vn 0.889738 -0.255805 0.378062
vn 0.815581 -0.031805 0.577768
vn 0.384065 0.336367 0.859856
vn 0.588787 0.107174 0.801152
vn 0.141749 0.532633 0.834391
vn -0.114446 0.676765 0.727250
vn -0.359435 0.754648 0.548920
vn -0.569239 0.758662 0.316858
vn -0.723324 0.688411 0.053780
vn -0.806605 0.550774 -0.214562
vn -0.810929 0.359222 -0.461902
vn -0.735875 0.132509 -0.664025
vn -0.588788 -0.107173 -0.801151
vn -0.384064 -0.336368 -0.859856
vn -0.141747 -0.532635 -0.834391
vn 0.114445 -0.676763 -0.727251
vn 0.359435 -0.754646 -0.548922
vn 0.569242 -0.758659 -0.316859
vn 0.723325 -0.688411 -0.053782
vn 0.806604 -0.550775 0.214561
vn 0.810928 -0.359226 0.461901
vn 0.735874 -0.132511 0.664026
vn 0.290953 0.233220 0.927876
vn 0.493225 0.006768 0.869876
vn 0.051536 0.427138 0.902717
vn -0.201592 0.569541 0.796858
vn -0.443649 0.646492 0.620663
vn -0.650943 0.650457 0.391381
vn -0.803183 0.581048 0.131451
vn -0.885466 0.445062 -0.133681
vn -0.889738 0.255804 -0.378062
vn -0.815582 0.031804 -0.577767
vn -0.670255 -0.205010 -0.713252
vn -0.467981 -0.431463 -0.771255
vn -0.228563 -0.625381 -0.746095
vn 0.024561 -0.767785 -0.640236
vn 0.266618 -0.844738 -0.464040
vn 0.473916 -0.848701 -0.234756
vn 0.626155 -0.779292 0.025174
vn 0.708435 -0.643307 0.290304
vn 0.712709 -0.454049 0.534683
vn 0.638552 -0.230050 0.734390
vn 0.190889 0.124502 0.973684
vn 0.385871 -0.093787 0.917773
vn -0.039900 0.311430 0.949431
vn -0.283904 0.448701 0.847388
vn -0.517235 0.522879 0.677544
vn -0.717058 0.526699 0.456526
vn -0.863810 0.459793 0.205965
vn -0.943128 0.328708 -0.049610
vn -0.947247 0.146269 -0.285182
vn -0.875762 -0.069657 -0.477691
vn -0.735673 -0.297934 -0.608293
vn -0.540690 -0.516222 -0.664206
vn -0.309902 -0.703151 -0.639953
vn -0.065899 -0.840423 -0.537909
vn 0.167434 -0.914601 -0.368065
vn 0.367257 -0.918423 -0.147045
vn 0.514010 -0.851515 0.103516
vn 0.593326 -0.720429 0.359090
vn 0.597444 -0.537993 0.594662
vn 0.525960 -0.322067 0.787171
vn 0.086287 0.012837 0.996188
vn 0.269319 -0.192070 0.943704
vn -0.130352 0.188306 0.973421
vn -0.359397 0.317165 0.877633
vn -0.578427 0.386795 0.718201
vn -0.766000 0.390383 0.510730
vn -0.903757 0.327578 0.275529
vn -0.978213 0.204524 0.035620
vn -0.982078 0.033272 -0.185512
vn -0.914975 -0.169416 -0.366222
vn -0.783475 -0.383701 -0.488816
vn -0.600445 -0.588611 -0.541297
vn -0.383804 -0.764082 -0.518530
vn -0.154759 -0.892938 -0.422743
vn 0.064270 -0.962568 -0.263311
vn 0.251844 -0.966156 -0.055839
vn 0.389601 -0.903350 0.179362
vn 0.464056 -0.780299 0.419269
vn 0.467922 -0.609046 0.640400
vn 0.400820 -0.406355 0.821108
vn -0.020306 -0.099058 0.994874
vn 0.146406 -0.285697 0.947070
vn -0.217631 0.060767 0.974138
vn -0.426256 0.178137 0.886890
vn -0.625759 0.241560 0.741670
vn -0.796607 0.244833 0.552697
vn -0.922085 0.187624 0.338463
vn -0.989903 0.075539 0.119942
vn -0.993424 -0.080441 -0.081474
vn -0.932304 -0.265062 -0.246072
vn -0.812527 -0.460245 -0.357737
vn -0.645816 -0.646884 -0.405540
vn -0.448488 -0.806712 -0.384805
vn -0.239862 -0.924081 -0.297558
vn -0.040360 -0.987504 -0.152338
vn 0.130491 -0.990772 0.036641
vn 0.255966 -0.933565 0.250874
vn 0.323783 -0.821484 0.469391
vn 0.327306 -0.665499 0.670806
vn 0.266186 -0.480880 0.835404
vn -0.126263 -0.208436 0.969852
vn 0.020181 -0.372384 0.927859
vn -0.299598 -0.068042 0.951636
vn -0.482861 0.035061 0.874995
vn -0.658109 0.090776 0.747431
vn -0.808188 0.093645 0.581432
vn -0.918410 0.043392 0.393242
vn -0.977983 -0.055063 0.201289
vn -0.981076 -0.192086 0.024361
vn -0.927386 -0.354262 -0.120223
vn -0.822171 -0.525712 -0.218314
vn -0.675727 -0.689661 -0.260308
vn -0.502391 -0.830057 -0.242092
vn -0.319130 -0.933157 -0.165452
vn -0.143880 -0.988870 -0.037887
vn 0.006201 -0.991740 0.128115
vn 0.116422 -0.941488 0.316300
vn 0.175995 -0.843033 0.508253
vn 0.179087 -0.706013 0.685182
vn 0.125397 -0.543837 0.829769
vn -0.228909 -0.312542 0.921910
vn -0.106144 -0.449980 0.886708
vn -0.374218 -0.194850 0.906639
vn -0.527847 -0.108421 0.842391
vn -0.674760 -0.061715 0.735453
vn -0.800572 -0.059313 0.596294
vn -0.892971 -0.101440 0.438535
vn -0.942911 -0.183973 0.277620
vn -0.945504 -0.298839 0.129297
vn -0.900496 -0.434789 0.008089
vn -0.812295 -0.578516 -0.074139
vn -0.689529 -0.715957 -0.109341
vn -0.544220 -0.833652 -0.094069
vn -0.390593 -0.920081 -0.029819
vn -0.243680 -0.966785 0.077117
vn -0.117863 -0.969192 0.216275
vn -0.025463 -0.927067 0.374031
vn 0.024475 -0.844530 0.534949
vn 0.027067 -0.729664 0.683270
vn -0.017942 -0.593711 0.804479
vn -0.325485 -0.408608 0.852701
vn -0.229110 -0.516502 0.825066
vn -0.439554 -0.316219 0.840713
vn -0.560157 -0.248373 0.790276
vn -0.675487 -0.211708 0.706327
vn -0.774253 -0.209815 0.597084
vn -0.846788 -0.242885 0.473240
vn -0.885993 -0.307674 0.346919
vn -0.888029 -0.397848 0.230482
vn -0.852694 -0.504578 0.135329
vn -0.783452 -0.617409 0.070778
vn -0.687079 -0.725301 0.043144
vn -0.573013 -0.817690 0.055131
vn -0.452407 -0.885542 0.105565
vn -0.337074 -0.922207 0.189514
vn -0.238309 -0.924095 0.298760
vn -0.165775 -0.891026 0.422601
vn -0.126571 -0.826232 0.548926
vn -0.124535 -0.736060 0.665362
vn -0.159868 -0.629336 0.760512
vn -0.412864 -0.493594 0.765446
vn -0.344570 -0.570054 0.745862
vn -0.493693 -0.428129 0.756950
vn -0.579148 -0.380059 0.721210
vn -0.660873 -0.354075 0.661723
vn -0.730862 -0.352733 0.584311
vn -0.782260 -0.376166 0.496557
vn -0.810041 -0.422075 0.407046
vn -0.811483 -0.485972 0.324539
vn -0.786443 -0.561605 0.257112
vn -0.737376 -0.641560 0.211371
vn -0.669088 -0.718009 0.191791
vn -0.588264 -0.783473 0.200286
vn -0.502804 -0.831554 0.236021
vn -0.421072 -0.857539 0.295509
vn -0.351088 -0.858875 0.372922
vn -0.299694 -0.835442 0.460673
vn -0.271913 -0.789530 0.550188
vn -0.270469 -0.725631 0.632697
vn -0.295502 -0.650009 0.700119
vn -0.485263 -0.562176 0.669685
vn -0.444241 -0.608108 0.657918
vn -0.533808 -0.522856 0.664583
vn -0.585129 -0.493991 0.643115
vn -0.634221 -0.478385 0.607381
vn -0.676265 -0.477571 0.560886
vn -0.707134 -0.491646 0.508179
vn -0.723820 -0.519224 0.454413
vn -0.724687 -0.557602 0.404856
vn -0.709647 -0.603032 0.364354
vn -0.680170 -0.651062 0.336878
vn -0.639157 -0.696976 0.325120
vn -0.590615 -0.736294 0.330220
vn -0.539280 -0.765178 0.351681
vn -0.490185 -0.780784 0.387421
vn -0.448152 -0.781583 0.433921
vn -0.417285 -0.767509 0.486624
vn -0.400596 -0.739935 0.540388
vn -0.399730 -0.701557 0.589944
vn -0.414764 -0.656136 0.630442
vn 0.573843 0.642612 -0.507695
vn -0.573843 -0.642612 0.507696
vn 0.680180 0.651056 0.336870
vn 0.737377 0.641561 0.211365
vn 0.669088 0.718011 0.191784
vn 0.639170 0.696965 0.325118
vn 0.588258 0.783478 0.200285
vn 0.590599 0.736307 0.330218
vn 0.502801 0.831554 0.236029
vn 0.539274 0.765189 0.351667
vn 0.421083 0.857533 0.295509
vn 0.490193 0.780783 0.387412
vn 0.351097 0.858873 0.372919
vn 0.448158 0.781585 0.433912
vn 0.299694 0.835438 0.460681
vn 0.417284 0.767512 0.486621
vn 0.271916 0.789526 0.550191
vn 0.400585 0.739928 0.540405
vn 0.270468 0.725642 0.632686
vn 0.399718 0.701558 0.589951
vn 0.295502 0.650012 0.700116
vn 0.414754 0.656127 0.630457
vn 0.344568 0.570045 0.745870
vn 0.444235 0.608093 0.657935
vn 0.412862 0.493589 0.765451
vn 0.485263 0.562177 0.669684
vn 0.493692 0.428127 0.756952
vn 0.533804 0.522850 0.664591
vn 0.579156 0.380051 0.721207
vn 0.585146 0.493967 0.643118
vn 0.660877 0.354068 0.661723
vn 0.634227 0.478366 0.607390
vn 0.730858 0.352729 0.584320
vn 0.676252 0.477571 0.560900
vn 0.782262 0.376163 0.496556
vn 0.707134 0.491648 0.508176
vn 0.810040 0.422082 0.407040
vn 0.723822 0.519228 0.454405
vn 0.811479 0.485976 0.324546
vn 0.724699 0.557584 0.404861
vn 0.786442 0.561603 0.257120
vn 0.709654 0.603021 0.364359
vn 0.783450 0.617411 0.070779
vn 0.687073 0.725306 0.043145
vn 0.573009 0.817693 0.055131
vn 0.452410 0.885540 0.105569
vn 0.337074 0.922207 0.189512
vn 0.238303 0.924099 0.298751
vn 0.165771 0.891026 0.422601
vn 0.126574 0.826230 0.548929
vn 0.124541 0.736062 0.665359
vn 0.159881 0.629338 0.760508
vn 0.229121 0.516502 0.825064
vn 0.325488 0.408612 0.852698
vn 0.439556 0.316223 0.840710
vn 0.560157 0.248379 0.790273
vn 0.675486 0.211715 0.706326
vn 0.774253 0.209823 0.597081
vn 0.846791 0.242879 0.473239
vn 0.885992 0.307674 0.346922
vn 0.888025 0.397852 0.230491
vn 0.852694 0.504577 0.135334
vn 0.812292 0.578520 -0.074139
vn 0.689524 0.715961 -0.109343
vn 0.544222 0.833650 -0.094074
vn 0.390591 0.920081 -0.029818
vn 0.243673 0.966787 0.077120
vn 0.117869 0.969193 0.216270
vn 0.025473 0.927064 0.374036
vn -0.024475 0.844524 0.534958
vn -0.027070 0.729659 0.683275
vn 0.017940 0.593708 0.804480
vn 0.106145 0.449980 0.886708
vn 0.228906 0.312543 0.921910
vn 0.374216 0.194848 0.906641
vn 0.527848 0.108413 0.842391
vn 0.674760 0.061710 0.735453
vn 0.800574 0.059316 0.596291
vn 0.892971 0.101452 0.438531
vn 0.942910 0.183975 0.277622
vn 0.945506 0.298831 0.129301
vn 0.900497 0.434786 0.008089
vn 0.822167 0.525716 -0.218319
vn 0.675725 0.689663 -0.260309
vn 0.502393 0.830055 -0.242093
vn 0.319129 0.933157 -0.165452
vn 0.143878 0.988870 -0.037885
vn -0.006198 0.991741 0.128107
vn -0.116427 0.941488 0.316298
vn -0.176003 0.843032 0.508251
vn -0.179092 0.706011 0.685182
vn -0.125402 0.543835 0.829770
vn -0.020184 0.372387 0.927858
vn 0.126262 0.208437 0.969852
vn 0.299596 0.068037 0.951637
vn 0.482860 -0.035070 0.874995
vn 0.658109 -0.090779 0.747430
vn 0.808190 -0.093638 0.581430
vn 0.918411 -0.043383 0.393241
vn 0.977983 0.055064 0.201290
vn 0.981077 0.192078 0.024360
vn 0.927387 0.354257 -0.120229
vn 0.812525 0.460249 -0.357735
vn 0.645817 0.646884 -0.405540
vn 0.448490 0.806709 -0.384809
vn 0.239863 0.924080 -0.297561
vn 0.040360 0.987504 -0.152340
vn -0.130493 0.990772 0.036634
vn -0.255974 0.933563 0.250873
vn -0.323785 0.821483 0.469393
vn -0.327303 0.665503 0.670804
vn -0.266185 0.480885 0.835401
vn -0.146407 0.285700 0.947069
vn 0.020306 0.099060 0.994874
vn 0.217629 -0.060770 0.974138
vn 0.426253 -0.178140 0.886891
vn 0.625757 -0.241558 0.741673
vn 0.796610 -0.244829 0.552694
vn 0.922084 -0.187630 0.338461
vn 0.989902 -0.075544 0.119949
vn 0.993424 0.080445 -0.081470
vn 0.932304 0.265065 -0.246070
vn 0.783473 0.383704 -0.488815
vn 0.600446 0.588611 -0.541297
vn 0.383806 0.764077 -0.518536
vn 0.154762 0.892934 -0.422750
vn -0.064271 0.962567 -0.263315
vn -0.251843 0.966156 -0.055841
vn -0.389600 0.903349 0.179366
vn -0.464055 0.780297 0.419272
vn -0.467924 0.609047 0.640397
vn -0.400823 0.406358 0.821106
vn -0.269319 0.192066 0.943704
vn -0.086287 -0.012842 0.996188
vn 0.130352 -0.188310 0.973421
vn 0.359396 -0.317162 0.877635
vn 0.578429 -0.386788 0.718203
vn 0.766003 -0.390385 0.510724
vn 0.903757 -0.327581 0.275525
vn 0.978212 -0.204528 0.035619
vn 0.982078 -0.033279 -0.185511
vn 0.914976 0.169417 -0.366219
vn 0.735670 0.297938 -0.608295
vn 0.540689 0.516224 -0.664205
vn 0.309906 0.703145 -0.639957
vn 0.065899 0.840419 -0.537916
vn -0.167436 0.914598 -0.368069
vn -0.367259 0.918422 -0.147044
vn -0.514012 0.851514 0.103517
vn -0.593331 0.720425 0.359089
vn -0.597448 0.537990 0.594662
vn -0.525961 0.322065 0.787172
vn -0.385869 0.093786 0.917774
vn -0.190886 -0.124498 0.973685
vn 0.039901 -0.311427 0.949432
vn 0.283902 -0.448705 0.847386
vn 0.517239 -0.522879 0.677540
vn 0.717061 -0.526697 0.456524
vn 0.863814 -0.459787 0.205965
vn 0.943129 -0.328704 -0.049611
vn 0.947245 -0.146280 -0.285183
vn 0.875762 0.069654 -0.477692
vn 0.670257 0.205013 -0.713250
vn 0.467985 0.431465 -0.771251
vn 0.228567 0.625383 -0.746092
vn -0.024562 0.767787 -0.640234
vn -0.266617 0.844738 -0.464039
vn -0.473914 0.848703 -0.234752
vn -0.626161 0.779287 0.025181
vn -0.708441 0.643297 0.290310
vn -0.712709 0.454046 0.534685
vn -0.638552 0.230046 0.734391
vn -0.493224 -0.006773 0.869876
vn -0.290948 -0.233215 0.927879
vn -0.051532 -0.427135 0.902718
vn 0.201590 -0.569545 0.796857
vn 0.443646 -0.646495 0.620664
vn 0.650946 -0.650455 0.391380
vn 0.803187 -0.581043 0.131455
vn 0.885471 -0.445051 -0.133681
vn 0.889740 -0.255793 -0.378063
vn 0.815584 -0.031801 -0.577765
vn 0.588790 0.107174 -0.801149
vn 0.384070 0.336370 -0.859852
vn 0.141753 0.532644 -0.834384
vn -0.114435 0.676776 -0.727241
vn -0.359426 0.754656 -0.548915
vn -0.569234 0.758668 -0.316852
vn -0.723323 0.688413 -0.053776
vn -0.806601 0.550779 0.214566
vn -0.810923 0.359235 0.461903
vn -0.735873 0.132518 0.664025
vn -0.588786 -0.107175 0.801152
vn -0.384064 -0.336371 0.859854
vn -0.141750 -0.532639 0.834388
vn 0.114439 -0.676767 0.727248
vn 0.359426 -0.754655 0.548916
vn 0.569228 -0.758672 0.316853
vn 0.723315 -0.688421 0.053779
vn 0.806601 -0.550779 -0.214564
vn 0.810929 -0.359218 -0.461906
vn 0.735875 -0.132504 -0.664027
vn 0.493220 0.006772 -0.869879
vn 0.290952 0.233218 -0.927877
vn 0.051536 0.427138 -0.902717
vn -0.201587 0.569546 -0.796856
vn -0.443644 0.646498 -0.620661
vn -0.650939 0.650464 -0.391376
vn -0.803175 0.581061 -0.131446
vn -0.885457 0.445078 0.133683
vn -0.889735 0.255811 0.378063
vn -0.815581 0.031806 0.577768
vn -0.670254 -0.205007 0.713254
vn -0.467980 -0.431465 0.771254
vn -0.228565 -0.625388 0.746088
vn 0.024558 -0.767790 0.640231
vn 0.266611 -0.844744 0.464033
vn 0.473906 -0.848708 0.234749
vn 0.626149 -0.779297 -0.025175
vn 0.708433 -0.643308 -0.290305
vn 0.712710 -0.454045 -0.534685
vn 0.638551 -0.230045 -0.734392
vn 0.385865 -0.093787 -0.917776
vn 0.190882 0.124496 -0.973686
vn -0.039905 0.311418 -0.949435
vn -0.283905 0.448689 -0.847394
vn -0.517240 0.522870 -0.677547
vn -0.717061 0.526692 -0.456531
vn -0.863808 0.459795 -0.205970
vn -0.943129 0.328705 0.049606
vn -0.947250 0.146260 0.285176
vn -0.875765 -0.069660 0.477685
vn -0.735673 -0.297938 0.608291
vn -0.540688 -0.516223 0.664207
vn -0.309896 -0.703155 0.639951
vn -0.065892 -0.840422 0.537912
vn 0.167445 -0.914595 0.368073
vn 0.367266 -0.918417 0.147056
vn 0.514018 -0.851511 -0.103512
vn 0.593329 -0.720427 -0.359091
vn 0.597446 -0.537993 -0.594661
vn 0.525958 -0.322065 -0.787174
vn 0.269323 -0.192066 -0.943703
vn 0.086293 0.012838 -0.996187
vn -0.130349 0.188308 -0.973421
vn -0.359394 0.317168 -0.877633
vn -0.578427 0.386801 -0.718197
vn -0.765998 0.390387 -0.510730
vn -0.903758 0.327570 -0.275534
vn -0.978216 0.204508 -0.035625
vn -0.982079 0.033267 0.185509
vn -0.914977 -0.169416 0.366217
vn -0.783476 -0.383704 0.488812
vn -0.600445 -0.588610 0.541299
vn -0.383804 -0.764078 0.518535
vn -0.154753 -0.892935 0.422751
vn 0.064278 -0.962565 0.263321
vn 0.251849 -0.966154 0.055846
vn 0.389598 -0.903351 -0.179361
vn 0.464051 -0.780299 -0.419274
vn 0.467917 -0.609050 -0.640400
vn 0.400822 -0.406359 -0.821106
vn 0.146405 -0.285701 -0.947069
vn -0.020303 -0.099057 -0.994875
vn -0.217630 0.060768 -0.974138
vn -0.426256 0.178141 -0.886889
vn -0.625760 0.241565 -0.741667
vn -0.796611 0.244831 -0.552693
vn -0.922086 0.187623 -0.338459
vn -0.989903 0.075543 -0.119942
vn -0.993424 -0.080446 0.081474
vn -0.932302 -0.265069 0.246072
vn -0.812526 -0.460245 0.357737
vn -0.645815 -0.646881 0.405546
vn -0.448491 -0.806707 0.384811
vn -0.239864 -0.924081 0.297557
vn -0.040361 -0.987505 0.152333
vn 0.130489 -0.990772 -0.036643
vn 0.255965 -0.933566 -0.250872
vn 0.323788 -0.821482 -0.469392
vn 0.327309 -0.665497 -0.670807
vn 0.266185 -0.480888 -0.835400
vn 0.020176 -0.372392 -0.927856
vn -0.126266 -0.208442 -0.969850
vn -0.299603 -0.068045 -0.951634
vn -0.482862 0.035047 -0.874995
vn -0.658109 0.090752 -0.747433
vn -0.808191 0.093627 -0.581430
vn -0.918413 0.043384 -0.393238
vn -0.977984 -0.055060 -0.201287
vn -0.981077 -0.192081 -0.024361
vn -0.927385 -0.354266 0.120223
vn -0.822171 -0.525715 0.218309
vn -0.675731 -0.689658 0.260306
vn -0.502394 -0.830055 0.242093
vn -0.319129 -0.933159 0.165443
vn -0.143880 -0.988870 0.037878
vn 0.006191 -0.991739 -0.128121
vn 0.116418 -0.941486 -0.316308
vn 0.175994 -0.843030 -0.508258
vn 0.179086 -0.706012 -0.685183
vn 0.125394 -0.543840 -0.829768
vn -0.106148 -0.449983 -0.886706
vn -0.228911 -0.312546 -0.921908
vn -0.374216 -0.194849 -0.906640
vn -0.527845 -0.108424 -0.842392
vn -0.674763 -0.061715 -0.735450
vn -0.800573 -0.059301 -0.596293
vn -0.892968 -0.101448 -0.438540
vn -0.942909 -0.183987 -0.277619
vn -0.945505 -0.298836 -0.129298
vn -0.900497 -0.434787 -0.008093
vn -0.812301 -0.578508 0.074131
vn -0.689537 -0.715950 0.109332
vn -0.544225 -0.833650 0.094065
vn -0.390591 -0.920081 0.029815
vn -0.243674 -0.966786 -0.077122
vn -0.117869 -0.969190 -0.216282
vn -0.025471 -0.927064 -0.374038
vn 0.024472 -0.844532 -0.534945
vn 0.027063 -0.729665 -0.683269
vn -0.017944 -0.593704 -0.804484
vn -0.229109 -0.516508 -0.825063
vn -0.325482 -0.408608 -0.852702
vn -0.439548 -0.316215 -0.840717
vn -0.560155 -0.248362 -0.790280
vn -0.675495 -0.211698 -0.706322
vn -0.774253 -0.209804 -0.597089
vn -0.846789 -0.242873 -0.473246
vn -0.885995 -0.307680 -0.346909
vn -0.888029 -0.397852 -0.230477
vn -0.852693 -0.504581 -0.135323
vn -0.783458 -0.617402 -0.070770
vn -0.687085 -0.725295 -0.043146
vn -0.573014 -0.817689 -0.055139
vn -0.452418 -0.885535 -0.105576
vn -0.337071 -0.922207 -0.189519
vn -0.238304 -0.924097 -0.298757
vn -0.165777 -0.891026 -0.422601
vn -0.126570 -0.826234 -0.548924
vn -0.124536 -0.736053 -0.665370
vn -0.159870 -0.629329 -0.760517
vn -0.344560 -0.570060 -0.745862
vn -0.412859 -0.493597 -0.765447
vn -0.493687 -0.428121 -0.756959
vn -0.579150 -0.380041 -0.721217
vn -0.660880 -0.354072 -0.661718
vn -0.730854 -0.352732 -0.584322
vn -0.782260 -0.376168 -0.496555
vn -0.810044 -0.422081 -0.407033
vn -0.811485 -0.485972 -0.324537
vn -0.786446 -0.561600 -0.257115
vn -0.737375 -0.641564 -0.211363
vn -0.669081 -0.718019 -0.191779
vn -0.588269 -0.783469 -0.200289
vn -0.502809 -0.831552 -0.236019
vn -0.421069 -0.857544 -0.295498
vn -0.351077 -0.858880 -0.372920
vn -0.299688 -0.835442 -0.460678
vn -0.271910 -0.789524 -0.550197
vn -0.270466 -0.725622 -0.632709
vn -0.295496 -0.650009 -0.700122
vn -0.444236 -0.608103 -0.657925
vn -0.485250 -0.562186 -0.669686
vn -0.533799 -0.522861 -0.664586
vn -0.585133 -0.493985 -0.643116
vn -0.634227 -0.478379 -0.607379
vn -0.676257 -0.477565 -0.560899
vn -0.707136 -0.491652 -0.508171
vn -0.723823 -0.519233 -0.454397
vn -0.724694 -0.557595 -0.404853
vn -0.709651 -0.603025 -0.364357
vn -0.680160 -0.651070 -0.336882
vn -0.639143 -0.696994 -0.325108
vn -0.590627 -0.736282 -0.330224
vn -0.539288 -0.765173 -0.351680
vn -0.490173 -0.780800 -0.387404
vn -0.448138 -0.781595 -0.433914
vn -0.417275 -0.767511 -0.486631
vn -0.400592 -0.739932 -0.540395
vn -0.399728 -0.701546 -0.589958
vn -0.414768 -0.656123 -0.630452
vn 0.573845 0.642611 0.507693
vn -0.573847 -0.642611 -0.507692
vn 0.757276 0.587785 0.284677
vn 0.794871 0.596485 0.111287
vn 0.787388 0.611548 0.077654
vn 0.721166 0.648367 0.244006
vn 0.720698 0.688832 0.078134
vn 0.659693 0.708121 0.251735
vn 0.593194 0.789120 0.159406
vn 0.561100 0.767565 0.309856
vn 0.365766 0.853091 0.372091
vn 0.417164 0.789732 0.449775
vn 0.200429 0.801492 0.563418
vn 0.307064 0.770673 0.558368
vn 0.121774 0.777402 0.617104
vn 0.243048 0.763144 0.598782
vn 0.117278 0.776794 0.618739
vn 0.218638 0.761862 0.609725
vn 0.182039 0.731591 0.656991
vn 0.249674 0.713577 0.654577
vn 0.319851 0.617162 0.718892
vn 0.331317 0.626711 0.705310
vn 0.442977 0.466678 0.765495
vn 0.434931 0.535384 0.724016
vn 0.545453 0.330297 0.770315
vn 0.545335 0.458620 0.701625
vn 0.692771 0.195630 0.694116
vn 0.629993 0.395422 0.668393
vn 0.718878 0.167173 0.674736
vn 0.662758 0.364305 0.654243
vn 0.671146 0.189789 0.716620
vn 0.664658 0.359703 0.654862
vn 0.641684 0.215807 0.735982
vn 0.667668 0.361403 0.650851
vn 0.688048 0.257683 0.678372
vn 0.700497 0.386514 0.599926
vn 0.738365 0.365426 0.566817
vn 0.759117 0.443799 0.476219
vn 0.772492 0.486203 0.408489
vn 0.778784 0.502923 0.374919
vn 0.790158 0.562030 0.244485
vn 0.770680 0.563848 0.296866
vn 0.759032 0.639729 0.120897
vn 0.780290 0.622363 0.061742
vn 0.740839 0.671323 -0.021982
vn 0.545403 0.835471 -0.067262
vn 0.119052 0.983312 0.137563
vn -0.066899 0.895849 0.439295
vn -0.064721 0.829928 0.554103
vn 0.016745 0.809023 0.587538
vn 0.157592 0.763131 0.626734
vn 0.360594 0.593445 0.719580
vn 0.495534 0.395985 0.773073
vn 0.572975 0.257004 0.778234
vn 0.706730 0.072832 0.703724
vn 0.768819 -0.033376 0.638595
vn 0.647698 0.004572 0.761884
vn 0.537902 0.077598 0.839429
vn 0.618444 0.220879 0.754148
vn 0.690199 0.328891 0.644558
vn 0.743776 0.459398 0.485543
vn 0.762765 0.588755 0.267503
vn 0.774139 0.632994 0.005292
vn 0.752325 0.655227 -0.068452
vn 0.694811 0.706399 -0.135049
vn 0.457370 0.866429 -0.200286
vn -0.050006 0.998737 -0.004998
vn -0.320559 0.906266 0.275541
vn -0.289093 0.850964 0.438504
vn -0.159127 0.849481 0.503051
vn 0.031708 0.784604 0.619186
vn 0.273390 0.578017 0.768865
vn 0.497565 0.357856 0.790170
vn 0.610761 0.218601 0.761042
vn 0.717691 0.090586 0.690445
vn 0.816203 -0.093621 0.570129
vn 0.625230 -0.171953 0.761262
vn 0.364883 -0.087517 0.926931
vn 0.523049 0.116826 0.844258
vn 0.713488 0.268053 0.647366
vn 0.818058 0.373087 0.437707
vn 0.826754 0.538459 0.162910
vn 0.808500 0.548788 -0.212508
vn 0.744066 0.617933 -0.254018
vn 0.632077 0.721648 -0.282316
vn 0.331691 0.902287 -0.275426
vn -0.093925 0.994963 -0.035024
vn -0.319915 0.905538 0.278666
vn -0.332517 0.854730 0.398584
vn -0.279457 0.851177 0.444299
vn -0.185280 0.756571 0.627114
vn 0.009378 0.548408 0.836158
vn 0.321069 0.314024 0.893478
vn 0.569146 0.191184 0.799701
vn 0.725919 0.099269 0.680579
vn 0.861389 -0.075535 0.502299
vn 0.655875 -0.205642 0.726319
vn 0.265343 -0.105895 0.958321
vn 0.501716 0.037801 0.864206
vn 0.837326 0.114013 0.534683
vn 0.953221 0.191317 0.234023
vn 0.921002 0.385822 -0.053819
vn 0.797274 0.474210 -0.373468
vn 0.722802 0.567064 -0.394962
vn 0.562454 0.718867 -0.408504
vn 0.203641 0.909282 -0.362956
vn -0.148226 0.981850 -0.118323
vn -0.345285 0.908808 0.234191
vn -0.381858 0.847450 0.368799
vn -0.375891 0.834631 0.402613
vn -0.357783 0.722674 0.591383
vn -0.243812 0.481468 0.841870
vn 0.033455 0.211590 0.976786
vn 0.371858 0.083240 0.924550
vn 0.692882 -0.023008 0.720684
vn 0.875232 -0.111800 0.470606
vn 0.692859 -0.112330 0.712270
vn 0.279264 -0.106726 0.954265
vn 0.537758 -0.282096 0.794505
vn 0.922225 -0.186463 0.338723
vn 0.999925 0.009043 0.008216
vn 0.932867 0.266184 -0.242705
vn 0.768039 0.397361 -0.502216
vn 0.685079 0.500310 -0.529488
vn 0.476418 0.690767 -0.543937
vn 0.074906 0.883883 -0.461671
vn -0.224695 0.944825 -0.238365
vn -0.443878 0.884538 0.143405
vn -0.488417 0.814091 0.314173
vn -0.490313 0.796398 0.354038
vn -0.492517 0.672822 0.552031
vn -0.401846 0.405655 0.820953
vn -0.199772 0.101118 0.974611
vn 0.093871 -0.117616 0.988613
vn 0.553133 -0.339949 0.760578
vn 0.833522 -0.342528 0.433491
vn 0.673727 -0.280017 0.683873
vn 0.238058 -0.536142 0.809865
vn 0.398153 -0.729635 0.555973
vn 0.849101 -0.485604 0.207884
vn 0.986046 -0.120114 -0.115262
vn 0.914697 0.168454 -0.367358
vn 0.721225 0.311129 -0.618897
vn 0.619101 0.418555 -0.664474
vn 0.355215 0.625511 -0.694664
vn -0.035782 0.820687 -0.570257
vn -0.298879 0.892966 -0.336576
vn -0.539783 0.840286 0.050527
vn -0.600092 0.761236 0.245783
vn -0.606997 0.737084 0.297090
vn -0.616324 0.606834 0.501893
vn -0.526756 0.321477 0.786881
vn -0.325921 -0.002884 0.945393
vn -0.088592 -0.294560 0.951518
vn 0.362682 -0.630748 0.686017
vn 0.678699 -0.643291 0.354322
vn 0.571361 -0.636173 0.518490
vn 0.244865 -0.767433 0.592526
vn 0.268058 -0.807862 0.524885
vn 0.763996 -0.598632 0.240730
vn 0.950408 -0.232716 -0.206321
vn 0.875428 0.068981 -0.478400
vn 0.636777 0.209865 -0.741938
vn 0.460443 0.288557 -0.839480
vn 0.211946 0.457183 -0.863749
vn -0.107334 0.702881 -0.703162
vn -0.366259 0.833352 -0.413978
vn -0.623351 0.781319 -0.031204
vn -0.697630 0.694367 0.176543
vn -0.709485 0.664741 0.233988
vn -0.725672 0.528159 0.440963
vn -0.638909 0.229724 0.734182
vn -0.425651 -0.101749 0.899149
vn -0.154577 -0.406855 0.900320
vn 0.291239 -0.725197 0.623914
vn 0.566138 -0.757113 0.325988
vn 0.516729 -0.745686 0.420647
vn 0.325485 -0.750191 0.575564
vn 0.276903 -0.726503 0.628903
vn 0.713464 -0.657373 0.242551
vn 0.894213 -0.339422 -0.291849
vn 0.815344 -0.032149 -0.578084
vn 0.516975 0.120490 -0.847478
vn 0.326355 0.177298 -0.928471
vn 0.158264 0.290269 -0.943767
vn -0.106688 0.592077 -0.798788
vn -0.432514 0.764219 -0.478436
vn -0.700522 0.706279 -0.102168
vn -0.782209 0.613699 0.107343
vn -0.797004 0.580800 0.165701
vn -0.818819 0.438467 0.370516
vn -0.735874 0.132510 0.664027
vn -0.515588 -0.198178 0.833603
vn -0.203698 -0.464835 0.861647
vn 0.320605 -0.705307 0.632261
vn 0.572796 -0.747350 0.336710
vn 0.501801 -0.760514 0.412084
vn 0.349598 -0.725537 0.592771
vn 0.279041 -0.717560 0.638157
vn 0.653503 -0.732934 0.189053
vn 0.818819 -0.438467 -0.370517
vn 0.735873 -0.132513 -0.664027
vn 0.415491 0.069347 -0.906950
vn 0.268887 0.171814 -0.947724
vn 0.182875 0.253006 -0.950024
vn -0.098674 0.514252 -0.851944
vn -0.499179 0.682119 -0.534354
vn -0.770627 0.616448 -0.161635
vn -0.850197 0.524957 0.039816
vn -0.863002 0.495437 0.098846
vn -0.890598 0.342550 0.299158
vn -0.815033 0.032595 0.578497
vn -0.594816 -0.302568 0.744746
vn -0.307441 -0.581379 0.753312
vn 0.211690 -0.843530 0.493604
vn 0.459794 -0.867995 0.187549
vn 0.343054 -0.881563 0.324285
vn 0.251463 -0.745495 0.617255
vn 0.331901 -0.675848 0.658082
vn 0.637280 -0.759651 0.129630
vn 0.725674 -0.528158 -0.440961
vn 0.638910 -0.229724 -0.734181
vn 0.325922 0.002883 -0.945392
vn 0.214348 0.134029 -0.967518
vn 0.114843 0.174639 -0.977912
vn -0.183539 0.358571 -0.915281
vn -0.567434 0.542317 -0.619606
vn -0.819695 0.534821 -0.205103
vn -0.867580 0.497295 -0.001689
vn -0.867265 0.490192 0.086962
vn -0.918664 0.276131 0.282504
vn -0.863693 -0.066727 0.499581
vn -0.659936 -0.428622 0.617064
vn -0.409571 -0.711484 0.571001
vn 0.041963 -0.957836 0.284236
vn 0.307928 -0.950957 0.029358
vn 0.137769 -0.964472 0.225418
vn -0.010034 -0.797514 0.603217
vn 0.273820 -0.748410 0.604074
vn 0.605003 -0.796197 0.006512
vn 0.616014 -0.607200 -0.501832
vn 0.526758 -0.321474 -0.786880
vn 0.218090 -0.096651 -0.971131
vn 0.082633 0.021881 -0.996340
vn -0.076774 0.015420 -0.996929
vn -0.262382 0.112150 -0.958425
vn -0.576630 0.368102 -0.729382
vn -0.830671 0.502889 -0.238930
vn -0.839502 0.542424 -0.031810
vn -0.841930 0.532956 0.084334
vn -0.927393 0.250187 0.278117
vn -0.895518 -0.122377 0.427870
vn -0.717515 -0.498643 0.486341
vn -0.468702 -0.768801 0.435044
vn -0.022528 -0.981273 0.191300
vn 0.268526 -0.963121 -0.017100
vn 0.070700 -0.970477 0.230598
vn -0.199100 -0.806285 0.557013
vn 0.054035 -0.892836 0.447128
vn 0.448454 -0.880118 -0.155823
vn 0.489126 -0.676326 -0.550762
vn 0.402099 -0.405574 -0.820870
vn 0.104096 -0.194926 -0.975278
vn -0.058016 -0.064150 -0.996253
vn -0.185957 -0.060920 -0.980668
vn -0.258359 -0.008650 -0.966010
vn -0.498242 0.250692 -0.830005
vn -0.797077 0.515081 -0.315214
vn -0.822323 0.561988 -0.089189
vn -0.882935 0.469252 0.015155
vn -0.969437 0.145056 0.197864
vn -0.924733 -0.181050 0.334798
vn -0.753014 -0.539783 0.376304
vn -0.497017 -0.810981 0.308681
vn -0.100648 -0.992310 0.072041
vn 0.166036 -0.984148 -0.062324
vn 0.031037 -0.951462 0.306197
vn -0.204662 -0.758082 0.619213
vn -0.053868 -0.927317 0.370380
vn 0.288846 -0.926150 -0.242517
vn 0.352699 -0.729851 -0.585595
vn 0.267997 -0.479873 -0.835404
vn 0.013393 -0.287300 -0.957747
vn -0.090760 -0.077595 -0.992845
vn -0.135295 0.052001 -0.989440
vn -0.149039 0.082891 -0.985351
vn -0.322899 0.236972 -0.916286
vn -0.696790 0.559518 -0.448802
vn -0.834724 0.535152 -0.129802
vn -0.947998 0.312689 -0.059382
vn -0.995763 -0.047644 0.078655
vn -0.929721 -0.316567 0.188160
vn -0.754122 -0.623554 0.206109
vn -0.478510 -0.870356 0.116227
vn -0.174937 -0.980157 -0.093215
vn -0.052047 -0.995502 -0.079161
vn -0.140795 -0.919464 0.367101
vn -0.194878 -0.743395 0.639833
vn -0.054554 -0.943344 0.327300
vn 0.173387 -0.945208 -0.276622
vn 0.213984 -0.762378 -0.610729
vn 0.133733 -0.539055 -0.831586
vn 0.003703 -0.368436 -0.929646
vn 0.006644 -0.075855 -0.997097
vn 0.010212 0.174731 -0.984563
vn -0.016871 0.267966 -0.963281
vn -0.132087 0.321776 -0.937557
vn -0.527771 0.584804 -0.616005
vn -0.848595 0.493358 -0.191013
vn -0.977045 0.200591 -0.071740
vn -0.991290 -0.128268 -0.029850
vn -0.905201 -0.424785 0.012965
vn -0.736288 -0.676296 -0.022446
vn -0.455238 -0.884420 -0.102762
vn -0.241807 -0.952515 -0.185055
vn -0.265642 -0.963154 -0.042064
vn -0.376717 -0.885373 0.272394
vn -0.342809 -0.845413 0.409585
vn -0.154596 -0.978646 0.135471
vn 0.037605 -0.930029 -0.365556
vn 0.087003 -0.762440 -0.641183
vn 0.043321 -0.573476 -0.818076
vn 0.024420 -0.424028 -0.905320
vn 0.053532 -0.142870 -0.988293
vn 0.037265 0.153468 -0.987451
vn 0.003109 0.323492 -0.946226
vn -0.058794 0.364333 -0.929411
vn -0.393422 0.445270 -0.804334
vn -0.846022 0.343782 -0.407506
vn -0.984569 0.072658 -0.159202
vn -0.976414 -0.179267 -0.120330
vn -0.867832 -0.479731 -0.129328
vn -0.708032 -0.686449 -0.165765
vn -0.526682 -0.823492 -0.210875
vn -0.377351 -0.906626 -0.188772
vn -0.417128 -0.907746 -0.044746
vn -0.508651 -0.854586 0.104673
vn -0.497221 -0.859444 0.118862
vn -0.336648 -0.933123 -0.126292
vn -0.128121 -0.881453 -0.454561
vn -0.038568 -0.735708 -0.676200
vn -0.008805 -0.597409 -0.801889
vn -0.048289 -0.453503 -0.889946
vn -0.048061 -0.226815 -0.972751
vn -0.099965 -0.029816 -0.994544
vn -0.120494 0.167422 -0.978494
vn -0.185419 0.253361 -0.949436
vn -0.367068 0.181938 -0.912228
vn -0.733302 0.026249 -0.679396
vn -0.897913 -0.175816 -0.403536
vn -0.885385 -0.360818 -0.293094
vn -0.801388 -0.540235 -0.256757
vn -0.686516 -0.687306 -0.237290
vn -0.584221 -0.779538 -0.225847
vn -0.505732 -0.841818 -0.188620
vn -0.517790 -0.846744 -0.122140
vn -0.560281 -0.825385 -0.069462
vn -0.554213 -0.826896 -0.095343
vn -0.451931 -0.854328 -0.256676
vn -0.279785 -0.810142 -0.515160
vn -0.182077 -0.718135 -0.671662
vn -0.122693 -0.645998 -0.753414
vn -0.268410 -0.480626 -0.834839
vn -0.287110 -0.316634 -0.904053
vn -0.291755 -0.261454 -0.920066
vn -0.326032 -0.161974 -0.931379
vn -0.430786 -0.061204 -0.900376
vn -0.523744 -0.113826 -0.844237
vn -0.596826 -0.237138 -0.766527
vn -0.719600 -0.397494 -0.569363
vn -0.744223 -0.500222 -0.442616
vn -0.714621 -0.592500 -0.371834
vn -0.659329 -0.679461 -0.321898
vn -0.608484 -0.738481 -0.290505
vn -0.575839 -0.769620 -0.275854
vn -0.571341 -0.778210 -0.260690
vn -0.580729 -0.775557 -0.247517
vn -0.571785 -0.775053 -0.268988
vn -0.505075 -0.775074 -0.379684
vn -0.390838 -0.747836 -0.536644
vn -0.337664 -0.716441 -0.610488
vn -0.327876 -0.669362 -0.666673
vn 0.575359 0.635254 0.515184
vn -0.572383 -0.601256 -0.557556
vn 0.664659 0.668465 0.333741
vn 0.702087 0.676277 0.222988
vn 0.601178 0.772497 0.204530
vn 0.604156 0.729942 0.319657
vn 0.483328 0.850700 0.206650
vn 0.538425 0.780778 0.316992
vn 0.402139 0.890968 0.210856
vn 0.490714 0.809916 0.321303
vn 0.355456 0.908221 0.220876
vn 0.457591 0.823749 0.334736
vn 0.305684 0.912391 0.272213
vn 0.425471 0.825591 0.370639
vn 0.259720 0.891303 0.371651
vn 0.396972 0.810823 0.430092
vn 0.242564 0.842759 0.480540
vn 0.383997 0.776836 0.499072
vn 0.258542 0.764718 0.590223
vn 0.389377 0.724941 0.568195
vn 0.294058 0.644783 0.705538
vn 0.413684 0.655089 0.632237
vn 0.356549 0.479148 0.802053
vn 0.458385 0.557097 0.692478
vn 0.435501 0.305842 0.846640
vn 0.506654 0.462096 0.727852
vn 0.497051 0.172007 0.850503
vn 0.547336 0.401371 0.734387
vn 0.555352 0.088622 0.826880
vn 0.590514 0.348697 0.727808
vn 0.653297 0.036755 0.756209
vn 0.653708 0.317161 0.687077
vn 0.755964 0.049914 0.652707
vn 0.711452 0.324310 0.623425
vn 0.832028 0.115531 0.542570
vn 0.742420 0.364520 0.562084
vn 0.877284 0.243598 0.413561
vn 0.764038 0.420421 0.489379
vn 0.861933 0.392098 0.321450
vn 0.754350 0.505807 0.418469
vn 0.794518 0.549635 0.258152
vn 0.712957 0.598476 0.365402
vn 0.722924 0.684857 0.091387
vn 0.575945 0.814456 0.070355
vn 0.411200 0.908209 0.077911
vn 0.294402 0.950049 0.103610
vn 0.228764 0.967298 0.109550
vn 0.165847 0.972947 0.160842
vn 0.115812 0.949681 0.291021
vn 0.113855 0.890916 0.439665
vn 0.127732 0.794337 0.593896
vn 0.156439 0.622156 0.767105
vn 0.220234 0.385878 0.895877
vn 0.332185 0.152829 0.930751
vn 0.432915 0.007964 0.901400
vn 0.510920 -0.079827 0.855914
vn 0.627964 -0.128122 0.767623
vn 0.761617 -0.124043 0.636045
vn 0.878426 -0.040957 0.476119
vn 0.942303 0.101882 0.318880
vn 0.937866 0.278883 0.206474
vn 0.857029 0.497476 0.134233
vn 0.734892 0.675902 -0.055588
vn 0.537696 0.840305 -0.069064
vn 0.359710 0.932415 -0.034810
vn 0.204264 0.978672 0.021856
vn 0.121315 0.991927 0.036926
vn 0.070345 0.993974 0.084065
vn 0.026767 0.975894 0.216596
vn 0.016415 0.925640 0.378049
vn 0.003095 0.806894 0.590688
vn 0.016416 0.590196 0.807093
vn 0.097404 0.325479 0.940519
vn 0.230936 0.086032 0.969158
vn 0.376249 -0.066062 0.924160
vn 0.489509 -0.142516 0.860273
vn 0.613790 -0.190510 0.766138
vn 0.760773 -0.178693 0.623934
vn 0.895235 -0.088082 0.436802
vn 0.966696 0.047764 0.251429
vn 0.970509 0.213061 0.112775
vn 0.900585 0.434622 0.007143
vn 0.739781 0.638072 -0.213514
vn 0.517707 0.832709 -0.196408
vn 0.320202 0.938201 -0.131340
vn 0.138219 0.989491 -0.042458
vn 0.066353 0.997790 -0.003681
vn 0.044425 0.997627 0.052600
vn -0.015860 0.985012 0.171756
vn -0.079650 0.939312 0.333689
vn -0.146738 0.798191 0.584259
vn -0.125037 0.550225 0.825602
vn -0.002155 0.271763 0.962362
vn 0.161458 0.037076 0.986183
vn 0.323349 -0.130645 0.937218
vn 0.458071 -0.227729 0.859250
vn 0.588922 -0.276893 0.759277
vn 0.742818 -0.262807 0.615755
vn 0.892942 -0.164589 0.419005
vn 0.978619 -0.012030 0.205329
vn 0.989192 0.143256 0.031245
vn 0.924664 0.360921 -0.121376
vn 0.735580 0.560202 -0.380915
vn 0.497318 0.789383 -0.359929
vn 0.268418 0.929703 -0.252198
vn 0.068189 0.989561 -0.126963
vn 0.017501 0.997515 -0.068244
vn -0.007191 0.999963 -0.004630
vn -0.108635 0.986318 0.123995
vn -0.237945 0.923368 0.301289
vn -0.324791 0.750973 0.574935
vn -0.267049 0.483088 0.833853
vn -0.104821 0.192177 0.975746
vn 0.086004 -0.053837 0.994839
vn 0.264260 -0.230731 0.936445
vn 0.411062 -0.335490 0.847629
vn 0.549391 -0.386503 0.740800
vn 0.708308 -0.386623 0.590612
vn 0.874661 -0.310801 0.371983
vn 0.977754 -0.161979 0.133270
vn 0.997603 0.027966 -0.063296
vn 0.931168 0.267250 -0.247998
vn 0.711012 0.462338 -0.529817
vn 0.454106 0.701319 -0.549490
vn 0.167218 0.880996 -0.442588
vn -0.056643 0.957212 -0.283789
vn -0.105717 0.971546 -0.211951
vn -0.164104 0.976343 -0.140797
vn -0.304521 0.952295 0.020044
vn -0.438107 0.863038 0.251452
vn -0.486695 0.677946 0.550924
vn -0.402076 0.405588 0.820873
vn -0.218088 0.096650 0.971132
vn -0.003480 -0.163414 0.986551
vn 0.195648 -0.341474 0.919303
vn 0.356141 -0.440477 0.824102
vn 0.503584 -0.491193 0.710727
vn 0.667014 -0.503148 0.549487
vn 0.843834 -0.448069 0.295260
vn 0.950964 -0.308061 0.027686
vn 0.979516 -0.112808 -0.166802
vn 0.914131 0.166438 -0.369681
vn 0.660003 0.377001 -0.649820
vn 0.393016 0.609448 -0.688558
vn 0.067182 0.794341 -0.603746
vn -0.189738 0.875257 -0.444888
vn -0.258315 0.892230 -0.370404
vn -0.346212 0.894585 -0.282588
vn -0.487098 0.868690 -0.090079
vn -0.589803 0.786006 0.185274
vn -0.616326 0.606832 0.501894
vn -0.526756 0.321474 0.786882
vn -0.325922 -0.002883 0.945392
vn -0.089847 -0.266961 0.959510
vn 0.125632 -0.441991 0.888178
vn 0.295333 -0.537869 0.789605
vn 0.451183 -0.588909 0.670537
vn 0.620940 -0.601947 0.502089
vn 0.812090 -0.535672 0.231443
vn 0.917606 -0.395284 -0.041829
vn 0.944388 -0.213916 -0.249744
vn 0.874633 0.067377 -0.480082
vn 0.594194 0.290488 -0.750034
vn 0.324324 0.533537 -0.781123
vn -0.004905 0.724786 -0.688956
vn -0.264318 0.806323 -0.529130
vn -0.347494 0.820044 -0.454726
vn -0.445359 0.822174 -0.354522
vn -0.576874 0.800965 -0.160223
vn -0.685563 0.718601 0.116689
vn -0.725674 0.528158 0.440962
vn -0.638908 0.229723 0.734182
vn -0.425652 -0.101749 0.899148
vn -0.172378 -0.363384 0.915554
vn 0.056422 -0.532232 0.844716
vn 0.233483 -0.623831 0.745869
vn 0.394653 -0.674463 0.623978
vn 0.567346 -0.688316 0.452039
vn 0.762766 -0.621989 0.176967
vn 0.871401 -0.480324 -0.099740
vn 0.893910 -0.314450 -0.319445
vn 0.815345 -0.032146 -0.578083
vn 0.515589 0.198178 -0.833603
vn 0.250659 0.452360 -0.855886
vn -0.070583 0.656426 -0.751081
vn -0.320474 0.746691 -0.582880
vn -0.407320 0.760248 -0.506076
vn -0.505034 0.763138 -0.403188
vn -0.637732 0.738690 -0.218256
vn -0.764438 0.642715 0.050528
vn -0.818818 0.438468 0.370516
vn -0.735874 0.132510 0.664026
vn -0.515588 -0.198178 0.833603
vn -0.250660 -0.452361 0.855885
vn -0.012150 -0.613179 0.789851
vn 0.170300 -0.700007 0.693533
vn 0.333960 -0.749653 0.571394
vn 0.505874 -0.765650 0.397331
vn 0.694151 -0.710608 0.114850
vn 0.798419 -0.576964 -0.172161
vn 0.817649 -0.414409 -0.399644
vn 0.735875 -0.132510 -0.664025
vn 0.425652 0.101747 -0.899149
vn 0.172377 0.363383 -0.915554
vn -0.134777 0.579353 -0.803857
vn -0.376604 0.680584 -0.628471
vn -0.467275 0.690389 -0.552283
vn -0.569899 0.682978 -0.456898
vn -0.708929 0.645279 -0.284665
vn -0.839651 0.542351 -0.029006
vn -0.896789 0.337401 0.286233
vn -0.815532 0.031873 0.577833
vn -0.594190 -0.290488 0.750037
vn -0.324322 -0.533535 0.781125
vn -0.079970 -0.682935 0.726089
vn 0.109136 -0.762262 0.638002
vn 0.274477 -0.811656 0.515633
vn 0.439850 -0.832247 0.337487
vn 0.615510 -0.786732 0.046900
vn 0.709627 -0.661465 -0.242681
vn 0.723233 -0.505579 -0.470451
vn 0.638909 -0.229725 -0.734181
vn 0.325922 0.002881 -0.945392
vn 0.089847 0.266960 -0.959510
vn -0.198207 0.492463 -0.847463
vn -0.442021 0.599895 -0.666891
vn -0.553431 0.580168 -0.597595
vn -0.669903 0.527099 -0.522873
vn -0.802121 0.462436 -0.377830
vn -0.915353 0.372921 -0.151855
vn -0.965240 0.207635 0.158746
vn -0.880709 -0.065584 0.469096
vn -0.654322 -0.374044 0.657232
vn -0.389457 -0.599921 0.698869
vn -0.143259 -0.736986 0.660552
vn 0.050812 -0.812790 0.580336
vn 0.216724 -0.864280 0.453929
vn 0.369370 -0.889799 0.267999
vn 0.524245 -0.851105 -0.028073
vn 0.604860 -0.733466 -0.310116
vn 0.612427 -0.586133 -0.530454
vn 0.526757 -0.321477 -0.786879
vn 0.218090 -0.096650 -0.971131
vn 0.003408 0.163388 -0.986556
vn -0.273047 0.387392 -0.880553
vn -0.544335 0.471398 -0.693890
vn -0.663456 0.404321 -0.629564
vn -0.757464 0.330308 -0.563156
vn -0.859964 0.263620 -0.436998
vn -0.948806 0.186903 -0.254628
vn -0.997908 0.055926 0.032435
vn -0.918782 -0.169936 0.356318
vn -0.691596 -0.432413 0.578545
vn -0.424962 -0.625537 0.654302
vn -0.165437 -0.761234 0.627020
vn 0.012359 -0.854829 0.518763
vn 0.151436 -0.914311 0.375637
vn 0.289546 -0.939721 0.181901
vn 0.418962 -0.901266 -0.110413
vn 0.484365 -0.791912 -0.371841
vn 0.487261 -0.654283 -0.578351
vn 0.402099 -0.405574 -0.820869
vn 0.103370 -0.195017 -0.975338
vn -0.097991 0.049183 -0.993971
vn -0.383589 0.250178 -0.888972
vn -0.659469 0.303881 -0.687573
vn -0.738820 0.239430 -0.629935
vn -0.789398 0.202825 -0.579407
vn -0.874519 0.176303 -0.451811
vn -0.951264 0.095668 -0.293164
vn -0.997740 -0.047508 -0.047522
vn -0.928379 -0.269232 0.256177
vn -0.714914 -0.488829 0.499945
vn -0.433189 -0.650530 0.623826
vn -0.146954 -0.788574 0.597123
vn 0.021559 -0.880932 0.472751
vn 0.124188 -0.938400 0.322463
vn 0.235763 -0.966723 0.099313
vn 0.318787 -0.927404 -0.195695
vn 0.353400 -0.833374 -0.424967
vn 0.350128 -0.708280 -0.612984
vn 0.267935 -0.480007 -0.835347
vn -0.026222 -0.289637 -0.956777
vn -0.245514 -0.078810 -0.966184
vn -0.520652 0.063942 -0.851371
vn -0.733772 0.123839 -0.668014
vn -0.765703 0.128382 -0.630251
vn -0.786845 0.134313 -0.602358
vn -0.871411 0.135682 -0.471416
vn -0.948627 0.049999 -0.312421
vn -0.986137 -0.125615 -0.108416
vn -0.926955 -0.352476 0.128509
vn -0.747008 -0.562651 0.354122
vn -0.483315 -0.733281 0.478231
vn -0.188486 -0.855343 0.482557
vn 0.013537 -0.908662 0.417313
vn 0.142380 -0.940696 0.307928
vn 0.242610 -0.969042 0.045797
vn 0.264448 -0.923316 -0.278488
vn 0.238847 -0.848698 -0.471872
vn 0.209359 -0.743048 -0.635648
vn 0.127328 -0.542609 -0.830279
vn -0.184049 -0.383032 -0.905214
vn -0.408026 -0.205277 -0.889594
vn -0.616910 -0.107395 -0.779672
vn -0.741636 -0.032817 -0.669999
vn -0.756191 0.032090 -0.653564
vn -0.773751 0.066378 -0.630003
vn -0.855340 0.047684 -0.515868
vn -0.931315 -0.048820 -0.360928
vn -0.956643 -0.226420 -0.183215
vn -0.899130 -0.437682 -0.000066
vn -0.765080 -0.626133 0.150369
vn -0.558143 -0.792352 0.246282
vn -0.319957 -0.901452 0.291567
vn -0.096158 -0.951231 0.293109
vn 0.073139 -0.969945 0.232072
vn 0.215778 -0.976263 -0.018700
vn 0.236932 -0.909727 -0.340970
vn 0.172311 -0.841181 -0.512565
vn 0.091338 -0.751708 -0.653140
vn -0.023243 -0.585888 -0.810058
vn -0.320479 -0.481525 -0.815737
vn -0.510455 -0.319096 -0.798507
vn -0.651909 -0.205119 -0.730028
vn -0.709135 -0.140589 -0.690914
vn -0.727273 -0.084607 -0.681114
vn -0.762376 -0.063575 -0.644004
vn -0.828330 -0.106545 -0.550016
vn -0.884600 -0.204913 -0.418920
vn -0.898697 -0.345189 -0.270534
vn -0.853816 -0.503265 -0.133128
vn -0.751500 -0.659295 -0.024030
vn -0.609065 -0.791573 0.049511
vn -0.436064 -0.894955 0.094358
vn -0.273569 -0.957152 0.094977
vn -0.126312 -0.990932 0.045824
vn 0.034480 -0.988081 -0.150023
vn 0.113303 -0.912263 -0.393622
vn 0.094978 -0.839632 -0.534788
vn -0.002455 -0.760447 -0.649395
vn -0.161454 -0.630855 -0.758917
vn -0.398581 -0.560363 -0.726035
vn -0.532591 -0.433905 -0.726686
vn -0.636483 -0.324310 -0.699794
vn -0.669883 -0.270703 -0.691358
vn -0.695077 -0.242190 -0.676913
vn -0.736693 -0.240628 -0.631967
vn -0.783103 -0.277608 -0.556492
vn -0.815677 -0.350191 -0.460475
vn -0.820284 -0.449512 -0.353656
vn -0.787405 -0.561783 -0.253760
vn -0.716488 -0.675811 -0.172988
vn -0.624936 -0.770591 -0.125077
vn -0.518982 -0.847940 -0.107956
vn -0.415881 -0.901848 -0.117102
vn -0.326682 -0.929567 -0.170834
vn -0.215731 -0.930943 -0.294627
vn -0.131507 -0.890059 -0.436464
vn -0.108698 -0.836492 -0.537090
vn -0.160697 -0.764321 -0.624491
vn -0.281483 -0.659935 -0.696601
vn -0.463327 -0.598539 -0.653513
vn -0.533524 -0.531495 -0.657925
vn -0.598760 -0.463851 -0.652939
vn -0.632109 -0.425763 -0.647430
vn -0.658984 -0.407574 -0.632158
vn -0.689407 -0.408251 -0.598372
vn -0.717047 -0.431024 -0.547779
vn -0.733106 -0.474059 -0.487672
vn -0.732546 -0.533684 -0.422561
vn -0.710774 -0.603084 -0.362063
vn -0.667856 -0.674844 -0.313933
vn -0.613939 -0.735647 -0.286186
vn -0.557130 -0.781463 -0.280933
vn -0.501328 -0.812688 -0.297001
vn -0.450898 -0.828664 -0.331673
vn -0.400035 -0.829618 -0.389495
vn -0.355350 -0.814526 -0.458557
vn -0.339317 -0.783027 -0.521280
vn -0.358947 -0.731102 -0.580213
vn -0.408718 -0.661634 -0.628642
vn 0.574956 0.639916 0.509836
vn -0.573436 -0.643489 -0.507043
vn 0.680180 0.651051 0.336880
vn 0.737381 0.641555 0.211369
vn 0.669095 0.718004 0.191788
vn 0.639164 0.696968 0.325124
vn 0.588259 0.783479 0.200279
vn 0.590605 0.736301 0.330222
vn 0.502797 0.831559 0.236020
vn 0.539273 0.765177 0.351693
vn 0.421075 0.857537 0.295510
vn 0.490190 0.780779 0.387426
vn 0.351089 0.858878 0.372915
vn 0.448155 0.781586 0.433913
vn 0.299689 0.835443 0.460675
vn 0.417283 0.767514 0.486618
vn 0.271906 0.789531 0.550189
vn 0.400599 0.739931 0.540392
vn 0.270464 0.725636 0.632694
vn 0.399731 0.701551 0.589950
vn 0.295502 0.650008 0.700120
vn 0.414767 0.656133 0.630443
vn 0.344569 0.570053 0.745863
vn 0.444237 0.608109 0.657918
vn 0.412860 0.493599 0.765445
vn 0.485254 0.562184 0.669685
vn 0.493689 0.428133 0.756950
vn 0.533802 0.522864 0.664581
vn 0.579150 0.380051 0.721212
vn 0.585137 0.493981 0.643116
vn 0.660874 0.354068 0.661726
vn 0.634224 0.478375 0.607386
vn 0.730861 0.352733 0.584313
vn 0.676259 0.477578 0.560885
vn 0.782261 0.376167 0.496554
vn 0.707137 0.491649 0.508173
vn 0.810043 0.422076 0.407042
vn 0.723821 0.519228 0.454407
vn 0.811483 0.485974 0.324537
vn 0.724685 0.557607 0.404852
vn 0.786443 0.561607 0.257111
vn 0.709646 0.603034 0.364352
vn 0.783453 0.617407 0.070779
vn 0.687083 0.725297 0.043144
vn 0.573010 0.817692 0.055130
vn 0.452408 0.885541 0.105569
vn 0.337079 0.922204 0.189518
vn 0.238313 0.924094 0.298760
vn 0.165777 0.891023 0.422607
vn 0.126572 0.826230 0.548929
vn 0.124535 0.736060 0.665362
vn 0.159868 0.629332 0.760515
vn 0.229111 0.516500 0.825067
vn 0.325485 0.408608 0.852701
vn 0.439554 0.316218 0.840713
vn 0.560157 0.248365 0.790278
vn 0.675487 0.211699 0.706329
vn 0.774253 0.209812 0.597086
vn 0.846789 0.242886 0.473239
vn 0.885993 0.307677 0.346917
vn 0.888027 0.397851 0.230484
vn 0.852692 0.504581 0.135331
vn 0.812293 0.578519 -0.074137
vn 0.689528 0.715958 -0.109338
vn 0.544220 0.833652 -0.094068
vn 0.390591 0.920081 -0.029822
vn 0.243680 0.966785 0.077116
vn 0.117866 0.969192 0.216276
vn 0.025467 0.927064 0.374036
vn -0.024473 0.844529 0.534950
vn -0.027065 0.729663 0.683271
vn 0.017943 0.593711 0.804478
vn 0.106147 0.449982 0.886707
vn 0.228911 0.312543 0.921909
vn 0.374219 0.194848 0.906639
vn 0.527848 0.108415 0.842391
vn 0.674759 0.061713 0.735453
vn 0.800572 0.059306 0.596295
vn 0.892972 0.101435 0.438535
vn 0.942912 0.183969 0.277621
vn 0.945504 0.298836 0.129301
vn 0.900495 0.434791 0.008091
vn 0.822171 0.525713 -0.218314
vn 0.675726 0.689662 -0.260307
vn 0.502391 0.830058 -0.242090
vn 0.319129 0.933158 -0.165449
vn 0.143881 0.988870 -0.037885
vn -0.006199 0.991740 0.128116
vn -0.116420 0.941488 0.316302
vn -0.175992 0.843033 0.508253
vn -0.179084 0.706013 0.685183
vn -0.125395 0.543839 0.829768
vn -0.020180 0.372385 0.927859
vn 0.126264 0.208435 0.969852
vn 0.299600 0.068040 0.951636
vn 0.482862 -0.035058 0.874995
vn 0.658110 -0.090770 0.747431
vn 0.808189 -0.093641 0.581430
vn 0.918411 -0.043391 0.393242
vn 0.977983 0.055061 0.201290
vn 0.981076 0.192084 0.024362
vn 0.927386 0.354261 -0.120224
vn 0.812525 0.460246 -0.357738
vn 0.645813 0.646885 -0.405543
vn 0.448488 0.806711 -0.384807
vn 0.239861 0.924082 -0.297557
vn 0.040359 0.987504 -0.152339
vn -0.130492 0.990772 0.036638
vn -0.255967 0.933565 0.250872
vn -0.323785 0.821483 0.469392
vn -0.327308 0.665499 0.670806
vn -0.266189 0.480879 0.835404
vn -0.146409 0.285695 0.947070
vn 0.020304 0.099058 0.994874
vn 0.217630 -0.060768 0.974138
vn 0.426255 -0.178136 0.886890
vn 0.625758 -0.241561 0.741671
vn 0.796610 -0.244828 0.552695
vn 0.922085 -0.187622 0.338463
vn 0.989902 -0.075543 0.119944
vn 0.993424 0.080445 -0.081473
vn 0.932303 0.265065 -0.246071
vn 0.783475 0.383703 -0.488814
vn 0.600445 0.588610 -0.541298
vn 0.383805 0.764079 -0.518533
vn 0.154758 0.892937 -0.422746
vn -0.064270 0.962567 -0.263313
vn -0.251844 0.966155 -0.055842
vn -0.389604 0.903348 0.179362
vn -0.464059 0.780295 0.419272
vn -0.467924 0.609044 0.640401
vn -0.400821 0.406355 0.821108
vn -0.269318 0.192069 0.943704
vn -0.086288 -0.012838 0.996188
vn 0.130353 -0.188306 0.973421
vn 0.359397 -0.317164 0.877634
vn 0.578426 -0.386797 0.718200
vn 0.766000 -0.390385 0.510728
vn 0.903758 -0.327578 0.275527
vn 0.978213 -0.204525 0.035621
vn 0.982079 -0.033273 -0.185509
vn 0.914977 0.169417 -0.366218
vn 0.735673 0.297933 -0.608294
vn 0.540691 0.516224 -0.664204
vn 0.309903 0.703153 -0.639950
vn 0.065901 0.840425 -0.537907
vn -0.167431 0.914603 -0.368061
vn -0.367255 0.918424 -0.147042
vn -0.514010 0.851515 0.103517
vn -0.593326 0.720429 0.359091
vn -0.597442 0.537994 0.594664
vn -0.525958 0.322068 0.787172
vn -0.385870 0.093788 0.917774
vn -0.190889 -0.124502 0.973684
vn 0.039899 -0.311432 0.949431
vn 0.283901 -0.448705 0.847386
vn 0.517235 -0.522879 0.677544
vn 0.717058 -0.526701 0.456524
vn 0.863809 -0.459798 0.205962
vn 0.943128 -0.328707 -0.049611
vn 0.947246 -0.146270 -0.285183
vn 0.875762 0.069653 -0.477692
vn 0.670254 0.205013 -0.713252
vn 0.467982 0.431463 -0.771254
vn 0.228567 0.625381 -0.746094
vn -0.024559 0.767787 -0.640235
vn -0.266617 0.844738 -0.464040
vn -0.473911 0.848704 -0.234754
vn -0.626152 0.779294 0.025175
vn -0.708436 0.643306 0.290304
vn -0.712709 0.454048 0.534684
vn -0.638553 0.230043 0.734391
vn -0.493225 -0.006771 0.869875
vn -0.290953 -0.233220 0.927876
vn -0.051537 -0.427142 0.902715
vn 0.201589 -0.569546 0.796856
vn 0.443648 -0.646493 0.620663
vn 0.650943 -0.650459 0.391379
vn 0.803180 -0.581053 0.131450
vn 0.885465 -0.445062 -0.133682
vn 0.889738 -0.255804 -0.378062
vn 0.815581 -0.031805 -0.577768
vn 0.588787 0.107175 -0.801151
vn 0.384064 0.336367 -0.859856
vn 0.141749 0.532634 -0.834391
vn -0.114445 0.676765 -0.727250
vn -0.359435 0.754648 -0.548920
vn -0.569239 0.758662 -0.316858
vn -0.723324 0.688412 -0.053780
vn -0.806605 0.550774 0.214562
vn -0.810929 0.359223 0.461901
vn -0.735875 0.132509 0.664025
vn -0.588787 -0.107173 0.801151
vn -0.384065 -0.336368 0.859855
vn -0.141747 -0.532636 0.834390
vn 0.114445 -0.676765 0.727250
vn 0.359436 -0.754647 0.548921
vn 0.569241 -0.758660 0.316859
vn 0.723324 -0.688411 0.053782
vn 0.806605 -0.550774 -0.214561
vn 0.810928 -0.359226 -0.461901
vn 0.735874 -0.132511 -0.664026
vn 0.493224 0.006768 -0.869876
vn 0.290953 0.233220 -0.927876
vn 0.051536 0.427138 -0.902716
vn -0.201591 0.569542 -0.796858
vn -0.443649 0.646492 -0.620663
vn -0.650944 0.650457 -0.391380
vn -0.803183 0.581049 -0.131451
vn -0.885465 0.445063 0.133681
vn -0.889738 0.255803 0.378062
vn -0.815582 0.031804 0.577767
vn -0.670255 -0.205010 0.713252
vn -0.467981 -0.431462 0.771255
vn -0.228564 -0.625380 0.746095
vn 0.024561 -0.767785 0.640236
vn 0.266619 -0.844737 0.464040
vn 0.473915 -0.848702 0.234756
vn 0.626155 -0.779292 -0.025175
vn 0.708437 -0.643305 -0.290304
vn 0.712709 -0.454048 -0.534683
vn 0.638552 -0.230050 -0.734390
vn 0.385871 -0.093787 -0.917773
vn 0.190889 0.124501 -0.973684
vn -0.039900 0.311430 -0.949431
vn -0.283904 0.448701 -0.847388
vn -0.517236 0.522878 -0.677544
vn -0.717058 0.526699 -0.456526
vn -0.863810 0.459794 -0.205965
vn -0.943128 0.328708 0.049610
vn -0.947247 0.146267 0.285182
vn -0.875762 -0.069658 0.477691
vn -0.735674 -0.297933 0.608293
vn -0.540690 -0.516221 0.664207
vn -0.309902 -0.703151 0.639953
vn -0.065899 -0.840423 0.537909
vn 0.167434 -0.914600 0.368066
vn 0.367257 -0.918423 0.147045
vn 0.514010 -0.851515 -0.103516
vn 0.593328 -0.720427 -0.359091
vn 0.597445 -0.537992 -0.594663
vn 0.525960 -0.322067 -0.787172
vn 0.269319 -0.192069 -0.943704
vn 0.086288 0.012837 -0.996188
vn -0.130352 0.188306 -0.973421
vn -0.359398 0.317166 -0.877633
vn -0.578427 0.386794 -0.718200
vn -0.766000 0.390382 -0.510731
vn -0.903758 0.327577 -0.275529
vn -0.978213 0.204523 -0.035620
vn -0.982079 0.033270 0.185512
vn -0.914975 -0.169417 0.366222
vn -0.783475 -0.383701 0.488816
vn -0.600445 -0.588611 0.541297
vn -0.383804 -0.764082 0.518530
vn -0.154759 -0.892938 0.422743
vn 0.064270 -0.962568 0.263312
vn 0.251843 -0.966156 0.055840
vn 0.389601 -0.903350 -0.179361
vn 0.464057 -0.780298 -0.419269
vn 0.467922 -0.609045 -0.640401
vn 0.400821 -0.406355 -0.821108
vn 0.146406 -0.285698 -0.947070
vn -0.020306 -0.099058 -0.994875
vn -0.217631 0.060768 -0.974138
vn -0.426256 0.178137 -0.886889
vn -0.625758 0.241561 -0.741671
vn -0.796607 0.244834 -0.552697
vn -0.922085 0.187624 -0.338463
vn -0.989903 0.075539 -0.119942
vn -0.993424 -0.080442 0.081474
vn -0.932304 -0.265062 0.246072
vn -0.812526 -0.460246 0.357737
vn -0.645814 -0.646886 0.405540
vn -0.448488 -0.806712 0.384805
vn -0.239862 -0.924081 0.297558
vn -0.040360 -0.987504 0.152338
vn 0.130491 -0.990772 -0.036641
vn 0.255966 -0.933565 -0.250874
vn 0.323783 -0.821484 -0.469391
vn 0.327306 -0.665500 -0.670806
vn 0.266186 -0.480881 -0.835403
vn 0.020181 -0.372385 -0.927859
vn -0.126263 -0.208435 -0.969852
vn -0.299598 -0.068039 -0.951636
vn -0.482861 0.035062 -0.874995
vn -0.658108 0.090776 -0.747431
vn -0.808188 0.093645 -0.581432
vn -0.918411 0.043393 -0.393242
vn -0.977983 -0.055063 -0.201289
vn -0.981076 -0.192086 -0.024361
vn -0.927386 -0.354262 0.120223
vn -0.822170 -0.525714 0.218314
vn -0.675726 -0.689662 0.260308
vn -0.502392 -0.830057 0.242092
vn -0.319131 -0.933157 0.165452
vn -0.143880 -0.988870 0.037887
vn 0.006201 -0.991740 -0.128116
vn 0.116422 -0.941488 -0.316302
vn 0.175995 -0.843032 -0.508254
vn 0.179087 -0.706013 -0.685182
vn 0.125397 -0.543839 -0.829768
vn -0.106144 -0.449981 -0.886708
vn -0.228909 -0.312542 -0.921910
vn -0.374217 -0.194848 -0.906640
vn -0.527846 -0.108420 -0.842391
vn -0.674760 -0.061715 -0.735453
vn -0.800572 -0.059313 -0.596294
vn -0.892971 -0.101441 -0.438535
vn -0.942911 -0.183974 -0.277620
vn -0.945504 -0.298839 -0.129297
vn -0.900496 -0.434789 -0.008089
vn -0.812294 -0.578516 0.074140
vn -0.689528 -0.715957 0.109342
vn -0.544221 -0.833651 0.094069
vn -0.390593 -0.920080 0.029819
vn -0.243680 -0.966785 -0.077117
vn -0.117864 -0.969192 -0.216275
vn -0.025463 -0.927066 -0.374032
vn 0.024476 -0.844529 -0.534950
vn 0.027068 -0.729663 -0.683271
vn -0.017942 -0.593710 -0.804479
vn -0.229110 -0.516501 -0.825067
vn -0.325484 -0.408607 -0.852701
vn -0.439554 -0.316217 -0.840714
vn -0.560156 -0.248371 -0.790277
vn -0.675487 -0.211705 -0.706327
vn -0.774254 -0.209812 -0.597084
vn -0.846789 -0.242884 -0.473240
vn -0.885994 -0.307674 -0.346919
vn -0.888030 -0.397846 -0.230482
vn -0.852694 -0.504578 -0.135329
vn -0.783451 -0.617410 -0.070777
vn -0.687078 -0.725301 -0.043143
vn -0.573012 -0.817690 -0.055130
vn -0.452406 -0.885542 -0.105564
vn -0.337075 -0.922207 -0.189514
vn -0.238310 -0.924094 -0.298760
vn -0.165775 -0.891026 -0.422601
vn -0.126571 -0.826232 -0.548926
vn -0.124535 -0.736059 -0.665363
vn -0.159868 -0.629334 -0.760514
vn -0.344569 -0.570053 -0.745863
vn -0.412863 -0.493594 -0.765447
vn -0.493692 -0.428128 -0.756951
vn -0.579148 -0.380055 -0.721211
vn -0.660874 -0.354073 -0.661723
vn -0.730863 -0.352732 -0.584311
vn -0.782260 -0.376165 -0.496557
vn -0.810041 -0.422074 -0.407046
vn -0.811483 -0.485972 -0.324539
vn -0.786443 -0.561606 -0.257112
vn -0.737375 -0.641562 -0.211369
vn -0.669086 -0.718011 -0.191789
vn -0.588264 -0.783474 -0.200286
vn -0.502805 -0.831553 -0.236022
vn -0.421075 -0.857537 -0.295510
vn -0.351089 -0.858875 -0.372922
vn -0.299693 -0.835443 -0.460673
vn -0.271913 -0.789530 -0.550188
vn -0.270469 -0.725631 -0.632697
vn -0.295502 -0.650008 -0.700120
vn -0.444239 -0.608108 -0.657919
vn -0.485262 -0.562178 -0.669684
vn -0.533808 -0.522856 -0.664583
vn -0.585132 -0.493985 -0.643117
vn -0.634222 -0.478384 -0.607381
vn -0.676264 -0.477572 -0.560885
vn -0.707135 -0.491645 -0.508179
vn -0.723819 -0.519226 -0.454412
vn -0.724686 -0.557604 -0.404856
vn -0.709647 -0.603033 -0.364353
vn -0.680171 -0.651063 -0.336875
vn -0.639156 -0.696978 -0.325117
vn -0.590615 -0.736294 -0.330220
vn -0.539284 -0.765174 -0.351684
vn -0.490187 -0.780783 -0.387421
vn -0.448151 -0.781586 -0.433917
vn -0.417283 -0.767510 -0.486625
vn -0.400596 -0.739935 -0.540388
vn -0.399730 -0.701559 -0.589942
vn -0.414763 -0.656135 -0.630443
vn 0.573842 0.642612 0.507695
vn -0.573842 -0.642613 -0.507695
s 1
g pasted__pSphere19 group1
usemtl initialShadingGroup
f 1/1/1 2/2/2 22/3/3 21/4/4
f 2/2/2 3/5/5 23/6/6 22/3/3
f 3/5/5 4/7/7 24/8/8 23/6/6
f 4/7/7 5/9/9 25/10/10 24/8/8
f 5/9/9 6/11/11 26/12/12 25/10/10
f 6/11/11 7/13/13 27/14/14 26/12/12
f 7/13/13 8/15/15 28/16/16 27/14/14
f 8/15/15 9/17/17 29/18/18 28/16/16
f 9/17/17 10/19/19 30/20/20 29/18/18
f 10/19/19 11/21/21 31/22/22 30/20/20
f 11/21/21 12/23/23 32/24/24 31/22/22
f 12/23/23 13/25/25 33/26/26 32/24/24
f 13/25/25 14/27/27 34/28/28 33/26/26
f 14/27/27 15/29/29 35/30/30 34/28/28
f 15/29/29 16/31/31 36/32/32 35/30/30
f 16/31/31 17/33/33 37/34/34 36/32/32
f 17/33/33 18/35/35 38/36/36 37/34/34
f 18/35/35 19/37/37 39/38/38 38/36/36
f 19/37/37 20/39/39 40/40/40 39/38/38
f 20/39/39 1/1/1 21/4/4 40/40/40
f 21/4/4 22/3/3 42/41/41 41/42/42
f 22/3/3 23/6/6 43/43/43 42/41/41
f 23/6/6 24/8/8 44/44/44 43/43/43
f 24/8/8 25/10/10 45/45/45 44/44/44
f 25/10/10 26/12/12 46/46/46 45/45/45
f 26/12/12 27/14/14 47/47/47 46/46/46
f 27/14/14 28/16/16 48/48/48 47/47/47
f 28/16/16 29/18/18 49/49/49 48/48/48
f 29/18/18 30/20/20 50/50/50 49/49/49
f 30/20/20 31/22/22 51/51/51 50/50/50
f 31/22/22 32/24/24 52/52/52 51/51/51
f 32/24/24 33/26/26 53/53/53 52/52/52
f 33/26/26 34/28/28 54/54/54 53/53/53
f 34/28/28 35/30/30 55/55/55 54/54/54
f 35/30/30 36/32/32 56/56/56 55/55/55
f 36/32/32 37/34/34 57/57/57 56/56/56
f 37/34/34 38/36/36 58/58/58 57/57/57
f 38/36/36 39/38/38 59/59/59 58/58/58
f 39/38/38 40/40/40 60/60/60 59/59/59
f 40/40/40 21/4/4 41/42/42 60/60/60
f 41/42/42 42/41/41 62/61/61 61/62/62
f 42/41/41 43/43/43 63/63/63 62/61/61
f 43/43/43 44/44/44 64/64/64 63/63/63
f 44/44/44 45/45/45 65/65/65 64/64/64
f 45/45/45 46/46/46 66/66/66 65/65/65
f 46/46/46 47/47/47 67/67/67 66/66/66
f 47/47/47 48/48/48 68/68/68 67/67/67
f 48/48/48 49/49/49 69/69/69 68/68/68
f 49/49/49 50/50/50 70/70/70 69/69/69
f 50/50/50 51/51/51 71/71/71 70/70/70
f 51/51/51 52/52/52 72/72/72 71/71/71
f 52/52/52 53/53/53 73/73/73 72/72/72
f 53/53/53 54/54/54 74/74/74 73/73/73
f 54/54/54 55/55/55 75/75/75 74/74/74
f 55/55/55 56/56/56 76/76/76 75/75/75
f 56/56/56 57/57/57 77/77/77 76/76/76
f 57/57/57 58/58/58 78/78/78 77/77/77
f 58/58/58 59/59/59 79/79/79 78/78/78
f 59/59/59 60/60/60 80/80/80 79/79/79
f 60/60/60 41/42/42 61/62/62 80/80/80
f 61/62/62 62/61/61 82/81/81 81/82/82
f 62/61/61 63/63/63 83/83/83 82/81/81
f 63/63/63 64/64/64 84/84/84 83/83/83
f 64/64/64 65/65/65 85/85/85 84/84/84
f 65/65/65 66/66/66 86/86/86 85/85/85
f 66/66/66 67/67/67 87/87/87 86/86/86
f 67/67/67 68/68/68 88/88/88 87/87/87
f 68/68/68 69/69/69 89/89/89 88/88/88
f 69/69/69 70/70/70 90/90/90 89/89/89
f 70/70/70 71/71/71 91/91/91 90/90/90
f 71/71/71 72/72/72 92/92/92 91/91/91
f 72/72/72 73/73/73 93/93/93 92/92/92
f 73/73/73 74/74/74 94/94/94 93/93/93
f 74/74/74 75/75/75 95/95/95 94/94/94
f 75/75/75 76/76/76 96/96/96 95/95/95
f 76/76/76 77/77/77 97/97/97 96/96/96
f 77/77/77 78/78/78 98/98/98 97/97/97
f 78/78/78 79/79/79 99/99/99 98/98/98
f 79/79/79 80/80/80 100/100/100 99/99/99
f 80/80/80 61/62/62 81/82/82 100/100/100
f 81/82/82 82/81/81 102/101/101 101/102/102
f 82/81/81 83/83/83 103/103/103 102/101/101
f 83/83/83 84/84/84 104/104/104 103/103/103
f 84/84/84 85/85/85 105/105/105 104/104/104
f 85/85/85 86/86/86 106/106/106 105/105/105
f 86/86/86 87/87/87 107/107/107 106/106/106
f 87/87/87 88/88/88 108/108/108 107/107/107
f 88/88/88 89/89/89 109/109/109 108/108/108
f 89/89/89 90/90/90 110/110/110 109/109/109
f 90/90/90 91/91/91 111/111/111 110/110/110
f 91/91/91 92/92/92 112/112/112 111/111/111
f 92/92/92 93/93/93 113/113/113 112/112/112
f 93/93/93 94/94/94 114/114/114 113/113/113
f 94/94/94 95/95/95 115/115/115 114/114/114
f 95/95/95 96/96/96 116/116/116 115/115/115
f 96/96/96 97/97/97 117/117/117 116/116/116
f 97/97/97 98/98/98 118/118/118 117/117/117
f 98/98/98 99/99/99 119/119/119 118/118/118
f 99/99/99 100/100/100 120/120/120 119/119/119
f 100/100/100 81/82/82 101/102/102 120/120/120
f 101/102/102 102/101/101 122/121/121 121/122/122
f 102/101/101 103/103/103 123/123/123 122/121/121
f 103/103/103 104/104/104 124/124/124 123/123/123
f 104/104/104 105/105/105 125/125/125 124/124/124
f 105/105/105 106/106/106 126/126/126 125/125/125
f 106/106/106 107/107/107 127/127/127 126/126/126
f 107/107/107 108/108/108 128/128/128 127/127/127
f 108/108/108 109/109/109 129/129/129 128/128/128
f 109/109/109 110/110/110 130/130/130 129/129/129
f 110/110/110 111/111/111 131/131/131 130/130/130
f 111/111/111 112/112/112 132/132/132 131/131/131
f 112/112/112 113/113/113 133/133/133 132/132/132
f 113/113/113 114/114/114 134/134/134 133/133/133
f 114/114/114 115/115/115 135/135/135 134/134/134
f 115/115/115 116/116/116 136/136/136 135/135/135
f 116/116/116 117/117/117 137/137/137 136/136/136
f 117/117/117 118/118/118 138/138/138 137/137/137
f 118/118/118 119/119/119 139/139/139 138/138/138
f 119/119/119 120/120/120 140/140/140 139/139/139
f 120/120/120 101/102/102 121/122/122 140/140/140
f 121/122/122 122/121/121 142/141/141 141/142/142
f 122/121/121 123/123/123 143/143/143 142/141/141
f 123/123/123 124/124/124 144/144/144 143/143/143
f 124/124/124 125/125/125 145/145/145 144/144/144
f 125/125/125 126/126/126 146/146/146 145/145/145
f 126/126/126 127/127/127 147/147/147 146/146/146
f 127/127/127 128/128/128 148/148/148 147/147/147
f 128/128/128 129/129/129 149/149/149 148/148/148
f 129/129/129 130/130/130 150/150/150 149/149/149
f 130/130/130 131/131/131 151/151/151 150/150/150
f 131/131/131 132/132/132 152/401/152 151/151/151
f 132/132/132 133/133/133 153/153/153 152/152/152
f 133/133/133 134/134/134 154/154/154 153/153/153
f 134/134/134 135/135/135 155/155/155 154/154/154
f 135/135/135 136/136/136 156/156/156 155/155/155
f 136/136/136 137/137/137 157/157/157 156/156/156
f 137/137/137 138/138/138 158/158/158 157/157/157
f 138/138/138 139/139/139 159/159/159 158/158/158
f 139/139/139 140/140/140 160/160/160 159/159/159
f 140/140/140 121/122/122 141/142/142 160/160/160
f 141/142/142 142/141/141 162/161/161 161/162/162
f 142/141/141 143/143/143 163/163/163 162/161/161
f 143/143/143 144/144/144 164/164/164 163/163/163
f 144/144/144 145/145/145 165/165/165 164/164/164
f 145/145/145 146/146/146 166/166/166 165/165/165
f 146/146/146 147/147/147 167/167/167 166/166/166
f 147/147/147 148/148/148 168/168/168 167/167/167
f 148/148/148 149/149/149 169/169/169 168/168/168
f 149/149/149 150/150/150 170/170/170 169/169/169
f 150/150/150 151/151/151 171/171/171 170/170/170
f 151/151/151 152/401/152 172/400/172 171/171/171
f 152/152/152 153/153/153 173/173/173 172/172/172
f 153/153/153 154/154/154 174/174/174 173/173/173
f 154/154/154 155/155/155 175/175/175 174/174/174
f 155/155/155 156/156/156 176/176/176 175/175/175
f 156/156/156 157/157/157 177/177/177 176/176/176
f 157/157/157 158/158/158 178/178/178 177/177/177
f 158/158/158 159/159/159 179/179/179 178/178/178
f 159/159/159 160/160/160 180/180/180 179/179/179
f 160/160/160 141/142/142 161/162/162 180/180/180
f 161/162/162 162/161/161 182/181/181 181/182/182
f 162/161/161 163/163/163 183/183/183 182/181/181
f 163/163/163 164/164/164 184/184/184 183/183/183
f 164/164/164 165/165/165 185/185/185 184/184/184
f 165/165/165 166/166/166 186/186/186 185/185/185
f 166/166/166 167/167/167 187/187/187 186/186/186
f 167/167/167 168/168/168 188/188/188 187/187/187
f 168/168/168 169/169/169 189/189/189 188/188/188
f 169/169/169 170/170/170 190/190/190 189/189/189
f 170/170/170 171/171/171 191/191/191 190/190/190
f 171/171/171 172/400/172 192/399/192 191/191/191
f 172/172/172 173/173/173 193/193/193 192/192/192
f 173/173/173 174/174/174 194/194/194 193/193/193
f 174/174/174 175/175/175 195/195/195 194/194/194
f 175/175/175 176/176/176 196/196/196 195/195/195
f 176/176/176 177/177/177 197/197/197 196/196/196
f 177/177/177 178/178/178 198/198/198 197/197/197
f 178/178/178 179/179/179 199/199/199 198/198/198
f 179/179/179 180/180/180 200/200/200 199/199/199
f 180/180/180 161/162/162 181/182/182 200/200/200
f 181/182/182 182/181/181 202/201/201 201/202/202
f 182/181/181 183/183/183 203/203/203 202/201/201
f 183/183/183 184/184/184 204/204/204 203/203/203
f 184/184/184 185/185/185 205/205/205 204/204/204
f 185/185/185 186/186/186 206/206/206 205/205/205
f 186/186/186 187/187/187 207/207/207 206/206/206
f 187/187/187 188/188/188 208/208/208 207/207/207
f 188/188/188 189/189/189 209/209/209 208/208/208
f 189/189/189 190/190/190 210/210/210 209/209/209
f 190/190/190 191/191/191 211/211/211 210/210/210
f 191/191/191 192/399/192 212/398/212 211/211/211
f 192/192/192 193/193/193 213/213/213 212/212/212
f 193/193/193 194/194/194 214/214/214 213/213/213
f 194/194/194 195/195/195 215/215/215 214/214/214
f 195/195/195 196/196/196 216/216/216 215/215/215
f 196/196/196 197/197/197 217/217/217 216/216/216
f 197/197/197 198/198/198 218/218/218 217/217/217
f 198/198/198 199/199/199 219/219/219 218/218/218
f 199/199/199 200/200/200 220/220/220 219/219/219
f 200/200/200 181/182/182 201/202/202 220/220/220
f 201/202/202 202/201/201 222/221/221 221/222/222
f 202/201/201 203/203/203 223/223/223 222/221/221
f 203/203/203 204/204/204 224/224/224 223/223/223
f 204/204/204 205/205/205 225/225/225 224/224/224
f 205/205/205 206/206/206 226/226/226 225/225/225
f 206/206/206 207/207/207 227/227/227 226/226/226
f 207/207/207 208/208/208 228/228/228 227/227/227
f 208/208/208 209/209/209 229/229/229 228/228/228
f 209/209/209 210/210/210 230/230/230 229/229/229
f 210/210/210 211/211/211 231/231/231 230/230/230
f 211/211/211 212/398/212 232/397/232 231/231/231
f 212/212/212 213/213/213 233/233/233 232/232/232
f 213/213/213 214/214/214 234/234/234 233/233/233
f 214/214/214 215/215/215 235/235/235 234/234/234
f 215/215/215 216/216/216 236/236/236 235/235/235
f 216/216/216 217/217/217 237/237/237 236/236/236
f 217/217/217 218/218/218 238/238/238 237/237/237
f 218/218/218 219/219/219 239/239/239 238/238/238
f 219/219/219 220/220/220 240/240/240 239/239/239
f 220/220/220 201/202/202 221/222/222 240/240/240
f 221/222/222 222/221/221 242/241/241 241/242/242
f 222/221/221 223/223/223 243/243/243 242/241/241
f 223/223/223 224/224/224 244/244/244 243/243/243
f 224/224/224 225/225/225 245/245/245 244/244/244
f 225/225/225 226/226/226 246/246/246 245/245/245
f 226/226/226 227/227/227 247/247/247 246/246/246
f 227/227/227 228/228/228 248/248/248 247/247/247
f 228/228/228 229/229/229 249/249/249 248/248/248
f 229/229/229 230/230/230 250/250/250 249/249/249
f 230/230/230 231/231/231 251/251/251 250/250/250
f 231/231/231 232/397/232 252/396/252 251/251/251
f 232/232/232 233/233/233 253/253/253 252/252/252
f 233/233/233 234/234/234 254/254/254 253/253/253
f 234/234/234 235/235/235 255/255/255 254/254/254
f 235/235/235 236/236/236 256/256/256 255/255/255
f 236/236/236 237/237/237 257/257/257 256/256/256
f 237/237/237 238/238/238 258/258/258 257/257/257
f 238/238/238 239/239/239 259/259/259 258/258/258
f 239/239/239 240/240/240 260/260/260 259/259/259
f 240/240/240 221/222/222 241/242/242 260/260/260
f 241/242/242 242/241/241 262/395/261 261/262/262
f 242/241/241 243/243/243 263/263/263 262/261/261
f 243/243/243 244/244/244 264/264/264 263/263/263
f 244/244/244 245/245/245 265/265/265 264/264/264
f 245/245/245 246/246/246 266/266/266 265/265/265
f 246/246/246 247/247/247 267/267/267 266/266/266
f 247/247/247 248/248/248 268/268/268 267/267/267
f 248/248/248 249/249/249 269/269/269 268/268/268
f 249/249/249 250/250/250 270/270/270 269/269/269
f 250/250/250 251/251/251 271/271/271 270/270/270
f 251/251/251 252/396/252 272/394/272 271/271/271
f 252/252/252 253/253/253 273/273/273 272/272/272
f 253/253/253 254/254/254 274/274/274 273/273/273
f 254/254/254 255/255/255 275/275/275 274/274/274
f 255/255/255 256/256/256 276/276/276 275/275/275
f 256/256/256 257/257/257 277/277/277 276/276/276
f 257/257/257 258/258/258 278/278/278 277/277/277
f 258/258/258 259/259/259 279/279/279 278/278/278
f 259/259/259 260/260/260 280/280/280 279/279/279
f 260/260/260 241/242/242 261/262/262 280/280/280
f 261/262/262 262/395/261 282/393/281 281/282/282
f 262/261/261 263/263/263 283/283/283 282/281/281
f 263/263/263 264/264/264 284/284/284 283/283/283
f 264/264/264 265/265/265 285/285/285 284/284/284
f 265/265/265 266/266/266 286/286/286 285/285/285
f 266/266/266 267/267/267 287/287/287 286/286/286
f 267/267/267 268/268/268 288/288/288 287/287/287
f 268/268/268 269/269/269 289/289/289 288/288/288
f 269/269/269 270/270/270 290/290/290 289/289/289
f 270/270/270 271/271/271 291/291/291 290/290/290
f 271/271/271 272/394/272 292/392/292 291/291/291
f 272/272/272 273/273/273 293/293/293 292/292/292
f 273/273/273 274/274/274 294/294/294 293/293/293
f 274/274/274 275/275/275 295/295/295 294/294/294
f 275/275/275 276/276/276 296/296/296 295/295/295
f 276/276/276 277/277/277 297/297/297 296/296/296
f 277/277/277 278/278/278 298/298/298 297/297/297
f 278/278/278 279/279/279 299/299/299 298/298/298
f 279/279/279 280/280/280 300/300/300 299/299/299
f 280/280/280 261/262/262 281/282/282 300/300/300
f 281/282/282 282/393/281 302/391/301 301/302/302
f 282/281/281 283/283/283 303/303/303 302/301/301
f 283/283/283 284/284/284 304/304/304 303/303/303
f 284/284/284 285/285/285 305/305/305 304/304/304
f 285/285/285 286/286/286 306/306/306 305/305/305
f 286/286/286 287/287/287 307/307/307 306/306/306
f 287/287/287 288/288/288 308/308/308 307/307/307
f 288/288/288 289/289/289 309/309/309 308/308/308
f 289/289/289 290/290/290 310/310/310 309/309/309
f 290/290/290 291/291/291 311/311/311 310/310/310
f 291/291/291 292/392/292 312/390/312 311/311/311
f 292/292/292 293/293/293 313/313/313 312/312/312
f 293/293/293 294/294/294 314/314/314 313/313/313
f 294/294/294 295/295/295 315/315/315 314/314/314
f 295/295/295 296/296/296 316/316/316 315/315/315
f 296/296/296 297/297/297 317/317/317 316/316/316
f 297/297/297 298/298/298 318/318/318 317/317/317
f 298/298/298 299/299/299 319/319/319 318/318/318
f 299/299/299 300/300/300 320/320/320 319/319/319
f 300/300/300 281/282/282 301/302/302 320/320/320
f 301/302/302 302/391/301 322/389/321 321/322/322
f 302/301/301 303/303/303 323/323/323 322/321/321
f 303/303/303 304/304/304 324/324/324 323/323/323
f 304/304/304 305/305/305 325/325/325 324/324/324
f 305/305/305 306/306/306 326/326/326 325/325/325
f 306/306/306 307/307/307 327/327/327 326/326/326
f 307/307/307 308/308/308 328/328/328 327/327/327
f 308/308/308 309/309/309 329/329/329 328/328/328
f 309/309/309 310/310/310 330/330/330 329/329/329
f 310/310/310 311/311/311 331/331/331 330/330/330
f 311/311/311 312/390/312 332/388/332 331/331/331
f 312/312/312 313/313/313 333/333/333 332/332/332
f 313/313/313 314/314/314 334/334/334 333/333/333
f 314/314/314 315/315/315 335/335/335 334/334/334
f 315/315/315 316/316/316 336/336/336 335/335/335
f 316/316/316 317/317/317 337/337/337 336/336/336
f 317/317/317 318/318/318 338/338/338 337/337/337
f 318/318/318 319/319/319 339/339/339 338/338/338
f 319/319/319 320/320/320 340/340/340 339/339/339
f 320/320/320 301/302/302 321/322/322 340/340/340
f 321/322/322 322/389/321 342/387/341 341/342/342
f 322/321/321 323/323/323 343/343/343 342/341/341
f 323/323/323 324/324/324 344/344/344 343/343/343
f 324/324/324 325/325/325 345/345/345 344/344/344
f 325/325/325 326/326/326 346/346/346 345/345/345
f 326/326/326 327/327/327 347/347/347 346/346/346
f 327/327/327 328/328/328 348/348/348 347/347/347
f 328/328/328 329/329/329 349/349/349 348/348/348
f 329/329/329 330/330/330 350/350/350 349/349/349
f 330/330/330 331/331/331 351/351/351 350/350/350
f 331/331/331 332/388/332 352/386/352 351/351/351
f 332/332/332 333/333/333 353/353/353 352/352/352
f 333/333/333 334/334/334 354/354/354 353/353/353
f 334/334/334 335/335/335 355/355/355 354/354/354
f 335/335/335 336/336/336 356/356/356 355/355/355
f 336/336/336 337/337/337 357/357/357 356/356/356
f 337/337/337 338/338/338 358/358/358 357/357/357
f 338/338/338 339/339/339 359/359/359 358/358/358
f 339/339/339 340/340/340 360/360/360 359/359/359
f 340/340/340 321/322/322 341/342/342 360/360/360
f 341/342/342 342/387/341 362/385/361 361/362/362
f 342/341/341 343/343/343 363/363/363 362/361/361
f 343/343/343 344/344/344 364/364/364 363/363/363
f 344/344/344 345/345/345 365/365/365 364/364/364
f 345/345/345 346/346/346 366/366/366 365/365/365
f 346/346/346 347/347/347 367/367/367 366/366/366
f 347/347/347 348/348/348 368/368/368 367/367/367
f 348/348/348 349/349/349 369/369/369 368/368/368
f 349/349/349 350/350/350 370/370/370 369/369/369
f 350/350/350 351/351/351 371/371/371 370/370/370
f 351/351/351 352/386/352 372/383/372 371/371/371
f 352/352/352 353/353/353 373/373/373 372/372/372
f 353/353/353 354/354/354 374/374/374 373/373/373
f 354/354/354 355/355/355 375/375/375 374/374/374
f 355/355/355 356/356/356 376/376/376 375/375/375
f 356/356/356 357/357/357 377/377/377 376/376/376
f 357/357/357 358/358/358 378/378/378 377/377/377
f 358/358/358 359/359/359 379/379/379 378/378/378
f 359/359/359 360/360/360 380/380/380 379/379/379
f 360/360/360 341/342/342 361/362/362 380/380/380
f 2/2/2 1/1/1 381/381/381
f 3/5/5 2/2/2 381/381/381
f 4/7/7 3/5/5 381/381/381
f 5/9/9 4/7/7 381/381/381
f 6/11/11 5/9/9 381/381/381
f 7/13/13 6/11/11 381/381/381
f 8/15/15 7/13/13 381/381/381
f 9/17/17 8/15/15 381/381/381
f 10/19/19 9/17/17 381/381/381
f 11/21/21 10/19/19 381/381/381
f 12/23/23 11/21/21 381/381/381
f 13/25/25 12/23/23 381/381/381
f 14/27/27 13/25/25 381/381/381
f 15/29/29 14/27/27 381/381/381
f 16/31/31 15/29/29 381/381/381
f 17/33/33 16/31/31 381/381/381
f 18/35/35 17/33/33 381/381/381
f 19/37/37 18/35/35 381/381/381
f 20/39/39 19/37/37 381/381/381
f 1/1/1 20/39/39 381/381/381
f 361/362/362 362/385/361 382/382/382
f 362/361/361 363/363/363 382/384/382
f 363/363/363 364/364/364 382/384/382
f 364/364/364 365/365/365 382/384/382
f 365/365/365 366/366/366 382/384/382
f 366/366/366 367/367/367 382/384/382
f 367/367/367 368/368/368 382/384/382
f 368/368/368 369/369/369 382/384/382
f 369/369/369 370/370/370 382/384/382
f 370/370/370 371/371/371 382/384/382
f 371/371/371 372/383/372 382/384/382
f 372/372/372 373/373/373 382/382/382
f 373/373/373 374/374/374 382/382/382
f 374/374/374 375/375/375 382/382/382
f 375/375/375 376/376/376 382/382/382
f 376/376/376 377/377/377 382/382/382
f 377/377/377 378/378/378 382/382/382
f 378/378/378 379/379/379 382/382/382
f 379/379/379 380/380/380 382/382/382
f 380/380/380 361/362/362 382/382/382
s 2
f 383/402/383 384/403/384 404/404/385 403/405/386
f 384/403/384 385/406/387 405/407/388 404/404/385
f 385/408/387 386/409/389 406/410/390 405/411/388
f 386/409/389 387/412/391 407/413/392 406/410/390
f 387/412/391 388/414/393 408/415/394 407/413/392
f 388/414/393 389/416/395 409/417/396 408/415/394
f 389/416/395 390/418/397 410/419/398 409/417/396
f 390/418/397 391/420/399 411/421/400 410/419/398
f 391/420/399 392/422/401 412/423/402 411/421/400
f 392/422/401 393/424/403 413/425/404 412/423/402
f 393/424/403 394/426/405 414/427/406 413/425/404
f 394/428/405 395/429/407 415/430/408 414/431/406
f 395/429/407 396/432/409 416/433/410 415/430/408
f 396/432/409 397/434/411 417/435/412 416/433/410
f 397/434/411 398/436/413 418/437/414 417/435/412
f 398/436/413 399/438/415 419/439/416 418/437/414
f 399/438/415 400/440/417 420/441/418 419/439/416
f 400/440/417 401/442/419 421/443/420 420/441/418
f 401/442/419 402/444/421 422/445/422 421/443/420
f 402/444/421 383/402/383 403/405/386 422/445/422
f 403/405/386 404/404/385 424/446/423 423/447/424
f 404/404/385 405/407/388 425/448/425 424/446/423
f 405/411/388 406/410/390 426/449/426 425/450/425
f 406/410/390 407/413/392 427/451/427 426/449/426
f 407/413/392 408/415/394 428/452/428 427/451/427
f 408/415/394 409/417/396 429/453/429 428/452/428
f 409/417/396 410/419/398 430/454/430 429/453/429
f 410/419/398 411/421/400 431/455/431 430/454/430
f 411/421/400 412/423/402 432/456/432 431/455/431
f 412/423/402 413/425/404 433/457/433 432/456/432
f 413/425/404 414/427/406 434/458/434 433/457/433
f 414/431/406 415/430/408 435/459/435 434/460/434
f 415/430/408 416/433/410 436/461/436 435/459/435
f 416/433/410 417/435/412 437/462/437 436/461/436
f 417/435/412 418/437/414 438/463/438 437/462/437
f 418/437/414 419/439/416 439/464/439 438/463/438
f 419/439/416 420/441/418 440/465/440 439/464/439
f 420/441/418 421/443/420 441/466/441 440/465/440
f 421/443/420 422/445/422 442/467/442 441/466/441
f 422/445/422 403/405/386 423/447/424 442/467/442
f 423/447/424 424/446/423 444/468/443 443/469/444
f 424/446/423 425/448/425 445/470/445 444/468/443
f 425/450/425 426/449/426 446/471/446 445/472/445
f 426/449/426 427/451/427 447/473/447 446/471/446
f 427/451/427 428/452/428 448/474/448 447/473/447
f 428/452/428 429/453/429 449/475/449 448/474/448
f 429/453/429 430/454/430 450/476/450 449/475/449
f 430/454/430 431/455/431 451/477/451 450/476/450
f 431/455/431 432/456/432 452/478/452 451/477/451
f 432/456/432 433/457/433 453/479/453 452/478/452
f 433/457/433 434/458/434 454/480/454 453/479/453
f 434/460/434 435/459/435 455/481/455 454/482/454
f 435/459/435 436/461/436 456/483/456 455/481/455
f 436/461/436 437/462/437 457/484/457 456/483/456
f 437/462/437 438/463/438 458/485/458 457/484/457
f 438/463/438 439/464/439 459/486/459 458/485/458
f 439/464/439 440/465/440 460/487/460 459/486/459
f 440/465/440 441/466/441 461/488/461 460/487/460
f 441/466/441 442/467/442 462/489/462 461/488/461
f 442/467/442 423/447/424 443/469/444 462/489/462
f 443/469/444 444/468/443 464/490/463 463/491/464
f 444/468/443 445/470/445 465/492/465 464/490/463
f 445/472/445 446/471/446 466/493/466 465/494/465
f 446/471/446 447/473/447 467/495/467 466/493/466
f 447/473/447 448/474/448 468/496/468 467/495/467
f 448/474/448 449/475/449 469/497/469 468/496/468
f 449/475/449 450/476/450 470/498/470 469/497/469
f 450/476/450 451/477/451 471/499/471 470/498/470
f 451/477/451 452/478/452 472/500/472 471/499/471
f 452/478/452 453/479/453 473/501/473 472/500/472
f 453/479/453 454/480/454 474/502/474 473/501/473
f 454/482/454 455/481/455 475/503/475 474/504/474
f 455/481/455 456/483/456 476/505/476 475/503/475
f 456/483/456 457/484/457 477/506/477 476/505/476
f 457/484/457 458/485/458 478/507/478 477/506/477
f 458/485/458 459/486/459 479/508/479 478/507/478
f 459/486/459 460/487/460 480/509/480 479/508/479
f 460/487/460 461/488/461 481/510/481 480/509/480
f 461/488/461 462/489/462 482/511/482 481/510/481
f 462/489/462 443/469/444 463/491/464 482/511/482
f 463/491/464 464/490/463 484/512/483 483/513/484
f 464/490/463 465/492/465 485/514/485 484/512/483
f 465/494/465 466/493/466 486/515/486 485/516/485
f 466/493/466 467/495/467 487/517/487 486/515/486
f 467/495/467 468/496/468 488/518/488 487/517/487
f 468/496/468 469/497/469 489/519/489 488/518/488
f 469/497/469 470/498/470 490/520/490 489/519/489
f 470/498/470 471/499/471 491/521/491 490/520/490
f 471/499/471 472/500/472 492/522/492 491/521/491
f 472/500/472 473/501/473 493/523/493 492/522/492
f 473/501/473 474/502/474 494/524/494 493/523/493
f 474/504/474 475/503/475 495/525/495 494/526/494
f 475/503/475 476/505/476 496/527/496 495/525/495
f 476/505/476 477/506/477 497/528/497 496/527/496
f 477/506/477 478/507/478 498/529/498 497/528/497
f 478/507/478 479/508/479 499/530/499 498/529/498
f 479/508/479 480/509/480 500/531/500 499/530/499
f 480/509/480 481/510/481 501/532/501 500/531/500
f 481/510/481 482/511/482 502/533/502 501/532/501
f 482/511/482 463/491/464 483/513/484 502/533/502
f 483/513/484 484/512/483 504/534/503 503/535/504
f 484/512/483 485/514/485 505/536/505 504/534/503
f 485/516/485 486/515/486 506/537/506 505/538/505
f 486/515/486 487/517/487 507/539/507 506/537/506
f 487/517/487 488/518/488 508/540/508 507/539/507
f 488/518/488 489/519/489 509/541/509 508/540/508
f 489/519/489 490/520/490 510/542/510 509/541/509
f 490/520/490 491/521/491 511/543/511 510/542/510
f 491/521/491 492/522/492 512/544/512 511/543/511
f 492/522/492 493/523/493 513/545/513 512/544/512
f 493/523/493 494/524/494 514/546/514 513/545/513
f 494/526/494 495/525/495 515/547/515 514/546/514
f 495/525/495 496/527/496 516/548/516 515/547/515
f 496/527/496 497/528/497 517/549/517 516/548/516
f 497/528/497 498/529/498 518/550/518 517/549/517
f 498/529/498 499/530/499 519/551/519 518/550/518
f 499/530/499 500/531/500 520/552/520 519/551/519
f 500/531/500 501/532/501 521/553/521 520/552/520
f 501/532/501 502/533/502 522/554/522 521/553/521
f 502/533/502 483/513/484 503/535/504 522/554/522
f 503/535/504 504/534/503 524/555/523 523/556/524
f 504/534/503 505/536/505 525/557/525 524/555/523
f 505/538/505 506/537/506 526/558/526 525/559/525
f 506/537/506 507/539/507 527/560/527 526/558/526
f 507/539/507 508/540/508 528/561/528 527/560/527
f 508/540/508 509/541/509 529/562/529 528/561/528
f 509/541/509 510/542/510 530/563/530 529/562/529
f 510/542/510 511/543/511 531/564/531 530/563/530
f 511/543/511 512/544/512 532/565/532 531/564/531
f 512/544/512 513/545/513 533/566/533 532/565/532
f 513/545/513 514/546/514 534/567/534 533/566/533
f 514/546/514 515/547/515 535/568/535 534/567/534
f 515/547/515 516/548/516 536/569/536 535/568/535
f 516/548/516 517/549/517 537/570/537 536/569/536
f 517/549/517 518/550/518 538/571/538 537/570/537
f 518/550/518 519/551/519 539/572/539 538/571/538
f 519/551/519 520/552/520 540/573/540 539/572/539
f 520/552/520 521/553/521 541/574/541 540/573/540
f 521/553/521 522/554/522 542/575/542 541/574/541
f 522/554/522 503/535/504 523/556/524 542/575/542
f 523/556/524 524/555/523 544/576/543 543/577/544
f 524/555/523 525/557/525 545/578/545 544/576/543
f 525/559/525 526/558/526 546/579/546 545/580/545
f 526/558/526 527/560/527 547/581/547 546/579/546
f 527/560/527 528/561/528 548/582/548 547/581/547
f 528/561/528 529/562/529 549/583/549 548/582/548
f 529/562/529 530/563/530 550/584/550 549/583/549
f 530/563/530 531/564/531 551/585/551 550/584/550
f 531/564/531 532/565/532 552/586/552 551/585/551
f 532/565/532 533/566/533 553/587/553 552/586/552
f 533/566/533 534/567/534 554/588/554 553/587/553
f 534/567/534 535/568/535 555/589/555 554/588/554
f 535/568/535 536/569/536 556/590/556 555/589/555
f 536/569/536 537/570/537 557/591/557 556/590/556
f 537/570/537 538/571/538 558/592/558 557/591/557
f 538/571/538 539/572/539 559/593/559 558/592/558
f 539/572/539 540/573/540 560/594/560 559/593/559
f 540/573/540 541/574/541 561/595/561 560/594/560
f 541/574/541 542/575/542 562/596/562 561/595/561
f 542/575/542 523/556/524 543/577/544 562/596/562
f 543/577/544 544/576/543 564/597/563 563/598/564
f 544/576/543 545/578/545 565/599/565 564/597/563
f 545/580/545 546/579/546 566/600/566 565/601/565
f 546/579/546 547/581/547 567/602/567 566/600/566
f 547/581/547 548/582/548 568/603/568 567/602/567
f 548/582/548 549/583/549 569/604/569 568/603/568
f 549/583/549 550/584/550 570/605/570 569/604/569
f 550/584/550 551/585/551 571/606/571 570/605/570
f 551/585/551 552/586/552 572/607/572 571/606/571
f 552/586/552 553/587/553 573/608/573 572/607/572
f 553/587/553 554/588/554 574/609/574 573/608/573
f 554/588/554 555/589/555 575/610/575 574/609/574
f 555/589/555 556/590/556 576/611/576 575/610/575
f 556/590/556 557/591/557 577/612/577 576/611/576
f 557/591/557 558/592/558 578/613/578 577/612/577
f 558/592/558 559/593/559 579/614/579 578/613/578
f 559/593/559 560/594/560 580/615/580 579/614/579
f 560/594/560 561/595/561 581/616/581 580/615/580
f 561/595/561 562/596/562 582/617/582 581/616/581
f 562/596/562 543/577/544 563/598/564 582/617/582
f 563/598/564 564/597/563 584/618/583 583/619/584
f 564/597/563 565/599/565 585/620/585 584/618/583
f 565/601/565 566/600/566 586/621/586 585/622/585
f 566/600/566 567/602/567 587/623/587 586/621/586
f 567/602/567 568/603/568 588/624/588 587/623/587
f 568/603/568 569/604/569 589/625/589 588/624/588
f 569/604/569 570/605/570 590/626/590 589/625/589
f 570/605/570 571/606/571 591/627/591 590/626/590
f 571/606/571 572/607/572 592/628/592 591/627/591
f 572/607/572 573/608/573 593/629/593 592/628/592
f 573/608/573 574/609/574 594/630/594 593/629/593
f 574/609/574 575/610/575 595/631/595 594/630/594
f 575/610/575 576/611/576 596/632/596 595/631/595
f 576/611/576 577/612/577 597/633/597 596/632/596
f 577/612/577 578/613/578 598/634/598 597/633/597
f 578/613/578 579/614/579 599/635/599 598/634/598
f 579/614/579 580/615/580 600/636/600 599/635/599
f 580/615/580 581/616/581 601/637/601 600/636/600
f 581/616/581 582/617/582 602/638/602 601/637/601
f 582/617/582 563/598/564 583/619/584 602/638/602
f 583/619/584 584/618/583 604/639/603 603/640/604
f 584/618/583 585/620/585 605/641/605 604/639/603
f 585/622/585 586/621/586 606/642/606 605/643/605
f 586/621/586 587/623/587 607/644/607 606/642/606
f 587/623/587 588/624/588 608/645/608 607/644/607
f 588/624/588 589/625/589 609/646/609 608/645/608
f 589/625/589 590/626/590 610/647/610 609/646/609
f 590/626/590 591/627/591 611/648/611 610/647/610
f 591/627/591 592/628/592 612/649/612 611/648/611
f 592/628/592 593/629/593 613/650/613 612/649/612
f 593/629/593 594/630/594 614/651/614 613/650/613
f 594/630/594 595/631/595 615/652/615 614/651/614
f 595/631/595 596/632/596 616/653/616 615/652/615
f 596/632/596 597/633/597 617/654/617 616/653/616
f 597/633/597 598/634/598 618/655/618 617/654/617
f 598/634/598 599/635/599 619/656/619 618/655/618
f 599/635/599 600/636/600 620/657/620 619/656/619
f 600/636/600 601/637/601 621/658/621 620/657/620
f 601/637/601 602/638/602 622/659/622 621/658/621
f 602/638/602 583/619/584 603/640/604 622/659/622
f 603/640/604 604/639/603 624/660/623 623/661/624
f 604/639/603 605/641/605 625/662/625 624/660/623
f 605/643/605 606/642/606 626/663/626 625/662/625
f 606/642/606 607/644/607 627/664/627 626/663/626
f 607/644/607 608/645/608 628/665/628 627/664/627
f 608/645/608 609/646/609 629/666/629 628/665/628
f 609/646/609 610/647/610 630/667/630 629/666/629
f 610/647/610 611/648/611 631/668/631 630/667/630
f 611/648/611 612/649/612 632/669/632 631/668/631
f 612/649/612 613/650/613 633/670/633 632/669/632
f 613/650/613 614/651/614 634/671/634 633/670/633
f 614/651/614 615/652/615 635/672/635 634/671/634
f 615/652/615 616/653/616 636/673/636 635/672/635
f 616/653/616 617/654/617 637/674/637 636/673/636
f 617/654/617 618/655/618 638/675/638 637/674/637
f 618/655/618 619/656/619 639/676/639 638/675/638
f 619/656/619 620/657/620 640/677/640 639/676/639
f 620/657/620 621/658/621 641/678/641 640/677/640
f 621/658/621 622/659/622 642/679/642 641/678/641
f 622/659/622 603/640/604 623/661/624 642/679/642
f 623/661/624 624/660/623 644/680/643 643/681/644
f 624/660/623 625/662/625 645/682/645 644/680/643
f 625/662/625 626/663/626 646/683/646 645/682/645
f 626/663/626 627/664/627 647/684/647 646/683/646
f 627/664/627 628/665/628 648/685/648 647/684/647
f 628/665/628 629/666/629 649/686/649 648/685/648
f 629/666/629 630/667/630 650/687/650 649/686/649
f 630/667/630 631/668/631 651/688/651 650/687/650
f 631/668/631 632/669/632 652/689/652 651/688/651
f 632/669/632 633/670/633 653/690/653 652/689/652
f 633/670/633 634/671/634 654/691/654 653/690/653
f 634/671/634 635/672/635 655/692/655 654/691/654
f 635/672/635 636/673/636 656/693/656 655/692/655
f 636/673/636 637/674/637 657/694/657 656/693/656
f 637/674/637 638/675/638 658/695/658 657/694/657
f 638/675/638 639/676/639 659/696/659 658/695/658
f 639/676/639 640/677/640 660/697/660 659/696/659
f 640/677/640 641/678/641 661/698/661 660/697/660
f 641/678/641 642/679/642 662/699/662 661/698/661
f 642/679/642 623/661/624 643/681/644 662/699/662
f 643/681/644 644/680/643 664/700/663 663/701/664
f 644/680/643 645/682/645 665/702/665 664/700/663
f 645/682/645 646/683/646 666/703/666 665/702/665
f 646/683/646 647/684/647 667/704/667 666/703/666
f 647/684/647 648/685/648 668/705/668 667/704/667
f 648/685/648 649/686/649 669/706/669 668/705/668
f 649/686/649 650/687/650 670/707/670 669/706/669
f 650/687/650 651/688/651 671/708/671 670/707/670
f 651/688/651 652/689/652 672/709/672 671/708/671
f 652/689/652 653/690/653 673/710/673 672/709/672
f 653/690/653 654/691/654 674/711/674 673/710/673
f 654/691/654 655/692/655 675/712/675 674/711/674
f 655/692/655 656/693/656 676/713/676 675/712/675
f 656/693/656 657/694/657 677/714/677 676/713/676
f 657/694/657 658/695/658 678/715/678 677/714/677
f 658/695/658 659/696/659 679/716/679 678/715/678
f 659/696/659 660/697/660 680/717/680 679/716/679
f 660/697/660 661/698/661 681/718/681 680/717/680
f 661/698/661 662/699/662 682/719/682 681/718/681
f 662/699/662 643/681/644 663/701/664 682/719/682
f 663/701/664 664/700/663 684/720/683 683/721/684
f 664/700/663 665/702/665 685/722/685 684/720/683
f 665/702/665 666/703/666 686/723/686 685/722/685
f 666/703/666 667/704/667 687/724/687 686/723/686
f 667/704/667 668/705/668 688/725/688 687/724/687
f 668/705/668 669/706/669 689/726/689 688/725/688
f 669/706/669 670/707/670 690/727/690 689/726/689
f 670/707/670 671/708/671 691/728/691 690/727/690
f 671/708/671 672/709/672 692/729/692 691/728/691
f 672/709/672 673/710/673 693/730/693 692/729/692
f 673/710/673 674/711/674 694/731/694 693/730/693
f 674/711/674 675/712/675 695/732/695 694/731/694
f 675/712/675 676/713/676 696/733/696 695/732/695
f 676/713/676 677/714/677 697/734/697 696/733/696
f 677/714/677 678/715/678 698/735/698 697/734/697
f 678/715/678 679/716/679 699/736/699 698/735/698
f 679/716/679 680/717/680 700/737/700 699/736/699
f 680/717/680 681/718/681 701/738/701 700/737/700
f 681/718/681 682/719/682 702/739/702 701/738/701
f 682/719/682 663/701/664 683/721/684 702/739/702
f 683/721/684 684/720/683 704/740/703 703/741/704
f 684/720/683 685/722/685 705/742/705 704/740/703
f 685/722/685 686/723/686 706/743/706 705/742/705
f 686/723/686 687/724/687 707/744/707 706/743/706
f 687/724/687 688/725/688 708/745/708 707/744/707
f 688/725/688 689/726/689 709/746/709 708/745/708
f 689/726/689 690/727/690 710/747/710 709/746/709
f 690/727/690 691/728/691 711/748/711 710/747/710
f 691/728/691 692/729/692 712/749/712 711/748/711
f 692/729/692 693/730/693 713/750/713 712/749/712
f 693/730/693 694/731/694 714/751/714 713/750/713
f 694/731/694 695/732/695 715/752/715 714/751/714
f 695/732/695 696/733/696 716/753/716 715/752/715
f 696/733/696 697/734/697 717/754/717 716/753/716
f 697/734/697 698/735/698 718/755/718 717/754/717
f 698/735/698 699/736/699 719/756/719 718/755/718
f 699/736/699 700/737/700 720/757/720 719/756/719
f 700/737/700 701/738/701 721/758/721 720/757/720
f 701/738/701 702/739/702 722/759/722 721/758/721
f 702/739/702 683/721/684 703/741/704 722/759/722
f 703/741/704 704/740/703 724/760/723 723/761/724
f 704/740/703 705/742/705 725/762/725 724/760/723
f 705/742/705 706/743/706 726/763/726 725/762/725
f 706/743/706 707/744/707 727/764/727 726/763/726
f 707/744/707 708/745/708 728/765/728 727/764/727
f 708/745/708 709/746/709 729/766/729 728/765/728
f 709/746/709 710/747/710 730/767/730 729/766/729
f 710/747/710 711/748/711 731/768/731 730/767/730
f 711/748/711 712/749/712 732/769/732 731/768/731
f 712/749/712 713/750/713 733/770/733 732/769/732
f 713/750/713 714/751/714 734/771/734 733/770/733
f 714/751/714 715/752/715 735/772/735 734/771/734
f 715/752/715 716/753/716 736/773/736 735/772/735
f 716/753/716 717/754/717 737/774/737 736/773/736
f 717/754/717 718/755/718 738/775/738 737/774/737
f 718/755/718 719/756/719 739/776/739 738/775/738
f 719/756/719 720/757/720 740/777/740 739/776/739
f 720/757/720 721/758/721 741/778/741 740/777/740
f 721/758/721 722/759/722 742/779/742 741/778/741
f 722/759/722 703/741/704 723/761/724 742/779/742
f 723/761/724 724/760/723 744/780/743 743/781/744
f 724/760/723 725/762/725 745/782/745 744/780/743
f 725/762/725 726/763/726 746/783/746 745/782/745
f 726/763/726 727/764/727 747/784/747 746/783/746
f 727/764/727 728/765/728 748/785/748 747/784/747
f 728/765/728 729/766/729 749/786/749 748/785/748
f 729/766/729 730/767/730 750/787/750 749/786/749
f 730/767/730 731/768/731 751/788/751 750/787/750
f 731/768/731 732/769/732 752/789/752 751/788/751
f 732/769/732 733/770/733 753/790/753 752/789/752
f 733/770/733 734/771/734 754/791/754 753/790/753
f 734/771/734 735/772/735 755/792/755 754/791/754
f 735/772/735 736/773/736 756/793/756 755/792/755
f 736/773/736 737/774/737 757/794/757 756/793/756
f 737/774/737 738/775/738 758/795/758 757/794/757
f 738/775/738 739/776/739 759/796/759 758/795/758
f 739/776/739 740/777/740 760/797/760 759/796/759
f 740/777/740 741/778/741 761/798/761 760/797/760
f 741/778/741 742/779/742 762/799/762 761/798/761
f 742/779/742 723/761/724 743/781/744 762/799/762
f 384/403/384 383/402/383 763/800/763
f 385/406/387 384/403/384 763/800/763
f 386/409/389 385/408/387 763/801/763
f 387/412/391 386/409/389 763/801/763
f 388/414/393 387/412/391 763/801/763
f 389/416/395 388/414/393 763/801/763
f 390/418/397 389/416/395 763/801/763
f 391/420/399 390/418/397 763/801/763
f 392/422/401 391/420/399 763/801/763
f 393/424/403 392/422/401 763/801/763
f 394/426/405 393/424/403 763/801/763
f 395/429/407 394/428/405 763/800/763
f 396/432/409 395/429/407 763/800/763
f 397/434/411 396/432/409 763/800/763
f 398/436/413 397/434/411 763/800/763
f 399/438/415 398/436/413 763/800/763
f 400/440/417 399/438/415 763/800/763
f 401/442/419 400/440/417 763/800/763
f 402/444/421 401/442/419 763/800/763
f 383/402/383 402/444/421 763/800/763
f 743/781/744 744/780/743 764/802/764
f 744/780/743 745/782/745 764/802/764
f 745/782/745 746/783/746 764/802/764
f 746/783/746 747/784/747 764/802/764
f 747/784/747 748/785/748 764/802/764
f 748/785/748 749/786/749 764/802/764
f 749/786/749 750/787/750 764/802/764
f 750/787/750 751/788/751 764/802/764
f 751/788/751 752/789/752 764/802/764
f 752/789/752 753/790/753 764/802/764
f 753/790/753 754/791/754 764/802/764
f 754/791/754 755/792/755 764/802/764
f 755/792/755 756/793/756 764/802/764
f 756/793/756 757/794/757 764/802/764
f 757/794/757 758/795/758 764/802/764
f 758/795/758 759/796/759 764/802/764
f 759/796/759 760/797/760 764/802/764
f 760/797/760 761/798/761 764/802/764
f 761/798/761 762/799/762 764/802/764
f 762/799/762 743/781/744 764/802/764
s 3
f 765/803/765 766/804/766 786/805/767 785/806/768
f 766/807/766 767/808/769 787/809/770 786/810/767
f 767/808/769 768/811/771 788/812/772 787/809/770
f 768/811/771 769/813/773 789/814/774 788/812/772
f 769/813/773 770/815/775 790/816/776 789/814/774
f 770/815/775 771/817/777 791/818/778 790/816/776
f 771/817/777 772/819/779 792/820/780 791/818/778
f 772/819/779 773/821/781 793/822/782 792/820/780
f 773/821/781 774/823/783 794/824/784 793/822/782
f 774/823/783 775/825/785 795/826/786 794/824/784
f 775/825/785 776/827/787 796/828/788 795/826/786
f 776/829/787 777/830/789 797/831/790 796/832/788
f 777/830/789 778/833/791 798/834/792 797/831/790
f 778/833/791 779/835/793 799/836/794 798/834/792
f 779/835/793 780/837/795 800/838/796 799/836/794
f 780/837/795 781/839/797 801/840/798 800/838/796
f 781/839/797 782/841/799 802/842/800 801/840/798
f 782/841/799 783/843/801 803/844/802 802/842/800
f 783/843/801 784/845/803 804/846/804 803/844/802
f 784/845/803 765/803/765 785/806/768 804/846/804
f 785/806/768 786/805/767 806/847/805 805/848/806
f 786/810/767 787/809/770 807/849/807 806/850/805
f 787/809/770 788/812/772 808/851/808 807/849/807
f 788/812/772 789/814/774 809/852/809 808/851/808
f 789/814/774 790/816/776 810/853/810 809/852/809
f 790/816/776 791/818/778 811/854/811 810/853/810
f 791/818/778 792/820/780 812/855/812 811/854/811
f 792/820/780 793/822/782 813/856/813 812/855/812
f 793/822/782 794/824/784 814/857/814 813/856/813
f 794/824/784 795/826/786 815/858/815 814/857/814
f 795/826/786 796/828/788 816/859/816 815/858/815
f 796/832/788 797/831/790 817/860/817 816/861/816
f 797/831/790 798/834/792 818/862/818 817/860/817
f 798/834/792 799/836/794 819/863/819 818/862/818
f 799/836/794 800/838/796 820/864/820 819/863/819
f 800/838/796 801/840/798 821/865/821 820/864/820
f 801/840/798 802/842/800 822/866/822 821/865/821
f 802/842/800 803/844/802 823/867/823 822/866/822
f 803/844/802 804/846/804 824/868/824 823/867/823
f 804/846/804 785/806/768 805/848/806 824/868/824
f 805/848/806 806/847/805 826/869/825 825/870/826
f 806/850/805 807/849/807 827/871/827 826/872/825
f 807/849/807 808/851/808 828/873/828 827/871/827
f 808/851/808 809/852/809 829/874/829 828/873/828
f 809/852/809 810/853/810 830/875/830 829/874/829
f 810/853/810 811/854/811 831/876/831 830/875/830
f 811/854/811 812/855/812 832/877/832 831/876/831
f 812/855/812 813/856/813 833/878/833 832/877/832
f 813/856/813 814/857/814 834/879/834 833/878/833
f 814/857/814 815/858/815 835/880/835 834/879/834
f 815/858/815 816/859/816 836/881/836 835/880/835
f 816/861/816 817/860/817 837/882/837 836/883/836
f 817/860/817 818/862/818 838/884/838 837/882/837
f 818/862/818 819/863/819 839/885/839 838/884/838
f 819/863/819 820/864/820 840/886/840 839/885/839
f 820/864/820 821/865/821 841/887/841 840/886/840
f 821/865/821 822/866/822 842/888/842 841/887/841
f 822/866/822 823/867/823 843/889/843 842/888/842
f 823/867/823 824/868/824 844/890/844 843/889/843
f 824/868/824 805/848/806 825/870/826 844/890/844
f 825/870/826 826/869/825 846/891/845 845/892/846
f 826/872/825 827/871/827 847/893/847 846/894/845
f 827/871/827 828/873/828 848/895/848 847/893/847
f 828/873/828 829/874/829 849/896/849 848/895/848
f 829/874/829 830/875/830 850/897/850 849/896/849
f 830/875/830 831/876/831 851/898/851 850/897/850
f 831/876/831 832/877/832 852/899/852 851/898/851
f 832/877/832 833/878/833 853/900/853 852/899/852
f 833/878/833 834/879/834 854/901/854 853/900/853
f 834/879/834 835/880/835 855/902/855 854/901/854
f 835/880/835 836/881/836 856/903/856 855/902/855
f 836/883/836 837/882/837 857/904/857 856/905/856
f 837/882/837 838/884/838 858/906/858 857/904/857
f 838/884/838 839/885/839 859/907/859 858/906/858
f 839/885/839 840/886/840 860/908/860 859/907/859
f 840/886/840 841/887/841 861/909/861 860/908/860
f 841/887/841 842/888/842 862/910/862 861/909/861
f 842/888/842 843/889/843 863/911/863 862/910/862
f 843/889/843 844/890/844 864/912/864 863/911/863
f 844/890/844 825/870/826 845/892/846 864/912/864
f 845/892/846 846/891/845 866/913/865 865/914/866
f 846/894/845 847/893/847 867/915/867 866/916/865
f 847/893/847 848/895/848 868/917/868 867/915/867
f 848/895/848 849/896/849 869/918/869 868/917/868
f 849/896/849 850/897/850 870/919/870 869/918/869
f 850/897/850 851/898/851 871/920/871 870/919/870
f 851/898/851 852/899/852 872/921/872 871/920/871
f 852/899/852 853/900/853 873/922/873 872/921/872
f 853/900/853 854/901/854 874/923/874 873/922/873
f 854/901/854 855/902/855 875/924/875 874/923/874
f 855/902/855 856/903/856 876/925/876 875/924/875
f 856/905/856 857/904/857 877/926/877 876/927/876
f 857/904/857 858/906/858 878/928/878 877/926/877
f 858/906/858 859/907/859 879/929/879 878/928/878
f 859/907/859 860/908/860 880/930/880 879/929/879
f 860/908/860 861/909/861 881/931/881 880/930/880
f 861/909/861 862/910/862 882/932/882 881/931/881
f 862/910/862 863/911/863 883/933/883 882/932/882
f 863/911/863 864/912/864 884/934/884 883/933/883
f 864/912/864 845/892/846 865/914/866 884/934/884
f 865/914/866 866/913/865 886/935/885 885/936/886
f 866/916/865 867/915/867 887/937/887 886/938/885
f 867/915/867 868/917/868 888/939/888 887/937/887
f 868/917/868 869/918/869 889/940/889 888/939/888
f 869/918/869 870/919/870 890/941/890 889/940/889
f 870/919/870 871/920/871 891/942/891 890/941/890
f 871/920/871 872/921/872 892/943/892 891/942/891
f 872/921/872 873/922/873 893/944/893 892/943/892
f 873/922/873 874/923/874 894/945/894 893/944/893
f 874/923/874 875/924/875 895/946/895 894/945/894
f 875/924/875 876/925/876 896/947/896 895/946/895
f 876/927/876 877/926/877 897/948/897 896/947/896
f 877/926/877 878/928/878 898/949/898 897/948/897
f 878/928/878 879/929/879 899/950/899 898/949/898
f 879/929/879 880/930/880 900/951/900 899/950/899
f 880/930/880 881/931/881 901/952/901 900/951/900
f 881/931/881 882/932/882 902/953/902 901/952/901
f 882/932/882 883/933/883 903/954/903 902/953/902
f 883/933/883 884/934/884 904/955/904 903/954/903
f 884/934/884 865/914/866 885/936/886 904/955/904
f 885/936/886 886/935/885 906/956/905 905/957/906
f 886/938/885 887/937/887 907/958/907 906/959/905
f 887/937/887 888/939/888 908/960/908 907/958/907
f 888/939/888 889/940/889 909/961/909 908/960/908
f 889/940/889 890/941/890 910/962/910 909/961/909
f 890/941/890 891/942/891 911/963/911 910/962/910
f 891/942/891 892/943/892 912/964/912 911/963/911
f 892/943/892 893/944/893 913/965/913 912/964/912
f 893/944/893 894/945/894 914/966/914 913/965/913
f 894/945/894 895/946/895 915/967/915 914/966/914
f 895/946/895 896/947/896 916/968/916 915/967/915
f 896/947/896 897/948/897 917/969/917 916/968/916
f 897/948/897 898/949/898 918/970/918 917/969/917
f 898/949/898 899/950/899 919/971/919 918/970/918
f 899/950/899 900/951/900 920/972/920 919/971/919
f 900/951/900 901/952/901 921/973/921 920/972/920
f 901/952/901 902/953/902 922/974/922 921/973/921
f 902/953/902 903/954/903 923/975/923 922/974/922
f 903/954/903 904/955/904 924/976/924 923/975/923
f 904/955/904 885/936/886 905/957/906 924/976/924
f 905/957/906 906/956/905 926/977/925 925/978/926
f 906/959/905 907/958/907 927/979/927 926/980/925
f 907/958/907 908/960/908 928/981/928 927/979/927
f 908/960/908 909/961/909 929/982/929 928/981/928
f 909/961/909 910/962/910 930/983/930 929/982/929
f 910/962/910 911/963/911 931/984/931 930/983/930
f 911/963/911 912/964/912 932/985/932 931/984/931
f 912/964/912 913/965/913 933/986/933 932/985/932
f 913/965/913 914/966/914 934/987/934 933/986/933
f 914/966/914 915/967/915 935/988/935 934/987/934
f 915/967/915 916/968/916 936/989/936 935/988/935
f 916/968/916 917/969/917 937/990/937 936/989/936
f 917/969/917 918/970/918 938/991/938 937/990/937
f 918/970/918 919/971/919 939/992/939 938/991/938
f 919/971/919 920/972/920 940/993/940 939/992/939
f 920/972/920 921/973/921 941/994/941 940/993/940
f 921/973/921 922/974/922 942/995/942 941/994/941
f 922/974/922 923/975/923 943/996/943 942/995/942
f 923/975/923 924/976/924 944/997/944 943/996/943
f 924/976/924 905/957/906 925/978/926 944/997/944
f 925/978/926 926/977/925 946/998/945 945/999/946
f 926/980/925 927/979/927 947/1000/947 946/1001/945
f 927/979/927 928/981/928 948/1002/948 947/1000/947
f 928/981/928 929/982/929 949/1003/949 948/1002/948
f 929/982/929 930/983/930 950/1004/950 949/1003/949
f 930/983/930 931/984/931 951/1005/951 950/1004/950
f 931/984/931 932/985/932 952/1006/952 951/1005/951
f 932/985/932 933/986/933 953/1007/953 952/1006/952
f 933/986/933 934/987/934 954/1008/954 953/1007/953
f 934/987/934 935/988/935 955/1009/955 954/1008/954
f 935/988/935 936/989/936 956/1010/956 955/1009/955
f 936/989/936 937/990/937 957/1011/957 956/1010/956
f 937/990/937 938/991/938 958/1012/958 957/1011/957
f 938/991/938 939/992/939 959/1013/959 958/1012/958
f 939/992/939 940/993/940 960/1014/960 959/1013/959
f 940/993/940 941/994/941 961/1015/961 960/1014/960
f 941/994/941 942/995/942 962/1016/962 961/1015/961
f 942/995/942 943/996/943 963/1017/963 962/1016/962
f 943/996/943 944/997/944 964/1018/964 963/1017/963
f 944/997/944 925/978/926 945/999/946 964/1018/964
f 945/999/946 946/998/945 966/1019/965 965/1020/966
f 946/1001/945 947/1000/947 967/1021/967 966/1022/965
f 947/1000/947 948/1002/948 968/1023/968 967/1021/967
f 948/1002/948 949/1003/949 969/1024/969 968/1023/968
f 949/1003/949 950/1004/950 970/1025/970 969/1024/969
f 950/1004/950 951/1005/951 971/1026/971 970/1025/970
f 951/1005/951 952/1006/952 972/1027/972 971/1026/971
f 952/1006/952 953/1007/953 973/1028/973 972/1027/972
f 953/1007/953 954/1008/954 974/1029/974 973/1028/973
f 954/1008/954 955/1009/955 975/1030/975 974/1029/974
f 955/1009/955 956/1010/956 976/1031/976 975/1030/975
f 956/1010/956 957/1011/957 977/1032/977 976/1031/976
f 957/1011/957 958/1012/958 978/1033/978 977/1032/977
f 958/1012/958 959/1013/959 979/1034/979 978/1033/978
f 959/1013/959 960/1014/960 980/1035/980 979/1034/979
f 960/1014/960 961/1015/961 981/1036/981 980/1035/980
f 961/1015/961 962/1016/962 982/1037/982 981/1036/981
f 962/1016/962 963/1017/963 983/1038/983 982/1037/982
f 963/1017/963 964/1018/964 984/1039/984 983/1038/983
f 964/1018/964 945/999/946 965/1020/966 984/1039/984
f 965/1020/966 966/1019/965 986/1040/985 985/1041/986
f 966/1022/965 967/1021/967 987/1042/987 986/1043/985
f 967/1021/967 968/1023/968 988/1044/988 987/1042/987
f 968/1023/968 969/1024/969 989/1045/989 988/1044/988
f 969/1024/969 970/1025/970 990/1046/990 989/1045/989
f 970/1025/970 971/1026/971 991/1047/991 990/1046/990
f 971/1026/971 972/1027/972 992/1048/992 991/1047/991
f 972/1027/972 973/1028/973 993/1049/993 992/1048/992
f 973/1028/973 974/1029/974 994/1050/994 993/1049/993
f 974/1029/974 975/1030/975 995/1051/995 994/1050/994
f 975/1030/975 976/1031/976 996/1052/996 995/1051/995
f 976/1031/976 977/1032/977 997/1053/997 996/1052/996
f 977/1032/977 978/1033/978 998/1054/998 997/1053/997
f 978/1033/978 979/1034/979 999/1055/999 998/1054/998
f 979/1034/979 980/1035/980 1000/1056/1000 999/1055/999
f 980/1035/980 981/1036/981 1001/1057/1001 1000/1056/1000
f 981/1036/981 982/1037/982 1002/1058/1002 1001/1057/1001
f 982/1037/982 983/1038/983 1003/1059/1003 1002/1058/1002
f 983/1038/983 984/1039/984 1004/1060/1004 1003/1059/1003
f 984/1039/984 965/1020/966 985/1041/986 1004/1060/1004
f 985/1041/986 986/1040/985 1006/1061/1005 1005/1062/1006
f 986/1043/985 987/1042/987 1007/1063/1007 1006/1061/1005
f 987/1042/987 988/1044/988 1008/1064/1008 1007/1063/1007
f 988/1044/988 989/1045/989 1009/1065/1009 1008/1064/1008
f 989/1045/989 990/1046/990 1010/1066/1010 1009/1065/1009
f 990/1046/990 991/1047/991 1011/1067/1011 1010/1066/1010
f 991/1047/991 992/1048/992 1012/1068/1012 1011/1067/1011
f 992/1048/992 993/1049/993 1013/1069/1013 1012/1068/1012
f 993/1049/993 994/1050/994 1014/1070/1014 1013/1069/1013
f 994/1050/994 995/1051/995 1015/1071/1015 1014/1070/1014
f 995/1051/995 996/1052/996 1016/1072/1016 1015/1071/1015
f 996/1052/996 997/1053/997 1017/1073/1017 1016/1072/1016
f 997/1053/997 998/1054/998 1018/1074/1018 1017/1073/1017
f 998/1054/998 999/1055/999 1019/1075/1019 1018/1074/1018
f 999/1055/999 1000/1056/1000 1020/1076/1020 1019/1075/1019
f 1000/1056/1000 1001/1057/1001 1021/1077/1021 1020/1076/1020
f 1001/1057/1001 1002/1058/1002 1022/1078/1022 1021/1077/1021
f 1002/1058/1002 1003/1059/1003 1023/1079/1023 1022/1078/1022
f 1003/1059/1003 1004/1060/1004 1024/1080/1024 1023/1079/1023
f 1004/1060/1004 985/1041/986 1005/1062/1006 1024/1080/1024
f 1005/1062/1006 1006/1061/1005 1026/1081/1025 1025/1082/1026
f 1006/1061/1005 1007/1063/1007 1027/1083/1027 1026/1081/1025
f 1007/1063/1007 1008/1064/1008 1028/1084/1028 1027/1083/1027
f 1008/1064/1008 1009/1065/1009 1029/1085/1029 1028/1084/1028
f 1009/1065/1009 1010/1066/1010 1030/1086/1030 1029/1085/1029
f 1010/1066/1010 1011/1067/1011 1031/1087/1031 1030/1086/1030
f 1011/1067/1011 1012/1068/1012 1032/1088/1032 1031/1087/1031
f 1012/1068/1012 1013/1069/1013 1033/1089/1033 1032/1088/1032
f 1013/1069/1013 1014/1070/1014 1034/1090/1034 1033/1089/1033
f 1014/1070/1014 1015/1071/1015 1035/1091/1035 1034/1090/1034
f 1015/1071/1015 1016/1072/1016 1036/1092/1036 1035/1091/1035
f 1016/1072/1016 1017/1073/1017 1037/1093/1037 1036/1092/1036
f 1017/1073/1017 1018/1074/1018 1038/1094/1038 1037/1093/1037
f 1018/1074/1018 1019/1075/1019 1039/1095/1039 1038/1094/1038
f 1019/1075/1019 1020/1076/1020 1040/1096/1040 1039/1095/1039
f 1020/1076/1020 1021/1077/1021 1041/1097/1041 1040/1096/1040
f 1021/1077/1021 1022/1078/1022 1042/1098/1042 1041/1097/1041
f 1022/1078/1022 1023/1079/1023 1043/1099/1043 1042/1098/1042
f 1023/1079/1023 1024/1080/1024 1044/1100/1044 1043/1099/1043
f 1024/1080/1024 1005/1062/1006 1025/1082/1026 1044/1100/1044
f 1025/1082/1026 1026/1081/1025 1046/1101/1045 1045/1102/1046
f 1026/1081/1025 1027/1083/1027 1047/1103/1047 1046/1101/1045
f 1027/1083/1027 1028/1084/1028 1048/1104/1048 1047/1103/1047
f 1028/1084/1028 1029/1085/1029 1049/1105/1049 1048/1104/1048
f 1029/1085/1029 1030/1086/1030 1050/1106/1050 1049/1105/1049
f 1030/1086/1030 1031/1087/1031 1051/1107/1051 1050/1106/1050
f 1031/1087/1031 1032/1088/1032 1052/1108/1052 1051/1107/1051
f 1032/1088/1032 1033/1089/1033 1053/1109/1053 1052/1108/1052
f 1033/1089/1033 1034/1090/1034 1054/1110/1054 1053/1109/1053
f 1034/1090/1034 1035/1091/1035 1055/1111/1055 1054/1110/1054
f 1035/1091/1035 1036/1092/1036 1056/1112/1056 1055/1111/1055
f 1036/1092/1036 1037/1093/1037 1057/1113/1057 1056/1112/1056
f 1037/1093/1037 1038/1094/1038 1058/1114/1058 1057/1113/1057
f 1038/1094/1038 1039/1095/1039 1059/1115/1059 1058/1114/1058
f 1039/1095/1039 1040/1096/1040 1060/1116/1060 1059/1115/1059
f 1040/1096/1040 1041/1097/1041 1061/1117/1061 1060/1116/1060
f 1041/1097/1041 1042/1098/1042 1062/1118/1062 1061/1117/1061
f 1042/1098/1042 1043/1099/1043 1063/1119/1063 1062/1118/1062
f 1043/1099/1043 1044/1100/1044 1064/1120/1064 1063/1119/1063
f 1044/1100/1044 1025/1082/1026 1045/1102/1046 1064/1120/1064
f 1045/1102/1046 1046/1101/1045 1066/1121/1065 1065/1122/1066
f 1046/1101/1045 1047/1103/1047 1067/1123/1067 1066/1121/1065
f 1047/1103/1047 1048/1104/1048 1068/1124/1068 1067/1123/1067
f 1048/1104/1048 1049/1105/1049 1069/1125/1069 1068/1124/1068
f 1049/1105/1049 1050/1106/1050 1070/1126/1070 1069/1125/1069
f 1050/1106/1050 1051/1107/1051 1071/1127/1071 1070/1126/1070
f 1051/1107/1051 1052/1108/1052 1072/1128/1072 1071/1127/1071
f 1052/1108/1052 1053/1109/1053 1073/1129/1073 1072/1128/1072
f 1053/1109/1053 1054/1110/1054 1074/1130/1074 1073/1129/1073
f 1054/1110/1054 1055/1111/1055 1075/1131/1075 1074/1130/1074
f 1055/1111/1055 1056/1112/1056 1076/1132/1076 1075/1131/1075
f 1056/1112/1056 1057/1113/1057 1077/1133/1077 1076/1132/1076
f 1057/1113/1057 1058/1114/1058 1078/1134/1078 1077/1133/1077
f 1058/1114/1058 1059/1115/1059 1079/1135/1079 1078/1134/1078
f 1059/1115/1059 1060/1116/1060 1080/1136/1080 1079/1135/1079
f 1060/1116/1060 1061/1117/1061 1081/1137/1081 1080/1136/1080
f 1061/1117/1061 1062/1118/1062 1082/1138/1082 1081/1137/1081
f 1062/1118/1062 1063/1119/1063 1083/1139/1083 1082/1138/1082
f 1063/1119/1063 1064/1120/1064 1084/1140/1084 1083/1139/1083
f 1064/1120/1064 1045/1102/1046 1065/1122/1066 1084/1140/1084
f 1065/1122/1066 1066/1121/1065 1086/1141/1085 1085/1142/1086
f 1066/1121/1065 1067/1123/1067 1087/1143/1087 1086/1141/1085
f 1067/1123/1067 1068/1124/1068 1088/1144/1088 1087/1143/1087
f 1068/1124/1068 1069/1125/1069 1089/1145/1089 1088/1144/1088
f 1069/1125/1069 1070/1126/1070 1090/1146/1090 1089/1145/1089
f 1070/1126/1070 1071/1127/1071 1091/1147/1091 1090/1146/1090
f 1071/1127/1071 1072/1128/1072 1092/1148/1092 1091/1147/1091
f 1072/1128/1072 1073/1129/1073 1093/1149/1093 1092/1148/1092
f 1073/1129/1073 1074/1130/1074 1094/1150/1094 1093/1149/1093
f 1074/1130/1074 1075/1131/1075 1095/1151/1095 1094/1150/1094
f 1075/1131/1075 1076/1132/1076 1096/1152/1096 1095/1151/1095
f 1076/1132/1076 1077/1133/1077 1097/1153/1097 1096/1152/1096
f 1077/1133/1077 1078/1134/1078 1098/1154/1098 1097/1153/1097
f 1078/1134/1078 1079/1135/1079 1099/1155/1099 1098/1154/1098
f 1079/1135/1079 1080/1136/1080 1100/1156/1100 1099/1155/1099
f 1080/1136/1080 1081/1137/1081 1101/1157/1101 1100/1156/1100
f 1081/1137/1081 1082/1138/1082 1102/1158/1102 1101/1157/1101
f 1082/1138/1082 1083/1139/1083 1103/1159/1103 1102/1158/1102
f 1083/1139/1083 1084/1140/1084 1104/1160/1104 1103/1159/1103
f 1084/1140/1084 1065/1122/1066 1085/1142/1086 1104/1160/1104
f 1085/1142/1086 1086/1141/1085 1106/1161/1105 1105/1162/1106
f 1086/1141/1085 1087/1143/1087 1107/1163/1107 1106/1161/1105
f 1087/1143/1087 1088/1144/1088 1108/1164/1108 1107/1163/1107
f 1088/1144/1088 1089/1145/1089 1109/1165/1109 1108/1164/1108
f 1089/1145/1089 1090/1146/1090 1110/1166/1110 1109/1165/1109
f 1090/1146/1090 1091/1147/1091 1111/1167/1111 1110/1166/1110
f 1091/1147/1091 1092/1148/1092 1112/1168/1112 1111/1167/1111
f 1092/1148/1092 1093/1149/1093 1113/1169/1113 1112/1168/1112
f 1093/1149/1093 1094/1150/1094 1114/1170/1114 1113/1169/1113
f 1094/1150/1094 1095/1151/1095 1115/1171/1115 1114/1170/1114
f 1095/1151/1095 1096/1152/1096 1116/1172/1116 1115/1171/1115
f 1096/1152/1096 1097/1153/1097 1117/1173/1117 1116/1172/1116
f 1097/1153/1097 1098/1154/1098 1118/1174/1118 1117/1173/1117
f 1098/1154/1098 1099/1155/1099 1119/1175/1119 1118/1174/1118
f 1099/1155/1099 1100/1156/1100 1120/1176/1120 1119/1175/1119
f 1100/1156/1100 1101/1157/1101 1121/1177/1121 1120/1176/1120
f 1101/1157/1101 1102/1158/1102 1122/1178/1122 1121/1177/1121
f 1102/1158/1102 1103/1159/1103 1123/1179/1123 1122/1178/1122
f 1103/1159/1103 1104/1160/1104 1124/1180/1124 1123/1179/1123
f 1104/1160/1104 1085/1142/1086 1105/1162/1106 1124/1180/1124
f 1105/1162/1106 1106/1161/1105 1126/1181/1125 1125/1182/1126
f 1106/1161/1105 1107/1163/1107 1127/1183/1127 1126/1181/1125
f 1107/1163/1107 1108/1164/1108 1128/1184/1128 1127/1183/1127
f 1108/1164/1108 1109/1165/1109 1129/1185/1129 1128/1184/1128
f 1109/1165/1109 1110/1166/1110 1130/1186/1130 1129/1185/1129
f 1110/1166/1110 1111/1167/1111 1131/1187/1131 1130/1186/1130
f 1111/1167/1111 1112/1168/1112 1132/1188/1132 1131/1187/1131
f 1112/1168/1112 1113/1169/1113 1133/1189/1133 1132/1188/1132
f 1113/1169/1113 1114/1170/1114 1134/1190/1134 1133/1189/1133
f 1114/1170/1114 1115/1171/1115 1135/1191/1135 1134/1190/1134
f 1115/1171/1115 1116/1172/1116 1136/1192/1136 1135/1191/1135
f 1116/1172/1116 1117/1173/1117 1137/1193/1137 1136/1192/1136
f 1117/1173/1117 1118/1174/1118 1138/1194/1138 1137/1193/1137
f 1118/1174/1118 1119/1175/1119 1139/1195/1139 1138/1194/1138
f 1119/1175/1119 1120/1176/1120 1140/1196/1140 1139/1195/1139
f 1120/1176/1120 1121/1177/1121 1141/1197/1141 1140/1196/1140
f 1121/1177/1121 1122/1178/1122 1142/1198/1142 1141/1197/1141
f 1122/1178/1122 1123/1179/1123 1143/1199/1143 1142/1198/1142
f 1123/1179/1123 1124/1180/1124 1144/1200/1144 1143/1199/1143
f 1124/1180/1124 1105/1162/1106 1125/1182/1126 1144/1200/1144
f 766/804/766 765/803/765 1145/1201/1145
f 767/808/769 766/807/766 1145/1202/1145
f 768/811/771 767/808/769 1145/1202/1145
f 769/813/773 768/811/771 1145/1202/1145
f 770/815/775 769/813/773 1145/1202/1145
f 771/817/777 770/815/775 1145/1202/1145
f 772/819/779 771/817/777 1145/1202/1145
f 773/821/781 772/819/779 1145/1202/1145
f 774/823/783 773/821/781 1145/1202/1145
f 775/825/785 774/823/783 1145/1202/1145
f 776/827/787 775/825/785 1145/1202/1145
f 777/830/789 776/829/787 1145/1201/1145
f 778/833/791 777/830/789 1145/1201/1145
f 779/835/793 778/833/791 1145/1201/1145
f 780/837/795 779/835/793 1145/1201/1145
f 781/839/797 780/837/795 1145/1201/1145
f 782/841/799 781/839/797 1145/1201/1145
f 783/843/801 782/841/799 1145/1201/1145
f 784/845/803 783/843/801 1145/1201/1145
f 765/803/765 784/845/803 1145/1201/1145
f 1125/1182/1126 1126/1181/1125 1146/1203/1146
f 1126/1181/1125 1127/1183/1127 1146/1203/1146
f 1127/1183/1127 1128/1184/1128 1146/1203/1146
f 1128/1184/1128 1129/1185/1129 1146/1203/1146
f 1129/1185/1129 1130/1186/1130 1146/1203/1146
f 1130/1186/1130 1131/1187/1131 1146/1203/1146
f 1131/1187/1131 1132/1188/1132 1146/1203/1146
f 1132/1188/1132 1133/1189/1133 1146/1203/1146
f 1133/1189/1133 1134/1190/1134 1146/1203/1146
f 1134/1190/1134 1135/1191/1135 1146/1203/1146
f 1135/1191/1135 1136/1192/1136 1146/1203/1146
f 1136/1192/1136 1137/1193/1137 1146/1203/1146
f 1137/1193/1137 1138/1194/1138 1146/1203/1146
f 1138/1194/1138 1139/1195/1139 1146/1203/1146
f 1139/1195/1139 1140/1196/1140 1146/1203/1146
f 1140/1196/1140 1141/1197/1141 1146/1203/1146
f 1141/1197/1141 1142/1198/1142 1146/1203/1146
f 1142/1198/1142 1143/1199/1143 1146/1203/1146
f 1143/1199/1143 1144/1200/1144 1146/1203/1146
f 1144/1200/1144 1125/1182/1126 1146/1203/1146
s 4
f 1147/1204/1147 1148/1205/1148 1168/1206/1149 1167/1207/1150
f 1148/1205/1148 1149/1208/1151 1169/1209/1152 1168/1206/1149
f 1149/1208/1151 1150/1210/1153 1170/1211/1154 1169/1209/1152
f 1150/1210/1153 1151/1212/1155 1171/1213/1156 1170/1211/1154
f 1151/1212/1155 1152/1214/1157 1172/1215/1158 1171/1213/1156
f 1152/1214/1157 1153/1216/1159 1173/1217/1160 1172/1215/1158
f 1153/1216/1159 1154/1218/1161 1174/1219/1162 1173/1217/1160
f 1154/1218/1161 1155/1220/1163 1175/1221/1164 1174/1219/1162
f 1155/1220/1163 1156/1222/1165 1176/1223/1166 1175/1221/1164
f 1156/1222/1165 1157/1224/1167 1177/1225/1168 1176/1223/1166
f 1157/1224/1167 1158/1226/1169 1178/1227/1170 1177/1225/1168
f 1158/1226/1169 1159/1228/1171 1179/1229/1172 1178/1227/1170
f 1159/1228/1171 1160/1230/1173 1180/1231/1174 1179/1229/1172
f 1160/1230/1173 1161/1232/1175 1181/1233/1176 1180/1231/1174
f 1161/1232/1175 1162/1234/1177 1182/1235/1178 1181/1233/1176
f 1162/1234/1177 1163/1236/1179 1183/1237/1180 1182/1235/1178
f 1163/1236/1179 1164/1238/1181 1184/1239/1182 1183/1237/1180
f 1164/1238/1181 1165/1240/1183 1185/1241/1184 1184/1239/1182
f 1165/1240/1183 1166/1242/1185 1186/1243/1186 1185/1241/1184
f 1166/1242/1185 1147/1204/1147 1167/1207/1150 1186/1243/1186
f 1167/1207/1150 1168/1206/1149 1188/1244/1187 1187/1245/1188
f 1168/1206/1149 1169/1209/1152 1189/1246/1189 1188/1244/1187
f 1169/1209/1152 1170/1211/1154 1190/1247/1190 1189/1246/1189
f 1170/1211/1154 1171/1213/1156 1191/1248/1191 1190/1247/1190
f 1171/1213/1156 1172/1215/1158 1192/1249/1192 1191/1248/1191
f 1172/1215/1158 1173/1217/1160 1193/1250/1193 1192/1249/1192
f 1173/1217/1160 1174/1219/1162 1194/1251/1194 1193/1250/1193
f 1174/1219/1162 1175/1221/1164 1195/1252/1195 1194/1251/1194
f 1175/1221/1164 1176/1223/1166 1196/1253/1196 1195/1252/1195
f 1176/1223/1166 1177/1225/1168 1197/1254/1197 1196/1253/1196
f 1177/1225/1168 1178/1227/1170 1198/1255/1198 1197/1254/1197
f 1178/1227/1170 1179/1229/1172 1199/1256/1199 1198/1255/1198
f 1179/1229/1172 1180/1231/1174 1200/1257/1200 1199/1256/1199
f 1180/1231/1174 1181/1233/1176 1201/1258/1201 1200/1257/1200
f 1181/1233/1176 1182/1235/1178 1202/1259/1202 1201/1258/1201
f 1182/1235/1178 1183/1237/1180 1203/1260/1203 1202/1259/1202
f 1183/1237/1180 1184/1239/1182 1204/1261/1204 1203/1260/1203
f 1184/1239/1182 1185/1241/1184 1205/1262/1205 1204/1261/1204
f 1185/1241/1184 1186/1243/1186 1206/1263/1206 1205/1262/1205
f 1186/1243/1186 1167/1207/1150 1187/1245/1188 1206/1263/1206
f 1187/1245/1188 1188/1244/1187 1208/1264/1207 1207/1265/1208
f 1188/1244/1187 1189/1246/1189 1209/1266/1209 1208/1264/1207
f 1189/1246/1189 1190/1247/1190 1210/1267/1210 1209/1266/1209
f 1190/1247/1190 1191/1248/1191 1211/1268/1211 1210/1267/1210
f 1191/1248/1191 1192/1249/1192 1212/1269/1212 1211/1268/1211
f 1192/1249/1192 1193/1250/1193 1213/1270/1213 1212/1269/1212
f 1193/1250/1193 1194/1251/1194 1214/1271/1214 1213/1270/1213
f 1194/1251/1194 1195/1252/1195 1215/1272/1215 1214/1271/1214
f 1195/1252/1195 1196/1253/1196 1216/1273/1216 1215/1272/1215
f 1196/1253/1196 1197/1254/1197 1217/1274/1217 1216/1273/1216
f 1197/1254/1197 1198/1255/1198 1218/1275/1218 1217/1274/1217
f 1198/1255/1198 1199/1256/1199 1219/1276/1219 1218/1275/1218
f 1199/1256/1199 1200/1257/1200 1220/1277/1220 1219/1276/1219
f 1200/1257/1200 1201/1258/1201 1221/1278/1221 1220/1277/1220
f 1201/1258/1201 1202/1259/1202 1222/1279/1222 1221/1278/1221
f 1202/1259/1202 1203/1260/1203 1223/1280/1223 1222/1279/1222
f 1203/1260/1203 1204/1261/1204 1224/1281/1224 1223/1280/1223
f 1204/1261/1204 1205/1262/1205 1225/1282/1225 1224/1281/1224
f 1205/1262/1205 1206/1263/1206 1226/1283/1226 1225/1282/1225
f 1206/1263/1206 1187/1245/1188 1207/1265/1208 1226/1283/1226
f 1207/1265/1208 1208/1264/1207 1228/1284/1227 1227/1285/1228
f 1208/1264/1207 1209/1266/1209 1229/1286/1229 1228/1284/1227
f 1209/1266/1209 1210/1267/1210 1230/1287/1230 1229/1286/1229
f 1210/1267/1210 1211/1268/1211 1231/1288/1231 1230/1287/1230
f 1211/1268/1211 1212/1269/1212 1232/1289/1232 1231/1288/1231
f 1212/1269/1212 1213/1270/1213 1233/1290/1233 1232/1289/1232
f 1213/1270/1213 1214/1271/1214 1234/1291/1234 1233/1290/1233
f 1214/1271/1214 1215/1272/1215 1235/1292/1235 1234/1291/1234
f 1215/1272/1215 1216/1273/1216 1236/1293/1236 1235/1292/1235
f 1216/1273/1216 1217/1274/1217 1237/1294/1237 1236/1293/1236
f 1217/1274/1217 1218/1275/1218 1238/1295/1238 1237/1294/1237
f 1218/1275/1218 1219/1276/1219 1239/1296/1239 1238/1295/1238
f 1219/1276/1219 1220/1277/1220 1240/1297/1240 1239/1296/1239
f 1220/1277/1220 1221/1278/1221 1241/1298/1241 1240/1297/1240
f 1221/1278/1221 1222/1279/1222 1242/1299/1242 1241/1298/1241
f 1222/1279/1222 1223/1280/1223 1243/1300/1243 1242/1299/1242
f 1223/1280/1223 1224/1281/1224 1244/1301/1244 1243/1300/1243
f 1224/1281/1224 1225/1282/1225 1245/1302/1245 1244/1301/1244
f 1225/1282/1225 1226/1283/1226 1246/1303/1246 1245/1302/1245
f 1226/1283/1226 1207/1265/1208 1227/1285/1228 1246/1303/1246
f 1227/1285/1228 1228/1284/1227 1248/1304/1247 1247/1305/1248
f 1228/1284/1227 1229/1286/1229 1249/1306/1249 1248/1304/1247
f 1229/1286/1229 1230/1287/1230 1250/1307/1250 1249/1306/1249
f 1230/1287/1230 1231/1288/1231 1251/1308/1251 1250/1307/1250
f 1231/1288/1231 1232/1289/1232 1252/1309/1252 1251/1308/1251
f 1232/1289/1232 1233/1290/1233 1253/1310/1253 1252/1309/1252
f 1233/1290/1233 1234/1291/1234 1254/1311/1254 1253/1310/1253
f 1234/1291/1234 1235/1292/1235 1255/1312/1255 1254/1311/1254
f 1235/1292/1235 1236/1293/1236 1256/1313/1256 1255/1312/1255
f 1236/1293/1236 1237/1294/1237 1257/1314/1257 1256/1313/1256
f 1237/1294/1237 1238/1295/1238 1258/1315/1258 1257/1314/1257
f 1238/1295/1238 1239/1296/1239 1259/1316/1259 1258/1315/1258
f 1239/1296/1239 1240/1297/1240 1260/1317/1260 1259/1316/1259
f 1240/1297/1240 1241/1298/1241 1261/1318/1261 1260/1317/1260
f 1241/1298/1241 1242/1299/1242 1262/1319/1262 1261/1318/1261
f 1242/1299/1242 1243/1300/1243 1263/1320/1263 1262/1319/1262
f 1243/1300/1243 1244/1301/1244 1264/1321/1264 1263/1320/1263
f 1244/1301/1244 1245/1302/1245 1265/1322/1265 1264/1321/1264
f 1245/1302/1245 1246/1303/1246 1266/1323/1266 1265/1322/1265
f 1246/1303/1246 1227/1285/1228 1247/1305/1248 1266/1323/1266
f 1247/1305/1248 1248/1304/1247 1268/1324/1267 1267/1325/1268
f 1248/1304/1247 1249/1306/1249 1269/1326/1269 1268/1324/1267
f 1249/1306/1249 1250/1307/1250 1270/1327/1270 1269/1326/1269
f 1250/1307/1250 1251/1308/1251 1271/1328/1271 1270/1327/1270
f 1251/1308/1251 1252/1309/1252 1272/1329/1272 1271/1328/1271
f 1252/1309/1252 1253/1310/1253 1273/1330/1273 1272/1329/1272
f 1253/1310/1253 1254/1311/1254 1274/1331/1274 1273/1330/1273
f 1254/1311/1254 1255/1312/1255 1275/1332/1275 1274/1331/1274
f 1255/1312/1255 1256/1313/1256 1276/1333/1276 1275/1332/1275
f 1256/1313/1256 1257/1314/1257 1277/1334/1277 1276/1333/1276
f 1257/1314/1257 1258/1315/1258 1278/1335/1278 1277/1334/1277
f 1258/1315/1258 1259/1316/1259 1279/1336/1279 1278/1335/1278
f 1259/1316/1259 1260/1317/1260 1280/1337/1280 1279/1336/1279
f 1260/1317/1260 1261/1318/1261 1281/1338/1281 1280/1337/1280
f 1261/1318/1261 1262/1319/1262 1282/1339/1282 1281/1338/1281
f 1262/1319/1262 1263/1320/1263 1283/1340/1283 1282/1339/1282
f 1263/1320/1263 1264/1321/1264 1284/1341/1284 1283/1340/1283
f 1264/1321/1264 1265/1322/1265 1285/1342/1285 1284/1341/1284
f 1265/1322/1265 1266/1323/1266 1286/1343/1286 1285/1342/1285
f 1266/1323/1266 1247/1305/1248 1267/1325/1268 1286/1343/1286
f 1267/1325/1268 1268/1324/1267 1288/1344/1287 1287/1345/1288
f 1268/1324/1267 1269/1326/1269 1289/1346/1289 1288/1344/1287
f 1269/1326/1269 1270/1327/1270 1290/1347/1290 1289/1346/1289
f 1270/1327/1270 1271/1328/1271 1291/1348/1291 1290/1347/1290
f 1271/1328/1271 1272/1329/1272 1292/1349/1292 1291/1348/1291
f 1272/1329/1272 1273/1330/1273 1293/1350/1293 1292/1349/1292
f 1273/1330/1273 1274/1331/1274 1294/1351/1294 1293/1350/1293
f 1274/1331/1274 1275/1332/1275 1295/1352/1295 1294/1351/1294
f 1275/1332/1275 1276/1333/1276 1296/1353/1296 1295/1352/1295
f 1276/1333/1276 1277/1334/1277 1297/1354/1297 1296/1353/1296
f 1277/1334/1277 1278/1335/1278 1298/1355/1298 1297/1354/1297
f 1278/1335/1278 1279/1336/1279 1299/1356/1299 1298/1355/1298
f 1279/1336/1279 1280/1337/1280 1300/1357/1300 1299/1358/1299
f 1280/1337/1280 1281/1338/1281 1301/1359/1301 1300/1357/1300
f 1281/1338/1281 1282/1339/1282 1302/1360/1302 1301/1359/1301
f 1282/1339/1282 1283/1340/1283 1303/1361/1303 1302/1360/1302
f 1283/1340/1283 1284/1341/1284 1304/1362/1304 1303/1361/1303
f 1284/1341/1284 1285/1342/1285 1305/1363/1305 1304/1362/1304
f 1285/1342/1285 1286/1343/1286 1306/1364/1306 1305/1363/1305
f 1286/1343/1286 1267/1325/1268 1287/1345/1288 1306/1364/1306
f 1287/1345/1288 1288/1344/1287 1308/1365/1307 1307/1366/1308
f 1288/1344/1287 1289/1346/1289 1309/1367/1309 1308/1365/1307
f 1289/1346/1289 1290/1347/1290 1310/1368/1310 1309/1367/1309
f 1290/1347/1290 1291/1348/1291 1311/1369/1311 1310/1368/1310
f 1291/1348/1291 1292/1349/1292 1312/1370/1312 1311/1369/1311
f 1292/1349/1292 1293/1350/1293 1313/1371/1313 1312/1370/1312
f 1293/1350/1293 1294/1351/1294 1314/1372/1314 1313/1371/1313
f 1294/1351/1294 1295/1352/1295 1315/1373/1315 1314/1372/1314
f 1295/1352/1295 1296/1353/1296 1316/1374/1316 1315/1373/1315
f 1296/1353/1296 1297/1354/1297 1317/1375/1317 1316/1374/1316
f 1297/1354/1297 1298/1355/1298 1318/1376/1318 1317/1375/1317
f 1298/1355/1298 1299/1356/1299 1319/1377/1319 1318/1376/1318
f 1299/1358/1299 1300/1357/1300 1320/1378/1320 1319/1379/1319
f 1300/1357/1300 1301/1359/1301 1321/1380/1321 1320/1378/1320
f 1301/1359/1301 1302/1360/1302 1322/1381/1322 1321/1380/1321
f 1302/1360/1302 1303/1361/1303 1323/1382/1323 1322/1381/1322
f 1303/1361/1303 1304/1362/1304 1324/1383/1324 1323/1382/1323
f 1304/1362/1304 1305/1363/1305 1325/1384/1325 1324/1383/1324
f 1305/1363/1305 1306/1364/1306 1326/1385/1326 1325/1384/1325
f 1306/1364/1306 1287/1345/1288 1307/1366/1308 1326/1385/1326
f 1307/1366/1308 1308/1365/1307 1328/1386/1327 1327/1387/1328
f 1308/1365/1307 1309/1367/1309 1329/1388/1329 1328/1386/1327
f 1309/1367/1309 1310/1368/1310 1330/1389/1330 1329/1388/1329
f 1310/1368/1310 1311/1369/1311 1331/1390/1331 1330/1389/1330
f 1311/1369/1311 1312/1370/1312 1332/1391/1332 1331/1390/1331
f 1312/1370/1312 1313/1371/1313 1333/1392/1333 1332/1391/1332
f 1313/1371/1313 1314/1372/1314 1334/1393/1334 1333/1392/1333
f 1314/1372/1314 1315/1373/1315 1335/1394/1335 1334/1393/1334
f 1315/1373/1315 1316/1374/1316 1336/1395/1336 1335/1394/1335
f 1316/1374/1316 1317/1375/1317 1337/1396/1337 1336/1395/1336
f 1317/1375/1317 1318/1376/1318 1338/1397/1338 1337/1396/1337
f 1318/1376/1318 1319/1377/1319 1339/1398/1339 1338/1397/1338
f 1319/1379/1319 1320/1378/1320 1340/1399/1340 1339/1400/1339
f 1320/1378/1320 1321/1380/1321 1341/1401/1341 1340/1399/1340
f 1321/1380/1321 1322/1381/1322 1342/1402/1342 1341/1401/1341
f 1322/1381/1322 1323/1382/1323 1343/1403/1343 1342/1402/1342
f 1323/1382/1323 1324/1383/1324 1344/1404/1344 1343/1403/1343
f 1324/1383/1324 1325/1384/1325 1345/1405/1345 1344/1404/1344
f 1325/1384/1325 1326/1385/1326 1346/1406/1346 1345/1405/1345
f 1326/1385/1326 1307/1366/1308 1327/1387/1328 1346/1406/1346
f 1327/1387/1328 1328/1386/1327 1348/1407/1347 1347/1408/1348
f 1328/1386/1327 1329/1388/1329 1349/1409/1349 1348/1407/1347
f 1329/1388/1329 1330/1389/1330 1350/1410/1350 1349/1409/1349
f 1330/1389/1330 1331/1390/1331 1351/1411/1351 1350/1410/1350
f 1331/1390/1331 1332/1391/1332 1352/1412/1352 1351/1411/1351
f 1332/1391/1332 1333/1392/1333 1353/1413/1353 1352/1412/1352
f 1333/1392/1333 1334/1393/1334 1354/1414/1354 1353/1413/1353
f 1334/1393/1334 1335/1394/1335 1355/1415/1355 1354/1414/1354
f 1335/1394/1335 1336/1395/1336 1356/1416/1356 1355/1415/1355
f 1336/1395/1336 1337/1396/1337 1357/1417/1357 1356/1416/1356
f 1337/1396/1337 1338/1397/1338 1358/1418/1358 1357/1417/1357
f 1338/1397/1338 1339/1398/1339 1359/1419/1359 1358/1418/1358
f 1339/1400/1339 1340/1399/1340 1360/1420/1360 1359/1421/1359
f 1340/1399/1340 1341/1401/1341 1361/1422/1361 1360/1420/1360
f 1341/1401/1341 1342/1402/1342 1362/1423/1362 1361/1422/1361
f 1342/1402/1342 1343/1403/1343 1363/1424/1363 1362/1423/1362
f 1343/1403/1343 1344/1404/1344 1364/1425/1364 1363/1424/1363
f 1344/1404/1344 1345/1405/1345 1365/1426/1365 1364/1425/1364
f 1345/1405/1345 1346/1406/1346 1366/1427/1366 1365/1426/1365
f 1346/1406/1346 1327/1387/1328 1347/1408/1348 1366/1427/1366
f 1347/1408/1348 1348/1407/1347 1368/1428/1367 1367/1429/1368
f 1348/1407/1347 1349/1409/1349 1369/1430/1369 1368/1428/1367
f 1349/1409/1349 1350/1410/1350 1370/1431/1370 1369/1430/1369
f 1350/1410/1350 1351/1411/1351 1371/1432/1371 1370/1431/1370
f 1351/1411/1351 1352/1412/1352 1372/1433/1372 1371/1432/1371
f 1352/1412/1352 1353/1413/1353 1373/1434/1373 1372/1433/1372
f 1353/1413/1353 1354/1414/1354 1374/1435/1374 1373/1434/1373
f 1354/1414/1354 1355/1415/1355 1375/1436/1375 1374/1435/1374
f 1355/1415/1355 1356/1416/1356 1376/1437/1376 1375/1436/1375
f 1356/1416/1356 1357/1417/1357 1377/1438/1377 1376/1437/1376
f 1357/1417/1357 1358/1418/1358 1378/1439/1378 1377/1438/1377
f 1358/1418/1358 1359/1419/1359 1379/1440/1379 1378/1439/1378
f 1359/1421/1359 1360/1420/1360 1380/1441/1380 1379/1442/1379
f 1360/1420/1360 1361/1422/1361 1381/1443/1381 1380/1441/1380
f 1361/1422/1361 1362/1423/1362 1382/1444/1382 1381/1443/1381
f 1362/1423/1362 1363/1424/1363 1383/1445/1383 1382/1444/1382
f 1363/1424/1363 1364/1425/1364 1384/1446/1384 1383/1445/1383
f 1364/1425/1364 1365/1426/1365 1385/1447/1385 1384/1446/1384
f 1365/1426/1365 1366/1427/1366 1386/1448/1386 1385/1447/1385
f 1366/1427/1366 1347/1408/1348 1367/1429/1368 1386/1448/1386
f 1367/1429/1368 1368/1428/1367 1388/1449/1387 1387/1450/1388
f 1368/1428/1367 1369/1430/1369 1389/1451/1389 1388/1449/1387
f 1369/1430/1369 1370/1431/1370 1390/1452/1390 1389/1451/1389
f 1370/1431/1370 1371/1432/1371 1391/1453/1391 1390/1452/1390
f 1371/1432/1371 1372/1433/1372 1392/1454/1392 1391/1453/1391
f 1372/1433/1372 1373/1434/1373 1393/1455/1393 1392/1454/1392
f 1373/1434/1373 1374/1435/1374 1394/1456/1394 1393/1455/1393
f 1374/1435/1374 1375/1436/1375 1395/1457/1395 1394/1456/1394
f 1375/1436/1375 1376/1437/1376 1396/1458/1396 1395/1457/1395
f 1376/1437/1376 1377/1438/1377 1397/1459/1397 1396/1458/1396
f 1377/1438/1377 1378/1439/1378 1398/1460/1398 1397/1459/1397
f 1378/1439/1378 1379/1440/1379 1399/1461/1399 1398/1460/1398
f 1379/1442/1379 1380/1441/1380 1400/1462/1400 1399/1463/1399
f 1380/1441/1380 1381/1443/1381 1401/1464/1401 1400/1462/1400
f 1381/1443/1381 1382/1444/1382 1402/1465/1402 1401/1464/1401
f 1382/1444/1382 1383/1445/1383 1403/1466/1403 1402/1465/1402
f 1383/1445/1383 1384/1446/1384 1404/1467/1404 1403/1466/1403
f 1384/1446/1384 1385/1447/1385 1405/1468/1405 1404/1467/1404
f 1385/1447/1385 1386/1448/1386 1406/1469/1406 1405/1468/1405
f 1386/1448/1386 1367/1429/1368 1387/1450/1388 1406/1469/1406
f 1387/1450/1388 1388/1449/1387 1408/1470/1407 1407/1471/1408
f 1388/1449/1387 1389/1451/1389 1409/1472/1409 1408/1470/1407
f 1389/1451/1389 1390/1452/1390 1410/1473/1410 1409/1474/1409
f 1390/1452/1390 1391/1453/1391 1411/1475/1411 1410/1473/1410
f 1391/1453/1391 1392/1454/1392 1412/1476/1412 1411/1475/1411
f 1392/1454/1392 1393/1455/1393 1413/1477/1413 1412/1476/1412
f 1393/1455/1393 1394/1456/1394 1414/1478/1414 1413/1477/1413
f 1394/1456/1394 1395/1457/1395 1415/1479/1415 1414/1478/1414
f 1395/1457/1395 1396/1458/1396 1416/1480/1416 1415/1479/1415
f 1396/1458/1396 1397/1459/1397 1417/1481/1417 1416/1480/1416
f 1397/1459/1397 1398/1460/1398 1418/1482/1418 1417/1481/1417
f 1398/1460/1398 1399/1461/1399 1419/1483/1419 1418/1482/1418
f 1399/1463/1399 1400/1462/1400 1420/1484/1420 1419/1485/1419
f 1400/1462/1400 1401/1464/1401 1421/1486/1421 1420/1484/1420
f 1401/1464/1401 1402/1465/1402 1422/1487/1422 1421/1486/1421
f 1402/1465/1402 1403/1466/1403 1423/1488/1423 1422/1487/1422
f 1403/1466/1403 1404/1467/1404 1424/1489/1424 1423/1488/1423
f 1404/1467/1404 1405/1468/1405 1425/1490/1425 1424/1489/1424
f 1405/1468/1405 1406/1469/1406 1426/1491/1426 1425/1490/1425
f 1406/1469/1406 1387/1450/1388 1407/1471/1408 1426/1491/1426
f 1407/1471/1408 1408/1470/1407 1428/1492/1427 1427/1493/1428
f 1408/1470/1407 1409/1472/1409 1429/1494/1429 1428/1492/1427
f 1409/1474/1409 1410/1473/1410 1430/1495/1430 1429/1496/1429
f 1410/1473/1410 1411/1475/1411 1431/1497/1431 1430/1495/1430
f 1411/1475/1411 1412/1476/1412 1432/1498/1432 1431/1497/1431
f 1412/1476/1412 1413/1477/1413 1433/1499/1433 1432/1498/1432
f 1413/1477/1413 1414/1478/1414 1434/1500/1434 1433/1499/1433
f 1414/1478/1414 1415/1479/1415 1435/1501/1435 1434/1500/1434
f 1415/1479/1415 1416/1480/1416 1436/1502/1436 1435/1501/1435
f 1416/1480/1416 1417/1481/1417 1437/1503/1437 1436/1502/1436
f 1417/1481/1417 1418/1482/1418 1438/1504/1438 1437/1503/1437
f 1418/1482/1418 1419/1483/1419 1439/1505/1439 1438/1504/1438
f 1419/1485/1419 1420/1484/1420 1440/1506/1440 1439/1507/1439
f 1420/1484/1420 1421/1486/1421 1441/1508/1441 1440/1506/1440
f 1421/1486/1421 1422/1487/1422 1442/1509/1442 1441/1508/1441
f 1422/1487/1422 1423/1488/1423 1443/1510/1443 1442/1509/1442
f 1423/1488/1423 1424/1489/1424 1444/1511/1444 1443/1510/1443
f 1424/1489/1424 1425/1490/1425 1445/1512/1445 1444/1511/1444
f 1425/1490/1425 1426/1491/1426 1446/1513/1446 1445/1512/1445
f 1426/1491/1426 1407/1471/1408 1427/1493/1428 1446/1513/1446
f 1427/1493/1428 1428/1492/1427 1448/1514/1447 1447/1515/1448
f 1428/1492/1427 1429/1494/1429 1449/1516/1449 1448/1514/1447
f 1429/1496/1429 1430/1495/1430 1450/1517/1450 1449/1518/1449
f 1430/1495/1430 1431/1497/1431 1451/1519/1451 1450/1517/1450
f 1431/1497/1431 1432/1498/1432 1452/1520/1452 1451/1519/1451
f 1432/1498/1432 1433/1499/1433 1453/1521/1453 1452/1520/1452
f 1433/1499/1433 1434/1500/1434 1454/1522/1454 1453/1521/1453
f 1434/1500/1434 1435/1501/1435 1455/1523/1455 1454/1522/1454
f 1435/1501/1435 1436/1502/1436 1456/1524/1456 1455/1523/1455
f 1436/1502/1436 1437/1503/1437 1457/1525/1457 1456/1524/1456
f 1437/1503/1437 1438/1504/1438 1458/1526/1458 1457/1525/1457
f 1438/1504/1438 1439/1505/1439 1459/1527/1459 1458/1526/1458
f 1439/1507/1439 1440/1506/1440 1460/1528/1460 1459/1529/1459
f 1440/1506/1440 1441/1508/1441 1461/1530/1461 1460/1528/1460
f 1441/1508/1441 1442/1509/1442 1462/1531/1462 1461/1530/1461
f 1442/1509/1442 1443/1510/1443 1463/1532/1463 1462/1531/1462
f 1443/1510/1443 1444/1511/1444 1464/1533/1464 1463/1532/1463
f 1444/1511/1444 1445/1512/1445 1465/1534/1465 1464/1533/1464
f 1445/1512/1445 1446/1513/1446 1466/1535/1466 1465/1534/1465
f 1446/1513/1446 1427/1493/1428 1447/1515/1448 1466/1535/1466
f 1447/1515/1448 1448/1514/1447 1468/1536/1467 1467/1537/1468
f 1448/1514/1447 1449/1516/1449 1469/1538/1469 1468/1536/1467
f 1449/1518/1449 1450/1517/1450 1470/1539/1470 1469/1540/1469
f 1450/1517/1450 1451/1519/1451 1471/1541/1471 1470/1539/1470
f 1451/1519/1451 1452/1520/1452 1472/1542/1472 1471/1541/1471
f 1452/1520/1452 1453/1521/1453 1473/1543/1473 1472/1542/1472
f 1453/1521/1453 1454/1522/1454 1474/1544/1474 1473/1543/1473
f 1454/1522/1454 1455/1523/1455 1475/1545/1475 1474/1544/1474
f 1455/1523/1455 1456/1524/1456 1476/1546/1476 1475/1545/1475
f 1456/1524/1456 1457/1525/1457 1477/1547/1477 1476/1546/1476
f 1457/1525/1457 1458/1526/1458 1478/1548/1478 1477/1547/1477
f 1458/1526/1458 1459/1527/1459 1479/1549/1479 1478/1548/1478
f 1459/1529/1459 1460/1528/1460 1480/1550/1480 1479/1551/1479
f 1460/1528/1460 1461/1530/1461 1481/1552/1481 1480/1550/1480
f 1461/1530/1461 1462/1531/1462 1482/1553/1482 1481/1552/1481
f 1462/1531/1462 1463/1532/1463 1483/1554/1483 1482/1553/1482
f 1463/1532/1463 1464/1533/1464 1484/1555/1484 1483/1554/1483
f 1464/1533/1464 1465/1534/1465 1485/1556/1485 1484/1555/1484
f 1465/1534/1465 1466/1535/1466 1486/1557/1486 1485/1556/1485
f 1466/1535/1466 1447/1515/1448 1467/1537/1468 1486/1557/1486
f 1467/1537/1468 1468/1536/1467 1488/1558/1487 1487/1559/1488
f 1468/1536/1467 1469/1538/1469 1489/1560/1489 1488/1558/1487
f 1469/1540/1469 1470/1539/1470 1490/1561/1490 1489/1562/1489
f 1470/1539/1470 1471/1541/1471 1491/1563/1491 1490/1561/1490
f 1471/1541/1471 1472/1542/1472 1492/1564/1492 1491/1563/1491
f 1472/1542/1472 1473/1543/1473 1493/1565/1493 1492/1564/1492
f 1473/1543/1473 1474/1544/1474 1494/1566/1494 1493/1565/1493
f 1474/1544/1474 1475/1545/1475 1495/1567/1495 1494/1566/1494
f 1475/1545/1475 1476/1546/1476 1496/1568/1496 1495/1567/1495
f 1476/1546/1476 1477/1547/1477 1497/1569/1497 1496/1568/1496
f 1477/1547/1477 1478/1548/1478 1498/1570/1498 1497/1569/1497
f 1478/1548/1478 1479/1549/1479 1499/1571/1499 1498/1570/1498
f 1479/1551/1479 1480/1550/1480 1500/1572/1500 1499/1573/1499
f 1480/1550/1480 1481/1552/1481 1501/1574/1501 1500/1572/1500
f 1481/1552/1481 1482/1553/1482 1502/1575/1502 1501/1574/1501
f 1482/1553/1482 1483/1554/1483 1503/1576/1503 1502/1575/1502
f 1483/1554/1483 1484/1555/1484 1504/1577/1504 1503/1576/1503
f 1484/1555/1484 1485/1556/1485 1505/1578/1505 1504/1577/1504
f 1485/1556/1485 1486/1557/1486 1506/1579/1506 1505/1578/1505
f 1486/1557/1486 1467/1537/1468 1487/1559/1488 1506/1579/1506
f 1487/1559/1488 1488/1558/1487 1508/1580/1507 1507/1581/1508
f 1488/1558/1487 1489/1560/1489 1509/1582/1509 1508/1580/1507
f 1489/1562/1489 1490/1561/1490 1510/1583/1510 1509/1584/1509
f 1490/1561/1490 1491/1563/1491 1511/1585/1511 1510/1583/1510
f 1491/1563/1491 1492/1564/1492 1512/1586/1512 1511/1585/1511
f 1492/1564/1492 1493/1565/1493 1513/1587/1513 1512/1586/1512
f 1493/1565/1493 1494/1566/1494 1514/1588/1514 1513/1587/1513
f 1494/1566/1494 1495/1567/1495 1515/1589/1515 1514/1588/1514
f 1495/1567/1495 1496/1568/1496 1516/1590/1516 1515/1589/1515
f 1496/1568/1496 1497/1569/1497 1517/1591/1517 1516/1590/1516
f 1497/1569/1497 1498/1570/1498 1518/1592/1518 1517/1591/1517
f 1498/1570/1498 1499/1571/1499 1519/1593/1519 1518/1592/1518
f 1499/1573/1499 1500/1572/1500 1520/1594/1520 1519/1595/1519
f 1500/1572/1500 1501/1574/1501 1521/1596/1521 1520/1594/1520
f 1501/1574/1501 1502/1575/1502 1522/1597/1522 1521/1596/1521
f 1502/1575/1502 1503/1576/1503 1523/1598/1523 1522/1597/1522
f 1503/1576/1503 1504/1577/1504 1524/1599/1524 1523/1598/1523
f 1504/1577/1504 1505/1578/1505 1525/1600/1525 1524/1599/1524
f 1505/1578/1505 1506/1579/1506 1526/1601/1526 1525/1600/1525
f 1506/1579/1506 1487/1559/1488 1507/1581/1508 1526/1601/1526
f 1148/1205/1148 1147/1204/1147 1527/1602/1527
f 1149/1208/1151 1148/1205/1148 1527/1602/1527
f 1150/1210/1153 1149/1208/1151 1527/1602/1527
f 1151/1212/1155 1150/1210/1153 1527/1602/1527
f 1152/1214/1157 1151/1212/1155 1527/1602/1527
f 1153/1216/1159 1152/1214/1157 1527/1602/1527
f 1154/1218/1161 1153/1216/1159 1527/1602/1527
f 1155/1220/1163 1154/1218/1161 1527/1602/1527
f 1156/1222/1165 1155/1220/1163 1527/1602/1527
f 1157/1224/1167 1156/1222/1165 1527/1602/1527
f 1158/1226/1169 1157/1224/1167 1527/1602/1527
f 1159/1228/1171 1158/1226/1169 1527/1602/1527
f 1160/1230/1173 1159/1228/1171 1527/1602/1527
f 1161/1232/1175 1160/1230/1173 1527/1602/1527
f 1162/1234/1177 1161/1232/1175 1527/1602/1527
f 1163/1236/1179 1162/1234/1177 1527/1602/1527
f 1164/1238/1181 1163/1236/1179 1527/1602/1527
f 1165/1240/1183 1164/1238/1181 1527/1602/1527
f 1166/1242/1185 1165/1240/1183 1527/1602/1527
f 1147/1204/1147 1166/1242/1185 1527/1602/1527
f 1507/1581/1508 1508/1580/1507 1528/1603/1528
f 1508/1580/1507 1509/1582/1509 1528/1603/1528
f 1509/1584/1509 1510/1583/1510 1528/1604/1528
f 1510/1583/1510 1511/1585/1511 1528/1604/1528
f 1511/1585/1511 1512/1586/1512 1528/1604/1528
f 1512/1586/1512 1513/1587/1513 1528/1604/1528
f 1513/1587/1513 1514/1588/1514 1528/1604/1528
f 1514/1588/1514 1515/1589/1515 1528/1604/1528
f 1515/1589/1515 1516/1590/1516 1528/1604/1528
f 1516/1590/1516 1517/1591/1517 1528/1604/1528
f 1517/1591/1517 1518/1592/1518 1528/1604/1528
f 1518/1592/1518 1519/1593/1519 1528/1604/1528
f 1519/1595/1519 1520/1594/1520 1528/1603/1528
f 1520/1594/1520 1521/1596/1521 1528/1603/1528
f 1521/1596/1521 1522/1597/1522 1528/1603/1528
f 1522/1597/1522 1523/1598/1523 1528/1603/1528
f 1523/1598/1523 1524/1599/1524 1528/1603/1528
f 1524/1599/1524 1525/1600/1525 1528/1603/1528
f 1525/1600/1525 1526/1601/1526 1528/1603/1528
f 1526/1601/1526 1507/1581/1508 1528/1603/1528
s 5
f 1529/1605/1529 1549/1608/1530 1550/1607/1531 1530/1606/1532
f 1530/1606/1532 1550/1607/1531 1551/1610/1533 1531/1609/1534
f 1531/1609/1534 1551/1610/1533 1552/1612/1535 1532/1611/1536
f 1532/1611/1536 1552/1612/1535 1553/1614/1537 1533/1613/1538
f 1533/1613/1538 1553/1614/1537 1554/1616/1539 1534/1615/1540
f 1534/1615/1540 1554/1616/1539 1555/1618/1541 1535/1617/1542
f 1535/1617/1542 1555/1618/1541 1556/1620/1543 1536/1619/1544
f 1536/1619/1544 1556/1620/1543 1557/1622/1545 1537/1621/1546
f 1537/1621/1546 1557/1622/1545 1558/1624/1547 1538/1623/1548
f 1538/1623/1548 1558/1624/1547 1559/1626/1549 1539/1625/1550
f 1539/1625/1550 1559/1626/1549 1560/1628/1551 1540/1627/1552
f 1540/1627/1552 1560/1628/1551 1561/1630/1553 1541/1629/1554
f 1541/1629/1554 1561/1630/1553 1562/1632/1555 1542/1631/1556
f 1542/1631/1556 1562/1632/1555 1563/1634/1557 1543/1633/1558
f 1543/1633/1558 1563/1634/1557 1564/1636/1559 1544/1635/1560
f 1544/1635/1560 1564/1636/1559 1565/1638/1561 1545/1637/1562
f 1545/1637/1562 1565/1638/1561 1566/1640/1563 1546/1639/1564
f 1546/1639/1564 1566/1640/1563 1567/1642/1565 1547/1641/1566
f 1547/1641/1566 1567/1642/1565 1568/1644/1567 1548/1643/1568
f 1548/1643/1568 1568/1644/1567 1549/1608/1530 1529/1605/1529
f 1549/1608/1530 1569/1646/1569 1570/1645/1570 1550/1607/1531
f 1550/1607/1531 1570/1645/1570 1571/1647/1571 1551/1610/1533
f 1551/1610/1533 1571/1647/1571 1572/1648/1572 1552/1612/1535
f 1552/1612/1535 1572/1648/1572 1573/1649/1573 1553/1614/1537
f 1553/1614/1537 1573/1649/1573 1574/1650/1574 1554/1616/1539
f 1554/1616/1539 1574/1650/1574 1575/1651/1575 1555/1618/1541
f 1555/1618/1541 1575/1651/1575 1576/1652/1576 1556/1620/1543
f 1556/1620/1543 1576/1652/1576 1577/1653/1577 1557/1622/1545
f 1557/1622/1545 1577/1653/1577 1578/1654/1578 1558/1624/1547
f 1558/1624/1547 1578/1654/1578 1579/1655/1579 1559/1626/1549
f 1559/1626/1549 1579/1655/1579 1580/1656/1580 1560/1628/1551
f 1560/1628/1551 1580/1656/1580 1581/1657/1581 1561/1630/1553
f 1561/1630/1553 1581/1657/1581 1582/1658/1582 1562/1632/1555
f 1562/1632/1555 1582/1658/1582 1583/1659/1583 1563/1634/1557
f 1563/1634/1557 1583/1659/1583 1584/1660/1584 1564/1636/1559
f 1564/1636/1559 1584/1660/1584 1585/1661/1585 1565/1638/1561
f 1565/1638/1561 1585/1661/1585 1586/1662/1586 1566/1640/1563
f 1566/1640/1563 1586/1662/1586 1587/1663/1587 1567/1642/1565
f 1567/1642/1565 1587/1663/1587 1588/1664/1588 1568/1644/1567
f 1568/1644/1567 1588/1664/1588 1569/1646/1569 1549/1608/1530
f 1569/1646/1569 1589/1666/1589 1590/1665/1590 1570/1645/1570
f 1570/1645/1570 1590/1665/1590 1591/1667/1591 1571/1647/1571
f 1571/1647/1571 1591/1667/1591 1592/1668/1592 1572/1648/1572
f 1572/1648/1572 1592/1668/1592 1593/1669/1593 1573/1649/1573
f 1573/1649/1573 1593/1669/1593 1594/1670/1594 1574/1650/1574
f 1574/1650/1574 1594/1670/1594 1595/1671/1595 1575/1651/1575
f 1575/1651/1575 1595/1671/1595 1596/1672/1596 1576/1652/1576
f 1576/1652/1576 1596/1672/1596 1597/1673/1597 1577/1653/1577
f 1577/1653/1577 1597/1673/1597 1598/1674/1598 1578/1654/1578
f 1578/1654/1578 1598/1674/1598 1599/1675/1599 1579/1655/1579
f 1579/1655/1579 1599/1675/1599 1600/1676/1600 1580/1656/1580
f 1580/1656/1580 1600/1676/1600 1601/1677/1601 1581/1657/1581
f 1581/1657/1581 1601/1677/1601 1602/1678/1602 1582/1658/1582
f 1582/1658/1582 1602/1678/1602 1603/1679/1603 1583/1659/1583
f 1583/1659/1583 1603/1679/1603 1604/1680/1604 1584/1660/1584
f 1584/1660/1584 1604/1680/1604 1605/1681/1605 1585/1661/1585
f 1585/1661/1585 1605/1681/1605 1606/1682/1606 1586/1662/1586
f 1586/1662/1586 1606/1682/1606 1607/1683/1607 1587/1663/1587
f 1587/1663/1587 1607/1683/1607 1608/1684/1608 1588/1664/1588
f 1588/1664/1588 1608/1684/1608 1589/1666/1589 1569/1646/1569
f 1589/1666/1589 1609/1686/1609 1610/1685/1610 1590/1665/1590
f 1590/1665/1590 1610/1685/1610 1611/1687/1611 1591/1667/1591
f 1591/1667/1591 1611/1687/1611 1612/1688/1612 1592/1668/1592
f 1592/1668/1592 1612/1688/1612 1613/1689/1613 1593/1669/1593
f 1593/1669/1593 1613/1689/1613 1614/1690/1614 1594/1670/1594
f 1594/1670/1594 1614/1690/1614 1615/1691/1615 1595/1671/1595
f 1595/1671/1595 1615/1691/1615 1616/1692/1616 1596/1672/1596
f 1596/1672/1596 1616/1692/1616 1617/1693/1617 1597/1673/1597
f 1597/1673/1597 1617/1693/1617 1618/1694/1618 1598/1674/1598
f 1598/1674/1598 1618/1694/1618 1619/1695/1619 1599/1675/1599
f 1599/1675/1599 1619/1695/1619 1620/1696/1620 1600/1676/1600
f 1600/1676/1600 1620/1696/1620 1621/1697/1621 1601/1677/1601
f 1601/1677/1601 1621/1697/1621 1622/1698/1622 1602/1678/1602
f 1602/1678/1602 1622/1698/1622 1623/1699/1623 1603/1679/1603
f 1603/1679/1603 1623/1699/1623 1624/1700/1624 1604/1680/1604
f 1604/1680/1604 1624/1700/1624 1625/1701/1625 1605/1681/1605
f 1605/1681/1605 1625/1701/1625 1626/1702/1626 1606/1682/1606
f 1606/1682/1606 1626/1702/1626 1627/1703/1627 1607/1683/1607
f 1607/1683/1607 1627/1703/1627 1628/1704/1628 1608/1684/1608
f 1608/1684/1608 1628/1704/1628 1609/1686/1609 1589/1666/1589
f 1609/1686/1609 1629/1706/1629 1630/1705/1630 1610/1685/1610
f 1610/1685/1610 1630/1705/1630 1631/1707/1631 1611/1687/1611
f 1611/1687/1611 1631/1707/1631 1632/1708/1632 1612/1688/1612
f 1612/1688/1612 1632/1708/1632 1633/1709/1633 1613/1689/1613
f 1613/1689/1613 1633/1709/1633 1634/1710/1634 1614/1690/1614
f 1614/1690/1614 1634/1710/1634 1635/1711/1635 1615/1691/1615
f 1615/1691/1615 1635/1711/1635 1636/1712/1636 1616/1692/1616
f 1616/1692/1616 1636/1712/1636 1637/1713/1637 1617/1693/1617
f 1617/1693/1617 1637/1713/1637 1638/1714/1638 1618/1694/1618
f 1618/1694/1618 1638/1714/1638 1639/1715/1639 1619/1695/1619
f 1619/1695/1619 1639/1715/1639 1640/1716/1640 1620/1696/1620
f 1620/1696/1620 1640/1716/1640 1641/1717/1641 1621/1697/1621
f 1621/1697/1621 1641/1717/1641 1642/1718/1642 1622/1698/1622
f 1622/1698/1622 1642/1718/1642 1643/1719/1643 1623/1699/1623
f 1623/1699/1623 1643/1719/1643 1644/1720/1644 1624/1700/1624
f 1624/1700/1624 1644/1720/1644 1645/1721/1645 1625/1701/1625
f 1625/1701/1625 1645/1721/1645 1646/1722/1646 1626/1702/1626
f 1626/1702/1626 1646/1722/1646 1647/1723/1647 1627/1703/1627
f 1627/1703/1627 1647/1723/1647 1648/1724/1648 1628/1704/1628
f 1628/1704/1628 1648/1724/1648 1629/1706/1629 1609/1686/1609
f 1629/1706/1629 1649/1726/1649 1650/1725/1650 1630/1705/1630
f 1630/1705/1630 1650/1725/1650 1651/1727/1651 1631/1707/1631
f 1631/1707/1631 1651/1727/1651 1652/1728/1652 1632/1708/1632
f 1632/1708/1632 1652/1728/1652 1653/1729/1653 1633/1709/1633
f 1633/1709/1633 1653/1729/1653 1654/1730/1654 1634/1710/1634
f 1634/1710/1634 1654/1730/1654 1655/1731/1655 1635/1711/1635
f 1635/1711/1635 1655/1731/1655 1656/1732/1656 1636/1712/1636
f 1636/1712/1636 1656/1732/1656 1657/1733/1657 1637/1713/1637
f 1637/1713/1637 1657/1733/1657 1658/1734/1658 1638/1714/1638
f 1638/1714/1638 1658/1734/1658 1659/1735/1659 1639/1715/1639
f 1639/1715/1639 1659/1735/1659 1660/1736/1660 1640/1716/1640
f 1640/1716/1640 1660/1736/1660 1661/1737/1661 1641/1717/1641
f 1641/1717/1641 1661/1737/1661 1662/1738/1662 1642/1718/1642
f 1642/1718/1642 1662/1738/1662 1663/1739/1663 1643/1719/1643
f 1643/1719/1643 1663/1739/1663 1664/1740/1664 1644/1720/1644
f 1644/1720/1644 1664/1740/1664 1665/1741/1665 1645/1721/1645
f 1645/1721/1645 1665/1741/1665 1666/1742/1666 1646/1722/1646
f 1646/1722/1646 1666/1742/1666 1667/1743/1667 1647/1723/1647
f 1647/1723/1647 1667/1743/1667 1668/1744/1668 1648/1724/1648
f 1648/1724/1648 1668/1744/1668 1649/1726/1649 1629/1706/1629
f 1649/1726/1649 1669/1746/1669 1670/1745/1670 1650/1725/1650
f 1650/1725/1650 1670/1745/1670 1671/1747/1671 1651/1727/1651
f 1651/1727/1651 1671/1747/1671 1672/1748/1672 1652/1728/1652
f 1652/1728/1652 1672/1748/1672 1673/1749/1673 1653/1729/1653
f 1653/1729/1653 1673/1749/1673 1674/1750/1674 1654/1730/1654
f 1654/1730/1654 1674/1750/1674 1675/1751/1675 1655/1731/1655
f 1655/1731/1655 1675/1751/1675 1676/1752/1676 1656/1732/1656
f 1656/1732/1656 1676/1752/1676 1677/1753/1677 1657/1733/1657
f 1657/1733/1657 1677/1753/1677 1678/1754/1678 1658/1734/1658
f 1658/1734/1658 1678/1754/1678 1679/1755/1679 1659/1735/1659
f 1659/1735/1659 1679/1755/1679 1680/1756/1680 1660/1736/1660
f 1660/1736/1660 1680/1758/1680 1681/1757/1681 1661/1737/1661
f 1661/1737/1661 1681/1757/1681 1682/1759/1682 1662/1738/1662
f 1662/1738/1662 1682/1759/1682 1683/1760/1683 1663/1739/1663
f 1663/1739/1663 1683/1760/1683 1684/1761/1684 1664/1740/1664
f 1664/1740/1664 1684/1761/1684 1685/1762/1685 1665/1741/1665
f 1665/1741/1665 1685/1762/1685 1686/1763/1686 1666/1742/1666
f 1666/1742/1666 1686/1763/1686 1687/1764/1687 1667/1743/1667
f 1667/1743/1667 1687/1764/1687 1688/1765/1688 1668/1744/1668
f 1668/1744/1668 1688/1765/1688 1669/1746/1669 1649/1726/1649
f 1669/1746/1669 1689/1767/1689 1690/1766/1690 1670/1745/1670
f 1670/1745/1670 1690/1766/1690 1691/1768/1691 1671/1747/1671
f 1671/1747/1671 1691/1768/1691 1692/1769/1692 1672/1748/1672
f 1672/1748/1672 1692/1769/1692 1693/1770/1693 1673/1749/1673
f 1673/1749/1673 1693/1770/1693 1694/1771/1694 1674/1750/1674
f 1674/1750/1674 1694/1771/1694 1695/1772/1695 1675/1751/1675
f 1675/1751/1675 1695/1772/1695 1696/1773/1696 1676/1752/1676
f 1676/1752/1676 1696/1773/1696 1697/1774/1697 1677/1753/1677
f 1677/1753/1677 1697/1774/1697 1698/1775/1698 1678/1754/1678
f 1678/1754/1678 1698/1775/1698 1699/1776/1699 1679/1755/1679
f 1679/1755/1679 1699/1776/1699 1700/1777/1700 1680/1756/1680
f 1680/1758/1680 1700/1779/1700 1701/1778/1701 1681/1757/1681
f 1681/1757/1681 1701/1778/1701 1702/1780/1702 1682/1759/1682
f 1682/1759/1682 1702/1780/1702 1703/1781/1703 1683/1760/1683
f 1683/1760/1683 1703/1781/1703 1704/1782/1704 1684/1761/1684
f 1684/1761/1684 1704/1782/1704 1705/1783/1705 1685/1762/1685
f 1685/1762/1685 1705/1783/1705 1706/1784/1706 1686/1763/1686
f 1686/1763/1686 1706/1784/1706 1707/1785/1707 1687/1764/1687
f 1687/1764/1687 1707/1785/1707 1708/1786/1708 1688/1765/1688
f 1688/1765/1688 1708/1786/1708 1689/1767/1689 1669/1746/1669
f 1689/1767/1689 1709/1788/1709 1710/1787/1710 1690/1766/1690
f 1690/1766/1690 1710/1787/1710 1711/1789/1711 1691/1768/1691
f 1691/1768/1691 1711/1789/1711 1712/1790/1712 1692/1769/1692
f 1692/1769/1692 1712/1790/1712 1713/1791/1713 1693/1770/1693
f 1693/1770/1693 1713/1791/1713 1714/1792/1714 1694/1771/1694
f 1694/1771/1694 1714/1792/1714 1715/1793/1715 1695/1772/1695
f 1695/1772/1695 1715/1793/1715 1716/1794/1716 1696/1773/1696
f 1696/1773/1696 1716/1794/1716 1717/1795/1717 1697/1774/1697
f 1697/1774/1697 1717/1795/1717 1718/1796/1718 1698/1775/1698
f 1698/1775/1698 1718/1796/1718 1719/1797/1719 1699/1776/1699
f 1699/1776/1699 1719/1797/1719 1720/1798/1720 1700/1777/1700
f 1700/1779/1700 1720/1800/1720 1721/1799/1721 1701/1778/1701
f 1701/1778/1701 1721/1799/1721 1722/1801/1722 1702/1780/1702
f 1702/1780/1702 1722/1801/1722 1723/1802/1723 1703/1781/1703
f 1703/1781/1703 1723/1802/1723 1724/1803/1724 1704/1782/1704
f 1704/1782/1704 1724/1803/1724 1725/1804/1725 1705/1783/1705
f 1705/1783/1705 1725/1804/1725 1726/1805/1726 1706/1784/1706
f 1706/1784/1706 1726/1805/1726 1727/1806/1727 1707/1785/1707
f 1707/1785/1707 1727/1806/1727 1728/1807/1728 1708/1786/1708
f 1708/1786/1708 1728/1807/1728 1709/1788/1709 1689/1767/1689
f 1709/1788/1709 1729/1809/1729 1730/1808/1730 1710/1787/1710
f 1710/1787/1710 1730/1808/1730 1731/1810/1731 1711/1789/1711
f 1711/1789/1711 1731/1810/1731 1732/1811/1732 1712/1790/1712
f 1712/1790/1712 1732/1811/1732 1733/1812/1733 1713/1791/1713
f 1713/1791/1713 1733/1812/1733 1734/1813/1734 1714/1792/1714
f 1714/1792/1714 1734/1813/1734 1735/1814/1735 1715/1793/1715
f 1715/1793/1715 1735/1814/1735 1736/1815/1736 1716/1794/1716
f 1716/1794/1716 1736/1815/1736 1737/1816/1737 1717/1795/1717
f 1717/1795/1717 1737/1816/1737 1738/1817/1738 1718/1796/1718
f 1718/1796/1718 1738/1817/1738 1739/1818/1739 1719/1797/1719
f 1719/1797/1719 1739/1818/1739 1740/1819/1740 1720/1798/1720
f 1720/1800/1720 1740/1821/1740 1741/1820/1741 1721/1799/1721
f 1721/1799/1721 1741/1820/1741 1742/1822/1742 1722/1801/1722
f 1722/1801/1722 1742/1822/1742 1743/1823/1743 1723/1802/1723
f 1723/1802/1723 1743/1823/1743 1744/1824/1744 1724/1803/1724
f 1724/1803/1724 1744/1824/1744 1745/1825/1745 1725/1804/1725
f 1725/1804/1725 1745/1825/1745 1746/1826/1746 1726/1805/1726
f 1726/1805/1726 1746/1826/1746 1747/1827/1747 1727/1806/1727
f 1727/1806/1727 1747/1827/1747 1748/1828/1748 1728/1807/1728
f 1728/1807/1728 1748/1828/1748 1729/1809/1729 1709/1788/1709
f 1729/1809/1729 1749/1830/1749 1750/1829/1750 1730/1808/1730
f 1730/1808/1730 1750/1829/1750 1751/1831/1751 1731/1810/1731
f 1731/1810/1731 1751/1831/1751 1752/1832/1752 1732/1811/1732
f 1732/1811/1732 1752/1832/1752 1753/1833/1753 1733/1812/1733
f 1733/1812/1733 1753/1833/1753 1754/1834/1754 1734/1813/1734
f 1734/1813/1734 1754/1834/1754 1755/1835/1755 1735/1814/1735
f 1735/1814/1735 1755/1835/1755 1756/1836/1756 1736/1815/1736
f 1736/1815/1736 1756/1836/1756 1757/1837/1757 1737/1816/1737
f 1737/1816/1737 1757/1837/1757 1758/1838/1758 1738/1817/1738
f 1738/1817/1738 1758/1838/1758 1759/1839/1759 1739/1818/1739
f 1739/1818/1739 1759/1839/1759 1760/1840/1760 1740/1819/1740
f 1740/1821/1740 1760/1842/1760 1761/1841/1761 1741/1820/1741
f 1741/1820/1741 1761/1841/1761 1762/1843/1762 1742/1822/1742
f 1742/1822/1742 1762/1843/1762 1763/1844/1763 1743/1823/1743
f 1743/1823/1743 1763/1844/1763 1764/1845/1764 1744/1824/1744
f 1744/1824/1744 1764/1845/1764 1765/1846/1765 1745/1825/1745
f 1745/1825/1745 1765/1846/1765 1766/1847/1766 1746/1826/1746
f 1746/1826/1746 1766/1847/1766 1767/1848/1767 1747/1827/1747
f 1747/1827/1747 1767/1848/1767 1768/1849/1768 1748/1828/1748
f 1748/1828/1748 1768/1849/1768 1749/1830/1749 1729/1809/1729
f 1749/1830/1749 1769/1851/1769 1770/1850/1770 1750/1829/1750
f 1750/1829/1750 1770/1850/1770 1771/1852/1771 1751/1831/1751
f 1751/1831/1751 1771/1852/1771 1772/1853/1772 1752/1832/1752
f 1752/1832/1752 1772/1853/1772 1773/1854/1773 1753/1833/1753
f 1753/1833/1753 1773/1854/1773 1774/1855/1774 1754/1834/1754
f 1754/1834/1754 1774/1855/1774 1775/1856/1775 1755/1835/1755
f 1755/1835/1755 1775/1856/1775 1776/1857/1776 1756/1836/1756
f 1756/1836/1756 1776/1857/1776 1777/1858/1777 1757/1837/1757
f 1757/1837/1757 1777/1858/1777 1778/1859/1778 1758/1838/1758
f 1758/1838/1758 1778/1859/1778 1779/1860/1779 1759/1839/1759
f 1759/1839/1759 1779/1860/1779 1780/1861/1780 1760/1840/1760
f 1760/1842/1760 1780/1863/1780 1781/1862/1781 1761/1841/1761
f 1761/1841/1761 1781/1862/1781 1782/1864/1782 1762/1843/1762
f 1762/1843/1762 1782/1864/1782 1783/1865/1783 1763/1844/1763
f 1763/1844/1763 1783/1865/1783 1784/1866/1784 1764/1845/1764
f 1764/1845/1764 1784/1866/1784 1785/1867/1785 1765/1846/1765
f 1765/1846/1765 1785/1867/1785 1786/1868/1786 1766/1847/1766
f 1766/1847/1766 1786/1868/1786 1787/1869/1787 1767/1848/1767
f 1767/1848/1767 1787/1869/1787 1788/1870/1788 1768/1849/1768
f 1768/1849/1768 1788/1870/1788 1769/1851/1769 1749/1830/1749
f 1769/1851/1769 1789/1872/1789 1790/1871/1790 1770/1850/1770
f 1770/1850/1770 1790/1874/1790 1791/1873/1791 1771/1852/1771
f 1771/1852/1771 1791/1873/1791 1792/1875/1792 1772/1853/1772
f 1772/1853/1772 1792/1875/1792 1793/1876/1793 1773/1854/1773
f 1773/1854/1773 1793/1876/1793 1794/1877/1794 1774/1855/1774
f 1774/1855/1774 1794/1877/1794 1795/1878/1795 1775/1856/1775
f 1775/1856/1775 1795/1878/1795 1796/1879/1796 1776/1857/1776
f 1776/1857/1776 1796/1879/1796 1797/1880/1797 1777/1858/1777
f 1777/1858/1777 1797/1880/1797 1798/1881/1798 1778/1859/1778
f 1778/1859/1778 1798/1881/1798 1799/1882/1799 1779/1860/1779
f 1779/1860/1779 1799/1882/1799 1800/1883/1800 1780/1861/1780
f 1780/1863/1780 1800/1885/1800 1801/1884/1801 1781/1862/1781
f 1781/1862/1781 1801/1884/1801 1802/1886/1802 1782/1864/1782
f 1782/1864/1782 1802/1886/1802 1803/1887/1803 1783/1865/1783
f 1783/1865/1783 1803/1887/1803 1804/1888/1804 1784/1866/1784
f 1784/1866/1784 1804/1888/1804 1805/1889/1805 1785/1867/1785
f 1785/1867/1785 1805/1889/1805 1806/1890/1806 1786/1868/1786
f 1786/1868/1786 1806/1890/1806 1807/1891/1807 1787/1869/1787
f 1787/1869/1787 1807/1891/1807 1808/1892/1808 1788/1870/1788
f 1788/1870/1788 1808/1892/1808 1789/1872/1789 1769/1851/1769
f 1789/1872/1789 1809/1894/1809 1810/1893/1810 1790/1871/1790
f 1790/1874/1790 1810/1896/1810 1811/1895/1811 1791/1873/1791
f 1791/1873/1791 1811/1895/1811 1812/1897/1812 1792/1875/1792
f 1792/1875/1792 1812/1897/1812 1813/1898/1813 1793/1876/1793
f 1793/1876/1793 1813/1898/1813 1814/1899/1814 1794/1877/1794
f 1794/1877/1794 1814/1899/1814 1815/1900/1815 1795/1878/1795
f 1795/1878/1795 1815/1900/1815 1816/1901/1816 1796/1879/1796
f 1796/1879/1796 1816/1901/1816 1817/1902/1817 1797/1880/1797
f 1797/1880/1797 1817/1902/1817 1818/1903/1818 1798/1881/1798
f 1798/1881/1798 1818/1903/1818 1819/1904/1819 1799/1882/1799
f 1799/1882/1799 1819/1904/1819 1820/1905/1820 1800/1883/1800
f 1800/1885/1800 1820/1907/1820 1821/1906/1821 1801/1884/1801
f 1801/1884/1801 1821/1906/1821 1822/1908/1822 1802/1886/1802
f 1802/1886/1802 1822/1908/1822 1823/1909/1823 1803/1887/1803
f 1803/1887/1803 1823/1909/1823 1824/1910/1824 1804/1888/1804
f 1804/1888/1804 1824/1910/1824 1825/1911/1825 1805/1889/1805
f 1805/1889/1805 1825/1911/1825 1826/1912/1826 1806/1890/1806
f 1806/1890/1806 1826/1912/1826 1827/1913/1827 1807/1891/1807
f 1807/1891/1807 1827/1913/1827 1828/1914/1828 1808/1892/1808
f 1808/1892/1808 1828/1914/1828 1809/1894/1809 1789/1872/1789
f 1809/1894/1809 1829/1916/1829 1830/1915/1830 1810/1893/1810
f 1810/1896/1810 1830/1918/1830 1831/1917/1831 1811/1895/1811
f 1811/1895/1811 1831/1917/1831 1832/1919/1832 1812/1897/1812
f 1812/1897/1812 1832/1919/1832 1833/1920/1833 1813/1898/1813
f 1813/1898/1813 1833/1920/1833 1834/1921/1834 1814/1899/1814
f 1814/1899/1814 1834/1921/1834 1835/1922/1835 1815/1900/1815
f 1815/1900/1815 1835/1922/1835 1836/1923/1836 1816/1901/1816
f 1816/1901/1816 1836/1923/1836 1837/1924/1837 1817/1902/1817
f 1817/1902/1817 1837/1924/1837 1838/1925/1838 1818/1903/1818
f 1818/1903/1818 1838/1925/1838 1839/1926/1839 1819/1904/1819
f 1819/1904/1819 1839/1926/1839 1840/1927/1840 1820/1905/1820
f 1820/1907/1820 1840/1929/1840 1841/1928/1841 1821/1906/1821
f 1821/1906/1821 1841/1928/1841 1842/1930/1842 1822/1908/1822
f 1822/1908/1822 1842/1930/1842 1843/1931/1843 1823/1909/1823
f 1823/1909/1823 1843/1931/1843 1844/1932/1844 1824/1910/1824
f 1824/1910/1824 1844/1932/1844 1845/1933/1845 1825/1911/1825
f 1825/1911/1825 1845/1933/1845 1846/1934/1846 1826/1912/1826
f 1826/1912/1826 1846/1934/1846 1847/1935/1847 1827/1913/1827
f 1827/1913/1827 1847/1935/1847 1848/1936/1848 1828/1914/1828
f 1828/1914/1828 1848/1936/1848 1829/1916/1829 1809/1894/1809
f 1829/1916/1829 1849/1938/1849 1850/1937/1850 1830/1915/1830
f 1830/1918/1830 1850/1940/1850 1851/1939/1851 1831/1917/1831
f 1831/1917/1831 1851/1939/1851 1852/1941/1852 1832/1919/1832
f 1832/1919/1832 1852/1941/1852 1853/1942/1853 1833/1920/1833
f 1833/1920/1833 1853/1942/1853 1854/1943/1854 1834/1921/1834
f 1834/1921/1834 1854/1943/1854 1855/1944/1855 1835/1922/1835
f 1835/1922/1835 1855/1944/1855 1856/1945/1856 1836/1923/1836
f 1836/1923/1836 1856/1945/1856 1857/1946/1857 1837/1924/1837
f 1837/1924/1837 1857/1946/1857 1858/1947/1858 1838/1925/1838
f 1838/1925/1838 1858/1947/1858 1859/1948/1859 1839/1926/1839
f 1839/1926/1839 1859/1948/1859 1860/1949/1860 1840/1927/1840
f 1840/1929/1840 1860/1951/1860 1861/1950/1861 1841/1928/1841
f 1841/1928/1841 1861/1950/1861 1862/1952/1862 1842/1930/1842
f 1842/1930/1842 1862/1952/1862 1863/1953/1863 1843/1931/1843
f 1843/1931/1843 1863/1953/1863 1864/1954/1864 1844/1932/1844
f 1844/1932/1844 1864/1954/1864 1865/1955/1865 1845/1933/1845
f 1845/1933/1845 1865/1955/1865 1866/1956/1866 1846/1934/1846
f 1846/1934/1846 1866/1956/1866 1867/1957/1867 1847/1935/1847
f 1847/1935/1847 1867/1957/1867 1868/1958/1868 1848/1936/1848
f 1848/1936/1848 1868/1958/1868 1849/1938/1849 1829/1916/1829
f 1849/1938/1849 1869/1960/1869 1870/1959/1870 1850/1937/1850
f 1850/1940/1850 1870/1962/1870 1871/1961/1871 1851/1939/1851
f 1851/1939/1851 1871/1961/1871 1872/1963/1872 1852/1941/1852
f 1852/1941/1852 1872/1963/1872 1873/1964/1873 1853/1942/1853
f 1853/1942/1853 1873/1964/1873 1874/1965/1874 1854/1943/1854
f 1854/1943/1854 1874/1965/1874 1875/1966/1875 1855/1944/1855
f 1855/1944/1855 1875/1966/1875 1876/1967/1876 1856/1945/1856
f 1856/1945/1856 1876/1967/1876 1877/1968/1877 1857/1946/1857
f 1857/1946/1857 1877/1968/1877 1878/1969/1878 1858/1947/1858
f 1858/1947/1858 1878/1969/1878 1879/1970/1879 1859/1948/1859
f 1859/1948/1859 1879/1970/1879 1880/1971/1880 1860/1949/1860
f 1860/1951/1860 1880/1973/1880 1881/1972/1881 1861/1950/1861
f 1861/1950/1861 1881/1972/1881 1882/1974/1882 1862/1952/1862
f 1862/1952/1862 1882/1974/1882 1883/1975/1883 1863/1953/1863
f 1863/1953/1863 1883/1975/1883 1884/1976/1884 1864/1954/1864
f 1864/1954/1864 1884/1976/1884 1885/1977/1885 1865/1955/1865
f 1865/1955/1865 1885/1977/1885 1886/1978/1886 1866/1956/1866
f 1866/1956/1866 1886/1978/1886 1887/1979/1887 1867/1957/1867
f 1867/1957/1867 1887/1979/1887 1888/1980/1888 1868/1958/1868
f 1868/1958/1868 1888/1980/1888 1869/1960/1869 1849/1938/1849
f 1869/1960/1869 1889/1982/1889 1890/1981/1890 1870/1959/1870
f 1870/1962/1870 1890/1984/1890 1891/1983/1891 1871/1961/1871
f 1871/1961/1871 1891/1983/1891 1892/1985/1892 1872/1963/1872
f 1872/1963/1872 1892/1985/1892 1893/1986/1893 1873/1964/1873
f 1873/1964/1873 1893/1986/1893 1894/1987/1894 1874/1965/1874
f 1874/1965/1874 1894/1987/1894 1895/1988/1895 1875/1966/1875
f 1875/1966/1875 1895/1988/1895 1896/1989/1896 1876/1967/1876
f 1876/1967/1876 1896/1989/1896 1897/1990/1897 1877/1968/1877
f 1877/1968/1877 1897/1990/1897 1898/1991/1898 1878/1969/1878
f 1878/1969/1878 1898/1991/1898 1899/1992/1899 1879/1970/1879
f 1879/1970/1879 1899/1992/1899 1900/1993/1900 1880/1971/1880
f 1880/1973/1880 1900/1995/1900 1901/1994/1901 1881/1972/1881
f 1881/1972/1881 1901/1994/1901 1902/1996/1902 1882/1974/1882
f 1882/1974/1882 1902/1996/1902 1903/1997/1903 1883/1975/1883
f 1883/1975/1883 1903/1997/1903 1904/1998/1904 1884/1976/1884
f 1884/1976/1884 1904/1998/1904 1905/1999/1905 1885/1977/1885
f 1885/1977/1885 1905/1999/1905 1906/2000/1906 1886/1978/1886
f 1886/1978/1886 1906/2000/1906 1907/2001/1907 1887/1979/1887
f 1887/1979/1887 1907/2001/1907 1908/2002/1908 1888/1980/1888
f 1888/1980/1888 1908/2002/1908 1889/1982/1889 1869/1960/1869
f 1530/1606/1532 1909/2003/1909 1529/1605/1529
f 1531/1609/1534 1909/2003/1909 1530/1606/1532
f 1532/1611/1536 1909/2003/1909 1531/1609/1534
f 1533/1613/1538 1909/2003/1909 1532/1611/1536
f 1534/1615/1540 1909/2003/1909 1533/1613/1538
f 1535/1617/1542 1909/2003/1909 1534/1615/1540
f 1536/1619/1544 1909/2003/1909 1535/1617/1542
f 1537/1621/1546 1909/2003/1909 1536/1619/1544
f 1538/1623/1548 1909/2003/1909 1537/1621/1546
f 1539/1625/1550 1909/2003/1909 1538/1623/1548
f 1540/1627/1552 1909/2003/1909 1539/1625/1550
f 1541/1629/1554 1909/2003/1909 1540/1627/1552
f 1542/1631/1556 1909/2003/1909 1541/1629/1554
f 1543/1633/1558 1909/2003/1909 1542/1631/1556
f 1544/1635/1560 1909/2003/1909 1543/1633/1558
f 1545/1637/1562 1909/2003/1909 1544/1635/1560
f 1546/1639/1564 1909/2003/1909 1545/1637/1562
f 1547/1641/1566 1909/2003/1909 1546/1639/1564
f 1548/1643/1568 1909/2003/1909 1547/1641/1566
f 1529/1605/1529 1909/2003/1909 1548/1643/1568
f 1889/1982/1889 1910/2004/1910 1890/1981/1890
f 1890/1984/1890 1910/2005/1910 1891/1983/1891
f 1891/1983/1891 1910/2005/1910 1892/1985/1892
f 1892/1985/1892 1910/2005/1910 1893/1986/1893
f 1893/1986/1893 1910/2005/1910 1894/1987/1894
f 1894/1987/1894 1910/2005/1910 1895/1988/1895
f 1895/1988/1895 1910/2005/1910 1896/1989/1896
f 1896/1989/1896 1910/2005/1910 1897/1990/1897
f 1897/1990/1897 1910/2005/1910 1898/1991/1898
f 1898/1991/1898 1910/2005/1910 1899/1992/1899
f 1899/1992/1899 1910/2005/1910 1900/1993/1900
f 1900/1995/1900 1910/2004/1910 1901/1994/1901
f 1901/1994/1901 1910/2004/1910 1902/1996/1902
f 1902/1996/1902 1910/2004/1910 1903/1997/1903
f 1903/1997/1903 1910/2004/1910 1904/1998/1904
f 1904/1998/1904 1910/2004/1910 1905/1999/1905
f 1905/1999/1905 1910/2004/1910 1906/2000/1906
f 1906/2000/1906 1910/2004/1910 1907/2001/1907
f 1907/2001/1907 1910/2004/1910 1908/2002/1908
f 1908/2002/1908 1910/2004/1910 1889/1982/1889
s 6
f 1911/2006/1911 1931/2009/1912 1932/2008/1913 1912/2007/1914
f 1912/2007/1914 1932/2008/1913 1933/2011/1915 1913/2010/1916
f 1913/2012/1916 1933/2015/1915 1934/2014/1917 1914/2013/1918
f 1914/2013/1918 1934/2014/1917 1935/2017/1919 1915/2016/1920
f 1915/2016/1920 1935/2017/1919 1936/2019/1921 1916/2018/1922
f 1916/2018/1922 1936/2019/1921 1937/2021/1923 1917/2020/1924
f 1917/2020/1924 1937/2021/1923 1938/2023/1925 1918/2022/1926
f 1918/2022/1926 1938/2023/1925 1939/2025/1927 1919/2024/1928
f 1919/2024/1928 1939/2025/1927 1940/2027/1929 1920/2026/1930
f 1920/2026/1930 1940/2027/1929 1941/2029/1931 1921/2028/1932
f 1921/2028/1932 1941/2029/1931 1942/2031/1933 1922/2030/1934
f 1922/2032/1934 1942/2035/1933 1943/2034/1935 1923/2033/1936
f 1923/2033/1936 1943/2034/1935 1944/2037/1937 1924/2036/1938
f 1924/2036/1938 1944/2037/1937 1945/2039/1939 1925/2038/1940
f 1925/2038/1940 1945/2039/1939 1946/2041/1941 1926/2040/1942
f 1926/2040/1942 1946/2041/1941 1947/2043/1943 1927/2042/1944
f 1927/2042/1944 1947/2043/1943 1948/2045/1945 1928/2044/1946
f 1928/2044/1946 1948/2045/1945 1949/2047/1947 1929/2046/1948
f 1929/2046/1948 1949/2047/1947 1950/2049/1949 1930/2048/1950
f 1930/2048/1950 1950/2049/1949 1931/2009/1912 1911/2006/1911
f 1931/2009/1912 1951/2051/1951 1952/2050/1952 1932/2008/1913
f 1932/2008/1913 1952/2050/1952 1953/2052/1953 1933/2011/1915
f 1933/2015/1915 1953/2054/1953 1954/2053/1954 1934/2014/1917
f 1934/2014/1917 1954/2053/1954 1955/2055/1955 1935/2017/1919
f 1935/2017/1919 1955/2055/1955 1956/2056/1956 1936/2019/1921
f 1936/2019/1921 1956/2056/1956 1957/2057/1957 1937/2021/1923
f 1937/2021/1923 1957/2057/1957 1958/2058/1958 1938/2023/1925
f 1938/2023/1925 1958/2058/1958 1959/2059/1959 1939/2025/1927
f 1939/2025/1927 1959/2059/1959 1960/2060/1960 1940/2027/1929
f 1940/2027/1929 1960/2060/1960 1961/2061/1961 1941/2029/1931
f 1941/2029/1931 1961/2061/1961 1962/2062/1962 1942/2031/1933
f 1942/2035/1933 1962/2064/1962 1963/2063/1963 1943/2034/1935
f 1943/2034/1935 1963/2063/1963 1964/2065/1964 1944/2037/1937
f 1944/2037/1937 1964/2065/1964 1965/2066/1965 1945/2039/1939
f 1945/2039/1939 1965/2066/1965 1966/2067/1966 1946/2041/1941
f 1946/2041/1941 1966/2067/1966 1967/2068/1967 1947/2043/1943
f 1947/2043/1943 1967/2068/1967 1968/2069/1968 1948/2045/1945
f 1948/2045/1945 1968/2069/1968 1969/2070/1969 1949/2047/1947
f 1949/2047/1947 1969/2070/1969 1970/2071/1970 1950/2049/1949
f 1950/2049/1949 1970/2071/1970 1951/2051/1951 1931/2009/1912
f 1951/2051/1951 1971/2073/1971 1972/2072/1972 1952/2050/1952
f 1952/2050/1952 1972/2072/1972 1973/2074/1973 1953/2052/1953
f 1953/2054/1953 1973/2076/1973 1974/2075/1974 1954/2053/1954
f 1954/2053/1954 1974/2075/1974 1975/2077/1975 1955/2055/1955
f 1955/2055/1955 1975/2077/1975 1976/2078/1976 1956/2056/1956
f 1956/2056/1956 1976/2078/1976 1977/2079/1977 1957/2057/1957
f 1957/2057/1957 1977/2079/1977 1978/2080/1978 1958/2058/1958
f 1958/2058/1958 1978/2080/1978 1979/2081/1979 1959/2059/1959
f 1959/2059/1959 1979/2081/1979 1980/2082/1980 1960/2060/1960
f 1960/2060/1960 1980/2082/1980 1981/2083/1981 1961/2061/1961
f 1961/2061/1961 1981/2083/1981 1982/2084/1982 1962/2062/1962
f 1962/2064/1962 1982/2086/1982 1983/2085/1983 1963/2063/1963
f 1963/2063/1963 1983/2085/1983 1984/2087/1984 1964/2065/1964
f 1964/2065/1964 1984/2087/1984 1985/2088/1985 1965/2066/1965
f 1965/2066/1965 1985/2088/1985 1986/2089/1986 1966/2067/1966
f 1966/2067/1966 1986/2089/1986 1987/2090/1987 1967/2068/1967
f 1967/2068/1967 1987/2090/1987 1988/2091/1988 1968/2069/1968
f 1968/2069/1968 1988/2091/1988 1989/2092/1989 1969/2070/1969
f 1969/2070/1969 1989/2092/1989 1990/2093/1990 1970/2071/1970
f 1970/2071/1970 1990/2093/1990 1971/2073/1971 1951/2051/1951
f 1971/2073/1971 1991/2095/1991 1992/2094/1992 1972/2072/1972
f 1972/2072/1972 1992/2094/1992 1993/2096/1993 1973/2074/1973
f 1973/2076/1973 1993/2098/1993 1994/2097/1994 1974/2075/1974
f 1974/2075/1974 1994/2097/1994 1995/2099/1995 1975/2077/1975
f 1975/2077/1975 1995/2099/1995 1996/2100/1996 1976/2078/1976
f 1976/2078/1976 1996/2100/1996 1997/2101/1997 1977/2079/1977
f 1977/2079/1977 1997/2101/1997 1998/2102/1998 1978/2080/1978
f 1978/2080/1978 1998/2102/1998 1999/2103/1999 1979/2081/1979
f 1979/2081/1979 1999/2103/1999 2000/2104/2000 1980/2082/1980
f 1980/2082/1980 2000/2104/2000 2001/2105/2001 1981/2083/1981
f 1981/2083/1981 2001/2105/2001 2002/2106/2002 1982/2084/1982
f 1982/2086/1982 2002/2108/2002 2003/2107/2003 1983/2085/1983
f 1983/2085/1983 2003/2107/2003 2004/2109/2004 1984/2087/1984
f 1984/2087/1984 2004/2109/2004 2005/2110/2005 1985/2088/1985
f 1985/2088/1985 2005/2110/2005 2006/2111/2006 1986/2089/1986
f 1986/2089/1986 2006/2111/2006 2007/2112/2007 1987/2090/1987
f 1987/2090/1987 2007/2112/2007 2008/2113/2008 1988/2091/1988
f 1988/2091/1988 2008/2113/2008 2009/2114/2009 1989/2092/1989
f 1989/2092/1989 2009/2114/2009 2010/2115/2010 1990/2093/1990
f 1990/2093/1990 2010/2115/2010 1991/2095/1991 1971/2073/1971
f 1991/2095/1991 2011/2117/2011 2012/2116/2012 1992/2094/1992
f 1992/2094/1992 2012/2116/2012 2013/2118/2013 1993/2096/1993
f 1993/2098/1993 2013/2120/2013 2014/2119/2014 1994/2097/1994
f 1994/2097/1994 2014/2119/2014 2015/2121/2015 1995/2099/1995
f 1995/2099/1995 2015/2121/2015 2016/2122/2016 1996/2100/1996
f 1996/2100/1996 2016/2122/2016 2017/2123/2017 1997/2101/1997
f 1997/2101/1997 2017/2123/2017 2018/2124/2018 1998/2102/1998
f 1998/2102/1998 2018/2124/2018 2019/2125/2019 1999/2103/1999
f 1999/2103/1999 2019/2125/2019 2020/2126/2020 2000/2104/2000
f 2000/2104/2000 2020/2126/2020 2021/2127/2021 2001/2105/2001
f 2001/2105/2001 2021/2127/2021 2022/2128/2022 2002/2106/2002
f 2002/2108/2002 2022/2130/2022 2023/2129/2023 2003/2107/2003
f 2003/2107/2003 2023/2129/2023 2024/2131/2024 2004/2109/2004
f 2004/2109/2004 2024/2131/2024 2025/2132/2025 2005/2110/2005
f 2005/2110/2005 2025/2132/2025 2026/2133/2026 2006/2111/2006
f 2006/2111/2006 2026/2133/2026 2027/2134/2027 2007/2112/2007
f 2007/2112/2007 2027/2134/2027 2028/2135/2028 2008/2113/2008
f 2008/2113/2008 2028/2135/2028 2029/2136/2029 2009/2114/2009
f 2009/2114/2009 2029/2136/2029 2030/2137/2030 2010/2115/2010
f 2010/2115/2010 2030/2137/2030 2011/2117/2011 1991/2095/1991
f 2011/2117/2011 2031/2139/2031 2032/2138/2032 2012/2116/2012
f 2012/2116/2012 2032/2138/2032 2033/2140/2033 2013/2118/2013
f 2013/2120/2013 2033/2142/2033 2034/2141/2034 2014/2119/2014
f 2014/2119/2014 2034/2141/2034 2035/2143/2035 2015/2121/2015
f 2015/2121/2015 2035/2143/2035 2036/2144/2036 2016/2122/2016
f 2016/2122/2016 2036/2144/2036 2037/2145/2037 2017/2123/2017
f 2017/2123/2017 2037/2145/2037 2038/2146/2038 2018/2124/2018
f 2018/2124/2018 2038/2146/2038 2039/2147/2039 2019/2125/2019
f 2019/2125/2019 2039/2147/2039 2040/2148/2040 2020/2126/2020
f 2020/2126/2020 2040/2148/2040 2041/2149/2041 2021/2127/2021
f 2021/2127/2021 2041/2149/2041 2042/2150/2042 2022/2128/2022
f 2022/2130/2022 2042/2150/2042 2043/2151/2043 2023/2129/2023
f 2023/2129/2023 2043/2151/2043 2044/2152/2044 2024/2131/2024
f 2024/2131/2024 2044/2152/2044 2045/2153/2045 2025/2132/2025
f 2025/2132/2025 2045/2153/2045 2046/2154/2046 2026/2133/2026
f 2026/2133/2026 2046/2154/2046 2047/2155/2047 2027/2134/2027
f 2027/2134/2027 2047/2155/2047 2048/2156/2048 2028/2135/2028
f 2028/2135/2028 2048/2156/2048 2049/2157/2049 2029/2136/2029
f 2029/2136/2029 2049/2157/2049 2050/2158/2050 2030/2137/2030
f 2030/2137/2030 2050/2158/2050 2031/2139/2031 2011/2117/2011
f 2031/2139/2031 2051/2160/2051 2052/2159/2052 2032/2138/2032
f 2032/2138/2032 2052/2159/2052 2053/2161/2053 2033/2140/2033
f 2033/2142/2033 2053/2163/2053 2054/2162/2054 2034/2141/2034
f 2034/2141/2034 2054/2162/2054 2055/2164/2055 2035/2143/2035
f 2035/2143/2035 2055/2164/2055 2056/2165/2056 2036/2144/2036
f 2036/2144/2036 2056/2165/2056 2057/2166/2057 2037/2145/2037
f 2037/2145/2037 2057/2166/2057 2058/2167/2058 2038/2146/2038
f 2038/2146/2038 2058/2167/2058 2059/2168/2059 2039/2147/2039
f 2039/2147/2039 2059/2168/2059 2060/2169/2060 2040/2148/2040
f 2040/2148/2040 2060/2169/2060 2061/2170/2061 2041/2149/2041
f 2041/2149/2041 2061/2170/2061 2062/2171/2062 2042/2150/2042
f 2042/2150/2042 2062/2171/2062 2063/2172/2063 2043/2151/2043
f 2043/2151/2043 2063/2172/2063 2064/2173/2064 2044/2152/2044
f 2044/2152/2044 2064/2173/2064 2065/2174/2065 2045/2153/2045
f 2045/2153/2045 2065/2174/2065 2066/2175/2066 2046/2154/2046
f 2046/2154/2046 2066/2175/2066 2067/2176/2067 2047/2155/2047
f 2047/2155/2047 2067/2176/2067 2068/2177/2068 2048/2156/2048
f 2048/2156/2048 2068/2177/2068 2069/2178/2069 2049/2157/2049
f 2049/2157/2049 2069/2178/2069 2070/2179/2070 2050/2158/2050
f 2050/2158/2050 2070/2179/2070 2051/2160/2051 2031/2139/2031
f 2051/2160/2051 2071/2181/2071 2072/2180/2072 2052/2159/2052
f 2052/2159/2052 2072/2180/2072 2073/2182/2073 2053/2161/2053
f 2053/2163/2053 2073/2184/2073 2074/2183/2074 2054/2162/2054
f 2054/2162/2054 2074/2183/2074 2075/2185/2075 2055/2164/2055
f 2055/2164/2055 2075/2185/2075 2076/2186/2076 2056/2165/2056
f 2056/2165/2056 2076/2186/2076 2077/2187/2077 2057/2166/2057
f 2057/2166/2057 2077/2187/2077 2078/2188/2078 2058/2167/2058
f 2058/2167/2058 2078/2188/2078 2079/2189/2079 2059/2168/2059
f 2059/2168/2059 2079/2189/2079 2080/2190/2080 2060/2169/2060
f 2060/2169/2060 2080/2190/2080 2081/2191/2081 2061/2170/2061
f 2061/2170/2061 2081/2191/2081 2082/2192/2082 2062/2171/2062
f 2062/2171/2062 2082/2192/2082 2083/2193/2083 2063/2172/2063
f 2063/2172/2063 2083/2193/2083 2084/2194/2084 2064/2173/2064
f 2064/2173/2064 2084/2194/2084 2085/2195/2085 2065/2174/2065
f 2065/2174/2065 2085/2195/2085 2086/2196/2086 2066/2175/2066
f 2066/2175/2066 2086/2196/2086 2087/2197/2087 2067/2176/2067
f 2067/2176/2067 2087/2197/2087 2088/2198/2088 2068/2177/2068
f 2068/2177/2068 2088/2198/2088 2089/2199/2089 2069/2178/2069
f 2069/2178/2069 2089/2199/2089 2090/2200/2090 2070/2179/2070
f 2070/2179/2070 2090/2200/2090 2071/2181/2071 2051/2160/2051
f 2071/2181/2071 2091/2202/2091 2092/2201/2092 2072/2180/2072
f 2072/2180/2072 2092/2201/2092 2093/2203/2093 2073/2182/2073
f 2073/2184/2073 2093/2205/2093 2094/2204/2094 2074/2183/2074
f 2074/2183/2074 2094/2204/2094 2095/2206/2095 2075/2185/2075
f 2075/2185/2075 2095/2206/2095 2096/2207/2096 2076/2186/2076
f 2076/2186/2076 2096/2207/2096 2097/2208/2097 2077/2187/2077
f 2077/2187/2077 2097/2208/2097 2098/2209/2098 2078/2188/2078
f 2078/2188/2078 2098/2209/2098 2099/2210/2099 2079/2189/2079
f 2079/2189/2079 2099/2210/2099 2100/2211/2100 2080/2190/2080
f 2080/2190/2080 2100/2211/2100 2101/2212/2101 2081/2191/2081
f 2081/2191/2081 2101/2212/2101 2102/2213/2102 2082/2192/2082
f 2082/2192/2082 2102/2213/2102 2103/2214/2103 2083/2193/2083
f 2083/2193/2083 2103/2214/2103 2104/2215/2104 2084/2194/2084
f 2084/2194/2084 2104/2215/2104 2105/2216/2105 2085/2195/2085
f 2085/2195/2085 2105/2216/2105 2106/2217/2106 2086/2196/2086
f 2086/2196/2086 2106/2217/2106 2107/2218/2107 2087/2197/2087
f 2087/2197/2087 2107/2218/2107 2108/2219/2108 2088/2198/2088
f 2088/2198/2088 2108/2219/2108 2109/2220/2109 2089/2199/2089
f 2089/2199/2089 2109/2220/2109 2110/2221/2110 2090/2200/2090
f 2090/2200/2090 2110/2221/2110 2091/2202/2091 2071/2181/2071
f 2091/2202/2091 2111/2223/2111 2112/2222/2112 2092/2201/2092
f 2092/2201/2092 2112/2222/2112 2113/2224/2113 2093/2203/2093
f 2093/2205/2093 2113/2226/2113 2114/2225/2114 2094/2204/2094
f 2094/2204/2094 2114/2225/2114 2115/2227/2115 2095/2206/2095
f 2095/2206/2095 2115/2227/2115 2116/2228/2116 2096/2207/2096
f 2096/2207/2096 2116/2228/2116 2117/2229/2117 2097/2208/2097
f 2097/2208/2097 2117/2229/2117 2118/2230/2118 2098/2209/2098
f 2098/2209/2098 2118/2230/2118 2119/2231/2119 2099/2210/2099
f 2099/2210/2099 2119/2231/2119 2120/2232/2120 2100/2211/2100
f 2100/2211/2100 2120/2232/2120 2121/2233/2121 2101/2212/2101
f 2101/2212/2101 2121/2233/2121 2122/2234/2122 2102/2213/2102
f 2102/2213/2102 2122/2234/2122 2123/2235/2123 2103/2214/2103
f 2103/2214/2103 2123/2235/2123 2124/2236/2124 2104/2215/2104
f 2104/2215/2104 2124/2236/2124 2125/2237/2125 2105/2216/2105
f 2105/2216/2105 2125/2237/2125 2126/2238/2126 2106/2217/2106
f 2106/2217/2106 2126/2238/2126 2127/2239/2127 2107/2218/2107
f 2107/2218/2107 2127/2239/2127 2128/2240/2128 2108/2219/2108
f 2108/2219/2108 2128/2240/2128 2129/2241/2129 2109/2220/2109
f 2109/2220/2109 2129/2241/2129 2130/2242/2130 2110/2221/2110
f 2110/2221/2110 2130/2242/2130 2111/2223/2111 2091/2202/2091
f 2111/2223/2111 2131/2244/2131 2132/2243/2132 2112/2222/2112
f 2112/2222/2112 2132/2243/2132 2133/2245/2133 2113/2224/2113
f 2113/2226/2113 2133/2247/2133 2134/2246/2134 2114/2225/2114
f 2114/2225/2114 2134/2246/2134 2135/2248/2135 2115/2227/2115
f 2115/2227/2115 2135/2248/2135 2136/2249/2136 2116/2228/2116
f 2116/2228/2116 2136/2249/2136 2137/2250/2137 2117/2229/2117
f 2117/2229/2117 2137/2250/2137 2138/2251/2138 2118/2230/2118
f 2118/2230/2118 2138/2251/2138 2139/2252/2139 2119/2231/2119
f 2119/2231/2119 2139/2252/2139 2140/2253/2140 2120/2232/2120
f 2120/2232/2120 2140/2253/2140 2141/2254/2141 2121/2233/2121
f 2121/2233/2121 2141/2254/2141 2142/2255/2142 2122/2234/2122
f 2122/2234/2122 2142/2255/2142 2143/2256/2143 2123/2235/2123
f 2123/2235/2123 2143/2256/2143 2144/2257/2144 2124/2236/2124
f 2124/2236/2124 2144/2257/2144 2145/2258/2145 2125/2237/2125
f 2125/2237/2125 2145/2258/2145 2146/2259/2146 2126/2238/2126
f 2126/2238/2126 2146/2259/2146 2147/2260/2147 2127/2239/2127
f 2127/2239/2127 2147/2260/2147 2148/2261/2148 2128/2240/2128
f 2128/2240/2128 2148/2261/2148 2149/2262/2149 2129/2241/2129
f 2129/2241/2129 2149/2262/2149 2150/2263/2150 2130/2242/2130
f 2130/2242/2130 2150/2263/2150 2131/2244/2131 2111/2223/2111
f 2131/2244/2131 2151/2265/2151 2152/2264/2152 2132/2243/2132
f 2132/2243/2132 2152/2264/2152 2153/2266/2153 2133/2245/2133
f 2133/2247/2133 2153/2266/2153 2154/2267/2154 2134/2246/2134
f 2134/2246/2134 2154/2267/2154 2155/2268/2155 2135/2248/2135
f 2135/2248/2135 2155/2268/2155 2156/2269/2156 2136/2249/2136
f 2136/2249/2136 2156/2269/2156 2157/2270/2157 2137/2250/2137
f 2137/2250/2137 2157/2270/2157 2158/2271/2158 2138/2251/2138
f 2138/2251/2138 2158/2271/2158 2159/2272/2159 2139/2252/2139
f 2139/2252/2139 2159/2272/2159 2160/2273/2160 2140/2253/2140
f 2140/2253/2140 2160/2273/2160 2161/2274/2161 2141/2254/2141
f 2141/2254/2141 2161/2274/2161 2162/2275/2162 2142/2255/2142
f 2142/2255/2142 2162/2275/2162 2163/2276/2163 2143/2256/2143
f 2143/2256/2143 2163/2276/2163 2164/2277/2164 2144/2257/2144
f 2144/2257/2144 2164/2277/2164 2165/2278/2165 2145/2258/2145
f 2145/2258/2145 2165/2278/2165 2166/2279/2166 2146/2259/2146
f 2146/2259/2146 2166/2279/2166 2167/2280/2167 2147/2260/2147
f 2147/2260/2147 2167/2280/2167 2168/2281/2168 2148/2261/2148
f 2148/2261/2148 2168/2281/2168 2169/2282/2169 2149/2262/2149
f 2149/2262/2149 2169/2282/2169 2170/2283/2170 2150/2263/2150
f 2150/2263/2150 2170/2283/2170 2151/2265/2151 2131/2244/2131
f 2151/2265/2151 2171/2285/2171 2172/2284/2172 2152/2264/2152
f 2152/2264/2152 2172/2284/2172 2173/2286/2173 2153/2266/2153
f 2153/2266/2153 2173/2286/2173 2174/2287/2174 2154/2267/2154
f 2154/2267/2154 2174/2287/2174 2175/2288/2175 2155/2268/2155
f 2155/2268/2155 2175/2288/2175 2176/2289/2176 2156/2269/2156
f 2156/2269/2156 2176/2289/2176 2177/2290/2177 2157/2270/2157
f 2157/2270/2157 2177/2290/2177 2178/2291/2178 2158/2271/2158
f 2158/2271/2158 2178/2291/2178 2179/2292/2179 2159/2272/2159
f 2159/2272/2159 2179/2292/2179 2180/2293/2180 2160/2273/2160
f 2160/2273/2160 2180/2293/2180 2181/2294/2181 2161/2274/2161
f 2161/2274/2161 2181/2294/2181 2182/2295/2182 2162/2275/2162
f 2162/2275/2162 2182/2295/2182 2183/2296/2183 2163/2276/2163
f 2163/2276/2163 2183/2296/2183 2184/2297/2184 2164/2277/2164
f 2164/2277/2164 2184/2297/2184 2185/2298/2185 2165/2278/2165
f 2165/2278/2165 2185/2298/2185 2186/2299/2186 2166/2279/2166
f 2166/2279/2166 2186/2299/2186 2187/2300/2187 2167/2280/2167
f 2167/2280/2167 2187/2300/2187 2188/2301/2188 2168/2281/2168
f 2168/2281/2168 2188/2301/2188 2189/2302/2189 2169/2282/2169
f 2169/2282/2169 2189/2302/2189 2190/2303/2190 2170/2283/2170
f 2170/2283/2170 2190/2303/2190 2171/2285/2171 2151/2265/2151
f 2171/2285/2171 2191/2305/2191 2192/2304/2192 2172/2284/2172
f 2172/2284/2172 2192/2304/2192 2193/2306/2193 2173/2286/2173
f 2173/2286/2173 2193/2306/2193 2194/2307/2194 2174/2287/2174
f 2174/2287/2174 2194/2307/2194 2195/2308/2195 2175/2288/2175
f 2175/2288/2175 2195/2308/2195 2196/2309/2196 2176/2289/2176
f 2176/2289/2176 2196/2309/2196 2197/2310/2197 2177/2290/2177
f 2177/2290/2177 2197/2310/2197 2198/2311/2198 2178/2291/2178
f 2178/2291/2178 2198/2311/2198 2199/2312/2199 2179/2292/2179
f 2179/2292/2179 2199/2312/2199 2200/2313/2200 2180/2293/2180
f 2180/2293/2180 2200/2313/2200 2201/2314/2201 2181/2294/2181
f 2181/2294/2181 2201/2314/2201 2202/2315/2202 2182/2295/2182
f 2182/2295/2182 2202/2315/2202 2203/2316/2203 2183/2296/2183
f 2183/2296/2183 2203/2316/2203 2204/2317/2204 2184/2297/2184
f 2184/2297/2184 2204/2317/2204 2205/2318/2205 2185/2298/2185
f 2185/2298/2185 2205/2318/2205 2206/2319/2206 2186/2299/2186
f 2186/2299/2186 2206/2319/2206 2207/2320/2207 2187/2300/2187
f 2187/2300/2187 2207/2320/2207 2208/2321/2208 2188/2301/2188
f 2188/2301/2188 2208/2321/2208 2209/2322/2209 2189/2302/2189
f 2189/2302/2189 2209/2322/2209 2210/2323/2210 2190/2303/2190
f 2190/2303/2190 2210/2323/2210 2191/2305/2191 2171/2285/2171
f 2191/2305/2191 2211/2325/2211 2212/2324/2212 2192/2304/2192
f 2192/2304/2192 2212/2324/2212 2213/2326/2213 2193/2306/2193
f 2193/2306/2193 2213/2326/2213 2214/2327/2214 2194/2307/2194
f 2194/2307/2194 2214/2327/2214 2215/2328/2215 2195/2308/2195
f 2195/2308/2195 2215/2328/2215 2216/2329/2216 2196/2309/2196
f 2196/2309/2196 2216/2329/2216 2217/2330/2217 2197/2310/2197
f 2197/2310/2197 2217/2330/2217 2218/2331/2218 2198/2311/2198
f 2198/2311/2198 2218/2331/2218 2219/2332/2219 2199/2312/2199
f 2199/2312/2199 2219/2332/2219 2220/2333/2220 2200/2313/2200
f 2200/2313/2200 2220/2333/2220 2221/2334/2221 2201/2314/2201
f 2201/2314/2201 2221/2334/2221 2222/2335/2222 2202/2315/2202
f 2202/2315/2202 2222/2335/2222 2223/2336/2223 2203/2316/2203
f 2203/2316/2203 2223/2336/2223 2224/2337/2224 2204/2317/2204
f 2204/2317/2204 2224/2337/2224 2225/2338/2225 2205/2318/2205
f 2205/2318/2205 2225/2338/2225 2226/2339/2226 2206/2319/2206
f 2206/2319/2206 2226/2339/2226 2227/2340/2227 2207/2320/2207
f 2207/2320/2207 2227/2340/2227 2228/2341/2228 2208/2321/2208
f 2208/2321/2208 2228/2341/2228 2229/2342/2229 2209/2322/2209
f 2209/2322/2209 2229/2342/2229 2230/2343/2230 2210/2323/2210
f 2210/2323/2210 2230/2343/2230 2211/2325/2211 2191/2305/2191
f 2211/2325/2211 2231/2345/2231 2232/2344/2232 2212/2324/2212
f 2212/2324/2212 2232/2344/2232 2233/2346/2233 2213/2326/2213
f 2213/2326/2213 2233/2346/2233 2234/2347/2234 2214/2327/2214
f 2214/2327/2214 2234/2347/2234 2235/2348/2235 2215/2328/2215
f 2215/2328/2215 2235/2348/2235 2236/2349/2236 2216/2329/2216
f 2216/2329/2216 2236/2349/2236 2237/2350/2237 2217/2330/2217
f 2217/2330/2217 2237/2350/2237 2238/2351/2238 2218/2331/2218
f 2218/2331/2218 2238/2351/2238 2239/2352/2239 2219/2332/2219
f 2219/2332/2219 2239/2352/2239 2240/2353/2240 2220/2333/2220
f 2220/2333/2220 2240/2353/2240 2241/2354/2241 2221/2334/2221
f 2221/2334/2221 2241/2354/2241 2242/2355/2242 2222/2335/2222
f 2222/2335/2222 2242/2355/2242 2243/2356/2243 2223/2336/2223
f 2223/2336/2223 2243/2356/2243 2244/2357/2244 2224/2337/2224
f 2224/2337/2224 2244/2357/2244 2245/2358/2245 2225/2338/2225
f 2225/2338/2225 2245/2358/2245 2246/2359/2246 2226/2339/2226
f 2226/2339/2226 2246/2359/2246 2247/2360/2247 2227/2340/2227
f 2227/2340/2227 2247/2360/2247 2248/2361/2248 2228/2341/2228
f 2228/2341/2228 2248/2361/2248 2249/2362/2249 2229/2342/2229
f 2229/2342/2229 2249/2362/2249 2250/2363/2250 2230/2343/2230
f 2230/2343/2230 2250/2363/2250 2231/2345/2231 2211/2325/2211
f 2231/2345/2231 2251/2365/2251 2252/2364/2252 2232/2344/2232
f 2232/2344/2232 2252/2364/2252 2253/2366/2253 2233/2346/2233
f 2233/2346/2233 2253/2366/2253 2254/2367/2254 2234/2347/2234
f 2234/2347/2234 2254/2367/2254 2255/2368/2255 2235/2348/2235
f 2235/2348/2235 2255/2368/2255 2256/2369/2256 2236/2349/2236
f 2236/2349/2236 2256/2369/2256 2257/2370/2257 2237/2350/2237
f 2237/2350/2237 2257/2370/2257 2258/2371/2258 2238/2351/2238
f 2238/2351/2238 2258/2371/2258 2259/2372/2259 2239/2352/2239
f 2239/2352/2239 2259/2372/2259 2260/2373/2260 2240/2353/2240
f 2240/2353/2240 2260/2373/2260 2261/2374/2261 2241/2354/2241
f 2241/2354/2241 2261/2374/2261 2262/2375/2262 2242/2355/2242
f 2242/2355/2242 2262/2375/2262 2263/2376/2263 2243/2356/2243
f 2243/2356/2243 2263/2376/2263 2264/2377/2264 2244/2357/2244
f 2244/2357/2244 2264/2377/2264 2265/2378/2265 2245/2358/2245
f 2245/2358/2245 2265/2378/2265 2266/2379/2266 2246/2359/2246
f 2246/2359/2246 2266/2379/2266 2267/2380/2267 2247/2360/2247
f 2247/2360/2247 2267/2380/2267 2268/2381/2268 2248/2361/2248
f 2248/2361/2248 2268/2381/2268 2269/2382/2269 2249/2362/2249
f 2249/2362/2249 2269/2382/2269 2270/2383/2270 2250/2363/2250
f 2250/2363/2250 2270/2383/2270 2251/2365/2251 2231/2345/2231
f 2251/2365/2251 2271/2385/2271 2272/2384/2272 2252/2364/2252
f 2252/2364/2252 2272/2384/2272 2273/2386/2273 2253/2366/2253
f 2253/2366/2253 2273/2386/2273 2274/2387/2274 2254/2367/2254
f 2254/2367/2254 2274/2387/2274 2275/2388/2275 2255/2368/2255
f 2255/2368/2255 2275/2388/2275 2276/2389/2276 2256/2369/2256
f 2256/2369/2256 2276/2389/2276 2277/2390/2277 2257/2370/2257
f 2257/2370/2257 2277/2390/2277 2278/2391/2278 2258/2371/2258
f 2258/2371/2258 2278/2391/2278 2279/2392/2279 2259/2372/2259
f 2259/2372/2259 2279/2392/2279 2280/2393/2280 2260/2373/2260
f 2260/2373/2260 2280/2393/2280 2281/2394/2281 2261/2374/2261
f 2261/2374/2261 2281/2394/2281 2282/2395/2282 2262/2375/2262
f 2262/2375/2262 2282/2395/2282 2283/2396/2283 2263/2376/2263
f 2263/2376/2263 2283/2396/2283 2284/2397/2284 2264/2377/2264
f 2264/2377/2264 2284/2397/2284 2285/2398/2285 2265/2378/2265
f 2265/2378/2265 2285/2398/2285 2286/2399/2286 2266/2379/2266
f 2266/2379/2266 2286/2399/2286 2287/2400/2287 2267/2380/2267
f 2267/2380/2267 2287/2400/2287 2288/2401/2288 2268/2381/2268
f 2268/2381/2268 2288/2401/2288 2289/2402/2289 2269/2382/2269
f 2269/2382/2269 2289/2402/2289 2290/2403/2290 2270/2383/2270
f 2270/2383/2270 2290/2403/2290 2271/2385/2271 2251/2365/2251
f 1912/2007/1914 2291/2404/2291 1911/2006/1911
f 1913/2010/1916 2291/2404/2291 1912/2007/1914
f 1914/2013/1918 2291/2405/2291 1913/2012/1916
f 1915/2016/1920 2291/2405/2291 1914/2013/1918
f 1916/2018/1922 2291/2405/2291 1915/2016/1920
f 1917/2020/1924 2291/2405/2291 1916/2018/1922
f 1918/2022/1926 2291/2405/2291 1917/2020/1924
f 1919/2024/1928 2291/2405/2291 1918/2022/1926
f 1920/2026/1930 2291/2405/2291 1919/2024/1928
f 1921/2028/1932 2291/2405/2291 1920/2026/1930
f 1922/2030/1934 2291/2405/2291 1921/2028/1932
f 1923/2033/1936 2291/2404/2291 1922/2032/1934
f 1924/2036/1938 2291/2404/2291 1923/2033/1936
f 1925/2038/1940 2291/2404/2291 1924/2036/1938
f 1926/2040/1942 2291/2404/2291 1925/2038/1940
f 1927/2042/1944 2291/2404/2291 1926/2040/1942
f 1928/2044/1946 2291/2404/2291 1927/2042/1944
f 1929/2046/1948 2291/2404/2291 1928/2044/1946
f 1930/2048/1950 2291/2404/2291 1929/2046/1948
f 1911/2006/1911 2291/2404/2291 1930/2048/1950
f 2271/2385/2271 2292/2406/2292 2272/2384/2272
f 2272/2384/2272 2292/2406/2292 2273/2386/2273
f 2273/2386/2273 2292/2406/2292 2274/2387/2274
f 2274/2387/2274 2292/2406/2292 2275/2388/2275
f 2275/2388/2275 2292/2406/2292 2276/2389/2276
f 2276/2389/2276 2292/2406/2292 2277/2390/2277
f 2277/2390/2277 2292/2406/2292 2278/2391/2278
f 2278/2391/2278 2292/2406/2292 2279/2392/2279
f 2279/2392/2279 2292/2406/2292 2280/2393/2280
f 2280/2393/2280 2292/2406/2292 2281/2394/2281
f 2281/2394/2281 2292/2406/2292 2282/2395/2282
f 2282/2395/2282 2292/2406/2292 2283/2396/2283
f 2283/2396/2283 2292/2406/2292 2284/2397/2284
f 2284/2397/2284 2292/2406/2292 2285/2398/2285
f 2285/2398/2285 2292/2406/2292 2286/2399/2286
f 2286/2399/2286 2292/2406/2292 2287/2400/2287
f 2287/2400/2287 2292/2406/2292 2288/2401/2288
f 2288/2401/2288 2292/2406/2292 2289/2402/2289
f 2289/2402/2289 2292/2406/2292 2290/2403/2290
f 2290/2403/2290 2292/2406/2292 2271/2385/2271
s 7
f 2293/2407/2293 2313/2410/2294 2314/2409/2295 2294/2408/2296
f 2294/2411/2296 2314/2414/2295 2315/2413/2297 2295/2412/2298
f 2295/2412/2298 2315/2413/2297 2316/2416/2299 2296/2415/2300
f 2296/2415/2300 2316/2416/2299 2317/2418/2301 2297/2417/2302
f 2297/2417/2302 2317/2418/2301 2318/2420/2303 2298/2419/2304
f 2298/2419/2304 2318/2420/2303 2319/2422/2305 2299/2421/2306
f 2299/2421/2306 2319/2422/2305 2320/2424/2307 2300/2423/2308
f 2300/2423/2308 2320/2424/2307 2321/2426/2309 2301/2425/2310
f 2301/2425/2310 2321/2426/2309 2322/2428/2311 2302/2427/2312
f 2302/2427/2312 2322/2428/2311 2323/2430/2313 2303/2429/2314
f 2303/2429/2314 2323/2430/2313 2324/2432/2315 2304/2431/2316
f 2304/2433/2316 2324/2436/2315 2325/2435/2317 2305/2434/2318
f 2305/2434/2318 2325/2435/2317 2326/2438/2319 2306/2437/2320
f 2306/2437/2320 2326/2438/2319 2327/2440/2321 2307/2439/2322
f 2307/2439/2322 2327/2440/2321 2328/2442/2323 2308/2441/2324
f 2308/2441/2324 2328/2442/2323 2329/2444/2325 2309/2443/2326
f 2309/2443/2326 2329/2444/2325 2330/2446/2327 2310/2445/2328
f 2310/2445/2328 2330/2446/2327 2331/2448/2329 2311/2447/2330
f 2311/2447/2330 2331/2448/2329 2332/2450/2331 2312/2449/2332
f 2312/2449/2332 2332/2450/2331 2313/2410/2294 2293/2407/2293
f 2313/2410/2294 2333/2452/2333 2334/2451/2334 2314/2409/2295
f 2314/2414/2295 2334/2454/2334 2335/2453/2335 2315/2413/2297
f 2315/2413/2297 2335/2453/2335 2336/2455/2336 2316/2416/2299
f 2316/2416/2299 2336/2455/2336 2337/2456/2337 2317/2418/2301
f 2317/2418/2301 2337/2456/2337 2338/2457/2338 2318/2420/2303
f 2318/2420/2303 2338/2457/2338 2339/2458/2339 2319/2422/2305
f 2319/2422/2305 2339/2458/2339 2340/2459/2340 2320/2424/2307
f 2320/2424/2307 2340/2459/2340 2341/2460/2341 2321/2426/2309
f 2321/2426/2309 2341/2460/2341 2342/2461/2342 2322/2428/2311
f 2322/2428/2311 2342/2461/2342 2343/2462/2343 2323/2430/2313
f 2323/2430/2313 2343/2462/2343 2344/2463/2344 2324/2432/2315
f 2324/2436/2315 2344/2465/2344 2345/2464/2345 2325/2435/2317
f 2325/2435/2317 2345/2464/2345 2346/2466/2346 2326/2438/2319
f 2326/2438/2319 2346/2466/2346 2347/2467/2347 2327/2440/2321
f 2327/2440/2321 2347/2467/2347 2348/2468/2348 2328/2442/2323
f 2328/2442/2323 2348/2468/2348 2349/2469/2349 2329/2444/2325
f 2329/2444/2325 2349/2469/2349 2350/2470/2350 2330/2446/2327
f 2330/2446/2327 2350/2470/2350 2351/2471/2351 2331/2448/2329
f 2331/2448/2329 2351/2471/2351 2352/2472/2352 2332/2450/2331
f 2332/2450/2331 2352/2472/2352 2333/2452/2333 2313/2410/2294
f 2333/2452/2333 2353/2474/2353 2354/2473/2354 2334/2451/2334
f 2334/2454/2334 2354/2476/2354 2355/2475/2355 2335/2453/2335
f 2335/2453/2335 2355/2475/2355 2356/2477/2356 2336/2455/2336
f 2336/2455/2336 2356/2477/2356 2357/2478/2357 2337/2456/2337
f 2337/2456/2337 2357/2478/2357 2358/2479/2358 2338/2457/2338
f 2338/2457/2338 2358/2479/2358 2359/2480/2359 2339/2458/2339
f 2339/2458/2339 2359/2480/2359 2360/2481/2360 2340/2459/2340
f 2340/2459/2340 2360/2481/2360 2361/2482/2361 2341/2460/2341
f 2341/2460/2341 2361/2482/2361 2362/2483/2362 2342/2461/2342
f 2342/2461/2342 2362/2483/2362 2363/2484/2363 2343/2462/2343
f 2343/2462/2343 2363/2484/2363 2364/2485/2364 2344/2463/2344
f 2344/2465/2344 2364/2487/2364 2365/2486/2365 2345/2464/2345
f 2345/2464/2345 2365/2486/2365 2366/2488/2366 2346/2466/2346
f 2346/2466/2346 2366/2488/2366 2367/2489/2367 2347/2467/2347
f 2347/2467/2347 2367/2489/2367 2368/2490/2368 2348/2468/2348
f 2348/2468/2348 2368/2490/2368 2369/2491/2369 2349/2469/2349
f 2349/2469/2349 2369/2491/2369 2370/2492/2370 2350/2470/2350
f 2350/2470/2350 2370/2492/2370 2371/2493/2371 2351/2471/2351
f 2351/2471/2351 2371/2493/2371 2372/2494/2372 2352/2472/2352
f 2352/2472/2352 2372/2494/2372 2353/2474/2353 2333/2452/2333
f 2353/2474/2353 2373/2496/2373 2374/2495/2374 2354/2473/2354
f 2354/2476/2354 2374/2498/2374 2375/2497/2375 2355/2475/2355
f 2355/2475/2355 2375/2497/2375 2376/2499/2376 2356/2477/2356
f 2356/2477/2356 2376/2499/2376 2377/2500/2377 2357/2478/2357
f 2357/2478/2357 2377/2500/2377 2378/2501/2378 2358/2479/2358
f 2358/2479/2358 2378/2501/2378 2379/2502/2379 2359/2480/2359
f 2359/2480/2359 2379/2502/2379 2380/2503/2380 2360/2481/2360
f 2360/2481/2360 2380/2503/2380 2381/2504/2381 2361/2482/2361
f 2361/2482/2361 2381/2504/2381 2382/2505/2382 2362/2483/2362
f 2362/2483/2362 2382/2505/2382 2383/2506/2383 2363/2484/2363
f 2363/2484/2363 2383/2506/2383 2384/2507/2384 2364/2485/2364
f 2364/2487/2364 2384/2509/2384 2385/2508/2385 2365/2486/2365
f 2365/2486/2365 2385/2508/2385 2386/2510/2386 2366/2488/2366
f 2366/2488/2366 2386/2510/2386 2387/2511/2387 2367/2489/2367
f 2367/2489/2367 2387/2511/2387 2388/2512/2388 2368/2490/2368
f 2368/2490/2368 2388/2512/2388 2389/2513/2389 2369/2491/2369
f 2369/2491/2369 2389/2513/2389 2390/2514/2390 2370/2492/2370
f 2370/2492/2370 2390/2514/2390 2391/2515/2391 2371/2493/2371
f 2371/2493/2371 2391/2515/2391 2392/2516/2392 2372/2494/2372
f 2372/2494/2372 2392/2516/2392 2373/2496/2373 2353/2474/2353
f 2373/2496/2373 2393/2518/2393 2394/2517/2394 2374/2495/2374
f 2374/2498/2374 2394/2520/2394 2395/2519/2395 2375/2497/2375
f 2375/2497/2375 2395/2519/2395 2396/2521/2396 2376/2499/2376
f 2376/2499/2376 2396/2521/2396 2397/2522/2397 2377/2500/2377
f 2377/2500/2377 2397/2522/2397 2398/2523/2398 2378/2501/2378
f 2378/2501/2378 2398/2523/2398 2399/2524/2399 2379/2502/2379
f 2379/2502/2379 2399/2524/2399 2400/2525/2400 2380/2503/2380
f 2380/2503/2380 2400/2525/2400 2401/2526/2401 2381/2504/2381
f 2381/2504/2381 2401/2526/2401 2402/2527/2402 2382/2505/2382
f 2382/2505/2382 2402/2527/2402 2403/2528/2403 2383/2506/2383
f 2383/2506/2383 2403/2528/2403 2404/2529/2404 2384/2507/2384
f 2384/2509/2384 2404/2531/2404 2405/2530/2405 2385/2508/2385
f 2385/2508/2385 2405/2530/2405 2406/2532/2406 2386/2510/2386
f 2386/2510/2386 2406/2532/2406 2407/2533/2407 2387/2511/2387
f 2387/2511/2387 2407/2533/2407 2408/2534/2408 2388/2512/2388
f 2388/2512/2388 2408/2534/2408 2409/2535/2409 2389/2513/2389
f 2389/2513/2389 2409/2535/2409 2410/2536/2410 2390/2514/2390
f 2390/2514/2390 2410/2536/2410 2411/2537/2411 2391/2515/2391
f 2391/2515/2391 2411/2537/2411 2412/2538/2412 2392/2516/2392
f 2392/2516/2392 2412/2538/2412 2393/2518/2393 2373/2496/2373
f 2393/2518/2393 2413/2540/2413 2414/2539/2414 2394/2517/2394
f 2394/2520/2394 2414/2542/2414 2415/2541/2415 2395/2519/2395
f 2395/2519/2395 2415/2541/2415 2416/2543/2416 2396/2521/2396
f 2396/2521/2396 2416/2543/2416 2417/2544/2417 2397/2522/2397
f 2397/2522/2397 2417/2544/2417 2418/2545/2418 2398/2523/2398
f 2398/2523/2398 2418/2545/2418 2419/2546/2419 2399/2524/2399
f 2399/2524/2399 2419/2546/2419 2420/2547/2420 2400/2525/2400
f 2400/2525/2400 2420/2547/2420 2421/2548/2421 2401/2526/2401
f 2401/2526/2401 2421/2548/2421 2422/2549/2422 2402/2527/2402
f 2402/2527/2402 2422/2549/2422 2423/2550/2423 2403/2528/2403
f 2403/2528/2403 2423/2550/2423 2424/2551/2424 2404/2529/2404
f 2404/2531/2404 2424/2551/2424 2425/2552/2425 2405/2530/2405
f 2405/2530/2405 2425/2552/2425 2426/2553/2426 2406/2532/2406
f 2406/2532/2406 2426/2553/2426 2427/2554/2427 2407/2533/2407
f 2407/2533/2407 2427/2554/2427 2428/2555/2428 2408/2534/2408
f 2408/2534/2408 2428/2555/2428 2429/2556/2429 2409/2535/2409
f 2409/2535/2409 2429/2556/2429 2430/2557/2430 2410/2536/2410
f 2410/2536/2410 2430/2557/2430 2431/2558/2431 2411/2537/2411
f 2411/2537/2411 2431/2558/2431 2432/2559/2432 2412/2538/2412
f 2412/2538/2412 2432/2559/2432 2413/2540/2413 2393/2518/2393
f 2413/2540/2413 2433/2561/2433 2434/2560/2434 2414/2539/2414
f 2414/2542/2414 2434/2563/2434 2435/2562/2435 2415/2541/2415
f 2415/2541/2415 2435/2562/2435 2436/2564/2436 2416/2543/2416
f 2416/2543/2416 2436/2564/2436 2437/2565/2437 2417/2544/2417
f 2417/2544/2417 2437/2565/2437 2438/2566/2438 2418/2545/2418
f 2418/2545/2418 2438/2566/2438 2439/2567/2439 2419/2546/2419
f 2419/2546/2419 2439/2567/2439 2440/2568/2440 2420/2547/2420
f 2420/2547/2420 2440/2568/2440 2441/2569/2441 2421/2548/2421
f 2421/2548/2421 2441/2569/2441 2442/2570/2442 2422/2549/2422
f 2422/2549/2422 2442/2570/2442 2443/2571/2443 2423/2550/2423
f 2423/2550/2423 2443/2571/2443 2444/2572/2444 2424/2551/2424
f 2424/2551/2424 2444/2572/2444 2445/2573/2445 2425/2552/2425
f 2425/2552/2425 2445/2573/2445 2446/2574/2446 2426/2553/2426
f 2426/2553/2426 2446/2574/2446 2447/2575/2447 2427/2554/2427
f 2427/2554/2427 2447/2575/2447 2448/2576/2448 2428/2555/2428
f 2428/2555/2428 2448/2576/2448 2449/2577/2449 2429/2556/2429
f 2429/2556/2429 2449/2577/2449 2450/2578/2450 2430/2557/2430
f 2430/2557/2430 2450/2578/2450 2451/2579/2451 2431/2558/2431
f 2431/2558/2431 2451/2579/2451 2452/2580/2452 2432/2559/2432
f 2432/2559/2432 2452/2580/2452 2433/2561/2433 2413/2540/2413
f 2433/2561/2433 2453/2582/2453 2454/2581/2454 2434/2560/2434
f 2434/2563/2434 2454/2584/2454 2455/2583/2455 2435/2562/2435
f 2435/2562/2435 2455/2583/2455 2456/2585/2456 2436/2564/2436
f 2436/2564/2436 2456/2585/2456 2457/2586/2457 2437/2565/2437
f 2437/2565/2437 2457/2586/2457 2458/2587/2458 2438/2566/2438
f 2438/2566/2438 2458/2587/2458 2459/2588/2459 2439/2567/2439
f 2439/2567/2439 2459/2588/2459 2460/2589/2460 2440/2568/2440
f 2440/2568/2440 2460/2589/2460 2461/2590/2461 2441/2569/2441
f 2441/2569/2441 2461/2590/2461 2462/2591/2462 2442/2570/2442
f 2442/2570/2442 2462/2591/2462 2463/2592/2463 2443/2571/2443
f 2443/2571/2443 2463/2592/2463 2464/2593/2464 2444/2572/2444
f 2444/2572/2444 2464/2593/2464 2465/2594/2465 2445/2573/2445
f 2445/2573/2445 2465/2594/2465 2466/2595/2466 2446/2574/2446
f 2446/2574/2446 2466/2595/2466 2467/2596/2467 2447/2575/2447
f 2447/2575/2447 2467/2596/2467 2468/2597/2468 2448/2576/2448
f 2448/2576/2448 2468/2597/2468 2469/2598/2469 2449/2577/2449
f 2449/2577/2449 2469/2598/2469 2470/2599/2470 2450/2578/2450
f 2450/2578/2450 2470/2599/2470 2471/2600/2471 2451/2579/2451
f 2451/2579/2451 2471/2600/2471 2472/2601/2472 2452/2580/2452
f 2452/2580/2452 2472/2601/2472 2453/2582/2453 2433/2561/2433
f 2453/2582/2453 2473/2603/2473 2474/2602/2474 2454/2581/2454
f 2454/2584/2454 2474/2605/2474 2475/2604/2475 2455/2583/2455
f 2455/2583/2455 2475/2604/2475 2476/2606/2476 2456/2585/2456
f 2456/2585/2456 2476/2606/2476 2477/2607/2477 2457/2586/2457
f 2457/2586/2457 2477/2607/2477 2478/2608/2478 2458/2587/2458
f 2458/2587/2458 2478/2608/2478 2479/2609/2479 2459/2588/2459
f 2459/2588/2459 2479/2609/2479 2480/2610/2480 2460/2589/2460
f 2460/2589/2460 2480/2610/2480 2481/2611/2481 2461/2590/2461
f 2461/2590/2461 2481/2611/2481 2482/2612/2482 2462/2591/2462
f 2462/2591/2462 2482/2612/2482 2483/2613/2483 2463/2592/2463
f 2463/2592/2463 2483/2613/2483 2484/2614/2484 2464/2593/2464
f 2464/2593/2464 2484/2614/2484 2485/2615/2485 2465/2594/2465
f 2465/2594/2465 2485/2615/2485 2486/2616/2486 2466/2595/2466
f 2466/2595/2466 2486/2616/2486 2487/2617/2487 2467/2596/2467
f 2467/2596/2467 2487/2617/2487 2488/2618/2488 2468/2597/2468
f 2468/2597/2468 2488/2618/2488 2489/2619/2489 2469/2598/2469
f 2469/2598/2469 2489/2619/2489 2490/2620/2490 2470/2599/2470
f 2470/2599/2470 2490/2620/2490 2491/2621/2491 2471/2600/2471
f 2471/2600/2471 2491/2621/2491 2492/2622/2492 2472/2601/2472
f 2472/2601/2472 2492/2622/2492 2473/2603/2473 2453/2582/2453
f 2473/2603/2473 2493/2624/2493 2494/2623/2494 2474/2602/2474
f 2474/2605/2474 2494/2626/2494 2495/2625/2495 2475/2604/2475
f 2475/2604/2475 2495/2625/2495 2496/2627/2496 2476/2606/2476
f 2476/2606/2476 2496/2627/2496 2497/2628/2497 2477/2607/2477
f 2477/2607/2477 2497/2628/2497 2498/2629/2498 2478/2608/2478
f 2478/2608/2478 2498/2629/2498 2499/2630/2499 2479/2609/2479
f 2479/2609/2479 2499/2630/2499 2500/2631/2500 2480/2610/2480
f 2480/2610/2480 2500/2631/2500 2501/2632/2501 2481/2611/2481
f 2481/2611/2481 2501/2632/2501 2502/2633/2502 2482/2612/2482
f 2482/2612/2482 2502/2633/2502 2503/2634/2503 2483/2613/2483
f 2483/2613/2483 2503/2634/2503 2504/2635/2504 2484/2614/2484
f 2484/2614/2484 2504/2635/2504 2505/2636/2505 2485/2615/2485
f 2485/2615/2485 2505/2636/2505 2506/2637/2506 2486/2616/2486
f 2486/2616/2486 2506/2637/2506 2507/2638/2507 2487/2617/2487
f 2487/2617/2487 2507/2638/2507 2508/2639/2508 2488/2618/2488
f 2488/2618/2488 2508/2639/2508 2509/2640/2509 2489/2619/2489
f 2489/2619/2489 2509/2640/2509 2510/2641/2510 2490/2620/2490
f 2490/2620/2490 2510/2641/2510 2511/2642/2511 2491/2621/2491
f 2491/2621/2491 2511/2642/2511 2512/2643/2512 2492/2622/2492
f 2492/2622/2492 2512/2643/2512 2493/2624/2493 2473/2603/2473
f 2493/2624/2493 2513/2645/2513 2514/2644/2514 2494/2623/2494
f 2494/2626/2494 2514/2647/2514 2515/2646/2515 2495/2625/2495
f 2495/2625/2495 2515/2646/2515 2516/2648/2516 2496/2627/2496
f 2496/2627/2496 2516/2648/2516 2517/2649/2517 2497/2628/2497
f 2497/2628/2497 2517/2649/2517 2518/2650/2518 2498/2629/2498
f 2498/2629/2498 2518/2650/2518 2519/2651/2519 2499/2630/2499
f 2499/2630/2499 2519/2651/2519 2520/2652/2520 2500/2631/2500
f 2500/2631/2500 2520/2652/2520 2521/2653/2521 2501/2632/2501
f 2501/2632/2501 2521/2653/2521 2522/2654/2522 2502/2633/2502
f 2502/2633/2502 2522/2654/2522 2523/2655/2523 2503/2634/2503
f 2503/2634/2503 2523/2655/2523 2524/2656/2524 2504/2635/2504
f 2504/2635/2504 2524/2656/2524 2525/2657/2525 2505/2636/2505
f 2505/2636/2505 2525/2657/2525 2526/2658/2526 2506/2637/2506
f 2506/2637/2506 2526/2658/2526 2527/2659/2527 2507/2638/2507
f 2507/2638/2507 2527/2659/2527 2528/2660/2528 2508/2639/2508
f 2508/2639/2508 2528/2660/2528 2529/2661/2529 2509/2640/2509
f 2509/2640/2509 2529/2661/2529 2530/2662/2530 2510/2641/2510
f 2510/2641/2510 2530/2662/2530 2531/2663/2531 2511/2642/2511
f 2511/2642/2511 2531/2663/2531 2532/2664/2532 2512/2643/2512
f 2512/2643/2512 2532/2664/2532 2513/2645/2513 2493/2624/2493
f 2513/2645/2513 2533/2666/2533 2534/2665/2534 2514/2644/2514
f 2514/2647/2514 2534/2665/2534 2535/2667/2535 2515/2646/2515
f 2515/2646/2515 2535/2667/2535 2536/2668/2536 2516/2648/2516
f 2516/2648/2516 2536/2668/2536 2537/2669/2537 2517/2649/2517
f 2517/2649/2517 2537/2669/2537 2538/2670/2538 2518/2650/2518
f 2518/2650/2518 2538/2670/2538 2539/2671/2539 2519/2651/2519
f 2519/2651/2519 2539/2671/2539 2540/2672/2540 2520/2652/2520
f 2520/2652/2520 2540/2672/2540 2541/2673/2541 2521/2653/2521
f 2521/2653/2521 2541/2673/2541 2542/2674/2542 2522/2654/2522
f 2522/2654/2522 2542/2674/2542 2543/2675/2543 2523/2655/2523
f 2523/2655/2523 2543/2675/2543 2544/2676/2544 2524/2656/2524
f 2524/2656/2524 2544/2676/2544 2545/2677/2545 2525/2657/2525
f 2525/2657/2525 2545/2677/2545 2546/2678/2546 2526/2658/2526
f 2526/2658/2526 2546/2678/2546 2547/2679/2547 2527/2659/2527
f 2527/2659/2527 2547/2679/2547 2548/2680/2548 2528/2660/2528
f 2528/2660/2528 2548/2680/2548 2549/2681/2549 2529/2661/2529
f 2529/2661/2529 2549/2681/2549 2550/2682/2550 2530/2662/2530
f 2530/2662/2530 2550/2682/2550 2551/2683/2551 2531/2663/2531
f 2531/2663/2531 2551/2683/2551 2552/2684/2552 2532/2664/2532
f 2532/2664/2532 2552/2684/2552 2533/2666/2533 2513/2645/2513
f 2533/2666/2533 2553/2686/2553 2554/2685/2554 2534/2665/2534
f 2534/2665/2534 2554/2685/2554 2555/2687/2555 2535/2667/2535
f 2535/2667/2535 2555/2687/2555 2556/2688/2556 2536/2668/2536
f 2536/2668/2536 2556/2688/2556 2557/2689/2557 2537/2669/2537
f 2537/2669/2537 2557/2689/2557 2558/2690/2558 2538/2670/2538
f 2538/2670/2538 2558/2690/2558 2559/2691/2559 2539/2671/2539
f 2539/2671/2539 2559/2691/2559 2560/2692/2560 2540/2672/2540
f 2540/2672/2540 2560/2692/2560 2561/2693/2561 2541/2673/2541
f 2541/2673/2541 2561/2693/2561 2562/2694/2562 2542/2674/2542
f 2542/2674/2542 2562/2694/2562 2563/2695/2563 2543/2675/2543
f 2543/2675/2543 2563/2695/2563 2564/2696/2564 2544/2676/2544
f 2544/2676/2544 2564/2696/2564 2565/2697/2565 2545/2677/2545
f 2545/2677/2545 2565/2697/2565 2566/2698/2566 2546/2678/2546
f 2546/2678/2546 2566/2698/2566 2567/2699/2567 2547/2679/2547
f 2547/2679/2547 2567/2699/2567 2568/2700/2568 2548/2680/2548
f 2548/2680/2548 2568/2700/2568 2569/2701/2569 2549/2681/2549
f 2549/2681/2549 2569/2701/2569 2570/2702/2570 2550/2682/2550
f 2550/2682/2550 2570/2702/2570 2571/2703/2571 2551/2683/2551
f 2551/2683/2551 2571/2703/2571 2572/2704/2572 2552/2684/2552
f 2552/2684/2552 2572/2704/2572 2553/2686/2553 2533/2666/2533
f 2553/2686/2553 2573/2706/2573 2574/2705/2574 2554/2685/2554
f 2554/2685/2554 2574/2705/2574 2575/2707/2575 2555/2687/2555
f 2555/2687/2555 2575/2707/2575 2576/2708/2576 2556/2688/2556
f 2556/2688/2556 2576/2708/2576 2577/2709/2577 2557/2689/2557
f 2557/2689/2557 2577/2709/2577 2578/2710/2578 2558/2690/2558
f 2558/2690/2558 2578/2710/2578 2579/2711/2579 2559/2691/2559
f 2559/2691/2559 2579/2711/2579 2580/2712/2580 2560/2692/2560
f 2560/2692/2560 2580/2712/2580 2581/2713/2581 2561/2693/2561
f 2561/2693/2561 2581/2713/2581 2582/2714/2582 2562/2694/2562
f 2562/2694/2562 2582/2714/2582 2583/2715/2583 2563/2695/2563
f 2563/2695/2563 2583/2715/2583 2584/2716/2584 2564/2696/2564
f 2564/2696/2564 2584/2716/2584 2585/2717/2585 2565/2697/2565
f 2565/2697/2565 2585/2717/2585 2586/2718/2586 2566/2698/2566
f 2566/2698/2566 2586/2718/2586 2587/2719/2587 2567/2699/2567
f 2567/2699/2567 2587/2719/2587 2588/2720/2588 2568/2700/2568
f 2568/2700/2568 2588/2720/2588 2589/2721/2589 2569/2701/2569
f 2569/2701/2569 2589/2721/2589 2590/2722/2590 2570/2702/2570
f 2570/2702/2570 2590/2722/2590 2591/2723/2591 2571/2703/2571
f 2571/2703/2571 2591/2723/2591 2592/2724/2592 2572/2704/2572
f 2572/2704/2572 2592/2724/2592 2573/2706/2573 2553/2686/2553
f 2573/2706/2573 2593/2726/2593 2594/2725/2594 2574/2705/2574
f 2574/2705/2574 2594/2725/2594 2595/2727/2595 2575/2707/2575
f 2575/2707/2575 2595/2727/2595 2596/2728/2596 2576/2708/2576
f 2576/2708/2576 2596/2728/2596 2597/2729/2597 2577/2709/2577
f 2577/2709/2577 2597/2729/2597 2598/2730/2598 2578/2710/2578
f 2578/2710/2578 2598/2730/2598 2599/2731/2599 2579/2711/2579
f 2579/2711/2579 2599/2731/2599 2600/2732/2600 2580/2712/2580
f 2580/2712/2580 2600/2732/2600 2601/2733/2601 2581/2713/2581
f 2581/2713/2581 2601/2733/2601 2602/2734/2602 2582/2714/2582
f 2582/2714/2582 2602/2734/2602 2603/2735/2603 2583/2715/2583
f 2583/2715/2583 2603/2735/2603 2604/2736/2604 2584/2716/2584
f 2584/2716/2584 2604/2736/2604 2605/2737/2605 2585/2717/2585
f 2585/2717/2585 2605/2737/2605 2606/2738/2606 2586/2718/2586
f 2586/2718/2586 2606/2738/2606 2607/2739/2607 2587/2719/2587
f 2587/2719/2587 2607/2739/2607 2608/2740/2608 2588/2720/2588
f 2588/2720/2588 2608/2740/2608 2609/2741/2609 2589/2721/2589
f 2589/2721/2589 2609/2741/2609 2610/2742/2610 2590/2722/2590
f 2590/2722/2590 2610/2742/2610 2611/2743/2611 2591/2723/2591
f 2591/2723/2591 2611/2743/2611 2612/2744/2612 2592/2724/2592
f 2592/2724/2592 2612/2744/2612 2593/2726/2593 2573/2706/2573
f 2593/2726/2593 2613/2746/2613 2614/2745/2614 2594/2725/2594
f 2594/2725/2594 2614/2745/2614 2615/2747/2615 2595/2727/2595
f 2595/2727/2595 2615/2747/2615 2616/2748/2616 2596/2728/2596
f 2596/2728/2596 2616/2748/2616 2617/2749/2617 2597/2729/2597
f 2597/2729/2597 2617/2749/2617 2618/2750/2618 2598/2730/2598
f 2598/2730/2598 2618/2750/2618 2619/2751/2619 2599/2731/2599
f 2599/2731/2599 2619/2751/2619 2620/2752/2620 2600/2732/2600
f 2600/2732/2600 2620/2752/2620 2621/2753/2621 2601/2733/2601
f 2601/2733/2601 2621/2753/2621 2622/2754/2622 2602/2734/2602
f 2602/2734/2602 2622/2754/2622 2623/2755/2623 2603/2735/2603
f 2603/2735/2603 2623/2755/2623 2624/2756/2624 2604/2736/2604
f 2604/2736/2604 2624/2756/2624 2625/2757/2625 2605/2737/2605
f 2605/2737/2605 2625/2757/2625 2626/2758/2626 2606/2738/2606
f 2606/2738/2606 2626/2758/2626 2627/2759/2627 2607/2739/2607
f 2607/2739/2607 2627/2759/2627 2628/2760/2628 2608/2740/2608
f 2608/2740/2608 2628/2760/2628 2629/2761/2629 2609/2741/2609
f 2609/2741/2609 2629/2761/2629 2630/2762/2630 2610/2742/2610
f 2610/2742/2610 2630/2762/2630 2631/2763/2631 2611/2743/2611
f 2611/2743/2611 2631/2763/2631 2632/2764/2632 2612/2744/2612
f 2612/2744/2612 2632/2764/2632 2613/2746/2613 2593/2726/2593
f 2613/2746/2613 2633/2766/2633 2634/2765/2634 2614/2745/2614
f 2614/2745/2614 2634/2765/2634 2635/2767/2635 2615/2747/2615
f 2615/2747/2615 2635/2767/2635 2636/2768/2636 2616/2748/2616
f 2616/2748/2616 2636/2768/2636 2637/2769/2637 2617/2749/2617
f 2617/2749/2617 2637/2769/2637 2638/2770/2638 2618/2750/2618
f 2618/2750/2618 2638/2770/2638 2639/2771/2639 2619/2751/2619
f 2619/2751/2619 2639/2771/2639 2640/2772/2640 2620/2752/2620
f 2620/2752/2620 2640/2772/2640 2641/2773/2641 2621/2753/2621
f 2621/2753/2621 2641/2773/2641 2642/2774/2642 2622/2754/2622
f 2622/2754/2622 2642/2774/2642 2643/2775/2643 2623/2755/2623
f 2623/2755/2623 2643/2775/2643 2644/2776/2644 2624/2756/2624
f 2624/2756/2624 2644/2776/2644 2645/2777/2645 2625/2757/2625
f 2625/2757/2625 2645/2777/2645 2646/2778/2646 2626/2758/2626
f 2626/2758/2626 2646/2778/2646 2647/2779/2647 2627/2759/2627
f 2627/2759/2627 2647/2779/2647 2648/2780/2648 2628/2760/2628
f 2628/2760/2628 2648/2780/2648 2649/2781/2649 2629/2761/2629
f 2629/2761/2629 2649/2781/2649 2650/2782/2650 2630/2762/2630
f 2630/2762/2630 2650/2782/2650 2651/2783/2651 2631/2763/2631
f 2631/2763/2631 2651/2783/2651 2652/2784/2652 2632/2764/2632
f 2632/2764/2632 2652/2784/2652 2633/2766/2633 2613/2746/2613
f 2633/2766/2633 2653/2786/2653 2654/2785/2654 2634/2765/2634
f 2634/2765/2634 2654/2785/2654 2655/2787/2655 2635/2767/2635
f 2635/2767/2635 2655/2787/2655 2656/2788/2656 2636/2768/2636
f 2636/2768/2636 2656/2788/2656 2657/2789/2657 2637/2769/2637
f 2637/2769/2637 2657/2789/2657 2658/2790/2658 2638/2770/2638
f 2638/2770/2638 2658/2790/2658 2659/2791/2659 2639/2771/2639
f 2639/2771/2639 2659/2791/2659 2660/2792/2660 2640/2772/2640
f 2640/2772/2640 2660/2792/2660 2661/2793/2661 2641/2773/2641
f 2641/2773/2641 2661/2793/2661 2662/2794/2662 2642/2774/2642
f 2642/2774/2642 2662/2794/2662 2663/2795/2663 2643/2775/2643
f 2643/2775/2643 2663/2795/2663 2664/2796/2664 2644/2776/2644
f 2644/2776/2644 2664/2796/2664 2665/2797/2665 2645/2777/2645
f 2645/2777/2645 2665/2797/2665 2666/2798/2666 2646/2778/2646
f 2646/2778/2646 2666/2798/2666 2667/2799/2667 2647/2779/2647
f 2647/2779/2647 2667/2799/2667 2668/2800/2668 2648/2780/2648
f 2648/2780/2648 2668/2800/2668 2669/2801/2669 2649/2781/2649
f 2649/2781/2649 2669/2801/2669 2670/2802/2670 2650/2782/2650
f 2650/2782/2650 2670/2802/2670 2671/2803/2671 2651/2783/2651
f 2651/2783/2651 2671/2803/2671 2672/2804/2672 2652/2784/2652
f 2652/2784/2652 2672/2804/2672 2653/2786/2653 2633/2766/2633
f 2294/2408/2296 2673/2805/2673 2293/2407/2293
f 2295/2412/2298 2673/2806/2673 2294/2411/2296
f 2296/2415/2300 2673/2806/2673 2295/2412/2298
f 2297/2417/2302 2673/2806/2673 2296/2415/2300
f 2298/2419/2304 2673/2806/2673 2297/2417/2302
f 2299/2421/2306 2673/2806/2673 2298/2419/2304
f 2300/2423/2308 2673/2806/2673 2299/2421/2306
f 2301/2425/2310 2673/2806/2673 2300/2423/2308
f 2302/2427/2312 2673/2806/2673 2301/2425/2310
f 2303/2429/2314 2673/2806/2673 2302/2427/2312
f 2304/2431/2316 2673/2806/2673 2303/2429/2314
f 2305/2434/2318 2673/2805/2673 2304/2433/2316
f 2306/2437/2320 2673/2805/2673 2305/2434/2318
f 2307/2439/2322 2673/2805/2673 2306/2437/2320
f 2308/2441/2324 2673/2805/2673 2307/2439/2322
f 2309/2443/2326 2673/2805/2673 2308/2441/2324
f 2310/2445/2328 2673/2805/2673 2309/2443/2326
f 2311/2447/2330 2673/2805/2673 2310/2445/2328
f 2312/2449/2332 2673/2805/2673 2311/2447/2330
f 2293/2407/2293 2673/2805/2673 2312/2449/2332
f 2653/2786/2653 2674/2807/2674 2654/2785/2654
f 2654/2785/2654 2674/2807/2674 2655/2787/2655
f 2655/2787/2655 2674/2807/2674 2656/2788/2656
f 2656/2788/2656 2674/2807/2674 2657/2789/2657
f 2657/2789/2657 2674/2807/2674 2658/2790/2658
f 2658/2790/2658 2674/2807/2674 2659/2791/2659
f 2659/2791/2659 2674/2807/2674 2660/2792/2660
f 2660/2792/2660 2674/2807/2674 2661/2793/2661
f 2661/2793/2661 2674/2807/2674 2662/2794/2662
f 2662/2794/2662 2674/2807/2674 2663/2795/2663
f 2663/2795/2663 2674/2807/2674 2664/2796/2664
f 2664/2796/2664 2674/2807/2674 2665/2797/2665
f 2665/2797/2665 2674/2807/2674 2666/2798/2666
f 2666/2798/2666 2674/2807/2674 2667/2799/2667
f 2667/2799/2667 2674/2807/2674 2668/2800/2668
f 2668/2800/2668 2674/2807/2674 2669/2801/2669
f 2669/2801/2669 2674/2807/2674 2670/2802/2670
f 2670/2802/2670 2674/2807/2674 2671/2803/2671
f 2671/2803/2671 2674/2807/2674 2672/2804/2672
f 2672/2804/2672 2674/2807/2674 2653/2786/2653
s 8
f 2675/2808/2675 2695/2811/2676 2696/2810/2677 2676/2809/2678
f 2676/2809/2678 2696/2810/2677 2697/2813/2679 2677/2812/2680
f 2677/2812/2680 2697/2813/2679 2698/2815/2681 2678/2814/2682
f 2678/2814/2682 2698/2815/2681 2699/2817/2683 2679/2816/2684
f 2679/2816/2684 2699/2817/2683 2700/2819/2685 2680/2818/2686
f 2680/2818/2686 2700/2819/2685 2701/2821/2687 2681/2820/2688
f 2681/2820/2688 2701/2821/2687 2702/2823/2689 2682/2822/2690
f 2682/2822/2690 2702/2823/2689 2703/2825/2691 2683/2824/2692
f 2683/2824/2692 2703/2825/2691 2704/2827/2693 2684/2826/2694
f 2684/2826/2694 2704/2827/2693 2705/2829/2695 2685/2828/2696
f 2685/2828/2696 2705/2829/2695 2706/2831/2697 2686/2830/2698
f 2686/2830/2698 2706/2831/2697 2707/2833/2699 2687/2832/2700
f 2687/2832/2700 2707/2833/2699 2708/2835/2701 2688/2834/2702
f 2688/2834/2702 2708/2835/2701 2709/2837/2703 2689/2836/2704
f 2689/2836/2704 2709/2837/2703 2710/2839/2705 2690/2838/2706
f 2690/2838/2706 2710/2839/2705 2711/2841/2707 2691/2840/2708
f 2691/2840/2708 2711/2841/2707 2712/2843/2709 2692/2842/2710
f 2692/2842/2710 2712/2843/2709 2713/2845/2711 2693/2844/2712
f 2693/2844/2712 2713/2845/2711 2714/2847/2713 2694/2846/2714
f 2694/2846/2714 2714/2847/2713 2695/2811/2676 2675/2808/2675
f 2695/2811/2676 2715/2849/2715 2716/2848/2716 2696/2810/2677
f 2696/2810/2677 2716/2848/2716 2717/2850/2717 2697/2813/2679
f 2697/2813/2679 2717/2850/2717 2718/2851/2718 2698/2815/2681
f 2698/2815/2681 2718/2851/2718 2719/2852/2719 2699/2817/2683
f 2699/2817/2683 2719/2852/2719 2720/2853/2720 2700/2819/2685
f 2700/2819/2685 2720/2853/2720 2721/2854/2721 2701/2821/2687
f 2701/2821/2687 2721/2854/2721 2722/2855/2722 2702/2823/2689
f 2702/2823/2689 2722/2855/2722 2723/2856/2723 2703/2825/2691
f 2703/2825/2691 2723/2856/2723 2724/2857/2724 2704/2827/2693
f 2704/2827/2693 2724/2857/2724 2725/2858/2725 2705/2829/2695
f 2705/2829/2695 2725/2858/2725 2726/2859/2726 2706/2831/2697
f 2706/2831/2697 2726/2859/2726 2727/2860/2727 2707/2833/2699
f 2707/2833/2699 2727/2860/2727 2728/2861/2728 2708/2835/2701
f 2708/2835/2701 2728/2861/2728 2729/2862/2729 2709/2837/2703
f 2709/2837/2703 2729/2862/2729 2730/2863/2730 2710/2839/2705
f 2710/2839/2705 2730/2863/2730 2731/2864/2731 2711/2841/2707
f 2711/2841/2707 2731/2864/2731 2732/2865/2732 2712/2843/2709
f 2712/2843/2709 2732/2865/2732 2733/2866/2733 2713/2845/2711
f 2713/2845/2711 2733/2866/2733 2734/2867/2734 2714/2847/2713
f 2714/2847/2713 2734/2867/2734 2715/2849/2715 2695/2811/2676
f 2715/2849/2715 2735/2869/2735 2736/2868/2736 2716/2848/2716
f 2716/2848/2716 2736/2868/2736 2737/2870/2737 2717/2850/2717
f 2717/2850/2717 2737/2870/2737 2738/2871/2738 2718/2851/2718
f 2718/2851/2718 2738/2871/2738 2739/2872/2739 2719/2852/2719
f 2719/2852/2719 2739/2872/2739 2740/2873/2740 2720/2853/2720
f 2720/2853/2720 2740/2873/2740 2741/2874/2741 2721/2854/2721
f 2721/2854/2721 2741/2874/2741 2742/2875/2742 2722/2855/2722
f 2722/2855/2722 2742/2875/2742 2743/2876/2743 2723/2856/2723
f 2723/2856/2723 2743/2876/2743 2744/2877/2744 2724/2857/2724
f 2724/2857/2724 2744/2877/2744 2745/2878/2745 2725/2858/2725
f 2725/2858/2725 2745/2878/2745 2746/2879/2746 2726/2859/2726
f 2726/2859/2726 2746/2879/2746 2747/2880/2747 2727/2860/2727
f 2727/2860/2727 2747/2880/2747 2748/2881/2748 2728/2861/2728
f 2728/2861/2728 2748/2881/2748 2749/2882/2749 2729/2862/2729
f 2729/2862/2729 2749/2882/2749 2750/2883/2750 2730/2863/2730
f 2730/2863/2730 2750/2883/2750 2751/2884/2751 2731/2864/2731
f 2731/2864/2731 2751/2884/2751 2752/2885/2752 2732/2865/2732
f 2732/2865/2732 2752/2885/2752 2753/2886/2753 2733/2866/2733
f 2733/2866/2733 2753/2886/2753 2754/2887/2754 2734/2867/2734
f 2734/2867/2734 2754/2887/2754 2735/2869/2735 2715/2849/2715
f 2735/2869/2735 2755/2889/2755 2756/2888/2756 2736/2868/2736
f 2736/2868/2736 2756/2888/2756 2757/2890/2757 2737/2870/2737
f 2737/2870/2737 2757/2890/2757 2758/2891/2758 2738/2871/2738
f 2738/2871/2738 2758/2891/2758 2759/2892/2759 2739/2872/2739
f 2739/2872/2739 2759/2892/2759 2760/2893/2760 2740/2873/2740
f 2740/2873/2740 2760/2893/2760 2761/2894/2761 2741/2874/2741
f 2741/2874/2741 2761/2894/2761 2762/2895/2762 2742/2875/2742
f 2742/2875/2742 2762/2895/2762 2763/2896/2763 2743/2876/2743
f 2743/2876/2743 2763/2896/2763 2764/2897/2764 2744/2877/2744
f 2744/2877/2744 2764/2897/2764 2765/2898/2765 2745/2878/2745
f 2745/2878/2745 2765/2898/2765 2766/2899/2766 2746/2879/2746
f 2746/2879/2746 2766/2899/2766 2767/2900/2767 2747/2880/2747
f 2747/2880/2747 2767/2900/2767 2768/2901/2768 2748/2881/2748
f 2748/2881/2748 2768/2901/2768 2769/2902/2769 2749/2882/2749
f 2749/2882/2749 2769/2902/2769 2770/2903/2770 2750/2883/2750
f 2750/2883/2750 2770/2903/2770 2771/2904/2771 2751/2884/2751
f 2751/2884/2751 2771/2904/2771 2772/2905/2772 2752/2885/2752
f 2752/2885/2752 2772/2905/2772 2773/2906/2773 2753/2886/2753
f 2753/2886/2753 2773/2906/2773 2774/2907/2774 2754/2887/2754
f 2754/2887/2754 2774/2907/2774 2755/2889/2755 2735/2869/2735
f 2755/2889/2755 2775/2909/2775 2776/2908/2776 2756/2888/2756
f 2756/2888/2756 2776/2908/2776 2777/2910/2777 2757/2890/2757
f 2757/2890/2757 2777/2910/2777 2778/2911/2778 2758/2891/2758
f 2758/2891/2758 2778/2911/2778 2779/2912/2779 2759/2892/2759
f 2759/2892/2759 2779/2912/2779 2780/2913/2780 2760/2893/2760
f 2760/2893/2760 2780/2913/2780 2781/2914/2781 2761/2894/2761
f 2761/2894/2761 2781/2914/2781 2782/2915/2782 2762/2895/2762
f 2762/2895/2762 2782/2915/2782 2783/2916/2783 2763/2896/2763
f 2763/2896/2763 2783/2916/2783 2784/2917/2784 2764/2897/2764
f 2764/2897/2764 2784/2917/2784 2785/2918/2785 2765/2898/2765
f 2765/2898/2765 2785/2918/2785 2786/2919/2786 2766/2899/2766
f 2766/2899/2766 2786/2919/2786 2787/2920/2787 2767/2900/2767
f 2767/2900/2767 2787/2920/2787 2788/2921/2788 2768/2901/2768
f 2768/2901/2768 2788/2921/2788 2789/2922/2789 2769/2902/2769
f 2769/2902/2769 2789/2922/2789 2790/2923/2790 2770/2903/2770
f 2770/2903/2770 2790/2923/2790 2791/2924/2791 2771/2904/2771
f 2771/2904/2771 2791/2924/2791 2792/2925/2792 2772/2905/2772
f 2772/2905/2772 2792/2925/2792 2793/2926/2793 2773/2906/2773
f 2773/2906/2773 2793/2926/2793 2794/2927/2794 2774/2907/2774
f 2774/2907/2774 2794/2927/2794 2775/2909/2775 2755/2889/2755
f 2775/2909/2775 2795/2929/2795 2796/2928/2796 2776/2908/2776
f 2776/2908/2776 2796/2928/2796 2797/2930/2797 2777/2910/2777
f 2777/2910/2777 2797/2930/2797 2798/2931/2798 2778/2911/2778
f 2778/2911/2778 2798/2931/2798 2799/2932/2799 2779/2912/2779
f 2779/2912/2779 2799/2932/2799 2800/2933/2800 2780/2913/2780
f 2780/2913/2780 2800/2933/2800 2801/2934/2801 2781/2914/2781
f 2781/2914/2781 2801/2934/2801 2802/2935/2802 2782/2915/2782
f 2782/2915/2782 2802/2935/2802 2803/2936/2803 2783/2916/2783
f 2783/2916/2783 2803/2936/2803 2804/2937/2804 2784/2917/2784
f 2784/2917/2784 2804/2937/2804 2805/2938/2805 2785/2918/2785
f 2785/2918/2785 2805/2938/2805 2806/2939/2806 2786/2919/2786
f 2786/2919/2786 2806/2939/2806 2807/2940/2807 2787/2920/2787
f 2787/2920/2787 2807/2940/2807 2808/2941/2808 2788/2921/2788
f 2788/2921/2788 2808/2941/2808 2809/2942/2809 2789/2922/2789
f 2789/2922/2789 2809/2942/2809 2810/2943/2810 2790/2923/2790
f 2790/2923/2790 2810/2943/2810 2811/2944/2811 2791/2924/2791
f 2791/2924/2791 2811/2944/2811 2812/2945/2812 2792/2925/2792
f 2792/2925/2792 2812/2945/2812 2813/2946/2813 2793/2926/2793
f 2793/2926/2793 2813/2946/2813 2814/2947/2814 2794/2927/2794
f 2794/2927/2794 2814/2947/2814 2795/2929/2795 2775/2909/2775
f 2795/2929/2795 2815/2949/2815 2816/2948/2816 2796/2928/2796
f 2796/2928/2796 2816/2948/2816 2817/2950/2817 2797/2930/2797
f 2797/2930/2797 2817/2950/2817 2818/2951/2818 2798/2931/2798
f 2798/2931/2798 2818/2951/2818 2819/2952/2819 2799/2932/2799
f 2799/2932/2799 2819/2952/2819 2820/2953/2820 2800/2933/2800
f 2800/2933/2800 2820/2953/2820 2821/2954/2821 2801/2934/2801
f 2801/2934/2801 2821/2954/2821 2822/2955/2822 2802/2935/2802
f 2802/2935/2802 2822/2955/2822 2823/2956/2823 2803/2936/2803
f 2803/2936/2803 2823/2956/2823 2824/2957/2824 2804/2937/2804
f 2804/2937/2804 2824/2957/2824 2825/2958/2825 2805/2938/2805
f 2805/2938/2805 2825/2958/2825 2826/2959/2826 2806/2939/2806
f 2806/2939/2806 2826/2959/2826 2827/2960/2827 2807/2940/2807
f 2807/2940/2807 2827/2962/2827 2828/2961/2828 2808/2941/2808
f 2808/2941/2808 2828/2961/2828 2829/2963/2829 2809/2942/2809
f 2809/2942/2809 2829/2963/2829 2830/2964/2830 2810/2943/2810
f 2810/2943/2810 2830/2964/2830 2831/2965/2831 2811/2944/2811
f 2811/2944/2811 2831/2965/2831 2832/2966/2832 2812/2945/2812
f 2812/2945/2812 2832/2966/2832 2833/2967/2833 2813/2946/2813
f 2813/2946/2813 2833/2967/2833 2834/2968/2834 2814/2947/2814
f 2814/2947/2814 2834/2968/2834 2815/2949/2815 2795/2929/2795
f 2815/2949/2815 2835/2970/2835 2836/2969/2836 2816/2948/2816
f 2816/2948/2816 2836/2969/2836 2837/2971/2837 2817/2950/2817
f 2817/2950/2817 2837/2971/2837 2838/2972/2838 2818/2951/2818
f 2818/2951/2818 2838/2972/2838 2839/2973/2839 2819/2952/2819
f 2819/2952/2819 2839/2973/2839 2840/2974/2840 2820/2953/2820
f 2820/2953/2820 2840/2974/2840 2841/2975/2841 2821/2954/2821
f 2821/2954/2821 2841/2975/2841 2842/2976/2842 2822/2955/2822
f 2822/2955/2822 2842/2976/2842 2843/2977/2843 2823/2956/2823
f 2823/2956/2823 2843/2977/2843 2844/2978/2844 2824/2957/2824
f 2824/2957/2824 2844/2978/2844 2845/2979/2845 2825/2958/2825
f 2825/2958/2825 2845/2979/2845 2846/2980/2846 2826/2959/2826
f 2826/2959/2826 2846/2980/2846 2847/2981/2847 2827/2960/2827
f 2827/2962/2827 2847/2983/2847 2848/2982/2848 2828/2961/2828
f 2828/2961/2828 2848/2982/2848 2849/2984/2849 2829/2963/2829
f 2829/2963/2829 2849/2984/2849 2850/2985/2850 2830/2964/2830
f 2830/2964/2830 2850/2985/2850 2851/2986/2851 2831/2965/2831
f 2831/2965/2831 2851/2986/2851 2852/2987/2852 2832/2966/2832
f 2832/2966/2832 2852/2987/2852 2853/2988/2853 2833/2967/2833
f 2833/2967/2833 2853/2988/2853 2854/2989/2854 2834/2968/2834
f 2834/2968/2834 2854/2989/2854 2835/2970/2835 2815/2949/2815
f 2835/2970/2835 2855/2991/2855 2856/2990/2856 2836/2969/2836
f 2836/2969/2836 2856/2990/2856 2857/2992/2857 2837/2971/2837
f 2837/2971/2837 2857/2992/2857 2858/2993/2858 2838/2972/2838
f 2838/2972/2838 2858/2993/2858 2859/2994/2859 2839/2973/2839
f 2839/2973/2839 2859/2994/2859 2860/2995/2860 2840/2974/2840
f 2840/2974/2840 2860/2995/2860 2861/2996/2861 2841/2975/2841
f 2841/2975/2841 2861/2996/2861 2862/2997/2862 2842/2976/2842
f 2842/2976/2842 2862/2997/2862 2863/2998/2863 2843/2977/2843
f 2843/2977/2843 2863/2998/2863 2864/2999/2864 2844/2978/2844
f 2844/2978/2844 2864/2999/2864 2865/3000/2865 2845/2979/2845
f 2845/2979/2845 2865/3000/2865 2866/3001/2866 2846/2980/2846
f 2846/2980/2846 2866/3001/2866 2867/3002/2867 2847/2981/2847
f 2847/2983/2847 2867/3004/2867 2868/3003/2868 2848/2982/2848
f 2848/2982/2848 2868/3003/2868 2869/3005/2869 2849/2984/2849
f 2849/2984/2849 2869/3005/2869 2870/3006/2870 2850/2985/2850
f 2850/2985/2850 2870/3006/2870 2871/3007/2871 2851/2986/2851
f 2851/2986/2851 2871/3007/2871 2872/3008/2872 2852/2987/2852
f 2852/2987/2852 2872/3008/2872 2873/3009/2873 2853/2988/2853
f 2853/2988/2853 2873/3009/2873 2874/3010/2874 2854/2989/2854
f 2854/2989/2854 2874/3010/2874 2855/2991/2855 2835/2970/2835
f 2855/2991/2855 2875/3012/2875 2876/3011/2876 2856/2990/2856
f 2856/2990/2856 2876/3011/2876 2877/3013/2877 2857/2992/2857
f 2857/2992/2857 2877/3013/2877 2878/3014/2878 2858/2993/2858
f 2858/2993/2858 2878/3014/2878 2879/3015/2879 2859/2994/2859
f 2859/2994/2859 2879/3015/2879 2880/3016/2880 2860/2995/2860
f 2860/2995/2860 2880/3016/2880 2881/3017/2881 2861/2996/2861
f 2861/2996/2861 2881/3017/2881 2882/3018/2882 2862/2997/2862
f 2862/2997/2862 2882/3018/2882 2883/3019/2883 2863/2998/2863
f 2863/2998/2863 2883/3019/2883 2884/3020/2884 2864/2999/2864
f 2864/2999/2864 2884/3020/2884 2885/3021/2885 2865/3000/2865
f 2865/3000/2865 2885/3021/2885 2886/3022/2886 2866/3001/2866
f 2866/3001/2866 2886/3022/2886 2887/3023/2887 2867/3002/2867
f 2867/3004/2867 2887/3025/2887 2888/3024/2888 2868/3003/2868
f 2868/3003/2868 2888/3024/2888 2889/3026/2889 2869/3005/2869
f 2869/3005/2869 2889/3026/2889 2890/3027/2890 2870/3006/2870
f 2870/3006/2870 2890/3027/2890 2891/3028/2891 2871/3007/2871
f 2871/3007/2871 2891/3028/2891 2892/3029/2892 2872/3008/2872
f 2872/3008/2872 2892/3029/2892 2893/3030/2893 2873/3009/2873
f 2873/3009/2873 2893/3030/2893 2894/3031/2894 2874/3010/2874
f 2874/3010/2874 2894/3031/2894 2875/3012/2875 2855/2991/2855
f 2875/3012/2875 2895/3033/2895 2896/3032/2896 2876/3011/2876
f 2876/3011/2876 2896/3032/2896 2897/3034/2897 2877/3013/2877
f 2877/3013/2877 2897/3034/2897 2898/3035/2898 2878/3014/2878
f 2878/3014/2878 2898/3035/2898 2899/3036/2899 2879/3015/2879
f 2879/3015/2879 2899/3036/2899 2900/3037/2900 2880/3016/2880
f 2880/3016/2880 2900/3037/2900 2901/3038/2901 2881/3017/2881
f 2881/3017/2881 2901/3038/2901 2902/3039/2902 2882/3018/2882
f 2882/3018/2882 2902/3039/2902 2903/3040/2903 2883/3019/2883
f 2883/3019/2883 2903/3040/2903 2904/3041/2904 2884/3020/2884
f 2884/3020/2884 2904/3041/2904 2905/3042/2905 2885/3021/2885
f 2885/3021/2885 2905/3042/2905 2906/3043/2906 2886/3022/2886
f 2886/3022/2886 2906/3043/2906 2907/3044/2907 2887/3023/2887
f 2887/3025/2887 2907/3046/2907 2908/3045/2908 2888/3024/2888
f 2888/3024/2888 2908/3045/2908 2909/3047/2909 2889/3026/2889
f 2889/3026/2889 2909/3047/2909 2910/3048/2910 2890/3027/2890
f 2890/3027/2890 2910/3048/2910 2911/3049/2911 2891/3028/2891
f 2891/3028/2891 2911/3049/2911 2912/3050/2912 2892/3029/2892
f 2892/3029/2892 2912/3050/2912 2913/3051/2913 2893/3030/2893
f 2893/3030/2893 2913/3051/2913 2914/3052/2914 2894/3031/2894
f 2894/3031/2894 2914/3052/2914 2895/3033/2895 2875/3012/2875
f 2895/3033/2895 2915/3054/2915 2916/3053/2916 2896/3032/2896
f 2896/3032/2896 2916/3053/2916 2917/3055/2917 2897/3034/2897
f 2897/3034/2897 2917/3055/2917 2918/3056/2918 2898/3035/2898
f 2898/3035/2898 2918/3056/2918 2919/3057/2919 2899/3036/2899
f 2899/3036/2899 2919/3057/2919 2920/3058/2920 2900/3037/2900
f 2900/3037/2900 2920/3058/2920 2921/3059/2921 2901/3038/2901
f 2901/3038/2901 2921/3059/2921 2922/3060/2922 2902/3039/2902
f 2902/3039/2902 2922/3060/2922 2923/3061/2923 2903/3040/2903
f 2903/3040/2903 2923/3061/2923 2924/3062/2924 2904/3041/2904
f 2904/3041/2904 2924/3062/2924 2925/3063/2925 2905/3042/2905
f 2905/3042/2905 2925/3063/2925 2926/3064/2926 2906/3043/2906
f 2906/3043/2906 2926/3064/2926 2927/3065/2927 2907/3044/2907
f 2907/3046/2907 2927/3067/2927 2928/3066/2928 2908/3045/2908
f 2908/3045/2908 2928/3066/2928 2929/3068/2929 2909/3047/2909
f 2909/3047/2909 2929/3068/2929 2930/3069/2930 2910/3048/2910
f 2910/3048/2910 2930/3069/2930 2931/3070/2931 2911/3049/2911
f 2911/3049/2911 2931/3070/2931 2932/3071/2932 2912/3050/2912
f 2912/3050/2912 2932/3071/2932 2933/3072/2933 2913/3051/2913
f 2913/3051/2913 2933/3072/2933 2934/3073/2934 2914/3052/2914
f 2914/3052/2914 2934/3073/2934 2915/3054/2915 2895/3033/2895
f 2915/3054/2915 2935/3075/2935 2936/3074/2936 2916/3053/2916
f 2916/3053/2916 2936/3074/2936 2937/3076/2937 2917/3055/2917
f 2917/3055/2917 2937/3078/2937 2938/3077/2938 2918/3056/2918
f 2918/3056/2918 2938/3077/2938 2939/3079/2939 2919/3057/2919
f 2919/3057/2919 2939/3079/2939 2940/3080/2940 2920/3058/2920
f 2920/3058/2920 2940/3080/2940 2941/3081/2941 2921/3059/2921
f 2921/3059/2921 2941/3081/2941 2942/3082/2942 2922/3060/2922
f 2922/3060/2922 2942/3082/2942 2943/3083/2943 2923/3061/2923
f 2923/3061/2923 2943/3083/2943 2944/3084/2944 2924/3062/2924
f 2924/3062/2924 2944/3084/2944 2945/3085/2945 2925/3063/2925
f 2925/3063/2925 2945/3085/2945 2946/3086/2946 2926/3064/2926
f 2926/3064/2926 2946/3086/2946 2947/3087/2947 2927/3065/2927
f 2927/3067/2927 2947/3089/2947 2948/3088/2948 2928/3066/2928
f 2928/3066/2928 2948/3088/2948 2949/3090/2949 2929/3068/2929
f 2929/3068/2929 2949/3090/2949 2950/3091/2950 2930/3069/2930
f 2930/3069/2930 2950/3091/2950 2951/3092/2951 2931/3070/2931
f 2931/3070/2931 2951/3092/2951 2952/3093/2952 2932/3071/2932
f 2932/3071/2932 2952/3093/2952 2953/3094/2953 2933/3072/2933
f 2933/3072/2933 2953/3094/2953 2954/3095/2954 2934/3073/2934
f 2934/3073/2934 2954/3095/2954 2935/3075/2935 2915/3054/2915
f 2935/3075/2935 2955/3097/2955 2956/3096/2956 2936/3074/2936
f 2936/3074/2936 2956/3096/2956 2957/3098/2957 2937/3076/2937
f 2937/3078/2937 2957/3100/2957 2958/3099/2958 2938/3077/2938
f 2938/3077/2938 2958/3099/2958 2959/3101/2959 2939/3079/2939
f 2939/3079/2939 2959/3101/2959 2960/3102/2960 2940/3080/2940
f 2940/3080/2940 2960/3102/2960 2961/3103/2961 2941/3081/2941
f 2941/3081/2941 2961/3103/2961 2962/3104/2962 2942/3082/2942
f 2942/3082/2942 2962/3104/2962 2963/3105/2963 2943/3083/2943
f 2943/3083/2943 2963/3105/2963 2964/3106/2964 2944/3084/2944
f 2944/3084/2944 2964/3106/2964 2965/3107/2965 2945/3085/2945
f 2945/3085/2945 2965/3107/2965 2966/3108/2966 2946/3086/2946
f 2946/3086/2946 2966/3108/2966 2967/3109/2967 2947/3087/2947
f 2947/3089/2947 2967/3111/2967 2968/3110/2968 2948/3088/2948
f 2948/3088/2948 2968/3110/2968 2969/3112/2969 2949/3090/2949
f 2949/3090/2949 2969/3112/2969 2970/3113/2970 2950/3091/2950
f 2950/3091/2950 2970/3113/2970 2971/3114/2971 2951/3092/2951
f 2951/3092/2951 2971/3114/2971 2972/3115/2972 2952/3093/2952
f 2952/3093/2952 2972/3115/2972 2973/3116/2973 2953/3094/2953
f 2953/3094/2953 2973/3116/2973 2974/3117/2974 2954/3095/2954
f 2954/3095/2954 2974/3117/2974 2955/3097/2955 2935/3075/2935
f 2955/3097/2955 2975/3119/2975 2976/3118/2976 2956/3096/2956
f 2956/3096/2956 2976/3118/2976 2977/3120/2977 2957/3098/2957
f 2957/3100/2957 2977/3122/2977 2978/3121/2978 2958/3099/2958
f 2958/3099/2958 2978/3121/2978 2979/3123/2979 2959/3101/2959
f 2959/3101/2959 2979/3123/2979 2980/3124/2980 2960/3102/2960
f 2960/3102/2960 2980/3124/2980 2981/3125/2981 2961/3103/2961
f 2961/3103/2961 2981/3125/2981 2982/3126/2982 2962/3104/2962
f 2962/3104/2962 2982/3126/2982 2983/3127/2983 2963/3105/2963
f 2963/3105/2963 2983/3127/2983 2984/3128/2984 2964/3106/2964
f 2964/3106/2964 2984/3128/2984 2985/3129/2985 2965/3107/2965
f 2965/3107/2965 2985/3129/2985 2986/3130/2986 2966/3108/2966
f 2966/3108/2966 2986/3130/2986 2987/3131/2987 2967/3109/2967
f 2967/3111/2967 2987/3133/2987 2988/3132/2988 2968/3110/2968
f 2968/3110/2968 2988/3132/2988 2989/3134/2989 2969/3112/2969
f 2969/3112/2969 2989/3134/2989 2990/3135/2990 2970/3113/2970
f 2970/3113/2970 2990/3135/2990 2991/3136/2991 2971/3114/2971
f 2971/3114/2971 2991/3136/2991 2992/3137/2992 2972/3115/2972
f 2972/3115/2972 2992/3137/2992 2993/3138/2993 2973/3116/2973
f 2973/3116/2973 2993/3138/2993 2994/3139/2994 2974/3117/2974
f 2974/3117/2974 2994/3139/2994 2975/3119/2975 2955/3097/2955
f 2975/3119/2975 2995/3141/2995 2996/3140/2996 2976/3118/2976
f 2976/3118/2976 2996/3140/2996 2997/3142/2997 2977/3120/2977
f 2977/3122/2977 2997/3144/2997 2998/3143/2998 2978/3121/2978
f 2978/3121/2978 2998/3143/2998 2999/3145/2999 2979/3123/2979
f 2979/3123/2979 2999/3145/2999 3000/3146/3000 2980/3124/2980
f 2980/3124/2980 3000/3146/3000 3001/3147/3001 2981/3125/2981
f 2981/3125/2981 3001/3147/3001 3002/3148/3002 2982/3126/2982
f 2982/3126/2982 3002/3148/3002 3003/3149/3003 2983/3127/2983
f 2983/3127/2983 3003/3149/3003 3004/3150/3004 2984/3128/2984
f 2984/3128/2984 3004/3150/3004 3005/3151/3005 2985/3129/2985
f 2985/3129/2985 3005/3151/3005 3006/3152/3006 2986/3130/2986
f 2986/3130/2986 3006/3152/3006 3007/3153/3007 2987/3131/2987
f 2987/3133/2987 3007/3155/3007 3008/3154/3008 2988/3132/2988
f 2988/3132/2988 3008/3154/3008 3009/3156/3009 2989/3134/2989
f 2989/3134/2989 3009/3156/3009 3010/3157/3010 2990/3135/2990
f 2990/3135/2990 3010/3157/3010 3011/3158/3011 2991/3136/2991
f 2991/3136/2991 3011/3158/3011 3012/3159/3012 2992/3137/2992
f 2992/3137/2992 3012/3159/3012 3013/3160/3013 2993/3138/2993
f 2993/3138/2993 3013/3160/3013 3014/3161/3014 2994/3139/2994
f 2994/3139/2994 3014/3161/3014 2995/3141/2995 2975/3119/2975
f 2995/3141/2995 3015/3163/3015 3016/3162/3016 2996/3140/2996
f 2996/3140/2996 3016/3162/3016 3017/3164/3017 2997/3142/2997
f 2997/3144/2997 3017/3166/3017 3018/3165/3018 2998/3143/2998
f 2998/3143/2998 3018/3165/3018 3019/3167/3019 2999/3145/2999
f 2999/3145/2999 3019/3167/3019 3020/3168/3020 3000/3146/3000
f 3000/3146/3000 3020/3168/3020 3021/3169/3021 3001/3147/3001
f 3001/3147/3001 3021/3169/3021 3022/3170/3022 3002/3148/3002
f 3002/3148/3002 3022/3170/3022 3023/3171/3023 3003/3149/3003
f 3003/3149/3003 3023/3171/3023 3024/3172/3024 3004/3150/3004
f 3004/3150/3004 3024/3172/3024 3025/3173/3025 3005/3151/3005
f 3005/3151/3005 3025/3173/3025 3026/3174/3026 3006/3152/3006
f 3006/3152/3006 3026/3174/3026 3027/3175/3027 3007/3153/3007
f 3007/3155/3007 3027/3177/3027 3028/3176/3028 3008/3154/3008
f 3008/3154/3008 3028/3176/3028 3029/3178/3029 3009/3156/3009
f 3009/3156/3009 3029/3178/3029 3030/3179/3030 3010/3157/3010
f 3010/3157/3010 3030/3179/3030 3031/3180/3031 3011/3158/3011
f 3011/3158/3011 3031/3180/3031 3032/3181/3032 3012/3159/3012
f 3012/3159/3012 3032/3181/3032 3033/3182/3033 3013/3160/3013
f 3013/3160/3013 3033/3182/3033 3034/3183/3034 3014/3161/3014
f 3014/3161/3014 3034/3183/3034 3015/3163/3015 2995/3141/2995
f 3015/3163/3015 3035/3185/3035 3036/3184/3036 3016/3162/3016
f 3016/3162/3016 3036/3184/3036 3037/3186/3037 3017/3164/3017
f 3017/3166/3017 3037/3188/3037 3038/3187/3038 3018/3165/3018
f 3018/3165/3018 3038/3187/3038 3039/3189/3039 3019/3167/3019
f 3019/3167/3019 3039/3189/3039 3040/3190/3040 3020/3168/3020
f 3020/3168/3020 3040/3190/3040 3041/3191/3041 3021/3169/3021
f 3021/3169/3021 3041/3191/3041 3042/3192/3042 3022/3170/3022
f 3022/3170/3022 3042/3192/3042 3043/3193/3043 3023/3171/3023
f 3023/3171/3023 3043/3193/3043 3044/3194/3044 3024/3172/3024
f 3024/3172/3024 3044/3194/3044 3045/3195/3045 3025/3173/3025
f 3025/3173/3025 3045/3195/3045 3046/3196/3046 3026/3174/3026
f 3026/3174/3026 3046/3196/3046 3047/3197/3047 3027/3175/3027
f 3027/3177/3027 3047/3199/3047 3048/3198/3048 3028/3176/3028
f 3028/3176/3028 3048/3198/3048 3049/3200/3049 3029/3178/3029
f 3029/3178/3029 3049/3200/3049 3050/3201/3050 3030/3179/3030
f 3030/3179/3030 3050/3201/3050 3051/3202/3051 3031/3180/3031
f 3031/3180/3031 3051/3202/3051 3052/3203/3052 3032/3181/3032
f 3032/3181/3032 3052/3203/3052 3053/3204/3053 3033/3182/3033
f 3033/3182/3033 3053/3204/3053 3054/3205/3054 3034/3183/3034
f 3034/3183/3034 3054/3205/3054 3035/3185/3035 3015/3163/3015
f 2676/2809/2678 3055/3206/3055 2675/2808/2675
f 2677/2812/2680 3055/3206/3055 2676/2809/2678
f 2678/2814/2682 3055/3206/3055 2677/2812/2680
f 2679/2816/2684 3055/3206/3055 2678/2814/2682
f 2680/2818/2686 3055/3206/3055 2679/2816/2684
f 2681/2820/2688 3055/3206/3055 2680/2818/2686
f 2682/2822/2690 3055/3206/3055 2681/2820/2688
f 2683/2824/2692 3055/3206/3055 2682/2822/2690
f 2684/2826/2694 3055/3206/3055 2683/2824/2692
f 2685/2828/2696 3055/3206/3055 2684/2826/2694
f 2686/2830/2698 3055/3206/3055 2685/2828/2696
f 2687/2832/2700 3055/3206/3055 2686/2830/2698
f 2688/2834/2702 3055/3206/3055 2687/2832/2700
f 2689/2836/2704 3055/3206/3055 2688/2834/2702
f 2690/2838/2706 3055/3206/3055 2689/2836/2704
f 2691/2840/2708 3055/3206/3055 2690/2838/2706
f 2692/2842/2710 3055/3206/3055 2691/2840/2708
f 2693/2844/2712 3055/3206/3055 2692/2842/2710
f 2694/2846/2714 3055/3206/3055 2693/2844/2712
f 2675/2808/2675 3055/3206/3055 2694/2846/2714
f 3035/3185/3035 3056/3207/3056 3036/3184/3036
f 3036/3184/3036 3056/3207/3056 3037/3186/3037
f 3037/3188/3037 3056/3208/3056 3038/3187/3038
f 3038/3187/3038 3056/3208/3056 3039/3189/3039
f 3039/3189/3039 3056/3208/3056 3040/3190/3040
f 3040/3190/3040 3056/3208/3056 3041/3191/3041
f 3041/3191/3041 3056/3208/3056 3042/3192/3042
f 3042/3192/3042 3056/3208/3056 3043/3193/3043
f 3043/3193/3043 3056/3208/3056 3044/3194/3044
f 3044/3194/3044 3056/3208/3056 3045/3195/3045
f 3045/3195/3045 3056/3208/3056 3046/3196/3046
f 3046/3196/3046 3056/3208/3056 3047/3197/3047
f 3047/3199/3047 3056/3207/3056 3048/3198/3048
f 3048/3198/3048 3056/3207/3056 3049/3200/3049
f 3049/3200/3049 3056/3207/3056 3050/3201/3050
f 3050/3201/3050 3056/3207/3056 3051/3202/3051
f 3051/3202/3051 3056/3207/3056 3052/3203/3052
f 3052/3203/3052 3056/3207/3056 3053/3204/3053
f 3053/3204/3053 3056/3207/3056 3054/3205/3054
f 3054/3205/3054 3056/3207/3056 3035/3185/3035
g default
v -0.019866 0.011119 -0.539015
v -0.079698 0.002058 -0.545327
v -0.172814 0.002058 -0.545327
v -0.257035 0.011119 -0.539015
v -0.043484 0.083605 -0.544302
v -0.085226 0.083605 -0.557130
v -0.177941 0.083605 -0.557143
v -0.296403 0.083605 -0.544384
v -0.005410 0.168176 -0.536124
v -0.079787 0.175569 -0.552788
v -0.172714 0.175671 -0.552870
v -0.259810 0.168889 -0.536616
v -0.009435 0.203283 -0.520916
v -0.079217 0.249723 -0.524229
v -0.171085 0.250436 -0.524243
v -0.240521 0.207090 -0.521062
v -0.001326 0.199200 -0.489669
v -0.079306 0.260140 -0.489404
v -0.170984 0.260956 -0.489404
v -0.248509 0.204094 -0.489682
v -0.001326 0.199200 -0.437519
v -0.079306 0.260140 -0.437804
v -0.170984 0.260956 -0.437804
v -0.248509 0.204094 -0.437525
v -0.009435 0.203283 -0.408406
v -0.079217 0.249723 -0.405192
v -0.171085 0.250436 -0.405198
v -0.240521 0.207090 -0.408470
v -0.005410 0.168176 -0.392236
v -0.079787 0.175569 -0.373208
v -0.172714 0.175671 -0.373244
v -0.259810 0.168889 -0.392452
v -0.043484 0.083605 -0.382460
v -0.085226 0.083605 -0.368193
v -0.177941 0.083605 -0.368199
v -0.296403 0.083605 -0.382496
v -0.019866 0.011119 -0.387665
v -0.079698 0.002058 -0.381198
v -0.172814 0.002058 -0.381198
v -0.257036 0.011119 -0.387665
v -0.005891 0.002058 -0.433840
v -0.078592 -0.009591 -0.433840
v -0.171789 -0.009591 -0.433840
v -0.261539 0.002058 -0.433840
v -0.005891 0.002058 -0.492891
v -0.078592 -0.009591 -0.492891
v -0.171789 -0.009591 -0.492891
v -0.261539 0.002058 -0.492891
v -0.314205 0.083605 -0.434057
v -0.314205 0.083605 -0.492734
v -0.272384 0.167759 -0.435633
v -0.272384 0.167759 -0.491512
v -0.038468 0.083605 -0.434051
v -0.038468 0.083605 -0.492721
v 0.005045 0.166944 -0.435597
v 0.005045 0.166944 -0.491430
v -0.307519 0.589066 -0.103724
v 0.000920 0.722067 -0.114760
v 0.297917 0.723276 -0.114760
v 0.589583 0.673667 -0.114760
v -0.298325 0.504156 -0.408933
v 0.000805 0.606259 -0.418655
v 0.297917 0.591346 -0.418655
v 0.557176 0.499907 -0.408933
v -0.361160 0.406593 -0.420013
v -0.000265 0.404339 -0.431155
v 0.297917 0.402096 -0.431155
v 0.589583 0.387853 -0.418655
v -0.537424 0.080552 -0.411346
v -0.004179 0.074215 -0.431155
v 0.297917 0.074215 -0.431155
v 0.619455 0.071668 -0.432759
v -0.377586 0.015702 -0.408933
v -0.000633 0.000000 -0.418655
v 0.297917 -0.000000 -0.418655
v 0.612820 -0.000000 -0.433662
v -0.381682 0.000000 -0.108170
v -0.000000 -0.009591 -0.114760
v 0.297917 -0.009591 -0.114760
v 0.595216 -0.008478 -0.114760
v 0.630288 0.154749 -0.114760
v 0.631250 0.414243 -0.114760
v -0.626781 0.066547 -0.051992
v -0.182883 0.644020 -0.114760
v -0.186065 0.543828 -0.418655
v -0.215662 0.406263 -0.431155
v -0.220528 0.002913 -0.408933
v -0.208333 -0.009591 -0.114760
v -0.308318 0.568357 -0.310584
v -0.384879 0.521307 -0.318203
v -0.619230 0.074200 -0.321650
v -0.381682 0.000000 -0.313390
v -0.208333 -0.009591 -0.314488
v -0.000000 -0.009591 -0.314488
v 0.297917 -0.009591 -0.314488
v 0.625904 -0.004957 -0.329391
v 0.642118 0.088215 -0.329859
v 0.631250 0.395619 -0.314488
v 0.589583 0.554910 -0.314488
v 0.297917 0.655578 -0.314488
v 0.000920 0.666175 -0.314488
v -0.182883 0.597074 -0.314488
v 0.775831 0.007460 -0.434781
v 0.775831 0.050089 -0.434782
v 0.775831 0.007460 -0.499914
v 0.775831 0.050089 -0.499914
v -0.539916 0.235588 -0.400679
v -0.483879 0.218594 -0.426801
v -0.277929 0.279449 -0.431155
v -0.002912 0.208807 -0.431155
v 0.297917 0.208807 -0.431155
v 0.589583 0.208807 -0.418655
v 0.631250 0.208807 -0.314488
v 0.631250 0.208807 -0.114760
v -0.085165 0.696937 -0.114760
v -0.085165 0.642647 -0.314488
v -0.086238 0.586437 -0.418655
v -0.096222 0.403345 -0.431155
v -0.125876 0.215992 -0.431155
v -0.116514 0.080552 -0.431155
v -0.106249 0.004636 -0.418655
v -0.093750 -0.009591 -0.314488
v -0.093750 -0.009591 -0.114760
v -0.644032 0.301509 -0.379984
v -0.742613 0.139399 -0.297657
v -0.744997 0.121818 -0.075192
v -0.487164 0.453996 -0.292272
v -0.710495 0.377439 -0.155056
v -0.714149 0.381534 -0.269161
v -0.760840 0.294755 -0.254269
v -0.759025 0.290578 -0.158765
v -0.627092 0.451702 -0.249282
v -0.626526 0.451811 -0.151924
v -0.306673 0.590861 0.000000
v 0.000920 0.730761 0.000000
v -0.208333 -0.009591 0.000000
v 0.297917 -0.009591 0.000000
v 0.595216 -0.008478 0.000000
v 0.630288 0.156856 0.000000
v 0.631250 0.208807 0.000000
v -0.645279 0.108271 0.000000
v -0.372734 0.560242 0.000000
v -0.351046 0.572956 0.000000
v -0.093750 -0.009591 0.000000
v -0.693580 0.162963 0.000000
v -0.430469 0.508438 0.000000
v -0.643611 0.307907 0.000000
v -0.518579 0.447296 0.000000
v -0.182883 0.651114 0.000000
v -0.604712 0.063262 0.000000
v -0.381682 -0.000000 0.000000
v -0.000000 -0.009591 -0.000000
v 0.631250 0.417140 0.000000
v 0.589583 0.692140 0.000000
v 0.297917 0.733807 0.000000
v -0.085165 0.705382 0.000000
v -0.019865 0.011119 0.539015
v -0.079698 0.002058 0.545327
v -0.172814 0.002058 0.545327
v -0.257036 0.011119 0.539015
v -0.043484 0.083605 0.544302
v -0.085226 0.083605 0.557130
v -0.177941 0.083605 0.557143
v -0.296403 0.083605 0.544384
v -0.005409 0.168176 0.536124
v -0.079787 0.175569 0.552788
v -0.172714 0.175671 0.552870
v -0.259810 0.168889 0.536616
v -0.009435 0.203283 0.520916
v -0.079217 0.249723 0.524229
v -0.171085 0.250436 0.524243
v -0.240521 0.207090 0.521062
v -0.001326 0.199200 0.489669
v -0.079306 0.260140 0.489404
v -0.170984 0.260956 0.489404
v -0.248509 0.204094 0.489682
v -0.001326 0.199200 0.437519
v -0.079306 0.260140 0.437804
v -0.170984 0.260956 0.437804
v -0.248509 0.204094 0.437525
v -0.009435 0.203283 0.408406
v -0.079217 0.249723 0.405192
v -0.171085 0.250436 0.405198
v -0.240521 0.207090 0.408470
v -0.005409 0.168176 0.392236
v -0.079787 0.175569 0.373208
v -0.172714 0.175671 0.373244
v -0.259810 0.168889 0.392452
v -0.043484 0.083605 0.382460
v -0.085226 0.083605 0.368193
v -0.177941 0.083605 0.368199
v -0.296403 0.083605 0.382496
v -0.019865 0.011119 0.387665
v -0.079698 0.002058 0.381198
v -0.172814 0.002058 0.381198
v -0.257036 0.011119 0.387665
v -0.005891 0.002058 0.433840
v -0.078592 -0.009591 0.433840
v -0.171789 -0.009591 0.433840
v -0.261539 0.002058 0.433840
v -0.005891 0.002058 0.492891
v -0.078592 -0.009591 0.492891
v -0.171789 -0.009591 0.492891
v -0.261539 0.002058 0.492891
v -0.314205 0.083605 0.434057
v -0.314205 0.083605 0.492734
v -0.272384 0.167759 0.435633
v -0.272384 0.167759 0.491512
v -0.038468 0.083605 0.434050
v -0.038468 0.083605 0.492721
v 0.005045 0.166944 0.435597
v 0.005045 0.166944 0.491430
v -0.307519 0.589066 0.103724
v 0.000920 0.722067 0.114760
v 0.297917 0.723276 0.114760
v 0.589583 0.673667 0.114760
v -0.298325 0.504156 0.408933
v 0.000805 0.606259 0.418655
v 0.297917 0.591346 0.418655
v 0.557176 0.499907 0.408933
v -0.361161 0.406593 0.420013
v -0.000265 0.404339 0.431155
v 0.297917 0.402096 0.431155
v 0.589583 0.387852 0.418655
v -0.537424 0.080552 0.411346
v -0.004179 0.074215 0.431155
v 0.297917 0.074215 0.431155
v 0.619455 0.071668 0.432759
v -0.377586 0.015702 0.408932
v -0.000633 0.000000 0.418655
v 0.297917 0.000000 0.418655
v 0.612820 0.000000 0.433662
v -0.381682 0.000000 0.108170
v -0.000000 -0.009591 0.114760
v 0.297917 -0.009591 0.114760
v 0.595216 -0.008478 0.114760
v 0.630288 0.154749 0.114760
v 0.631250 0.414243 0.114760
v -0.626781 0.066540 0.051992
v -0.182883 0.644020 0.114760
v -0.186065 0.543828 0.418655
v -0.215662 0.406263 0.431155
v -0.220528 0.002913 0.408932
v -0.208333 -0.009591 0.114760
v -0.308318 0.568357 0.310584
v -0.384237 0.519879 0.318203
v -0.619230 0.074158 0.321650
v -0.381682 0.000000 0.313390
v -0.208333 -0.009591 0.314488
v -0.000000 -0.009591 0.314488
v 0.297917 -0.009591 0.314488
v 0.625904 -0.004957 0.329391
v 0.642118 0.088215 0.329859
v 0.631250 0.395619 0.314488
v 0.589583 0.554910 0.314488
v 0.297917 0.655578 0.314488
v 0.000920 0.666175 0.314488
v -0.182883 0.597074 0.314488
v 0.775831 0.007460 0.434781
v 0.775831 0.050089 0.434781
v 0.775831 0.007460 0.499914
v 0.775831 0.050089 0.499914
v -0.539749 0.235205 0.400679
v -0.483880 0.218594 0.426801
v -0.277929 0.279449 0.431155
v -0.002912 0.208807 0.431155
v 0.297917 0.208807 0.431155
v 0.589583 0.208807 0.418655
v 0.631250 0.208807 0.314488
v 0.631250 0.208807 0.114760
v -0.085165 0.696937 0.114760
v -0.085165 0.642647 0.314488
v -0.086238 0.586437 0.418655
v -0.096222 0.403345 0.431155
v -0.125876 0.215992 0.431155
v -0.116514 0.080552 0.431155
v -0.106249 0.004636 0.418655
v -0.093750 -0.009591 0.314488
v -0.093750 -0.009591 0.114760
v -0.643029 0.299212 0.379984
v -0.742613 0.139004 0.297657
v -0.744997 0.121752 0.075192
v -0.481179 0.440685 0.292272
v -0.710495 0.377439 0.155056
v -0.713981 0.381151 0.269161
v -0.760840 0.294638 0.254269
v -0.759025 0.290559 0.158765
v -0.625368 0.447868 0.249282
v -0.626288 0.451282 0.151924
v 0.675857 0.010924 -0.279303
v 0.676825 0.005567 -0.114760
v 0.707356 0.110006 -0.301988
v 0.718365 0.121810 -0.114760
v 0.676825 0.005567 0.000000
v 0.718365 0.123917 0.000000
v 0.718365 0.121810 0.114760
v 0.676825 0.005567 0.114760
v 0.707356 0.110006 0.301988
v 0.675857 0.010924 0.279303
v 0.646205 0.441042 -0.279303
v 0.636296 0.562623 -0.114760
v 0.706963 0.555942 -0.114760
v 0.698550 0.436093 -0.279303
v 0.636296 0.577369 0.000000
v 0.706963 0.570688 0.000000
v 0.646205 0.441042 0.279303
v 0.636296 0.562623 0.114760
v 0.698550 0.436093 0.279303
v 0.706963 0.555942 0.114760
v -0.125190 0.002058 0.545436
v -0.242997 0.083605 0.554376
v -0.282047 0.037007 0.544999
v -0.222489 0.002058 0.544999
v -0.028004 0.130203 0.541336
v -0.036773 0.171873 0.547416
v -0.083015 0.130203 0.557382
v -0.125190 0.176802 0.554578
v -0.175890 0.130203 0.557437
v -0.222086 0.172280 0.547744
v -0.282047 0.130203 0.541664
v 0.000458 0.188897 0.528691
v -0.034491 0.223845 0.523389
v -0.078949 0.218471 0.540370
v -0.125190 0.258349 0.524509
v -0.171386 0.218879 0.540425
v -0.215571 0.226700 0.523443
v -0.250520 0.191751 0.529019
v -0.001325 0.199200 0.509526
v -0.034848 0.230566 0.489404
v -0.079305 0.260140 0.508466
v -0.125190 0.269998 0.489404
v -0.170984 0.260956 0.508466
v -0.215169 0.233828 0.489404
v -0.248509 0.204094 0.509581
v -0.001325 0.199200 0.463366
v -0.034848 0.230566 0.437804
v -0.079305 0.260140 0.463366
v -0.125190 0.269998 0.437804
v -0.170984 0.260956 0.463366
v -0.215169 0.233828 0.437804
v -0.248509 0.204094 0.463366
v -0.001325 0.199200 0.419030
v -0.034491 0.223845 0.406240
v -0.079305 0.260140 0.420171
v -0.125190 0.258349 0.404843
v -0.170984 0.260956 0.420171
v -0.215571 0.226700 0.406264
v -0.248509 0.204094 0.419054
v 0.000458 0.188897 0.400535
v -0.036773 0.171873 0.379910
v -0.078949 0.218471 0.387597
v -0.125190 0.176802 0.370974
v -0.171386 0.218879 0.387621
v -0.222086 0.172280 0.380054
v -0.250520 0.191751 0.400679
v -0.028004 0.130203 0.386106
v -0.058530 0.083605 0.371741
v -0.083015 0.130203 0.367852
v -0.125190 0.083605 0.367010
v -0.175890 0.130203 0.367876
v -0.242997 0.083605 0.371765
v -0.282047 0.130203 0.386250
v -0.028004 0.037007 0.381615
v -0.036416 0.002058 0.381615
v -0.083015 0.037007 0.370900
v -0.125190 0.002058 0.381059
v -0.175890 0.037007 0.370900
v -0.222489 0.002058 0.381615
v -0.282047 0.037007 0.381615
v -0.005890 0.002058 0.404315
v -0.031994 -0.009591 0.433840
v -0.078592 -0.009591 0.404315
v -0.125190 -0.009591 0.433840
v -0.171789 -0.009591 0.404315
v -0.218387 -0.009591 0.433840
v -0.261539 0.002058 0.404315
v -0.005890 0.002058 0.463366
v -0.031994 -0.009591 0.492891
v -0.078592 -0.009591 0.463366
v -0.125190 -0.009591 0.492891
v -0.171789 -0.009591 0.463366
v -0.218387 -0.009591 0.492891
v -0.261539 0.002058 0.463366
v -0.005890 0.002058 0.522417
v -0.078592 -0.009591 0.522417
v -0.171789 -0.009591 0.522417
v -0.261539 0.002058 0.522417
v -0.297799 0.037007 0.433840
v -0.314205 0.083605 0.405180
v -0.297799 0.037007 0.492891
v -0.314205 0.083605 0.463366
v -0.314205 0.083605 0.521788
v -0.297799 0.130203 0.434705
v -0.272384 0.167759 0.411487
v -0.297799 0.130203 0.492263
v -0.272384 0.167759 0.463366
v -0.272384 0.167759 0.516901
v -0.261767 0.187230 0.436687
v -0.261767 0.187230 0.490519
v -0.038467 0.083605 0.405156
v -0.020777 0.037007 0.433840
v -0.038467 0.083605 0.463366
v -0.020777 0.037007 0.492891
v -0.038467 0.083605 0.521734
v 0.005046 0.166944 0.411343
v -0.020777 0.130203 0.434681
v 0.005046 0.166944 0.463366
v -0.020777 0.130203 0.492208
v 0.005046 0.166944 0.516573
v 0.011751 0.183967 0.436663
v 0.011751 0.183967 0.490464
v -0.309108 0.584009 0.198873
v -0.248622 0.580818 0.314488
v -0.182884 0.622739 0.214488
v -0.248622 0.613937 0.114760
v 0.000920 0.695984 0.214488
v 0.131250 0.668999 0.314488
v 0.297917 0.691684 0.214488
v 0.131250 0.725083 0.114760
v 0.464584 0.615317 0.314488
v 0.589583 0.618247 0.214488
v 0.464584 0.717856 0.114760
v -0.324920 0.465623 0.418655
v -0.296011 0.398449 0.431155
v -0.195608 0.479886 0.431155
v -0.253221 0.517488 0.418655
v 0.000460 0.515936 0.431155
v 0.131250 0.404677 0.431155
v 0.297917 0.506964 0.431155
v 0.131250 0.608638 0.418655
v 0.464584 0.394353 0.431155
v 0.589583 0.449990 0.418655
v 0.464584 0.539470 0.418655
v -0.004052 0.133807 0.431155
v 0.131250 0.074215 0.431155
v 0.297917 0.133807 0.431155
v 0.131250 0.208807 0.431155
v 0.464584 0.074215 0.431155
v 0.589583 0.133807 0.418655
v 0.464584 0.208807 0.431155
v -0.002533 0.028774 0.431155
v 0.131250 0.000000 0.418655
v 0.297917 0.028774 0.431155
v 0.464584 0.000000 0.418655
v 0.612820 0.028774 0.446546
v -0.381682 -0.000000 0.210094
v -0.285416 -0.009591 0.114760
v -0.208333 -0.009591 0.214488
v -0.285416 -0.009591 0.314488
v -0.000000 -0.009591 0.214488
v 0.131250 -0.009591 0.114760
v 0.297917 -0.009591 0.214488
v 0.131250 -0.009591 0.314488
v 0.464584 -0.009591 0.114760
v 0.595216 -0.008478 0.214488
v 0.464584 -0.009591 0.314488
v 0.700892 0.028774 0.114760
v 0.718365 0.115491 0.214488
v 0.692187 0.028774 0.301988
v 0.676825 0.005567 0.214488
v 0.631250 0.133807 0.114760
v 0.631250 0.208807 0.214488
v 0.631250 0.133807 0.314488
v 0.630288 0.148429 0.214488
v 0.631250 0.555551 0.114760
v 0.631250 0.481054 0.314488
v 0.631250 0.405551 0.214488
v -0.621686 0.059774 0.183731
v -0.503812 0.028774 0.088397
v -0.503812 0.028774 0.310094
v -0.741691 0.332787 0.153025
v -0.767322 0.307878 0.210094
v -0.745777 0.340280 0.266446
v -0.723194 0.393443 0.214488
v -0.342074 0.575910 0.070614
v -0.371177 0.557250 0.162190
v -0.345273 0.556758 0.298873
v -0.127805 0.672812 0.114760
v -0.127805 0.620060 0.314488
v -0.085164 0.671602 0.214488
v -0.148341 0.406110 0.431155
v -0.089457 0.504670 0.431155
v -0.129798 0.567408 0.418655
v -0.143750 -0.009591 0.114760
v -0.093750 -0.009591 0.214488
v -0.143750 -0.009591 0.314488
v -0.308055 0.532978 0.381155
v -0.382877 0.454618 0.386586
v -0.511910 0.126092 0.424086
v -0.524071 0.219214 0.413740
v -0.601427 0.141847 0.381671
v -0.591602 0.074215 0.386586
v -0.451132 0.047318 0.418655
v -0.381682 0.000000 0.381155
v -0.208333 -0.009591 0.381155
v -0.287335 0.018543 0.418655
v -0.181086 0.018543 0.418655
v -0.093750 -0.009591 0.381155
v -0.000000 -0.009591 0.381155
v 0.297917 -0.009591 0.381155
v 0.612820 -0.009591 0.395007
v 0.793904 0.057549 0.478122
v 0.793904 0.028774 0.523318
v 0.793904 0.000000 0.478122
v 0.793904 0.028774 0.432926
v 0.654486 0.083807 0.395007
v 0.631250 0.208807 0.381155
v 0.589583 0.512685 0.381155
v 0.631250 0.388996 0.381155
v 0.297917 0.631508 0.381155
v 0.000920 0.646303 0.381155
v -0.085164 0.623344 0.381155
v -0.182884 0.576831 0.381155
v 0.724195 0.057549 0.394447
v 0.724195 0.000000 0.394447
v 0.663192 0.028774 0.343468
v 0.724195 -0.000000 0.478682
v 0.724195 0.057549 0.478682
v -0.631495 0.465344 0.198873
v -0.672221 0.425254 0.155734
v -0.673520 0.425200 0.266446
v -0.423889 0.318172 0.424086
v -0.462764 0.371157 0.381671
v -0.363308 0.237548 0.431155
v -0.250371 0.344221 0.431155
v -0.214007 0.237548 0.431155
v -0.107931 0.307765 0.431155
v -0.001519 0.300473 0.431155
v 0.297917 0.300473 0.431155
v 0.589583 0.300473 0.418655
v 0.631250 0.300473 0.314488
v 0.631250 0.300473 0.114760
v -0.056737 0.713020 0.114760
v -0.056737 0.657705 0.314488
v -0.057197 0.599123 0.418655
v -0.061476 0.403325 0.431155
v -0.072066 0.208807 0.431155
v -0.077130 0.074215 0.431155
v -0.151345 0.126092 0.431155
v -0.062949 0.000000 0.418655
v -0.143748 0.047318 0.431155
v -0.060417 -0.009591 0.314488
v -0.060417 -0.009591 0.114760
v -0.586783 0.262363 0.396325
v -0.704940 0.210397 0.360976
v -0.691681 0.099365 0.304062
v -0.755171 0.113523 0.183731
v -0.699618 0.083475 0.062034
v -0.714479 0.151491 0.028034
v -0.648617 0.095924 0.012613
v -0.428244 0.472259 0.300622
v -0.557756 0.376960 0.360976
v -0.686344 0.344274 0.330961
v -0.762782 0.226803 0.278441
v -0.758697 0.217626 0.114666
v -0.672397 0.329427 0.078981
v -0.561515 0.443798 0.267220
v -0.604791 0.062119 0.017007
v -0.381682 0.000000 0.044517
v -0.208333 -0.009591 0.048911
v -0.000000 -0.009591 0.048911
v 0.297917 -0.009591 0.048911
v 0.595216 -0.008478 0.048911
v 0.000920 0.730761 0.048911
v -0.085164 0.705382 0.048911
v -0.182884 0.651114 0.048911
v -0.445355 0.487432 0.162190
v -0.563585 0.451479 0.099273
v -0.305722 0.591188 0.044835
v -0.093750 -0.009591 0.048911
v 0.718365 0.123917 0.048911
v 0.676825 0.005567 0.048911
v 0.631250 0.208807 0.048911
v 0.630288 0.156856 0.048911
v 0.631250 0.417140 0.048911
v 0.589583 0.692140 0.048911
v 0.297917 0.733807 0.048911
v 0.656854 0.003340 -0.301988
v 0.653781 -0.005138 -0.114760
v 0.674327 0.110405 -0.331155
v 0.636296 0.518385 -0.214488
v 0.670668 0.630225 -0.114760
v 0.706962 0.511704 -0.214488
v 0.671629 0.472913 -0.301988
v 0.653781 -0.005138 0.000000
v 0.636296 0.577369 -0.048911
v 0.670668 0.647078 0.000000
v 0.706962 0.570688 -0.048911
v 0.636296 0.518385 0.214488
v 0.671629 0.472913 0.301988
v 0.706962 0.511704 0.214488
v 0.670668 0.630225 0.114760
v 0.656854 0.003340 0.301988
v 0.674327 0.110405 0.331155
v 0.653781 -0.005138 0.114760
v 0.636296 0.577369 0.048911
v 0.706962 0.570688 0.048911
v 0.627403 0.350909 -0.114760
v 0.639181 0.299238 -0.301988
v 0.709847 0.292557 -0.301988
v 0.721625 0.342002 -0.114760
v 0.627403 0.359336 0.000000
v 0.721625 0.350428 0.000000
v 0.639181 0.299238 0.301988
v 0.627403 0.350909 0.114760
v 0.709847 0.292558 0.301988
v 0.721625 0.342002 0.114760
v -0.036416 0.002058 -0.544999
v -0.083015 0.037007 -0.555004
v -0.058530 0.083605 -0.554321
v -0.028004 0.037007 -0.544999
v -0.125190 0.002058 -0.545436
v -0.175890 0.037007 -0.555004
v -0.125190 0.083605 -0.558066
v -0.222489 0.002058 -0.544999
v -0.282047 0.037007 -0.544999
v -0.242997 0.083605 -0.554375
v -0.083015 0.130203 -0.557382
v -0.036773 0.171873 -0.547416
v -0.028004 0.130203 -0.541336
v -0.175890 0.130203 -0.557437
v -0.125190 0.176802 -0.554578
v -0.282047 0.130203 -0.541664
v -0.222086 0.172280 -0.547744
v -0.078949 0.218471 -0.540370
v -0.034491 0.223845 -0.523389
v 0.000458 0.188897 -0.528691
v -0.171386 0.218879 -0.540425
v -0.125190 0.258349 -0.524510
v -0.250520 0.191751 -0.529019
v -0.215571 0.226700 -0.523443
v -0.079305 0.260140 -0.508466
v -0.034848 0.230566 -0.489404
v -0.001325 0.199200 -0.509527
v -0.170984 0.260956 -0.508466
v -0.125190 0.269998 -0.489404
v -0.248509 0.204094 -0.509581
v -0.215169 0.233828 -0.489404
v -0.079305 0.260140 -0.463366
v -0.034848 0.230566 -0.437804
v -0.001325 0.199200 -0.463366
v -0.170984 0.260956 -0.463366
v -0.125190 0.269998 -0.437804
v -0.248509 0.204094 -0.463366
v -0.215169 0.233828 -0.437804
v -0.079305 0.260140 -0.420171
v -0.034491 0.223845 -0.406240
v -0.001325 0.199200 -0.419030
v -0.170984 0.260956 -0.420171
v -0.125190 0.258349 -0.404843
v -0.248509 0.204094 -0.419054
v -0.215571 0.226700 -0.406264
v -0.078949 0.218471 -0.387597
v -0.036773 0.171873 -0.379910
v 0.000458 0.188897 -0.400535
v -0.171386 0.218879 -0.387621
v -0.125190 0.176802 -0.370974
v -0.250520 0.191751 -0.400679
v -0.222086 0.172280 -0.380054
v -0.083015 0.130203 -0.367852
v -0.058530 0.083605 -0.371741
v -0.028004 0.130203 -0.386105
v -0.175890 0.130203 -0.367876
v -0.125190 0.083605 -0.367010
v -0.282047 0.130203 -0.386250
v -0.242997 0.083605 -0.371765
v -0.083015 0.037007 -0.370900
v -0.036416 0.002058 -0.381615
v -0.028004 0.037007 -0.381615
v -0.175890 0.037007 -0.370900
v -0.125190 0.002058 -0.381059
v -0.282047 0.037007 -0.381615
v -0.222489 0.002058 -0.381615
v -0.078592 -0.009591 -0.404315
v -0.031994 -0.009591 -0.433840
v -0.005890 0.002058 -0.404315
v -0.171789 -0.009591 -0.404315
v -0.125190 -0.009591 -0.433840
v -0.261539 0.002058 -0.404315
v -0.218387 -0.009591 -0.433840
v -0.078592 -0.009591 -0.463366
v -0.031994 -0.009591 -0.492891
v -0.005890 0.002058 -0.463366
v -0.171789 -0.009591 -0.463366
v -0.125190 -0.009591 -0.492891
v -0.261539 0.002058 -0.463366
v -0.218387 -0.009591 -0.492891
v -0.078592 -0.009591 -0.522417
v -0.005890 0.002058 -0.522417
v -0.171789 -0.009591 -0.522417
v -0.261539 0.002058 -0.522417
v -0.314205 0.083605 -0.405180
v -0.297799 0.037007 -0.433840
v -0.314205 0.083605 -0.463366
v -0.297799 0.037007 -0.492891
v -0.314205 0.083605 -0.521788
v -0.272384 0.167759 -0.411487
v -0.297799 0.130203 -0.434705
v -0.272384 0.167759 -0.463366
v -0.297799 0.130203 -0.492263
v -0.272384 0.167759 -0.516901
v -0.261767 0.187230 -0.436687
v -0.261767 0.187230 -0.490519
v -0.020777 0.037007 -0.433840
v -0.038467 0.083605 -0.405156
v -0.020777 0.037007 -0.492891
v -0.038467 0.083605 -0.463366
v -0.038467 0.083605 -0.521734
v -0.020777 0.130203 -0.434681
v 0.005046 0.166944 -0.411343
v -0.020777 0.130203 -0.492208
v 0.005046 0.166944 -0.463366
v 0.005046 0.166944 -0.516573
v 0.011751 0.183967 -0.436663
v 0.011751 0.183967 -0.490464
v -0.248622 0.613937 -0.114760
v -0.182884 0.622739 -0.214488
v -0.248622 0.580818 -0.314488
v -0.309108 0.584009 -0.198873
v 0.131250 0.725083 -0.114760
v 0.297917 0.691684 -0.214488
v 0.131250 0.668999 -0.314488
v 0.000920 0.695984 -0.214488
v 0.464584 0.717856 -0.114760
v 0.589583 0.618247 -0.214488
v 0.464584 0.615317 -0.314488
v -0.253221 0.517488 -0.418655
v -0.195608 0.479886 -0.431155
v -0.296011 0.398449 -0.431155
v -0.324920 0.465623 -0.418655
v 0.131250 0.608638 -0.418655
v 0.297917 0.506964 -0.431155
v 0.131250 0.404677 -0.431155
v 0.000460 0.515936 -0.431155
v 0.464584 0.539470 -0.418655
v 0.589583 0.449990 -0.418655
v 0.464584 0.394353 -0.431155
v 0.131250 0.208807 -0.431155
v 0.297917 0.133807 -0.431155
v 0.131250 0.074215 -0.431155
v -0.004052 0.133807 -0.431155
v 0.464584 0.208807 -0.431155
v 0.589583 0.133807 -0.418655
v 0.464584 0.074215 -0.431155
v 0.297917 0.028774 -0.431155
v 0.131250 0.000000 -0.418655
v -0.002533 0.028774 -0.431155
v 0.612820 0.028774 -0.446546
v 0.464584 0.000000 -0.418655
v -0.285416 -0.009591 -0.314488
v -0.208333 -0.009591 -0.214488
v -0.285416 -0.009591 -0.114760
v -0.381682 -0.000000 -0.210094
v 0.131250 -0.009591 -0.314488
v 0.297917 -0.009591 -0.214488
v 0.131250 -0.009591 -0.114760
v -0.000000 -0.009591 -0.214488
v 0.464584 -0.009591 -0.314488
v 0.595216 -0.008478 -0.214488
v 0.464584 -0.009591 -0.114760
v 0.676825 0.005567 -0.214488
v 0.692187 0.028774 -0.301988
v 0.718365 0.115491 -0.214488
v 0.700892 0.028774 -0.114760
v 0.630288 0.148429 -0.214488
v 0.631250 0.133807 -0.314488
v 0.631250 0.208807 -0.214488
v 0.631250 0.133807 -0.114760
v 0.631250 0.405551 -0.214488
v 0.631250 0.481054 -0.314488
v 0.631250 0.555551 -0.114760
v -0.503812 0.028774 -0.310094
v -0.503812 0.028774 -0.088397
v -0.621686 0.059818 -0.183731
v -0.723194 0.393443 -0.214488
v -0.745777 0.340324 -0.266446
v -0.767322 0.307922 -0.210094
v -0.741691 0.332787 -0.153025
v -0.345273 0.556758 -0.298873
v -0.371846 0.558737 -0.162190
v -0.357724 0.570229 -0.000000
v -0.342074 0.575910 -0.070614
v -0.085164 0.671602 -0.214488
v -0.127805 0.620060 -0.314488
v -0.127805 0.672812 -0.114760
v -0.129798 0.567408 -0.418655
v -0.089457 0.504670 -0.431155
v -0.148341 0.406110 -0.431155
v -0.143750 -0.009591 -0.314488
v -0.093750 -0.009591 -0.214488
v -0.143750 -0.009591 -0.114760
v -0.382877 0.454618 -0.386586
v -0.308055 0.532978 -0.381155
v -0.591602 0.074215 -0.386586
v -0.601427 0.141891 -0.381671
v -0.524071 0.219214 -0.413740
v -0.511910 0.126092 -0.424086
v -0.381682 0.000000 -0.381155
v -0.451132 0.047318 -0.418655
v -0.287335 0.018543 -0.418655
v -0.208333 -0.009591 -0.381155
v -0.093750 -0.009591 -0.381155
v -0.181086 0.018543 -0.418655
v 0.297917 -0.009591 -0.381155
v -0.000000 -0.009591 -0.381155
v 0.612820 -0.009591 -0.395007
v 0.793904 0.028774 -0.432926
v 0.793904 0.000000 -0.478122
v 0.793904 0.028774 -0.523318
v 0.793904 0.057549 -0.478122
v 0.631250 0.208807 -0.381155
v 0.654486 0.083807 -0.395007
v 0.631250 0.388996 -0.381155
v 0.589583 0.512685 -0.381155
v 0.297917 0.631508 -0.381155
v 0.000920 0.646303 -0.381155
v -0.182884 0.576831 -0.381155
v -0.085164 0.623344 -0.381155
v 0.663192 0.028774 -0.343468
v 0.724195 0.000000 -0.394447
v 0.724195 0.057549 -0.394447
v 0.724195 -0.000000 -0.478682
v 0.724195 0.057549 -0.478682
v -0.674189 0.426687 -0.266446
v -0.672221 0.425254 -0.155734
v -0.632030 0.466534 -0.198873
v -0.463432 0.372644 -0.381671
v -0.423889 0.318172 -0.424086
v -0.250371 0.344221 -0.431155
v -0.363308 0.237548 -0.431155
v -0.107931 0.307764 -0.431155
v -0.214007 0.237548 -0.431155
v 0.297917 0.300473 -0.431155
v -0.001519 0.300473 -0.431155
v 0.589583 0.300473 -0.418655
v 0.631250 0.300473 -0.314488
v 0.631250 0.300473 -0.114760
v -0.056737 0.657705 -0.314488
v -0.056737 0.713020 -0.114760
v -0.057197 0.599123 -0.418655
v -0.061476 0.403325 -0.431155
v -0.072066 0.208807 -0.431155
v -0.151345 0.126092 -0.431155
v -0.077130 0.074215 -0.431155
v -0.143748 0.047318 -0.431155
v -0.062949 0.000000 -0.418655
v -0.060417 -0.009591 -0.314488
v -0.060417 -0.009591 -0.114760
v -0.691681 0.099629 -0.304062
v -0.704940 0.210660 -0.360976
v -0.587452 0.263895 -0.396325
v -0.699618 0.083519 -0.062034
v -0.755171 0.113786 -0.183731
v -0.648617 0.095924 -0.012613
v -0.671774 0.126534 0.000000
v -0.714479 0.151491 -0.028034
v -0.561768 0.385884 -0.360976
v -0.432256 0.481182 -0.300622
v -0.762782 0.227067 -0.278441
v -0.687013 0.345806 -0.330961
v -0.758697 0.217670 -0.114666
v -0.687502 0.235738 -0.000000
v -0.672396 0.329427 -0.078981
v -0.565394 0.452425 -0.267220
v -0.604791 0.062119 -0.017007
v -0.637291 0.089994 0.000000
v -0.381682 0.000000 -0.044517
v -0.503812 0.028774 0.000000
v -0.208333 -0.009591 -0.048911
v -0.285416 -0.009591 0.000000
v 0.297917 -0.009591 -0.048911
v 0.131250 -0.009591 0.000000
v -0.000000 -0.009591 -0.048911
v 0.595216 -0.008478 -0.048911
v 0.464584 -0.009591 0.000000
v -0.085164 0.705382 -0.048911
v -0.056737 0.721625 0.000000
v 0.000920 0.730761 -0.048911
v -0.182884 0.651114 -0.048911
v -0.127805 0.681018 0.000000
v -0.395711 0.536757 0.000000
v -0.449235 0.496058 -0.162190
v -0.580072 0.383521 0.000000
v -0.564120 0.452669 -0.099273
v -0.480823 0.483949 -0.000000
v -0.248622 0.618254 0.000000
v -0.305722 0.591188 -0.044835
v -0.338688 0.577361 0.000000
v -0.143750 -0.009591 0.000000
v -0.093750 -0.009591 -0.048911
v -0.060417 -0.009591 0.000000
v 0.700892 0.028774 0.000000
v 0.676825 0.005567 -0.048911
v 0.718365 0.123917 -0.048911
v 0.631250 0.133807 0.000000
v 0.630288 0.156856 -0.048911
v 0.631250 0.208807 -0.048911
v 0.631250 0.300473 0.000000
v 0.631250 0.417140 -0.048911
v 0.631250 0.567140 0.000000
v 0.589583 0.692140 -0.048911
v 0.464584 0.733807 0.000000
v 0.297917 0.733807 -0.048911
v 0.131250 0.733807 0.000000
v -0.028004 0.037007 0.544999
v -0.058530 0.083605 0.554321
v -0.083015 0.037007 0.555004
v -0.036416 0.002058 0.544999
v -0.125190 0.083605 0.558066
v -0.175890 0.037007 0.555004
v -0.049685 0.037007 -0.553692
v -0.125191 0.037007 -0.555442
v -0.234794 0.037007 -0.553692
v -0.049685 0.130203 -0.552708
v -0.125191 0.130203 -0.558941
v -0.234794 0.130203 -0.552927
v -0.033421 0.203684 -0.537008
v -0.125191 0.223400 -0.541491
v -0.216778 0.205315 -0.537226
v -0.034848 0.230566 -0.508466
v -0.125191 0.269998 -0.508466
v -0.215169 0.233828 -0.508466
v -0.034848 0.230566 -0.463366
v -0.125191 0.269998 -0.463366
v -0.215169 0.233828 -0.463366
v -0.034848 0.230566 -0.420171
v -0.125191 0.269998 -0.420171
v -0.215169 0.233828 -0.420171
v -0.033421 0.203684 -0.391787
v -0.125191 0.223400 -0.386200
v -0.216778 0.205315 -0.391883
v -0.049685 0.130203 -0.373708
v -0.125191 0.130203 -0.365899
v -0.234794 0.130203 -0.373804
v -0.049685 0.037007 -0.372567
v -0.125191 0.037007 -0.370344
v -0.234794 0.037007 -0.372567
v -0.031994 -0.009591 -0.404315
v -0.125191 -0.009591 -0.404315
v -0.218387 -0.009591 -0.404315
v -0.031994 -0.009591 -0.463366
v -0.125191 -0.009591 -0.463366
v -0.218387 -0.009591 -0.463366
v -0.031994 -0.009591 -0.522417
v -0.125191 -0.009591 -0.522417
v -0.218387 -0.009591 -0.522417
v -0.297799 0.037007 -0.404315
v -0.297799 0.037007 -0.463366
v -0.297799 0.037007 -0.522417
v -0.297798 0.130203 -0.407775
v -0.297798 0.130203 -0.463366
v -0.297798 0.130203 -0.519902
v -0.261767 0.187230 -0.415703
v -0.261767 0.187230 -0.463366
v -0.261767 0.187230 -0.512927
v -0.020777 0.037007 -0.404315
v -0.020777 0.037007 -0.463366
v -0.020777 0.037007 -0.522417
v -0.020777 0.130203 -0.407679
v -0.020777 0.130203 -0.463366
v -0.020777 0.130203 -0.519684
v 0.011751 0.183967 -0.415607
v 0.011751 0.183967 -0.463366
v 0.011751 0.183967 -0.512708
v -0.248622 0.600988 -0.214488
v 0.131250 0.698910 -0.214488
v 0.464584 0.670004 -0.214488
v -0.267019 0.463212 -0.431155
v 0.131250 0.517288 -0.431155
v 0.464584 0.475994 -0.431155
v 0.131250 0.133807 -0.431155
v 0.464584 0.133807 -0.431155
v 0.131250 0.028774 -0.431155
v 0.464584 0.028774 -0.431155
v -0.285416 -0.009591 -0.214488
v 0.131250 -0.009591 -0.214488
v 0.464584 -0.009591 -0.214488
v 0.700892 0.028774 -0.214488
v 0.631250 0.133807 -0.214488
v 0.631250 0.520786 -0.214488
v -0.503812 0.028774 -0.196913
v -0.749820 0.360587 -0.214488
v -0.348433 0.572869 -0.152026
v -0.127805 0.648194 -0.214488
v -0.135778 0.493855 -0.431155
v -0.143750 -0.009591 -0.214488
v -0.344220 0.508908 -0.381155
v -0.584849 0.133807 -0.402878
v -0.503812 0.028774 -0.381155
v -0.285416 -0.009591 -0.381155
v -0.143750 -0.009591 -0.381155
v 0.131250 -0.009591 -0.381155
v 0.464584 -0.009591 -0.381155
v 0.817140 0.028774 -0.491974
v 0.631250 0.133807 -0.381155
v 0.631250 0.454566 -0.381155
v 0.464584 0.578858 -0.381155
v 0.131250 0.649058 -0.381155
v -0.127806 0.601304 -0.381155
v -0.248622 0.554837 -0.381155
v 0.724195 0.028774 -0.380408
v 0.724195 -0.009591 -0.436565
v 0.724195 0.028774 -0.492721
v 0.724195 0.067140 -0.436565
v -0.690651 0.433601 -0.214488
v -0.449787 0.342103 -0.402878
v -0.346194 0.329638 -0.431155
v -0.170087 0.329638 -0.431155
v 0.131250 0.300473 -0.431155
v 0.464584 0.300473 -0.431155
v 0.631250 0.300473 -0.381155
v 0.631250 0.300473 -0.214488
v -0.056737 0.687207 -0.214488
v -0.056737 0.638038 -0.381155
v -0.058577 0.511880 -0.431155
v -0.066494 0.300473 -0.431155
v -0.076624 0.133807 -0.431155
v -0.070546 0.028774 -0.431155
v -0.060417 -0.009591 -0.381155
v -0.060417 -0.009591 -0.214488
v -0.651162 0.166144 -0.374602
v -0.705187 0.076217 -0.179337
v -0.682911 0.109142 -0.013760
v -0.504370 0.381011 -0.374602
v -0.733648 0.279534 -0.320100
v -0.772494 0.208338 -0.196913
v -0.717306 0.249386 -0.070855
v -0.624801 0.405945 -0.320100
v -0.637607 0.085423 -0.009173
v -0.503812 0.028774 -0.031335
v -0.285416 -0.009591 -0.048911
v 0.131250 -0.009591 -0.048911
v 0.464584 -0.009591 -0.048911
v -0.056737 0.721625 -0.048911
v -0.127806 0.681018 -0.048911
v -0.293091 0.102948 -0.431155
v -0.401454 0.528099 -0.165577
v -0.616932 0.400214 -0.081689
v -0.527169 0.477715 -0.152026
v -0.248622 0.618254 -0.048911
v -0.334888 0.578671 -0.032607
v -0.143750 -0.009591 -0.048911
v -0.060417 -0.009591 -0.048911
v 0.700892 0.028774 -0.048911
v 0.631250 0.133807 -0.048911
v 0.631250 0.300473 -0.048911
v 0.631250 0.567140 -0.048911
v 0.464584 0.733807 -0.048911
v 0.131250 0.733807 -0.048911
v -0.049685 0.037007 0.553692
v -0.125191 0.037007 0.555442
v -0.234793 0.037007 0.553692
v -0.049685 0.130203 0.552708
v -0.125191 0.130203 0.558941
v -0.234794 0.130203 0.552927
v -0.033421 0.203684 0.537008
v -0.125191 0.223400 0.541491
v -0.216778 0.205315 0.537226
v -0.034848 0.230566 0.508466
v -0.125191 0.269998 0.508466
v -0.215169 0.233828 0.508466
v -0.034848 0.230566 0.463366
v -0.125191 0.269998 0.463366
v -0.215169 0.233828 0.463366
v -0.034848 0.230566 0.420171
v -0.125191 0.269998 0.420171
v -0.215169 0.233828 0.420171
v -0.033421 0.203684 0.391787
v -0.125191 0.223400 0.386200
v -0.216778 0.205315 0.391883
v -0.049685 0.130203 0.373708
v -0.125191 0.130203 0.365899
v -0.234793 0.130203 0.373804
v -0.049685 0.037007 0.372567
v -0.125191 0.037007 0.370344
v -0.234794 0.037007 0.372567
v -0.031994 -0.009591 0.404315
v -0.125191 -0.009591 0.404315
v -0.218387 -0.009591 0.404315
v -0.031994 -0.009591 0.463366
v -0.125191 -0.009591 0.463366
v -0.218387 -0.009591 0.463366
v -0.031994 -0.009591 0.522417
v -0.125191 -0.009591 0.522417
v -0.218387 -0.009591 0.522417
v -0.297798 0.037007 0.404315
v -0.297798 0.037007 0.463366
v -0.297798 0.037007 0.522417
v -0.297799 0.130203 0.407775
v -0.297799 0.130203 0.463366
v -0.297799 0.130203 0.519902
v -0.261767 0.187230 0.415703
v -0.261767 0.187230 0.463366
v -0.261767 0.187230 0.512927
v -0.020777 0.037007 0.404315
v -0.020777 0.037007 0.463366
v -0.020777 0.037007 0.522417
v -0.020777 0.130203 0.407679
v -0.020777 0.130203 0.463366
v -0.020777 0.130203 0.519684
v 0.011751 0.183967 0.415607
v 0.011751 0.183967 0.463366
v 0.011751 0.183967 0.512708
v -0.248622 0.600988 0.214488
v 0.131250 0.698910 0.214488
v 0.464584 0.670004 0.214488
v -0.267019 0.463212 0.431155
v 0.131250 0.517288 0.431155
v 0.464584 0.475994 0.431155
v 0.131250 0.133807 0.431155
v 0.464584 0.133807 0.431155
v 0.131250 0.028774 0.431155
v 0.464584 0.028774 0.431155
v -0.285417 -0.009591 0.214488
v 0.131250 -0.009591 0.214488
v 0.464584 -0.009591 0.214488
v 0.700892 0.028774 0.214488
v 0.631250 0.133807 0.214488
v 0.631250 0.520786 0.214488
v -0.503812 0.028774 0.196913
v -0.749820 0.360587 0.214488
v -0.348433 0.572869 0.152026
v -0.127806 0.648194 0.214488
v -0.135778 0.493855 0.431155
v -0.143750 -0.009591 0.214488
v -0.344220 0.508908 0.381155
v -0.584849 0.133807 0.402878
v -0.503812 0.028774 0.381155
v -0.285417 -0.009591 0.381155
v -0.143750 -0.009591 0.381155
v 0.131250 -0.009591 0.381155
v 0.464584 -0.009591 0.381155
v 0.817140 0.028774 0.491974
v 0.631250 0.133807 0.381155
v 0.631250 0.454566 0.381155
v 0.464584 0.578858 0.381155
v 0.131250 0.649058 0.381155
v -0.127806 0.601304 0.381155
v -0.248622 0.554837 0.381155
v 0.724195 0.028774 0.380408
v 0.724195 -0.009591 0.436565
v 0.724195 0.028774 0.492721
v 0.724195 0.067140 0.436565
v -0.690651 0.433601 0.214488
v -0.449787 0.342103 0.402878
v -0.346194 0.329638 0.431155
v -0.170087 0.329638 0.431155
v 0.131250 0.300473 0.431155
v 0.464584 0.300473 0.431155
v 0.631250 0.300473 0.381155
v 0.631250 0.300473 0.214488
v -0.056737 0.687207 0.214488
v -0.056737 0.638038 0.381155
v -0.058577 0.511880 0.431155
v -0.066494 0.300473 0.431155
v -0.076624 0.133807 0.431155
v -0.070546 0.028774 0.431155
v -0.060417 -0.009591 0.381155
v -0.060417 -0.009591 0.214488
v -0.651162 0.165969 0.374602
v -0.705187 0.076042 0.179337
v -0.682911 0.109142 0.013760
v -0.501694 0.375062 0.374602
v -0.733648 0.279359 0.320100
v -0.772494 0.208162 0.196913
v -0.717306 0.249386 0.070855
v -0.622126 0.399996 0.320100
v -0.637607 0.085423 0.009173
v -0.503812 0.028774 0.031335
v -0.285417 -0.009591 0.048911
v 0.131250 -0.009591 0.048911
v 0.464584 -0.009591 0.048911
v -0.056737 0.721625 0.048911
v -0.127806 0.681018 0.048911
v -0.293091 0.102948 0.431155
v -0.398779 0.522150 0.165577
v -0.616932 0.400214 0.081689
v -0.525029 0.472956 0.152026
v -0.248622 0.618254 0.048911
v -0.334888 0.578671 0.032607
v -0.143750 -0.009591 0.048911
v -0.060417 -0.009591 0.048911
v 0.700892 0.028774 0.048911
v 0.631250 0.133807 0.048911
v 0.631250 0.300473 0.048911
v 0.631250 0.567140 0.048911
v 0.464584 0.733807 0.048911
v 0.131250 0.733807 0.048911
v 0.653781 -0.005138 -0.214488
v 0.666071 0.028774 -0.331155
v 0.670668 0.579667 -0.214488
v 0.653781 -0.005138 -0.048911
v 0.670668 0.647078 -0.048911
v 0.670668 0.579667 0.214488
v 0.666071 0.028774 0.331155
v 0.653781 -0.005138 0.214488
v 0.670668 0.647078 0.048911
v 0.653781 -0.005138 0.048911
v 0.627404 0.325630 -0.214488
v 0.721625 0.316723 -0.214488
v 0.674514 0.287472 -0.331155
v 0.627404 0.359336 -0.048911
v 0.721625 0.350428 -0.048911
v 0.627404 0.325630 0.214488
v 0.674514 0.287472 0.331155
v 0.721625 0.316723 0.214488
v 0.627404 0.359336 0.048911
v 0.721625 0.350428 0.048911
vt 0.880000 0.705069
vt 0.883096 0.708179
vt 0.877912 0.713018
vt 0.875621 0.707645
vt 0.889453 0.714684
vt 0.882786 0.719758
vt 0.873427 0.723581
vt 0.869565 0.716048
vt 0.867382 0.710427
vt 0.897034 0.721334
vt 0.889912 0.727560
vt 0.905874 0.727931
vt 0.899480 0.736135
vt 0.889232 0.744941
vt 0.879821 0.733432
vt 0.916260 0.733891
vt 0.913022 0.744175
vt 0.924359 0.737483
vt 0.928295 0.746053
vt 0.918369 0.764076
vt 0.903537 0.756791
vt 0.859927 0.715917
vt 0.857432 0.708411
vt 0.863611 0.725808
vt 0.853178 0.726985
vt 0.850350 0.714641
vt 0.848430 0.705377
vt 0.868946 0.737466
vt 0.876226 0.750524
vt 0.862298 0.753088
vt 0.857220 0.739988
vt 0.886377 0.764644
vt 0.897054 0.775411
vt 0.874404 0.777470
vt 0.868679 0.766576
vt 0.842628 0.714135
vt 0.843669 0.704459
vt 0.842365 0.727067
vt 0.833719 0.726148
vt 0.837002 0.713323
vt 0.840212 0.705992
vt 0.844376 0.740176
vt 0.848404 0.753386
vt 0.837541 0.752133
vt 0.833922 0.738901
vt 0.855034 0.766511
vt 0.861293 0.776800
vt 0.852533 0.774316
vt 0.845545 0.765952
vt 0.833180 0.711235
vt 0.839311 0.701686
vt 0.828997 0.724840
vt 0.824399 0.722319
vt 0.829378 0.707362
vt 0.836635 0.696823
vt 0.828657 0.737853
vt 0.831815 0.751391
vt 0.826327 0.751297
vt 0.823639 0.736655
vt 0.839574 0.766339
vt 0.850257 0.778202
vt 0.841612 0.780418
vt 0.833146 0.767252
vt 0.824529 0.701971
vt 0.833600 0.689857
vt 0.818271 0.718807
vt 0.812188 0.715438
vt 0.819550 0.696498
vt 0.831289 0.682525
vt 0.816858 0.734629
vt 0.818663 0.750443
vt 0.810985 0.749001
vt 0.810174 0.732394
vt 0.823997 0.767433
vt 0.830010 0.781936
vt 0.819149 0.782032
vt 0.814899 0.766966
vt 0.815961 0.692926
vt 0.830032 0.676685
vt 0.807806 0.713321
vt 0.803714 0.709755
vt 0.813917 0.688719
vt 0.826126 0.676313
vt 0.805501 0.730808
vt 0.805599 0.747693
vt 0.800254 0.747598
vt 0.800222 0.728976
vt 0.808628 0.766172
vt 0.811799 0.781658
vt 0.806974 0.778513
vt 0.803683 0.766924
vt 0.848616 0.643557
vt 0.835405 0.665295
vt 0.796392 0.701123
vt 0.875888 0.637577
vt 0.858253 0.648828
vt 0.846341 0.660877
vt 0.892838 0.618321
vt 0.789878 0.749579
vt 0.919027 0.632983
vt 0.896606 0.631911
vt 0.942296 0.629703
vt 0.804923 0.784900
vt 0.957631 0.654141
vt 0.941639 0.641554
vt 0.871384 0.652764
vt 0.863268 0.658520
vt 0.883786 0.647124
vt 0.890819 0.656521
vt 0.882254 0.659311
vt 0.876886 0.662492
vt 0.900348 0.644029
vt 0.920333 0.645846
vt 0.920699 0.658377
vt 0.903878 0.655471
vt 0.941820 0.655118
vt 0.955844 0.668314
vt 0.951166 0.680868
vt 0.939340 0.668015
vt 0.888714 0.668037
vt 0.883957 0.670684
vt 0.896655 0.666753
vt 0.899593 0.675766
vt 0.890969 0.675652
vt 0.886796 0.675853
vt 0.907303 0.667501
vt 0.920040 0.670997
vt 0.919313 0.681344
vt 0.909197 0.677681
vt 0.933835 0.678417
vt 0.943058 0.687445
vt 0.936523 0.690247
vt 0.929431 0.686520
vt 0.891114 0.681157
vt 0.885667 0.679790
vt 0.900490 0.682538
vt 0.900176 0.689939
vt 0.890371 0.687096
vt 0.883766 0.684970
vt 0.909718 0.685140
vt 0.918926 0.689000
vt 0.918114 0.697805
vt 0.909199 0.693476
vt 0.928035 0.693554
vt 0.937026 0.696448
vt 0.937169 0.705606
vt 0.927465 0.702434
vt 0.889195 0.692717
vt 0.882450 0.690233
vt 0.898896 0.696956
vt 0.896753 0.703658
vt 0.887883 0.698272
vt 0.881518 0.695558
vt 0.907675 0.701465
vt 0.916501 0.706276
vt 0.913802 0.714291
vt 0.905079 0.709007
vt 0.926074 0.711136
vt 0.936240 0.714991
vt 0.933699 0.724347
vt 0.923464 0.719454
vt 0.885809 0.703834
vt 0.880753 0.700777
vt 0.893411 0.709927
vt 0.901295 0.715954
vt 0.909915 0.721754
vt 0.919488 0.727140
vt 0.928951 0.732806
vt 0.946643 0.694969
vt 0.948263 0.704881
vt 0.955697 0.688750
vt 0.959451 0.697217
vt 0.948434 0.715684
vt 0.946143 0.727501
vt 0.962155 0.706803
vt 0.963960 0.717092
vt 0.940665 0.741565
vt 0.965590 0.727201
vt 0.962230 0.676356
vt 0.968210 0.683884
vt 0.966070 0.662050
vt 0.974181 0.669653
vt 0.973609 0.692840
vt 0.978458 0.702199
vt 0.981958 0.679062
vt 0.988811 0.688150
vt 0.983007 0.710639
vt 0.994359 0.695392
vt 0.811479 0.788843
vt 0.820104 0.789077
vt 0.832335 0.788833
vt 0.845984 0.786627
vt 0.859459 0.783123
vt 0.879733 0.674621
vt 0.876112 0.680376
vt 0.867046 0.675521
vt 0.871269 0.667588
vt 0.873963 0.686944
vt 0.873307 0.694175
vt 0.864350 0.693439
vt 0.864901 0.684211
vt 0.874172 0.701689
vt 0.865232 0.702919
vt 0.858293 0.665211
vt 0.855580 0.673669
vt 0.842688 0.675879
vt 0.843052 0.667988
vt 0.854586 0.682742
vt 0.854880 0.692014
vt 0.845006 0.692321
vt 0.843373 0.684372
vt 0.855888 0.700981
vt 0.846781 0.699308
vt 0.837020 0.671758
vt 0.837191 0.678572
vt 0.838585 0.686453
vt 0.840788 0.693789
vt 0.842927 0.699227
vt 0.599040 0.403574
vt 0.607205 0.411182
vt 0.588757 0.438814
vt 0.582747 0.429492
vt 0.617875 0.415792
vt 0.598473 0.444209
vt 0.574032 0.469604
vt 0.565206 0.463264
vt 0.558598 0.456584
vt 0.647649 0.428022
vt 0.664415 0.436147
vt 0.643956 0.468425
vt 0.627531 0.458021
vt 0.686017 0.446133
vt 0.664292 0.480795
vt 0.636612 0.511788
vt 0.618067 0.497188
vt 0.602623 0.484947
vt 0.708490 0.454621
vt 0.686068 0.492246
vt 0.726623 0.462349
vt 0.703593 0.502115
vt 0.670301 0.539310
vt 0.655847 0.526566
vt 0.526015 0.477506
vt 0.529689 0.484421
vt 0.511911 0.486899
vt 0.513623 0.476501
vt 0.539327 0.492011
vt 0.517806 0.497284
vt 0.493026 0.497897
vt 0.491572 0.484726
vt 0.496546 0.472925
vt 0.566769 0.511116
vt 0.580277 0.524435
vt 0.548551 0.539034
vt 0.536444 0.523524
vt 0.596975 0.541521
vt 0.567475 0.557030
vt 0.527789 0.569391
vt 0.506658 0.548917
vt 0.496645 0.530935
vt 0.613072 0.558647
vt 0.591478 0.572198
vt 0.626114 0.566361
vt 0.619754 0.577941
vt 0.603471 0.589884
vt 0.562401 0.585556
vt 0.424483 0.518624
vt 0.429453 0.539555
vt 0.400585 0.525276
vt 0.398322 0.504353
vt 0.446627 0.566128
vt 0.413698 0.552485
vt 0.388284 0.535744
vt 0.379031 0.509427
vt 0.379332 0.489073
vt 0.483298 0.593729
vt 0.443986 0.583945
vt 0.536539 0.609605
vt 0.491810 0.609131
vt 0.446550 0.602350
vt 0.410451 0.567976
vt 0.364360 0.494149
vt 0.365843 0.475695
vt 0.370148 0.519446
vt 0.358517 0.506494
vt 0.355076 0.482381
vt 0.357462 0.465246
vt 0.384932 0.548724
vt 0.403624 0.580281
vt 0.377059 0.562464
vt 0.368021 0.533363
vt 0.369468 0.394668
vt 0.358041 0.401396
vt 0.349745 0.365362
vt 0.362880 0.360463
vt 0.350009 0.407131
vt 0.341058 0.368550
vt 0.340868 0.328916
vt 0.349559 0.328443
vt 0.363982 0.326459
vt 0.335727 0.423697
vt 0.329943 0.436881
vt 0.316015 0.387676
vt 0.323415 0.379295
vt 0.326411 0.455249
vt 0.308845 0.399035
vt 0.304935 0.340051
vt 0.313281 0.335571
vt 0.320776 0.332261
vt 0.320950 0.473095
vt 0.298768 0.406504
vt 0.302923 0.488272
vt 0.276463 0.404493
vt 0.271742 0.335806
vt 0.292229 0.341313
vt 0.251812 0.327474
vt 0.254733 0.392282
vt 0.243751 0.386553
vt 0.242222 0.323305
vt 0.265172 0.436128
vt 0.257609 0.444349
vt 0.213728 0.419404
vt 0.209429 0.368767
vt 0.211414 0.309387
vt 0.761551 0.515980
vt 0.703560 0.577110
vt 0.696641 0.578040
vt 0.757087 0.514942
vt 0.581546 0.634935
vt 0.604208 0.616939
vt 0.622010 0.603256
vt 0.694765 0.566772
vt 0.749008 0.510622
vt 0.743777 0.489512
vt 0.706354 0.534829
vt 0.707893 0.517084
vt 0.737224 0.475214
vt 0.660765 0.569075
vt 0.669773 0.553074
vt 0.412960 0.389755
vt 0.387651 0.387770
vt 0.384316 0.354461
vt 0.406723 0.350893
vt 0.387465 0.322930
vt 0.418878 0.319839
vt 0.510014 0.373108
vt 0.504863 0.386618
vt 0.496366 0.381957
vt 0.497447 0.366668
vt 0.497246 0.397820
vt 0.487408 0.391295
vt 0.478424 0.384058
vt 0.484925 0.375524
vt 0.486029 0.363459
vt 0.555774 0.450491
vt 0.585296 0.414195
vt 0.543008 0.451181
vt 0.579371 0.414904
vt 0.600429 0.368990
vt 0.603426 0.370052
vt 0.604545 0.370453
vt 0.597105 0.391462
vt 0.634464 0.422215
vt 0.614652 0.451334
vt 0.607308 0.448337
vt 0.627101 0.419469
vt 0.590023 0.477425
vt 0.582594 0.474162
vt 0.523455 0.505428
vt 0.493285 0.508299
vt 0.548069 0.497630
vt 0.555359 0.501718
vt 0.528293 0.511534
vt 0.492998 0.516641
vt 0.334712 0.371518
vt 0.333693 0.329532
vt 0.344643 0.412021
vt 0.340861 0.415926
vt 0.330376 0.373999
vt 0.328879 0.330251
vt 0.514623 0.464619
vt 0.530272 0.467140
vt 0.537444 0.470880
vt 0.410574 0.418940
vt 0.412857 0.406784
vt 0.425358 0.419211
vt 0.419194 0.432940
vt 0.428414 0.414857
vt 0.450807 0.439800
vt 0.445212 0.441471
vt 0.443415 0.447854
vt 0.384122 0.425295
vt 0.378483 0.415859
vt 0.395353 0.408468
vt 0.397166 0.424392
vt 0.377852 0.437505
vt 0.368375 0.423540
vt 0.368561 0.439176
vt 0.360807 0.430989
vt 0.362517 0.453994
vt 0.353138 0.441213
vt 0.356348 0.436833
vt 0.369124 0.449378
vt 0.344701 0.466635
vt 0.348331 0.450921
vt 0.345375 0.488908
vt 0.349009 0.512133
vt 0.347165 0.536703
vt 0.417753 0.655910
vt 0.410239 0.667969
vt 0.334120 0.630591
vt 0.389915 0.648805
vt 0.325940 0.592897
vt 0.340460 0.614663
vt 0.355372 0.621181
vt 0.359032 0.638269
vt 0.380262 0.637776
vt 0.572399 0.611460
vt 0.535880 0.620553
vt 0.494790 0.624323
vt 0.640949 0.571382
vt 0.643246 0.560266
vt 0.628265 0.584044
vt 0.631464 0.546222
vt 0.614890 0.529452
vt 0.597851 0.513442
vt 0.583562 0.500714
vt 0.554942 0.484325
vt 0.563723 0.489235
vt 0.571334 0.492656
vt 0.545942 0.477484
vt 0.536439 0.660032
vt 0.304697 0.547266
vt 0.463541 0.648021
vt 0.320941 0.557917
vt 0.343785 0.580340
vt 0.365534 0.600792
vt 0.383396 0.614222
vt 0.404662 0.624285
vt 0.435441 0.635848
vt 0.520542 0.408472
vt 0.508937 0.404709
vt 0.514778 0.392921
vt 0.529132 0.397799
vt 0.522954 0.381201
vt 0.534131 0.386438
vt 0.481737 0.459110
vt 0.471517 0.463575
vt 0.493504 0.455656
vt 0.471324 0.476444
vt 0.472743 0.492564
vt 0.452542 0.484734
vt 0.442622 0.469318
vt 0.458877 0.512871
vt 0.466554 0.505097
vt 0.426711 0.501686
vt 0.436172 0.491935
vt 0.465817 0.548626
vt 0.458154 0.528725
vt 0.486238 0.572677
vt 0.525329 0.594314
vt 0.575507 0.602445
vt 0.643055 0.585016
vt 0.604895 0.598424
vt 0.699995 0.551974
vt 0.746595 0.502464
vt 0.595034 0.479607
vt 0.619608 0.453283
vt 0.639426 0.424016
vt 0.576533 0.494924
vt 0.560484 0.504398
vt 0.531862 0.515495
vt 0.493783 0.522048
vt 0.424020 0.508160
vt 0.456600 0.518881
vt 0.383677 0.475415
vt 0.398188 0.481968
vt 0.398754 0.493920
vt 0.380947 0.478834
vt 0.374919 0.463070
vt 0.367827 0.467061
vt 0.359742 0.457922
vt 0.338695 0.418610
vt 0.351064 0.444493
vt 0.327733 0.375766
vt 0.326023 0.330910
vt 0.436942 0.409674
vt 0.459566 0.433502
vt 0.426105 0.383201
vt 0.440554 0.382020
vt 0.451329 0.404364
vt 0.471238 0.423291
vt 0.426882 0.352414
vt 0.434980 0.327521
vt 0.448723 0.334853
vt 0.441478 0.355816
vt 0.432084 0.314691
vt 0.442171 0.319130
vt 0.435361 0.313321
vt 0.445719 0.316842
vt 0.461358 0.322158
vt 0.457627 0.325259
vt 0.495915 0.448263
vt 0.535732 0.443202
vt 0.496748 0.437469
vt 0.529058 0.435794
vt 0.470241 0.398887
vt 0.485035 0.411124
vt 0.461871 0.383815
vt 0.463613 0.364418
vt 0.472141 0.348124
vt 0.485671 0.341888
vt 0.486871 0.330802
vt 0.514888 0.340235
vt 0.511437 0.353927
vt 0.502718 0.421422
vt 0.525688 0.420709
vt 0.416846 0.311028
vt 0.428086 0.312839
vt 0.418268 0.307509
vt 0.429521 0.311335
vt 0.368203 0.305867
vt 0.392171 0.307821
vt 0.372526 0.291966
vt 0.394961 0.299579
vt 0.353386 0.304417
vt 0.344459 0.302990
vt 0.349639 0.284230
vt 0.357976 0.287043
vt 0.318145 0.301012
vt 0.325455 0.300954
vt 0.310107 0.301392
vt 0.317775 0.273466
vt 0.325035 0.275910
vt 0.331664 0.278152
vt 0.297234 0.299345
vt 0.277097 0.292999
vt 0.285575 0.262590
vt 0.305417 0.269302
vt 0.644544 0.401910
vt 0.649503 0.403665
vt 0.650406 0.386271
vt 0.655371 0.387972
vt 0.663672 0.390808
vt 0.657988 0.407075
vt 0.627715 0.395823
vt 0.637152 0.399288
vt 0.633738 0.380555
vt 0.643022 0.383741
vt 0.397738 0.459913
vt 0.587125 0.364311
vt 0.594872 0.367020
vt 0.571930 0.412867
vt 0.563464 0.407618
vt 0.544075 0.349929
vt 0.535197 0.365424
vt 0.565218 0.356941
vt 0.550156 0.379067
vt 0.576976 0.360881
vt 0.552998 0.397446
vt 0.611924 0.373028
vt 0.622277 0.376610
vt 0.616712 0.391663
vt 0.606999 0.386548
vt 0.606478 0.371134
vt 0.603254 0.380927
vt 0.338886 0.280596
vt 0.343330 0.282099
vt 0.337762 0.302021
vt 0.333076 0.301469
vt 0.336051 0.279636
vt 0.330163 0.301233
vt 0.226806 0.243056
vt 0.256696 0.253032
vt 0.248492 0.282496
vt 0.218367 0.270851
vt 0.265721 0.256035
vt 0.257533 0.285945
vt 0.789102 0.433700
vt 0.798933 0.437095
vt 0.784397 0.471513
vt 0.775006 0.467611
vt 0.802777 0.438444
vt 0.788446 0.472604
vt 0.773304 0.428246
vt 0.781574 0.431101
vt 0.768887 0.462539
vt 0.762552 0.455233
vt 0.744676 0.418434
vt 0.760517 0.423852
vt 0.751823 0.446106
vt 0.737667 0.437083
vt 0.703751 0.404510
vt 0.726268 0.412151
vt 0.719498 0.430200
vt 0.697022 0.422438
vt 0.681297 0.396834
vt 0.674806 0.413791
vt 0.875269 0.063776
vt 0.871256 0.059514
vt 0.875022 0.055660
vt 0.879217 0.062353
vt 0.862282 0.053478
vt 0.866465 0.049007
vt 0.873876 0.043937
vt 0.882220 0.052203
vt 0.887443 0.060042
vt 0.892566 0.049925
vt 0.897093 0.059187
vt 0.886061 0.039254
vt 0.902918 0.037274
vt 0.905664 0.049642
vt 0.907731 0.059807
vt 0.920898 0.052738
vt 0.918795 0.061769
vt 0.923414 0.041196
vt 0.938328 0.050128
vt 0.932344 0.058810
vt 0.926533 0.063153
vt 0.848270 0.053164
vt 0.854335 0.045558
vt 0.833118 0.059789
vt 0.840639 0.045033
vt 0.854628 0.029534
vt 0.864641 0.036737
vt 0.879625 0.029137
vt 0.872809 0.018409
vt 0.894418 0.013183
vt 0.899198 0.025256
vt 0.922246 0.028052
vt 0.918243 0.015053
vt 0.936785 0.022509
vt 0.939225 0.036648
vt 0.823276 0.066297
vt 0.805583 0.086073
vt 0.817322 0.079315
vt 0.808814 0.094430
vt 0.804092 0.117427
vt 0.795270 0.110478
vt 0.793230 0.136112
vt 0.805498 0.137132
vt 0.810317 0.155479
vt 0.800998 0.159903
vt 0.813645 0.179546
vt 0.818802 0.173686
vt 0.825344 0.184080
vt 0.825145 0.190849
vt 0.821204 0.079017
vt 0.812035 0.098251
vt 0.824066 0.084798
vt 0.816610 0.101120
vt 0.814215 0.121260
vt 0.809065 0.120037
vt 0.811243 0.137694
vt 0.816592 0.138244
vt 0.821784 0.154212
vt 0.815747 0.154256
vt 0.823739 0.171720
vt 0.830597 0.170740
vt 0.839137 0.183996
vt 0.831275 0.185766
vt 0.828187 0.091461
vt 0.822704 0.105329
vt 0.832763 0.097355
vt 0.828474 0.109350
vt 0.827756 0.125151
vt 0.821066 0.123228
vt 0.823811 0.138884
vt 0.830815 0.139199
vt 0.837386 0.152578
vt 0.829803 0.153691
vt 0.839808 0.168617
vt 0.848523 0.165898
vt 0.860678 0.176133
vt 0.849956 0.180800
vt 0.836305 0.101120
vt 0.832727 0.111984
vt 0.838103 0.104967
vt 0.836762 0.112945
vt 0.837132 0.126380
vt 0.832449 0.126375
vt 0.835617 0.139122
vt 0.840814 0.138753
vt 0.847925 0.150589
vt 0.842368 0.151350
vt 0.854074 0.163400
vt 0.859528 0.161685
vt 0.868794 0.167824
vt 0.867913 0.171948
vt 0.841072 0.102529
vt 0.842613 0.112434
vt 0.846059 0.102545
vt 0.850385 0.110934
vt 0.856470 0.122177
vt 0.845880 0.125064
vt 0.851434 0.137215
vt 0.863941 0.133594
vt 0.872517 0.144711
vt 0.858986 0.148840
vt 0.869079 0.159648
vt 0.882561 0.155821
vt 0.891405 0.164656
vt 0.878141 0.167856
vt 0.855591 0.103082
vt 0.860049 0.109763
vt 0.865723 0.102400
vt 0.869404 0.107300
vt 0.875167 0.113477
vt 0.866286 0.118301
vt 0.874620 0.127991
vt 0.884021 0.121121
vt 0.896311 0.129424
vt 0.885307 0.138397
vt 0.899253 0.148869
vt 0.913549 0.136454
vt 0.930093 0.138646
vt 0.912980 0.155854
vt 0.872854 0.097476
vt 0.876581 0.102044
vt 0.876457 0.093879
vt 0.880275 0.095925
vt 0.888202 0.100366
vt 0.883141 0.107165
vt 0.892151 0.112646
vt 0.897336 0.104614
vt 0.907666 0.108409
vt 0.903755 0.118113
vt 0.919097 0.121826
vt 0.919369 0.111105
vt 0.928364 0.112252
vt 0.934267 0.118947
vt 0.876192 0.089746
vt 0.881650 0.090872
vt 0.875400 0.084039
vt 0.882170 0.085055
vt 0.892183 0.087751
vt 0.890738 0.094610
vt 0.899998 0.098189
vt 0.901696 0.090458
vt 0.911518 0.092955
vt 0.909870 0.101286
vt 0.920547 0.103691
vt 0.922211 0.095105
vt 0.933305 0.096830
vt 0.931720 0.106643
vt 0.874919 0.078509
vt 0.882045 0.079320
vt 0.874812 0.073147
vt 0.881767 0.073572
vt 0.891884 0.073596
vt 0.892491 0.080751
vt 0.902135 0.082490
vt 0.901417 0.074372
vt 0.911114 0.075898
vt 0.911904 0.084480
vt 0.922366 0.086337
vt 0.921269 0.077578
vt 0.931254 0.077748
vt 0.933017 0.087084
vt 0.875060 0.068019
vt 0.880897 0.067501
vt 0.890108 0.066264
vt 0.899571 0.066196
vt 0.909402 0.067271
vt 0.919380 0.068946
vt 0.928513 0.068805
vt 0.946366 0.096030
vt 0.944666 0.110701
vt 0.960677 0.081217
vt 0.964976 0.090433
vt 0.942182 0.074014
vt 0.945298 0.084208
vt 0.950869 0.063468
vt 0.956119 0.071897
vt 0.937995 0.065092
vt 0.944874 0.056383
vt 0.970579 0.062994
vt 0.920050 0.160983
vt 0.976695 0.046653
vt 0.983657 0.051809
vt 0.955694 0.048263
vt 0.963405 0.055418
vt 0.957665 0.033014
vt 0.967795 0.039961
vt 0.947644 0.042572
vt 0.947312 0.027735
vt 0.979662 0.039561
vt 0.878461 0.174058
vt 0.959573 0.026008
vt 0.854319 0.186680
vt 0.833038 0.192759
vt 0.869695 0.092079
vt 0.861640 0.095739
vt 0.858372 0.086885
vt 0.867192 0.085136
vt 0.865885 0.078027
vt 0.856512 0.077838
vt 0.856304 0.068824
vt 0.866176 0.071055
vt 0.868437 0.064455
vt 0.858303 0.059936
vt 0.852173 0.096377
vt 0.842984 0.097098
vt 0.839636 0.090946
vt 0.848970 0.088104
vt 0.846323 0.079242
vt 0.836073 0.083731
vt 0.833217 0.075613
vt 0.844925 0.070138
vt 0.845339 0.061057
vt 0.831546 0.067606
vt 0.839196 0.097841
vt 0.835958 0.093384
vt 0.832046 0.086938
vt 0.828650 0.079551
vt 0.826623 0.072620
vt 0.620245 0.340954
vt 0.623069 0.310501
vt 0.633519 0.306860
vt 0.631346 0.340007
vt 0.620363 0.274365
vt 0.629680 0.273134
vt 0.640543 0.273527
vt 0.644503 0.308565
vt 0.642600 0.342935
vt 0.673597 0.351509
vt 0.675908 0.315435
vt 0.695240 0.317244
vt 0.691784 0.355339
vt 0.672541 0.278888
vt 0.692230 0.278648
vt 0.715811 0.278474
vt 0.718867 0.319931
vt 0.714898 0.360636
vt 0.743100 0.324168
vt 0.737962 0.367652
vt 0.740044 0.278536
vt 0.759263 0.277289
vt 0.763013 0.327064
vt 0.757068 0.372613
vt 0.607130 0.238052
vt 0.596641 0.231406
vt 0.601622 0.222080
vt 0.614270 0.234792
vt 0.580919 0.224049
vt 0.584138 0.211562
vt 0.593324 0.201918
vt 0.612652 0.217405
vt 0.626569 0.234645
vt 0.660007 0.236284
vt 0.643466 0.207985
vt 0.662531 0.203111
vt 0.678833 0.234011
vt 0.616362 0.177907
vt 0.635282 0.169773
vt 0.664530 0.166468
vt 0.688509 0.200446
vt 0.702479 0.230723
vt 0.716777 0.203119
vt 0.725657 0.227022
vt 0.701835 0.174812
vt 0.737055 0.196472
vt 0.742701 0.215854
vt 0.740694 0.228895
vt 0.551602 0.143789
vt 0.522166 0.139180
vt 0.536693 0.123957
vt 0.568297 0.130208
vt 0.497799 0.139729
vt 0.509937 0.123402
vt 0.533269 0.108181
vt 0.563646 0.110383
vt 0.598102 0.119620
vt 0.606816 0.103939
vt 0.644004 0.120138
vt 0.570445 0.096162
vt 0.620043 0.091001
vt 0.660129 0.113206
vt 0.695936 0.140082
vt 0.478951 0.142116
vt 0.488988 0.126586
vt 0.465935 0.145297
vt 0.474453 0.130270
vt 0.491819 0.113256
vt 0.508941 0.110064
vt 0.538438 0.095880
vt 0.515643 0.097761
vt 0.540486 0.080231
vt 0.572472 0.082306
vt 0.432566 0.208509
vt 0.406520 0.231677
vt 0.399072 0.219837
vt 0.427569 0.196250
vt 0.386703 0.259365
vt 0.376465 0.249045
vt 0.369838 0.243413
vt 0.394079 0.212060
vt 0.424612 0.186857
vt 0.423376 0.165039
vt 0.386586 0.192812
vt 0.385808 0.181672
vt 0.426801 0.151080
vt 0.355898 0.228562
vt 0.351958 0.221385
vt 0.348034 0.212782
vt 0.386996 0.168322
vt 0.435134 0.134377
vt 0.383461 0.156344
vt 0.441553 0.116916
vt 0.338653 0.204104
vt 0.318952 0.195953
vt 0.364423 0.144562
vt 0.436235 0.093893
vt 0.297853 0.190749
vt 0.287657 0.188270
vt 0.327112 0.138681
vt 0.339380 0.140682
vt 0.254578 0.180873
vt 0.288754 0.132234
vt 0.322729 0.094419
vt 0.373244 0.101162
vt 0.374343 0.112288
vt 0.817442 0.351768
vt 0.813268 0.349852
vt 0.803739 0.262940
vt 0.808657 0.267909
vt 0.804216 0.348280
vt 0.795391 0.270662
vt 0.759906 0.197321
vt 0.754129 0.175675
vt 0.747142 0.147622
vt 0.787203 0.361667
vt 0.773308 0.368929
vt 0.775539 0.317860
vt 0.785125 0.302913
vt 0.767225 0.266088
vt 0.769826 0.247946
vt 0.464034 0.238776
vt 0.435371 0.265916
vt 0.419843 0.249458
vt 0.442794 0.225005
vt 0.426184 0.298070
vt 0.403165 0.276451
vt 0.530642 0.311038
vt 0.516769 0.308587
vt 0.525141 0.295686
vt 0.534676 0.297090
vt 0.505770 0.304223
vt 0.512193 0.293921
vt 0.512233 0.283174
vt 0.523749 0.282782
vt 0.535433 0.283471
vt 0.615777 0.324053
vt 0.614386 0.277432
vt 0.611371 0.349293
vt 0.611464 0.319737
vt 0.604501 0.268948
vt 0.659635 0.348033
vt 0.652139 0.345690
vt 0.654011 0.310716
vt 0.661648 0.312842
vt 0.650107 0.275163
vt 0.657981 0.277127
vt 0.599883 0.193808
vt 0.622116 0.214388
vt 0.604743 0.187015
vt 0.629685 0.212501
vt 0.645228 0.236750
vt 0.636944 0.235533
vt 0.364504 0.238574
vt 0.390823 0.205853
vt 0.361113 0.235082
vt 0.388886 0.201248
vt 0.422702 0.174310
vt 0.423312 0.179703
vt 0.604207 0.248846
vt 0.590236 0.241580
vt 0.612207 0.250212
vt 0.480005 0.214253
vt 0.495414 0.208492
vt 0.491910 0.222948
vt 0.474386 0.225222
vt 0.523711 0.211648
vt 0.521283 0.217819
vt 0.524628 0.222556
vt 0.491673 0.228170
vt 0.462820 0.193140
vt 0.472664 0.201802
vt 0.461528 0.213284
vt 0.452612 0.197181
vt 0.449206 0.184930
vt 0.465231 0.179669
vt 0.447631 0.174379
vt 0.458804 0.172648
vt 0.463105 0.157284
vt 0.465502 0.164974
vt 0.447730 0.167085
vt 0.447866 0.161691
vt 0.449960 0.151101
vt 0.456629 0.136448
vt 0.470678 0.119208
vt 0.487608 0.103023
vt 0.500995 0.082432
vt 0.630032 0.031057
vt 0.603614 0.019674
vt 0.548248 0.000005
vt 0.513634 0.014132
vt 0.589203 0.022507
vt 0.572689 0.009145
vt 0.559304 0.020444
vt 0.543497 0.016495
vt 0.518644 0.024873
vt 0.702093 0.131078
vt 0.725532 0.160518
vt 0.671784 0.103052
vt 0.750569 0.244182
vt 0.755516 0.233993
vt 0.753166 0.216242
vt 0.709342 0.251217
vt 0.732678 0.248087
vt 0.667011 0.254764
vt 0.686087 0.253437
vt 0.644281 0.251716
vt 0.634316 0.250233
vt 0.652406 0.253662
vt 0.622996 0.250148
vt 0.661501 0.065248
vt 0.473803 0.048093
vt 0.425611 0.079660
vt 0.493195 0.049574
vt 0.525056 0.045742
vt 0.554837 0.042810
vt 0.577231 0.043075
vt 0.600259 0.048087
vt 0.631753 0.057724
vt 0.560205 0.288748
vt 0.560639 0.302736
vt 0.546349 0.298031
vt 0.548724 0.284966
vt 0.557878 0.314807
vt 0.545822 0.312330
vt 0.555504 0.216474
vt 0.560932 0.226342
vt 0.567931 0.235987
vt 0.563090 0.205971
vt 0.536070 0.194132
vt 0.553242 0.187871
vt 0.573986 0.193897
vt 0.576708 0.180141
vt 0.575363 0.169289
vt 0.544616 0.172148
vt 0.543043 0.158612
vt 0.584462 0.156260
vt 0.602682 0.145149
vt 0.633541 0.138555
vt 0.677738 0.145283
vt 0.722511 0.169488
vt 0.743380 0.190626
vt 0.765486 0.224558
vt 0.797324 0.353196
vt 0.790525 0.285511
vt 0.666755 0.314338
vt 0.663280 0.278469
vt 0.664656 0.349650
vt 0.650930 0.237758
vt 0.657912 0.255046
vt 0.608664 0.183204
vt 0.634934 0.211541
vt 0.577222 0.163129
vt 0.544857 0.151822
vt 0.492933 0.153236
vt 0.492850 0.148845
vt 0.516153 0.147734
vt 0.508425 0.156887
vt 0.463295 0.152482
vt 0.475279 0.150173
vt 0.478465 0.157689
vt 0.448220 0.157843
vt 0.422628 0.170867
vt 0.359245 0.232821
vt 0.387867 0.198236
vt 0.527431 0.232724
vt 0.495234 0.237214
vt 0.530430 0.246741
vt 0.503130 0.251155
vt 0.480983 0.261789
vt 0.470361 0.251971
vt 0.452222 0.276999
vt 0.465804 0.283191
vt 0.458903 0.304325
vt 0.443581 0.301777
vt 0.444257 0.312853
vt 0.433570 0.310229
vt 0.460219 0.317410
vt 0.593252 0.269990
vt 0.564728 0.242166
vt 0.583360 0.271109
vt 0.558561 0.250373
vt 0.533909 0.265192
vt 0.514882 0.266425
vt 0.498963 0.273407
vt 0.488555 0.289856
vt 0.485492 0.308028
vt 0.492521 0.321233
vt 0.520315 0.327204
vt 0.571742 0.281546
vt 0.553849 0.267190
vt 0.429281 0.309261
vt 0.419255 0.303841
vt 0.397733 0.291328
vt 0.377533 0.278293
vt 0.364891 0.270453
vt 0.356928 0.266183
vt 0.340588 0.256269
vt 0.334817 0.251787
vt 0.328650 0.246627
vt 0.317148 0.240464
vt 0.297242 0.233236
vt 0.660263 0.371945
vt 0.655271 0.370292
vt 0.669052 0.374440
vt 0.647826 0.367831
vt 0.638251 0.364772
vt 0.494682 0.174103
vt 0.594029 0.315152
vt 0.603980 0.316448
vt 0.546255 0.332265
vt 0.566346 0.330217
vt 0.579580 0.317202
vt 0.616224 0.359304
vt 0.627015 0.361281
vt 0.609858 0.361413
vt 0.346955 0.260489
vt 0.351015 0.262893
vt 0.344498 0.258906
vt 0.236990 0.215863
vt 0.268007 0.224605
vt 0.277324 0.227291
vt 0.798622 0.398230
vt 0.808503 0.400958
vt 0.812437 0.402597
vt 0.781215 0.400293
vt 0.790675 0.398442
vt 0.750459 0.399370
vt 0.767167 0.400905
vt 0.709272 0.386165
vt 0.731858 0.393711
vt 0.686438 0.379417
vt 0.262147 0.396328
vt 0.258398 0.330364
vt 0.279088 0.458289
vt 0.274534 0.475437
vt 0.602673 0.646239
vt 0.838186 0.615972
vt 0.887427 0.590592
vt 0.008116 0.288307
vt 0.044954 0.348603
vt 0.927325 0.546803
vt 0.960172 0.557591
vt 0.035878 0.241909
vt 0.042292 0.297033
vt 0.066652 0.341514
vt 0.263936 0.288309
vt 0.272201 0.258179
vt 0.946102 0.515284
vt 0.002888 0.196009
vt 0.954925 0.490127
vt 0.988142 0.501314
vt 0.046724 0.183730
vt 0.039191 0.207616
vt 0.967398 0.428349
vt 0.962452 0.369366
vt 0.077745 0.076682
vt 0.036929 0.118145
vt 0.938949 0.319274
vt 0.958982 0.313524
vt 0.156898 0.068662
vt 0.110606 0.089912
vt 0.072520 0.130445
vt 0.405718 0.086748
vt 0.337260 0.077622
vt 0.398951 0.103176
vt 0.347804 0.141977
vt 0.304889 0.192407
vt 0.963144 0.464776
vt 0.018440 0.148037
vt 0.054775 0.160013
vt 0.283884 0.229228
vt 0.796534 0.575916
vt 0.759245 0.616902
vt 0.835826 0.524645
vt 0.125397 0.329892
vt 0.125987 0.274381
vt 0.128625 0.378385
vt 0.743941 0.637846
vt 0.855430 0.488331
vt 0.865899 0.459913
vt 0.131796 0.239208
vt 0.139594 0.214182
vt 0.881550 0.325642
vt 0.881403 0.390252
vt 0.877026 0.270420
vt 0.240671 0.056742
vt 0.229166 0.076039
vt 0.197499 0.112963
vt 0.164681 0.157791
vt 0.874785 0.431001
vt 0.148260 0.189440
vt 0.143542 0.050034
vt 0.877702 0.244503
vt 0.770823 0.151603
vt 0.850563 0.632750
vt 0.126332 0.400732
vt 0.215240 0.441567
vt 1.000000 0.439687
vt 0.996254 0.476170
vt 0.010381 0.171944
vt 0.733584 0.102229
vt 0.726728 0.100257
vt 0.993426 0.379179
vt 0.979454 0.526289
vt 0.000000 0.230917
vt 0.918012 0.601668
vt 0.543059 0.662655
vt 0.285902 0.493090
vt 0.631467 0.016935
vt 0.676249 0.059201
vt 0.594664 0.002161
vt 0.842144 0.190450
vt 0.948101 0.020245
vt 0.936038 0.013767
vt 0.866899 0.180719
vt 0.970498 0.033120
vt 0.985965 0.043913
vt 0.894633 0.171069
vt 0.977112 0.069701
vt 0.938647 0.140534
vt 0.915324 0.003575
vt 0.889126 0.000000
vt 0.865487 0.006406
vt 0.845344 0.020080
vt 0.830847 0.042174
vt 0.315403 0.598310
vt 0.471477 0.661804
vt 0.372117 0.657188
vt 0.993612 0.682151
vt 0.998807 0.688505
vt 0.875360 0.784717
vt 0.977881 0.663385
vt 0.986392 0.673190
vt 0.959536 0.645565
vt 0.968902 0.655047
vt 0.902118 0.782510
vt 0.925835 0.768658
vt 0.796977 0.771176
vt 0.917738 0.618770
vt 0.788272 0.725205
vt 0.869193 0.625985
vt 0.812525 0.679940
vn 0.687340 -0.146231 -0.711464
vn 0.152148 -0.578321 -0.801496
vn 0.181120 -0.084162 -0.979853
vn 0.735626 0.187349 -0.650964
vn 0.008640 -0.587878 -0.808904
vn 0.026752 -0.144860 -0.989090
vn 0.053246 -0.023144 -0.998313
vn 0.236905 -0.001990 -0.971531
vn 0.768118 0.017795 -0.640061
vn 0.000000 -0.575654 -0.817693
vn 0.000041 -0.148197 -0.988958
vn -0.007006 -0.557059 -0.830443
vn -0.018261 -0.134779 -0.990708
vn -0.033652 -0.018178 -0.999268
vn 0.000220 -0.031678 -0.999498
vn -0.094492 -0.557468 -0.824803
vn -0.098804 -0.135126 -0.985890
vn -0.350371 -0.593048 -0.724938
vn -0.423956 -0.261954 -0.866972
vn -0.483106 0.020836 -0.875314
vn -0.121551 0.008765 -0.992547
vn 0.257610 0.005723 -0.966232
vn 0.693988 -0.229385 -0.682469
vn 0.076200 0.045404 -0.996058
vn 0.090396 0.188728 -0.977860
vn 0.240564 0.146528 -0.959509
vn 0.617920 -0.112069 -0.778213
vn 0.000563 0.041990 -0.999118
vn -0.052774 0.055366 -0.997070
vn -0.074610 0.194002 -0.978160
vn 0.001093 0.187315 -0.982299
vn -0.144110 0.105869 -0.983882
vn -0.449243 0.249031 -0.858000
vn -0.441115 0.355204 -0.824165
vn -0.174165 0.227913 -0.957978
vn 0.265199 0.375961 -0.887876
vn 0.576791 0.308809 -0.756274
vn 0.127573 0.368415 -0.920867
vn 0.229820 0.618022 -0.751819
vn 0.414904 0.626363 -0.659943
vn 0.582556 0.655614 -0.480415
vn 0.002164 0.356652 -0.934235
vn -0.115522 0.368085 -0.922588
vn -0.211779 0.615753 -0.758945
vn 0.004521 0.607381 -0.794398
vn -0.235805 0.393369 -0.888627
vn -0.491423 0.468637 -0.734086
vn -0.562919 0.645943 -0.515635
vn -0.388890 0.623326 -0.678402
vn 0.591296 0.789317 -0.165371
vn 0.705205 0.702128 -0.098503
vn 0.367943 0.896150 -0.248061
vn 0.400029 0.916502 -0.000000
vn 0.616158 0.787622 -0.000000
vn 0.707914 0.706299 -0.000000
vn 0.008009 0.957092 -0.289674
vn -0.342662 0.904509 -0.253862
vn -0.372976 0.927841 -0.000000
vn 0.008898 0.999960 0.000000
vn -0.565600 0.805665 -0.176070
vn -0.706070 0.698986 -0.113510
vn -0.708518 0.705693 0.000000
vn -0.591895 0.806015 0.000000
vn 0.615934 0.787798 -0.000000
vn 0.707451 0.706762 -0.000000
vn 0.400031 0.916502 -0.000000
vn 0.400030 0.916502 0.000000
vn 0.616209 0.787582 0.000000
vn 0.708018 0.706194 0.000000
vn 0.008895 0.999960 -0.000000
vn -0.372977 0.927841 0.000000
vn -0.372977 0.927841 0.000000
vn 0.008898 0.999960 -0.000000
vn -0.591630 0.806210 0.000000
vn -0.707691 0.706522 -0.000000
vn -0.708597 0.705614 -0.000000
vn -0.591919 0.805997 -0.000000
vn 0.589741 0.787847 0.177493
vn 0.704266 0.702206 0.104486
vn 0.365648 0.892530 0.263992
vn 0.231209 0.622784 0.747451
vn 0.416477 0.628742 0.656682
vn 0.576722 0.655407 0.487682
vn 0.007939 0.951684 0.306976
vn -0.340504 0.900563 0.270266
vn -0.214036 0.619300 0.755418
vn 0.004221 0.614281 0.789076
vn -0.563920 0.803817 0.189400
vn -0.705329 0.698377 0.121572
vn -0.556597 0.641516 0.527879
vn -0.391041 0.622445 0.677975
vn 0.287194 0.404360 0.868339
vn 0.578045 0.329582 0.746485
vn 0.143360 0.402598 0.904081
vn 0.109878 0.216136 0.970161
vn 0.270426 0.169014 0.947789
vn 0.628519 -0.089715 0.772603
vn 0.001568 0.393074 0.919506
vn -0.132737 0.401329 0.906265
vn -0.094942 0.223814 0.969997
vn 0.000114 0.216144 0.976361
vn -0.259981 0.420487 0.869253
vn -0.494168 0.481691 0.723721
vn -0.448910 0.377465 0.809939
vn -0.202333 0.259273 0.944372
vn 0.289989 0.011233 0.956964
vn 0.705386 -0.220561 0.673635
vn 0.095076 0.051766 0.994123
vn 0.067008 -0.029719 0.997310
vn 0.263380 -0.003334 0.964686
vn 0.776162 0.021107 0.630180
vn -0.000231 0.048461 0.998825
vn -0.069065 0.067041 0.995357
vn -0.043614 -0.021875 0.998809
vn -0.000098 -0.040082 0.999196
vn -0.165878 0.126715 0.977971
vn -0.455562 0.266398 0.849409
vn -0.489151 0.029210 0.871710
vn -0.135400 0.013849 0.990694
vn 0.195147 -0.089176 0.976712
vn 0.740373 0.187401 0.645545
vn 0.033818 -0.157438 0.986950
vn 0.010894 -0.596135 0.802811
vn 0.156035 -0.582812 0.797486
vn 0.690562 -0.147119 0.708153
vn -0.000019 -0.163575 0.986531
vn -0.023324 -0.147590 0.988774
vn -0.008834 -0.566519 0.824001
vn 0.000000 -0.585834 0.810431
vn -0.106661 -0.142754 0.983994
vn -0.429554 -0.262830 0.863947
vn -0.352578 -0.596827 0.720753
vn -0.097172 -0.564752 0.819520
vn 0.161139 -0.962793 0.216941
vn 0.947002 -0.252530 0.198537
vn 0.000661 -0.976930 0.213559
vn -0.000000 -1.000000 -0.000000
vn 0.158222 -0.987404 0.000000
vn 0.972229 -0.234033 0.000000
vn -0.000000 -0.976449 0.215750
vn -0.000630 -0.975769 0.218802
vn -0.000000 -1.000000 -0.000000
vn -0.000000 -1.000000 0.000000
vn -0.116854 -0.971626 0.205640
vn -0.496302 -0.848751 0.182500
vn -0.506097 -0.862477 0.000000
vn -0.128719 -0.991681 0.000000
vn 0.158218 -0.987404 -0.000000
vn 0.972230 -0.234028 0.000000
vn 0.000000 -1.000000 0.000000
vn -0.000000 -1.000000 -0.000000
vn 0.158222 -0.987404 0.000000
vn 0.972229 -0.234032 0.000000
vn 0.000000 -1.000000 0.000000
vn 0.000000 -1.000000 0.000000
vn -0.000000 -1.000000 0.000000
vn -0.000000 -1.000000 0.000000
vn -0.128720 -0.991681 -0.000000
vn -0.506096 -0.862477 -0.000000
vn -0.506096 -0.862477 0.000000
vn -0.128719 -0.991681 0.000000
vn 0.161046 -0.962710 -0.217379
vn 0.946975 -0.252522 -0.198671
vn 0.000522 -0.976770 -0.214289
vn -0.000000 -0.976256 -0.216619
vn -0.000498 -0.975594 -0.219582
vn -0.116766 -0.971531 -0.206138
vn -0.496279 -0.848710 -0.182756
vn -0.831291 -0.495669 0.251529
vn -0.839567 -0.543256 0.000000
vn -0.955858 0.004882 0.293789
vn -0.999986 -0.005299 0.000000
vn -0.839837 -0.542839 -0.000000
vn -0.839696 -0.543056 -0.000000
vn -0.999997 -0.002244 -0.000000
vn -0.999993 -0.003822 -0.000000
vn -0.831062 -0.496252 -0.251136
vn -0.956586 0.003426 -0.291431
vn -0.862283 0.423758 0.277304
vn -0.897164 0.441699 -0.000000
vn -0.805807 0.536661 0.250339
vn -0.844502 0.535553 -0.000000
vn -0.896213 0.443624 -0.000000
vn -0.896769 0.442499 0.000000
vn -0.845019 0.534736 0.000000
vn -0.844635 0.535342 0.000000
vn -0.864956 0.420756 -0.273525
vn -0.810720 0.532248 -0.243815
vn -0.813971 0.544360 0.202791
vn -0.837673 0.546172 0.000000
vn -0.836509 0.547954 -0.000000
vn -0.837518 0.546411 -0.000000
vn -0.817763 0.542369 -0.192614
vn 0.927067 0.351805 0.129537
vn 0.928615 0.371046 -0.000000
vn 0.999985 0.005554 -0.000000
vn 0.992238 0.013058 0.123669
vn 0.928629 0.371011 0.000000
vn 0.928619 0.371034 0.000000
vn 0.999990 0.004491 0.000000
vn 0.999997 0.002474 0.000000
vn 0.927094 0.351722 -0.129567
vn 0.992324 0.010642 -0.123210
vn 0.889550 -0.433354 0.144588
vn 0.888076 -0.459696 0.000000
vn 0.853586 -0.520953 -0.000000
vn 0.866583 -0.455984 0.202762
vn 0.887159 -0.461464 -0.000000
vn 0.887787 -0.460254 -0.000000
vn 0.853873 -0.520482 0.000000
vn 0.854753 -0.519034 -0.000000
vn 0.888325 -0.436548 -0.142498
vn 0.865218 -0.460923 -0.197351
vn 0.965666 0.136814 0.220842
vn 0.985802 0.167914 -0.000000
vn 0.982984 0.183691 0.000000
vn 0.985257 0.171081 0.000000
vn 0.967406 0.137178 -0.212855
vn -0.364071 0.930034 -0.049889
vn -0.380560 0.919330 -0.100034
vn -0.306935 0.938218 -0.159809
vn -0.331238 0.936867 -0.112082
vn -0.418066 0.897005 -0.143537
vn -0.363064 0.909468 -0.202616
vn -0.324504 0.911733 -0.251872
vn -0.266658 0.928373 -0.258879
vn -0.326557 0.907720 -0.263448
vn -0.061935 0.976830 -0.204859
vn 0.000279 0.976084 -0.217393
vn 0.014454 0.958569 -0.284492
vn -0.059753 0.961335 -0.268822
vn 0.035508 0.963356 -0.265867
vn 0.082712 0.935351 -0.343915
vn 0.136628 0.922152 -0.361895
vn 0.030568 0.953002 -0.301420
vn -0.057997 0.956747 -0.285081
vn 0.172363 0.927795 -0.330889
vn 0.223057 0.878958 -0.421519
vn 0.639145 0.712760 -0.288904
vn 0.624523 0.687876 -0.369861
vn 0.600924 0.694379 -0.395890
vn 0.283482 0.853015 -0.438182
vn -0.306344 0.492755 -0.814460
vn -0.187428 0.454913 -0.870589
vn -0.089356 0.117370 -0.989060
vn -0.335323 0.282774 -0.898664
vn -0.169138 0.456403 -0.873550
vn -0.028806 0.091489 -0.995389
vn 0.000000 0.000000 -1.000000
vn -0.069068 0.048802 -0.996418
vn -0.295331 0.240361 -0.924666
vn -0.018667 0.361401 -0.932224
vn 0.017864 0.370169 -0.928793
vn 0.002629 0.064221 -0.997932
vn -0.002505 0.062029 -0.998071
vn 0.080134 0.393405 -0.915866
vn 0.012282 0.071464 -0.997368
vn 0.000000 0.000000 -1.000000
vn 0.000000 0.000000 -1.000000
vn 0.000000 0.000000 -1.000000
vn 0.161519 0.402102 -0.901236
vn 0.055175 0.079703 -0.995291
vn 0.302465 0.436719 -0.847226
vn 0.306339 0.117978 -0.944583
vn 0.278255 0.000000 -0.960507
vn 0.038819 -0.000000 -0.999246
vn 0.000000 0.000000 -1.000000
vn 0.000000 0.000000 -1.000000
vn 0.000000 0.000000 -1.000000
vn 0.000000 0.000000 -1.000000
vn 0.000000 0.000000 -1.000000
vn 0.000000 0.000000 -1.000000
vn 0.000000 0.000000 -1.000000
vn 0.000000 0.000000 -1.000000
vn 0.000000 0.000000 -1.000000
vn 0.042818 0.000000 -0.999083
vn 0.031683 0.026481 -0.999147
vn 0.287348 -0.000000 -0.957826
vn 0.228581 0.103636 -0.967993
vn 0.024619 0.396386 -0.917754
vn -0.000567 0.065297 -0.997866
vn -0.000000 -0.165507 -0.986209
vn 0.000000 -0.160618 -0.987017
vn -0.000000 -0.166090 -0.986111
vn 0.000000 -0.793359 -0.608755
vn -0.000000 -0.792735 -0.609567
vn -0.000000 -0.787011 -0.616940
vn -0.034488 -0.124403 -0.991632
vn -0.198690 -0.036276 -0.979391
vn -0.130616 -0.811543 -0.569507
vn -0.028411 -0.801122 -0.597827
vn -0.174477 -0.984661 -0.000000
vn -0.055530 -0.998457 -0.000000
vn -0.055583 -0.998454 0.000000
vn -0.174741 -0.984615 0.000000
vn -0.000000 -1.000000 -0.000000
vn 0.000000 -1.000000 0.000000
vn -0.000000 -1.000000 0.000000
vn -0.055476 -0.998460 0.000000
vn -0.174174 -0.984715 0.000000
vn 0.000000 -1.000000 -0.000000
vn -0.000000 -1.000000 -0.000000
vn 0.000000 -1.000000 -0.000000
vn 0.000000 -1.000000 -0.000000
vn -0.000000 -1.000000 -0.000000
vn 0.000000 -1.000000 0.000000
vn -0.000000 -1.000000 0.000000
vn 0.000000 -1.000000 -0.000000
vn -0.000000 -1.000000 -0.000000
vn 0.009050 -0.999958 0.001815
vn 0.006572 -0.999973 -0.003440
vn 0.079187 -0.995845 0.044976
vn 0.032865 -0.999415 -0.009511
vn 0.023534 -0.999723 0.000000
vn 0.003745 -0.999993 -0.000000
vn 0.584217 -0.811598 0.000000
vn 0.582830 -0.812058 -0.029527
vn 0.942378 -0.331994 -0.041280
vn 0.940287 -0.340364 0.003643
vn 0.579608 -0.805907 -0.120701
vn 0.903686 -0.292786 -0.312454
vn 0.939194 -0.063013 -0.337556
vn 0.996209 -0.069032 -0.052940
vn 0.997804 -0.066180 0.002771
vn -0.999834 -0.018132 0.001871
vn -0.997907 -0.004784 -0.064488
vn 0.999635 0.026765 -0.003721
vn 0.999850 -0.017312 0.000440
vn -0.726729 0.437798 -0.529336
vn 0.996421 0.084138 0.008154
vn 1.000000 0.000000 -0.000000
vn 1.000000 0.000000 0.000000
vn 1.000000 -0.000000 0.000000
vn 1.000000 -0.000000 0.000000
vn 1.000000 -0.000000 -0.000000
vn 0.976193 0.194755 -0.095486
vn 0.981478 0.179181 -0.067782
vn 1.000000 -0.000000 0.000000
vn 0.966893 0.226832 -0.116897
vn -0.379853 -0.893514 -0.239469
vn -0.286359 -0.957541 -0.033361
vn -0.263341 -0.964635 -0.011390
vn -0.273253 -0.961398 -0.032358
vn -0.254039 -0.967125 0.011563
vn -0.268964 -0.960317 0.073819
vn -0.670767 0.515463 0.533263
vn -0.778998 0.625273 0.046848
vn -0.868117 0.494030 0.048034
vn -0.750651 0.418900 0.510926
vn -0.656560 0.558262 -0.507220
vn -0.810550 0.385824 -0.440624
vn -0.957820 0.138705 -0.251678
vn -0.984756 0.171305 0.030181
vn -0.920279 0.207392 0.331776
vn -0.499629 0.834814 -0.231206
vn -0.458437 0.886459 -0.063455
vn -0.610826 0.701537 -0.367066
vn -0.642521 0.762552 -0.075373
vn -0.671111 0.741315 0.007900
vn -0.504426 0.863452 0.002387
vn -0.358983 0.933344 0.000000
vn -0.363032 0.931658 -0.014894
vn -0.482394 0.858536 -0.173815
vn -0.467931 0.853152 -0.230593
vn -0.437817 0.870662 -0.224194
vn -0.463743 0.870080 -0.167045
vn -0.455881 0.855249 -0.246418
vn -0.417737 0.874691 -0.245785
vn -0.025416 0.077872 -0.996639
vn 0.000000 0.000000 -1.000000
vn -0.177313 0.424529 -0.887883
vn -0.175881 0.398108 -0.900320
vn -0.023058 0.069443 -0.997319
vn 0.000000 0.000000 -1.000000
vn -0.000000 -1.000000 -0.000000
vn 0.000000 -1.000000 0.000000
vn 0.000000 -1.000000 0.000000
vn 0.000000 -1.000000 0.000000
vn -0.000000 -1.000000 0.000000
vn 0.000000 -1.000000 0.000000
vn -0.531655 0.476809 -0.699997
vn -0.519555 0.616230 -0.591881
vn -0.357697 0.768853 -0.530017
vn -0.212401 -0.302401 -0.929214
vn -0.572885 -0.690799 -0.441133
vn -0.547509 0.019545 -0.836572
vn -0.106548 -0.048744 -0.993112
vn -0.480088 -0.225779 -0.847667
vn -0.256624 0.160583 -0.953078
vn -0.388161 0.205039 -0.898493
vn -0.119945 0.046231 -0.991704
vn -0.081852 -0.468886 -0.879458
vn -0.170878 -0.963827 -0.204544
vn -0.316652 -0.909108 -0.270656
vn -0.117372 -0.327227 -0.937628
vn -0.033420 -0.411467 -0.910812
vn -0.058635 -0.978953 -0.195483
vn -0.004552 -0.513145 -0.858290
vn 0.005528 -0.981562 -0.191065
vn -0.091910 -0.657786 -0.747576
vn -0.033868 -0.987113 -0.156398
vn -0.023098 -0.981073 -0.192254
vn -0.046456 -0.437169 -0.898179
vn -0.000000 -0.995782 -0.091752
vn -0.000000 -0.995732 -0.092294
vn 0.000000 -0.995788 -0.091690
vn 0.001992 -0.997079 -0.076351
vn 0.010828 -0.999016 -0.043020
vn 0.512849 0.729221 0.453015
vn 0.803742 0.000000 0.594978
vn 0.990838 -0.000000 -0.135059
vn 0.446875 0.894465 -0.015371
vn 0.512848 -0.729223 0.453013
vn 0.446875 -0.894464 -0.015371
vn -0.028431 -0.807804 -0.588765
vn 0.177298 0.000001 -0.984157
vn -0.028430 0.807805 -0.588764
vn 0.928477 -0.000000 -0.371390
vn 0.913539 0.192330 -0.358408
vn 0.461561 0.861118 -0.213161
vn 0.902919 0.222607 -0.367672
vn 0.562858 0.656833 -0.501759
vn 0.936827 -0.000000 -0.349794
vn 0.300155 0.781126 -0.547493
vn 0.161280 0.836277 -0.524052
vn 0.038987 0.863879 -0.502188
vn -0.049818 0.867067 -0.495695
vn -0.310180 0.841494 -0.442353
vn -0.382118 0.824358 -0.417637
vn -0.409730 0.808204 -0.422998
vn -0.271712 0.831071 -0.485276
vn 0.711903 -0.161657 0.683419
vn 0.590694 -0.042366 0.805782
vn 0.521145 0.703685 0.482945
vn 0.295321 -0.870319 0.394120
vn 0.057086 -0.998089 -0.023651
vn -0.204540 -0.789532 -0.578621
vn -0.370324 0.013484 -0.928805
vn -0.190137 0.741164 -0.643835
vn 0.163359 0.983448 -0.078383
vn -0.170177 0.918203 -0.357691
vn -0.470495 0.732227 -0.492421
vn -0.643873 0.765122 0.003995
vn -0.235820 0.971395 -0.027941
vn -0.596955 0.627936 0.499340
vn -0.389134 0.823256 0.413308
vn -0.442631 0.370625 -0.816526
vn -0.208443 0.163247 -0.964314
vn -0.405615 0.469761 -0.784092
vn -0.058829 0.048870 -0.997071
vn 0.000000 0.000000 -1.000000
vn 0.000000 0.000000 -1.000000
vn -0.029032 0.000158 -0.999579
vn 0.000000 0.000000 -1.000000
vn 0.000000 0.000000 -1.000000
vn 0.000000 0.000000 -1.000000
vn 0.000000 0.000000 -1.000000
vn 0.000000 0.000000 -1.000000
vn 0.000000 0.000000 -1.000000
vn 0.000000 0.000000 -1.000000
vn 0.041885 0.000000 -0.999122
vn 0.285403 -0.000000 -0.958408
vn 1.000000 -0.000000 0.000000
vn 0.930218 0.000000 -0.367009
vn 1.000000 -0.000000 0.000000
vn 1.000000 0.000000 0.000000
vn -0.256791 0.926944 -0.273558
vn -0.262726 0.929880 -0.257486
vn -0.269893 0.942797 -0.195684
vn -0.221251 0.851835 -0.474790
vn -0.088951 0.371897 -0.924002
vn -0.011832 0.063447 -0.997915
vn 0.000000 0.000000 -1.000000
vn 0.000000 0.000000 -1.000000
vn 0.000000 0.000000 -1.000000
vn 0.000000 0.000000 -1.000000
vn 0.000000 0.000000 -1.000000
vn 0.000000 0.000000 -1.000000
vn 0.000000 -0.000000 -1.000000
vn -0.042269 -0.141990 -0.988965
vn -0.020069 -0.174822 -0.984396
vn -0.029481 -0.749631 -0.661200
vn 0.000000 -1.000000 -0.000000
vn -0.008267 -0.994691 -0.102577
vn -0.000000 -1.000000 -0.000000
vn -0.000000 -1.000000 0.000000
vn -0.349610 -0.294351 -0.889455
vn -0.163681 0.098573 -0.981576
vn -0.445719 -0.788732 -0.423363
vn -0.797220 -0.423406 -0.430310
vn -0.573732 -0.079218 -0.815203
vn -0.351504 0.259661 -0.899456
vn -0.411373 -0.909694 -0.056819
vn -0.428701 -0.878695 0.210023
vn -0.889427 -0.329118 0.317177
vn -0.878376 -0.476687 -0.035009
vn -0.357262 -0.786309 0.504065
vn -0.517175 -0.595653 0.614596
vn -0.565155 -0.824985 -0.000004
vn -0.823050 -0.567969 -0.000002
vn -0.998649 0.051972 -0.000000
vn -0.827864 -0.009474 0.560849
vn -0.208378 0.476383 -0.854188
vn -0.517988 0.768786 -0.375043
vn -0.217449 0.575330 -0.788487
vn -0.277932 0.876520 -0.393022
vn -0.740137 0.190650 -0.644864
vn -0.526418 0.442703 -0.725877
vn -0.940774 -0.056280 -0.334330
vn -0.996116 -0.088041 -0.001609
vn -0.942321 0.060650 0.329171
vn -0.794743 0.325216 0.512462
vn -0.926018 0.377479 -0.000000
vn -0.811711 0.584059 -0.000001
vn -0.686507 0.503635 0.524461
vn -0.309567 0.675529 -0.669200
vn -0.142311 0.914405 -0.378960
vn -0.339437 -0.939546 0.045134
vn -0.603058 -0.767852 0.216159
vn -0.368522 -0.929619 -0.000000
vn -0.703892 -0.710307 -0.000000
vn -0.169604 -0.985512 0.000000
vn -0.259848 -0.965596 0.010128
vn -0.166277 -0.986079 -0.000000
vn -0.260355 -0.965513 0.000000
vn -0.054646 -0.998506 0.000000
vn 0.000000 -1.000000 -0.000000
vn -0.000000 -1.000000 0.000000
vn -0.054117 -0.998535 -0.000000
vn -0.000000 -1.000000 0.000000
vn 0.000000 -1.000000 -0.000000
vn 0.000000 -1.000000 0.000000
vn -0.000000 -1.000000 -0.000000
vn 0.000000 -1.000000 0.000000
vn 0.000000 -1.000000 0.000000
vn 0.003745 -0.999993 0.000000
vn 0.023534 -0.999723 0.000000
vn 0.023534 -0.999723 0.000000
vn 0.003745 -0.999993 -0.000000
vn -0.494060 0.867119 -0.063318
vn -0.278844 0.957657 -0.071696
vn -0.496105 0.868262 -0.000001
vn -0.282785 0.959183 -0.000002
vn -0.064667 0.997907 -0.000000
vn -0.064059 0.995103 -0.075276
vn -0.454263 0.889390 -0.051283
vn -0.482223 0.873958 -0.060492
vn -0.461004 0.887398 0.000000
vn -0.485499 0.874237 0.000000
vn -0.021964 -0.068401 -0.997416
vn -0.453907 0.890707 0.024700
vn -0.665115 0.746544 0.017156
vn -0.630478 0.772775 -0.072915
vn -0.396352 0.913440 -0.092373
vn -0.723475 0.690346 0.002553
vn -0.623840 0.613801 0.483810
vn -0.602967 0.797680 0.011717
vn -0.513103 0.792951 0.328565
vn -0.381401 0.924110 0.023537
vn -0.261380 0.964689 -0.032502
vn -0.416821 0.908988 -0.000000
vn -0.438276 0.898840 -0.000000
vn -0.429414 0.902397 -0.035821
vn -0.408750 0.912448 -0.019018
vn -0.372088 0.928197 0.000000
vn -0.373851 0.927465 -0.006589
vn 0.000000 -1.000000 -0.000000
vn 0.000000 -1.000000 -0.000000
vn 0.000000 -1.000000 0.000000
vn -0.000000 -1.000000 -0.000000
vn 0.000000 -1.000000 0.000000
vn 0.000000 -1.000000 0.000000
vn 0.997929 -0.064323 -0.000000
vn 0.943565 -0.331188 -0.000000
vn 0.943032 -0.332700 0.001284
vn 0.997950 -0.063997 0.000964
vn 0.584217 -0.811598 -0.000000
vn 0.584216 -0.811598 0.000000
vn 1.000000 0.000001 0.000000
vn 0.999829 -0.018509 -0.000000
vn 0.999833 -0.018296 0.000167
vn 1.000000 0.000000 -0.000000
vn -0.999855 -0.017053 -0.000000
vn -0.999852 -0.017179 0.000638
vn 1.000000 0.000000 0.000000
vn 1.000000 0.000000 -0.000000
vn 1.000000 -0.000000 0.000000
vn 1.000000 -0.000000 0.000001
vn 0.707107 0.707107 -0.000000
vn 0.988715 0.149806 0.000000
vn 0.986498 0.162266 -0.022151
vn 0.677831 0.727507 -0.106206
vn 0.000000 1.000000 -0.000000
vn 0.141421 0.989949 -0.000000
vn 0.145613 0.981254 -0.126247
vn 0.006189 0.995054 -0.099141
vn -0.010254 0.999947 0.000000
vn -0.008446 0.996752 -0.080094
vn 0.687342 -0.146232 0.711462
vn 0.735627 0.187348 0.650964
vn 0.181121 -0.084161 0.979853
vn 0.152148 -0.578321 0.801496
vn 0.768120 0.017796 0.640058
vn 0.236905 -0.001990 0.971531
vn 0.053245 -0.023143 0.998313
vn 0.026752 -0.144860 0.989091
vn 0.008640 -0.587878 0.808904
vn 0.000042 -0.148197 0.988958
vn 0.000000 -0.575655 0.817693
vn 0.000220 -0.031678 0.999498
vn -0.033652 -0.018177 0.999268
vn -0.018261 -0.134779 0.990707
vn -0.007006 -0.557060 0.830442
vn -0.098805 -0.135127 0.985890
vn -0.094494 -0.557469 0.824802
vn -0.121552 0.008765 0.992546
vn -0.483105 0.020836 0.875314
vn -0.423957 -0.261953 0.866973
vn -0.350371 -0.593046 0.724939
vn 0.693988 -0.229384 0.682469
vn 0.257612 0.005723 0.966232
vn 0.617920 -0.112068 0.778214
vn 0.240565 0.146529 0.959509
vn 0.090396 0.188727 0.977860
vn 0.076199 0.045404 0.996058
vn 0.000563 0.041990 0.999118
vn 0.001094 0.187314 0.982299
vn -0.074610 0.194002 0.978160
vn -0.052774 0.055367 0.997070
vn -0.144110 0.105870 0.983882
vn -0.174166 0.227913 0.957978
vn -0.441114 0.355206 0.824165
vn -0.449242 0.249032 0.858000
vn 0.576789 0.308810 0.756274
vn 0.265199 0.375961 0.887875
vn 0.582557 0.655615 0.480412
vn 0.414905 0.626363 0.659942
vn 0.229820 0.618022 0.751819
vn 0.127573 0.368415 0.920867
vn 0.002164 0.356653 0.934234
vn 0.004521 0.607382 0.794397
vn -0.211779 0.615754 0.758944
vn -0.115522 0.368086 0.922587
vn -0.235806 0.393369 0.888626
vn -0.388889 0.623326 0.678403
vn -0.562918 0.645942 0.515638
vn -0.491424 0.468640 0.734084
vn 0.705206 0.702127 0.098502
vn 0.591295 0.789318 0.165369
vn 0.707913 0.706300 0.000000
vn 0.616156 0.787625 0.000000
vn 0.400029 0.916502 -0.000000
vn 0.367942 0.896150 0.248059
vn 0.008009 0.957092 0.289674
vn 0.008898 0.999960 0.000000
vn -0.372977 0.927840 -0.000000
vn -0.342662 0.904509 0.253861
vn -0.565600 0.805665 0.176071
vn -0.591896 0.806015 -0.000000
vn -0.708521 0.705690 -0.000000
vn -0.706073 0.698983 0.113511
vn 0.707449 0.706765 -0.000000
vn 0.615932 0.787799 0.000000
vn 0.708018 0.706194 -0.000000
vn 0.616207 0.787584 -0.000000
vn 0.400030 0.916502 -0.000000
vn 0.400032 0.916501 -0.000000
vn 0.008895 0.999961 0.000000
vn 0.008897 0.999960 0.000000
vn -0.372977 0.927841 -0.000000
vn -0.372977 0.927841 -0.000000
vn -0.591629 0.806210 0.000000
vn -0.591919 0.805997 0.000000
vn -0.708598 0.705612 0.000000
vn -0.707693 0.706520 0.000000
vn 0.704266 0.702205 -0.104486
vn 0.589740 0.787847 -0.177492
vn 0.576720 0.655408 -0.487682
vn 0.416477 0.628741 -0.656682
vn 0.231209 0.622783 -0.747451
vn 0.365648 0.892530 -0.263992
vn 0.007939 0.951684 -0.306977
vn 0.004221 0.614281 -0.789077
vn -0.214035 0.619299 -0.755419
vn -0.340505 0.900563 -0.270265
vn -0.563921 0.803816 -0.189400
vn -0.391041 0.622444 -0.677975
vn -0.556593 0.641516 -0.527884
vn -0.705332 0.698374 -0.121573
vn 0.578044 0.329583 -0.746485
vn 0.287194 0.404360 -0.868339
vn 0.628520 -0.089714 -0.772602
vn 0.270426 0.169015 -0.947789
vn 0.109878 0.216137 -0.970161
vn 0.143360 0.402598 -0.904081
vn 0.001568 0.393073 -0.919506
vn 0.000115 0.216144 -0.976362
vn -0.094942 0.223813 -0.969997
vn -0.132737 0.401328 -0.906266
vn -0.259981 0.420487 -0.869253
vn -0.202334 0.259273 -0.944372
vn -0.448909 0.377467 -0.809938
vn -0.494167 0.481692 -0.723721
vn 0.705387 -0.220561 -0.673634
vn 0.289988 0.011233 -0.956964
vn 0.776164 0.021107 -0.630178
vn 0.263379 -0.003334 -0.964687
vn 0.067008 -0.029719 -0.997310
vn 0.095076 0.051766 -0.994123
vn -0.000231 0.048461 -0.998825
vn -0.000098 -0.040083 -0.999196
vn -0.043614 -0.021875 -0.998809
vn -0.069064 0.067041 -0.995357
vn -0.165878 0.126715 -0.977971
vn -0.135400 0.013849 -0.990694
vn -0.489150 0.029211 -0.871710
vn -0.455561 0.266397 -0.849410
vn 0.740374 0.187401 -0.645544
vn 0.195148 -0.089175 -0.976711
vn 0.690564 -0.147121 -0.708150
vn 0.156034 -0.582813 -0.797485
vn 0.010894 -0.596134 -0.802811
vn 0.033818 -0.157438 -0.986950
vn -0.000018 -0.163574 -0.986531
vn 0.000000 -0.585834 -0.810431
vn -0.008834 -0.566518 -0.824002
vn -0.023324 -0.147589 -0.988774
vn -0.106661 -0.142754 -0.983994
vn -0.097172 -0.564751 -0.819520
vn -0.352579 -0.596828 -0.720753
vn -0.429555 -0.262829 -0.863946
vn 0.947002 -0.252528 -0.198538
vn 0.161140 -0.962793 -0.216941
vn 0.972230 -0.234026 -0.000000
vn 0.158221 -0.987404 0.000000
vn -0.000000 -1.000000 0.000000
vn 0.000661 -0.976930 -0.213559
vn -0.000000 -0.976449 -0.215750
vn -0.000000 -1.000000 0.000000
vn -0.000000 -1.000000 -0.000000
vn -0.000630 -0.975769 -0.218802
vn -0.116854 -0.971626 -0.205641
vn -0.128719 -0.991681 0.000000
vn -0.506097 -0.862477 -0.000000
vn -0.496303 -0.848750 -0.182501
vn 0.972231 -0.234024 0.000000
vn 0.158219 -0.987404 0.000000
vn 0.972230 -0.234027 0.000000
vn 0.158221 -0.987404 0.000000
vn -0.000000 -1.000000 0.000000
vn 0.000000 -1.000000 -0.000000
vn 0.000000 -1.000000 0.000000
vn -0.000000 -1.000000 -0.000000
vn -0.000000 -1.000000 -0.000000
vn 0.000000 -1.000000 -0.000000
vn -0.128719 -0.991681 0.000000
vn -0.128719 -0.991681 0.000000
vn -0.506097 -0.862476 -0.000000
vn -0.506097 -0.862476 -0.000000
vn 0.946976 -0.252520 0.198673
vn 0.161047 -0.962710 0.217379
vn 0.000522 -0.976770 0.214289
vn -0.000000 -0.976256 0.216618
vn -0.000498 -0.975594 0.219582
vn -0.116765 -0.971531 0.206137
vn -0.496278 -0.848710 0.182756
vn -0.839565 -0.543259 -0.000000
vn -0.831290 -0.495670 -0.251531
vn -0.999986 -0.005306 -0.000000
vn -0.955857 0.004878 -0.293791
vn -0.839695 -0.543058 0.000000
vn -0.839835 -0.542842 0.000000
vn -0.999993 -0.003828 0.000000
vn -0.999997 -0.002251 -0.000000
vn -0.831062 -0.496252 0.251137
vn -0.956585 0.003423 0.291433
vn -0.897163 0.441700 0.000000
vn -0.862283 0.423757 -0.277305
vn -0.844499 0.535558 -0.000000
vn -0.805805 0.536665 -0.250339
vn -0.896768 0.442502 -0.000000
vn -0.896212 0.443626 0.000000
vn -0.844632 0.535347 0.000000
vn -0.845016 0.534741 -0.000000
vn -0.864955 0.420757 0.273526
vn -0.810717 0.532252 0.243814
vn -0.837672 0.546174 -0.000000
vn -0.813967 0.544366 -0.202792
vn -0.837518 0.546410 0.000000
vn -0.836510 0.547952 -0.000000
vn -0.817760 0.542374 0.192614
vn 0.927067 0.351807 -0.129535
vn 0.992238 0.013059 -0.123666
vn 0.999985 0.005555 0.000000
vn 0.928614 0.371047 0.000000
vn 0.928629 0.371010 0.000000
vn 0.999997 0.002473 0.000000
vn 0.999990 0.004491 -0.000000
vn 0.928620 0.371032 -0.000000
vn 0.927094 0.351722 0.129566
vn 0.992324 0.010644 0.123208
vn 0.889549 -0.433356 -0.144586
vn 0.866582 -0.455987 -0.202760
vn 0.853585 -0.520954 0.000000
vn 0.888076 -0.459697 -0.000000
vn 0.887158 -0.461466 -0.000000
vn 0.854755 -0.519032 -0.000000
vn 0.853874 -0.520480 -0.000000
vn 0.887787 -0.460254 0.000000
vn 0.888326 -0.436546 0.142496
vn 0.865218 -0.460924 0.197349
vn 0.965666 0.136811 -0.220842
vn 0.985803 0.167908 0.000000
vn 0.982984 0.183691 -0.000000
vn 0.985257 0.171080 -0.000000
vn 0.967407 0.137171 0.212856
vn -0.364070 0.930034 0.049889
vn -0.331238 0.936867 0.112082
vn -0.306934 0.938218 0.159809
vn -0.380559 0.919330 0.100034
vn -0.326557 0.907720 0.263449
vn -0.266658 0.928373 0.258879
vn -0.324505 0.911733 0.251872
vn -0.363065 0.909467 0.202616
vn -0.418067 0.897005 0.143537
vn -0.061935 0.976830 0.204859
vn -0.059753 0.961335 0.268822
vn 0.014454 0.958569 0.284492
vn 0.000279 0.976084 0.217393
vn -0.057997 0.956747 0.285081
vn 0.030568 0.953001 0.301420
vn 0.136628 0.922153 0.361895
vn 0.082712 0.935351 0.343915
vn 0.035508 0.963356 0.265867
vn 0.223057 0.878958 0.421519
vn 0.172364 0.927795 0.330889
vn 0.283482 0.853015 0.438182
vn 0.600924 0.694379 0.395889
vn 0.624523 0.687876 0.369861
vn 0.639146 0.712760 0.288905
vn -0.306343 0.492756 0.814460
vn -0.335322 0.282774 0.898665
vn -0.089356 0.117370 0.989060
vn -0.187429 0.454914 0.870588
vn -0.295331 0.240362 0.924665
vn -0.069068 0.048802 0.996418
vn 0.000000 -0.000000 1.000000
vn -0.028806 0.091489 0.995389
vn -0.169137 0.456402 0.873550
vn -0.018667 0.361400 0.932224
vn -0.002505 0.062029 0.998071
vn 0.002629 0.064221 0.997932
vn 0.017864 0.370169 0.928793
vn 0.000000 0.000000 1.000000
vn 0.000000 -0.000000 1.000000
vn -0.000000 -0.000000 1.000000
vn 0.012282 0.071464 0.997368
vn 0.080134 0.393404 0.915867
vn 0.055176 0.079703 0.995290
vn 0.161520 0.402102 0.901236
vn 0.038819 0.000000 0.999246
vn 0.278255 0.000000 0.960507
vn 0.306339 0.117978 0.944583
vn 0.302465 0.436719 0.847226
vn -0.000000 0.000000 1.000000
vn -0.000000 0.000000 1.000000
vn -0.000000 -0.000000 1.000000
vn -0.000000 0.000000 1.000000
vn -0.000000 0.000000 1.000000
vn -0.000000 0.000000 1.000000
vn 0.000000 -0.000000 1.000000
vn -0.000000 -0.000000 1.000000
vn 0.000000 -0.000000 1.000000
vn 0.031683 0.026481 0.999147
vn 0.042818 -0.000000 0.999083
vn -0.000567 0.065297 0.997866
vn 0.024619 0.396386 0.917754
vn 0.228582 0.103636 0.967993
vn 0.287348 -0.000000 0.957826
vn 0.000000 -0.160618 0.987017
vn 0.000000 -0.165507 0.986209
vn 0.000000 -0.787011 0.616939
vn 0.000000 -0.792735 0.609567
vn -0.000000 -0.793358 0.608755
vn 0.000000 -0.166090 0.986111
vn -0.034488 -0.124403 0.991632
vn -0.028411 -0.801122 0.597827
vn -0.130616 -0.811543 0.569507
vn -0.198690 -0.036275 0.979391
vn -0.174477 -0.984661 0.000000
vn -0.174741 -0.984615 0.000000
vn -0.055583 -0.998454 0.000000
vn -0.055530 -0.998457 0.000000
vn -0.174174 -0.984715 0.000000
vn -0.055475 -0.998460 -0.000000
vn -0.000000 -1.000000 0.000000
vn 0.000000 -1.000000 -0.000000
vn -0.000000 -1.000000 0.000000
vn 0.000000 -1.000000 -0.000000
vn 0.000000 -1.000000 -0.000000
vn -0.000000 -1.000000 -0.000000
vn 0.000000 -1.000000 -0.000000
vn 0.000000 -1.000000 -0.000000
vn -0.000000 -1.000000 -0.000000
vn -0.000000 -1.000000 0.000000
vn 0.000000 -1.000000 0.000000
vn -0.000000 -1.000000 -0.000000
vn 0.006572 -0.999973 0.003440
vn 0.009050 -0.999957 -0.001815
vn 0.003745 -0.999993 -0.000000
vn 0.023534 -0.999723 -0.000000
vn 0.032865 -0.999415 0.009511
vn 0.079187 -0.995845 -0.044976
vn 0.584216 -0.811598 0.000000
vn 0.940286 -0.340365 -0.003643
vn 0.942378 -0.331994 0.041280
vn 0.582830 -0.812057 0.029527
vn 0.997804 -0.066180 -0.002771
vn 0.996209 -0.069033 0.052940
vn 0.939194 -0.063013 0.337557
vn 0.903686 -0.292786 0.312454
vn 0.579609 -0.805906 0.120701
vn -0.999834 -0.018131 -0.001871
vn 0.999850 -0.017311 -0.000440
vn 0.999635 0.026766 0.003721
vn -0.997907 -0.004784 0.064488
vn 1.000000 0.000000 -0.000000
vn 1.000000 0.000000 0.000000
vn 1.000000 0.000000 -0.000000
vn 0.996421 0.084138 -0.008154
vn -0.726729 0.437799 0.529336
vn 1.000000 -0.000000 -0.000000
vn 0.981478 0.179182 0.067782
vn 0.976193 0.194754 0.095486
vn 1.000000 -0.000000 0.000000
vn 0.966893 0.226832 0.116897
vn 1.000000 0.000000 0.000000
vn -0.378933 -0.893882 0.239551
vn -0.272479 -0.961626 0.032104
vn -0.263194 -0.964676 0.011355
vn -0.286213 -0.957584 0.033402
vn -0.268529 -0.960412 -0.074165
vn -0.253944 -0.967149 -0.011633
vn -0.670767 0.515464 -0.533262
vn -0.750725 0.418835 -0.510871
vn -0.867795 0.494704 -0.046895
vn -0.777030 0.628063 -0.041963
vn -0.920363 0.207240 -0.331637
vn -0.984789 0.171142 -0.030030
vn -0.957822 0.138442 0.251815
vn -0.806745 0.388344 0.445367
vn -0.638691 0.565593 0.521707
vn -0.475897 0.877187 0.063763
vn -0.515197 0.826480 0.226941
vn -0.363034 0.931657 0.014894
vn -0.690799 0.719315 0.073365
vn -0.663937 0.671543 0.328964
vn -0.482394 0.858536 0.173815
vn -0.463744 0.870079 0.167044
vn -0.437818 0.870662 0.224195
vn -0.467929 0.853153 0.230592
vn -0.417737 0.874691 0.245786
vn -0.455879 0.855250 0.246417
vn 0.000000 0.000000 1.000000
vn -0.025416 0.077873 0.996639
vn -0.000000 -0.000000 1.000000
vn -0.023058 0.069444 0.997319
vn -0.175880 0.398110 0.900319
vn -0.177313 0.424529 0.887883
vn 0.000000 -1.000000 0.000000
vn 0.000000 -1.000000 -0.000000
vn 0.000000 -1.000000 -0.000000
vn 0.000000 -1.000000 0.000000
vn -0.000000 -1.000000 0.000000
vn 0.000000 -1.000000 0.000000
vn -0.526610 0.614682 0.587238
vn -0.542144 0.478298 0.690877
vn -0.357696 0.768853 0.530018
vn -0.212401 -0.302400 0.929215
vn -0.106548 -0.048745 0.993112
vn -0.547857 0.019892 0.836336
vn -0.572733 -0.690807 0.441319
vn -0.119945 0.046231 0.991703
vn -0.390504 0.206570 0.897126
vn -0.266310 0.166541 0.949391
vn -0.481067 -0.226672 0.846874
vn -0.081853 -0.468885 0.879458
vn -0.117372 -0.327227 0.937628
vn -0.316580 -0.909108 0.270738
vn -0.170878 -0.963827 0.204544
vn -0.058635 -0.978953 0.195483
vn -0.033421 -0.411467 0.910812
vn 0.005528 -0.981562 0.191065
vn -0.004551 -0.513145 0.858290
vn -0.091909 -0.657786 0.747576
vn -0.046456 -0.437168 0.898179
vn -0.023099 -0.981073 0.192255
vn -0.033868 -0.987113 0.156397
vn -0.000000 -0.995732 0.092294
vn 0.000000 -0.995782 0.091752
vn 0.000000 -0.995788 0.091690
vn 0.001992 -0.997079 0.076351
vn 0.010827 -0.999016 0.043020
vn 0.512849 0.729222 -0.453014
vn 0.446874 0.894465 0.015371
vn 0.990838 0.000000 0.135058
vn 0.803742 -0.000001 -0.594978
vn -0.028430 0.807805 0.588764
vn 0.177297 0.000001 0.984158
vn -0.028430 -0.807804 0.588764
vn 0.446876 -0.894464 0.015371
vn 0.512848 -0.729222 -0.453014
vn 0.913539 0.192329 0.358408
vn 0.928477 -0.000000 0.371390
vn 0.461562 0.861117 0.213161
vn 0.562857 0.656833 0.501759
vn 0.902919 0.222607 0.367672
vn 0.936827 -0.000000 0.349794
vn 0.161280 0.836276 0.524052
vn 0.300155 0.781126 0.547494
vn -0.049818 0.867067 0.495695
vn 0.038987 0.863879 0.502188
vn -0.382118 0.824357 0.417637
vn -0.310181 0.841493 0.442355
vn -0.409730 0.808205 0.422997
vn -0.271712 0.831071 0.485277
vn 0.521145 0.703686 -0.482944
vn 0.590695 -0.042367 -0.805782
vn 0.711903 -0.161658 -0.683418
vn 0.295321 -0.870319 -0.394119
vn 0.057086 -0.998089 0.023651
vn -0.204539 -0.789532 0.578621
vn -0.370323 0.013485 0.928805
vn -0.190137 0.741163 0.643836
vn 0.163359 0.983448 0.078384
vn -0.111689 0.913064 0.392223
vn -0.190940 0.979428 0.065287
vn -0.630449 0.776137 0.012092
vn -0.430434 0.740454 0.516192
vn -0.367149 0.838851 -0.401908
vn -0.593546 0.632207 -0.498013
vn -0.208444 0.163248 0.964314
vn -0.449697 0.373909 0.811150
vn -0.456841 0.488891 0.743156
vn -0.058829 0.048870 0.997071
vn -0.029032 0.000158 0.999578
vn 0.000000 -0.000000 1.000000
vn -0.000000 -0.000000 1.000000
vn 0.000000 -0.000000 1.000000
vn -0.000000 -0.000000 1.000000
vn 0.000000 0.000000 1.000000
vn 0.000000 0.000000 1.000000
vn 0.000000 -0.000000 1.000000
vn -0.000000 0.000000 1.000000
vn -0.000000 0.000000 1.000000
vn 0.041885 0.000000 0.999123
vn 0.285403 0.000000 0.958408
vn 0.930218 0.000000 0.367009
vn 1.000000 0.000000 0.000000
vn 1.000000 -0.000000 -0.000000
vn 1.000000 0.000000 0.000000
vn -0.262726 0.929880 0.257486
vn -0.256791 0.926944 0.273558
vn -0.269893 0.942797 0.195685
vn -0.088951 0.371898 0.924002
vn -0.221251 0.851835 0.474790
vn -0.000000 -0.000000 1.000000
vn -0.011832 0.063447 0.997915
vn -0.000000 -0.000000 1.000000
vn -0.000000 0.000000 1.000000
vn -0.000000 -0.000000 1.000000
vn -0.000000 0.000000 1.000000
vn -0.000000 0.000000 1.000000
vn 0.000000 0.000000 1.000000
vn -0.029481 -0.749630 0.661200
vn -0.020069 -0.174821 0.984396
vn -0.042268 -0.141990 0.988965
vn -0.008267 -0.994691 0.102577
vn 0.000000 -1.000000 -0.000000
vn 0.000000 -1.000000 -0.000000
vn 0.000000 -1.000000 0.000000
vn -0.168570 0.103941 0.980194
vn -0.349842 -0.295495 0.888984
vn -0.346005 0.271513 0.898087
vn -0.574214 -0.077297 0.815049
vn -0.797134 -0.423658 0.430222
vn -0.444281 -0.789583 0.423289
vn -0.410167 -0.910283 0.056112
vn -0.878358 -0.476761 0.034433
vn -0.889374 -0.328876 -0.317575
vn -0.428063 -0.878817 -0.210816
vn -0.517041 -0.595478 -0.614878
vn -0.357047 -0.786210 -0.504372
vn -0.827853 -0.009381 -0.560867
vn -0.594453 0.738919 0.317214
vn -0.246054 0.501767 0.829269
vn -0.280540 0.877774 0.388343
vn -0.204023 0.594508 0.777776
vn -0.506306 0.453498 0.733480
vn -0.736675 0.193648 0.647928
vn -0.940780 -0.056257 0.334317
vn -0.996125 -0.087942 0.001456
vn -0.942327 0.060662 -0.329152
vn -0.794782 0.325174 -0.512428
vn -0.686507 0.503635 -0.524461
vn -0.092024 0.908542 0.407533
vn -0.265839 0.685865 0.677435
vn -0.603036 -0.767844 -0.216247
vn -0.339412 -0.939552 -0.045186
vn -0.259836 -0.965600 -0.010146
vn -0.169604 -0.985512 -0.000000
vn -0.054646 -0.998506 -0.000000
vn 0.000000 -1.000000 0.000000
vn -0.000000 -1.000000 -0.000000
vn 0.000000 -1.000000 -0.000000
vn 0.000000 -1.000000 0.000000
vn 0.003745 -0.999993 0.000000
vn 0.023534 -0.999723 -0.000000
vn -0.278844 0.957656 0.071696
vn -0.494062 0.867118 0.063318
vn -0.064059 0.995103 0.075276
vn -0.482223 0.873957 0.060492
vn -0.454263 0.889390 0.051283
vn -0.021964 -0.068401 0.997416
vn -0.397962 0.907746 0.132753
vn -0.683157 0.725698 0.081610
vn -0.621749 0.617313 -0.482030
vn -0.498763 0.808795 -0.311588
vn -0.221921 0.971701 0.080922
vn -0.408751 0.912448 0.019017
vn -0.429415 0.902397 0.035821
vn -0.373850 0.927466 0.006587
vn -0.000000 -1.000000 0.000000
vn 0.000000 -1.000000 -0.000000
vn 0.000000 -1.000000 0.000000
vn 0.997950 -0.063997 -0.000964
vn 0.943032 -0.332699 -0.001284
vn 0.584215 -0.811599 -0.000000
vn 1.000000 0.000000 -0.000000
vn 0.999833 -0.018298 -0.000168
vn -0.999852 -0.017179 -0.000638
vn 1.000000 0.000001 -0.000001
vn 1.000000 -0.000000 -0.000001
vn 0.677831 0.727506 0.106206
vn 0.986498 0.162267 0.022151
vn 0.006189 0.995054 0.099141
vn 0.145613 0.981254 0.126246
vn -0.008446 0.996752 0.080094
vn 0.190635 -0.981447 -0.020506
vn 0.169611 -0.985511 -0.000000
vn 0.276293 -0.953547 -0.120046
vn 0.631611 -0.319582 -0.706353
vn 0.197591 0.016569 -0.980145
vn -0.907532 0.130529 -0.399184
vn -0.973289 0.165886 -0.158717
vn 0.075917 0.833294 -0.547593
vn 0.040122 0.445919 -0.894174
vn -0.982802 0.172850 -0.064978
vn 0.087856 0.938424 -0.334127
vn 0.978710 0.192757 -0.070506
vn 0.968598 0.187089 -0.163752
vn 0.903505 0.152797 -0.400415
vn 0.169611 -0.985511 0.000000
vn 0.169611 -0.985511 -0.000000
vn -0.986430 0.162696 -0.022035
vn 0.092718 0.987571 -0.126915
vn -0.988884 0.148687 0.000000
vn 0.094120 0.995561 0.000000
vn 0.985565 0.169296 0.000000
vn 0.982909 0.182516 -0.024034
vn -0.982802 0.172851 0.064978
vn -0.973288 0.165887 0.158717
vn 0.075917 0.833294 0.547592
vn 0.087856 0.938425 0.334127
vn -0.907532 0.130530 0.399184
vn 0.040122 0.445920 0.894173
vn 0.903505 0.152797 0.400414
vn 0.968598 0.187089 0.163752
vn 0.978710 0.192756 0.070506
vn 0.631611 -0.319583 0.706353
vn 0.197591 0.016570 0.980145
vn 0.276292 -0.953547 0.120045
vn 0.190635 -0.981447 0.020505
vn 0.169611 -0.985511 -0.000000
vn -0.986430 0.162695 0.022035
vn 0.092717 0.987571 0.126915
vn 0.982909 0.182516 0.024034
vn 0.169611 -0.985511 -0.000000
vn -0.997605 0.017031 -0.067046
vn -0.934612 0.039422 -0.353477
vn -0.999840 0.016872 -0.006006
vn 0.997176 0.027587 -0.069853
vn 0.999518 0.029479 -0.009723
vn 0.928565 0.037608 -0.369259
vn 0.120476 0.088120 -0.988797
vn -0.999875 0.015695 -0.002032
vn -0.999898 0.014286 0.000000
vn 0.999613 0.027617 -0.003301
vn 0.999674 0.025514 0.000000
vn -0.997605 0.017031 0.067046
vn -0.999840 0.016872 0.006006
vn -0.934612 0.039421 0.353476
vn 0.120476 0.088120 0.988798
vn 0.928565 0.037608 0.369259
vn 0.997176 0.027587 0.069853
vn 0.999518 0.029479 0.009723
vn -0.999875 0.015695 0.002032
vn 0.999613 0.027616 0.003301
s 1
g group1 pCube3
usemtl initialShadingGroup
f 3057/3209/3057 3664/3210/3058 3967/3211/3059 3667/3212/3060
f 3664/3210/3058 3058/3213/3061 3665/3214/3062 3967/3211/3059
f 3967/3211/3059 3665/3214/3062 3062/3215/3063 3666/3216/3064
f 3667/3212/3060 3967/3211/3059 3666/3216/3064 3061/3217/3065
f 3058/3213/3061 3668/3218/3066 3968/3219/3067 3665/3214/3062
f 3668/3218/3066 3059/3220/3068 3669/3221/3069 3968/3219/3067
f 3968/3219/3067 3669/3221/3069 3063/3222/3070 3670/3223/3071
f 3665/3214/3062 3968/3219/3067 3670/3223/3071 3062/3215/3063
f 3059/3220/3068 3671/3224/3072 3969/3225/3073 3669/3221/3069
f 3671/3224/3072 3060/3226/3074 3672/3227/3075 3969/3225/3073
f 3969/3225/3073 3672/3227/3075 3064/3228/3076 3673/3229/3077
f 3669/3221/3069 3969/3225/3073 3673/3229/3077 3063/3222/3070
f 3061/3217/3065 3666/3216/3064 3970/3230/3078 3676/3231/3079
f 3666/3216/3064 3062/3215/3063 3674/3232/3080 3970/3230/3078
f 3970/3230/3078 3674/3232/3080 3066/3233/3081 3675/3234/3082
f 3676/3231/3079 3970/3230/3078 3675/3234/3082 3065/3235/3083
f 3062/3215/3063 3670/3223/3071 3971/3236/3084 3674/3232/3080
f 3670/3223/3071 3063/3222/3070 3677/3237/3085 3971/3236/3084
f 3971/3236/3084 3677/3237/3085 3067/3238/3086 3678/3239/3087
f 3674/3232/3080 3971/3236/3084 3678/3239/3087 3066/3233/3081
f 3063/3222/3070 3673/3229/3077 3972/3240/3088 3677/3237/3085
f 3673/3229/3077 3064/3228/3076 3679/3241/3089 3972/3240/3088
f 3972/3240/3088 3679/3241/3089 3068/3242/3090 3680/3243/3091
f 3677/3237/3085 3972/3240/3088 3680/3243/3091 3067/3238/3086
f 3065/3235/3083 3675/3234/3082 3973/3244/3092 3683/3245/3093
f 3675/3234/3082 3066/3233/3081 3681/3246/3094 3973/3244/3092
f 3973/3244/3092 3681/3246/3094 3070/3247/3095 3682/3248/3096
f 3683/3245/3093 3973/3244/3092 3682/3248/3096 3069/3249/3097
f 3066/3233/3081 3678/3239/3087 3974/3250/3098 3681/3246/3094
f 3678/3239/3087 3067/3238/3086 3684/3251/3099 3974/3250/3098
f 3974/3250/3098 3684/3251/3099 3071/3252/3100 3685/3253/3101
f 3681/3246/3094 3974/3250/3098 3685/3253/3101 3070/3247/3095
f 3067/3238/3086 3680/3243/3091 3975/3254/3102 3684/3251/3099
f 3680/3243/3091 3068/3242/3090 3686/3255/3103 3975/3254/3102
f 3975/3254/3102 3686/3255/3103 3072/3256/3104 3687/3257/3105
f 3684/3251/3099 3975/3254/3102 3687/3257/3105 3071/3252/3100
f 3069/3249/3097 3682/3248/3096 3976/3258/3106 3690/3259/3107
f 3682/3248/3096 3070/3247/3095 3688/3260/3108 3976/3258/3106
f 3976/3258/3106 3688/3260/3108 3074/3261/3109 3689/3262/3110
f 3690/3259/3107 3976/3258/3106 3689/3262/3110 3073/3263/3111
f 3070/3247/3095 3685/3253/3101 3977/3264/3112 3688/3260/3108
f 3685/3253/3101 3071/3252/3100 3691/3265/3113 3977/3264/3112
f 3977/3264/3112 3691/3265/3113 3075/3266/3114 3692/3267/3115
f 3688/3260/3108 3977/3264/3112 3692/3267/3115 3074/3261/3109
f 3071/3252/3100 3687/3257/3105 3978/3268/3116 3691/3265/3113
f 3687/3257/3105 3072/3256/3104 3693/3269/3117 3978/3268/3116
f 3978/3268/3116 3693/3269/3117 3076/3270/3118 3694/3271/3119
f 3691/3265/3113 3978/3268/3116 3694/3271/3119 3075/3266/3114
f 3073/3263/3111 3689/3262/3110 3979/3272/3120 3697/3273/3121
f 3689/3262/3110 3074/3261/3109 3695/3274/3122 3979/3272/3120
f 3979/3272/3120 3695/3274/3122 3078/3275/3123 3696/3276/3124
f 3697/3273/3121 3979/3272/3120 3696/3276/3124 3077/3277/3125
f 3074/3261/3109 3692/3267/3115 3980/3278/3126 3695/3274/3122
f 3692/3267/3115 3075/3266/3114 3698/3279/3127 3980/3278/3126
f 3980/3278/3126 3698/3279/3127 3079/3280/3128 3699/3281/3129
f 3695/3274/3122 3980/3278/3126 3699/3281/3129 3078/3275/3123
f 3075/3266/3114 3694/3271/3119 3981/3282/3130 3698/3279/3127
f 3694/3271/3119 3076/3270/3118 3700/3283/3131 3981/3282/3130
f 3981/3282/3130 3700/3283/3131 3080/3284/3132 3701/3285/3133
f 3698/3279/3127 3981/3282/3130 3701/3285/3133 3079/3280/3128
f 3077/3277/3125 3696/3276/3124 3982/3286/3134 3704/3287/3135
f 3696/3276/3124 3078/3275/3123 3702/3288/3136 3982/3286/3134
f 3982/3286/3134 3702/3288/3136 3082/3289/3137 3703/3290/3138
f 3704/3287/3135 3982/3286/3134 3703/3290/3138 3081/3291/3139
f 3078/3275/3123 3699/3281/3129 3983/3292/3140 3702/3288/3136
f 3699/3281/3129 3079/3280/3128 3705/3293/3141 3983/3292/3140
f 3983/3292/3140 3705/3293/3141 3083/3294/3142 3706/3295/3143
f 3702/3288/3136 3983/3292/3140 3706/3295/3143 3082/3289/3137
f 3079/3280/3128 3701/3285/3133 3984/3296/3144 3705/3293/3141
f 3701/3285/3133 3080/3284/3132 3707/3297/3145 3984/3296/3144
f 3984/3296/3144 3707/3297/3145 3084/3298/3146 3708/3299/3147
f 3705/3293/3141 3984/3296/3144 3708/3299/3147 3083/3294/3142
f 3081/3291/3139 3703/3290/3138 3985/4467/3148 3711/3301/3149
f 3703/3290/3138 3082/3289/3137 3709/3302/3150 3985/4467/3148
f 3985/3300/3148 3709/4466/3150 3086/3303/3151 3710/3304/3152
f 3711/3301/3149 3985/3300/3148 3710/3304/3152 3085/3305/3153
f 3082/3289/3137 3706/3295/3143 3986/4465/3154 3709/3302/3150
f 3706/3295/3143 3083/3294/3142 3712/3307/3155 3986/4465/3154
f 3986/3306/3154 3712/4464/3155 3087/3308/3156 3713/3309/3157
f 3709/4466/3150 3986/3306/3154 3713/3309/3157 3086/3303/3151
f 3083/3294/3142 3708/3299/3147 3987/4463/3158 3712/3307/3155
f 3708/3299/3147 3084/3298/3146 3714/3311/3159 3987/4463/3158
f 3987/3310/3158 3714/4459/3159 3088/3312/3160 3715/3313/3161
f 3712/4464/3155 3987/3310/3158 3715/3313/3161 3087/3308/3156
f 3085/3305/3153 3710/3304/3152 3988/3314/3162 3718/3315/3163
f 3710/3304/3152 3086/3303/3151 3716/3316/3164 3988/3314/3162
f 3988/3314/3162 3716/3316/3164 3090/3317/3165 3717/3318/3166
f 3718/3315/3163 3988/3314/3162 3717/3318/3166 3089/3319/3167
f 3086/3303/3151 3713/3309/3157 3989/3320/3168 3716/3316/3164
f 3713/3309/3157 3087/3308/3156 3719/3321/3169 3989/3320/3168
f 3989/3320/3168 3719/3321/3169 3091/3322/3170 3720/3323/3171
f 3716/3316/3164 3989/3320/3168 3720/3323/3171 3090/3317/3165
f 3087/3308/3156 3715/3313/3161 3990/3324/3172 3719/3321/3169
f 3715/3313/3161 3088/3312/3160 3721/3325/3173 3990/3324/3172
f 3990/3324/3172 3721/3325/3173 3092/3326/3174 3722/3327/3175
f 3719/3321/3169 3990/3324/3172 3722/3327/3175 3091/3322/3170
f 3089/3319/3167 3717/3318/3166 3991/3328/3176 3725/3329/3177
f 3717/3318/3166 3090/3317/3165 3723/3330/3178 3991/3328/3176
f 3991/3328/3176 3723/3330/3178 3094/3331/3179 3724/3332/3180
f 3725/3329/3177 3991/3328/3176 3724/3332/3180 3093/3333/3181
f 3090/3317/3165 3720/3323/3171 3992/3334/3182 3723/3330/3178
f 3720/3323/3171 3091/3322/3170 3726/3335/3183 3992/3334/3182
f 3992/3334/3182 3726/3335/3183 3095/3336/3184 3727/3337/3185
f 3723/3330/3178 3992/3334/3182 3727/3337/3185 3094/3331/3179
f 3091/3322/3170 3722/3327/3175 3993/3338/3186 3726/3335/3183
f 3722/3327/3175 3092/3326/3174 3728/3339/3187 3993/3338/3186
f 3993/3338/3186 3728/3339/3187 3096/3340/3188 3729/3341/3189
f 3726/3335/3183 3993/3338/3186 3729/3341/3189 3095/3336/3184
f 3093/3333/3181 3724/3332/3180 3994/3342/3190 3732/3343/3191
f 3724/3332/3180 3094/3331/3179 3730/3344/3192 3994/3342/3190
f 3994/3342/3190 3730/3344/3192 3098/3345/3193 3731/3346/3194
f 3732/3343/3191 3994/3342/3190 3731/3346/3194 3097/3347/3195
f 3094/3331/3179 3727/3337/3185 3995/3348/3196 3730/3344/3192
f 3727/3337/3185 3095/3336/3184 3733/3349/3197 3995/3348/3196
f 3995/3348/3196 3733/3349/3197 3099/3350/3198 3734/3351/3199
f 3730/3344/3192 3995/3348/3196 3734/3351/3199 3098/3345/3193
f 3095/3336/3184 3729/3341/3189 3996/3352/3200 3733/3349/3197
f 3729/3341/3189 3096/3340/3188 3735/3353/3201 3996/3352/3200
f 3996/3352/3200 3735/3353/3201 3100/3354/3202 3736/3355/3203
f 3733/3349/3197 3996/3352/3200 3736/3355/3203 3099/3350/3198
f 3097/3347/3195 3731/3346/3194 3997/3356/3204 3739/3357/3205
f 3731/3346/3194 3098/3345/3193 3737/3358/3206 3997/3356/3204
f 3997/3356/3204 3737/3358/3206 3102/3359/3207 3738/3360/3208
f 3739/3357/3205 3997/3356/3204 3738/3360/3208 3101/3361/3209
f 3098/3345/3193 3734/3351/3199 3998/3362/3210 3737/3358/3206
f 3734/3351/3199 3099/3350/3198 3740/3363/3211 3998/3362/3210
f 3998/3362/3210 3740/3363/3211 3103/3364/3212 3741/3365/3213
f 3737/3358/3206 3998/3362/3210 3741/3365/3213 3102/3359/3207
f 3099/3350/3198 3736/3355/3203 3999/3366/3214 3740/3363/3211
f 3736/3355/3203 3100/3354/3202 3742/3367/3215 3999/3366/3214
f 3999/3366/3214 3742/3367/3215 3104/3368/3216 3743/3369/3217
f 3740/3363/3211 3999/3366/3214 3743/3369/3217 3103/3364/3212
f 3101/3361/3209 3738/3360/3208 4000/3370/3218 3745/3371/3219
f 3738/3360/3208 3102/3359/3207 3744/3372/3220 4000/3370/3218
f 4000/3370/3218 3744/3372/3220 3058/3213/3061 3664/3210/3058
f 3745/3371/3219 4000/3370/3218 3664/3210/3058 3057/3209/3057
f 3102/3359/3207 3741/3365/3213 4001/3373/3221 3744/3372/3220
f 3741/3365/3213 3103/3364/3212 3746/3374/3222 4001/3373/3221
f 4001/3373/3221 3746/3374/3222 3059/3220/3068 3668/3218/3066
f 3744/3372/3220 4001/3373/3221 3668/3218/3066 3058/3213/3061
f 3103/3364/3212 3743/3369/3217 4002/3375/3223 3746/3374/3222
f 3743/3369/3217 3104/3368/3216 3747/3376/3224 4002/3375/3223
f 4002/3375/3223 3747/3376/3224 3060/3226/3074 3671/3224/3072
f 3746/3374/3222 4002/3375/3223 3671/3224/3072 3059/3220/3068
f 3100/3354/3202 3735/3353/3201 4003/3377/3225 3749/3378/3226
f 3735/3353/3201 3096/3340/3188 3728/3339/3187 4003/3377/3225
f 4003/3377/3225 3728/3339/3187 3092/3326/3174 3748/3379/3227
f 3749/3378/3226 4003/3377/3225 3748/3379/3227 3105/3380/3228
f 3104/3368/3216 3742/3367/3215 4004/3381/3229 3751/3382/3230
f 3742/3367/3215 3100/3354/3202 3749/3378/3226 4004/3381/3229
f 4004/3381/3229 3749/3378/3226 3105/3380/3228 3750/3383/3231
f 3751/3382/3230 4004/3381/3229 3750/3383/3231 3106/3384/3232
f 3060/3226/3074 3747/3376/3224 4005/3385/3233 3672/3227/3075
f 3747/3376/3224 3104/3368/3216 3751/3382/3230 4005/3385/3233
f 4005/3385/3233 3751/3382/3230 3106/3384/3232 3752/3386/3234
f 3672/3227/3075 4005/3385/3233 3752/4462/3234 3064/3228/3076
f 3105/3380/3228 3748/3379/3227 4006/3387/3235 3754/3388/3236
f 3748/3379/3227 3092/3326/3174 3721/3325/3173 4006/3387/3235
f 4006/3387/3235 3721/3325/3173 3088/3312/3160 3753/3389/3237
f 3754/3388/3236 4006/3387/3235 3753/3389/3237 3107/3390/3238
f 3106/3384/3232 3750/3383/3231 4007/3391/3239 3756/3392/3240
f 3750/3383/3231 3105/3380/3228 3754/3388/3236 4007/3391/3239
f 4007/3391/3239 3754/3388/3236 3107/3390/3238 3755/3393/3241
f 3756/3392/3240 4007/3391/3239 3755/3393/3241 3108/3394/3242
f 3064/3228/3076 3752/4462/3234 4008/4461/3243 3679/3241/3089
f 3752/3386/3234 3106/3384/3232 3756/3392/3240 4008/3395/3243
f 4008/3395/3243 3756/3392/3240 3108/3394/3242 3757/3396/3244
f 3679/3241/3089 4008/4461/3243 3757/4456/3244 3068/3242/3090
f 3107/3390/3238 3753/3389/3237 4009/4460/3245 3758/4457/3246
f 3753/3389/3237 3088/3312/3160 3714/4459/3159 4009/4460/3245
f 4009/3397/3245 3714/3311/3159 3084/3298/3146 3707/3297/3145
f 3758/3398/3246 4009/3397/3245 3707/3297/3145 3080/3284/3132
f 3108/3394/3242 3755/3393/3241 4010/4458/3247 3759/4454/3248
f 3755/3393/3241 3107/3390/3238 3758/4457/3246 4010/4458/3247
f 4010/3399/3247 3758/3398/3246 3080/3284/3132 3700/3283/3131
f 3759/3400/3248 4010/3399/3247 3700/3283/3131 3076/3270/3118
f 3068/3242/3090 3757/4456/3244 4011/3401/3249 3686/3255/3103
f 3757/3396/3244 3108/3394/3242 3759/4454/3248 4011/4455/3249
f 4011/3401/3249 3759/3400/3248 3076/3270/3118 3693/3269/3117
f 3686/3255/3103 4011/3401/3249 3693/3269/3117 3072/3256/3104
f 3093/3333/3181 3732/3343/3191 4012/3402/3250 3725/3329/3177
f 3732/3343/3191 3097/3347/3195 3760/3403/3251 4012/3402/3250
f 4012/3402/3250 3760/3403/3251 3109/3404/3252 3761/3405/3253
f 3725/3329/3177 4012/3402/3250 3761/3405/3253 3089/3319/3167
f 3097/3347/3195 3739/3357/3205 4013/3406/3254 3760/3403/3251
f 3739/3357/3205 3101/3361/3209 3762/3407/3255 4013/3406/3254
f 4013/3406/3254 3762/3407/3255 3110/3408/3256 3763/3409/3257
f 3760/3403/3251 4013/3406/3254 3763/3409/3257 3109/3404/3252
f 3101/3361/3209 3745/3371/3219 4014/3410/3258 3762/3407/3255
f 3745/3371/3219 3057/3209/3057 3667/3212/3060 4014/3410/3258
f 4014/3410/3258 3667/3212/3060 3061/3217/3065 3764/3411/3259
f 3762/3407/3255 4014/3410/3258 3764/3411/3259 3110/3408/3256
f 3089/3319/3167 3761/3405/3253 4015/3412/3260 3718/3315/3163
f 3761/3405/3253 3109/3404/3252 3765/3413/3261 4015/3412/3260
f 4015/3412/3260 3765/3413/3261 3111/3414/3262 3766/3415/3263
f 3718/3315/3163 4015/3412/3260 3766/3415/3263 3085/3305/3153
f 3109/3404/3252 3763/3409/3257 4016/3416/3264 3765/3413/3261
f 3763/3409/3257 3110/3408/3256 3767/3417/3265 4016/3416/3264
f 4016/3416/3264 3767/3417/3265 3112/3418/3266 3768/3419/3267
f 3765/3413/3261 4016/3416/3264 3768/3419/3267 3111/3414/3262
f 3110/3408/3256 3764/3411/3259 4017/3420/3268 3767/3417/3265
f 3764/3411/3259 3061/3217/3065 3676/3231/3079 4017/3420/3268
f 4017/3420/3268 3676/3231/3079 3065/3235/3083 3769/3421/3269
f 3767/3417/3265 4017/3420/3268 3769/3421/3269 3112/3418/3266
f 3085/3305/3153 3766/3415/3263 4018/3422/3270 3711/3301/3149
f 3766/3415/3263 3111/3414/3262 3770/3423/3271 4018/3422/3270
f 4018/3422/3270 3770/3423/3271 3077/3277/3125 3704/3287/3135
f 3711/3301/3149 4018/3422/3270 3704/3287/3135 3081/3291/3139
f 3111/3414/3262 3768/3419/3267 4019/3424/3272 3770/3423/3271
f 3768/3419/3267 3112/3418/3266 3771/3425/3273 4019/3424/3272
f 4019/3424/3272 3771/3425/3273 3073/3263/3111 3697/3273/3121
f 3770/3423/3271 4019/3424/3272 3697/3273/3121 3077/3277/3125
f 3112/3418/3266 3769/3421/3269 4020/3426/3274 3771/3425/3273
f 3769/3421/3269 3065/3235/3083 3683/3245/3093 4020/3426/3274
f 4020/3426/3274 3683/3245/3093 3069/3249/3097 3690/3259/3107
f 3771/3425/3273 4020/3426/3274 3690/3259/3107 3073/3263/3111
s 2
f 3113/3427/3275 3772/3428/3276 4021/3429/3277 3775/3430/3278
f 3772/3428/3276 3140/3431/3279 3773/3432/3280 4021/3429/3277
f 4021/3429/3277 3773/3432/3280 3158/3433/3281 3774/3434/3282
f 3775/3430/3278 4021/3429/3277 3774/3434/3282 3145/3435/3283
f 3114/3436/3284 3776/3437/3285 4022/3438/3286 3779/3439/3287
f 3776/3437/3285 3115/3440/3288 3777/3441/3289 4022/3438/3286
f 4022/3438/3286 3777/3441/3289 3156/3442/3290 3778/3443/3291
f 3779/3439/3287 4022/3438/3286 3778/3443/3291 3157/3444/3292
f 3115/3440/3288 3780/3445/3293 4023/3446/3294 3777/3441/3289
f 3780/3445/3293 3116/3447/3295 3781/3448/3296 4023/3446/3294
f 4023/3446/3294 3781/3448/3296 3155/3449/3297 3782/3450/3298
f 3777/3441/3289 4023/3446/3294 3782/3450/3298 3156/3442/3290
f 3117/3451/3299 3783/3452/3300 4024/3453/3301 3786/3454/3302
f 3783/3452/3300 3141/3455/3303 3784/3456/3304 4024/3453/3301
f 4024/3453/3301 3784/3456/3304 3142/3457/3305 3785/3458/3306
f 3786/3454/3302 4024/3453/3301 3785/3458/3306 3121/3459/3307
f 3118/3460/3308 3787/3461/3309 4025/3462/3310 3790/3463/3311
f 3787/3461/3309 3119/3464/3312 3788/3465/3313 4025/3462/3310
f 4025/3462/3310 3788/3465/3313 3123/3466/3314 3789/3467/3315
f 3790/3463/3311 4025/3462/3310 3789/3467/3315 3122/3468/3316
f 3119/3464/3312 3791/3469/3317 4026/3470/3318 3788/3465/3313
f 3791/3469/3317 3120/3471/3319 3792/3472/3320 4026/3470/3318
f 4026/3470/3318 3792/3472/3320 3124/3473/3321 3793/3474/3322
f 3788/3465/3313 4026/3470/3318 3793/3474/3322 3123/3466/3314
f 3166/3475/3323 3794/3476/3324 4027/3477/3325 3797/3478/3326
f 3794/3476/3324 3167/3479/3327 3795/3480/3328 4027/3477/3325
f 4027/3477/3325 3795/3480/3328 3127/3481/3329 3796/3482/3330
f 3797/3478/3326 4027/3477/3325 3796/3482/3330 3126/3483/3331
f 3167/3479/3327 3798/3484/3332 4028/3485/3333 3795/3480/3328
f 3798/3484/3332 3168/3486/3334 3799/3487/3335 4028/3485/3333
f 4028/3485/3333 3799/3487/3335 3128/3488/3336 3800/3489/3337
f 3795/3480/3328 4028/3485/3333 3800/3489/3337 3127/3481/3329
f 3126/3483/3331 3796/3482/3330 4029/3490/3338 3803/3491/3339
f 3796/3482/3330 3127/3481/3329 3801/3492/3340 4029/3490/3338
f 4029/3490/3338 3801/3492/3340 3131/3493/3341 3802/3494/3342
f 3803/3491/3339 4029/3490/3338 3802/3494/3342 3130/3495/3343
f 3127/3481/3329 3800/3489/3337 4030/3496/3344 3801/3492/3340
f 3800/3489/3337 3128/3488/3336 3804/3497/3345 4030/3496/3344
f 4030/3496/3344 3804/3497/3345 3132/3498/3346 3805/3499/3347
f 3801/3492/3340 4030/3496/3344 3805/3499/3347 3131/3493/3341
f 3148/3500/3348 3806/3501/3349 4031/3502/3350 3809/3503/3351
f 3806/3501/3349 3149/3504/3352 3807/3505/3353 4031/3502/3350
f 4031/3502/3350 3807/3505/3353 3144/3506/3354 3808/3507/3355
f 3809/3503/3351 4031/3502/3350 3808/3507/3355 3133/3508/3356
f 3150/3509/3357 3810/3510/3358 4032/3511/3359 3813/3512/3360
f 3810/3510/3358 3151/3513/3361 3811/3514/3362 4032/3511/3359
f 4032/3511/3359 3811/3514/3362 3135/3515/3363 3812/3516/3364
f 3813/3512/3360 4032/3511/3359 3812/3516/3364 3134/3517/3365
f 3151/3513/3361 3814/3518/3366 4033/3519/3367 3811/3514/3362
f 3814/3518/3366 3152/3520/3368 3815/3521/3369 4033/3519/3367
f 4033/3519/3367 3815/3521/3369 3136/3522/3370 3816/3523/3371
f 3811/3514/3362 4033/3519/3367 3816/3523/3371 3135/3515/3363
f 3347/3524/3372 3817/3525/3373 4034/3526/3374 3820/3527/3375
f 3817/3525/3373 3346/3528/3376 3818/3529/3377 4034/3526/3374
f 4034/3526/3374 3818/3529/3377 3348/3530/3378 3819/3531/3379
f 3820/3527/3375 4034/3526/3374 3819/3531/3379 3349/3532/3380
f 3137/3533/3381 3821/3534/3382 4035/3535/3383 3824/3536/3384
f 3821/3534/3382 3153/3537/3385 3822/3538/3386 4035/3535/3383
f 4035/3535/3383 3822/3538/3386 3169/3539/3387 3823/3540/3388
f 3824/3536/3384 4035/3535/3383 3823/3540/3388 3170/3541/3389
f 3138/3542/3390 3825/3543/3391 4036/3544/3392 3827/3545/3393
f 3825/3543/3391 3154/3546/3394 3826/3547/3395 4036/3544/3392
f 4036/3544/3392 3826/3547/3395 3155/3449/3297 3781/3448/3296
f 3827/3545/3393 4036/3544/3392 3781/3448/3296 3116/3447/3295
f 3147/3548/3396 3828/3549/3397 4037/3550/3398 3830/3551/3399
f 3828/3549/3397 3148/3500/3348 3809/3503/3351 4037/3550/3398
f 4037/3550/3398 3809/3503/3351 3133/3508/3356 3829/3552/3400
f 3830/3551/3399 4037/3550/3398 3829/3552/3400 3139/3553/3401
f 3184/3554/3402 3831/3555/3403 4038/3556/3404 3834/3557/3405
f 3831/3555/3403 3185/3558/3406 3832/3559/3407 4038/3556/3404
f 4038/3556/3404 3832/3559/3407 3186/3560/3408 3833/3561/3409
f 3834/3557/3405 4038/3556/3404 3833/3561/3409 3187/3562/3410
f 3145/3435/3283 3835/3563/3411 4039/3564/3412 3775/3430/3278
f 3146/3565/3413 3836/3566/3414 4039/3564/3412 3835/3563/3411
f 3198/3567/3415 3837/3568/3416 4039/3564/3412 3836/3566/3414
f 3199/3569/3417 3838/3570/3418 4039/3564/3412 3837/3568/3416
f 3113/3427/3275 3775/3430/3278 4039/3564/3412 3838/3570/3418
f 3171/3571/3419 3839/3572/3420 4040/3573/3421 3841/3574/3422
f 3839/3572/3420 3172/3575/3423 3840/3576/3424 4040/3573/3421
f 4040/3573/3421 3840/3576/3424 3158/3433/3281 3773/3432/3280
f 3841/3574/3422 4040/3573/3421 3773/3432/3280 3140/3431/3279
f 3142/3457/3305 3784/3456/3304 4041/3577/3425 3844/3578/3426
f 3784/3456/3304 3141/3455/3303 3842/3579/3427 4041/3577/3425
f 4041/3577/3425 3842/3579/3427 3173/3580/3428 3843/3581/3429
f 3844/3578/3426 4041/3577/3425 3843/3581/3429 3174/3582/3430
f 3144/3506/3354 3807/3505/3353 4042/3583/3431 3847/3584/3432
f 3807/3505/3353 3149/3504/3352 3845/3585/3433 4042/3583/3431
f 4042/3583/3431 3845/3585/3433 3178/3586/3434 3846/3587/3435
f 3847/3584/3432 4042/3583/3431 3846/3587/3435 3179/3588/3436
f 3121/3459/3307 3848/3589/3437 4043/3590/3438 3786/3454/3302
f 3848/3589/3437 3146/3565/3413 3835/3563/3411 4043/3590/3438
f 4043/3590/3438 3835/3563/3411 3145/3435/3283 3849/3591/3439
f 3786/3454/3302 4043/3590/3438 3849/3591/3439 3117/3451/3299
f 3125/3592/3440 3850/3593/3441 4044/3594/3442 3853/3595/3443
f 3850/3593/3441 3147/3548/3396 3851/3596/3444 4044/3594/3442
f 4044/3594/3442 3851/3596/3444 3163/3597/3445 3852/3598/3446
f 3853/3595/3443 4044/3594/3442 3852/3598/3446 3164/3599/3447
f 3129/3600/3448 3854/3601/3449 4045/3602/3450 3855/3603/3451
f 3854/3601/3449 3148/3500/3348 3828/3549/3397 4045/3602/3450
f 4045/3602/3450 3828/3549/3397 3147/3548/3396 3850/3593/3441
f 3855/3603/3451 4045/3602/3450 3850/3593/3441 3125/3592/3440
f 3129/3600/3448 3856/3604/3452 4046/3605/3453 3854/3601/3449
f 3856/3604/3452 3143/3606/3454 3857/3607/3455 4046/3605/3453
f 4046/3605/3453 3857/3607/3455 3149/3504/3352 3806/3501/3349
f 3854/3601/3449 4046/3605/3453 3806/3501/3349 3148/3500/3348
f 3177/3608/3456 3858/3609/3457 4047/3610/3458 3859/3611/3459
f 3858/3609/3457 3178/3586/3434 3845/3585/3433 4047/3610/3458
f 4047/3610/3458 3845/3585/3433 3149/3504/3352 3857/3607/3455
f 3859/3611/3459 4047/3610/3458 3857/3607/3455 3143/3606/3454
f 3130/3495/3343 3802/3494/3342 4048/3612/3460 3861/3613/3461
f 3802/3494/3342 3131/3493/3341 3860/3614/3462 4048/3612/3460
f 4048/3612/3460 3860/3614/3462 3151/3513/3361 3810/3510/3358
f 3861/3613/3461 4048/3612/3460 3810/3510/3358 3150/3509/3357
f 3131/3493/3341 3805/3499/3347 4049/3615/3463 3860/3614/3462
f 3805/3499/3347 3132/3498/3346 3862/3616/3464 4049/3615/3463
f 4049/3615/3463 3862/3616/3464 3152/3520/3368 3814/3518/3366
f 3860/3614/3462 4049/3615/3463 3814/3518/3366 3151/3513/3361
f 3160/3617/3465 3863/3618/3466 4050/4453/3467 3866/3620/3468
f 3863/4451/3466 3159/3621/3469 3864/3622/3470 4050/3619/3467
f 4050/3619/3467 3864/3622/3470 3161/3623/3471 3865/3624/3472
f 3866/3620/3468 4050/4453/3467 3865/3624/3472 3162/3625/3473
f 3168/3486/3334 3867/3626/3474 4051/3627/3475 3799/3487/3335
f 3867/3626/3474 3169/3539/3387 3822/3538/3386 4051/3627/3475
f 4051/3627/3475 3822/3538/3386 3153/3537/3385 3868/3628/3476
f 3799/3487/3335 4051/3627/3475 3868/3628/3476 3128/3488/3336
f 3155/3449/3297 3826/3547/3395 4052/3629/3477 3870/3630/3478
f 3826/3547/3395 3154/3546/3394 3869/3631/3479 4052/3629/3477
f 4052/3629/3477 3869/3631/3479 3124/3473/3321 3792/3472/3320
f 3870/3630/3478 4052/3629/3477 3792/3472/3320 3120/3471/3319
f 3156/3442/3290 3782/3450/3298 4053/3632/3480 3871/3633/3481
f 3782/3450/3298 3155/3449/3297 3870/3630/3478 4053/3632/3480
f 4053/3632/3480 3870/3630/3478 3120/3471/3319 3791/3469/3317
f 3871/3633/3481 4053/3632/3480 3791/3469/3317 3119/3464/3312
f 3157/3444/3292 3778/3443/3291 4054/3634/3482 3872/3635/3483
f 3778/3443/3291 3156/3442/3290 3871/3633/3481 4054/3634/3482
f 4054/3634/3482 3871/3633/3481 3119/3464/3312 3787/3461/3309
f 3872/3635/3483 4054/3634/3482 3787/3461/3309 3118/3460/3308
f 3141/3455/3303 3873/3636/3484 4055/3637/3485 3842/3579/3427
f 3873/3636/3484 3158/3433/3281 3840/3576/3424 4055/3637/3485
f 4055/3637/3485 3840/3576/3424 3172/3575/3423 3874/3638/3486
f 3842/3579/3427 4055/3637/3485 3874/3638/3486 3173/3580/3428
f 3145/3435/3283 3774/3434/3282 4056/3639/3487 3849/3591/3439
f 3774/3434/3282 3158/3433/3281 3873/3636/3484 4056/3639/3487
f 4056/3639/3487 3873/3636/3484 3141/3455/3303 3783/3452/3300
f 3849/3591/3439 4056/3639/3487 3783/3452/3300 3117/3451/3299
f 3153/3537/3385 3875/3640/3488 4057/4452/3489 3877/3642/3490
f 3875/4433/3488 3152/3520/3368 3876/3643/3491 4057/3641/3489
f 4057/3641/3489 3876/3643/3491 3159/3621/3469 3863/4451/3466
f 3877/3642/3490 4057/4452/3489 3863/3618/3466 3160/3617/3465
f 3152/3520/3368 3862/3616/3464 4058/3644/3492 3876/3643/3491
f 3862/3616/3464 3132/3498/3346 3878/3645/3493 4058/3644/3492
f 4058/3644/3492 3878/3645/3493 3161/3623/3471 3864/3622/3470
f 3876/3643/3491 4058/3644/3492 3864/3622/3470 3159/3621/3469
f 3132/3498/3346 3804/3497/3345 4059/3646/3494 3878/3645/3493
f 3804/3497/3345 3128/3488/3336 3879/3647/3495 4059/3646/3494
f 4059/3646/3494 3879/3647/3495 3162/3625/3473 3865/3624/3472
f 3878/3645/3493 4059/3646/3494 3865/3624/3472 3161/3623/3471
f 3128/3488/3336 3868/3628/3476 4060/3648/3496 3879/3647/3495
f 3868/3628/3476 3153/3537/3385 3877/3642/3490 4060/3648/3496
f 4060/3648/3496 3877/3642/3490 3160/3617/3465 3866/3620/3468
f 3879/3647/3495 4060/3648/3496 3866/3620/3468 3162/3625/3473
f 3188/3649/3497 3880/3650/3498 4061/3651/3499 3882/3652/3500
f 3880/3650/3498 3185/3558/3406 3831/3555/3403 4061/3651/3499
f 4061/3651/3499 3831/3555/3403 3184/3554/3402 3881/3653/3501
f 3882/3652/3500 4061/3651/3499 3881/3653/3501 3189/3654/3502
f 3164/3599/3447 3852/3598/3446 4062/3655/3503 3884/3656/3504
f 3852/3598/3446 3163/3597/3445 3883/3657/3505 4062/3655/3503
f 4062/3655/3503 3883/3657/3505 3146/3565/3413 3848/3589/3437
f 3884/3656/3504 4062/3655/3503 3848/3589/3437 3121/3459/3307
f 3121/3459/3307 3785/3458/3306 4063/3658/3506 3884/3656/3504
f 3785/3458/3306 3142/3457/3305 3885/3659/3507 4063/3658/3506
f 4063/3658/3506 3885/3659/3507 3165/3660/3508 3886/3661/3509
f 3884/3656/3504 4063/3658/3506 3886/3661/3509 3164/3599/3447
f 3174/3582/3430 3887/3662/3510 4064/3663/3511 3844/3578/3426
f 3887/3662/3510 3175/3664/3512 3888/3665/3513 4064/3663/3511
f 4064/3663/3511 3888/3665/3513 3165/3660/3508 3885/3659/3507
f 3844/3578/3426 4064/3663/3511 3885/3659/3507 3142/3457/3305
f 3122/3468/3316 3789/3467/3315 4065/3666/3514 3890/3667/3515
f 3789/3467/3315 3123/3466/3314 3889/3668/3516 4065/3666/3514
f 4065/3666/3514 3889/3668/3516 3167/3479/3327 3794/3476/3324
f 3890/3667/3515 4065/3666/3514 3794/3476/3324 3166/3475/3323
f 3123/3466/3314 3793/3474/3322 4066/3669/3517 3889/3668/3516
f 3793/3474/3322 3124/3473/3321 3891/3670/3518 4066/3669/3517
f 4066/3669/3517 3891/3670/3518 3168/3486/3334 3798/3484/3332
f 3889/3668/3516 4066/3669/3517 3798/3484/3332 3167/3479/3327
f 3154/3546/3394 3892/3671/3519 4067/3672/3520 3869/3631/3479
f 3892/3671/3519 3169/3539/3387 3867/3626/3474 4067/3672/3520
f 4067/3672/3520 3867/3626/3474 3168/3486/3334 3891/3670/3518
f 3869/3631/3479 4067/3672/3520 3891/3670/3518 3124/3473/3321
f 3170/3541/3389 3823/3540/3388 4068/3673/3521 3893/3674/3522
f 3823/3540/3388 3169/3539/3387 3892/3671/3519 4068/3673/3521
f 4068/3673/3521 3892/3671/3519 3154/3546/3394 3825/3543/3391
f 3893/3674/3522 4068/3673/3521 3825/3543/3391 3138/3542/3390
f 3157/3444/3292 3894/3675/3523 4069/3676/3524 3779/3439/3287
f 3894/3675/3523 3172/3575/3423 3839/3572/3420 4069/3676/3524
f 4069/3676/3524 3839/3572/3420 3171/3571/3419 3895/3677/3525
f 3779/3439/3287 4069/3676/3524 3895/3677/3525 3114/3436/3284
f 3173/3580/3428 3874/3638/3486 4070/3678/3526 3896/3679/3527
f 3874/3638/3486 3172/3575/3423 3894/3675/3523 4070/3678/3526
f 4070/3678/3526 3894/3675/3523 3157/3444/3292 3872/3635/3483
f 3896/3679/3527 4070/3678/3526 3872/3635/3483 3118/3460/3308
f 3174/3582/3430 3843/3581/3429 4071/3680/3528 3897/3681/3529
f 3843/3581/3429 3173/3580/3428 3896/3679/3527 4071/3680/3528
f 4071/3680/3528 3896/3679/3527 3118/3460/3308 3790/3463/3311
f 3897/3681/3529 4071/3680/3528 3790/3463/3311 3122/3468/3316
f 3166/3475/3323 3898/3682/3530 4072/3683/3531 3890/3667/3515
f 3898/3682/3530 3175/3664/3512 3887/3662/3510 4072/3683/3531
f 4072/3683/3531 3887/3662/3510 3174/3582/3430 3897/3681/3529
f 3890/3667/3515 4072/3683/3531 3897/3681/3529 3122/3468/3316
f 3176/3684/3532 3899/3685/3533 4073/3686/3534 3900/3687/3535
f 3899/3685/3533 3175/3664/3512 3898/3682/3530 4073/3686/3534
f 4073/3686/3534 3898/3682/3530 3166/3475/3323 3797/3478/3326
f 3900/3687/3535 4073/3686/3534 3797/3478/3326 3126/3483/3331
f 3177/3608/3456 3901/3688/3536 4074/3689/3537 3902/3690/3538
f 3901/3688/3536 3176/3684/3532 3900/3687/3535 4074/3689/3537
f 4074/3689/3537 3900/3687/3535 3126/3483/3331 3803/3491/3339
f 3902/3690/3538 4074/3689/3537 3803/3491/3339 3130/3495/3343
f 3150/3509/3357 3903/3691/3539 4075/3692/3540 3861/3613/3461
f 3903/3691/3539 3178/3586/3434 3858/3609/3457 4075/3692/3540
f 4075/3692/3540 3858/3609/3457 3177/3608/3456 3902/3690/3538
f 3861/3613/3461 4075/3692/3540 3902/3690/3538 3130/3495/3343
f 3179/3588/3436 3846/3587/3435 4076/3693/3541 3904/3694/3542
f 3846/3587/3435 3178/3586/3434 3903/3691/3539 4076/3693/3541
f 4076/3693/3541 3903/3691/3539 3150/3509/3357 3813/3512/3360
f 3904/3694/3542 4076/3693/3541 3813/3512/3360 3134/3517/3365
f 3163/3597/3445 3851/3596/3444 4077/3695/3543 3907/3696/3544
f 3851/3596/3444 3147/3548/3396 3905/3697/3545 4077/3695/3543
f 4077/3695/3543 3905/3697/3545 3181/3698/3546 3906/3699/3547
f 3907/3696/3544 4077/3695/3543 3906/3699/3547 3180/3700/3548
f 3147/3548/3396 3830/3551/3399 4078/3701/3549 3905/3697/3545
f 3830/3551/3399 3139/3553/3401 3908/3702/3550 4078/3701/3549
f 4078/3701/3549 3908/3702/3550 3182/3703/3551 3909/3704/3552
f 3905/3697/3545 4078/3701/3549 3909/3704/3552 3181/3698/3546
f 3139/3553/3401 3910/3705/3553 4079/3706/3554 3908/3702/3550
f 3910/3705/3553 3197/3707/3555 3911/3708/3556 4079/3706/3554
f 4079/3706/3554 3911/3708/3556 3201/3709/3557 3912/3710/3558
f 3908/3702/3550 4079/3706/3554 3912/3710/3558 3182/3703/3551
f 3146/3565/3413 3883/3657/3505 4080/3711/3559 3914/3712/3560
f 3883/3657/3505 3163/3597/3445 3907/3696/3544 4080/3711/3559
f 4080/3711/3559 3907/3696/3544 3180/3700/3548 3913/3713/3561
f 3914/3712/3560 4080/3711/3559 3913/3713/3561 3183/3714/3562
f 3180/3700/3548 3906/3699/3547 4081/3715/3563 3916/3716/3564
f 3906/3699/3547 3181/3698/3546 3915/3717/3565 4081/3715/3563
f 4081/3715/3563 3915/3717/3565 3186/3560/3408 3832/3559/3407
f 3916/3716/3564 4081/3715/3563 3832/3559/3407 3185/3558/3406
f 3181/3698/3546 3909/3704/3552 4082/3718/3566 3915/3717/3565
f 3909/3704/3552 3182/3703/3551 3917/3719/3567 4082/3718/3566
f 4082/3718/3566 3917/3719/3567 3187/3562/3410 3833/3561/3409
f 3915/3717/3565 4082/3718/3566 3833/3561/3409 3186/3560/3408
f 3182/3703/3551 3912/3710/3558 4083/3720/3568 3917/3719/3567
f 3201/3709/3557 3918/3721/3569 4083/3720/3568 3912/3710/3558
f 3203/3722/3570 3919/3723/3571 4083/3720/3568 3918/3721/3569
f 3184/3554/3402 3834/3557/3405 4083/3720/3568 3919/3723/3571
f 3187/3562/3410 3917/3719/3567 4083/3720/3568 3834/3557/3405
f 3183/3714/3562 3913/3713/3561 4084/3724/3572 3920/3725/3573
f 3913/3713/3561 3180/3700/3548 3916/3716/3564 4084/3724/3572
f 4084/3724/3572 3916/3716/3564 3185/3558/3406 3880/3650/3498
f 3920/3725/3573 4084/3724/3572 3880/3650/3498 3188/3649/3497
f 3139/3553/3401 3921/3726/3574 4085/3727/3575 3910/3705/3553
f 3206/3728/3576 3922/3729/3577 4085/3727/3575 3921/3726/3574
f 3197/3707/3555 3910/3705/3553 4085/3727/3575 3922/3729/3577
f 3133/3508/3356 3923/3730/3578 4086/3731/3579 3829/3552/3400
f 3923/3730/3578 3207/3732/3580 3924/3733/3581 4086/3731/3579
f 4086/3731/3579 3924/3733/3581 3206/3728/3576 3921/3726/3574
f 3829/3552/3400 4086/3731/3579 3921/3726/3574 3139/3553/3401
f 3133/3508/3356 3808/3507/3355 4087/3734/3582 3923/3730/3578
f 3808/3507/3355 3144/3506/3354 3925/3735/3583 4087/3734/3582
f 4087/3734/3582 3925/3735/3583 3192/3736/3584 3926/3737/3585
f 3923/3730/3578 4087/3734/3582 3926/3737/3585 3207/3732/3580
f 3134/3517/3365 3812/3516/3364 4088/3738/3586 3929/3739/3587
f 3812/3516/3364 3135/3515/3363 3927/3740/3588 4088/3738/3586
f 4088/3738/3586 3927/3740/3588 3193/3741/3589 3928/3742/3590
f 3929/3739/3587 4088/3738/3586 3928/3742/3590 3208/3743/3591
f 3135/3515/3363 3816/3523/3371 4089/3744/3592 3927/3740/3588
f 3816/3523/3371 3136/3522/3370 3930/3745/3593 4089/3744/3592
f 4089/3744/3592 3930/3745/3593 3194/3746/3594 3931/3747/3595
f 3927/3740/3588 4089/3744/3592 3931/3747/3595 3193/3741/3589
f 3171/3571/3419 3932/3748/3596 4090/3749/3597 3895/3677/3525
f 3932/3748/3596 3212/3750/3598 3933/3751/3599 4090/3749/3597
f 4090/3749/3597 3933/3751/3599 3191/3752/3600 3934/3753/3601
f 3895/3677/3525 4090/3749/3597 3934/3753/3601 3114/3436/3284
f 3140/3431/3279 3935/3754/3602 4091/3755/3603 3841/3574/3422
f 3935/3754/3602 3205/3756/3604 3936/3757/3605 4091/3755/3603
f 4091/3755/3603 3936/3757/3605 3212/3750/3598 3932/3748/3596
f 3841/3574/3422 4091/3755/3603 3932/3748/3596 3171/3571/3419
f 3125/3592/3440 3853/3595/3443 4092/3758/3606 3855/3603/3451
f 3164/3599/3447 3886/3661/3509 4092/3758/3606 3853/3595/3443
f 3165/3660/3508 3888/3665/3513 4092/3758/3606 3886/3661/3509
f 3175/3664/3512 3899/3685/3533 4092/3758/3606 3888/3665/3513
f 3176/3684/3532 3901/3688/3536 4092/3758/3606 3899/3685/3533
f 3177/3608/3456 3859/3611/3459 4092/3758/3606 3901/3688/3536
f 3143/3606/3454 3856/3604/3452 4092/3758/3606 3859/3611/3459
f 3129/3600/3448 3855/3603/3451 4092/3758/3606 3856/3604/3452
f 3202/3759/3607 3937/3760/3608 4093/3761/3609 3938/3762/3610
f 3937/3760/3608 3198/3567/3415 3836/3566/3414 4093/3761/3609
f 4093/3761/3609 3836/3566/3414 3146/3565/3413 3914/3712/3560
f 3938/3762/3610 4093/3761/3609 3914/3712/3560 3183/3714/3562
f 3203/3722/3570 3939/3763/3611 4094/3764/3612 3919/3723/3571
f 3939/3763/3611 3204/3765/3613 3940/3766/3614 4094/3764/3612
f 4094/3764/3612 3940/3766/3614 3189/3654/3502 3881/3653/3501
f 3919/3723/3571 4094/3764/3612 3881/3653/3501 3184/3554/3402
f 3204/3765/3613 3941/3767/3615 4095/3768/3616 3940/3766/3614
f 3202/3759/3607 3938/3762/3610 4095/3768/3616 3941/3767/3615
f 3183/3714/3562 3920/3725/3573 4095/3768/3616 3938/3762/3610
f 3188/3649/3497 3882/3652/3500 4095/3768/3616 3920/3725/3573
f 3189/3654/3502 3940/3766/3614 4095/3768/3616 3882/3652/3500
f 3190/3769/3617 3942/3770/3618 4096/3771/3619 3943/3772/3620
f 3942/3770/3618 3205/3756/3604 3935/3754/3602 4096/3771/3619
f 4096/3771/3619 3935/3754/3602 3140/3431/3279 3772/3428/3276
f 3943/3772/3620 4096/3771/3619 3772/3428/3276 3113/3427/3275
f 3199/3569/3417 3944/3773/3621 4097/3774/3622 3838/3570/3418
f 3190/3769/3617 3943/3772/3620 4097/3774/3622 3944/3773/3621
f 3113/3427/3275 3838/3570/3418 4097/3774/3622 3943/3772/3620
f 3200/3775/3623 3945/3776/3624 4098/3777/3625 3946/3778/3626
f 3945/3776/3624 3192/3736/3584 3925/3735/3583 4098/3777/3625
f 4098/3777/3625 3925/3735/3583 3144/3506/3354 3847/3584/3432
f 3946/3778/3626 4098/3777/3625 3847/3584/3432 3179/3588/3436
f 3208/3743/3591 3947/3779/3627 4099/3780/3628 3929/3739/3587
f 3947/3779/3627 3200/3775/3623 3946/3778/3626 4099/3780/3628
f 4099/3780/3628 3946/3778/3626 3179/3588/3436 3904/3694/3542
f 3929/3739/3587 4099/3780/3628 3904/3694/3542 3134/3517/3365
f 3351/3781/3629 3948/3782/3630 4100/3783/3631 3950/3784/3632
f 3948/3782/3630 3350/3785/3633 3949/3786/3634 4100/3783/3631
f 4100/3783/3631 3949/3786/3634 3347/3524/3372 3820/3527/3375
f 3950/3784/3632 4100/3783/3631 3820/3527/3375 3349/3532/3380
f 3196/3787/3635 3951/3788/3636 4101/3789/3637 3953/3790/3638
f 3951/3788/3636 3195/3791/3639 3952/3792/3640 4101/3789/3637
f 4101/3789/3637 3952/3792/3640 3137/3533/3381 3824/3536/3384
f 3953/3790/3638 4101/3789/3637 3824/3536/3384 3170/3541/3389
f 3209/3793/3641 3954/3794/3642 4102/3795/3643 3955/3796/3644
f 3954/3794/3642 3196/3787/3635 3953/3790/3638 4102/3795/3643
f 4102/3795/3643 3953/3790/3638 3170/3541/3389 3893/3674/3522
f 3955/3796/3644 4102/3795/3643 3893/3674/3522 3138/3542/3390
f 3210/3797/3645 3956/3798/3646 4103/3799/3647 3957/3800/3648
f 3956/3798/3646 3209/3793/3641 3955/3796/3644 4103/3799/3647
f 4103/3799/3647 3955/3796/3644 3138/3542/3390 3827/3545/3393
f 3957/3800/3648 4103/3799/3647 3827/3545/3393 3116/3447/3295
f 3211/3801/3649 3958/3802/3650 4104/3803/3651 3959/3804/3652
f 3958/3802/3650 3210/3797/3645 3957/3800/3648 4104/3803/3651
f 4104/3803/3651 3957/3800/3648 3116/3447/3295 3780/3445/3293
f 3959/3804/3652 4104/3803/3651 3780/3445/3293 3115/3440/3288
f 3191/3752/3600 3960/3805/3653 4105/3806/3654 3934/3753/3601
f 3960/3805/3653 3211/3801/3649 3959/3804/3652 4105/3806/3654
f 4105/3806/3654 3959/3804/3652 3115/3440/3288 3776/3437/3285
f 3934/3753/3601 4105/3806/3654 3776/3437/3285 3114/3436/3284
s 30
f 3213/3807/3655 3961/3808/3656 4106/3809/3657 3964/3810/3658
f 3961/3808/3656 3217/3811/3659 3962/3812/3660 4106/3809/3657
f 4106/3809/3657 3962/3812/3660 3218/3813/3661 3963/3814/3662
f 3964/3810/3658 4106/3809/3657 3963/3814/3662 3214/3815/3663
f 3214/3815/3663 3963/3814/3662 4107/3816/3664 3366/3817/3665
f 3963/3814/3662 3218/3813/3661 3965/3818/3666 4107/3816/3664
f 4107/3816/3664 3965/3818/3666 3219/3819/3667 3966/3820/3668
f 3366/3817/3665 4107/3816/3664 3966/3820/3668 3215/3821/3669
f 3215/3821/3669 3966/3820/3668 4108/3822/3670 3369/3823/3671
f 3966/3820/3668 3219/3819/3667 3367/3824/3672 4108/3822/3670
f 4108/3822/3670 3367/3824/3672 3220/3825/3673 3368/3826/3674
f 3369/3823/3671 4108/3822/3670 3368/3826/3674 3216/3827/3675
f 3217/3811/3659 3370/3828/3676 4109/3829/3677 3962/3812/3660
f 3370/3828/3676 3221/3830/3678 3371/3831/3679 4109/3829/3677
f 4109/3829/3677 3371/3831/3679 3222/3832/3680 3372/3833/3681
f 3962/3812/3660 4109/3829/3677 3372/3833/3681 3218/3813/3661
f 3218/3813/3661 3372/3833/3681 4110/3834/3682 3965/3818/3666
f 3372/3833/3681 3222/3832/3680 3373/3835/3683 4110/3834/3682
f 4110/3834/3682 3373/3835/3683 3223/3836/3684 3374/3837/3685
f 3965/3818/3666 4110/3834/3682 3374/3837/3685 3219/3819/3667
f 3219/3819/3667 3374/3837/3685 4111/3838/3686 3367/3824/3672
f 3374/3837/3685 3223/3836/3684 3375/3839/3687 4111/3838/3686
f 4111/3838/3686 3375/3839/3687 3224/3840/3688 3376/3841/3689
f 3367/3824/3672 4111/3838/3686 3376/3841/3689 3220/3825/3673
f 3221/3830/3678 3377/3842/3690 4112/4450/3691 3371/3831/3679
f 3377/3842/3690 3225/3844/3692 3378/3845/3693 4112/3843/3691
f 4112/3843/3691 3378/3845/3693 3226/3846/3694 3379/3847/3695
f 3371/3831/3679 4112/4450/3691 3379/4449/3695 3222/3832/3680
f 3222/3832/3680 3379/4449/3695 4113/4448/3696 3373/3835/3683
f 3379/3847/3695 3226/3846/3694 3380/3849/3697 4113/3848/3696
f 4113/3848/3696 3380/3849/3697 3227/3850/3698 3381/3851/3699
f 3373/3835/3683 4113/4448/3696 3381/4447/3699 3223/3836/3684
f 3223/3836/3684 3381/4447/3699 4114/4446/3700 3375/3839/3687
f 3381/3851/3699 3227/3850/3698 3382/3853/3701 4114/3852/3700
f 4114/3852/3700 3382/3853/3701 3228/3854/3702 3383/3855/3703
f 3375/3839/3687 4114/4446/3700 3383/4439/3703 3224/3840/3688
f 3225/3844/3692 3384/3856/3704 4115/3857/3705 3378/3845/3693
f 3384/3856/3704 3229/3858/3706 3385/3859/3707 4115/3857/3705
f 4115/3857/3705 3385/3859/3707 3230/3860/3708 3386/3861/3709
f 3378/3845/3693 4115/3857/3705 3386/3861/3709 3226/3846/3694
f 3226/3846/3694 3386/3861/3709 4116/3862/3710 3380/3849/3697
f 3386/3861/3709 3230/3860/3708 3387/3863/3711 4116/3862/3710
f 4116/3862/3710 3387/3863/3711 3231/3864/3712 3388/3865/3713
f 3380/3849/3697 4116/3862/3710 3388/3865/3713 3227/3850/3698
f 3227/3850/3698 3388/3865/3713 4117/3866/3714 3382/3853/3701
f 3388/3865/3713 3231/3864/3712 3389/3867/3715 4117/3866/3714
f 4117/3866/3714 3389/3867/3715 3232/3868/3716 3390/3869/3717
f 3382/3853/3701 4117/3866/3714 3390/3869/3717 3228/3854/3702
f 3229/3858/3706 3391/3870/3718 4118/3871/3719 3385/3859/3707
f 3391/3870/3718 3233/3872/3720 3392/3873/3721 4118/3871/3719
f 4118/3871/3719 3392/3873/3721 3234/3874/3722 3393/3875/3723
f 3385/3859/3707 4118/3871/3719 3393/3875/3723 3230/3860/3708
f 3230/3860/3708 3393/3875/3723 4119/3876/3724 3387/3863/3711
f 3393/3875/3723 3234/3874/3722 3394/3877/3725 4119/3876/3724
f 4119/3876/3724 3394/3877/3725 3235/3878/3726 3395/3879/3727
f 3387/3863/3711 4119/3876/3724 3395/3879/3727 3231/3864/3712
f 3231/3864/3712 3395/3879/3727 4120/3880/3728 3389/3867/3715
f 3395/3879/3727 3235/3878/3726 3396/3881/3729 4120/3880/3728
f 4120/3880/3728 3396/3881/3729 3236/3882/3730 3397/3883/3731
f 3389/3867/3715 4120/3880/3728 3397/3883/3731 3232/3868/3716
f 3233/3872/3720 3398/3884/3732 4121/3885/3733 3392/3873/3721
f 3398/3884/3732 3237/3886/3734 3399/3887/3735 4121/3885/3733
f 4121/3885/3733 3399/3887/3735 3238/3888/3736 3400/3889/3737
f 3392/3873/3721 4121/3885/3733 3400/3889/3737 3234/3874/3722
f 3234/3874/3722 3400/3889/3737 4122/3890/3738 3394/3877/3725
f 3400/3889/3737 3238/3888/3736 3401/3891/3739 4122/3890/3738
f 4122/3890/3738 3401/3891/3739 3239/3892/3740 3402/3893/3741
f 3394/3877/3725 4122/3890/3738 3402/3893/3741 3235/3878/3726
f 3235/3878/3726 3402/3893/3741 4123/3894/3742 3396/3881/3729
f 3402/3893/3741 3239/3892/3740 3403/3895/3743 4123/3894/3742
f 4123/3894/3742 3403/3895/3743 3240/3896/3744 3404/3897/3745
f 3396/3881/3729 4123/3894/3742 3404/3897/3745 3236/3882/3730
f 3237/3886/3734 3405/3898/3746 4124/3899/3747 3399/3887/3735
f 3405/3898/3746 3241/3900/3748 3406/3901/3749 4124/3899/3747
f 4124/3899/3747 3406/3901/3749 3242/3902/3750 3407/3903/3751
f 3399/3887/3735 4124/3899/3747 3407/3903/3751 3238/3888/3736
f 3238/3888/3736 3407/3903/3751 4125/3904/3752 3401/3891/3739
f 3407/3903/3751 3242/3902/3750 3408/3905/3753 4125/3904/3752
f 4125/3904/3752 3408/3905/3753 3243/3906/3754 3409/3907/3755
f 3401/3891/3739 4125/3904/3752 3409/3907/3755 3239/3892/3740
f 3239/3892/3740 3409/3907/3755 4126/3908/3756 3403/3895/3743
f 3409/3907/3755 3243/3906/3754 3410/3909/3757 4126/3908/3756
f 4126/3908/3756 3410/3909/3757 3244/3910/3758 3411/3911/3759
f 3403/3895/3743 4126/3908/3756 3411/3911/3759 3240/3896/3744
f 3241/3900/3748 3412/3912/3760 4127/3913/3761 3406/3901/3749
f 3412/3912/3760 3245/3914/3762 3413/3915/3763 4127/3913/3761
f 4127/3913/3761 3413/3915/3763 3246/3916/3764 3414/3917/3765
f 3406/3901/3749 4127/3913/3761 3414/3917/3765 3242/3902/3750
f 3242/3902/3750 3414/3917/3765 4128/3918/3766 3408/3905/3753
f 3414/3917/3765 3246/3916/3764 3415/3919/3767 4128/3918/3766
f 4128/3918/3766 3415/3919/3767 3247/3920/3768 3416/3921/3769
f 3408/3905/3753 4128/3918/3766 3416/3921/3769 3243/3906/3754
f 3243/3906/3754 3416/3921/3769 4129/3922/3770 3410/3909/3757
f 3416/3921/3769 3247/3920/3768 3417/3923/3771 4129/3922/3770
f 4129/3922/3770 3417/3923/3771 3248/3924/3772 3418/3925/3773
f 3410/3909/3757 4129/3922/3770 3418/3925/3773 3244/3910/3758
f 3245/3914/3762 3419/3926/3774 4130/3927/3775 3413/3915/3763
f 3419/3926/3774 3249/3928/3776 3420/3929/3777 4130/3927/3775
f 4130/3927/3775 3420/3929/3777 3250/3930/3778 3421/3931/3779
f 3413/3915/3763 4130/3927/3775 3421/3931/3779 3246/3916/3764
f 3246/3916/3764 3421/3931/3779 4131/3932/3780 3415/3919/3767
f 3421/3931/3779 3250/3930/3778 3422/3933/3781 4131/3932/3780
f 4131/3932/3780 3422/3933/3781 3251/3934/3782 3423/3935/3783
f 3415/3919/3767 4131/3932/3780 3423/3935/3783 3247/3920/3768
f 3247/3920/3768 3423/3935/3783 4132/3936/3784 3417/3923/3771
f 3423/3935/3783 3251/3934/3782 3424/3937/3785 4132/3936/3784
f 4132/3936/3784 3424/3937/3785 3252/3938/3786 3425/3939/3787
f 3417/3923/3771 4132/3936/3784 3425/3939/3787 3248/3924/3772
f 3249/3928/3776 3426/3940/3788 4133/3941/3789 3420/3929/3777
f 3426/3940/3788 3253/3942/3790 3427/3943/3791 4133/3941/3789
f 4133/3941/3789 3427/3943/3791 3254/3944/3792 3428/3945/3793
f 3420/3929/3777 4133/3941/3789 3428/3945/3793 3250/3930/3778
f 3250/3930/3778 3428/3945/3793 4134/3946/3794 3422/3933/3781
f 3428/3945/3793 3254/3944/3792 3429/3947/3795 4134/3946/3794
f 4134/3946/3794 3429/3947/3795 3255/3948/3796 3430/3949/3797
f 3422/3933/3781 4134/3946/3794 3430/3949/3797 3251/3934/3782
f 3251/3934/3782 3430/3949/3797 4135/3950/3798 3424/3937/3785
f 3430/3949/3797 3255/3948/3796 3431/3951/3799 4135/3950/3798
f 4135/3950/3798 3431/3951/3799 3256/3952/3800 3432/3953/3801
f 3424/3937/3785 4135/3950/3798 3432/3953/3801 3252/3938/3786
f 3253/3942/3790 3433/3954/3802 4136/3955/3803 3427/3943/3791
f 3433/3954/3802 3257/3956/3804 3434/3957/3805 4136/3955/3803
f 4136/3955/3803 3434/3957/3805 3258/3958/3806 3435/3959/3807
f 3427/3943/3791 4136/3955/3803 3435/3959/3807 3254/3944/3792
f 3254/3944/3792 3435/3959/3807 4137/3960/3808 3429/3947/3795
f 3435/3959/3807 3258/3958/3806 3436/3961/3809 4137/3960/3808
f 4137/3960/3808 3436/3961/3809 3259/3962/3810 3437/3963/3811
f 3429/3947/3795 4137/3960/3808 3437/3963/3811 3255/3948/3796
f 3255/3948/3796 3437/3963/3811 4138/3964/3812 3431/3951/3799
f 3437/3963/3811 3259/3962/3810 3438/3965/3813 4138/3964/3812
f 4138/3964/3812 3438/3965/3813 3260/3966/3814 3439/3967/3815
f 3431/3951/3799 4138/3964/3812 3439/3967/3815 3256/3952/3800
f 3257/3956/3804 3440/3968/3816 4139/3969/3817 3434/3957/3805
f 3440/3968/3816 3213/3807/3655 3964/3810/3658 4139/3969/3817
f 4139/3969/3817 3964/3810/3658 3214/3815/3663 3441/3970/3818
f 3434/3957/3805 4139/3969/3817 3441/3970/3818 3258/3958/3806
f 3258/3958/3806 3441/3970/3818 4140/3971/3819 3436/3961/3809
f 3441/3970/3818 3214/3815/3663 3366/3817/3665 4140/3971/3819
f 4140/3971/3819 3366/3817/3665 3215/3821/3669 3442/3972/3820
f 3436/3961/3809 4140/3971/3819 3442/3972/3820 3259/3962/3810
f 3259/3962/3810 3442/3972/3820 4141/3973/3821 3438/3965/3813
f 3442/3972/3820 3215/3821/3669 3369/3823/3671 4141/3973/3821
f 4141/3973/3821 3369/3823/3671 3216/3827/3675 3443/3974/3822
f 3438/3965/3813 4141/3973/3821 3443/3974/3822 3260/3966/3814
f 3256/3952/3800 3444/3975/3823 4142/3976/3824 3432/3953/3801
f 3444/3975/3823 3261/3977/3825 3445/3978/3826 4142/3976/3824
f 4142/3976/3824 3445/4445/3826 3248/3924/3772 3425/3939/3787
f 3432/3953/3801 4142/3976/3824 3425/3939/3787 3252/3938/3786
f 3260/3966/3814 3446/3979/3827 4143/3980/3828 3439/3967/3815
f 3446/3979/3827 3262/3981/3829 3447/3982/3830 4143/3980/3828
f 4143/3980/3828 3447/3982/3830 3261/3977/3825 3444/3975/3823
f 3439/3967/3815 4143/3980/3828 3444/3975/3823 3256/3952/3800
f 3216/3827/3675 3368/3826/3674 4144/3983/3831 3443/3974/3822
f 3368/3826/3674 3220/3825/3673 3448/3984/3832 4144/3983/3831
f 4144/3983/3831 3448/3984/3832 3262/3981/3829 3446/3979/3827
f 3443/3974/3822 4144/3983/3831 3446/3979/3827 3260/3966/3814
f 3261/3977/3825 3449/3985/3833 4145/4444/3834 3445/3978/3826
f 3449/3985/3833 3263/3987/3835 3450/3988/3836 4145/4444/3834
f 4145/3986/3834 3450/4443/3836 3244/3910/3758 3418/3925/3773
f 3445/4445/3826 4145/3986/3834 3418/3925/3773 3248/3924/3772
f 3262/3981/3829 3451/3989/3837 4146/3990/3838 3447/3982/3830
f 3451/3989/3837 3264/3991/3839 3452/3992/3840 4146/3990/3838
f 4146/3990/3838 3452/3992/3840 3263/3987/3835 3449/3985/3833
f 3447/3982/3830 4146/3990/3838 3449/3985/3833 3261/3977/3825
f 3220/3825/3673 3376/3841/3689 4147/3993/3841 3448/3984/3832
f 3376/3841/3689 3224/3840/3688 3453/3994/3842 4147/3993/3841
f 4147/3993/3841 3453/3994/3842 3264/3991/3839 3451/3989/3837
f 3448/3984/3832 4147/3993/3841 3451/3989/3837 3262/3981/3829
f 3263/3987/3835 3454/3995/3843 4148/4442/3844 3450/3988/3836
f 3454/4440/3843 3236/3882/3730 3404/3897/3745 4148/3996/3844
f 4148/3996/3844 3404/3897/3745 3240/3896/3744 3411/3911/3759
f 3450/4443/3836 4148/3996/3844 3411/3911/3759 3244/3910/3758
f 3264/3991/3839 3455/3997/3845 4149/4441/3846 3452/3992/3840
f 3455/4437/3845 3232/3868/3716 3397/3883/3731 4149/3998/3846
f 4149/3998/3846 3397/3883/3731 3236/3882/3730 3454/4440/3843
f 3452/3992/3840 4149/4441/3846 3454/3995/3843 3263/3987/3835
f 3224/3840/3688 3383/4439/3703 4150/4438/3847 3453/3994/3842
f 3383/3855/3703 3228/3854/3702 3390/3869/3717 4150/3999/3847
f 4150/3999/3847 3390/3869/3717 3232/3868/3716 3455/4437/3845
f 3453/3994/3842 4150/4438/3847 3455/3997/3845 3264/3991/3839
f 3249/3928/3776 3419/3926/3774 4151/4000/3848 3426/3940/3788
f 3419/3926/3774 3245/3914/3762 3456/4001/3849 4151/4000/3848
f 4151/4000/3848 3456/4001/3849 3265/4002/3850 3457/4003/3851
f 3426/3940/3788 4151/4000/3848 3457/4003/3851 3253/3942/3790
f 3253/3942/3790 3457/4003/3851 4152/4004/3852 3433/3954/3802
f 3457/4003/3851 3265/4002/3850 3458/4005/3853 4152/4004/3852
f 4152/4004/3852 3458/4005/3853 3266/4006/3854 3459/4007/3855
f 3433/3954/3802 4152/4004/3852 3459/4007/3855 3257/3956/3804
f 3257/3956/3804 3459/4007/3855 4153/4008/3856 3440/3968/3816
f 3459/4007/3855 3266/4006/3854 3460/4009/3857 4153/4008/3856
f 4153/4008/3856 3460/4009/3857 3217/3811/3659 3961/3808/3656
f 3440/3968/3816 4153/4008/3856 3961/3808/3656 3213/3807/3655
f 3245/3914/3762 3412/3912/3760 4154/4010/3858 3456/4001/3849
f 3412/3912/3760 3241/3900/3748 3461/4011/3859 4154/4010/3858
f 4154/4010/3858 3461/4011/3859 3267/4012/3860 3462/4013/3861
f 3456/4001/3849 4154/4010/3858 3462/4013/3861 3265/4002/3850
f 3265/4002/3850 3462/4013/3861 4155/4014/3862 3458/4005/3853
f 3462/4013/3861 3267/4012/3860 3463/4015/3863 4155/4014/3862
f 4155/4014/3862 3463/4015/3863 3268/4016/3864 3464/4017/3865
f 3458/4005/3853 4155/4014/3862 3464/4017/3865 3266/4006/3854
f 3266/4006/3854 3464/4017/3865 4156/4018/3866 3460/4009/3857
f 3464/4017/3865 3268/4016/3864 3465/4019/3867 4156/4018/3866
f 4156/4018/3866 3465/4019/3867 3221/3830/3678 3370/3828/3676
f 3460/4009/3857 4156/4018/3866 3370/3828/3676 3217/3811/3659
f 3241/3900/3748 3405/3898/3746 4157/4020/3868 3461/4011/3859
f 3405/3898/3746 3237/3886/3734 3398/3884/3732 4157/4020/3868
f 4157/4020/3868 3398/3884/3732 3233/3872/3720 3466/4021/3869
f 3461/4011/3859 4157/4020/3868 3466/4021/3869 3267/4012/3860
f 3267/4012/3860 3466/4021/3869 4158/4022/3870 3463/4015/3863
f 3466/4021/3869 3233/3872/3720 3391/3870/3718 4158/4022/3870
f 4158/4022/3870 3391/3870/3718 3229/3858/3706 3467/4023/3871
f 3463/4015/3863 4158/4022/3870 3467/4023/3871 3268/4016/3864
f 3268/4016/3864 3467/4023/3871 4159/4024/3872 3465/4019/3867
f 3467/4023/3871 3229/3858/3706 3384/3856/3704 4159/4024/3872
f 4159/4024/3872 3384/3856/3704 3225/3844/3692 3377/3842/3690
f 3465/4019/3867 4159/4024/3872 3377/3842/3690 3221/3830/3678
s 2
f 3269/4025/3873 3468/4026/3874 4160/4027/3875 3471/4028/3876
f 3468/4026/3874 3301/4029/3877 3469/4030/3878 4160/4027/3875
f 4160/4027/3875 3469/4030/3878 3314/4031/3879 3470/4032/3880
f 3471/4028/3876 4160/4027/3875 3470/4032/3880 3296/4033/3881
f 3270/4034/3882 3472/4035/3883 4161/4036/3884 3475/4037/3885
f 3472/4035/3883 3313/4038/3886 3473/4039/3887 4161/4036/3884
f 4161/4036/3884 3473/4039/3887 3312/4040/3888 3474/4041/3889
f 3475/4037/3885 4161/4036/3884 3474/4041/3889 3271/4042/3890
f 3271/4042/3890 3474/4041/3889 4162/4043/3891 3478/4044/3892
f 3474/4041/3889 3312/4040/3888 3476/4045/3893 4162/4043/3891
f 4162/4043/3891 3476/4045/3893 3311/4046/3894 3477/4047/3895
f 3478/4044/3892 4162/4043/3891 3477/4047/3895 3272/4048/3896
f 3273/4049/3897 3479/4050/3898 4163/4051/3899 3482/4052/3900
f 3479/4050/3898 3277/4053/3901 3480/4054/3902 4163/4051/3899
f 4163/4051/3899 3480/4054/3902 3298/4055/3903 3481/4056/3904
f 3482/4052/3900 4163/4051/3899 3481/4056/3904 3297/4057/3905
f 3274/4058/3906 3483/4059/3907 4164/4060/3908 3486/4061/3909
f 3483/4059/3907 3278/4062/3910 3484/4063/3911 4164/4060/3908
f 4164/4060/3908 3484/4063/3911 3279/4064/3912 3485/4065/3913
f 3486/4061/3909 4164/4060/3908 3485/4065/3913 3275/4066/3914
f 3275/4066/3914 3485/4065/3913 4165/4067/3915 3489/4068/3916
f 3485/4065/3913 3279/4064/3912 3487/4069/3917 4165/4067/3915
f 4165/4067/3915 3487/4069/3917 3280/4070/3918 3488/4071/3919
f 3489/4068/3916 4165/4067/3915 3488/4071/3919 3276/4072/3920
f 3322/4073/3921 3490/4074/3922 4166/4075/3923 3493/4076/3924
f 3490/4074/3922 3282/4077/3925 3491/4078/3926 4166/4075/3923
f 4166/4075/3923 3491/4078/3926 3283/4079/3927 3492/4080/3928
f 3493/4076/3924 4166/4075/3923 3492/4080/3928 3323/4081/3929
f 3323/4081/3929 3492/4080/3928 4167/4082/3930 3496/4083/3931
f 3492/4080/3928 3283/4079/3927 3494/4084/3932 4167/4082/3930
f 4167/4082/3930 3494/4084/3932 3284/4085/3933 3495/4086/3934
f 3496/4083/3931 4167/4082/3930 3495/4086/3934 3324/4087/3935
f 3282/4077/3925 3497/4088/3936 4168/4089/3937 3491/4078/3926
f 3497/4088/3936 3286/4090/3938 3498/4091/3939 4168/4089/3937
f 4168/4089/3937 3498/4091/3939 3287/4092/3940 3499/4093/3941
f 3491/4078/3926 4168/4089/3937 3499/4093/3941 3283/4079/3927
f 3283/4079/3927 3499/4093/3941 4169/4094/3942 3494/4084/3932
f 3499/4093/3941 3287/4092/3940 3500/4095/3943 4169/4094/3942
f 4169/4094/3942 3500/4095/3943 3288/4096/3944 3501/4097/3945
f 3494/4084/3932 4169/4094/3942 3501/4097/3945 3284/4085/3933
f 3304/4098/3946 3502/4099/3947 4170/4100/3948 3505/4101/3949
f 3502/4099/3947 3289/4102/3950 3503/4103/3951 4170/4100/3948
f 4170/4100/3948 3503/4103/3951 3300/4104/3952 3504/4105/3953
f 3505/4101/3949 4170/4100/3948 3504/4105/3953 3305/4106/3954
f 3306/4107/3955 3506/4108/3956 4171/4109/3957 3509/4110/3958
f 3506/4108/3956 3290/4111/3959 3507/4112/3960 4171/4109/3957
f 4171/4109/3957 3507/4112/3960 3291/4113/3961 3508/4114/3962
f 3509/4110/3958 4171/4109/3957 3508/4114/3962 3307/4115/3963
f 3307/4115/3963 3508/4114/3962 4172/4116/3964 3512/4117/3965
f 3508/4114/3962 3291/4113/3961 3510/4118/3966 4172/4116/3964
f 4172/4116/3964 3510/4118/3966 3292/4119/3967 3511/4120/3968
f 3512/4117/3965 4172/4116/3964 3511/4120/3968 3308/4121/3969
f 3353/4122/3970 3513/4123/3971 4173/4124/3972 3516/4125/3973
f 3513/4123/3971 3352/4126/3974 3514/4127/3975 4173/4124/3972
f 4173/4124/3972 3514/4127/3975 3354/4128/3976 3515/4129/3977
f 3516/4125/3973 4173/4124/3972 3515/4129/3977 3355/4130/3978
f 3293/4131/3979 3517/4132/3980 4174/4133/3981 3520/4134/3982
f 3517/4132/3980 3326/4135/3983 3518/4136/3984 4174/4133/3981
f 4174/4133/3981 3518/4136/3984 3325/4137/3985 3519/4138/3986
f 3520/4134/3982 4174/4133/3981 3519/4138/3986 3309/4139/3987
f 3294/4140/3988 3521/4141/3989 4175/4142/3990 3523/4143/3991
f 3521/4141/3989 3272/4048/3896 3477/4047/3895 4175/4142/3990
f 4175/4142/3990 3477/4047/3895 3311/4046/3894 3522/4144/3992
f 3523/4143/3991 4175/4142/3990 3522/4144/3992 3310/4145/3993
f 3303/4146/3994 3524/4147/3995 4176/4148/3996 3526/4149/3997
f 3524/4147/3995 3295/4150/3998 3525/4151/3999 4176/4148/3996
f 4176/4148/3996 3525/4151/3999 3289/4102/3950 3502/4099/3947
f 3526/4149/3997 4176/4148/3996 3502/4099/3947 3304/4098/3946
f 3340/4152/4000 3527/4153/4001 4177/4154/4002 3530/4155/4003
f 3527/4153/4001 3343/4156/4004 3528/4157/4005 4177/4154/4002
f 4177/4154/4002 3528/4157/4005 3342/4158/4006 3529/4159/4007
f 3530/4155/4003 4177/4154/4002 3529/4159/4007 3341/4160/4008
f 3301/4029/3877 3468/4026/3874 4178/4161/4009 3533/4162/4010
f 3269/4025/3873 3531/4163/4011 4178/4161/4009 3468/4026/3874
f 3199/3569/3417 3837/3568/3416 4178/4161/4009 3531/4163/4011
f 3198/3567/3415 3532/4164/4012 4178/4161/4009 3837/3568/3416
f 3302/4165/4013 3533/4162/4010 4178/4161/4009 3532/4164/4012
f 3327/4166/4014 3534/4167/4015 4179/4168/4016 3536/4169/4017
f 3534/4167/4015 3296/4033/3881 3470/4032/3880 4179/4168/4016
f 4179/4168/4016 3470/4032/3880 3314/4031/3879 3535/4170/4018
f 3536/4169/4017 4179/4168/4016 3535/4170/4018 3328/4171/4019
f 3298/4055/3903 3537/4172/4020 4180/4173/4021 3481/4056/3904
f 3537/4172/4020 3330/4174/4022 3538/4175/4023 4180/4173/4021
f 4180/4173/4021 3538/4175/4023 3329/4176/4024 3539/4177/4025
f 3481/4056/3904 4180/4173/4021 3539/4177/4025 3297/4057/3905
f 3300/4104/3952 3540/4178/4026 4181/4179/4027 3504/4105/3953
f 3540/4178/4026 3335/4180/4028 3541/4181/4029 4181/4179/4027
f 4181/4179/4027 3541/4181/4029 3334/4182/4030 3542/4183/4031
f 3504/4105/3953 4181/4179/4027 3542/4183/4031 3305/4106/3954
f 3277/4053/3901 3479/4050/3898 4182/4184/4032 3544/4185/4033
f 3479/4050/3898 3273/4049/3897 3543/4186/4034 4182/4184/4032
f 4182/4184/4032 3543/4186/4034 3301/4029/3877 3533/4162/4010
f 3544/4185/4033 4182/4184/4032 3533/4162/4010 3302/4165/4013
f 3281/4187/4035 3545/4188/4036 4183/4189/4037 3548/4190/4038
f 3545/4188/4036 3320/4191/4039 3546/4192/4040 4183/4189/4037
f 4183/4189/4037 3546/4192/4040 3319/4193/4041 3547/4194/4042
f 3548/4190/4038 4183/4189/4037 3547/4194/4042 3303/4146/3994
f 3285/4195/4043 3549/4196/4044 4184/4197/4045 3550/4198/4046
f 3549/4196/4044 3281/4187/4035 3548/4190/4038 4184/4197/4045
f 4184/4197/4045 3548/4190/4038 3303/4146/3994 3526/4149/3997
f 3550/4198/4046 4184/4197/4045 3526/4149/3997 3304/4098/3946
f 3285/4195/4043 3550/4198/4046 4185/4199/4047 3552/4200/4048
f 3550/4198/4046 3304/4098/3946 3505/4101/3949 4185/4199/4047
f 4185/4199/4047 3505/4101/3949 3305/4106/3954 3551/4201/4049
f 3552/4200/4048 4185/4199/4047 3551/4201/4049 3299/4202/4050
f 3333/4203/4051 3553/4204/4052 4186/4205/4053 3554/4206/4054
f 3553/4204/4052 3299/4202/4050 3551/4201/4049 4186/4205/4053
f 4186/4205/4053 3551/4201/4049 3305/4106/3954 3542/4183/4031
f 3554/4206/4054 4186/4205/4053 3542/4183/4031 3334/4182/4030
f 3286/4090/3938 3555/4207/4055 4187/4208/4056 3498/4091/3939
f 3555/4207/4055 3306/4107/3955 3509/4110/3958 4187/4208/4056
f 4187/4208/4056 3509/4110/3958 3307/4115/3963 3556/4209/4057
f 3498/4091/3939 4187/4208/4056 3556/4209/4057 3287/4092/3940
f 3287/4092/3940 3556/4209/4057 4188/4210/4058 3500/4095/3943
f 3556/4209/4057 3307/4115/3963 3512/4117/3965 4188/4210/4058
f 4188/4210/4058 3512/4117/3965 3308/4121/3969 3557/4211/4059
f 3500/4095/3943 4188/4210/4058 3557/4211/4059 3288/4096/3944
f 3316/4212/4060 3558/4213/4061 4189/4436/4062 3561/4434/4063
f 3558/4213/4061 3318/4216/4064 3559/4217/4065 4189/4436/4062
f 4189/4214/4062 3559/4217/4065 3317/4218/4066 3560/4219/4067
f 3561/4215/4063 4189/4214/4062 3560/4219/4067 3315/4220/4068
f 3324/4087/3935 3495/4086/3934 4190/4221/4069 3563/4222/4070
f 3495/4086/3934 3284/4085/3933 3562/4223/4071 4190/4221/4069
f 4190/4221/4069 3562/4223/4071 3309/4139/3987 3519/4138/3986
f 3563/4222/4070 4190/4221/4069 3519/4138/3986 3325/4137/3985
f 3311/4046/3894 3564/4224/4072 4191/4225/4073 3522/4144/3992
f 3564/4224/4072 3276/4072/3920 3488/4071/3919 4191/4225/4073
f 4191/4225/4073 3488/4071/3919 3280/4070/3918 3565/4226/4074
f 3522/4144/3992 4191/4225/4073 3565/4226/4074 3310/4145/3993
f 3312/4040/3888 3566/4227/4075 4192/4228/4076 3476/4045/3893
f 3566/4227/4075 3275/4066/3914 3489/4068/3916 4192/4228/4076
f 4192/4228/4076 3489/4068/3916 3276/4072/3920 3564/4224/4072
f 3476/4045/3893 4192/4228/4076 3564/4224/4072 3311/4046/3894
f 3313/4038/3886 3567/4229/4077 4193/4230/4078 3473/4039/3887
f 3567/4229/4077 3274/4058/3906 3486/4061/3909 4193/4230/4078
f 4193/4230/4078 3486/4061/3909 3275/4066/3914 3566/4227/4075
f 3473/4039/3887 4193/4230/4078 3566/4227/4075 3312/4040/3888
f 3297/4057/3905 3539/4177/4025 4194/4231/4079 3569/4232/4080
f 3539/4177/4025 3329/4176/4024 3568/4233/4081 4194/4231/4079
f 4194/4231/4079 3568/4233/4081 3328/4171/4019 3535/4170/4018
f 3569/4232/4080 4194/4231/4079 3535/4170/4018 3314/4031/3879
f 3301/4029/3877 3543/4186/4034 4195/4234/4082 3469/4030/3878
f 3543/4186/4034 3273/4049/3897 3482/4052/3900 4195/4234/4082
f 4195/4234/4082 3482/4052/3900 3297/4057/3905 3569/4232/4080
f 3469/4030/3878 4195/4234/4082 3569/4232/4080 3314/4031/3879
f 3309/4139/3987 3570/4235/4083 4196/4435/4084 3572/4427/4085
f 3570/4235/4083 3316/4212/4060 3561/4434/4063 4196/4435/4084
f 4196/4236/4084 3561/4215/4063 3315/4220/4068 3571/4238/4086
f 3572/4237/4085 4196/4236/4084 3571/4238/4086 3308/4121/3969
f 3308/4121/3969 3571/4238/4086 4197/4239/4087 3557/4211/4059
f 3571/4238/4086 3315/4220/4068 3560/4219/4067 4197/4239/4087
f 4197/4239/4087 3560/4219/4067 3317/4218/4066 3573/4240/4088
f 3557/4211/4059 4197/4239/4087 3573/4240/4088 3288/4096/3944
f 3288/4096/3944 3573/4240/4088 4198/4241/4089 3501/4097/3945
f 3573/4240/4088 3317/4218/4066 3559/4217/4065 4198/4241/4089
f 4198/4241/4089 3559/4217/4065 3318/4216/4064 3574/4242/4090
f 3501/4097/3945 4198/4241/4089 3574/4242/4090 3284/4085/3933
f 3284/4085/3933 3574/4242/4090 4199/4243/4091 3562/4223/4071
f 3574/4242/4090 3318/4216/4064 3558/4213/4061 4199/4243/4091
f 4199/4243/4091 3558/4213/4061 3316/4212/4060 3570/4235/4083
f 3562/4223/4071 4199/4243/4091 3570/4235/4083 3309/4139/3987
f 3344/4244/4092 3575/4245/4093 4200/4246/4094 3577/4247/4095
f 3575/4245/4093 3345/4248/4096 3576/4249/4097 4200/4246/4094
f 4200/4246/4094 3576/4249/4097 3340/4152/4000 3530/4155/4003
f 3577/4247/4095 4200/4246/4094 3530/4155/4003 3341/4160/4008
f 3320/4191/4039 3578/4250/4098 4201/4251/4099 3546/4192/4040
f 3578/4250/4098 3277/4053/3901 3544/4185/4033 4201/4251/4099
f 4201/4251/4099 3544/4185/4033 3302/4165/4013 3579/4252/4100
f 3546/4192/4040 4201/4251/4099 3579/4252/4100 3319/4193/4041
f 3277/4053/3901 3578/4250/4098 4202/4253/4101 3480/4054/3902
f 3578/4250/4098 3320/4191/4039 3580/4254/4102 4202/4253/4101
f 4202/4253/4101 3580/4254/4102 3321/4255/4103 3581/4256/4104
f 3480/4054/3902 4202/4253/4101 3581/4256/4104 3298/4055/3903
f 3330/4174/4022 3537/4172/4020 4203/4257/4105 3583/4258/4106
f 3537/4172/4020 3298/4055/3903 3581/4256/4104 4203/4257/4105
f 4203/4257/4105 3581/4256/4104 3321/4255/4103 3582/4259/4107
f 3583/4258/4106 4203/4257/4105 3582/4259/4107 3331/4260/4108
f 3278/4062/3910 3584/4261/4109 4204/4262/4110 3484/4063/3911
f 3584/4261/4109 3322/4073/3921 3493/4076/3924 4204/4262/4110
f 4204/4262/4110 3493/4076/3924 3323/4081/3929 3585/4263/4111
f 3484/4063/3911 4204/4262/4110 3585/4263/4111 3279/4064/3912
f 3279/4064/3912 3585/4263/4111 4205/4264/4112 3487/4069/3917
f 3585/4263/4111 3323/4081/3929 3496/4083/3931 4205/4264/4112
f 4205/4264/4112 3496/4083/3931 3324/4087/3935 3586/4265/4113
f 3487/4069/3917 4205/4264/4112 3586/4265/4113 3280/4070/3918
f 3310/4145/3993 3565/4226/4074 4206/4266/4114 3587/4267/4115
f 3565/4226/4074 3280/4070/3918 3586/4265/4113 4206/4266/4114
f 4206/4266/4114 3586/4265/4113 3324/4087/3935 3563/4222/4070
f 3587/4267/4115 4206/4266/4114 3563/4222/4070 3325/4137/3985
f 3326/4135/3983 3588/4268/4116 4207/4269/4117 3518/4136/3984
f 3588/4268/4116 3294/4140/3988 3523/4143/3991 4207/4269/4117
f 4207/4269/4117 3523/4143/3991 3310/4145/3993 3587/4267/4115
f 3518/4136/3984 4207/4269/4117 3587/4267/4115 3325/4137/3985
f 3313/4038/3886 3472/4035/3883 4208/4270/4118 3590/4271/4119
f 3472/4035/3883 3270/4034/3882 3589/4272/4120 4208/4270/4118
f 4208/4270/4118 3589/4272/4120 3327/4166/4014 3536/4169/4017
f 3590/4271/4119 4208/4270/4118 3536/4169/4017 3328/4171/4019
f 3329/4176/4024 3591/4273/4121 4209/4274/4122 3568/4233/4081
f 3591/4273/4121 3274/4058/3906 3567/4229/4077 4209/4274/4122
f 4209/4274/4122 3567/4229/4077 3313/4038/3886 3590/4271/4119
f 3568/4233/4081 4209/4274/4122 3590/4271/4119 3328/4171/4019
f 3330/4174/4022 3592/4275/4123 4210/4276/4124 3538/4175/4023
f 3592/4275/4123 3278/4062/3910 3483/4059/3907 4210/4276/4124
f 4210/4276/4124 3483/4059/3907 3274/4058/3906 3591/4273/4121
f 3538/4175/4023 4210/4276/4124 3591/4273/4121 3329/4176/4024
f 3322/4073/3921 3584/4261/4109 4211/4277/4125 3593/4278/4126
f 3584/4261/4109 3278/4062/3910 3592/4275/4123 4211/4277/4125
f 4211/4277/4125 3592/4275/4123 3330/4174/4022 3583/4258/4106
f 3593/4278/4126 4211/4277/4125 3583/4258/4106 3331/4260/4108
f 3332/4279/4127 3594/4280/4128 4212/4281/4129 3595/4282/4130
f 3594/4280/4128 3282/4077/3925 3490/4074/3922 4212/4281/4129
f 4212/4281/4129 3490/4074/3922 3322/4073/3921 3593/4278/4126
f 3595/4282/4130 4212/4281/4129 3593/4278/4126 3331/4260/4108
f 3333/4203/4051 3596/4283/4131 4213/4284/4132 3597/4285/4133
f 3596/4283/4131 3286/4090/3938 3497/4088/3936 4213/4284/4132
f 4213/4284/4132 3497/4088/3936 3282/4077/3925 3594/4280/4128
f 3597/4285/4133 4213/4284/4132 3594/4280/4128 3332/4279/4127
f 3306/4107/3955 3555/4207/4055 4214/4286/4134 3598/4287/4135
f 3555/4207/4055 3286/4090/3938 3596/4283/4131 4214/4286/4134
f 4214/4286/4134 3596/4283/4131 3333/4203/4051 3554/4206/4054
f 3598/4287/4135 4214/4286/4134 3554/4206/4054 3334/4182/4030
f 3335/4180/4028 3599/4288/4136 4215/4289/4137 3541/4181/4029
f 3599/4288/4136 3290/4111/3959 3506/4108/3956 4215/4289/4137
f 4215/4289/4137 3506/4108/3956 3306/4107/3955 3598/4287/4135
f 3541/4181/4029 4215/4289/4137 3598/4287/4135 3334/4182/4030
f 3319/4193/4041 3600/4290/4138 4216/4291/4139 3547/4194/4042
f 3600/4290/4138 3336/4292/4140 3601/4293/4141 4216/4291/4139
f 4216/4291/4139 3601/4293/4141 3337/4294/4142 3602/4295/4143
f 3547/4194/4042 4216/4291/4139 3602/4295/4143 3303/4146/3994
f 3303/4146/3994 3602/4295/4143 4217/4296/4144 3524/4147/3995
f 3602/4295/4143 3337/4294/4142 3603/4297/4145 4217/4296/4144
f 4217/4296/4144 3603/4297/4145 3338/4298/4146 3604/4299/4147
f 3524/4147/3995 4217/4296/4144 3604/4299/4147 3295/4150/3998
f 3295/4150/3998 3604/4299/4147 4218/4300/4148 3606/4301/4149
f 3604/4299/4147 3338/4298/4146 3605/4302/4150 4218/4300/4148
f 4218/4300/4148 3605/4302/4150 3201/3709/3557 3911/3708/3556
f 3606/4301/4149 4218/4300/4148 3911/3708/3556 3197/3707/3555
f 3302/4165/4013 3607/4303/4151 4219/4304/4152 3579/4252/4100
f 3607/4303/4151 3339/4305/4153 3608/4306/4154 4219/4304/4152
f 4219/4304/4152 3608/4306/4154 3336/4292/4140 3600/4290/4138
f 3579/4252/4100 4219/4304/4152 3600/4290/4138 3319/4193/4041
f 3336/4292/4140 3609/4307/4155 4220/4308/4156 3601/4293/4141
f 3609/4307/4155 3341/4160/4008 3529/4159/4007 4220/4308/4156
f 4220/4308/4156 3529/4159/4007 3342/4158/4006 3610/4309/4157
f 3601/4293/4141 4220/4308/4156 3610/4309/4157 3337/4294/4142
f 3337/4294/4142 3610/4309/4157 4221/4310/4158 3603/4297/4145
f 3610/4309/4157 3342/4158/4006 3528/4157/4005 4221/4310/4158
f 4221/4310/4158 3528/4157/4005 3343/4156/4004 3611/4311/4159
f 3603/4297/4145 4221/4310/4158 3611/4311/4159 3338/4298/4146
f 3338/4298/4146 3611/4311/4159 4222/4312/4160 3605/4302/4150
f 3343/4156/4004 3527/4153/4001 4222/4312/4160 3611/4311/4159
f 3340/4152/4000 3612/4313/4161 4222/4312/4160 3527/4153/4001
f 3203/3722/3570 3918/3721/3569 4222/4312/4160 3612/4313/4161
f 3201/3709/3557 3605/4302/4150 4222/4312/4160 3918/3721/3569
f 3339/4305/4153 3613/4314/4162 4223/4315/4163 3608/4306/4154
f 3613/4314/4162 3344/4244/4092 3577/4247/4095 4223/4315/4163
f 4223/4315/4163 3577/4247/4095 3341/4160/4008 3609/4307/4155
f 3608/4306/4154 4223/4315/4163 3609/4307/4155 3336/4292/4140
f 3295/4150/3998 3606/4301/4149 4224/4316/4164 3614/4317/4165
f 3197/3707/3555 3922/3729/3577 4224/4316/4164 3606/4301/4149
f 3206/3728/3576 3614/4317/4165 4224/4316/4164 3922/3729/3577
f 3289/4102/3950 3525/4151/3999 4225/4318/4166 3615/4319/4167
f 3525/4151/3999 3295/4150/3998 3614/4317/4165 4225/4318/4166
f 4225/4318/4166 3614/4317/4165 3206/3728/3576 3924/3733/3581
f 3615/4319/4167 4225/4318/4166 3924/3733/3581 3207/3732/3580
f 3289/4102/3950 3615/4319/4167 4226/4320/4168 3503/4103/3951
f 3615/4319/4167 3207/3732/3580 3926/3737/3585 4226/4320/4168
f 4226/4320/4168 3926/3737/3585 3192/3736/3584 3616/4321/4169
f 3503/4103/3951 4226/4320/4168 3616/4321/4169 3300/4104/3952
f 3290/4111/3959 3617/4322/4170 4227/4323/4171 3507/4112/3960
f 3617/4322/4170 3208/3743/3591 3928/3742/3590 4227/4323/4171
f 4227/4323/4171 3928/3742/3590 3193/3741/3589 3618/4324/4172
f 3507/4112/3960 4227/4323/4171 3618/4324/4172 3291/4113/3961
f 3291/4113/3961 3618/4324/4172 4228/4325/4173 3510/4118/3966
f 3618/4324/4172 3193/3741/3589 3931/3747/3595 4228/4325/4173
f 4228/4325/4173 3931/3747/3595 3194/3746/3594 3619/4326/4174
f 3510/4118/3966 4228/4325/4173 3619/4326/4174 3292/4119/3967
f 3327/4166/4014 3589/4272/4120 4229/4327/4175 3621/4328/4176
f 3589/4272/4120 3270/4034/3882 3620/4329/4177 4229/4327/4175
f 4229/4327/4175 3620/4329/4177 3191/3752/3600 3933/3751/3599
f 3621/4328/4176 4229/4327/4175 3933/3751/3599 3212/3750/3598
f 3296/4033/3881 3534/4167/4015 4230/4330/4178 3622/4331/4179
f 3534/4167/4015 3327/4166/4014 3621/4328/4176 4230/4330/4178
f 4230/4330/4178 3621/4328/4176 3212/3750/3598 3936/3757/3605
f 3622/4331/4179 4230/4330/4178 3936/3757/3605 3205/3756/3604
f 3281/4187/4035 3549/4196/4044 4231/4332/4180 3545/4188/4036
f 3285/4195/4043 3552/4200/4048 4231/4332/4180 3549/4196/4044
f 3299/4202/4050 3553/4204/4052 4231/4332/4180 3552/4200/4048
f 3333/4203/4051 3597/4285/4133 4231/4332/4180 3553/4204/4052
f 3332/4279/4127 3595/4282/4130 4231/4332/4180 3597/4285/4133
f 3331/4260/4108 3582/4259/4107 4231/4332/4180 3595/4282/4130
f 3321/4255/4103 3580/4254/4102 4231/4332/4180 3582/4259/4107
f 3320/4191/4039 3545/4188/4036 4231/4332/4180 3580/4254/4102
f 3202/3759/3607 3623/4333/4181 4232/4334/4182 3937/3760/3608
f 3623/4333/4181 3339/4305/4153 3607/4303/4151 4232/4334/4182
f 4232/4334/4182 3607/4303/4151 3302/4165/4013 3532/4164/4012
f 3937/3760/3608 4232/4334/4182 3532/4164/4012 3198/3567/3415
f 3203/3722/3570 3612/4313/4161 4233/4335/4183 3939/3763/3611
f 3612/4313/4161 3340/4152/4000 3576/4249/4097 4233/4335/4183
f 4233/4335/4183 3576/4249/4097 3345/4248/4096 3624/4336/4184
f 3939/3763/3611 4233/4335/4183 3624/4336/4184 3204/3765/3613
f 3204/3765/3613 3624/4336/4184 4234/4337/4185 3941/3767/3615
f 3345/4248/4096 3575/4245/4093 4234/4337/4185 3624/4336/4184
f 3344/4244/4092 3613/4314/4162 4234/4337/4185 3575/4245/4093
f 3339/4305/4153 3623/4333/4181 4234/4337/4185 3613/4314/4162
f 3202/3759/3607 3941/3767/3615 4234/4337/4185 3623/4333/4181
f 3190/3769/3617 3625/4338/4186 4235/4339/4187 3942/3770/3618
f 3625/4338/4186 3269/4025/3873 3471/4028/3876 4235/4339/4187
f 4235/4339/4187 3471/4028/3876 3296/4033/3881 3622/4331/4179
f 3942/3770/3618 4235/4339/4187 3622/4331/4179 3205/3756/3604
f 3199/3569/3417 3531/4163/4011 4236/4340/4188 3944/3773/3621
f 3269/4025/3873 3625/4338/4186 4236/4340/4188 3531/4163/4011
f 3190/3769/3617 3944/3773/3621 4236/4340/4188 3625/4338/4186
f 3200/3775/3623 3626/4341/4189 4237/4342/4190 3945/3776/3624
f 3626/4341/4189 3335/4180/4028 3540/4178/4026 4237/4342/4190
f 4237/4342/4190 3540/4178/4026 3300/4104/3952 3616/4321/4169
f 3945/3776/3624 4237/4342/4190 3616/4321/4169 3192/3736/3584
f 3208/3743/3591 3617/4322/4170 4238/4343/4191 3947/3779/3627
f 3617/4322/4170 3290/4111/3959 3599/4288/4136 4238/4343/4191
f 4238/4343/4191 3599/4288/4136 3335/4180/4028 3626/4341/4189
f 3947/3779/3627 4238/4343/4191 3626/4341/4189 3200/3775/3623
f 3351/3781/3629 3627/4344/4192 4239/4345/4193 3948/3782/3630
f 3627/4344/4192 3352/4126/3974 3513/4123/3971 4239/4345/4193
f 4239/4345/4193 3513/4123/3971 3353/4122/3970 3628/4346/4194
f 3948/3782/3630 4239/4345/4193 3628/4346/4194 3350/3785/3633
f 3196/3787/3635 3629/4347/4195 4240/4348/4196 3951/3788/3636
f 3629/4347/4195 3326/4135/3983 3517/4132/3980 4240/4348/4196
f 4240/4348/4196 3517/4132/3980 3293/4131/3979 3630/4349/4197
f 3951/3788/3636 4240/4348/4196 3630/4349/4197 3195/3791/3639
f 3209/3793/3641 3631/4350/4198 4241/4351/4199 3954/3794/3642
f 3631/4350/4198 3294/4140/3988 3588/4268/4116 4241/4351/4199
f 4241/4351/4199 3588/4268/4116 3326/4135/3983 3629/4347/4195
f 3954/3794/3642 4241/4351/4199 3629/4347/4195 3196/3787/3635
f 3210/3797/3645 3632/4352/4200 4242/4353/4201 3956/3798/3646
f 3632/4352/4200 3272/4048/3896 3521/4141/3989 4242/4353/4201
f 4242/4353/4201 3521/4141/3989 3294/4140/3988 3631/4350/4198
f 3956/3798/3646 4242/4353/4201 3631/4350/4198 3209/3793/3641
f 3211/3801/3649 3633/4354/4202 4243/4355/4203 3958/3802/3650
f 3633/4354/4202 3271/4042/3890 3478/4044/3892 4243/4355/4203
f 4243/4355/4203 3478/4044/3892 3272/4048/3896 3632/4352/4200
f 3958/3802/3650 4243/4355/4203 3632/4352/4200 3210/3797/3645
f 3191/3752/3600 3620/4329/4177 4244/4356/4204 3960/3805/3653
f 3620/4329/4177 3270/4034/3882 3475/4037/3885 4244/4356/4204
f 4244/4356/4204 3475/4037/3885 3271/4042/3890 3633/4354/4202
f 3960/3805/3653 4244/4356/4204 3633/4354/4202 3211/3801/3649
f 3136/3522/3370 3815/3521/3369 4245/4357/4205 3635/4358/4206
f 3815/3521/3369 3152/3520/3368 3634/4359/4207 4245/4357/4205
f 4245/4357/4205 3634/4359/4207 3346/3528/3376 3817/3525/3373
f 3635/4358/4206 4245/4357/4205 3817/3525/3373 3347/3524/3372
f 3152/3520/3368 3875/4433/3488 4246/4360/4208 3634/4359/4207
f 3875/3640/3488 3153/3537/3385 3636/4361/4209 4246/4432/4208
f 4246/4360/4208 3636/4422/4209 3348/3530/3378 3818/3529/3377
f 3634/4359/4207 4246/4360/4208 3818/3529/3377 3346/3528/3376
f 3356/4362/4210 3637/4363/4211 4247/4431/4212 3640/4420/4213
f 3637/4363/4211 3357/4366/4214 3638/4367/4215 4247/4431/4212
f 4247/4364/4212 3638/4430/4215 3358/4368/4216 3639/4369/4217
f 3640/4365/4213 4247/4364/4212 3639/4369/4217 3359/4370/4218
f 3194/3746/3594 3930/3745/3593 4248/4371/4219 3641/4372/4220
f 3930/3745/3593 3136/3522/3370 3635/4358/4206 4248/4371/4219
f 4248/4371/4219 3635/4358/4206 3347/3524/3372 3949/3786/3634
f 3641/4372/4220 4248/4371/4219 3949/3786/3634 3350/3785/3633
f 3357/4366/4214 3642/4373/4221 4249/4429/4222 3638/4367/4215
f 3642/4373/4221 3360/4375/4223 3643/4376/4224 4249/4429/4222
f 4249/4374/4222 3643/4425/4224 3361/4377/4225 3644/4378/4226
f 3638/4430/4215 4249/4374/4222 3644/4378/4226 3358/4368/4216
f 3363/4379/4227 3645/4380/4228 4250/4428/4229 3648/4423/4230
f 3645/4380/4228 3362/4383/4231 3646/4384/4232 4250/4428/4229
f 4250/4381/4229 3646/4417/4232 3364/4385/4233 3647/4386/4234
f 3648/4382/4230 4250/4381/4229 3647/4386/4234 3365/4387/4235
f 3309/4139/3987 3572/4427/4085 4251/4426/4236 3650/4419/4237
f 3572/4237/4085 3308/4121/3969 3649/4390/4238 4251/4388/4236
f 4251/4388/4236 3649/4390/4238 3355/4130/3978 3515/4129/3977
f 3650/4389/4237 4251/4388/4236 3515/4129/3977 3354/4128/3976
f 3308/4121/3969 3511/4120/3968 4252/4391/4239 3649/4390/4238
f 3511/4120/3968 3292/4119/3967 3651/4392/4240 4252/4391/4239
f 4252/4391/4239 3651/4392/4240 3353/4122/3970 3516/4125/3973
f 3649/4390/4238 4252/4391/4239 3516/4125/3973 3355/4130/3978
f 3360/4375/4223 3652/4393/4241 4253/4424/4242 3643/4376/4224
f 3652/4393/4241 3363/4379/4227 3648/4423/4230 4253/4424/4242
f 4253/4394/4242 3648/4382/4230 3365/4387/4235 3653/4395/4243
f 3643/4425/4224 4253/4394/4242 3653/4395/4243 3361/4377/4225
f 3292/4119/3967 3619/4326/4174 4254/4396/4244 3651/4392/4240
f 3619/4326/4174 3194/3746/3594 3641/4372/4220 4254/4396/4244
f 4254/4396/4244 3641/4372/4220 3350/3785/3633 3628/4346/4194
f 3651/4392/4240 4254/4396/4244 3628/4346/4194 3353/4122/3970
f 3153/3537/3385 3821/3534/3382 4255/4397/4245 3655/4398/4246
f 3821/3534/3382 3137/3533/3381 3654/4399/4247 4255/4397/4245
f 4255/4397/4245 3654/4399/4247 3357/4366/4214 3637/4363/4211
f 3655/4398/4246 4255/4397/4245 3637/4363/4211 3356/4362/4210
f 3349/3532/3380 3819/3531/3379 4256/4400/4248 3657/4401/4249
f 3819/3531/3379 3348/3530/3378 3656/4402/4250 4256/4400/4248
f 4256/4400/4248 3656/4402/4250 3359/4370/4218 3639/4369/4217
f 3657/4401/4249 4256/4400/4248 3639/4369/4217 3358/4368/4216
f 3348/3530/3378 3636/4422/4209 4257/4421/4251 3656/4402/4250
f 3636/4361/4209 3153/3537/3385 3655/4398/4246 4257/4403/4251
f 4257/4403/4251 3655/4398/4246 3356/4362/4210 3640/4420/4213
f 3656/4402/4250 4257/4421/4251 3640/4365/4213 3359/4370/4218
f 3137/3533/3381 3952/3792/3640 4258/4404/4252 3654/4399/4247
f 3952/3792/3640 3195/3791/3639 3658/4405/4253 4258/4404/4252
f 4258/4404/4252 3658/4405/4253 3360/4375/4223 3642/4373/4221
f 3654/4399/4247 4258/4404/4252 3642/4373/4221 3357/4366/4214
f 3351/3781/3629 3950/3784/3632 4259/4406/4254 3659/4407/4255
f 3950/3784/3632 3349/3532/3380 3657/4401/4249 4259/4406/4254
f 4259/4406/4254 3657/4401/4249 3358/4368/4216 3644/4378/4226
f 3659/4407/4255 4259/4406/4254 3644/4378/4226 3361/4377/4225
f 3293/4131/3979 3520/4134/3982 4260/4408/4256 3661/4409/4257
f 3520/4134/3982 3309/4139/3987 3660/4410/4258 4260/4408/4256
f 4260/4408/4256 3660/4410/4258 3362/4383/4231 3645/4380/4228
f 3661/4409/4257 4260/4408/4256 3645/4380/4228 3363/4379/4227
f 3309/4139/3987 3650/4419/4237 4261/4418/4259 3660/4410/4258
f 3650/4389/4237 3354/4128/3976 3662/4412/4260 4261/4411/4259
f 4261/4411/4259 3662/4412/4260 3364/4385/4233 3646/4417/4232
f 3660/4410/4258 4261/4418/4259 3646/4384/4232 3362/4383/4231
f 3354/4128/3976 3514/4127/3975 4262/4413/4261 3662/4412/4260
f 3514/4127/3975 3352/4126/3974 3663/4414/4262 4262/4413/4261
f 4262/4413/4261 3663/4414/4262 3365/4387/4235 3647/4386/4234
f 3662/4412/4260 4262/4413/4261 3647/4386/4234 3364/4385/4233
f 3195/3791/3639 3630/4349/4197 4263/4415/4263 3658/4405/4253
f 3630/4349/4197 3293/4131/3979 3661/4409/4257 4263/4415/4263
f 4263/4415/4263 3661/4409/4257 3363/4379/4227 3652/4393/4241
f 3658/4405/4253 4263/4415/4263 3652/4393/4241 3360/4375/4223
f 3352/4126/3974 3627/4344/4192 4264/4416/4264 3663/4414/4262
f 3627/4344/4192 3351/3781/3629 3659/4407/4255 4264/4416/4264
f 4264/4416/4264 3659/4407/4255 3361/4377/4225 3653/4395/4243
f 3663/4414/4262 4264/4416/4264 3653/4395/4243 3365/4387/4235
