# This file uses meters as units for non-parametric coordinates.

mtllib burger.mtl
g default
v 28.643179 15.743733 18.823563
v 33.672070 15.743733 9.896125
v 20.810490 15.743733 25.908447
v 35.404911 15.743733 0.000000
v 27.264561 19.585279 17.917604
v 32.051346 19.585279 9.419868
v 10.940723 15.743733 30.457232
v 19.808853 19.585279 24.661449
v 33.672070 15.743733 -9.896125
v 33.700829 19.585279 0.000000
v 25.117252 22.633923 16.506464
v 29.527056 22.633923 8.677970
v 0.000000 15.743733 32.024643
v 10.414145 19.585279 28.991236
v 18.248716 22.633923 22.719196
v 28.643179 15.743733 -18.823563
v 32.051346 19.585279 -9.419783
v 31.046629 22.633923 0.000000
v 22.411448 24.591236 14.728268
v 26.346279 24.591236 7.743086
v -10.940723 15.743733 30.457232
v 0.000000 19.585279 30.483250
v 9.593940 22.633923 26.707943
v 16.282928 24.591236 20.271759
v 20.810490 15.743733 -25.908447
v 27.264473 19.585279 -17.917604
v 29.527056 22.633923 -8.677970
v 27.702131 24.591236 0.000000
v 19.412100 25.490864 12.757174
v 22.820353 25.490864 6.706874
v -20.810490 15.743733 25.908447
v -10.414145 19.585279 28.991236
v 0.000000 22.633923 28.082453
v 8.560382 24.591236 23.830891
v 14.103701 25.490864 17.558765
v 10.940723 15.743733 -30.457232
v 19.808853 19.585279 -24.661449
v 25.117252 22.633923 -16.506464
v 26.346279 24.591236 -7.743086
v 23.994692 25.490864 0.000000
v 16.097134 25.315165 10.607815
v 18.936701 25.315165 5.576867
v -28.643179 15.743733 18.823563
v -19.808853 19.585279 24.661449
v -9.593940 22.633923 26.707943
v 0.000000 24.591236 25.057262
v 7.414798 25.490864 20.641554
v 11.674493 25.315165 14.600326
v 0.000000 15.743733 -32.024559
v 10.414145 19.585279 -28.991236
v 18.248716 22.633923 -22.719110
v 22.411448 24.591236 -14.728268
v 22.820353 25.490864 -6.706874
v 19.915144 25.315165 0.000000
v -33.672070 15.743733 9.896125
v -27.264561 19.585279 17.917604
v -18.248716 22.633923 22.719110
v -8.560382 24.591236 23.830891
v 0.000000 25.490864 21.703779
v 6.101562 25.315165 17.163811
v -10.940723 15.743733 -30.457232
v 0.000000 19.585279 -30.483164
v 9.593940 22.633923 -26.707943
v 16.282928 24.591236 -20.271759
v 19.412100 25.490864 -12.757174
v 18.936701 25.315165 -5.576867
v -35.404911 15.743733 0.000000
v -32.051346 19.585279 9.419868
v -25.117252 22.633923 16.506464
v -16.282928 24.591236 20.271759
v -7.414798 25.490864 20.641554
v 0.000000 25.315165 18.047089
v -20.810490 15.743733 -25.908447
v -10.414145 19.585279 -28.991236
v 0.000000 22.633923 -28.082369
v 8.560382 24.591236 -23.830891
v 14.103701 25.490864 -17.558765
v 16.097134 25.315165 -10.607815
v -33.672070 15.743733 -9.896125
v -33.700829 19.585279 0.000000
v -29.527056 22.633923 8.677970
v -22.411448 24.591236 14.728268
v -14.103701 25.490864 17.558765
v -6.101562 25.315165 17.163811
v -28.643179 15.743733 -18.823563
v -19.808853 19.585279 -24.661449
v -9.593940 22.633923 -26.707943
v 0.000000 24.591236 -25.057262
v 7.414798 25.490864 -20.641554
v 11.674493 25.315165 -14.600326
v -32.051346 19.585279 -9.419868
v -31.046629 22.633923 0.000000
v -26.346279 24.591236 7.743086
v -19.412100 25.490864 12.757174
v -11.674493 25.315165 14.600326
v -27.264473 19.585279 -17.917604
v -18.248716 22.633923 -22.719110
v -8.560382 24.591236 -23.830891
v 0.000000 25.490864 -21.703779
v 6.101562 25.315165 -17.163811
v -29.527056 22.633923 -8.677970
v -27.702131 24.591236 0.000000
v -22.820353 25.490864 6.706874
v -16.097134 25.315165 10.607815
v -25.117252 22.633923 -16.506464
v -16.282928 24.591236 -20.271759
v -7.414798 25.490864 -20.641554
v 0.000000 25.315165 -18.047089
v -26.346279 24.591236 -7.743086
v -23.994692 25.490864 0.000000
v -18.936701 25.315165 5.576867
v -22.411448 24.591236 -14.728268
v -14.103786 25.490864 -17.558765
v -6.101562 25.315165 -17.163811
v -22.820353 25.490864 -6.706874
v -19.915144 25.315165 0.000000
v -19.412100 25.490864 -12.757174
v -11.674493 25.315165 -14.600326
v -18.936701 25.315165 -5.576867
v -16.097134 25.315165 -10.607815
v 0.000000 11.574583 21.692741
v 7.410947 11.574583 20.630941
v 14.096512 11.574583 17.549780
v 19.402174 11.574583 12.750670
v 22.808628 11.574583 6.703451
v 23.982454 11.574583 0.000000
v 22.808628 11.574583 -6.703451
v 19.402174 11.574583 -12.750670
v 14.096512 11.574583 -17.549780
v 7.410947 11.574583 -20.630941
v 0.000000 11.574583 -21.692656
v -7.410947 11.574583 -20.630941
v -14.096512 11.574583 -17.549780
v -19.402174 11.574583 -12.750670
v -22.808628 11.574583 -6.703451
v -23.982454 11.574583 0.000000
v -22.808628 11.574583 6.703451
v -19.402174 11.574583 12.750670
v -14.096512 11.574583 17.549780
v -7.410947 11.574583 20.630941
v 28.825294 14.075851 18.943291
v 28.469023 12.332229 18.709141
v 27.293827 11.574583 17.936861
v 33.886108 14.075851 9.959027
v 33.467361 12.332229 9.835962
v 32.085835 11.574583 9.429967
v 20.942799 14.075851 26.073189
v 20.684002 12.332229 25.750978
v 19.830162 11.574583 24.687981
v 35.629990 14.075851 0.000000
v 35.189674 12.332229 0.000000
v 33.737026 11.574583 0.000000
v 11.010301 14.075851 30.650814
v 10.874228 12.332229 30.272036
v 10.425356 11.574583 29.022387
v 33.886108 14.075851 -9.959027
v 33.467361 12.332229 -9.835962
v 32.085835 11.574583 -9.429967
v 0.000000 14.075851 32.228153
v 0.000000 12.332229 31.829947
v 0.000000 11.574583 30.516026
v 28.825209 14.075851 -18.943291
v 28.469023 12.332229 -18.709141
v 27.293827 11.574583 -17.936861
v -11.010301 14.075851 30.650814
v -10.874228 12.332229 30.272036
v -10.425356 11.574583 29.022387
v 20.942799 14.075851 -26.073105
v 20.683916 12.332229 -25.750893
v 19.830162 11.574583 -24.687981
v -20.942799 14.075851 26.073189
v -20.684002 12.332229 25.750893
v -19.830162 11.574583 24.687981
v 11.010301 14.075851 -30.650814
v 10.874228 12.332229 -30.272036
v 10.425271 11.574583 -29.022387
v -28.825209 14.075851 18.943291
v -28.469023 12.332229 18.709141
v -27.293827 11.574583 17.936861
v 0.000000 14.075851 -32.228153
v 0.000000 12.332229 -31.829863
v 0.000000 11.574583 -30.515942
v -33.886108 14.075851 9.959027
v -33.467361 12.332229 9.835962
v -32.085835 11.574583 9.429967
v -11.010301 14.075851 -30.650814
v -10.874228 12.332229 -30.272036
v -10.425356 11.574583 -29.022387
v -35.629990 14.075851 0.000000
v -35.189674 12.332229 0.000000
v -33.737026 11.574583 0.000000
v -20.942799 14.075851 -26.073189
v -20.683916 12.332229 -25.750893
v -19.830162 11.574583 -24.687981
v -33.886108 14.075851 -9.959027
v -33.467361 12.332229 -9.835962
v -32.085835 11.574583 -9.429967
v -28.825209 14.075851 -18.943291
v -28.469023 12.332229 -18.709141
v -27.293827 11.574583 -17.936861
vt 0.616047 0.224540
vt 0.648646 0.302612
vt 0.620674 0.315615
vt 0.584033 0.246303
vt 0.505458 0.203458
vt 0.511026 0.157274
vt 0.665297 0.379527
vt 0.640479 0.388599
vt 0.597020 0.333631
vt 0.560845 0.275706
vt 0.412784 0.246530
vt 0.388532 0.215163
vt 0.499451 0.246792
vt 0.678441 0.453879
vt 0.654623 0.461928
vt 0.618229 0.400433
vt 0.577220 0.354968
vt 0.543577 0.307666
vt 0.366484 0.322471
vt 0.341062 0.302373
vt 0.429056 0.280199
vt 0.494532 0.287622
vt 0.689704 0.529714
vt 0.665191 0.536426
vt 0.632709 0.470320
vt 0.598582 0.414323
vt 0.560415 0.379128
vt 0.529989 0.341412
vt 0.341910 0.406425
vt 0.318257 0.394928
vt 0.387328 0.345332
vt 0.440472 0.314038
vt 0.490560 0.327419
vt 0.697794 0.608082
vt 0.671194 0.612857
vt 0.642194 0.541806
vt 0.612832 0.479008
vt 0.581069 0.430123
vt 0.545377 0.407906
vt 0.517897 0.379391
vt 0.322751 0.487160
vt 0.299385 0.479279
vt 0.362933 0.420189
vt 0.404365 0.369248
vt 0.449204 0.348270
vt 0.486414 0.370081
vt 0.699237 0.690559
vt 0.669380 0.691797
vt 0.645996 0.614720
vt 0.620990 0.546099
vt 0.594467 0.488073
vt 0.564519 0.449030
vt 0.306416 0.563525
vt 0.282198 0.557735
vt 0.344284 0.495243
vt 0.381384 0.435094
vt 0.419059 0.394239
vt 0.456797 0.386026
vt 0.685353 0.779317
vt 0.650852 0.772360
vt 0.641495 0.688550
vt 0.622649 0.614323
vt 0.600989 0.549387
vt 0.576161 0.498131
vt 0.296423 0.636998
vt 0.270321 0.632753
vt 0.329160 0.567722
vt 0.363865 0.503331
vt 0.398102 0.451110
vt 0.433472 0.422093
vt 0.629003 0.862541
vt 0.595390 0.845806
vt 0.621154 0.760720
vt 0.616148 0.682177
vt 0.600496 0.611907
vt 0.580434 0.551583
vt 0.296770 0.708873
vt 0.268418 0.706059
vt 0.321257 0.638035
vt 0.350157 0.570508
vt 0.382167 0.511857
vt 0.414751 0.468898
vt 0.473555 0.923216
vt 0.476467 0.889798
vt 0.570937 0.823835
vt 0.595881 0.746182
vt 0.592535 0.673278
vt 0.577559 0.607189
vt 0.314643 0.779796
vt 0.280886 0.783233
vt 0.324229 0.706317
vt 0.344453 0.636311
vt 0.369925 0.572255
vt 0.400803 0.522138
vt 0.330598 0.858070
vt 0.366861 0.847073
vt 0.479959 0.857085
vt 0.552539 0.799549
vt 0.573459 0.729355
vt 0.568434 0.661793
vt 0.344793 0.770638
vt 0.349874 0.699544
vt 0.366441 0.632087
vt 0.390132 0.573137
vt 0.394307 0.827575
vt 0.482901 0.825208
vt 0.537600 0.773615
vt 0.551380 0.709398
vt 0.371300 0.756961
vt 0.373874 0.689060
vt 0.388882 0.624535
vt 0.415603 0.804097
vt 0.485243 0.793404
vt 0.523909 0.743955
vt 0.394966 0.739311
vt 0.397799 0.673772
vt 0.432985 0.777832
vt 0.487766 0.758843
vt 0.417699 0.716289
vt 0.448952 0.747165
vt 0.631840 0.219162
vt 0.660837 0.299181
vt 0.512922 0.138647
vt 0.675569 0.376883
vt 0.372989 0.207232
vt 0.688324 0.451059
vt 0.329561 0.296630
vt 0.699678 0.526810
vt 0.308264 0.391248
vt 0.708439 0.605187
vt 0.289828 0.476155
vt 0.711208 0.688177
vt 0.272470 0.554763
vt 0.700017 0.779292
vt 0.259927 0.629816
vt 0.646025 0.865981
vt 0.257424 0.703105
vt 0.472294 0.936540
vt 0.266920 0.783833
vt 0.313008 0.859040
vt 0.728117 0.773564
vt 0.734008 0.681552
vt 0.786061 0.648581
vt 0.795604 0.726596
vt 0.729018 0.599118
vt 0.775459 0.574151
vt 0.719479 0.521666
vt 0.765619 0.503204
vt 0.708423 0.446713
vt 0.758760 0.435271
vt 0.696710 0.372809
vt 0.758209 0.368995
vt 0.686487 0.294920
vt 0.767801 0.304689
vt 0.668027 0.213410
vt 0.797320 0.241198
vt 0.612322 0.124250
vt 0.861062 0.185266
vt 0.420080 0.119592
vt 0.336357 0.198374
vt 0.215628 0.225478
vt 0.167637 0.147300
vt 0.304879 0.290511
vt 0.234399 0.304005
vt 0.288428 0.384962
vt 0.236778 0.377056
vt 0.271376 0.468975
vt 0.228989 0.448048
vt 0.253781 0.546793
vt 0.214286 0.517344
vt 0.239691 0.621344
vt 0.195421 0.586049
vt 0.235408 0.694342
vt 0.174752 0.654942
vt 0.239027 0.772510
vt 0.158591 0.726233
vt 0.274099 0.854980
vt 0.141524 0.794335
vt 0.358750 0.939626
vt 0.101226 0.835064
vt 0.580842 0.944572
vt 0.686251 0.864552
vt 0.811765 0.804689
vt 0.843888 0.874631
vt 0.650503 0.215074
vt 0.674265 0.296360
vt 0.686637 0.374330
vt 0.566118 0.129449
vt 0.698977 0.448482
vt 0.464203 0.125839
vt 0.354054 0.201297
vt 0.710313 0.523856
vt 0.316326 0.292633
vt 0.719665 0.601899
vt 0.297524 0.387657
vt 0.723786 0.684942
vt 0.279764 0.472535
vt 0.715387 0.776954
vt 0.262300 0.550955
vt 0.666979 0.866585
vt 0.249036 0.625835
vt 0.530059 0.943490
vt 0.245692 0.699215
vt 0.411074 0.939891
vt 0.292642 0.858073
vt 0.251869 0.778424
vt 0.092526 0.336064
vt 0.136752 0.363368
vt 0.043184 0.322752
vt 0.171533 0.401991
vt 0.193465 0.448151
vt 0.200400 0.497332
vt 0.191661 0.544717
vt 0.168101 0.585670
vt 0.132029 0.616181
vt 0.086973 0.633264
vt 0.037346 0.635246
vt 0.968621 0.653652
vt 0.917034 0.644553
vt 0.946135 0.334078
vt 0.869395 0.620703
vt 0.830370 0.584437
vt 0.803776 0.539305
vt 0.792219 0.489726
vt 0.796828 0.440551
vt 0.817153 0.396596
vt 0.851204 0.362162
vt 0.895648 0.340619
vn 0.741202 0.315350 0.592599
vn 0.891266 0.322666 0.318641
vn 0.804465 0.519123 0.288700
vn 0.671061 0.509608 0.538495
vn 0.741202 0.315350 0.592599
vn 0.671061 0.509608 0.538495
vn 0.476415 0.498520 0.724228
vn 0.524346 0.306910 0.794272
vn 0.891266 0.322666 0.318641
vn 0.945512 0.325586 -0.000001
vn 0.852397 0.522896 -0.000001
vn 0.804465 0.519123 0.288700
vn 0.671061 0.509608 0.538495
vn 0.804465 0.519123 0.288700
vn 0.621844 0.750487 0.223783
vn 0.522090 0.742255 0.420095
vn 0.524346 0.306910 0.794272
vn 0.476415 0.498520 0.724228
vn 0.246021 0.490046 0.836259
vn 0.270040 0.300521 0.914749
vn 0.671061 0.509608 0.538495
vn 0.522090 0.742255 0.420095
vn 0.373460 0.732463 0.569233
vn 0.476415 0.498520 0.724228
vn 0.945512 0.325586 -0.000001
vn 0.891265 0.322666 -0.318642
vn 0.804465 0.519122 -0.288701
vn 0.852397 0.522896 -0.000001
vn 0.804465 0.519123 0.288700
vn 0.852397 0.522896 -0.000001
vn 0.657208 0.753709 -0.000001
vn 0.621844 0.750487 0.223783
vn 0.522090 0.742255 0.420095
vn 0.621844 0.750487 0.223783
vn 0.377117 0.916079 0.136319
vn 0.318326 0.912398 0.257289
vn 0.270040 0.300521 0.914749
vn 0.246021 0.490046 0.836259
vn 0.000000 0.486918 0.873448
vn 0.000000 0.298177 0.954511
vn 0.476415 0.498520 0.724228
vn 0.373460 0.732463 0.569233
vn 0.193971 0.724831 0.661057
vn 0.246021 0.490046 0.836259
vn 0.522090 0.742255 0.420095
vn 0.318326 0.912398 0.257289
vn 0.229166 0.907945 0.350882
vn 0.373460 0.732463 0.569233
vn 0.891265 0.322666 -0.318642
vn 0.741202 0.315350 -0.592599
vn 0.671061 0.509607 -0.538496
vn 0.804465 0.519122 -0.288701
vn 0.852397 0.522896 -0.000001
vn 0.804465 0.519122 -0.288701
vn 0.621845 0.750487 -0.223783
vn 0.657208 0.753709 -0.000001
vn 0.621844 0.750487 0.223783
vn 0.657208 0.753709 -0.000001
vn 0.397728 0.917503 0.000000
vn 0.377117 0.916079 0.136319
vn 0.318326 0.912398 0.257289
vn 0.377117 0.916079 0.136319
vn 0.112773 0.992756 0.041459
vn 0.094716 0.992453 0.077889
vn 0.000000 0.298177 0.954511
vn 0.000000 0.486918 0.873448
vn -0.246021 0.490046 0.836258
vn -0.270040 0.300521 0.914749
vn 0.246021 0.490046 0.836259
vn 0.193971 0.724831 0.661057
vn 0.000000 0.721980 0.691914
vn 0.000000 0.486918 0.873448
vn 0.373460 0.732463 0.569233
vn 0.229166 0.907945 0.350882
vn 0.119622 0.904417 0.409537
vn 0.193971 0.724831 0.661057
vn 0.318326 0.912398 0.257289
vn 0.094716 0.992453 0.077889
vn 0.067800 0.992086 0.105682
vn 0.229166 0.907945 0.350882
vn 0.741202 0.315350 -0.592599
vn 0.524346 0.306910 -0.794272
vn 0.476415 0.498520 -0.724228
vn 0.671061 0.509607 -0.538496
vn 0.804465 0.519122 -0.288701
vn 0.671061 0.509607 -0.538496
vn 0.522090 0.742254 -0.420096
vn 0.621845 0.750487 -0.223783
vn 0.657208 0.753709 -0.000001
vn 0.621845 0.750487 -0.223783
vn 0.377117 0.916079 -0.136319
vn 0.397728 0.917503 0.000000
vn 0.377117 0.916079 0.136319
vn 0.397728 0.917503 0.000000
vn 0.119175 0.992873 0.000000
vn 0.112773 0.992756 0.041459
vn 0.094716 0.992453 0.077889
vn 0.112773 0.992756 0.041459
vn -0.040838 0.999054 -0.014959
vn -0.034574 0.999000 -0.028333
vn -0.270040 0.300521 0.914749
vn -0.246021 0.490046 0.836258
vn -0.476415 0.498520 0.724228
vn -0.524346 0.306910 0.794272
vn 0.000000 0.486918 0.873448
vn 0.000000 0.721980 0.691914
vn -0.193971 0.724831 0.661057
vn -0.246021 0.490046 0.836258
vn 0.193971 0.724831 0.661057
vn 0.119622 0.904417 0.409537
vn 0.000000 0.903086 0.429459
vn 0.000000 0.721980 0.691914
vn 0.229166 0.907945 0.350882
vn 0.067800 0.992086 0.105682
vn 0.035293 0.991756 0.123182
vn 0.119622 0.904417 0.409537
vn 0.094716 0.992453 0.077889
vn -0.034574 0.999000 -0.028333
vn -0.024978 0.998934 -0.038822
vn 0.067800 0.992086 0.105682
vn 0.524346 0.306910 -0.794272
vn 0.270040 0.300521 -0.914749
vn 0.246021 0.490046 -0.836259
vn 0.476415 0.498520 -0.724228
vn 0.671061 0.509607 -0.538496
vn 0.476415 0.498520 -0.724228
vn 0.373460 0.732462 -0.569233
vn 0.522090 0.742254 -0.420096
vn 0.621845 0.750487 -0.223783
vn 0.522090 0.742254 -0.420096
vn 0.318326 0.912398 -0.257290
vn 0.377117 0.916079 -0.136319
vn 0.397728 0.917503 0.000000
vn 0.377117 0.916079 -0.136319
vn 0.112773 0.992755 -0.041459
vn 0.119175 0.992873 0.000000
vn 0.112773 0.992756 0.041459
vn 0.119175 0.992873 0.000000
vn -0.043020 0.999074 0.000000
vn -0.040838 0.999054 -0.014959
vn -0.524346 0.306910 0.794272
vn -0.476415 0.498520 0.724228
vn -0.671061 0.509607 0.538495
vn -0.741203 0.315350 0.592599
vn -0.246021 0.490046 0.836258
vn -0.193971 0.724831 0.661057
vn -0.373460 0.732463 0.569233
vn -0.476415 0.498520 0.724228
vn 0.000000 0.721980 0.691914
vn 0.000000 0.903086 0.429459
vn -0.119622 0.904417 0.409537
vn -0.193971 0.724831 0.661057
vn 0.119622 0.904417 0.409537
vn 0.035293 0.991756 0.123182
vn 0.000000 0.991603 0.129323
vn 0.000000 0.903086 0.429459
vn 0.067800 0.992086 0.105682
vn -0.024978 0.998934 -0.038822
vn -0.013112 0.998875 -0.045568
vn 0.035293 0.991756 0.123182
vn 0.270040 0.300521 -0.914749
vn 0.000000 0.298177 -0.954511
vn 0.000000 0.486918 -0.873448
vn 0.246021 0.490046 -0.836259
vn 0.476415 0.498520 -0.724228
vn 0.246021 0.490046 -0.836259
vn 0.193971 0.724830 -0.661057
vn 0.373460 0.732462 -0.569233
vn 0.522090 0.742254 -0.420096
vn 0.373460 0.732462 -0.569233
vn 0.229167 0.907945 -0.350882
vn 0.318326 0.912398 -0.257290
vn 0.377117 0.916079 -0.136319
vn 0.318326 0.912398 -0.257290
vn 0.094717 0.992453 -0.077889
vn 0.112773 0.992755 -0.041459
vn 0.119175 0.992873 0.000000
vn 0.112773 0.992755 -0.041459
vn -0.040838 0.999054 0.014959
vn -0.043020 0.999074 0.000000
vn -0.741203 0.315350 0.592599
vn -0.671061 0.509607 0.538495
vn -0.804465 0.519122 0.288701
vn -0.891266 0.322665 0.318642
vn -0.476415 0.498520 0.724228
vn -0.373460 0.732463 0.569233
vn -0.522090 0.742255 0.420095
vn -0.671061 0.509607 0.538495
vn -0.193971 0.724831 0.661057
vn -0.119622 0.904417 0.409537
vn -0.229167 0.907945 0.350882
vn -0.373460 0.732463 0.569233
vn 0.000000 0.903086 0.429459
vn 0.000000 0.991603 0.129323
vn -0.035293 0.991756 0.123181
vn -0.119622 0.904417 0.409537
vn 0.035293 0.991756 0.123182
vn -0.013112 0.998875 -0.045568
vn 0.000000 0.998851 -0.047930
vn 0.000000 0.991603 0.129323
vn 0.000000 0.298177 -0.954511
vn -0.270040 0.300522 -0.914749
vn -0.246021 0.490046 -0.836259
vn 0.000000 0.486918 -0.873448
vn 0.246021 0.490046 -0.836259
vn 0.000000 0.486918 -0.873448
vn 0.000000 0.721980 -0.691914
vn 0.193971 0.724830 -0.661057
vn 0.373460 0.732462 -0.569233
vn 0.193971 0.724830 -0.661057
vn 0.119622 0.904417 -0.409537
vn 0.229167 0.907945 -0.350882
vn 0.318326 0.912398 -0.257290
vn 0.229167 0.907945 -0.350882
vn 0.067800 0.992086 -0.105682
vn 0.094717 0.992453 -0.077889
vn 0.112773 0.992755 -0.041459
vn 0.094717 0.992453 -0.077889
vn -0.034574 0.999000 0.028333
vn -0.040838 0.999054 0.014959
vn -0.891266 0.322665 0.318642
vn -0.804465 0.519122 0.288701
vn -0.852397 0.522895 -0.000000
vn -0.945513 0.325585 0.000000
vn -0.671061 0.509607 0.538495
vn -0.522090 0.742255 0.420095
vn -0.621844 0.750487 0.223783
vn -0.804465 0.519122 0.288701
vn -0.373460 0.732463 0.569233
vn -0.229167 0.907945 0.350882
vn -0.318326 0.912398 0.257289
vn -0.522090 0.742255 0.420095
vn -0.119622 0.904417 0.409537
vn -0.035293 0.991756 0.123181
vn -0.067800 0.992086 0.105682
vn -0.229167 0.907945 0.350882
vn 0.000000 0.991603 0.129323
vn 0.000000 0.998851 -0.047930
vn 0.013112 0.998875 -0.045568
vn -0.035293 0.991756 0.123181
vn -0.270040 0.300522 -0.914749
vn -0.524346 0.306910 -0.794272
vn -0.476415 0.498520 -0.724228
vn -0.246021 0.490046 -0.836259
vn 0.000000 0.486918 -0.873448
vn -0.246021 0.490046 -0.836259
vn -0.193971 0.724830 -0.661057
vn 0.000000 0.721980 -0.691914
vn 0.193971 0.724830 -0.661057
vn 0.000000 0.721980 -0.691914
vn 0.000000 0.903086 -0.429459
vn 0.119622 0.904417 -0.409537
vn 0.229167 0.907945 -0.350882
vn 0.119622 0.904417 -0.409537
vn 0.035293 0.991756 -0.123182
vn 0.067800 0.992086 -0.105682
vn 0.094717 0.992453 -0.077889
vn 0.067800 0.992086 -0.105682
vn -0.024978 0.998934 0.038822
vn -0.034574 0.999000 0.028333
vn -0.945513 0.325585 0.000000
vn -0.852397 0.522895 -0.000000
vn -0.804465 0.519122 -0.288701
vn -0.891266 0.322665 -0.318642
vn -0.804465 0.519122 0.288701
vn -0.621844 0.750487 0.223783
vn -0.657208 0.753709 0.000000
vn -0.852397 0.522895 -0.000000
vn -0.522090 0.742255 0.420095
vn -0.318326 0.912398 0.257289
vn -0.377117 0.916079 0.136319
vn -0.621844 0.750487 0.223783
vn -0.229167 0.907945 0.350882
vn -0.067800 0.992086 0.105682
vn -0.094717 0.992453 0.077889
vn -0.318326 0.912398 0.257289
vn -0.035293 0.991756 0.123181
vn 0.013112 0.998875 -0.045568
vn 0.024978 0.998934 -0.038822
vn -0.067800 0.992086 0.105682
vn -0.524346 0.306910 -0.794272
vn -0.741202 0.315350 -0.592599
vn -0.671061 0.509607 -0.538496
vn -0.476415 0.498520 -0.724228
vn -0.246021 0.490046 -0.836259
vn -0.476415 0.498520 -0.724228
vn -0.373460 0.732462 -0.569233
vn -0.193971 0.724830 -0.661057
vn 0.000000 0.721980 -0.691914
vn -0.193971 0.724830 -0.661057
vn -0.119622 0.904417 -0.409537
vn 0.000000 0.903086 -0.429459
vn 0.119622 0.904417 -0.409537
vn 0.000000 0.903086 -0.429459
vn 0.000000 0.991603 -0.129323
vn 0.035293 0.991756 -0.123182
vn 0.067800 0.992086 -0.105682
vn 0.035293 0.991756 -0.123182
vn -0.013112 0.998875 0.045568
vn -0.024978 0.998934 0.038822
vn -0.891266 0.322665 -0.318642
vn -0.804465 0.519122 -0.288701
vn -0.671061 0.509607 -0.538496
vn -0.741202 0.315350 -0.592599
vn -0.852397 0.522895 -0.000000
vn -0.657208 0.753709 0.000000
vn -0.621844 0.750487 -0.223783
vn -0.804465 0.519122 -0.288701
vn -0.621844 0.750487 0.223783
vn -0.377117 0.916079 0.136319
vn -0.397728 0.917503 0.000000
vn -0.657208 0.753709 0.000000
vn -0.318326 0.912398 0.257289
vn -0.094717 0.992453 0.077889
vn -0.112773 0.992756 0.041459
vn -0.377117 0.916079 0.136319
vn -0.067800 0.992086 0.105682
vn 0.024978 0.998934 -0.038822
vn 0.034574 0.999000 -0.028333
vn -0.094717 0.992453 0.077889
vn -0.476415 0.498520 -0.724228
vn -0.671061 0.509607 -0.538496
vn -0.522090 0.742255 -0.420096
vn -0.373460 0.732462 -0.569233
vn -0.193971 0.724830 -0.661057
vn -0.373460 0.732462 -0.569233
vn -0.229167 0.907945 -0.350882
vn -0.119622 0.904417 -0.409537
vn 0.000000 0.903086 -0.429459
vn -0.119622 0.904417 -0.409537
vn -0.035293 0.991756 -0.123182
vn 0.000000 0.991603 -0.129323
vn 0.035293 0.991756 -0.123182
vn 0.000000 0.991603 -0.129323
vn 0.000000 0.998851 0.047930
vn -0.013112 0.998875 0.045568
vn -0.804465 0.519122 -0.288701
vn -0.621844 0.750487 -0.223783
vn -0.522090 0.742255 -0.420096
vn -0.671061 0.509607 -0.538496
vn -0.657208 0.753709 0.000000
vn -0.397728 0.917503 0.000000
vn -0.377117 0.916079 -0.136319
vn -0.621844 0.750487 -0.223783
vn -0.377117 0.916079 0.136319
vn -0.112773 0.992756 0.041459
vn -0.119175 0.992873 0.000000
vn -0.397728 0.917503 0.000000
vn -0.094717 0.992453 0.077889
vn 0.034574 0.999000 -0.028333
vn 0.040838 0.999054 -0.014959
vn -0.112773 0.992756 0.041459
vn -0.373460 0.732462 -0.569233
vn -0.522090 0.742255 -0.420096
vn -0.318326 0.912398 -0.257290
vn -0.229167 0.907945 -0.350882
vn -0.119622 0.904417 -0.409537
vn -0.229167 0.907945 -0.350882
vn -0.067800 0.992086 -0.105682
vn -0.035293 0.991756 -0.123182
vn 0.000000 0.991603 -0.129323
vn -0.035293 0.991756 -0.123182
vn 0.013112 0.998875 0.045568
vn 0.000000 0.998851 0.047930
vn -0.621844 0.750487 -0.223783
vn -0.377117 0.916079 -0.136319
vn -0.318326 0.912398 -0.257290
vn -0.522090 0.742255 -0.420096
vn -0.397728 0.917503 0.000000
vn -0.119175 0.992873 0.000000
vn -0.112773 0.992756 -0.041459
vn -0.377117 0.916079 -0.136319
vn -0.112773 0.992756 0.041459
vn 0.040838 0.999054 -0.014959
vn 0.043020 0.999074 0.000000
vn -0.119175 0.992873 0.000000
vn -0.229167 0.907945 -0.350882
vn -0.318326 0.912398 -0.257290
vn -0.094717 0.992453 -0.077889
vn -0.067800 0.992086 -0.105682
vn -0.035293 0.991756 -0.123182
vn -0.067800 0.992086 -0.105682
vn 0.024978 0.998934 0.038822
vn 0.013112 0.998875 0.045568
vn -0.377117 0.916079 -0.136319
vn -0.112773 0.992756 -0.041459
vn -0.094717 0.992453 -0.077889
vn -0.318326 0.912398 -0.257290
vn -0.119175 0.992873 0.000000
vn 0.043020 0.999074 0.000000
vn 0.040838 0.999054 0.014959
vn -0.112773 0.992756 -0.041459
vn -0.067800 0.992086 -0.105682
vn -0.094717 0.992453 -0.077889
vn 0.034574 0.999000 0.028333
vn 0.024978 0.998934 0.038822
vn -0.112773 0.992756 -0.041459
vn 0.040838 0.999054 0.014959
vn 0.034574 0.999000 0.028333
vn -0.094717 0.992453 -0.077889
vn 0.779377 -0.059380 0.623736
vn 0.939778 -0.060877 0.336321
vn 0.891266 0.322666 0.318641
vn 0.741202 0.315350 0.592599
vn 0.779377 -0.059380 0.623736
vn 0.741202 0.315350 0.592599
vn 0.524346 0.306910 0.794272
vn 0.549644 -0.057664 0.833406
vn 0.939778 -0.060877 0.336321
vn 0.998109 -0.061477 -0.000001
vn 0.945512 0.325586 -0.000001
vn 0.891266 0.322666 0.318641
vn 0.549644 -0.057664 0.833406
vn 0.524346 0.306910 0.794272
vn 0.270040 0.300521 0.914749
vn 0.282426 -0.056373 0.957631
vn 0.998109 -0.061477 -0.000001
vn 0.939777 -0.060877 -0.336322
vn 0.891265 0.322666 -0.318642
vn 0.945512 0.325586 -0.000001
vn 0.282426 -0.056373 0.957631
vn 0.270040 0.300521 0.914749
vn 0.000000 0.298177 0.954511
vn 0.000000 -0.055902 0.998436
vn 0.939777 -0.060877 -0.336322
vn 0.779377 -0.059380 -0.623736
vn 0.741202 0.315350 -0.592599
vn 0.891265 0.322666 -0.318642
vn 0.000000 -0.055902 0.998436
vn 0.000000 0.298177 0.954511
vn -0.270040 0.300521 0.914749
vn -0.282427 -0.056374 0.957631
vn 0.779377 -0.059380 -0.623736
vn 0.549644 -0.057664 -0.833406
vn 0.524346 0.306910 -0.794272
vn 0.741202 0.315350 -0.592599
vn -0.282427 -0.056374 0.957631
vn -0.270040 0.300521 0.914749
vn -0.524346 0.306910 0.794272
vn -0.549645 -0.057664 0.833406
vn 0.549644 -0.057664 -0.833406
vn 0.282427 -0.056373 -0.957631
vn 0.270040 0.300521 -0.914749
vn 0.524346 0.306910 -0.794272
vn -0.549645 -0.057664 0.833406
vn -0.524346 0.306910 0.794272
vn -0.741203 0.315350 0.592599
vn -0.779377 -0.059379 0.623736
vn 0.282427 -0.056373 -0.957631
vn 0.000000 -0.055901 -0.998436
vn 0.000000 0.298177 -0.954511
vn 0.270040 0.300521 -0.914749
vn -0.779377 -0.059379 0.623736
vn -0.741203 0.315350 0.592599
vn -0.891266 0.322665 0.318642
vn -0.939777 -0.060876 0.336322
vn 0.000000 -0.055901 -0.998436
vn -0.282426 -0.056373 -0.957631
vn -0.270040 0.300522 -0.914749
vn 0.000000 0.298177 -0.954511
vn -0.939777 -0.060876 0.336322
vn -0.891266 0.322665 0.318642
vn -0.945513 0.325585 0.000000
vn -0.998109 -0.061475 0.000000
vn -0.282426 -0.056373 -0.957631
vn -0.549644 -0.057664 -0.833406
vn -0.524346 0.306910 -0.794272
vn -0.270040 0.300522 -0.914749
vn -0.998109 -0.061475 0.000000
vn -0.945513 0.325585 0.000000
vn -0.891266 0.322665 -0.318642
vn -0.939777 -0.060876 -0.336322
vn -0.549644 -0.057664 -0.833406
vn -0.779376 -0.059380 -0.623736
vn -0.741202 0.315350 -0.592599
vn -0.524346 0.306910 -0.794272
vn -0.939777 -0.060876 -0.336322
vn -0.891266 0.322665 -0.318642
vn -0.741202 0.315350 -0.592599
vn -0.779376 -0.059380 -0.623736
vn 0.000000 -0.994996 -0.099917
vn 0.027600 -0.995054 -0.095426
vn 0.000000 -1.000000 0.000000
vn 0.000000 -1.000000 0.000000
vn 0.027600 -0.995054 -0.095426
vn 0.053107 -0.995208 -0.082106
vn 0.000000 -1.000000 0.000000
vn 0.000000 -1.000000 0.000000
vn 0.053107 -0.995208 -0.082106
vn 0.074212 -0.995402 -0.060559
vn 0.000000 -1.000000 0.000000
vn 0.000000 -1.000000 0.000000
vn 0.074212 -0.995402 -0.060559
vn 0.088400 -0.995563 -0.032258
vn 0.000000 -1.000000 0.000000
vn 0.000000 -1.000000 0.000000
vn 0.088400 -0.995563 -0.032258
vn 0.093441 -0.995625 0.000000
vn 0.000000 -1.000000 0.000000
vn 0.000000 -1.000000 0.000000
vn 0.093441 -0.995625 0.000000
vn 0.088400 -0.995563 0.032258
vn 0.000000 -1.000000 0.000000
vn 0.000000 -1.000000 0.000000
vn 0.088400 -0.995563 0.032258
vn 0.074212 -0.995402 0.060559
vn 0.000000 -1.000000 0.000000
vn 0.000000 -1.000000 0.000000
vn 0.074212 -0.995402 0.060559
vn 0.053106 -0.995208 0.082106
vn 0.000000 -1.000000 0.000000
vn 0.000000 -1.000000 0.000000
vn 0.053106 -0.995208 0.082106
vn 0.027600 -0.995054 0.095426
vn 0.000000 -1.000000 0.000000
vn 0.000000 -1.000000 0.000000
vn 0.027600 -0.995054 0.095426
vn 0.000000 -0.994996 0.099917
vn 0.000000 -1.000000 0.000000
vn 0.000000 -1.000000 0.000000
vn 0.000000 -0.994996 0.099917
vn -0.027600 -0.995054 0.095426
vn 0.000000 -1.000000 0.000000
vn 0.000000 -1.000000 0.000000
vn -0.027600 -0.995054 0.095426
vn -0.053106 -0.995208 0.082106
vn 0.000000 -1.000000 0.000000
vn 0.000000 -1.000000 0.000000
vn -0.053106 -0.995208 0.082106
vn -0.074212 -0.995402 0.060559
vn 0.000000 -1.000000 0.000000
vn 0.000000 -1.000000 0.000000
vn -0.074212 -0.995402 0.060559
vn -0.088400 -0.995563 0.032258
vn 0.000000 -1.000000 0.000000
vn 0.000000 -1.000000 0.000000
vn -0.088400 -0.995563 0.032258
vn -0.093441 -0.995625 0.000000
vn 0.000000 -1.000000 0.000000
vn 0.000000 -1.000000 0.000000
vn -0.093441 -0.995625 0.000000
vn -0.088400 -0.995563 -0.032258
vn 0.000000 -1.000000 0.000000
vn 0.000000 -1.000000 0.000000
vn -0.088400 -0.995563 -0.032258
vn -0.074212 -0.995402 -0.060559
vn 0.000000 -1.000000 0.000000
vn 0.000000 -1.000000 0.000000
vn -0.074212 -0.995402 -0.060559
vn -0.053106 -0.995208 -0.082106
vn 0.000000 -1.000000 0.000000
vn 0.000000 -1.000000 0.000000
vn -0.053106 -0.995208 -0.082106
vn -0.027600 -0.995054 -0.095426
vn 0.000000 -1.000000 0.000000
vn 0.000000 -1.000000 0.000000
vn -0.027600 -0.995054 -0.095426
vn 0.000000 -0.994996 -0.099917
vn 0.000000 -1.000000 0.000000
vn 0.000000 -1.000000 0.000000
vn 0.779377 -0.059380 0.623736
vn 0.756198 -0.236415 0.610141
vn 0.912571 -0.242420 0.329314
vn 0.939778 -0.060877 0.336321
vn 0.373595 -0.879626 0.294423
vn 0.074212 -0.995402 0.060559
vn 0.088400 -0.995563 0.032258
vn 0.439652 -0.884709 0.154906
vn 0.939778 -0.060877 0.336321
vn 0.912571 -0.242420 0.329314
vn 0.969562 -0.244846 -0.000001
vn 0.998109 -0.061477 -0.000001
vn 0.439652 -0.884709 0.154906
vn 0.088400 -0.995563 0.032258
vn 0.093441 -0.995625 0.000000
vn 0.462445 -0.886648 0.000000
vn 0.074212 -0.995402 0.060559
vn 0.373595 -0.879626 0.294423
vn 0.271028 -0.873335 0.404759
vn 0.053106 -0.995208 0.082106
vn 0.756198 -0.236415 0.610141
vn 0.779377 -0.059380 0.623736
vn 0.549644 -0.057664 0.833406
vn 0.532881 -0.229607 0.814444
vn 0.998109 -0.061477 -0.000001
vn 0.969562 -0.244846 -0.000001
vn 0.912570 -0.242421 -0.329315
vn 0.939777 -0.060877 -0.336322
vn 0.462445 -0.886648 0.000000
vn 0.093441 -0.995625 0.000000
vn 0.088400 -0.995563 -0.032258
vn 0.439654 -0.884708 -0.154907
vn 0.053106 -0.995208 0.082106
vn 0.271028 -0.873335 0.404759
vn 0.142299 -0.868244 0.475292
vn 0.027600 -0.995054 0.095426
vn 0.532881 -0.229607 0.814444
vn 0.549644 -0.057664 0.833406
vn 0.282426 -0.056373 0.957631
vn 0.273679 -0.224533 0.935246
vn 0.939777 -0.060877 -0.336322
vn 0.912570 -0.242421 -0.329315
vn 0.756198 -0.236415 -0.610141
vn 0.779377 -0.059380 -0.623736
vn 0.439654 -0.884708 -0.154907
vn 0.088400 -0.995563 -0.032258
vn 0.074212 -0.995402 -0.060559
vn 0.373597 -0.879625 -0.294425
vn 0.027600 -0.995054 0.095426
vn 0.142299 -0.868244 0.475292
vn 0.000000 -0.866300 0.499524
vn 0.000000 -0.994996 0.099917
vn 0.273679 -0.224533 0.935246
vn 0.282426 -0.056373 0.957631
vn 0.000000 -0.055902 0.998436
vn 0.000000 -0.222687 0.974890
vn 0.779377 -0.059380 -0.623736
vn 0.756198 -0.236415 -0.610141
vn 0.532881 -0.229606 -0.814444
vn 0.549644 -0.057664 -0.833406
vn 0.373597 -0.879625 -0.294425
vn 0.074212 -0.995402 -0.060559
vn 0.053107 -0.995208 -0.082106
vn 0.271029 -0.873334 -0.404761
vn 0.000000 -0.994996 0.099917
vn 0.000000 -0.866300 0.499524
vn -0.142299 -0.868244 0.475292
vn -0.027600 -0.995054 0.095426
vn 0.000000 -0.222687 0.974890
vn 0.000000 -0.055902 0.998436
vn -0.282427 -0.056374 0.957631
vn -0.273679 -0.224533 0.935246
vn 0.549644 -0.057664 -0.833406
vn 0.532881 -0.229606 -0.814444
vn 0.273679 -0.224533 -0.935246
vn 0.282427 -0.056373 -0.957631
vn 0.271029 -0.873334 -0.404761
vn 0.053107 -0.995208 -0.082106
vn 0.027600 -0.995054 -0.095426
vn 0.142299 -0.868244 -0.475293
vn -0.027600 -0.995054 0.095426
vn -0.142299 -0.868244 0.475292
vn -0.271028 -0.873335 0.404759
vn -0.053106 -0.995208 0.082106
vn -0.273679 -0.224533 0.935246
vn -0.282427 -0.056374 0.957631
vn -0.549645 -0.057664 0.833406
vn -0.532881 -0.229607 0.814444
vn 0.282427 -0.056373 -0.957631
vn 0.273679 -0.224533 -0.935246
vn 0.000000 -0.222687 -0.974890
vn 0.000000 -0.055901 -0.998436
vn 0.142299 -0.868244 -0.475293
vn 0.027600 -0.995054 -0.095426
vn 0.000000 -0.994996 -0.099917
vn 0.000000 -0.866300 -0.499524
vn -0.053106 -0.995208 0.082106
vn -0.271028 -0.873335 0.404759
vn -0.373596 -0.879625 0.294424
vn -0.074212 -0.995402 0.060559
vn -0.532881 -0.229607 0.814444
vn -0.549645 -0.057664 0.833406
vn -0.779377 -0.059379 0.623736
vn -0.756198 -0.236415 0.610141
vn 0.000000 -0.055901 -0.998436
vn 0.000000 -0.222687 -0.974890
vn -0.273679 -0.224533 -0.935246
vn -0.282426 -0.056373 -0.957631
vn 0.000000 -0.866300 -0.499524
vn 0.000000 -0.994996 -0.099917
vn -0.027600 -0.995054 -0.095426
vn -0.142299 -0.868244 -0.475293
vn -0.074212 -0.995402 0.060559
vn -0.373596 -0.879625 0.294424
vn -0.439652 -0.884709 0.154907
vn -0.088400 -0.995563 0.032258
vn -0.756198 -0.236415 0.610141
vn -0.779377 -0.059379 0.623736
vn -0.939777 -0.060876 0.336322
vn -0.912570 -0.242419 0.329315
vn -0.282426 -0.056373 -0.957631
vn -0.273679 -0.224533 -0.935246
vn -0.532881 -0.229607 -0.814444
vn -0.549644 -0.057664 -0.833406
vn -0.142299 -0.868244 -0.475293
vn -0.027600 -0.995054 -0.095426
vn -0.053106 -0.995208 -0.082106
vn -0.271029 -0.873334 -0.404760
vn -0.088400 -0.995563 0.032258
vn -0.439652 -0.884709 0.154907
vn -0.462444 -0.886648 0.000000
vn -0.093441 -0.995625 0.000000
vn -0.912570 -0.242419 0.329315
vn -0.939777 -0.060876 0.336322
vn -0.998109 -0.061475 0.000000
vn -0.969563 -0.244843 0.000000
vn -0.549644 -0.057664 -0.833406
vn -0.532881 -0.229607 -0.814444
vn -0.756198 -0.236415 -0.610141
vn -0.779376 -0.059380 -0.623736
vn -0.271029 -0.873334 -0.404760
vn -0.053106 -0.995208 -0.082106
vn -0.074212 -0.995402 -0.060559
vn -0.373597 -0.879625 -0.294424
vn -0.093441 -0.995625 0.000000
vn -0.462444 -0.886648 0.000000
vn -0.439653 -0.884709 -0.154907
vn -0.088400 -0.995563 -0.032258
vn -0.969563 -0.244843 0.000000
vn -0.998109 -0.061475 0.000000
vn -0.939777 -0.060876 -0.336322
vn -0.912571 -0.242418 -0.329315
vn -0.088400 -0.995563 -0.032258
vn -0.439653 -0.884709 -0.154907
vn -0.373597 -0.879625 -0.294424
vn -0.074212 -0.995402 -0.060559
vn -0.912571 -0.242418 -0.329315
vn -0.939777 -0.060876 -0.336322
vn -0.779376 -0.059380 -0.623736
vn -0.756198 -0.236415 -0.610141
vn 0.000000 1.000000 -0.000001
vn 0.000000 1.000000 0.000000
vn 0.000000 1.000000 0.000000
vn 0.000000 1.000000 0.000000
vn 0.000000 1.000000 0.000000
vn 0.000000 1.000000 0.000000
vn 0.000000 1.000000 0.000000
vn 0.000000 1.000000 0.000000
vn 0.000000 1.000000 0.000000
vn 0.000000 1.000000 0.000000
vn 0.000000 1.000000 0.000000
vn 0.000000 1.000000 0.000000
vn 0.000000 1.000000 0.000000
vn 0.000000 1.000000 0.000000
vn 0.000000 1.000000 0.000000
vn 0.000000 1.000000 0.000000
vn 0.000000 1.000000 0.000000
vn 0.000000 1.000000 0.000000
vn 0.000000 1.000000 0.000000
vn 0.000000 1.000000 0.000000
vn 0.000000 1.000000 0.000000
vn 0.000000 1.000000 0.000000
vn 0.000000 1.000000 0.000000
vn 0.000000 1.000000 0.000000
vn 0.000000 1.000000 0.000000
vn 0.000000 1.000000 0.000000
vn 0.000000 1.000000 0.000000
vn 0.000000 1.000000 0.000000
vn 0.000000 1.000000 0.000000
vn 0.000000 1.000000 0.000000
vn 0.000000 1.000000 0.000000
vn 0.000000 1.000000 0.000000
vn 0.000000 1.000000 0.000000
vn 0.000000 1.000000 0.000000
vn 0.000000 1.000000 0.000000
vn 0.000000 1.000000 0.000000
vn 0.000000 1.000000 0.000000
vn 0.000000 1.000000 0.000000
vn 0.000000 1.000000 0.000000
vn 0.000000 1.000000 0.000000
vn 0.000000 1.000000 0.000000
vn 0.000000 1.000000 0.000000
vn 0.000000 1.000000 0.000000
vn 0.000000 1.000000 0.000000
vn 0.000000 1.000000 0.000000
vn 0.000000 1.000000 0.000000
vn 0.000000 1.000000 0.000000
vn 0.000000 1.000000 0.000000
vn 0.000000 1.000000 0.000000
vn 0.000000 1.000000 0.000000
vn 0.000000 1.000000 0.000000
vn 0.000000 1.000000 0.000000
vn 0.000000 1.000000 -0.000001
vn 0.000000 1.000000 0.000000
vn 0.000000 -1.000000 0.000000
vn 0.000000 -1.000000 0.000000
vn 0.000000 -1.000000 0.000000
vn 0.000000 -1.000000 0.000000
vn 0.000000 -1.000000 0.000000
vn 0.000000 -1.000000 0.000000
vn 0.000000 -1.000000 0.000000
vn 0.000000 -1.000000 0.000000
vn 0.000000 -1.000000 0.000000
vn 0.000000 -1.000000 0.000000
vn 0.000000 -1.000000 0.000000
vn 0.000000 -1.000000 0.000000
vn 0.000000 -1.000000 0.000000
vn 0.000000 -1.000000 0.000000
vn 0.000000 -1.000000 0.000000
vn 0.000000 -1.000000 0.000000
vn 0.000000 -1.000000 0.000000
vn 0.000000 -1.000000 0.000000
vn 0.000000 -1.000000 0.000000
vn 0.000000 -1.000000 0.000000
vn 0.000000 -1.000000 0.000000
vn 0.000000 -1.000000 0.000000
vn 0.000000 -1.000000 0.000000
vn 0.000000 -1.000000 0.000000
vn 0.000000 -1.000000 0.000000
vn 0.000000 -1.000000 0.000000
vn 0.000000 -1.000000 0.000000
vn 0.000000 -1.000000 0.000000
vn 0.000000 -1.000000 0.000000
vn 0.000000 -1.000000 0.000000
vn 0.000000 -1.000000 0.000000
vn 0.000000 -1.000000 0.000000
vn 0.000000 -1.000000 0.000000
vn 0.000000 -1.000000 0.000000
vn 0.000000 -1.000000 0.000000
vn 0.000000 -1.000000 0.000000
vn 0.000000 -1.000000 0.000000
vn 0.000000 -1.000000 0.000000
vn 0.000000 -1.000000 0.000000
vn 0.000000 -1.000000 0.000000
vn 0.000000 -1.000000 0.000000
vn 0.000000 -1.000000 0.000000
vn 0.000000 -1.000000 0.000000
vn 0.000000 -1.000000 0.000000
vn 0.000000 -1.000000 0.000000
vn 0.000000 -1.000000 0.000000
vn 0.000000 -1.000000 0.000000
vn 0.000000 -1.000000 0.000000
vn 0.000000 -1.000000 0.000000
vn 0.000000 -1.000000 0.000000
vn 0.000000 -1.000000 0.000000
vn 0.000000 -1.000000 0.000000
vn 0.000000 -1.000000 0.000000
vn 0.000000 -1.000000 0.000000
s off
g initialShadingGrouppolySurface3
usemtl aiStandardSurface1SG
f 1/1/1 2/2/2 6/3/3 5/4/4
f 1/1/5 5/4/6 8/5/7 3/6/8
f 2/2/9 4/7/10 10/8/11 6/3/12
f 5/4/13 6/3/14 12/9/15 11/10/16
f 3/6/17 8/5/18 14/11/19 7/12/20
f 5/4/21 11/10/22 15/13/23 8/5/24
f 4/7/25 9/14/26 17/15/27 10/8/28
f 6/3/29 10/8/30 18/16/31 12/9/32
f 11/10/33 12/9/34 20/17/35 19/18/36
f 7/12/37 14/11/38 22/19/39 13/20/40
f 8/5/41 15/13/42 23/21/43 14/11/44
f 11/10/45 19/18/46 24/22/47 15/13/48
f 9/14/49 16/23/50 26/24/51 17/15/52
f 10/8/53 17/15/54 27/25/55 18/16/56
f 12/9/57 18/16/58 28/26/59 20/17/60
f 19/18/61 20/17/62 30/27/63 29/28/64
f 13/20/65 22/19/66 32/29/67 21/30/68
f 14/11/69 23/21/70 33/31/71 22/19/72
f 15/13/73 24/22/74 34/32/75 23/21/76
f 19/18/77 29/28/78 35/33/79 24/22/80
f 16/23/81 25/34/82 37/35/83 26/24/84
f 17/15/85 26/24/86 38/36/87 27/25/88
f 18/16/89 27/25/90 39/37/91 28/26/92
f 20/17/93 28/26/94 40/38/95 30/27/96
f 29/28/97 30/27/98 42/39/99 41/40/100
f 21/30/101 32/29/102 44/41/103 31/42/104
f 22/19/105 33/31/106 45/43/107 32/29/108
f 23/21/109 34/32/110 46/44/111 33/31/112
f 24/22/113 35/33/114 47/45/115 34/32/116
f 29/28/117 41/40/118 48/46/119 35/33/120
f 25/34/121 36/47/122 50/48/123 37/35/124
f 26/24/125 37/35/126 51/49/127 38/36/128
f 27/25/129 38/36/130 52/50/131 39/37/132
f 28/26/133 39/37/134 53/51/135 40/38/136
f 30/27/137 40/38/138 54/52/139 42/39/140
f 31/42/141 44/41/142 56/53/143 43/54/144
f 32/29/145 45/43/146 57/55/147 44/41/148
f 33/31/149 46/44/150 58/56/151 45/43/152
f 34/32/153 47/45/154 59/57/155 46/44/156
f 35/33/157 48/46/158 60/58/159 47/45/160
f 36/47/161 49/59/162 62/60/163 50/48/164
f 37/35/165 50/48/166 63/61/167 51/49/168
f 38/36/169 51/49/170 64/62/171 52/50/172
f 39/37/173 52/50/174 65/63/175 53/51/176
f 40/38/177 53/51/178 66/64/179 54/52/180
f 43/54/181 56/53/182 68/65/183 55/66/184
f 44/41/185 57/55/186 69/67/187 56/53/188
f 45/43/189 58/56/190 70/68/191 57/55/192
f 46/44/193 59/57/194 71/69/195 58/56/196
f 47/45/197 60/58/198 72/70/199 59/57/200
f 49/59/201 61/71/202 74/72/203 62/60/204
f 50/48/205 62/60/206 75/73/207 63/61/208
f 51/49/209 63/61/210 76/74/211 64/62/212
f 52/50/213 64/62/214 77/75/215 65/63/216
f 53/51/217 65/63/218 78/76/219 66/64/220
f 55/66/221 68/65/222 80/77/223 67/78/224
f 56/53/225 69/67/226 81/79/227 68/65/228
f 57/55/229 70/68/230 82/80/231 69/67/232
f 58/56/233 71/69/234 83/81/235 70/68/236
f 59/57/237 72/70/238 84/82/239 71/69/240
f 61/71/241 73/83/242 86/84/243 74/72/244
f 62/60/245 74/72/246 87/85/247 75/73/248
f 63/61/249 75/73/250 88/86/251 76/74/252
f 64/62/253 76/74/254 89/87/255 77/75/256
f 65/63/257 77/75/258 90/88/259 78/76/260
f 67/78/261 80/77/262 91/89/263 79/90/264
f 68/65/265 81/79/266 92/91/267 80/77/268
f 69/67/269 82/80/270 93/92/271 81/79/272
f 70/68/273 83/81/274 94/93/275 82/80/276
f 71/69/277 84/82/278 95/94/279 83/81/280
f 73/83/281 85/95/282 96/96/283 86/84/284
f 74/72/285 86/84/286 97/97/287 87/85/288
f 75/73/289 87/85/290 98/98/291 88/86/292
f 76/74/293 88/86/294 99/99/295 89/87/296
f 77/75/297 89/87/298 100/100/299 90/88/300
f 79/90/301 91/89/302 96/96/303 85/95/304
f 80/77/305 92/91/306 101/101/307 91/89/308
f 81/79/309 93/92/310 102/102/311 92/91/312
f 82/80/313 94/93/314 103/103/315 93/92/316
f 83/81/317 95/94/318 104/104/319 94/93/320
f 86/84/321 96/96/322 105/105/323 97/97/324
f 87/85/325 97/97/326 106/106/327 98/98/328
f 88/86/329 98/98/330 107/107/331 99/99/332
f 89/87/333 99/99/334 108/108/335 100/100/336
f 91/89/337 101/101/338 105/105/339 96/96/340
f 92/91/341 102/102/342 109/109/343 101/101/344
f 93/92/345 103/103/346 110/110/347 102/102/348
f 94/93/349 104/104/350 111/111/351 103/103/352
f 97/97/353 105/105/354 112/112/355 106/106/356
f 98/98/357 106/106/358 113/113/359 107/107/360
f 99/99/361 107/107/362 114/114/363 108/108/364
f 101/101/365 109/109/366 112/112/367 105/105/368
f 102/102/369 110/110/370 115/115/371 109/109/372
f 103/103/373 111/111/374 116/116/375 110/110/376
f 106/106/377 112/112/378 117/117/379 113/113/380
f 107/107/381 113/113/382 118/118/383 114/114/384
f 109/109/385 115/115/386 117/117/387 112/112/388
f 110/110/389 116/116/390 119/119/391 115/115/392
f 113/113/393 117/117/394 120/120/395 118/118/396
f 115/115/397 119/119/398 120/120/399 117/117/400
f 141/121/401 144/122/402 2/2/403 1/1/404
f 141/121/405 1/1/406 3/6/407 147/123/408
f 144/122/409 150/124/410 4/7/411 2/2/412
f 147/123/413 3/6/414 7/12/415 153/125/416
f 150/124/417 156/126/418 9/14/419 4/7/420
f 153/125/421 7/12/422 13/20/423 159/127/424
f 156/126/425 162/128/426 16/23/427 9/14/428
f 159/127/429 13/20/430 21/30/431 165/129/432
f 162/128/433 168/130/434 25/34/435 16/23/436
f 165/129/437 21/30/438 31/42/439 171/131/440
f 168/130/441 174/132/442 36/47/443 25/34/444
f 171/131/445 31/42/446 43/54/447 177/133/448
f 174/132/449 180/134/450 49/59/451 36/47/452
f 177/133/453 43/54/454 55/66/455 183/135/456
f 180/134/457 186/136/458 61/71/459 49/59/460
f 183/135/461 55/66/462 67/78/463 189/137/464
f 186/136/465 192/138/466 73/83/467 61/71/468
f 189/137/469 67/78/470 79/90/471 195/139/472
f 192/138/473 198/140/474 85/95/475 73/83/476
f 195/139/477 79/90/478 85/95/479 198/140/480
f 182/141/481 176/142/482 130/143/483 131/144/484
f 176/142/485 170/145/486 129/146/487 130/143/488
f 170/145/489 164/147/490 128/148/491 129/146/492
f 164/147/493 158/149/494 127/150/495 128/148/496
f 158/149/497 152/151/498 126/152/499 127/150/500
f 152/151/501 146/153/502 125/154/503 126/152/504
f 146/153/505 143/155/506 124/156/507 125/154/508
f 143/155/509 149/157/510 123/158/511 124/156/512
f 149/159/513 155/160/514 122/161/515 123/162/516
f 155/160/517 161/163/518 121/164/519 122/161/520
f 161/163/521 167/165/522 140/166/523 121/164/524
f 167/165/525 173/167/526 139/168/527 140/166/528
f 173/167/529 179/169/530 138/170/531 139/168/532
f 179/169/533 185/171/534 137/172/535 138/170/536
f 185/171/537 191/173/538 136/174/539 137/172/540
f 191/173/541 197/175/542 135/176/543 136/174/544
f 197/175/545 200/177/546 134/178/547 135/176/548
f 200/177/549 194/179/550 133/180/551 134/178/552
f 194/181/553 188/182/554 132/183/555 133/184/556
f 188/182/557 182/141/558 131/144/559 132/183/560
f 141/121/561 142/185/562 145/186/563 144/122/564
f 142/185/565 143/155/566 146/153/567 145/186/568
f 144/122/569 145/186/570 151/187/571 150/124/572
f 145/186/573 146/153/574 152/151/575 151/187/576
f 143/155/577 142/185/578 148/188/579 149/157/580
f 142/185/581 141/121/582 147/123/583 148/188/584
f 150/124/585 151/187/586 157/189/587 156/126/588
f 151/187/589 152/151/590 158/149/591 157/189/592
f 149/159/593 148/190/594 154/191/595 155/160/596
f 148/190/597 147/123/598 153/125/599 154/191/600
f 156/126/601 157/189/602 163/192/603 162/128/604
f 157/189/605 158/149/606 164/147/607 163/192/608
f 155/160/609 154/191/610 160/193/611 161/163/612
f 154/191/613 153/125/614 159/127/615 160/193/616
f 162/128/617 163/192/618 169/194/619 168/130/620
f 163/192/621 164/147/622 170/145/623 169/194/624
f 161/163/625 160/193/626 166/195/627 167/165/628
f 160/193/629 159/127/630 165/129/631 166/195/632
f 168/130/633 169/194/634 175/196/635 174/132/636
f 169/194/637 170/145/638 176/142/639 175/196/640
f 167/165/641 166/195/642 172/197/643 173/167/644
f 166/195/645 165/129/646 171/131/647 172/197/648
f 174/132/649 175/196/650 181/198/651 180/134/652
f 175/196/653 176/142/654 182/141/655 181/198/656
f 173/167/657 172/197/658 178/199/659 179/169/660
f 172/197/661 171/131/662 177/133/663 178/199/664
f 180/134/665 181/198/666 187/200/667 186/136/668
f 181/198/669 182/141/670 188/182/671 187/200/672
f 179/169/673 178/199/674 184/201/675 185/171/676
f 178/199/677 177/133/678 183/135/679 184/201/680
f 186/136/681 187/200/682 193/202/683 192/138/684
f 187/200/685 188/182/686 194/181/687 193/202/688
f 185/171/689 184/201/690 190/203/691 191/173/692
f 184/201/693 183/135/694 189/137/695 190/203/696
f 192/138/697 193/204/698 199/205/699 198/140/700
f 193/204/701 194/179/702 200/177/703 199/205/704
f 191/173/705 190/203/706 196/206/707 197/175/708
f 190/203/709 189/137/710 195/139/711 196/206/712
f 197/175/713 196/206/714 199/205/715 200/177/716
f 196/206/717 195/139/718 198/140/719 199/205/720
f 42/39/721 54/52/722 41/40/723
f 54/52/724 66/64/725 41/40/726
f 66/64/727 78/76/728 41/40/729
f 78/76/730 90/88/731 41/40/732
f 41/40/733 90/88/734 48/46/735
f 90/88/736 100/100/737 48/46/738
f 48/46/739 100/100/740 60/58/741
f 100/100/742 108/108/743 60/58/744
f 60/58/745 108/108/746 72/70/747
f 108/108/748 114/114/749 72/70/750
f 114/114/751 118/118/752 72/70/753
f 72/70/754 118/118/755 84/82/756
f 84/82/757 118/118/758 95/94/759
f 118/118/760 120/120/761 95/94/762
f 120/120/763 119/119/764 95/94/765
f 119/119/766 116/116/767 95/94/768
f 116/116/769 111/111/770 95/94/771
f 111/111/772 104/104/773 95/94/774
f 122/207/775 121/208/776 123/209/777
f 121/208/778 140/210/779 123/209/780
f 140/210/781 139/211/782 123/209/783
f 139/211/784 138/212/785 123/209/786
f 138/212/787 137/213/788 123/209/789
f 137/213/790 136/214/791 123/209/792
f 136/214/793 135/215/794 123/209/795
f 135/215/796 134/216/797 123/209/798
f 134/216/799 133/217/800 123/209/801
f 133/218/802 132/219/803 123/220/804
f 132/219/805 131/221/806 123/220/807
f 131/221/808 130/222/809 123/220/810
f 130/222/811 129/223/812 123/220/813
f 129/223/814 128/224/815 123/220/816
f 128/224/817 127/225/818 123/220/819
f 127/225/820 126/226/821 123/220/822
f 126/226/823 125/227/824 123/220/825
f 125/227/826 124/228/827 123/220/828
g default
v 26.812782 -4.025727 -17.620674
v 31.520311 -4.025727 -9.263730
v 19.480629 -4.025727 -24.252810
v 33.142418 -4.025727 0.000000
v 25.522263 -7.621786 -16.772610
v 30.003157 -7.621786 -8.817907
v 10.241574 -4.025727 -28.510912
v 18.543001 -7.621786 -23.085501
v 31.520311 -4.025727 9.263730
v 31.547232 -7.621786 0.000000
v 23.512175 -10.475610 -15.451646
v 27.640177 -10.475610 -8.123418
v 0.000000 -4.025727 -29.978163
v 9.748646 -7.621786 -27.138597
v 17.082563 -10.475610 -21.267365
v 26.812782 -4.025727 17.620674
v 30.003157 -7.621786 8.817827
v 29.062643 -10.475610 0.000000
v 20.979280 -12.307846 -13.787082
v 24.662663 -12.307846 -7.248276
v -10.241574 -4.025727 -28.510912
v 0.000000 -7.621786 -28.535269
v 8.980855 -10.475610 -25.001217
v 15.242394 -12.307846 -18.976326
v 19.480629 -4.025727 24.252810
v 25.522182 -7.621786 16.772610
v 27.640177 -10.475610 8.123418
v 25.931871 -12.307846 0.000000
v 18.171602 -13.149982 -11.941948
v 21.362055 -13.149982 -6.278283
v -19.480629 -4.025727 -24.252810
v -9.748646 -7.621786 -27.138597
v 0.000000 -10.475610 -26.287889
v 8.013345 -12.307846 -22.308016
v 13.202427 -13.149982 -16.436701
v 10.241574 -4.025727 28.510912
v 18.543001 -7.621786 23.085501
v 23.512175 -10.475610 15.451646
v 24.662663 -12.307846 7.248276
v 22.461349 -13.149982 0.000000
v 15.068472 -12.985512 -9.929940
v 17.726582 -12.985512 -5.220486
v -26.812782 -4.025727 -17.620674
v -18.543001 -7.621786 -23.085501
v -8.980855 -10.475610 -25.001217
v 0.000000 -12.307846 -23.456018
v 6.940967 -13.149982 -19.322489
v 10.928453 -12.985512 -13.667316
v 0.000000 -4.025727 29.978081
v 9.748646 -7.621786 27.138597
v 17.082563 -10.475610 21.267282
v 20.979280 -12.307846 13.787082
v 21.362055 -13.149982 6.278283
v 18.642500 -12.985512 0.000000
v -31.520311 -4.025727 -9.263730
v -25.522263 -7.621786 -16.772610
v -17.082563 -10.475610 -21.267282
v -8.013345 -12.307846 -22.308016
v 0.000000 -13.149982 -20.316835
v 5.711652 -12.985512 -16.066984
v -10.241574 -4.025727 28.510912
v 0.000000 -7.621786 28.535187
v 8.980855 -10.475610 25.001217
v 15.242394 -12.307846 18.976326
v 18.171602 -13.149982 11.941948
v 17.726582 -12.985512 5.220486
v -33.142418 -4.025727 0.000000
v -30.003157 -7.621786 -8.817907
v -23.512175 -10.475610 -15.451646
v -15.242394 -12.307846 -18.976326
v -6.940967 -13.149982 -19.322489
v 0.000000 -12.985512 -16.893820
v -19.480629 -4.025727 24.252810
v -9.748646 -7.621786 27.138597
v 0.000000 -10.475610 26.287811
v 8.013345 -12.307846 22.308016
v 13.202427 -13.149982 16.436701
v 15.068472 -12.985512 9.929940
v -31.520311 -4.025727 9.263730
v -31.547232 -7.621786 0.000000
v -27.640177 -10.475610 -8.123418
v -20.979280 -12.307846 -13.787082
v -13.202427 -13.149982 -16.436701
v -5.711652 -12.985512 -16.066984
v -26.812782 -4.025727 17.620674
v -18.543001 -7.621786 23.085501
v -8.980855 -10.475610 25.001217
v 0.000000 -12.307846 23.456018
v 6.940967 -13.149982 19.322489
v 10.928453 -12.985512 13.667316
v -30.003157 -7.621786 8.817907
v -29.062643 -10.475610 0.000000
v -24.662663 -12.307846 -7.248276
v -18.171602 -13.149982 -11.941948
v -10.928453 -12.985512 -13.667316
v -25.522182 -7.621786 16.772610
v -17.082563 -10.475610 21.267282
v -8.013345 -12.307846 22.308016
v 0.000000 -13.149982 20.316835
v 5.711652 -12.985512 16.066984
v -27.640177 -10.475610 8.123418
v -25.931871 -12.307846 0.000000
v -21.362055 -13.149982 -6.278283
v -15.068472 -12.985512 -9.929940
v -23.512175 -10.475610 15.451646
v -15.242394 -12.307846 18.976326
v -6.940967 -13.149982 19.322489
v 0.000000 -12.985512 16.893820
v -24.662663 -12.307846 7.248276
v -22.461349 -13.149982 0.000000
v -17.726582 -12.985512 -5.220486
v -20.979280 -12.307846 13.787082
v -13.202507 -13.149982 16.436701
v -5.711652 -12.985512 16.066984
v -21.362055 -13.149982 6.278283
v -18.642500 -12.985512 0.000000
v -18.171602 -13.149982 11.941948
v -10.928453 -12.985512 13.667316
v -17.726582 -12.985512 5.220486
v -15.068472 -12.985512 9.929940
v 0.000000 -0.123000 -20.306503
v 6.937362 -0.123000 -19.312555
v 13.195698 -0.123000 -16.428289
v 18.162310 -0.123000 -11.935859
v 21.351080 -0.123000 -6.275078
v 22.449896 -0.123000 0.000000
v 21.351080 -0.123000 6.275078
v 18.162310 -0.123000 11.935859
v 13.195698 -0.123000 16.428289
v 6.937362 -0.123000 19.312555
v 0.000000 -0.123000 20.306421
v -6.937362 -0.123000 19.312555
v -13.195698 -0.123000 16.428289
v -18.162310 -0.123000 11.935859
v -21.351080 -0.123000 6.275078
v -22.449896 -0.123000 0.000000
v -21.351080 -0.123000 -6.275078
v -18.162310 -0.123000 -11.935859
v -13.195698 -0.123000 -16.428289
v -6.937362 -0.123000 -19.312555
v 26.983261 -2.464428 -17.732750
v 26.649755 -0.832230 -17.513563
v 25.549660 -0.123000 -16.790634
v 31.720673 -2.464428 -9.322612
v 31.328686 -0.832230 -9.207411
v 30.035440 -0.123000 -8.827360
v 19.604483 -2.464428 -24.407024
v 19.362225 -0.832230 -24.105404
v 18.562948 -0.123000 -23.110334
v 33.353111 -2.464428 0.000000
v 32.940937 -0.832230 0.000000
v 31.581118 -0.123000 0.000000
v 10.306705 -2.464428 -28.692125
v 10.179328 -0.832230 -28.337549
v 9.759141 -0.123000 -27.167759
v 31.720673 -2.464428 9.322612
v 31.328686 -0.832230 9.207411
v 30.035440 -0.123000 8.827360
v 0.000000 -2.464428 -30.168667
v 0.000000 -0.832230 -29.795906
v 0.000000 -0.123000 -28.565950
v 26.983179 -2.464428 17.732750
v 26.649755 -0.832230 17.513563
v 25.549660 -0.123000 16.790634
v -10.306705 -2.464428 -28.692125
v -10.179328 -0.832230 -28.337549
v -9.759141 -0.123000 -27.167759
v 19.604483 -2.464428 24.406946
v 19.362144 -0.832230 24.105324
v 18.562948 -0.123000 23.110334
v -19.604483 -2.464428 -24.407024
v -19.362225 -0.832230 -24.105324
v -18.562948 -0.123000 -23.110334
v 10.306705 -2.464428 28.692125
v 10.179328 -0.832230 28.337549
v 9.759061 -0.123000 27.167759
v -26.983179 -2.464428 -17.732750
v -26.649755 -0.832230 -17.513563
v -25.549660 -0.123000 -16.790634
v 0.000000 -2.464428 30.168667
v 0.000000 -0.832230 29.795828
v 0.000000 -0.123000 28.565870
v -31.720673 -2.464428 -9.322612
v -31.328686 -0.832230 -9.207411
v -30.035440 -0.123000 -8.827360
v -10.306705 -2.464428 28.692125
v -10.179328 -0.832230 28.337549
v -9.759141 -0.123000 27.167759
v -33.353111 -2.464428 0.000000
v -32.940937 -0.832230 0.000000
v -31.581118 -0.123000 0.000000
v -19.604483 -2.464428 24.407024
v -19.362144 -0.832230 24.105324
v -18.562948 -0.123000 23.110334
v -31.720673 -2.464428 9.322612
v -31.328686 -0.832230 9.207411
v -30.035440 -0.123000 8.827360
v -26.983179 -2.464428 17.732750
v -26.649755 -0.832230 17.513563
v -25.549660 -0.123000 16.790634
vt 0.616047 0.224540
vt 0.648646 0.302612
vt 0.620674 0.315615
vt 0.584033 0.246303
vt 0.505458 0.203458
vt 0.511026 0.157274
vt 0.665297 0.379527
vt 0.640479 0.388599
vt 0.597020 0.333631
vt 0.560845 0.275706
vt 0.412784 0.246530
vt 0.388532 0.215163
vt 0.499451 0.246792
vt 0.678441 0.453879
vt 0.654623 0.461928
vt 0.618229 0.400433
vt 0.577220 0.354968
vt 0.543577 0.307666
vt 0.366484 0.322471
vt 0.341062 0.302373
vt 0.429056 0.280199
vt 0.494532 0.287622
vt 0.689704 0.529714
vt 0.665191 0.536426
vt 0.632709 0.470320
vt 0.598582 0.414323
vt 0.560415 0.379128
vt 0.529989 0.341412
vt 0.341910 0.406425
vt 0.318257 0.394928
vt 0.387328 0.345332
vt 0.440472 0.314038
vt 0.490560 0.327419
vt 0.697794 0.608082
vt 0.671194 0.612857
vt 0.642194 0.541806
vt 0.612832 0.479008
vt 0.581069 0.430123
vt 0.545377 0.407906
vt 0.517897 0.379391
vt 0.322751 0.487160
vt 0.299385 0.479279
vt 0.362933 0.420189
vt 0.404365 0.369248
vt 0.449204 0.348270
vt 0.486414 0.370081
vt 0.699237 0.690559
vt 0.669380 0.691797
vt 0.645996 0.614720
vt 0.620990 0.546099
vt 0.594467 0.488073
vt 0.564519 0.449030
vt 0.306416 0.563525
vt 0.282198 0.557735
vt 0.344284 0.495243
vt 0.381384 0.435094
vt 0.419059 0.394239
vt 0.456797 0.386026
vt 0.685353 0.779317
vt 0.650852 0.772360
vt 0.641495 0.688550
vt 0.622649 0.614323
vt 0.600989 0.549387
vt 0.576161 0.498131
vt 0.296423 0.636998
vt 0.270321 0.632753
vt 0.329160 0.567722
vt 0.363865 0.503331
vt 0.398102 0.451110
vt 0.433472 0.422093
vt 0.629003 0.862541
vt 0.595390 0.845806
vt 0.621154 0.760720
vt 0.616148 0.682177
vt 0.600496 0.611907
vt 0.580434 0.551583
vt 0.296770 0.708873
vt 0.268418 0.706059
vt 0.321257 0.638035
vt 0.350157 0.570508
vt 0.382167 0.511857
vt 0.414751 0.468898
vt 0.473555 0.923216
vt 0.476467 0.889798
vt 0.570937 0.823835
vt 0.595881 0.746182
vt 0.592535 0.673278
vt 0.577559 0.607189
vt 0.314643 0.779796
vt 0.280886 0.783233
vt 0.324229 0.706317
vt 0.344453 0.636311
vt 0.369925 0.572255
vt 0.400803 0.522138
vt 0.330598 0.858070
vt 0.366861 0.847073
vt 0.479959 0.857085
vt 0.552539 0.799549
vt 0.573459 0.729355
vt 0.568434 0.661793
vt 0.344793 0.770638
vt 0.349874 0.699544
vt 0.366441 0.632087
vt 0.390132 0.573137
vt 0.394307 0.827575
vt 0.482901 0.825208
vt 0.537600 0.773615
vt 0.551380 0.709398
vt 0.371300 0.756961
vt 0.373874 0.689060
vt 0.388882 0.624535
vt 0.415603 0.804097
vt 0.485243 0.793404
vt 0.523909 0.743955
vt 0.394966 0.739311
vt 0.397799 0.673772
vt 0.432985 0.777832
vt 0.487766 0.758843
vt 0.417699 0.716289
vt 0.448952 0.747165
vt 0.631840 0.219162
vt 0.660837 0.299181
vt 0.512922 0.138647
vt 0.675569 0.376883
vt 0.372989 0.207232
vt 0.688324 0.451059
vt 0.329561 0.296630
vt 0.699678 0.526810
vt 0.308264 0.391248
vt 0.708439 0.605187
vt 0.289828 0.476155
vt 0.711208 0.688177
vt 0.272470 0.554763
vt 0.700017 0.779292
vt 0.259927 0.629816
vt 0.646025 0.865981
vt 0.257424 0.703105
vt 0.472294 0.936540
vt 0.266920 0.783833
vt 0.313008 0.859040
vt 0.728117 0.773564
vt 0.734008 0.681552
vt 0.786061 0.648581
vt 0.795604 0.726596
vt 0.729018 0.599118
vt 0.775459 0.574151
vt 0.719479 0.521666
vt 0.765619 0.503204
vt 0.708423 0.446713
vt 0.758760 0.435271
vt 0.696710 0.372809
vt 0.758209 0.368995
vt 0.686487 0.294920
vt 0.767801 0.304689
vt 0.668027 0.213410
vt 0.797320 0.241198
vt 0.612322 0.124250
vt 0.861062 0.185266
vt 0.420080 0.119592
vt 0.336357 0.198374
vt 0.215628 0.225478
vt 0.167637 0.147300
vt 0.304879 0.290511
vt 0.234399 0.304005
vt 0.288428 0.384962
vt 0.236778 0.377056
vt 0.271376 0.468975
vt 0.228989 0.448048
vt 0.253781 0.546793
vt 0.214286 0.517344
vt 0.239691 0.621344
vt 0.195421 0.586049
vt 0.235408 0.694342
vt 0.174752 0.654942
vt 0.239027 0.772510
vt 0.158591 0.726233
vt 0.274099 0.854980
vt 0.141524 0.794335
vt 0.358750 0.939626
vt 0.101226 0.835064
vt 0.580842 0.944572
vt 0.686251 0.864552
vt 0.811765 0.804689
vt 0.843888 0.874631
vt 0.650503 0.215074
vt 0.674265 0.296360
vt 0.686637 0.374330
vt 0.566118 0.129449
vt 0.698977 0.448482
vt 0.464203 0.125839
vt 0.354054 0.201297
vt 0.710313 0.523856
vt 0.316326 0.292633
vt 0.719665 0.601899
vt 0.297524 0.387657
vt 0.723786 0.684942
vt 0.279764 0.472535
vt 0.715387 0.776954
vt 0.262300 0.550955
vt 0.666979 0.866585
vt 0.249036 0.625835
vt 0.530059 0.943490
vt 0.245692 0.699215
vt 0.411074 0.939891
vt 0.292642 0.858073
vt 0.251869 0.778424
vt 0.092526 0.336064
vt 0.136752 0.363368
vt 0.043184 0.322752
vt 0.171533 0.401991
vt 0.193465 0.448151
vt 0.200400 0.497332
vt 0.191661 0.544717
vt 0.168101 0.585670
vt 0.132029 0.616181
vt 0.086973 0.633264
vt 0.037346 0.635246
vt 0.968621 0.653652
vt 0.917034 0.644553
vt 0.946135 0.334078
vt 0.869395 0.620703
vt 0.830370 0.584437
vt 0.803776 0.539305
vt 0.792219 0.489726
vt 0.796828 0.440551
vt 0.817153 0.396596
vt 0.851204 0.362162
vt 0.895648 0.340619
vn 0.800871 -0.393806 -0.451134
vn 0.800871 -0.393806 -0.451134
vn 0.800871 -0.393806 -0.451134
vn 0.800871 -0.393806 -0.451134
vn 0.741202 -0.315350 -0.592599
vn 0.671061 -0.509608 -0.538495
vn 0.476415 -0.498520 -0.724228
vn 0.524346 -0.306910 -0.794272
vn 0.891266 -0.322666 -0.318641
vn 0.945512 -0.325586 0.000001
vn 0.852397 -0.522896 0.000001
vn 0.804465 -0.519123 -0.288700
vn 0.671061 -0.509608 -0.538495
vn 0.804465 -0.519123 -0.288700
vn 0.621844 -0.750487 -0.223783
vn 0.522090 -0.742255 -0.420095
vn 0.524346 -0.306910 -0.794272
vn 0.476415 -0.498520 -0.724228
vn 0.246021 -0.490046 -0.836259
vn 0.270040 -0.300521 -0.914749
vn 0.671061 -0.509608 -0.538495
vn 0.522090 -0.742255 -0.420095
vn 0.373460 -0.732463 -0.569233
vn 0.476415 -0.498520 -0.724228
vn 0.945512 -0.325586 0.000001
vn 0.891265 -0.322666 0.318642
vn 0.804465 -0.519122 0.288701
vn 0.852397 -0.522896 0.000001
vn 0.804465 -0.519123 -0.288700
vn 0.852397 -0.522896 0.000001
vn 0.657208 -0.753709 0.000001
vn 0.621844 -0.750487 -0.223783
vn 0.522090 -0.742255 -0.420095
vn 0.621844 -0.750487 -0.223783
vn 0.377117 -0.916079 -0.136319
vn 0.318326 -0.912398 -0.257289
vn 0.270040 -0.300521 -0.914749
vn 0.246021 -0.490046 -0.836259
vn 0.000000 -0.486918 -0.873448
vn 0.000000 -0.298177 -0.954511
vn 0.476415 -0.498520 -0.724228
vn 0.373460 -0.732463 -0.569233
vn 0.193971 -0.724831 -0.661057
vn 0.246021 -0.490046 -0.836259
vn 0.522090 -0.742255 -0.420095
vn 0.318326 -0.912398 -0.257289
vn 0.229166 -0.907945 -0.350882
vn 0.373460 -0.732463 -0.569233
vn 0.891265 -0.322666 0.318642
vn 0.741202 -0.315350 0.592599
vn 0.671061 -0.509607 0.538496
vn 0.804465 -0.519122 0.288701
vn 0.852397 -0.522896 0.000001
vn 0.804465 -0.519122 0.288701
vn 0.621845 -0.750487 0.223783
vn 0.657208 -0.753709 0.000001
vn 0.621844 -0.750487 -0.223783
vn 0.657208 -0.753709 0.000001
vn 0.397728 -0.917503 0.000000
vn 0.377117 -0.916079 -0.136319
vn 0.318326 -0.912398 -0.257289
vn 0.377117 -0.916079 -0.136319
vn 0.112773 -0.992755 -0.041459
vn 0.094716 -0.992453 -0.077889
vn 0.000000 -0.298177 -0.954511
vn 0.000000 -0.486918 -0.873448
vn -0.246021 -0.490046 -0.836258
vn -0.270040 -0.300521 -0.914749
vn 0.246021 -0.490046 -0.836259
vn 0.193971 -0.724831 -0.661057
vn 0.000000 -0.721980 -0.691914
vn 0.000000 -0.486918 -0.873448
vn 0.373460 -0.732463 -0.569233
vn 0.229166 -0.907945 -0.350882
vn 0.119622 -0.904417 -0.409537
vn 0.193971 -0.724831 -0.661057
vn 0.318326 -0.912398 -0.257289
vn 0.094716 -0.992453 -0.077889
vn 0.067800 -0.992086 -0.105682
vn 0.229166 -0.907945 -0.350882
vn 0.741202 -0.315350 0.592599
vn 0.524346 -0.306910 0.794272
vn 0.476415 -0.498520 0.724228
vn 0.671061 -0.509607 0.538496
vn 0.804465 -0.519122 0.288701
vn 0.671061 -0.509607 0.538496
vn 0.522090 -0.742254 0.420096
vn 0.621845 -0.750487 0.223783
vn 0.657208 -0.753709 0.000001
vn 0.621845 -0.750487 0.223783
vn 0.377117 -0.916079 0.136319
vn 0.397728 -0.917503 0.000000
vn 0.377117 -0.916079 -0.136319
vn 0.397728 -0.917503 0.000000
vn 0.119175 -0.992873 0.000000
vn 0.112773 -0.992755 -0.041459
vn 0.094716 -0.992453 -0.077889
vn 0.112773 -0.992755 -0.041459
vn -0.040838 -0.999054 0.014959
vn -0.034574 -0.999000 0.028333
vn -0.270040 -0.300521 -0.914749
vn -0.246021 -0.490046 -0.836258
vn -0.476415 -0.498520 -0.724228
vn -0.524346 -0.306910 -0.794272
vn 0.000000 -0.486918 -0.873448
vn 0.000000 -0.721980 -0.691914
vn -0.193971 -0.724831 -0.661057
vn -0.246021 -0.490046 -0.836258
vn 0.193971 -0.724831 -0.661057
vn 0.119622 -0.904417 -0.409537
vn 0.000000 -0.903086 -0.429459
vn 0.000000 -0.721980 -0.691914
vn 0.229166 -0.907945 -0.350882
vn 0.067800 -0.992086 -0.105682
vn 0.035293 -0.991756 -0.123182
vn 0.119622 -0.904417 -0.409537
vn 0.094716 -0.992453 -0.077889
vn -0.034574 -0.999000 0.028333
vn -0.024978 -0.998934 0.038822
vn 0.067800 -0.992086 -0.105682
vn 0.524346 -0.306910 0.794272
vn 0.270040 -0.300521 0.914749
vn 0.246021 -0.490046 0.836259
vn 0.476415 -0.498520 0.724228
vn 0.671061 -0.509607 0.538496
vn 0.476415 -0.498520 0.724228
vn 0.373460 -0.732462 0.569233
vn 0.522090 -0.742254 0.420096
vn 0.621845 -0.750487 0.223783
vn 0.522090 -0.742254 0.420096
vn 0.318326 -0.912398 0.257290
vn 0.377117 -0.916079 0.136319
vn 0.397728 -0.917503 0.000000
vn 0.377117 -0.916079 0.136319
vn 0.112773 -0.992755 0.041459
vn 0.119175 -0.992873 0.000000
vn 0.112773 -0.992755 -0.041459
vn 0.119175 -0.992873 0.000000
vn -0.043020 -0.999074 0.000000
vn -0.040838 -0.999054 0.014959
vn -0.524346 -0.306910 -0.794272
vn -0.476415 -0.498520 -0.724228
vn -0.671061 -0.509607 -0.538495
vn -0.741203 -0.315350 -0.592599
vn -0.246021 -0.490046 -0.836258
vn -0.193971 -0.724831 -0.661057
vn -0.373460 -0.732463 -0.569233
vn -0.476415 -0.498520 -0.724228
vn 0.000000 -0.721980 -0.691914
vn 0.000000 -0.903086 -0.429459
vn -0.119622 -0.904417 -0.409537
vn -0.193971 -0.724831 -0.661057
vn 0.119622 -0.904417 -0.409537
vn 0.035293 -0.991756 -0.123182
vn 0.000000 -0.991603 -0.129323
vn 0.000000 -0.903086 -0.429459
vn 0.067800 -0.992086 -0.105682
vn -0.024978 -0.998934 0.038822
vn -0.013112 -0.998875 0.045568
vn 0.035293 -0.991756 -0.123182
vn 0.270040 -0.300521 0.914749
vn 0.000000 -0.298177 0.954511
vn 0.000000 -0.486918 0.873448
vn 0.246021 -0.490046 0.836259
vn 0.476415 -0.498520 0.724228
vn 0.246021 -0.490046 0.836259
vn 0.193971 -0.724830 0.661057
vn 0.373460 -0.732462 0.569233
vn 0.522090 -0.742254 0.420096
vn 0.373460 -0.732462 0.569233
vn 0.229167 -0.907945 0.350882
vn 0.318326 -0.912398 0.257290
vn 0.377117 -0.916079 0.136319
vn 0.318326 -0.912398 0.257290
vn 0.094717 -0.992453 0.077889
vn 0.112773 -0.992755 0.041459
vn 0.119175 -0.992873 0.000000
vn 0.112773 -0.992755 0.041459
vn -0.040838 -0.999054 -0.014959
vn -0.043020 -0.999074 0.000000
vn -0.741203 -0.315350 -0.592599
vn -0.671061 -0.509607 -0.538495
vn -0.804465 -0.519122 -0.288701
vn -0.891266 -0.322665 -0.318642
vn -0.476415 -0.498520 -0.724228
vn -0.373460 -0.732463 -0.569233
vn -0.522090 -0.742255 -0.420095
vn -0.671061 -0.509607 -0.538495
vn -0.193971 -0.724831 -0.661057
vn -0.119622 -0.904417 -0.409537
vn -0.229167 -0.907945 -0.350882
vn -0.373460 -0.732463 -0.569233
vn 0.000000 -0.903086 -0.429459
vn 0.000000 -0.991603 -0.129323
vn -0.035293 -0.991756 -0.123181
vn -0.119622 -0.904417 -0.409537
vn 0.035293 -0.991756 -0.123182
vn -0.013112 -0.998875 0.045568
vn 0.000000 -0.998851 0.047930
vn 0.000000 -0.991603 -0.129323
vn 0.000000 -0.298177 0.954511
vn -0.270040 -0.300522 0.914749
vn -0.246021 -0.490046 0.836259
vn 0.000000 -0.486918 0.873448
vn 0.246021 -0.490046 0.836259
vn 0.000000 -0.486918 0.873448
vn 0.000000 -0.721980 0.691914
vn 0.193971 -0.724830 0.661057
vn 0.373460 -0.732462 0.569233
vn 0.193971 -0.724830 0.661057
vn 0.119622 -0.904417 0.409537
vn 0.229167 -0.907945 0.350882
vn 0.318326 -0.912398 0.257290
vn 0.229167 -0.907945 0.350882
vn 0.067800 -0.992086 0.105682
vn 0.094717 -0.992453 0.077889
vn 0.112773 -0.992755 0.041459
vn 0.094717 -0.992453 0.077889
vn -0.034574 -0.999000 -0.028333
vn -0.040838 -0.999054 -0.014959
vn -0.891266 -0.322665 -0.318642
vn -0.804465 -0.519122 -0.288701
vn -0.852397 -0.522895 0.000000
vn -0.945513 -0.325585 0.000000
vn -0.671061 -0.509607 -0.538495
vn -0.522090 -0.742255 -0.420095
vn -0.621844 -0.750487 -0.223783
vn -0.804465 -0.519122 -0.288701
vn -0.373460 -0.732463 -0.569233
vn -0.229167 -0.907945 -0.350882
vn -0.318326 -0.912398 -0.257289
vn -0.522090 -0.742255 -0.420095
vn -0.119622 -0.904417 -0.409537
vn -0.035293 -0.991756 -0.123181
vn -0.067800 -0.992086 -0.105682
vn -0.229167 -0.907945 -0.350882
vn 0.000000 -0.991603 -0.129323
vn 0.000000 -0.998851 0.047930
vn 0.013112 -0.998875 0.045568
vn -0.035293 -0.991756 -0.123181
vn -0.270040 -0.300522 0.914749
vn -0.524346 -0.306910 0.794272
vn -0.476415 -0.498520 0.724228
vn -0.246021 -0.490046 0.836259
vn 0.000000 -0.486918 0.873448
vn -0.246021 -0.490046 0.836259
vn -0.193971 -0.724830 0.661057
vn 0.000000 -0.721980 0.691914
vn 0.193971 -0.724830 0.661057
vn 0.000000 -0.721980 0.691914
vn 0.000000 -0.903086 0.429459
vn 0.119622 -0.904417 0.409537
vn 0.229167 -0.907945 0.350882
vn 0.119622 -0.904417 0.409537
vn 0.035293 -0.991756 0.123182
vn 0.067800 -0.992086 0.105682
vn 0.094717 -0.992453 0.077889
vn 0.067800 -0.992086 0.105682
vn -0.024978 -0.998934 -0.038822
vn -0.034574 -0.999000 -0.028333
vn -0.945513 -0.325585 0.000000
vn -0.852397 -0.522895 0.000000
vn -0.804465 -0.519122 0.288701
vn -0.891266 -0.322665 0.318642
vn -0.804465 -0.519122 -0.288701
vn -0.621844 -0.750487 -0.223783
vn -0.657208 -0.753709 0.000000
vn -0.852397 -0.522895 0.000000
vn -0.522090 -0.742255 -0.420095
vn -0.318326 -0.912398 -0.257289
vn -0.377117 -0.916079 -0.136319
vn -0.621844 -0.750487 -0.223783
vn -0.229167 -0.907945 -0.350882
vn -0.067800 -0.992086 -0.105682
vn -0.094717 -0.992453 -0.077889
vn -0.318326 -0.912398 -0.257289
vn -0.035293 -0.991756 -0.123181
vn 0.013112 -0.998875 0.045568
vn 0.024978 -0.998934 0.038822
vn -0.067800 -0.992086 -0.105682
vn -0.524346 -0.306910 0.794272
vn -0.741202 -0.315350 0.592599
vn -0.671061 -0.509607 0.538496
vn -0.476415 -0.498520 0.724228
vn -0.246021 -0.490046 0.836259
vn -0.476415 -0.498520 0.724228
vn -0.373460 -0.732462 0.569233
vn -0.193971 -0.724830 0.661057
vn 0.000000 -0.721980 0.691914
vn -0.193971 -0.724830 0.661057
vn -0.119622 -0.904417 0.409537
vn 0.000000 -0.903086 0.429459
vn 0.119622 -0.904417 0.409537
vn 0.000000 -0.903086 0.429459
vn 0.000000 -0.991603 0.129323
vn 0.035293 -0.991756 0.123182
vn 0.067800 -0.992086 0.105682
vn 0.035293 -0.991756 0.123182
vn -0.013112 -0.998875 -0.045568
vn -0.024978 -0.998934 -0.038822
vn -0.891266 -0.322665 0.318642
vn -0.804465 -0.519122 0.288701
vn -0.671061 -0.509607 0.538496
vn -0.741202 -0.315350 0.592599
vn -0.852397 -0.522895 0.000000
vn -0.657208 -0.753709 0.000000
vn -0.621844 -0.750487 0.223783
vn -0.804465 -0.519122 0.288701
vn -0.621844 -0.750487 -0.223783
vn -0.377117 -0.916079 -0.136319
vn -0.397728 -0.917503 0.000000
vn -0.657208 -0.753709 0.000000
vn -0.318326 -0.912398 -0.257289
vn -0.094717 -0.992453 -0.077889
vn -0.112773 -0.992755 -0.041459
vn -0.377117 -0.916079 -0.136319
vn -0.067800 -0.992086 -0.105682
vn 0.024978 -0.998934 0.038822
vn 0.034574 -0.999000 0.028333
vn -0.094717 -0.992453 -0.077889
vn -0.476415 -0.498520 0.724228
vn -0.671061 -0.509607 0.538496
vn -0.522090 -0.742255 0.420096
vn -0.373460 -0.732462 0.569233
vn -0.193971 -0.724830 0.661057
vn -0.373460 -0.732462 0.569233
vn -0.229167 -0.907945 0.350882
vn -0.119622 -0.904417 0.409537
vn 0.000000 -0.903086 0.429459
vn -0.119622 -0.904417 0.409537
vn -0.035293 -0.991756 0.123182
vn 0.000000 -0.991603 0.129323
vn 0.035293 -0.991756 0.123182
vn 0.000000 -0.991603 0.129323
vn 0.000000 -0.998851 -0.047930
vn -0.013112 -0.998875 -0.045568
vn -0.804465 -0.519122 0.288701
vn -0.621844 -0.750487 0.223783
vn -0.522090 -0.742255 0.420096
vn -0.671061 -0.509607 0.538496
vn -0.657208 -0.753709 0.000000
vn -0.397728 -0.917503 0.000000
vn -0.377117 -0.916079 0.136319
vn -0.621844 -0.750487 0.223783
vn -0.377117 -0.916079 -0.136319
vn -0.112773 -0.992755 -0.041459
vn -0.119175 -0.992873 0.000000
vn -0.397728 -0.917503 0.000000
vn -0.094717 -0.992453 -0.077889
vn 0.034574 -0.999000 0.028333
vn 0.040838 -0.999054 0.014959
vn -0.112773 -0.992755 -0.041459
vn -0.373460 -0.732462 0.569233
vn -0.522090 -0.742255 0.420096
vn -0.318326 -0.912398 0.257290
vn -0.229167 -0.907945 0.350882
vn -0.119622 -0.904417 0.409537
vn -0.229167 -0.907945 0.350882
vn -0.067800 -0.992086 0.105682
vn -0.035293 -0.991756 0.123182
vn 0.000000 -0.991603 0.129323
vn -0.035293 -0.991756 0.123182
vn 0.013112 -0.998875 -0.045568
vn 0.000000 -0.998851 -0.047930
vn -0.621844 -0.750487 0.223783
vn -0.377117 -0.916079 0.136319
vn -0.318326 -0.912398 0.257290
vn -0.522090 -0.742255 0.420096
vn -0.397728 -0.917503 0.000000
vn -0.119175 -0.992873 0.000000
vn -0.112773 -0.992755 0.041459
vn -0.377117 -0.916079 0.136319
vn -0.112773 -0.992755 -0.041459
vn 0.040838 -0.999054 0.014959
vn 0.043020 -0.999074 0.000000
vn -0.119175 -0.992873 0.000000
vn -0.229167 -0.907945 0.350882
vn -0.318326 -0.912398 0.257290
vn -0.094717 -0.992453 0.077889
vn -0.067800 -0.992086 0.105682
vn -0.035293 -0.991756 0.123182
vn -0.067800 -0.992086 0.105682
vn 0.024978 -0.998934 -0.038822
vn 0.013112 -0.998875 -0.045568
vn -0.377117 -0.916079 0.136319
vn -0.112773 -0.992755 0.041459
vn -0.094717 -0.992453 0.077889
vn -0.318326 -0.912398 0.257290
vn -0.119175 -0.992873 0.000000
vn 0.043020 -0.999074 0.000000
vn 0.040838 -0.999054 -0.014959
vn -0.112773 -0.992755 0.041459
vn -0.067800 -0.992086 0.105682
vn -0.094717 -0.992453 0.077889
vn 0.034574 -0.999000 -0.028333
vn 0.024978 -0.998934 -0.038822
vn -0.112773 -0.992755 0.041459
vn 0.040838 -0.999054 -0.014959
vn 0.034574 -0.999000 -0.028333
vn -0.094717 -0.992453 0.077889
vn 0.779377 0.059380 -0.623736
vn 0.939778 0.060877 -0.336321
vn 0.891266 -0.322666 -0.318641
vn 0.741202 -0.315350 -0.592599
vn 0.779377 0.059380 -0.623736
vn 0.741202 -0.315350 -0.592599
vn 0.524346 -0.306910 -0.794272
vn 0.549644 0.057664 -0.833406
vn 0.939778 0.060877 -0.336321
vn 0.998109 0.061477 0.000001
vn 0.945512 -0.325586 0.000001
vn 0.891266 -0.322666 -0.318641
vn 0.549644 0.057664 -0.833406
vn 0.524346 -0.306910 -0.794272
vn 0.270040 -0.300521 -0.914749
vn 0.282426 0.056373 -0.957631
vn 0.998109 0.061477 0.000001
vn 0.939777 0.060877 0.336322
vn 0.891265 -0.322666 0.318642
vn 0.945512 -0.325586 0.000001
vn 0.282426 0.056373 -0.957631
vn 0.270040 -0.300521 -0.914749
vn 0.000000 -0.298177 -0.954511
vn 0.000000 0.055902 -0.998436
vn 0.939777 0.060877 0.336322
vn 0.779377 0.059380 0.623736
vn 0.741202 -0.315350 0.592599
vn 0.891265 -0.322666 0.318642
vn 0.000000 0.055902 -0.998436
vn 0.000000 -0.298177 -0.954511
vn -0.270040 -0.300521 -0.914749
vn -0.282427 0.056374 -0.957631
vn 0.779377 0.059380 0.623736
vn 0.549644 0.057664 0.833406
vn 0.524346 -0.306910 0.794272
vn 0.741202 -0.315350 0.592599
vn -0.282427 0.056374 -0.957631
vn -0.270040 -0.300521 -0.914749
vn -0.524346 -0.306910 -0.794272
vn -0.549645 0.057664 -0.833406
vn 0.549644 0.057664 0.833406
vn 0.282427 0.056373 0.957631
vn 0.270040 -0.300521 0.914749
vn 0.524346 -0.306910 0.794272
vn -0.549645 0.057664 -0.833406
vn -0.524346 -0.306910 -0.794272
vn -0.741203 -0.315350 -0.592599
vn -0.779377 0.059379 -0.623736
vn 0.282427 0.056373 0.957631
vn 0.000000 0.055901 0.998436
vn 0.000000 -0.298177 0.954511
vn 0.270040 -0.300521 0.914749
vn -0.779377 0.059379 -0.623736
vn -0.741203 -0.315350 -0.592599
vn -0.891266 -0.322665 -0.318642
vn -0.939777 0.060876 -0.336322
vn 0.000000 0.055901 0.998436
vn -0.282426 0.056373 0.957631
vn -0.270040 -0.300522 0.914749
vn 0.000000 -0.298177 0.954511
vn -0.939777 0.060876 -0.336322
vn -0.891266 -0.322665 -0.318642
vn -0.945513 -0.325585 0.000000
vn -0.998109 0.061475 -0.000000
vn -0.282426 0.056373 0.957631
vn -0.549644 0.057664 0.833406
vn -0.524346 -0.306910 0.794272
vn -0.270040 -0.300522 0.914749
vn -0.998109 0.061475 -0.000000
vn -0.945513 -0.325585 0.000000
vn -0.891266 -0.322665 0.318642
vn -0.939777 0.060876 0.336322
vn -0.549644 0.057664 0.833406
vn -0.779376 0.059380 0.623736
vn -0.741202 -0.315350 0.592599
vn -0.524346 -0.306910 0.794272
vn -0.939777 0.060876 0.336322
vn -0.891266 -0.322665 0.318642
vn -0.741202 -0.315350 0.592599
vn -0.779376 0.059380 0.623736
vn 0.000000 0.994996 0.099917
vn 0.027600 0.995054 0.095426
vn 0.000000 1.000000 0.000000
vn 0.000000 1.000000 0.000000
vn 0.027600 0.995054 0.095426
vn 0.053107 0.995208 0.082106
vn 0.000000 1.000000 0.000000
vn 0.000000 1.000000 0.000000
vn 0.053107 0.995208 0.082106
vn 0.074212 0.995402 0.060559
vn 0.000000 1.000000 0.000000
vn 0.000000 1.000000 0.000000
vn 0.074212 0.995402 0.060559
vn 0.088400 0.995563 0.032258
vn 0.000000 1.000000 0.000000
vn 0.000000 1.000000 0.000000
vn 0.088400 0.995563 0.032258
vn 0.093441 0.995625 0.000000
vn 0.000000 1.000000 0.000000
vn 0.000000 1.000000 0.000000
vn 0.093441 0.995625 0.000000
vn 0.088400 0.995563 -0.032258
vn 0.000000 1.000000 0.000000
vn 0.000000 1.000000 0.000000
vn 0.088400 0.995563 -0.032258
vn 0.074212 0.995402 -0.060559
vn 0.000000 1.000000 0.000000
vn 0.000000 1.000000 0.000000
vn 0.074212 0.995402 -0.060559
vn 0.053106 0.995208 -0.082106
vn 0.000000 1.000000 0.000000
vn 0.000000 1.000000 0.000000
vn 0.053106 0.995208 -0.082106
vn 0.027600 0.995054 -0.095426
vn 0.000000 1.000000 0.000000
vn 0.000000 1.000000 0.000000
vn 0.027600 0.995054 -0.095426
vn 0.000000 0.994996 -0.099917
vn 0.000000 1.000000 0.000000
vn 0.000000 1.000000 0.000000
vn 0.000000 0.994996 -0.099917
vn -0.027600 0.995054 -0.095426
vn 0.000000 1.000000 0.000000
vn 0.000000 1.000000 0.000000
vn -0.027600 0.995054 -0.095426
vn -0.053106 0.995208 -0.082106
vn 0.000000 1.000000 0.000000
vn 0.000000 1.000000 0.000000
vn -0.053106 0.995208 -0.082106
vn -0.074212 0.995402 -0.060559
vn 0.000000 1.000000 0.000000
vn 0.000000 1.000000 0.000000
vn -0.074212 0.995402 -0.060559
vn -0.088400 0.995563 -0.032258
vn 0.000000 1.000000 0.000000
vn 0.000000 1.000000 0.000000
vn -0.088400 0.995563 -0.032258
vn -0.093441 0.995625 -0.000000
vn 0.000000 1.000000 0.000000
vn 0.000000 1.000000 0.000000
vn -0.093441 0.995625 -0.000000
vn -0.088400 0.995563 0.032258
vn 0.000000 1.000000 0.000000
vn 0.000000 1.000000 0.000000
vn -0.088400 0.995563 0.032258
vn -0.074212 0.995402 0.060559
vn 0.000000 1.000000 0.000000
vn 0.000000 1.000000 0.000000
vn -0.074212 0.995402 0.060559
vn -0.053106 0.995208 0.082106
vn 0.000000 1.000000 0.000000
vn 0.000000 1.000000 0.000000
vn -0.053106 0.995208 0.082106
vn -0.027600 0.995054 0.095426
vn 0.000000 1.000000 0.000000
vn 0.000000 1.000000 0.000000
vn -0.027600 0.995054 0.095426
vn 0.000000 0.994996 0.099917
vn 0.000000 1.000000 0.000000
vn 0.000000 1.000000 0.000000
vn 0.779377 0.059380 -0.623736
vn 0.756198 0.236415 -0.610141
vn 0.912571 0.242420 -0.329314
vn 0.939778 0.060877 -0.336321
vn 0.373595 0.879626 -0.294423
vn 0.074212 0.995402 -0.060559
vn 0.088400 0.995563 -0.032258
vn 0.439652 0.884709 -0.154906
vn 0.939778 0.060877 -0.336321
vn 0.912571 0.242420 -0.329314
vn 0.969562 0.244846 0.000001
vn 0.998109 0.061477 0.000001
vn 0.439652 0.884709 -0.154906
vn 0.088400 0.995563 -0.032258
vn 0.093441 0.995625 0.000000
vn 0.462445 0.886648 0.000000
vn 0.074212 0.995402 -0.060559
vn 0.373595 0.879626 -0.294423
vn 0.271028 0.873335 -0.404759
vn 0.053106 0.995208 -0.082106
vn 0.756198 0.236415 -0.610141
vn 0.779377 0.059380 -0.623736
vn 0.549644 0.057664 -0.833406
vn 0.532881 0.229607 -0.814444
vn 0.998109 0.061477 0.000001
vn 0.969562 0.244846 0.000001
vn 0.912570 0.242421 0.329315
vn 0.939777 0.060877 0.336322
vn 0.462445 0.886648 0.000000
vn 0.093441 0.995625 0.000000
vn 0.088400 0.995563 0.032258
vn 0.439654 0.884708 0.154907
vn 0.053106 0.995208 -0.082106
vn 0.271028 0.873335 -0.404759
vn 0.142299 0.868244 -0.475292
vn 0.027600 0.995054 -0.095426
vn 0.532881 0.229607 -0.814444
vn 0.549644 0.057664 -0.833406
vn 0.282426 0.056373 -0.957631
vn 0.273679 0.224533 -0.935246
vn 0.939777 0.060877 0.336322
vn 0.912570 0.242421 0.329315
vn 0.756198 0.236415 0.610141
vn 0.779377 0.059380 0.623736
vn 0.439654 0.884708 0.154907
vn 0.088400 0.995563 0.032258
vn 0.074212 0.995402 0.060559
vn 0.373597 0.879625 0.294425
vn 0.027600 0.995054 -0.095426
vn 0.142299 0.868244 -0.475292
vn 0.000000 0.866300 -0.499524
vn 0.000000 0.994996 -0.099917
vn 0.273679 0.224533 -0.935246
vn 0.282426 0.056373 -0.957631
vn 0.000000 0.055902 -0.998436
vn 0.000000 0.222687 -0.974890
vn 0.779377 0.059380 0.623736
vn 0.756198 0.236415 0.610141
vn 0.532881 0.229606 0.814444
vn 0.549644 0.057664 0.833406
vn 0.373597 0.879625 0.294425
vn 0.074212 0.995402 0.060559
vn 0.053107 0.995208 0.082106
vn 0.271029 0.873334 0.404761
vn 0.000000 0.994996 -0.099917
vn 0.000000 0.866300 -0.499524
vn -0.142299 0.868244 -0.475292
vn -0.027600 0.995054 -0.095426
vn 0.000000 0.222687 -0.974890
vn 0.000000 0.055902 -0.998436
vn -0.282427 0.056374 -0.957631
vn -0.273679 0.224533 -0.935246
vn 0.549644 0.057664 0.833406
vn 0.532881 0.229606 0.814444
vn 0.273679 0.224533 0.935246
vn 0.282427 0.056373 0.957631
vn 0.271029 0.873334 0.404761
vn 0.053107 0.995208 0.082106
vn 0.027600 0.995054 0.095426
vn 0.142299 0.868244 0.475293
vn -0.027600 0.995054 -0.095426
vn -0.142299 0.868244 -0.475292
vn -0.271028 0.873335 -0.404759
vn -0.053106 0.995208 -0.082106
vn -0.273679 0.224533 -0.935246
vn -0.282427 0.056374 -0.957631
vn -0.549645 0.057664 -0.833406
vn -0.532881 0.229607 -0.814444
vn 0.282427 0.056373 0.957631
vn 0.273679 0.224533 0.935246
vn 0.000000 0.222687 0.974890
vn 0.000000 0.055901 0.998436
vn 0.142299 0.868244 0.475293
vn 0.027600 0.995054 0.095426
vn 0.000000 0.994996 0.099917
vn 0.000000 0.866300 0.499524
vn -0.053106 0.995208 -0.082106
vn -0.271028 0.873335 -0.404759
vn -0.373596 0.879625 -0.294424
vn -0.074212 0.995402 -0.060559
vn -0.532881 0.229607 -0.814444
vn -0.549645 0.057664 -0.833406
vn -0.779377 0.059379 -0.623736
vn -0.756198 0.236415 -0.610141
vn 0.000000 0.055901 0.998436
vn 0.000000 0.222687 0.974890
vn -0.273679 0.224533 0.935246
vn -0.282426 0.056373 0.957631
vn 0.000000 0.866300 0.499524
vn 0.000000 0.994996 0.099917
vn -0.027600 0.995054 0.095426
vn -0.142299 0.868244 0.475293
vn -0.074212 0.995402 -0.060559
vn -0.373596 0.879625 -0.294424
vn -0.439652 0.884709 -0.154907
vn -0.088400 0.995563 -0.032258
vn -0.756198 0.236415 -0.610141
vn -0.779377 0.059379 -0.623736
vn -0.939777 0.060876 -0.336322
vn -0.912570 0.242419 -0.329315
vn -0.282426 0.056373 0.957631
vn -0.273679 0.224533 0.935246
vn -0.532881 0.229607 0.814444
vn -0.549644 0.057664 0.833406
vn -0.142299 0.868244 0.475293
vn -0.027600 0.995054 0.095426
vn -0.053106 0.995208 0.082106
vn -0.271029 0.873334 0.404760
vn -0.088400 0.995563 -0.032258
vn -0.439652 0.884709 -0.154907
vn -0.462444 0.886648 -0.000000
vn -0.093441 0.995625 -0.000000
vn -0.912570 0.242419 -0.329315
vn -0.939777 0.060876 -0.336322
vn -0.998109 0.061475 -0.000000
vn -0.969563 0.244843 -0.000000
vn -0.549644 0.057664 0.833406
vn -0.532881 0.229607 0.814444
vn -0.756198 0.236415 0.610141
vn -0.779376 0.059380 0.623736
vn -0.271029 0.873334 0.404760
vn -0.053106 0.995208 0.082106
vn -0.074212 0.995402 0.060559
vn -0.373597 0.879625 0.294424
vn -0.093441 0.995625 -0.000000
vn -0.462444 0.886648 -0.000000
vn -0.439653 0.884709 0.154907
vn -0.088400 0.995563 0.032258
vn -0.969563 0.244843 -0.000000
vn -0.998109 0.061475 -0.000000
vn -0.939777 0.060876 0.336322
vn -0.912571 0.242418 0.329315
vn -0.088400 0.995563 0.032258
vn -0.439653 0.884709 0.154907
vn -0.373597 0.879625 0.294424
vn -0.074212 0.995402 0.060559
vn -0.912571 0.242418 0.329315
vn -0.939777 0.060876 0.336322
vn -0.779376 0.059380 0.623736
vn -0.756198 0.236415 0.610141
vn 0.000000 -1.000000 0.000001
vn 0.000000 -1.000000 0.000000
vn 0.000000 -1.000000 0.000000
vn 0.000000 -1.000000 0.000000
vn 0.000000 -1.000000 0.000000
vn 0.000000 -1.000000 0.000000
vn 0.000000 -1.000000 0.000000
vn 0.000000 -1.000000 0.000000
vn 0.000000 -1.000000 0.000000
vn 0.000000 -1.000000 0.000000
vn 0.000000 -1.000000 0.000000
vn 0.000000 -1.000000 0.000000
vn 0.000000 -1.000000 0.000000
vn 0.000000 -1.000000 0.000000
vn 0.000000 -1.000000 0.000000
vn 0.000000 -1.000000 0.000000
vn 0.000000 -1.000000 0.000000
vn 0.000000 -1.000000 0.000000
vn 0.000000 -1.000000 0.000000
vn 0.000000 -1.000000 0.000000
vn 0.000000 -1.000000 0.000000
vn 0.000000 -1.000000 0.000000
vn 0.000000 -1.000000 0.000000
vn 0.000000 -1.000000 0.000000
vn 0.000000 -1.000000 0.000000
vn 0.000000 -1.000000 0.000000
vn 0.000000 -1.000000 0.000000
vn 0.000000 -1.000000 0.000000
vn 0.000000 -1.000000 0.000000
vn 0.000000 -1.000000 0.000000
vn 0.000000 -1.000000 0.000000
vn 0.000000 -1.000000 0.000000
vn 0.000000 -1.000000 0.000000
vn 0.000000 -1.000000 0.000000
vn 0.000000 -1.000000 0.000000
vn 0.000000 -1.000000 0.000000
vn 0.000000 -1.000000 0.000000
vn 0.000000 -1.000000 0.000000
vn 0.000000 -1.000000 0.000000
vn 0.000000 -1.000000 0.000000
vn 0.000000 -1.000000 0.000000
vn 0.000000 -1.000000 0.000000
vn 0.000000 -1.000000 0.000000
vn 0.000000 -1.000000 0.000000
vn 0.000000 -1.000000 0.000000
vn 0.000000 -1.000000 0.000000
vn 0.000000 -1.000000 0.000000
vn 0.000000 -1.000000 0.000000
vn 0.000000 -1.000000 0.000000
vn 0.000000 -1.000000 0.000000
vn 0.000000 -1.000000 0.000000
vn 0.000000 -1.000000 0.000000
vn 0.000000 -1.000000 0.000001
vn 0.000000 -1.000000 0.000000
vn 0.000000 1.000000 0.000000
vn 0.000000 1.000000 0.000000
vn 0.000000 1.000000 0.000000
vn 0.000000 1.000000 0.000000
vn 0.000000 1.000000 0.000000
vn 0.000000 1.000000 0.000000
vn 0.000000 1.000000 0.000000
vn 0.000000 1.000000 0.000000
vn 0.000000 1.000000 0.000000
vn 0.000000 1.000000 0.000000
vn 0.000000 1.000000 0.000000
vn 0.000000 1.000000 0.000000
vn 0.000000 1.000000 0.000000
vn 0.000000 1.000000 0.000000
vn 0.000000 1.000000 0.000000
vn 0.000000 1.000000 0.000000
vn 0.000000 1.000000 0.000000
vn 0.000000 1.000000 0.000000
vn 0.000000 1.000000 0.000000
vn 0.000000 1.000000 0.000000
vn 0.000000 1.000000 0.000000
vn 0.000000 1.000000 0.000000
vn 0.000000 1.000000 0.000000
vn 0.000000 1.000000 0.000000
vn 0.000000 1.000000 0.000000
vn 0.000000 1.000000 0.000000
vn 0.000000 1.000000 0.000000
vn 0.000000 1.000000 0.000000
vn 0.000000 1.000000 0.000000
vn 0.000000 1.000000 0.000000
vn 0.000000 1.000000 0.000000
vn 0.000000 1.000000 0.000000
vn 0.000000 1.000000 0.000000
vn 0.000000 1.000000 0.000000
vn 0.000000 1.000000 0.000000
vn 0.000000 1.000000 0.000000
vn 0.000000 1.000000 0.000000
vn 0.000000 1.000000 0.000000
vn 0.000000 1.000000 0.000000
vn 0.000000 1.000000 0.000000
vn 0.000000 1.000000 0.000000
vn 0.000000 1.000000 0.000000
vn 0.000000 1.000000 0.000000
vn 0.000000 1.000000 0.000000
vn 0.000000 1.000000 0.000000
vn 0.000000 1.000000 0.000000
vn 0.000000 1.000000 0.000000
vn 0.000000 1.000000 0.000000
vn 0.000000 1.000000 0.000000
vn 0.000000 1.000000 0.000000
vn 0.000000 1.000000 0.000000
vn 0.000000 1.000000 0.000000
vn 0.000000 1.000000 0.000000
vn 0.000000 1.000000 0.000000
s off
g initialShadingGrouppolySurface4
usemtl aiStandardSurface3SG
f 201/229/829 202/230/830 206/231/831 205/232/832
f 201/229/833 205/232/834 208/233/835 203/234/836
f 202/230/837 204/235/838 210/236/839 206/231/840
f 205/232/841 206/231/842 212/237/843 211/238/844
f 203/234/845 208/233/846 214/239/847 207/240/848
f 205/232/849 211/238/850 215/241/851 208/233/852
f 204/235/853 209/242/854 217/243/855 210/236/856
f 206/231/857 210/236/858 218/244/859 212/237/860
f 211/238/861 212/237/862 220/245/863 219/246/864
f 207/240/865 214/239/866 222/247/867 213/248/868
f 208/233/869 215/241/870 223/249/871 214/239/872
f 211/238/873 219/246/874 224/250/875 215/241/876
f 209/242/877 216/251/878 226/252/879 217/243/880
f 210/236/881 217/243/882 227/253/883 218/244/884
f 212/237/885 218/244/886 228/254/887 220/245/888
f 219/246/889 220/245/890 230/255/891 229/256/892
f 213/248/893 222/247/894 232/257/895 221/258/896
f 214/239/897 223/249/898 233/259/899 222/247/900
f 215/241/901 224/250/902 234/260/903 223/249/904
f 219/246/905 229/256/906 235/261/907 224/250/908
f 216/251/909 225/262/910 237/263/911 226/252/912
f 217/243/913 226/252/914 238/264/915 227/253/916
f 218/244/917 227/253/918 239/265/919 228/254/920
f 220/245/921 228/254/922 240/266/923 230/255/924
f 229/256/925 230/255/926 242/267/927 241/268/928
f 221/258/929 232/257/930 244/269/931 231/270/932
f 222/247/933 233/259/934 245/271/935 232/257/936
f 223/249/937 234/260/938 246/272/939 233/259/940
f 224/250/941 235/261/942 247/273/943 234/260/944
f 229/256/945 241/268/946 248/274/947 235/261/948
f 225/262/949 236/275/950 250/276/951 237/263/952
f 226/252/953 237/263/954 251/277/955 238/264/956
f 227/253/957 238/264/958 252/278/959 239/265/960
f 228/254/961 239/265/962 253/279/963 240/266/964
f 230/255/965 240/266/966 254/280/967 242/267/968
f 231/270/969 244/269/970 256/281/971 243/282/972
f 232/257/973 245/271/974 257/283/975 244/269/976
f 233/259/977 246/272/978 258/284/979 245/271/980
f 234/260/981 247/273/982 259/285/983 246/272/984
f 235/261/985 248/274/986 260/286/987 247/273/988
f 236/275/989 249/287/990 262/288/991 250/276/992
f 237/263/993 250/276/994 263/289/995 251/277/996
f 238/264/997 251/277/998 264/290/999 252/278/1000
f 239/265/1001 252/278/1002 265/291/1003 253/279/1004
f 240/266/1005 253/279/1006 266/292/1007 254/280/1008
f 243/282/1009 256/281/1010 268/293/1011 255/294/1012
f 244/269/1013 257/283/1014 269/295/1015 256/281/1016
f 245/271/1017 258/284/1018 270/296/1019 257/283/1020
f 246/272/1021 259/285/1022 271/297/1023 258/284/1024
f 247/273/1025 260/286/1026 272/298/1027 259/285/1028
f 249/287/1029 261/299/1030 274/300/1031 262/288/1032
f 250/276/1033 262/288/1034 275/301/1035 263/289/1036
f 251/277/1037 263/289/1038 276/302/1039 264/290/1040
f 252/278/1041 264/290/1042 277/303/1043 265/291/1044
f 253/279/1045 265/291/1046 278/304/1047 266/292/1048
f 255/294/1049 268/293/1050 280/305/1051 267/306/1052
f 256/281/1053 269/295/1054 281/307/1055 268/293/1056
f 257/283/1057 270/296/1058 282/308/1059 269/295/1060
f 258/284/1061 271/297/1062 283/309/1063 270/296/1064
f 259/285/1065 272/298/1066 284/310/1067 271/297/1068
f 261/299/1069 273/311/1070 286/312/1071 274/300/1072
f 262/288/1073 274/300/1074 287/313/1075 275/301/1076
f 263/289/1077 275/301/1078 288/314/1079 276/302/1080
f 264/290/1081 276/302/1082 289/315/1083 277/303/1084
f 265/291/1085 277/303/1086 290/316/1087 278/304/1088
f 267/306/1089 280/305/1090 291/317/1091 279/318/1092
f 268/293/1093 281/307/1094 292/319/1095 280/305/1096
f 269/295/1097 282/308/1098 293/320/1099 281/307/1100
f 270/296/1101 283/309/1102 294/321/1103 282/308/1104
f 271/297/1105 284/310/1106 295/322/1107 283/309/1108
f 273/311/1109 285/323/1110 296/324/1111 286/312/1112
f 274/300/1113 286/312/1114 297/325/1115 287/313/1116
f 275/301/1117 287/313/1118 298/326/1119 288/314/1120
f 276/302/1121 288/314/1122 299/327/1123 289/315/1124
f 277/303/1125 289/315/1126 300/328/1127 290/316/1128
f 279/318/1129 291/317/1130 296/324/1131 285/323/1132
f 280/305/1133 292/319/1134 301/329/1135 291/317/1136
f 281/307/1137 293/320/1138 302/330/1139 292/319/1140
f 282/308/1141 294/321/1142 303/331/1143 293/320/1144
f 283/309/1145 295/322/1146 304/332/1147 294/321/1148
f 286/312/1149 296/324/1150 305/333/1151 297/325/1152
f 287/313/1153 297/325/1154 306/334/1155 298/326/1156
f 288/314/1157 298/326/1158 307/335/1159 299/327/1160
f 289/315/1161 299/327/1162 308/336/1163 300/328/1164
f 291/317/1165 301/329/1166 305/333/1167 296/324/1168
f 292/319/1169 302/330/1170 309/337/1171 301/329/1172
f 293/320/1173 303/331/1174 310/338/1175 302/330/1176
f 294/321/1177 304/332/1178 311/339/1179 303/331/1180
f 297/325/1181 305/333/1182 312/340/1183 306/334/1184
f 298/326/1185 306/334/1186 313/341/1187 307/335/1188
f 299/327/1189 307/335/1190 314/342/1191 308/336/1192
f 301/329/1193 309/337/1194 312/340/1195 305/333/1196
f 302/330/1197 310/338/1198 315/343/1199 309/337/1200
f 303/331/1201 311/339/1202 316/344/1203 310/338/1204
f 306/334/1205 312/340/1206 317/345/1207 313/341/1208
f 307/335/1209 313/341/1210 318/346/1211 314/342/1212
f 309/337/1213 315/343/1214 317/345/1215 312/340/1216
f 310/338/1217 316/344/1218 319/347/1219 315/343/1220
f 313/341/1221 317/345/1222 320/348/1223 318/346/1224
f 315/343/1225 319/347/1226 320/348/1227 317/345/1228
f 341/349/1229 344/350/1230 202/230/1231 201/229/1232
f 341/349/1233 201/229/1234 203/234/1235 347/351/1236
f 344/350/1237 350/352/1238 204/235/1239 202/230/1240
f 347/351/1241 203/234/1242 207/240/1243 353/353/1244
f 350/352/1245 356/354/1246 209/242/1247 204/235/1248
f 353/353/1249 207/240/1250 213/248/1251 359/355/1252
f 356/354/1253 362/356/1254 216/251/1255 209/242/1256
f 359/355/1257 213/248/1258 221/258/1259 365/357/1260
f 362/356/1261 368/358/1262 225/262/1263 216/251/1264
f 365/357/1265 221/258/1266 231/270/1267 371/359/1268
f 368/358/1269 374/360/1270 236/275/1271 225/262/1272
f 371/359/1273 231/270/1274 243/282/1275 377/361/1276
f 374/360/1277 380/362/1278 249/287/1279 236/275/1280
f 377/361/1281 243/282/1282 255/294/1283 383/363/1284
f 380/362/1285 386/364/1286 261/299/1287 249/287/1288
f 383/363/1289 255/294/1290 267/306/1291 389/365/1292
f 386/364/1293 392/366/1294 273/311/1295 261/299/1296
f 389/365/1297 267/306/1298 279/318/1299 395/367/1300
f 392/366/1301 398/368/1302 285/323/1303 273/311/1304
f 395/367/1305 279/318/1306 285/323/1307 398/368/1308
f 382/369/1309 376/370/1310 330/371/1311 331/372/1312
f 376/370/1313 370/373/1314 329/374/1315 330/371/1316
f 370/373/1317 364/375/1318 328/376/1319 329/374/1320
f 364/375/1321 358/377/1322 327/378/1323 328/376/1324
f 358/377/1325 352/379/1326 326/380/1327 327/378/1328
f 352/379/1329 346/381/1330 325/382/1331 326/380/1332
f 346/381/1333 343/383/1334 324/384/1335 325/382/1336
f 343/383/1337 349/385/1338 323/386/1339 324/384/1340
f 349/387/1341 355/388/1342 322/389/1343 323/390/1344
f 355/388/1345 361/391/1346 321/392/1347 322/389/1348
f 361/391/1349 367/393/1350 340/394/1351 321/392/1352
f 367/393/1353 373/395/1354 339/396/1355 340/394/1356
f 373/395/1357 379/397/1358 338/398/1359 339/396/1360
f 379/397/1361 385/399/1362 337/400/1363 338/398/1364
f 385/399/1365 391/401/1366 336/402/1367 337/400/1368
f 391/401/1369 397/403/1370 335/404/1371 336/402/1372
f 397/403/1373 400/405/1374 334/406/1375 335/404/1376
f 400/405/1377 394/407/1378 333/408/1379 334/406/1380
f 394/409/1381 388/410/1382 332/411/1383 333/412/1384
f 388/410/1385 382/369/1386 331/372/1387 332/411/1388
f 341/349/1389 342/413/1390 345/414/1391 344/350/1392
f 342/413/1393 343/383/1394 346/381/1395 345/414/1396
f 344/350/1397 345/414/1398 351/415/1399 350/352/1400
f 345/414/1401 346/381/1402 352/379/1403 351/415/1404
f 343/383/1405 342/413/1406 348/416/1407 349/385/1408
f 342/413/1409 341/349/1410 347/351/1411 348/416/1412
f 350/352/1413 351/415/1414 357/417/1415 356/354/1416
f 351/415/1417 352/379/1418 358/377/1419 357/417/1420
f 349/387/1421 348/418/1422 354/419/1423 355/388/1424
f 348/418/1425 347/351/1426 353/353/1427 354/419/1428
f 356/354/1429 357/417/1430 363/420/1431 362/356/1432
f 357/417/1433 358/377/1434 364/375/1435 363/420/1436
f 355/388/1437 354/419/1438 360/421/1439 361/391/1440
f 354/419/1441 353/353/1442 359/355/1443 360/421/1444
f 362/356/1445 363/420/1446 369/422/1447 368/358/1448
f 363/420/1449 364/375/1450 370/373/1451 369/422/1452
f 361/391/1453 360/421/1454 366/423/1455 367/393/1456
f 360/421/1457 359/355/1458 365/357/1459 366/423/1460
f 368/358/1461 369/422/1462 375/424/1463 374/360/1464
f 369/422/1465 370/373/1466 376/370/1467 375/424/1468
f 367/393/1469 366/423/1470 372/425/1471 373/395/1472
f 366/423/1473 365/357/1474 371/359/1475 372/425/1476
f 374/360/1477 375/424/1478 381/426/1479 380/362/1480
f 375/424/1481 376/370/1482 382/369/1483 381/426/1484
f 373/395/1485 372/425/1486 378/427/1487 379/397/1488
f 372/425/1489 371/359/1490 377/361/1491 378/427/1492
f 380/362/1493 381/426/1494 387/428/1495 386/364/1496
f 381/426/1497 382/369/1498 388/410/1499 387/428/1500
f 379/397/1501 378/427/1502 384/429/1503 385/399/1504
f 378/427/1505 377/361/1506 383/363/1507 384/429/1508
f 386/364/1509 387/428/1510 393/430/1511 392/366/1512
f 387/428/1513 388/410/1514 394/409/1515 393/430/1516
f 385/399/1517 384/429/1518 390/431/1519 391/401/1520
f 384/429/1521 383/363/1522 389/365/1523 390/431/1524
f 392/366/1525 393/432/1526 399/433/1527 398/368/1528
f 393/432/1529 394/407/1530 400/405/1531 399/433/1532
f 391/401/1533 390/431/1534 396/434/1535 397/403/1536
f 390/431/1537 389/365/1538 395/367/1539 396/434/1540
f 397/403/1541 396/434/1542 399/433/1543 400/405/1544
f 396/434/1545 395/367/1546 398/368/1547 399/433/1548
f 242/267/1549 254/280/1550 241/268/1551
f 254/280/1552 266/292/1553 241/268/1554
f 266/292/1555 278/304/1556 241/268/1557
f 278/304/1558 290/316/1559 241/268/1560
f 241/268/1561 290/316/1562 248/274/1563
f 290/316/1564 300/328/1565 248/274/1566
f 248/274/1567 300/328/1568 260/286/1569
f 300/328/1570 308/336/1571 260/286/1572
f 260/286/1573 308/336/1574 272/298/1575
f 308/336/1576 314/342/1577 272/298/1578
f 314/342/1579 318/346/1580 272/298/1581
f 272/298/1582 318/346/1583 284/310/1584
f 284/310/1585 318/346/1586 295/322/1587
f 318/346/1588 320/348/1589 295/322/1590
f 320/348/1591 319/347/1592 295/322/1593
f 319/347/1594 316/344/1595 295/322/1596
f 316/344/1597 311/339/1598 295/322/1599
f 311/339/1600 304/332/1601 295/322/1602
f 322/435/1603 321/436/1604 323/437/1605
f 321/436/1606 340/438/1607 323/437/1608
f 340/438/1609 339/439/1610 323/437/1611
f 339/439/1612 338/440/1613 323/437/1614
f 338/440/1615 337/441/1616 323/437/1617
f 337/441/1618 336/442/1619 323/437/1620
f 336/442/1621 335/443/1622 323/437/1623
f 335/443/1624 334/444/1625 323/437/1626
f 334/444/1627 333/445/1628 323/437/1629
f 333/446/1630 332/447/1631 323/448/1632
f 332/447/1633 331/449/1634 323/448/1635
f 331/449/1636 330/450/1637 323/448/1638
f 330/450/1639 329/451/1640 323/448/1641
f 329/451/1642 328/452/1643 323/448/1644
f 328/452/1645 327/453/1646 323/448/1647
f 327/453/1648 326/454/1649 323/448/1650
f 326/454/1651 325/455/1652 323/448/1653
f 325/455/1654 324/456/1655 323/448/1656
g default
v 4.658072 -3.207154 -15.474794
v -12.792884 -3.732744 -10.101534
v -13.751716 -3.516872 9.331209
v 8.109535 -2.104511 -25.746956
v -0.232799 -2.528451 -27.542912
v -21.557570 -2.039981 -17.179583
v -26.415085 -2.214195 -7.400337
v -22.646189 -2.658374 15.185905
v -15.345642 -2.089990 22.646734
v 15.676462 -2.483298 21.896194
v 21.880993 -2.388998 15.312243
v 33.798771 -0.490255 -10.250516
v 11.923222 6.572682 -39.415447
v -31.916136 6.438403 23.481451
v 11.619539 9.927350 -37.726631
v -30.091452 10.624613 -24.328833
v -31.409559 10.349611 22.436127
v 36.321167 10.657287 -11.399355
v 35.474560 11.908866 -10.672505
v 9.850719 13.020811 -31.263071
v -0.005809 13.455416 -32.131779
v -31.043297 13.768673 -8.840742
v -26.927969 13.557702 18.257221
v -17.745062 14.043948 26.692764
v 18.913368 13.366198 26.450891
v 26.083038 13.511006 18.157793
v 4.462575 15.557869 -14.275946
v -0.459245 15.781773 -15.580710
v -12.305866 16.270697 -9.475154
v -14.882948 14.894868 -4.438796
v -12.593121 16.290573 8.365251
v -8.323048 15.251917 12.752268
v 9.087655 15.783725 12.974994
v 12.556409 15.786947 8.839200
v -13.605593 -3.434235 -13.636633
v -20.823093 14.132076 -20.792372
v -13.342254 15.490797 -13.600193
v -16.540680 -2.929065 1.334035
v 14.406685 -3.960052 8.199660
v 15.615925 -3.862350 -2.650553
v 37.735935 3.353700 -6.429932
v 37.831280 5.015332 -6.455481
v 34.573315 6.798447 -17.847984
v 16.565229 5.679786 -37.026962
v -6.304229 6.504748 -41.049938
v -38.676979 7.000161 3.820448
v -17.387196 6.721120 37.073612
v 16.720383 6.717126 37.098209
v 33.161495 6.335980 21.007019
v 38.013615 7.250069 -6.524096
v -37.683517 10.638817 3.837375
v 32.533169 10.575830 19.657511
v 37.739880 10.617988 -6.214241
v 23.285458 15.194966 -6.946537
v -5.818482 -4.509604 -0.011617
v 18.269791 -1.726587 -22.612518
v -1.304492 -1.849748 30.276012
v 35.231552 2.904438 -14.475618
v -20.951292 2.338777 33.327042
v 35.399002 4.608819 -14.759832
v -21.028301 4.238609 34.131901
v -26.694218 14.454137 5.585003
v -15.102814 14.819537 -3.631804
v 10.785092 -4.229428 -4.403309
v 14.808843 -3.466137 -5.915868
v 8.222395 -4.282976 -8.419707
v 1.519367 -3.551179 -11.719012
v -8.570006 -3.434098 8.634082
v -6.943815 -4.161948 10.674502
v -9.215672 -4.517182 14.206197
v 1.532754 -3.765645 11.855651
v 11.568578 -3.975663 -2.009515
v 17.653440 -4.139712 -7.097653
v -10.950548 -3.460192 16.115240
v 21.377819 -2.259983 -20.617069
v -29.368322 -1.352883 -4.101532
v 21.493900 -1.728402 20.410137
v 29.108841 -2.004267 2.847865
v -34.565643 0.050946 7.424752
v 30.511036 0.369786 -21.340925
v 11.312498 0.066557 -35.657711
v -0.029724 0.428870 -37.468464
v -22.783100 0.105493 -30.135244
v -29.304699 0.743989 -23.220108
v -35.992073 0.761052 -10.122091
v -35.599129 0.913619 9.918381
v -30.532455 0.508603 21.341063
v -20.571192 1.043814 31.681158
v -16.812550 0.873458 33.957191
v -1.513240 1.127313 38.341709
v 12.014299 0.343556 35.906033
v 21.850906 0.640114 30.483854
v 30.519611 0.146380 21.383718
v 35.493755 0.927460 10.969380
v 37.139961 0.346052 0.783530
v -27.383766 2.406393 -28.414345
v -30.016939 2.784045 -24.583368
v -37.908878 2.845671 3.736586
v 32.716637 2.373084 20.211872
v 31.319252 4.566343 -23.236628
v 11.678987 4.071974 -38.749180
v -30.142958 4.544788 -25.159651
v -31.238565 4.012934 23.065544
v 34.237911 4.250861 -17.643955
v 35.763493 6.941802 -14.943349
v 16.400002 3.391864 -36.798065
v -6.225722 4.139408 -40.755924
v -17.161385 4.426800 36.424858
v -21.177286 6.421204 34.193939
v 16.562279 4.137230 36.876755
v 35.320721 10.563441 -14.261107
v -21.000257 10.959926 32.977028
v -37.241611 10.522054 8.129911
v -36.246471 11.871291 7.684960
v -26.026543 11.985422 26.409912
v -16.731182 12.042329 33.545910
v 25.795921 15.396044 -7.727663
v -24.535540 15.866861 5.050472
v 8.504749 15.010223 -12.096890
v -5.665189 15.424316 -14.394478
v -9.410806 16.000368 -12.256674
v -15.750068 15.547341 0.167407
v -14.466451 15.827017 3.966526
v -4.606656 15.088504 14.794638
v -0.753353 15.315222 15.781743
v 4.908932 15.075435 14.883855
v 14.563473 15.481540 4.347128
v 14.732332 14.970516 0.055590
v 15.862610 -3.993271 -11.067446
v -11.681800 -3.544145 -15.445388
v -16.387749 -2.892126 10.760632
v -13.038071 -3.233247 14.318739
v 5.988566 -4.190946 18.380426
v 18.706209 -3.709510 5.709435
v 19.141176 -4.203153 0.470545
v 18.152891 -4.259787 -5.763391
v 20.835030 -1.872166 -17.154169
v 7.785703 -2.699533 -20.816286
v 9.787868 -2.788160 -20.552629
v 13.677929 -2.102469 -24.002823
v 1.991817 -2.770962 -23.020437
v 2.827898 -2.849832 -22.933491
v -22.396236 -2.407468 -3.264453
v -24.760714 -2.582226 10.521163
v -15.083981 -2.499998 16.568043
v -10.420192 -3.329498 20.202478
v 1.586120 -2.093257 27.993763
v 11.756223 -3.522181 19.254808
v 26.770954 -1.944002 -4.221698
v 9.553798 -2.176030 -25.295517
v 11.545570 -2.140089 -24.623531
v 2.441442 -2.505897 -27.515778
v 3.495164 -2.452258 -27.315107
v -26.766233 -2.003768 -3.871047
v -18.153980 -2.192730 20.283709
v -12.201083 -2.366036 24.591265
v 14.439676 -2.288845 22.911844
v 28.356215 -1.094126 -13.721176
v 11.408795 -1.752771 -29.519348
v 13.613580 -1.753906 -28.966665
v 2.974929 -1.745511 -31.793699
v 4.189660 -1.496239 -31.588902
v -31.595209 -1.249644 -4.440838
v -21.165758 -0.893184 23.514580
v -14.302629 -0.807007 28.582794
v 17.077932 -1.242746 26.962276
v 31.516384 6.773216 -23.466068
v -23.423002 6.332123 -33.053810
v -25.424170 6.785650 30.624712
v 12.511573 6.593239 39.160275
v 36.646587 6.333892 11.972731
v 38.443905 6.791413 0.723039
v 36.994289 7.099634 -11.964200
v 24.956711 13.654815 -20.428560
v 25.798326 13.022854 -21.163261
v 24.169640 13.181729 -23.275972
v 15.894921 12.486598 -27.899645
v 16.543718 12.358809 -28.920424
v 14.253618 12.944346 -30.230635
v 4.510269 12.714315 -33.605495
v -15.380675 13.064648 -29.870499
v -29.493752 13.402865 -15.800940
v -29.901266 13.244580 12.739290
v -31.122076 13.461315 13.158737
v -23.520527 13.106443 23.554695
v 1.924610 12.918797 32.265785
v 1.980472 13.115746 33.620380
v 5.063405 13.033200 32.618256
v 31.897984 13.476244 -4.934209
v 33.053265 13.610660 -5.139008
v 23.938883 13.735273 -16.982815
v -17.675404 14.163388 -23.330791
v -28.508055 14.817495 -8.021861
v -29.858473 14.267490 0.194680
v -27.225435 13.886616 11.918730
v -24.358873 13.934264 16.760679
v -19.522005 14.009505 21.863113
v -8.960727 13.952643 28.167208
v 9.647689 13.656902 27.760509
v 23.864960 13.966621 16.543945
v 28.117378 14.272254 8.485054
v 29.619410 13.724200 0.725353
v 27.801762 13.978510 -8.483466
v 0.017970 15.180625 -19.108185
v -11.331603 15.297252 -14.923745
v -18.941957 15.271476 0.192547
v -17.719061 15.513351 7.152018
v -5.676307 14.487900 17.817217
v 6.049103 15.096355 18.193190
v 10.938477 16.135647 15.877859
v 14.979744 15.398766 10.633886
v 17.809410 15.817079 5.364819
v 18.531679 15.154259 0.521098
v 11.568260 15.732990 -5.557502
v 6.677934 16.013166 -5.519020
v 4.315044 16.077152 -11.866951
v 5.457621 15.629524 -11.397631
v 0.763472 16.026371 -13.493914
v 1.411861 16.387913 -12.711472
v -0.529630 15.881745 -13.573918
v -2.426739 15.829105 -13.031037
v -5.719735 15.755272 -7.370114
v -8.429101 15.673270 -10.487355
v -9.627358 15.785722 -9.243082
v -12.625250 15.781773 -2.134855
v -12.909374 15.327883 -0.119939
v -11.961704 16.225225 4.902715
v -7.812750 15.924448 4.724054
v -8.684726 16.451401 9.858388
v -6.157380 15.984985 6.499454
v -6.005357 15.248649 11.731447
v -4.052794 15.105521 12.679842
v 2.835113 15.507452 8.630134
v 4.039588 15.453313 12.890314
v 6.926888 16.140230 11.133520
v 5.461297 16.037354 12.737157
v 7.543647 15.978813 10.660071
v 10.130078 15.967968 7.241371
v 8.032526 16.381559 2.401916
v 12.108009 15.033821 3.369190
v 8.119201 16.551872 -0.357231
v 12.447269 15.567081 -0.091214
v 7.834124 15.799018 -3.060652
v 0.013705 -4.363390 -5.907200
v -3.502471 -4.787601 -4.718245
v -4.792442 -3.558758 3.299759
v -3.938618 -3.644117 4.468429
v 1.912765 -4.870738 5.538488
v 0.827640 -4.616700 2.135218
v 4.826113 -4.715947 3.422375
v 5.691827 -4.233739 0.076692
v 5.444052 -4.120516 -1.722896
v -2.886846 15.709301 1.511425
v -5.049065 15.664421 5.246740
v -0.317796 15.966424 1.999350
v 6.248912 16.624025 -2.598547
v -0.125158 -3.549636 -16.077938
v -9.905992 -3.799135 -13.300368
v -12.219507 -3.590251 -0.108458
v -16.868095 -3.080271 0.061944
v -11.186251 -3.573551 4.543079
v -14.881451 -3.444808 6.381421
v -3.689572 -4.349549 12.298151
v -5.032320 -4.441534 16.125725
v 5.085959 -4.380044 15.663302
v 9.330347 -3.208742 13.033034
v 9.727013 -4.005387 6.758120
v 13.141945 -4.042599 9.178415
v 16.142153 -3.944805 4.950137
v 16.285780 -4.684725 0.537662
v 17.137697 -4.047273 -8.373374
v 11.893680 -3.288883 -14.802127
v 13.671394 -3.740595 -13.325327
v 7.970264 -3.230116 -17.424681
v 2.501979 -2.898207 -19.299461
v -3.022532 -3.612896 -18.712246
v -8.955100 -3.854318 -17.240891
v -16.821671 -3.189002 -9.019902
v -19.531672 -2.560036 -2.872098
v -19.649614 -2.437555 0.235114
v -19.536663 -2.767013 1.838161
v -17.551517 -3.453794 7.540107
v -16.999424 -3.111901 9.480827
v -13.883499 -3.170260 13.539838
v -8.958322 -3.609583 17.698412
v -5.919635 -4.171387 18.749186
v -0.736381 -3.249810 19.846655
v -3.122459 -3.699435 19.558718
v 2.960543 -3.887717 19.590031
v 8.063338 -3.724758 17.754002
v 13.666084 -3.132912 13.285573
v 15.522806 -3.176476 10.741709
v 16.365965 -3.463460 9.591645
v 19.155699 -3.897973 2.118972
v 18.553507 -3.495271 -2.982689
v 21.155956 -2.953026 -6.641312
v 22.210360 -1.840536 -15.499934
v 15.503837 -2.379831 -22.090557
v 16.937527 -2.898025 -16.468388
v 3.082434 -2.893260 -24.359056
v -9.636344 -2.078871 -25.244373
v -16.227148 -2.589759 -21.586748
v -10.805196 -2.491511 -21.128275
v -27.203518 -1.648125 0.441729
v -26.686592 -2.125295 -5.880789
v -21.703238 -3.271729 4.796480
v -26.063618 -2.218052 7.290110
v -17.413471 -2.407967 16.690977
v -8.360713 -2.538253 26.169670
v -1.088574 -2.324332 27.992493
v 8.663851 -2.157470 25.870117
v 3.730914 -2.853916 24.108467
v 25.802002 -2.425620 7.862759
v 26.821281 -1.980170 0.544605
v 23.462936 -2.661823 -3.792676
v 25.778585 -2.339670 -7.851323
v 23.998920 -2.088764 -16.934576
v -17.947275 -1.814079 -23.718382
v -26.283484 -1.914551 5.656294
v -24.434069 -1.968553 16.700098
v -19.724991 -1.932884 22.005287
v 9.498525 -2.282401 27.948021
v 28.106939 -1.742788 8.586433
v 29.350851 -1.699223 0.796101
v 28.146832 -1.346984 -8.597143
v 30.510719 -0.832919 -9.294451
v 31.743420 -0.496200 -15.306706
v 12.831502 -0.612009 -32.960011
v 15.256924 -1.053058 -32.038342
v 3.328983 -0.357111 -35.299755
v 4.748242 -0.351211 -35.319996
v -5.620399 -0.533366 -35.188305
v -35.381710 -0.260088 -4.849030
v -31.096481 -1.080013 6.677752
v -35.089558 -0.435209 3.338241
v -23.524063 0.190716 26.809982
v -25.196405 -0.093453 25.188873
v -15.980826 0.006837 32.136818
v -5.535538 -0.630116 36.052155
v 18.955391 -0.428267 29.954540
v 15.251751 -0.407891 32.036030
v 30.463749 -0.077978 17.890686
v 34.899277 0.169433 -5.588361
v 11.556053 2.112512 -37.813396
v -0.167180 2.473782 -40.209869
v -23.209581 2.027017 -31.954981
v -37.844208 2.798657 0.619573
v -34.666298 2.787902 15.919609
v -31.322065 2.496563 22.771711
v -11.787127 2.519344 38.366852
v 12.255540 2.359606 37.710747
v 22.249748 2.292217 32.199986
v 31.048426 2.290674 22.503559
v 36.116413 2.404215 11.679169
v 37.788437 2.389693 0.808444
v -0.138908 4.085633 -41.362247
v -23.478592 4.040389 -32.638493
v -38.082638 4.565435 0.746455
v -34.896553 4.501767 16.200329
v -11.887145 4.176075 39.325413
v 12.234891 4.162280 38.655922
v 22.559467 3.929344 33.199661
v 31.481531 3.925351 23.451050
v 36.243793 4.104920 11.902801
v 38.188236 4.289571 0.646982
v -0.114539 6.548540 -41.609566
v -27.353453 4.220593 -28.929726
v -38.657600 6.974658 0.819608
v -35.357208 6.941621 16.336287
v -12.033586 6.469261 39.872150
v 22.724197 6.225752 33.539150
v 31.566257 6.323001 23.653126
v 24.511080 6.172068 -32.104687
v 27.587433 6.619060 -28.296539
v 5.225321 6.511328 -40.946247
v -17.527328 6.427012 -36.880203
v -27.538511 6.603359 -29.164295
v -33.859035 6.815283 -19.489784
v -38.389812 6.972978 -5.958162
v -33.097149 6.609530 20.631546
v -27.101231 6.757560 29.097450
v -1.600370 6.814421 41.757641
v -6.078600 6.374462 41.191666
v 5.940509 6.683863 41.489403
v 27.631042 5.916261 28.575762
v 38.485928 6.392660 4.053474
v -0.183517 10.078239 -39.598190
v -23.096903 10.191961 -31.361591
v -37.854557 10.721363 0.748860
v -34.941708 10.410012 15.477516
v -11.835231 10.627018 37.929207
v 12.340536 10.022693 37.271378
v 22.252426 10.033902 31.765745
v 31.060270 10.269561 22.423918
v 36.406437 10.640950 11.415874
v 38.470047 10.508259 0.792198
v 34.290417 10.576148 -17.096447
v 13.569697 9.709390 -36.417099
v 16.440344 9.441784 -35.520576
v 3.567818 10.311265 -39.446529
v 5.062634 9.945638 -39.189816
v -5.889684 10.498049 -38.800957
v -26.878143 10.364314 -27.674471
v -38.062759 10.565937 -5.741155
v -25.204166 10.953754 29.543716
v -17.186436 10.569159 35.275295
v 20.465681 10.230579 33.068333
v 16.491623 10.204123 35.335606
v 33.356812 11.735378 -16.224878
v 13.579455 11.488466 -35.146099
v 16.033377 11.058310 -33.573502
v 3.451464 11.917624 -37.569843
v 5.048566 11.453251 -37.577374
v -5.743197 11.675386 -37.031227
v -37.103020 11.735741 -5.480402
v -24.651983 12.329311 28.137030
v 19.938095 11.717317 31.518789
v 16.159306 11.418354 33.692760
v 31.773687 12.339431 -15.401550
v 26.612806 13.757691 -18.372122
v 18.454714 13.231465 -25.963690
v 19.259802 13.247893 -26.782845
v 15.460454 12.355541 -32.104961
v -5.519746 12.283432 -34.960224
v -11.181758 13.388071 -30.347713
v -11.535541 12.821774 -31.421947
v -19.450623 13.331392 -25.555454
v -25.163008 12.587478 -25.059631
v -25.442911 13.845819 -19.965004
v -32.763515 13.669382 0.251223
v -33.988594 13.015955 0.254309
v -31.716600 13.564100 -7.251536
v -32.909595 13.194072 -7.510384
v -31.235254 13.525799 8.630679
v -15.967801 12.542552 31.754581
v -9.817501 13.500886 31.052780
v -10.209992 13.265500 32.177708
v -1.206290 13.391248 32.555855
v 10.506414 12.832757 30.388056
v 15.390614 12.334213 32.141899
v 30.869040 13.627224 9.291365
v 32.385548 12.530844 0.662729
v 27.395384 14.394553 -10.548526
v 26.273317 14.194382 -12.669859
v 18.040895 14.157080 -22.617781
v 20.564655 14.327528 -20.097561
v 12.459885 13.640974 -26.791739
v 3.892965 13.873909 -28.702917
v -4.679173 13.756239 -29.097496
v -13.677974 13.725925 -26.267555
v -26.083857 14.115830 -13.965865
v -29.630438 14.871906 -4.565315
v -29.333563 14.027747 2.397741
v -25.682518 13.726651 15.078581
v -20.907774 13.802708 20.660908
v -13.382505 14.015722 26.419531
v -1.166492 13.537507 29.617685
v -4.476960 13.595049 29.536228
v 4.580336 13.860159 29.064594
v 12.729260 13.774073 26.536024
v 20.990229 13.742443 20.333853
v 25.042612 14.016901 14.614526
v 29.354710 13.810059 2.969710
v 28.990852 13.888703 -4.456993
v 21.621964 14.622316 -10.587236
v 9.591917 14.055656 -25.073744
v 8.730242 14.885065 -22.592821
v 11.616680 14.047079 -24.553688
v 10.509727 14.571898 -22.053299
v 2.615293 14.423551 -26.376877
v 2.113481 15.339682 -24.581781
v 3.566003 14.423143 -26.190998
v 3.145376 15.556553 -24.202539
v -3.770258 14.730093 -24.320211
v -17.026381 14.566362 -17.040901
v -27.403734 15.214978 -4.144552
v -24.581690 15.714656 -3.583292
v -17.745335 14.702729 20.059713
v -15.919699 15.114052 17.977091
v -12.265296 14.379487 24.168186
v -11.044893 14.648273 22.343641
v 14.488960 14.458812 23.158846
v 13.185964 14.346360 20.931461
v 10.630347 14.196107 22.051304
v 16.838007 15.486486 -6.784713
v 11.305782 15.845351 -9.612429
v 5.412241 15.627935 -17.769932
v 7.261157 15.619359 -12.753221
v 1.664945 15.680440 -15.395697
v -14.866657 15.682800 -11.473597
v -18.699177 15.067493 1.907501
v -15.924872 15.119861 10.256416
v -13.868888 16.079828 5.936697
v -10.757365 15.710118 10.756185
v -10.447738 14.320584 15.231239
v 0.741418 15.488710 15.974245
v 16.028337 16.060860 9.458183
v 18.415642 15.087823 -2.972478
v 14.790918 15.700725 -2.441760
v 11.964745 15.739207 -4.663926
v 12.465194 16.293251 -3.784326
v 7.374743 15.871807 -4.342953
v 5.048112 16.250231 -7.282168
v 5.817983 16.091719 -6.618894
v 3.590009 16.324156 -12.151482
v 3.338513 16.349886 -8.388304
v 0.741236 16.208527 -9.246893
v -4.534910 16.109417 -8.208372
v -10.495659 15.867451 -8.056804
v -8.231834 15.823523 -4.480182
v -9.103265 16.540798 -1.548455
v -12.808222 15.757541 0.949848
v -12.750227 16.282133 2.472890
v -10.808327 16.123667 6.929157
v -8.139441 15.772243 4.153220
v -6.569747 16.207029 6.102652
v -7.280352 15.612143 11.057054
v -4.365325 16.136509 7.821508
v -0.540022 15.558141 9.789002
v -1.527353 15.420958 9.472341
v 1.389444 15.446370 9.038418
v 3.873407 15.520612 8.305532
v 6.572834 16.424898 6.560036
v 10.736309 16.091673 6.302550
v 7.377012 16.117949 4.447509
v 8.095195 16.589128 0.336266
v 12.627836 16.093761 -2.228428
v 8.102683 15.950224 -1.916078
v -1.958508 -4.479200 0.094436
v 5.326790 -4.132043 -2.193214
v 2.663532 -4.445527 -3.152682
v 4.138743 -4.336570 -4.258456
v 2.604583 -4.297453 -5.394407
v 0.972266 -4.488457 -3.090148
v 0.839620 -4.233875 -5.992016
v -5.953987 -4.527938 -0.972084
v -3.283422 -4.244630 0.019332
v -2.618741 -4.749573 1.748898
v -4.236083 -3.606452 4.245341
v -3.254242 -4.302626 5.078381
v 0.918490 -4.893564 5.957118
v 2.655681 -4.735460 5.440241
v 4.288270 -4.592604 4.173595
v 5.780136 -4.393386 0.550187
v 5.772331 -4.094695 -0.977621
v 1.452340 16.289349 -2.384626
v 4.025792 16.252909 -6.099838
v 0.477896 16.482033 -7.721400
v -7.513560 16.312357 -1.368660
v 7.643483 -4.024764 -5.020203
v 9.765223 -4.203743 -6.428707
v 5.698634 -4.498213 -7.291697
v 6.489425 -4.444801 -6.581501
v 3.558470 -3.813702 -11.236260
v 4.213529 -4.002528 -10.980725
v -0.126383 -3.431331 -11.821752
v 1.011837 -3.568015 -11.958936
v -2.308025 -3.792827 -9.193617
v -2.920609 -3.760109 -11.669503
v -4.372858 -3.975572 -8.445483
v -9.613064 -3.901694 -7.609403
v -8.689219 -3.982833 -4.652490
v -9.865468 -3.828723 -0.718319
v -12.340990 -3.560210 -0.847017
v -11.675901 -3.854589 2.993444
v -11.837046 -3.963002 2.308796
v -8.489547 -4.014281 4.492026
v -6.854144 -3.931735 6.467779
v -3.922598 -4.263735 9.159990
v -4.481907 -4.490136 11.914010
v 1.322917 -4.493630 9.371189
v 6.687146 -3.902420 9.360116
v 6.102742 -4.071687 9.761321
v 6.556270 -3.937363 6.338855
v 8.552217 -3.832444 3.604530
v 11.518115 -3.973531 4.694512
v 9.312966 -4.224436 0.931061
v 8.790507 -4.264325 -2.027032
v 11.454583 -4.098598 -2.451743
v 13.532758 -4.212501 -8.449794
v 20.650696 -3.065387 -8.178195
v 19.968679 -3.080271 -9.721976
v 9.893013 -3.780121 -12.525414
v 11.210348 -3.396115 -11.191879
v 5.066990 -2.968591 -21.752567
v -3.758958 -4.172113 -15.616516
v -3.510140 -2.729166 -22.124411
v -7.531258 -3.925292 -14.566151
v -15.954233 -2.890719 -15.920969
v -14.268731 -3.808438 -7.784705
v -18.671631 -2.557086 -12.549783
v -16.471882 -3.216819 -1.046553
v -22.473154 -2.082593 2.241225
v -14.412902 -3.398703 8.263736
v -11.519885 -3.814882 11.562633
v -17.209896 -2.855776 14.288788
v -6.250727 -4.687357 15.607893
v -2.681184 -4.201565 16.512587
v -3.455684 -3.415402 22.775658
v 2.320731 -3.908319 16.627808
v 9.483459 -3.269415 20.531891
v 11.608058 -3.302860 11.344219
v 14.594740 -3.400382 17.144005
v 15.511279 -3.901240 6.318796
v 19.170176 -2.718049 11.136969
v 16.189302 -4.338158 1.691720
v 21.493719 -2.886272 4.286455
v 15.537599 -3.629868 -3.233232
v 22.066959 -2.515881 -1.674384
v 20.405008 -3.007845 -12.489200
v 18.374302 -2.786980 -15.044183
v 13.695082 -3.148205 -19.556269
v 12.123892 -3.304539 -21.092516
v 6.968592 -3.106501 -22.611746
v 8.710366 -2.776679 -22.487993
v 5.339951 -2.810895 -23.385294
v -0.189144 -2.855142 -24.534992
v 2.108807 -2.585993 -24.437111
v -5.576698 -3.135589 -23.067541
v -8.409587 -2.763156 -22.122141
v -18.869169 -2.546512 -15.091741
v -19.889038 -2.472406 -13.439820
v -23.240440 -2.466780 -6.620755
v -23.384930 -2.347067 -5.340359
v -23.991842 -1.797062 -1.037930
v -23.047302 -2.826098 6.341487
v -23.186893 -2.920171 5.038719
v -18.575424 -2.534895 15.070458
v -9.398054 -3.212145 22.362926
v 1.390805 -2.757801 24.543934
v 13.817290 -3.416491 19.398708
v 12.670177 -3.400926 20.223263
v 15.413349 -3.216593 18.238977
v 21.747349 -2.659508 9.063422
v 22.925865 -2.975035 4.637333
v 23.844175 -2.518876 -1.748399
v 23.192926 -2.660098 -4.715613
v 29.513449 -1.118314 -11.652576
v 22.760592 -1.896490 -18.736160
v 17.147226 -2.033310 -24.279367
v 14.714906 -2.024234 -25.954887
v 6.632554 -2.124025 -28.987310
v 7.212237 -1.498643 -31.108688
v -5.008269 -1.653480 -31.325560
v -10.137157 -1.849340 -27.353951
v -22.585243 -1.383196 -22.622910
v -24.706984 -1.298563 -16.581385
v -26.575731 -1.014530 -17.762079
v -28.839872 -1.297883 -7.950705
v -29.269348 -1.275011 -6.310265
v -31.276867 -1.073841 3.049533
v -22.610838 -1.757718 18.890770
v -24.052788 -0.927673 20.629276
v -4.923907 -1.441283 32.300911
v 1.742636 -1.379975 30.237846
v 13.597197 -1.772103 28.659307
v 19.471226 -1.790573 22.493849
v 20.535522 -1.307957 24.181030
v 27.119246 -1.041849 16.030291
v 28.689119 -1.724727 5.853516
v 30.875528 -1.240704 6.196089
v 29.370865 -2.203621 -2.386033
v 31.785032 -1.440013 -2.530886
v 27.444895 -0.537995 -22.350040
v 20.564791 -0.619089 -28.813053
v 17.811499 -1.069303 -30.829374
v 8.125826 -0.180310 -34.695385
v -12.104697 -0.012314 -32.899109
v -29.534369 0.055893 -19.726851
v -34.032158 -0.146457 -9.662982
v -35.043133 -0.166288 -7.613305
v -33.677151 -0.505639 9.296993
v -26.939905 0.257607 23.056471
v -1.446214 0.174380 36.350258
v 2.125734 0.047180 36.191338
v 22.995659 -0.429628 26.938499
v 34.573223 -0.025020 7.010932
v 35.166294 -0.351756 -2.754064
v 28.671194 0.120105 -23.752462
v 21.385897 0.324270 -30.356337
v 18.624573 -0.159027 -32.636181
v 8.617519 0.441214 -36.718559
v -12.935194 0.569775 -35.081249
v -31.008492 0.876862 -20.863211
v -36.821621 0.724748 -8.050314
v -28.299398 0.873140 24.349117
v 2.227475 1.189892 38.400295
v 24.152168 0.673469 28.567411
v 36.312046 0.737726 7.292832
v 36.978996 1.010097 -2.943299
v 31.617081 0.326221 -19.464054
v 23.360018 0.290643 -29.169605
v -8.675015 0.287875 -36.720829
v -16.872044 0.411717 -33.343788
v -32.456566 0.818412 -17.507908
v -37.111462 1.254060 -1.665218
v -14.194670 0.628497 35.119370
v 5.755450 0.876952 37.823879
v 26.672571 0.000484 25.917540
v 34.284470 0.844369 14.408546
v 36.882427 0.296089 3.718071
v 36.482811 1.242624 -7.421167
v 32.150433 2.403262 -20.647020
v 24.023697 2.156259 -31.053869
v 27.122559 2.493613 -27.257113
v -8.966173 2.471740 -38.582359
v -17.303106 2.404442 -35.367870
v -33.537060 2.741433 -18.797289
v -38.029949 3.183071 -1.816424
v -32.655964 2.563317 19.900972
v -26.925972 2.638784 28.450193
v -14.532933 2.541217 37.251320
v -6.035444 1.991620 39.873379
v 5.843940 2.702044 40.090111
v 27.185593 1.824667 27.506203
v 34.794495 2.361784 15.110121
v 37.827011 2.345856 3.902994
v 37.178303 3.334640 -7.860671
v 32.459740 4.484024 -21.221939
v 13.740326 3.755040 -37.898983
v 3.655719 4.207115 -40.346371
v -8.935541 4.349744 -39.649288
v -38.375244 4.999676 -1.683733
v -37.445320 4.668947 8.478656
v -14.574773 4.286984 38.043835
v 20.751621 4.099610 34.535828
v 34.831345 4.183745 15.402957
v 37.680073 4.895166 -7.900515
v 35.323582 8.901763 -14.634856
v 33.994129 8.772566 -17.421457
v 8.693575 8.119322 -39.450436
v -6.066892 8.591046 -40.139847
v -26.920574 8.616550 -28.445612
v -31.756397 8.908842 -22.500746
v -38.011524 9.017119 3.872408
v -28.767628 8.517803 26.240601
v -17.160433 8.774518 36.323711
v -5.947815 8.057696 40.129089
v 16.341597 8.584285 36.163696
v 24.439198 8.431445 30.472462
v 32.791698 8.698551 20.561388
v 36.992249 8.696782 7.975346
v 38.007351 8.902943 -3.161622
v 32.534481 8.678766 -21.223528
v 13.674163 8.068269 -37.606689
v 3.525342 8.468067 -40.289146
v -8.920430 8.577251 -39.064026
v -29.622406 8.842497 -24.805777
v -38.238972 9.004049 -1.749760
v -37.057640 9.084644 10.854523
v -37.050060 8.968698 8.525352
v -14.425881 8.618864 37.366131
v 20.571144 8.423231 34.140751
v 35.163254 9.116955 15.456323
v 37.202946 9.018344 -7.943581
v 30.366001 11.935867 -21.315920
v 28.499161 11.521185 -23.593588
v 21.423561 11.093570 -30.119541
v 18.613499 11.263790 -32.430290
v 8.568281 11.429563 -37.080647
v -13.065708 11.716909 -35.072811
v -30.928259 12.071508 -20.830446
v -36.068947 11.933916 -10.491756
v -36.459621 11.739781 -8.367611
v -35.821808 11.537749 9.813643
v -28.036148 11.777628 24.102251
v -1.516553 11.871790 37.643269
v 2.286787 12.201521 37.629971
v 24.136194 11.841749 28.560560
v 36.452950 11.921890 7.249812
v 37.083961 11.897249 -2.852766
v 28.615561 13.605759 -17.354612
v 29.868364 12.164083 -18.266342
v 28.973427 12.458871 -20.257252
v 27.420481 12.204925 -22.512182
v 20.463957 11.921573 -28.600267
v 17.724323 12.008838 -30.707167
v 10.226511 12.756110 -32.409233
v 11.913647 12.756019 -31.719822
v 12.869121 12.020637 -33.557438
v 8.128640 12.678374 -35.071495
v 0.018016 13.148964 -33.408592
v 3.047718 12.919160 -33.277534
v 3.326896 12.225981 -35.712669
v -7.855997 13.067553 -32.687141
v -8.425698 12.067968 -34.889523
v -12.401572 12.493178 -33.382999
v -26.372248 13.467894 -20.718266
v -29.543354 12.871602 -19.771322
v -34.358486 12.783701 -9.949919
v -34.902184 12.352319 -7.960144
v -34.001163 13.274757 -1.676699
v -35.781239 12.526533 -1.779621
v -32.314297 12.981467 8.881222
v -32.602238 13.152186 6.974491
v -34.226749 12.507791 9.308791
v -34.906403 12.703969 7.237696
v -27.052719 12.719716 22.942793
v -18.522694 13.480057 27.554304
v -12.576511 13.526753 31.512526
v -13.567292 12.931504 33.157776
v 2.159995 12.585345 35.845268
v 19.680517 13.242265 27.350094
v 17.909973 13.300715 28.422560
v 18.985477 12.273131 30.009359
v 23.050615 12.530254 27.163946
v 30.349709 13.187628 12.701942
v 32.412594 12.726840 13.498179
v 34.923058 12.800764 6.957428
v 35.375542 12.598324 -2.701560
v 32.600739 13.010647 -6.437692
v 34.676418 12.803759 -6.876924
v 27.523626 13.765088 -16.718796
v 24.802418 15.477183 -9.673056
v 24.006634 14.013770 -11.731946
v 20.004576 13.352448 -24.956209
v 23.315315 13.370963 -22.400501
v 6.179979 14.309194 -26.051411
v -7.487285 13.290595 -31.463200
v -4.231954 14.069633 -26.809845
v -14.838885 13.233053 -28.777519
v -19.021282 14.308014 -18.967690
v -28.389294 13.564282 -15.277300
v -22.391562 14.697419 -14.953831
v -32.896160 13.770988 -1.652874
v -27.305576 14.919645 2.332575
v -28.245939 13.286874 16.191797
v -22.689753 13.351677 22.783417
v -20.600779 14.013226 17.600391
v -12.125571 13.380538 30.214705
v -4.138834 13.977965 27.181599
v 4.872356 13.452783 31.419497
v 11.731673 13.818501 24.348799
v 23.274338 13.715760 22.446154
v 17.577745 14.520029 20.963409
v 29.296940 13.680364 12.286489
v 22.922733 14.532418 13.405695
v 32.054405 12.699884 3.240855
v 26.237240 14.126448 5.275874
v 31.517698 13.271989 -6.204983
v 27.049587 13.973427 -2.095919
v 20.663630 15.083331 -8.146792
v 19.880009 15.451498 -9.753697
v 20.073915 14.683715 -13.985015
v 18.631697 14.465982 -15.296178
v 14.080313 14.603256 -19.813072
v 12.024373 14.654399 -20.971352
v 5.450542 14.934121 -23.493614
v 4.991387 15.063363 -21.700697
v -3.346228 15.168463 -22.223566
v -8.842104 14.784730 -22.943745
v -16.092777 15.432348 -16.180407
v -20.507748 15.238984 -13.564614
v -19.059311 15.553104 -12.522917
v -23.957806 15.547522 -6.770191
v -24.030504 15.655300 -5.458393
v -22.807514 15.017484 2.043097
v -24.076700 15.874485 6.408376
v -18.749729 15.245065 15.797083
v -17.336824 15.168010 14.345105
v -10.020304 14.680221 20.431919
v -3.669333 14.827932 22.596588
v -1.143938 14.246115 24.662193
v 1.485876 14.619547 25.141270
v 9.788866 14.331339 20.460691
v 15.945202 14.937933 18.826149
v 14.831623 15.104704 17.554150
v 18.975267 15.162972 11.288038
v 23.798342 14.344136 4.741525
v 21.949244 15.011358 4.406530
v 24.796383 14.617279 -1.844469
v 22.838327 14.884022 -1.668984
v 19.167452 15.955761 -11.558321
v 15.395470 15.571574 -9.627358
v 13.940134 15.261447 -17.276922
v 15.973020 14.882615 -15.326310
v 6.337720 15.814447 -17.345356
v 1.744088 15.532728 -19.013433
v -5.418004 15.029691 -21.682817
v -4.593360 15.466700 -17.992065
v -10.558601 15.221104 -19.843388
v -20.319784 15.714884 -10.778058
v -22.595545 15.370949 -1.083447
v -18.885508 15.684887 -0.852236
v -18.337996 15.322347 4.074213
v -20.168352 15.361464 11.458122
v -8.409860 14.235224 20.883085
v -6.955886 14.488354 17.197372
v 3.528746 14.542220 22.606709
v 10.126311 16.016523 16.312326
v 16.403540 15.097217 15.937851
v 20.558121 14.637926 8.442669
v 16.994659 15.453087 6.985201
v 22.313009 15.006956 2.270496
v 21.978378 15.107972 -4.188208
v 18.184250 15.185935 -3.688755
v 12.637548 15.261765 -7.892301
v 6.100156 16.533039 -3.149778
v 5.946499 16.174900 -3.735588
v 6.268969 16.125164 -6.088902
v 9.132445 15.571801 -11.512487
v 10.545849 16.102020 -10.445741
v 4.641689 16.259033 -7.585169
v 3.940887 16.364407 -8.065517
v 1.573323 16.152891 -9.072770
v 1.153876 16.490019 -7.581222
v -3.870775 15.445326 -14.891752
v -1.583715 16.193687 -7.651424
v -3.465758 16.192326 -8.604313
v -7.287114 15.247561 -13.796053
v -5.535902 15.781274 -5.476862
v -7.687456 15.802467 -5.136240
v -13.666040 15.504229 -7.373381
v -6.394853 15.751959 -4.317359
v -8.811881 16.407562 -2.690124
v -8.966264 16.512300 -2.212545
v -15.622325 15.401988 -0.855775
v -7.592294 16.407246 0.372796
v -12.988380 16.219055 7.372111
v -7.022186 16.289530 5.566896
v -5.744105 15.763077 4.506729
v -5.587045 15.108516 14.414990
v -1.111718 15.655345 7.526675
v 0.583632 15.591677 9.133216
v 2.053897 15.269116 15.503700
v 3.269082 15.689244 6.950395
v 5.952853 16.192190 7.145302
v 10.987441 15.653757 10.824664
v 4.895726 15.901259 5.894903
v 13.822418 15.409113 5.887278
v 6.109912 16.017159 3.734045
v 8.267094 16.411240 1.582672
v 14.638305 15.163154 1.098967
v 3.490854 16.406111 0.185150
v 8.140666 16.274963 -1.240325
v 14.787379 15.877389 -2.977561
v 6.560717 16.681387 -1.082675
v 8.331443 -4.199069 -3.575850
v 8.065199 -4.113210 -4.234677
v 1.967766 -4.463453 -1.260338
v 1.963273 -4.416621 -2.018319
v 4.637015 -4.300221 -3.391245
v 4.352210 -4.419661 -3.844363
v 2.081080 -3.743817 -9.094916
v -1.566789 -3.935456 -9.287917
v -2.031888 -4.435317 -5.560180
v -7.026452 -3.766371 -6.835175
v -8.084894 -3.797864 -5.442555
v -4.857562 -4.677464 -3.337832
v -2.247216 -4.267502 -0.437463
v -3.379990 -4.237415 -0.347293
v -9.733185 -3.851549 0.549642
v -3.279383 -4.460639 0.664907
v -7.345291 -3.828859 5.883058
v -4.473194 -3.564974 3.834153
v -1.539016 -4.348687 10.084108
v -0.411959 -4.825176 5.821160
v 0.209928 -4.837656 5.743243
v 3.821265 -4.275171 8.246447
v 5.881606 -4.050041 6.921125
v 3.852713 -4.528618 4.534865
v 8.041828 -4.230472 4.807508
v 9.299171 -3.983741 1.904597
v 4.065228 -4.833208 0.539931
v 9.174785 -4.308979 -0.908371
v 3.861200 -4.377231 -0.486655
v 2.244856 16.593847 -1.734195
v 5.584140 16.129156 -4.320853
v -0.382417 15.501189 -3.109117
v 0.176755 16.142817 -4.039769
v -2.119925 16.094894 -7.496815
v -6.066348 15.792664 -4.788811
v -3.407581 15.601116 0.414682
v -4.062142 16.022015 0.222634
v -2.193440 15.819076 2.279526
v -3.412029 15.580559 6.615173
v 4.827248 16.094894 6.367898
v 3.102401 15.923450 6.490923
v 2.809519 15.728906 1.222218
v 3.264997 16.479988 -0.884773
v 8.555121 -4.220488 -2.898826
v 9.392926 -4.375143 -7.004715
v 10.374404 -3.942899 -5.282228
v 8.827673 -4.252844 -7.746223
v 7.247089 -4.360349 -9.315507
v 13.102964 -4.269272 -9.248345
v 12.322474 -4.042735 -10.276383
v 6.668948 -3.948390 -9.600902
v 5.776279 -3.942173 -10.157805
v 3.294721 -4.225480 -8.690898
v 3.945425 -4.326587 -8.416849
v 5.006544 -4.243586 -10.627488
v 9.157359 -3.636130 -13.087263
v 7.823687 -3.351462 -13.940089
v 2.669612 -3.680467 -11.502322
v 0.803180 -3.516826 -9.352129
v 1.165040 -3.507342 -9.312694
v 3.515994 -3.319015 -15.771896
v -2.050403 -3.468724 -11.855152
v -4.216297 -3.921298 -11.234944
v -7.398976 -4.070053 -9.612021
v -5.590857 -3.694262 -10.654307
v -5.668093 -3.745542 -15.266863
v -8.692441 -3.815381 -8.565785
v -10.120003 -4.113890 -6.900840
v -10.564319 -4.128457 -5.862728
v -13.508525 -3.679877 -9.102449
v -11.903708 -3.876145 -3.635888
v -12.135010 -3.498266 -2.999888
v -9.781242 -3.981517 -1.633860
v -12.336860 -3.302179 -2.109215
v -16.043995 -3.058625 -4.734310
v -16.303205 -2.919263 -3.834834
v -9.483504 -3.790695 1.626599
v -12.058863 -3.633363 0.860994
v -10.035824 -3.752076 6.696267
v -10.529649 -3.669076 5.833640
v -15.510871 -3.742773 4.314137
v -9.162350 -3.656461 7.839343
v -6.445770 -3.915943 6.894124
v -8.116751 -3.506707 9.269129
v -12.928569 -3.549863 10.634884
v -4.681624 -4.027033 8.989589
v -5.756494 -4.320007 11.555916
v -0.592027 -4.095965 12.303597
v -1.839658 -4.114617 12.409196
v 0.436464 -3.787790 12.076561
v 3.477285 -4.160586 11.440879
v -0.763835 -3.759791 16.687256
v 0.827504 -3.824367 16.661753
v 4.827838 -4.136762 7.706244
v 4.870677 -3.799952 10.533460
v 7.557851 -3.566064 8.876684
v 8.443940 -3.456335 8.232061
v 10.444561 -3.254757 12.398940
v 11.316764 -3.956922 3.487359
v 10.730092 -3.846194 6.120713
v 11.727180 -3.963955 2.405319
v 11.922360 -3.929331 0.438325
v 11.866542 -3.888806 1.327908
v 16.274616 -3.905959 3.447289
v 11.700088 -4.065924 -1.085761
v 11.067945 -4.250484 -3.552252
v 16.258461 -4.259243 -1.009023
v 15.122827 -3.630276 -4.745927
v 14.315880 -3.338892 -7.083494
v 18.440193 -3.473080 -12.802186
v 16.462353 -4.114526 -10.134979
v 14.995536 -3.858446 -12.274781
v 12.826465 -3.350827 -18.549648
v 17.148407 -3.308986 -14.133907
v 11.011538 -3.332085 -15.493944
v 9.352039 -2.992098 -16.668877
v 5.529594 -3.176568 -15.241132
v 6.667677 -3.380550 -14.749758
v 5.691918 -2.759889 -18.135693
v 6.625066 -2.685420 -21.246899
v 6.690231 -2.786708 -17.819441
v 11.291759 -3.113398 -19.832994
v 4.282371 -3.023547 -18.555004
v 1.389852 -3.415856 -16.098860
v 2.014008 -3.274724 -16.026297
v -0.161099 -2.971223 -18.863407
v -0.179387 -3.059578 -23.018578
v 1.814291 -2.827414 -19.366579
v -2.535651 -4.188994 -15.821633
v -7.806579 -3.185008 -20.717314
v -4.462575 -3.655145 -18.456621
v -6.852692 -3.850369 -17.946867
v -13.565023 -3.189501 -17.727001
v -11.590768 -3.925791 -11.917005
v -17.595581 -2.744187 -13.861944
v -15.176783 -2.961512 -11.903708
v -16.101311 -3.240327 -10.723875
v -21.673288 -2.635003 -6.339762
v -18.854149 -2.454073 -5.504408
v -19.128607 -2.449626 -4.433032
v -16.513948 -3.170396 -2.665165
v -22.376633 -1.880198 0.321653
v -19.354326 -2.491875 -1.031487
v -22.046402 -2.369303 -5.008495
v -15.782878 -3.590025 3.395737
v -21.553665 -3.035889 5.961203
v -18.508490 -3.986191 5.127119
v -18.757626 -3.505073 4.061915
v -18.420090 -2.883867 12.382740
v -20.449299 -2.844568 8.660721
v -14.872920 -3.150338 12.378519
v -10.831471 -3.854318 12.229265
v -12.794427 -2.887497 18.796698
v -7.504394 -4.810201 15.460953
v -7.094022 -3.641712 21.464678
v -7.560846 -3.706424 18.282452
v -0.922983 -2.917130 23.193245
v 1.083583 -3.692311 19.938049
v 7.037978 -3.744861 21.510147
v 1.260474 -3.050048 23.012768
v 8.572048 -3.591386 13.924341
v 6.851285 -3.947256 14.931913
v 11.044893 -3.033621 16.018127
v 12.826919 -3.497949 18.524326
v 10.139336 -3.206655 16.688026
v 12.398894 -2.855731 14.587207
v 18.118675 -2.832361 12.630015
v 21.574997 -3.407143 6.437057
v 18.064901 -3.640305 7.399248
v 18.919767 -3.722125 3.930041
v 21.931589 -2.493644 0.505215
v 18.928663 -3.885357 -1.384633
v 18.396673 -3.531893 -3.722700
v 21.873549 -2.759344 -3.493395
v 22.091555 -2.937007 -8.776847
v 21.364115 -3.172847 -10.425275
v 19.161642 -2.667041 -11.722143
v 19.485338 -3.093477 -13.690090
v 25.164459 -2.397303 -9.876449
v 24.177855 -2.636864 -11.725638
v 13.849192 -3.027404 -17.480906
v 15.950512 -3.075188 -15.451468
v 14.739775 -2.647392 -18.392317
v 10.407576 -2.829093 -21.796993
v 6.136778 -2.462741 -26.553223
v -3.843728 -2.625473 -23.634111
v -5.201769 -3.408096 -21.553894
v -4.351031 -2.182474 -26.784569
v -10.269531 -2.834221 -19.798462
v -14.566196 -2.894622 -18.959612
v -17.037725 -2.828867 -17.001556
v -19.517378 -1.645493 -19.391357
v -19.636091 -2.888133 -10.547392
v -20.982967 -2.641628 -11.326203
v -22.599901 -1.917137 -15.263368
v -22.413300 -1.983029 -1.018281
v -23.721420 -2.250181 -3.470795
v -23.854294 -1.893449 0.352239
v -24.062906 -2.180568 2.406590
v -27.246311 -1.915232 2.709047
v -21.888390 -2.501041 9.226518
v -19.794966 -2.713193 10.899632
v -20.811613 -2.651521 11.742246
v -19.828411 -2.792699 13.230663
v -16.334427 -2.672714 15.610571
v -16.125271 -2.184380 17.741159
v -20.916985 -2.361135 17.310911
v -13.679835 -2.225086 19.903334
v -11.086279 -2.968682 21.555799
v -8.838474 -3.668985 20.922251
v -7.347379 -3.079364 23.097538
v -3.674597 -3.098287 24.327471
v -0.984473 -2.710107 24.709843
v -4.302111 -2.512704 27.403280
v 3.477466 -3.408459 22.578346
v 7.610719 -3.591840 22.957176
v 10.100898 -3.616481 21.700834
v 11.595306 -2.565753 24.355923
v 16.027569 -3.196761 15.343918
v 17.206175 -2.931153 16.497839
v 17.925493 -2.365719 20.630093
v 19.315844 -3.029219 13.461239
v 20.452023 -2.948533 11.925945
v 20.807800 -2.887225 8.530979
v 22.874222 -2.952572 6.884276
v 23.163385 -2.340169 13.593249
v 21.865200 -2.861903 2.167892
v 23.457399 -2.589532 0.542018
v 23.342726 -2.757937 2.338929
v 26.163498 -2.431837 5.324340
v 21.625231 -3.048777 -4.355523
v 22.780558 -2.662186 -6.892172
v 27.055805 -2.232664 -1.846874
v 27.287106 -1.581008 -10.727869
v 26.100103 -1.854967 -12.662552
v 23.029285 -2.408920 -14.058167
v 25.971270 -1.982213 -18.015390
v 25.067801 -2.126067 -15.375003
v 16.727507 -2.307223 -20.867294
v 19.574965 -2.548963 -18.947950
v 18.501045 -1.640683 -26.035074
v 24.561905 -1.196367 -20.235651
v 12.500274 -2.005855 -26.776310
v 9.612792 -1.684429 -30.124578
v 8.850635 -2.071112 -28.117878
v 10.528287 -1.702036 -27.476568
v 15.620100 -1.789166 -27.662172
v 3.928498 -2.040979 -29.301388
v -0.082501 -1.812854 -31.800508
v -0.143673 -2.159603 -29.549341
v 2.835521 -2.361997 -29.630438
v -4.598442 -2.034808 -28.957178
v -6.248413 -2.120394 -26.625786
v -10.904124 -1.386464 -29.471334
v -6.823558 -1.599614 -28.203283
v -13.740099 -2.133781 -26.483517
v -12.550645 -2.496322 -24.099255
v -19.409962 -1.491201 -25.433607
v -21.135628 -1.602790 -21.012691
v -25.199583 -0.974913 -19.773546
v -23.477051 -1.297292 -18.624706
v -23.837822 -1.928301 -12.836811
v -30.965109 -1.076610 -8.587704
v -25.852829 -1.707664 -13.921029
v -27.163536 -1.574473 -1.172164
v -31.571339 -1.421271 0.460153
v -29.474556 -1.153756 -1.261381
v -31.450626 -0.984488 -6.799189
v -29.429131 -1.504225 0.466824
v -29.381210 -1.763889 2.870282
v -30.305101 -1.182345 8.399604
v -28.328487 -1.946045 7.892846
v -29.137203 -2.069342 6.374432
v -26.767914 -2.003178 11.572435
v -25.575966 -2.058678 14.784292
v -23.528149 -2.521916 13.436780
v -26.159822 -1.604061 18.079603
v -28.892332 -1.186248 12.520376
v -20.828360 -1.890182 20.572052
v -19.218460 -2.287347 19.076012
v -17.648220 -0.690880 26.721445
v -16.602259 -1.443053 24.776234
v -13.280537 -1.535946 26.574141
v -10.250471 -2.834539 25.645262
v -9.656901 -0.626622 31.098070
v -11.096490 -1.624754 27.956232
v -8.992947 -1.577423 28.888565
v -4.698278 -1.951445 29.760042
v -1.351551 -1.236801 32.669762
v 4.613599 -1.816893 29.772976
v 4.239169 -2.285169 27.417576
v 10.246841 -1.854105 30.035408
v 1.856222 -1.207985 32.323917
v 12.688736 -2.209339 26.512289
v 18.580462 -1.556367 25.868982
v 15.787280 -1.676397 25.310175
v 17.071260 -2.280631 23.935026
v 19.700258 -2.670808 18.708979
v 25.726988 -1.221644 18.043844
v 23.856972 -1.738159 16.702957
v 25.228901 -1.831415 14.852361
v 24.870668 -1.822293 10.325575
v 30.169641 -0.947595 9.260734
v 27.048544 -1.631017 11.228636
v 26.651424 -2.691410 2.736775
v 31.628426 -1.749322 0.833948
v 28.978691 -1.983392 -4.558508
v 26.613985 -1.700402 -5.299426
v 28.850403 -1.282453 -5.726724
v 31.106512 -1.325746 -4.929897
v 33.257977 -0.209807 -13.108093
v 27.096739 -1.588632 -16.519213
v 30.132385 -0.306512 -18.372578
v 28.957952 -0.339185 -20.116392
v 19.777086 -1.274784 -24.395632
v 22.782873 -1.613364 -22.029793
v 22.078894 -0.406121 -27.404097
v 25.141859 -0.613961 -24.586411
v 10.737126 -0.668644 -33.437271
v -0.060764 -0.331153 -35.372864
v -7.248995 -1.515389 -30.774921
v -8.085393 -0.395048 -34.559608
v -14.689403 -1.292255 -28.408129
v -16.187986 -0.216478 -31.397488
v -21.527981 -0.548069 -28.238361
v -25.130651 -0.399042 -25.235798
v -28.040325 -0.115961 -22.172285
v -27.867880 -1.095034 -14.950610
v -31.022739 -0.071625 -16.658348
v -31.708385 -1.408292 -1.452522
v -35.305294 0.238366 -1.621244
v -35.128674 -0.068948 0.620344
v -32.751080 0.169297 14.037066
v -27.503571 -1.507401 15.869600
v -30.382835 0.175650 17.848665
v -28.935169 -0.082471 20.071056
v -22.410940 -1.168731 22.187532
v -19.661367 0.384080 29.867500
v -12.007356 -0.929715 29.892054
v -13.497997 0.096780 33.264557
v -10.916286 0.503929 34.661217
v 4.923318 -0.991295 31.878651
v 5.464020 -0.042628 35.760635
v 11.407069 -0.392643 33.701065
v 20.716860 -0.368047 28.821630
v 22.880623 -1.055644 22.028839
v 25.338173 -0.579110 24.454353
v 29.060465 -0.366323 20.223398
v 29.164249 -1.243744 12.096165
v 32.690453 0.244038 13.642940
v 33.676514 0.189219 10.324350
v 31.537258 -1.625163 3.154089
v 35.217163 -0.044307 3.463762
v 35.526745 -0.014673 0.672395
v 30.995239 -0.607608 -6.148622
v 34.596729 0.311836 -6.932152
v 34.670471 0.562061 -13.633275
v 33.331448 0.312607 -16.241625
v 26.601418 0.086978 -25.949398
v 15.860932 -0.045395 -33.935181
v 5.155754 0.112209 -37.347481
v -5.840083 0.303349 -37.366859
v -26.738873 0.262689 -26.936275
v -37.019066 0.974519 0.632733
v -37.014118 0.798445 3.594093
v -34.356079 0.959770 14.798405
v -31.943407 0.556570 18.730671
v -26.280308 0.675011 26.888762
v -11.498874 0.822768 36.362419
v -5.945319 0.121512 37.909374
v 16.034555 0.375730 33.996037
v 31.994415 0.384670 18.947586
v 36.836777 1.363380 -5.945319
v 35.587238 0.467897 -10.871133
v 31.182341 2.603841 -22.728556
v 29.188164 2.198053 -25.106464
v 21.995667 1.943245 -32.238514
v 19.063894 2.057784 -34.585205
v 13.261976 -0.114010 -35.043678
v 8.843511 1.894734 -39.018826
v 3.632666 0.473252 -37.208935
v -13.183741 2.240711 -37.170094
v -31.767834 2.834326 -22.151049
v -36.680485 2.739028 -10.721016
v -37.163555 2.658116 -8.612845
v -37.247009 0.960860 -5.210391
v -36.287540 0.850269 7.900788
v -36.403851 2.896134 10.590367
v -29.065411 2.412065 26.022821
v -24.704351 0.830937 28.373095
v -1.494861 2.537496 40.575497
v 2.242632 3.211615 40.392838
v 19.959377 0.414939 31.779222
v 24.576244 2.378984 30.159431
v 37.125530 2.632385 7.713050
v 38.213650 3.076247 -3.297580
v 36.602116 2.480045 -11.553375
v 34.228016 2.378076 -17.239758
v 29.219658 3.973408 -25.621029
v 22.239584 3.781224 -32.966953
v 19.139406 3.469691 -35.390018
v 13.636633 1.927362 -37.010628
v 16.273979 1.947829 -35.628353
v 8.897013 3.756628 -39.765781
v 3.750018 2.652262 -39.262924
v 5.239797 2.062186 -39.455063
v -6.090218 2.463617 -39.622059
v -13.262067 3.995145 -38.083500
v -31.744190 4.580184 -22.608160
v -36.867268 4.523822 -10.983266
v -37.551373 4.380376 -8.904728
v -37.844528 2.970647 -5.608373
v -37.110371 2.877528 8.278893
v -38.456612 4.667767 3.719478
v -36.728725 4.711241 10.867775
v -28.748205 4.184561 26.683235
v -25.043884 2.890098 30.010042
v -17.114326 2.682167 35.726692
v -1.478615 4.286530 41.425053
v 2.181279 4.830318 40.965534
v 20.488735 2.536815 33.585754
v 16.500244 2.297254 36.077660
v 24.667366 4.187057 30.858965
v 32.913815 3.970686 20.791466
v 37.279865 4.139499 7.935004
v 38.463646 4.795466 -3.365741
v 24.358873 3.948404 -31.807768
v 27.298407 4.287256 -28.041277
v 29.571898 6.352044 -25.974718
v 22.453096 6.039966 -33.318783
v 19.507076 5.811932 -35.714439
v 5.194644 4.158468 -40.383083
v 8.835161 6.208235 -40.132130
v -17.444057 4.090943 -36.511539
v -13.341572 6.323546 -38.501266
v -33.771812 4.546103 -19.272825
v -32.065529 6.882627 -22.914522
v -38.318794 4.670626 -5.890319
v -37.535900 6.793909 -11.461072
v -38.315845 6.719441 -9.294043
v -32.832672 4.267516 20.340433
v -25.132284 4.491330 30.585594
v -26.972670 4.401886 28.988764
v -29.024162 6.519996 26.754301
v -5.981624 3.749004 40.772987
v 5.742244 4.466189 40.789822
v 2.167846 6.953284 41.301891
v 27.350910 3.603335 28.198606
v 24.829601 6.494265 31.205803
v 38.249908 4.042295 4.015990
v 37.455715 6.397606 8.017550
v 36.964386 4.733205 -11.819620
v 38.511883 6.964901 -3.204234
v 31.344030 8.867274 -23.156168
v 32.761379 6.674378 -21.504564
v 22.153635 8.007460 -32.505165
v 29.261681 8.379122 -25.507214
v 27.324999 8.665061 -27.794001
v 11.696096 8.490212 -38.719181
v 13.936186 6.111894 -38.466866
v 19.203438 7.787821 -34.929726
v 16.675365 7.849084 -36.632065
v -0.217052 8.417695 -40.168388
v 3.666065 6.373464 -41.056114
v 5.191831 8.517894 -40.120060
v -13.160552 8.649042 -37.725857
v -9.079486 6.615339 -39.907681
v -30.225279 6.832800 -25.382828
v -37.237617 8.853570 -11.344945
v -37.931610 9.008860 0.824372
v -38.622112 7.282788 -1.689360
v -37.758213 8.755957 -9.099136
v -37.243473 7.097683 11.057417
v -37.897125 7.037236 8.690535
v -31.461565 8.536182 23.131483
v -35.037323 8.832967 15.958181
v -20.876553 8.648724 33.638714
v -11.875618 8.525835 39.035027
v -14.648061 6.711045 38.394306
v 2.235644 8.592680 40.421883
v 5.930571 8.719063 40.633446
v 22.308290 8.258048 32.702389
v 20.927423 6.275443 34.981323
v 31.143904 8.481862 23.170237
v 35.393330 6.463679 15.663348
v 38.135731 7.245621 -8.100368
v 37.510349 9.061047 -6.407968
v 23.849527 8.016536 -31.118492
v 31.344166 10.502269 -22.560192
v 29.193653 10.094031 -24.780184
v 22.459225 9.828376 -31.963964
v 19.162687 9.523151 -34.175648
v 8.746352 9.741292 -38.507755
v -23.031509 8.411614 -32.196812
v -17.321304 8.435575 -36.173908
v -13.321514 10.384644 -36.843765
v -33.568829 8.825978 -19.142403
v -31.817705 10.655154 -21.939169
v -38.114449 8.868182 -5.866132
v -37.175812 10.541750 -11.058234
v -37.614315 10.420993 -8.837112
v -32.839752 8.616459 20.212461
v -36.968151 10.730757 10.435213
v -25.182928 9.071665 30.299337
v -26.850595 8.767166 28.616285
v -28.861792 10.321974 25.435150
v -1.596240 8.646274 40.944023
v 12.360775 8.291584 38.219456
v -1.580811 10.206619 39.806351
v 2.281568 10.707386 39.549362
v 27.282570 7.881168 28.024397
v 24.585955 10.187377 29.788088
v 36.167557 8.954086 11.764255
v 38.088581 8.881297 0.754760
v 37.777592 8.575526 3.970247
v 37.405205 10.329144 7.641124
v 36.290901 9.060321 -11.743654
v 38.173035 10.607550 -3.082479
v 32.503716 10.416909 -20.634224
v 23.884880 9.731626 -30.312319
v 27.340611 10.383509 -27.070417
v -8.760012 10.336859 -38.323513
v -17.152128 10.207934 -35.020397
v -33.688042 10.534625 -18.664051
v -37.995827 10.712741 -1.623786
v -32.933689 10.650661 19.774363
v -26.793646 10.453622 27.885715
v -14.459235 10.860680 36.515442
v -5.970505 9.882288 39.228889
v 6.061991 10.748001 39.362759
v 27.312792 9.629885 27.307528
v 35.152908 10.859364 15.070504
v 37.823383 10.260394 3.875812
v 37.155796 10.637864 -7.679651
v 34.396057 11.962187 -13.537070
v 31.221640 11.541334 -19.223768
v 23.352982 11.476577 -28.929407
v 26.894934 11.914040 -25.897528
v 11.411200 11.571421 -35.826160
v -0.298146 11.209153 -37.497913
v -8.843012 11.603459 -36.782139
v -16.967884 11.505892 -33.484013
v -22.455050 11.463371 -29.801657
v -29.353758 12.081355 -23.124949
v -26.275949 11.797050 -26.332949
v -32.797504 12.009111 -17.737076
v -37.129704 11.770502 -1.774765
v -37.368267 12.420480 0.696219
v -36.699547 12.032844 3.497025
v -34.387390 12.122651 14.669527
v -30.273289 11.708060 21.240454
v -32.209652 12.195032 18.711430
v -20.400379 12.334258 30.959799
v -14.210326 12.391618 34.970524
v -11.470420 12.009610 35.972694
v -5.831280 11.269372 37.341808
v 5.844939 12.049453 37.174267
v 12.060905 11.268600 35.319996
v 21.788689 11.795779 30.391912
v 26.568876 11.155468 25.902519
v 30.134335 11.804765 21.176151
v 31.642492 11.982155 18.741697
v 34.064285 12.263692 14.268640
v 35.575802 12.206604 10.897907
v 36.912197 11.675931 3.690344
v 37.568027 12.040195 0.788114
v 36.660789 12.016553 -5.885281
v 36.321304 12.124013 -7.337849
v 32.954247 12.385401 -12.888453
v 27.433867 13.174286 -19.018017
v 30.077839 13.643152 -11.609420
v 30.914646 13.055255 -12.095257
v 28.605894 13.394652 -13.815929
v 29.692881 13.298627 -14.369927
v 20.907410 13.238589 -25.745687
v 22.379217 12.661266 -27.611347
v 25.787436 12.748169 -24.658472
v 10.889148 12.000897 -34.438896
v 4.832194 12.209417 -35.752285
v 7.402652 13.152096 -31.599110
v 7.619794 13.096324 -32.786114
v -0.231211 12.348643 -35.635296
v -5.215791 12.940716 -31.854874
v -5.384469 12.730062 -33.033844
v -20.135723 12.966400 -26.501581
v -16.318134 12.348825 -31.811081
v -21.427193 12.158456 -28.236092
v -28.084024 12.866247 -22.008192
v -22.948193 13.272579 -22.809557
v -23.803244 13.134624 -23.610785
v -32.413998 13.239406 -9.325355
v -31.234890 12.623101 -16.794397
v -26.620567 14.106935 -17.889008
v -27.604221 13.629901 -18.583731
v -33.652824 13.122962 -5.055918
v -35.501606 12.291555 -5.273968
v -35.757412 13.110028 0.656103
v -35.145145 12.768953 3.267312
v -31.843119 13.185268 2.901095
v -32.910999 13.009830 3.184493
v -32.883728 12.932592 13.916764
v -29.304472 12.562837 20.148067
v -27.837111 13.548217 18.830870
v -30.927488 12.634900 17.650852
v -29.109703 12.942667 16.745888
v -22.129356 13.237501 24.875387
v -23.469700 12.970258 26.672571
v -24.943323 12.730743 24.760397
v -24.347939 13.438670 20.539106
v -25.370893 13.261098 21.528845
v -19.693270 13.128135 29.595087
v -15.002615 13.025531 30.029871
v -10.886652 12.761283 34.134987
v -1.261200 13.267905 33.734554
v -1.411771 12.697842 35.755009
v -5.583323 12.185321 35.495159
v -5.152713 13.412349 32.100151
v -5.301786 13.266998 33.397972
v 10.917693 12.763961 31.617670
v 5.450678 12.621921 35.015041
v 11.515483 12.188225 33.505478
v 13.942222 12.977428 28.978054
v 14.458782 12.788875 30.227547
v 20.869156 12.509697 28.823990
v 26.932192 13.236593 18.831549
v 24.132383 13.403636 23.265900
v 25.530949 12.305169 24.591356
v 20.925926 13.074223 24.582052
v 21.661806 13.043275 25.522644
v 28.795490 12.635173 20.076777
v 30.423588 12.671522 17.790352
v 31.978943 13.123597 9.641109
v 27.518953 13.351858 16.066639
v 28.550486 13.168886 16.662888
v 34.181458 13.066872 10.359337
v 33.627548 12.738366 0.744277
v 33.161949 12.415306 3.232551
v 35.705589 12.370743 0.804042
v 35.326847 12.591925 3.488766
v 31.665909 13.066237 6.343847
v 32.838348 13.135759 6.594525
v 35.044266 12.611893 -5.517659
v 32.158329 13.022354 -9.754151
v 34.019997 12.395975 -10.233544
v 32.343887 13.107397 -2.494854
v 33.450748 13.125639 -2.553939
v 30.867857 13.128317 -9.377950
v 22.094370 13.896690 -15.649053
v 24.991018 13.621188 -15.318142
v 22.663795 14.546440 -18.720867
v 15.549262 14.069043 -21.919474
v 20.507658 14.189436 -17.137152
v 16.853437 13.749659 -24.036268
v 14.682187 13.710224 -25.621845
v 11.578833 13.467849 -30.706350
v 13.763697 13.143609 -29.158077
v 8.881766 13.732324 -27.811745
v 8.117794 14.027067 -25.404701
v 10.405353 13.897189 -27.801126
v 13.354505 14.151453 -23.560141
v 6.511707 13.695975 -28.468575
v 2.993580 13.098683 -31.839762
v 4.141057 13.512004 -32.016743
v -0.063986 13.839511 -29.123318
v -0.199173 14.144827 -27.249714
v 2.829758 13.756103 -28.649277
v -9.758234 14.482409 -25.333546
v -7.021051 14.050982 -28.390385
v -10.361970 13.742897 -27.466314
v -16.351353 14.333745 -21.653093
v -21.189447 14.892190 -16.720339
v -23.014856 14.651676 -18.109962
v -24.429893 14.361108 -16.287821
v -26.323147 15.278510 -7.384182
v -28.996525 14.332973 -6.580593
v -32.646935 13.760187 -4.890689
v -27.263510 14.675864 0.126928
v -30.095718 14.713076 -1.664265
v -26.791830 15.092588 -5.958298
v -30.955894 13.284560 6.846066
v -26.212009 14.415700 7.215731
v -28.131399 14.119415 8.146157
v -28.455549 13.818591 6.351561
v -22.346952 14.076168 15.640294
v -25.112907 14.634840 11.009859
v -22.453415 13.976740 19.033943
v -21.288012 13.298401 24.018978
v -16.300938 14.216619 24.476227
v -15.012780 14.716524 22.574080
v -14.485465 13.594369 28.968527
v -8.086119 14.190071 26.042696
v -11.029781 13.676915 27.393114
v -1.180378 14.036143 27.385220
v 1.560798 13.402003 29.148140
v 8.878907 13.935172 25.668903
v 1.389035 14.119324 26.971989
v 17.247652 13.202195 27.322912
v 17.260721 14.073264 24.336502
v 15.843098 14.511906 22.412619
v 15.764091 13.732051 24.911512
v 19.266699 14.059286 22.771572
v 22.034195 14.343183 15.340968
v 25.625475 14.184217 7.824186
v 26.965679 14.228145 11.218970
v 28.712446 13.264864 5.749323
v 27.257973 14.204275 0.756756
v 29.472424 13.841871 -2.223845
v 28.766584 13.750249 -5.580102
v 26.752123 14.576527 -4.229367
v 22.292179 14.485041 -8.716356
v 22.921101 13.824309 -14.298273
v 20.803492 14.812957 -12.778544
v 18.024422 15.197779 -12.687557
v 16.655397 14.668285 -20.816832
v 15.127046 14.622905 -18.647760
v 18.936060 14.104122 -18.728628
v 17.349758 14.671008 -16.634026
v 13.139178 15.475413 -18.195641
v 17.042036 14.506687 -14.040696
v 7.431060 14.436938 -23.084515
v 6.858047 15.768341 -21.460546
v 10.996064 15.396316 -19.373022
v 9.544631 15.554238 -20.208286
v -0.194272 14.777969 -22.958267
v 2.962994 15.174953 -22.418835
v -0.144354 14.782597 -24.892859
v -6.287529 14.339145 -25.988741
v -5.487390 14.596721 -23.741480
v -7.902104 14.643417 -21.100819
v -12.519650 14.451279 -23.811003
v -11.025652 14.946192 -21.364613
v -13.752034 14.980364 -18.258989
v -14.992858 14.473288 -19.739511
v -19.204075 15.326612 -15.126094
v -17.647177 15.435479 -13.787703
v -23.968380 14.566725 -12.889678
v -21.894697 15.345627 -11.689969
v -21.961269 15.798973 -6.381013
v -27.644382 15.169598 -1.561933
v -25.041119 15.270614 -1.399200
v -23.046213 15.176949 0.119395
v -22.305883 15.919865 -4.962026
v -24.679392 14.745749 0.043656
v -24.502048 15.271521 2.155503
v -22.360659 15.982670 5.856193
v -22.927954 14.810506 9.686897
v -23.620724 14.471064 13.924886
v -20.243502 14.778422 14.058167
v -21.612387 14.994023 12.578326
v -18.820885 15.314904 12.801596
v -21.274626 15.025290 8.774034
v -18.809177 14.438708 18.973452
v -17.352207 15.329290 17.221060
v -12.720684 14.635158 18.646399
v -16.226648 14.916060 15.402640
v -13.480389 14.885792 20.533524
v -10.126085 14.209993 25.271601
v -8.962906 14.491394 23.129623
v -6.708248 14.510999 21.806479
v -7.227213 14.484270 23.801020
v -3.780922 14.556742 24.758354
v -1.048867 14.489170 22.762678
v 4.241347 14.211219 27.151466
v 3.882710 14.869092 24.845209
v 7.281760 14.294173 21.324905
v 1.301770 14.697102 22.843184
v 7.973531 14.098994 23.146730
v 13.300231 15.112510 18.857189
v 14.389623 14.518622 20.156645
v 19.284395 14.142876 18.596436
v 17.637283 14.843906 17.104841
v 18.217196 15.296026 12.823833
v 19.992641 14.785547 13.888582
v 20.501078 14.723876 12.120851
v 24.689194 14.170876 10.153993
v 22.253016 14.539270 9.154545
v 21.329126 14.497975 6.415501
v 23.307421 14.849669 7.006213
v 26.764647 14.370502 2.775484
v 24.330103 14.750650 2.426240
v 22.677002 14.972921 0.583541
v 24.794613 14.710670 0.592345
v 24.207306 14.816405 -3.801071
v 26.455246 14.551024 -5.182346
v 23.843266 14.971877 -4.563817
v 22.226471 15.266983 -3.352898
v 21.485552 15.079700 -6.402522
v 16.451506 16.172314 -8.041646
v 13.858768 16.199495 -5.456577
v 13.577276 16.002411 -6.628923
v 14.778756 15.644908 -10.502829
v 13.848376 15.450817 -11.661970
v 11.316718 15.067856 -14.270591
v 12.749002 15.266666 -12.687919
v 12.032361 15.348939 -8.599684
v 10.829157 15.295527 -15.116338
v 9.286691 15.308506 -16.140562
v 8.015190 15.570439 -20.997534
v 7.873060 15.886056 -17.002829
v 3.954818 15.341271 -17.953856
v 2.060432 14.999332 -22.921419
v 2.189538 15.336460 -18.519154
v 3.313372 15.612824 -14.824136
v -3.140566 15.298795 -18.139595
v -2.769221 15.668641 -15.020359
v -6.880782 15.321893 -17.562908
v -8.627230 15.061231 -16.652676
v -11.193421 16.055233 -10.811367
v -15.814054 15.492521 -10.402630
v -16.839779 15.907431 -8.897649
v -12.997911 15.824657 -8.553850
v -18.192736 15.428536 -5.467468
v -18.545881 15.496696 -4.170418
v -22.721882 16.530134 -3.224382
v -18.696091 15.524650 -2.738635
v -22.744846 15.817578 4.634383
v -15.534605 15.610192 1.443582
v -18.524372 15.281051 4.821984
v -16.753283 15.156528 9.269810
v -14.416896 15.213027 11.298657
v -14.965131 14.829112 16.299528
v -12.718234 14.504691 13.598332
v -13.375245 15.084783 12.648757
v -11.696413 15.698638 9.865286
v -8.196120 14.636792 16.873495
v -6.864627 15.220061 13.770050
v -2.791821 15.270704 19.122253
v -2.464767 15.041173 15.204012
v -0.708381 15.276558 19.267015
v 1.103323 14.967340 19.255671
v 2.986818 14.816633 18.873390
v 12.166323 14.903218 19.332499
v 7.960462 15.414287 17.139240
v 6.535123 15.694916 14.572640
v 12.098162 15.752367 14.447074
v 13.553588 15.269207 13.119801
v 9.981958 15.608876 11.851158
v 13.127243 15.664648 7.840659
v 18.315170 15.881973 3.872227
v 18.288170 15.446506 1.889939
v 14.360988 15.191516 2.429235
v 18.537714 15.128438 -1.174116
v 17.391825 15.723006 -5.434614
v 14.912989 15.877117 -1.313750
v 14.335620 16.070072 -4.379711
v 7.626874 15.842900 -3.711309
v 10.459491 15.609829 -6.734704
v 6.962148 15.949226 -5.087865
v 10.048303 15.691967 -7.365440
v 9.495757 15.727045 -8.109490
v 7.810890 15.839633 -9.793631
v 8.865565 15.826201 -8.828535
v 3.677138 16.324108 -6.346433
v 4.993656 16.141411 -5.121673
v 7.305493 15.940240 -10.177999
v 6.312125 15.652713 -10.933576
v 5.302649 15.908656 -13.638856
v 6.327872 15.893227 -13.184240
v 2.226931 16.131426 -8.854584
v 1.689405 16.357191 -7.401698
v 2.690306 16.399714 -8.636396
v 3.106848 16.370987 -6.775047
v 2.612706 16.456120 -12.473045
v 1.074280 15.616772 -15.488181
v -0.464736 16.274372 -9.305660
v -0.476127 16.531631 -7.699391
v 0.399661 16.229446 -9.279749
v -1.829856 16.181026 -9.167206
v -3.412029 15.742293 -12.895578
v -2.935766 15.979721 -7.189638
v -2.492041 16.121443 -8.983417
v -4.991251 15.766208 -12.416592
v -6.364313 15.584280 -11.944323
v -4.704541 15.483355 -6.112999
v -6.522144 15.709347 -6.499409
v -7.225851 15.820846 -5.687607
v -10.683532 15.887554 -7.222039
v -11.511262 15.918413 -6.252042
v -7.202480 15.555237 -2.261964
v -12.649936 15.260357 -3.880077
v -12.432567 15.203088 -3.082752
v -12.869711 15.491977 -0.883502
v -15.369966 15.155031 -2.520040
v -7.560392 16.381151 -0.218868
v -9.172289 16.598658 -0.680155
v -7.361900 16.069437 -1.889168
v -9.152775 16.495102 -0.169449
v -9.178279 16.475361 0.524275
v -15.270674 15.668459 3.246437
v -8.948021 15.945822 2.071777
v -9.006380 15.871308 1.590522
v -12.645399 16.189331 3.244713
v -8.675559 15.956759 3.174419
v -11.221512 16.225952 6.099838
v -6.196498 15.974230 3.892330
v -3.649502 15.761715 1.466272
v -10.331247 16.161015 8.395792
v -10.088465 15.388647 11.549427
v -9.225474 16.595163 9.306840
v -4.256867 15.806415 5.888322
v -5.200135 15.892183 7.268509
v -4.947505 15.221195 12.286624
v -2.484462 15.787446 6.777315
v -3.739218 16.163282 8.106813
v -3.069455 16.070662 8.338296
v -2.282294 15.363461 12.928615
v -0.644032 15.690333 13.773907
v 0.483932 15.580377 13.629236
v 1.705334 15.524424 13.393578
v 2.372737 15.562044 7.151746
v 0.437826 15.626483 7.591296
v 8.273992 15.863548 13.811209
v 4.892278 16.069937 7.846241
v 8.302899 16.093443 10.042586
v 5.347348 16.191010 7.549411
v 9.215990 16.092262 9.167569
v 5.863454 16.101837 4.313275
v 7.078003 16.328829 5.121083
v 11.521700 15.117184 4.617729
v 7.741050 16.038351 3.220752
v 12.242470 15.426176 1.994722
v 12.387368 15.507769 0.790927
v 6.558993 16.566938 -0.345069
v 12.475359 15.416284 -1.345879
v 12.649709 16.174446 -2.655726
v 8.042645 15.898127 -2.247079
v 6.519830 16.663324 -1.654871
v 7.359495 -4.080763 -5.464927
v 4.893775 -4.190492 -3.111432
v 5.219104 -4.172023 -2.679006
v 2.789370 -4.315832 -1.364303
v 2.649963 -4.257790 -0.726669
v 5.271155 -4.421658 -7.609947
v 6.950350 -4.237324 -6.038349
v 1.806349 -4.287832 -5.572569
v 2.785921 -3.798863 -8.876774
v 2.154459 -4.286788 -5.488116
v 4.550294 -4.362029 -8.084622
v 1.350553 -4.645245 -1.846828
v 1.412451 -4.435907 -3.219799
v 2.306936 -4.393567 -3.227695
v 2.117792 -4.385490 -3.881983
v -0.119894 -3.571509 -9.368966
v 0.611268 -4.299767 -5.975179
v 0.679156 -4.585479 -3.697151
v 1.371972 -4.255749 -5.785764
v -3.348814 -3.786610 -8.865021
v -1.366708 -4.334074 -5.827740
v -0.921576 -4.446072 -6.020106
v 0.018787 -4.602633 -2.821227
v -5.988203 -3.967404 -7.649337
v -2.714085 -4.661128 -5.433070
v -7.735514 -3.835621 -6.021104
v -4.224420 -4.742857 -4.318266
v -4.567402 -4.697341 -3.723199
v -9.398281 -4.130227 -2.785104
v -5.304010 -4.595735 -2.937127
v -9.858388 -3.879276 -0.169449
v -5.846527 -4.520676 -0.374521
v -9.626951 -4.045548 -2.333528
v -5.677306 -4.505656 -1.705288
v -5.852926 -4.452516 -1.399382
v -9.334249 -3.651968 2.161538
v -3.891831 -4.472529 0.483887
v -5.881243 -4.315559 0.453754
v -7.879504 -3.781664 5.126166
v -5.105654 -3.795913 2.941801
v -8.927600 -4.172522 3.455321
v -3.463308 -4.447841 1.647746
v -5.447002 -4.013918 7.856270
v -2.578535 -4.824631 2.511509
v -2.895741 -4.327540 9.858479
v -2.416392 -4.484781 5.811857
v -2.839923 -4.455193 5.641001
v -1.518368 -5.039188 2.593374
v -0.560669 -4.396472 9.664389
v -1.094338 -4.412763 6.219550
v -1.978612 -4.226116 5.973364
v 2.835748 -4.416529 8.785107
v 0.336220 -4.486142 9.687442
v 5.395632 -4.068420 7.467863
v 3.163482 -4.496353 5.028553
v 7.512789 -4.335209 5.314538
v 3.426142 -4.475705 4.780280
v 8.864159 -3.884586 2.707278
v 3.269263 -4.586795 1.561207
v 5.234215 -4.694800 3.162167
v 2.282204 -4.357899 1.459873
v 9.148464 -4.198797 0.000635
v 3.015226 -4.310522 0.837896
v 5.703354 -4.043824 -1.187321
v 5.748370 -4.231107 -0.537662
v 8.864068 -4.275171 -1.661496
v 3.545491 -4.412354 0.123388
v 1.472716 16.284901 -1.635902
v 5.326246 16.118265 -4.653806
v 4.659841 16.168909 -5.566125
v 0.886997 15.817124 -2.258152
v 2.619694 16.448996 -7.054723
v 0.515199 15.772289 -3.427594
v 0.929654 15.779958 -3.588103
v 2.103271 16.286352 -7.279626
v 0.203121 16.483030 -7.728933
v -3.718843 15.950360 -6.887226
v -6.855142 15.742384 -3.750926
v -2.232104 15.033049 -0.554316
v -7.555854 16.349567 -0.664726
v -1.533026 15.172684 0.148438
v -3.369780 15.428400 -0.471407
v -3.294948 15.417781 -0.123207
v -6.837535 15.947864 3.365287
v -5.370582 15.618996 4.954176
v -2.855035 15.839951 2.292777
v -3.517764 15.534725 6.375976
v -0.270102 15.516528 7.546687
v 1.145481 15.593674 7.577728
v 5.459436 16.015163 5.481491
v 2.032750 15.703947 1.264059
v 2.576311 15.936565 0.482207
v 6.565210 16.368809 0.246731
v 2.998753 16.464243 -0.266562
v 2.127276 16.606054 -1.105365
v 6.460473 16.647985 -1.930645
vt 0.907931 0.246352
vt 0.909162 0.254564
vt 0.890738 0.246232
vt 0.888697 0.236492
vt 0.910528 0.262908
vt 0.893316 0.257433
vt 0.914118 0.279883
vt 0.898522 0.280401
vt 0.896620 0.272396
vt 0.912694 0.273529
vt 0.872016 0.276720
vt 0.869853 0.267592
vt 0.864675 0.249728
vt 0.858389 0.225313
vt 0.861265 0.237236
vt 0.916058 0.288584
vt 0.901183 0.291091
vt 0.918222 0.297560
vt 0.903884 0.301440
vt 0.923748 0.316816
vt 0.910662 0.324747
vt 0.907821 0.316462
vt 0.921821 0.310364
vt 0.888483 0.335390
vt 0.885993 0.325616
vt 0.880924 0.305919
vt 0.875593 0.290071
vt 0.926904 0.327083
vt 0.914214 0.336367
vt 0.929438 0.335070
vt 0.917321 0.346856
vt 0.934889 0.350798
vt 0.922526 0.364837
vt 0.920242 0.356773
vt 0.932295 0.343030
vt 0.901318 0.389701
vt 0.898678 0.380694
vt 0.895658 0.367473
vt 0.892764 0.352240
vt 0.937830 0.358870
vt 0.925691 0.374979
vt 0.941686 0.369374
vt 0.929988 0.387242
vt 0.947829 0.381450
vt 0.936450 0.403457
vt 0.931093 0.393903
vt 0.943357 0.372947
vt 0.914764 0.437353
vt 0.910200 0.423282
vt 0.908481 0.416981
vt 0.904408 0.401715
vt 0.955486 0.394403
vt 0.943739 0.422394
vt 0.965840 0.408657
vt 0.955235 0.440187
vt 0.948027 0.430190
vt 0.959370 0.401253
vt 0.931262 0.489044
vt 0.925802 0.470601
vt 0.922017 0.459679
vt 0.973023 0.415212
vt 0.963547 0.450161
vt 0.985309 0.424901
vt 0.976961 0.461333
vt 0.950865 0.524279
vt 0.938716 0.505037
vt 0.995633 0.428432
vt 0.989175 0.466165
vt 0.120163 0.709742
vt 0.148378 0.734470
vt 0.141934 0.742968
vt 0.114316 0.716151
vt 0.199423 0.766776
vt 0.196559 0.784528
vt 0.965259 0.534615
vt 0.122446 0.704639
vt 0.150960 0.727748
vt 0.126714 0.697925
vt 0.151359 0.717696
vt 0.128575 0.680249
vt 0.156612 0.698375
vt 0.202651 0.717554
vt 0.201323 0.744784
vt 0.201309 0.757364
vt 0.129848 0.676344
vt 0.157103 0.691988
vt 0.129763 0.669452
vt 0.156263 0.683515
vt 0.127602 0.654062
vt 0.148874 0.662519
vt 0.152078 0.670346
vt 0.128758 0.659987
vt 0.189033 0.674207
vt 0.189666 0.683482
vt 0.196886 0.698611
vt 0.200775 0.709472
vt 0.125334 0.645898
vt 0.145078 0.652096
vt 0.119877 0.627147
vt 0.137573 0.628254
vt 0.140145 0.635970
vt 0.121705 0.633648
vt 0.165235 0.630097
vt 0.169491 0.639637
vt 0.182110 0.661671
vt 0.115005 0.610291
vt 0.131716 0.610240
vt 0.110931 0.596783
vt 0.125541 0.594180
vt 0.105921 0.586116
vt 0.121358 0.583093
vt 0.146357 0.576995
vt 0.151637 0.589579
vt 0.157125 0.608512
vt 0.101787 0.574950
vt 0.114972 0.567081
vt 0.098114 0.565682
vt 0.111084 0.555672
vt 0.088500 0.541951
vt 0.101365 0.525056
vt 0.108303 0.546912
vt 0.095170 0.558590
vt 0.120012 0.508895
vt 0.127779 0.535991
vt 0.131669 0.545683
vt 0.140735 0.561377
vt 0.084464 0.525241
vt 0.095254 0.508671
vt 0.074228 0.502425
vt 0.084701 0.486075
vt 0.088396 0.495759
vt 0.079519 0.517444
vt 0.102697 0.464170
vt 0.107066 0.477546
vt 0.113046 0.487614
vt 0.066346 0.488875
vt 0.074823 0.469794
vt 0.059121 0.484473
vt 0.067894 0.460034
vt 0.085675 0.424202
vt 0.093096 0.442475
vt 0.053488 0.476342
vt 0.061550 0.452388
vt 0.046345 0.470391
vt 0.054986 0.444418
vt 0.034888 0.461957
vt 0.043450 0.430007
vt 0.059610 0.377353
vt 0.073829 0.396764
vt 0.079345 0.410291
vt 0.026456 0.457912
vt 0.031755 0.424541
vt 0.013140 0.450959
vt 0.016056 0.418125
vt 0.021304 0.420219
vt 0.017785 0.453894
vt 0.028926 0.353276
vt 0.037733 0.354530
vt 0.049451 0.364756
vt 0.007449 0.452172
vt 0.008532 0.413562
vt 0.000262 0.452080
vt 0.000000 0.411098
vt 0.916912 0.164624
vt 0.889900 0.135215
vt 0.901033 0.123106
vt 0.926052 0.157929
vt 0.843100 0.094749
vt 0.850946 0.073853
vt 0.020945 0.346616
vt 0.009197 0.343603
vt 0.911882 0.167041
vt 0.880393 0.137688
vt 0.905404 0.185354
vt 0.880352 0.163231
vt 0.875669 0.149490
vt 0.907764 0.177390
vt 0.828915 0.128626
vt 0.829634 0.117109
vt 0.833202 0.101136
vt 0.901768 0.191431
vt 0.878401 0.172639
vt 0.902071 0.202161
vt 0.878840 0.183166
vt 0.903680 0.212941
vt 0.879533 0.191894
vt 0.841333 0.171297
vt 0.839310 0.160464
vt 0.832933 0.142917
vt 0.903535 0.222191
vt 0.882762 0.208428
vt 0.905951 0.231891
vt 0.884280 0.218306
vt 0.885483 0.223478
vt 0.906446 0.236054
vt 0.853744 0.210008
vt 0.852442 0.204036
vt 0.844937 0.185988
vt 0.841500 0.234809
vt 0.837234 0.221598
vt 0.845599 0.247788
vt 0.853054 0.276167
vt 0.849976 0.265450
vt 0.835955 0.277199
vt 0.830593 0.264500
vt 0.825865 0.246059
vt 0.815182 0.217344
vt 0.820432 0.231398
vt 0.857006 0.290495
vt 0.863031 0.306415
vt 0.872826 0.340395
vt 0.869950 0.329323
vt 0.855924 0.349805
vt 0.853394 0.335917
vt 0.846835 0.309392
vt 0.842014 0.293341
vt 0.877318 0.360871
vt 0.880654 0.376442
vt 0.886511 0.399866
vt 0.884148 0.389795
vt 0.870424 0.411558
vt 0.868456 0.400080
vt 0.862265 0.383761
vt 0.858788 0.368429
vt 0.889551 0.414474
vt 0.890938 0.434694
vt 0.899002 0.456500
vt 0.892246 0.441302
vt 0.875041 0.479504
vt 0.872232 0.460146
vt 0.871357 0.452426
vt 0.872418 0.427230
vt 0.904600 0.483592
vt 0.912113 0.519353
vt 0.907516 0.496761
vt 0.889478 0.544734
vt 0.886317 0.521048
vt 0.881990 0.506711
vt 0.917033 0.538777
vt 0.929612 0.561700
vt 0.901874 0.597394
vt 0.892114 0.568736
vt 0.944994 0.575906
vt 0.241659 0.784368
vt 0.235567 0.802487
vt 0.286870 0.797567
vt 0.287931 0.818485
vt 0.912417 0.620355
vt 0.242278 0.772660
vt 0.237268 0.757021
vt 0.233639 0.726370
vt 0.263957 0.732249
vt 0.277885 0.766789
vt 0.286544 0.784498
vt 0.229918 0.717249
vt 0.224911 0.703996
vt 0.211890 0.677414
vt 0.214806 0.687955
vt 0.233140 0.679049
vt 0.239389 0.689825
vt 0.250984 0.707459
vt 0.258394 0.721406
vt 0.204240 0.663335
vt 0.185631 0.631343
vt 0.190679 0.641765
vt 0.206194 0.630909
vt 0.209899 0.640760
vt 0.225932 0.663832
vt 0.174495 0.607651
vt 0.168583 0.589132
vt 0.163796 0.575876
vt 0.176189 0.570546
vt 0.186210 0.586863
vt 0.193225 0.606570
vt 0.153618 0.555886
vt 0.147923 0.541591
vt 0.133901 0.504702
vt 0.143598 0.530794
vt 0.148656 0.494960
vt 0.158035 0.523502
vt 0.164244 0.536784
vt 0.168697 0.550833
vt 0.126633 0.479908
vt 0.114787 0.450796
vt 0.121359 0.466058
vt 0.128670 0.439968
vt 0.134471 0.455545
vt 0.140027 0.470717
vt 0.106445 0.422791
vt 0.099504 0.400239
vt 0.116222 0.380031
vt 0.121050 0.404029
vt 0.094353 0.383577
vt 0.087738 0.368863
vt 0.074000 0.347954
vt 0.093412 0.316705
vt 0.104116 0.344743
vt 0.110555 0.362190
vt 0.066308 0.330242
vt 0.048888 0.308704
vt 0.055357 0.314090
vt 0.070976 0.270585
vt 0.076724 0.278580
vt 0.085823 0.296820
vt 0.035225 0.303850
vt 0.021745 0.299222
vt 0.806156 0.071500
vt 0.812940 0.047290
vt 0.762862 0.051543
vt 0.766368 0.024887
vt 0.059332 0.257717
vt 0.042096 0.251805
vt 0.803848 0.082291
vt 0.800631 0.115714
vt 0.798376 0.101029
vt 0.769699 0.106082
vt 0.763310 0.087772
vt 0.762015 0.065101
vt 0.806609 0.131845
vt 0.811910 0.147790
vt 0.818054 0.162775
vt 0.792016 0.155850
vt 0.787045 0.141871
vt 0.781016 0.124517
vt 0.823907 0.179766
vt 0.829738 0.195295
vt 0.832260 0.202307
vt 0.808749 0.197277
vt 0.804560 0.189144
vt 0.797857 0.173563
vt 0.811098 0.231090
vt 0.804032 0.214252
vt 0.816746 0.246337
vt 0.828478 0.278356
vt 0.822816 0.265547
vt 0.809697 0.280527
vt 0.805897 0.266943
vt 0.798998 0.246642
vt 0.784799 0.214446
vt 0.791276 0.230560
vt 0.833208 0.293805
vt 0.839553 0.311102
vt 0.849033 0.351102
vt 0.846473 0.336648
vt 0.833030 0.356098
vt 0.830682 0.341724
vt 0.820654 0.315076
vt 0.816054 0.296988
vt 0.851278 0.370555
vt 0.855219 0.386867
vt 0.863326 0.416964
vt 0.858505 0.403052
vt 0.845553 0.424849
vt 0.843527 0.412298
vt 0.840043 0.395246
vt 0.834331 0.378193
vt 0.863846 0.434014
vt 0.863413 0.457211
vt 0.866098 0.486651
vt 0.864362 0.466232
vt 0.847968 0.498923
vt 0.846749 0.476530
vt 0.846628 0.467191
vt 0.846605 0.443460
vt 0.871869 0.516844
vt 0.876858 0.557330
vt 0.875288 0.531527
vt 0.848701 0.580058
vt 0.848120 0.550654
vt 0.850049 0.533187
vt 0.878824 0.580194
vt 0.885148 0.614818
vt 0.849650 0.641753
vt 0.846542 0.607180
vt 0.894791 0.639294
vt 0.313823 0.803193
vt 0.313154 0.823239
vt 0.365832 0.804480
vt 0.373980 0.827063
vt 0.848655 0.678705
vt 0.307572 0.788016
vt 0.297766 0.769755
vt 0.278860 0.732575
vt 0.308881 0.731574
vt 0.338130 0.771018
vt 0.353359 0.789419
vt 0.271334 0.722891
vt 0.262592 0.708422
vt 0.243974 0.679066
vt 0.251581 0.689731
vt 0.267546 0.677097
vt 0.275298 0.688497
vt 0.287543 0.707854
vt 0.299937 0.721413
vt 0.236490 0.663062
vt 0.215847 0.630628
vt 0.220180 0.641058
vt 0.234638 0.627095
vt 0.240813 0.639555
vt 0.257771 0.660849
vt 0.202326 0.605499
vt 0.192146 0.583272
vt 0.184927 0.568785
vt 0.201936 0.562930
vt 0.208236 0.577826
vt 0.219210 0.601683
vt 0.177237 0.550179
vt 0.171519 0.533243
vt 0.156231 0.491941
vt 0.165402 0.519624
vt 0.170186 0.481708
vt 0.180010 0.510703
vt 0.184255 0.523480
vt 0.192202 0.542230
vt 0.146802 0.465476
vt 0.135926 0.430634
vt 0.141443 0.449449
vt 0.151192 0.418859
vt 0.155696 0.434497
vt 0.160934 0.452451
vt 0.128580 0.396018
vt 0.123945 0.371646
vt 0.141639 0.355630
vt 0.144685 0.383536
vt 0.118910 0.352220
vt 0.113609 0.333367
vt 0.103319 0.302989
vt 0.126901 0.277512
vt 0.134193 0.312723
vt 0.138675 0.333197
vt 0.095413 0.283670
vt 0.080192 0.253934
vt 0.085911 0.262541
vt 0.109840 0.218848
vt 0.115891 0.228392
vt 0.120037 0.254107
vt 0.071744 0.240857
vt 0.056780 0.227518
vt 0.742232 0.044821
vt 0.739984 0.014696
vt 0.696303 0.034432
vt 0.684947 0.002734
vt 0.105355 0.197157
vt 0.090590 0.183981
vt 0.742209 0.058945
vt 0.754765 0.101541
vt 0.750398 0.083124
vt 0.722567 0.096044
vt 0.711245 0.076353
vt 0.699807 0.050021
vt 0.766608 0.120132
vt 0.773889 0.138407
vt 0.779889 0.152818
vt 0.753594 0.150207
vt 0.745721 0.133499
vt 0.735503 0.114519
vt 0.784692 0.170850
vt 0.793341 0.188008
vt 0.797467 0.195897
vt 0.773133 0.193948
vt 0.769719 0.185636
vt 0.760849 0.167770
vt 0.777191 0.231723
vt 0.768647 0.215298
vt 0.786254 0.247921
vt 0.797962 0.283395
vt 0.792915 0.269312
vt 0.785652 0.283678
vt 0.779564 0.270996
vt 0.771576 0.249787
vt 0.753486 0.217292
vt 0.763343 0.233992
vt 0.803035 0.299737
vt 0.807607 0.317408
vt 0.819101 0.359781
vt 0.818319 0.344232
vt 0.807251 0.362256
vt 0.805964 0.347005
vt 0.796711 0.320195
vt 0.789988 0.302683
vt 0.823206 0.382409
vt 0.828014 0.400008
vt 0.832736 0.430760
vt 0.831014 0.416308
vt 0.821086 0.433886
vt 0.819419 0.419657
vt 0.815230 0.403595
vt 0.813425 0.385815
vt 0.833201 0.450083
vt 0.835162 0.471453
vt 0.835716 0.504758
vt 0.834649 0.481237
vt 0.821818 0.510104
vt 0.821799 0.486848
vt 0.821859 0.477226
vt 0.820843 0.454080
vt 0.835494 0.541273
vt 0.830532 0.589023
vt 0.835070 0.560064
vt 0.811207 0.598613
vt 0.816630 0.567766
vt 0.819307 0.549541
vt 0.820328 0.622274
vt 0.814968 0.663651
vt 0.785371 0.677394
vt 0.798134 0.633039
vt 0.815673 0.697657
vt 0.402945 0.800090
vt 0.413819 0.823387
vt 0.432065 0.792673
vt 0.452158 0.816322
vt 0.781767 0.711827
vt 0.387088 0.785576
vt 0.364729 0.768672
vt 0.330804 0.728207
vt 0.348722 0.724533
vt 0.389895 0.763441
vt 0.414655 0.779338
vt 0.321357 0.717675
vt 0.307096 0.704250
vt 0.282458 0.674569
vt 0.291700 0.685803
vt 0.296579 0.671498
vt 0.306941 0.682761
vt 0.323183 0.700503
vt 0.338239 0.713806
vt 0.271550 0.658265
vt 0.248189 0.624206
vt 0.257317 0.635012
vt 0.260621 0.620665
vt 0.270300 0.631971
vt 0.283874 0.655322
vt 0.230961 0.597109
vt 0.220419 0.572557
vt 0.213098 0.556702
vt 0.223724 0.551387
vt 0.232185 0.568378
vt 0.243675 0.592811
vt 0.203467 0.536453
vt 0.195012 0.519211
vt 0.182048 0.474048
vt 0.191071 0.505613
vt 0.192648 0.466867
vt 0.202320 0.500708
vt 0.206362 0.513738
vt 0.213856 0.528702
vt 0.172214 0.446352
vt 0.164990 0.407916
vt 0.168441 0.425933
vt 0.177158 0.400896
vt 0.179669 0.420849
vt 0.183743 0.440229
vt 0.157272 0.374668
vt 0.154243 0.346913
vt 0.167989 0.337743
vt 0.170739 0.365072
vt 0.152648 0.322341
vt 0.149530 0.300270
vt 0.143235 0.262339
vt 0.160343 0.249835
vt 0.164227 0.290763
vt 0.165065 0.314412
vt 0.140808 0.235545
vt 0.135546 0.196303
vt 0.143810 0.205831
vt 0.164115 0.175511
vt 0.166009 0.188963
vt 0.161773 0.221549
vt 0.134617 0.172468
vt 0.122347 0.154238
vt 0.660510 0.031648
vt 0.639157 -0.000000
vt 0.627440 0.032447
vt 0.599887 0.001332
vt 0.161023 0.157083
vt 0.153689 0.133681
vt 0.667855 0.047832
vt 0.697992 0.094225
vt 0.685489 0.075224
vt 0.676245 0.095313
vt 0.661458 0.076151
vt 0.638249 0.048760
vt 0.711688 0.113187
vt 0.726178 0.133831
vt 0.733868 0.148106
vt 0.717866 0.149355
vt 0.707232 0.134565
vt 0.693189 0.114814
vt 0.746060 0.170056
vt 0.754586 0.185415
vt 0.758005 0.194854
vt 0.743612 0.196378
vt 0.740515 0.187121
vt 0.729067 0.171357
vt 0.739702 0.239280
vt 0.733709 0.221458
vt 0.750484 0.254204
vt 0.764292 0.288851
vt 0.758743 0.275852
vt 0.769998 0.305969
vt 0.778159 0.325894
vt 0.787650 0.366488
vt 0.785207 0.352789
vt 0.792618 0.388840
vt 0.796392 0.407375
vt 0.801534 0.439203
vt 0.798663 0.424991
vt 0.798958 0.459661
vt 0.799490 0.483631
vt 0.799055 0.517525
vt 0.800009 0.493333
vt 0.791844 0.558105
vt 0.779781 0.609313
vt 0.787861 0.576852
vt 0.763954 0.642820
vt 0.737985 0.692604
vt 0.718169 0.728571
vt 0.483429 0.774010
vt 0.517359 0.793491
vt 0.456473 0.764076
vt 0.425957 0.751511
vt 0.374252 0.716342
vt 0.363881 0.704130
vt 0.348100 0.690478
vt 0.319080 0.662289
vt 0.331555 0.673601
vt 0.306202 0.647906
vt 0.279749 0.613648
vt 0.290897 0.623925
vt 0.267344 0.584026
vt 0.250779 0.558841
vt 0.242054 0.543047
vt 0.233925 0.520387
vt 0.226663 0.503496
vt 0.212072 0.457589
vt 0.221740 0.488649
vt 0.203923 0.429953
vt 0.198249 0.392056
vt 0.199512 0.412274
vt 0.190946 0.355169
vt 0.190951 0.326169
vt 0.190065 0.301552
vt 0.190608 0.277705
vt 0.192007 0.233544
vt 0.197587 0.201607
vt 0.210815 0.152878
vt 0.206105 0.169652
vt 0.213087 0.130541
vt 0.205772 0.106167
vt 0.575139 0.043431
vt 0.539592 0.011194
vt 0.593084 0.057857
vt 0.643276 0.101281
vt 0.621423 0.083777
vt 0.661965 0.119462
vt 0.679089 0.139841
vt 0.690389 0.156133
vt 0.706045 0.175778
vt 0.715392 0.192728
vt 0.720370 0.200871
vt 0.729915 0.241717
vt 0.722106 0.224883
vt 0.739663 0.257952
vt 0.752949 0.292473
vt 0.748453 0.279526
vt 0.760171 0.310369
vt 0.766418 0.328343
vt 0.777226 0.370343
vt 0.772926 0.356347
vt 0.781312 0.392838
vt 0.784588 0.411976
vt 0.788000 0.442886
vt 0.787012 0.429778
vt 0.786556 0.461908
vt 0.787586 0.484882
vt 0.785717 0.520008
vt 0.787473 0.495174
vt 0.776757 0.560162
vt 0.760674 0.612546
vt 0.771436 0.580128
vt 0.745689 0.644108
vt 0.708887 0.695944
vt 0.672678 0.735096
vt 0.505634 0.762539
vt 0.561400 0.769512
vt 0.476780 0.754193
vt 0.442082 0.743973
vt 0.387419 0.708482
vt 0.376181 0.697792
vt 0.361790 0.684217
vt 0.331453 0.656470
vt 0.343661 0.667251
vt 0.318399 0.641361
vt 0.292674 0.607204
vt 0.301070 0.618407
vt 0.277168 0.578834
vt 0.260166 0.554591
vt 0.252357 0.537512
vt 0.243683 0.515346
vt 0.236301 0.496268
vt 0.222652 0.451478
vt 0.232109 0.483379
vt 0.215245 0.424664
vt 0.208227 0.388243
vt 0.210235 0.407352
vt 0.202120 0.351732
vt 0.204102 0.321452
vt 0.205602 0.296126
vt 0.205529 0.272502
vt 0.210238 0.227795
vt 0.217512 0.195746
vt 0.238834 0.144037
vt 0.230079 0.162200
vt 0.246971 0.121048
vt 0.239145 0.095793
vt 0.551578 0.050476
vt 0.503498 0.023969
vt 0.572157 0.063650
vt 0.626663 0.105964
vt 0.604741 0.088294
vt 0.648436 0.124278
vt 0.667485 0.142756
vt 0.679533 0.158479
vt 0.692322 0.179717
vt 0.701386 0.197094
vt 0.707564 0.205241
vt 0.717288 0.249017
vt 0.710111 0.230529
vt 0.727435 0.264665
vt 0.739990 0.300488
vt 0.736938 0.287084
vt 0.748099 0.317755
vt 0.752086 0.335242
vt 0.763974 0.376933
vt 0.759612 0.363666
vt 0.765982 0.399481
vt 0.770105 0.416836
vt 0.771225 0.448457
vt 0.771213 0.434863
vt 0.771318 0.466376
vt 0.770918 0.488449
vt 0.765000 0.523329
vt 0.769101 0.498260
vt 0.756675 0.560702
vt 0.742328 0.610052
vt 0.751992 0.580488
vt 0.724882 0.640871
vt 0.687012 0.690134
vt 0.617527 0.735127
vt 0.535287 0.745499
vt 0.500642 0.741750
vt 0.463972 0.733695
vt 0.402702 0.702393
vt 0.389843 0.693150
vt 0.374787 0.678077
vt 0.342648 0.650458
vt 0.356113 0.660577
vt 0.330034 0.634545
vt 0.302861 0.598887
vt 0.311815 0.611232
vt 0.284487 0.569031
vt 0.270665 0.545270
vt 0.262836 0.527602
vt 0.253644 0.505811
vt 0.247991 0.487286
vt 0.232461 0.443728
vt 0.243896 0.473152
vt 0.228083 0.416644
vt 0.222248 0.381191
vt 0.224875 0.398845
vt 0.217329 0.345458
vt 0.219763 0.316488
vt 0.224006 0.292300
vt 0.223987 0.269617
vt 0.230059 0.225397
vt 0.240667 0.193803
vt 0.263888 0.143391
vt 0.257078 0.159865
vt 0.279349 0.119541
vt 0.282185 0.093216
vt 0.520913 0.060368
vt 0.458503 0.041442
vt 0.544838 0.071103
vt 0.611514 0.108762
vt 0.588352 0.092115
vt 0.632713 0.128664
vt 0.652729 0.147497
vt 0.666612 0.163228
vt 0.679054 0.186247
vt 0.689280 0.203306
vt 0.694990 0.211233
vt 0.707936 0.253156
vt 0.697732 0.235513
vt 0.717717 0.269700
vt 0.729478 0.305270
vt 0.725485 0.292144
vt 0.738624 0.322355
vt 0.741807 0.340105
vt 0.752952 0.380405
vt 0.748983 0.367099
vt 0.757424 0.403013
vt 0.759925 0.420698
vt 0.758599 0.450956
vt 0.759646 0.437719
vt 0.759752 0.468404
vt 0.757399 0.491030
vt 0.752897 0.523309
vt 0.757100 0.500061
vt 0.744249 0.560178
vt 0.728950 0.607566
vt 0.738213 0.578319
vt 0.711773 0.636460
vt 0.670756 0.684583
vt 0.613862 0.721140
vt 0.548563 0.732372
vt 0.513899 0.731063
vt 0.476717 0.724195
vt 0.413684 0.695578
vt 0.400216 0.686980
vt 0.384976 0.672390
vt 0.351540 0.643747
vt 0.365151 0.653051
vt 0.340032 0.628769
vt 0.311884 0.592653
vt 0.320759 0.605171
vt 0.293027 0.563636
vt 0.279138 0.539435
vt 0.270078 0.522624
vt 0.261619 0.498019
vt 0.256791 0.481554
vt 0.242941 0.437695
vt 0.252431 0.467991
vt 0.238138 0.411812
vt 0.232723 0.376877
vt 0.235141 0.394171
vt 0.228733 0.341476
vt 0.231444 0.313680
vt 0.235175 0.290870
vt 0.235868 0.268925
vt 0.244443 0.225557
vt 0.256200 0.193906
vt 0.282792 0.144407
vt 0.273362 0.160521
vt 0.304849 0.119685
vt 0.322859 0.091320
vt 0.497984 0.070414
vt 0.425907 0.060170
vt 0.527936 0.078206
vt 0.598771 0.114046
vt 0.573335 0.098551
vt 0.621783 0.132467
vt 0.641817 0.151861
vt 0.655814 0.169048
vt 0.669158 0.190657
vt 0.679584 0.207282
vt 0.685249 0.214470
vt 0.717120 0.309076
vt 0.713156 0.296182
vt 0.703410 0.274312
vt 0.684781 0.241381
vt 0.694547 0.257934
vt 0.739586 0.382920
vt 0.736619 0.369688
vt 0.728109 0.343222
vt 0.724938 0.325951
vt 0.743490 0.452204
vt 0.745423 0.439386
vt 0.746584 0.422148
vt 0.743815 0.404020
vt 0.738072 0.522767
vt 0.742781 0.500678
vt 0.742748 0.491700
vt 0.745335 0.470282
vt 0.712805 0.604413
vt 0.722730 0.576709
vt 0.729384 0.559162
vt 0.657005 0.675260
vt 0.695705 0.631767
vt 0.553469 0.715277
vt 0.605460 0.706315
vt 0.426723 0.685423
vt 0.487813 0.710776
vt 0.522547 0.715515
vt 0.363694 0.634180
vt 0.376594 0.643831
vt 0.396314 0.662878
vt 0.413050 0.677192
vt 0.324336 0.584830
vt 0.332605 0.596969
vt 0.351347 0.620230
vt 0.283388 0.516870
vt 0.291323 0.532761
vt 0.305969 0.557212
vt 0.255054 0.434244
vt 0.265313 0.464383
vt 0.269512 0.476716
vt 0.274433 0.493506
vt 0.246052 0.373459
vt 0.249163 0.390136
vt 0.251455 0.407224
vt 0.246836 0.311859
vt 0.244404 0.338457
vt 0.262720 0.223764
vt 0.250837 0.267203
vt 0.249356 0.289480
vt 0.304997 0.145463
vt 0.292532 0.161889
vt 0.277073 0.193931
vt 0.479436 0.086550
vt 0.385917 0.087591
vt 0.332127 0.122887
vt 0.584915 0.123009
vt 0.557844 0.109030
vt 0.511327 0.091832
vt 0.641072 0.175853
vt 0.628109 0.159028
vt 0.607778 0.140631
vt 0.672367 0.220971
vt 0.666876 0.213168
vt 0.656287 0.195632
vt 0.705060 0.311480
vt 0.701513 0.298844
vt 0.691363 0.277556
vt 0.673212 0.246271
vt 0.682778 0.261653
vt 0.726966 0.383556
vt 0.724232 0.371185
vt 0.715802 0.344903
vt 0.712678 0.327986
vt 0.731712 0.452878
vt 0.732645 0.439690
vt 0.733603 0.421867
vt 0.731462 0.404729
vt 0.723710 0.522288
vt 0.728892 0.500683
vt 0.729704 0.490939
vt 0.733211 0.470577
vt 0.696281 0.600706
vt 0.708715 0.574534
vt 0.715489 0.556720
vt 0.642018 0.667212
vt 0.681144 0.627520
vt 0.553714 0.700102
vt 0.597249 0.691889
vt 0.435309 0.674599
vt 0.493405 0.697484
vt 0.525193 0.701273
vt 0.373896 0.625590
vt 0.385327 0.636607
vt 0.404675 0.654033
vt 0.421718 0.666885
vt 0.334820 0.579056
vt 0.343143 0.589874
vt 0.361238 0.611745
vt 0.294786 0.511890
vt 0.302648 0.528641
vt 0.316499 0.552715
vt 0.268072 0.430694
vt 0.278010 0.459963
vt 0.281017 0.473329
vt 0.286150 0.489939
vt 0.258639 0.371646
vt 0.261674 0.388598
vt 0.264024 0.405052
vt 0.258959 0.310683
vt 0.256444 0.336889
vt 0.277104 0.223316
vt 0.264888 0.265858
vt 0.261540 0.288087
vt 0.324864 0.148497
vt 0.311959 0.163960
vt 0.293394 0.195589
vt 0.471246 0.101783
vt 0.392938 0.102375
vt 0.351315 0.129240
vt 0.570683 0.135282
vt 0.544430 0.123262
vt 0.501051 0.106987
vt 0.629459 0.182355
vt 0.615315 0.167057
vt 0.594368 0.149606
vt 0.661279 0.226083
vt 0.656198 0.218193
vt 0.645249 0.201441
vt 0.695049 0.311484
vt 0.690539 0.299502
vt 0.680393 0.279192
vt 0.663484 0.248522
vt 0.672535 0.263740
vt 0.716003 0.382167
vt 0.713289 0.370171
vt 0.705146 0.344194
vt 0.701416 0.327824
vt 0.721778 0.451785
vt 0.720777 0.438423
vt 0.722126 0.421185
vt 0.720543 0.404024
vt 0.713199 0.520818
vt 0.716817 0.499099
vt 0.719411 0.490385
vt 0.722220 0.468938
vt 0.682809 0.598994
vt 0.696653 0.571381
vt 0.701233 0.553992
vt 0.628504 0.660974
vt 0.666603 0.623283
vt 0.547665 0.688647
vt 0.587478 0.681159
vt 0.440102 0.664890
vt 0.494754 0.685409
vt 0.523650 0.688951
vt 0.381969 0.618815
vt 0.392782 0.628500
vt 0.411447 0.645672
vt 0.427297 0.657617
vt 0.344174 0.575161
vt 0.352099 0.585985
vt 0.369111 0.605155
vt 0.305703 0.510137
vt 0.314182 0.525256
vt 0.325756 0.549892
vt 0.281766 0.429413
vt 0.289438 0.458841
vt 0.291629 0.472039
vt 0.297657 0.489168
vt 0.272012 0.371164
vt 0.275333 0.387730
vt 0.275903 0.405162
vt 0.270691 0.310068
vt 0.268717 0.336387
vt 0.291574 0.223517
vt 0.280233 0.264407
vt 0.276134 0.287161
vt 0.342354 0.151639
vt 0.329416 0.166046
vt 0.307895 0.195173
vt 0.471790 0.114515
vt 0.403629 0.114711
vt 0.367490 0.134432
vt 0.564694 0.144851
vt 0.539068 0.133603
vt 0.499001 0.120864
vt 0.620880 0.188158
vt 0.606869 0.174274
vt 0.587899 0.158457
vt 0.651583 0.229328
vt 0.646915 0.221329
vt 0.635644 0.206367
vt 0.661705 0.266316
vt 0.653420 0.250498
vt 0.670228 0.280735
vt 0.682933 0.312701
vt 0.677345 0.300796
vt 0.689294 0.328425
vt 0.693830 0.343709
vt 0.701862 0.382539
vt 0.700008 0.369530
vt 0.705859 0.403234
vt 0.707069 0.419474
vt 0.707424 0.449322
vt 0.708351 0.436246
vt 0.709257 0.467436
vt 0.706329 0.487856
vt 0.698692 0.519205
vt 0.702524 0.496776
vt 0.688232 0.551162
vt 0.668208 0.595101
vt 0.683725 0.569916
vt 0.652859 0.619067
vt 0.616135 0.651875
vt 0.578543 0.668902
vt 0.543643 0.675295
vt 0.522499 0.675232
vt 0.496323 0.672039
vt 0.445196 0.654114
vt 0.433012 0.647345
vt 0.416862 0.637654
vt 0.389625 0.611622
vt 0.399636 0.622763
vt 0.378105 0.599024
vt 0.352558 0.571490
vt 0.361204 0.580860
vt 0.336822 0.546513
vt 0.325410 0.523045
vt 0.317501 0.506427
vt 0.309928 0.486828
vt 0.304681 0.470103
vt 0.295968 0.429133
vt 0.300845 0.458050
vt 0.289374 0.404283
vt 0.285724 0.370684
vt 0.287571 0.387625
vt 0.282858 0.336251
vt 0.287278 0.310082
vt 0.291329 0.287172
vt 0.296331 0.265073
vt 0.308323 0.224787
vt 0.323437 0.197217
vt 0.359182 0.158675
vt 0.345899 0.171182
vt 0.381303 0.143867
vt 0.413621 0.129362
vt 0.471920 0.129343
vt 0.495905 0.133561
vt 0.558013 0.154921
vt 0.533434 0.145189
vt 0.579742 0.167785
vt 0.598370 0.181788
vt 0.612190 0.194549
vt 0.626144 0.211560
vt 0.637097 0.226256
vt 0.641738 0.233766
vt 0.652748 0.270141
vt 0.644917 0.255043
vt 0.659852 0.284915
vt 0.672935 0.315524
vt 0.667526 0.303845
vt 0.654583 0.320529
vt 0.649499 0.310256
vt 0.656024 0.307345
vt 0.661236 0.318641
vt 0.639830 0.294049
vt 0.646334 0.290982
vt 0.627784 0.265475
vt 0.634638 0.261369
vt 0.640682 0.276279
vt 0.634540 0.278744
vt 0.679353 0.330266
vt 0.683363 0.345441
vt 0.690394 0.383702
vt 0.688369 0.370722
vt 0.669604 0.386763
vt 0.668249 0.375611
vt 0.674698 0.373223
vt 0.675743 0.384634
vt 0.664617 0.350513
vt 0.671424 0.348985
vt 0.666593 0.333884
vt 0.659448 0.335712
vt 0.693907 0.403604
vt 0.695167 0.419249
vt 0.698473 0.449281
vt 0.697805 0.436546
vt 0.678155 0.448390
vt 0.678002 0.437054
vt 0.685223 0.437766
vt 0.685292 0.448752
vt 0.675190 0.421092
vt 0.682136 0.421265
vt 0.681496 0.405065
vt 0.674614 0.405832
vt 0.695392 0.466102
vt 0.694427 0.486259
vt 0.685893 0.515978
vt 0.691597 0.494985
vt 0.665090 0.508411
vt 0.668508 0.489949
vt 0.676788 0.492298
vt 0.672633 0.510605
vt 0.671038 0.482964
vt 0.681399 0.484319
vt 0.681928 0.464390
vt 0.675085 0.463147
vt 0.675323 0.547123
vt 0.656884 0.588480
vt 0.671822 0.565320
vt 0.638498 0.575244
vt 0.650633 0.553756
vt 0.657673 0.558209
vt 0.645402 0.579851
vt 0.656684 0.540197
vt 0.663548 0.543341
vt 0.641194 0.612073
vt 0.607030 0.640862
vt 0.593329 0.619490
vt 0.623100 0.596407
vt 0.629237 0.602244
vt 0.597997 0.626999
vt 0.573589 0.656208
vt 0.542446 0.662284
vt 0.540583 0.637666
vt 0.566470 0.633691
vt 0.568711 0.641966
vt 0.541618 0.646528
vt 0.523113 0.661889
vt 0.499102 0.659000
vt 0.451144 0.642808
vt 0.460458 0.621303
vt 0.503331 0.635870
vt 0.501637 0.644274
vt 0.456875 0.630658
vt 0.524528 0.645034
vt 0.524526 0.635919
vt 0.438638 0.637685
vt 0.423455 0.629078
vt 0.396451 0.604069
vt 0.406632 0.615456
vt 0.410501 0.591246
vt 0.418833 0.599677
vt 0.414166 0.605679
vt 0.405151 0.597727
vt 0.434931 0.612073
vt 0.431032 0.618592
vt 0.445873 0.625350
vt 0.449790 0.618120
vt 0.386302 0.591658
vt 0.361976 0.564721
vt 0.369339 0.575369
vt 0.376254 0.551484
vt 0.385374 0.557111
vt 0.379041 0.564869
vt 0.370903 0.556577
vt 0.400526 0.576650
vt 0.395264 0.580978
vt 0.346277 0.541236
vt 0.334673 0.519587
vt 0.326977 0.503911
vt 0.344107 0.496326
vt 0.350045 0.509956
vt 0.344568 0.512966
vt 0.338768 0.499337
vt 0.355890 0.534872
vt 0.361601 0.529900
vt 0.319923 0.484112
vt 0.316700 0.468128
vt 0.305680 0.427711
vt 0.311622 0.455069
vt 0.325509 0.422581
vt 0.330185 0.449660
vt 0.323878 0.452194
vt 0.318805 0.425340
vt 0.332813 0.460723
vt 0.326664 0.463353
vt 0.331946 0.478791
vt 0.339629 0.475958
vt 0.300918 0.402783
vt 0.297522 0.369236
vt 0.298671 0.386443
vt 0.316431 0.367395
vt 0.317246 0.382684
vt 0.309543 0.383050
vt 0.309583 0.367989
vt 0.319721 0.399055
vt 0.312416 0.400112
vt 0.295275 0.336175
vt 0.299665 0.310634
vt 0.319169 0.312348
vt 0.316981 0.337379
vt 0.309340 0.336641
vt 0.312154 0.311516
vt 0.302451 0.288488
vt 0.310139 0.267959
vt 0.322460 0.228537
vt 0.343453 0.237569
vt 0.332586 0.274294
vt 0.324945 0.271892
vt 0.335556 0.233733
vt 0.316095 0.291033
vt 0.324154 0.292549
vt 0.336003 0.203193
vt 0.370886 0.167506
vt 0.356956 0.179107
vt 0.385115 0.186039
vt 0.375133 0.196059
vt 0.368594 0.189640
vt 0.380173 0.179002
vt 0.357410 0.215861
vt 0.349228 0.210785
vt 0.390311 0.154822
vt 0.420055 0.143418
vt 0.470147 0.142769
vt 0.467885 0.167216
vt 0.427397 0.167829
vt 0.424801 0.159122
vt 0.467853 0.159282
vt 0.399019 0.168429
vt 0.403628 0.176020
vt 0.493198 0.145010
vt 0.551541 0.164152
vt 0.526995 0.156281
vt 0.538914 0.183857
vt 0.516136 0.177268
vt 0.519580 0.169707
vt 0.543196 0.176782
vt 0.487073 0.168276
vt 0.488905 0.160031
vt 0.571573 0.176360
vt 0.589414 0.190071
vt 0.602792 0.201199
vt 0.587747 0.215377
vt 0.574496 0.205431
vt 0.579979 0.200572
vt 0.593213 0.209877
vt 0.562243 0.186883
vt 0.557799 0.193288
vt 0.616675 0.218139
vt 0.627645 0.231332
vt 0.631785 0.238908
vt 0.615365 0.249816
vt 0.621092 0.246165
vt 0.610705 0.242833
vt 0.616352 0.238677
vt 0.606860 0.225663
vt 0.601543 0.230053
vt 0.619434 0.286959
vt 0.611652 0.275829
vt 0.625782 0.300904
vt 0.639473 0.328711
vt 0.634691 0.317409
vt 0.627428 0.333596
vt 0.623464 0.324428
vt 0.614536 0.309645
vt 0.599759 0.284122
vt 0.605570 0.296200
vt 0.643852 0.342091
vt 0.644799 0.357413
vt 0.655527 0.389814
vt 0.650872 0.378884
vt 0.641564 0.390707
vt 0.638089 0.380765
vt 0.633616 0.361369
vt 0.629864 0.347469
vt 0.658457 0.406427
vt 0.659641 0.422098
vt 0.657338 0.445496
vt 0.660221 0.436563
vt 0.643254 0.443377
vt 0.644392 0.433762
vt 0.646038 0.420606
vt 0.644688 0.407857
vt 0.656268 0.460985
vt 0.652586 0.477207
vt 0.648013 0.502369
vt 0.650542 0.483630
vt 0.637359 0.498660
vt 0.637531 0.479109
vt 0.638353 0.472790
vt 0.642386 0.456752
vt 0.640657 0.531116
vt 0.622292 0.563906
vt 0.632645 0.544320
vt 0.610316 0.554208
vt 0.620042 0.533698
vt 0.628273 0.522880
vt 0.609474 0.582714
vt 0.583315 0.600338
vt 0.576443 0.586421
vt 0.596659 0.568033
vt 0.560312 0.612463
vt 0.537953 0.615169
vt 0.535642 0.598566
vt 0.554697 0.594479
vt 0.523226 0.616611
vt 0.505137 0.617092
vt 0.466565 0.603545
vt 0.470944 0.588957
vt 0.506705 0.600231
vt 0.522490 0.599084
vt 0.457205 0.600776
vt 0.445304 0.594529
vt 0.421306 0.576486
vt 0.429850 0.585050
vt 0.430459 0.562981
vt 0.437952 0.571812
vt 0.451282 0.581220
vt 0.462192 0.585799
vt 0.412303 0.565320
vt 0.388778 0.536997
vt 0.395915 0.545857
vt 0.398940 0.530273
vt 0.405267 0.539126
vt 0.419858 0.554015
vt 0.373779 0.518547
vt 0.362867 0.499814
vt 0.358514 0.487142
vt 0.369178 0.479436
vt 0.374651 0.492004
vt 0.384698 0.509992
vt 0.352177 0.469832
vt 0.347915 0.456462
vt 0.339781 0.419531
vt 0.345506 0.445099
vt 0.352257 0.416697
vt 0.358951 0.439557
vt 0.361552 0.449142
vt 0.363742 0.463736
vt 0.335360 0.397701
vt 0.333728 0.367113
vt 0.334143 0.381412
vt 0.346537 0.366118
vt 0.347260 0.380409
vt 0.349229 0.396107
vt 0.332362 0.337019
vt 0.336213 0.315952
vt 0.349186 0.319889
vt 0.346120 0.339098
vt 0.342107 0.299013
vt 0.346579 0.279505
vt 0.360301 0.247252
vt 0.372425 0.256479
vt 0.357668 0.284849
vt 0.354985 0.303993
vt 0.372737 0.228754
vt 0.396618 0.202668
vt 0.388870 0.211235
vt 0.406066 0.217624
vt 0.398322 0.224575
vt 0.385063 0.240271
vt 0.412240 0.193343
vt 0.433689 0.189691
vt 0.468136 0.187224
vt 0.468288 0.203180
vt 0.439324 0.206922
vt 0.419606 0.210379
vt 0.484021 0.188665
vt 0.529820 0.200792
vt 0.510943 0.194200
vt 0.523147 0.216217
vt 0.507170 0.210696
vt 0.482556 0.206337
vt 0.547248 0.209631
vt 0.562987 0.219880
vt 0.574692 0.228626
vt 0.564870 0.239824
vt 0.553074 0.233426
vt 0.538693 0.224386
vt 0.588013 0.242181
vt 0.596666 0.253932
vt 0.601376 0.259537
vt 0.590239 0.269436
vt 0.586753 0.264159
vt 0.577955 0.252977
vt 0.593262 0.305796
vt 0.587498 0.292934
vt 0.600875 0.316466
vt 0.612940 0.338411
vt 0.608883 0.329985
vt 0.600730 0.344765
vt 0.597008 0.333878
vt 0.590826 0.322638
vt 0.579342 0.300123
vt 0.585353 0.311808
vt 0.615745 0.351056
vt 0.618925 0.362939
vt 0.627120 0.391926
vt 0.623562 0.382126
vt 0.615869 0.392153
vt 0.613329 0.384392
vt 0.608928 0.366149
vt 0.605557 0.355469
vt 0.628194 0.407350
vt 0.630528 0.419382
vt 0.629958 0.440890
vt 0.629066 0.431339
vt 0.618417 0.438825
vt 0.618633 0.430588
vt 0.617894 0.419257
vt 0.617002 0.408178
vt 0.626931 0.453729
vt 0.625706 0.469705
vt 0.624118 0.491995
vt 0.625973 0.476899
vt 0.613491 0.487012
vt 0.616912 0.472882
vt 0.616052 0.465735
vt 0.616379 0.451444
vt 0.614831 0.513130
vt 0.598359 0.541636
vt 0.608782 0.522512
vt 0.590023 0.529984
vt 0.597411 0.515681
vt 0.603892 0.504312
vt 0.585389 0.550723
vt 0.568536 0.571395
vt 0.562687 0.557890
vt 0.577744 0.542720
vt 0.549156 0.574911
vt 0.532353 0.579995
vt 0.529151 0.565098
vt 0.545612 0.564403
vt 0.520539 0.581843
vt 0.506778 0.582408
vt 0.475493 0.573388
vt 0.479687 0.560517
vt 0.506464 0.569135
vt 0.518923 0.568724
vt 0.468804 0.568400
vt 0.457836 0.563775
vt 0.438985 0.549387
vt 0.445397 0.557303
vt 0.443570 0.539671
vt 0.450645 0.541770
vt 0.461807 0.551665
vt 0.471740 0.556705
vt 0.429556 0.539572
vt 0.410759 0.520731
vt 0.415798 0.528190
vt 0.417830 0.513452
vt 0.422731 0.520085
vt 0.435272 0.530677
vt 0.397085 0.502663
vt 0.386718 0.485104
vt 0.382680 0.472418
vt 0.392616 0.468324
vt 0.395880 0.480577
vt 0.405997 0.496315
vt 0.378150 0.457793
vt 0.374219 0.445457
vt 0.365643 0.412896
vt 0.373452 0.434782
vt 0.376663 0.413486
vt 0.383872 0.434067
vt 0.385856 0.444378
vt 0.388574 0.454514
vt 0.360934 0.393268
vt 0.359915 0.365884
vt 0.360554 0.378343
vt 0.371329 0.367491
vt 0.373237 0.380607
vt 0.372622 0.392080
vt 0.360279 0.341941
vt 0.364497 0.325073
vt 0.375124 0.328909
vt 0.372192 0.346287
vt 0.365923 0.307021
vt 0.370950 0.291977
vt 0.386427 0.268247
vt 0.396036 0.277657
vt 0.383253 0.299393
vt 0.378529 0.313496
vt 0.397404 0.253481
vt 0.416675 0.233902
vt 0.409208 0.239540
vt 0.422662 0.245590
vt 0.417103 0.251357
vt 0.405224 0.263478
vt 0.428887 0.228304
vt 0.443724 0.223479
vt 0.469748 0.221501
vt 0.470223 0.236807
vt 0.447239 0.235683
vt 0.433846 0.239882
vt 0.481367 0.225749
vt 0.518604 0.232234
vt 0.503446 0.228375
vt 0.514640 0.245198
vt 0.501515 0.240913
vt 0.481001 0.238489
vt 0.532385 0.239355
vt 0.545682 0.247313
vt 0.556289 0.252995
vt 0.548940 0.263992
vt 0.539343 0.258566
vt 0.527326 0.251120
vt 0.568280 0.263500
vt 0.575637 0.274933
vt 0.578021 0.280140
vt 0.570208 0.288276
vt 0.566823 0.283425
vt 0.560583 0.272789
vt 0.568050 0.326785
vt 0.562795 0.318329
vt 0.573466 0.335111
vt 0.581552 0.354545
vt 0.578715 0.347773
vt 0.565365 0.362300
vt 0.563360 0.356201
vt 0.559119 0.344897
vt 0.549919 0.331618
vt 0.553933 0.338738
vt 0.585047 0.364232
vt 0.587632 0.374313
vt 0.595300 0.394330
vt 0.592113 0.388341
vt 0.575324 0.397155
vt 0.573129 0.390577
vt 0.570829 0.378319
vt 0.568606 0.370813
vt 0.596938 0.406859
vt 0.598118 0.418682
vt 0.596901 0.435976
vt 0.596621 0.428917
vt 0.577469 0.429828
vt 0.575732 0.422177
vt 0.575707 0.414557
vt 0.575604 0.407350
vt 0.595023 0.445532
vt 0.594450 0.458017
vt 0.593379 0.473778
vt 0.596045 0.462570
vt 0.574099 0.464387
vt 0.576729 0.454723
vt 0.577346 0.450735
vt 0.577874 0.438681
vt 0.582524 0.490026
vt 0.572640 0.511629
vt 0.579056 0.498599
vt 0.558374 0.492723
vt 0.564309 0.483293
vt 0.566968 0.476698
vt 0.564463 0.519488
vt 0.549885 0.530408
vt 0.539602 0.507991
vt 0.552265 0.500764
vt 0.538493 0.537828
vt 0.523895 0.538890
vt 0.519604 0.515117
vt 0.528707 0.513563
vt 0.516139 0.540561
vt 0.505793 0.540891
vt 0.484916 0.534720
vt 0.487745 0.511015
vt 0.505588 0.515501
vt 0.513094 0.515876
vt 0.477497 0.531512
vt 0.469979 0.526541
vt 0.454351 0.515967
vt 0.460040 0.519953
vt 0.462294 0.497537
vt 0.467786 0.500898
vt 0.476780 0.506083
vt 0.483218 0.509104
vt 0.446499 0.507832
vt 0.432637 0.495383
vt 0.436775 0.497207
vt 0.446337 0.474949
vt 0.448069 0.482526
vt 0.456441 0.491119
vt 0.423094 0.481896
vt 0.414753 0.468592
vt 0.411747 0.460207
vt 0.428989 0.447139
vt 0.432944 0.453177
vt 0.437986 0.463787
vt 0.409983 0.447568
vt 0.405580 0.436680
vt 0.398119 0.409895
vt 0.401689 0.428874
vt 0.415120 0.404951
vt 0.417654 0.420082
vt 0.420565 0.427210
vt 0.422925 0.436125
vt 0.394259 0.390889
vt 0.393912 0.372316
vt 0.394789 0.382141
vt 0.411596 0.374946
vt 0.411771 0.382338
vt 0.412764 0.392442
vt 0.392306 0.349722
vt 0.395030 0.336111
vt 0.413369 0.347135
vt 0.413241 0.360008
vt 0.397937 0.324266
vt 0.403071 0.313032
vt 0.412178 0.295305
vt 0.427909 0.313551
vt 0.419720 0.329876
vt 0.414995 0.336928
vt 0.421654 0.286200
vt 0.435040 0.271250
vt 0.430959 0.274957
vt 0.447079 0.293191
vt 0.440862 0.295392
vt 0.433271 0.303889
vt 0.445467 0.268627
vt 0.456225 0.264110
vt 0.473098 0.265183
vt 0.476938 0.287303
vt 0.462697 0.289065
vt 0.455024 0.291576
vt 0.482844 0.264110
vt 0.509431 0.270461
vt 0.498648 0.268097
vt 0.505668 0.293261
vt 0.495765 0.291442
vt 0.483641 0.287716
vt 0.518502 0.273766
vt 0.528656 0.282324
vt 0.536373 0.286770
vt 0.527923 0.309990
vt 0.522421 0.306315
vt 0.515018 0.302534
vt 0.544793 0.293902
vt 0.553521 0.301998
vt 0.556417 0.306274
vt 0.544281 0.323312
vt 0.541643 0.320873
vt 0.536318 0.315839
vt 0.545842 0.347312
vt 0.542350 0.339962
vt 0.549326 0.353078
vt 0.531184 0.368470
vt 0.528503 0.364394
vt 0.533726 0.372613
vt 0.554598 0.369199
vt 0.552485 0.364254
vt 0.537975 0.381688
vt 0.536474 0.378192
vt 0.530898 0.386371
vt 0.529792 0.383450
vt 0.527630 0.378881
vt 0.521981 0.372158
vt 0.524464 0.375264
vt 0.556956 0.375378
vt 0.559044 0.381934
vt 0.539906 0.386519
vt 0.541594 0.391349
vt 0.562352 0.396387
vt 0.561552 0.391864
vt 0.543950 0.402363
vt 0.543271 0.398713
vt 0.535849 0.403333
vt 0.535348 0.400171
vt 0.534017 0.394125
vt 0.532517 0.390289
vt 0.564368 0.405388
vt 0.564874 0.412219
vt 0.544902 0.408523
vt 0.545337 0.413445
vt 0.564521 0.426830
vt 0.564690 0.421219
vt 0.545416 0.422491
vt 0.545280 0.418360
vt 0.537205 0.419900
vt 0.537410 0.416847
vt 0.537356 0.412654
vt 0.536878 0.408525
vt 0.564088 0.433901
vt 0.563002 0.442035
vt 0.545214 0.427358
vt 0.544478 0.433208
vt 0.563747 0.457610
vt 0.565772 0.449325
vt 0.542402 0.440901
vt 0.543983 0.435472
vt 0.534402 0.434621
vt 0.535899 0.430532
vt 0.536395 0.428799
vt 0.537009 0.424049
vt 0.557427 0.467333
vt 0.539110 0.448816
vt 0.549409 0.480994
vt 0.554887 0.472996
vt 0.533163 0.456776
vt 0.536930 0.452236
vt 0.527018 0.447966
vt 0.530143 0.444166
vt 0.531958 0.441461
vt 0.544372 0.487917
vt 0.529129 0.461878
vt 0.532680 0.494898
vt 0.522426 0.465978
vt 0.518013 0.454639
vt 0.524101 0.451599
vt 0.523948 0.497542
vt 0.516501 0.467569
vt 0.516141 0.498366
vt 0.511032 0.468800
vt 0.508896 0.458000
vt 0.513233 0.457463
vt 0.511571 0.496219
vt 0.504978 0.497449
vt 0.507355 0.469494
vt 0.502969 0.470278
vt 0.490378 0.495699
vt 0.492312 0.466830
vt 0.494337 0.454649
vt 0.502321 0.458917
vt 0.505951 0.458227
vt 0.486775 0.491509
vt 0.481059 0.487749
vt 0.489499 0.465845
vt 0.485851 0.464104
vt 0.470197 0.482138
vt 0.474133 0.484766
vt 0.478777 0.459141
vt 0.481359 0.461193
vt 0.482182 0.449716
vt 0.484370 0.451349
vt 0.487898 0.453731
vt 0.490994 0.454579
vt 0.464970 0.476717
vt 0.475278 0.456588
vt 0.453793 0.466584
vt 0.457361 0.470115
vt 0.467228 0.448610
vt 0.469523 0.450903
vt 0.486319 0.420756
vt 0.485722 0.426686
vt 0.479109 0.447688
vt 0.447136 0.456266
vt 0.442861 0.447354
vt 0.462383 0.442799
vt 0.458640 0.435804
vt 0.439663 0.441741
vt 0.456460 0.431615
vt 0.463689 0.424727
vt 0.465037 0.430710
vt 0.480688 0.418243
vt 0.433402 0.433578
vt 0.431512 0.423211
vt 0.453688 0.423357
vt 0.451980 0.418501
vt 0.425763 0.404311
vt 0.429836 0.417999
vt 0.448944 0.405205
vt 0.450930 0.414091
vt 0.457683 0.404759
vt 0.459356 0.412097
vt 0.460179 0.415175
vt 0.461609 0.419318
vt 0.424532 0.393780
vt 0.447621 0.397828
vt 0.423391 0.378268
vt 0.423750 0.385265
vt 0.447633 0.387958
vt 0.447425 0.392946
vt 0.456725 0.389917
vt 0.455855 0.396467
vt 0.456797 0.398102
vt 0.425428 0.366271
vt 0.444526 0.373658
vt 0.424188 0.352905
vt 0.444765 0.366288
vt 0.456621 0.373174
vt 0.455257 0.378521
vt 0.426898 0.346157
vt 0.430316 0.339221
vt 0.450194 0.361629
vt 0.452186 0.356793
vt 0.437219 0.325988
vt 0.457033 0.349217
vt 0.463726 0.357590
vt 0.459146 0.363850
vt 0.457742 0.368376
vt 0.441284 0.317044
vt 0.460723 0.343878
vt 0.456349 0.311526
vt 0.452594 0.313751
vt 0.468216 0.337141
vt 0.465730 0.338879
vt 0.473265 0.344997
vt 0.468937 0.355371
vt 0.466435 0.352657
vt 0.461187 0.309148
vt 0.467626 0.306755
vt 0.471495 0.334941
vt 0.475866 0.333229
vt 0.479589 0.308455
vt 0.484227 0.335796
vt 0.485931 0.346626
vt 0.479189 0.344590
vt 0.475977 0.346546
vt 0.485739 0.308559
vt 0.488414 0.336703
vt 0.504790 0.311767
vt 0.497202 0.310477
vt 0.500486 0.341396
vt 0.495421 0.339506
vt 0.498614 0.382202
vt 0.495254 0.377872
vt 0.489405 0.347492
vt 0.512106 0.316999
vt 0.518400 0.321063
vt 0.505134 0.343269
vt 0.511145 0.349354
vt 0.522899 0.324379
vt 0.514698 0.351987
vt 0.511478 0.361350
vt 0.508387 0.358893
vt 0.502604 0.377775
vt 0.529275 0.329075
vt 0.535118 0.332647
vt 0.519497 0.355217
vt 0.523338 0.358025
vt 0.537282 0.334302
vt 0.524876 0.359754
vt 0.519159 0.368216
vt 0.517930 0.366753
vt 0.515193 0.364236
vt 0.935418 0.275265
vt 0.936920 0.280219
vt 0.933615 0.268478
vt 0.933128 0.257161
vt 0.933451 0.262766
vt 0.997114 0.294270
vt 0.961379 0.279011
vt 0.954723 0.273442
vt 0.957010 0.267648
vt 0.951947 0.293613
vt 0.954311 0.297355
vt 0.938864 0.292908
vt 0.938199 0.287125
vt 0.964879 0.290356
vt 0.959637 0.287105
vt 0.949126 0.321781
vt 0.951116 0.325674
vt 0.946507 0.316911
vt 0.953919 0.305622
vt 0.964182 0.306925
vt 0.960699 0.304623
vt 0.957393 0.340285
vt 0.961323 0.344872
vt 0.955839 0.338469
vt 0.953198 0.331661
vt 0.972025 0.311741
vt 0.964485 0.315760
vt 0.970285 0.356634
vt 0.975539 0.359684
vt 0.966710 0.354379
vt 0.980580 0.364419
vt 0.988760 0.363296
vt 0.077747 0.673150
vt 0.080448 0.667811
vt 0.995185 0.365047
vt 1.000000 0.360294
vt 0.087174 0.662105
vt 0.089646 0.649287
vt 0.083004 0.664544
vt 0.048043 0.598606
vt 0.054189 0.608428
vt 0.089993 0.634423
vt 0.089447 0.630065
vt 0.091553 0.642058
vt 0.091048 0.646593
vt 0.065057 0.612133
vt 0.065916 0.616554
vt 0.071459 0.611786
vt 0.066016 0.605896
vt 0.089864 0.624722
vt 0.084282 0.591626
vt 0.082200 0.585605
vt 0.069484 0.597139
vt 0.063081 0.590973
vt 0.076450 0.568181
vt 0.069926 0.554958
vt 0.078525 0.572378
vt 0.080141 0.578160
vt 0.059676 0.577070
vt 0.064692 0.582587
vt 0.063090 0.540355
vt 0.059947 0.534193
vt 0.066412 0.545346
vt 0.054230 0.523736
vt 0.047900 0.521124
vt 0.038263 0.508097
vt 0.029520 0.503820
vt 0.043145 0.516534
vt 0.033472 0.549681
vt 0.017270 0.498071
vt 0.014155 0.498484
vt 0.023170 0.498257
vt 0.951373 0.202189
vt 0.944702 0.205985
vt 0.010252 0.496298
vt 0.005707 0.496163
vt 0.964612 0.246242
vt 0.956966 0.202438
vt 0.961794 0.203002
vt 0.956065 0.237157
vt 0.957367 0.247071
vt 0.940175 0.205641
vt 0.932023 0.231073
vt 0.932490 0.236906
vt 0.946826 0.243133
vt 0.951358 0.251460
vt 0.931527 0.249835
vt 0.931144 0.247172
vt 0.931664 0.242676
vt 0.947648 0.255730
vt 0.492544 0.409706
vt 0.506580 0.390967
vt 0.509867 0.392579
vt 0.507971 0.397503
vt 0.511701 0.400423
vt 0.509812 0.404597
vt 0.516535 0.409568
vt 0.514910 0.411472
vt 0.517857 0.416269
vt 0.511222 0.416022
vt 0.494088 0.417560
vt 0.491323 0.424289
vt 0.489772 0.422392
vt 0.482072 0.413412
vt 0.478138 0.410342
vt 0.479423 0.406468
vt 0.484085 0.393263
vt 0.493614 0.382575
vt 0.503835 0.382473
vt 0.507514 0.383244
vn -0.018594 -0.999593 -0.021621
vn -0.018594 -0.999593 -0.021621
vn -0.018594 -0.999593 -0.021621
vn -0.018594 -0.999593 -0.021621
vn -0.054843 -0.975699 -0.212139
vn -0.054843 -0.975699 -0.212139
vn -0.054843 -0.975699 -0.212139
vn -0.054843 -0.975699 -0.212139
vn 0.029700 -0.979524 0.199124
vn 0.029700 -0.979524 0.199124
vn 0.029700 -0.979524 0.199124
vn 0.029700 -0.979524 0.199124
vn 0.036549 -0.996915 0.069456
vn 0.036549 -0.996915 0.069456
vn 0.036549 -0.996915 0.069456
vn 0.036549 -0.996915 0.069456
vn 0.079956 -0.989831 0.117652
vn 0.079956 -0.989831 0.117652
vn 0.079956 -0.989831 0.117652
vn 0.079956 -0.989831 0.117652
vn 0.219424 -0.929049 0.297861
vn 0.219424 -0.929049 0.297861
vn 0.219424 -0.929049 0.297861
vn 0.219424 -0.929049 0.297861
vn 0.125838 -0.983847 -0.127318
vn 0.125838 -0.983847 -0.127318
vn 0.125838 -0.983847 -0.127318
vn 0.125838 -0.983847 -0.127318
vn 0.071813 -0.971003 -0.228028
vn 0.071813 -0.971003 -0.228028
vn 0.071813 -0.971003 -0.228028
vn 0.071813 -0.971003 -0.228028
vn -0.035589 -0.997993 0.052376
vn -0.035589 -0.997993 0.052376
vn -0.035589 -0.997993 0.052376
vn -0.035589 -0.997993 0.052376
vn 0.123459 -0.988711 0.084902
vn 0.123459 -0.988711 0.084902
vn 0.123459 -0.988711 0.084902
vn 0.123459 -0.988711 0.084902
vn -0.249977 -0.912993 -0.322422
vn -0.249977 -0.912993 -0.322422
vn -0.249977 -0.912993 -0.322422
vn -0.249977 -0.912993 -0.322422
vn 0.081310 -0.996655 -0.008253
vn 0.081310 -0.996655 -0.008253
vn 0.081310 -0.996655 -0.008253
vn 0.081310 -0.996655 -0.008253
vn -0.210896 -0.934649 -0.286275
vn -0.210896 -0.934649 -0.286275
vn -0.210896 -0.934649 -0.286275
vn -0.210896 -0.934649 -0.286275
vn 0.223617 -0.974265 -0.028335
vn 0.223617 -0.974265 -0.028335
vn 0.223617 -0.974265 -0.028335
vn 0.223617 -0.974265 -0.028335
vn -0.056932 -0.986855 -0.151246
vn -0.056932 -0.986855 -0.151246
vn -0.056932 -0.986855 -0.151246
vn -0.056932 -0.986855 -0.151246
vn -0.075028 -0.954334 -0.289168
vn -0.075028 -0.954334 -0.289168
vn -0.075028 -0.954334 -0.289168
vn -0.075028 -0.954334 -0.289168
vn 0.069349 -0.982792 -0.171204
vn 0.069349 -0.982792 -0.171204
vn 0.069349 -0.982792 -0.171204
vn 0.069349 -0.982792 -0.171204
vn 0.195873 -0.980573 -0.010530
vn 0.195873 -0.980573 -0.010530
vn 0.195873 -0.980573 -0.010530
vn 0.195873 -0.980573 -0.010530
vn -0.402973 -0.895966 -0.186701
vn -0.402973 -0.895966 -0.186701
vn -0.402973 -0.895966 -0.186701
vn -0.402973 -0.895966 -0.186701
vn -0.169873 -0.975321 -0.141038
vn -0.169873 -0.975321 -0.141038
vn -0.169873 -0.975321 -0.141038
vn -0.169873 -0.975321 -0.141038
vn -0.044724 -0.982943 -0.178389
vn -0.044724 -0.982943 -0.178389
vn -0.044724 -0.982943 -0.178389
vn -0.044724 -0.982943 -0.178389
vn -0.118805 -0.964342 -0.236497
vn -0.118805 -0.964342 -0.236497
vn -0.118805 -0.964342 -0.236497
vn -0.118805 -0.964342 -0.236497
vn -0.036845 -0.988627 -0.145807
vn -0.036845 -0.988627 -0.145807
vn -0.036845 -0.988627 -0.145807
vn -0.036845 -0.988627 -0.145807
vn 0.217930 -0.972947 -0.076692
vn 0.217930 -0.972947 -0.076692
vn 0.217930 -0.972947 -0.076692
vn 0.217930 -0.972947 -0.076692
vn -0.105192 -0.993641 -0.040147
vn -0.105192 -0.993641 -0.040147
vn -0.105192 -0.993641 -0.040147
vn -0.105192 -0.993641 -0.040147
vn -0.166711 -0.985325 -0.036648
vn -0.166711 -0.985325 -0.036648
vn -0.166711 -0.985325 -0.036648
vn -0.166711 -0.985325 -0.036648
vn -0.040862 -0.998980 -0.019203
vn -0.040862 -0.998980 -0.019203
vn -0.040862 -0.998980 -0.019203
vn -0.040862 -0.998980 -0.019203
vn 0.023330 -0.999495 0.021566
vn 0.023330 -0.999495 0.021566
vn 0.023330 -0.999495 0.021566
vn 0.023330 -0.999495 0.021566
vn -0.001339 -0.999991 -0.004092
vn -0.001339 -0.999991 -0.004092
vn -0.001339 -0.999991 -0.004092
vn -0.001339 -0.999991 -0.004092
vn 0.147610 -0.988430 -0.034904
vn 0.147610 -0.988430 -0.034904
vn 0.147610 -0.988430 -0.034904
vn 0.147610 -0.988430 -0.034904
vn 0.019650 -0.993893 -0.108585
vn 0.019650 -0.993893 -0.108585
vn 0.019650 -0.993893 -0.108585
vn 0.019650 -0.993893 -0.108585
vn -0.050588 -0.995353 -0.081939
vn -0.050588 -0.995353 -0.081939
vn -0.050588 -0.995353 -0.081939
vn -0.050588 -0.995353 -0.081939
vn 0.115400 -0.984733 -0.130319
vn 0.115400 -0.984733 -0.130319
vn 0.115400 -0.984733 -0.130319
vn 0.115400 -0.984733 -0.130319
vn 0.066413 -0.997792 0.000712
vn 0.066413 -0.997792 0.000712
vn 0.066413 -0.997792 0.000712
vn 0.066413 -0.997792 0.000712
vn 0.071717 -0.990920 -0.113725
vn 0.071717 -0.990920 -0.113725
vn 0.071717 -0.990920 -0.113725
vn 0.071717 -0.990920 -0.113725
vn -0.070341 -0.996285 0.049689
vn -0.070341 -0.996285 0.049689
vn -0.070341 -0.996285 0.049689
vn -0.070341 -0.996285 0.049689
vn 0.150278 -0.981891 0.115355
vn 0.150278 -0.981891 0.115355
vn 0.150278 -0.981891 0.115355
vn 0.150278 -0.981891 0.115355
vn 0.158187 -0.983211 0.090960
vn 0.158187 -0.983211 0.090960
vn 0.158187 -0.983211 0.090960
vn 0.158187 -0.983211 0.090960
vn -0.024549 -0.999482 -0.020825
vn -0.024549 -0.999482 -0.020825
vn -0.024549 -0.999482 -0.020825
vn -0.024549 -0.999482 -0.020825
vn 0.062710 -0.994648 -0.082118
vn 0.062710 -0.994648 -0.082118
vn 0.062710 -0.994648 -0.082118
vn 0.062710 -0.994648 -0.082118
vn 0.042865 -0.998621 -0.030325
vn 0.042865 -0.998621 -0.030325
vn 0.042865 -0.998621 -0.030325
vn 0.042865 -0.998621 -0.030325
vn -0.010136 -0.999885 0.011286
vn -0.010136 -0.999885 0.011286
vn -0.010136 -0.999885 0.011286
vn -0.010136 -0.999885 0.011286
vn -0.096544 -0.987947 0.120996
vn -0.096544 -0.987947 0.120996
vn -0.096544 -0.987947 0.120996
vn -0.096544 -0.987947 0.120996
vn 0.061488 -0.997625 -0.031057
vn 0.061488 -0.997625 -0.031057
vn 0.061488 -0.997625 -0.031057
vn 0.061488 -0.997625 -0.031057
vn -0.026854 -0.999479 0.017921
vn -0.026854 -0.999479 0.017921
vn -0.026854 -0.999479 0.017921
vn -0.026854 -0.999479 0.017921
vn -0.037838 -0.999264 0.006270
vn -0.037838 -0.999264 0.006270
vn -0.037838 -0.999264 0.006270
vn -0.037838 -0.999264 0.006270
vn 0.132524 -0.990111 -0.046020
vn 0.132524 -0.990111 -0.046020
vn 0.132524 -0.990111 -0.046020
vn 0.132524 -0.990111 -0.046020
vn 0.137014 -0.990130 -0.029477
vn 0.137014 -0.990130 -0.029477
vn 0.137014 -0.990130 -0.029477
vn 0.137014 -0.990130 -0.029477
vn -0.029786 -0.999499 0.010711
vn -0.029786 -0.999499 0.010711
vn -0.029786 -0.999499 0.010711
vn -0.029786 -0.999499 0.010711
vn -0.174381 -0.981141 0.083394
vn -0.174381 -0.981141 0.083394
vn -0.174381 -0.981141 0.083394
vn -0.174381 -0.981141 0.083394
vn -0.016527 -0.994376 -0.104612
vn -0.016527 -0.994376 -0.104612
vn -0.016527 -0.994376 -0.104612
vn -0.016527 -0.994376 -0.104612
vn -0.054426 -0.994610 -0.088254
vn -0.054426 -0.994610 -0.088254
vn -0.054426 -0.994610 -0.088254
vn -0.054426 -0.994610 -0.088254
vn -0.236898 -0.926084 0.293681
vn -0.236898 -0.926084 0.293681
vn -0.236898 -0.926084 0.293681
vn -0.236898 -0.926084 0.293681
vn -0.255503 -0.961616 0.100066
vn -0.255503 -0.961616 0.100066
vn -0.255503 -0.961616 0.100066
vn -0.255503 -0.961616 0.100066
vn -0.113667 -0.992221 -0.050764
vn -0.113667 -0.992221 -0.050764
vn -0.113667 -0.992221 -0.050764
vn -0.113667 -0.992221 -0.050764
vn -0.178514 -0.982415 -0.054716
vn -0.178515 -0.982415 -0.054716
vn -0.178515 -0.982415 -0.054716
vn -0.178515 -0.982415 -0.054716
vn -0.096796 -0.994377 0.042942
vn -0.096796 -0.994377 0.042942
vn -0.096796 -0.994377 0.042942
vn -0.096796 -0.994377 0.042942
vn -0.047328 -0.993412 -0.104364
vn -0.047328 -0.993412 -0.104364
vn -0.047328 -0.993412 -0.104364
vn -0.047328 -0.993412 -0.104364
vn -0.216575 -0.944026 0.248819
vn -0.216575 -0.944026 0.248819
vn -0.216575 -0.944026 0.248819
vn -0.216575 -0.944026 0.248819
vn -0.077806 -0.996075 -0.042193
vn -0.077806 -0.996075 -0.042193
vn -0.077806 -0.996075 -0.042193
vn -0.077806 -0.996075 -0.042193
vn -0.106879 -0.994231 0.009036
vn -0.106879 -0.994231 0.009036
vn -0.106879 -0.994231 0.009036
vn -0.106879 -0.994231 0.009036
vn 0.131180 -0.977580 0.164712
vn 0.131180 -0.977580 0.164712
vn 0.131180 -0.977580 0.164712
vn 0.131180 -0.977580 0.164712
vn -0.031002 -0.994496 -0.100085
vn -0.031002 -0.994496 -0.100085
vn -0.031002 -0.994496 -0.100084
vn -0.031002 -0.994496 -0.100085
vn -0.065254 -0.997819 -0.009965
vn -0.065254 -0.997819 -0.009965
vn -0.065254 -0.997819 -0.009965
vn -0.065254 -0.997819 -0.009965
vn -0.164437 -0.960343 -0.225169
vn -0.164437 -0.960343 -0.225169
vn -0.164437 -0.960343 -0.225169
vn -0.164437 -0.960343 -0.225169
vn -0.126250 -0.989145 0.075189
vn -0.126250 -0.989145 0.075189
vn -0.126250 -0.989145 0.075189
vn -0.126250 -0.989145 0.075189
vn -0.106461 -0.993054 -0.050091
vn -0.106461 -0.993054 -0.050091
vn -0.106461 -0.993054 -0.050091
vn -0.106461 -0.993054 -0.050091
vn -0.158603 -0.982156 0.101067
vn -0.158603 -0.982156 0.101067
vn -0.158603 -0.982156 0.101067
vn -0.158603 -0.982156 0.101067
vn -0.013120 -0.993952 0.109033
vn -0.013120 -0.993952 0.109033
vn -0.013120 -0.993952 0.109033
vn -0.013120 -0.993952 0.109033
vn -0.096665 -0.994263 -0.045783
vn -0.096665 -0.994263 -0.045783
vn -0.096665 -0.994263 -0.045783
vn -0.096665 -0.994263 -0.045783
vn 0.030804 -0.988403 0.148695
vn 0.030804 -0.988403 0.148694
vn 0.030804 -0.988403 0.148694
vn 0.030804 -0.988403 0.148694
vn -0.051142 -0.998688 0.002580
vn -0.051142 -0.998688 0.002580
vn -0.051142 -0.998688 0.002580
vn -0.051142 -0.998688 0.002580
vn -0.017009 -0.999130 0.038065
vn -0.017009 -0.999130 0.038065
vn -0.017009 -0.999130 0.038065
vn -0.017009 -0.999130 0.038065
vn -0.045825 -0.991487 0.121874
vn -0.045825 -0.991487 0.121874
vn -0.045825 -0.991487 0.121874
vn -0.045825 -0.991487 0.121874
vn -0.233482 -0.967832 -0.093741
vn -0.233482 -0.967832 -0.093741
vn -0.233482 -0.967832 -0.093741
vn -0.233482 -0.967832 -0.093741
vn -0.159990 -0.984095 0.077199
vn -0.159990 -0.984095 0.077199
vn -0.159990 -0.984095 0.077199
vn -0.159990 -0.984095 0.077199
vn -0.169201 -0.957490 -0.233632
vn -0.169201 -0.957490 -0.233632
vn -0.169201 -0.957490 -0.233632
vn -0.169201 -0.957490 -0.233632
vn 0.020341 -0.994428 -0.103438
vn 0.020341 -0.994428 -0.103438
vn 0.020341 -0.994428 -0.103438
vn 0.020341 -0.994428 -0.103438
vn -0.018015 -0.999113 0.038064
vn -0.018015 -0.999113 0.038064
vn -0.018015 -0.999113 0.038064
vn -0.018015 -0.999113 0.038064
vn 0.009901 -0.999294 -0.036249
vn 0.009901 -0.999294 -0.036249
vn 0.009901 -0.999294 -0.036249
vn 0.009901 -0.999294 -0.036249
vn -0.002107 -0.996578 -0.082628
vn -0.002107 -0.996578 -0.082628
vn -0.002107 -0.996578 -0.082628
vn -0.002107 -0.996578 -0.082628
vn 0.061039 -0.997628 -0.031813
vn 0.061039 -0.997628 -0.031813
vn 0.061039 -0.997628 -0.031813
vn 0.061039 -0.997628 -0.031813
vn -0.158033 -0.976892 -0.143905
vn -0.158033 -0.976892 -0.143905
vn -0.158033 -0.976892 -0.143905
vn -0.158033 -0.976892 -0.143905
vn 0.173847 -0.984183 0.034077
vn 0.173847 -0.984183 0.034077
vn 0.173847 -0.984183 0.034077
vn 0.173847 -0.984183 0.034077
vn -0.000577 -0.995909 -0.090359
vn -0.000577 -0.995909 -0.090359
vn -0.000577 -0.995909 -0.090359
vn -0.000577 -0.995909 -0.090359
vn -0.050802 -0.988865 -0.139877
vn -0.050802 -0.988865 -0.139877
vn -0.050802 -0.988865 -0.139877
vn -0.050802 -0.988865 -0.139877
vn 0.060324 -0.996480 0.058206
vn 0.060324 -0.996480 0.058206
vn 0.060324 -0.996480 0.058206
vn 0.060324 -0.996480 0.058206
vn 0.012449 -0.994086 0.107880
vn 0.012449 -0.994086 0.107880
vn 0.012449 -0.994086 0.107880
vn 0.012449 -0.994086 0.107880
vn 0.142822 -0.988675 0.046086
vn 0.142822 -0.988675 0.046086
vn 0.142822 -0.988675 0.046086
vn 0.142822 -0.988675 0.046086
vn 0.111359 -0.993746 0.008250
vn 0.111359 -0.993746 0.008250
vn 0.111359 -0.993746 0.008250
vn 0.111359 -0.993746 0.008250
vn 0.130678 -0.972765 0.191446
vn 0.130678 -0.972765 0.191446
vn 0.130678 -0.972765 0.191446
vn 0.130678 -0.972765 0.191446
vn 0.077782 -0.958157 0.275472
vn 0.077782 -0.958157 0.275472
vn 0.077782 -0.958157 0.275472
vn 0.077782 -0.958157 0.275472
vn -0.034170 -0.980534 0.193351
vn -0.034170 -0.980534 0.193351
vn -0.034170 -0.980534 0.193351
vn -0.034170 -0.980534 0.193351
vn -0.178703 -0.983871 0.008004
vn -0.178703 -0.983871 0.008004
vn -0.178703 -0.983871 0.008004
vn -0.178703 -0.983871 0.008004
vn 0.095492 -0.994950 0.030901
vn 0.095492 -0.994950 0.030901
vn 0.095492 -0.994950 0.030901
vn 0.095492 -0.994950 0.030901
vn -0.025427 -0.999550 -0.015944
vn -0.025427 -0.999550 -0.015944
vn -0.025427 -0.999550 -0.015944
vn -0.025427 -0.999550 -0.015944
vn 0.241295 -0.968550 0.060724
vn 0.241295 -0.968550 0.060724
vn 0.241295 -0.968550 0.060724
vn 0.241295 -0.968550 0.060724
vn 0.172515 -0.983493 -0.054591
vn 0.172515 -0.983493 -0.054591
vn 0.172515 -0.983493 -0.054591
vn 0.172515 -0.983493 -0.054591
vn 0.010118 -0.992946 0.118138
vn 0.010118 -0.992946 0.118138
vn 0.010118 -0.992946 0.118138
vn 0.010118 -0.992946 0.118138
vn 0.322041 -0.944234 -0.068648
vn 0.322041 -0.944234 -0.068648
vn 0.322041 -0.944234 -0.068648
vn 0.322041 -0.944234 -0.068648
vn 0.039509 -0.999051 0.018323
vn 0.039509 -0.999051 0.018323
vn 0.039509 -0.999051 0.018323
vn 0.039509 -0.999051 0.018323
vn 0.183861 -0.975836 -0.118065
vn 0.183861 -0.975836 -0.118065
vn 0.183861 -0.975836 -0.118065
vn 0.183861 -0.975836 -0.118065
vn 0.238638 -0.970901 -0.020052
vn 0.238638 -0.970901 -0.020052
vn 0.238638 -0.970902 -0.020052
vn 0.238638 -0.970901 -0.020052
vn 0.192410 -0.979004 0.067297
vn 0.192410 -0.979004 0.067297
vn 0.192410 -0.979004 0.067297
vn 0.192410 -0.979004 0.067297
vn -0.060800 -0.950203 0.305643
vn -0.060800 -0.950203 0.305643
vn -0.060800 -0.950203 0.305643
vn -0.060800 -0.950203 0.305643
vn -0.163381 -0.962957 0.214524
vn -0.163381 -0.962957 0.214524
vn -0.163381 -0.962957 0.214524
vn -0.163380 -0.962957 0.214524
vn 0.155057 -0.987727 0.018790
vn 0.155057 -0.987727 0.018790
vn 0.155057 -0.987727 0.018790
vn 0.155057 -0.987727 0.018790
vn 0.050117 -0.998449 0.024239
vn 0.050117 -0.998449 0.024239
vn 0.050117 -0.998449 0.024239
vn 0.050117 -0.998449 0.024239
vn 0.155152 -0.987687 -0.020070
vn 0.155152 -0.987687 -0.020070
vn 0.155152 -0.987687 -0.020070
vn 0.155152 -0.987687 -0.020070
vn -0.044361 -0.998910 0.014535
vn -0.044361 -0.998910 0.014535
vn -0.044361 -0.998910 0.014535
vn -0.044361 -0.998910 0.014535
vn 0.071372 -0.995183 -0.067214
vn 0.071372 -0.995183 -0.067214
vn 0.071372 -0.995183 -0.067214
vn 0.071372 -0.995183 -0.067214
vn 0.005582 -0.999920 0.011395
vn 0.005582 -0.999920 0.011395
vn 0.005582 -0.999920 0.011395
vn 0.005582 -0.999920 0.011395
vn -0.012083 -0.999832 0.013802
vn -0.012083 -0.999832 0.013802
vn -0.012083 -0.999832 0.013802
vn -0.012083 -0.999832 0.013802
vn 0.038731 -0.994776 -0.094447
vn 0.038731 -0.994776 -0.094447
vn 0.038731 -0.994776 -0.094447
vn 0.038731 -0.994776 -0.094447
vn -0.022832 -0.998679 0.046026
vn -0.022832 -0.998679 0.046026
vn -0.022832 -0.998679 0.046026
vn -0.022832 -0.998679 0.046026
vn 0.055761 -0.994865 0.084466
vn 0.055761 -0.994865 0.084466
vn 0.055761 -0.994865 0.084466
vn 0.055761 -0.994865 0.084466
vn 0.112638 -0.993635 0.001400
vn 0.112638 -0.993635 0.001400
vn 0.112638 -0.993635 0.001400
vn 0.112638 -0.993635 0.001400
vn -0.144376 -0.974148 0.173757
vn -0.144376 -0.974148 0.173757
vn -0.144376 -0.974148 0.173757
vn -0.144376 -0.974148 0.173757
vn 0.010196 -0.999896 -0.010164
vn 0.010196 -0.999896 -0.010164
vn 0.010196 -0.999896 -0.010164
vn 0.010196 -0.999896 -0.010164
vn -0.063282 -0.990312 0.123605
vn -0.063282 -0.990312 0.123605
vn -0.063282 -0.990312 0.123605
vn -0.063282 -0.990312 0.123605
vn 0.091312 -0.991451 0.093205
vn 0.091312 -0.991451 0.093205
vn 0.091312 -0.991451 0.093205
vn 0.091312 -0.991451 0.093205
vn 0.092967 -0.990851 -0.097829
vn 0.092967 -0.990851 -0.097829
vn 0.092967 -0.990851 -0.097829
vn 0.092967 -0.990851 -0.097829
vn 0.035253 -0.998428 0.043579
vn 0.035253 -0.998428 0.043579
vn 0.035253 -0.998428 0.043579
vn 0.035253 -0.998428 0.043579
vn 0.101976 -0.988295 0.113463
vn 0.101976 -0.988295 0.113463
vn 0.101976 -0.988295 0.113463
vn 0.101976 -0.988295 0.113463
vn 0.136401 -0.990526 0.015896
vn 0.136401 -0.990526 0.015896
vn 0.136401 -0.990526 0.015896
vn 0.136401 -0.990526 0.015896
vn 0.050797 -0.992001 -0.115561
vn 0.050797 -0.992001 -0.115561
vn 0.050797 -0.992001 -0.115561
vn 0.050797 -0.992001 -0.115561
vn -0.103705 -0.990987 -0.084800
vn -0.103705 -0.990987 -0.084800
vn -0.103705 -0.990987 -0.084800
vn -0.103705 -0.990987 -0.084800
vn -0.020972 -0.983367 -0.180415
vn -0.020972 -0.983367 -0.180415
vn -0.020972 -0.983367 -0.180415
vn -0.020972 -0.983367 -0.180415
vn -0.229217 -0.972712 -0.035942
vn -0.229217 -0.972712 -0.035942
vn -0.229217 -0.972712 -0.035942
vn -0.229217 -0.972712 -0.035942
vn -0.233274 -0.972371 0.008878
vn -0.233274 -0.972371 0.008878
vn -0.233274 -0.972371 0.008878
vn -0.233274 -0.972371 0.008878
vn 0.031252 -0.997955 -0.055764
vn 0.031252 -0.997955 -0.055764
vn 0.031252 -0.997955 -0.055764
vn 0.031252 -0.997955 -0.055764
vn 0.038325 -0.961701 0.271407
vn 0.038325 -0.961701 0.271407
vn 0.038325 -0.961701 0.271407
vn 0.038325 -0.961701 0.271407
vn 0.382883 -0.921696 0.062261
vn 0.382883 -0.921696 0.062261
vn 0.382883 -0.921696 0.062261
vn 0.382883 -0.921696 0.062261
vn 0.298975 -0.932297 -0.203561
vn 0.298975 -0.932297 -0.203561
vn 0.298975 -0.932297 -0.203561
vn 0.298975 -0.932297 -0.203561
vn 0.332474 -0.935593 -0.118857
vn 0.332474 -0.935593 -0.118857
vn 0.332474 -0.935593 -0.118857
vn 0.332474 -0.935593 -0.118857
vn 0.273772 -0.951185 -0.142465
vn 0.273772 -0.951185 -0.142465
vn 0.273772 -0.951185 -0.142465
vn 0.273772 -0.951185 -0.142465
vn -0.018811 -0.989101 -0.146029
vn -0.018811 -0.989101 -0.146029
vn -0.018811 -0.989101 -0.146029
vn -0.018811 -0.989101 -0.146029
vn -0.167320 -0.971090 -0.170257
vn -0.167320 -0.971090 -0.170257
vn -0.167320 -0.971090 -0.170257
vn -0.167320 -0.971090 -0.170257
vn 0.041888 -0.990142 -0.133657
vn 0.041888 -0.990142 -0.133657
vn 0.041888 -0.990142 -0.133657
vn 0.041888 -0.990142 -0.133657
vn 0.004345 -0.999574 -0.028867
vn 0.004345 -0.999574 -0.028867
vn 0.004345 -0.999574 -0.028867
vn 0.004345 -0.999574 -0.028867
vn 0.142388 -0.988456 0.051780
vn 0.142388 -0.988456 0.051780
vn 0.142388 -0.988456 0.051780
vn 0.142388 -0.988456 0.051780
vn 0.025010 -0.985460 -0.168057
vn 0.025010 -0.985460 -0.168057
vn 0.025010 -0.985460 -0.168057
vn 0.025010 -0.985460 -0.168057
vn 0.081334 -0.979468 -0.184466
vn 0.081334 -0.979468 -0.184466
vn 0.081334 -0.979468 -0.184466
vn 0.081333 -0.979468 -0.184466
vn 0.069892 -0.973229 -0.218953
vn 0.069892 -0.973229 -0.218953
vn 0.069892 -0.973229 -0.218953
vn 0.069892 -0.973229 -0.218953
vn -0.082122 -0.980103 -0.180703
vn -0.082122 -0.980103 -0.180703
vn -0.082122 -0.980103 -0.180703
vn -0.082122 -0.980103 -0.180703
vn 0.122543 -0.992028 -0.029391
vn 0.122543 -0.992028 -0.029391
vn 0.122543 -0.992028 -0.029391
vn 0.122543 -0.992028 -0.029391
vn 0.043160 -0.989213 -0.139979
vn 0.043160 -0.989213 -0.139979
vn 0.043160 -0.989213 -0.139979
vn 0.043160 -0.989213 -0.139979
vn -0.189199 -0.963805 -0.187842
vn -0.189199 -0.963805 -0.187842
vn -0.189199 -0.963805 -0.187842
vn -0.189199 -0.963805 -0.187842
vn -0.008790 -0.999530 -0.029371
vn -0.008790 -0.999530 -0.029371
vn -0.008790 -0.999530 -0.029371
vn -0.008790 -0.999530 -0.029371
vn -0.129607 -0.980703 -0.146368
vn -0.129607 -0.980703 -0.146368
vn -0.129607 -0.980703 -0.146368
vn -0.129607 -0.980703 -0.146368
vn -0.133809 -0.989279 -0.058501
vn -0.133809 -0.989279 -0.058501
vn -0.133809 -0.989279 -0.058501
vn -0.133809 -0.989279 -0.058501
vn -0.003189 -0.998600 -0.052795
vn -0.003189 -0.998600 -0.052795
vn -0.003189 -0.998600 -0.052795
vn -0.003189 -0.998600 -0.052795
vn 0.166802 -0.982826 -0.078931
vn 0.166802 -0.982826 -0.078931
vn 0.166802 -0.982826 -0.078931
vn 0.166802 -0.982826 -0.078931
vn -0.016740 -0.993375 -0.113689
vn -0.016740 -0.993375 -0.113689
vn -0.016740 -0.993375 -0.113689
vn -0.016740 -0.993375 -0.113689
vn 0.050121 -0.981282 -0.185942
vn 0.050121 -0.981282 -0.185942
vn 0.050121 -0.981282 -0.185942
vn 0.050121 -0.981282 -0.185942
vn 0.067516 -0.988352 -0.136391
vn 0.067516 -0.988352 -0.136391
vn 0.067516 -0.988352 -0.136391
vn 0.067516 -0.988352 -0.136391
vn 0.104466 -0.994509 0.006193
vn 0.104466 -0.994509 0.006193
vn 0.104466 -0.994509 0.006193
vn 0.104466 -0.994509 0.006193
vn -0.095632 -0.995197 -0.020921
vn -0.095632 -0.995197 -0.020921
vn -0.095632 -0.995197 -0.020921
vn -0.095632 -0.995197 -0.020921
vn 0.173029 -0.984549 0.026915
vn 0.173029 -0.984549 0.026915
vn 0.173029 -0.984549 0.026915
vn 0.173029 -0.984549 0.026915
vn -0.049546 -0.998503 -0.023157
vn -0.049546 -0.998503 -0.023157
vn -0.049546 -0.998503 -0.023157
vn -0.049546 -0.998503 -0.023157
vn 0.215046 -0.952950 -0.213638
vn 0.215046 -0.952950 -0.213638
vn 0.215046 -0.952950 -0.213638
vn 0.215046 -0.952950 -0.213638
vn -0.064115 -0.996562 -0.052474
vn -0.064115 -0.996562 -0.052474
vn -0.064115 -0.996562 -0.052474
vn -0.064115 -0.996562 -0.052474
vn -0.022270 -0.982889 -0.182848
vn -0.022270 -0.982889 -0.182848
vn -0.022270 -0.982889 -0.182848
vn -0.022270 -0.982889 -0.182848
vn -0.043580 -0.989019 -0.141215
vn -0.043580 -0.989019 -0.141215
vn -0.043580 -0.989019 -0.141215
vn -0.043580 -0.989019 -0.141215
vn 0.169588 -0.965088 -0.199610
vn 0.169588 -0.965088 -0.199610
vn 0.169588 -0.965088 -0.199610
vn 0.169588 -0.965088 -0.199610
vn 0.031961 -0.993789 -0.106590
vn 0.031961 -0.993789 -0.106590
vn 0.031961 -0.993789 -0.106590
vn 0.031961 -0.993789 -0.106590
vn 0.041371 -0.999048 -0.013837
vn 0.041371 -0.999048 -0.013837
vn 0.041371 -0.999048 -0.013837
vn 0.041371 -0.999048 -0.013837
vn -0.089820 -0.995928 -0.007727
vn -0.089820 -0.995928 -0.007727
vn -0.089820 -0.995928 -0.007727
vn -0.089820 -0.995928 -0.007727
vn -0.119500 -0.973002 -0.197452
vn -0.119500 -0.973002 -0.197452
vn -0.119500 -0.973002 -0.197452
vn -0.119500 -0.973002 -0.197452
vn -0.157011 -0.958866 -0.236481
vn -0.157011 -0.958866 -0.236481
vn -0.157011 -0.958866 -0.236481
vn -0.157011 -0.958866 -0.236481
vn -0.088170 -0.990570 -0.104870
vn -0.088170 -0.990570 -0.104870
vn -0.088170 -0.990570 -0.104870
vn -0.088170 -0.990570 -0.104870
vn -0.259689 -0.965446 -0.021822
vn -0.259689 -0.965446 -0.021822
vn -0.259689 -0.965446 -0.021822
vn -0.259689 -0.965446 -0.021822
vn -0.171259 -0.985100 0.015783
vn -0.171259 -0.985100 0.015783
vn -0.171259 -0.985100 0.015783
vn -0.171259 -0.985100 0.015783
vn -0.144318 -0.987679 -0.060526
vn -0.144318 -0.987679 -0.060526
vn -0.144318 -0.987679 -0.060526
vn -0.144318 -0.987679 -0.060526
vn -0.110636 -0.976577 -0.184548
vn -0.110636 -0.976577 -0.184548
vn -0.110636 -0.976577 -0.184548
vn -0.110636 -0.976577 -0.184548
vn -0.148241 -0.984105 -0.097789
vn -0.148241 -0.984105 -0.097789
vn -0.148241 -0.984105 -0.097789
vn -0.148241 -0.984105 -0.097789
vn -0.248257 -0.965830 0.074432
vn -0.248257 -0.965830 0.074432
vn -0.248257 -0.965830 0.074432
vn -0.248257 -0.965830 0.074432
vn -0.060990 -0.993609 0.094979
vn -0.060990 -0.993609 0.094979
vn -0.060990 -0.993609 0.094979
vn -0.060990 -0.993609 0.094979
vn -0.093827 -0.989299 -0.111734
vn -0.093827 -0.989299 -0.111734
vn -0.093827 -0.989299 -0.111734
vn -0.093827 -0.989299 -0.111734
vn -0.104433 -0.987025 -0.121964
vn -0.104433 -0.987025 -0.121964
vn -0.104433 -0.987025 -0.121964
vn -0.104433 -0.987025 -0.121964
vn -0.191806 -0.981236 0.019662
vn -0.191806 -0.981236 0.019662
vn -0.191806 -0.981236 0.019662
vn -0.191806 -0.981236 0.019662
vn -0.157346 -0.973780 -0.164302
vn -0.157346 -0.973780 -0.164302
vn -0.157346 -0.973780 -0.164302
vn -0.157346 -0.973780 -0.164302
vn -0.234400 -0.972090 0.009875
vn -0.234400 -0.972090 0.009875
vn -0.234400 -0.972090 0.009875
vn -0.234400 -0.972090 0.009875
vn -0.221313 -0.974994 0.020164
vn -0.221313 -0.974994 0.020164
vn -0.221313 -0.974994 0.020164
vn -0.221313 -0.974994 0.020164
vn -0.180377 -0.982728 0.041352
vn -0.180377 -0.982728 0.041352
vn -0.180377 -0.982728 0.041352
vn -0.180377 -0.982728 0.041352
vn -0.117918 -0.985327 0.123391
vn -0.117918 -0.985327 0.123391
vn -0.117918 -0.985327 0.123391
vn -0.117918 -0.985327 0.123391
vn -0.009428 -0.993973 0.109218
vn -0.009428 -0.993973 0.109218
vn -0.009428 -0.993973 0.109218
vn -0.009428 -0.993973 0.109218
vn -0.031490 -0.998148 -0.052045
vn -0.031490 -0.998148 -0.052045
vn -0.031490 -0.998148 -0.052045
vn -0.031490 -0.998148 -0.052045
vn -0.142396 -0.989021 -0.039507
vn -0.142396 -0.989021 -0.039507
vn -0.142396 -0.989021 -0.039507
vn -0.142396 -0.989021 -0.039507
vn -0.047173 -0.955014 -0.292784
vn -0.047173 -0.955014 -0.292784
vn -0.047173 -0.955014 -0.292784
vn -0.047173 -0.955014 -0.292784
vn -0.094094 -0.955872 -0.278308
vn -0.094094 -0.955872 -0.278308
vn -0.094094 -0.955872 -0.278308
vn -0.094094 -0.955872 -0.278308
vn -0.210857 -0.975040 -0.069548
vn -0.210857 -0.975040 -0.069548
vn -0.210857 -0.975040 -0.069548
vn -0.210857 -0.975040 -0.069548
vn -0.204584 -0.929020 -0.308330
vn -0.204584 -0.929020 -0.308330
vn -0.204584 -0.929020 -0.308330
vn -0.204584 -0.929020 -0.308330
vn -0.223826 -0.963860 -0.144482
vn -0.223826 -0.963860 -0.144482
vn -0.223826 -0.963860 -0.144482
vn -0.223826 -0.963860 -0.144482
vn 0.095527 -0.984273 0.148598
vn 0.095527 -0.984273 0.148598
vn 0.095527 -0.984273 0.148598
vn 0.095528 -0.984273 0.148598
vn -0.006197 -0.994703 0.102606
vn -0.006197 -0.994703 0.102606
vn -0.006197 -0.994703 0.102606
vn -0.006197 -0.994703 0.102606
vn -0.118181 -0.987230 0.106820
vn -0.118181 -0.987230 0.106820
vn -0.118181 -0.987230 0.106820
vn -0.118181 -0.987230 0.106820
vn -0.050179 -0.997290 0.053802
vn -0.050179 -0.997290 0.053802
vn -0.050179 -0.997290 0.053802
vn -0.050179 -0.997290 0.053802
vn -0.183047 -0.960464 0.209766
vn -0.183047 -0.960465 0.209766
vn -0.183047 -0.960464 0.209766
vn -0.183047 -0.960464 0.209766
vn -0.110255 -0.983534 0.143192
vn -0.110255 -0.983534 0.143192
vn -0.110255 -0.983534 0.143192
vn -0.110255 -0.983534 0.143192
vn -0.184805 -0.981499 0.050060
vn -0.184805 -0.981499 0.050060
vn -0.184805 -0.981499 0.050060
vn -0.184805 -0.981499 0.050060
vn -0.177539 -0.981627 0.069912
vn -0.177539 -0.981627 0.069912
vn -0.177539 -0.981627 0.069912
vn -0.177539 -0.981627 0.069912
vn -0.314947 -0.945186 0.086212
vn -0.314947 -0.945186 0.086212
vn -0.314947 -0.945186 0.086212
vn -0.314947 -0.945186 0.086212
vn -0.171173 -0.978823 0.112276
vn -0.171173 -0.978823 0.112276
vn -0.171173 -0.978823 0.112276
vn -0.171173 -0.978823 0.112276
vn -0.216382 -0.972438 0.086857
vn -0.216382 -0.972438 0.086857
vn -0.216382 -0.972438 0.086857
vn -0.216382 -0.972438 0.086857
vn -0.096575 -0.979198 0.178450
vn -0.096575 -0.979198 0.178450
vn -0.096575 -0.979198 0.178450
vn -0.096575 -0.979198 0.178450
vn -0.074918 -0.997164 -0.007184
vn -0.074918 -0.997164 -0.007184
vn -0.074918 -0.997164 -0.007184
vn -0.074918 -0.997164 -0.007184
vn -0.067598 -0.990961 0.115875
vn -0.067598 -0.990961 0.115875
vn -0.067598 -0.990961 0.115875
vn -0.067598 -0.990961 0.115875
vn -0.308883 -0.914732 0.260494
vn -0.308883 -0.914732 0.260494
vn -0.308883 -0.914732 0.260494
vn -0.308883 -0.914732 0.260494
vn -0.134801 -0.975400 0.174421
vn -0.134801 -0.975400 0.174421
vn -0.134801 -0.975400 0.174421
vn -0.134801 -0.975400 0.174421
vn -0.090502 -0.928066 0.361251
vn -0.090502 -0.928066 0.361251
vn -0.090502 -0.928066 0.361251
vn -0.090502 -0.928066 0.361251
vn -0.140015 -0.989314 0.040658
vn -0.140015 -0.989314 0.040658
vn -0.140015 -0.989314 0.040658
vn -0.140015 -0.989314 0.040658
vn -0.139300 -0.990164 -0.013066
vn -0.139300 -0.990164 -0.013066
vn -0.139300 -0.990164 -0.013066
vn -0.139300 -0.990164 -0.013066
vn -0.169903 -0.984007 0.053511
vn -0.169903 -0.984007 0.053511
vn -0.169903 -0.984007 0.053511
vn -0.169903 -0.984007 0.053511
vn 0.099359 -0.982568 0.157122
vn 0.099359 -0.982568 0.157122
vn 0.099359 -0.982568 0.157122
vn 0.099359 -0.982568 0.157122
vn 0.182309 -0.968415 0.170104
vn 0.182309 -0.968415 0.170104
vn 0.182309 -0.968415 0.170104
vn 0.182309 -0.968415 0.170104
vn 0.173522 -0.979137 0.105743
vn 0.173522 -0.979137 0.105743
vn 0.173522 -0.979137 0.105743
vn 0.173522 -0.979137 0.105743
vn 0.057655 -0.986999 0.150031
vn 0.057655 -0.986999 0.150031
vn 0.057655 -0.986999 0.150031
vn 0.057655 -0.986999 0.150031
vn -0.148200 -0.983406 0.104635
vn -0.148200 -0.983406 0.104635
vn -0.148200 -0.983406 0.104635
vn -0.148200 -0.983406 0.104635
vn -0.078541 -0.996273 0.035658
vn -0.078541 -0.996273 0.035658
vn -0.078541 -0.996273 0.035658
vn -0.078541 -0.996273 0.035658
vn -0.107946 -0.991967 0.065944
vn -0.107946 -0.991967 0.065944
vn -0.107946 -0.991967 0.065944
vn -0.107946 -0.991967 0.065944
vn -0.040588 -0.986351 0.159575
vn -0.040588 -0.986351 0.159575
vn -0.040588 -0.986351 0.159575
vn -0.040588 -0.986351 0.159575
vn -0.137455 -0.979316 0.148481
vn -0.137455 -0.979316 0.148481
vn -0.137455 -0.979316 0.148481
vn -0.137455 -0.979316 0.148481
vn -0.095518 -0.976811 0.191618
vn -0.095518 -0.976811 0.191618
vn -0.095518 -0.976811 0.191618
vn -0.095518 -0.976811 0.191618
vn 0.223582 -0.974599 -0.012936
vn 0.223582 -0.974599 -0.012936
vn 0.223582 -0.974599 -0.012936
vn 0.223582 -0.974599 -0.012936
vn 0.266475 -0.962069 -0.058432
vn 0.266475 -0.962069 -0.058432
vn 0.266475 -0.962069 -0.058432
vn 0.266475 -0.962069 -0.058432
vn 0.222003 -0.975036 -0.004467
vn 0.222003 -0.975036 -0.004467
vn 0.222003 -0.975036 -0.004467
vn 0.222003 -0.975036 -0.004467
vn -0.006111 -0.988978 -0.147938
vn -0.006111 -0.988978 -0.147938
vn -0.006111 -0.988978 -0.147938
vn -0.006111 -0.988978 -0.147938
vn 0.057408 -0.998330 -0.006505
vn 0.057408 -0.998330 -0.006505
vn 0.057408 -0.998330 -0.006505
vn 0.057408 -0.998330 -0.006505
vn 0.222475 -0.973356 0.055522
vn 0.222475 -0.973356 0.055522
vn 0.222475 -0.973356 0.055522
vn 0.222475 -0.973356 0.055522
vn 0.091328 -0.994775 0.045633
vn 0.091328 -0.994775 0.045633
vn 0.091328 -0.994775 0.045633
vn 0.091328 -0.994775 0.045633
vn -0.000132 -0.990624 0.136615
vn -0.000132 -0.990624 0.136615
vn -0.000132 -0.990624 0.136615
vn -0.000132 -0.990624 0.136615
vn 0.063535 -0.976047 0.208075
vn 0.063535 -0.976047 0.208075
vn 0.063535 -0.976047 0.208075
vn 0.063535 -0.976047 0.208075
vn 0.065643 -0.997776 -0.011597
vn 0.065643 -0.997776 -0.011597
vn 0.065643 -0.997776 -0.011597
vn 0.065643 -0.997776 -0.011597
vn -0.052702 -0.986479 -0.155183
vn -0.052702 -0.986479 -0.155184
vn -0.052702 -0.986479 -0.155183
vn -0.052702 -0.986479 -0.155183
vn -0.083337 -0.995319 -0.048939
vn -0.083337 -0.995319 -0.048939
vn -0.083337 -0.995319 -0.048939
vn -0.083337 -0.995319 -0.048939
vn 0.142801 -0.961751 0.233757
vn 0.142801 -0.961751 0.233757
vn 0.142801 -0.961751 0.233757
vn 0.142801 -0.961751 0.233757
vn 0.072466 -0.995129 0.066834
vn 0.072466 -0.995129 0.066834
vn 0.072466 -0.995129 0.066834
vn 0.072466 -0.995129 0.066834
vn 0.109108 -0.988601 0.103744
vn 0.109108 -0.988601 0.103744
vn 0.109108 -0.988601 0.103744
vn 0.109108 -0.988601 0.103744
vn 0.118288 -0.973522 0.195609
vn 0.118288 -0.973522 0.195609
vn 0.118288 -0.973522 0.195609
vn 0.118288 -0.973522 0.195609
vn 0.170430 -0.967219 0.188257
vn 0.170430 -0.967219 0.188257
vn 0.170430 -0.967219 0.188257
vn 0.170430 -0.967219 0.188257
vn 0.108291 -0.983939 0.141905
vn 0.108291 -0.983939 0.141905
vn 0.108291 -0.983939 0.141905
vn 0.108291 -0.983939 0.141905
vn 0.080087 -0.996788 0.000477
vn 0.080087 -0.996788 0.000477
vn 0.080087 -0.996788 0.000477
vn 0.080087 -0.996788 0.000477
vn 0.081488 -0.981923 0.170841
vn 0.081488 -0.981923 0.170841
vn 0.081488 -0.981923 0.170841
vn 0.081488 -0.981923 0.170841
vn 0.138470 -0.963723 0.228174
vn 0.138470 -0.963723 0.228174
vn 0.138470 -0.963723 0.228174
vn 0.138470 -0.963723 0.228174
vn 0.446743 -0.894606 -0.010045
vn 0.446743 -0.894606 -0.010045
vn 0.446743 -0.894606 -0.010045
vn 0.446743 -0.894606 -0.010045
vn 0.225644 -0.967101 -0.117477
vn 0.225644 -0.967101 -0.117477
vn 0.225644 -0.967101 -0.117477
vn 0.225644 -0.967101 -0.117477
vn 0.326776 -0.941109 0.086788
vn 0.326776 -0.941109 0.086788
vn 0.326776 -0.941109 0.086788
vn 0.326776 -0.941109 0.086788
vn 0.131956 -0.966429 -0.220460
vn 0.131956 -0.966429 -0.220460
vn 0.131956 -0.966429 -0.220460
vn 0.131956 -0.966429 -0.220460
vn 0.093728 -0.960307 -0.262727
vn 0.093728 -0.960307 -0.262727
vn 0.093728 -0.960307 -0.262727
vn 0.093728 -0.960307 -0.262727
vn -0.035295 -0.977718 0.206935
vn -0.035295 -0.977718 0.206935
vn -0.035295 -0.977718 0.206935
vn -0.035295 -0.977718 0.206935
vn 0.056980 -0.986089 -0.156148
vn 0.056980 -0.986089 -0.156148
vn 0.056980 -0.986089 -0.156148
vn 0.056980 -0.986089 -0.156148
vn 0.295105 -0.951184 0.090341
vn 0.295105 -0.951184 0.090341
vn 0.295105 -0.951184 0.090341
vn 0.295105 -0.951184 0.090341
vn 0.205491 -0.967857 0.145005
vn 0.205491 -0.967857 0.145005
vn 0.205491 -0.967857 0.145005
vn 0.205491 -0.967857 0.145005
vn 0.457138 -0.886340 -0.073668
vn 0.457137 -0.886340 -0.073668
vn 0.457137 -0.886340 -0.073668
vn 0.457137 -0.886340 -0.073668
vn 0.298524 -0.950107 -0.090440
vn 0.298524 -0.950107 -0.090440
vn 0.298524 -0.950107 -0.090440
vn 0.298524 -0.950107 -0.090440
vn 0.151255 -0.986741 0.058864
vn 0.151255 -0.986741 0.058864
vn 0.151255 -0.986741 0.058864
vn 0.151255 -0.986741 0.058864
vn 0.040367 -0.997351 0.060512
vn 0.040367 -0.997351 0.060512
vn 0.040367 -0.997351 0.060512
vn 0.040367 -0.997351 0.060512
vn 0.187851 -0.953071 0.237421
vn 0.187851 -0.953071 0.237421
vn 0.187851 -0.953070 0.237421
vn 0.187851 -0.953071 0.237421
vn -0.192078 -0.979785 -0.055930
vn -0.192078 -0.979785 -0.055930
vn -0.192078 -0.979785 -0.055930
vn -0.192078 -0.979785 -0.055930
vn 0.154713 -0.948879 -0.275123
vn 0.154713 -0.948879 -0.275123
vn 0.154713 -0.948879 -0.275123
vn 0.154713 -0.948879 -0.275123
vn 0.126455 -0.980826 -0.148287
vn 0.126455 -0.980826 -0.148287
vn 0.126455 -0.980826 -0.148287
vn 0.126455 -0.980826 -0.148287
vn 0.151647 -0.987868 0.033456
vn 0.151647 -0.987868 0.033456
vn 0.151647 -0.987868 0.033456
vn 0.151647 -0.987868 0.033456
vn 0.194553 -0.980160 0.037882
vn 0.194553 -0.980160 0.037882
vn 0.194553 -0.980160 0.037882
vn 0.194553 -0.980160 0.037882
vn 0.142901 -0.945230 -0.293461
vn 0.142901 -0.945230 -0.293461
vn 0.142901 -0.945230 -0.293461
vn 0.142901 -0.945230 -0.293461
vn 0.146538 -0.971880 -0.184327
vn 0.146538 -0.971880 -0.184327
vn 0.146538 -0.971880 -0.184327
vn 0.146538 -0.971880 -0.184327
vn 0.342807 -0.938952 0.029198
vn 0.342807 -0.938952 0.029198
vn 0.342807 -0.938952 0.029198
vn 0.342807 -0.938952 0.029198
vn 0.101255 -0.977714 -0.183912
vn 0.101255 -0.977714 -0.183912
vn 0.101255 -0.977714 -0.183912
vn 0.101255 -0.977714 -0.183912
vn 0.260798 -0.965262 -0.015953
vn 0.260798 -0.965262 -0.015953
vn 0.260798 -0.965262 -0.015953
vn 0.260798 -0.965262 -0.015953
vn 0.004852 -0.991059 -0.133337
vn 0.004852 -0.991059 -0.133337
vn 0.004852 -0.991059 -0.133337
vn 0.004852 -0.991059 -0.133337
vn 0.203089 -0.945576 -0.254247
vn 0.203089 -0.945576 -0.254247
vn 0.203089 -0.945576 -0.254247
vn 0.203089 -0.945576 -0.254247
vn 0.257843 -0.965971 0.020407
vn 0.257843 -0.965971 0.020407
vn 0.257843 -0.965971 0.020407
vn 0.257843 -0.965971 0.020407
vn -0.012791 -0.999811 -0.014665
vn -0.012791 -0.999811 -0.014665
vn -0.012791 -0.999811 -0.014665
vn -0.012791 -0.999811 -0.014665
vn -0.224451 -0.973668 -0.039899
vn -0.224451 -0.973668 -0.039899
vn -0.224451 -0.973668 -0.039899
vn -0.224451 -0.973668 -0.039899
vn 0.070229 -0.979268 0.190005
vn 0.070228 -0.979268 0.190005
vn 0.070228 -0.979268 0.190005
vn 0.070228 -0.979268 0.190005
vn -0.042689 -0.998929 0.017841
vn -0.042689 -0.998929 0.017841
vn -0.042689 -0.998929 0.017841
vn -0.042689 -0.998929 0.017841
vn 0.118459 -0.967943 -0.221480
vn 0.118459 -0.967943 -0.221480
vn 0.118459 -0.967943 -0.221480
vn 0.118459 -0.967943 -0.221480
vn 0.069299 -0.977470 -0.199374
vn 0.069299 -0.977470 -0.199374
vn 0.069299 -0.977470 -0.199374
vn 0.069299 -0.977470 -0.199374
vn 0.194663 -0.954653 -0.225265
vn 0.194663 -0.954653 -0.225265
vn 0.194663 -0.954653 -0.225265
vn 0.194663 -0.954653 -0.225265
vn -0.000212 -0.949702 -0.313156
vn -0.000212 -0.949702 -0.313156
vn -0.000212 -0.949702 -0.313156
vn -0.000212 -0.949702 -0.313156
vn -0.036046 -0.996134 0.080113
vn -0.036046 -0.996134 0.080113
vn -0.036046 -0.996134 0.080113
vn -0.036046 -0.996134 0.080113
vn 0.009055 -0.999319 -0.035776
vn 0.009055 -0.999319 -0.035776
vn 0.009055 -0.999319 -0.035776
vn 0.009055 -0.999319 -0.035776
vn 0.125521 -0.984050 -0.126057
vn 0.125521 -0.984050 -0.126057
vn 0.125521 -0.984050 -0.126057
vn 0.125521 -0.984050 -0.126057
vn -0.201542 -0.976606 -0.074979
vn -0.201541 -0.976606 -0.074979
vn -0.201542 -0.976606 -0.074979
vn -0.201542 -0.976606 -0.074979
vn 0.060044 -0.996159 -0.063726
vn 0.060044 -0.996159 -0.063726
vn 0.060044 -0.996159 -0.063726
vn 0.060044 -0.996159 -0.063726
vn -0.110114 -0.988976 -0.098998
vn -0.110114 -0.988976 -0.098998
vn -0.110114 -0.988976 -0.098998
vn -0.110114 -0.988976 -0.098998
vn 0.096052 -0.978936 -0.180161
vn 0.096052 -0.978936 -0.180161
vn 0.096052 -0.978936 -0.180161
vn 0.096052 -0.978936 -0.180161
vn 0.055906 -0.991588 -0.116737
vn 0.055906 -0.991588 -0.116737
vn 0.055906 -0.991588 -0.116737
vn 0.055906 -0.991588 -0.116737
vn -0.102375 -0.990733 -0.089264
vn -0.102375 -0.990733 -0.089264
vn -0.102375 -0.990733 -0.089264
vn -0.102375 -0.990733 -0.089264
vn -0.163974 -0.970640 -0.175987
vn -0.163974 -0.970640 -0.175987
vn -0.163974 -0.970640 -0.175987
vn -0.163974 -0.970640 -0.175987
vn 0.268532 -0.946177 -0.180665
vn 0.268532 -0.946177 -0.180665
vn 0.268532 -0.946177 -0.180665
vn 0.268532 -0.946177 -0.180665
vn -0.141519 -0.968244 -0.206099
vn -0.141519 -0.968244 -0.206099
vn -0.141519 -0.968244 -0.206099
vn -0.141519 -0.968244 -0.206099
vn 0.075078 -0.971605 -0.224381
vn 0.075078 -0.971605 -0.224381
vn 0.075078 -0.971605 -0.224381
vn 0.075078 -0.971605 -0.224381
vn -0.097721 -0.988569 -0.114811
vn -0.097721 -0.988569 -0.114811
vn -0.097721 -0.988569 -0.114811
vn -0.097721 -0.988569 -0.114811
vn -0.196939 -0.962403 -0.187069
vn -0.196939 -0.962403 -0.187069
vn -0.196939 -0.962403 -0.187069
vn -0.196939 -0.962403 -0.187069
vn -0.030100 -0.974052 -0.224313
vn -0.030100 -0.974052 -0.224313
vn -0.030100 -0.974052 -0.224313
vn -0.030100 -0.974052 -0.224313
vn 0.023819 -0.997404 -0.067953
vn 0.023819 -0.997404 -0.067953
vn 0.023819 -0.997404 -0.067953
vn 0.023819 -0.997404 -0.067953
vn -0.014514 -0.994490 -0.103819
vn -0.014514 -0.994490 -0.103819
vn -0.014514 -0.994490 -0.103819
vn -0.014514 -0.994490 -0.103819
vn -0.113618 -0.992234 -0.050626
vn -0.113618 -0.992234 -0.050626
vn -0.113618 -0.992234 -0.050626
vn -0.113618 -0.992234 -0.050626
vn -0.115509 -0.993287 0.006267
vn -0.115509 -0.993287 0.006267
vn -0.115509 -0.993287 0.006267
vn -0.115509 -0.993287 0.006267
vn -0.162324 -0.970388 -0.178880
vn -0.162324 -0.970388 -0.178880
vn -0.162324 -0.970388 -0.178880
vn -0.162324 -0.970388 -0.178880
vn -0.236019 -0.967367 -0.092170
vn -0.236019 -0.967367 -0.092170
vn -0.236019 -0.967368 -0.092169
vn -0.236019 -0.967367 -0.092170
vn -0.116780 -0.993145 0.004944
vn -0.116780 -0.993145 0.004944
vn -0.116780 -0.993145 0.004944
vn -0.116780 -0.993145 0.004944
vn -0.037369 -0.989592 -0.138966
vn -0.037369 -0.989592 -0.138966
vn -0.037369 -0.989592 -0.138966
vn -0.037369 -0.989592 -0.138966
vn -0.134699 -0.990735 -0.017332
vn -0.134699 -0.990735 -0.017332
vn -0.134699 -0.990735 -0.017332
vn -0.134699 -0.990735 -0.017332
vn -0.130628 -0.988733 -0.073097
vn -0.130628 -0.988733 -0.073097
vn -0.130628 -0.988733 -0.073097
vn -0.130628 -0.988733 -0.073097
vn -0.164395 -0.985558 -0.040613
vn -0.164395 -0.985558 -0.040613
vn -0.164395 -0.985558 -0.040613
vn -0.164395 -0.985558 -0.040613
vn -0.153162 -0.981173 -0.117648
vn -0.153162 -0.981173 -0.117648
vn -0.153162 -0.981173 -0.117648
vn -0.153162 -0.981173 -0.117648
vn -0.091642 -0.987585 0.127580
vn -0.091642 -0.987585 0.127580
vn -0.091642 -0.987585 0.127580
vn -0.091642 -0.987585 0.127580
vn -0.067910 -0.997686 0.003315
vn -0.067910 -0.997686 0.003315
vn -0.067910 -0.997686 0.003315
vn -0.067910 -0.997686 0.003315
vn -0.056401 -0.998390 0.005956
vn -0.056401 -0.998390 0.005956
vn -0.056401 -0.998390 0.005956
vn -0.056401 -0.998390 0.005956
vn -0.129012 -0.976055 0.175134
vn -0.129012 -0.976055 0.175134
vn -0.129012 -0.976055 0.175134
vn -0.129012 -0.976055 0.175134
vn -0.071098 -0.996003 -0.054067
vn -0.071098 -0.996003 -0.054067
vn -0.071098 -0.996003 -0.054067
vn -0.071098 -0.996003 -0.054067
vn -0.087765 -0.983578 0.157708
vn -0.087765 -0.983578 0.157708
vn -0.087765 -0.983578 0.157708
vn -0.087765 -0.983578 0.157708
vn -0.085356 -0.994456 0.061411
vn -0.085356 -0.994456 0.061411
vn -0.085356 -0.994456 0.061411
vn -0.085356 -0.994456 0.061411
vn -0.080477 -0.995628 0.047423
vn -0.080477 -0.995628 0.047423
vn -0.080477 -0.995628 0.047423
vn -0.080477 -0.995628 0.047423
vn 0.028314 -0.992362 -0.120066
vn 0.028314 -0.992362 -0.120066
vn 0.028314 -0.992362 -0.120066
vn 0.028314 -0.992362 -0.120066
vn -0.153137 -0.976973 0.148571
vn -0.153137 -0.976973 0.148571
vn -0.153137 -0.976973 0.148571
vn -0.153137 -0.976973 0.148571
vn -0.119209 -0.942386 -0.312568
vn -0.119209 -0.942386 -0.312568
vn -0.119209 -0.942386 -0.312568
vn -0.119209 -0.942386 -0.312568
vn -0.263785 -0.963892 -0.036453
vn -0.263785 -0.963892 -0.036453
vn -0.263785 -0.963892 -0.036453
vn -0.263785 -0.963892 -0.036453
vn -0.206599 -0.976507 -0.061237
vn -0.206599 -0.976507 -0.061237
vn -0.206599 -0.976507 -0.061237
vn -0.206599 -0.976507 -0.061237
vn -0.085101 -0.987642 -0.131609
vn -0.085101 -0.987642 -0.131609
vn -0.085101 -0.987642 -0.131609
vn -0.085101 -0.987642 -0.131609
vn -0.137612 -0.979614 0.146351
vn -0.137612 -0.979614 0.146351
vn -0.137612 -0.979614 0.146351
vn -0.137612 -0.979614 0.146351
vn -0.136953 -0.989514 0.045887
vn -0.136953 -0.989514 0.045887
vn -0.136953 -0.989514 0.045887
vn -0.136953 -0.989514 0.045887
vn -0.087293 -0.995560 -0.035209
vn -0.087293 -0.995560 -0.035209
vn -0.087293 -0.995560 -0.035209
vn -0.087293 -0.995560 -0.035209
vn -0.075261 -0.996276 -0.042077
vn -0.075261 -0.996276 -0.042077
vn -0.075261 -0.996276 -0.042077
vn -0.075261 -0.996276 -0.042077
vn -0.079410 -0.996514 0.025590
vn -0.079410 -0.996514 0.025590
vn -0.079410 -0.996514 0.025590
vn -0.079410 -0.996514 0.025590
vn -0.014291 -0.999843 -0.010523
vn -0.014291 -0.999843 -0.010523
vn -0.014291 -0.999843 -0.010523
vn -0.014291 -0.999843 -0.010523
vn -0.074023 -0.989493 0.124197
vn -0.074023 -0.989493 0.124197
vn -0.074023 -0.989493 0.124197
vn -0.074023 -0.989493 0.124197
vn -0.102154 -0.979445 0.173929
vn -0.102154 -0.979445 0.173929
vn -0.102154 -0.979445 0.173929
vn -0.102154 -0.979445 0.173929
vn -0.259349 -0.947452 0.187279
vn -0.259349 -0.947452 0.187279
vn -0.259349 -0.947452 0.187279
vn -0.259349 -0.947452 0.187279
vn -0.026556 -0.973811 0.225805
vn -0.026556 -0.973811 0.225805
vn -0.026556 -0.973810 0.225805
vn -0.026556 -0.973811 0.225805
vn -0.005520 -0.999783 0.020114
vn -0.005520 -0.999783 0.020114
vn -0.005520 -0.999783 0.020114
vn -0.005520 -0.999783 0.020114
vn 0.064607 -0.995242 0.072940
vn 0.064607 -0.995242 0.072940
vn 0.064607 -0.995242 0.072940
vn 0.064607 -0.995242 0.072940
vn 0.033349 -0.992930 0.113918
vn 0.033349 -0.992930 0.113918
vn 0.033349 -0.992930 0.113918
vn 0.033349 -0.992930 0.113918
vn -0.002498 -0.998117 0.061284
vn -0.002498 -0.998117 0.061284
vn -0.002498 -0.998117 0.061284
vn -0.002498 -0.998117 0.061284
vn -0.330367 -0.927060 0.177251
vn -0.330367 -0.927060 0.177251
vn -0.330367 -0.927060 0.177251
vn -0.330367 -0.927060 0.177251
vn -0.060683 -0.952111 0.299671
vn -0.060683 -0.952111 0.299671
vn -0.060683 -0.952111 0.299671
vn -0.060683 -0.952111 0.299671
vn -0.249221 -0.953462 0.169701
vn -0.249221 -0.953462 0.169701
vn -0.249221 -0.953462 0.169701
vn -0.249221 -0.953462 0.169701
vn 0.056494 -0.985646 0.159091
vn 0.056494 -0.985646 0.159091
vn 0.056494 -0.985646 0.159091
vn 0.056494 -0.985646 0.159091
vn -0.230108 -0.969966 0.078846
vn -0.230108 -0.969966 0.078846
vn -0.230108 -0.969966 0.078846
vn -0.230108 -0.969966 0.078846
vn -0.194132 -0.980461 0.031757
vn -0.194132 -0.980461 0.031757
vn -0.194132 -0.980461 0.031757
vn -0.194132 -0.980461 0.031757
vn -0.062006 -0.964387 0.257125
vn -0.062006 -0.964387 0.257125
vn -0.062006 -0.964387 0.257125
vn -0.062006 -0.964387 0.257125
vn 0.137920 -0.974134 0.179002
vn 0.137920 -0.974134 0.179002
vn 0.137920 -0.974134 0.179002
vn 0.137920 -0.974134 0.179002
vn 0.070094 -0.984865 0.158520
vn 0.070094 -0.984865 0.158520
vn 0.070094 -0.984865 0.158520
vn 0.070094 -0.984865 0.158520
vn -0.052215 -0.984655 0.166516
vn -0.052215 -0.984655 0.166516
vn -0.052215 -0.984655 0.166516
vn -0.052215 -0.984655 0.166516
vn -0.026756 -0.986396 0.162192
vn -0.026756 -0.986396 0.162192
vn -0.026756 -0.986396 0.162192
vn -0.026756 -0.986396 0.162192
vn -0.044074 -0.961437 0.271471
vn -0.044074 -0.961437 0.271471
vn -0.044074 -0.961437 0.271471
vn -0.044074 -0.961437 0.271471
vn -0.065606 -0.966556 0.247923
vn -0.065606 -0.966556 0.247923
vn -0.065606 -0.966556 0.247923
vn -0.065606 -0.966556 0.247923
vn 0.027454 -0.953517 0.300085
vn 0.027454 -0.953517 0.300085
vn 0.027454 -0.953517 0.300085
vn 0.027454 -0.953517 0.300085
vn 0.040856 -0.987308 0.153474
vn 0.040856 -0.987308 0.153474
vn 0.040856 -0.987308 0.153474
vn 0.040856 -0.987308 0.153474
vn -0.019946 -0.983193 0.181477
vn -0.019946 -0.983193 0.181478
vn -0.019946 -0.983193 0.181477
vn -0.019946 -0.983193 0.181477
vn 0.047616 -0.994298 -0.095418
vn 0.047616 -0.994298 -0.095418
vn 0.047616 -0.994298 -0.095418
vn 0.047616 -0.994298 -0.095418
vn 0.046850 -0.997022 0.061261
vn 0.046850 -0.997022 0.061261
vn 0.046850 -0.997022 0.061261
vn 0.046850 -0.997022 0.061261
vn -0.047982 -0.996330 -0.070881
vn -0.047982 -0.996330 -0.070881
vn -0.047982 -0.996330 -0.070881
vn -0.047982 -0.996330 -0.070881
vn 0.133481 -0.950270 0.281370
vn 0.133481 -0.950270 0.281370
vn 0.133481 -0.950270 0.281370
vn 0.133481 -0.950270 0.281370
vn 0.219571 -0.943601 0.247801
vn 0.219571 -0.943601 0.247801
vn 0.219571 -0.943601 0.247801
vn 0.219571 -0.943601 0.247801
vn 0.111179 -0.925455 0.362177
vn 0.111179 -0.925455 0.362177
vn 0.111179 -0.925455 0.362177
vn 0.111179 -0.925455 0.362177
vn 0.111508 -0.993269 0.031353
vn 0.111508 -0.993269 0.031353
vn 0.111508 -0.993269 0.031353
vn 0.111508 -0.993269 0.031353
vn 0.184523 -0.982293 0.032420
vn 0.184523 -0.982293 0.032420
vn 0.184523 -0.982293 0.032420
vn 0.184523 -0.982293 0.032420
vn 0.041959 -0.998997 -0.015617
vn 0.041959 -0.998997 -0.015617
vn 0.041959 -0.998997 -0.015617
vn 0.041959 -0.998997 -0.015617
vn 0.129538 -0.989870 0.058117
vn 0.129538 -0.989870 0.058117
vn 0.129538 -0.989870 0.058117
vn 0.129538 -0.989870 0.058117
vn 0.192918 -0.964649 0.179539
vn 0.192918 -0.964649 0.179539
vn 0.192918 -0.964649 0.179539
vn 0.192918 -0.964649 0.179539
vn 0.112995 -0.986875 0.115369
vn 0.112995 -0.986875 0.115369
vn 0.112995 -0.986875 0.115369
vn 0.112995 -0.986875 0.115369
vn -0.087455 -0.988065 -0.126800
vn -0.087455 -0.988065 -0.126800
vn -0.087455 -0.988065 -0.126800
vn -0.087455 -0.988065 -0.126800
vn 0.176195 -0.949727 0.258792
vn 0.176195 -0.949727 0.258792
vn 0.176195 -0.949727 0.258792
vn 0.176195 -0.949727 0.258792
vn 0.008937 -0.999814 -0.017118
vn 0.008937 -0.999814 -0.017118
vn 0.008937 -0.999814 -0.017118
vn 0.008937 -0.999814 -0.017118
vn 0.127186 -0.961870 0.242136
vn 0.127186 -0.961870 0.242136
vn 0.127186 -0.961870 0.242136
vn 0.127186 -0.961870 0.242136
vn 0.244258 -0.969677 -0.007997
vn 0.244258 -0.969677 -0.007997
vn 0.244258 -0.969677 -0.007997
vn 0.244258 -0.969677 -0.007997
vn 0.172613 -0.980938 0.089246
vn 0.172613 -0.980938 0.089246
vn 0.172613 -0.980938 0.089246
vn 0.172613 -0.980938 0.089246
vn 0.164036 -0.980055 -0.112182
vn 0.164036 -0.980055 -0.112182
vn 0.164036 -0.980055 -0.112182
vn 0.164036 -0.980055 -0.112182
vn 0.014543 -0.998542 -0.051993
vn 0.014543 -0.998542 -0.051993
vn 0.014543 -0.998542 -0.051993
vn 0.014543 -0.998542 -0.051993
vn 0.013218 -0.988199 -0.152601
vn 0.013218 -0.988199 -0.152601
vn 0.013218 -0.988199 -0.152601
vn 0.013218 -0.988199 -0.152601
vn 0.110863 -0.972153 -0.206464
vn 0.110863 -0.972153 -0.206464
vn 0.110863 -0.972153 -0.206464
vn 0.110863 -0.972153 -0.206464
vn 0.165678 -0.985973 0.020213
vn 0.165678 -0.985973 0.020213
vn 0.165678 -0.985973 0.020213
vn 0.165678 -0.985973 0.020213
vn 0.088591 -0.995753 0.025061
vn 0.088591 -0.995753 0.025061
vn 0.088591 -0.995753 0.025061
vn 0.088591 -0.995753 0.025061
vn -0.030082 -0.999445 -0.014340
vn -0.030082 -0.999445 -0.014340
vn -0.030082 -0.999445 -0.014340
vn -0.030082 -0.999445 -0.014340
vn 0.038334 -0.994852 0.093804
vn 0.038334 -0.994852 0.093804
vn 0.038334 -0.994852 0.093804
vn 0.038334 -0.994852 0.093804
vn 0.196932 -0.978613 -0.059449
vn 0.196932 -0.978613 -0.059449
vn 0.196932 -0.978613 -0.059449
vn 0.196932 -0.978613 -0.059449
vn 0.173220 -0.979000 0.107492
vn 0.173220 -0.979000 0.107492
vn 0.173220 -0.979000 0.107492
vn 0.173220 -0.979000 0.107492
vn 0.212841 -0.974130 0.075962
vn 0.212841 -0.974130 0.075962
vn 0.212841 -0.974130 0.075962
vn 0.212841 -0.974130 0.075962
vn 0.215306 -0.962678 -0.163995
vn 0.215306 -0.962678 -0.163995
vn 0.215306 -0.962678 -0.163995
vn 0.215306 -0.962678 -0.163995
vn 0.135545 -0.989164 0.056405
vn 0.135545 -0.989164 0.056405
vn 0.135545 -0.989164 0.056405
vn 0.135545 -0.989164 0.056405
vn 0.147644 -0.987520 -0.054817
vn 0.147644 -0.987520 -0.054817
vn 0.147644 -0.987520 -0.054817
vn 0.147644 -0.987520 -0.054817
vn 0.354458 -0.933131 -0.060220
vn 0.354458 -0.933131 -0.060220
vn 0.354458 -0.933131 -0.060220
vn 0.354458 -0.933131 -0.060220
vn 0.340368 -0.937812 -0.068248
vn 0.340368 -0.937812 -0.068248
vn 0.340368 -0.937812 -0.068248
vn 0.340368 -0.937812 -0.068248
vn -0.092340 -0.985717 -0.140841
vn -0.092340 -0.985717 -0.140841
vn -0.092340 -0.985717 -0.140841
vn -0.092340 -0.985717 -0.140841
vn 0.213785 -0.973255 -0.084091
vn 0.213785 -0.973255 -0.084091
vn 0.213785 -0.973255 -0.084091
vn 0.213785 -0.973255 -0.084091
vn 0.159289 -0.987232 0.000718
vn 0.159289 -0.987232 0.000718
vn 0.159289 -0.987232 0.000718
vn 0.159289 -0.987232 0.000718
vn 0.294736 -0.955525 0.010178
vn 0.294736 -0.955525 0.010178
vn 0.294736 -0.955525 0.010178
vn 0.294736 -0.955525 0.010178
vn 0.216036 -0.976101 0.023575
vn 0.216036 -0.976101 0.023575
vn 0.216036 -0.976101 0.023575
vn 0.216036 -0.976101 0.023575
vn 0.231537 -0.969926 -0.075068
vn 0.231537 -0.969926 -0.075068
vn 0.231537 -0.969926 -0.075068
vn 0.231537 -0.969926 -0.075068
vn -0.068683 -0.997623 0.005571
vn -0.068683 -0.997623 0.005571
vn -0.068683 -0.997623 0.005571
vn -0.068683 -0.997623 0.005571
vn 0.189863 -0.971977 0.138613
vn 0.189863 -0.971977 0.138613
vn 0.189863 -0.971977 0.138613
vn 0.189863 -0.971977 0.138613
vn 0.220409 -0.974069 -0.051083
vn 0.220409 -0.974069 -0.051083
vn 0.220409 -0.974069 -0.051083
vn 0.220409 -0.974069 -0.051083
vn 0.022074 -0.973786 -0.226392
vn 0.022074 -0.973786 -0.226392
vn 0.022074 -0.973786 -0.226392
vn 0.022074 -0.973786 -0.226392
vn 0.276907 -0.960882 -0.005408
vn 0.276907 -0.960882 -0.005408
vn 0.276907 -0.960882 -0.005408
vn 0.276907 -0.960882 -0.005408
vn 0.059634 -0.959470 -0.275429
vn 0.059634 -0.959470 -0.275429
vn 0.059634 -0.959470 -0.275429
vn 0.059634 -0.959470 -0.275429
vn 0.031629 -0.966210 -0.255807
vn 0.031629 -0.966210 -0.255807
vn 0.031629 -0.966210 -0.255807
vn 0.031629 -0.966210 -0.255807
vn 0.324329 -0.942653 -0.078838
vn 0.324329 -0.942653 -0.078838
vn 0.324329 -0.942653 -0.078838
vn 0.324329 -0.942653 -0.078838
vn 0.012342 -0.995484 -0.094125
vn 0.012342 -0.995484 -0.094125
vn 0.012342 -0.995484 -0.094125
vn 0.012342 -0.995484 -0.094125
vn 0.018583 -0.998916 -0.042688
vn 0.018583 -0.998916 -0.042688
vn 0.018583 -0.998916 -0.042688
vn 0.018583 -0.998916 -0.042688
vn 0.117588 -0.990858 -0.066130
vn 0.117588 -0.990858 -0.066130
vn 0.117588 -0.990858 -0.066130
vn 0.117588 -0.990858 -0.066130
vn -0.016280 -0.989141 -0.146067
vn -0.016280 -0.989141 -0.146067
vn -0.016280 -0.989141 -0.146067
vn -0.016280 -0.989141 -0.146067
vn 0.100955 -0.994025 -0.041512
vn 0.100955 -0.994025 -0.041512
vn 0.100955 -0.994025 -0.041512
vn 0.100955 -0.994025 -0.041512
vn -0.051280 -0.996122 -0.071501
vn -0.051280 -0.996122 -0.071501
vn -0.051280 -0.996122 -0.071501
vn -0.051280 -0.996122 -0.071501
vn 0.097694 -0.988498 -0.115445
vn 0.097694 -0.988498 -0.115445
vn 0.097694 -0.988498 -0.115445
vn 0.097694 -0.988498 -0.115445
vn 0.039587 -0.993823 -0.103679
vn 0.039587 -0.993823 -0.103679
vn 0.039587 -0.993823 -0.103679
vn 0.039587 -0.993823 -0.103679
vn 0.116104 -0.992127 -0.046946
vn 0.116104 -0.992127 -0.046946
vn 0.116104 -0.992127 -0.046946
vn 0.116104 -0.992127 -0.046946
vn 0.015760 -0.986328 -0.164036
vn 0.015760 -0.986328 -0.164036
vn 0.015760 -0.986328 -0.164036
vn 0.015760 -0.986328 -0.164036
vn -0.032749 -0.991339 -0.127183
vn -0.032749 -0.991338 -0.127183
vn -0.032749 -0.991339 -0.127183
vn -0.032749 -0.991339 -0.127183
vn 0.193452 -0.976674 -0.093189
vn 0.193452 -0.976674 -0.093189
vn 0.193452 -0.976674 -0.093189
vn 0.193452 -0.976674 -0.093189
vn -0.024481 -0.976487 -0.214183
vn -0.024481 -0.976487 -0.214183
vn -0.024481 -0.976487 -0.214183
vn -0.024481 -0.976487 -0.214183
vn 0.281443 -0.934381 -0.218454
vn 0.281443 -0.934381 -0.218454
vn 0.281443 -0.934381 -0.218454
vn 0.281443 -0.934381 -0.218454
vn 0.059975 -0.973823 -0.219254
vn 0.059975 -0.973823 -0.219254
vn 0.059975 -0.973823 -0.219254
vn 0.059975 -0.973823 -0.219254
vn 0.020628 -0.967302 -0.252788
vn 0.020628 -0.967302 -0.252788
vn 0.020628 -0.967302 -0.252788
vn 0.020628 -0.967302 -0.252788
vn -0.073212 -0.990119 -0.119602
vn -0.073212 -0.990119 -0.119602
vn -0.073212 -0.990119 -0.119602
vn -0.073212 -0.990119 -0.119602
vn -0.032796 -0.981216 -0.190105
vn -0.032796 -0.981216 -0.190105
vn -0.032796 -0.981216 -0.190105
vn -0.032796 -0.981216 -0.190105
vn -0.149402 -0.978577 -0.141658
vn -0.149402 -0.978577 -0.141658
vn -0.149402 -0.978577 -0.141658
vn -0.149402 -0.978577 -0.141658
vn -0.017238 -0.993610 -0.111548
vn -0.017238 -0.993610 -0.111548
vn -0.017238 -0.993610 -0.111548
vn -0.017238 -0.993610 -0.111548
vn -0.146607 -0.986840 -0.068212
vn -0.146607 -0.986840 -0.068212
vn -0.146607 -0.986840 -0.068212
vn -0.146607 -0.986840 -0.068212
vn -0.047202 -0.987247 -0.152035
vn -0.047202 -0.987247 -0.152035
vn -0.047202 -0.987247 -0.152035
vn -0.047202 -0.987247 -0.152035
vn 0.059170 -0.986571 -0.152238
vn 0.059170 -0.986571 -0.152238
vn 0.059170 -0.986571 -0.152238
vn 0.059170 -0.986571 -0.152238
vn -0.134892 -0.977927 -0.159574
vn -0.134892 -0.977927 -0.159574
vn -0.134892 -0.977927 -0.159574
vn -0.134892 -0.977927 -0.159574
vn -0.148515 -0.966208 -0.210680
vn -0.148515 -0.966208 -0.210680
vn -0.148515 -0.966208 -0.210680
vn -0.148515 -0.966208 -0.210680
vn -0.050543 -0.956529 -0.287223
vn -0.050543 -0.956529 -0.287223
vn -0.050543 -0.956529 -0.287223
vn -0.050543 -0.956529 -0.287223
vn -0.200915 -0.978992 -0.034762
vn -0.200915 -0.978992 -0.034762
vn -0.200915 -0.978992 -0.034762
vn -0.200915 -0.978992 -0.034762
vn -0.110841 -0.985989 -0.124660
vn -0.110841 -0.985989 -0.124660
vn -0.110841 -0.985989 -0.124660
vn -0.110841 -0.985989 -0.124660
vn -0.156766 -0.987540 -0.013749
vn -0.156766 -0.987540 -0.013749
vn -0.156766 -0.987540 -0.013749
vn -0.156766 -0.987540 -0.013749
vn -0.108021 -0.991875 -0.067201
vn -0.108021 -0.991875 -0.067201
vn -0.108021 -0.991875 -0.067201
vn -0.108021 -0.991875 -0.067201
vn -0.247928 -0.962197 -0.112736
vn -0.247928 -0.962197 -0.112736
vn -0.247928 -0.962197 -0.112736
vn -0.247928 -0.962197 -0.112736
vn -0.120047 -0.983202 -0.137484
vn -0.120047 -0.983202 -0.137484
vn -0.120047 -0.983202 -0.137484
vn -0.120047 -0.983202 -0.137484
vn -0.214358 -0.972221 -0.094006
vn -0.214358 -0.972221 -0.094006
vn -0.214358 -0.972221 -0.094006
vn -0.214358 -0.972221 -0.094006
vn -0.176621 -0.982851 -0.053007
vn -0.176621 -0.982851 -0.053007
vn -0.176621 -0.982851 -0.053007
vn -0.176621 -0.982851 -0.053007
vn -0.113420 -0.990084 -0.082881
vn -0.113420 -0.990084 -0.082881
vn -0.113420 -0.990084 -0.082881
vn -0.113420 -0.990084 -0.082881
vn -0.140484 -0.978630 -0.150158
vn -0.140484 -0.978630 -0.150158
vn -0.140484 -0.978630 -0.150158
vn -0.140484 -0.978630 -0.150158
vn -0.325674 -0.944684 -0.038831
vn -0.325674 -0.944684 -0.038831
vn -0.325674 -0.944684 -0.038831
vn -0.325674 -0.944684 -0.038831
vn -0.277893 -0.960610 -0.001825
vn -0.277893 -0.960610 -0.001825
vn -0.277893 -0.960610 -0.001825
vn -0.277893 -0.960610 -0.001825
vn -0.120802 -0.984803 -0.124777
vn -0.120802 -0.984803 -0.124777
vn -0.120802 -0.984803 -0.124777
vn -0.120802 -0.984803 -0.124777
vn -0.217842 -0.971784 0.090449
vn -0.217842 -0.971784 0.090449
vn -0.217842 -0.971784 0.090449
vn -0.217842 -0.971784 0.090449
vn 0.043553 -0.993892 -0.101398
vn 0.043553 -0.993892 -0.101398
vn 0.043553 -0.993892 -0.101398
vn 0.043553 -0.993892 -0.101398
vn 0.032925 -0.999424 0.008181
vn 0.032925 -0.999424 0.008181
vn 0.032925 -0.999424 0.008181
vn 0.032925 -0.999424 0.008181
vn -0.118448 -0.992959 0.001693
vn -0.118448 -0.992959 0.001693
vn -0.118448 -0.992959 0.001693
vn -0.118448 -0.992959 0.001693
vn -0.074032 -0.994152 -0.078617
vn -0.074032 -0.994152 -0.078617
vn -0.074032 -0.994152 -0.078617
vn -0.074032 -0.994152 -0.078617
vn -0.071881 -0.991139 -0.111702
vn -0.071881 -0.991139 -0.111702
vn -0.071881 -0.991139 -0.111702
vn -0.071881 -0.991139 -0.111702
vn -0.034671 -0.998351 -0.045760
vn -0.034671 -0.998351 -0.045760
vn -0.034671 -0.998351 -0.045760
vn -0.034671 -0.998351 -0.045760
vn -0.007384 -0.998923 -0.045809
vn -0.007384 -0.998923 -0.045809
vn -0.007384 -0.998923 -0.045809
vn -0.007384 -0.998923 -0.045809
vn -0.367251 -0.911079 0.187250
vn -0.367251 -0.911079 0.187250
vn -0.367251 -0.911079 0.187250
vn -0.367251 -0.911079 0.187250
vn -0.401036 -0.915920 -0.016155
vn -0.401036 -0.915920 -0.016155
vn -0.401036 -0.915920 -0.016155
vn -0.401036 -0.915920 -0.016155
vn -0.186699 -0.981957 0.030064
vn -0.186699 -0.981957 0.030064
vn -0.186699 -0.981957 0.030064
vn -0.186699 -0.981957 0.030064
vn -0.188537 -0.981896 0.018261
vn -0.188537 -0.981896 0.018261
vn -0.188537 -0.981896 0.018261
vn -0.188537 -0.981896 0.018261
vn -0.202885 -0.975843 0.081044
vn -0.202885 -0.975843 0.081044
vn -0.202885 -0.975843 0.081044
vn -0.202885 -0.975843 0.081044
vn -0.213272 -0.971281 0.105494
vn -0.213272 -0.971281 0.105494
vn -0.213272 -0.971281 0.105494
vn -0.213272 -0.971281 0.105494
vn -0.175228 -0.979018 0.104017
vn -0.175228 -0.979018 0.104017
vn -0.175228 -0.979018 0.104017
vn -0.175228 -0.979018 0.104017
vn -0.321413 -0.939910 0.115162
vn -0.321413 -0.939910 0.115162
vn -0.321413 -0.939910 0.115162
vn -0.321413 -0.939910 0.115162
vn -0.292130 -0.954488 0.060111
vn -0.292130 -0.954488 0.060111
vn -0.292130 -0.954488 0.060111
vn -0.292130 -0.954488 0.060111
vn -0.148035 -0.960668 0.234952
vn -0.148035 -0.960668 0.234952
vn -0.148035 -0.960668 0.234952
vn -0.148035 -0.960668 0.234952
vn -0.160360 -0.976298 0.145349
vn -0.160360 -0.976298 0.145349
vn -0.160360 -0.976298 0.145349
vn -0.160360 -0.976298 0.145349
vn -0.062306 -0.980728 0.185177
vn -0.062306 -0.980728 0.185177
vn -0.062306 -0.980728 0.185177
vn -0.062306 -0.980728 0.185177
vn -0.100925 -0.989621 0.102300
vn -0.100925 -0.989621 0.102300
vn -0.100925 -0.989621 0.102300
vn -0.100925 -0.989621 0.102300
vn -0.202766 -0.921263 0.331904
vn -0.202766 -0.921263 0.331904
vn -0.202766 -0.921263 0.331904
vn -0.202766 -0.921263 0.331904
vn -0.244216 -0.926601 0.285952
vn -0.244216 -0.926601 0.285952
vn -0.244216 -0.926601 0.285952
vn -0.244216 -0.926601 0.285952
vn -0.101861 -0.959137 0.263970
vn -0.101861 -0.959137 0.263970
vn -0.101861 -0.959137 0.263970
vn -0.101861 -0.959137 0.263970
vn -0.278063 -0.942531 0.185249
vn -0.278063 -0.942531 0.185249
vn -0.278063 -0.942531 0.185249
vn -0.278063 -0.942531 0.185249
vn -0.190080 -0.953366 0.234440
vn -0.190080 -0.953366 0.234440
vn -0.190080 -0.953366 0.234440
vn -0.190080 -0.953366 0.234440
vn -0.059488 -0.922769 0.380734
vn -0.059488 -0.922769 0.380734
vn -0.059488 -0.922769 0.380734
vn -0.059488 -0.922769 0.380734
vn -0.297572 -0.907156 0.297522
vn -0.297572 -0.907156 0.297522
vn -0.297572 -0.907156 0.297522
vn -0.297572 -0.907156 0.297522
vn -0.088694 -0.936860 0.338271
vn -0.088694 -0.936860 0.338271
vn -0.088694 -0.936860 0.338271
vn -0.088694 -0.936860 0.338271
vn -0.193694 -0.949259 0.247770
vn -0.193694 -0.949259 0.247770
vn -0.193694 -0.949259 0.247770
vn -0.193694 -0.949259 0.247770
vn -0.174630 -0.948583 0.263998
vn -0.174630 -0.948583 0.263998
vn -0.174630 -0.948583 0.263998
vn -0.174630 -0.948583 0.263998
vn -0.106918 -0.958120 0.265658
vn -0.106918 -0.958120 0.265658
vn -0.106918 -0.958120 0.265658
vn -0.106918 -0.958120 0.265658
vn 0.006265 -0.975784 0.218649
vn 0.006265 -0.975784 0.218649
vn 0.006265 -0.975784 0.218649
vn 0.006265 -0.975784 0.218649
vn 0.014562 -0.974786 0.222664
vn 0.014562 -0.974786 0.222664
vn 0.014562 -0.974786 0.222664
vn 0.014562 -0.974786 0.222664
vn -0.184028 -0.948649 0.257292
vn -0.184028 -0.948649 0.257292
vn -0.184028 -0.948649 0.257292
vn -0.184028 -0.948649 0.257292
vn 0.119219 -0.959980 0.253425
vn 0.119219 -0.959980 0.253426
vn 0.119219 -0.959980 0.253426
vn 0.119219 -0.959980 0.253426
vn -0.061785 -0.964960 0.255020
vn -0.061785 -0.964960 0.255020
vn -0.061785 -0.964960 0.255020
vn -0.061785 -0.964960 0.255020
vn -0.007467 -0.996828 0.079237
vn -0.007467 -0.996828 0.079237
vn -0.007467 -0.996828 0.079237
vn -0.007467 -0.996828 0.079237
vn -0.019877 -0.956502 0.291048
vn -0.019877 -0.956502 0.291048
vn -0.019877 -0.956502 0.291048
vn -0.019877 -0.956502 0.291048
vn 0.088700 -0.981335 0.170629
vn 0.088700 -0.981335 0.170629
vn 0.088700 -0.981335 0.170629
vn 0.088700 -0.981335 0.170629
vn -0.000585 -0.972816 0.231578
vn -0.000585 -0.972816 0.231578
vn -0.000585 -0.972816 0.231578
vn -0.000585 -0.972816 0.231578
vn -0.023247 -0.997606 0.065123
vn -0.023247 -0.997606 0.065123
vn -0.023247 -0.997606 0.065123
vn -0.023247 -0.997606 0.065123
vn -0.087108 -0.968851 0.231817
vn -0.087108 -0.968851 0.231817
vn -0.087108 -0.968851 0.231817
vn -0.087108 -0.968851 0.231817
vn 0.182209 -0.977066 0.110186
vn 0.182209 -0.977066 0.110186
vn 0.182209 -0.977066 0.110186
vn 0.182209 -0.977066 0.110186
vn -0.024236 -0.945655 0.324268
vn -0.024236 -0.945655 0.324268
vn -0.024236 -0.945655 0.324268
vn -0.024236 -0.945655 0.324268
vn 0.203564 -0.973383 0.105300
vn 0.203563 -0.973383 0.105300
vn 0.203563 -0.973383 0.105300
vn 0.203563 -0.973383 0.105300
vn 0.093796 -0.981987 0.164024
vn 0.093796 -0.981987 0.164024
vn 0.093796 -0.981987 0.164024
vn 0.093796 -0.981987 0.164024
vn 0.168641 -0.983266 0.068904
vn 0.168641 -0.983266 0.068904
vn 0.168641 -0.983266 0.068904
vn 0.168641 -0.983266 0.068904
vn 0.184882 -0.954688 0.233216
vn 0.184882 -0.954688 0.233216
vn 0.184882 -0.954688 0.233216
vn 0.184882 -0.954688 0.233216
vn 0.282442 -0.948363 0.144337
vn 0.282442 -0.948363 0.144337
vn 0.282442 -0.948363 0.144337
vn 0.282442 -0.948363 0.144337
vn 0.205777 -0.965195 0.161414
vn 0.205777 -0.965195 0.161414
vn 0.205777 -0.965195 0.161414
vn 0.205777 -0.965195 0.161414
vn 0.258978 -0.956442 0.134718
vn 0.258978 -0.956442 0.134718
vn 0.258978 -0.956442 0.134718
vn 0.258978 -0.956442 0.134718
vn 0.229307 -0.959228 0.165230
vn 0.229307 -0.959228 0.165230
vn 0.229307 -0.959228 0.165230
vn 0.229307 -0.959228 0.165230
vn 0.182175 -0.972130 0.147563
vn 0.182175 -0.972130 0.147563
vn 0.182175 -0.972130 0.147563
vn 0.182175 -0.972130 0.147563
vn 0.123148 -0.975071 0.184584
vn 0.123148 -0.975071 0.184584
vn 0.123148 -0.975071 0.184584
vn 0.123148 -0.975071 0.184584
vn 0.170420 -0.985250 -0.015472
vn 0.170420 -0.985250 -0.015472
vn 0.170420 -0.985250 -0.015472
vn 0.170420 -0.985250 -0.015472
vn 0.250570 -0.966118 0.061886
vn 0.250570 -0.966118 0.061886
vn 0.250570 -0.966118 0.061886
vn 0.250570 -0.966118 0.061886
vn 0.225283 -0.967436 0.115389
vn 0.225283 -0.967436 0.115389
vn 0.225283 -0.967436 0.115389
vn 0.225283 -0.967436 0.115389
vn 0.235344 -0.960756 0.146834
vn 0.235344 -0.960757 0.146834
vn 0.235344 -0.960757 0.146834
vn 0.235344 -0.960756 0.146834
vn 0.265358 -0.963083 0.045340
vn 0.265358 -0.963083 0.045340
vn 0.265358 -0.963083 0.045340
vn 0.265358 -0.963083 0.045340
vn 0.251147 -0.958745 0.133166
vn 0.251147 -0.958745 0.133166
vn 0.251147 -0.958745 0.133166
vn 0.251147 -0.958745 0.133166
vn 0.200998 -0.956897 -0.209638
vn 0.200998 -0.956897 -0.209638
vn 0.200998 -0.956897 -0.209638
vn 0.200998 -0.956897 -0.209638
vn 0.072297 -0.996743 -0.035730
vn 0.072297 -0.996743 -0.035730
vn 0.072297 -0.996743 -0.035730
vn 0.072297 -0.996743 -0.035730
vn 0.263783 -0.958948 0.104100
vn 0.263783 -0.958948 0.104100
vn 0.263783 -0.958948 0.104100
vn 0.263783 -0.958948 0.104100
vn 0.163546 -0.977044 0.136520
vn 0.163546 -0.977044 0.136520
vn 0.163546 -0.977044 0.136520
vn 0.163546 -0.977044 0.136520
vn 0.071374 -0.987938 0.137421
vn 0.071374 -0.987938 0.137421
vn 0.071374 -0.987938 0.137421
vn 0.071374 -0.987938 0.137421
vn -0.023149 -0.993905 -0.107782
vn -0.023149 -0.993905 -0.107782
vn -0.023149 -0.993905 -0.107782
vn -0.023149 -0.993905 -0.107782
vn 0.301554 -0.952689 0.038068
vn 0.301554 -0.952689 0.038068
vn 0.301554 -0.952689 0.038068
vn 0.301554 -0.952689 0.038068
vn 0.011606 -0.921210 -0.388892
vn 0.011606 -0.921210 -0.388892
vn 0.011606 -0.921210 -0.388892
vn 0.011606 -0.921210 -0.388892
vn 0.254140 -0.967161 -0.003593
vn 0.254140 -0.967161 -0.003593
vn 0.254140 -0.967161 -0.003593
vn 0.254140 -0.967161 -0.003593
vn 0.166189 -0.840196 -0.516190
vn 0.166189 -0.840196 -0.516190
vn 0.166189 -0.840196 -0.516190
vn 0.166188 -0.840196 -0.516190
vn 0.151012 -0.987964 0.033514
vn 0.151012 -0.987964 0.033514
vn 0.151012 -0.987964 0.033514
vn 0.151012 -0.987964 0.033514
vn 0.281820 -0.949850 -0.135506
vn 0.281820 -0.949850 -0.135506
vn 0.281820 -0.949850 -0.135506
vn 0.281820 -0.949850 -0.135506
vn 0.159617 -0.986100 -0.046134
vn 0.159617 -0.986100 -0.046134
vn 0.159617 -0.986100 -0.046134
vn 0.159617 -0.986100 -0.046134
vn 0.183915 -0.981411 -0.054849
vn 0.183915 -0.981411 -0.054849
vn 0.183915 -0.981411 -0.054849
vn 0.183915 -0.981411 -0.054849
vn 0.360232 -0.923151 -0.134260
vn 0.360232 -0.923151 -0.134260
vn 0.360232 -0.923151 -0.134260
vn 0.360232 -0.923151 -0.134260
vn 0.245559 -0.966855 -0.069948
vn 0.245559 -0.966855 -0.069948
vn 0.245559 -0.966855 -0.069948
vn 0.245559 -0.966855 -0.069948
vn 0.191815 -0.948814 -0.250915
vn 0.191815 -0.948814 -0.250915
vn 0.191815 -0.948814 -0.250915
vn 0.191815 -0.948814 -0.250915
vn 0.217018 -0.970924 -0.101042
vn 0.217018 -0.970924 -0.101042
vn 0.217018 -0.970924 -0.101042
vn 0.217018 -0.970924 -0.101043
vn 0.294382 -0.951558 -0.088750
vn 0.294382 -0.951558 -0.088750
vn 0.294382 -0.951558 -0.088750
vn 0.294382 -0.951558 -0.088750
vn 0.110812 -0.966475 -0.231617
vn 0.110812 -0.966475 -0.231617
vn 0.110812 -0.966475 -0.231617
vn 0.110812 -0.966475 -0.231617
vn 0.196062 -0.969990 -0.143801
vn 0.196062 -0.969990 -0.143801
vn 0.196062 -0.969990 -0.143801
vn 0.196062 -0.969990 -0.143801
vn 0.083727 -0.981524 -0.172049
vn 0.083727 -0.981524 -0.172049
vn 0.083727 -0.981524 -0.172049
vn 0.083727 -0.981524 -0.172049
vn 0.074408 -0.957759 -0.277778
vn 0.074408 -0.957759 -0.277778
vn 0.074408 -0.957759 -0.277778
vn 0.074408 -0.957759 -0.277778
vn -0.004561 -0.961690 -0.274102
vn -0.004561 -0.961690 -0.274102
vn -0.004561 -0.961690 -0.274102
vn -0.004561 -0.961690 -0.274102
vn 0.014115 -0.948424 -0.316691
vn 0.014115 -0.948424 -0.316691
vn 0.014115 -0.948424 -0.316691
vn 0.014115 -0.948424 -0.316691
vn 0.077482 -0.949503 -0.304040
vn 0.077482 -0.949503 -0.304040
vn 0.077482 -0.949503 -0.304040
vn 0.077482 -0.949503 -0.304040
vn 0.010601 -0.926861 -0.375254
vn 0.010601 -0.926861 -0.375254
vn 0.010601 -0.926861 -0.375254
vn 0.010601 -0.926861 -0.375254
vn 0.113376 -0.942128 -0.315502
vn 0.113376 -0.942128 -0.315502
vn 0.113376 -0.942128 -0.315502
vn 0.113376 -0.942128 -0.315502
vn -0.016840 -0.944159 -0.329059
vn -0.016840 -0.944159 -0.329059
vn -0.016840 -0.944159 -0.329059
vn -0.016840 -0.944159 -0.329059
vn -0.170644 -0.945103 -0.278678
vn -0.170644 -0.945103 -0.278678
vn -0.170644 -0.945103 -0.278678
vn -0.170644 -0.945103 -0.278678
vn -0.120944 -0.958566 -0.257921
vn -0.120944 -0.958566 -0.257921
vn -0.120944 -0.958566 -0.257921
vn -0.120944 -0.958566 -0.257921
vn -0.091567 -0.942532 -0.321324
vn -0.091567 -0.942532 -0.321324
vn -0.091567 -0.942532 -0.321324
vn -0.091567 -0.942532 -0.321324
vn -0.110817 -0.957963 -0.264624
vn -0.110817 -0.957963 -0.264624
vn -0.110817 -0.957963 -0.264624
vn -0.110817 -0.957963 -0.264624
vn -0.190466 -0.965163 -0.179399
vn -0.190466 -0.965163 -0.179399
vn -0.190466 -0.965163 -0.179399
vn -0.190466 -0.965163 -0.179399
vn -0.233242 -0.966748 -0.104865
vn -0.233242 -0.966748 -0.104865
vn -0.233242 -0.966748 -0.104865
vn -0.233242 -0.966748 -0.104865
vn -0.230898 -0.965544 -0.120048
vn -0.230898 -0.965544 -0.120048
vn -0.230898 -0.965544 -0.120048
vn -0.230898 -0.965544 -0.120048
vn -0.240042 -0.959498 -0.147456
vn -0.240042 -0.959498 -0.147456
vn -0.240042 -0.959498 -0.147456
vn -0.240042 -0.959498 -0.147456
vn -0.249077 -0.961278 -0.117923
vn -0.249077 -0.961278 -0.117923
vn -0.249077 -0.961278 -0.117923
vn -0.249077 -0.961278 -0.117923
vn -0.233848 -0.969535 -0.072915
vn -0.233848 -0.969535 -0.072915
vn -0.233848 -0.969535 -0.072915
vn -0.233848 -0.969535 -0.072915
vn -0.223062 -0.970727 -0.089060
vn -0.223062 -0.970727 -0.089060
vn -0.223062 -0.970727 -0.089060
vn -0.223062 -0.970727 -0.089060
vn -0.386215 -0.921457 -0.041883
vn -0.386215 -0.921457 -0.041883
vn -0.386215 -0.921457 -0.041883
vn -0.386215 -0.921457 -0.041883
vn -0.339263 -0.939396 0.049346
vn -0.339263 -0.939396 0.049346
vn -0.339263 -0.939396 0.049346
vn -0.339263 -0.939396 0.049346
vn -0.260039 -0.965512 0.012919
vn -0.260039 -0.965512 0.012919
vn -0.260039 -0.965512 0.012919
vn -0.260039 -0.965512 0.012919
vn -0.266734 -0.962379 -0.051765
vn -0.266734 -0.962379 -0.051765
vn -0.266734 -0.962379 -0.051765
vn -0.266734 -0.962379 -0.051765
vn -0.224486 -0.971112 0.080913
vn -0.224486 -0.971112 0.080913
vn -0.224486 -0.971112 0.080913
vn -0.224486 -0.971112 0.080913
vn -0.226790 -0.964830 0.132929
vn -0.226790 -0.964830 0.132929
vn -0.226790 -0.964830 0.132929
vn -0.226790 -0.964830 0.132929
vn -0.345527 -0.927832 0.140496
vn -0.345527 -0.927832 0.140496
vn -0.345527 -0.927832 0.140496
vn -0.345527 -0.927832 0.140496
vn -0.390504 -0.904092 0.173564
vn -0.390504 -0.904092 0.173564
vn -0.390504 -0.904092 0.173564
vn -0.390504 -0.904092 0.173564
vn -0.196815 -0.928022 0.316290
vn -0.196815 -0.928022 0.316290
vn -0.196815 -0.928022 0.316290
vn -0.196815 -0.928022 0.316290
vn -0.280509 -0.954177 0.104219
vn -0.280509 -0.954177 0.104219
vn -0.280509 -0.954177 0.104219
vn -0.280509 -0.954177 0.104219
vn -0.141150 -0.963576 0.227153
vn -0.141150 -0.963576 0.227153
vn -0.141150 -0.963576 0.227153
vn -0.141150 -0.963576 0.227153
vn -0.081446 -0.961322 0.263109
vn -0.081446 -0.961322 0.263109
vn -0.081446 -0.961322 0.263109
vn -0.081446 -0.961322 0.263109
vn -0.172660 -0.968768 0.177978
vn -0.172660 -0.968768 0.177978
vn -0.172660 -0.968768 0.177978
vn -0.172660 -0.968768 0.177978
vn -0.015912 -0.956535 0.291182
vn -0.015912 -0.956535 0.291182
vn -0.015912 -0.956535 0.291182
vn -0.015912 -0.956535 0.291182
vn -0.112192 -0.971907 0.206903
vn -0.112192 -0.971907 0.206903
vn -0.112192 -0.971907 0.206903
vn -0.112192 -0.971907 0.206903
vn -0.233209 -0.953013 0.193337
vn -0.233209 -0.953013 0.193337
vn -0.233209 -0.953013 0.193337
vn -0.233209 -0.953013 0.193337
vn 0.099625 -0.950676 0.293753
vn 0.099625 -0.950676 0.293753
vn 0.099625 -0.950676 0.293753
vn 0.099625 -0.950676 0.293753
vn 0.011097 -0.942920 0.332835
vn 0.011097 -0.942920 0.332835
vn 0.011097 -0.942920 0.332835
vn 0.011097 -0.942920 0.332835
vn 0.055667 -0.961885 0.267728
vn 0.055667 -0.961885 0.267728
vn 0.055667 -0.961885 0.267728
vn 0.055667 -0.961885 0.267728
vn 0.002622 -0.952779 0.303653
vn 0.002622 -0.952779 0.303653
vn 0.002622 -0.952779 0.303653
vn 0.002622 -0.952779 0.303653
vn 0.143374 -0.936969 0.318642
vn 0.143374 -0.936969 0.318642
vn 0.143374 -0.936969 0.318642
vn 0.143374 -0.936969 0.318642
vn 0.100150 -0.961403 0.256271
vn 0.100150 -0.961403 0.256271
vn 0.100150 -0.961403 0.256271
vn 0.100150 -0.961403 0.256271
vn 0.185722 -0.956668 0.224261
vn 0.185722 -0.956668 0.224261
vn 0.185722 -0.956668 0.224261
vn 0.185722 -0.956668 0.224261
vn 0.200145 -0.961760 0.186975
vn 0.200145 -0.961760 0.186975
vn 0.200145 -0.961760 0.186975
vn 0.200145 -0.961760 0.186975
vn 0.142136 -0.982310 0.121921
vn 0.142136 -0.982310 0.121921
vn 0.142136 -0.982310 0.121921
vn 0.142136 -0.982310 0.121921
vn 0.141098 -0.984174 0.107203
vn 0.141098 -0.984174 0.107203
vn 0.141098 -0.984174 0.107203
vn 0.141098 -0.984174 0.107203
vn 0.235880 -0.970637 0.047171
vn 0.235880 -0.970637 0.047171
vn 0.235880 -0.970637 0.047171
vn 0.235880 -0.970637 0.047171
vn 0.326342 -0.942757 0.068635
vn 0.326342 -0.942757 0.068635
vn 0.326342 -0.942757 0.068635
vn 0.326342 -0.942757 0.068635
vn 0.275486 -0.952495 0.129846
vn 0.275486 -0.952495 0.129846
vn 0.275486 -0.952495 0.129846
vn 0.275486 -0.952495 0.129846
vn 0.272967 -0.951148 0.144247
vn 0.272967 -0.951148 0.144247
vn 0.272967 -0.951148 0.144247
vn 0.272967 -0.951148 0.144247
vn 0.335193 -0.934000 0.123650
vn 0.335193 -0.934000 0.123650
vn 0.335193 -0.934000 0.123650
vn 0.335193 -0.934000 0.123650
vn 0.399563 -0.915435 0.048255
vn 0.399563 -0.915435 0.048255
vn 0.399563 -0.915435 0.048255
vn 0.399563 -0.915435 0.048255
vn 0.361219 -0.932455 -0.007029
vn 0.361219 -0.932455 -0.007029
vn 0.361219 -0.932455 -0.007029
vn 0.361219 -0.932455 -0.007029
vn 0.315264 -0.933595 -0.170323
vn 0.315264 -0.933595 -0.170323
vn 0.315264 -0.933595 -0.170323
vn 0.315264 -0.933595 -0.170323
vn 0.206674 -0.971810 0.113453
vn 0.206674 -0.971810 0.113453
vn 0.206674 -0.971810 0.113453
vn 0.206674 -0.971810 0.113453
vn 0.230471 -0.910615 -0.343020
vn 0.230471 -0.910615 -0.343020
vn 0.230471 -0.910615 -0.343020
vn 0.230471 -0.910615 -0.343020
vn 0.421252 -0.891123 -0.168661
vn 0.421252 -0.891123 -0.168661
vn 0.421252 -0.891123 -0.168661
vn 0.421252 -0.891123 -0.168661
vn 0.406882 -0.902544 -0.140930
vn 0.406882 -0.902544 -0.140930
vn 0.406882 -0.902544 -0.140930
vn 0.406882 -0.902544 -0.140930
vn 0.279961 -0.943144 -0.179170
vn 0.279961 -0.943144 -0.179170
vn 0.279961 -0.943144 -0.179170
vn 0.279961 -0.943144 -0.179170
vn 0.309150 -0.931101 -0.193589
vn 0.309150 -0.931101 -0.193589
vn 0.309150 -0.931101 -0.193589
vn 0.309150 -0.931101 -0.193589
vn 0.324120 -0.935043 -0.143672
vn 0.324120 -0.935043 -0.143672
vn 0.324120 -0.935043 -0.143672
vn 0.324120 -0.935043 -0.143672
vn 0.248549 -0.942846 -0.221956
vn 0.248549 -0.942846 -0.221956
vn 0.248549 -0.942846 -0.221956
vn 0.248549 -0.942846 -0.221956
vn 0.262662 -0.920471 -0.289383
vn 0.262662 -0.920471 -0.289383
vn 0.262662 -0.920471 -0.289383
vn 0.262662 -0.920471 -0.289383
vn 0.186817 -0.947465 -0.259635
vn 0.186817 -0.947465 -0.259635
vn 0.186817 -0.947465 -0.259635
vn 0.186817 -0.947465 -0.259635
vn 0.380718 -0.875177 -0.298528
vn 0.380718 -0.875177 -0.298528
vn 0.380718 -0.875177 -0.298528
vn 0.380718 -0.875177 -0.298528
vn 0.167604 -0.900160 -0.402022
vn 0.167604 -0.900160 -0.402022
vn 0.167604 -0.900160 -0.402022
vn 0.167604 -0.900160 -0.402022
vn 0.042282 -0.963033 -0.266044
vn 0.042282 -0.963033 -0.266044
vn 0.042282 -0.963033 -0.266044
vn 0.042282 -0.963033 -0.266044
vn 0.066879 -0.938857 -0.337750
vn 0.066879 -0.938857 -0.337750
vn 0.066879 -0.938857 -0.337750
vn 0.066879 -0.938857 -0.337750
vn -0.019633 -0.950879 -0.308941
vn -0.019633 -0.950879 -0.308941
vn -0.019633 -0.950879 -0.308941
vn -0.019633 -0.950879 -0.308941
vn 0.113382 -0.965725 -0.233493
vn 0.113382 -0.965725 -0.233493
vn 0.113382 -0.965725 -0.233493
vn 0.113382 -0.965725 -0.233493
vn 0.019768 -0.929780 -0.367584
vn 0.019768 -0.929780 -0.367584
vn 0.019768 -0.929780 -0.367584
vn 0.019768 -0.929780 -0.367584
vn -0.130659 -0.934623 -0.330768
vn -0.130659 -0.934623 -0.330768
vn -0.130659 -0.934623 -0.330768
vn -0.130659 -0.934623 -0.330768
vn 0.018165 -0.936348 -0.350603
vn 0.018165 -0.936348 -0.350603
vn 0.018165 -0.936348 -0.350603
vn 0.018165 -0.936348 -0.350603
vn -0.166768 -0.959966 -0.225064
vn -0.166768 -0.959966 -0.225064
vn -0.166768 -0.959966 -0.225064
vn -0.166768 -0.959966 -0.225064
vn -0.097121 -0.944859 -0.312745
vn -0.097121 -0.944859 -0.312745
vn -0.097121 -0.944859 -0.312745
vn -0.097121 -0.944859 -0.312745
vn -0.061465 -0.963662 -0.259956
vn -0.061465 -0.963662 -0.259956
vn -0.061465 -0.963662 -0.259956
vn -0.061465 -0.963662 -0.259956
vn -0.098402 -0.957872 -0.269812
vn -0.098402 -0.957872 -0.269812
vn -0.098402 -0.957872 -0.269812
vn -0.098402 -0.957872 -0.269812
vn -0.197923 -0.960872 -0.193783
vn -0.197923 -0.960872 -0.193783
vn -0.197923 -0.960872 -0.193783
vn -0.197923 -0.960872 -0.193783
vn -0.333811 -0.928094 -0.164959
vn -0.333811 -0.928094 -0.164959
vn -0.333811 -0.928094 -0.164959
vn -0.333812 -0.928094 -0.164959
vn -0.389828 -0.898329 -0.202581
vn -0.389828 -0.898329 -0.202581
vn -0.389828 -0.898329 -0.202581
vn -0.389828 -0.898329 -0.202581
vn -0.389255 -0.898270 -0.203941
vn -0.389256 -0.898269 -0.203941
vn -0.389256 -0.898269 -0.203941
vn -0.389256 -0.898269 -0.203941
vn -0.401022 -0.895990 -0.190742
vn -0.401022 -0.895990 -0.190742
vn -0.401022 -0.895990 -0.190742
vn -0.401022 -0.895990 -0.190742
vn -0.389364 -0.902075 -0.186165
vn -0.389364 -0.902075 -0.186165
vn -0.389364 -0.902075 -0.186165
vn -0.389364 -0.902075 -0.186165
vn -0.493519 -0.868559 -0.045221
vn -0.493519 -0.868559 -0.045221
vn -0.493519 -0.868559 -0.045221
vn -0.493519 -0.868559 -0.045221
vn -0.484377 -0.870830 -0.083873
vn -0.484377 -0.870830 -0.083873
vn -0.484377 -0.870830 -0.083873
vn -0.484377 -0.870830 -0.083873
vn -0.526034 -0.842659 0.114956
vn -0.526034 -0.842659 0.114956
vn -0.526034 -0.842659 0.114956
vn -0.526034 -0.842659 0.114956
vn -0.515004 -0.853675 -0.077525
vn -0.515004 -0.853675 -0.077525
vn -0.515004 -0.853675 -0.077525
vn -0.515004 -0.853675 -0.077525
vn -0.497406 -0.862597 0.092266
vn -0.497406 -0.862597 0.092266
vn -0.497406 -0.862597 0.092266
vn -0.497406 -0.862597 0.092266
vn -0.463809 -0.877027 0.125317
vn -0.463809 -0.877027 0.125317
vn -0.463809 -0.877027 0.125317
vn -0.463809 -0.877027 0.125317
vn -0.473869 -0.863716 0.171588
vn -0.473869 -0.863716 0.171588
vn -0.473869 -0.863716 0.171588
vn -0.473869 -0.863716 0.171588
vn -0.285330 -0.949914 0.127477
vn -0.285330 -0.949914 0.127477
vn -0.285330 -0.949914 0.127477
vn -0.285330 -0.949914 0.127477
vn -0.241845 -0.966859 0.081816
vn -0.241845 -0.966859 0.081816
vn -0.241845 -0.966859 0.081816
vn -0.241845 -0.966859 0.081816
vn -0.181214 -0.953718 0.239967
vn -0.181214 -0.953718 0.239967
vn -0.181214 -0.953718 0.239967
vn -0.181214 -0.953718 0.239967
vn -0.332494 -0.929693 0.158487
vn -0.332494 -0.929693 0.158487
vn -0.332494 -0.929693 0.158487
vn -0.332494 -0.929693 0.158487
vn -0.162775 -0.950378 0.265115
vn -0.162775 -0.950378 0.265115
vn -0.162775 -0.950378 0.265115
vn -0.162775 -0.950378 0.265115
vn -0.156956 -0.941691 0.297630
vn -0.156956 -0.941691 0.297630
vn -0.156956 -0.941691 0.297630
vn -0.156956 -0.941691 0.297630
vn -0.237809 -0.930961 0.277054
vn -0.237809 -0.930961 0.277054
vn -0.237809 -0.930961 0.277054
vn -0.237809 -0.930961 0.277054
vn -0.004682 -0.972935 0.231030
vn -0.004682 -0.972935 0.231030
vn -0.004682 -0.972935 0.231030
vn -0.004682 -0.972935 0.231030
vn -0.159865 -0.942881 0.292265
vn -0.159865 -0.942881 0.292265
vn -0.159865 -0.942881 0.292265
vn -0.159865 -0.942881 0.292265
vn -0.219643 -0.949431 0.224360
vn -0.219643 -0.949431 0.224360
vn -0.219643 -0.949431 0.224360
vn -0.219643 -0.949431 0.224360
vn 0.154704 -0.896090 0.416040
vn 0.154704 -0.896090 0.416040
vn 0.154704 -0.896090 0.416040
vn 0.154704 -0.896090 0.416040
vn -0.001781 -0.894808 0.446447
vn -0.001781 -0.894808 0.446447
vn -0.001781 -0.894808 0.446447
vn -0.001781 -0.894808 0.446447
vn 0.010798 -0.900900 0.433892
vn 0.010798 -0.900900 0.433892
vn 0.010798 -0.900900 0.433892
vn 0.010798 -0.900900 0.433892
vn 0.047273 -0.934579 0.352600
vn 0.047273 -0.934579 0.352600
vn 0.047273 -0.934579 0.352600
vn 0.047273 -0.934579 0.352600
vn 0.137774 -0.944373 0.298626
vn 0.137774 -0.944373 0.298626
vn 0.137774 -0.944373 0.298626
vn 0.137774 -0.944373 0.298626
vn 0.278226 -0.908508 0.311774
vn 0.278226 -0.908508 0.311774
vn 0.278226 -0.908508 0.311774
vn 0.278226 -0.908508 0.311774
vn 0.180057 -0.931694 0.315477
vn 0.180057 -0.931694 0.315477
vn 0.180057 -0.931694 0.315477
vn 0.180057 -0.931694 0.315477
vn 0.294890 -0.884291 0.362034
vn 0.294890 -0.884291 0.362034
vn 0.294890 -0.884291 0.362034
vn 0.294890 -0.884291 0.362034
vn 0.201403 -0.919327 0.338044
vn 0.201403 -0.919327 0.338044
vn 0.201403 -0.919328 0.338044
vn 0.201403 -0.919327 0.338044
vn 0.227847 -0.960883 0.157448
vn 0.227847 -0.960883 0.157448
vn 0.227847 -0.960883 0.157448
vn 0.227847 -0.960883 0.157448
vn 0.270910 -0.960893 0.057386
vn 0.270910 -0.960893 0.057386
vn 0.270910 -0.960893 0.057386
vn 0.270910 -0.960893 0.057386
vn 0.326490 -0.939667 0.102133
vn 0.326490 -0.939667 0.102133
vn 0.326490 -0.939667 0.102133
vn 0.326490 -0.939667 0.102133
vn 0.288212 -0.955482 0.063148
vn 0.288212 -0.955482 0.063148
vn 0.288212 -0.955482 0.063148
vn 0.288212 -0.955482 0.063148
vn 0.353776 -0.924756 0.140244
vn 0.353776 -0.924756 0.140244
vn 0.353776 -0.924756 0.140244
vn 0.353776 -0.924756 0.140244
vn 0.290502 -0.950410 0.111041
vn 0.290502 -0.950410 0.111041
vn 0.290502 -0.950410 0.111041
vn 0.290502 -0.950410 0.111041
vn 0.208371 -0.978025 0.007042
vn 0.208371 -0.978025 0.007042
vn 0.208371 -0.978025 0.007042
vn 0.208371 -0.978025 0.007042
vn 0.446676 -0.891687 -0.073316
vn 0.446676 -0.891687 -0.073316
vn 0.446676 -0.891687 -0.073316
vn 0.446676 -0.891687 -0.073316
vn 0.539575 -0.826276 -0.161638
vn 0.539575 -0.826276 -0.161638
vn 0.539575 -0.826276 -0.161638
vn 0.539575 -0.826276 -0.161638
vn 0.475706 -0.875494 0.084936
vn 0.475706 -0.875494 0.084936
vn 0.475706 -0.875494 0.084936
vn 0.475706 -0.875494 0.084936
vn 0.463050 -0.878897 -0.114562
vn 0.463050 -0.878897 -0.114562
vn 0.463050 -0.878897 -0.114562
vn 0.463050 -0.878897 -0.114562
vn 0.824211 -0.428082 -0.370704
vn 0.824211 -0.428082 -0.370704
vn 0.824211 -0.428082 -0.370704
vn 0.824211 -0.428082 -0.370704
vn 0.854993 -0.413472 -0.313094
vn 0.854993 -0.413472 -0.313094
vn 0.854993 -0.413472 -0.313094
vn 0.854993 -0.413472 -0.313094
vn 0.768485 -0.472208 -0.431798
vn 0.768485 -0.472208 -0.431798
vn 0.768486 -0.472208 -0.431798
vn 0.768485 -0.472208 -0.431798
vn 0.755534 -0.489835 -0.435006
vn 0.755534 -0.489835 -0.435006
vn 0.755534 -0.489835 -0.435006
vn 0.755534 -0.489835 -0.435006
vn 0.704758 -0.508657 -0.494555
vn 0.704758 -0.508657 -0.494555
vn 0.704758 -0.508657 -0.494555
vn 0.704758 -0.508657 -0.494555
vn 0.610425 -0.503979 -0.611053
vn 0.610425 -0.503979 -0.611053
vn 0.610425 -0.503979 -0.611053
vn 0.610425 -0.503979 -0.611053
vn 0.366320 -0.741487 -0.562145
vn 0.366320 -0.741487 -0.562145
vn 0.366320 -0.741487 -0.562145
vn 0.366320 -0.741487 -0.562145
vn 0.612423 -0.575096 -0.542405
vn 0.612423 -0.575096 -0.542405
vn 0.612423 -0.575096 -0.542405
vn 0.612423 -0.575096 -0.542405
vn 0.488502 -0.679879 -0.546927
vn 0.488502 -0.679879 -0.546927
vn 0.488502 -0.679879 -0.546927
vn 0.488502 -0.679879 -0.546927
vn 0.291948 -0.658883 -0.693282
vn 0.291948 -0.658883 -0.693282
vn 0.291948 -0.658883 -0.693282
vn 0.291948 -0.658883 -0.693282
vn 0.174414 -0.712209 -0.679955
vn 0.174414 -0.712209 -0.679955
vn 0.174414 -0.712209 -0.679955
vn 0.174414 -0.712209 -0.679955
vn 0.328526 -0.668987 -0.666729
vn 0.328526 -0.668987 -0.666729
vn 0.328526 -0.668987 -0.666729
vn 0.328526 -0.668987 -0.666729
vn 0.223581 -0.777855 -0.587327
vn 0.223581 -0.777855 -0.587327
vn 0.223581 -0.777855 -0.587328
vn 0.223581 -0.777855 -0.587327
vn 0.108936 -0.790489 -0.602710
vn 0.108936 -0.790489 -0.602710
vn 0.108936 -0.790489 -0.602710
vn 0.108936 -0.790489 -0.602710
vn 0.126295 -0.744133 -0.655984
vn 0.126295 -0.744133 -0.655984
vn 0.126295 -0.744133 -0.655984
vn 0.126295 -0.744133 -0.655984
vn -0.287260 -0.672974 -0.681607
vn -0.287260 -0.672974 -0.681607
vn -0.287260 -0.672974 -0.681607
vn -0.287260 -0.672974 -0.681607
vn -0.028885 -0.765882 -0.642332
vn -0.028885 -0.765882 -0.642332
vn -0.028885 -0.765882 -0.642332
vn -0.028885 -0.765882 -0.642332
vn -0.242031 -0.710754 -0.660492
vn -0.242031 -0.710754 -0.660492
vn -0.242031 -0.710754 -0.660492
vn -0.242031 -0.710754 -0.660492
vn -0.205017 -0.686581 -0.697549
vn -0.205017 -0.686581 -0.697549
vn -0.205017 -0.686581 -0.697549
vn -0.205017 -0.686581 -0.697549
vn -0.270727 -0.740613 -0.614980
vn -0.270727 -0.740613 -0.614980
vn -0.270727 -0.740613 -0.614980
vn -0.270727 -0.740613 -0.614980
vn -0.318470 -0.698780 -0.640534
vn -0.318470 -0.698780 -0.640534
vn -0.318470 -0.698780 -0.640534
vn -0.318470 -0.698780 -0.640534
vn -0.526973 -0.614853 -0.586733
vn -0.526973 -0.614853 -0.586733
vn -0.526973 -0.614853 -0.586733
vn -0.526973 -0.614853 -0.586733
vn -0.724141 -0.532515 -0.438232
vn -0.724141 -0.532515 -0.438232
vn -0.724141 -0.532515 -0.438232
vn -0.724141 -0.532515 -0.438233
vn -0.680831 -0.562074 -0.469619
vn -0.680831 -0.562074 -0.469619
vn -0.680831 -0.562074 -0.469619
vn -0.680831 -0.562074 -0.469619
vn -0.726394 -0.584510 -0.361524
vn -0.726394 -0.584510 -0.361524
vn -0.726394 -0.584510 -0.361524
vn -0.726394 -0.584510 -0.361524
vn -0.783401 -0.520008 -0.340404
vn -0.783401 -0.520008 -0.340404
vn -0.783401 -0.520008 -0.340404
vn -0.783401 -0.520008 -0.340404
vn -0.900057 -0.323724 -0.291720
vn -0.900057 -0.323724 -0.291720
vn -0.900057 -0.323724 -0.291720
vn -0.900057 -0.323724 -0.291720
vn -0.951768 -0.264594 -0.155334
vn -0.951768 -0.264594 -0.155334
vn -0.951768 -0.264594 -0.155334
vn -0.951768 -0.264594 -0.155334
vn -0.906795 -0.421531 -0.005844
vn -0.906795 -0.421531 -0.005844
vn -0.906795 -0.421531 -0.005844
vn -0.906795 -0.421531 -0.005844
vn -0.933955 -0.356924 0.018249
vn -0.933955 -0.356924 0.018249
vn -0.933955 -0.356924 0.018249
vn -0.933955 -0.356924 0.018249
vn -0.913950 -0.405445 -0.017588
vn -0.913950 -0.405445 -0.017588
vn -0.913950 -0.405445 -0.017588
vn -0.913950 -0.405445 -0.017588
vn -0.859801 -0.423648 0.285070
vn -0.859801 -0.423648 0.285070
vn -0.859801 -0.423648 0.285070
vn -0.859801 -0.423648 0.285070
vn -0.902258 -0.400697 0.159289
vn -0.902258 -0.400697 0.159289
vn -0.902258 -0.400697 0.159289
vn -0.902258 -0.400697 0.159289
vn -0.888217 -0.380818 0.256999
vn -0.888217 -0.380818 0.256999
vn -0.888217 -0.380818 0.256999
vn -0.888217 -0.380818 0.256999
vn -0.792432 -0.454452 0.406847
vn -0.792432 -0.454452 0.406847
vn -0.792432 -0.454452 0.406847
vn -0.792432 -0.454452 0.406847
vn -0.763326 -0.528724 0.371194
vn -0.763326 -0.528724 0.371194
vn -0.763326 -0.528724 0.371194
vn -0.763326 -0.528724 0.371194
vn -0.593910 -0.663045 0.455678
vn -0.593910 -0.663045 0.455678
vn -0.593910 -0.663045 0.455678
vn -0.593910 -0.663045 0.455678
vn -0.566966 -0.670485 0.478539
vn -0.566966 -0.670485 0.478539
vn -0.566966 -0.670485 0.478539
vn -0.566966 -0.670485 0.478539
vn -0.486338 -0.662241 0.570012
vn -0.486338 -0.662241 0.570012
vn -0.486338 -0.662241 0.570012
vn -0.486338 -0.662241 0.570012
vn -0.478875 -0.615187 0.626277
vn -0.478875 -0.615187 0.626277
vn -0.478875 -0.615187 0.626277
vn -0.478875 -0.615187 0.626277
vn -0.347621 -0.727418 0.591627
vn -0.347621 -0.727418 0.591627
vn -0.347621 -0.727418 0.591627
vn -0.347621 -0.727418 0.591627
vn -0.243482 -0.748776 0.616483
vn -0.243482 -0.748776 0.616483
vn -0.243482 -0.748776 0.616483
vn -0.243482 -0.748776 0.616483
vn -0.367229 -0.702395 0.609741
vn -0.367229 -0.702395 0.609741
vn -0.367229 -0.702395 0.609741
vn -0.367229 -0.702395 0.609741
vn -0.250727 -0.731758 0.633772
vn -0.250727 -0.731758 0.633771
vn -0.250727 -0.731758 0.633771
vn -0.250727 -0.731758 0.633771
vn 0.058154 -0.786138 0.615309
vn 0.058154 -0.786138 0.615309
vn 0.058154 -0.786138 0.615309
vn 0.058154 -0.786138 0.615309
vn 0.086632 -0.773710 0.627589
vn 0.086632 -0.773710 0.627589
vn 0.086632 -0.773710 0.627589
vn 0.086632 -0.773710 0.627589
vn -0.002947 -0.742048 0.670340
vn -0.002947 -0.742048 0.670340
vn -0.002947 -0.742048 0.670340
vn -0.002947 -0.742048 0.670340
vn 0.176541 -0.723011 0.667898
vn 0.176541 -0.723011 0.667898
vn 0.176541 -0.723011 0.667898
vn 0.176541 -0.723011 0.667898
vn 0.279442 -0.699424 0.657813
vn 0.279442 -0.699424 0.657813
vn 0.279442 -0.699424 0.657813
vn 0.279442 -0.699424 0.657813
vn 0.437666 -0.668694 0.601079
vn 0.437666 -0.668694 0.601079
vn 0.437666 -0.668694 0.601079
vn 0.437666 -0.668694 0.601079
vn 0.389584 -0.686383 0.614087
vn 0.389584 -0.686383 0.614087
vn 0.389584 -0.686383 0.614087
vn 0.389584 -0.686383 0.614087
vn 0.493024 -0.668930 0.556291
vn 0.493024 -0.668930 0.556291
vn 0.493024 -0.668930 0.556291
vn 0.493024 -0.668930 0.556291
vn 0.458642 -0.658973 0.596156
vn 0.458642 -0.658973 0.596156
vn 0.458642 -0.658973 0.596156
vn 0.458642 -0.658973 0.596156
vn 0.676696 -0.527919 0.513210
vn 0.676696 -0.527919 0.513210
vn 0.676696 -0.527919 0.513210
vn 0.676696 -0.527919 0.513210
vn 0.741146 -0.489444 0.459508
vn 0.741146 -0.489444 0.459508
vn 0.741146 -0.489444 0.459508
vn 0.741146 -0.489444 0.459508
vn 0.836838 -0.457963 0.299955
vn 0.836838 -0.457963 0.299955
vn 0.836838 -0.457963 0.299955
vn 0.836838 -0.457963 0.299955
vn 0.808605 -0.477195 0.344156
vn 0.808605 -0.477195 0.344156
vn 0.808605 -0.477195 0.344156
vn 0.808605 -0.477195 0.344156
vn 0.873285 -0.441241 0.206589
vn 0.873285 -0.441241 0.206589
vn 0.873285 -0.441241 0.206589
vn 0.873285 -0.441241 0.206589
vn 0.884579 -0.424053 0.194161
vn 0.884579 -0.424053 0.194161
vn 0.884579 -0.424053 0.194161
vn 0.884579 -0.424053 0.194161
vn 0.931056 -0.363789 0.028153
vn 0.931056 -0.363789 0.028153
vn 0.931056 -0.363789 0.028153
vn 0.931056 -0.363789 0.028153
vn 0.907052 -0.418955 -0.041639
vn 0.907052 -0.418955 -0.041639
vn 0.907052 -0.418955 -0.041639
vn 0.907052 -0.418955 -0.041639
vn 0.864710 -0.483207 -0.137071
vn 0.864710 -0.483207 -0.137071
vn 0.864710 -0.483207 -0.137071
vn 0.864710 -0.483207 -0.137071
vn 0.909390 -0.404948 -0.095009
vn 0.909390 -0.404948 -0.095009
vn 0.909390 -0.404948 -0.095009
vn 0.909390 -0.404948 -0.095009
vn 0.879228 -0.401495 -0.256439
vn 0.879228 -0.401495 -0.256439
vn 0.879228 -0.401495 -0.256439
vn 0.879228 -0.401495 -0.256439
vn 0.875902 -0.179532 -0.447843
vn 0.875902 -0.179532 -0.447843
vn 0.875902 -0.179532 -0.447843
vn 0.875902 -0.179532 -0.447843
vn 0.933647 -0.111778 -0.340308
vn 0.933647 -0.111778 -0.340308
vn 0.933647 -0.111778 -0.340308
vn 0.933647 -0.111778 -0.340308
vn 0.861546 -0.217900 -0.458540
vn 0.861546 -0.217900 -0.458540
vn 0.861546 -0.217900 -0.458540
vn 0.861546 -0.217900 -0.458540
vn 0.856903 -0.188048 -0.479953
vn 0.856903 -0.188048 -0.479953
vn 0.856903 -0.188048 -0.479953
vn 0.856903 -0.188048 -0.479953
vn 0.763222 -0.202276 -0.613659
vn 0.763222 -0.202276 -0.613659
vn 0.763222 -0.202276 -0.613659
vn 0.763222 -0.202276 -0.613659
vn 0.705158 -0.278282 -0.652159
vn 0.705158 -0.278282 -0.652159
vn 0.705158 -0.278282 -0.652159
vn 0.705158 -0.278282 -0.652159
vn 0.478995 -0.396262 -0.783288
vn 0.478995 -0.396262 -0.783288
vn 0.478995 -0.396262 -0.783288
vn 0.478995 -0.396262 -0.783288
vn 0.747304 -0.349034 -0.565431
vn 0.747304 -0.349034 -0.565431
vn 0.747304 -0.349034 -0.565431
vn 0.747304 -0.349034 -0.565431
vn 0.577977 -0.393973 -0.714652
vn 0.577977 -0.393973 -0.714652
vn 0.577977 -0.393973 -0.714652
vn 0.577977 -0.393973 -0.714652
vn 0.354346 -0.548581 -0.757297
vn 0.354346 -0.548581 -0.757297
vn 0.354346 -0.548581 -0.757297
vn 0.354346 -0.548581 -0.757297
vn 0.289367 -0.429386 -0.855508
vn 0.289367 -0.429386 -0.855508
vn 0.289367 -0.429385 -0.855509
vn 0.289367 -0.429385 -0.855509
vn 0.335250 -0.518400 -0.786682
vn 0.335250 -0.518400 -0.786682
vn 0.335250 -0.518400 -0.786682
vn 0.335250 -0.518400 -0.786682
vn 0.377670 -0.387710 -0.840860
vn 0.377670 -0.387710 -0.840860
vn 0.377670 -0.387710 -0.840860
vn 0.377670 -0.387710 -0.840860
vn 0.101875 -0.387866 -0.916069
vn 0.101875 -0.387866 -0.916068
vn 0.101875 -0.387866 -0.916068
vn 0.101875 -0.387866 -0.916069
vn 0.224892 -0.558862 -0.798184
vn 0.224892 -0.558862 -0.798184
vn 0.224892 -0.558862 -0.798184
vn 0.224892 -0.558862 -0.798184
vn -0.166424 -0.480674 -0.860962
vn -0.166424 -0.480674 -0.860962
vn -0.166424 -0.480674 -0.860962
vn -0.166424 -0.480674 -0.860962
vn -0.083293 -0.570773 -0.816872
vn -0.083292 -0.570773 -0.816872
vn -0.083292 -0.570773 -0.816872
vn -0.083292 -0.570773 -0.816872
vn -0.262916 -0.464486 -0.845652
vn -0.262916 -0.464486 -0.845652
vn -0.262916 -0.464486 -0.845652
vn -0.262916 -0.464486 -0.845652
vn -0.326806 -0.504541 -0.799147
vn -0.326806 -0.504541 -0.799147
vn -0.326806 -0.504541 -0.799147
vn -0.326806 -0.504541 -0.799147
vn -0.339762 -0.498454 -0.797562
vn -0.339762 -0.498454 -0.797562
vn -0.339762 -0.498454 -0.797562
vn -0.339762 -0.498454 -0.797562
vn -0.457884 -0.433923 -0.775921
vn -0.457884 -0.433924 -0.775921
vn -0.457884 -0.433923 -0.775921
vn -0.457884 -0.433924 -0.775921
vn -0.655762 -0.262604 -0.707825
vn -0.655762 -0.262604 -0.707825
vn -0.655762 -0.262604 -0.707825
vn -0.655762 -0.262604 -0.707825
vn -0.807214 -0.192047 -0.558143
vn -0.807214 -0.192047 -0.558143
vn -0.807214 -0.192047 -0.558143
vn -0.807214 -0.192047 -0.558143
vn -0.816940 -0.184843 -0.546298
vn -0.816940 -0.184844 -0.546298
vn -0.816940 -0.184843 -0.546298
vn -0.816940 -0.184843 -0.546298
vn -0.854153 -0.179034 -0.488231
vn -0.854153 -0.179034 -0.488231
vn -0.854153 -0.179034 -0.488231
vn -0.854153 -0.179034 -0.488231
vn -0.919054 -0.179999 -0.350628
vn -0.919054 -0.179999 -0.350628
vn -0.919054 -0.179999 -0.350628
vn -0.919054 -0.179999 -0.350628
vn -0.941526 -0.197404 -0.273058
vn -0.941526 -0.197404 -0.273058
vn -0.941526 -0.197404 -0.273058
vn -0.941526 -0.197404 -0.273058
vn -0.941764 -0.270690 -0.199518
vn -0.941764 -0.270690 -0.199518
vn -0.941764 -0.270690 -0.199518
vn -0.941764 -0.270690 -0.199518
vn -0.983840 -0.165258 0.068910
vn -0.983840 -0.165258 0.068910
vn -0.983840 -0.165258 0.068910
vn -0.983840 -0.165258 0.068910
vn -0.973673 -0.227517 -0.014042
vn -0.973673 -0.227517 -0.014042
vn -0.973673 -0.227517 -0.014042
vn -0.973673 -0.227517 -0.014042
vn -0.975183 -0.211629 -0.065049
vn -0.975183 -0.211629 -0.065049
vn -0.975183 -0.211629 -0.065049
vn -0.975183 -0.211629 -0.065049
vn -0.935224 -0.208919 0.285848
vn -0.935224 -0.208919 0.285848
vn -0.935224 -0.208919 0.285848
vn -0.935224 -0.208919 0.285848
vn -0.952249 -0.242019 0.186140
vn -0.952249 -0.242019 0.186140
vn -0.952249 -0.242019 0.186140
vn -0.952249 -0.242019 0.186140
vn -0.931792 -0.195000 0.306167
vn -0.931792 -0.195000 0.306167
vn -0.931792 -0.195000 0.306167
vn -0.931792 -0.195000 0.306167
vn -0.880941 -0.195673 0.430878
vn -0.880941 -0.195673 0.430878
vn -0.880941 -0.195673 0.430878
vn -0.880941 -0.195673 0.430878
vn -0.881669 -0.128873 0.453929
vn -0.881669 -0.128873 0.453929
vn -0.881669 -0.128873 0.453929
vn -0.881669 -0.128873 0.453929
vn -0.820544 -0.064800 0.567898
vn -0.820544 -0.064800 0.567898
vn -0.820544 -0.064800 0.567898
vn -0.820544 -0.064800 0.567898
vn -0.753410 -0.158748 0.638101
vn -0.753410 -0.158748 0.638101
vn -0.753410 -0.158748 0.638101
vn -0.753410 -0.158748 0.638101
vn -0.627912 -0.310972 0.713459
vn -0.627912 -0.310972 0.713459
vn -0.627912 -0.310972 0.713459
vn -0.627912 -0.310972 0.713459
vn -0.607892 -0.271505 0.746158
vn -0.607892 -0.271505 0.746158
vn -0.607892 -0.271505 0.746158
vn -0.607892 -0.271505 0.746158
vn -0.469518 -0.350239 0.810485
vn -0.469518 -0.350239 0.810485
vn -0.469518 -0.350239 0.810485
vn -0.469518 -0.350239 0.810485
vn -0.371981 -0.436978 0.818951
vn -0.371981 -0.436978 0.818951
vn -0.371981 -0.436978 0.818951
vn -0.371981 -0.436978 0.818951
vn -0.500504 -0.350777 0.791487
vn -0.500504 -0.350777 0.791487
vn -0.500504 -0.350777 0.791487
vn -0.500504 -0.350777 0.791487
vn -0.253069 -0.465123 0.848302
vn -0.253069 -0.465123 0.848302
vn -0.253069 -0.465123 0.848302
vn -0.253069 -0.465123 0.848302
vn -0.080505 -0.443651 0.892577
vn -0.080505 -0.443651 0.892577
vn -0.080505 -0.443651 0.892577
vn -0.080505 -0.443651 0.892577
vn 0.142350 -0.383466 0.912519
vn 0.142350 -0.383466 0.912519
vn 0.142350 -0.383466 0.912519
vn 0.142350 -0.383466 0.912519
vn 0.019696 -0.351155 0.936110
vn 0.019696 -0.351155 0.936110
vn 0.019696 -0.351155 0.936110
vn 0.019696 -0.351155 0.936110
vn 0.285941 -0.393187 0.873866
vn 0.285941 -0.393187 0.873866
vn 0.285941 -0.393187 0.873866
vn 0.285941 -0.393187 0.873866
vn 0.333677 -0.410214 0.848755
vn 0.333677 -0.410214 0.848755
vn 0.333677 -0.410214 0.848755
vn 0.333677 -0.410214 0.848755
vn 0.480076 -0.517497 0.708325
vn 0.480076 -0.517497 0.708325
vn 0.480076 -0.517497 0.708325
vn 0.480076 -0.517497 0.708325
vn 0.465024 -0.439458 0.768524
vn 0.465025 -0.439458 0.768524
vn 0.465025 -0.439458 0.768524
vn 0.465024 -0.439458 0.768524
vn 0.661774 -0.392142 0.638968
vn 0.661774 -0.392142 0.638968
vn 0.661774 -0.392142 0.638968
vn 0.661774 -0.392142 0.638968
vn 0.636745 -0.318110 0.702397
vn 0.636745 -0.318110 0.702397
vn 0.636745 -0.318110 0.702397
vn 0.636745 -0.318110 0.702397
vn 0.725156 -0.397326 0.562388
vn 0.725156 -0.397326 0.562388
vn 0.725156 -0.397326 0.562388
vn 0.725156 -0.397326 0.562388
vn 0.787677 -0.381969 0.483389
vn 0.787677 -0.381969 0.483389
vn 0.787677 -0.381969 0.483389
vn 0.787677 -0.381969 0.483389
vn 0.925689 -0.096773 0.365699
vn 0.925689 -0.096773 0.365699
vn 0.925689 -0.096773 0.365699
vn 0.925689 -0.096773 0.365699
vn 0.924574 -0.152370 0.349209
vn 0.924574 -0.152370 0.349209
vn 0.924574 -0.152370 0.349209
vn 0.924574 -0.152370 0.349209
vn 0.962469 -0.118444 0.244180
vn 0.962469 -0.118444 0.244180
vn 0.962469 -0.118444 0.244180
vn 0.962469 -0.118444 0.244180
vn 0.956595 -0.195005 0.216560
vn 0.956595 -0.195005 0.216560
vn 0.956595 -0.195005 0.216560
vn 0.956595 -0.195005 0.216560
vn 0.974436 -0.223249 -0.025168
vn 0.974436 -0.223249 -0.025168
vn 0.974436 -0.223249 -0.025168
vn 0.974436 -0.223249 -0.025168
vn 0.983169 -0.172750 0.059472
vn 0.983169 -0.172750 0.059472
vn 0.983169 -0.172750 0.059472
vn 0.983169 -0.172750 0.059472
vn 0.977538 -0.104917 -0.182789
vn 0.977538 -0.104917 -0.182789
vn 0.977538 -0.104917 -0.182789
vn 0.977538 -0.104917 -0.182789
vn 0.964257 -0.229140 -0.133052
vn 0.964257 -0.229140 -0.133052
vn 0.964257 -0.229140 -0.133052
vn 0.964257 -0.229140 -0.133052
vn 0.956751 -0.181907 -0.227019
vn 0.956751 -0.181907 -0.227019
vn 0.956751 -0.181907 -0.227019
vn 0.956751 -0.181907 -0.227019
vn 0.843940 -0.155515 -0.513401
vn 0.843940 -0.155515 -0.513401
vn 0.843940 -0.155515 -0.513401
vn 0.843940 -0.155515 -0.513401
vn 0.882665 -0.163925 -0.440489
vn 0.882665 -0.163925 -0.440489
vn 0.882665 -0.163925 -0.440489
vn 0.882665 -0.163925 -0.440489
vn 0.901120 -0.104996 -0.420664
vn 0.901120 -0.104996 -0.420664
vn 0.901120 -0.104996 -0.420664
vn 0.901120 -0.104996 -0.420664
vn 0.919262 -0.160373 -0.359497
vn 0.919262 -0.160373 -0.359497
vn 0.919262 -0.160373 -0.359497
vn 0.919262 -0.160373 -0.359497
vn 0.496153 -0.163884 -0.852628
vn 0.496153 -0.163884 -0.852628
vn 0.496153 -0.163884 -0.852628
vn 0.496153 -0.163884 -0.852628
vn 0.781796 -0.149110 -0.605443
vn 0.781796 -0.149110 -0.605443
vn 0.781796 -0.149110 -0.605443
vn 0.781796 -0.149110 -0.605443
vn 0.776594 -0.170180 -0.606581
vn 0.776594 -0.170180 -0.606581
vn 0.776594 -0.170180 -0.606581
vn 0.776594 -0.170180 -0.606581
vn 0.747479 -0.184267 -0.638217
vn 0.747479 -0.184267 -0.638217
vn 0.747479 -0.184267 -0.638217
vn 0.747479 -0.184267 -0.638217
vn 0.347933 -0.260348 -0.900645
vn 0.347933 -0.260348 -0.900645
vn 0.347933 -0.260348 -0.900645
vn 0.347933 -0.260348 -0.900645
vn 0.402808 -0.185082 -0.896376
vn 0.402808 -0.185082 -0.896376
vn 0.402808 -0.185082 -0.896376
vn 0.402808 -0.185082 -0.896376
vn 0.622202 -0.190211 -0.759398
vn 0.622202 -0.190211 -0.759397
vn 0.622202 -0.190211 -0.759398
vn 0.622202 -0.190211 -0.759397
vn 0.431304 -0.155836 -0.888646
vn 0.431304 -0.155836 -0.888646
vn 0.431304 -0.155836 -0.888646
vn 0.431304 -0.155836 -0.888646
vn 0.197408 -0.199896 -0.959725
vn 0.197408 -0.199896 -0.959725
vn 0.197408 -0.199896 -0.959725
vn 0.197408 -0.199896 -0.959725
vn 0.030526 -0.271247 -0.962026
vn 0.030526 -0.271247 -0.962026
vn 0.030526 -0.271247 -0.962026
vn 0.030526 -0.271247 -0.962026
vn 0.298951 -0.205326 -0.931917
vn 0.298951 -0.205326 -0.931917
vn 0.298951 -0.205326 -0.931917
vn 0.298951 -0.205326 -0.931917
vn 0.171451 -0.186062 -0.967463
vn 0.171451 -0.186062 -0.967463
vn 0.171451 -0.186062 -0.967463
vn 0.171451 -0.186062 -0.967463
vn -0.312859 -0.153182 -0.937366
vn -0.312859 -0.153182 -0.937366
vn -0.312859 -0.153182 -0.937366
vn -0.312859 -0.153182 -0.937366
vn -0.382636 -0.127534 -0.915055
vn -0.382636 -0.127534 -0.915055
vn -0.382636 -0.127534 -0.915055
vn -0.382636 -0.127534 -0.915055
vn -0.094044 -0.111968 -0.989252
vn -0.094044 -0.111968 -0.989252
vn -0.094044 -0.111968 -0.989252
vn -0.094044 -0.111968 -0.989252
vn -0.535344 -0.144189 -0.832236
vn -0.535344 -0.144189 -0.832236
vn -0.535344 -0.144189 -0.832236
vn -0.535344 -0.144189 -0.832236
vn -0.354957 -0.167460 -0.919762
vn -0.354957 -0.167460 -0.919762
vn -0.354957 -0.167460 -0.919762
vn -0.354957 -0.167460 -0.919762
vn -0.808805 -0.103041 -0.578979
vn -0.808805 -0.103041 -0.578979
vn -0.808805 -0.103041 -0.578979
vn -0.808805 -0.103041 -0.578979
vn -0.687750 -0.118619 -0.716191
vn -0.687750 -0.118619 -0.716191
vn -0.687750 -0.118619 -0.716191
vn -0.687750 -0.118619 -0.716191
vn -0.903246 -0.207866 -0.375417
vn -0.903246 -0.207866 -0.375417
vn -0.903246 -0.207866 -0.375417
vn -0.903246 -0.207866 -0.375417
vn -0.818152 -0.136380 -0.558594
vn -0.818152 -0.136380 -0.558594
vn -0.818152 -0.136380 -0.558594
vn -0.818152 -0.136380 -0.558594
vn -0.861957 -0.133033 -0.489217
vn -0.861957 -0.133033 -0.489217
vn -0.861957 -0.133033 -0.489217
vn -0.861957 -0.133033 -0.489217
vn -0.984630 -0.172814 0.025283
vn -0.984630 -0.172814 0.025283
vn -0.984630 -0.172814 0.025283
vn -0.984630 -0.172814 0.025283
vn -0.997162 -0.069586 -0.028727
vn -0.997162 -0.069586 -0.028727
vn -0.997162 -0.069586 -0.028727
vn -0.997162 -0.069586 -0.028727
vn -0.885018 -0.335833 -0.322428
vn -0.885018 -0.335833 -0.322428
vn -0.885018 -0.335833 -0.322428
vn -0.885018 -0.335833 -0.322428
vn -0.975840 -0.186818 -0.113297
vn -0.975840 -0.186818 -0.113297
vn -0.975840 -0.186818 -0.113297
vn -0.975840 -0.186818 -0.113297
vn -0.937463 -0.213769 0.274710
vn -0.937463 -0.213769 0.274710
vn -0.937463 -0.213769 0.274710
vn -0.937463 -0.213769 0.274710
vn -0.971752 -0.151023 0.181356
vn -0.971752 -0.151023 0.181356
vn -0.971752 -0.151023 0.181356
vn -0.971752 -0.151023 0.181356
vn -0.984730 -0.162921 -0.061354
vn -0.984730 -0.162921 -0.061354
vn -0.984730 -0.162921 -0.061354
vn -0.984730 -0.162921 -0.061354
vn -0.877116 -0.235399 0.418634
vn -0.877116 -0.235399 0.418634
vn -0.877116 -0.235399 0.418634
vn -0.877116 -0.235399 0.418634
vn -0.925237 -0.208379 0.317042
vn -0.925237 -0.208379 0.317042
vn -0.925237 -0.208379 0.317042
vn -0.925237 -0.208379 0.317042
vn -0.881157 -0.172922 0.440069
vn -0.881157 -0.172922 0.440069
vn -0.881157 -0.172922 0.440069
vn -0.881157 -0.172922 0.440069
vn -0.649893 -0.081072 0.755690
vn -0.649893 -0.081072 0.755690
vn -0.649893 -0.081072 0.755690
vn -0.649893 -0.081072 0.755690
vn -0.660190 -0.083421 0.746452
vn -0.660190 -0.083421 0.746452
vn -0.660190 -0.083421 0.746452
vn -0.660190 -0.083421 0.746452
vn -0.765728 -0.215352 0.606040
vn -0.765728 -0.215352 0.606039
vn -0.765728 -0.215352 0.606039
vn -0.765728 -0.215352 0.606039
vn -0.774968 -0.090791 0.625445
vn -0.774968 -0.090791 0.625445
vn -0.774968 -0.090791 0.625445
vn -0.774968 -0.090791 0.625445
vn -0.463299 -0.186364 0.866385
vn -0.463299 -0.186364 0.866385
vn -0.463299 -0.186364 0.866385
vn -0.463299 -0.186364 0.866385
vn -0.476916 -0.210930 0.853264
vn -0.476916 -0.210930 0.853264
vn -0.476916 -0.210930 0.853264
vn -0.476916 -0.210930 0.853264
vn -0.543341 -0.175818 0.820895
vn -0.543341 -0.175818 0.820895
vn -0.543341 -0.175818 0.820895
vn -0.543341 -0.175818 0.820895
vn -0.117060 -0.148129 0.982016
vn -0.117060 -0.148129 0.982016
vn -0.117060 -0.148129 0.982016
vn -0.117060 -0.148129 0.982016
vn -0.230956 -0.198388 0.952524
vn -0.230956 -0.198388 0.952524
vn -0.230956 -0.198388 0.952524
vn -0.230956 -0.198388 0.952524
vn 0.304225 -0.267840 0.914171
vn 0.304225 -0.267840 0.914171
vn 0.304225 -0.267840 0.914171
vn 0.304225 -0.267840 0.914171
vn 0.133553 -0.137287 0.981487
vn 0.133553 -0.137287 0.981487
vn 0.133553 -0.137287 0.981487
vn 0.133553 -0.137287 0.981487
vn -0.021540 -0.231218 0.972663
vn -0.021540 -0.231218 0.972663
vn -0.021540 -0.231218 0.972663
vn -0.021540 -0.231218 0.972663
vn 0.593172 -0.182786 0.784051
vn 0.593172 -0.182786 0.784051
vn 0.593172 -0.182786 0.784051
vn 0.593172 -0.182786 0.784051
vn 0.456353 -0.154922 0.876208
vn 0.456353 -0.154922 0.876208
vn 0.456353 -0.154922 0.876208
vn 0.456353 -0.154922 0.876208
vn 0.406298 -0.165420 0.898642
vn 0.406298 -0.165420 0.898642
vn 0.406298 -0.165420 0.898642
vn 0.406298 -0.165420 0.898642
vn 0.765776 -0.136588 0.628435
vn 0.765776 -0.136588 0.628435
vn 0.765776 -0.136588 0.628435
vn 0.765776 -0.136588 0.628435
vn 0.742701 -0.150041 0.652597
vn 0.742701 -0.150041 0.652597
vn 0.742701 -0.150041 0.652597
vn 0.742701 -0.150041 0.652597
vn 0.663483 -0.177427 0.726849
vn 0.663483 -0.177427 0.726849
vn 0.663483 -0.177427 0.726849
vn 0.663483 -0.177427 0.726849
vn 0.912466 -0.220491 0.344659
vn 0.912466 -0.220491 0.344659
vn 0.912466 -0.220491 0.344659
vn 0.912466 -0.220491 0.344659
vn 0.916793 -0.195480 0.348251
vn 0.916793 -0.195480 0.348251
vn 0.916793 -0.195480 0.348251
vn 0.916793 -0.195480 0.348251
vn 0.864374 -0.103474 0.492089
vn 0.864374 -0.103474 0.492089
vn 0.864374 -0.103474 0.492089
vn 0.864374 -0.103474 0.492089
vn 0.994651 -0.100206 -0.025058
vn 0.994651 -0.100206 -0.025058
vn 0.994651 -0.100206 -0.025058
vn 0.994651 -0.100206 -0.025058
vn 0.965758 -0.132130 0.223278
vn 0.965758 -0.132130 0.223278
vn 0.965758 -0.132130 0.223278
vn 0.965758 -0.132130 0.223278
vn 0.964829 -0.092635 0.246016
vn 0.964829 -0.092635 0.246016
vn 0.964829 -0.092635 0.246016
vn 0.964829 -0.092635 0.246016
vn 0.967144 -0.116075 -0.226183
vn 0.967144 -0.116075 -0.226183
vn 0.967144 -0.116075 -0.226183
vn 0.967144 -0.116075 -0.226183
vn 0.990420 -0.138036 -0.003843
vn 0.990420 -0.138036 -0.003843
vn 0.990420 -0.138036 -0.003843
vn 0.990420 -0.138036 -0.003843
vn 0.997067 -0.066771 0.037408
vn 0.997067 -0.066771 0.037408
vn 0.997067 -0.066771 0.037408
vn 0.997067 -0.066771 0.037408
vn 0.983023 -0.047729 -0.177164
vn 0.983023 -0.047729 -0.177164
vn 0.983023 -0.047729 -0.177164
vn 0.983023 -0.047729 -0.177164
vn 0.842556 0.156392 -0.515404
vn 0.842556 0.156392 -0.515404
vn 0.842556 0.156392 -0.515404
vn 0.842556 0.156392 -0.515404
vn 0.884138 0.249401 -0.395094
vn 0.884138 0.249401 -0.395094
vn 0.884138 0.249401 -0.395094
vn 0.884138 0.249401 -0.395094
vn 0.886226 0.305431 -0.348303
vn 0.886226 0.305431 -0.348303
vn 0.886226 0.305431 -0.348303
vn 0.886226 0.305431 -0.348303
vn 0.867171 0.299038 -0.398236
vn 0.867171 0.299038 -0.398236
vn 0.867171 0.299038 -0.398236
vn 0.867171 0.299038 -0.398236
vn 0.490632 0.470098 -0.733682
vn 0.490632 0.470098 -0.733682
vn 0.490632 0.470098 -0.733682
vn 0.490632 0.470098 -0.733682
vn 0.642667 0.402169 -0.652104
vn 0.642667 0.402169 -0.652104
vn 0.642667 0.402169 -0.652104
vn 0.642667 0.402169 -0.652104
vn 0.733704 0.207939 -0.646869
vn 0.733704 0.207939 -0.646869
vn 0.733704 0.207940 -0.646869
vn 0.733704 0.207939 -0.646869
vn 0.751915 0.250907 -0.609648
vn 0.751915 0.250907 -0.609648
vn 0.751915 0.250907 -0.609648
vn 0.751915 0.250907 -0.609648
vn 0.489449 0.377611 -0.786034
vn 0.489449 0.377611 -0.786034
vn 0.489449 0.377611 -0.786034
vn 0.489449 0.377611 -0.786034
vn 0.405553 0.279666 -0.870238
vn 0.405553 0.279666 -0.870238
vn 0.405553 0.279666 -0.870238
vn 0.405553 0.279666 -0.870238
vn 0.567248 0.382390 -0.729388
vn 0.567248 0.382390 -0.729388
vn 0.567248 0.382390 -0.729388
vn 0.567248 0.382390 -0.729388
vn 0.463166 0.262512 -0.846501
vn 0.463166 0.262512 -0.846501
vn 0.463166 0.262512 -0.846501
vn 0.463166 0.262512 -0.846501
vn 0.058172 0.488561 -0.870589
vn 0.058172 0.488560 -0.870589
vn 0.058172 0.488560 -0.870589
vn 0.058172 0.488560 -0.870589
vn 0.059234 0.363651 -0.929650
vn 0.059234 0.363651 -0.929650
vn 0.059234 0.363651 -0.929650
vn 0.059234 0.363651 -0.929650
vn 0.176789 0.348340 -0.920546
vn 0.176789 0.348340 -0.920546
vn 0.176789 0.348340 -0.920546
vn 0.176789 0.348340 -0.920546
vn 0.224432 0.358762 -0.906046
vn 0.224432 0.358762 -0.906046
vn 0.224432 0.358762 -0.906046
vn 0.224432 0.358762 -0.906046
vn -0.295220 0.357942 -0.885846
vn -0.295220 0.357942 -0.885846
vn -0.295220 0.357942 -0.885846
vn -0.295220 0.357942 -0.885846
vn -0.329649 0.402291 -0.854104
vn -0.329649 0.402291 -0.854104
vn -0.329649 0.402291 -0.854104
vn -0.329649 0.402291 -0.854104
vn -0.036435 0.511554 -0.858478
vn -0.036435 0.511554 -0.858478
vn -0.036435 0.511554 -0.858478
vn -0.036435 0.511554 -0.858478
vn -0.520928 0.370256 -0.769119
vn -0.520928 0.370256 -0.769119
vn -0.520928 0.370256 -0.769119
vn -0.520928 0.370256 -0.769119
vn -0.339093 0.331298 -0.880487
vn -0.339093 0.331298 -0.880487
vn -0.339093 0.331298 -0.880487
vn -0.339093 0.331298 -0.880487
vn -0.729774 0.400040 -0.554435
vn -0.729774 0.400040 -0.554435
vn -0.729774 0.400040 -0.554435
vn -0.729774 0.400040 -0.554435
vn -0.616663 0.410670 -0.671623
vn -0.616663 0.410670 -0.671623
vn -0.616663 0.410670 -0.671623
vn -0.616663 0.410670 -0.671623
vn -0.892826 0.176283 -0.414471
vn -0.892826 0.176283 -0.414471
vn -0.892826 0.176283 -0.414471
vn -0.892826 0.176283 -0.414471
vn -0.725797 0.314242 -0.611940
vn -0.725797 0.314242 -0.611940
vn -0.725797 0.314242 -0.611940
vn -0.725797 0.314242 -0.611940
vn -0.864468 0.214097 -0.454817
vn -0.864468 0.214097 -0.454817
vn -0.864468 0.214097 -0.454817
vn -0.864468 0.214097 -0.454817
vn -0.956548 0.283515 0.068079
vn -0.956548 0.283515 0.068079
vn -0.956548 0.283515 0.068079
vn -0.956548 0.283515 0.068079
vn -0.982447 0.179336 -0.051339
vn -0.982447 0.179336 -0.051339
vn -0.982447 0.179336 -0.051339
vn -0.982447 0.179336 -0.051339
vn -0.938714 0.216514 -0.268213
vn -0.938714 0.216514 -0.268213
vn -0.938714 0.216514 -0.268213
vn -0.938714 0.216514 -0.268213
vn -0.974351 0.211951 -0.075613
vn -0.974351 0.211951 -0.075613
vn -0.974351 0.211951 -0.075613
vn -0.974351 0.211951 -0.075613
vn -0.956898 0.263674 0.121744
vn -0.956898 0.263674 0.121744
vn -0.956898 0.263674 0.121744
vn -0.956898 0.263674 0.121744
vn -0.918863 0.356817 0.168442
vn -0.918863 0.356817 0.168442
vn -0.918863 0.356817 0.168442
vn -0.918863 0.356817 0.168442
vn -0.945552 0.325008 -0.017335
vn -0.945552 0.325008 -0.017335
vn -0.945552 0.325008 -0.017335
vn -0.945552 0.325008 -0.017335
vn -0.886018 0.229194 0.403042
vn -0.886018 0.229194 0.403042
vn -0.886018 0.229194 0.403042
vn -0.886018 0.229194 0.403042
vn -0.919610 0.172765 0.352802
vn -0.919610 0.172765 0.352802
vn -0.919610 0.172765 0.352802
vn -0.919610 0.172765 0.352802
vn -0.858756 0.221640 0.461967
vn -0.858756 0.221640 0.461967
vn -0.858756 0.221640 0.461967
vn -0.858756 0.221640 0.461967
vn -0.600222 0.221992 0.768410
vn -0.600222 0.221992 0.768410
vn -0.600222 0.221992 0.768410
vn -0.600222 0.221992 0.768410
vn -0.687881 0.209259 0.695004
vn -0.687881 0.209259 0.695004
vn -0.687881 0.209259 0.695004
vn -0.687881 0.209259 0.695004
vn -0.727840 0.260171 0.634476
vn -0.727840 0.260171 0.634476
vn -0.727840 0.260171 0.634476
vn -0.727840 0.260171 0.634476
vn -0.764246 0.244841 0.596642
vn -0.764246 0.244841 0.596642
vn -0.764246 0.244841 0.596642
vn -0.764246 0.244841 0.596642
vn -0.453714 0.414649 0.788803
vn -0.453714 0.414649 0.788803
vn -0.453714 0.414649 0.788803
vn -0.453714 0.414649 0.788803
vn -0.349720 0.416353 0.839253
vn -0.349720 0.416352 0.839254
vn -0.349720 0.416352 0.839254
vn -0.349720 0.416352 0.839254
vn -0.578690 0.302239 0.757476
vn -0.578690 0.302239 0.757476
vn -0.578690 0.302239 0.757476
vn -0.578690 0.302239 0.757476
vn -0.189508 0.467995 0.863173
vn -0.189508 0.467995 0.863173
vn -0.189508 0.467995 0.863173
vn -0.189508 0.467995 0.863173
vn -0.156224 0.456888 0.875698
vn -0.156224 0.456888 0.875698
vn -0.156224 0.456888 0.875698
vn -0.156224 0.456888 0.875698
vn 0.325585 0.421364 0.846432
vn 0.325585 0.421364 0.846432
vn 0.325585 0.421364 0.846432
vn 0.325585 0.421364 0.846432
vn 0.110181 0.433978 0.894161
vn 0.110181 0.433978 0.894161
vn 0.110181 0.433978 0.894161
vn 0.110181 0.433978 0.894161
vn -0.040081 0.427327 0.903208
vn -0.040081 0.427327 0.903208
vn -0.040081 0.427327 0.903208
vn -0.040081 0.427327 0.903208
vn 0.595567 0.391489 0.701453
vn 0.595567 0.391489 0.701453
vn 0.595567 0.391489 0.701453
vn 0.595567 0.391490 0.701453
vn 0.422275 0.430094 0.797937
vn 0.422275 0.430094 0.797937
vn 0.422275 0.430094 0.797937
vn 0.422275 0.430094 0.797937
vn 0.376052 0.474472 0.795903
vn 0.376052 0.474472 0.795903
vn 0.376052 0.474472 0.795903
vn 0.376052 0.474472 0.795903
vn 0.733108 0.291185 0.614625
vn 0.733108 0.291185 0.614625
vn 0.733108 0.291185 0.614625
vn 0.733108 0.291185 0.614625
vn 0.656041 0.389064 0.646714
vn 0.656041 0.389064 0.646714
vn 0.656042 0.389064 0.646714
vn 0.656041 0.389064 0.646714
vn 0.665037 0.344142 0.662791
vn 0.665037 0.344142 0.662791
vn 0.665037 0.344142 0.662791
vn 0.665037 0.344142 0.662791
vn 0.947155 0.149712 0.283697
vn 0.947155 0.149712 0.283697
vn 0.947155 0.149712 0.283697
vn 0.947155 0.149712 0.283697
vn 0.900163 0.160348 0.404964
vn 0.900163 0.160348 0.404964
vn 0.900163 0.160348 0.404964
vn 0.900163 0.160348 0.404964
vn 0.819151 0.249571 0.516437
vn 0.819150 0.249571 0.516437
vn 0.819151 0.249571 0.516437
vn 0.819151 0.249571 0.516437
vn 0.968095 0.241791 0.065802
vn 0.968095 0.241791 0.065802
vn 0.968095 0.241791 0.065802
vn 0.968095 0.241791 0.065802
vn 0.960809 0.194164 0.197854
vn 0.960809 0.194164 0.197854
vn 0.960809 0.194164 0.197854
vn 0.960809 0.194164 0.197854
vn 0.944215 0.252766 0.211111
vn 0.944215 0.252766 0.211111
vn 0.944215 0.252766 0.211111
vn 0.944215 0.252766 0.211111
vn 0.879649 0.409892 -0.241258
vn 0.879649 0.409892 -0.241258
vn 0.879649 0.409892 -0.241258
vn 0.879649 0.409892 -0.241258
vn 0.924926 0.375261 -0.060758
vn 0.924926 0.375261 -0.060758
vn 0.924926 0.375261 -0.060758
vn 0.924926 0.375261 -0.060758
vn 0.977972 0.208706 0.003540
vn 0.977972 0.208706 0.003540
vn 0.977972 0.208706 0.003540
vn 0.977972 0.208706 0.003540
vn 0.956500 0.262511 -0.127260
vn 0.956500 0.262511 -0.127260
vn 0.956500 0.262511 -0.127260
vn 0.956500 0.262511 -0.127260
vn 0.845241 0.183975 -0.501717
vn 0.845241 0.183975 -0.501717
vn 0.845241 0.183975 -0.501717
vn 0.845241 0.183975 -0.501717
vn 0.913482 0.036141 -0.405271
vn 0.913482 0.036141 -0.405271
vn 0.913482 0.036141 -0.405271
vn 0.913482 0.036141 -0.405271
vn 0.943395 0.063787 -0.325481
vn 0.943395 0.063787 -0.325481
vn 0.943395 0.063787 -0.325481
vn 0.943395 0.063787 -0.325481
vn 0.922068 -0.000034 -0.387028
vn 0.922068 -0.000034 -0.387028
vn 0.922068 -0.000034 -0.387028
vn 0.922068 -0.000034 -0.387028
vn 0.686240 0.200281 -0.699258
vn 0.686240 0.200281 -0.699258
vn 0.686240 0.200281 -0.699258
vn 0.686240 0.200281 -0.699258
vn 0.622290 0.310844 -0.718423
vn 0.622290 0.310844 -0.718423
vn 0.622290 0.310844 -0.718423
vn 0.622290 0.310844 -0.718423
vn 0.675545 0.282642 -0.680994
vn 0.675545 0.282642 -0.680994
vn 0.675545 0.282642 -0.680994
vn 0.675545 0.282642 -0.680994
vn 0.759085 0.263162 -0.595429
vn 0.759085 0.263162 -0.595429
vn 0.759085 0.263162 -0.595429
vn 0.759085 0.263162 -0.595429
vn 0.508552 0.517655 -0.688047
vn 0.508552 0.517655 -0.688047
vn 0.508552 0.517655 -0.688047
vn 0.508552 0.517655 -0.688047
vn 0.291338 0.574736 -0.764723
vn 0.291338 0.574736 -0.764723
vn 0.291338 0.574736 -0.764723
vn 0.291338 0.574736 -0.764723
vn 0.564442 0.245069 -0.788256
vn 0.564442 0.245069 -0.788256
vn 0.564442 0.245069 -0.788255
vn 0.564442 0.245069 -0.788256
vn 0.442780 0.466070 -0.765980
vn 0.442780 0.466070 -0.765979
vn 0.442780 0.466070 -0.765980
vn 0.442780 0.466070 -0.765980
vn -0.010325 0.374145 -0.927313
vn -0.010325 0.374145 -0.927313
vn -0.010325 0.374145 -0.927313
vn -0.010325 0.374145 -0.927313
vn 0.163864 0.473424 -0.865458
vn 0.163864 0.473424 -0.865458
vn 0.163864 0.473424 -0.865458
vn 0.163864 0.473425 -0.865458
vn 0.164344 0.528260 -0.833026
vn 0.164344 0.528260 -0.833026
vn 0.164344 0.528260 -0.833026
vn 0.164344 0.528260 -0.833026
vn 0.199968 0.516386 -0.832682
vn 0.199968 0.516386 -0.832682
vn 0.199968 0.516386 -0.832682
vn 0.199968 0.516386 -0.832682
vn -0.273798 0.404949 -0.872382
vn -0.273798 0.404949 -0.872382
vn -0.273798 0.404949 -0.872382
vn -0.273798 0.404949 -0.872382
vn -0.241570 0.495435 -0.834379
vn -0.241570 0.495435 -0.834379
vn -0.241570 0.495435 -0.834379
vn -0.241570 0.495435 -0.834379
vn -0.038599 0.473239 -0.880088
vn -0.038599 0.473239 -0.880088
vn -0.038599 0.473239 -0.880088
vn -0.038599 0.473239 -0.880088
vn -0.494353 0.435548 -0.752272
vn -0.494353 0.435548 -0.752272
vn -0.494353 0.435548 -0.752272
vn -0.494353 0.435548 -0.752272
vn -0.363095 0.468283 -0.805527
vn -0.363095 0.468283 -0.805527
vn -0.363095 0.468283 -0.805527
vn -0.363095 0.468283 -0.805527
vn -0.751163 0.137498 -0.645638
vn -0.751163 0.137498 -0.645638
vn -0.751163 0.137498 -0.645638
vn -0.751163 0.137498 -0.645638
vn -0.653983 0.309949 -0.690100
vn -0.653983 0.309949 -0.690100
vn -0.653983 0.309949 -0.690100
vn -0.653983 0.309949 -0.690100
vn -0.903967 0.079357 -0.420173
vn -0.903967 0.079357 -0.420173
vn -0.903967 0.079357 -0.420174
vn -0.903967 0.079357 -0.420173
vn -0.769742 0.071023 -0.634392
vn -0.769742 0.071023 -0.634392
vn -0.769742 0.071023 -0.634392
vn -0.769742 0.071023 -0.634392
vn -0.871275 0.099158 -0.480674
vn -0.871275 0.099158 -0.480674
vn -0.871275 0.099158 -0.480674
vn -0.871275 0.099158 -0.480674
vn -0.991758 0.091498 0.089695
vn -0.991758 0.091498 0.089695
vn -0.991758 0.091498 0.089695
vn -0.991758 0.091498 0.089695
vn -0.996163 0.086955 -0.009952
vn -0.996163 0.086955 -0.009952
vn -0.996163 0.086955 -0.009952
vn -0.996163 0.086955 -0.009952
vn -0.974382 0.093264 -0.204652
vn -0.974382 0.093264 -0.204652
vn -0.974382 0.093264 -0.204652
vn -0.974382 0.093264 -0.204652
vn -0.989043 0.072336 -0.128688
vn -0.989043 0.072336 -0.128688
vn -0.989043 0.072336 -0.128688
vn -0.989043 0.072336 -0.128688
vn -0.998146 -0.016955 0.058452
vn -0.998146 -0.016955 0.058452
vn -0.998146 -0.016955 0.058452
vn -0.998146 -0.016955 0.058452
vn -0.985743 0.063490 0.155817
vn -0.985743 0.063490 0.155817
vn -0.985743 0.063490 0.155817
vn -0.985743 0.063490 0.155817
vn -0.992506 0.121117 0.016204
vn -0.992506 0.121117 0.016204
vn -0.992506 0.121117 0.016204
vn -0.992506 0.121117 0.016204
vn -0.876395 0.127276 0.464471
vn -0.876395 0.127276 0.464471
vn -0.876395 0.127276 0.464471
vn -0.876395 0.127276 0.464471
vn -0.914278 0.156802 0.373510
vn -0.914278 0.156801 0.373510
vn -0.914278 0.156802 0.373510
vn -0.914278 0.156801 0.373510
vn -0.891832 0.111926 0.438302
vn -0.891832 0.111926 0.438302
vn -0.891832 0.111926 0.438302
vn -0.891832 0.111926 0.438302
vn -0.597624 0.238111 0.765603
vn -0.597624 0.238111 0.765603
vn -0.597624 0.238111 0.765603
vn -0.597624 0.238111 0.765603
vn -0.720917 0.272575 0.637167
vn -0.720917 0.272575 0.637167
vn -0.720917 0.272575 0.637167
vn -0.720917 0.272575 0.637167
vn -0.733192 0.253273 0.631096
vn -0.733192 0.253273 0.631096
vn -0.733192 0.253273 0.631096
vn -0.733192 0.253273 0.631096
vn -0.755003 0.257345 0.603112
vn -0.755003 0.257345 0.603112
vn -0.755003 0.257345 0.603112
vn -0.755003 0.257345 0.603112
vn -0.459273 0.365478 0.809626
vn -0.459273 0.365478 0.809626
vn -0.459273 0.365478 0.809626
vn -0.459273 0.365478 0.809626
vn -0.362979 0.392312 0.845185
vn -0.362979 0.392312 0.845185
vn -0.362979 0.392312 0.845185
vn -0.362979 0.392312 0.845185
vn -0.516442 0.313130 0.797018
vn -0.516442 0.313130 0.797018
vn -0.516442 0.313130 0.797018
vn -0.516442 0.313130 0.797018
vn -0.186975 0.506392 0.841788
vn -0.186975 0.506392 0.841788
vn -0.186975 0.506392 0.841788
vn -0.186975 0.506392 0.841788
vn -0.132675 0.451475 0.882365
vn -0.132675 0.451475 0.882365
vn -0.132675 0.451475 0.882365
vn -0.132675 0.451475 0.882365
vn 0.332296 0.472020 0.816564
vn 0.332296 0.472020 0.816564
vn 0.332296 0.472020 0.816564
vn 0.332296 0.472020 0.816564
vn 0.060925 0.478212 0.876129
vn 0.060925 0.478212 0.876129
vn 0.060925 0.478212 0.876129
vn 0.060925 0.478212 0.876129
vn -0.013237 0.459820 0.887914
vn -0.013237 0.459820 0.887914
vn -0.013237 0.459820 0.887914
vn -0.013237 0.459820 0.887914
vn 0.584388 0.416719 0.696301
vn 0.584388 0.416719 0.696301
vn 0.584388 0.416719 0.696301
vn 0.584388 0.416719 0.696301
vn 0.422815 0.435271 0.794837
vn 0.422815 0.435271 0.794837
vn 0.422815 0.435271 0.794837
vn 0.422815 0.435271 0.794837
vn 0.379588 0.421757 0.823428
vn 0.379588 0.421757 0.823428
vn 0.379588 0.421757 0.823428
vn 0.379588 0.421757 0.823428
vn 0.743022 0.265422 0.614385
vn 0.743022 0.265422 0.614385
vn 0.743022 0.265422 0.614385
vn 0.743022 0.265422 0.614385
vn 0.640863 0.306536 0.703798
vn 0.640863 0.306536 0.703797
vn 0.640863 0.306536 0.703797
vn 0.640863 0.306536 0.703797
vn 0.669248 0.246469 0.700971
vn 0.669248 0.246469 0.700971
vn 0.669248 0.246469 0.700971
vn 0.669248 0.246469 0.700971
vn 0.955865 -0.000799 0.293804
vn 0.955865 -0.000799 0.293804
vn 0.955865 -0.000799 0.293804
vn 0.955865 -0.000799 0.293804
vn 0.858969 0.227283 0.458819
vn 0.858969 0.227283 0.458819
vn 0.858969 0.227283 0.458819
vn 0.858969 0.227283 0.458819
vn 0.811660 0.301143 0.500521
vn 0.811660 0.301143 0.500521
vn 0.811660 0.301143 0.500521
vn 0.811660 0.301143 0.500521
vn 0.982530 -0.124373 0.138443
vn 0.982530 -0.124373 0.138443
vn 0.982530 -0.124373 0.138443
vn 0.982530 -0.124373 0.138443
vn 0.960304 -0.138830 0.241957
vn 0.960304 -0.138830 0.241957
vn 0.960304 -0.138830 0.241957
vn 0.960304 -0.138830 0.241957
vn 0.981151 -0.115683 0.154794
vn 0.981150 -0.115683 0.154794
vn 0.981150 -0.115683 0.154794
vn 0.981150 -0.115683 0.154794
vn 0.973042 0.047772 -0.225626
vn 0.973042 0.047772 -0.225626
vn 0.973042 0.047772 -0.225626
vn 0.973042 0.047772 -0.225626
vn 0.958533 -0.014026 -0.284637
vn 0.958533 -0.014026 -0.284637
vn 0.958533 -0.014026 -0.284637
vn 0.958533 -0.014026 -0.284637
vn 0.985810 -0.160138 -0.050345
vn 0.985810 -0.160138 -0.050345
vn 0.985810 -0.160138 -0.050345
vn 0.985810 -0.160138 -0.050345
vn 0.983452 -0.106932 -0.146248
vn 0.983452 -0.106932 -0.146248
vn 0.983452 -0.106932 -0.146248
vn 0.983452 -0.106932 -0.146248
vn 0.726627 0.632487 -0.268279
vn 0.726627 0.632487 -0.268279
vn 0.726627 0.632487 -0.268279
vn 0.726627 0.632487 -0.268279
vn 0.683798 0.672847 -0.282306
vn 0.683798 0.672847 -0.282306
vn 0.683798 0.672847 -0.282306
vn 0.683798 0.672847 -0.282306
vn 0.610310 0.762420 -0.215028
vn 0.610310 0.762420 -0.215028
vn 0.610310 0.762420 -0.215028
vn 0.610310 0.762420 -0.215028
vn 0.486259 0.806901 -0.335356
vn 0.486259 0.806901 -0.335356
vn 0.486259 0.806901 -0.335356
vn 0.486259 0.806901 -0.335356
vn 0.450193 0.716277 -0.533173
vn 0.450193 0.716277 -0.533173
vn 0.450193 0.716277 -0.533173
vn 0.450193 0.716277 -0.533173
vn 0.679898 0.599259 -0.422643
vn 0.679898 0.599259 -0.422643
vn 0.679898 0.599259 -0.422643
vn 0.679898 0.599259 -0.422643
vn 0.380076 0.761243 -0.525406
vn 0.380076 0.761243 -0.525406
vn 0.380076 0.761243 -0.525406
vn 0.380076 0.761243 -0.525406
vn 0.463710 0.626906 -0.626068
vn 0.463710 0.626906 -0.626068
vn 0.463710 0.626906 -0.626068
vn 0.463710 0.626906 -0.626068
vn 0.355100 0.787962 -0.503011
vn 0.355100 0.787962 -0.503011
vn 0.355100 0.787962 -0.503011
vn 0.355100 0.787962 -0.503011
vn 0.248421 0.747858 -0.615626
vn 0.248421 0.747858 -0.615626
vn 0.248421 0.747859 -0.615625
vn 0.248421 0.747858 -0.615626
vn 0.370839 0.642652 -0.670430
vn 0.370839 0.642652 -0.670430
vn 0.370839 0.642652 -0.670430
vn 0.370839 0.642652 -0.670430
vn 0.386057 0.657942 -0.646586
vn 0.386057 0.657942 -0.646586
vn 0.386057 0.657942 -0.646586
vn 0.386057 0.657942 -0.646586
vn 0.202211 0.703646 -0.681171
vn 0.202211 0.703646 -0.681171
vn 0.202211 0.703646 -0.681171
vn 0.202211 0.703646 -0.681171
vn 0.138496 0.686879 -0.713453
vn 0.138496 0.686879 -0.713453
vn 0.138496 0.686879 -0.713453
vn 0.138496 0.686879 -0.713453
vn -0.096543 0.817266 -0.568117
vn -0.096543 0.817266 -0.568117
vn -0.096543 0.817266 -0.568117
vn -0.096543 0.817266 -0.568117
vn 0.246890 0.727549 -0.640092
vn 0.246890 0.727549 -0.640092
vn 0.246890 0.727549 -0.640092
vn 0.246890 0.727549 -0.640092
vn 0.010170 0.858755 -0.512286
vn 0.010170 0.858755 -0.512286
vn 0.010170 0.858755 -0.512286
vn 0.010170 0.858755 -0.512286
vn -0.202824 0.775501 -0.597880
vn -0.202824 0.775501 -0.597880
vn -0.202824 0.775501 -0.597880
vn -0.202824 0.775501 -0.597880
vn -0.103014 0.801233 -0.589418
vn -0.103014 0.801233 -0.589418
vn -0.103014 0.801233 -0.589418
vn -0.103014 0.801233 -0.589418
vn -0.290685 0.767342 -0.571567
vn -0.290685 0.767342 -0.571567
vn -0.290685 0.767342 -0.571567
vn -0.290685 0.767342 -0.571567
vn -0.351114 0.764453 -0.540677
vn -0.351114 0.764453 -0.540677
vn -0.351114 0.764453 -0.540677
vn -0.351114 0.764453 -0.540677
vn -0.430284 0.744954 -0.509802
vn -0.430284 0.744954 -0.509802
vn -0.430284 0.744954 -0.509802
vn -0.430284 0.744954 -0.509802
vn -0.490492 0.692951 -0.528428
vn -0.490492 0.692951 -0.528428
vn -0.490492 0.692951 -0.528428
vn -0.490492 0.692951 -0.528428
vn -0.597856 0.680107 -0.424291
vn -0.597856 0.680107 -0.424291
vn -0.597856 0.680107 -0.424291
vn -0.597856 0.680107 -0.424291
vn -0.655214 0.660998 -0.365755
vn -0.655214 0.660998 -0.365755
vn -0.655214 0.660998 -0.365755
vn -0.655214 0.660998 -0.365755
vn -0.694835 0.647351 -0.313274
vn -0.694835 0.647351 -0.313274
vn -0.694835 0.647351 -0.313274
vn -0.694835 0.647351 -0.313274
vn -0.746339 0.658797 -0.094678
vn -0.746339 0.658797 -0.094678
vn -0.746339 0.658797 -0.094678
vn -0.746339 0.658797 -0.094678
vn -0.731519 0.665305 -0.149160
vn -0.731519 0.665305 -0.149160
vn -0.731519 0.665305 -0.149160
vn -0.731519 0.665305 -0.149160
vn -0.897360 0.434511 -0.077107
vn -0.897360 0.434511 -0.077107
vn -0.897360 0.434511 -0.077107
vn -0.897360 0.434511 -0.077107
vn -0.773091 0.634204 -0.010742
vn -0.773091 0.634204 -0.010742
vn -0.773091 0.634204 -0.010742
vn -0.773091 0.634204 -0.010742
vn -0.883273 0.440313 0.161099
vn -0.883273 0.440313 0.161099
vn -0.883273 0.440313 0.161099
vn -0.883273 0.440313 0.161099
vn -0.671898 0.729789 0.126337
vn -0.671898 0.729789 0.126337
vn -0.671898 0.729789 0.126337
vn -0.671898 0.729789 0.126337
vn -0.792363 0.601232 0.103353
vn -0.792363 0.601231 0.103353
vn -0.792363 0.601231 0.103353
vn -0.792363 0.601232 0.103353
vn -0.735839 0.633052 0.240388
vn -0.735839 0.633052 0.240388
vn -0.735839 0.633052 0.240388
vn -0.735839 0.633052 0.240388
vn -0.773440 0.515471 0.368889
vn -0.773440 0.515471 0.368889
vn -0.773440 0.515472 0.368889
vn -0.773440 0.515471 0.368889
vn -0.536105 0.704918 0.464415
vn -0.536105 0.704918 0.464415
vn -0.536105 0.704918 0.464415
vn -0.536105 0.704918 0.464415
vn -0.521922 0.741974 0.420800
vn -0.521922 0.741974 0.420800
vn -0.521922 0.741974 0.420800
vn -0.521922 0.741974 0.420800
vn -0.562249 0.705458 0.431516
vn -0.562249 0.705458 0.431516
vn -0.562249 0.705458 0.431516
vn -0.562249 0.705458 0.431516
vn -0.372297 0.780765 0.501797
vn -0.372297 0.780765 0.501797
vn -0.372297 0.780765 0.501797
vn -0.372297 0.780765 0.501797
vn -0.632822 0.670721 0.386871
vn -0.632822 0.670721 0.386871
vn -0.632822 0.670721 0.386871
vn -0.632822 0.670721 0.386871
vn -0.274033 0.801292 0.531824
vn -0.274033 0.801292 0.531824
vn -0.274033 0.801292 0.531824
vn -0.274033 0.801292 0.531824
vn -0.185811 0.771070 0.609037
vn -0.185811 0.771070 0.609037
vn -0.185811 0.771070 0.609037
vn -0.185811 0.771070 0.609037
vn -0.381900 0.720456 0.578875
vn -0.381900 0.720456 0.578875
vn -0.381900 0.720456 0.578875
vn -0.381900 0.720456 0.578875
vn -0.030044 0.812804 0.581763
vn -0.030044 0.812804 0.581763
vn -0.030044 0.812804 0.581763
vn -0.030044 0.812804 0.581763
vn -0.144176 0.793737 0.590927
vn -0.144176 0.793737 0.590927
vn -0.144176 0.793737 0.590927
vn -0.144176 0.793737 0.590927
vn -0.064051 0.789750 0.610075
vn -0.064051 0.789750 0.610075
vn -0.064051 0.789751 0.610075
vn -0.064051 0.789750 0.610075
vn 0.061514 0.826625 0.559381
vn 0.061514 0.826625 0.559381
vn 0.061514 0.826625 0.559381
vn 0.061514 0.826625 0.559381
vn 0.253937 0.837066 0.484599
vn 0.253937 0.837066 0.484599
vn 0.253937 0.837066 0.484599
vn 0.253937 0.837066 0.484599
vn 0.196196 0.824419 0.530886
vn 0.196196 0.824419 0.530886
vn 0.196196 0.824419 0.530886
vn 0.196196 0.824419 0.530886
vn 0.425510 0.673633 0.604285
vn 0.425510 0.673633 0.604285
vn 0.425510 0.673633 0.604285
vn 0.425510 0.673633 0.604285
vn 0.294250 0.767241 0.569876
vn 0.294250 0.767241 0.569876
vn 0.294250 0.767241 0.569876
vn 0.294250 0.767241 0.569876
vn 0.485284 0.608137 0.628226
vn 0.485284 0.608137 0.628226
vn 0.485284 0.608137 0.628226
vn 0.485284 0.608137 0.628226
vn 0.621470 0.624690 0.472797
vn 0.621471 0.624690 0.472797
vn 0.621471 0.624690 0.472797
vn 0.621470 0.624690 0.472797
vn 0.516375 0.704135 0.487392
vn 0.516375 0.704135 0.487392
vn 0.516375 0.704135 0.487392
vn 0.516375 0.704135 0.487392
vn 0.608301 0.678539 0.411770
vn 0.608301 0.678539 0.411770
vn 0.608301 0.678539 0.411770
vn 0.608301 0.678539 0.411770
vn 0.749040 0.604519 0.271101
vn 0.749040 0.604519 0.271101
vn 0.749040 0.604519 0.271101
vn 0.749040 0.604519 0.271101
vn 0.623995 0.677448 0.389479
vn 0.623995 0.677448 0.389479
vn 0.623995 0.677448 0.389479
vn 0.623995 0.677448 0.389479
vn 0.836534 0.521026 0.169539
vn 0.836534 0.521026 0.169539
vn 0.836534 0.521026 0.169539
vn 0.836534 0.521026 0.169539
vn 0.840809 0.535726 0.077702
vn 0.840809 0.535726 0.077702
vn 0.840809 0.535726 0.077702
vn 0.840809 0.535726 0.077702
vn 0.821762 0.520450 0.232034
vn 0.821762 0.520450 0.232034
vn 0.821762 0.520450 0.232034
vn 0.821762 0.520450 0.232034
vn 0.810601 0.579009 -0.087608
vn 0.810601 0.579009 -0.087608
vn 0.810601 0.579009 -0.087608
vn 0.810601 0.579009 -0.087608
vn 0.765488 0.636703 -0.092938
vn 0.765488 0.636703 -0.092938
vn 0.765488 0.636703 -0.092938
vn 0.765488 0.636703 -0.092938
vn 0.796153 0.569113 -0.205550
vn 0.796153 0.569113 -0.205550
vn 0.796153 0.569113 -0.205550
vn 0.796153 0.569113 -0.205550
vn 0.787309 0.574379 -0.224127
vn 0.787309 0.574379 -0.224127
vn 0.787309 0.574379 -0.224127
vn 0.787309 0.574379 -0.224127
vn 0.265565 0.959328 -0.095739
vn 0.265565 0.959327 -0.095739
vn 0.265565 0.959328 -0.095739
vn 0.265565 0.959327 -0.095739
vn 0.248602 0.955921 -0.156243
vn 0.248602 0.955921 -0.156243
vn 0.248602 0.955921 -0.156243
vn 0.248602 0.955921 -0.156243
vn 0.380642 0.924695 -0.007086
vn 0.380642 0.924695 -0.007086
vn 0.380642 0.924695 -0.007086
vn 0.380642 0.924695 -0.007086
vn 0.251521 0.939511 -0.232502
vn 0.251521 0.939511 -0.232502
vn 0.251521 0.939511 -0.232502
vn 0.251521 0.939511 -0.232502
vn 0.199462 0.947169 -0.251169
vn 0.199462 0.947169 -0.251169
vn 0.199462 0.947169 -0.251169
vn 0.199462 0.947169 -0.251169
vn 0.148073 0.987197 0.059298
vn 0.148073 0.987197 0.059298
vn 0.148073 0.987197 0.059298
vn 0.148072 0.987197 0.059298
vn 0.440744 0.852076 -0.282332
vn 0.440745 0.852076 -0.282332
vn 0.440744 0.852076 -0.282332
vn 0.440745 0.852076 -0.282332
vn 0.479452 0.848137 -0.225364
vn 0.479452 0.848137 -0.225364
vn 0.479452 0.848137 -0.225364
vn 0.479452 0.848137 -0.225364
vn 0.302543 0.952917 -0.020412
vn 0.302543 0.952917 -0.020412
vn 0.302543 0.952917 -0.020412
vn 0.302543 0.952917 -0.020412
vn 0.276384 0.953079 -0.123500
vn 0.276384 0.953079 -0.123500
vn 0.276384 0.953079 -0.123500
vn 0.276384 0.953079 -0.123500
vn 0.255620 0.954312 -0.154750
vn 0.255620 0.954312 -0.154750
vn 0.255620 0.954312 -0.154750
vn 0.255620 0.954312 -0.154750
vn 0.318208 0.940281 -0.120897
vn 0.318208 0.940281 -0.120897
vn 0.318208 0.940281 -0.120897
vn 0.318208 0.940281 -0.120897
vn 0.203809 0.934565 -0.291634
vn 0.203809 0.934565 -0.291634
vn 0.203809 0.934565 -0.291634
vn 0.203809 0.934565 -0.291634
vn 0.454867 0.878494 -0.146099
vn 0.454867 0.878494 -0.146099
vn 0.454867 0.878494 -0.146099
vn 0.454867 0.878494 -0.146099
vn 0.066245 0.834585 -0.546881
vn 0.066245 0.834585 -0.546881
vn 0.066245 0.834585 -0.546881
vn 0.066245 0.834585 -0.546881
vn 0.302865 0.852325 -0.426398
vn 0.302865 0.852325 -0.426398
vn 0.302865 0.852325 -0.426398
vn 0.302865 0.852325 -0.426398
vn 0.002261 0.998310 -0.058065
vn 0.002261 0.998310 -0.058065
vn 0.002261 0.998310 -0.058065
vn 0.002261 0.998310 -0.058065
vn 0.079626 0.992135 -0.096576
vn 0.079626 0.992135 -0.096576
vn 0.079626 0.992135 -0.096576
vn 0.079626 0.992135 -0.096576
vn 0.056830 0.903163 -0.425520
vn 0.056830 0.903163 -0.425520
vn 0.056830 0.903163 -0.425520
vn 0.056830 0.903163 -0.425520
vn 0.136673 0.975299 -0.173528
vn 0.136673 0.975299 -0.173528
vn 0.136673 0.975299 -0.173528
vn 0.136673 0.975299 -0.173528
vn 0.359345 0.871291 -0.334250
vn 0.359345 0.871291 -0.334250
vn 0.359345 0.871291 -0.334250
vn 0.359345 0.871291 -0.334250
vn 0.240389 0.935112 -0.260342
vn 0.240389 0.935112 -0.260342
vn 0.240389 0.935112 -0.260342
vn 0.240389 0.935112 -0.260342
vn 0.243993 0.943504 -0.224203
vn 0.243993 0.943504 -0.224203
vn 0.243993 0.943504 -0.224203
vn 0.243993 0.943504 -0.224203
vn 0.303193 0.949926 -0.075598
vn 0.303193 0.949926 -0.075598
vn 0.303193 0.949926 -0.075598
vn 0.303193 0.949926 -0.075598
vn 0.272974 0.917444 -0.289452
vn 0.272974 0.917444 -0.289452
vn 0.272974 0.917444 -0.289452
vn 0.272974 0.917444 -0.289452
vn 0.253934 0.863328 -0.436099
vn 0.253934 0.863328 -0.436099
vn 0.253934 0.863328 -0.436099
vn 0.253934 0.863328 -0.436099
vn 0.113469 0.958198 -0.262644
vn 0.113469 0.958198 -0.262644
vn 0.113469 0.958198 -0.262644
vn 0.113469 0.958198 -0.262644
vn 0.263263 0.872513 -0.411600
vn 0.263263 0.872513 -0.411599
vn 0.263263 0.872513 -0.411600
vn 0.263263 0.872513 -0.411599
vn 0.027848 0.914233 -0.404230
vn 0.027848 0.914233 -0.404230
vn 0.027848 0.914233 -0.404230
vn 0.027848 0.914233 -0.404230
vn 0.235348 0.921360 -0.309365
vn 0.235348 0.921360 -0.309365
vn 0.235348 0.921360 -0.309365
vn 0.235348 0.921360 -0.309365
vn 0.127641 0.942209 -0.309757
vn 0.127641 0.942209 -0.309757
vn 0.127641 0.942209 -0.309757
vn 0.127641 0.942209 -0.309757
vn 0.075405 0.952273 -0.295786
vn 0.075405 0.952273 -0.295786
vn 0.075405 0.952273 -0.295786
vn 0.075405 0.952273 -0.295786
vn -0.158440 0.970089 -0.183911
vn -0.158440 0.970089 -0.183911
vn -0.158440 0.970089 -0.183911
vn -0.158440 0.970089 -0.183911
vn 0.131822 0.929302 -0.344994
vn 0.131822 0.929302 -0.344994
vn 0.131822 0.929302 -0.344994
vn 0.131822 0.929302 -0.344994
vn 0.271875 0.962330 -0.002457
vn 0.271875 0.962329 -0.002457
vn 0.271875 0.962330 -0.002457
vn 0.271875 0.962330 -0.002457
vn 0.248346 0.964894 -0.085468
vn 0.248346 0.964894 -0.085468
vn 0.248346 0.964894 -0.085468
vn 0.248346 0.964894 -0.085468
vn 0.214883 0.898376 -0.383074
vn 0.214883 0.898376 -0.383074
vn 0.214883 0.898376 -0.383074
vn 0.214883 0.898376 -0.383074
vn 0.021558 0.887462 -0.460377
vn 0.021558 0.887462 -0.460377
vn 0.021558 0.887462 -0.460377
vn 0.021558 0.887462 -0.460377
vn -0.081827 0.928343 -0.362606
vn -0.081827 0.928343 -0.362606
vn -0.081827 0.928343 -0.362606
vn -0.081827 0.928343 -0.362606
vn 0.143922 0.954136 -0.262510
vn 0.143922 0.954136 -0.262510
vn 0.143922 0.954136 -0.262510
vn 0.143922 0.954136 -0.262510
vn 0.107345 0.979193 -0.172215
vn 0.107345 0.979193 -0.172215
vn 0.107345 0.979193 -0.172215
vn 0.107345 0.979193 -0.172215
vn -0.137065 0.936878 -0.321673
vn -0.137065 0.936878 -0.321673
vn -0.137065 0.936878 -0.321673
vn -0.137065 0.936878 -0.321673
vn 0.053365 0.951065 -0.304347
vn 0.053365 0.951065 -0.304347
vn 0.053365 0.951065 -0.304347
vn 0.053365 0.951065 -0.304347
vn 0.041540 0.967958 -0.247651
vn 0.041540 0.967958 -0.247651
vn 0.041540 0.967958 -0.247651
vn 0.041540 0.967958 -0.247651
vn 0.107477 0.988277 -0.108432
vn 0.107477 0.988277 -0.108432
vn 0.107477 0.988277 -0.108432
vn 0.107477 0.988277 -0.108432
vn 0.218747 0.955011 -0.200259
vn 0.218747 0.955011 -0.200259
vn 0.218747 0.955011 -0.200259
vn 0.218747 0.955011 -0.200259
vn 0.051722 0.957576 -0.283500
vn 0.051722 0.957576 -0.283500
vn 0.051722 0.957576 -0.283500
vn 0.051722 0.957576 -0.283500
vn -0.078365 0.972960 -0.217275
vn -0.078365 0.972960 -0.217275
vn -0.078365 0.972960 -0.217275
vn -0.078365 0.972960 -0.217275
vn -0.008975 0.914084 -0.405425
vn -0.008975 0.914084 -0.405425
vn -0.008975 0.914084 -0.405425
vn -0.008975 0.914084 -0.405425
vn -0.059506 0.948673 -0.310611
vn -0.059506 0.948673 -0.310611
vn -0.059506 0.948673 -0.310611
vn -0.059506 0.948673 -0.310611
vn -0.059628 0.965954 -0.251748
vn -0.059628 0.965954 -0.251748
vn -0.059628 0.965954 -0.251748
vn -0.059628 0.965954 -0.251748
vn -0.112991 0.950089 -0.290799
vn -0.112991 0.950089 -0.290799
vn -0.112991 0.950089 -0.290799
vn -0.112991 0.950089 -0.290799
vn 0.109909 0.973551 -0.200294
vn 0.109909 0.973551 -0.200294
vn 0.109909 0.973551 -0.200294
vn 0.109909 0.973551 -0.200294
vn -0.078347 0.957275 -0.278363
vn -0.078347 0.957275 -0.278363
vn -0.078347 0.957275 -0.278363
vn -0.078347 0.957275 -0.278363
vn -0.004189 0.943991 -0.329944
vn -0.004189 0.943991 -0.329944
vn -0.004189 0.943991 -0.329944
vn -0.004189 0.943991 -0.329944
vn -0.098022 0.974979 -0.199517
vn -0.098022 0.974979 -0.199517
vn -0.098022 0.974979 -0.199517
vn -0.098022 0.974979 -0.199517
vn -0.070916 0.957139 -0.280812
vn -0.070916 0.957139 -0.280812
vn -0.070916 0.957139 -0.280812
vn -0.070916 0.957139 -0.280812
vn -0.189018 0.911584 -0.365086
vn -0.189018 0.911584 -0.365086
vn -0.189018 0.911584 -0.365086
vn -0.189018 0.911584 -0.365086
vn -0.235679 0.919501 -0.314600
vn -0.235679 0.919501 -0.314600
vn -0.235679 0.919501 -0.314600
vn -0.235679 0.919501 -0.314600
vn -0.126163 0.975670 -0.179309
vn -0.126163 0.975670 -0.179309
vn -0.126163 0.975670 -0.179309
vn -0.126163 0.975670 -0.179309
vn -0.211896 0.941553 -0.261873
vn -0.211896 0.941553 -0.261873
vn -0.211896 0.941553 -0.261873
vn -0.211896 0.941553 -0.261873
vn -0.105318 0.954216 -0.279966
vn -0.105318 0.954216 -0.279966
vn -0.105318 0.954216 -0.279966
vn -0.105318 0.954216 -0.279966
vn -0.077836 0.971460 -0.224069
vn -0.077836 0.971460 -0.224069
vn -0.077836 0.971460 -0.224069
vn -0.077836 0.971460 -0.224069
vn -0.199128 0.921928 -0.332259
vn -0.199128 0.921928 -0.332259
vn -0.199128 0.921928 -0.332259
vn -0.199128 0.921928 -0.332259
vn -0.263448 0.905047 -0.333893
vn -0.263448 0.905047 -0.333893
vn -0.263448 0.905047 -0.333893
vn -0.263448 0.905047 -0.333893
vn -0.083089 0.970421 -0.226672
vn -0.083089 0.970421 -0.226672
vn -0.083089 0.970421 -0.226672
vn -0.083089 0.970421 -0.226672
vn -0.148606 0.960290 -0.236136
vn -0.148606 0.960290 -0.236136
vn -0.148606 0.960290 -0.236136
vn -0.148606 0.960290 -0.236136
vn -0.121856 0.977201 -0.173865
vn -0.121856 0.977201 -0.173865
vn -0.121856 0.977201 -0.173865
vn -0.121856 0.977201 -0.173865
vn -0.151206 0.948639 -0.277885
vn -0.151206 0.948639 -0.277885
vn -0.151206 0.948639 -0.277885
vn -0.151206 0.948639 -0.277885
vn -0.350171 0.907103 -0.233546
vn -0.350171 0.907103 -0.233546
vn -0.350171 0.907103 -0.233546
vn -0.350171 0.907103 -0.233546
vn -0.341269 0.927482 -0.152683
vn -0.341269 0.927482 -0.152683
vn -0.341269 0.927482 -0.152683
vn -0.341269 0.927482 -0.152683
vn -0.341359 0.926120 -0.160549
vn -0.341359 0.926120 -0.160549
vn -0.341359 0.926120 -0.160549
vn -0.341359 0.926120 -0.160549
vn -0.228694 0.968161 -0.101798
vn -0.228694 0.968161 -0.101798
vn -0.228694 0.968161 -0.101798
vn -0.228694 0.968161 -0.101798
vn -0.267300 0.955976 -0.121080
vn -0.267300 0.955976 -0.121080
vn -0.267300 0.955976 -0.121080
vn -0.267300 0.955976 -0.121080
vn -0.243562 0.941241 -0.233974
vn -0.243562 0.941241 -0.233974
vn -0.243562 0.941241 -0.233974
vn -0.243562 0.941241 -0.233974
vn -0.233524 0.955479 -0.180353
vn -0.233524 0.955479 -0.180353
vn -0.233524 0.955479 -0.180353
vn -0.233524 0.955479 -0.180353
vn -0.268220 0.962325 -0.044588
vn -0.268220 0.962325 -0.044588
vn -0.268220 0.962325 -0.044588
vn -0.268220 0.962325 -0.044588
vn -0.320477 0.939407 -0.121695
vn -0.320477 0.939407 -0.121695
vn -0.320477 0.939407 -0.121695
vn -0.320477 0.939407 -0.121695
vn -0.418433 0.907234 0.042907
vn -0.418433 0.907234 0.042907
vn -0.418433 0.907234 0.042907
vn -0.418433 0.907234 0.042907
vn -0.335255 0.939963 -0.063830
vn -0.335255 0.939963 -0.063830
vn -0.335255 0.939963 -0.063830
vn -0.335255 0.939963 -0.063830
vn -0.429239 0.871318 -0.237822
vn -0.429239 0.871318 -0.237822
vn -0.429239 0.871318 -0.237822
vn -0.429239 0.871318 -0.237822
vn -0.402873 0.913813 -0.051375
vn -0.402873 0.913813 -0.051375
vn -0.402873 0.913813 -0.051375
vn -0.402873 0.913813 -0.051375
vn -0.440950 0.891886 0.100512
vn -0.440950 0.891886 0.100512
vn -0.440950 0.891886 0.100512
vn -0.440950 0.891886 0.100512
vn -0.467656 0.881598 -0.063895
vn -0.467656 0.881598 -0.063895
vn -0.467656 0.881598 -0.063895
vn -0.467656 0.881598 -0.063895
vn -0.186615 0.979842 -0.071302
vn -0.186615 0.979842 -0.071302
vn -0.186615 0.979842 -0.071302
vn -0.186615 0.979842 -0.071302
vn -0.391099 0.916200 -0.087285
vn -0.391099 0.916200 -0.087285
vn -0.391099 0.916200 -0.087285
vn -0.391099 0.916200 -0.087285
vn -0.320260 0.946464 -0.040486
vn -0.320260 0.946464 -0.040486
vn -0.320260 0.946464 -0.040486
vn -0.320260 0.946464 -0.040486
vn -0.320480 0.946745 0.031082
vn -0.320480 0.946745 0.031082
vn -0.320480 0.946745 0.031082
vn -0.320480 0.946745 0.031082
vn -0.385943 0.908939 -0.157726
vn -0.385943 0.908939 -0.157726
vn -0.385943 0.908939 -0.157726
vn -0.385943 0.908939 -0.157726
vn -0.386781 0.918914 -0.077448
vn -0.386781 0.918914 -0.077448
vn -0.386781 0.918914 -0.077448
vn -0.386781 0.918914 -0.077448
vn -0.386213 0.897651 0.212280
vn -0.386213 0.897651 0.212280
vn -0.386213 0.897651 0.212280
vn -0.386213 0.897651 0.212280
vn -0.454743 0.860902 0.228160
vn -0.454743 0.860902 0.228160
vn -0.454743 0.860902 0.228160
vn -0.454743 0.860902 0.228160
vn -0.463944 0.883559 0.063876
vn -0.463944 0.883559 0.063876
vn -0.463944 0.883559 0.063876
vn -0.463944 0.883559 0.063876
vn -0.243293 0.969787 -0.017962
vn -0.243293 0.969787 -0.017962
vn -0.243293 0.969787 -0.017962
vn -0.243293 0.969787 -0.017962
vn -0.114667 0.993315 -0.013302
vn -0.114667 0.993315 -0.013302
vn -0.114667 0.993315 -0.013302
vn -0.114667 0.993315 -0.013302
vn -0.190296 0.972266 0.135966
vn -0.190296 0.972266 0.135966
vn -0.190296 0.972266 0.135966
vn -0.190296 0.972266 0.135966
vn -0.150064 0.988676 0.000730
vn -0.150064 0.988676 0.000730
vn -0.150064 0.988676 0.000730
vn -0.150064 0.988676 0.000730
vn -0.312064 0.930156 0.193457
vn -0.312064 0.930156 0.193457
vn -0.312064 0.930156 0.193457
vn -0.312064 0.930156 0.193457
vn -0.027971 0.997084 0.071003
vn -0.027971 0.997084 0.071003
vn -0.027971 0.997084 0.071003
vn -0.027971 0.997084 0.071003
vn -0.482683 0.874459 0.048361
vn -0.482683 0.874459 0.048361
vn -0.482683 0.874459 0.048361
vn -0.482683 0.874459 0.048361
vn -0.298849 0.935999 0.185999
vn -0.298849 0.935999 0.185999
vn -0.298849 0.935999 0.185999
vn -0.298849 0.935999 0.185999
vn -0.257968 0.923054 0.285348
vn -0.257968 0.923054 0.285348
vn -0.257968 0.923054 0.285348
vn -0.257968 0.923054 0.285348
vn -0.231980 0.970856 -0.060205
vn -0.231980 0.970856 -0.060205
vn -0.231980 0.970856 -0.060205
vn -0.231980 0.970856 -0.060205
vn -0.312965 0.945710 0.087665
vn -0.312965 0.945710 0.087665
vn -0.312965 0.945710 0.087665
vn -0.312965 0.945710 0.087665
vn -0.135998 0.990555 0.017505
vn -0.135998 0.990555 0.017505
vn -0.135998 0.990555 0.017505
vn -0.135998 0.990555 0.017505
vn -0.269489 0.962772 -0.021130
vn -0.269489 0.962772 -0.021130
vn -0.269489 0.962772 -0.021130
vn -0.269489 0.962772 -0.021130
vn -0.023683 0.996532 0.079772
vn -0.023683 0.996532 0.079772
vn -0.023683 0.996532 0.079772
vn -0.023683 0.996532 0.079772
vn -0.141304 0.972520 0.185035
vn -0.141304 0.972520 0.185035
vn -0.141304 0.972520 0.185035
vn -0.141304 0.972520 0.185035
vn -0.428872 0.849844 0.306322
vn -0.428872 0.849844 0.306322
vn -0.428872 0.849844 0.306322
vn -0.428872 0.849845 0.306322
vn -0.337631 0.895618 0.289611
vn -0.337630 0.895618 0.289611
vn -0.337631 0.895618 0.289611
vn -0.337631 0.895618 0.289611
vn -0.238828 0.921050 0.307618
vn -0.238828 0.921050 0.307618
vn -0.238828 0.921050 0.307618
vn -0.238828 0.921050 0.307618
vn -0.368426 0.918898 0.141031
vn -0.368426 0.918898 0.141031
vn -0.368426 0.918898 0.141031
vn -0.368426 0.918898 0.141031
vn -0.231950 0.963742 0.131910
vn -0.231950 0.963742 0.131910
vn -0.231950 0.963742 0.131910
vn -0.231950 0.963742 0.131910
vn -0.102191 0.991422 0.081485
vn -0.102191 0.991422 0.081485
vn -0.102191 0.991422 0.081485
vn -0.102191 0.991422 0.081485
vn -0.116821 0.989659 0.083230
vn -0.116821 0.989659 0.083230
vn -0.116821 0.989659 0.083230
vn -0.116821 0.989659 0.083230
vn -0.178863 0.982805 0.045844
vn -0.178863 0.982805 0.045844
vn -0.178863 0.982805 0.045844
vn -0.178863 0.982805 0.045844
vn -0.016851 0.995021 0.098228
vn -0.016851 0.995021 0.098228
vn -0.016851 0.995021 0.098228
vn -0.016851 0.995021 0.098228
vn -0.249797 0.938890 0.236826
vn -0.249797 0.938890 0.236826
vn -0.249797 0.938890 0.236826
vn -0.249797 0.938890 0.236826
vn -0.096545 0.986113 0.135129
vn -0.096545 0.986113 0.135129
vn -0.096545 0.986113 0.135129
vn -0.096545 0.986113 0.135129
vn -0.137533 0.974353 0.178106
vn -0.137533 0.974353 0.178106
vn -0.137533 0.974353 0.178106
vn -0.137533 0.974353 0.178106
vn -0.104137 0.936302 0.335400
vn -0.104137 0.936302 0.335400
vn -0.104137 0.936302 0.335400
vn -0.104137 0.936302 0.335400
vn -0.022993 0.944889 0.326582
vn -0.022993 0.944889 0.326582
vn -0.022993 0.944889 0.326582
vn -0.022993 0.944889 0.326582
vn -0.245771 0.952653 0.179021
vn -0.245771 0.952653 0.179021
vn -0.245771 0.952653 0.179021
vn -0.245771 0.952653 0.179021
vn 0.016446 0.998961 0.042493
vn 0.016446 0.998961 0.042493
vn 0.016446 0.998961 0.042493
vn 0.016446 0.998961 0.042493
vn -0.129324 0.983920 0.123192
vn -0.129324 0.983920 0.123192
vn -0.129324 0.983920 0.123192
vn -0.129324 0.983920 0.123192
vn -0.011508 0.957860 0.287005
vn -0.011508 0.957860 0.287005
vn -0.011508 0.957860 0.287005
vn -0.011508 0.957860 0.287005
vn -0.265616 0.952258 0.150510
vn -0.265616 0.952258 0.150510
vn -0.265616 0.952258 0.150510
vn -0.265616 0.952258 0.150510
vn -0.169915 0.894864 0.412731
vn -0.169915 0.894864 0.412731
vn -0.169915 0.894864 0.412731
vn -0.169915 0.894864 0.412731
vn 0.001226 0.976142 0.217130
vn 0.001226 0.976142 0.217130
vn 0.001226 0.976142 0.217130
vn 0.001226 0.976142 0.217130
vn 0.006370 0.910466 0.413536
vn 0.006370 0.910466 0.413536
vn 0.006370 0.910466 0.413536
vn 0.006370 0.910466 0.413536
vn -0.145397 0.901831 0.406891
vn -0.145397 0.901831 0.406891
vn -0.145397 0.901831 0.406891
vn -0.145397 0.901831 0.406891
vn -0.008120 0.994204 0.107199
vn -0.008120 0.994204 0.107199
vn -0.008120 0.994204 0.107199
vn -0.008120 0.994204 0.107199
vn -0.084397 0.927830 0.363331
vn -0.084397 0.927830 0.363331
vn -0.084397 0.927830 0.363331
vn -0.084397 0.927830 0.363331
vn -0.026409 0.988420 0.149428
vn -0.026409 0.988420 0.149428
vn -0.026409 0.988420 0.149428
vn -0.026409 0.988420 0.149428
vn -0.037518 0.933613 0.356313
vn -0.037518 0.933613 0.356313
vn -0.037518 0.933613 0.356313
vn -0.037518 0.933613 0.356313
vn -0.031226 0.949279 0.312880
vn -0.031226 0.949279 0.312880
vn -0.031226 0.949279 0.312880
vn -0.031226 0.949279 0.312880
vn 0.059168 0.971899 0.227841
vn 0.059168 0.971899 0.227841
vn 0.059168 0.971899 0.227841
vn 0.059168 0.971899 0.227841
vn 0.177053 0.934436 0.309001
vn 0.177053 0.934436 0.309001
vn 0.177053 0.934436 0.309001
vn 0.177053 0.934436 0.309001
vn 0.106022 0.979600 0.170714
vn 0.106022 0.979600 0.170714
vn 0.106022 0.979600 0.170714
vn 0.106022 0.979600 0.170714
vn 0.099899 0.974382 0.201494
vn 0.099899 0.974382 0.201494
vn 0.099899 0.974382 0.201494
vn 0.099899 0.974382 0.201494
vn 0.095688 0.994990 -0.028946
vn 0.095688 0.994990 -0.028946
vn 0.095688 0.994990 -0.028946
vn 0.095688 0.994990 -0.028946
vn 0.038455 0.967355 0.250492
vn 0.038455 0.967355 0.250492
vn 0.038455 0.967355 0.250492
vn 0.038455 0.967355 0.250492
vn -0.046501 0.994743 0.091231
vn -0.046501 0.994743 0.091231
vn -0.046501 0.994743 0.091231
vn -0.046501 0.994743 0.091231
vn 0.062242 0.979433 0.191929
vn 0.062242 0.979433 0.191929
vn 0.062242 0.979433 0.191929
vn 0.062242 0.979433 0.191929
vn 0.130155 0.890929 0.435092
vn 0.130155 0.890929 0.435092
vn 0.130155 0.890929 0.435092
vn 0.130155 0.890929 0.435092
vn 0.116982 0.941133 0.317149
vn 0.116982 0.941133 0.317149
vn 0.116982 0.941133 0.317149
vn 0.116982 0.941133 0.317149
vn 0.172549 0.922091 0.346374
vn 0.172549 0.922091 0.346374
vn 0.172549 0.922091 0.346374
vn 0.172549 0.922091 0.346374
vn -0.016739 0.999555 0.024679
vn -0.016739 0.999555 0.024679
vn -0.016739 0.999555 0.024679
vn -0.016739 0.999555 0.024679
vn -0.070744 0.994773 0.073628
vn -0.070744 0.994773 0.073628
vn -0.070744 0.994773 0.073628
vn -0.070744 0.994773 0.073628
vn 0.190483 0.905285 0.379705
vn 0.190483 0.905285 0.379705
vn 0.190483 0.905285 0.379705
vn 0.190483 0.905285 0.379705
vn 0.122519 0.937212 0.326533
vn 0.122519 0.937212 0.326533
vn 0.122519 0.937212 0.326533
vn 0.122519 0.937212 0.326533
vn 0.015015 0.995105 0.097679
vn 0.015015 0.995105 0.097679
vn 0.015015 0.995105 0.097679
vn 0.015015 0.995105 0.097679
vn 0.065436 0.969450 0.236399
vn 0.065436 0.969450 0.236399
vn 0.065436 0.969450 0.236399
vn 0.065436 0.969450 0.236399
vn 0.214177 0.931004 0.295566
vn 0.214177 0.931004 0.295566
vn 0.214177 0.931004 0.295566
vn 0.214177 0.931005 0.295565
vn 0.429281 0.867272 0.252104
vn 0.429281 0.867272 0.252104
vn 0.429281 0.867272 0.252104
vn 0.429281 0.867272 0.252104
vn 0.357990 0.863169 0.356064
vn 0.357990 0.863169 0.356064
vn 0.357990 0.863169 0.356064
vn 0.357990 0.863169 0.356064
vn 0.235373 0.965640 0.110180
vn 0.235373 0.965640 0.110180
vn 0.235373 0.965640 0.110180
vn 0.235373 0.965640 0.110180
vn 0.305710 0.925395 0.224020
vn 0.305710 0.925395 0.224020
vn 0.305710 0.925395 0.224020
vn 0.305710 0.925395 0.224020
vn 0.113624 0.993481 -0.009190
vn 0.113624 0.993481 -0.009190
vn 0.113624 0.993481 -0.009190
vn 0.113624 0.993481 -0.009190
vn 0.213151 0.955152 0.205553
vn 0.213151 0.955152 0.205553
vn 0.213151 0.955152 0.205553
vn 0.213151 0.955152 0.205553
vn -0.016221 0.978544 0.205397
vn -0.016221 0.978544 0.205397
vn -0.016221 0.978544 0.205397
vn -0.016221 0.978544 0.205397
vn 0.243788 0.929736 0.275968
vn 0.243788 0.929736 0.275968
vn 0.243788 0.929736 0.275968
vn 0.243788 0.929736 0.275968
vn 0.330239 0.907249 0.260466
vn 0.330239 0.907248 0.260466
vn 0.330239 0.907248 0.260466
vn 0.330239 0.907249 0.260466
vn 0.316876 0.927144 0.199983
vn 0.316876 0.927144 0.199983
vn 0.316876 0.927144 0.199983
vn 0.316876 0.927144 0.199983
vn 0.274851 0.945493 0.174645
vn 0.274851 0.945493 0.174645
vn 0.274851 0.945493 0.174645
vn 0.274851 0.945493 0.174645
vn 0.360948 0.916385 0.173076
vn 0.360948 0.916385 0.173076
vn 0.360948 0.916385 0.173076
vn 0.360948 0.916385 0.173076
vn 0.236995 0.959458 0.152556
vn 0.236995 0.959458 0.152556
vn 0.236995 0.959458 0.152556
vn 0.236995 0.959458 0.152556
vn 0.087614 0.991880 0.092179
vn 0.087614 0.991880 0.092179
vn 0.087614 0.991880 0.092179
vn 0.087614 0.991880 0.092179
vn 0.190738 0.976904 0.096316
vn 0.190738 0.976904 0.096316
vn 0.190738 0.976904 0.096316
vn 0.190738 0.976904 0.096316
vn 0.184261 0.979621 0.079942
vn 0.184261 0.979621 0.079942
vn 0.184261 0.979621 0.079942
vn 0.184261 0.979621 0.079942
vn 0.198079 0.970493 0.137508
vn 0.198079 0.970493 0.137508
vn 0.198079 0.970493 0.137508
vn 0.198079 0.970493 0.137508
vn 0.500603 0.864378 0.047408
vn 0.500603 0.864378 0.047408
vn 0.500603 0.864378 0.047408
vn 0.500603 0.864378 0.047408
vn 0.498606 0.866814 0.005135
vn 0.498606 0.866814 0.005135
vn 0.498606 0.866814 0.005135
vn 0.498606 0.866814 0.005135
vn 0.334650 0.938410 0.086002
vn 0.334650 0.938410 0.086002
vn 0.334650 0.938410 0.086002
vn 0.334650 0.938410 0.086002
vn 0.031657 0.998874 0.035345
vn 0.031657 0.998874 0.035345
vn 0.031657 0.998874 0.035345
vn 0.031657 0.998874 0.035345
vn 0.042972 0.998720 0.026683
vn 0.042972 0.998720 0.026683
vn 0.042972 0.998720 0.026683
vn 0.042972 0.998720 0.026683
vn 0.195773 0.980002 -0.035634
vn 0.195773 0.980002 -0.035634
vn 0.195773 0.980002 -0.035634
vn 0.195773 0.980002 -0.035634
vn 0.094889 0.995365 -0.015639
vn 0.094889 0.995365 -0.015639
vn 0.094889 0.995365 -0.015639
vn 0.094889 0.995365 -0.015639
vn 0.108920 0.982188 -0.153115
vn 0.108920 0.982188 -0.153115
vn 0.108920 0.982188 -0.153115
vn 0.108920 0.982188 -0.153115
vn 0.055661 0.990111 -0.128775
vn 0.055661 0.990111 -0.128775
vn 0.055661 0.990111 -0.128775
vn 0.055661 0.990111 -0.128775
vn 0.276624 0.960767 -0.020134
vn 0.276624 0.960767 -0.020134
vn 0.276624 0.960767 -0.020134
vn 0.276624 0.960767 -0.020134
vn 0.359736 0.932713 -0.025214
vn 0.359736 0.932713 -0.025214
vn 0.359736 0.932713 -0.025214
vn 0.359736 0.932713 -0.025214
vn 0.307861 0.938467 -0.156527
vn 0.307861 0.938467 -0.156527
vn 0.307861 0.938467 -0.156527
vn 0.307861 0.938467 -0.156527
vn 0.365674 0.930716 0.007089
vn 0.365674 0.930716 0.007089
vn 0.365674 0.930716 0.007089
vn 0.365674 0.930716 0.007089
vn 0.141758 0.988924 -0.043970
vn 0.141758 0.988924 -0.043970
vn 0.141758 0.988924 -0.043970
vn 0.141758 0.988924 -0.043970
vn -0.004019 0.954704 -0.297530
vn -0.004019 0.954704 -0.297530
vn -0.004019 0.954704 -0.297530
vn -0.004019 0.954704 -0.297530
vn 0.186364 0.978463 -0.088764
vn 0.186364 0.978463 -0.088764
vn 0.186364 0.978463 -0.088764
vn 0.186364 0.978463 -0.088764
vn 0.236737 0.946699 -0.218442
vn 0.236737 0.946699 -0.218442
vn 0.236737 0.946699 -0.218442
vn 0.236737 0.946699 -0.218442
vn -0.096013 0.983989 0.150155
vn -0.096013 0.983989 0.150155
vn -0.096013 0.983989 0.150155
vn -0.096013 0.983989 0.150155
vn 0.219126 0.973065 0.071611
vn 0.219126 0.973065 0.071611
vn 0.219126 0.973065 0.071611
vn 0.219126 0.973065 0.071611
vn -0.045974 0.983519 0.174860
vn -0.045974 0.983519 0.174860
vn -0.045974 0.983519 0.174860
vn -0.045974 0.983519 0.174860
vn 0.367111 0.929470 0.036268
vn 0.367111 0.929470 0.036268
vn 0.367111 0.929470 0.036268
vn 0.367111 0.929470 0.036268
vn 0.304133 0.945034 0.120061
vn 0.304133 0.945034 0.120061
vn 0.304133 0.945034 0.120061
vn 0.304133 0.945034 0.120061
vn 0.199308 0.955268 -0.218494
vn 0.199308 0.955268 -0.218494
vn 0.199308 0.955268 -0.218495
vn 0.199308 0.955268 -0.218494
vn -0.011163 0.999187 0.038732
vn -0.011163 0.999187 0.038732
vn -0.011163 0.999187 0.038732
vn -0.011163 0.999187 0.038732
vn 0.093896 0.992658 -0.076253
vn 0.093896 0.992658 -0.076253
vn 0.093896 0.992658 -0.076253
vn 0.093896 0.992658 -0.076253
vn 0.094370 0.995533 0.002761
vn 0.094370 0.995533 0.002761
vn 0.094370 0.995533 0.002761
vn 0.094370 0.995533 0.002761
vn -0.050045 0.991237 -0.122248
vn -0.050045 0.991237 -0.122248
vn -0.050045 0.991237 -0.122248
vn -0.050045 0.991237 -0.122248
vn 0.462743 0.884977 -0.051812
vn 0.462743 0.884977 -0.051812
vn 0.462743 0.884977 -0.051812
vn 0.462743 0.884977 -0.051812
vn 0.029281 0.924041 -0.381170
vn 0.029281 0.924041 -0.381170
vn 0.029281 0.924041 -0.381170
vn 0.029281 0.924041 -0.381170
vn 0.192857 0.980635 0.034069
vn 0.192857 0.980635 0.034069
vn 0.192857 0.980635 0.034069
vn 0.192857 0.980635 0.034069
vn 0.124471 0.951344 -0.281873
vn 0.124471 0.951344 -0.281873
vn 0.124471 0.951344 -0.281873
vn 0.124471 0.951344 -0.281873
vn 0.045307 0.964236 -0.261144
vn 0.045307 0.964236 -0.261144
vn 0.045307 0.964236 -0.261144
vn 0.045307 0.964236 -0.261144
vn 0.152597 0.965427 -0.211341
vn 0.152597 0.965427 -0.211341
vn 0.152597 0.965427 -0.211341
vn 0.152597 0.965427 -0.211341
vn -0.111898 0.953743 -0.279022
vn -0.111898 0.953743 -0.279022
vn -0.111898 0.953743 -0.279022
vn -0.111898 0.953743 -0.279022
vn 0.088060 0.996093 -0.006705
vn 0.088060 0.996093 -0.006705
vn 0.088060 0.996093 -0.006705
vn 0.088060 0.996093 -0.006705
vn 0.117798 0.966896 0.226354
vn 0.117799 0.966896 0.226354
vn 0.117798 0.966896 0.226354
vn 0.117798 0.966896 0.226354
vn -0.117806 0.992061 0.044008
vn -0.117806 0.992061 0.044008
vn -0.117806 0.992061 0.044008
vn -0.117806 0.992061 0.044008
vn 0.089427 0.939919 -0.329477
vn 0.089427 0.939919 -0.329477
vn 0.089427 0.939919 -0.329477
vn 0.089427 0.939919 -0.329476
vn 0.247830 0.944484 -0.215707
vn 0.247830 0.944484 -0.215707
vn 0.247830 0.944484 -0.215707
vn 0.247830 0.944484 -0.215707
vn -0.142919 0.964675 -0.221307
vn -0.142919 0.964675 -0.221307
vn -0.142919 0.964675 -0.221307
vn -0.142919 0.964675 -0.221307
vn 0.185329 0.978993 -0.085008
vn 0.185329 0.978993 -0.085008
vn 0.185329 0.978993 -0.085008
vn 0.185329 0.978993 -0.085008
vn -0.052277 0.993231 -0.103732
vn -0.052277 0.993231 -0.103732
vn -0.052277 0.993231 -0.103732
vn -0.052277 0.993231 -0.103732
vn 0.094836 0.992178 -0.081170
vn 0.094836 0.992178 -0.081170
vn 0.094836 0.992178 -0.081170
vn 0.094836 0.992178 -0.081170
vn 0.097340 0.988163 -0.118566
vn 0.097340 0.988163 -0.118566
vn 0.097340 0.988163 -0.118566
vn 0.097340 0.988163 -0.118566
vn 0.049237 0.984364 -0.169125
vn 0.049237 0.984364 -0.169125
vn 0.049237 0.984364 -0.169125
vn 0.049237 0.984364 -0.169125
vn 0.054844 0.983552 -0.172100
vn 0.054844 0.983552 -0.172100
vn 0.054844 0.983552 -0.172100
vn 0.054844 0.983552 -0.172100
vn 0.103657 0.987293 -0.120447
vn 0.103657 0.987293 -0.120447
vn 0.103657 0.987293 -0.120447
vn 0.103657 0.987293 -0.120447
vn 0.094382 0.982322 -0.161665
vn 0.094382 0.982322 -0.161665
vn 0.094382 0.982322 -0.161665
vn 0.094382 0.982322 -0.161665
vn -0.246661 0.954906 -0.165269
vn -0.246661 0.954906 -0.165269
vn -0.246661 0.954906 -0.165269
vn -0.246661 0.954906 -0.165269
vn 0.020188 0.973741 -0.226763
vn 0.020188 0.973741 -0.226763
vn 0.020188 0.973741 -0.226763
vn 0.020188 0.973741 -0.226763
vn -0.039938 0.967290 -0.250508
vn -0.039938 0.967290 -0.250508
vn -0.039938 0.967290 -0.250508
vn -0.039938 0.967290 -0.250508
vn 0.104689 0.981398 -0.160931
vn 0.104689 0.981398 -0.160931
vn 0.104689 0.981398 -0.160931
vn 0.104689 0.981398 -0.160931
vn 0.070001 0.972961 -0.220105
vn 0.070001 0.972961 -0.220105
vn 0.070001 0.972961 -0.220105
vn 0.070001 0.972961 -0.220105
vn -0.065624 0.977996 -0.198032
vn -0.065624 0.977996 -0.198032
vn -0.065624 0.977996 -0.198032
vn -0.065624 0.977996 -0.198032
vn -0.077909 0.982831 -0.167255
vn -0.077909 0.982831 -0.167255
vn -0.077909 0.982831 -0.167255
vn -0.077909 0.982831 -0.167255
vn 0.069485 0.959948 -0.271427
vn 0.069485 0.959948 -0.271427
vn 0.069485 0.959948 -0.271427
vn 0.069485 0.959948 -0.271427
vn -0.070188 0.977124 -0.200755
vn -0.070188 0.977124 -0.200755
vn -0.070188 0.977124 -0.200755
vn -0.070188 0.977124 -0.200755
vn 0.075950 0.986415 -0.145664
vn 0.075950 0.986415 -0.145664
vn 0.075950 0.986415 -0.145664
vn 0.075949 0.986415 -0.145664
vn -0.025938 0.989075 -0.145114
vn -0.025938 0.989075 -0.145114
vn -0.025938 0.989075 -0.145114
vn -0.025938 0.989075 -0.145114
vn -0.075170 0.988937 -0.127877
vn -0.075170 0.988937 -0.127877
vn -0.075170 0.988937 -0.127877
vn -0.075170 0.988937 -0.127877
vn -0.092908 0.972304 -0.214460
vn -0.092908 0.972304 -0.214460
vn -0.092908 0.972304 -0.214460
vn -0.092908 0.972304 -0.214460
vn -0.070756 0.982823 -0.170450
vn -0.070756 0.982823 -0.170450
vn -0.070756 0.982823 -0.170450
vn -0.070756 0.982823 -0.170450
vn -0.123320 0.958115 -0.258472
vn -0.123320 0.958115 -0.258472
vn -0.123320 0.958115 -0.258472
vn -0.123320 0.958115 -0.258472
vn -0.183261 0.959468 -0.214095
vn -0.183261 0.959468 -0.214095
vn -0.183261 0.959468 -0.214095
vn -0.183261 0.959468 -0.214095
vn -0.109453 0.953353 -0.281314
vn -0.109453 0.953353 -0.281314
vn -0.109453 0.953353 -0.281314
vn -0.109453 0.953353 -0.281314
vn 0.046058 0.982716 -0.179297
vn 0.046058 0.982716 -0.179297
vn 0.046058 0.982716 -0.179297
vn 0.046058 0.982716 -0.179297
vn -0.054578 0.997262 -0.049892
vn -0.054578 0.997262 -0.049892
vn -0.054578 0.997262 -0.049892
vn -0.054578 0.997262 -0.049892
vn -0.154408 0.983403 -0.095269
vn -0.154408 0.983403 -0.095269
vn -0.154408 0.983403 -0.095269
vn -0.154408 0.983403 -0.095269
vn -0.191358 0.981228 0.023955
vn -0.191358 0.981228 0.023955
vn -0.191358 0.981228 0.023955
vn -0.191358 0.981228 0.023955
vn -0.241540 0.955560 -0.169005
vn -0.241540 0.955560 -0.169005
vn -0.241540 0.955560 -0.169005
vn -0.241540 0.955560 -0.169005
vn -0.136098 0.974730 -0.177138
vn -0.136098 0.974730 -0.177138
vn -0.136098 0.974730 -0.177138
vn -0.136098 0.974730 -0.177138
vn -0.159475 0.987052 0.017188
vn -0.159475 0.987052 0.017188
vn -0.159475 0.987052 0.017188
vn -0.159475 0.987052 0.017188
vn -0.165193 0.985559 -0.037199
vn -0.165193 0.985559 -0.037199
vn -0.165193 0.985559 -0.037199
vn -0.165193 0.985559 -0.037199
vn -0.345993 0.934826 0.079927
vn -0.345993 0.934826 0.079927
vn -0.345993 0.934826 0.079927
vn -0.345993 0.934826 0.079927
vn -0.262086 0.932039 -0.250229
vn -0.262086 0.932039 -0.250229
vn -0.262086 0.932039 -0.250229
vn -0.262086 0.932039 -0.250229
vn -0.255290 0.952913 0.163659
vn -0.255290 0.952913 0.163659
vn -0.255290 0.952913 0.163659
vn -0.255290 0.952913 0.163659
vn -0.332125 0.943101 -0.015915
vn -0.332125 0.943101 -0.015915
vn -0.332125 0.943101 -0.015915
vn -0.332125 0.943101 -0.015915
vn -0.164074 0.946145 0.279088
vn -0.164074 0.946145 0.279088
vn -0.164074 0.946145 0.279088
vn -0.164074 0.946145 0.279088
vn -0.170071 0.985321 0.014800
vn -0.170071 0.985321 0.014800
vn -0.170071 0.985321 0.014800
vn -0.170071 0.985321 0.014800
vn -0.298215 0.946693 0.121817
vn -0.298215 0.946693 0.121817
vn -0.298215 0.946693 0.121817
vn -0.298215 0.946693 0.121817
vn -0.184971 0.956548 -0.225391
vn -0.184971 0.956548 -0.225391
vn -0.184971 0.956548 -0.225391
vn -0.184971 0.956548 -0.225391
vn -0.230968 0.949923 0.210477
vn -0.230968 0.949923 0.210477
vn -0.230968 0.949923 0.210477
vn -0.230968 0.949923 0.210477
vn -0.219240 0.965073 -0.143414
vn -0.219240 0.965073 -0.143414
vn -0.219240 0.965073 -0.143414
vn -0.219240 0.965073 -0.143414
vn -0.251382 0.965382 0.069607
vn -0.251382 0.965382 0.069607
vn -0.251382 0.965382 0.069607
vn -0.251382 0.965382 0.069607
vn -0.251821 0.967660 -0.014843
vn -0.251821 0.967660 -0.014843
vn -0.251821 0.967660 -0.014843
vn -0.251821 0.967660 -0.014843
vn -0.339395 0.927454 0.156975
vn -0.339395 0.927454 0.156975
vn -0.339395 0.927454 0.156975
vn -0.339395 0.927454 0.156975
vn -0.269883 0.962466 0.028676
vn -0.269883 0.962466 0.028676
vn -0.269883 0.962466 0.028676
vn -0.269883 0.962466 0.028676
vn -0.182638 0.976362 0.115588
vn -0.182638 0.976362 0.115588
vn -0.182638 0.976362 0.115588
vn -0.182638 0.976362 0.115588
vn -0.166438 0.981174 0.097962
vn -0.166438 0.981174 0.097962
vn -0.166438 0.981174 0.097962
vn -0.166438 0.981174 0.097962
vn -0.162668 0.986616 -0.011296
vn -0.162668 0.986616 -0.011296
vn -0.162668 0.986616 -0.011296
vn -0.162668 0.986616 -0.011296
vn -0.128305 0.980000 0.152111
vn -0.128305 0.980000 0.152111
vn -0.128305 0.980000 0.152111
vn -0.128305 0.980000 0.152111
vn -0.224086 0.972650 0.061135
vn -0.224086 0.972650 0.061135
vn -0.224086 0.972650 0.061135
vn -0.224086 0.972650 0.061135
vn -0.252704 0.951226 0.176947
vn -0.252704 0.951226 0.176947
vn -0.252704 0.951226 0.176947
vn -0.252704 0.951226 0.176947
vn -0.114719 0.984919 0.129518
vn -0.114719 0.984919 0.129518
vn -0.114719 0.984919 0.129518
vn -0.114719 0.984919 0.129518
vn -0.109418 0.981561 0.156736
vn -0.109418 0.981561 0.156736
vn -0.109418 0.981561 0.156736
vn -0.109418 0.981561 0.156736
vn -0.186185 0.980588 0.061509
vn -0.186185 0.980588 0.061509
vn -0.186185 0.980588 0.061509
vn -0.186185 0.980588 0.061509
vn -0.165848 0.977800 0.128065
vn -0.165848 0.977800 0.128065
vn -0.165848 0.977800 0.128065
vn -0.165848 0.977800 0.128065
vn -0.178121 0.970072 0.165026
vn -0.178121 0.970072 0.165026
vn -0.178121 0.970072 0.165026
vn -0.178121 0.970072 0.165026
vn -0.258928 0.962652 0.079110
vn -0.258928 0.962652 0.079110
vn -0.258928 0.962652 0.079110
vn -0.258928 0.962652 0.079110
vn -0.027344 0.999222 0.028418
vn -0.027344 0.999222 0.028418
vn -0.027344 0.999222 0.028418
vn -0.027344 0.999222 0.028418
vn -0.124656 0.990639 0.055637
vn -0.124656 0.990639 0.055637
vn -0.124656 0.990639 0.055637
vn -0.124656 0.990639 0.055637
vn 0.014642 0.991224 0.131382
vn 0.014642 0.991224 0.131382
vn 0.014642 0.991224 0.131382
vn 0.014642 0.991224 0.131382
vn -0.121841 0.988648 0.087914
vn -0.121841 0.988648 0.087914
vn -0.121841 0.988648 0.087914
vn -0.121841 0.988648 0.087914
vn 0.044973 0.987602 0.150396
vn 0.044973 0.987602 0.150396
vn 0.044973 0.987602 0.150396
vn 0.044973 0.987602 0.150396
vn -0.111045 0.984979 0.132232
vn -0.111045 0.984979 0.132232
vn -0.111045 0.984979 0.132232
vn -0.111045 0.984979 0.132232
vn 0.014770 0.978137 0.207435
vn 0.014770 0.978137 0.207435
vn 0.014770 0.978137 0.207435
vn 0.014770 0.978137 0.207435
vn -0.025145 0.981551 0.189540
vn -0.025145 0.981551 0.189540
vn -0.025145 0.981551 0.189540
vn -0.025145 0.981551 0.189540
vn 0.016645 0.992605 0.120245
vn 0.016645 0.992605 0.120245
vn 0.016645 0.992605 0.120245
vn 0.016645 0.992605 0.120245
vn 0.006339 0.998148 0.060502
vn 0.006339 0.998148 0.060502
vn 0.006339 0.998148 0.060502
vn 0.006339 0.998148 0.060502
vn -0.008655 0.982106 0.188130
vn -0.008655 0.982106 0.188130
vn -0.008655 0.982106 0.188130
vn -0.008655 0.982106 0.188130
vn 0.024148 0.989347 0.143559
vn 0.024148 0.989347 0.143559
vn 0.024148 0.989347 0.143559
vn 0.024148 0.989347 0.143559
vn 0.115126 0.988642 0.096604
vn 0.115126 0.988642 0.096604
vn 0.115126 0.988642 0.096604
vn 0.115126 0.988642 0.096604
vn -0.134907 0.975303 0.174885
vn -0.134907 0.975303 0.174885
vn -0.134907 0.975303 0.174885
vn -0.134907 0.975303 0.174885
vn 0.120835 0.969814 0.211803
vn 0.120835 0.969814 0.211803
vn 0.120835 0.969814 0.211803
vn 0.120835 0.969814 0.211803
vn 0.086468 0.987568 0.131275
vn 0.086468 0.987568 0.131275
vn 0.086468 0.987568 0.131275
vn 0.086468 0.987568 0.131275
vn 0.053417 0.963203 0.263415
vn 0.053417 0.963203 0.263415
vn 0.053417 0.963203 0.263415
vn 0.053417 0.963203 0.263415
vn -0.094246 0.960275 0.262657
vn -0.094246 0.960275 0.262657
vn -0.094246 0.960275 0.262657
vn -0.094246 0.960275 0.262657
vn 0.073241 0.958240 0.276428
vn 0.073241 0.958240 0.276428
vn 0.073241 0.958240 0.276428
vn 0.073241 0.958240 0.276428
vn -0.025285 0.959720 0.279818
vn -0.025285 0.959720 0.279818
vn -0.025285 0.959720 0.279818
vn -0.025285 0.959720 0.279818
vn 0.084992 0.972134 0.218475
vn 0.084992 0.972134 0.218475
vn 0.084992 0.972134 0.218475
vn 0.084992 0.972134 0.218475
vn 0.006125 0.954521 0.298081
vn 0.006125 0.954521 0.298081
vn 0.006125 0.954521 0.298081
vn 0.006125 0.954521 0.298081
vn -0.006267 0.980670 0.195570
vn -0.006267 0.980670 0.195570
vn -0.006267 0.980670 0.195570
vn -0.006267 0.980670 0.195570
vn 0.027337 0.997579 0.063949
vn 0.027337 0.997579 0.063949
vn 0.027337 0.997579 0.063949
vn 0.027337 0.997579 0.063949
vn 0.244922 0.948236 0.202143
vn 0.244922 0.948236 0.202143
vn 0.244922 0.948236 0.202143
vn 0.244922 0.948236 0.202143
vn 0.096933 0.982976 0.156084
vn 0.096933 0.982976 0.156084
vn 0.096933 0.982976 0.156084
vn 0.096933 0.982976 0.156084
vn 0.066220 0.996602 0.048985
vn 0.066220 0.996602 0.048985
vn 0.066220 0.996602 0.048985
vn 0.066220 0.996602 0.048985
vn 0.100426 0.985113 0.139526
vn 0.100426 0.985113 0.139526
vn 0.100426 0.985113 0.139526
vn 0.100426 0.985113 0.139526
vn 0.115205 0.983275 0.141062
vn 0.115205 0.983275 0.141062
vn 0.115205 0.983275 0.141062
vn 0.115205 0.983275 0.141062
vn 0.225710 0.973980 0.020457
vn 0.225710 0.973980 0.020457
vn 0.225710 0.973980 0.020457
vn 0.225710 0.973980 0.020457
vn 0.176454 0.980353 0.088159
vn 0.176454 0.980353 0.088159
vn 0.176454 0.980353 0.088159
vn 0.176454 0.980353 0.088159
vn 0.195454 0.976446 0.091387
vn 0.195454 0.976446 0.091387
vn 0.195454 0.976446 0.091387
vn 0.195454 0.976446 0.091387
vn 0.163193 0.973953 0.157431
vn 0.163193 0.973953 0.157431
vn 0.163193 0.973953 0.157431
vn 0.163193 0.973953 0.157431
vn -0.030075 0.999547 -0.001061
vn -0.030075 0.999547 -0.001061
vn -0.030075 0.999547 -0.001061
vn -0.030075 0.999547 -0.001061
vn 0.089674 0.995598 0.027262
vn 0.089674 0.995598 0.027262
vn 0.089674 0.995598 0.027262
vn 0.089674 0.995598 0.027262
vn 0.139028 0.981026 0.135128
vn 0.139028 0.981026 0.135128
vn 0.139028 0.981026 0.135128
vn 0.139028 0.981026 0.135128
vn 0.194602 0.956723 -0.216359
vn 0.194602 0.956723 -0.216359
vn 0.194602 0.956723 -0.216359
vn 0.194602 0.956723 -0.216359
vn 0.215242 0.974237 0.067334
vn 0.215242 0.974237 0.067334
vn 0.215242 0.974237 0.067334
vn 0.215242 0.974237 0.067334
vn 0.388385 0.921497 -0.000721
vn 0.388385 0.921497 -0.000721
vn 0.388385 0.921497 -0.000721
vn 0.388385 0.921497 -0.000721
vn 0.206271 0.978266 -0.021170
vn 0.206271 0.978266 -0.021170
vn 0.206271 0.978266 -0.021170
vn 0.206271 0.978266 -0.021170
vn 0.186113 0.970522 -0.153131
vn 0.186113 0.970522 -0.153131
vn 0.186113 0.970522 -0.153131
vn 0.186113 0.970522 -0.153131
vn 0.241103 0.950603 0.195506
vn 0.241103 0.950603 0.195506
vn 0.241103 0.950603 0.195506
vn 0.241103 0.950603 0.195506
vn 0.327168 0.940000 0.096753
vn 0.327168 0.940000 0.096753
vn 0.327168 0.940000 0.096753
vn 0.327168 0.940000 0.096753
vn 0.200352 0.978582 0.047289
vn 0.200352 0.978582 0.047289
vn 0.200352 0.978582 0.047289
vn 0.200352 0.978582 0.047289
vn 0.211820 0.976376 -0.042695
vn 0.211820 0.976376 -0.042695
vn 0.211820 0.976376 -0.042695
vn 0.211820 0.976376 -0.042695
vn 0.120738 0.977934 -0.170492
vn 0.120738 0.977934 -0.170492
vn 0.120738 0.977934 -0.170492
vn 0.120738 0.977934 -0.170492
vn 0.464310 0.884944 0.035914
vn 0.464310 0.884944 0.035914
vn 0.464310 0.884944 0.035914
vn 0.464310 0.884944 0.035914
vn 0.289205 0.945867 -0.147297
vn 0.289205 0.945867 -0.147297
vn 0.289205 0.945867 -0.147297
vn 0.289205 0.945867 -0.147297
vn 0.125877 0.991677 -0.027055
vn 0.125877 0.991677 -0.027055
vn 0.125877 0.991677 -0.027055
vn 0.125877 0.991677 -0.027055
vn 0.180378 0.977056 0.113246
vn 0.180378 0.977056 0.113246
vn 0.180378 0.977056 0.113246
vn 0.180378 0.977056 0.113246
vn -0.242365 0.969572 -0.034487
vn -0.242366 0.969572 -0.034487
vn -0.242366 0.969572 -0.034487
vn -0.242366 0.969572 -0.034487
vn -0.182837 0.950181 -0.252441
vn -0.182837 0.950181 -0.252441
vn -0.182837 0.950181 -0.252441
vn -0.182837 0.950181 -0.252441
vn 0.265626 0.946606 -0.182704
vn 0.265626 0.946606 -0.182704
vn 0.265626 0.946606 -0.182704
vn 0.265626 0.946606 -0.182704
vn 0.274153 0.955434 -0.109479
vn 0.274153 0.955434 -0.109479
vn 0.274153 0.955434 -0.109479
vn 0.274153 0.955434 -0.109479
vn 0.110117 0.896630 -0.428870
vn 0.110117 0.896630 -0.428870
vn 0.110117 0.896630 -0.428870
vn 0.110117 0.896630 -0.428870
vn 0.487791 0.872250 -0.035209
vn 0.487791 0.872250 -0.035209
vn 0.487791 0.872250 -0.035209
vn 0.487791 0.872250 -0.035209
vn 0.062908 0.971676 -0.227792
vn 0.062908 0.971676 -0.227792
vn 0.062908 0.971676 -0.227792
vn 0.062908 0.971676 -0.227792
vn 0.381034 0.924224 -0.024964
vn 0.381034 0.924224 -0.024964
vn 0.381034 0.924224 -0.024964
vn 0.381034 0.924224 -0.024964
vn 0.147532 0.980023 -0.133374
vn 0.147532 0.980023 -0.133374
vn 0.147532 0.980023 -0.133374
vn 0.147532 0.980023 -0.133374
vn 0.135783 0.986462 -0.091956
vn 0.135783 0.986462 -0.091956
vn 0.135783 0.986462 -0.091956
vn 0.135783 0.986462 -0.091956
vn -0.094107 0.979526 -0.177967
vn -0.094107 0.979526 -0.177967
vn -0.094107 0.979526 -0.177967
vn -0.094107 0.979526 -0.177967
vn 0.134439 0.990656 -0.022962
vn 0.134439 0.990656 -0.022962
vn 0.134439 0.990656 -0.022962
vn 0.134439 0.990656 -0.022962
vn 0.342288 0.913894 -0.218258
vn 0.342288 0.913894 -0.218258
vn 0.342288 0.913894 -0.218258
vn 0.342288 0.913894 -0.218258
vn 0.192135 0.973369 -0.125046
vn 0.192135 0.973369 -0.125046
vn 0.192135 0.973369 -0.125046
vn 0.192135 0.973369 -0.125046
vn -0.050808 0.958450 -0.280701
vn -0.050808 0.958450 -0.280701
vn -0.050808 0.958450 -0.280701
vn -0.050808 0.958450 -0.280701
vn 0.153422 0.984867 0.080609
vn 0.153422 0.984867 0.080609
vn 0.153422 0.984867 0.080609
vn 0.153422 0.984867 0.080609
vn 0.124715 0.981899 -0.142550
vn 0.124715 0.981899 -0.142550
vn 0.124715 0.981899 -0.142550
vn 0.124715 0.981899 -0.142550
vn 0.053796 0.983477 -0.172853
vn 0.053796 0.983477 -0.172853
vn 0.053796 0.983477 -0.172853
vn 0.053796 0.983477 -0.172853
vn -0.083355 0.958059 -0.274181
vn -0.083355 0.958059 -0.274181
vn -0.083355 0.958059 -0.274181
vn -0.083355 0.958059 -0.274181
vn 0.139794 0.968100 -0.207943
vn 0.139794 0.968100 -0.207943
vn 0.139794 0.968100 -0.207943
vn 0.139794 0.968100 -0.207943
vn 0.105545 0.861157 -0.497261
vn 0.105545 0.861157 -0.497261
vn 0.105545 0.861157 -0.497261
vn 0.105545 0.861157 -0.497261
vn 0.225150 0.915369 -0.333776
vn 0.225150 0.915369 -0.333776
vn 0.225150 0.915369 -0.333776
vn 0.225150 0.915369 -0.333776
vn 0.186838 0.919105 -0.346898
vn 0.186838 0.919105 -0.346898
vn 0.186838 0.919105 -0.346898
vn 0.186838 0.919105 -0.346898
vn 0.232916 0.916842 -0.324271
vn 0.232916 0.916842 -0.324271
vn 0.232916 0.916842 -0.324271
vn 0.232916 0.916842 -0.324271
vn 0.228837 0.963635 -0.137987
vn 0.228837 0.963635 -0.137987
vn 0.228837 0.963635 -0.137987
vn 0.228837 0.963635 -0.137987
vn 0.192967 0.930580 -0.311102
vn 0.192967 0.930580 -0.311102
vn 0.192967 0.930580 -0.311102
vn 0.192967 0.930580 -0.311102
vn -0.070370 0.931725 -0.356282
vn -0.070370 0.931725 -0.356282
vn -0.070370 0.931725 -0.356282
vn -0.070370 0.931725 -0.356282
vn 0.037315 0.882450 -0.468923
vn 0.037315 0.882450 -0.468923
vn 0.037315 0.882450 -0.468923
vn 0.037315 0.882450 -0.468923
vn -0.175984 0.980358 0.089037
vn -0.175984 0.980358 0.089037
vn -0.175984 0.980358 0.089037
vn -0.175984 0.980358 0.089037
vn -0.273511 0.944992 0.179393
vn -0.273511 0.944992 0.179393
vn -0.273511 0.944992 0.179393
vn -0.273511 0.944992 0.179393
vn 0.015889 0.921118 -0.388958
vn 0.015889 0.921118 -0.388959
vn 0.015889 0.921118 -0.388959
vn 0.015889 0.921118 -0.388959
vn 0.136094 0.986227 0.093996
vn 0.136094 0.986227 0.093996
vn 0.136094 0.986227 0.093996
vn 0.136094 0.986227 0.093996
vn -0.049621 0.966064 -0.253491
vn -0.049621 0.966064 -0.253491
vn -0.049621 0.966064 -0.253491
vn -0.049621 0.966064 -0.253491
vn 0.020987 0.991617 -0.127500
vn 0.020987 0.991617 -0.127500
vn 0.020987 0.991617 -0.127500
vn 0.020987 0.991617 -0.127500
vn -0.032041 0.982788 -0.181935
vn -0.032041 0.982788 -0.181935
vn -0.032041 0.982788 -0.181935
vn -0.032041 0.982788 -0.181935
vn -0.048496 0.996899 -0.061975
vn -0.048496 0.996899 -0.061975
vn -0.048496 0.996899 -0.061975
vn -0.048496 0.996899 -0.061975
vn -0.125865 0.973827 -0.189259
vn -0.125865 0.973827 -0.189259
vn -0.125865 0.973827 -0.189259
vn -0.125865 0.973827 -0.189259
vn 0.028418 0.993576 -0.109542
vn 0.028418 0.993576 -0.109541
vn 0.028418 0.993576 -0.109542
vn 0.028418 0.993576 -0.109542
vn -0.058065 0.989260 -0.134140
vn -0.058065 0.989260 -0.134140
vn -0.058065 0.989260 -0.134140
vn -0.058065 0.989260 -0.134140
vn -0.110085 0.991294 -0.072229
vn -0.110085 0.991294 -0.072229
vn -0.110085 0.991294 -0.072229
vn -0.110085 0.991294 -0.072229
vn -0.167806 0.973073 -0.158021
vn -0.167806 0.973073 -0.158021
vn -0.167806 0.973073 -0.158021
vn -0.167806 0.973073 -0.158021
vn 0.103050 0.991252 -0.082465
vn 0.103050 0.991252 -0.082465
vn 0.103050 0.991252 -0.082465
vn 0.103050 0.991252 -0.082465
vn -0.051994 0.996968 -0.057892
vn -0.051994 0.996968 -0.057892
vn -0.051994 0.996968 -0.057892
vn -0.051994 0.996968 -0.057892
vn 0.056072 0.965736 -0.253397
vn 0.056072 0.965736 -0.253397
vn 0.056072 0.965736 -0.253397
vn 0.056072 0.965736 -0.253397
vn -0.126737 0.952030 -0.278527
vn -0.126737 0.952030 -0.278527
vn -0.126737 0.952030 -0.278527
vn -0.126737 0.952030 -0.278527
vn -0.235075 0.917803 -0.319966
vn -0.235075 0.917803 -0.319966
vn -0.235075 0.917803 -0.319966
vn -0.235075 0.917803 -0.319966
vn -0.196630 0.978319 -0.065034
vn -0.196630 0.978319 -0.065034
vn -0.196630 0.978319 -0.065034
vn -0.196630 0.978319 -0.065034
vn -0.217920 0.963077 -0.158094
vn -0.217920 0.963077 -0.158094
vn -0.217920 0.963077 -0.158094
vn -0.217920 0.963077 -0.158094
vn -0.166216 0.973708 -0.155773
vn -0.166216 0.973708 -0.155773
vn -0.166216 0.973708 -0.155773
vn -0.166216 0.973708 -0.155773
vn -0.140107 0.986396 -0.085988
vn -0.140107 0.986396 -0.085988
vn -0.140107 0.986396 -0.085988
vn -0.140107 0.986396 -0.085988
vn -0.074685 0.993804 -0.082314
vn -0.074685 0.993804 -0.082314
vn -0.074685 0.993804 -0.082314
vn -0.074685 0.993804 -0.082314
vn -0.118539 0.980074 -0.159385
vn -0.118539 0.980074 -0.159385
vn -0.118539 0.980074 -0.159385
vn -0.118539 0.980074 -0.159385
vn -0.159431 0.987203 -0.003349
vn -0.159431 0.987203 -0.003349
vn -0.159431 0.987203 -0.003349
vn -0.159431 0.987203 -0.003349
vn -0.167390 0.980694 -0.101096
vn -0.167390 0.980694 -0.101096
vn -0.167390 0.980694 -0.101096
vn -0.167390 0.980694 -0.101096
vn -0.036079 0.947797 0.316828
vn -0.036079 0.947797 0.316828
vn -0.036079 0.947797 0.316828
vn -0.036079 0.947797 0.316828
vn -0.120706 0.989142 0.083833
vn -0.120706 0.989142 0.083833
vn -0.120706 0.989142 0.083833
vn -0.120706 0.989142 0.083833
vn -0.148958 0.955502 0.254613
vn -0.148958 0.955502 0.254613
vn -0.148958 0.955502 0.254613
vn -0.148958 0.955502 0.254613
vn -0.244856 0.915104 0.320359
vn -0.244856 0.915104 0.320359
vn -0.244856 0.915104 0.320359
vn -0.244856 0.915104 0.320359
vn -0.113260 0.988512 -0.100084
vn -0.113260 0.988512 -0.100084
vn -0.113260 0.988512 -0.100084
vn -0.113260 0.988512 -0.100084
vn -0.228247 0.944524 -0.236174
vn -0.228247 0.944524 -0.236174
vn -0.228247 0.944524 -0.236174
vn -0.228247 0.944524 -0.236174
vn -0.085148 0.981366 -0.172251
vn -0.085148 0.981366 -0.172251
vn -0.085148 0.981366 -0.172251
vn -0.085148 0.981366 -0.172251
vn -0.510696 0.842888 0.169496
vn -0.510696 0.842888 0.169496
vn -0.510696 0.842888 0.169496
vn -0.510696 0.842888 0.169496
vn -0.333574 0.942654 0.011448
vn -0.333574 0.942654 0.011448
vn -0.333574 0.942654 0.011448
vn -0.333574 0.942654 0.011448
vn -0.032295 0.997894 -0.056257
vn -0.032295 0.997894 -0.056257
vn -0.032295 0.997894 -0.056257
vn -0.032295 0.997894 -0.056257
vn 0.046873 0.968017 -0.246465
vn 0.046873 0.968018 -0.246465
vn 0.046873 0.968018 -0.246465
vn 0.046873 0.968018 -0.246465
vn -0.053903 0.994943 -0.084754
vn -0.053903 0.994943 -0.084754
vn -0.053903 0.994943 -0.084754
vn -0.053903 0.994943 -0.084754
vn -0.261025 0.945251 0.195872
vn -0.261025 0.945251 0.195872
vn -0.261025 0.945251 0.195872
vn -0.261025 0.945251 0.195872
vn -0.127765 0.990083 0.058415
vn -0.127765 0.990083 0.058415
vn -0.127765 0.990083 0.058415
vn -0.127765 0.990083 0.058415
vn -0.097750 0.959509 0.264172
vn -0.097750 0.959509 0.264172
vn -0.097750 0.959509 0.264172
vn -0.097750 0.959509 0.264172
vn -0.128399 0.968477 0.213463
vn -0.128399 0.968477 0.213463
vn -0.128399 0.968477 0.213463
vn -0.128399 0.968477 0.213463
vn 0.037924 0.953962 0.297521
vn 0.037924 0.953962 0.297521
vn 0.037924 0.953962 0.297521
vn 0.037924 0.953962 0.297521
vn -0.190327 0.981681 -0.008830
vn -0.190327 0.981681 -0.008830
vn -0.190327 0.981681 -0.008830
vn -0.190327 0.981681 -0.008830
vn -0.311226 0.934904 0.170568
vn -0.311226 0.934904 0.170568
vn -0.311226 0.934904 0.170568
vn -0.311226 0.934904 0.170568
vn -0.343153 0.911914 0.225077
vn -0.343153 0.911914 0.225077
vn -0.343153 0.911914 0.225077
vn -0.343153 0.911914 0.225077
vn -0.053379 0.993903 0.096480
vn -0.053379 0.993903 0.096480
vn -0.053379 0.993903 0.096480
vn -0.053379 0.993903 0.096480
vn -0.160273 0.968312 0.191534
vn -0.160273 0.968312 0.191534
vn -0.160273 0.968312 0.191534
vn -0.160273 0.968312 0.191534
vn 0.161993 0.984307 -0.069983
vn 0.161993 0.984307 -0.069983
vn 0.161993 0.984307 -0.069983
vn 0.161993 0.984307 -0.069983
vn 0.168671 0.981029 -0.095558
vn 0.168671 0.981029 -0.095558
vn 0.168671 0.981029 -0.095558
vn 0.168671 0.981029 -0.095558
vn -0.135349 0.990449 0.026307
vn -0.135349 0.990449 0.026307
vn -0.135349 0.990449 0.026307
vn -0.135349 0.990449 0.026307
vn 0.120658 0.991173 -0.054939
vn 0.120658 0.991173 -0.054939
vn 0.120658 0.991173 -0.054939
vn 0.120658 0.991173 -0.054939
vn 0.024592 0.991228 0.129856
vn 0.024592 0.991228 0.129856
vn 0.024592 0.991228 0.129856
vn 0.024592 0.991228 0.129856
vn -0.036298 0.992860 0.113625
vn -0.036298 0.992860 0.113625
vn -0.036298 0.992860 0.113625
vn -0.036298 0.992860 0.113625
vn 0.011877 0.989451 0.144381
vn 0.011877 0.989451 0.144381
vn 0.011877 0.989451 0.144381
vn 0.011877 0.989451 0.144381
vn -0.047331 0.996704 -0.065886
vn -0.047331 0.996704 -0.065886
vn -0.047331 0.996704 -0.065886
vn -0.047331 0.996704 -0.065886
vn 0.158611 0.987317 0.006938
vn 0.158610 0.987317 0.006938
vn 0.158610 0.987317 0.006938
vn 0.158611 0.987317 0.006938
vn 0.058403 0.997842 -0.030011
vn 0.058403 0.997842 -0.030011
vn 0.058403 0.997842 -0.030011
vn 0.058403 0.997842 -0.030011
vn -0.031306 0.983900 0.175957
vn -0.031306 0.983900 0.175957
vn -0.031306 0.983900 0.175957
vn -0.031306 0.983900 0.175957
vn 0.041569 0.987122 0.154477
vn 0.041569 0.987122 0.154477
vn 0.041569 0.987122 0.154477
vn 0.041569 0.987122 0.154477
vn 0.119822 0.984153 0.130712
vn 0.119822 0.984153 0.130712
vn 0.119822 0.984153 0.130712
vn 0.119822 0.984153 0.130712
vn -0.075886 0.995320 0.059831
vn -0.075886 0.995320 0.059831
vn -0.075886 0.995320 0.059831
vn -0.075886 0.995320 0.059831
vn -0.088381 0.984580 0.150967
vn -0.088381 0.984580 0.150967
vn -0.088381 0.984580 0.150967
vn -0.088381 0.984580 0.150967
vn -0.056427 0.960513 0.272455
vn -0.056427 0.960513 0.272455
vn -0.056427 0.960513 0.272455
vn -0.056427 0.960513 0.272455
vn 0.162529 0.978877 0.124036
vn 0.162529 0.978877 0.124036
vn 0.162529 0.978877 0.124036
vn 0.162529 0.978877 0.124036
vn 0.106211 0.992559 -0.059547
vn 0.106211 0.992559 -0.059547
vn 0.106211 0.992559 -0.059547
vn 0.106211 0.992559 -0.059547
vn -0.124249 0.989166 0.078187
vn -0.124249 0.989166 0.078187
vn -0.124249 0.989166 0.078187
vn -0.124249 0.989166 0.078187
vn -0.026397 0.998312 -0.051734
vn -0.026397 0.998312 -0.051734
vn -0.026397 0.998312 -0.051734
vn -0.026397 0.998312 -0.051734
vn 0.044412 0.994652 0.093245
vn 0.044412 0.994652 0.093245
vn 0.044412 0.994652 0.093245
vn 0.044412 0.994652 0.093245
vn -0.074560 0.996967 0.022328
vn -0.074560 0.996967 0.022328
vn -0.074560 0.996967 0.022328
vn -0.074560 0.996967 0.022328
vn -0.099071 0.988916 0.110592
vn -0.099071 0.988916 0.110592
vn -0.099071 0.988916 0.110592
vn -0.099071 0.988916 0.110592
vn 0.033118 0.936948 0.347895
vn 0.033118 0.936948 0.347895
vn 0.033118 0.936948 0.347895
vn 0.033118 0.936948 0.347895
vn -0.036475 0.971986 0.232190
vn -0.036475 0.971986 0.232190
vn -0.036475 0.971986 0.232190
vn -0.036475 0.971986 0.232190
vn 0.009137 0.995689 0.092303
vn 0.009137 0.995689 0.092303
vn 0.009137 0.995689 0.092303
vn 0.009137 0.995689 0.092303
vn -0.030061 0.992670 0.117061
vn -0.030061 0.992670 0.117061
vn -0.030061 0.992670 0.117061
vn -0.030061 0.992670 0.117061
vn 0.236311 0.967962 0.084894
vn 0.236311 0.967962 0.084894
vn 0.236311 0.967962 0.084894
vn 0.236311 0.967962 0.084894
vn 0.174408 0.971769 0.158894
vn 0.174408 0.971769 0.158894
vn 0.174408 0.971769 0.158894
vn 0.174408 0.971769 0.158894
vn 0.156255 0.979820 0.124646
vn 0.156255 0.979820 0.124646
vn 0.156255 0.979820 0.124646
vn 0.156255 0.979820 0.124646
vn 0.066782 0.970899 0.229989
vn 0.066782 0.970899 0.229989
vn 0.066782 0.970899 0.229989
vn 0.066782 0.970899 0.229989
vn 0.103612 0.992069 0.071153
vn 0.103612 0.992069 0.071153
vn 0.103612 0.992069 0.071153
vn 0.103612 0.992069 0.071153
vn 0.097454 0.992707 0.070963
vn 0.097454 0.992707 0.070963
vn 0.097454 0.992707 0.070963
vn 0.097454 0.992707 0.070963
vn 0.158553 0.977212 0.141128
vn 0.158553 0.977212 0.141128
vn 0.158553 0.977212 0.141128
vn 0.158553 0.977212 0.141128
vn 0.122695 0.992286 -0.017730
vn 0.122695 0.992286 -0.017730
vn 0.122695 0.992286 -0.017730
vn 0.122695 0.992286 -0.017730
vn -0.071984 0.997363 0.009244
vn -0.071984 0.997363 0.009244
vn -0.071984 0.997363 0.009244
vn -0.071984 0.997363 0.009244
vn 0.174120 0.984515 -0.020305
vn 0.174120 0.984515 -0.020305
vn 0.174120 0.984515 -0.020305
vn 0.174120 0.984515 -0.020305
vn 0.254559 0.966203 0.040641
vn 0.254559 0.966203 0.040641
vn 0.254559 0.966203 0.040641
vn 0.254559 0.966203 0.040641
vn 0.200858 0.977233 -0.068355
vn 0.200858 0.977233 -0.068355
vn 0.200858 0.977233 -0.068355
vn 0.200858 0.977233 -0.068355
vn 0.092884 0.983799 0.153334
vn 0.092884 0.983799 0.153334
vn 0.092884 0.983799 0.153334
vn 0.092884 0.983799 0.153334
vn 0.178934 0.983827 -0.008172
vn 0.178934 0.983827 -0.008172
vn 0.178934 0.983827 -0.008172
vn 0.178934 0.983827 -0.008172
vn 0.124110 0.992233 0.008346
vn 0.124110 0.992233 0.008346
vn 0.124110 0.992233 0.008346
vn 0.124110 0.992233 0.008346
vn 0.076897 0.996800 0.021822
vn 0.076897 0.996800 0.021822
vn 0.076897 0.996800 0.021822
vn 0.076897 0.996800 0.021822
vn 0.214631 0.967922 0.130617
vn 0.214631 0.967922 0.130617
vn 0.214631 0.967922 0.130617
vn 0.214631 0.967922 0.130617
vn 0.235176 0.969528 -0.068617
vn 0.235176 0.969528 -0.068617
vn 0.235176 0.969528 -0.068617
vn 0.235176 0.969528 -0.068617
vn 0.199259 0.968882 0.146847
vn 0.199259 0.968882 0.146847
vn 0.199259 0.968882 0.146847
vn 0.199259 0.968882 0.146847
vn 0.093523 0.977556 0.188779
vn 0.093523 0.977556 0.188779
vn 0.093523 0.977556 0.188779
vn 0.093523 0.977556 0.188779
vn 0.131896 0.990967 0.024259
vn 0.131896 0.990967 0.024259
vn 0.131896 0.990967 0.024259
vn 0.131896 0.990967 0.024259
vn 0.015419 0.999127 0.038818
vn 0.015419 0.999127 0.038818
vn 0.015419 0.999127 0.038818
vn 0.015419 0.999127 0.038818
vn 0.138964 0.988746 -0.055420
vn 0.138964 0.988746 -0.055420
vn 0.138964 0.988746 -0.055420
vn 0.138964 0.988746 -0.055420
vn 0.127267 0.991282 -0.034108
vn 0.127267 0.991282 -0.034108
vn 0.127267 0.991282 -0.034108
vn 0.127267 0.991282 -0.034108
vn 0.192578 0.976896 0.092670
vn 0.192578 0.976896 0.092670
vn 0.192578 0.976896 0.092670
vn 0.192578 0.976896 0.092670
vn 0.096149 0.988450 -0.117140
vn 0.096149 0.988450 -0.117140
vn 0.096149 0.988450 -0.117140
vn 0.096149 0.988450 -0.117140
vn 0.248464 0.937529 0.243525
vn 0.248463 0.937530 0.243525
vn 0.248464 0.937529 0.243525
vn 0.248464 0.937529 0.243525
vn -0.122150 0.967120 -0.223067
vn -0.122150 0.967120 -0.223067
vn -0.122150 0.967120 -0.223067
vn -0.122150 0.967120 -0.223067
vn 0.025567 0.998801 -0.041759
vn 0.025567 0.998801 -0.041759
vn 0.025567 0.998801 -0.041759
vn 0.025567 0.998801 -0.041759
vn -0.028266 0.992076 0.122421
vn -0.028266 0.992076 0.122421
vn -0.028266 0.992076 0.122421
vn -0.028266 0.992076 0.122421
vn -0.233420 0.932522 -0.275533
vn -0.233420 0.932522 -0.275533
vn -0.233420 0.932522 -0.275533
vn -0.233421 0.932522 -0.275533
vn 0.133595 0.985953 -0.100242
vn 0.133595 0.985953 -0.100242
vn 0.133595 0.985953 -0.100242
vn 0.133595 0.985953 -0.100242
vn 0.161539 0.975127 0.151765
vn 0.161539 0.975127 0.151765
vn 0.161539 0.975127 0.151765
vn 0.161539 0.975127 0.151765
vn -0.020712 0.947803 -0.318182
vn -0.020712 0.947803 -0.318182
vn -0.020712 0.947803 -0.318182
vn -0.020712 0.947803 -0.318182
vn 0.154612 0.985949 -0.063238
vn 0.154612 0.985949 -0.063238
vn 0.154612 0.985949 -0.063238
vn 0.154612 0.985949 -0.063238
vn 0.120173 0.980168 0.157573
vn 0.120173 0.980168 0.157573
vn 0.120173 0.980168 0.157573
vn 0.120173 0.980168 0.157573
vn 0.041958 0.999072 0.009754
vn 0.041958 0.999072 0.009754
vn 0.041958 0.999072 0.009755
vn 0.041958 0.999072 0.009754
vn -0.123303 0.983357 -0.133437
vn -0.123303 0.983357 -0.133437
vn -0.123303 0.983357 -0.133437
vn -0.123303 0.983357 -0.133437
vn -0.003621 0.965146 -0.261686
vn -0.003621 0.965146 -0.261686
vn -0.003621 0.965146 -0.261686
vn -0.003621 0.965146 -0.261686
vn 0.077641 0.993838 0.079107
vn 0.077641 0.993838 0.079107
vn 0.077641 0.993838 0.079107
vn 0.077641 0.993838 0.079107
vn 0.151805 0.981871 -0.113512
vn 0.151805 0.981871 -0.113512
vn 0.151805 0.981871 -0.113512
vn 0.151805 0.981871 -0.113512
vn -0.031326 0.999258 0.022432
vn -0.031326 0.999258 0.022432
vn -0.031326 0.999258 0.022432
vn -0.031326 0.999258 0.022432
vn 0.207702 0.975531 0.072103
vn 0.207702 0.975531 0.072103
vn 0.207702 0.975531 0.072103
vn 0.207702 0.975531 0.072103
vn 0.009719 0.999903 -0.009974
vn 0.009719 0.999903 -0.009974
vn 0.009719 0.999903 -0.009974
vn 0.009719 0.999903 -0.009974
vn 0.010919 0.996864 -0.078373
vn 0.010919 0.996864 -0.078373
vn 0.010919 0.996864 -0.078373
vn 0.010919 0.996864 -0.078373
vn -0.250366 0.965452 -0.072247
vn -0.250366 0.965452 -0.072247
vn -0.250366 0.965452 -0.072247
vn -0.250366 0.965452 -0.072247
vn -0.016030 0.999692 -0.018964
vn -0.016030 0.999692 -0.018964
vn -0.016030 0.999692 -0.018964
vn -0.016030 0.999692 -0.018964
vn 0.157270 0.982184 0.102863
vn 0.157270 0.982184 0.102863
vn 0.157270 0.982184 0.102863
vn 0.157270 0.982184 0.102863
vn 0.289420 0.951815 0.101408
vn 0.289420 0.951815 0.101408
vn 0.289420 0.951815 0.101408
vn 0.289420 0.951815 0.101408
vn -0.271478 0.956333 -0.108291
vn -0.271478 0.956333 -0.108291
vn -0.271478 0.956333 -0.108291
vn -0.271478 0.956333 -0.108291
vn 0.043968 0.997930 -0.046939
vn 0.043968 0.997930 -0.046939
vn 0.043968 0.997930 -0.046939
vn 0.043968 0.997930 -0.046939
vn -0.137644 0.983129 -0.120467
vn -0.137644 0.983129 -0.120467
vn -0.137644 0.983129 -0.120467
vn -0.137644 0.983129 -0.120467
vn 0.073120 0.994246 -0.078284
vn 0.073120 0.994246 -0.078284
vn 0.073120 0.994246 -0.078284
vn 0.073120 0.994246 -0.078284
vn -0.050988 0.993187 -0.104783
vn -0.050988 0.993187 -0.104783
vn -0.050988 0.993187 -0.104783
vn -0.050988 0.993187 -0.104783
vn 0.147515 0.988363 -0.037128
vn 0.147515 0.988363 -0.037128
vn 0.147515 0.988363 -0.037128
vn 0.147515 0.988363 -0.037128
vn -0.074970 0.996015 -0.048307
vn -0.074970 0.996015 -0.048307
vn -0.074970 0.996015 -0.048307
vn -0.074970 0.996015 -0.048307
vn 0.047941 0.994878 -0.088991
vn 0.047941 0.994878 -0.088991
vn 0.047941 0.994878 -0.088991
vn 0.047941 0.994878 -0.088991
vn 0.061330 0.995652 -0.070115
vn 0.061330 0.995652 -0.070115
vn 0.061330 0.995652 -0.070115
vn 0.061330 0.995652 -0.070115
vn -0.134416 0.983933 -0.117509
vn -0.134416 0.983933 -0.117509
vn -0.134416 0.983933 -0.117509
vn -0.134416 0.983933 -0.117509
vn -0.005818 0.997387 -0.072011
vn -0.005818 0.997387 -0.072011
vn -0.005818 0.997387 -0.072011
vn -0.005818 0.997387 -0.072011
vn -0.040668 0.999173 -0.000345
vn -0.040668 0.999173 -0.000345
vn -0.040668 0.999173 -0.000345
vn -0.040668 0.999173 -0.000345
vn -0.027186 0.998321 -0.051153
vn -0.027186 0.998321 -0.051153
vn -0.027186 0.998321 -0.051153
vn -0.027186 0.998321 -0.051153
vn -0.039646 0.988629 -0.145057
vn -0.039646 0.988629 -0.145057
vn -0.039646 0.988629 -0.145057
vn -0.039646 0.988629 -0.145057
vn 0.027885 0.995643 -0.088975
vn 0.027885 0.995643 -0.088975
vn 0.027885 0.995643 -0.088975
vn 0.027885 0.995643 -0.088975
vn -0.010413 0.999799 -0.017111
vn -0.010413 0.999799 -0.017111
vn -0.010413 0.999799 -0.017111
vn -0.010413 0.999799 -0.017111
vn 0.066952 0.978110 -0.197024
vn 0.066952 0.978110 -0.197024
vn 0.066952 0.978110 -0.197025
vn 0.066952 0.978110 -0.197024
vn -0.126148 0.991994 0.005967
vn -0.126148 0.991994 0.005967
vn -0.126148 0.991994 0.005967
vn -0.126148 0.991994 0.005967
vn 0.058173 0.991801 -0.113782
vn 0.058173 0.991801 -0.113782
vn 0.058173 0.991801 -0.113782
vn 0.058173 0.991801 -0.113782
vn -0.010639 0.998674 -0.050368
vn -0.010639 0.998674 -0.050368
vn -0.010639 0.998674 -0.050368
vn -0.010639 0.998674 -0.050368
vn -0.069319 0.983264 -0.168485
vn -0.069319 0.983264 -0.168485
vn -0.069319 0.983264 -0.168485
vn -0.069319 0.983264 -0.168485
vn -0.066165 0.981673 -0.178716
vn -0.066165 0.981674 -0.178716
vn -0.066165 0.981674 -0.178716
vn -0.066165 0.981673 -0.178716
vn -0.030891 0.999523 -0.000115
vn -0.030891 0.999523 -0.000115
vn -0.030891 0.999523 -0.000115
vn -0.030891 0.999523 -0.000115
vn 0.059934 0.989251 -0.133382
vn 0.059934 0.989251 -0.133382
vn 0.059934 0.989251 -0.133382
vn 0.059934 0.989251 -0.133382
vn 0.004438 0.998634 0.052069
vn 0.004438 0.998634 0.052069
vn 0.004438 0.998634 0.052069
vn 0.004438 0.998634 0.052069
vn 0.065183 0.978895 0.193691
vn 0.065183 0.978895 0.193691
vn 0.065183 0.978895 0.193691
vn 0.065183 0.978895 0.193691
vn -0.242499 0.964080 0.108368
vn -0.242499 0.964080 0.108368
vn -0.242499 0.964080 0.108368
vn -0.242499 0.964080 0.108368
vn 0.023363 0.999518 -0.020429
vn 0.023363 0.999518 -0.020429
vn 0.023363 0.999518 -0.020429
vn 0.023363 0.999518 -0.020429
vn 0.113681 0.992716 -0.039894
vn 0.113681 0.992716 -0.039894
vn 0.113681 0.992716 -0.039894
vn 0.113681 0.992716 -0.039894
vn 0.203266 0.966249 -0.158260
vn 0.203266 0.966249 -0.158260
vn 0.203266 0.966249 -0.158260
vn 0.203266 0.966249 -0.158260
vn -0.060193 0.966956 0.247735
vn -0.060193 0.966956 0.247735
vn -0.060193 0.966956 0.247735
vn -0.060193 0.966956 0.247735
vn 0.064212 0.968350 0.241197
vn 0.064212 0.968350 0.241197
vn 0.064212 0.968350 0.241197
vn 0.064212 0.968350 0.241197
vn 0.001652 0.991683 0.128694
vn 0.001652 0.991683 0.128694
vn 0.001652 0.991683 0.128694
vn 0.001652 0.991683 0.128694
vn 0.101302 0.989726 -0.100899
vn 0.101302 0.989726 -0.100899
vn 0.101302 0.989726 -0.100899
vn 0.101302 0.989726 -0.100899
vn 0.165390 0.985040 0.048400
vn 0.165390 0.985040 0.048400
vn 0.165390 0.985040 0.048400
vn 0.165390 0.985040 0.048400
vn 0.164184 0.979927 -0.113081
vn 0.164184 0.979927 -0.113081
vn 0.164184 0.979927 -0.113081
vn 0.164184 0.979927 -0.113081
vn -0.016733 0.994688 0.101569
vn -0.016733 0.994688 0.101569
vn -0.016733 0.994688 0.101569
vn -0.016733 0.994688 0.101569
vn 0.129039 0.988791 -0.075110
vn 0.129039 0.988791 -0.075110
vn 0.129039 0.988791 -0.075110
vn 0.129039 0.988791 -0.075110
vn 0.033079 0.975130 -0.219153
vn 0.033079 0.975130 -0.219153
vn 0.033079 0.975130 -0.219153
vn 0.033079 0.975130 -0.219153
vn -0.129892 0.991225 -0.024511
vn -0.129892 0.991225 -0.024511
vn -0.129892 0.991225 -0.024511
vn -0.129892 0.991225 -0.024511
vn -0.151934 0.986919 -0.053923
vn -0.151934 0.986919 -0.053923
vn -0.151934 0.986919 -0.053923
vn -0.151934 0.986919 -0.053923
vn -0.122490 0.990307 0.065492
vn -0.122490 0.990307 0.065492
vn -0.122490 0.990307 0.065492
vn -0.122490 0.990307 0.065492
vn 0.068930 0.991301 0.112122
vn 0.068930 0.991301 0.112122
vn 0.068930 0.991301 0.112122
vn 0.068930 0.991301 0.112122
vn -0.030943 0.999365 0.017650
vn -0.030943 0.999365 0.017650
vn -0.030943 0.999365 0.017650
vn -0.030943 0.999365 0.017650
vn 0.052948 0.998502 -0.013779
vn 0.052948 0.998502 -0.013779
vn 0.052948 0.998502 -0.013779
vn 0.052948 0.998502 -0.013779
vn -0.234796 0.963559 0.128163
vn -0.234796 0.963559 0.128163
vn -0.234796 0.963559 0.128163
vn -0.234796 0.963559 0.128163
vn -0.154636 0.986099 -0.060795
vn -0.154636 0.986099 -0.060795
vn -0.154636 0.986099 -0.060795
vn -0.154636 0.986099 -0.060795
vn -0.152437 0.978471 0.139129
vn -0.152437 0.978471 0.139129
vn -0.152437 0.978471 0.139129
vn -0.152437 0.978471 0.139129
vn 0.021663 0.999756 -0.004292
vn 0.021663 0.999756 -0.004292
vn 0.021663 0.999756 -0.004292
vn 0.021663 0.999756 -0.004292
vn 0.063645 0.992958 0.099917
vn 0.063645 0.992958 0.099917
vn 0.063645 0.992958 0.099917
vn 0.063645 0.992958 0.099917
vn 0.105838 0.994053 -0.025640
vn 0.105838 0.994053 -0.025640
vn 0.105838 0.994053 -0.025640
vn 0.105838 0.994053 -0.025640
vn 0.191528 0.969752 0.151323
vn 0.191528 0.969752 0.151323
vn 0.191528 0.969752 0.151323
vn 0.191528 0.969752 0.151323
vn -0.111384 0.957285 0.266831
vn -0.111384 0.957285 0.266831
vn -0.111384 0.957285 0.266831
vn -0.111384 0.957285 0.266831
vn 0.058065 0.904040 0.423486
vn 0.058065 0.904040 0.423486
vn 0.058065 0.904040 0.423486
vn 0.058065 0.904040 0.423486
vn -0.104020 0.952772 0.285316
vn -0.104020 0.952772 0.285316
vn -0.104020 0.952772 0.285316
vn -0.104020 0.952772 0.285316
vn -0.111285 0.982472 0.149549
vn -0.111285 0.982472 0.149549
vn -0.111285 0.982472 0.149549
vn -0.111285 0.982472 0.149549
vn -0.026532 0.997414 -0.066792
vn -0.026532 0.997414 -0.066792
vn -0.026532 0.997414 -0.066792
vn -0.026532 0.997414 -0.066792
vn -0.091987 0.995760 0.000050
vn -0.091987 0.995760 0.000050
vn -0.091987 0.995760 0.000050
vn -0.091987 0.995760 0.000050
vn 0.174573 0.978777 0.107332
vn 0.174573 0.978777 0.107332
vn 0.174573 0.978777 0.107332
vn 0.174573 0.978777 0.107332
vn -0.069502 0.981708 0.177254
vn -0.069502 0.981708 0.177254
vn -0.069502 0.981708 0.177254
vn -0.069502 0.981708 0.177254
vn 0.020428 0.977646 0.209264
vn 0.020428 0.977646 0.209264
vn 0.020428 0.977646 0.209264
vn 0.020428 0.977646 0.209264
vn -0.182473 0.971603 0.150639
vn -0.182473 0.971603 0.150639
vn -0.182473 0.971603 0.150639
vn -0.182473 0.971603 0.150639
vn -0.185224 0.982665 0.007868
vn -0.185224 0.982665 0.007868
vn -0.185224 0.982665 0.007868
vn -0.185224 0.982665 0.007868
vn 0.057347 0.981396 0.183231
vn 0.057347 0.981396 0.183231
vn 0.057347 0.981396 0.183231
vn 0.057347 0.981396 0.183231
vn -0.068168 0.997272 -0.028308
vn -0.068168 0.997272 -0.028308
vn -0.068168 0.997272 -0.028308
vn -0.068168 0.997272 -0.028308
vn -0.152157 0.988107 0.022208
vn -0.152157 0.988107 0.022208
vn -0.152157 0.988107 0.022208
vn -0.152157 0.988107 0.022208
vn 0.021600 0.988741 0.148067
vn 0.021600 0.988741 0.148067
vn 0.021600 0.988741 0.148067
vn 0.021600 0.988741 0.148067
vn 0.083782 0.994329 0.065502
vn 0.083782 0.994329 0.065502
vn 0.083782 0.994329 0.065503
vn 0.083782 0.994329 0.065502
vn 0.037267 0.988669 0.145412
vn 0.037267 0.988669 0.145412
vn 0.037267 0.988669 0.145412
vn 0.037267 0.988669 0.145412
vn -0.000322 0.997912 0.064580
vn -0.000322 0.997912 0.064580
vn -0.000322 0.997912 0.064580
vn -0.000322 0.997912 0.064580
vn 0.036494 0.996107 0.080246
vn 0.036494 0.996107 0.080246
vn 0.036494 0.996107 0.080246
vn 0.036494 0.996107 0.080246
vn 0.144734 0.982682 0.115707
vn 0.144734 0.982682 0.115707
vn 0.144734 0.982682 0.115707
vn 0.144734 0.982682 0.115707
vn 0.037126 0.963823 0.263946
vn 0.037126 0.963823 0.263946
vn 0.037126 0.963823 0.263946
vn 0.037126 0.963823 0.263946
vn -0.001600 0.941679 0.336509
vn -0.001600 0.941679 0.336509
vn -0.001600 0.941679 0.336509
vn -0.001600 0.941679 0.336509
vn -0.080215 0.925746 0.369540
vn -0.080215 0.925746 0.369540
vn -0.080215 0.925746 0.369540
vn -0.080215 0.925746 0.369540
vn -0.063090 0.996760 -0.049895
vn -0.063090 0.996760 -0.049895
vn -0.063090 0.996760 -0.049895
vn -0.063090 0.996760 -0.049895
vn -0.145546 0.982184 0.118876
vn -0.145546 0.982184 0.118876
vn -0.145546 0.982184 0.118876
vn -0.145546 0.982184 0.118876
vn -0.205726 0.969574 0.132677
vn -0.205726 0.969574 0.132677
vn -0.205726 0.969574 0.132677
vn -0.205726 0.969574 0.132677
vn 0.222725 0.971572 0.080255
vn 0.222725 0.971572 0.080255
vn 0.222725 0.971572 0.080255
vn 0.222725 0.971572 0.080255
vn 0.152945 0.988207 -0.007421
vn 0.152945 0.988207 -0.007421
vn 0.152945 0.988207 -0.007421
vn 0.152945 0.988207 -0.007421
vn -0.002103 0.998353 0.057325
vn -0.002103 0.998353 0.057325
vn -0.002103 0.998353 0.057325
vn -0.002103 0.998353 0.057325
vn 0.068347 0.992217 0.104087
vn 0.068347 0.992217 0.104087
vn 0.068347 0.992217 0.104087
vn 0.068347 0.992217 0.104087
vn 0.082932 0.985412 -0.148611
vn 0.082932 0.985412 -0.148611
vn 0.082932 0.985412 -0.148611
vn 0.082932 0.985412 -0.148611
vn 0.116543 0.991203 -0.062718
vn 0.116543 0.991203 -0.062718
vn 0.116543 0.991203 -0.062718
vn 0.116543 0.991203 -0.062718
vn 0.023874 0.978104 0.206745
vn 0.023874 0.978104 0.206745
vn 0.023874 0.978104 0.206745
vn 0.023874 0.978104 0.206745
vn 0.232425 0.959368 0.159973
vn 0.232425 0.959368 0.159973
vn 0.232425 0.959368 0.159973
vn 0.232425 0.959368 0.159973
vn 0.285342 0.956089 -0.066880
vn 0.285342 0.956089 -0.066880
vn 0.285342 0.956089 -0.066880
vn 0.285342 0.956089 -0.066880
vn -0.089286 0.991657 0.092980
vn -0.089286 0.991657 0.092980
vn -0.089286 0.991657 0.092980
vn -0.089286 0.991657 0.092980
vn 0.012386 0.982294 -0.186935
vn 0.012386 0.982294 -0.186935
vn 0.012386 0.982294 -0.186935
vn 0.012386 0.982294 -0.186935
vn -0.106617 0.980672 0.164058
vn -0.106617 0.980672 0.164058
vn -0.106617 0.980672 0.164058
vn -0.106617 0.980672 0.164058
vn 0.237315 0.943300 0.232090
vn 0.237315 0.943300 0.232090
vn 0.237315 0.943300 0.232090
vn 0.237315 0.943300 0.232090
vn 0.178373 0.979832 -0.090068
vn 0.178373 0.979832 -0.090068
vn 0.178373 0.979832 -0.090068
vn 0.178373 0.979832 -0.090068
vn 0.080321 0.992695 -0.090027
vn 0.080321 0.992695 -0.090027
vn 0.080321 0.992695 -0.090027
vn 0.080321 0.992695 -0.090027
vn -0.027551 0.979265 -0.200700
vn -0.027551 0.979265 -0.200700
vn -0.027551 0.979265 -0.200700
vn -0.027551 0.979265 -0.200700
vn -0.115288 0.990449 -0.075633
vn -0.115288 0.990449 -0.075633
vn -0.115288 0.990449 -0.075633
vn -0.115288 0.990449 -0.075633
vn -0.083847 0.985962 -0.144392
vn -0.083847 0.985962 -0.144392
vn -0.083847 0.985962 -0.144392
vn -0.083847 0.985962 -0.144392
vn 0.048951 0.998438 -0.026939
vn 0.048951 0.998438 -0.026939
vn 0.048951 0.998438 -0.026939
vn 0.048951 0.998438 -0.026939
vn 0.018155 0.995404 0.094033
vn 0.018155 0.995404 0.094033
vn 0.018155 0.995404 0.094033
vn 0.018155 0.995404 0.094033
vn 0.107675 0.989898 0.092236
vn 0.107675 0.989898 0.092236
vn 0.107675 0.989898 0.092236
vn 0.107675 0.989898 0.092236
vn -0.017219 0.999277 -0.033900
vn -0.017219 0.999277 -0.033900
vn -0.017219 0.999277 -0.033900
vn -0.017219 0.999277 -0.033900
vn 0.196289 0.969442 0.147152
vn 0.196289 0.969442 0.147152
vn 0.196289 0.969442 0.147152
vn 0.196289 0.969442 0.147152
vn 0.209240 0.962620 0.171993
vn 0.209240 0.962620 0.171993
vn 0.209240 0.962620 0.171993
vn 0.209240 0.962620 0.171993
vn 0.050262 0.959061 0.278704
vn 0.050262 0.959061 0.278704
vn 0.050262 0.959061 0.278704
vn 0.050262 0.959061 0.278704
vn 0.179313 0.979882 -0.087623
vn 0.179313 0.979882 -0.087623
vn 0.179313 0.979882 -0.087623
vn 0.179313 0.979882 -0.087623
vn -0.118472 0.980985 -0.153727
vn -0.118472 0.980985 -0.153727
vn -0.118472 0.980985 -0.153727
vn -0.118472 0.980985 -0.153727
vn -0.198146 0.979670 -0.031381
vn -0.198146 0.979670 -0.031381
vn -0.198146 0.979670 -0.031381
vn -0.198146 0.979670 -0.031381
vn -0.093210 0.956676 -0.275833
vn -0.093210 0.956676 -0.275833
vn -0.093210 0.956676 -0.275833
vn -0.093210 0.956676 -0.275833
vn 0.029052 0.999575 0.002515
vn 0.029052 0.999575 0.002515
vn 0.029052 0.999575 0.002515
vn 0.029052 0.999575 0.002515
vn 0.163958 0.986467 0.000283
vn 0.163958 0.986467 0.000283
vn 0.163958 0.986467 0.000283
vn 0.163958 0.986467 0.000283
vn 0.123495 0.990796 0.055425
vn 0.123495 0.990796 0.055425
vn 0.123495 0.990796 0.055425
vn 0.123495 0.990796 0.055425
vn -0.112872 0.962678 -0.245988
vn -0.112872 0.962678 -0.245988
vn -0.112872 0.962678 -0.245988
vn -0.112872 0.962678 -0.245988
vn 0.041094 0.997570 -0.056267
vn 0.041094 0.997570 -0.056267
vn 0.041094 0.997570 -0.056267
vn 0.041094 0.997570 -0.056267
vn 0.101930 0.994786 -0.003255
vn 0.101930 0.994786 -0.003255
vn 0.101930 0.994786 -0.003255
vn 0.101930 0.994786 -0.003255
vn 0.141304 0.988219 -0.058790
vn 0.141304 0.988219 -0.058790
vn 0.141304 0.988219 -0.058790
vn 0.141304 0.988219 -0.058790
vn 0.391920 0.907414 -0.151653
vn 0.391920 0.907414 -0.151653
vn 0.391920 0.907414 -0.151653
vn 0.391920 0.907414 -0.151653
vn 0.188369 0.930416 -0.314394
vn 0.188369 0.930416 -0.314394
vn 0.188369 0.930416 -0.314394
vn 0.188369 0.930416 -0.314394
vn 0.176534 0.970361 0.165033
vn 0.176534 0.970361 0.165033
vn 0.176534 0.970361 0.165033
vn 0.176534 0.970361 0.165033
vn 0.050187 0.982344 0.180226
vn 0.050187 0.982344 0.180226
vn 0.050187 0.982344 0.180226
vn 0.050187 0.982344 0.180226
vn 0.121288 0.992366 0.022326
vn 0.121288 0.992366 0.022326
vn 0.121289 0.992366 0.022326
vn 0.121288 0.992366 0.022326
vn 0.088809 0.995748 -0.024489
vn 0.088809 0.995748 -0.024489
vn 0.088809 0.995748 -0.024489
vn 0.088809 0.995748 -0.024489
vn -0.073258 0.931090 -0.357357
vn -0.073258 0.931090 -0.357357
vn -0.073258 0.931090 -0.357357
vn -0.073258 0.931090 -0.357357
vn 0.125404 0.992070 -0.008442
vn 0.125404 0.992070 -0.008442
vn 0.125404 0.992070 -0.008442
vn 0.125404 0.992070 -0.008442
vn -0.119859 0.987171 -0.105488
vn -0.119859 0.987171 -0.105488
vn -0.119859 0.987171 -0.105488
vn -0.119859 0.987171 -0.105488
vn 0.105224 0.994365 -0.012903
vn 0.105224 0.994365 -0.012903
vn 0.105224 0.994365 -0.012903
vn 0.105224 0.994365 -0.012903
vn 0.078785 0.996213 0.036775
vn 0.078785 0.996213 0.036775
vn 0.078785 0.996213 0.036775
vn 0.078785 0.996213 0.036775
vn 0.109973 0.991333 0.071860
vn 0.109973 0.991333 0.071860
vn 0.109973 0.991333 0.071860
vn 0.109973 0.991333 0.071860
vn 0.090878 0.993773 0.064475
vn 0.090878 0.993773 0.064475
vn 0.090878 0.993773 0.064475
vn 0.090878 0.993773 0.064475
vn 0.019968 0.999555 -0.022180
vn 0.019968 0.999555 -0.022180
vn 0.019968 0.999555 -0.022180
vn 0.019968 0.999555 -0.022180
vn 0.217679 0.968064 -0.124372
vn 0.217679 0.968064 -0.124372
vn 0.217679 0.968064 -0.124372
vn 0.217679 0.968064 -0.124372
vn 0.085602 0.990625 0.106460
vn 0.085602 0.990625 0.106460
vn 0.085602 0.990625 0.106460
vn 0.085602 0.990625 0.106460
vn 0.017758 0.985359 -0.169568
vn 0.017758 0.985359 -0.169568
vn 0.017758 0.985359 -0.169568
vn 0.017758 0.985359 -0.169568
vn 0.073366 0.980403 -0.182829
vn 0.073366 0.980403 -0.182829
vn 0.073366 0.980403 -0.182829
vn 0.073366 0.980403 -0.182829
vn 0.057146 0.976664 -0.207030
vn 0.057146 0.976664 -0.207030
vn 0.057146 0.976664 -0.207030
vn 0.057146 0.976664 -0.207030
vn -0.007953 0.999692 -0.023524
vn -0.007953 0.999692 -0.023524
vn -0.007953 0.999692 -0.023524
vn -0.007953 0.999692 -0.023524
vn 0.162176 0.980510 0.110903
vn 0.162176 0.980510 0.110903
vn 0.162176 0.980510 0.110903
vn 0.162176 0.980510 0.110903
vn 0.267787 0.963478 -0.000365
vn 0.267787 0.963478 -0.000365
vn 0.267787 0.963478 -0.000365
vn 0.267787 0.963478 -0.000365
vn -0.177401 0.977957 -0.110129
vn -0.177401 0.977957 -0.110129
vn -0.177401 0.977957 -0.110129
vn -0.177401 0.977957 -0.110129
vn -0.082382 0.995996 -0.034711
vn -0.082382 0.995996 -0.034711
vn -0.082382 0.995996 -0.034711
vn -0.082382 0.995996 -0.034711
vn 0.092369 0.995019 0.037496
vn 0.092369 0.995019 0.037496
vn 0.092369 0.995019 0.037496
vn 0.092369 0.995019 0.037496
vn 0.060572 0.998154 -0.004358
vn 0.060572 0.998154 -0.004358
vn 0.060572 0.998154 -0.004358
vn 0.060572 0.998154 -0.004358
vn 0.193721 0.942884 -0.271001
vn 0.193721 0.942884 -0.271001
vn 0.193721 0.942884 -0.271001
vn 0.193721 0.942884 -0.271001
vn 0.079303 0.956819 -0.279659
vn 0.079303 0.956819 -0.279659
vn 0.079303 0.956819 -0.279659
vn 0.079303 0.956819 -0.279659
vn 0.061780 0.993488 0.095735
vn 0.061780 0.993488 0.095735
vn 0.061780 0.993488 0.095735
vn 0.061780 0.993488 0.095735
vn -0.019421 0.997677 0.065301
vn -0.019421 0.997677 0.065301
vn -0.019421 0.997677 0.065301
vn -0.019421 0.997677 0.065301
vn 0.014777 0.992054 -0.124940
vn 0.014777 0.992054 -0.124940
vn 0.014777 0.992054 -0.124940
vn 0.014777 0.992054 -0.124940
vn -0.042541 0.996534 -0.071484
vn -0.042541 0.996534 -0.071484
vn -0.042541 0.996534 -0.071484
vn -0.042541 0.996534 -0.071484
vn -0.153918 0.956717 -0.246985
vn -0.153918 0.956717 -0.246985
vn -0.153918 0.956717 -0.246985
vn -0.153918 0.956717 -0.246985
vn -0.293588 0.954987 -0.042497
vn -0.293588 0.954987 -0.042497
vn -0.293588 0.954987 -0.042497
vn -0.293588 0.954987 -0.042497
vn 0.059376 0.986028 -0.155637
vn 0.059376 0.986028 -0.155637
vn 0.059376 0.986028 -0.155637
vn 0.059376 0.986028 -0.155637
vn 0.045674 0.985723 -0.162064
vn 0.045674 0.985723 -0.162064
vn 0.045674 0.985723 -0.162064
vn 0.045674 0.985723 -0.162064
vn 0.170604 0.976560 -0.131242
vn 0.170604 0.976560 -0.131242
vn 0.170604 0.976560 -0.131242
vn 0.170604 0.976560 -0.131242
vn 0.069095 0.980709 -0.182853
vn 0.069095 0.980709 -0.182853
vn 0.069095 0.980709 -0.182853
vn 0.069095 0.980709 -0.182853
vn -0.055313 0.996593 -0.061184
vn -0.055313 0.996593 -0.061184
vn -0.055313 0.996593 -0.061184
vn -0.055313 0.996593 -0.061184
vn -0.062450 0.994340 -0.085957
vn -0.062450 0.994340 -0.085957
vn -0.062450 0.994340 -0.085957
vn -0.062450 0.994340 -0.085957
vn -0.041685 0.988259 -0.146989
vn -0.041685 0.988259 -0.146989
vn -0.041685 0.988259 -0.146989
vn -0.041685 0.988259 -0.146989
vn 0.001881 0.994547 -0.104276
vn 0.001881 0.994547 -0.104276
vn 0.001881 0.994547 -0.104276
vn 0.001881 0.994547 -0.104276
vn -0.156588 0.984297 -0.081491
vn -0.156588 0.984297 -0.081491
vn -0.156588 0.984297 -0.081491
vn -0.156588 0.984297 -0.081491
vn -0.102358 0.992043 -0.073301
vn -0.102358 0.992043 -0.073301
vn -0.102358 0.992043 -0.073301
vn -0.102358 0.992043 -0.073301
vn 0.006111 0.996755 0.080262
vn 0.006111 0.996755 0.080262
vn 0.006111 0.996755 0.080262
vn 0.006111 0.996755 0.080262
vn -0.122671 0.991998 0.029849
vn -0.122671 0.991998 0.029849
vn -0.122671 0.991998 0.029849
vn -0.122671 0.991998 0.029849
vn -0.176621 0.981672 -0.071591
vn -0.176621 0.981672 -0.071591
vn -0.176621 0.981672 -0.071591
vn -0.176621 0.981672 -0.071591
vn -0.156438 0.981685 -0.108729
vn -0.156438 0.981685 -0.108729
vn -0.156438 0.981685 -0.108729
vn -0.156438 0.981685 -0.108729
vn -0.130899 0.989164 -0.066478
vn -0.130899 0.989164 -0.066478
vn -0.130899 0.989164 -0.066478
vn -0.130899 0.989164 -0.066478
vn 0.142730 0.986708 -0.077691
vn 0.142730 0.986708 -0.077691
vn 0.142730 0.986708 -0.077691
vn 0.142730 0.986708 -0.077691
vn -0.097726 0.994938 -0.023422
vn -0.097726 0.994938 -0.023422
vn -0.097726 0.994938 -0.023422
vn -0.097726 0.994938 -0.023422
vn -0.157965 0.949552 0.270922
vn -0.157965 0.949552 0.270922
vn -0.157965 0.949552 0.270922
vn -0.157965 0.949552 0.270922
vn -0.007847 0.990345 0.138400
vn -0.007847 0.990345 0.138400
vn -0.007847 0.990345 0.138400
vn -0.007847 0.990345 0.138400
vn 0.127284 0.988670 0.079566
vn 0.127284 0.988670 0.079566
vn 0.127284 0.988670 0.079566
vn 0.127284 0.988670 0.079566
vn 0.015731 0.999739 -0.016566
vn 0.015731 0.999739 -0.016566
vn 0.015731 0.999739 -0.016566
vn 0.015731 0.999739 -0.016566
vn 0.176237 0.984092 0.022444
vn 0.176237 0.984092 0.022444
vn 0.176237 0.984092 0.022444
vn 0.176237 0.984092 0.022444
vn 0.059204 0.997001 -0.049838
vn 0.059204 0.997001 -0.049838
vn 0.059204 0.997001 -0.049838
vn 0.059204 0.997001 -0.049838
vn 0.030440 0.997926 -0.056717
vn 0.030440 0.997926 -0.056717
vn 0.030440 0.997926 -0.056717
vn 0.030440 0.997926 -0.056717
vn 0.128810 0.991325 -0.026122
vn 0.128810 0.991325 -0.026122
vn 0.128810 0.991325 -0.026122
vn 0.128810 0.991325 -0.026122
vn -0.057975 0.976454 0.207791
vn -0.057975 0.976454 0.207791
vn -0.057975 0.976454 0.207791
vn -0.057975 0.976454 0.207791
vn -0.129517 0.990631 0.043300
vn -0.129517 0.990631 0.043300
vn -0.129517 0.990631 0.043300
vn -0.129517 0.990631 0.043300
vn 0.016426 0.999844 0.006453
vn 0.016426 0.999844 0.006453
vn 0.016426 0.999844 0.006453
vn 0.016426 0.999844 0.006453
vn 0.031790 0.999482 -0.005085
vn 0.031790 0.999482 -0.005085
vn 0.031790 0.999482 -0.005085
vn 0.031790 0.999482 -0.005085
vn -0.222223 0.966009 0.132077
vn -0.222223 0.966009 0.132077
vn -0.222223 0.966009 0.132077
vn -0.222223 0.966009 0.132077
vn -0.131248 0.990674 -0.036582
vn -0.131248 0.990674 -0.036582
vn -0.131248 0.990674 -0.036582
vn -0.131248 0.990674 -0.036582
vn 0.308107 0.950941 -0.027962
vn 0.308107 0.950941 -0.027962
vn 0.308107 0.950941 -0.027962
vn 0.308107 0.950941 -0.027962
vn -0.005426 0.998554 0.053491
vn -0.005426 0.998554 0.053491
vn -0.005426 0.998554 0.053491
vn -0.005426 0.998554 0.053491
vn 0.037054 0.999091 0.021069
vn 0.037054 0.999091 0.021069
vn 0.037054 0.999091 0.021069
vn 0.037054 0.999091 0.021069
vn -0.168360 0.982397 0.080936
vn -0.168360 0.982397 0.080936
vn -0.168360 0.982397 0.080936
vn -0.168360 0.982397 0.080936
vn -0.095512 0.901753 -0.421567
vn -0.095512 0.901753 -0.421567
vn -0.095512 0.901753 -0.421567
vn -0.095512 0.901753 -0.421567
vn -0.313656 0.949329 -0.019850
vn -0.313656 0.949329 -0.019850
vn -0.313656 0.949329 -0.019850
vn -0.313656 0.949329 -0.019850
vn -0.188870 0.905607 -0.379741
vn -0.188870 0.905607 -0.379741
vn -0.188870 0.905607 -0.379741
vn -0.188870 0.905608 -0.379741
vn 0.023855 0.999635 0.012721
vn 0.023855 0.999635 0.012721
vn 0.023855 0.999635 0.012721
vn 0.023855 0.999635 0.012721
vn -0.289964 0.937512 0.192333
vn -0.289964 0.937512 0.192333
vn -0.289964 0.937512 0.192333
vn -0.289964 0.937512 0.192333
vn -0.128809 0.991642 -0.007379
vn -0.128809 0.991642 -0.007379
vn -0.128809 0.991642 -0.007379
vn -0.128809 0.991642 -0.007379
vn -0.256559 0.964165 0.067558
vn -0.256559 0.964165 0.067558
vn -0.256559 0.964165 0.067558
vn -0.256559 0.964165 0.067558
vn 0.112884 0.990938 0.072791
vn 0.112884 0.990938 0.072791
vn 0.112884 0.990938 0.072791
vn 0.112884 0.990938 0.072791
vn 0.150064 0.987457 -0.049085
vn 0.150064 0.987457 -0.049085
vn 0.150064 0.987457 -0.049085
vn 0.150064 0.987457 -0.049085
vn 0.422124 0.799959 -0.426470
vn 0.422124 0.799959 -0.426470
vn 0.422124 0.799959 -0.426470
vn 0.422124 0.799959 -0.426470
vn 0.227621 0.959765 -0.164437
vn 0.227621 0.959765 -0.164437
vn 0.227621 0.959765 -0.164437
vn 0.227621 0.959765 -0.164437
vn -0.015855 0.978971 -0.203384
vn -0.015855 0.978971 -0.203384
vn -0.015855 0.978971 -0.203384
vn -0.015855 0.978971 -0.203384
vn -0.254409 0.944334 -0.208591
vn -0.254409 0.944334 -0.208590
vn -0.254409 0.944334 -0.208590
vn -0.254409 0.944334 -0.208590
vn -0.194016 0.978119 0.075108
vn -0.194016 0.978119 0.075108
vn -0.194016 0.978119 0.075108
vn -0.194016 0.978119 0.075108
vn 0.088423 0.996078 0.003021
vn 0.088423 0.996078 0.003021
vn 0.088423 0.996078 0.003021
vn 0.088423 0.996078 0.003021
vn -0.177974 0.972049 -0.153124
vn -0.177974 0.972049 -0.153124
vn -0.177974 0.972049 -0.153124
vn -0.177974 0.972049 -0.153124
vn -0.035586 0.998794 0.033811
vn -0.035586 0.998794 0.033811
vn -0.035586 0.998794 0.033811
vn -0.035586 0.998794 0.033811
vn 0.118721 0.928461 0.351945
vn 0.118721 0.928461 0.351945
vn 0.118721 0.928461 0.351945
vn 0.118721 0.928461 0.351945
vn 0.105651 0.859098 0.500788
vn 0.105651 0.859098 0.500788
vn 0.105651 0.859098 0.500788
vn 0.105651 0.859098 0.500788
vn 0.057038 0.998369 -0.002387
vn 0.057038 0.998369 -0.002387
vn 0.057038 0.998369 -0.002387
vn 0.057038 0.998369 -0.002387
vn -0.147216 0.988744 -0.026691
vn -0.147216 0.988744 -0.026691
vn -0.147216 0.988744 -0.026691
vn -0.147216 0.988744 -0.026691
vn -0.053878 0.998349 -0.019905
vn -0.053878 0.998349 -0.019905
vn -0.053878 0.998349 -0.019905
vn -0.053878 0.998349 -0.019905
vn 0.057793 0.997645 -0.036941
vn 0.057793 0.997645 -0.036941
vn 0.057793 0.997645 -0.036941
vn 0.057793 0.997645 -0.036941
vn 0.120251 0.992654 0.013310
vn 0.120251 0.992654 0.013310
vn 0.120251 0.992654 0.013310
vn 0.120251 0.992654 0.013310
vn 0.043244 0.999062 -0.002315
vn 0.043244 0.999062 -0.002315
vn 0.043244 0.999062 -0.002315
vn 0.043244 0.999062 -0.002315
vn 0.060789 0.995857 -0.067627
vn 0.060789 0.995857 -0.067627
vn 0.060789 0.995857 -0.067627
vn 0.060789 0.995857 -0.067627
vn -0.111559 0.991760 -0.062977
vn -0.111559 0.991760 -0.062977
vn -0.111559 0.991760 -0.062977
vn -0.111559 0.991760 -0.062977
vn 0.025516 0.996492 -0.079709
vn 0.025516 0.996492 -0.079709
vn 0.025516 0.996492 -0.079709
vn 0.025516 0.996492 -0.079709
vn 0.004470 0.999984 0.003553
vn 0.004470 0.999984 0.003553
vn 0.004470 0.999984 0.003553
vn 0.004470 0.999984 0.003553
vn 0.054316 0.985763 0.159126
vn 0.054316 0.985763 0.159126
vn 0.054316 0.985763 0.159126
vn 0.054316 0.985763 0.159126
vn -0.313750 0.941478 0.123206
vn -0.313750 0.941478 0.123206
vn -0.313750 0.941478 0.123206
vn -0.313750 0.941478 0.123206
vn -0.087906 0.988384 -0.123976
vn -0.087906 0.988384 -0.123976
vn -0.087906 0.988384 -0.123976
vn -0.087906 0.988384 -0.123976
vn -0.095473 0.985984 -0.136822
vn -0.095473 0.985984 -0.136822
vn -0.095473 0.985984 -0.136822
vn -0.095473 0.985984 -0.136822
vn -0.006247 0.923495 0.383560
vn -0.006247 0.923495 0.383560
vn -0.006247 0.923495 0.383560
vn -0.006247 0.923495 0.383560
vn 0.258823 0.955440 0.141934
vn 0.258823 0.955440 0.141934
vn 0.258823 0.955440 0.141934
vn 0.258823 0.955440 0.141934
vn -0.133576 0.893284 0.429187
vn -0.133576 0.893284 0.429187
vn -0.133576 0.893284 0.429187
vn -0.133576 0.893284 0.429187
vn 0.275092 0.956943 0.092648
vn 0.275092 0.956943 0.092648
vn 0.275092 0.956943 0.092648
vn 0.275092 0.956943 0.092648
vn 0.058710 0.992479 -0.107420
vn 0.058710 0.992479 -0.107420
vn 0.058710 0.992479 -0.107420
vn 0.058710 0.992479 -0.107420
vn 0.298157 0.951676 -0.073589
vn 0.298157 0.951676 -0.073589
vn 0.298157 0.951676 -0.073588
vn 0.298157 0.951676 -0.073589
vn 0.060545 0.985934 -0.155785
vn 0.060545 0.985934 -0.155785
vn 0.060545 0.985934 -0.155785
vn 0.060545 0.985934 -0.155785
vn 0.349793 0.933514 -0.078721
vn 0.349793 0.933514 -0.078721
vn 0.349793 0.933514 -0.078721
vn 0.349793 0.933514 -0.078721
vn 0.060290 0.989184 0.133718
vn 0.060290 0.989184 0.133718
vn 0.060290 0.989184 0.133718
vn 0.060290 0.989184 0.133718
vn -0.024554 0.990081 0.138335
vn -0.024554 0.990081 0.138335
vn -0.024554 0.990081 0.138335
vn -0.024554 0.990081 0.138335
vn 0.053423 0.997534 0.045515
vn 0.053423 0.997534 0.045515
vn 0.053423 0.997534 0.045515
vn 0.053423 0.997534 0.045515
vn 0.038620 0.972965 0.227699
vn 0.038620 0.972965 0.227699
vn 0.038620 0.972965 0.227699
vn 0.038620 0.972965 0.227699
vn 0.035468 0.998284 0.046601
vn 0.035468 0.998284 0.046601
vn 0.035468 0.998284 0.046601
vn 0.035468 0.998284 0.046601
vn -0.093546 0.977663 0.188216
vn -0.093546 0.977663 0.188216
vn -0.093546 0.977663 0.188216
vn -0.093546 0.977663 0.188216
vn -0.001461 0.961926 -0.273307
vn -0.001461 0.961926 -0.273307
vn -0.001461 0.961926 -0.273307
vn -0.001461 0.961926 -0.273307
vn 0.138152 0.936467 -0.322404
vn 0.138152 0.936467 -0.322404
vn 0.138152 0.936467 -0.322404
vn 0.138152 0.936467 -0.322404
vn 0.123032 0.979367 -0.160326
vn 0.123032 0.979367 -0.160326
vn 0.123032 0.979367 -0.160326
vn 0.123032 0.979367 -0.160326
vn -0.064720 0.995712 0.066101
vn -0.064720 0.995712 0.066101
vn -0.064720 0.995712 0.066101
vn -0.064720 0.995712 0.066101
vn 0.057423 0.988144 0.142390
vn 0.057423 0.988144 0.142390
vn 0.057423 0.988144 0.142390
vn 0.057423 0.988144 0.142390
vn -0.232480 0.962348 0.140853
vn -0.232480 0.962348 0.140853
vn -0.232480 0.962348 0.140853
vn -0.232480 0.962348 0.140853
vn -0.161701 0.986426 -0.028567
vn -0.161701 0.986426 -0.028567
vn -0.161701 0.986426 -0.028567
vn -0.161701 0.986426 -0.028567
vn -0.007351 0.998970 0.044780
vn -0.007351 0.998970 0.044780
vn -0.007351 0.998970 0.044780
vn -0.007351 0.998970 0.044780
vn 0.227597 0.972398 0.051405
vn 0.227597 0.972398 0.051405
vn 0.227597 0.972398 0.051405
vn 0.227597 0.972398 0.051405
vn -0.026035 0.993868 0.107464
vn -0.026035 0.993868 0.107464
vn -0.026035 0.993868 0.107464
vn -0.026035 0.993868 0.107464
vn 0.124479 0.990394 0.060201
vn 0.124479 0.990394 0.060201
vn 0.124479 0.990394 0.060201
vn 0.124479 0.990394 0.060201
vn 0.029106 0.999485 -0.013548
vn 0.029106 0.999485 -0.013548
vn 0.029106 0.999485 -0.013548
vn 0.029106 0.999485 -0.013548
vn 0.097194 0.995216 -0.009880
vn 0.097194 0.995216 -0.009880
vn 0.097194 0.995216 -0.009880
vn 0.097194 0.995216 -0.009880
vn 0.078414 0.988506 0.129253
vn 0.078414 0.988506 0.129253
vn 0.078414 0.988506 0.129253
vn 0.078414 0.988506 0.129253
vn 0.001903 0.999993 -0.003112
vn 0.001903 0.999993 -0.003112
vn 0.001903 0.999993 -0.003112
vn 0.001903 0.999993 -0.003112
vn 0.009673 0.997759 0.066214
vn 0.009673 0.997759 0.066214
vn 0.009673 0.997759 0.066214
vn 0.009673 0.997759 0.066214
vn -0.079563 0.996820 -0.004402
vn -0.079563 0.996820 -0.004402
vn -0.079563 0.996820 -0.004402
vn -0.079563 0.996820 -0.004402
vn 0.119913 0.991783 0.044586
vn 0.119913 0.991783 0.044586
vn 0.119913 0.991783 0.044586
vn 0.119913 0.991783 0.044586
vn -0.304574 0.896006 0.323123
vn -0.304574 0.896006 0.323123
vn -0.304574 0.896005 0.323124
vn -0.304574 0.896006 0.323123
vn -0.231691 0.972525 0.022674
vn -0.231691 0.972525 0.022674
vn -0.231691 0.972525 0.022674
vn -0.231691 0.972525 0.022673
vn 0.164482 0.986378 -0.002042
vn 0.164482 0.986378 -0.002042
vn 0.164482 0.986378 -0.002042
vn 0.164482 0.986378 -0.002042
vn 0.036295 0.999339 -0.001836
vn 0.036295 0.999339 -0.001836
vn 0.036295 0.999339 -0.001836
vn 0.036295 0.999339 -0.001836
vn 0.011733 0.991482 0.129718
vn 0.011733 0.991482 0.129718
vn 0.011733 0.991482 0.129718
vn 0.011733 0.991482 0.129718
vn -0.228037 0.973093 0.033013
vn -0.228037 0.973093 0.033013
vn -0.228037 0.973093 0.033013
vn -0.228037 0.973093 0.033013
vn -0.128719 0.991428 0.022393
vn -0.128719 0.991428 0.022393
vn -0.128719 0.991428 0.022393
vn -0.128719 0.991428 0.022393
vn -0.395040 0.846936 0.355870
vn -0.395040 0.846936 0.355870
vn -0.395040 0.846936 0.355870
vn -0.395040 0.846936 0.355870
vn -0.046124 0.994341 0.095697
vn -0.046124 0.994341 0.095697
vn -0.046124 0.994341 0.095697
vn -0.046124 0.994341 0.095697
vn 0.114111 0.990701 0.074100
vn 0.114111 0.990701 0.074100
vn 0.114111 0.990701 0.074100
vn 0.114111 0.990701 0.074100
vn 0.119282 0.982518 0.142932
vn 0.119282 0.982518 0.142932
vn 0.119282 0.982518 0.142932
vn 0.119282 0.982518 0.142932
vn -0.029347 0.996841 0.073799
vn -0.029347 0.996841 0.073799
vn -0.029347 0.996841 0.073799
vn -0.029347 0.996841 0.073799
vn -0.040671 0.992570 0.114674
vn -0.040671 0.992570 0.114674
vn -0.040671 0.992570 0.114674
vn -0.040671 0.992570 0.114673
vn 0.097060 0.993227 0.063871
vn 0.097060 0.993227 0.063871
vn 0.097060 0.993227 0.063871
vn 0.097060 0.993227 0.063871
vn 0.129352 0.991544 -0.010376
vn 0.129352 0.991544 -0.010376
vn 0.129352 0.991544 -0.010376
vn 0.129352 0.991544 -0.010376
vn -0.205847 0.975683 -0.075299
vn -0.205847 0.975683 -0.075299
vn -0.205847 0.975683 -0.075299
vn -0.205847 0.975683 -0.075299
vn 0.041755 0.982151 -0.183399
vn 0.041755 0.982151 -0.183399
vn 0.041755 0.982151 -0.183399
vn 0.041755 0.982151 -0.183399
vn -0.292595 0.956119 -0.014959
vn -0.292594 0.956120 -0.014959
vn -0.292595 0.956119 -0.014959
vn -0.292595 0.956119 -0.014959
vn 0.089610 0.994448 0.055165
vn 0.089610 0.994448 0.055165
vn 0.089610 0.994448 0.055165
vn 0.089610 0.994448 0.055165
vn 0.069481 0.997472 -0.014921
vn 0.069481 0.997472 -0.014921
vn 0.069481 0.997472 -0.014921
vn 0.069481 0.997472 -0.014921
vn -0.124222 0.990252 -0.063010
vn -0.124222 0.990252 -0.063010
vn -0.124222 0.990252 -0.063010
vn -0.124222 0.990252 -0.063010
vn 0.212382 0.954328 0.210123
vn 0.212382 0.954328 0.210123
vn 0.212382 0.954328 0.210123
vn 0.212382 0.954328 0.210123
vn 0.176932 0.951982 -0.249850
vn 0.176932 0.951982 -0.249850
vn 0.176932 0.951982 -0.249850
vn 0.176932 0.951982 -0.249850
vn 0.237021 0.939680 -0.246624
vn 0.237021 0.939680 -0.246624
vn 0.237021 0.939680 -0.246624
vn 0.237021 0.939680 -0.246624
vn -0.188471 0.928155 0.320948
vn -0.188471 0.928155 0.320948
vn -0.188471 0.928155 0.320948
vn -0.188471 0.928155 0.320948
vn -0.035135 0.996894 -0.070490
vn -0.035135 0.996894 -0.070490
vn -0.035135 0.996894 -0.070490
vn -0.035135 0.996894 -0.070490
vn 0.009641 0.974166 -0.225626
vn 0.009641 0.974166 -0.225626
vn 0.009641 0.974166 -0.225626
vn 0.009641 0.974166 -0.225626
vn -0.056420 0.997888 0.032181
vn -0.056420 0.997888 0.032181
vn -0.056420 0.997888 0.032181
vn -0.056420 0.997888 0.032181
vn 0.124369 0.991366 0.041547
vn 0.124369 0.991366 0.041547
vn 0.124369 0.991366 0.041547
vn 0.124369 0.991366 0.041547
vn 0.236146 0.946081 0.221735
vn 0.236146 0.946081 0.221735
vn 0.236146 0.946081 0.221735
vn 0.236146 0.946081 0.221735
vn 0.231397 0.967713 0.099934
vn 0.231397 0.967713 0.099934
vn 0.231397 0.967713 0.099934
vn 0.231397 0.967713 0.099934
vn 0.207802 0.976839 -0.051025
vn 0.207802 0.976839 -0.051025
vn 0.207802 0.976839 -0.051025
vn 0.207802 0.976839 -0.051025
vn 0.230957 0.972619 0.025913
vn 0.230957 0.972619 0.025913
vn 0.230957 0.972619 0.025913
vn 0.230957 0.972619 0.025913
vn -0.068837 0.990021 0.122961
vn -0.068837 0.990021 0.122961
vn -0.068837 0.990021 0.122961
vn -0.068837 0.990021 0.122961
vn -0.134429 0.948776 0.285925
vn -0.134429 0.948776 0.285925
vn -0.134429 0.948776 0.285925
vn -0.134429 0.948776 0.285925
vn -0.040355 0.998992 0.019680
vn -0.040355 0.998992 0.019680
vn -0.040355 0.998992 0.019680
vn -0.040355 0.998992 0.019680
vn 0.017070 0.960431 0.277995
vn 0.017070 0.960431 0.277995
vn 0.017070 0.960431 0.277995
vn 0.017070 0.960431 0.277995
vn -0.004777 0.970325 0.241759
vn -0.004777 0.970325 0.241759
vn -0.004777 0.970325 0.241759
vn -0.004777 0.970325 0.241759
vn 0.207778 0.960083 -0.187269
vn 0.207778 0.960083 -0.187269
vn 0.207778 0.960083 -0.187269
vn 0.207778 0.960083 -0.187269
vn 0.088964 0.970030 0.226114
vn 0.088964 0.970030 0.226114
vn 0.088964 0.970030 0.226114
vn 0.088964 0.970030 0.226114
vn 0.147204 0.985508 0.084288
vn 0.147204 0.985508 0.084288
vn 0.147204 0.985508 0.084288
vn 0.147204 0.985508 0.084288
vn -0.079894 0.996457 0.026273
vn -0.079894 0.996457 0.026273
vn -0.079894 0.996457 0.026273
vn -0.079894 0.996457 0.026273
vn 0.184207 0.948692 0.257006
vn 0.184207 0.948692 0.257006
vn 0.184206 0.948692 0.257006
vn 0.184207 0.948692 0.257006
vn -0.042755 0.998293 0.039787
vn -0.042755 0.998293 0.039787
vn -0.042755 0.998293 0.039787
vn -0.042755 0.998293 0.039787
vn 0.399865 0.897105 -0.187909
vn 0.399865 0.897105 -0.187909
vn 0.399865 0.897105 -0.187909
vn 0.399865 0.897105 -0.187909
vn 0.386236 0.905334 -0.176614
vn 0.386236 0.905334 -0.176614
vn 0.386236 0.905334 -0.176614
vn 0.386236 0.905334 -0.176614
vn 0.127242 0.987105 -0.097128
vn 0.127242 0.987105 -0.097128
vn 0.127242 0.987105 -0.097128
vn 0.127242 0.987105 -0.097128
vn 0.289205 0.918250 -0.270514
vn 0.289205 0.918250 -0.270514
vn 0.289205 0.918250 -0.270514
vn 0.289205 0.918250 -0.270514
vn 0.150754 -0.982189 0.112150
vn 0.150754 -0.982189 0.112150
vn 0.150754 -0.982189 0.112150
vn 0.150754 -0.982189 0.112150
vn 0.003296 -0.998230 -0.059374
vn 0.003296 -0.998230 -0.059374
vn 0.003296 -0.998230 -0.059374
vn 0.003296 -0.998230 -0.059374
vn -0.027485 -0.999622 -0.000451
vn -0.027485 -0.999622 -0.000451
vn -0.027485 -0.999622 -0.000451
vn -0.027485 -0.999622 -0.000451
vn -0.018485 -0.999250 -0.034015
vn -0.018485 -0.999250 -0.034015
vn -0.018485 -0.999250 -0.034015
vn -0.018485 -0.999250 -0.034015
vn 0.105964 -0.965779 0.236734
vn 0.105964 -0.965779 0.236734
vn 0.105964 -0.965779 0.236734
vn 0.105964 -0.965779 0.236734
vn 0.201254 -0.963592 0.176030
vn 0.201254 -0.963593 0.176029
vn 0.201254 -0.963592 0.176030
vn 0.201254 -0.963593 0.176029
vn 0.081832 -0.994584 0.064085
vn 0.081832 -0.994584 0.064085
vn 0.081832 -0.994584 0.064085
vn 0.081832 -0.994584 0.064085
vn 0.074359 -0.996827 0.028387
vn 0.074359 -0.996827 0.028387
vn 0.074359 -0.996827 0.028387
vn 0.074359 -0.996827 0.028387
vn -0.123318 -0.989341 -0.077441
vn -0.123318 -0.989341 -0.077441
vn -0.123318 -0.989341 -0.077441
vn -0.123318 -0.989341 -0.077441
vn 0.088165 -0.991257 0.098164
vn 0.088165 -0.991257 0.098164
vn 0.088165 -0.991257 0.098164
vn 0.088165 -0.991257 0.098164
vn 0.183762 -0.973311 0.137465
vn 0.183762 -0.973311 0.137465
vn 0.183762 -0.973311 0.137465
vn 0.183762 -0.973311 0.137465
vn 0.080820 -0.994108 0.072236
vn 0.080820 -0.994108 0.072236
vn 0.080820 -0.994108 0.072236
vn 0.080820 -0.994108 0.072236
vn 0.114012 -0.976535 0.182706
vn 0.114012 -0.976535 0.182706
vn 0.114012 -0.976535 0.182706
vn 0.114012 -0.976535 0.182706
vn 0.182392 -0.982669 0.033097
vn 0.182392 -0.982669 0.033097
vn 0.182392 -0.982669 0.033097
vn 0.182392 -0.982669 0.033097
vn 0.065991 -0.996850 0.044001
vn 0.065991 -0.996850 0.044001
vn 0.065991 -0.996850 0.044001
vn 0.065991 -0.996850 0.044001
vn 0.001130 -0.999400 -0.034616
vn 0.001130 -0.999400 -0.034616
vn 0.001130 -0.999400 -0.034616
vn 0.001130 -0.999400 -0.034616
vn -0.384018 -0.901113 -0.201310
vn -0.384018 -0.901113 -0.201310
vn -0.384018 -0.901113 -0.201310
vn -0.384018 -0.901113 -0.201310
vn -0.087670 -0.995343 -0.040086
vn -0.087670 -0.995343 -0.040086
vn -0.087670 -0.995343 -0.040086
vn -0.087670 -0.995343 -0.040086
vn -0.042126 -0.998775 -0.025943
vn -0.042126 -0.998775 -0.025943
vn -0.042126 -0.998775 -0.025943
vn -0.042126 -0.998775 -0.025943
vn -0.114554 -0.991661 -0.059048
vn -0.114554 -0.991661 -0.059048
vn -0.114554 -0.991661 -0.059048
vn -0.114554 -0.991661 -0.059048
vn -0.084817 -0.991444 -0.099219
vn -0.084817 -0.991444 -0.099219
vn -0.084817 -0.991444 -0.099219
vn -0.084817 -0.991444 -0.099219
vn 0.064778 -0.996551 -0.051874
vn 0.064778 -0.996551 -0.051874
vn 0.064778 -0.996551 -0.051874
vn 0.064778 -0.996551 -0.051874
vn 0.046034 -0.992934 -0.109377
vn 0.046034 -0.992934 -0.109377
vn 0.046034 -0.992934 -0.109377
vn 0.046034 -0.992934 -0.109377
vn 0.004209 -0.998114 -0.061242
vn 0.004209 -0.998114 -0.061242
vn 0.004209 -0.998114 -0.061242
vn 0.004209 -0.998114 -0.061242
vn 0.068138 -0.972358 -0.223334
vn 0.068138 -0.972358 -0.223334
vn 0.068138 -0.972358 -0.223334
vn 0.068138 -0.972358 -0.223334
vn 0.131745 -0.969163 -0.208248
vn 0.131745 -0.969163 -0.208248
vn 0.131745 -0.969163 -0.208248
vn 0.131745 -0.969163 -0.208248
vn -0.017278 -0.987931 -0.153930
vn -0.017278 -0.987931 -0.153930
vn -0.017278 -0.987931 -0.153930
vn -0.017278 -0.987931 -0.153930
vn -0.115092 -0.973068 -0.199730
vn -0.115092 -0.973068 -0.199730
vn -0.115092 -0.973068 -0.199730
vn -0.115092 -0.973068 -0.199730
vn 0.155400 -0.978510 0.135535
vn 0.155400 -0.978510 0.135535
vn 0.155400 -0.978510 0.135535
vn 0.155400 -0.978510 0.135535
vn -0.009085 -0.995216 -0.097275
vn -0.009085 -0.995216 -0.097275
vn -0.009085 -0.995216 -0.097275
vn -0.009085 -0.995216 -0.097275
vn 0.157563 -0.985578 -0.061720
vn 0.157563 -0.985578 -0.061720
vn 0.157563 -0.985578 -0.061720
vn 0.157563 -0.985578 -0.061720
vn 0.092970 -0.985137 -0.144436
vn 0.092970 -0.985137 -0.144436
vn 0.092970 -0.985137 -0.144436
vn 0.092970 -0.985137 -0.144436
vn -0.005843 -0.984783 -0.173692
vn -0.005843 -0.984783 -0.173692
vn -0.005843 -0.984783 -0.173692
vn -0.005843 -0.984783 -0.173692
vn -0.231444 -0.967887 -0.098120
vn -0.231444 -0.967887 -0.098120
vn -0.231444 -0.967887 -0.098120
vn -0.231444 -0.967887 -0.098120
vn 0.182955 -0.961043 -0.207181
vn 0.182955 -0.961043 -0.207181
vn 0.182954 -0.961043 -0.207181
vn 0.182955 -0.961043 -0.207181
vn -0.043049 -0.998659 -0.028774
vn -0.043049 -0.998659 -0.028774
vn -0.043049 -0.998659 -0.028774
vn -0.043049 -0.998659 -0.028774
vn -0.023627 -0.998841 -0.041940
vn -0.023627 -0.998841 -0.041940
vn -0.023627 -0.998841 -0.041940
vn -0.023627 -0.998841 -0.041940
vn -0.074805 -0.977833 -0.195566
vn -0.074805 -0.977833 -0.195566
vn -0.074805 -0.977833 -0.195566
vn -0.074805 -0.977833 -0.195566
vn 0.145109 -0.952025 -0.269429
vn 0.145109 -0.952025 -0.269429
vn 0.145109 -0.952025 -0.269429
vn 0.145109 -0.952025 -0.269429
vn 0.233045 -0.972466 0.000151
vn 0.233045 -0.972466 0.000151
vn 0.233045 -0.972466 0.000151
vn 0.233045 -0.972466 0.000151
vn -0.178645 -0.972451 -0.149752
vn -0.178645 -0.972451 -0.149752
vn -0.178645 -0.972451 -0.149752
vn -0.178645 -0.972451 -0.149752
vn -0.213389 -0.970420 -0.112919
vn -0.213389 -0.970420 -0.112919
vn -0.213389 -0.970420 -0.112919
vn -0.213389 -0.970420 -0.112919
vn -0.019498 -0.997384 0.069605
vn -0.019498 -0.997384 0.069605
vn -0.019498 -0.997384 0.069605
vn -0.019498 -0.997384 0.069605
vn -0.114919 -0.991652 -0.058473
vn -0.114919 -0.991652 -0.058473
vn -0.114919 -0.991652 -0.058473
vn -0.114919 -0.991652 -0.058473
vn -0.209659 -0.974427 -0.080844
vn -0.209659 -0.974427 -0.080844
vn -0.209659 -0.974427 -0.080844
vn -0.209659 -0.974427 -0.080844
vn -0.113552 -0.976187 -0.184836
vn -0.113552 -0.976187 -0.184836
vn -0.113552 -0.976187 -0.184836
vn -0.113552 -0.976187 -0.184836
vn -0.426207 -0.808063 0.406673
vn -0.426207 -0.808063 0.406673
vn -0.426207 -0.808063 0.406673
vn -0.426207 -0.808063 0.406673
vn 0.015017 -0.993583 0.112103
vn 0.015017 -0.993583 0.112103
vn 0.015017 -0.993583 0.112103
vn 0.015017 -0.993583 0.112103
vn -0.159588 -0.986506 -0.036567
vn -0.159588 -0.986506 -0.036567
vn -0.159588 -0.986506 -0.036567
vn -0.159588 -0.986506 -0.036567
vn -0.168290 -0.979995 0.106248
vn -0.168290 -0.979995 0.106248
vn -0.168290 -0.979995 0.106248
vn -0.168290 -0.979995 0.106248
vn -0.132076 -0.985254 0.108768
vn -0.132076 -0.985254 0.108768
vn -0.132076 -0.985254 0.108768
vn -0.132076 -0.985254 0.108768
vn -0.116818 -0.992482 -0.036501
vn -0.116818 -0.992482 -0.036501
vn -0.116818 -0.992482 -0.036501
vn -0.116818 -0.992482 -0.036501
vn -0.106235 -0.975601 -0.192139
vn -0.106235 -0.975601 -0.192139
vn -0.106235 -0.975601 -0.192139
vn -0.106235 -0.975601 -0.192139
vn 0.109103 -0.993940 -0.013380
vn 0.109103 -0.993940 -0.013380
vn 0.109103 -0.993940 -0.013380
vn 0.109103 -0.993940 -0.013380
vn -0.002473 -0.980238 0.197807
vn -0.002473 -0.980238 0.197807
vn -0.002473 -0.980238 0.197807
vn -0.002473 -0.980238 0.197807
vn 0.127858 -0.989553 -0.066612
vn 0.127858 -0.989553 -0.066612
vn 0.127858 -0.989553 -0.066612
vn 0.127858 -0.989553 -0.066612
vn -0.062200 -0.961297 0.268401
vn -0.062200 -0.961297 0.268401
vn -0.062200 -0.961297 0.268401
vn -0.062200 -0.961297 0.268401
vn -0.103523 -0.986905 0.123696
vn -0.103523 -0.986905 0.123696
vn -0.103523 -0.986905 0.123696
vn -0.103523 -0.986905 0.123696
vn -0.136328 -0.972418 0.189256
vn -0.136328 -0.972418 0.189256
vn -0.136328 -0.972418 0.189256
vn -0.136328 -0.972418 0.189256
vn -0.066965 -0.946320 -0.316218
vn -0.066965 -0.946320 -0.316218
vn -0.066965 -0.946320 -0.316218
vn -0.066965 -0.946320 -0.316218
vn 0.024116 -0.999529 -0.018980
vn 0.024116 -0.999529 -0.018980
vn 0.024116 -0.999529 -0.018980
vn 0.024116 -0.999529 -0.018980
vn 0.200422 -0.944395 0.260669
vn 0.200422 -0.944395 0.260669
vn 0.200422 -0.944395 0.260669
vn 0.200422 -0.944395 0.260669
vn -0.148864 -0.968139 -0.201362
vn -0.148864 -0.968139 -0.201362
vn -0.148864 -0.968139 -0.201362
vn -0.148864 -0.968139 -0.201362
vn 0.142021 -0.909936 0.389675
vn 0.142021 -0.909936 0.389675
vn 0.142021 -0.909936 0.389675
vn 0.142021 -0.909936 0.389675
vn -0.176691 -0.972531 -0.151540
vn -0.176691 -0.972531 -0.151540
vn -0.176691 -0.972531 -0.151540
vn -0.176691 -0.972531 -0.151540
vn -0.187750 -0.919984 0.344064
vn -0.187750 -0.919984 0.344064
vn -0.187750 -0.919984 0.344064
vn -0.187750 -0.919984 0.344064
vn -0.233167 -0.950037 -0.207515
vn -0.233167 -0.950037 -0.207515
vn -0.233167 -0.950037 -0.207515
vn -0.233167 -0.950037 -0.207515
vn 0.043109 -0.995831 -0.080392
vn 0.043109 -0.995831 -0.080392
vn 0.043109 -0.995831 -0.080392
vn 0.043109 -0.995831 -0.080392
vn 0.038206 -0.997055 -0.066494
vn 0.038206 -0.997055 -0.066494
vn 0.038206 -0.997055 -0.066494
vn 0.038206 -0.997055 -0.066494
vn -0.003442 -0.990006 -0.140982
vn -0.003442 -0.990006 -0.140982
vn -0.003442 -0.990006 -0.140982
vn -0.003442 -0.990006 -0.140982
vn -0.125334 -0.977127 -0.171795
vn -0.125334 -0.977127 -0.171795
vn -0.125334 -0.977127 -0.171795
vn -0.125334 -0.977127 -0.171795
vn -0.464883 -0.883516 0.057297
vn -0.464883 -0.883516 0.057297
vn -0.464883 -0.883516 0.057297
vn -0.464883 -0.883516 0.057297
vn -0.474257 -0.877058 0.076477
vn -0.474257 -0.877058 0.076477
vn -0.474257 -0.877058 0.076477
vn -0.474257 -0.877058 0.076477
vn -0.406440 -0.883655 0.232295
vn -0.406440 -0.883655 0.232295
vn -0.406440 -0.883655 0.232295
vn -0.406440 -0.883655 0.232295
vn 0.102385 -0.993450 0.050731
vn 0.102385 -0.993450 0.050731
vn 0.102385 -0.993450 0.050731
vn 0.102385 -0.993450 0.050731
vn -0.215996 -0.976303 -0.013337
vn -0.215996 -0.976303 -0.013337
vn -0.215996 -0.976303 -0.013337
vn -0.215996 -0.976303 -0.013337
vn -0.156587 -0.987586 0.012441
vn -0.156587 -0.987586 0.012441
vn -0.156587 -0.987586 0.012441
vn -0.156587 -0.987586 0.012441
vn 0.971120 0.225486 0.077993
vn 0.971120 0.225486 0.077993
vn 0.971120 0.225486 0.077993
vn 0.971120 0.225486 0.077993
vn -0.268278 -0.960952 0.067806
vn -0.268278 -0.960952 0.067806
vn -0.268278 -0.960952 0.067806
vn -0.268278 -0.960952 0.067806
vn -0.247133 -0.968033 0.042864
vn -0.247133 -0.968033 0.042864
vn -0.247133 -0.968033 0.042864
vn -0.247133 -0.968033 0.042864
vn -0.088076 -0.995907 -0.020277
vn -0.088076 -0.995907 -0.020277
vn -0.088076 -0.995907 -0.020277
vn -0.088076 -0.995907 -0.020277
vn -0.351457 -0.934297 0.059720
vn -0.351457 -0.934297 0.059720
vn -0.351457 -0.934297 0.059720
vn -0.351457 -0.934297 0.059720
vn 0.083685 -0.990366 0.110324
vn 0.083685 -0.990366 0.110324
vn 0.083685 -0.990366 0.110324
vn 0.083685 -0.990366 0.110324
vn -0.063203 -0.993047 0.099311
vn -0.063203 -0.993047 0.099311
vn -0.063203 -0.993047 0.099311
vn -0.063203 -0.993047 0.099311
vn -0.030911 -0.994123 0.103752
vn -0.030911 -0.994123 0.103752
vn -0.030911 -0.994123 0.103752
vn -0.030911 -0.994123 0.103752
vn -0.009560 -0.998172 -0.059672
vn -0.009560 -0.998172 -0.059672
vn -0.009560 -0.998172 -0.059672
vn -0.009560 -0.998172 -0.059672
vn -0.027975 -0.997044 -0.071562
vn -0.027975 -0.997044 -0.071562
vn -0.027975 -0.997044 -0.071562
vn -0.027975 -0.997044 -0.071562
vn 0.135246 -0.989558 0.049840
vn 0.135246 -0.989558 0.049840
vn 0.135246 -0.989558 0.049840
vn 0.135246 -0.989558 0.049840
vn 0.250870 -0.967901 0.015247
vn 0.250870 -0.967901 0.015247
vn 0.250870 -0.967901 0.015247
vn 0.250870 -0.967901 0.015247
vn 0.187325 -0.978765 0.083240
vn 0.187325 -0.978765 0.083240
vn 0.187325 -0.978765 0.083240
vn 0.187325 -0.978765 0.083240
vn 0.574289 0.563136 -0.594197
vn 0.574289 0.563136 -0.594197
vn 0.574289 0.563136 -0.594197
vn 0.574289 0.563136 -0.594197
vn 0.223427 -0.961807 -0.158140
vn 0.223427 -0.961807 -0.158140
vn 0.223427 -0.961807 -0.158140
vn 0.223427 -0.961807 -0.158140
vn -0.017844 -0.963322 0.267754
vn -0.017844 -0.963322 0.267754
vn -0.017844 -0.963322 0.267754
vn -0.017844 -0.963322 0.267754
vn 0.066882 -0.990491 0.120228
vn 0.066882 -0.990491 0.120228
vn 0.066882 -0.990491 0.120228
vn 0.066882 -0.990491 0.120228
vn 0.139489 -0.983713 0.113365
vn 0.139489 -0.983713 0.113365
vn 0.139489 -0.983713 0.113365
vn 0.139489 -0.983713 0.113365
vn 0.025222 -0.998708 -0.044123
vn 0.025222 -0.998708 -0.044123
vn 0.025222 -0.998708 -0.044123
vn 0.025222 -0.998708 -0.044123
vn -0.155894 -0.987323 0.029851
vn -0.155894 -0.987323 0.029851
vn -0.155894 -0.987323 0.029851
vn -0.155894 -0.987323 0.029851
vn 0.149686 -0.980123 -0.130206
vn 0.149686 -0.980123 -0.130206
vn 0.149686 -0.980123 -0.130206
vn 0.149686 -0.980123 -0.130206
vn 0.277582 -0.909919 -0.308213
vn 0.277582 -0.909919 -0.308213
vn 0.277582 -0.909919 -0.308213
vn 0.277582 -0.909919 -0.308213
vn 0.143712 -0.989532 0.013181
vn 0.143712 -0.989532 0.013181
vn 0.143712 -0.989532 0.013181
vn 0.143712 -0.989532 0.013181
vn 0.000592 -0.997164 -0.075257
vn 0.000592 -0.997164 -0.075257
vn 0.000592 -0.997164 -0.075257
vn 0.000592 -0.997164 -0.075257
vn -0.141550 -0.988678 0.049800
vn -0.141550 -0.988678 0.049800
vn -0.141550 -0.988678 0.049800
vn -0.141550 -0.988678 0.049800
vn 0.034850 -0.989968 -0.136928
vn 0.034850 -0.989968 -0.136928
vn 0.034850 -0.989968 -0.136928
vn 0.034850 -0.989968 -0.136928
vn -0.031718 -0.887937 0.458871
vn -0.031718 -0.887937 0.458871
vn -0.031718 -0.887937 0.458871
vn -0.031718 -0.887937 0.458871
vn 0.115139 -0.993349 0.001286
vn 0.115139 -0.993349 0.001286
vn 0.115139 -0.993349 0.001286
vn 0.115139 -0.993349 0.001286
vn -0.065277 -0.993510 0.093151
vn -0.065277 -0.993510 0.093151
vn -0.065277 -0.993510 0.093151
vn -0.065277 -0.993510 0.093151
vn 0.121123 -0.791533 -0.599003
vn 0.121123 -0.791533 -0.599003
vn 0.121123 -0.791533 -0.599003
vn 0.121123 -0.791533 -0.599003
vn -0.039529 -0.998526 0.037205
vn -0.039529 -0.998526 0.037205
vn -0.039529 -0.998526 0.037205
vn -0.039529 -0.998526 0.037205
vn -0.085460 -0.992681 -0.085326
vn -0.085460 -0.992681 -0.085326
vn -0.085460 -0.992681 -0.085326
vn -0.085460 -0.992681 -0.085326
vn -0.001656 -0.997522 0.070335
vn -0.001656 -0.997522 0.070335
vn -0.001656 -0.997522 0.070335
vn -0.001656 -0.997522 0.070335
vn -0.059774 -0.990113 -0.126895
vn -0.059774 -0.990113 -0.126895
vn -0.059774 -0.990113 -0.126895
vn -0.059774 -0.990113 -0.126895
vn -0.000564 -0.983972 -0.178320
vn -0.000564 -0.983972 -0.178320
vn -0.000564 -0.983972 -0.178320
vn -0.000564 -0.983972 -0.178320
vn 0.047464 -0.988370 -0.144470
vn 0.047464 -0.988370 -0.144470
vn 0.047464 -0.988370 -0.144470
vn 0.047464 -0.988370 -0.144470
vn 0.080095 -0.996767 -0.006386
vn 0.080095 -0.996767 -0.006386
vn 0.080095 -0.996767 -0.006386
vn 0.080095 -0.996767 -0.006386
vn 0.069390 -0.957264 -0.280769
vn 0.069390 -0.957264 -0.280769
vn 0.069390 -0.957264 -0.280769
vn 0.069390 -0.957264 -0.280769
vn -0.385793 0.919078 -0.080374
vn -0.385793 0.919078 -0.080374
vn -0.385793 0.919078 -0.080374
vn -0.385793 0.919078 -0.080374
vn -0.026157 0.995917 -0.086400
vn -0.026157 0.995917 -0.086400
vn -0.026157 0.995917 -0.086400
vn -0.026157 0.995917 -0.086400
vn -0.200785 0.910971 -0.360302
vn -0.200785 0.910971 -0.360302
vn -0.200785 0.910971 -0.360302
vn -0.200785 0.910971 -0.360302
vn -0.056303 0.951244 -0.303256
vn -0.056303 0.951244 -0.303256
vn -0.056303 0.951244 -0.303256
vn -0.056303 0.951244 -0.303256
vn -0.481372 0.855649 -0.190122
vn -0.481372 0.855649 -0.190122
vn -0.481372 0.855649 -0.190122
vn -0.481372 0.855649 -0.190122
vn 0.049042 0.998761 0.008423
vn 0.049042 0.998761 0.008423
vn 0.049042 0.998761 0.008423
vn 0.049042 0.998761 0.008423
vn -0.371390 0.906547 -0.200604
vn -0.371390 0.906547 -0.200604
vn -0.371390 0.906547 -0.200604
vn -0.371390 0.906547 -0.200604
vn 0.075736 0.996379 0.038637
vn 0.075736 0.996379 0.038637
vn 0.075736 0.996379 0.038637
vn 0.075736 0.996379 0.038637
vn -0.201309 0.979170 0.026462
vn -0.201309 0.979170 0.026462
vn -0.201309 0.979170 0.026462
vn -0.201309 0.979170 0.026462
vn -0.146174 0.988029 0.049314
vn -0.146174 0.988029 0.049314
vn -0.146174 0.988029 0.049314
vn -0.146174 0.988029 0.049314
vn 0.082616 0.982791 0.165216
vn 0.082616 0.982791 0.165216
vn 0.082616 0.982791 0.165216
vn 0.082616 0.982791 0.165216
vn -0.143102 0.982426 0.119838
vn -0.143102 0.982426 0.119838
vn -0.143102 0.982426 0.119838
vn -0.143102 0.982426 0.119838
vn -0.247125 0.961300 0.121786
vn -0.247125 0.961300 0.121786
vn -0.247125 0.961300 0.121786
vn -0.247124 0.961300 0.121786
vn 0.337729 0.917414 0.210456
vn 0.337729 0.917414 0.210456
vn 0.337729 0.917414 0.210456
vn 0.337729 0.917414 0.210456
vn -0.324841 0.932640 0.157040
vn -0.324841 0.932640 0.157040
vn -0.324841 0.932640 0.157040
vn -0.324841 0.932640 0.157040
vn -0.021301 0.995714 0.090000
vn -0.021301 0.995714 0.090000
vn -0.021301 0.995714 0.090000
vn -0.021301 0.995714 0.090000
vn -0.006066 0.992729 0.120215
vn -0.006066 0.992729 0.120215
vn -0.006066 0.992729 0.120215
vn -0.006066 0.992729 0.120215
vn -0.227597 0.951865 0.205310
vn -0.227597 0.951865 0.205310
vn -0.227597 0.951865 0.205310
vn -0.227597 0.951865 0.205310
vn -0.174278 0.971360 0.161513
vn -0.174278 0.971360 0.161513
vn -0.174278 0.971360 0.161513
vn -0.174278 0.971360 0.161513
vn 0.192648 0.980779 -0.030974
vn 0.192648 0.980779 -0.030974
vn 0.192648 0.980779 -0.030974
vn 0.192648 0.980779 -0.030974
vn -0.242124 0.892979 0.379427
vn -0.242124 0.892978 0.379428
vn -0.242124 0.892979 0.379427
vn -0.242124 0.892979 0.379427
vn 0.067946 0.990266 0.121476
vn 0.067946 0.990266 0.121476
vn 0.067946 0.990266 0.121476
vn 0.067946 0.990266 0.121476
vn 0.224399 0.933461 -0.279814
vn 0.224399 0.933461 -0.279814
vn 0.224399 0.933461 -0.279814
vn 0.224399 0.933461 -0.279814
vn 0.305690 0.737597 -0.602083
vn 0.305690 0.737597 -0.602083
vn 0.305690 0.737597 -0.602083
vn 0.305690 0.737597 -0.602083
vn 0.218885 0.974707 -0.045111
vn 0.218885 0.974707 -0.045111
vn 0.218885 0.974707 -0.045111
vn 0.218885 0.974707 -0.045111
vn 0.242301 0.953406 -0.179742
vn 0.242301 0.953406 -0.179742
vn 0.242301 0.953406 -0.179742
vn 0.242301 0.953406 -0.179742
vn 0.301607 0.919963 -0.250404
vn 0.301607 0.919963 -0.250404
vn 0.301607 0.919963 -0.250404
vn 0.301607 0.919963 -0.250404
vn 0.148063 0.874542 -0.461793
vn 0.148063 0.874542 -0.461793
vn 0.148063 0.874542 -0.461793
vn 0.148063 0.874542 -0.461793
vn 0.162618 0.971399 -0.173033
vn 0.162618 0.971399 -0.173033
vn 0.162618 0.971399 -0.173033
vn 0.162618 0.971399 -0.173033
vn 0.037931 0.998146 -0.047612
vn 0.037931 0.998146 -0.047612
vn 0.037931 0.998146 -0.047612
vn 0.037931 0.998146 -0.047612
vn 0.107009 0.966164 -0.234685
vn 0.107009 0.966164 -0.234685
vn 0.107009 0.966164 -0.234685
vn 0.107009 0.966164 -0.234685
vn 0.058002 0.997615 0.037418
vn 0.058002 0.997615 0.037418
vn 0.058002 0.997615 0.037418
vn 0.058002 0.997615 0.037418
vn -0.074525 0.997023 -0.019756
vn -0.074525 0.997023 -0.019756
vn -0.074525 0.997023 -0.019756
vn -0.074525 0.997023 -0.019756
vn 0.026525 0.993842 0.107581
vn 0.026525 0.993842 0.107581
vn 0.026525 0.993842 0.107581
vn 0.026525 0.993842 0.107581
vn 0.296351 0.954728 0.025888
vn 0.296351 0.954728 0.025888
vn 0.296351 0.954728 0.025888
vn 0.296351 0.954728 0.025888
vn 0.159186 0.979991 0.119488
vn 0.159186 0.979991 0.119488
vn 0.159186 0.979991 0.119488
vn 0.159186 0.979991 0.119488
vn 0.146028 0.986592 -0.072881
vn 0.146028 0.986592 -0.072881
vn 0.146028 0.986592 -0.072881
vn 0.146028 0.986592 -0.072881
vn -0.483607 0.872076 0.074886
vn -0.483607 0.872076 0.074886
vn -0.483607 0.872076 0.074886
vn -0.483607 0.872076 0.074886
vn 0.045640 0.997460 0.054679
vn 0.045640 0.997460 0.054679
vn 0.045640 0.997460 0.054679
vn 0.045640 0.997460 0.054679
vn 0.189026 0.949472 -0.250543
vn 0.189026 0.949472 -0.250543
vn 0.189026 0.949472 -0.250543
vn 0.189026 0.949472 -0.250543
vn -0.252014 0.938724 0.235131
vn -0.252014 0.938724 0.235131
vn -0.252014 0.938724 0.235131
vn -0.252014 0.938724 0.235131
vn -0.087499 0.995761 -0.028364
vn -0.087499 0.995761 -0.028364
vn -0.087499 0.995761 -0.028364
vn -0.087499 0.995761 -0.028364
vn -0.139353 0.989426 0.040213
vn -0.139353 0.989426 0.040213
vn -0.139353 0.989426 0.040213
vn -0.139353 0.989426 0.040213
vn -0.167035 0.970711 0.172681
vn -0.167035 0.970711 0.172681
vn -0.167035 0.970711 0.172681
vn -0.167035 0.970711 0.172681
vn -0.009235 0.993802 -0.110777
vn -0.009235 0.993802 -0.110777
vn -0.009235 0.993802 -0.110777
vn -0.009235 0.993802 -0.110777
vn -0.212479 0.851168 0.479965
vn -0.212479 0.851168 0.479965
vn -0.212479 0.851168 0.479965
vn -0.212479 0.851168 0.479965
vn -0.008943 0.970109 0.242506
vn -0.008943 0.970109 0.242506
vn -0.008943 0.970109 0.242506
vn -0.008943 0.970109 0.242506
vn -0.178056 0.923030 0.341044
vn -0.178056 0.923030 0.341044
vn -0.178056 0.923030 0.341044
vn -0.178056 0.923030 0.341044
vn -0.040617 0.995332 0.087550
vn -0.040617 0.995332 0.087550
vn -0.040617 0.995332 0.087550
vn -0.040617 0.995332 0.087550
vn 0.009423 0.994940 0.100028
vn 0.009423 0.994940 0.100028
vn 0.009423 0.994940 0.100028
vn 0.009423 0.994940 0.100028
vn -0.063698 0.997464 -0.031758
vn -0.063698 0.997464 -0.031758
vn -0.063698 0.997464 -0.031758
vn -0.063698 0.997464 -0.031758
s off
g initialShadingGrouppSphere1_4
usemtl aiStandardSurface2SG
f 1381/457/1657 1338/458/1658 464/459/1659 1443/460/1660
f 1338/458/1661 1339/461/1662 1383/462/1663 464/459/1664
f 2265/463/1665 1382/464/1666 951/465/1667 950/466/1668
f 950/466/1669 951/465/1670 1383/462/1671 1339/461/1672
f 1386/467/1673 980/468/1674 951/465/1675 1382/464/1676
f 980/468/1677 1446/469/1678 1383/462/1679 951/465/1680
f 1445/470/1681 1443/460/1682 464/459/1683 465/471/1684
f 465/471/1685 464/459/1686 1383/462/1687 1446/469/1688
f 2265/463/1689 2271/472/1690 1384/473/1691 1382/464/1692
f 2271/472/1693 953/474/1694 466/475/1695 1384/473/1696
f 2270/476/1697 1388/477/1698 1385/478/1699 952/479/1700
f 952/479/1701 1385/478/1702 466/475/1703 953/474/1704
f 1393/480/1705 983/481/1706 1385/478/1707 1388/477/1708
f 983/481/1709 984/482/1710 466/475/1711 1385/478/1712
f 1386/467/1713 1382/464/1714 1384/473/1715 1387/483/1716
f 1387/483/1717 1384/473/1718 466/475/1719 984/482/1720
f 2270/476/1721 2275/484/1722 1389/485/1723 1388/477/1724
f 2275/484/1725 1391/486/1726 1392/487/1727 1389/485/1728
f 2273/488/1729 954/489/1730 955/490/1731 1390/491/1732
f 1390/491/1733 955/490/1734 1392/487/1735 1391/486/1736
f 401/492/1737 1454/493/1738 955/490/1739 954/489/1740
f 1454/493/1741 1455/494/1742 1392/487/1743 955/490/1744
f 1393/480/1745 1388/477/1746 1389/485/1747 1394/495/1748
f 1394/495/1749 1389/485/1750 1392/487/1751 1455/494/1752
f 2273/488/1753 1344/496/1754 1395/497/1755 954/489/1756
f 1344/496/1757 1397/498/1758 467/499/1759 1395/497/1760
f 2280/500/1761 956/501/1762 957/502/1763 1396/503/1764
f 1396/503/1765 957/502/1766 467/499/1767 1397/498/1768
f 657/504/1769 1461/505/1770 957/502/1771 956/501/1772
f 1461/505/1773 1462/506/1774 467/499/1775 957/502/1776
f 401/492/1777 954/489/1778 1395/497/1779 1398/507/1780
f 1398/507/1781 1395/497/1782 467/499/1783 1462/506/1784
f 2280/500/1785 1345/508/1786 1399/509/1787 956/501/1788
f 2284/510/1789 1400/511/1790 959/512/1791 958/513/1792
f 958/513/1793 959/512/1794 1399/509/1795 1345/508/1796
f 1403/514/1797 986/515/1798 959/512/1799 1400/511/1800
f 986/515/1801 1466/516/1802 1399/509/1803 959/512/1804
f 657/504/1805 956/501/1806 1399/509/1807 1466/516/1808
f 2284/510/1809 960/517/1810 1402/518/1811 1400/511/1812
f 2288/519/1813 1401/520/1814 1402/518/1815 960/517/1816
f 658/521/1817 988/522/1818 1402/518/1819 1401/520/1820
f 1403/514/1821 1400/511/1822 1402/518/1823 988/522/1824
f 2288/519/1825 1347/523/1826 1404/524/1827 1401/520/1828
f 2290/525/1829 961/526/1830 1404/527/1831 1347/528/1832
f 402/529/1833 1471/530/1834 1404/527/1835 961/526/1836
f 658/521/1837 1401/520/1838 1404/524/1839 1471/531/1840
f 2290/525/1841 1348/532/1842 1405/533/1843 961/526/1844
f 1348/532/1845 962/534/1846 1406/535/1847 1405/533/1848
f 2293/536/1849 1408/537/1850 1406/535/1851 962/534/1852
f 1412/538/1853 990/539/1854 1406/535/1855 1408/537/1856
f 402/529/1857 961/526/1858 1405/533/1859 1407/540/1860
f 1407/540/1861 1405/533/1862 1406/535/1863 990/539/1864
f 2293/536/1865 2297/541/1866 1409/542/1867 1408/537/1868
f 2297/541/1869 1410/543/1870 1411/544/1871 1409/542/1872
f 2295/545/1873 659/546/1874 964/547/1875 963/548/1876
f 963/548/1877 964/547/1878 1411/544/1879 1410/543/1880
f 660/549/1881 992/550/1882 964/547/1883 659/546/1884
f 992/550/1885 1478/551/1886 1411/544/1887 964/547/1888
f 1412/538/1889 1408/537/1890 1409/542/1891 1413/552/1892
f 1413/552/1893 1409/542/1894 1411/544/1895 1478/551/1896
f 2295/545/1897 1352/553/1898 1415/554/1899 659/546/1900
f 2300/555/1901 965/556/1902 966/557/1903 1414/558/1904
f 1414/558/1905 966/557/1906 1415/554/1907 1352/553/1908
f 1418/559/1909 1482/560/1910 966/557/1911 965/556/1912
f 1482/560/1913 438/561/1914 1415/554/1915 966/557/1916
f 660/549/1917 659/546/1918 1415/554/1919 438/561/1920
f 2300/555/1921 2305/562/1922 661/563/1923 965/556/1924
f 2305/562/1925 967/564/1926 1417/565/1927 661/563/1928
f 2303/566/1929 1416/567/1930 1417/565/1931 967/564/1932
f 403/568/1933 994/569/1934 1417/565/1935 1416/567/1936
f 1418/559/1937 965/556/1938 661/563/1939 662/570/1940
f 662/570/1941 661/563/1942 1417/565/1943 994/569/1944
f 2303/566/1945 1354/571/1946 1419/572/1947 1416/567/1948
f 1354/571/1949 968/573/1950 468/574/1951 1419/572/1952
f 2307/575/1953 469/576/1954 1421/577/1955 1420/578/1956
f 1420/578/1957 1421/577/1958 468/574/1959 968/573/1960
f 470/579/1961 1489/580/1962 1421/577/1963 469/576/1964
f 1489/580/1965 995/581/1966 468/574/1967 1421/577/1968
f 403/568/1969 1416/567/1970 1419/572/1971 1422/582/1972
f 1422/582/1973 1419/572/1974 468/574/1975 995/581/1976
f 2307/575/1977 1423/583/1978 1424/584/1979 469/576/1980
f 2309/585/1981 663/586/1982 970/587/1983 969/588/1984
f 969/588/1985 970/587/1986 1424/584/1987 1423/583/1988
f 664/589/1989 997/590/1990 970/587/1991 663/586/1992
f 997/590/1993 1491/591/1994 1424/584/1995 970/587/1996
f 470/579/1997 469/576/1998 1424/584/1999 1491/591/2000
f 2309/585/2001 1356/592/2002 1426/593/2003 663/586/2004
f 2313/594/2005 1425/595/2006 1426/593/2007 1356/592/2008
f 1429/596/2009 998/597/2010 1426/593/2011 1425/595/2012
f 664/589/2013 663/586/2014 1426/593/2015 998/597/2016
f 2313/594/2017 2317/598/2018 1427/599/2019 1425/595/2020
f 2317/598/2021 971/600/2022 471/601/2023 1427/599/2024
f 2316/602/2025 1428/603/2026 471/601/2027 971/600/2028
f 665/604/2029 1000/605/2030 471/601/2031 1428/603/2032
f 1429/596/2033 1425/595/2034 1427/599/2035 1430/606/2036
f 1430/606/2037 1427/599/2038 471/601/2039 1000/605/2040
f 2316/602/2041 1359/607/2042 1432/608/2043 1428/603/2044
f 2318/609/2045 972/610/2046 973/611/2047 1431/612/2048
f 1431/612/2049 973/611/2050 1432/608/2051 1359/607/2052
f 666/613/2053 1498/614/2054 973/611/2055 972/610/2056
f 1498/614/2057 1499/615/2058 1432/608/2059 973/611/2060
f 665/604/2061 1428/603/2062 1432/608/2063 1499/615/2064
f 2318/609/2065 1360/616/2066 1433/617/2067 972/610/2068
f 1360/616/2069 974/618/2070 1434/619/2071 1433/617/2072
f 2320/620/2073 667/621/2074 1434/622/2075 974/623/2076
f 668/624/2077 1002/625/2078 1434/622/2079 667/621/2080
f 666/613/2081 972/610/2082 1433/617/2083 1435/626/2084
f 1435/626/2085 1433/617/2086 1434/619/2087 1002/627/2088
f 2320/620/2089 1362/628/2090 1437/629/2091 667/621/2092
f 2322/630/2093 1436/631/2094 976/632/2095 975/633/2096
f 975/633/2097 976/632/2098 1437/629/2099 1362/628/2100
f 669/634/2101 1004/635/2102 976/632/2103 1436/631/2104
f 1004/635/2105 439/636/2106 1437/629/2107 976/632/2108
f 668/624/2109 667/621/2110 1437/629/2111 439/636/2112
f 2322/630/2113 1363/637/2114 1438/638/2115 1436/631/2116
f 1363/637/2117 977/639/2118 1440/640/2119 1438/638/2120
f 2326/641/2121 1439/642/2122 1440/640/2123 977/639/2124
f 670/643/2125 1006/644/2126 1440/640/2127 1439/642/2128
f 669/634/2129 1436/631/2130 1438/638/2131 1441/645/2132
f 1441/645/2133 1438/638/2134 1440/640/2135 1006/644/2136
f 2326/641/2137 1365/646/2138 1442/647/2139 1439/642/2140
f 1365/646/2141 2330/648/2142 472/649/2143 1442/647/2144
f 1381/457/2145 1443/460/2146 979/650/2147 978/651/2148
f 978/651/2149 979/650/2150 472/649/2151 2330/648/2152
f 1445/470/2153 1008/652/2154 979/650/2155 1443/460/2156
f 1008/652/2157 440/653/2158 472/649/2159 979/650/2160
f 670/643/2161 1439/642/2162 1442/647/2163 1444/654/2164
f 1444/654/2165 1442/647/2166 472/649/2167 440/653/2168
f 1445/470/2169 465/471/2170 473/655/2171 536/656/2172
f 465/471/2173 1446/469/2174 671/657/2175 473/655/2176
f 1386/467/2177 529/658/2178 1448/659/2179 980/468/2180
f 980/468/2181 1448/659/2182 671/657/2183 1446/469/2184
f 1447/660/2185 1514/661/2186 1448/659/2187 529/658/2188
f 1514/661/2189 982/662/2190 671/657/2191 1448/659/2192
f 696/663/2193 536/656/2194 473/655/2195 981/664/2196
f 981/664/2197 473/655/2198 671/657/2199 982/662/2200
f 1386/467/2201 1387/483/2202 1449/665/2203 529/658/2204
f 1387/483/2205 984/482/2206 673/666/2207 1449/665/2208
f 1393/480/2209 1452/667/2210 672/668/2211 983/481/2212
f 983/481/2213 672/668/2214 673/666/2215 984/482/2216
f 1450/669/2217 1518/670/2218 672/668/2219 1452/667/2220
f 1518/670/2221 1519/671/2222 673/666/2223 672/668/2224
f 1447/660/2225 529/658/2226 1449/665/2227 1451/672/2228
f 1451/672/2229 1449/665/2230 673/666/2231 1519/671/2232
f 1393/480/2233 1394/495/2234 1453/673/2235 1452/667/2236
f 1394/495/2237 1455/494/2238 674/674/2239 1453/673/2240
f 401/492/2241 1456/675/2242 1458/676/2243 1454/493/2244
f 1454/493/2245 1458/676/2246 674/674/2247 1455/494/2248
f 1457/677/2249 538/678/2250 1458/676/2251 1456/675/2252
f 538/678/2253 539/679/2254 674/674/2255 1458/676/2256
f 1450/669/2257 1452/667/2258 1453/673/2259 1459/680/2260
f 1459/680/2261 1453/673/2262 674/674/2263 539/679/2264
f 401/492/2265 1398/507/2266 1460/681/2267 1456/675/2268
f 1398/507/2269 1462/506/2270 675/682/2271 1460/681/2272
f 657/504/2273 1463/683/2274 1465/684/2275 1461/505/2276
f 1461/505/2277 1465/684/2278 675/682/2279 1462/506/2280
f 1464/685/2281 541/686/2282 1465/684/2283 1463/683/2284
f 541/686/2285 542/687/2286 675/682/2287 1465/684/2288
f 1457/677/2289 1456/675/2290 1460/681/2291 985/688/2292
f 985/688/2293 1460/681/2294 675/682/2295 542/687/2296
f 657/504/2297 1466/516/2298 676/689/2299 1463/683/2300
f 1403/514/2301 1469/690/2302 1468/691/2303 986/515/2304
f 986/515/2305 1468/691/2306 676/689/2307 1466/516/2308
f 1467/692/2309 1524/693/2310 1468/691/2311 1469/690/2312
f 1524/693/2313 987/694/2314 676/689/2315 1468/691/2316
f 1464/685/2317 1463/683/2318 676/689/2319 987/694/2320
f 1403/514/2321 988/522/2322 677/695/2323 1469/690/2324
f 658/521/2325 530/696/2326 677/695/2327 988/522/2328
f 1470/697/2329 1526/698/2330 677/695/2331 530/696/2332
f 1467/692/2333 1469/690/2334 677/695/2335 1526/698/2336
f 658/521/2337 1471/531/2338 435/699/2339 530/696/2340
f 402/529/2341 1473/700/2342 435/701/2343 1471/530/2344
f 1472/702/2345 989/703/2346 435/701/2347 1473/700/2348
f 1470/697/2349 530/696/2350 435/699/2351 989/704/2352
f 402/529/2353 1407/540/2354 1474/705/2355 1473/700/2356
f 1407/540/2357 990/539/2358 678/706/2359 1474/705/2360
f 1412/538/2361 1476/707/2362 678/706/2363 990/539/2364
f 1475/708/2365 1530/709/2366 678/706/2367 1476/707/2368
f 1472/702/2369 1473/700/2370 1474/705/2371 991/710/2372
f 991/710/2373 1474/705/2374 678/706/2375 1530/709/2376
f 1412/538/2377 1413/552/2378 1477/711/2379 1476/707/2380
f 1413/552/2381 1478/551/2382 679/712/2383 1477/711/2384
f 660/549/2385 680/713/2386 1480/714/2387 992/550/2388
f 992/550/2389 1480/714/2390 679/712/2391 1478/551/2392
f 1479/715/2393 1533/716/2394 1480/714/2395 680/713/2396
f 1533/716/2397 543/717/2398 679/712/2399 1480/714/2400
f 1475/708/2401 1476/707/2402 1477/711/2403 1481/718/2404
f 1481/718/2405 1477/711/2406 679/712/2407 543/717/2408
f 660/549/2409 438/561/2410 681/719/2411 680/713/2412
f 1418/559/2413 1484/720/2414 1485/721/2415 1482/560/2416
f 1482/560/2417 1485/721/2418 681/719/2419 438/561/2420
f 1483/722/2421 706/723/2422 1485/721/2423 1484/720/2424
f 706/723/2425 993/724/2426 681/719/2427 1485/721/2428
f 1479/715/2429 680/713/2430 681/719/2431 993/724/2432
f 1418/559/2433 662/570/2434 682/725/2435 1484/720/2436
f 662/570/2437 994/569/2438 683/726/2439 682/725/2440
f 403/568/2441 531/727/2442 683/726/2443 994/569/2444
f 1486/728/2445 1539/729/2446 683/726/2447 531/727/2448
f 1483/722/2449 1484/720/2450 682/725/2451 1487/730/2452
f 1487/730/2453 682/725/2454 683/726/2455 1539/729/2456
f 403/568/2457 1422/582/2458 1488/731/2459 531/727/2460
f 1422/582/2461 995/581/2462 684/732/2463 1488/731/2464
f 470/579/2465 474/733/2466 532/734/2467 1489/580/2468
f 1489/580/2469 532/734/2470 684/732/2471 995/581/2472
f 1490/735/2473 545/736/2474 532/734/2475 474/733/2476
f 545/736/2477 1542/737/2478 684/732/2479 532/734/2480
f 1486/728/2481 531/727/2482 1488/731/2483 996/738/2484
f 996/738/2485 1488/731/2486 684/732/2487 1542/737/2488
f 470/579/2489 1491/591/2490 685/739/2491 474/733/2492
f 664/589/2493 686/740/2494 1493/741/2495 997/590/2496
f 997/590/2497 1493/741/2498 685/739/2499 1491/591/2500
f 1492/742/2501 1547/743/2502 1493/741/2503 686/740/2504
f 1547/743/2505 546/744/2506 685/739/2507 1493/741/2508
f 1490/735/2509 474/733/2510 685/739/2511 546/744/2512
f 664/589/2513 998/597/2514 688/745/2515 686/740/2516
f 1429/596/2517 687/746/2518 688/745/2519 998/597/2520
f 1494/747/2521 999/748/2522 688/745/2523 687/746/2524
f 1492/742/2525 686/740/2526 688/745/2527 999/748/2528
f 1429/596/2529 1430/606/2530 1495/749/2531 687/746/2532
f 1430/606/2533 1000/605/2534 689/750/2535 1495/749/2536
f 665/604/2537 533/751/2538 689/750/2539 1000/605/2540
f 1496/752/2541 1552/753/2542 689/750/2543 533/751/2544
f 1494/747/2545 687/746/2546 1495/749/2547 1497/754/2548
f 1497/754/2549 1495/749/2550 689/750/2551 1552/753/2552
f 665/604/2553 1499/615/2554 690/755/2555 533/751/2556
f 666/613/2557 1500/756/2558 1502/757/2559 1498/614/2560
f 1498/614/2561 1502/757/2562 690/755/2563 1499/615/2564
f 1501/758/2565 548/759/2566 1502/757/2567 1500/756/2568
f 548/759/2569 1001/760/2570 690/755/2571 1502/757/2572
f 1496/752/2573 533/751/2574 690/755/2575 1001/760/2576
f 666/613/2577 1435/626/2578 1503/761/2579 1500/756/2580
f 1435/626/2581 1002/627/2582 691/762/2583 1503/761/2584
f 668/624/2585 692/763/2586 691/764/2587 1002/625/2588
f 1504/765/2589 1556/766/2590 691/764/2591 692/763/2592
f 1501/758/2593 1500/756/2594 1503/761/2595 1003/767/2596
f 1003/767/2597 1503/761/2598 691/762/2599 1556/768/2600
f 668/624/2601 439/636/2602 693/769/2603 692/763/2604
f 669/634/2605 534/770/2606 1506/771/2607 1004/635/2608
f 1004/635/2609 1506/771/2610 693/769/2611 439/636/2612
f 1505/772/2613 1561/773/2614 1506/771/2615 534/770/2616
f 1561/773/2617 1005/774/2618 693/769/2619 1506/771/2620
f 1504/765/2621 692/763/2622 693/769/2623 1005/774/2624
f 669/634/2625 1441/645/2626 1507/775/2627 534/770/2628
f 1441/645/2629 1006/644/2630 694/776/2631 1507/775/2632
f 670/643/2633 535/777/2634 694/776/2635 1006/644/2636
f 1508/778/2637 1564/779/2638 694/776/2639 535/777/2640
f 1505/772/2641 534/770/2642 1507/775/2643 1007/780/2644
f 1007/780/2645 1507/775/2646 694/776/2647 1564/779/2648
f 670/643/2649 1444/654/2650 1509/781/2651 535/777/2652
f 1444/654/2653 440/653/2654 695/782/2655 1509/781/2656
f 1445/470/2657 536/656/2658 1510/783/2659 1008/652/2660
f 1008/652/2661 1510/783/2662 695/782/2663 440/653/2664
f 696/663/2665 1568/784/2666 1510/783/2667 536/656/2668
f 1568/784/2669 1511/785/2670 695/782/2671 1510/783/2672
f 1508/778/2673 535/777/2674 1509/781/2675 1009/786/2676
f 1009/786/2677 1509/781/2678 695/782/2679 1511/785/2680
f 696/663/2681 981/664/2682 1512/787/2683 1569/788/2684
f 981/664/2685 982/662/2686 1513/789/2687 1512/787/2688
f 1447/660/2689 1515/790/2690 1010/791/2691 1514/661/2692
f 1514/661/2693 1010/791/2694 1513/789/2695 982/662/2696
f 697/792/2697 1573/793/2698 1010/791/2699 1515/790/2700
f 1573/793/2701 1517/794/2702 1513/789/2703 1010/791/2704
f 716/795/2705 1569/788/2706 1512/787/2707 1516/796/2708
f 1516/796/2709 1512/787/2710 1513/789/2711 1517/794/2712
f 1447/660/2713 1451/672/2714 1011/797/2715 1515/790/2716
f 1451/672/2717 1519/671/2718 699/798/2719 1011/797/2720
f 1450/669/2721 1012/799/2722 1520/800/2723 1518/670/2724
f 1518/670/2725 1520/800/2726 699/798/2727 1519/671/2728
f 698/801/2729 1576/802/2730 1520/800/2731 1012/799/2732
f 1576/802/2733 1577/803/2734 699/798/2735 1520/800/2736
f 697/792/2737 1515/790/2738 1011/797/2739 537/804/2740
f 537/804/2741 1011/797/2742 699/798/2743 1577/803/2744
f 1450/669/2745 1459/680/2746 1013/805/2747 1012/799/2748
f 1459/680/2749 539/679/2750 1521/806/2751 1013/805/2752
f 1457/677/2753 1014/807/2754 1015/808/2755 538/678/2756
f 538/678/2757 1015/808/2758 1521/806/2759 539/679/2760
f 404/809/2761 550/810/2762 1015/808/2763 1014/807/2764
f 550/810/2765 551/811/2766 1521/806/2767 1015/808/2768
f 698/801/2769 1012/799/2770 1013/805/2771 540/812/2772
f 540/812/2773 1013/805/2774 1521/806/2775 551/811/2776
f 1457/677/2777 985/688/2778 1016/813/2779 1014/807/2780
f 985/688/2781 542/687/2782 700/814/2783 1016/813/2784
f 1464/685/2785 1017/815/2786 1018/816/2787 541/686/2788
f 541/686/2789 1018/816/2790 700/814/2791 542/687/2792
f 405/817/2793 552/818/2794 1018/816/2795 1017/815/2796
f 552/818/2797 553/819/2798 700/814/2799 1018/816/2800
f 404/809/2801 1014/807/2802 1016/813/2803 1522/820/2804
f 1522/820/2805 1016/813/2806 700/814/2807 553/819/2808
f 1464/685/2809 987/694/2810 1523/821/2811 1017/815/2812
f 1467/692/2813 1020/822/2814 1019/823/2815 1524/693/2816
f 1524/693/2817 1019/823/2818 1523/821/2819 987/694/2820
f 701/824/2821 1590/825/2822 1019/823/2823 1020/822/2824
f 1590/825/2825 1525/826/2826 1523/821/2827 1019/823/2828
f 405/817/2829 1017/815/2830 1523/821/2831 1525/826/2832
f 1467/692/2833 1526/698/2834 703/827/2835 1020/822/2836
f 1470/697/2837 1527/828/2838 703/827/2839 1526/698/2840
f 702/829/2841 1594/830/2842 703/827/2843 1527/828/2844
f 701/824/2845 1020/822/2846 703/827/2847 1594/830/2848
f 1470/697/2849 989/704/2850 1528/831/2851 1527/828/2852
f 1472/702/2853 1021/832/2854 1528/833/2855 989/703/2856
f 406/834/2857 1529/835/2858 1528/833/2859 1021/832/2860
f 702/829/2861 1527/828/2862 1528/831/2863 1529/836/2864
f 1472/702/2865 991/710/2866 1022/837/2867 1021/832/2868
f 991/710/2869 1530/709/2870 1531/838/2871 1022/837/2872
f 1475/708/2873 1023/839/2874 1531/838/2875 1530/709/2876
f 407/840/2877 1599/841/2878 1531/838/2879 1023/839/2880
f 406/834/2881 1021/832/2882 1022/837/2883 1532/842/2884
f 1532/842/2885 1022/837/2886 1531/838/2887 1599/841/2888
f 1475/708/2889 1481/718/2890 1024/843/2891 1023/839/2892
f 1481/718/2893 543/717/2894 1534/844/2895 1024/843/2896
f 1479/715/2897 1535/845/2898 1025/846/2899 1533/716/2900
f 1533/716/2901 1025/846/2902 1534/844/2903 543/717/2904
f 704/847/2905 1602/848/2906 1025/846/2907 1535/845/2908
f 1602/848/2909 554/849/2910 1534/844/2911 1025/846/2912
f 407/840/2913 1023/839/2914 1024/843/2915 705/850/2916
f 705/850/2917 1024/843/2918 1534/844/2919 554/849/2920
f 1479/715/2921 993/724/2922 1536/851/2923 1535/845/2924
f 1483/722/2925 1026/852/2926 1027/853/2927 706/723/2928
f 706/723/2929 1027/853/2930 1536/851/2931 993/724/2932
f 707/854/2933 719/855/2934 1027/853/2935 1026/852/2936
f 719/855/2937 1537/856/2938 1536/851/2939 1027/853/2940
f 704/847/2941 1535/845/2942 1536/851/2943 1537/856/2944
f 1483/722/2945 1487/730/2946 1538/857/2947 1026/852/2948
f 1487/730/2949 1539/729/2950 1540/858/2951 1538/857/2952
f 1486/728/2953 1541/859/2954 1540/858/2955 1539/729/2956
f 408/860/2957 1613/861/2958 1540/858/2959 1541/859/2960
f 707/854/2961 1026/852/2962 1538/857/2963 544/862/2964
f 544/862/2965 1538/857/2966 1540/858/2967 1613/861/2968
f 1486/728/2969 996/738/2970 1028/863/2971 1541/859/2972
f 996/738/2973 1542/737/2974 708/864/2975 1028/863/2976
f 1490/735/2977 1545/865/2978 1543/866/2979 545/736/2980
f 545/736/2981 1543/866/2982 708/864/2983 1542/737/2984
f 409/867/2985 555/868/2986 1543/866/2987 1545/865/2988
f 555/868/2989 1617/869/2990 708/864/2991 1543/866/2992
f 408/860/2993 1541/859/2994 1028/863/2995 1544/870/2996
f 1544/870/2997 1028/863/2998 708/864/2999 1617/869/3000
f 1490/735/3001 546/744/3002 1546/871/3003 1545/865/3004
f 1492/742/3005 1548/872/3006 1029/873/3007 1547/743/3008
f 1547/743/3009 1029/873/3010 1546/871/3011 546/744/3012
f 709/874/3013 1621/875/3014 1029/873/3015 1548/872/3016
f 1621/875/3017 556/876/3018 1546/871/3019 1029/873/3020
f 409/867/3021 1545/865/3022 1546/871/3023 556/876/3024
f 1492/742/3025 999/748/3026 1549/877/3027 1548/872/3028
f 1494/747/3029 1550/878/3030 1549/877/3031 999/748/3032
f 710/879/3033 1551/880/3034 1549/877/3035 1550/878/3036
f 709/874/3037 1548/872/3038 1549/877/3039 1551/880/3040
f 1494/747/3041 1497/754/3042 1030/881/3043 1550/878/3044
f 1497/754/3045 1552/753/3046 712/882/3047 1030/881/3048
f 1496/752/3049 1553/883/3050 712/882/3051 1552/753/3052
f 711/884/3053 1628/885/3054 712/882/3055 1553/883/3056
f 710/879/3057 1550/878/3058 1030/881/3059 547/886/3060
f 547/886/3061 1030/881/3062 712/882/3063 1628/885/3064
f 1496/752/3065 1001/760/3066 1554/887/3067 1553/883/3068
f 1501/758/3069 1031/888/3070 1032/889/3071 548/759/3072
f 548/759/3073 1032/889/3074 1554/887/3075 1001/760/3076
f 410/890/3077 557/891/3078 1032/889/3079 1031/888/3080
f 557/891/3081 1555/892/3082 1554/887/3083 1032/889/3084
f 711/884/3085 1553/883/3086 1554/887/3087 1555/892/3088
f 1501/758/3089 1003/767/3090 1033/893/3091 1031/888/3092
f 1003/767/3093 1556/768/3094 1557/894/3095 1033/893/3096
f 1504/765/3097 1559/895/3098 1557/896/3099 1556/766/3100
f 411/897/3101 1635/898/3102 1557/896/3103 1559/895/3104
f 410/890/3105 1031/888/3106 1033/893/3107 1558/899/3108
f 1558/899/3109 1033/893/3110 1557/894/3111 1635/900/3112
f 1504/765/3113 1005/774/3114 1560/901/3115 1559/895/3116
f 1505/772/3117 1562/902/3118 1034/903/3119 1561/773/3120
f 1561/773/3121 1034/903/3122 1560/901/3123 1005/774/3124
f 713/904/3125 1639/905/3126 1034/903/3127 1562/902/3128
f 1639/905/3129 1563/906/3130 1560/901/3131 1034/903/3132
f 411/897/3133 1559/895/3134 1560/901/3135 1563/906/3136
f 1505/772/3137 1007/780/3138 1035/907/3139 1562/902/3140
f 1007/780/3141 1564/779/3142 1566/908/3143 1035/907/3144
f 1508/778/3145 1565/909/3146 1566/908/3147 1564/779/3148
f 714/910/3149 1642/911/3150 1566/908/3151 1565/909/3152
f 713/904/3153 1562/902/3154 1035/907/3155 1567/912/3156
f 1567/912/3157 1035/907/3158 1566/908/3159 1642/911/3160
f 1508/778/3161 1009/786/3162 1036/913/3163 1565/909/3164
f 1009/786/3165 1511/785/3166 715/914/3167 1036/913/3168
f 696/663/3169 1569/788/3170 1037/915/3171 1568/784/3172
f 1568/784/3173 1037/915/3174 715/914/3175 1511/785/3176
f 716/795/3177 1645/916/3178 1037/915/3179 1569/788/3180
f 1645/916/3181 549/917/3182 715/914/3183 1037/915/3184
f 714/910/3185 1565/909/3186 1036/913/3187 1570/918/3188
f 1570/918/3189 1036/913/3190 715/914/3191 549/917/3192
f 716/795/3193 1516/796/3194 1571/919/3195 725/920/3196
f 1516/796/3197 1517/794/3198 1572/921/3199 1571/919/3200
f 697/792/3201 717/922/3202 1575/923/3203 1573/793/3204
f 1573/793/3205 1575/923/3206 1572/921/3207 1517/794/3208
f 1574/924/3209 1649/925/3210 1575/923/3211 717/922/3212
f 1649/925/3213 558/926/3214 1572/921/3215 1575/923/3216
f 726/927/3217 725/920/3218 1571/919/3219 1038/928/3220
f 1038/928/3221 1571/919/3222 1572/921/3223 558/926/3224
f 697/792/3225 537/804/3226 1039/929/3227 717/922/3228
f 537/804/3229 1577/803/3230 475/930/3231 1039/929/3232
f 698/801/3233 1040/931/3234 456/932/3235 1576/802/3236
f 1576/802/3237 456/932/3238 475/930/3239 1577/803/3240
f 1578/933/3241 1652/934/3242 456/932/3243 1040/931/3244
f 1652/934/3245 1653/935/3246 475/930/3247 456/932/3248
f 1574/924/3249 717/922/3250 1039/929/3251 1579/936/3252
f 1579/936/3253 1039/929/3254 475/930/3255 1653/935/3256
f 698/801/3257 540/812/3258 1041/937/3259 1040/931/3260
f 540/812/3261 551/811/3262 1580/938/3263 1041/937/3264
f 404/809/3265 1582/939/3266 1583/940/3267 550/810/3268
f 550/810/3269 1583/940/3270 1580/938/3271 551/811/3272
f 1581/941/3273 559/942/3274 1583/940/3275 1582/939/3276
f 559/942/3277 560/943/3278 1580/938/3279 1583/940/3280
f 1578/933/3281 1040/931/3282 1041/937/3283 1584/944/3284
f 1584/944/3285 1041/937/3286 1580/938/3287 560/943/3288
f 404/809/3289 1522/820/3290 1042/945/3291 1582/939/3292
f 1522/820/3293 553/819/3294 1585/946/3295 1042/945/3296
f 405/817/3297 1587/947/3298 1588/948/3299 552/818/3300
f 552/818/3301 1588/948/3302 1585/946/3303 553/819/3304
f 1586/949/3305 561/950/3306 1588/948/3307 1587/947/3308
f 561/950/3309 562/951/3310 1585/946/3311 1588/948/3312
f 1581/941/3313 1582/939/3314 1042/945/3315 1043/952/3316
f 1043/952/3317 1042/945/3318 1585/946/3319 562/951/3320
f 405/817/3321 1525/826/3322 1589/953/3323 1587/947/3324
f 701/824/3325 1045/954/3326 1592/955/3327 1590/825/3328
f 1590/825/3329 1592/955/3330 1589/953/3331 1525/826/3332
f 1591/956/3333 1658/957/3334 1592/955/3335 1045/954/3336
f 1658/957/3337 1044/958/3338 1589/953/3339 1592/955/3340
f 1586/949/3341 1587/947/3342 1589/953/3343 1044/958/3344
f 701/824/3345 1594/830/3346 1593/959/3347 1045/954/3348
f 702/829/3349 718/960/3350 1593/959/3351 1594/830/3352
f 1595/961/3353 1660/962/3354 1593/959/3355 718/960/3356
f 1591/956/3357 1045/954/3358 1593/959/3359 1660/962/3360
f 702/829/3361 1529/836/3362 1596/963/3363 718/960/3364
f 406/834/3365 1598/964/3366 1596/965/3367 1529/835/3368
f 1597/966/3369 1046/967/3370 1596/965/3371 1598/964/3372
f 1595/961/3373 718/960/3374 1596/963/3375 1046/968/3376
f 406/834/3377 1532/842/3378 1047/969/3379 1598/964/3380
f 1532/842/3381 1599/841/3382 1601/970/3383 1047/969/3384
f 407/840/3385 1049/971/3386 1601/970/3387 1599/841/3388
f 1600/972/3389 1665/973/3390 1601/970/3391 1049/971/3392
f 1597/966/3393 1598/964/3394 1047/969/3395 1048/974/3396
f 1048/974/3397 1047/969/3398 1601/970/3399 1665/973/3400
f 407/840/3401 705/850/3402 1050/975/3403 1049/971/3404
f 705/850/3405 554/849/3406 476/976/3407 1050/975/3408
f 704/847/3409 1606/977/3410 1604/978/3411 1602/848/3412
f 1602/848/3413 1604/978/3414 476/976/3415 554/849/3416
f 1603/979/3417 1667/980/3418 1604/978/3419 1606/977/3420
f 1667/980/3421 563/981/3422 476/976/3423 1604/978/3424
f 1600/972/3425 1049/971/3426 1050/975/3427 1605/982/3428
f 1605/982/3429 1050/975/3430 476/976/3431 563/981/3432
f 704/847/3433 1537/856/3434 1607/983/3435 1606/977/3436
f 707/854/3437 1609/984/3438 1610/985/3439 719/855/3440
f 719/855/3441 1610/985/3442 1607/983/3443 1537/856/3444
f 1608/986/3445 734/987/3446 1610/985/3447 1609/984/3448
f 734/987/3449 1051/988/3450 1607/983/3451 1610/985/3452
f 1603/979/3453 1606/977/3454 1607/983/3455 1051/988/3456
f 707/854/3457 544/862/3458 1611/989/3459 1609/984/3460
f 544/862/3461 1613/861/3462 1612/990/3463 1611/989/3464
f 408/860/3465 720/991/3466 1612/990/3467 1613/861/3468
f 1614/992/3469 1671/993/3470 1612/990/3471 720/991/3472
f 1608/986/3473 1609/984/3474 1611/989/3475 1615/994/3476
f 1615/994/3477 1611/989/3478 1612/990/3479 1671/993/3480
f 408/860/3481 1544/870/3482 1052/995/3483 720/991/3484
f 1544/870/3485 1617/869/3486 1616/996/3487 1052/995/3488
f 409/867/3489 1619/997/3490 721/998/3491 555/868/3492
f 555/868/3493 721/998/3494 1616/996/3495 1617/869/3496
f 1618/999/3497 564/1000/3498 721/998/3499 1619/997/3500
f 564/1000/3501 1674/1001/3502 1616/996/3503 721/998/3504
f 1614/992/3505 720/991/3506 1052/995/3507 1053/1002/3508
f 1053/1002/3509 1052/995/3510 1616/996/3511 1674/1001/3512
f 409/867/3513 556/876/3514 1620/1003/3515 1619/997/3516
f 709/874/3517 1624/1004/3518 1623/1005/3519 1621/875/3520
f 1621/875/3521 1623/1005/3522 1620/1003/3523 556/876/3524
f 1622/1006/3525 1676/1007/3526 1623/1005/3527 1624/1004/3528
f 1676/1007/3529 565/1008/3530 1620/1003/3531 1623/1005/3532
f 1618/999/3533 1619/997/3534 1620/1003/3535 565/1008/3536
f 709/874/3537 1551/880/3538 1625/1009/3539 1624/1004/3540
f 710/879/3541 457/1010/3542 1625/1009/3543 1551/880/3544
f 1626/1011/3545 1054/1012/3546 1625/1009/3547 457/1010/3548
f 1622/1006/3549 1624/1004/3550 1625/1009/3551 1054/1012/3552
f 710/879/3553 547/886/3554 1055/1013/3555 457/1010/3556
f 547/886/3557 1628/885/3558 1627/1014/3559 1055/1013/3560
f 711/884/3561 722/1015/3562 1627/1014/3563 1628/885/3564
f 1629/1016/3565 1679/1017/3566 1627/1014/3567 722/1015/3568
f 1626/1011/3569 457/1010/3570 1055/1013/3571 1630/1018/3572
f 1630/1018/3573 1055/1013/3574 1627/1014/3575 1679/1017/3576
f 711/884/3577 1555/892/3578 1631/1019/3579 722/1015/3580
f 410/890/3581 1634/1020/3582 1633/1021/3583 557/891/3584
f 557/891/3585 1633/1021/3586 1631/1019/3587 1555/892/3588
f 1632/1022/3589 566/1023/3590 1633/1021/3591 1634/1020/3592
f 566/1023/3593 1056/1024/3594 1631/1019/3595 1633/1021/3596
f 1629/1016/3597 722/1015/3598 1631/1019/3599 1056/1024/3600
f 410/890/3601 1558/899/3602 1057/1025/3603 1634/1020/3604
f 1558/899/3605 1635/900/3606 477/1026/3607 1057/1025/3608
f 411/897/3609 1637/1027/3610 477/1028/3611 1635/898/3612
f 1636/1029/3613 1683/1030/3614 477/1028/3615 1637/1027/3616
f 1632/1022/3617 1634/1020/3618 1057/1025/3619 1058/1031/3620
f 1058/1031/3621 1057/1025/3622 477/1026/3623 1683/1032/3624
f 411/897/3625 1563/906/3626 1638/1033/3627 1637/1027/3628
f 713/904/3629 723/1034/3630 1641/1035/3631 1639/905/3632
f 1639/905/3633 1641/1035/3634 1638/1033/3635 1563/906/3636
f 1640/1036/3637 1686/1037/3638 1641/1035/3639 723/1034/3640
f 1686/1037/3641 1059/1038/3642 1638/1033/3643 1641/1035/3644
f 1636/1029/3645 1637/1027/3646 1638/1033/3647 1059/1038/3648
f 713/904/3649 1567/912/3650 1060/1039/3651 723/1034/3652
f 1567/912/3653 1642/911/3654 478/1040/3655 1060/1039/3656
f 714/910/3657 724/1041/3658 478/1040/3659 1642/911/3660
f 1643/1042/3661 1689/1043/3662 478/1040/3663 724/1041/3664
f 1640/1036/3665 723/1034/3666 1060/1039/3667 1061/1044/3668
f 1061/1044/3669 1060/1039/3670 478/1040/3671 1689/1043/3672
f 714/910/3673 1570/918/3674 1062/1045/3675 724/1041/3676
f 1570/918/3677 549/917/3678 1644/1046/3679 1062/1045/3680
f 716/795/3681 725/920/3682 1646/1047/3683 1645/916/3684
f 1645/916/3685 1646/1047/3686 1644/1046/3687 549/917/3688
f 726/927/3689 1692/1048/3690 1646/1047/3691 725/920/3692
f 1692/1048/3693 1647/1049/3694 1644/1046/3695 1646/1047/3696
f 1643/1042/3697 724/1041/3698 1062/1045/3699 1063/1050/3700
f 1063/1050/3701 1062/1045/3702 1644/1046/3703 1647/1049/3704
f 726/927/3705 1038/928/3706 1648/1051/3707 412/1052/3708
f 1038/928/3709 558/926/3710 727/1053/3711 1648/1051/3712
f 1574/924/3713 1651/1054/3714 1650/1055/3715 1649/925/3716
f 1649/925/3717 1650/1055/3718 727/1053/3719 558/926/3720
f 1574/924/3721 1579/936/3722 1064/1056/3723 1651/1054/3724
f 1579/936/3725 1653/935/3726 1655/1057/3727 1064/1056/3728
f 1578/933/3729 1065/1058/3730 1654/1059/3731 1652/934/3732
f 1652/934/3733 1654/1059/3734 1655/1057/3735 1653/935/3736
f 1578/933/3737 1584/944/3738 1066/1060/3739 1065/1058/3740
f 1584/944/3741 560/943/3742 729/1061/3743 1066/1060/3744
f 1581/941/3745 1656/1062/3746 728/1063/3747 559/942/3748
f 559/942/3749 728/1063/3750 729/1061/3751 560/943/3752
f 1581/941/3753 1043/952/3754 1067/1064/3755 1656/1062/3756
f 1043/952/3757 562/951/3758 731/1065/3759 1067/1064/3760
f 1586/949/3761 1657/1066/3762 730/1067/3763 561/950/3764
f 561/950/3765 730/1067/3766 731/1065/3767 562/951/3768
f 1586/949/3769 1044/958/3770 732/1068/3771 1657/1066/3772
f 1591/956/3773 1068/1069/3774 1659/1070/3775 1658/957/3776
f 1658/957/3777 1659/1070/3778 732/1068/3779 1044/958/3780
f 1591/956/3781 1660/962/3782 1661/1071/3783 1068/1069/3784
f 1595/961/3785 1662/1072/3786 1661/1071/3787 1660/962/3788
f 1595/961/3789 1046/968/3790 1663/1073/3791 1662/1072/3792
f 1597/966/3793 1664/1074/3794 1663/1075/3795 1046/967/3796
f 1597/966/3797 1048/974/3798 1069/1076/3799 1664/1074/3800
f 1048/974/3801 1665/973/3802 1666/1077/3803 1069/1076/3804
f 1600/972/3805 1070/1078/3806 1666/1077/3807 1665/973/3808
f 1600/972/3809 1605/982/3810 1071/1079/3811 1070/1078/3812
f 1605/982/3813 563/981/3814 733/1080/3815 1071/1079/3816
f 1603/979/3817 1669/1081/3818 1668/1082/3819 1667/980/3820
f 1667/980/3821 1668/1082/3822 733/1080/3823 563/981/3824
f 1603/979/3825 1051/988/3826 735/1083/3827 1669/1081/3828
f 1608/986/3829 1072/1084/3830 479/1085/3831 734/987/3832
f 734/987/3833 479/1085/3834 735/1083/3835 1051/988/3836
f 1608/986/3837 1615/994/3838 1670/1086/3839 1072/1084/3840
f 1615/994/3841 1671/993/3842 1672/1087/3843 1670/1086/3844
f 1614/992/3845 1673/1088/3846 1672/1087/3847 1671/993/3848
f 1614/992/3849 1053/1002/3850 1073/1089/3851 1673/1088/3852
f 1053/1002/3853 1674/1001/3854 737/1090/3855 1073/1089/3856
f 1618/999/3857 1675/1091/3858 736/1092/3859 564/1000/3860
f 564/1000/3861 736/1092/3862 737/1090/3863 1674/1001/3864
f 1618/999/3865 565/1008/3866 738/1093/3867 1675/1091/3868
f 1622/1006/3869 1678/1094/3870 1677/1095/3871 1676/1007/3872
f 1676/1007/3873 1677/1095/3874 738/1093/3875 565/1008/3876
f 1622/1006/3877 1054/1012/3878 739/1096/3879 1678/1094/3880
f 1626/1011/3881 1074/1097/3882 739/1096/3883 1054/1012/3884
f 1626/1011/3885 1630/1018/3886 1075/1098/3887 1074/1097/3888
f 1630/1018/3889 1679/1017/3890 1680/1099/3891 1075/1098/3892
f 1629/1016/3893 1681/1100/3894 1680/1099/3895 1679/1017/3896
f 1629/1016/3897 1056/1024/3898 741/1101/3899 1681/1100/3900
f 1632/1022/3901 1682/1102/3902 740/1103/3903 566/1023/3904
f 566/1023/3905 740/1103/3906 741/1101/3907 1056/1024/3908
f 1632/1022/3909 1058/1031/3910 1076/1104/3911 1682/1102/3912
f 1058/1031/3913 1683/1032/3914 1684/1105/3915 1076/1104/3916
f 1636/1029/3917 1685/1106/3918 1684/1107/3919 1683/1030/3920
f 1636/1029/3921 1059/1038/3922 742/1108/3923 1685/1106/3924
f 1640/1036/3925 1688/1109/3926 1687/1110/3927 1686/1037/3928
f 1686/1037/3929 1687/1110/3930 742/1108/3931 1059/1038/3932
f 1640/1036/3933 1061/1044/3934 1077/1111/3935 1688/1109/3936
f 1061/1044/3937 1689/1043/3938 1690/1112/3939 1077/1111/3940
f 1643/1042/3941 1691/1113/3942 1690/1112/3943 1689/1043/3944
f 1643/1042/3945 1063/1050/3946 1078/1114/3947 1691/1113/3948
f 1063/1050/3949 1647/1049/3950 743/1115/3951 1078/1114/3952
f 726/927/3953 412/1052/3954 1693/1116/3955 1692/1048/3956
f 1692/1048/3957 1693/1116/3958 743/1115/3959 1647/1049/3960
f 412/1052/3961 1648/1051/3962 1694/1117/3963 1711/1118/3964
f 1648/1051/3965 727/1053/3966 1695/1119/3967 1694/1117/3968
f 1651/1054/3969 480/1120/3970 1091/1121/3971 1650/1055/3972
f 1650/1055/3973 1091/1121/3974 1695/1119/3975 727/1053/3976
f 1651/1054/3977 1064/1056/3978 1079/1122/3979 480/1120/3980
f 1064/1056/3981 1655/1057/3982 1696/1123/3983 1079/1122/3984
f 1065/1058/3985 1080/1124/3986 1092/1125/3987 1654/1059/3988
f 1654/1059/3989 1092/1125/3990 1696/1123/3991 1655/1057/3992
f 1065/1058/3993 1066/1060/3994 1081/1126/3995 1080/1124/3996
f 1066/1060/3997 729/1061/3998 1697/1127/3999 1081/1126/4000
f 1656/1062/4001 481/1128/4002 1716/1129/4003 728/1063/4004
f 728/1063/4005 1716/1129/4006 1697/1127/4007 729/1061/4008
f 1656/1062/4009 1067/1064/4010 1082/1130/4011 481/1128/4012
f 1067/1064/4013 731/1065/4014 1698/1131/4015 1082/1130/4016
f 1657/1066/4017 482/1132/4018 1718/1133/4019 730/1067/4020
f 730/1067/4021 1718/1133/4022 1698/1131/4023 731/1065/4024
f 1657/1066/4025 732/1068/4026 1699/1134/4027 482/1132/4028
f 1068/1069/4029 1083/1135/4030 1093/1136/4031 1659/1070/4032
f 1659/1070/4033 1093/1136/4034 1699/1134/4035 732/1068/4036
f 1068/1069/4037 1661/1071/4038 1094/1137/4039 1083/1135/4040
f 1662/1072/4041 483/1138/4042 1094/1137/4043 1661/1071/4044
f 1662/1072/4045 1663/1073/4046 1700/1139/4047 483/1138/4048
f 1664/1074/4049 484/1140/4050 1700/1141/4051 1663/1075/4052
f 1664/1074/4053 1069/1076/4054 1084/1142/4055 484/1140/4056
f 1069/1076/4057 1666/1077/4058 1095/1143/4059 1084/1142/4060
f 1070/1078/4061 485/1144/4062 1095/1143/4063 1666/1077/4064
f 1070/1078/4065 1071/1079/4066 1085/1145/4067 485/1144/4068
f 1071/1079/4069 733/1080/4070 1723/1146/4071 1085/1145/4072
f 1669/1081/4073 1701/1147/4074 1096/1148/4075 1668/1082/4076
f 1668/1082/4077 1096/1148/4078 1723/1146/4079 733/1080/4080
f 1669/1081/4081 735/1083/4082 1702/1149/4083 1701/1147/4084
f 1072/1084/4085 486/1150/4086 1724/1151/4087 479/1085/4088
f 479/1085/4089 1724/1151/4090 1702/1149/4091 735/1083/4092
f 1072/1084/4093 1670/1086/4094 1703/1152/4095 486/1150/4096
f 1670/1086/4097 1672/1087/4098 1704/1153/4099 1703/1152/4100
f 1673/1088/4101 487/1154/4102 1704/1153/4103 1672/1087/4104
f 1673/1088/4105 1073/1089/4106 1086/1155/4107 487/1154/4108
f 1073/1089/4109 737/1090/4110 1705/1156/4111 1086/1155/4112
f 1675/1091/4113 488/1157/4114 1727/1158/4115 736/1092/4116
f 736/1092/4117 1727/1158/4118 1705/1156/4119 737/1090/4120
f 1675/1091/4121 738/1093/4122 489/1159/4123 488/1157/4124
f 1678/1094/4125 1706/1160/4126 1097/1161/4127 1677/1095/4128
f 1677/1095/4129 1097/1161/4130 489/1159/4131 738/1093/4132
f 1678/1094/4133 739/1096/4134 1707/1162/4135 1706/1160/4136
f 1074/1097/4137 490/1163/4138 1707/1162/4139 739/1096/4140
f 1074/1097/4141 1075/1098/4142 1087/1164/4143 490/1163/4144
f 1075/1098/4145 1680/1099/4146 1098/1165/4147 1087/1164/4148
f 1681/1100/4149 491/1166/4150 1098/1165/4151 1680/1099/4152
f 1681/1100/4153 741/1101/4154 1708/1167/4155 491/1166/4156
f 1682/1102/4157 492/1168/4158 1730/1169/4159 740/1103/4160
f 740/1103/4161 1730/1169/4162 1708/1167/4163 741/1101/4164
f 1682/1102/4165 1076/1104/4166 1088/1170/4167 492/1168/4168
f 1076/1104/4169 1684/1105/4170 1099/1171/4171 1088/1170/4172
f 1685/1106/4173 493/1172/4174 1099/1173/4175 1684/1107/4176
f 1685/1106/4177 742/1108/4178 1709/1174/4179 493/1172/4180
f 1688/1109/4181 494/1175/4182 1100/1176/4183 1687/1110/4184
f 1687/1110/4185 1100/1176/4186 1709/1174/4187 742/1108/4188
f 1688/1109/4189 1077/1111/4190 1089/1177/4191 494/1175/4192
f 1077/1111/4193 1690/1112/4194 1101/1178/4195 1089/1177/4196
f 1691/1113/4197 495/1179/4198 1101/1178/4199 1690/1112/4200
f 1691/1113/4201 1078/1114/4202 1090/1180/4203 495/1179/4204
f 1078/1114/4205 743/1115/4206 1710/1181/4207 1090/1180/4208
f 412/1052/4209 1711/1118/4210 1102/1182/4211 1693/1116/4212
f 1693/1116/4213 1102/1182/4214 1710/1181/4215 743/1115/4216
f 1711/1118/4217 1694/1117/4218 458/1183/4219 1734/1184/4220
f 1694/1117/4221 1695/1119/4222 1735/1185/4223 458/1183/4224
f 480/1120/4225 1712/1186/4226 1103/1187/4227 1091/1121/4228
f 1091/1121/4229 1103/1187/4230 1735/1185/4231 1695/1119/4232
f 480/1120/4233 1079/1122/4234 1713/1188/4235 1712/1186/4236
f 1079/1122/4237 1696/1123/4238 1105/1189/4239 1713/1188/4240
f 1080/1124/4241 1714/1190/4242 1104/1191/4243 1092/1125/4244
f 1092/1125/4245 1104/1191/4246 1105/1189/4247 1696/1123/4248
f 1080/1124/4249 1081/1126/4250 1715/1192/4251 1714/1190/4252
f 1081/1126/4253 1697/1127/4254 1740/1193/4255 1715/1192/4256
f 481/1128/4257 744/1194/4258 1739/1195/4259 1716/1129/4260
f 1716/1129/4261 1739/1195/4262 1740/1193/4263 1697/1127/4264
f 481/1128/4265 1082/1130/4266 1717/1196/4267 744/1194/4268
f 1082/1130/4269 1698/1131/4270 1743/1197/4271 1717/1196/4272
f 482/1132/4273 745/1198/4274 1742/1199/4275 1718/1133/4276
f 1718/1133/4277 1742/1199/4278 1743/1197/4279 1698/1131/4280
f 482/1132/4281 1699/1134/4282 1744/1200/4283 745/1198/4284
f 1083/1135/4285 1719/1201/4286 1106/1202/4287 1093/1136/4288
f 1093/1136/4289 1106/1202/4290 1744/1200/4291 1699/1134/4292
f 1083/1135/4293 1094/1137/4294 1107/1203/4295 1719/1201/4296
f 483/1138/4297 746/1204/4298 1107/1203/4299 1094/1137/4300
f 483/1138/4301 1700/1139/4302 496/1205/4303 746/1204/4304
f 484/1140/4305 497/1206/4306 496/1205/4307 1700/1141/4308
f 484/1140/4309 1084/1142/4310 1720/1207/4311 497/1206/4312
f 1084/1142/4313 1095/1143/4314 1108/1208/4315 1720/1207/4316
f 485/1144/4317 1721/1209/4318 1108/1208/4319 1095/1143/4320
f 485/1144/4321 1085/1145/4322 1722/1210/4323 1721/1209/4324
f 1085/1145/4325 1723/1146/4326 1749/1211/4327 1722/1210/4328
f 1701/1147/4329 747/1212/4330 1109/1213/4331 1096/1148/4332
f 1096/1148/4333 1109/1213/4334 1749/1211/4335 1723/1146/4336
f 1701/1147/4337 1702/1149/4338 498/1214/4339 747/1212/4340
f 486/1150/4341 1725/1215/4342 1750/1216/4343 1724/1151/4344
f 1724/1151/4345 1750/1216/4346 498/1214/4347 1702/1149/4348
f 486/1150/4349 1703/1152/4350 748/1217/4351 1725/1215/4352
f 1703/1152/4353 1704/1153/4354 1110/1218/4355 748/1217/4356
f 487/1154/4357 749/1219/4358 1110/1218/4359 1704/1153/4360
f 487/1154/4361 1086/1155/4362 1726/1220/4363 749/1219/4364
f 1086/1155/4365 1705/1156/4366 1111/1221/4367 1726/1220/4368
f 488/1157/4369 459/1222/4370 1754/1223/4371 1727/1158/4372
f 1727/1158/4373 1754/1223/4374 1111/1221/4375 1705/1156/4376
f 488/1157/4377 489/1159/4378 1755/1224/4379 459/1222/4380
f 1706/1160/4381 750/1225/4382 1112/1226/4383 1097/1161/4384
f 1097/1161/4385 1112/1226/4386 1755/1224/4387 489/1159/4388
f 1706/1160/4389 1707/1162/4390 1113/1227/4391 750/1225/4392
f 490/1163/4393 1728/1228/4394 1113/1227/4395 1707/1162/4396
f 490/1163/4397 1087/1164/4398 1729/1229/4399 1728/1228/4400
f 1087/1164/4401 1098/1165/4402 1114/1230/4403 1729/1229/4404
f 491/1166/4405 751/1231/4406 1114/1230/4407 1098/1165/4408
f 491/1166/4409 1708/1167/4410 1759/1232/4411 751/1231/4412
f 492/1168/4413 752/1233/4414 1758/1234/4415 1730/1169/4416
f 1730/1169/4417 1758/1234/4418 1759/1232/4419 1708/1167/4420
f 492/1168/4421 1088/1170/4422 1731/1235/4423 752/1233/4424
f 1088/1170/4425 1099/1171/4426 1115/1236/4427 1731/1235/4428
f 493/1172/4429 753/1237/4430 1115/1238/4431 1099/1173/4432
f 493/1172/4433 1709/1174/4434 499/1239/4435 753/1237/4436
f 494/1175/4437 754/1240/4438 1116/1241/4439 1100/1176/4440
f 1100/1176/4441 1116/1241/4442 499/1239/4443 1709/1174/4444
f 494/1175/4445 1089/1177/4446 1732/1242/4447 754/1240/4448
f 1089/1177/4449 1101/1178/4450 1117/1243/4451 1732/1242/4452
f 495/1179/4453 755/1244/4454 1117/1243/4455 1101/1178/4456
f 495/1179/4457 1090/1180/4458 1733/1245/4459 755/1244/4460
f 1090/1180/4461 1710/1181/4462 441/1246/4463 1733/1245/4464
f 1711/1118/4465 1734/1184/4466 1118/1247/4467 1102/1182/4468
f 1102/1182/4469 1118/1247/4470 441/1246/4471 1710/1181/4472
f 1734/1184/4473 458/1183/4474 460/1248/4475 1789/1249/4476
f 458/1183/4477 1735/1185/4478 504/1250/4479 460/1248/4480
f 1712/1186/4481 500/1251/4482 1119/1252/4483 1103/1187/4484
f 1103/1187/4485 1119/1252/4486 504/1250/4487 1735/1185/4488
f 1712/1186/4489 1713/1188/4490 1736/1253/4491 500/1251/4492
f 1713/1188/4493 1105/1189/4494 1765/1254/4495 1736/1253/4496
f 1714/1190/4497 1737/1255/4498 1764/1256/4499 1104/1191/4500
f 1104/1191/4501 1764/1256/4502 1765/1254/4503 1105/1189/4504
f 1714/1190/4505 1715/1192/4506 1738/1257/4507 1737/1255/4508
f 1715/1192/4509 1740/1193/4510 506/1258/4511 1738/1257/4512
f 744/1194/4513 501/1259/4514 1120/1260/4515 1739/1195/4516
f 1739/1195/4517 1120/1260/4518 506/1258/4519 1740/1193/4520
f 744/1194/4521 1717/1196/4522 1741/1261/4523 501/1259/4524
f 1717/1196/4525 1743/1197/4526 1769/1262/4527 1741/1261/4528
f 745/1198/4529 756/1263/4530 1121/1264/4531 1742/1199/4532
f 1742/1199/4533 1121/1264/4534 1769/1262/4535 1743/1197/4536
f 745/1198/4537 1744/1200/4538 507/1265/4539 756/1263/4540
f 1719/1201/4541 1745/1266/4542 1122/1267/4543 1106/1202/4544
f 1106/1202/4545 1122/1267/4546 507/1265/4547 1744/1200/4548
f 1719/1201/4549 1107/1203/4550 1771/1268/4551 1745/1266/4552
f 746/1204/4553 757/1269/4554 1771/1268/4555 1107/1203/4556
f 746/1204/4557 496/1205/4558 767/1270/4559 757/1269/4560
f 497/1206/4561 502/1271/4562 767/1270/4563 496/1205/4564
f 497/1206/4565 1720/1207/4566 1746/1272/4567 502/1271/4568
f 1720/1207/4569 1108/1208/4570 1773/1273/4571 1746/1272/4572
f 1721/1209/4573 1747/1274/4574 1773/1273/4575 1108/1208/4576
f 1721/1209/4577 1722/1210/4578 1748/1275/4579 1747/1274/4580
f 1722/1210/4581 1749/1211/4582 1775/1276/4583 1748/1275/4584
f 747/1212/4585 758/1277/4586 1123/1278/4587 1109/1213/4588
f 1109/1213/4589 1123/1278/4590 1775/1276/4591 1749/1211/4592
f 747/1212/4593 498/1214/4594 1751/1279/4595 758/1277/4596
f 1725/1215/4597 1752/1280/4598 1124/1281/4599 1750/1216/4600
f 1750/1216/4601 1124/1281/4602 1751/1279/4603 498/1214/4604
f 1725/1215/4605 748/1217/4606 759/1282/4607 1752/1280/4608
f 748/1217/4609 1110/1218/4610 1778/1283/4611 759/1282/4612
f 749/1219/4613 503/1284/4614 1778/1283/4615 1110/1218/4616
f 749/1219/4617 1726/1220/4618 1753/1285/4619 503/1284/4620
f 1726/1220/4621 1111/1221/4622 1780/1286/4623 1753/1285/4624
f 459/1222/4625 461/1287/4626 1779/1288/4627 1754/1223/4628
f 1754/1223/4629 1779/1288/4630 1780/1286/4631 1111/1221/4632
f 459/1222/4633 1755/1224/4634 508/1289/4635 461/1287/4636
f 750/1225/4637 760/1290/4638 1125/1291/4639 1112/1226/4640
f 1112/1226/4641 1125/1291/4642 508/1289/4643 1755/1224/4644
f 750/1225/4645 1113/1227/4646 1782/1292/4647 760/1290/4648
f 1728/1228/4649 1756/1293/4650 1782/1292/4651 1113/1227/4652
f 1728/1228/4653 1729/1229/4654 1757/1294/4655 1756/1293/4656
f 1729/1229/4657 1114/1230/4658 1783/1295/4659 1757/1294/4660
f 751/1231/4661 761/1296/4662 1783/1295/4663 1114/1230/4664
f 751/1231/4665 1759/1232/4666 510/1297/4667 761/1296/4668
f 752/1233/4669 762/1298/4670 1126/1299/4671 1758/1234/4672
f 1758/1234/4673 1126/1299/4674 510/1297/4675 1759/1232/4676
f 752/1233/4677 1731/1235/4678 1760/1300/4679 762/1298/4680
f 1731/1235/4681 1115/1236/4682 1785/1301/4683 1760/1300/4684
f 753/1237/4685 763/1302/4686 1785/1303/4687 1115/1238/4688
f 753/1237/4689 499/1239/4690 1761/1304/4691 763/1302/4692
f 754/1240/4693 764/1305/4694 1127/1306/4695 1116/1241/4696
f 1116/1241/4697 1127/1306/4698 1761/1304/4699 499/1239/4700
f 754/1240/4701 1732/1242/4702 1762/1307/4703 764/1305/4704
f 1732/1242/4705 1117/1243/4706 1787/1308/4707 1762/1307/4708
f 755/1244/4709 765/1309/4710 1787/1308/4711 1117/1243/4712
f 755/1244/4713 1733/1245/4714 1763/1310/4715 765/1309/4716
f 1733/1245/4717 441/1246/4718 442/1311/4719 1763/1310/4720
f 1734/1184/4721 1789/1249/4722 1128/1312/4723 1118/1247/4724
f 1118/1247/4725 1128/1312/4726 442/1311/4727 441/1246/4728
f 567/1313/4729 1792/1314/4730 1119/1252/4731 500/1251/4732
f 1792/1314/4733 443/1315/4734 504/1250/4735 1119/1252/4736
f 573/1316/4737 1789/1249/4738 460/1248/4739 505/1317/4740
f 505/1317/4741 460/1248/4742 504/1250/4743 443/1315/4744
f 1767/1318/4745 773/1319/4746 1764/1256/4747 1737/1255/4748
f 773/1319/4749 774/1320/4750 1765/1254/4751 1764/1256/4752
f 567/1313/4753 500/1251/4754 1736/1253/4755 1766/1321/4756
f 1766/1321/4757 1736/1253/4758 1765/1254/4759 774/1320/4760
f 413/1322/4761 1797/1323/4762 1120/1260/4763 501/1259/4764
f 1797/1323/4765 444/1324/4766 506/1258/4767 1120/1260/4768
f 1767/1318/4769 1737/1255/4770 1738/1257/4771 1768/1325/4772
f 1768/1325/4773 1738/1257/4774 506/1258/4775 444/1324/4776
f 766/1326/4777 1801/1327/4778 1121/1264/4779 756/1263/4780
f 1801/1327/4781 775/1328/4782 1769/1262/4783 1121/1264/4784
f 413/1322/4785 501/1259/4786 1741/1261/4787 1770/1329/4788
f 1770/1329/4789 1741/1261/4790 1769/1262/4791 775/1328/4792
f 1772/1330/4793 1804/1331/4794 1122/1267/4795 1745/1266/4796
f 1804/1331/4797 445/1332/4798 507/1265/4799 1122/1267/4800
f 766/1326/4801 756/1263/4802 507/1265/4803 445/1332/4804
f 568/1333/4805 776/1334/4806 1771/1268/4807 757/1269/4808
f 1772/1330/4809 1745/1266/4810 1771/1268/4811 776/1334/4812
f 1805/1335/4813 777/1336/4814 767/1270/4815 502/1271/4816
f 568/1333/4817 757/1269/4818 767/1270/4819 777/1336/4820
f 1776/1337/4821 778/1338/4822 1773/1273/4823 1747/1274/4824
f 1805/1335/4825 502/1271/4826 1746/1272/4827 1774/1339/4828
f 1774/1339/4829 1746/1272/4830 1773/1273/4831 778/1338/4832
f 768/1340/4833 1808/1341/4834 1123/1278/4835 758/1277/4836
f 1808/1341/4837 779/1342/4838 1775/1276/4839 1123/1278/4840
f 1776/1337/4841 1747/1274/4842 1748/1275/4843 1777/1343/4844
f 1777/1343/4845 1748/1275/4846 1775/1276/4847 779/1342/4848
f 1810/1344/4849 1811/1345/4850 1124/1281/4851 1752/1280/4852
f 1811/1345/4853 446/1346/4854 1751/1279/4855 1124/1281/4856
f 768/1340/4857 758/1277/4858 1751/1279/4859 446/1346/4860
f 414/1347/4861 780/1348/4862 1778/1283/4863 503/1284/4864
f 1810/1344/4865 1752/1280/4866 759/1282/4867 769/1349/4868
f 769/1349/4869 759/1282/4870 1778/1283/4871 780/1348/4872
f 509/1350/4873 569/1351/4874 1779/1288/4875 461/1287/4876
f 569/1351/4877 781/1352/4878 1780/1286/4879 1779/1288/4880
f 414/1347/4881 503/1284/4882 1753/1285/4883 1781/1353/4884
f 1781/1353/4885 1753/1285/4886 1780/1286/4887 781/1352/4888
f 770/1354/4889 1816/1355/4890 1125/1291/4891 760/1290/4892
f 1816/1355/4893 447/1356/4894 508/1289/4895 1125/1291/4896
f 509/1350/4897 461/1287/4898 508/1289/4899 447/1356/4900
f 782/1357/4901 783/1358/4902 1782/1292/4903 1756/1293/4904
f 770/1354/4905 760/1290/4906 1782/1292/4907 783/1358/4908
f 570/1359/4909 784/1360/4910 1783/1295/4911 761/1296/4912
f 782/1357/4913 1756/1293/4914 1757/1294/4915 1784/1361/4916
f 1784/1361/4917 1757/1294/4918 1783/1295/4919 784/1360/4920
f 771/1362/4921 1820/1363/4922 1126/1299/4923 762/1298/4924
f 1820/1363/4925 448/1364/4926 510/1297/4927 1126/1299/4928
f 570/1359/4929 761/1296/4930 510/1297/4931 448/1364/4932
f 772/1365/4933 785/1366/4934 1785/1303/4935 763/1302/4936
f 771/1362/4937 762/1298/4938 1760/1300/4939 1786/1367/4940
f 1786/1367/4941 1760/1300/4942 1785/1301/4943 785/1366/4944
f 571/1368/4945 1822/1369/4946 1127/1306/4947 764/1305/4948
f 1822/1369/4949 449/1370/4950 1761/1304/4951 1127/1306/4952
f 772/1365/4953 763/1302/4954 1761/1304/4955 449/1370/4956
f 572/1371/4957 786/1372/4958 1787/1308/4959 765/1309/4960
f 571/1368/4961 764/1305/4962 1762/1307/4963 1788/1373/4964
f 1788/1373/4965 1762/1307/4966 1787/1308/4967 786/1372/4968
f 573/1316/4969 1823/1374/4970 1128/1312/4971 1789/1249/4972
f 1823/1374/4973 450/1375/4974 442/1311/4975 1128/1312/4976
f 572/1371/4977 765/1309/4978 1763/1310/4979 1790/1376/4980
f 1790/1376/4981 1763/1310/4982 442/1311/4983 450/1375/4984
f 1791/1377/4985 1144/1378/4986 1792/1314/4987 567/1313/4988
f 1144/1378/4989 1130/1379/4990 443/1315/4991 1792/1314/4992
f 1854/1380/4993 573/1316/4994 505/1317/4995 1129/1381/4996
f 1129/1381/4997 505/1317/4998 443/1315/4999 1130/1379/5000
f 1793/1382/5001 1825/1383/5002 773/1319/5003 1767/1318/5004
f 1825/1383/5005 1795/1384/5006 774/1320/5007 773/1319/5008
f 1791/1377/5009 567/1313/5010 1766/1321/5011 1794/1385/5012
f 1794/1385/5013 1766/1321/5014 774/1320/5015 1795/1384/5016
f 1796/1386/5017 1145/1387/5018 1797/1323/5019 413/1322/5020
f 1145/1387/5021 1799/1388/5022 444/1324/5023 1797/1323/5024
f 1793/1382/5025 1767/1318/5026 1768/1325/5027 1798/1389/5028
f 1798/1389/5029 1768/1325/5030 444/1324/5031 1799/1388/5032
f 1800/1390/5033 1146/1391/5034 1801/1327/5035 766/1326/5036
f 1146/1391/5037 1802/1392/5038 775/1328/5039 1801/1327/5040
f 1796/1386/5041 413/1322/5042 1770/1329/5043 1131/1393/5044
f 1131/1393/5045 1770/1329/5046 775/1328/5047 1802/1392/5048
f 1803/1394/5049 1147/1395/5050 1804/1331/5051 1772/1330/5052
f 1147/1395/5053 1132/1396/5054 445/1332/5055 1804/1331/5056
f 1800/1390/5057 766/1326/5058 445/1332/5059 1132/1396/5060
f 1831/1397/5061 1832/1398/5062 776/1334/5063 568/1333/5064
f 1803/1394/5065 1772/1330/5066 776/1334/5067 1832/1398/5068
f 1148/1399/5069 1133/1400/5070 777/1336/5071 1805/1335/5072
f 1831/1397/5073 568/1333/5074 777/1336/5075 1133/1400/5076
f 1806/1401/5077 1834/1402/5078 778/1338/5079 1776/1337/5080
f 1148/1399/5081 1805/1335/5082 1774/1339/5083 1134/1403/5084
f 1134/1403/5085 1774/1339/5086 778/1338/5087 1834/1402/5088
f 1807/1404/5089 1149/1405/5090 1808/1341/5091 768/1340/5092
f 1149/1405/5093 1836/1406/5094 779/1342/5095 1808/1341/5096
f 1806/1401/5097 1776/1337/5098 1777/1343/5099 1809/1407/5100
f 1809/1407/5101 1777/1343/5102 779/1342/5103 1836/1406/5104
f 1150/1408/5105 1151/1409/5106 1811/1345/5107 1810/1344/5108
f 1151/1409/5109 1135/1410/5110 446/1346/5111 1811/1345/5112
f 1807/1404/5113 768/1340/5114 446/1346/5115 1135/1410/5116
f 1812/1411/5117 1839/1412/5118 780/1348/5119 414/1347/5120
f 1150/1408/5121 1810/1344/5122 769/1349/5123 1813/1413/5124
f 1813/1413/5125 769/1349/5126 780/1348/5127 1839/1412/5128
f 1814/1414/5129 1841/1415/5130 569/1351/5131 509/1350/5132
f 1841/1415/5133 1842/1416/5134 781/1352/5135 569/1351/5136
f 1812/1411/5137 414/1347/5138 1781/1353/5139 1136/1417/5140
f 1136/1417/5141 1781/1353/5142 781/1352/5143 1842/1416/5144
f 1815/1418/5145 1152/1419/5146 1816/1355/5147 770/1354/5148
f 1152/1419/5149 1137/1420/5150 447/1356/5151 1816/1355/5152
f 1814/1414/5153 509/1350/5154 447/1356/5155 1137/1420/5156
f 1844/1421/5157 1138/1422/5158 783/1358/5159 782/1357/5160
f 1815/1418/5161 770/1354/5162 783/1358/5163 1138/1422/5164
f 1845/1423/5165 1818/1424/5166 784/1360/5167 570/1359/5168
f 1844/1421/5169 782/1357/5170 1784/1361/5171 1817/1425/5172
f 1817/1425/5173 1784/1361/5174 784/1360/5175 1818/1424/5176
f 1819/1426/5177 1153/1427/5178 1820/1363/5179 771/1362/5180
f 1153/1427/5181 1139/1428/5182 448/1364/5183 1820/1363/5184
f 1845/1423/5185 570/1359/5186 448/1364/5187 1139/1428/5188
f 1821/1429/5189 1848/1430/5190 785/1366/5191 772/1365/5192
f 1819/1426/5193 771/1362/5194 1786/1367/5195 1140/1431/5196
f 1140/1431/5197 1786/1367/5198 785/1366/5199 1848/1430/5200
f 1850/1432/5201 1154/1433/5202 1822/1369/5203 571/1368/5204
f 1154/1433/5205 1141/1434/5206 449/1370/5207 1822/1369/5208
f 1821/1429/5209 772/1365/5210 449/1370/5211 1141/1434/5212
f 1851/1435/5213 1852/1436/5214 786/1372/5215 572/1371/5216
f 1850/1432/5217 571/1368/5218 1788/1373/5219 1142/1437/5220
f 1142/1437/5221 1788/1373/5222 786/1372/5223 1852/1436/5224
f 1854/1380/5225 1155/1438/5226 1823/1374/5227 573/1316/5228
f 1155/1438/5229 1824/1439/5230 450/1375/5231 1823/1374/5232
f 1851/1435/5233 572/1371/5234 1790/1376/5235 1143/1440/5236
f 1143/1440/5237 1790/1376/5238 450/1375/5239 1824/1439/5240
f 1826/1441/5241 1856/1442/5242 1144/1378/5243 1791/1377/5244
f 1856/1442/5245 797/1443/5246 1130/1379/5247 1144/1378/5248
f 418/1444/5249 1854/1380/5250 1129/1381/5251 511/1445/5252
f 511/1445/5253 1129/1381/5254 1130/1379/5255 797/1443/5256
f 1828/1446/5257 1857/1447/5258 1825/1383/5259 1793/1382/5260
f 1857/1447/5261 1858/1448/5262 1795/1384/5263 1825/1383/5264
f 1826/1441/5265 1791/1377/5266 1794/1385/5267 1827/1449/5268
f 1827/1449/5269 1794/1385/5270 1795/1384/5271 1858/1448/5272
f 415/1450/5273 798/1451/5274 1145/1387/5275 1796/1386/5276
f 798/1451/5277 799/1452/5278 1799/1388/5279 1145/1387/5280
f 1828/1446/5281 1793/1382/5282 1798/1389/5283 1829/1453/5284
f 1829/1453/5285 1798/1389/5286 1799/1388/5287 799/1452/5288
f 787/1454/5289 800/1455/5290 1146/1391/5291 1800/1390/5292
f 800/1455/5293 801/1456/5294 1802/1392/5295 1146/1391/5296
f 415/1450/5297 1796/1386/5298 1131/1393/5299 1830/1457/5300
f 1830/1457/5301 1131/1393/5302 1802/1392/5303 801/1456/5304
f 1833/1458/5305 1859/1459/5306 1147/1395/5307 1803/1394/5308
f 1859/1459/5309 802/1460/5310 1132/1396/5311 1147/1395/5312
f 787/1454/5313 1800/1390/5314 1132/1396/5315 802/1460/5316
f 788/1461/5317 1860/1462/5318 1832/1398/5319 1831/1397/5320
f 1833/1458/5321 1803/1394/5322 1832/1398/5323 1860/1462/5324
f 416/1463/5325 803/1464/5326 1133/1400/5327 1148/1399/5328
f 788/1461/5329 1831/1397/5330 1133/1400/5331 803/1464/5332
f 1837/1465/5333 1861/1466/5334 1834/1402/5335 1806/1401/5336
f 416/1463/5337 1148/1399/5338 1134/1403/5339 1835/1467/5340
f 1835/1467/5341 1134/1403/5342 1834/1402/5343 1861/1466/5344
f 789/1468/5345 1862/1469/5346 1149/1405/5347 1807/1404/5348
f 1862/1469/5349 804/1470/5350 1836/1406/5351 1149/1405/5352
f 1837/1465/5353 1806/1401/5354 1809/1407/5355 1838/1471/5356
f 1838/1471/5357 1809/1407/5358 1836/1406/5359 804/1470/5360
f 1840/1472/5361 513/1473/5362 1151/1409/5363 1150/1408/5364
f 513/1473/5365 451/1474/5366 1135/1410/5367 1151/1409/5368
f 789/1468/5369 1807/1404/5370 1135/1410/5371 451/1474/5372
f 417/1475/5373 1863/1476/5374 1839/1412/5375 1812/1411/5376
f 1840/1472/5377 1150/1408/5378 1813/1413/5379 790/1477/5380
f 790/1477/5381 1813/1413/5382 1839/1412/5383 1863/1476/5384
f 512/1478/5385 805/1479/5386 1841/1415/5387 1814/1414/5388
f 805/1479/5389 1864/1480/5390 1842/1416/5391 1841/1415/5392
f 417/1475/5393 1812/1411/5394 1136/1417/5395 1843/1481/5396
f 1843/1481/5397 1136/1417/5398 1842/1416/5399 1864/1480/5400
f 791/1482/5401 1865/1483/5402 1152/1419/5403 1815/1418/5404
f 1865/1483/5405 806/1484/5406 1137/1420/5407 1152/1419/5408
f 512/1478/5409 1814/1414/5410 1137/1420/5411 806/1484/5412
f 1846/1485/5413 1866/1486/5414 1138/1422/5415 1844/1421/5416
f 791/1482/5417 1815/1418/5418 1138/1422/5419 1866/1486/5420
f 792/1487/5421 1867/1488/5422 1818/1424/5423 1845/1423/5424
f 1846/1485/5425 1844/1421/5426 1817/1425/5427 1847/1489/5428
f 1847/1489/5429 1817/1425/5430 1818/1424/5431 1867/1488/5432
f 793/1490/5433 807/1491/5434 1153/1427/5435 1819/1426/5436
f 807/1491/5437 808/1492/5438 1139/1428/5439 1153/1427/5440
f 792/1487/5441 1845/1423/5442 1139/1428/5443 808/1492/5444
f 794/1493/5445 1868/1494/5446 1848/1430/5447 1821/1429/5448
f 793/1490/5449 1819/1426/5450 1140/1431/5451 1849/1495/5452
f 1849/1495/5453 1140/1431/5454 1848/1430/5455 1868/1494/5456
f 795/1496/5457 1869/1497/5458 1154/1433/5459 1850/1432/5460
f 1869/1497/5461 452/1498/5462 1141/1434/5463 1154/1433/5464
f 794/1493/5465 1821/1429/5466 1141/1434/5467 452/1498/5468
f 796/1499/5469 1870/1500/5470 1852/1436/5471 1851/1435/5472
f 795/1496/5473 1850/1432/5474 1142/1437/5475 1853/1501/5476
f 1853/1501/5477 1142/1437/5478 1852/1436/5479 1870/1500/5480
f 418/1444/5481 1871/1502/5482 1155/1438/5483 1854/1380/5484
f 1871/1502/5485 453/1503/5486 1824/1439/5487 1155/1438/5488
f 796/1499/5489 1851/1435/5490 1143/1440/5491 1855/1504/5492
f 1855/1504/5493 1143/1440/5494 1824/1439/5495 453/1503/5496
f 418/1444/5497 511/1445/5498 1872/1505/5499 419/1506/5500
f 511/1445/5501 797/1443/5502 809/1507/5503 1872/1505/5504
f 1826/1441/5505 1156/1508/5506 1873/1509/5507 1856/1442/5508
f 1856/1442/5509 1873/1509/5510 809/1507/5511 797/1443/5512
f 1826/1441/5513 1827/1449/5514 1157/1510/5515 1156/1508/5516
f 1827/1449/5517 1858/1448/5518 1875/1511/5519 1157/1510/5520
f 1828/1446/5521 1158/1512/5522 1874/1513/5523 1857/1447/5524
f 1857/1447/5525 1874/1513/5526 1875/1511/5527 1858/1448/5528
f 1828/1446/5529 1829/1453/5530 1159/1514/5531 1158/1512/5532
f 1829/1453/5533 799/1452/5534 811/1515/5535 1159/1514/5536
f 415/1450/5537 1876/1516/5538 810/1517/5539 798/1451/5540
f 798/1451/5541 810/1517/5542 811/1515/5543 799/1452/5544
f 415/1450/5545 1830/1457/5546 1160/1518/5547 1876/1516/5548
f 1830/1457/5549 801/1456/5550 813/1519/5551 1160/1518/5552
f 787/1454/5553 1877/1520/5554 812/1521/5555 800/1455/5556
f 800/1455/5557 812/1521/5558 813/1519/5559 801/1456/5560
f 787/1454/5561 802/1460/5562 814/1522/5563 1877/1520/5564
f 1833/1458/5565 1161/1523/5566 1878/1524/5567 1859/1459/5568
f 1859/1459/5569 1878/1524/5570 814/1522/5571 802/1460/5572
f 1833/1458/5573 1860/1462/5574 1879/1525/5575 1161/1523/5576
f 788/1461/5577 1880/1526/5578 1879/1525/5579 1860/1462/5580
f 788/1461/5581 803/1464/5582 1882/1527/5583 1880/1526/5584
f 416/1463/5585 1881/1528/5586 1882/1527/5587 803/1464/5588
f 416/1463/5589 1835/1467/5590 1162/1529/5591 1881/1528/5592
f 1835/1467/5593 1861/1466/5594 1883/1530/5595 1162/1529/5596
f 1837/1465/5597 1163/1531/5598 1883/1530/5599 1861/1466/5600
f 1837/1465/5601 1838/1471/5602 1164/1532/5603 1163/1531/5604
f 1838/1471/5605 804/1470/5606 815/1533/5607 1164/1532/5608
f 789/1468/5609 1885/1534/5610 1884/1535/5611 1862/1469/5612
f 1862/1469/5613 1884/1535/5614 815/1533/5615 804/1470/5616
f 789/1468/5617 451/1474/5618 1886/1536/5619 1885/1534/5620
f 1840/1472/5621 1165/1537/5622 514/1538/5623 513/1473/5624
f 513/1473/5625 514/1538/5626 1886/1536/5627 451/1474/5628
f 1840/1472/5629 790/1477/5630 1887/1539/5631 1165/1537/5632
f 790/1477/5633 1863/1476/5634 1889/1540/5635 1887/1539/5636
f 417/1475/5637 1888/1541/5638 1889/1540/5639 1863/1476/5640
f 417/1475/5641 1843/1481/5642 1166/1542/5643 1888/1541/5644
f 1843/1481/5645 1864/1480/5646 515/1543/5647 1166/1542/5648
f 512/1478/5649 1890/1544/5650 816/1545/5651 805/1479/5652
f 805/1479/5653 816/1545/5654 515/1543/5655 1864/1480/5656
f 512/1478/5657 806/1484/5658 516/1546/5659 1890/1544/5660
f 791/1482/5661 1892/1547/5662 1891/1548/5663 1865/1483/5664
f 1865/1483/5665 1891/1548/5666 516/1546/5667 806/1484/5668
f 791/1482/5669 1866/1486/5670 1893/1549/5671 1892/1547/5672
f 1846/1485/5673 1167/1550/5674 1893/1549/5675 1866/1486/5676
f 1846/1485/5677 1847/1489/5678 1168/1551/5679 1167/1550/5680
f 1847/1489/5681 1867/1488/5682 1894/1552/5683 1168/1551/5684
f 792/1487/5685 1895/1553/5686 1894/1552/5687 1867/1488/5688
f 792/1487/5689 808/1492/5690 818/1554/5691 1895/1553/5692
f 793/1490/5693 1896/1555/5694 817/1556/5695 807/1491/5696
f 807/1491/5697 817/1556/5698 818/1554/5699 808/1492/5700
f 793/1490/5701 1849/1495/5702 1169/1557/5703 1896/1555/5704
f 1849/1495/5705 1868/1494/5706 1897/1558/5707 1169/1557/5708
f 794/1493/5709 1898/1559/5710 1897/1558/5711 1868/1494/5712
f 794/1493/5713 452/1498/5714 1899/1560/5715 1898/1559/5716
f 795/1496/5717 1901/1561/5718 1900/1562/5719 1869/1497/5720
f 1869/1497/5721 1900/1562/5722 1899/1560/5723 452/1498/5724
f 795/1496/5725 1853/1501/5726 1170/1563/5727 1901/1561/5728
f 1853/1501/5729 1870/1500/5730 1902/1564/5731 1170/1563/5732
f 796/1499/5733 1903/1565/5734 1902/1564/5735 1870/1500/5736
f 796/1499/5737 1855/1504/5738 1171/1566/5739 1903/1565/5740
f 1855/1504/5741 453/1503/5742 1904/1567/5743 1171/1566/5744
f 418/1444/5745 419/1506/5746 1905/1568/5747 1871/1502/5748
f 1871/1502/5749 1905/1568/5750 1904/1567/5751 453/1503/5752
f 419/1506/5753 1872/1505/5754 1906/1569/5755 1981/1570/5756
f 1872/1505/5757 809/1507/5758 819/1571/5759 1906/1569/5760
f 1156/1508/5761 1174/1572/5762 1173/1573/5763 1873/1509/5764
f 1873/1509/5765 1173/1573/5766 819/1571/5767 809/1507/5768
f 820/1574/5769 1213/1575/5770 1172/1576/5771 1907/1577/5772
f 1213/1575/5773 1910/1578/5774 1911/1579/5775 1172/1576/5776
f 1907/1577/5777 1172/1576/5778 1173/1573/5779 1174/1572/5780
f 1172/1576/5781 1911/1579/5782 819/1571/5783 1173/1573/5784
f 1984/1580/5785 1980/1581/5786 1909/1582/5787 1908/1583/5788
f 1980/1581/5789 1981/1570/5790 1906/1569/5791 1909/1582/5792
f 1908/1583/5793 1909/1582/5794 1911/1579/5795 1910/1578/5796
f 1909/1582/5797 1906/1569/5798 819/1571/5799 1911/1579/5800
f 1156/1508/5801 1157/1510/5802 1175/1584/5803 1174/1572/5804
f 1157/1510/5805 1875/1511/5806 1914/1585/5807 1175/1584/5808
f 1158/1512/5809 1176/1586/5810 1913/1587/5811 1874/1513/5812
f 1874/1513/5813 1913/1587/5814 1914/1585/5815 1875/1511/5816
f 821/1588/5817 1216/1589/5818 1912/1590/5819 822/1591/5820
f 1216/1589/5821 1217/1592/5822 576/1593/5823 1912/1590/5824
f 822/1591/5825 1912/1590/5826 1913/1587/5827 1176/1586/5828
f 1912/1590/5829 576/1593/5830 1914/1585/5831 1913/1587/5832
f 820/1574/5833 1907/1577/5834 575/1594/5835 574/1595/5836
f 1907/1577/5837 1174/1572/5838 1175/1584/5839 575/1594/5840
f 574/1595/5841 575/1594/5842 576/1593/5843 1217/1592/5844
f 575/1594/5845 1175/1584/5846 1914/1585/5847 576/1593/5848
f 1158/1512/5849 1159/1514/5850 1177/1596/5851 1176/1586/5852
f 1159/1514/5853 811/1515/5854 823/1597/5855 1177/1596/5856
f 1876/1516/5857 1915/1598/5858 1180/1599/5859 810/1517/5860
f 810/1517/5861 1180/1599/5862 823/1597/5863 811/1515/5864
f 420/1600/5865 1992/1601/5866 1179/1602/5867 1178/1603/5868
f 1992/1601/5869 1993/1604/5870 579/1605/5871 1179/1602/5872
f 1178/1603/5873 1179/1602/5874 1180/1599/5875 1915/1598/5876
f 1179/1602/5877 579/1605/5878 823/1597/5879 1180/1599/5880
f 821/1588/5881 822/1591/5882 578/1606/5883 577/1607/5884
f 822/1591/5885 1176/1586/5886 1177/1596/5887 578/1606/5888
f 577/1607/5889 578/1606/5890 579/1605/5891 1993/1604/5892
f 578/1606/5893 1177/1596/5894 823/1597/5895 579/1605/5896
f 1876/1516/5897 1160/1518/5898 1181/1608/5899 1915/1598/5900
f 1160/1518/5901 813/1519/5902 1916/1609/5903 1181/1608/5904
f 1877/1520/5905 1919/1610/5906 1184/1611/5907 812/1521/5908
f 812/1521/5909 1184/1611/5910 1916/1609/5911 813/1519/5912
f 421/1612/5913 1999/1613/5914 1183/1614/5915 1182/1615/5916
f 1999/1613/5917 2000/1616/5918 580/1617/5919 1183/1614/5920
f 1182/1615/5921 1183/1614/5922 1184/1611/5923 1919/1610/5924
f 1183/1614/5925 580/1617/5926 1916/1609/5927 1184/1611/5928
f 420/1600/5929 1178/1603/5930 1918/1618/5931 1917/1619/5932
f 1178/1603/5933 1915/1598/5934 1181/1608/5935 1918/1618/5936
f 1917/1619/5937 1918/1618/5938 580/1617/5939 2000/1616/5940
f 1918/1618/5941 1181/1608/5942 1916/1609/5943 580/1617/5944
f 1877/1520/5945 814/1522/5946 824/1620/5947 1919/1610/5948
f 1161/1523/5949 1187/1621/5950 1186/1622/5951 1878/1524/5952
f 1878/1524/5953 1186/1622/5954 824/1620/5955 814/1522/5956
f 825/1623/5957 1219/1624/5958 1185/1625/5959 826/1626/5960
f 1219/1624/5961 1920/1627/5962 1921/1628/5963 1185/1625/5964
f 826/1626/5965 1185/1625/5966 1186/1622/5967 1187/1621/5968
f 1185/1625/5969 1921/1628/5970 824/1620/5971 1186/1622/5972
f 421/1612/5973 1182/1615/5974 1921/1628/5975 1920/1627/5976
f 1182/1615/5977 1919/1610/5978 824/1620/5979 1921/1628/5980
f 1161/1523/5981 1879/1525/5982 1923/1629/5983 1187/1621/5984
f 1880/1526/5985 1924/1630/5986 1923/1629/5987 1879/1525/5988
f 827/1631/5989 1221/1632/5990 581/1633/5991 1922/1634/5992
f 1922/1634/5993 581/1633/5994 1923/1629/5995 1924/1630/5996
f 825/1623/5997 826/1626/5998 581/1633/5999 1221/1632/6000
f 826/1626/6001 1187/1621/6002 1923/1629/6003 581/1633/6004
f 1880/1526/6005 1882/1527/6006 828/1635/6007 1924/1630/6008
f 1881/1528/6009 1925/1636/6010 828/1635/6011 1882/1527/6012
f 829/1637/6013 1926/1638/6014 1927/1639/6015 1188/1640/6016
f 1188/1640/6017 1927/1639/6018 828/1635/6019 1925/1636/6020
f 827/1631/6021 1922/1634/6022 1927/1639/6023 1926/1638/6024
f 1922/1634/6025 1924/1630/6026 828/1635/6027 1927/1639/6028
f 1881/1528/6029 1162/1529/6030 1189/1641/6031 1925/1636/6032
f 1162/1529/6033 1883/1530/6034 1929/1642/6035 1189/1641/6036
f 1163/1531/6037 1190/1643/6038 1929/1642/6039 1883/1530/6040
f 422/1644/6041 1223/1645/6042 582/1646/6043 1928/1647/6044
f 1928/1647/6045 582/1646/6046 1929/1642/6047 1190/1643/6048
f 829/1637/6049 1188/1640/6050 1931/1648/6051 1930/1649/6052
f 1188/1640/6053 1925/1636/6054 1189/1641/6055 1931/1648/6056
f 1930/1649/6057 1931/1648/6058 582/1646/6059 1223/1645/6060
f 1931/1648/6061 1189/1641/6062 1929/1642/6063 582/1646/6064
f 1163/1531/6065 1164/1532/6066 1191/1650/6067 1190/1643/6068
f 1164/1532/6069 815/1533/6070 1933/1651/6071 1191/1650/6072
f 1885/1534/6073 1934/1652/6074 1193/1653/6075 1884/1535/6076
f 1884/1535/6077 1193/1653/6078 1933/1651/6079 815/1533/6080
f 830/1654/6081 1225/1655/6082 1192/1656/6083 831/1657/6084
f 1225/1655/6085 2013/1658/6086 1932/1659/6087 1192/1656/6088
f 831/1657/6089 1192/1656/6090 1193/1653/6091 1934/1652/6092
f 1192/1656/6093 1932/1659/6094 1933/1651/6095 1193/1653/6096
f 422/1644/6097 1928/1647/6098 833/1660/6099 832/1661/6100
f 1928/1647/6101 1190/1643/6102 1191/1650/6103 833/1660/6104
f 832/1661/6105 833/1660/6106 1932/1659/6107 2013/1658/6108
f 833/1660/6109 1191/1650/6110 1933/1651/6111 1932/1659/6112
f 1885/1534/6113 1886/1536/6114 1935/1662/6115 1934/1652/6116
f 1165/1537/6117 1196/1663/6118 1197/1664/6119 514/1538/6120
f 514/1538/6121 1197/1664/6122 1935/1662/6123 1886/1536/6124
f 834/1665/6125 2017/1666/6126 1195/1667/6127 1194/1668/6128
f 2017/1666/6129 1936/1669/6130 1937/1670/6131 1195/1667/6132
f 1194/1668/6133 1195/1667/6134 1197/1664/6135 1196/1663/6136
f 1195/1667/6137 1937/1670/6138 1935/1662/6139 1197/1664/6140
f 830/1654/6141 831/1657/6142 1937/1670/6143 1936/1669/6144
f 831/1657/6145 1934/1652/6146 1935/1662/6147 1937/1670/6148
f 1165/1537/6149 1887/1539/6150 1938/1671/6151 1196/1663/6152
f 1887/1539/6153 1889/1540/6154 1941/1672/6155 1938/1671/6156
f 1888/1541/6157 1939/1673/6158 1941/1672/6159 1889/1540/6160
f 423/1674/6161 1227/1675/6162 1942/1676/6163 1940/1677/6164
f 1940/1677/6165 1942/1676/6166 1941/1672/6167 1939/1673/6168
f 834/1665/6169 1194/1668/6170 584/1678/6171 583/1679/6172
f 1194/1668/6173 1196/1663/6174 1938/1671/6175 584/1678/6176
f 583/1679/6177 584/1678/6178 1942/1676/6179 1227/1675/6180
f 584/1678/6181 1938/1671/6182 1941/1672/6183 1942/1676/6184
f 1888/1541/6185 1166/1542/6186 1198/1680/6187 1939/1673/6188
f 1166/1542/6189 515/1543/6190 1945/1681/6191 1198/1680/6192
f 1890/1544/6193 1948/1682/6194 1944/1683/6195 816/1545/6196
f 816/1545/6197 1944/1683/6198 1945/1681/6199 515/1543/6200
f 424/1684/6201 2024/1685/6202 1943/1686/6203 1199/1687/6204
f 2024/1685/6205 1228/1688/6206 585/1689/6207 1943/1686/6208
f 1199/1687/6209 1943/1686/6210 1944/1683/6211 1948/1682/6212
f 1943/1686/6213 585/1689/6214 1945/1681/6215 1944/1683/6216
f 423/1674/6217 1940/1677/6218 1947/1690/6219 1946/1691/6220
f 1940/1677/6221 1939/1673/6222 1198/1680/6223 1947/1690/6224
f 1946/1691/6225 1947/1690/6226 585/1689/6227 1228/1688/6228
f 1947/1690/6229 1198/1680/6230 1945/1681/6231 585/1689/6232
f 1890/1544/6233 516/1546/6234 835/1692/6235 1948/1682/6236
f 1892/1547/6237 1950/1693/6238 1201/1694/6239 1891/1548/6240
f 1891/1548/6241 1201/1694/6242 835/1692/6243 516/1546/6244
f 836/1695/6245 1230/1696/6246 1200/1697/6247 837/1698/6248
f 1230/1696/6249 2027/1699/6250 1949/1700/6251 1200/1697/6252
f 837/1698/6253 1200/1697/6254 1201/1694/6255 1950/1693/6256
f 1200/1697/6257 1949/1700/6258 835/1692/6259 1201/1694/6260
f 424/1684/6261 1199/1687/6262 1949/1700/6263 2027/1699/6264
f 1199/1687/6265 1948/1682/6266 835/1692/6267 1949/1700/6268
f 1892/1547/6269 1893/1549/6270 1953/1701/6271 1950/1693/6272
f 1167/1550/6273 1952/1702/6274 1953/1701/6275 1893/1549/6276
f 838/1703/6277 1954/1704/6278 1955/1705/6279 1951/1706/6280
f 1951/1706/6281 1955/1705/6282 1953/1701/6283 1952/1702/6284
f 836/1695/6285 837/1698/6286 1955/1705/6287 1954/1704/6288
f 837/1698/6289 1950/1693/6290 1953/1701/6291 1955/1705/6292
f 1167/1550/6293 1168/1551/6294 1202/1707/6295 1952/1702/6296
f 1168/1551/6297 1894/1552/6298 1957/1708/6299 1202/1707/6300
f 1895/1553/6301 1958/1709/6302 1957/1708/6303 1894/1552/6304
f 839/1710/6305 1232/1711/6306 588/1712/6307 1956/1713/6308
f 1956/1713/6309 588/1712/6310 1957/1708/6311 1958/1709/6312
f 838/1703/6313 1951/1706/6314 587/1714/6315 586/1715/6316
f 1951/1706/6317 1952/1702/6318 1202/1707/6319 587/1714/6320
f 586/1715/6321 587/1714/6322 588/1712/6323 1232/1711/6324
f 587/1714/6325 1202/1707/6326 1957/1708/6327 588/1712/6328
f 1895/1553/6329 818/1554/6330 840/1716/6331 1958/1709/6332
f 1896/1555/6333 1961/1717/6334 1205/1718/6335 817/1556/6336
f 817/1556/6337 1205/1718/6338 840/1716/6339 818/1554/6340
f 425/1719/6341 2034/1720/6342 1204/1721/6343 1203/1722/6344
f 2034/1720/6345 1959/1723/6346 1960/1724/6347 1204/1721/6348
f 1203/1722/6349 1204/1721/6350 1205/1718/6351 1961/1717/6352
f 1204/1721/6353 1960/1724/6354 840/1716/6355 1205/1718/6356
f 839/1710/6357 1956/1713/6358 1960/1724/6359 1959/1723/6360
f 1956/1713/6361 1958/1709/6362 840/1716/6363 1960/1724/6364
f 1896/1555/6365 1169/1557/6366 1206/1725/6367 1961/1717/6368
f 1169/1557/6369 1897/1558/6370 1964/1726/6371 1206/1725/6372
f 1898/1559/6373 1967/1727/6374 1964/1726/6375 1897/1558/6376
f 426/1728/6377 1234/1729/6378 1963/1730/6379 1962/1731/6380
f 1962/1731/6381 1963/1730/6382 1964/1726/6383 1967/1727/6384
f 425/1719/6385 1203/1722/6386 1966/1732/6387 1965/1733/6388
f 1203/1722/6389 1961/1717/6390 1206/1725/6391 1966/1732/6392
f 1965/1733/6393 1966/1732/6394 1963/1730/6395 1234/1729/6396
f 1966/1732/6397 1206/1725/6398 1964/1726/6399 1963/1730/6400
f 1898/1559/6401 1899/1560/6402 1968/1734/6403 1967/1727/6404
f 1901/1561/6405 1972/1735/6406 1208/1736/6407 1900/1562/6408
f 1900/1562/6409 1208/1736/6410 1968/1734/6411 1899/1560/6412
f 841/1737/6413 1236/1738/6414 1207/1739/6415 1969/1740/6416
f 1236/1738/6417 1970/1741/6418 1971/1742/6419 1207/1739/6420
f 1969/1740/6421 1207/1739/6422 1208/1736/6423 1972/1735/6424
f 1207/1739/6425 1971/1742/6426 1968/1734/6427 1208/1736/6428
f 426/1728/6429 1962/1731/6430 1971/1742/6431 1970/1741/6432
f 1962/1731/6433 1967/1727/6434 1968/1734/6435 1971/1742/6436
f 1901/1561/6437 1170/1563/6438 1209/1743/6439 1972/1735/6440
f 1170/1563/6441 1902/1564/6442 1976/1744/6443 1209/1743/6444
f 1903/1565/6445 1975/1745/6446 1976/1744/6447 1902/1564/6448
f 842/1746/6449 1238/1747/6450 1974/1748/6451 1973/1749/6452
f 1973/1749/6453 1974/1748/6454 1976/1744/6455 1975/1745/6456
f 841/1737/6457 1969/1740/6458 1978/1750/6459 1977/1751/6460
f 1969/1740/6461 1972/1735/6462 1209/1743/6463 1978/1750/6464
f 1977/1751/6465 1978/1750/6466 1974/1748/6467 1238/1747/6468
f 1978/1750/6469 1209/1743/6470 1976/1744/6471 1974/1748/6472
f 1903/1565/6473 1171/1566/6474 1210/1752/6475 1975/1745/6476
f 1171/1566/6477 1904/1567/6478 1979/1753/6479 1210/1752/6480
f 419/1506/6481 1981/1570/6482 1212/1754/6483 1905/1568/6484
f 1905/1568/6485 1212/1754/6486 1979/1753/6487 1904/1567/6488
f 1984/1580/6489 1240/1755/6490 1211/1756/6491 1980/1581/6492
f 1240/1755/6493 589/1757/6494 590/1758/6495 1211/1756/6496
f 1980/1581/6497 1211/1756/6498 1212/1754/6499 1981/1570/6500
f 1211/1756/6501 590/1758/6502 1979/1753/6503 1212/1754/6504
f 842/1746/6505 1973/1749/6506 1983/1759/6507 1982/1760/6508
f 1973/1749/6509 1975/1745/6510 1210/1752/6511 1983/1759/6512
f 1982/1760/6513 1983/1759/6514 590/1758/6515 589/1757/6516
f 1983/1759/6517 1210/1752/6518 1979/1753/6519 590/1758/6520
f 1984/1580/6521 1908/1583/6522 843/1761/6523 603/1762/6524
f 1908/1583/6525 1910/1578/6526 844/1763/6527 843/1761/6528
f 820/1574/6529 591/1764/6530 1986/1765/6531 1213/1575/6532
f 1213/1575/6533 1986/1765/6534 844/1763/6535 1910/1578/6536
f 1985/1766/6537 2048/1767/6538 1986/1765/6539 591/1764/6540
f 2048/1767/6541 1215/1768/6542 844/1763/6543 1986/1765/6544
f 517/1769/6545 603/1762/6546 843/1761/6547 1214/1770/6548
f 1214/1770/6549 843/1761/6550 844/1763/6551 1215/1768/6552
f 820/1574/6553 574/1595/6554 1987/1771/6555 591/1764/6556
f 574/1595/6557 1217/1592/6558 846/1772/6559 1987/1771/6560
f 821/1588/6561 1990/1773/6562 845/1774/6563 1216/1589/6564
f 1216/1589/6565 845/1774/6566 846/1772/6567 1217/1592/6568
f 1988/1775/6569 2051/1776/6570 845/1774/6571 1990/1773/6572
f 2051/1776/6573 2053/1777/6574 846/1772/6575 845/1774/6576
f 1985/1766/6577 591/1764/6578 1987/1771/6579 1989/1778/6580
f 1989/1778/6581 1987/1771/6582 846/1772/6583 2053/1777/6584
f 821/1588/6585 577/1607/6586 1991/1779/6587 1990/1773/6588
f 577/1607/6589 1993/1604/6590 847/1780/6591 1991/1779/6592
f 420/1600/6593 1994/1781/6594 1996/1782/6595 1992/1601/6596
f 1992/1601/6597 1996/1782/6598 847/1780/6599 1993/1604/6600
f 1995/1783/6601 866/1784/6602 1996/1782/6603 1994/1781/6604
f 866/1784/6605 868/1785/6606 847/1780/6607 1996/1782/6608
f 1988/1775/6609 1990/1773/6610 1991/1779/6611 1997/1786/6612
f 1997/1786/6613 1991/1779/6614 847/1780/6615 868/1785/6616
f 420/1600/6617 1917/1619/6618 1998/1787/6619 1994/1781/6620
f 1917/1619/6621 2000/1616/6622 848/1788/6623 1998/1787/6624
f 421/1612/6625 2001/1789/6626 2003/1790/6627 1999/1613/6628
f 1999/1613/6629 2003/1790/6630 848/1788/6631 2000/1616/6632
f 2002/1791/6633 870/1792/6634 2003/1790/6635 2001/1789/6636
f 870/1792/6637 872/1793/6638 848/1788/6639 2003/1790/6640
f 1995/1783/6641 1994/1781/6642 1998/1787/6643 1218/1794/6644
f 1218/1794/6645 1998/1787/6646 848/1788/6647 872/1793/6648
f 421/1612/6649 1920/1627/6650 849/1795/6651 2001/1789/6652
f 825/1623/6653 2006/1796/6654 2005/1797/6655 1219/1624/6656
f 1219/1624/6657 2005/1797/6658 849/1795/6659 1920/1627/6660
f 2004/1798/6661 2064/1799/6662 2005/1797/6663 2006/1796/6664
f 2064/1799/6665 1220/1800/6666 849/1795/6667 2005/1797/6668
f 2002/1791/6669 2001/1789/6670 849/1795/6671 1220/1800/6672
f 825/1623/6673 1221/1632/6674 850/1801/6675 2006/1796/6676
f 827/1631/6677 592/1802/6678 850/1801/6679 1221/1632/6680
f 2007/1803/6681 2067/1804/6682 850/1801/6683 592/1802/6684
f 2004/1798/6685 2006/1796/6686 850/1801/6687 2067/1804/6688
f 827/1631/6689 1926/1638/6690 436/1805/6691 592/1802/6692
f 829/1637/6693 2009/1806/6694 436/1805/6695 1926/1638/6696
f 2008/1807/6697 1222/1808/6698 436/1805/6699 2009/1806/6700
f 2007/1803/6701 592/1802/6702 436/1805/6703 1222/1808/6704
f 829/1637/6705 1930/1649/6706 2010/1809/6707 2009/1806/6708
f 1930/1649/6709 1223/1645/6710 851/1810/6711 2010/1809/6712
f 422/1644/6713 593/1811/6714 851/1810/6715 1223/1645/6716
f 2011/1812/6717 2073/1813/6718 851/1810/6719 593/1811/6720
f 2008/1807/6721 2009/1806/6722 2010/1809/6723 1224/1814/6724
f 1224/1814/6725 2010/1809/6726 851/1810/6727 2073/1813/6728
f 422/1644/6729 832/1661/6730 2012/1815/6731 593/1811/6732
f 832/1661/6733 2013/1658/6734 852/1816/6735 2012/1815/6736
f 830/1654/6737 594/1817/6738 2015/1818/6739 1225/1655/6740
f 1225/1655/6741 2015/1818/6742 852/1816/6743 2013/1658/6744
f 2014/1819/6745 2076/1820/6746 2015/1818/6747 594/1817/6748
f 2076/1820/6749 876/1821/6750 852/1816/6751 2015/1818/6752
f 2011/1812/6753 593/1811/6754 2012/1815/6755 2016/1822/6756
f 2016/1822/6757 2012/1815/6758 852/1816/6759 876/1821/6760
f 830/1654/6761 1936/1669/6762 853/1823/6763 594/1817/6764
f 834/1665/6765 2019/1824/6766 2020/1825/6767 2017/1666/6768
f 2017/1666/6769 2020/1825/6770 853/1823/6771 1936/1669/6772
f 2018/1826/6773 462/1827/6774 2020/1825/6775 2019/1824/6776
f 462/1827/6777 1226/1828/6778 853/1823/6779 2020/1825/6780
f 2014/1819/6781 594/1817/6782 853/1823/6783 1226/1828/6784
f 834/1665/6785 583/1679/6786 595/1829/6787 2019/1824/6788
f 583/1679/6789 1227/1675/6790 854/1830/6791 595/1829/6792
f 423/1674/6793 596/1831/6794 854/1830/6795 1227/1675/6796
f 2021/1832/6797 2084/1833/6798 854/1830/6799 596/1831/6800
f 2018/1826/6801 2019/1824/6802 595/1829/6803 2022/1834/6804
f 2022/1834/6805 595/1829/6806 854/1830/6807 2084/1833/6808
f 423/1674/6809 1946/1691/6810 2023/1835/6811 596/1831/6812
f 1946/1691/6813 1228/1688/6814 855/1836/6815 2023/1835/6816
f 424/1684/6817 2025/1837/6818 597/1838/6819 2024/1685/6820
f 2024/1685/6821 597/1838/6822 855/1836/6823 1228/1688/6824
f 2026/1839/6825 878/1840/6826 597/1838/6827 2025/1837/6828
f 878/1840/6829 2089/1841/6830 855/1836/6831 597/1838/6832
f 2021/1832/6833 596/1831/6834 2023/1835/6835 1229/1842/6836
f 1229/1842/6837 2023/1835/6838 855/1836/6839 2089/1841/6840
f 424/1684/6841 2027/1699/6842 856/1843/6843 2025/1837/6844
f 836/1695/6845 598/1844/6846 2029/1845/6847 1230/1696/6848
f 1230/1696/6849 2029/1845/6850 856/1843/6851 2027/1699/6852
f 2028/1846/6853 2094/1847/6854 2029/1845/6855 598/1844/6856
f 2094/1847/6857 880/1848/6858 856/1843/6859 2029/1845/6860
f 2026/1839/6861 2025/1837/6862 856/1843/6863 880/1848/6864
f 836/1695/6865 1954/1704/6866 858/1849/6867 598/1844/6868
f 838/1703/6869 857/1850/6870 858/1849/6871 1954/1704/6872
f 2030/1851/6873 1231/1852/6874 858/1849/6875 857/1850/6876
f 2028/1846/6877 598/1844/6878 858/1849/6879 1231/1852/6880
f 838/1703/6881 586/1715/6882 2031/1853/6883 857/1850/6884
f 586/1715/6885 1232/1711/6886 859/1854/6887 2031/1853/6888
f 839/1710/6889 599/1855/6890 859/1854/6891 1232/1711/6892
f 2032/1856/6893 2100/1857/6894 859/1854/6895 599/1855/6896
f 2030/1851/6897 857/1850/6898 2031/1853/6899 2033/1858/6900
f 2033/1858/6901 2031/1853/6902 859/1854/6903 2100/1857/6904
f 839/1710/6905 1959/1723/6906 860/1859/6907 599/1855/6908
f 425/1719/6909 2035/1860/6910 2037/1861/6911 2034/1720/6912
f 2034/1720/6913 2037/1861/6914 860/1859/6915 1959/1723/6916
f 2036/1862/6917 882/1863/6918 2037/1861/6919 2035/1860/6920
f 882/1863/6921 1233/1864/6922 860/1859/6923 2037/1861/6924
f 2032/1856/6925 599/1855/6926 860/1859/6927 1233/1864/6928
f 425/1719/6929 1965/1733/6930 2038/1865/6931 2035/1860/6932
f 1965/1733/6933 1234/1729/6934 861/1866/6935 2038/1865/6936
f 426/1728/6937 600/1867/6938 861/1866/6939 1234/1729/6940
f 2039/1868/6941 2107/1869/6942 861/1866/6943 600/1867/6944
f 2036/1862/6945 2035/1860/6946 2038/1865/6947 1235/1870/6948
f 1235/1870/6949 2038/1865/6950 861/1866/6951 2107/1869/6952
f 426/1728/6953 1970/1741/6954 862/1871/6955 600/1867/6956
f 841/1737/6957 601/1872/6958 2041/1873/6959 1236/1738/6960
f 1236/1738/6961 2041/1873/6962 862/1871/6963 1970/1741/6964
f 2040/1874/6965 2112/1875/6966 2041/1873/6967 601/1872/6968
f 2112/1875/6969 1237/1876/6970 862/1871/6971 2041/1873/6972
f 2039/1868/6973 600/1867/6974 862/1871/6975 1237/1876/6976
f 841/1737/6977 1977/1751/6978 2042/1877/6979 601/1872/6980
f 1977/1751/6981 1238/1747/6982 863/1878/6983 2042/1877/6984
f 842/1746/6985 602/1879/6986 863/1878/6987 1238/1747/6988
f 2043/1880/6989 2116/1881/6990 863/1878/6991 602/1879/6992
f 2040/1874/6993 601/1872/6994 2042/1877/6995 1239/1882/6996
f 1239/1882/6997 2042/1877/6998 863/1878/6999 2116/1881/7000
f 842/1746/7001 1982/1760/7002 2044/1883/7003 602/1879/7004
f 1982/1760/7005 589/1757/7006 864/1884/7007 2044/1883/7008
f 1984/1580/7009 603/1762/7010 2045/1885/7011 1240/1755/7012
f 1240/1755/7013 2045/1885/7014 864/1884/7015 589/1757/7016
f 517/1769/7017 2121/1886/7018 2045/1885/7019 603/1762/7020
f 2121/1886/7021 2046/1887/7022 864/1884/7023 2045/1885/7024
f 2043/1880/7025 602/1879/7026 2044/1883/7027 1241/1888/7028
f 1241/1888/7029 2044/1883/7030 864/1884/7031 2046/1887/7032
f 517/1769/7033 1214/1770/7034 2047/1889/7035 454/1890/7036
f 1214/1770/7037 1215/1768/7038 865/1891/7039 2047/1889/7040
f 1985/1766/7041 1244/1892/7042 2049/1893/7043 2048/1767/7044
f 2048/1767/7045 2049/1893/7046 865/1891/7047 1215/1768/7048
f 2050/1894/7049 1273/1895/7050 2049/1893/7051 1244/1892/7052
f 1273/1895/7053 1243/1896/7054 865/1891/7055 2049/1893/7056
f 2124/1897/7057 454/1890/7058 2047/1889/7059 1242/1898/7060
f 1242/1898/7061 2047/1889/7062 865/1891/7063 1243/1896/7064
f 1985/1766/7065 1989/1778/7066 1245/1899/7067 1244/1892/7068
f 1989/1778/7069 2053/1777/7070 2054/1900/7071 1245/1899/7072
f 1988/1775/7073 1246/1901/7074 2052/1902/7075 2051/1776/7076
f 2051/1776/7077 2052/1902/7078 2054/1900/7079 2053/1777/7080
f 2055/1903/7081 1275/1904/7082 2052/1902/7083 1246/1901/7084
f 1275/1904/7085 1276/1905/7086 2054/1900/7087 2052/1902/7088
f 2050/1894/7089 1244/1892/7090 1245/1899/7091 2056/1906/7092
f 2056/1906/7093 1245/1899/7094 2054/1900/7095 1276/1905/7096
f 1988/1775/7097 1997/1786/7098 1247/1907/7099 1246/1901/7100
f 1997/1786/7101 868/1785/7102 869/1908/7103 1247/1907/7104
f 1995/1783/7105 2057/1909/7106 867/1910/7107 866/1784/7108
f 866/1784/7109 867/1910/7110 869/1908/7111 868/1785/7112
f 2058/1911/7113 2135/1912/7114 867/1910/7115 2057/1909/7116
f 2135/1912/7117 2060/1913/7118 869/1908/7119 867/1910/7120
f 2055/1903/7121 1246/1901/7122 1247/1907/7123 2059/1914/7124
f 2059/1914/7125 1247/1907/7126 869/1908/7127 2060/1913/7128
f 1995/1783/7129 1218/1794/7130 1248/1915/7131 2057/1909/7132
f 1218/1794/7133 872/1793/7134 873/1916/7135 1248/1915/7136
f 2002/1791/7137 2063/1917/7138 871/1918/7139 870/1792/7140
f 870/1792/7141 871/1918/7142 873/1916/7143 872/1793/7144
f 2061/1919/7145 2138/1920/7146 871/1918/7147 2063/1917/7148
f 2138/1920/7149 2062/1921/7150 873/1916/7151 871/1918/7152
f 2058/1911/7153 2057/1909/7154 1248/1915/7155 1249/1922/7156
f 1249/1922/7157 1248/1915/7158 873/1916/7159 2062/1921/7160
f 2002/1791/7161 1220/1800/7162 874/1923/7163 2063/1917/7164
f 2004/1798/7165 1251/1924/7166 2065/1925/7167 2064/1799/7168
f 2064/1799/7169 2065/1925/7170 874/1923/7171 1220/1800/7172
f 2066/1926/7173 1279/1927/7174 2065/1925/7175 1251/1924/7176
f 1279/1927/7177 1250/1928/7178 874/1923/7179 2065/1925/7180
f 2061/1919/7181 2063/1917/7182 874/1923/7183 1250/1928/7184
f 2004/1798/7185 2067/1804/7186 2068/1929/7187 1251/1924/7188
f 2007/1803/7189 2070/1930/7190 2068/1929/7191 2067/1804/7192
f 2069/1931/7193 1281/1932/7194 2068/1929/7195 2070/1930/7196
f 2066/1926/7197 1251/1924/7198 2068/1929/7199 1281/1932/7200
f 2007/1803/7201 1222/1808/7202 875/1933/7203 2070/1930/7204
f 2008/1807/7205 2071/1934/7206 875/1933/7207 1222/1808/7208
f 2072/1935/7209 1252/1936/7210 875/1933/7211 2071/1934/7212
f 2069/1931/7213 2070/1930/7214 875/1933/7215 1252/1936/7216
f 2008/1807/7217 1224/1814/7218 1253/1937/7219 2071/1934/7220
f 1224/1814/7221 2073/1813/7222 2074/1938/7223 1253/1937/7224
f 2011/1812/7225 1255/1939/7226 2074/1938/7227 2073/1813/7228
f 2075/1940/7229 1282/1941/7230 2074/1938/7231 1255/1939/7232
f 2072/1935/7233 2071/1934/7234 1253/1937/7235 1254/1942/7236
f 1254/1942/7237 1253/1937/7238 2074/1938/7239 1282/1941/7240
f 2011/1812/7241 2016/1822/7242 1256/1943/7243 1255/1939/7244
f 2016/1822/7245 876/1821/7246 877/1944/7247 1256/1943/7248
f 2014/1819/7249 2080/1945/7250 2077/1946/7251 2076/1820/7252
f 2076/1820/7253 2077/1946/7254 877/1944/7255 876/1821/7256
f 2078/1947/7257 1283/1948/7258 2077/1946/7259 2080/1945/7260
f 1283/1948/7261 2151/1949/7262 877/1944/7263 2077/1946/7264
f 2075/1940/7265 1255/1939/7266 1256/1943/7267 2079/1950/7268
f 2079/1950/7269 1256/1943/7270 877/1944/7271 2151/1949/7272
f 2014/1819/7273 1226/1828/7274 2081/1951/7275 2080/1945/7276
f 2018/1826/7277 1258/1952/7278 518/1953/7279 462/1827/7280
f 462/1827/7281 518/1953/7282 2081/1951/7283 1226/1828/7284
f 2082/1954/7285 2153/1955/7286 518/1953/7287 1258/1952/7288
f 2153/1955/7289 1257/1956/7290 2081/1951/7291 518/1953/7292
f 2078/1947/7293 2080/1945/7294 2081/1951/7295 1257/1956/7296
f 2018/1826/7297 2022/1834/7298 2083/1957/7299 1258/1952/7300
f 2022/1834/7301 2084/1833/7302 2086/1958/7303 2083/1957/7304
f 2021/1832/7305 2085/1959/7306 2086/1958/7307 2084/1833/7308
f 2087/1960/7309 1286/1961/7310 2086/1958/7311 2085/1959/7312
f 2082/1954/7313 1258/1952/7314 2083/1957/7315 2088/1962/7316
f 2088/1962/7317 2083/1957/7318 2086/1958/7319 1286/1961/7320
f 2021/1832/7321 1229/1842/7322 1259/1963/7323 2085/1959/7324
f 1229/1842/7325 2089/1841/7326 2090/1964/7327 1259/1963/7328
f 2026/1839/7329 2093/1965/7330 879/1966/7331 878/1840/7332
f 878/1840/7333 879/1966/7334 2090/1964/7335 2089/1841/7336
f 2091/1967/7337 2158/1968/7338 879/1966/7339 2093/1965/7340
f 2158/1968/7341 2092/1969/7342 2090/1964/7343 879/1966/7344
f 2087/1960/7345 2085/1959/7346 1259/1963/7347 1260/1970/7348
f 1260/1970/7349 1259/1963/7350 2090/1964/7351 2092/1969/7352
f 2026/1839/7353 880/1848/7354 881/1971/7355 2093/1965/7356
f 2028/1846/7357 2097/1972/7358 2095/1973/7359 2094/1847/7360
f 2094/1847/7361 2095/1973/7362 881/1971/7363 880/1848/7364
f 2096/1974/7365 1287/1975/7366 2095/1973/7367 2097/1972/7368
f 1287/1975/7369 1261/1976/7370 881/1971/7371 2095/1973/7372
f 2091/1967/7373 2093/1965/7374 881/1971/7375 1261/1976/7376
f 2028/1846/7377 1231/1852/7378 2098/1977/7379 2097/1972/7380
f 2030/1851/7381 1263/1978/7382 2098/1977/7383 1231/1852/7384
f 2099/1979/7385 1262/1980/7386 2098/1977/7387 1263/1978/7388
f 2096/1974/7389 2097/1972/7390 2098/1977/7391 1262/1980/7392
f 2030/1851/7393 2033/1858/7394 1264/1981/7395 1263/1978/7396
f 2033/1858/7397 2100/1857/7398 2101/1982/7399 1264/1981/7400
f 2032/1856/7401 2104/1983/7402 2101/1982/7403 2100/1857/7404
f 2102/1984/7405 1289/1985/7406 2101/1982/7407 2104/1983/7408
f 2099/1979/7409 1263/1978/7410 1264/1981/7411 2103/1986/7412
f 2103/1986/7413 1264/1981/7414 2101/1982/7415 1289/1985/7416
f 2032/1856/7417 1233/1864/7418 884/1987/7419 2104/1983/7420
f 2036/1862/7421 2106/1988/7422 883/1989/7423 882/1863/7424
f 882/1863/7425 883/1989/7426 884/1987/7427 1233/1864/7428
f 2105/1990/7429 2169/1991/7430 883/1989/7431 2106/1988/7432
f 2169/1991/7433 1265/1992/7434 884/1987/7435 883/1989/7436
f 2102/1984/7437 2104/1983/7438 884/1987/7439 1265/1992/7440
f 2036/1862/7441 1235/1870/7442 1266/1993/7443 2106/1988/7444
f 1235/1870/7445 2107/1869/7446 2108/1994/7447 1266/1993/7448
f 2039/1868/7449 2110/1995/7450 2108/1994/7451 2107/1869/7452
f 2109/1996/7453 1291/1997/7454 2108/1994/7455 2110/1995/7456
f 2105/1990/7457 2106/1988/7458 1266/1993/7459 1267/1998/7460
f 1267/1998/7461 1266/1993/7462 2108/1994/7463 1291/1997/7464
f 2039/1868/7465 1237/1876/7466 2111/1999/7467 2110/1995/7468
f 2040/1874/7469 2115/2000/7470 2113/2001/7471 2112/1875/7472
f 2112/1875/7473 2113/2001/7474 2111/1999/7475 1237/1876/7476
f 2114/2002/7477 1292/2003/7478 2113/2001/7479 2115/2000/7480
f 1292/2003/7481 1268/2004/7482 2111/1999/7483 2113/2001/7484
f 2109/1996/7485 2110/1995/7486 2111/1999/7487 1268/2004/7488
f 2040/1874/7489 1239/1882/7490 1269/2005/7491 2115/2000/7492
f 1239/1882/7493 2116/1881/7494 2117/2006/7495 1269/2005/7496
f 2043/1880/7497 2119/2007/7498 2117/2006/7499 2116/1881/7500
f 2118/2008/7501 1294/2009/7502 2117/2006/7503 2119/2007/7504
f 2114/2002/7505 2115/2000/7506 1269/2005/7507 1270/2010/7508
f 1270/2010/7509 1269/2005/7510 2117/2006/7511 1294/2009/7512
f 2043/1880/7513 1241/1888/7514 1271/2011/7515 2119/2007/7516
f 1241/1888/7517 2046/1887/7518 2120/2012/7519 1271/2011/7520
f 517/1769/7521 454/1890/7522 2122/2013/7523 2121/1886/7524
f 2121/1886/7525 2122/2013/7526 2120/2012/7527 2046/1887/7528
f 2124/1897/7529 1295/2014/7530 2122/2013/7531 454/1890/7532
f 1295/2014/7533 2123/2015/7534 2120/2012/7535 2122/2013/7536
f 2118/2008/7537 2119/2007/7538 1271/2011/7539 1272/2016/7540
f 1272/2016/7541 1271/2011/7542 2120/2012/7543 2123/2015/7544
f 2124/1897/7545 1242/1898/7546 885/2017/7547 2180/2018/7548
f 1242/1898/7549 1243/1896/7550 2125/2019/7551 885/2017/7552
f 2050/1894/7553 2128/2020/7554 1274/2021/7555 1273/1895/7556
f 1273/1895/7557 1274/2021/7558 2125/2019/7559 1243/1896/7560
f 2132/2022/7561 1297/2023/7562 1274/2021/7563 2128/2020/7564
f 1297/2023/7565 2127/2024/7566 2125/2019/7567 1274/2021/7568
f 2182/2025/7569 2180/2018/7570 885/2017/7571 2126/2026/7572
f 2126/2026/7573 885/2017/7574 2125/2019/7575 2127/2024/7576
f 2050/1894/7577 2056/1906/7578 2129/2027/7579 2128/2020/7580
f 2056/1906/7581 1276/1905/7582 2131/2028/7583 2129/2027/7584
f 2055/1903/7585 2133/2029/7586 2130/2030/7587 1275/1904/7588
f 1275/1904/7589 2130/2030/7590 2131/2028/7591 1276/1905/7592
f 519/2031/7593 1301/2032/7594 2130/2030/7595 2133/2029/7596
f 1301/2032/7597 1302/2033/7598 2131/2028/7599 2130/2030/7600
f 2132/2022/7601 2128/2020/7602 2129/2027/7603 886/2034/7604
f 886/2034/7605 2129/2027/7606 2131/2028/7607 1302/2033/7608
f 2055/1903/7609 2059/1914/7610 2134/2035/7611 2133/2029/7612
f 2059/1914/7613 2060/1913/7614 2136/2036/7615 2134/2035/7616
f 2058/1911/7617 887/2037/7618 1277/2038/7619 2135/1912/7620
f 2135/1912/7621 1277/2038/7622 2136/2036/7623 2060/1913/7624
f 427/2039/7625 2194/2040/7626 1277/2038/7627 887/2037/7628
f 2194/2040/7629 2195/2041/7630 2136/2036/7631 1277/2038/7632
f 519/2031/7633 2133/2029/7634 2134/2035/7635 888/2042/7636
f 888/2042/7637 2134/2035/7638 2136/2036/7639 2195/2041/7640
f 2058/1911/7641 1249/1922/7642 2137/2043/7643 887/2037/7644
f 1249/1922/7645 2062/1921/7646 2139/2044/7647 2137/2043/7648
f 2061/1919/7649 604/2045/7650 1278/2046/7651 2138/1920/7652
f 2138/1920/7653 1278/2046/7654 2139/2044/7655 2062/1921/7656
f 428/2047/7657 2201/2048/7658 1278/2046/7659 604/2045/7660
f 2201/2048/7661 889/2049/7662 2139/2044/7663 1278/2046/7664
f 427/2039/7665 887/2037/7666 2137/2043/7667 2140/2050/7668
f 2140/2050/7669 2137/2043/7670 2139/2044/7671 889/2049/7672
f 2061/1919/7673 1250/1928/7674 2141/2051/7675 604/2045/7676
f 2066/1926/7677 2143/2052/7678 1280/2053/7679 1279/1927/7680
f 1279/1927/7681 1280/2053/7682 2141/2051/7683 1250/1928/7684
f 520/2054/7685 1307/2055/7686 1280/2053/7687 2143/2052/7688
f 1307/2055/7689 2142/2056/7690 2141/2051/7691 1280/2053/7692
f 428/2047/7693 604/2045/7694 2141/2051/7695 2142/2056/7696
f 2066/1926/7697 1281/1932/7698 2144/2057/7699 2143/2052/7700
f 2069/1931/7701 605/2058/7702 2144/2057/7703 1281/1932/7704
f 521/2059/7705 1310/2060/7706 2144/2057/7707 605/2058/7708
f 520/2054/7709 2143/2052/7710 2144/2057/7711 1310/2060/7712
f 2069/1931/7713 1252/1936/7714 437/2061/7715 605/2058/7716
f 2072/1935/7717 890/2062/7718 437/2061/7719 1252/1936/7720
f 429/2063/7721 2145/2064/7722 437/2061/7723 890/2062/7724
f 521/2059/7725 605/2058/7726 437/2061/7727 2145/2064/7728
f 2072/1935/7729 1254/1942/7730 2146/2065/7731 890/2062/7732
f 1254/1942/7733 1282/1941/7734 2147/2066/7735 2146/2065/7736
f 2075/1940/7737 2149/2067/7738 2147/2066/7739 1282/1941/7740
f 430/2068/7741 1313/2069/7742 2147/2066/7743 2149/2067/7744
f 429/2063/7745 890/2062/7746 2146/2065/7747 2148/2070/7748
f 2148/2070/7749 2146/2065/7750 2147/2066/7751 1313/2069/7752
f 2075/1940/7753 2079/1950/7754 2150/2071/7755 2149/2067/7756
f 2079/1950/7757 2151/1949/7758 2152/2072/7759 2150/2071/7760
f 2078/1947/7761 606/2073/7762 1284/2074/7763 1283/1948/7764
f 1283/1948/7765 1284/2074/7766 2152/2072/7767 2151/1949/7768
f 522/2075/7769 1317/2076/7770 1284/2074/7771 606/2073/7772
f 1317/2076/7773 2220/2077/7774 2152/2072/7775 1284/2074/7776
f 430/2068/7777 2149/2067/7778 2150/2071/7779 463/2078/7780
f 463/2078/7781 2150/2071/7782 2152/2072/7783 2220/2077/7784
f 2078/1947/7785 1257/1956/7786 891/2079/7787 606/2073/7788
f 2082/1954/7789 2155/2080/7790 1285/2081/7791 2153/1955/7792
f 2153/1955/7793 1285/2081/7794 891/2079/7795 1257/1956/7796
f 523/2082/7797 2226/2083/7798 1285/2081/7799 2155/2080/7800
f 2226/2083/7801 2154/2084/7802 891/2079/7803 1285/2081/7804
f 522/2075/7805 606/2073/7806 891/2079/7807 2154/2084/7808
f 2082/1954/7809 2088/1962/7810 607/2085/7811 2155/2080/7812
f 2088/1962/7813 1286/1961/7814 2156/2086/7815 607/2085/7816
f 2087/1960/7817 892/2087/7818 2156/2086/7819 1286/1961/7820
f 431/2088/7821 1319/2089/7822 2156/2086/7823 892/2087/7824
f 523/2082/7825 2155/2080/7826 607/2085/7827 893/2090/7828
f 893/2090/7829 607/2085/7830 2156/2086/7831 1319/2089/7832
f 2087/1960/7833 1260/1970/7834 2157/2091/7835 892/2087/7836
f 1260/1970/7837 2092/1969/7838 2160/2092/7839 2157/2091/7840
f 2091/1967/7841 895/2093/7842 2159/2094/7843 2158/1968/7844
f 2158/1968/7845 2159/2094/7846 2160/2092/7847 2092/1969/7848
f 432/2095/7849 2235/2096/7850 2159/2094/7851 895/2093/7852
f 2235/2096/7853 894/2097/7854 2160/2092/7855 2159/2094/7856
f 431/2088/7857 892/2087/7858 2157/2091/7859 2161/2098/7860
f 2161/2098/7861 2157/2091/7862 2160/2092/7863 894/2097/7864
f 2091/1967/7865 1261/1976/7866 2162/2099/7867 895/2093/7868
f 2096/1974/7869 608/2100/7870 1288/2101/7871 1287/1975/7872
f 1287/1975/7873 1288/2101/7874 2162/2099/7875 1261/1976/7876
f 524/2102/7877 1322/2103/7878 1288/2101/7879 608/2100/7880
f 1322/2103/7881 2163/2104/7882 2162/2099/7883 1288/2101/7884
f 432/2095/7885 895/2093/7886 2162/2099/7887 2163/2104/7888
f 2096/1974/7889 1262/1980/7890 2164/2105/7891 608/2100/7892
f 2099/1979/7893 2166/2106/7894 2164/2105/7895 1262/1980/7896
f 525/2107/7897 2165/2108/7898 2164/2105/7899 2166/2106/7900
f 524/2102/7901 608/2100/7902 2164/2105/7903 2165/2108/7904
f 2099/1979/7905 2103/1986/7906 2167/2109/7907 2166/2106/7908
f 2103/1986/7909 1289/1985/7910 2168/2110/7911 2167/2109/7912
f 2102/1984/7913 609/2111/7914 2168/2110/7915 1289/1985/7916
f 526/2112/7917 1325/2113/7918 2168/2110/7919 609/2111/7920
f 525/2107/7921 2166/2106/7922 2167/2109/7923 896/2114/7924
f 896/2114/7925 2167/2109/7926 2168/2110/7927 1325/2113/7928
f 2102/1984/7929 1265/1992/7930 2170/2115/7931 609/2111/7932
f 2105/1990/7933 610/2116/7934 1290/2117/7935 2169/1991/7936
f 2169/1991/7937 1290/2117/7938 2170/2115/7939 1265/1992/7940
f 433/2118/7941 2249/2119/7942 1290/2117/7943 610/2116/7944
f 2249/2119/7945 2171/2120/7946 2170/2115/7947 1290/2117/7948
f 526/2112/7949 609/2111/7950 2170/2115/7951 2171/2120/7952
f 2105/1990/7953 1267/1998/7954 2172/2121/7955 610/2116/7956
f 1267/1998/7957 1291/1997/7958 2173/2122/7959 2172/2121/7960
f 2109/1996/7961 611/2123/7962 2173/2122/7963 1291/1997/7964
f 434/2124/7965 1328/2125/7966 2173/2122/7967 611/2123/7968
f 433/2118/7969 610/2116/7970 2172/2121/7971 2174/2126/7972
f 2174/2126/7973 2172/2121/7974 2173/2122/7975 1328/2125/7976
f 2109/1996/7977 1268/2004/7978 897/2127/7979 611/2123/7980
f 2114/2002/7981 612/2128/7982 1293/2129/7983 1292/2003/7984
f 1292/2003/7985 1293/2129/7986 897/2127/7987 1268/2004/7988
f 527/2130/7989 1330/2131/7990 1293/2129/7991 612/2128/7992
f 1330/2131/7993 2175/2132/7994 897/2127/7995 1293/2129/7996
f 434/2124/7997 611/2123/7998 897/2127/7999 2175/2132/8000
f 2114/2002/8001 1270/2010/8002 2176/2133/8003 612/2128/8004
f 1270/2010/8005 1294/2009/8006 2177/2134/8007 2176/2133/8008
f 2118/2008/8009 613/2135/8010 2177/2134/8011 1294/2009/8012
f 528/2136/8013 1333/2137/8014 2177/2134/8015 613/2135/8016
f 527/2130/8017 612/2128/8018 2176/2133/8019 2178/2138/8020
f 2178/2138/8021 2176/2133/8022 2177/2134/8023 1333/2137/8024
f 2118/2008/8025 1272/2016/8026 2179/2139/8027 613/2135/8028
f 1272/2016/8029 2123/2015/8030 898/2140/8031 2179/2139/8032
f 2124/1897/8033 2180/2018/8034 1296/2141/8035 1295/2014/8036
f 1295/2014/8037 1296/2141/8038 898/2140/8039 2123/2015/8040
f 2182/2025/8041 1336/2142/8042 1296/2141/8043 2180/2018/8044
f 1336/2142/8045 899/2143/8046 898/2140/8047 1296/2141/8048
f 528/2136/8049 613/2135/8050 2179/2139/8051 2181/2144/8052
f 2181/2144/8053 2179/2139/8054 898/2140/8055 899/2143/8056
f 2182/2025/8057 2126/2026/8058 900/2145/8059 901/2146/8060
f 2126/2026/8061 2127/2024/8062 614/2147/8063 900/2145/8064
f 901/2146/8065 900/2145/8066 2183/2148/8067 643/2149/8068
f 900/2145/8069 614/2147/8070 902/2150/8071 2183/2148/8072
f 2132/2022/8073 2186/2151/8074 2184/2152/8075 1297/2023/8076
f 2186/2151/8077 615/2153/8078 2185/2154/8079 2184/2152/8080
f 1297/2023/8081 2184/2152/8082 614/2147/8083 2127/2024/8084
f 2184/2152/8085 2185/2154/8086 902/2150/8087 614/2147/8088
f 2333/2155/8089 1368/2156/8090 2185/2154/8091 615/2153/8092
f 1368/2156/8093 1299/2157/8094 902/2150/8095 2185/2154/8096
f 656/2158/8097 643/2149/8098 2183/2148/8099 1298/2159/8100
f 1298/2159/8101 2183/2148/8102 902/2150/8103 1299/2157/8104
f 2132/2022/8105 886/2034/8106 2187/2160/8107 2186/2151/8108
f 886/2034/8109 1302/2033/8110 2189/2161/8111 2187/2160/8112
f 2186/2151/8113 2187/2160/8114 1300/2162/8115 615/2153/8116
f 2187/2160/8117 2189/2161/8118 904/2163/8119 1300/2162/8120
f 519/2031/8121 2192/2164/8122 2188/2165/8123 1301/2032/8124
f 2192/2164/8125 1303/2166/8126 903/2167/8127 2188/2165/8128
f 1301/2032/8129 2188/2165/8130 2189/2161/8131 1302/2033/8132
f 2188/2165/8133 903/2167/8134 904/2163/8135 2189/2161/8136
f 2190/2168/8137 947/2169/8138 903/2167/8139 1303/2166/8140
f 947/2169/8141 2334/2170/8142 904/2163/8143 903/2167/8144
f 2333/2155/8145 615/2153/8146 1300/2162/8147 2191/2171/8148
f 2191/2171/8149 1300/2162/8150 904/2163/8151 2334/2170/8152
f 519/2031/8153 888/2042/8154 2193/2172/8155 2192/2164/8156
f 888/2042/8157 2195/2041/8158 617/2173/8159 2193/2172/8160
f 2192/2164/8161 2193/2172/8162 1304/2174/8163 1303/2166/8164
f 2193/2172/8165 617/2173/8166 906/2175/8167 1304/2174/8168
f 427/2039/8169 905/2176/8170 616/2177/8171 2194/2040/8172
f 905/2176/8173 2196/2178/8174 2198/2179/8175 616/2177/8176
f 2194/2040/8177 616/2177/8178 617/2173/8179 2195/2041/8180
f 616/2177/8181 2198/2179/8182 906/2175/8183 617/2173/8184
f 2197/2180/8185 2339/2181/8186 2198/2179/8187 2196/2178/8188
f 2339/2181/8189 2336/2182/8190 906/2175/8191 2198/2179/8192
f 2190/2168/8193 1303/2166/8194 1304/2174/8195 2199/2183/8196
f 2199/2183/8197 1304/2174/8198 906/2175/8199 2336/2182/8200
f 427/2039/8201 2140/2050/8202 2200/2184/8203 905/2176/8204
f 2140/2050/8205 889/2049/8206 619/2185/8207 2200/2184/8208
f 905/2176/8209 2200/2184/8210 1305/2186/8211 2196/2178/8212
f 2200/2184/8213 619/2185/8214 907/2187/8215 1305/2186/8216
f 428/2047/8217 620/2188/8218 618/2189/8219 2201/2048/8220
f 620/2188/8221 2202/2190/8222 2204/2191/8223 618/2189/8224
f 2201/2048/8225 618/2189/8226 619/2185/8227 889/2049/8228
f 618/2189/8229 2204/2191/8230 907/2187/8231 619/2185/8232
f 2203/2192/8233 2340/2193/8234 2204/2191/8235 2202/2190/8236
f 2340/2193/8237 948/2194/8238 907/2187/8239 2204/2191/8240
f 2197/2180/8241 2196/2178/8242 1305/2186/8243 1306/2195/8244
f 1306/2195/8245 1305/2186/8246 907/2187/8247 948/2194/8248
f 428/2047/8249 2142/2056/8250 621/2196/8251 620/2188/8252
f 620/2188/8253 621/2196/8254 2205/2197/8255 2202/2190/8256
f 520/2054/8257 2209/2198/8258 2206/2199/8259 1307/2055/8260
f 2209/2198/8261 1309/2200/8262 2208/2201/8263 2206/2199/8264
f 1307/2055/8265 2206/2199/8266 621/2196/8267 2142/2056/8268
f 2206/2199/8269 2208/2201/8270 2205/2197/8271 621/2196/8272
f 2207/2202/8273 1371/2203/8274 2208/2201/8275 1309/2200/8276
f 1371/2203/8277 1308/2204/8278 2205/2197/8279 2208/2201/8280
f 2203/2192/8281 2202/2190/8282 2205/2197/8283 1308/2204/8284
f 520/2054/8285 1310/2060/8286 2210/2205/8287 2209/2198/8288
f 2209/2198/8289 2210/2205/8290 908/2206/8291 1309/2200/8292
f 521/2059/8293 623/2207/8294 2210/2205/8295 1310/2060/8296
f 623/2207/8297 622/2208/8298 908/2206/8299 2210/2205/8300
f 2211/2209/8301 2341/2210/8302 908/2206/8303 622/2208/8304
f 2207/2202/8305 1309/2200/8306 908/2206/8307 2341/2210/8308
f 521/2059/8309 2145/2064/8310 624/2211/8311 623/2207/8312
f 623/2207/8313 624/2211/8314 2212/2212/8315 622/2208/8316
f 429/2063/8317 909/2213/8318 624/2211/8319 2145/2064/8320
f 909/2213/8321 2213/2214/8322 2212/2212/8323 624/2211/8324
f 1372/2215/8325 1311/2216/8326 2212/2212/8327 2213/2214/8328
f 2211/2209/8329 622/2208/8330 2212/2212/8331 1311/2216/8332
f 429/2063/8333 2148/2070/8334 2214/2217/8335 909/2213/8336
f 2148/2070/8337 1313/2069/8338 2215/2218/8339 2214/2217/8340
f 909/2213/8341 2214/2217/8342 1312/2219/8343 2213/2214/8344
f 2214/2217/8345 2215/2218/8346 910/2220/8347 1312/2219/8348
f 430/2068/8349 2217/2221/8350 2215/2218/8351 1313/2069/8352
f 2217/2221/8353 1315/2222/8354 910/2220/8355 2215/2218/8356
f 2216/2223/8357 2342/2224/8358 910/2220/8359 1315/2222/8360
f 1372/2215/8361 2213/2214/8362 1312/2219/8363 1314/2225/8364
f 1314/2225/8365 1312/2219/8366 910/2220/8367 2342/2224/8368
f 430/2068/8369 463/2078/8370 2218/2226/8371 2217/2221/8372
f 463/2078/8373 2220/2077/8374 625/2227/8375 2218/2226/8376
f 2217/2221/8377 2218/2226/8378 1316/2228/8379 1315/2222/8380
f 2218/2226/8381 625/2227/8382 911/2229/8383 1316/2228/8384
f 522/2075/8385 626/2230/8386 2219/2231/8387 1317/2076/8388
f 626/2230/8389 2224/2232/8390 2222/2233/8391 2219/2231/8392
f 1317/2076/8393 2219/2231/8394 625/2227/8395 2220/2077/8396
f 2219/2231/8397 2222/2233/8398 911/2229/8399 625/2227/8400
f 2221/2234/8401 2344/2235/8402 2222/2233/8403 2224/2232/8404
f 2344/2235/8405 949/2236/8406 911/2229/8407 2222/2233/8408
f 2216/2223/8409 1315/2222/8410 1316/2228/8411 2223/2237/8412
f 2223/2237/8413 1316/2228/8414 911/2229/8415 949/2236/8416
f 522/2075/8417 2154/2084/8418 912/2238/8419 626/2230/8420
f 626/2230/8421 912/2238/8422 2225/2239/8423 2224/2232/8424
f 523/2082/8425 2229/2240/8426 913/2241/8427 2226/2083/8428
f 2229/2240/8429 2227/2242/8430 2228/2243/8431 913/2241/8432
f 2226/2083/8433 913/2241/8434 912/2238/8435 2154/2084/8436
f 913/2241/8437 2228/2243/8438 2225/2239/8439 912/2238/8440
f 1373/2244/8441 1374/2245/8442 2228/2243/8443 2227/2242/8444
f 1374/2245/8445 1318/2246/8446 2225/2239/8447 2228/2243/8448
f 2221/2234/8449 2224/2232/8450 2225/2239/8451 1318/2246/8452
f 523/2082/8453 893/2090/8454 627/2247/8455 2229/2240/8456
f 893/2090/8457 1319/2089/8458 2231/2248/8459 627/2247/8460
f 2229/2240/8461 627/2247/8462 2230/2249/8463 2227/2242/8464
f 627/2247/8465 2231/2248/8466 915/2250/8467 2230/2249/8468
f 431/2088/8469 914/2251/8470 2231/2248/8471 1319/2089/8472
f 914/2251/8473 628/2252/8474 915/2250/8475 2231/2248/8476
f 2232/2253/8477 2348/2254/8478 915/2250/8479 628/2252/8480
f 1373/2244/8481 2227/2242/8482 2230/2249/8483 2233/2255/8484
f 2233/2255/8485 2230/2249/8486 915/2250/8487 2348/2254/8488
f 431/2088/8489 2161/2098/8490 2234/2256/8491 914/2251/8492
f 2161/2098/8493 894/2097/8494 2236/2257/8495 2234/2256/8496
f 914/2251/8497 2234/2256/8498 1320/2258/8499 628/2252/8500
f 2234/2256/8501 2236/2257/8502 916/2259/8503 1320/2258/8504
f 432/2095/8505 917/2260/8506 629/2261/8507 2235/2096/8508
f 917/2260/8509 2238/2262/8510 630/2263/8511 629/2261/8512
f 2235/2096/8513 629/2261/8514 2236/2257/8515 894/2097/8516
f 629/2261/8517 630/2263/8518 916/2259/8519 2236/2257/8520
f 2237/2264/8521 654/2265/8522 630/2263/8523 2238/2262/8524
f 654/2265/8525 2349/2266/8526 916/2259/8527 630/2263/8528
f 2232/2253/8529 628/2252/8530 1320/2258/8531 1321/2267/8532
f 1321/2267/8533 1320/2258/8534 916/2259/8535 2349/2266/8536
f 432/2095/8537 2163/2104/8538 631/2268/8539 917/2260/8540
f 917/2260/8541 631/2268/8542 918/2269/8543 2238/2262/8544
f 524/2102/8545 632/2270/8546 2239/2271/8547 1322/2103/8548
f 632/2270/8549 2242/2272/8550 2241/2273/8551 2239/2271/8552
f 1322/2103/8553 2239/2271/8554 631/2268/8555 2163/2104/8556
f 2239/2271/8557 2241/2273/8558 918/2269/8559 631/2268/8560
f 2240/2274/8561 1376/2275/8562 2241/2273/8563 2242/2272/8564
f 1376/2275/8565 2351/2276/8566 918/2269/8567 2241/2273/8568
f 2237/2264/8569 2238/2262/8570 918/2269/8571 2351/2276/8572
f 524/2102/8573 2165/2108/8574 2243/2277/8575 632/2270/8576
f 632/2270/8577 2243/2277/8578 920/2278/8579 2242/2272/8580
f 525/2107/8581 2244/2279/8582 2243/2277/8583 2165/2108/8584
f 2244/2279/8585 919/2280/8586 920/2278/8587 2243/2277/8588
f 2352/2281/8589 1323/2282/8590 920/2278/8591 919/2280/8592
f 2240/2274/8593 2242/2272/8594 920/2278/8595 1323/2282/8596
f 525/2107/8597 896/2114/8598 2245/2283/8599 2244/2279/8600
f 896/2114/8601 1325/2113/8602 2246/2284/8603 2245/2283/8604
f 2244/2279/8605 2245/2283/8606 1324/2285/8607 919/2280/8608
f 2245/2283/8609 2246/2284/8610 921/2286/8611 1324/2285/8612
f 526/2112/8613 634/2287/8614 2246/2284/8615 1325/2113/8616
f 634/2287/8617 633/2288/8618 921/2286/8619 2246/2284/8620
f 2247/2289/8621 2353/2290/8622 921/2286/8623 633/2288/8624
f 2352/2281/8625 919/2280/8626 1324/2285/8627 2248/2291/8628
f 2248/2291/8629 1324/2285/8630 921/2286/8631 2353/2290/8632
f 526/2112/8633 2171/2120/8634 636/2292/8635 634/2287/8636
f 634/2287/8637 636/2292/8638 922/2293/8639 633/2288/8640
f 433/2118/8641 637/2294/8642 635/2295/8643 2249/2119/8644
f 637/2294/8645 2252/2296/8646 2250/2297/8647 635/2295/8648
f 2249/2119/8649 635/2295/8650 636/2292/8651 2171/2120/8652
f 635/2295/8653 2250/2297/8654 922/2293/8655 636/2292/8656
f 1377/2298/8657 1378/2299/8658 2250/2297/8659 2252/2296/8660
f 1378/2299/8661 1326/2300/8662 922/2293/8663 2250/2297/8664
f 2247/2289/8665 633/2288/8666 922/2293/8667 1326/2300/8668
f 433/2118/8669 2174/2126/8670 2251/2301/8671 637/2294/8672
f 2174/2126/8673 1328/2125/8674 2253/2302/8675 2251/2301/8676
f 637/2294/8677 2251/2301/8678 1327/2303/8679 2252/2296/8680
f 2251/2301/8681 2253/2302/8682 923/2304/8683 1327/2303/8684
f 434/2124/8685 638/2305/8686 2253/2302/8687 1328/2125/8688
f 638/2305/8689 2255/2306/8690 923/2304/8691 2253/2302/8692
f 2254/2307/8693 2354/2308/8694 923/2304/8695 2255/2306/8696
f 1377/2298/8697 2252/2296/8698 1327/2303/8699 1329/2309/8700
f 1329/2309/8701 1327/2303/8702 923/2304/8703 2354/2308/8704
f 434/2124/8705 2175/2132/8706 924/2310/8707 638/2305/8708
f 638/2305/8709 924/2310/8710 925/2311/8711 2255/2306/8712
f 527/2130/8713 640/2312/8714 2256/2313/8715 1330/2131/8716
f 640/2312/8717 639/2314/8718 2257/2315/8719 2256/2313/8720
f 1330/2131/8721 2256/2313/8722 924/2310/8723 2175/2132/8724
f 2256/2313/8725 2257/2315/8726 925/2311/8727 924/2310/8728
f 2356/2316/8729 1379/2317/8730 2257/2315/8731 639/2314/8732
f 1379/2317/8733 1331/2318/8734 925/2311/8735 2257/2315/8736
f 2254/2307/8737 2255/2306/8738 925/2311/8739 1331/2318/8740
f 527/2130/8741 2178/2138/8742 2258/2319/8743 640/2312/8744
f 2178/2138/8745 1333/2137/8746 2259/2320/8747 2258/2319/8748
f 640/2312/8749 2258/2319/8750 1332/2321/8751 639/2314/8752
f 2258/2319/8753 2259/2320/8754 926/2322/8755 1332/2321/8756
f 528/2136/8757 642/2323/8758 2259/2320/8759 1333/2137/8760
f 642/2323/8761 641/2324/8762 926/2322/8763 2259/2320/8764
f 2260/2325/8765 2357/2326/8766 926/2322/8767 641/2324/8768
f 2356/2316/8769 639/2314/8770 1332/2321/8771 1334/2327/8772
f 1334/2327/8773 1332/2321/8774 926/2322/8775 2357/2326/8776
f 528/2136/8777 2181/2144/8778 2261/2328/8779 642/2323/8780
f 2181/2144/8781 899/2143/8782 927/2329/8783 2261/2328/8784
f 642/2323/8785 2261/2328/8786 1335/2330/8787 641/2324/8788
f 2261/2328/8789 927/2329/8790 928/2331/8791 1335/2330/8792
f 2182/2025/8793 901/2146/8794 2262/2332/8795 1336/2142/8796
f 901/2146/8797 643/2149/8798 2263/2333/8799 2262/2332/8800
f 1336/2142/8801 2262/2332/8802 927/2329/8803 899/2143/8804
f 2262/2332/8805 2263/2333/8806 928/2331/8807 927/2329/8808
f 656/2158/8809 2360/2334/8810 2263/2333/8811 643/2149/8812
f 2360/2334/8813 2264/2335/8814 928/2331/8815 2263/2333/8816
f 2260/2325/8817 641/2324/8818 1335/2330/8819 1337/2336/8820
f 1337/2336/8821 1335/2330/8822 928/2331/8823 2264/2335/8824
f 2265/463/8825 950/466/8826 2266/2337/8827 1342/2338/8828
f 950/466/8829 1339/461/8830 2267/2339/8831 2266/2337/8832
f 1381/457/8833 652/2340/8834 930/2341/8835 1338/458/8836
f 1338/458/8837 930/2341/8838 2267/2339/8839 1339/461/8840
f 929/2342/8841 1340/2343/8842 2268/2344/8843 2269/2345/8844
f 1340/2343/8845 1342/2338/8846 2266/2337/8847 2268/2344/8848
f 2269/2345/8849 2268/2344/8850 930/2341/8851 652/2340/8852
f 2268/2344/8853 2266/2337/8854 2267/2339/8855 930/2341/8856
f 2270/476/8857 952/479/8858 931/2346/8859 2278/2347/8860
f 952/479/8861 953/474/8862 932/2348/8863 931/2346/8864
f 2265/463/8865 1342/2338/8866 1343/2349/8867 2271/472/8868
f 2271/472/8869 1343/2349/8870 932/2348/8871 953/474/8872
f 929/2342/8873 2276/2350/8874 1341/2351/8875 1340/2343/8876
f 2276/2350/8877 2278/2347/8878 931/2346/8879 1341/2351/8880
f 1340/2343/8881 1341/2351/8882 1343/2349/8883 1342/2338/8884
f 1341/2351/8885 931/2346/8886 932/2348/8887 1343/2349/8888
f 2273/488/8889 1390/491/8890 2274/2352/8891 2272/2353/8892
f 1390/491/8893 1391/486/8894 933/2354/8895 2274/2352/8896
f 2270/476/8897 2278/2347/8898 2279/2355/8899 2275/484/8900
f 2275/484/8901 2279/2355/8902 933/2354/8903 1391/486/8904
f 929/2342/8905 934/2356/8906 2277/2357/8907 2276/2350/8908
f 934/2356/8909 2272/2353/8910 2274/2352/8911 2277/2357/8912
f 2276/2350/8913 2277/2357/8914 2279/2355/8915 2278/2347/8916
f 2277/2357/8917 2274/2352/8918 933/2354/8919 2279/2355/8920
f 2280/500/8921 1396/503/8922 2281/2358/8923 644/2359/8924
f 1396/503/8925 1397/498/8926 935/2360/8927 2281/2358/8928
f 2273/488/8929 2272/2353/8930 2283/2361/8931 1344/496/8932
f 1344/496/8933 2283/2361/8934 935/2360/8935 1397/498/8936
f 929/2342/8937 2287/2362/8938 2282/2363/8939 934/2356/8940
f 2287/2362/8941 644/2359/8942 2281/2358/8943 2282/2363/8944
f 934/2356/8945 2282/2363/8946 2283/2361/8947 2272/2353/8948
f 2282/2363/8949 2281/2358/8950 935/2360/8951 2283/2361/8952
f 2284/510/8953 958/513/8954 2285/2364/8955 1346/2365/8956
f 958/513/8957 1345/508/8958 2286/2366/8959 2285/2364/8960
f 2280/500/8961 644/2359/8962 2286/2366/8963 1345/508/8964
f 929/2342/8965 1346/2365/8966 2285/2364/8967 2287/2362/8968
f 2287/2362/8969 2285/2364/8970 2286/2366/8971 644/2359/8972
f 2288/519/8973 960/517/8974 2289/2367/8975 645/2368/8976
f 2284/510/8977 1346/2365/8978 2289/2367/8979 960/517/8980
f 929/2342/8981 645/2368/8982 2289/2367/8983 1346/2365/8984
f 2290/525/8985 1347/528/8986 2291/2369/8987 2292/2370/8988
f 2288/519/8989 645/2368/8990 2291/2371/8991 1347/523/8992
f 929/2342/8993 2292/2372/8994 2291/2371/8995 645/2368/8996
f 2293/536/8997 962/534/8998 2294/2373/8999 2298/2374/9000
f 2290/525/9001 2292/2370/9002 1349/2375/9003 1348/532/9004
f 1348/532/9005 1349/2375/9006 2294/2373/9007 962/534/9008
f 929/2376/9009 1350/2377/9010 1349/2375/9011 2292/2370/9012
f 1350/2377/9013 2298/2374/9014 2294/2373/9015 1349/2375/9016
f 2295/545/9017 963/548/9018 2296/2378/9019 455/2379/9020
f 963/548/9021 1410/543/9022 936/2380/9023 2296/2378/9024
f 2293/536/9025 2298/2374/9026 2299/2381/9027 2297/541/9028
f 2297/541/9029 2299/2381/9030 936/2380/9031 1410/543/9032
f 929/2376/9033 937/2382/9034 1351/2383/9035 1350/2377/9036
f 937/2382/9037 455/2379/9038 2296/2378/9039 1351/2383/9040
f 1350/2377/9041 1351/2383/9042 2299/2381/9043 2298/2374/9044
f 1351/2383/9045 2296/2378/9046 936/2380/9047 2299/2381/9048
f 2300/555/9049 1414/558/9050 2301/2384/9051 1353/2385/9052
f 1414/558/9053 1352/553/9054 2302/2386/9055 2301/2384/9056
f 2295/545/9057 455/2379/9058 2302/2386/9059 1352/553/9060
f 929/2376/9061 1353/2385/9062 2301/2384/9063 937/2382/9064
f 937/2382/9065 2301/2384/9066 2302/2386/9067 455/2379/9068
f 2303/566/9069 967/564/9070 2304/2387/9071 646/2388/9072
f 2300/555/9073 1353/2385/9074 2306/2389/9075 2305/562/9076
f 2305/562/9077 2306/2389/9078 2304/2387/9079 967/564/9080
f 929/2376/9081 938/2390/9082 2306/2389/9083 1353/2385/9084
f 938/2390/9085 646/2388/9086 2304/2387/9087 2306/2389/9088
f 2307/575/9089 1420/578/9090 647/2391/9091 940/2392/9092
f 1420/578/9093 968/573/9094 939/2393/9095 647/2391/9096
f 2303/566/9097 646/2388/9098 1355/2394/9099 1354/571/9100
f 1354/571/9101 1355/2394/9102 939/2393/9103 968/573/9104
f 929/2376/9105 2312/2395/9106 2308/2396/9107 938/2390/9108
f 2312/2395/9109 940/2392/9110 647/2391/9111 2308/2396/9112
f 938/2390/9113 2308/2396/9114 1355/2394/9115 646/2388/9116
f 2308/2396/9117 647/2391/9118 939/2393/9119 1355/2394/9120
f 2309/585/9121 969/588/9122 2310/2397/9123 2315/2398/9124
f 969/588/9125 1423/583/9126 2311/2399/9127 2310/2397/9128
f 2307/575/9129 940/2392/9130 2311/2399/9131 1423/583/9132
f 929/2376/9133 2315/2398/9134 2310/2397/9135 2312/2395/9136
f 2312/2395/9137 2310/2397/9138 2311/2399/9139 940/2392/9140
f 2313/594/9141 1356/592/9142 2314/2400/9143 1357/2401/9144
f 2309/585/9145 2315/2398/9146 2314/2400/9147 1356/592/9148
f 929/2376/9149 1357/2401/9150 2314/2400/9151 2315/2398/9152
f 2316/602/9153 971/600/9154 941/2402/9155 648/2403/9156
f 2313/594/9157 1357/2401/9158 1358/2404/9159 2317/598/9160
f 2317/598/9161 1358/2404/9162 941/2402/9163 971/600/9164
f 929/2376/9165 649/2405/9166 1358/2404/9167 1357/2401/9168
f 649/2405/9169 648/2403/9170 941/2402/9171 1358/2404/9172
f 2318/609/9173 1431/612/9174 2319/2406/9175 2321/2407/9176
f 1431/612/9177 1359/607/9178 942/2408/9179 2319/2406/9180
f 2316/602/9181 648/2403/9182 942/2408/9183 1359/607/9184
f 929/2376/9185 2321/2407/9186 2319/2406/9187 649/2405/9188
f 649/2405/9189 2319/2406/9190 942/2408/9191 648/2403/9192
f 2320/620/9193 974/623/9194 943/2409/9195 650/2410/9196
f 2318/609/9197 2321/2407/9198 1361/2411/9199 1360/616/9200
f 1360/616/9201 1361/2411/9202 943/2412/9203 974/618/9204
f 929/2342/9205 2325/2413/9206 1361/2414/9207 2321/2415/9208
f 2325/2413/9209 650/2410/9210 943/2409/9211 1361/2414/9212
f 2322/630/9213 975/633/9214 2323/2416/9215 2327/2417/9216
f 975/633/9217 1362/628/9218 2324/2418/9219 2323/2416/9220
f 2320/620/9221 650/2410/9222 2324/2418/9223 1362/628/9224
f 929/2342/9225 2327/2417/9226 2323/2416/9227 2325/2413/9228
f 2325/2413/9229 2323/2416/9230 2324/2418/9231 650/2410/9232
f 2326/641/9233 977/639/9234 944/2419/9235 651/2420/9236
f 2322/630/9237 2327/2417/9238 1364/2421/9239 1363/637/9240
f 1363/637/9241 1364/2421/9242 944/2419/9243 977/639/9244
f 929/2342/9245 2331/2422/9246 1364/2421/9247 2327/2417/9248
f 2331/2422/9249 651/2420/9250 944/2419/9251 1364/2421/9252
f 1381/457/9253 978/651/9254 2328/2423/9255 652/2340/9256
f 978/651/9257 2330/648/9258 945/2424/9259 2328/2423/9260
f 2326/641/9261 651/2420/9262 2329/2425/9263 1365/646/9264
f 1365/646/9265 2329/2425/9266 945/2424/9267 2330/648/9268
f 929/2342/9269 2269/2345/9270 1366/2426/9271 2331/2422/9272
f 2269/2345/9273 652/2340/9274 2328/2423/9275 1366/2426/9276
f 2331/2422/9277 1366/2426/9278 2329/2425/9279 651/2420/9280
f 1366/2426/9281 2328/2423/9282 945/2424/9283 2329/2425/9284
f 2345/2427/9285 2359/2428/9286 1367/2429/9287 2332/2430/9288
f 2359/2428/9289 656/2158/9290 1298/2159/9291 1367/2429/9292
f 2332/2430/9293 1367/2429/9294 1368/2156/9295 2333/2155/9296
f 1367/2429/9297 1298/2159/9298 1299/2157/9299 1368/2156/9300
f 2345/2427/9301 2332/2430/9302 946/2431/9303 2335/2432/9304
f 2332/2430/9305 2333/2155/9306 2191/2171/9307 946/2431/9308
f 2335/2432/9309 946/2431/9310 947/2169/9311 2190/2168/9312
f 946/2431/9313 2191/2171/9314 2334/2170/9315 947/2169/9316
f 2345/2427/9317 2335/2432/9318 2338/2433/9319 2337/2434/9320
f 2335/2432/9321 2190/2168/9322 2199/2183/9323 2338/2433/9324
f 2337/2434/9325 2338/2433/9326 2339/2181/9327 2197/2180/9328
f 2338/2433/9329 2199/2183/9330 2336/2182/9331 2339/2181/9332
f 2345/2427/9333 2337/2434/9334 1370/2435/9335 1369/2436/9336
f 2337/2434/9337 2197/2180/9338 1306/2195/9339 1370/2435/9340
f 1369/2436/9341 1370/2435/9342 2340/2193/9343 2203/2192/9344
f 1370/2435/9345 1306/2195/9346 948/2194/9347 2340/2193/9348
f 2345/2427/9349 1369/2436/9350 1371/2203/9351 2207/2202/9352
f 1369/2436/9353 2203/2192/9354 1308/2204/9355 1371/2203/9356
f 2345/2427/9357 2207/2202/9358 2341/2210/9359 2211/2209/9360
f 2345/2427/9361 2211/2209/9362 1311/2216/9363 1372/2215/9364
f 2345/2427/9365 1372/2215/9366 1314/2225/9367 2343/2437/9368
f 2343/2437/9369 1314/2225/9370 2342/2224/9371 2216/2223/9372
f 2345/2427/9373 2343/2437/9374 2346/2438/9375 2347/2439/9376
f 2343/2437/9377 2216/2223/9378 2223/2237/9379 2346/2438/9380
f 2347/2439/9381 2346/2438/9382 2344/2235/9383 2221/2234/9384
f 2346/2438/9385 2223/2237/9386 949/2236/9387 2344/2235/9388
f 2345/2427/9389 2347/2439/9390 1374/2245/9391 1373/2244/9392
f 2347/2439/9393 2221/2234/9394 1318/2246/9395 1374/2245/9396
f 2345/2427/9397 1373/2244/9398 2233/2255/9399 653/2440/9400
f 653/2440/9401 2233/2255/9402 2348/2254/9403 2232/2253/9404
f 2345/2427/9405 653/2440/9406 2350/2441/9407 1375/2442/9408
f 653/2440/9409 2232/2253/9410 1321/2267/9411 2350/2441/9412
f 1375/2442/9413 2350/2441/9414 654/2265/9415 2237/2264/9416
f 2350/2441/9417 1321/2267/9418 2349/2266/9419 654/2265/9420
f 2345/2427/9421 1375/2442/9422 1376/2275/9423 2240/2274/9424
f 1375/2442/9425 2237/2264/9426 2351/2276/9427 1376/2275/9428
f 2345/2427/9429 2240/2274/9430 1323/2282/9431 2352/2281/9432
f 2345/2427/9433 2352/2281/9434 2248/2291/9435 655/2443/9436
f 655/2443/9437 2248/2291/9438 2353/2290/9439 2247/2289/9440
f 2345/2427/9441 655/2443/9442 1378/2299/9443 1377/2298/9444
f 655/2443/9445 2247/2289/9446 1326/2300/9447 1378/2299/9448
f 2345/2427/9449 1377/2298/9450 1329/2309/9451 2355/2444/9452
f 2355/2444/9453 1329/2309/9454 2354/2308/9455 2254/2307/9456
f 2345/2427/9457 2355/2444/9458 1379/2317/9459 2356/2316/9460
f 2355/2444/9461 2254/2307/9462 1331/2318/9463 1379/2317/9464
f 2345/2427/9465 2356/2316/9466 1334/2327/9467 2358/2445/9468
f 2358/2445/9469 1334/2327/9470 2357/2326/9471 2260/2325/9472
f 2345/2427/9473 2358/2445/9474 1380/2446/9475 2359/2428/9476
f 2358/2445/9477 2260/2325/9478 1337/2336/9479 1380/2446/9480
f 2359/2428/9481 1380/2446/9482 2360/2334/9483 656/2158/9484
f 1380/2446/9485 1337/2336/9486 2264/2335/9487 2360/2334/9488
