# This file uses centimeters as units for non-parametric coordinates.

mtllib DoughBaby.mtl
g default
v 5.996693 1.368084 2.251646
v 5.972002 1.477712 2.275043
v 6.218495 1.401576 2.064150
v 6.232134 1.495899 2.071036
v 6.261878 1.396985 1.916000
v 6.291851 1.474502 1.915101
v 6.183112 1.360622 1.670016
v 6.216492 1.448697 1.679691
v 6.029489 1.353303 1.544664
v 6.054740 1.445401 1.547163
v 5.816060 1.352659 1.469220
v 5.855307 1.446783 1.475751
v 6.011340 1.251695 2.223847
v 6.216208 1.289626 2.052913
v 6.251294 1.289578 1.913884
v 6.150555 1.252987 1.646528
v 6.034793 1.250941 1.532400
v 5.793692 1.239068 1.450061
v 6.002718 1.107073 2.209834
v 6.219469 1.161692 2.037172
v 6.246454 1.152289 1.879315
v 6.146535 1.106492 1.623384
v 6.052363 1.103088 1.483266
v 5.766715 1.076298 1.413375
v 5.894906 1.520376 1.481000
v 6.097268 1.516559 1.550673
v 5.935165 1.668139 2.271472
v 5.920019 1.806548 1.473771
v 6.154188 1.824542 1.470397
v 6.573721 1.780030 1.574014
v 6.499446 1.783881 1.545707
v 6.555956 1.673339 1.578221
v 6.484356 1.678225 1.556957
v 6.537476 1.541107 1.711865
v 6.469077 1.540462 1.707938
v 6.540663 1.521860 1.905110
v 6.491620 1.521355 1.903469
v 6.560217 1.902126 1.743427
v 6.477963 1.927559 1.737912
v 6.567144 1.883449 1.656580
v 6.496564 1.891177 1.610236
v 6.523875 1.811745 1.991304
v 6.451782 1.824135 2.010211
v 6.626444 1.874153 1.739745
v 6.627835 1.854659 1.667885
v 6.693086 1.837604 1.748563
v 6.675460 1.823627 1.673527
v 6.796199 1.749053 1.791687
v 6.756875 1.687116 1.675826
v 6.795595 1.600317 1.869547
v 6.743494 1.564462 1.766355
v 6.733665 1.557289 1.892694
v 6.711009 1.537832 1.820162
v 6.672627 1.534820 1.901268
v 6.673127 1.526826 1.825660
v 6.609272 1.523456 1.897027
v 6.617449 1.527985 1.768795
v 6.644051 1.828649 1.898105
v 6.589540 1.853341 1.897639
v 6.523715 1.872341 1.906687
v 6.445195 1.886228 1.922276
v 6.625082 1.765799 1.978624
v 6.579823 1.789067 1.984413
v 6.676675 1.744721 1.962965
v 6.681588 1.808469 1.896488
v 6.745969 1.799520 1.762025
v 6.724338 1.770610 1.670721
v 6.625948 1.662521 2.010074
v 6.588716 1.659384 2.023965
v 6.537988 1.659304 2.041189
v 6.467806 1.663612 2.063176
v 6.664010 1.698386 1.990202
v 6.615267 1.733553 2.001581
v 6.573842 1.753839 2.010300
v 6.521249 1.771128 2.023423
v 6.451204 1.783650 2.042500
v 6.638673 1.764649 1.602196
v 6.626553 1.661238 1.606872
v 6.608684 1.544882 1.718396
v 6.627100 1.855373 1.668403
v 6.692146 1.755580 1.633953
v 6.699858 1.663014 1.640332
v 6.689397 1.563766 1.720190
v 6.666129 1.535738 1.768404
v 6.415357 1.798116 1.521646
v 6.396275 1.680040 1.535524
v 6.375271 1.536774 1.705998
v 6.384093 1.520873 1.922263
v 6.351300 1.794743 2.064060
v 6.366919 1.946899 1.760017
v 6.403595 1.909929 1.585762
v 6.363753 1.662195 2.087436
v 6.347462 1.837515 2.029996
v 6.340719 1.899165 1.935273
v 6.308736 1.494460 1.926688
v 6.247463 1.506410 1.666727
v 6.137320 1.692363 1.483581
v 5.912942 1.704065 1.471225
v 6.154895 1.932143 1.549172
v 6.156429 1.981369 1.728509
v 6.144536 1.990035 1.783561
v 6.163278 1.948394 1.912618
v 6.172012 1.858081 2.048267
v 6.195046 1.807087 2.084916
v 6.227561 1.667474 2.117128
v 6.254491 1.541346 2.071540
v 5.957009 1.571315 2.279316
v 5.934465 1.924015 1.520340
v 5.935941 1.802519 2.232376
v 5.937238 1.857420 2.224752
v 6.172271 2.160889 1.813111
v 6.221700 2.351038 1.819841
v 6.210778 2.460998 1.836493
v 6.181227 2.550316 1.845878
v 6.080767 2.702653 1.849174
v 5.873924 2.838585 1.854606
v 5.759734 0.660566 2.015002
v 5.725454 0.657300 1.780273
v 5.833016 0.479726 1.972192
v 5.945200 0.483162 2.017419
v 6.112726 0.528929 1.941940
v 6.121998 0.525389 1.854191
v 5.977510 0.493605 1.747895
v 5.803468 0.499236 1.818062
v 5.844695 0.427568 1.937300
v 5.942349 0.419850 1.979867
v 6.059583 0.435279 1.923409
v 6.068055 0.437376 1.857595
v 5.955761 0.424221 1.783638
v 5.832104 0.436358 1.840054
v 5.860262 0.396901 1.913566
v 5.938589 0.377972 1.940613
v 6.024962 0.399918 1.922160
v 6.033901 0.397891 1.864735
v 5.859125 0.403231 1.844782
v 5.806718 0.558081 1.996450
v 5.937829 0.561167 2.051093
v 6.128916 0.586634 1.965409
v 6.144011 0.575541 1.853785
v 5.995492 0.563755 1.724871
v 5.773326 0.563822 1.811712
v 5.925474 0.657316 2.082305
v 6.138295 0.643853 1.990066
v 6.163542 0.634744 1.847706
v 6.018520 0.649374 1.704335
v 5.903973 0.645599 1.697186
v 5.882605 0.561786 1.730719
v 5.871510 0.500684 1.759216
v 5.867385 0.434707 1.801348
v 5.938640 0.370984 1.836566
v 6.046413 0.433392 1.822080
v 6.096845 0.515851 1.806874
v 6.119269 0.571953 1.797587
v 6.134775 0.634503 1.783882
v 6.232659 1.145743 1.802704
v 6.245152 1.283665 1.832932
v 6.258622 1.388915 1.844808
v 6.287401 1.465225 1.848796
v 6.299006 1.479261 1.848689
v 6.379070 1.514406 1.852577
v 6.488721 1.517640 1.814240
v 6.538430 1.515953 1.837213
v 6.614936 1.519167 1.817621
v 6.674107 1.526877 1.855433
v 6.720828 1.541243 1.848639
v 6.777655 1.573868 1.811758
v 6.795842 1.723460 1.730980
v 6.742772 1.788471 1.716094
v 6.687059 1.831589 1.706113
v 6.628571 1.866202 1.698430
v 6.564938 1.895569 1.692426
v 6.487031 1.921769 1.682934
v 6.391192 1.945438 1.688277
v 6.152757 1.974948 1.652840
v 5.938664 2.087120 2.310756
v 5.929152 2.164368 2.341643
v 5.942330 2.291936 2.326513
v 5.946128 2.423236 2.299183
v 5.943319 2.567364 2.242644
v 5.908681 2.703209 2.157178
v 5.890652 2.794737 2.046598
v 6.084686 2.073914 2.149430
v 6.103169 2.186018 2.184608
v 6.103191 2.307053 2.191509
v 6.101766 2.432008 2.157601
v 6.099244 2.534341 2.103219
v 6.096278 2.609462 2.049563
v 6.087957 2.679669 1.971817
v 6.156030 2.125106 1.989505
v 6.177014 2.205900 2.020752
v 6.198887 2.225332 1.815602
v 6.186578 2.307620 2.041898
v 6.179870 2.436159 2.030750
v 6.175281 2.542274 1.950735
v 6.206721 2.445850 1.951046
v 6.217938 2.325698 1.945748
v 6.197293 2.211106 1.931501
v 6.173310 2.146040 1.915712
v 6.154595 1.969666 1.872663
v 6.344728 1.922506 1.874161
v 6.448207 1.901550 1.884084
v 6.527366 1.884401 1.875928
v 6.594923 1.863304 1.870042
v 6.655140 1.834933 1.874002
v 6.691943 1.810384 1.881718
v 6.157271 2.530179 2.013810
v 5.928230 1.742812 2.252811
v 6.208560 1.753724 2.107811
v 6.350882 1.748211 2.084558
v 6.454212 1.738257 2.061641
v 6.524942 1.725627 2.040750
v 6.576137 1.715064 2.023671
v 6.613923 1.702602 2.011365
v 6.644934 1.673310 2.002215
v 6.699945 1.542987 1.898123
v 6.694744 1.532244 1.852499
v 6.689798 1.531047 1.823222
v 6.638777 1.530815 1.768460
v 6.637319 1.551387 1.715326
v 6.605821 1.582392 1.657504
v 6.544975 1.597380 1.625221
v 6.472711 1.595810 1.612819
v 6.383222 1.589676 1.605173
v 6.119270 1.600333 1.523551
v 5.924830 1.621044 1.479458
v 5.976460 2.124687 1.517156
v 6.006626 2.219001 1.483206
v 6.026400 2.370246 1.463263
v 5.982715 2.670565 1.569424
v 5.920854 2.780344 1.682790
v 6.017250 2.535508 1.494372
v 5.953336 1.997680 1.553557
v 6.124115 2.210147 1.627515
v 6.157677 2.371808 1.620488
v 6.143325 2.511709 1.642411
v 6.114993 2.608054 1.683340
v 6.059476 2.698318 1.730593
v 6.537281 1.519993 1.789314
v 6.481366 1.522676 1.775317
v 6.374183 1.515807 1.808598
v 6.288335 1.477609 1.796577
v 6.273261 1.459311 1.792037
v 6.244386 1.381783 1.781600
v 6.222854 1.269799 1.757785
v 6.202679 1.125369 1.730006
v 6.096023 0.650117 1.739750
v 6.072279 0.568720 1.753030
v 6.051243 0.500254 1.771754
v 6.020394 0.429813 1.801500
v 6.007211 0.381962 1.852385
v 6.002725 0.388610 1.930432
v 6.024125 0.430269 1.960367
v 6.055049 0.503919 1.991896
v 6.067776 0.575615 2.022438
v 6.076253 0.659084 2.051469
v 6.164730 1.143826 2.110417
v 6.163724 1.278667 2.124045
v 6.158510 1.389468 2.143794
v 6.142271 1.487709 2.168219
v 6.126160 1.568527 2.178679
v 6.094204 1.667667 2.182792
v 6.081336 1.746288 2.164288
v 6.086199 1.801882 2.136587
v 6.093077 1.848533 2.106857
v 6.041632 2.095643 2.206538
v 6.042867 2.167567 2.256828
v 6.033129 2.299141 2.263968
v 6.031954 2.430516 2.237102
v 6.029272 2.552259 2.177553
v 6.016349 2.657770 2.103435
v 6.004590 2.739192 2.013381
v 5.985671 2.779969 1.851873
v 6.010801 2.731385 1.707407
v 6.073624 2.623538 1.627223
v 6.098456 2.523025 1.576699
v 6.104618 2.372295 1.542372
v 6.077390 2.215279 1.557268
v 5.879749 2.827747 1.779448
v 5.983333 2.773603 1.786571
v 6.068796 2.705550 1.785086
v 6.151597 2.589424 1.761674
v 6.186076 2.490394 1.734011
v 6.198979 2.362398 1.715476
v 6.167015 2.211520 1.715505
v 6.050788 2.128762 1.588084
v 6.101872 2.133043 1.658863
v 6.143734 2.147856 1.733100
v 5.845020 0.436969 1.820428
v 5.834791 0.512787 1.774688
v 5.817526 0.560070 1.763238
v 5.810001 0.647796 1.721922
v 5.912309 1.091423 1.403072
v 5.909619 1.252403 1.469998
v 5.920369 1.354803 1.495786
v 5.946877 1.445736 1.501833
v 5.985097 1.519915 1.506100
v 6.013041 1.612566 1.495347
v 6.028534 1.698202 1.474915
v 6.035843 1.811678 1.466740
v 6.042075 1.932468 1.538866
v 6.047718 1.991648 1.603876
v 5.740335 0.847958 1.527070
v 5.864571 0.826878 1.516823
v 6.000940 0.843454 1.550345
v 6.105938 0.877145 1.641804
v 6.168950 0.910277 1.726818
v 6.203737 0.929377 1.787500
v 6.224092 0.934095 1.858130
v 6.190462 0.945272 2.020821
v 6.129584 0.936883 2.082331
v 5.954618 0.896823 2.155573
v 5.882194 2.834047 1.922136
v 5.992163 2.774854 1.915897
v 6.078505 2.704113 1.903668
v 6.187652 2.533833 1.886879
v 6.212895 2.454065 1.884482
v 6.224806 2.341472 1.875514
v 6.201409 2.217971 1.864237
v 6.175852 2.154780 1.859929
v 6.145112 1.988801 1.820788
v 6.358949 1.938862 1.810400
v 6.463339 1.921577 1.806292
v 6.547253 1.899853 1.801911
v 6.615986 1.875761 1.792825
v 6.679545 1.842522 1.807070
v 6.723661 1.812653 1.819542
v 6.750866 1.788372 1.833146
v 6.749881 1.698549 1.935636
v 6.714291 1.640745 1.968284
v 6.684191 1.603347 1.972817
v 6.657662 1.586100 1.975347
v 6.605568 1.571818 1.983900
v 6.550110 1.561244 1.988833
v 6.487145 1.560458 2.001972
v 6.391412 1.556928 2.017925
v 6.361982 1.944588 1.780098
v 6.471524 1.926566 1.767249
v 6.555826 1.902093 1.768488
v 6.622432 1.875910 1.764661
v 6.687933 1.841426 1.775373
v 6.738117 1.806527 1.789710
v 6.775680 1.768345 1.823364
v 6.788279 1.652228 1.910004
v 6.734562 1.582571 1.927598
v 6.698832 1.558624 1.928936
v 6.670825 1.548576 1.931945
v 6.609642 1.535635 1.934171
v 6.546523 1.531585 1.938992
v 6.492355 1.530664 1.942662
v 6.388628 1.530244 1.960417
v 5.730768 0.761131 1.647078
v 5.828940 0.751905 1.630625
v 5.945620 0.748068 1.639115
v 6.055135 0.758827 1.676628
v 6.130506 0.767137 1.731666
v 6.168375 0.761818 1.779941
v 6.199127 0.773270 1.851318
v 6.168877 0.778679 2.008710
v 6.098809 0.783262 2.073069
v 5.929078 0.771379 2.115925
v 5.638260 0.703883 1.784426
v 5.663682 0.713103 1.992814
v 5.717085 0.758758 2.079693
v 5.728129 0.874920 2.168439
v 5.742293 1.069202 2.249398
v 5.747703 1.224361 2.290122
v 5.725334 1.351100 2.319254
v 5.720023 1.471291 2.334893
v 5.725107 1.561906 2.336911
v 5.714591 1.657184 2.329923
v 5.710018 1.725479 2.316898
v 5.711513 1.781147 2.303812
v 5.718707 1.848687 2.302592
v 5.735851 2.084300 2.393715
v 5.734939 2.162536 2.415697
v 5.728545 2.299660 2.412043
v 5.732432 2.437176 2.392591
v 5.739006 2.610356 2.326200
v 5.741981 2.745167 2.202990
v 5.745225 2.841967 2.078795
v 5.741927 2.876961 1.947476
v 5.741197 2.880856 1.871516
v 5.741741 2.872598 1.780379
v 5.741924 2.844108 1.672393
v 5.774454 2.743815 1.511991
v 5.795948 2.594827 1.395882
v 5.795812 2.406977 1.340866
v 5.773983 2.235472 1.354668
v 5.746668 2.118424 1.403214
v 5.731240 1.977372 1.472788
v 5.729690 1.905410 1.484341
v 5.722214 1.810705 1.470277
v 5.708554 1.716544 1.457219
v 5.686121 1.638489 1.449387
v 5.681039 1.522825 1.447060
v 5.677455 1.432765 1.450739
v 5.672581 1.331027 1.456457
v 5.666371 1.213046 1.456807
v 5.656010 1.066839 1.461209
v 5.637016 0.878970 1.551443
v 5.635724 0.778287 1.658648
v 5.580153 2.767471 1.498501
v 5.567876 2.617526 1.370144
v 5.559444 2.427534 1.309597
v 5.550145 2.235174 1.326713
v 5.543143 2.126906 1.370669
v 5.549407 1.970914 1.460255
v 5.546904 1.900242 1.474369
v 5.539130 1.813833 1.466874
v 5.537410 1.726799 1.454881
v 5.537766 1.634556 1.449432
v 5.533430 1.530830 1.444394
v 5.530624 1.434162 1.449113
v 5.526182 1.327294 1.459345
v 5.524983 1.204990 1.470406
v 5.539547 2.083650 1.395131
v 5.720764 2.078985 1.419413
v 5.976511 2.069647 1.528682
v 6.052730 2.044787 1.596014
v 6.103325 2.046889 1.669397
v 6.135637 2.046038 1.736237
v 6.160211 2.049080 1.800253
v 6.163677 2.045609 1.843216
v 6.164284 2.045901 1.896859
v 6.153046 2.043084 1.958373
v 6.104582 2.031303 2.087993
v 6.064092 2.029637 2.154261
v 5.963469 2.034160 2.267779
v 5.733831 2.043576 2.375081
v 6.695514 1.593571 1.684037
v 6.758712 1.604148 1.721931
v 6.807905 1.624278 1.767647
v 6.823647 1.659516 1.847100
v 6.795428 1.699910 1.886740
v 6.757329 1.736891 1.905648
v 6.680244 1.769802 1.941733
v 6.633796 1.791268 1.952887
v 6.585064 1.815493 1.956332
v 6.525119 1.836634 1.963570
v 6.450595 1.849860 1.981454
v 6.345698 1.863120 1.998524
v 6.171446 1.895980 2.000372
v 6.125956 2.037408 2.042182
v 6.114130 2.090751 2.093745
v 6.133751 2.192481 2.127609
v 6.136631 2.307519 2.140033
v 6.131164 2.433916 2.113113
v 6.121356 2.533462 2.072104
v 6.289411 1.508835 2.002757
v 6.271156 1.479877 1.995277
v 6.248953 1.398038 1.990628
v 6.242183 1.289663 1.984305
v 6.243507 1.156336 1.957822
v 6.223077 0.940006 1.939607
v 6.200487 0.774328 1.931236
v 6.167311 0.643999 1.921143
v 6.146055 0.578842 1.908724
v 6.124186 0.526301 1.898151
v 6.067089 0.432740 1.891159
v 6.030347 0.394799 1.894981
v 6.004427 0.375262 1.893124
v 5.934972 0.356767 1.890527
v 5.854431 0.395387 1.878983
v 5.828051 0.426198 1.886386
v 5.793265 0.483186 1.893403
v 5.760067 0.556311 1.902161
v 5.717590 0.637631 1.901058
v 5.652078 0.688658 1.897753
v 6.343479 1.512156 1.923706
v 6.335231 1.503436 1.850650
v 6.326634 1.503360 1.803451
v 6.317631 1.527922 1.698300
v 6.264379 1.578031 1.588733
v 6.271055 1.681773 1.508168
v 6.284161 1.807823 1.488769
v 6.281061 1.925243 1.562347
v 6.266943 1.960390 1.667513
v 6.257667 1.960542 1.745108
v 6.248961 1.956963 1.779851
v 6.247135 1.951393 1.810478
v 6.245068 1.935865 1.869422
v 6.248135 1.916781 1.920397
v 6.255542 1.877045 1.996912
v 6.256873 1.846588 2.038028
v 6.270845 1.801133 2.074849
v 6.277566 1.750967 2.096266
v 6.293402 1.665056 2.101623
v 6.318560 1.554150 2.041003
v 6.335697 1.525025 1.980110
v 5.516515 0.730027 2.003020
v 5.526452 1.071642 1.490004
v 5.518689 0.903911 1.557931
v 5.518396 0.784780 1.665920
v 5.516133 0.713337 1.794020
v 5.510992 0.788954 2.092331
v 5.513119 0.884956 2.168299
v 5.524956 1.048432 2.249297
v 5.535589 1.218160 2.301864
v 5.543447 1.338131 2.326229
v 5.547740 1.467021 2.342970
v 5.548482 1.560998 2.347049
v 5.552169 1.650236 2.341917
v 5.559627 1.720203 2.327984
v 5.561705 1.782344 2.313118
v 5.563329 1.853829 2.314560
v 5.572632 2.078592 2.398511
v 5.577929 2.156970 2.428775
v 5.584831 2.297955 2.429477
v 5.587265 2.441640 2.408484
v 5.594731 2.614598 2.351713
v 5.593018 2.761637 2.215207
v 5.595426 2.862591 2.091059
v 5.596489 2.893541 1.968003
v 5.598627 2.899477 1.885169
v 5.595427 2.892301 1.784593
v 5.588275 2.863722 1.671188
v 5.569409 2.046279 2.378912
v 5.516391 0.703892 1.900381
v 5.162704 1.394149 2.255664
v 5.181392 1.526275 2.275564
v 4.944827 1.450775 2.063850
v 4.929631 1.579254 2.067611
v 4.904498 1.480728 1.930962
v 4.829427 1.582585 1.939488
v 4.950718 1.415188 1.712299
v 4.915147 1.537183 1.730875
v 5.046302 1.391850 1.602474
v 5.024207 1.507592 1.611326
v 5.248188 1.376365 1.496856
v 5.221814 1.473539 1.504530
v 5.131346 1.278794 2.221497
v 4.943505 1.332552 2.051299
v 4.909719 1.341034 1.930161
v 4.961112 1.295986 1.694102
v 5.051021 1.279230 1.584259
v 5.262858 1.261205 1.479624
v 5.096763 1.145769 2.192713
v 4.933829 1.196278 2.034254
v 4.908450 1.199667 1.909026
v 4.958984 1.155555 1.680580
v 5.042923 1.133543 1.549802
v 5.288815 1.109137 1.446649
v 5.215908 1.554216 1.504604
v 5.009997 1.576715 1.603945
v 5.198398 1.686456 2.266691
v 5.184280 1.825406 1.510887
v 4.950011 1.847253 1.513985
v 4.538269 1.838761 1.657421
v 4.621416 1.843260 1.616308
v 4.536687 1.750794 1.635934
v 4.618748 1.749618 1.605801
v 4.536807 1.603649 1.745583
v 4.612931 1.601113 1.732245
v 4.546957 1.576531 1.949074
v 4.603111 1.575314 1.945689
v 4.581860 1.916330 1.780773
v 4.660820 1.942095 1.775558
v 4.558870 1.884865 1.696363
v 4.631576 1.908655 1.676514
v 4.605588 1.861531 2.018572
v 4.676852 1.880075 2.041937
v 4.517108 1.890655 1.788114
v 4.502411 1.864231 1.718319
v 4.458491 1.861690 1.800908
v 4.455932 1.842474 1.739083
v 4.378142 1.802595 1.842912
v 4.379004 1.767427 1.761430
v 4.345847 1.701631 1.907872
v 4.358337 1.664937 1.823806
v 4.368559 1.658299 1.934586
v 4.377255 1.627405 1.869490
v 4.420774 1.611814 1.948880
v 4.414389 1.613522 1.873405
v 4.476306 1.585783 1.943413
v 4.467544 1.610501 1.814239
v 4.495552 1.857878 1.928834
v 4.547591 1.878605 1.934446
v 4.611274 1.900415 1.942705
v 4.687018 1.924109 1.953727
v 4.501405 1.819522 1.999135
v 4.548817 1.839850 2.007607
v 4.452089 1.797532 1.984276
v 4.458540 1.841810 1.920709
v 4.410085 1.830825 1.818845
v 4.420866 1.818832 1.750934
v 4.482810 1.733417 2.042456
v 4.518787 1.729353 2.061644
v 4.570479 1.726057 2.083512
v 4.639154 1.726676 2.106530
v 4.453574 1.765676 2.010873
v 4.502058 1.790904 2.025542
v 4.548360 1.814481 2.034760
v 4.602181 1.830697 2.051742
v 4.669728 1.846454 2.075236
v 4.483298 1.825095 1.687707
v 4.467521 1.748124 1.672461
v 4.472323 1.616839 1.755452
v 4.441573 1.817307 1.720982
v 4.414937 1.757585 1.714143
v 4.398870 1.651039 1.774173
v 4.411145 1.617434 1.814218
v 4.711338 1.849386 1.583453
v 4.706106 1.745681 1.582357
v 4.704214 1.598843 1.735035
v 4.703346 1.583730 1.956603
v 4.754226 1.860861 2.104248
v 4.757174 1.968633 1.780582
v 4.726635 1.930797 1.648969
v 4.729556 1.716183 2.126116
v 4.762973 1.901869 2.067116
v 4.777453 1.950545 1.963367
v 4.782845 1.587889 1.951385
v 4.850956 1.596065 1.713238
v 4.959285 1.742853 1.532499
v 5.174807 1.731704 1.511471
v 4.961498 1.958429 1.581385
v 4.977703 2.000192 1.748485
v 4.974545 2.000700 1.799090
v 4.946336 1.979069 1.962730
v 4.966570 1.928565 2.097189
v 4.935251 1.879712 2.137757
v 4.922756 1.707369 2.145292
v 4.893205 1.632808 2.092673
v 5.187430 1.604253 2.275171
v 5.218302 1.905793 1.533851
v 5.215000 1.814680 2.235045
v 5.225027 1.877512 2.223968
v 4.977598 2.207538 1.827742
v 4.938162 2.398466 1.838032
v 4.951298 2.509517 1.853539
v 4.987251 2.601761 1.867505
v 5.087208 2.733095 1.867119
v 5.315884 2.861631 1.870645
v 5.282162 0.640280 2.078804
v 5.313949 0.655511 1.745447
v 5.180157 0.470499 2.024233
v 5.058894 0.527215 2.026246
v 4.976932 0.587772 1.955065
v 4.957939 0.633657 1.905180
v 5.038795 0.545156 1.789594
v 5.227136 0.481052 1.794182
v 5.153534 0.411203 1.988758
v 5.060585 0.464888 1.988826
v 4.998816 0.519222 1.939376
v 4.993816 0.521304 1.888629
v 5.052921 0.477233 1.814621
v 5.180164 0.429883 1.807382
v 5.127580 0.384193 1.960199
v 5.067146 0.420046 1.953214
v 5.022649 0.467457 1.931468
v 5.013954 0.477848 1.887524
v 5.123905 0.414221 1.817831
v 5.222592 0.543777 2.051744
v 5.066569 0.599515 2.062932
v 4.960517 0.658095 1.967202
v 4.950346 0.669809 1.896269
v 5.024424 0.620137 1.773218
v 5.267431 0.556276 1.778025
v 5.079744 0.689906 2.099570
v 4.951066 0.738415 1.988418
v 4.938349 0.740924 1.892934
v 5.017815 0.710060 1.749748
v 5.110700 0.685639 1.708196
v 5.115392 0.591594 1.738939
v 5.106552 0.520941 1.764538
v 5.115208 0.458212 1.791728
v 5.058014 0.432228 1.848089
v 5.002557 0.511967 1.865675
v 4.974536 0.594907 1.862245
v 4.954394 0.673187 1.867207
v 4.947457 0.736196 1.851333
v 4.910304 1.195277 1.848830
v 4.908239 1.333977 1.867090
v 4.903561 1.467138 1.873712
v 4.823988 1.577482 1.879353
v 4.785911 1.581082 1.882328
v 4.702595 1.576350 1.886340
v 4.599639 1.570551 1.856418
v 4.546015 1.570496 1.878138
v 4.471430 1.601438 1.862929
v 4.411864 1.604742 1.902586
v 4.368983 1.639339 1.895218
v 4.344443 1.679622 1.864737
v 4.367763 1.784330 1.805317
v 4.411320 1.825763 1.785462
v 4.458149 1.855986 1.769353
v 4.511574 1.882752 1.753875
v 4.574345 1.908060 1.741145
v 4.652208 1.933891 1.729216
v 4.744098 1.959636 1.720185
v 4.977725 2.006612 1.669270
v 5.222300 2.112170 2.300078
v 5.218224 2.179349 2.332777
v 5.231681 2.319115 2.342453
v 5.249154 2.461910 2.325245
v 5.264110 2.608757 2.267286
v 5.272988 2.730227 2.164351
v 5.300029 2.818381 2.057747
v 5.078160 2.138530 2.152521
v 5.070175 2.232505 2.192856
v 5.067960 2.346319 2.206738
v 5.074152 2.467226 2.187002
v 5.084390 2.570162 2.141424
v 5.082119 2.637748 2.084365
v 5.075392 2.693783 2.010068
v 5.006683 2.176960 2.014842
v 4.989741 2.258851 2.040998
v 4.952768 2.284577 1.833902
v 4.981622 2.358031 2.060442
v 4.988731 2.479237 2.056584
v 4.996498 2.591028 1.981433
v 4.959491 2.489620 1.982980
v 4.948466 2.374182 1.976068
v 4.962559 2.268231 1.958786
v 4.983867 2.195103 1.944501
v 4.954856 1.989609 1.903775
v 4.775682 1.962674 1.903601
v 4.684499 1.936665 1.901315
v 4.607646 1.912306 1.897326
v 4.542092 1.888687 1.896296
v 4.487722 1.864140 1.900460
v 4.452579 1.843432 1.907669
v 5.019188 2.572894 2.049835
v 5.204492 1.761680 2.248073
v 4.933095 1.792037 2.158191
v 4.744517 1.804390 2.129084
v 4.658834 1.800113 2.100435
v 4.590651 1.790214 2.074843
v 4.539332 1.780685 2.054029
v 4.497793 1.765841 2.038544
v 4.466327 1.744505 2.029320
v 4.393135 1.632761 1.945050
v 4.391733 1.618487 1.902270
v 4.397986 1.619013 1.871665
v 4.434007 1.606159 1.811441
v 4.447062 1.635234 1.762171
v 4.466166 1.662353 1.706399
v 4.536558 1.669023 1.667485
v 4.611313 1.663795 1.648225
v 4.703266 1.653879 1.640323
v 4.976593 1.661653 1.576255
v 5.194749 1.647042 1.511179
v 5.180576 2.156350 1.483702
v 5.160113 2.269160 1.452003
v 5.137599 2.417565 1.456656
v 5.198327 2.712664 1.580973
v 5.258749 2.807671 1.694752
v 5.142592 2.574998 1.505255
v 5.225269 1.974641 1.548007
v 5.000211 2.277043 1.656694
v 4.985333 2.412072 1.651144
v 5.008055 2.550224 1.669683
v 5.047220 2.649034 1.705910
v 5.109111 2.732466 1.749274
v 4.547658 1.596357 1.831369
v 4.602957 1.594774 1.815023
v 4.703896 1.577966 1.833413
v 4.795363 1.581473 1.828922
v 4.833755 1.576065 1.824753
v 4.912212 1.443641 1.812415
v 4.916907 1.319956 1.803524
v 4.919412 1.190939 1.795030
v 4.969370 0.723379 1.804714
v 4.980119 0.640700 1.818837
v 4.996685 0.569668 1.827312
v 5.017582 0.498397 1.844420
v 5.028670 0.456094 1.875610
v 5.033706 0.453059 1.938048
v 5.017753 0.498375 1.962502
v 4.999078 0.570060 1.989665
v 4.988495 0.641434 2.013934
v 4.985839 0.723952 2.043141
v 4.972604 1.184332 2.103024
v 4.998189 1.314176 2.130824
v 5.024221 1.424674 2.167632
v 5.034865 1.553335 2.179147
v 5.039553 1.621212 2.178101
v 5.055061 1.696542 2.181386
v 5.059394 1.765165 2.174368
v 5.047469 1.837034 2.157533
v 5.075962 1.888663 2.138842
v 5.136126 2.107325 2.223780
v 5.127955 2.209764 2.260555
v 5.135113 2.333696 2.276264
v 5.143423 2.465391 2.258973
v 5.156200 2.590808 2.204587
v 5.166506 2.688308 2.125745
v 5.178369 2.767648 2.034726
v 5.191470 2.807946 1.869127
v 5.159458 2.761758 1.721671
v 5.093271 2.667518 1.647554
v 5.055072 2.560321 1.594735
v 5.036938 2.413592 1.562541
v 5.048046 2.268786 1.572329
v 5.305984 2.851654 1.793622
v 5.189116 2.799893 1.798825
v 5.097162 2.735180 1.801311
v 5.014601 2.634476 1.784108
v 4.971097 2.534160 1.759964
v 4.952868 2.407466 1.744748
v 4.969992 2.276476 1.746268
v 5.074499 2.175566 1.592845
v 5.024635 2.191455 1.674454
v 4.994399 2.199747 1.754592
v 5.156429 0.448837 1.792488
v 5.168442 0.507117 1.764856
v 5.189856 0.578363 1.740129
v 5.203721 0.672235 1.704107
v 5.158989 1.118783 1.466566
v 5.157496 1.269021 1.513309
v 5.151143 1.380760 1.535262
v 5.140871 1.485503 1.538660
v 5.107560 1.567127 1.549488
v 5.082537 1.657815 1.543311
v 5.059269 1.738958 1.521941
v 5.051907 1.835170 1.503696
v 5.080041 1.935767 1.548431
v 5.082110 2.005550 1.581470
v 5.307295 0.877928 1.518825
v 5.173654 0.880079 1.527458
v 5.055860 0.906606 1.592980
v 4.973051 0.946681 1.694800
v 4.939561 0.968585 1.776661
v 4.922762 0.985213 1.839356
v 4.914989 1.010330 1.895113
v 4.932043 0.995713 2.015848
v 4.973910 0.990063 2.086757
v 5.075963 0.959841 2.158054
v 5.311790 2.856294 1.950894
v 5.185895 2.801346 1.942805
v 5.080738 2.723163 1.931899
v 4.983576 2.590102 1.916620
v 4.949968 2.499001 1.913029
v 4.937555 2.388135 1.904337
v 4.953505 2.274116 1.891710
v 4.975980 2.204038 1.884960
v 4.967256 1.998564 1.847251
v 4.768717 1.968482 1.846868
v 4.672772 1.942415 1.844383
v 4.597204 1.917877 1.849669
v 4.530963 1.893441 1.852394
v 4.472038 1.866813 1.855521
v 4.427447 1.840867 1.859849
v 4.408290 1.823194 1.879403
v 4.398990 1.765102 1.963122
v 4.408268 1.726236 1.994495
v 4.425017 1.696300 2.011830
v 4.451294 1.677776 2.026662
v 4.495046 1.658286 2.042830
v 4.551414 1.639108 2.052057
v 4.620818 1.630654 2.060461
v 4.705932 1.627558 2.064931
v 4.764044 1.969883 1.810349
v 4.665562 1.943294 1.807388
v 4.586633 1.917918 1.810662
v 4.522588 1.893391 1.817555
v 4.464563 1.865618 1.826710
v 4.418982 1.837388 1.839578
v 4.389872 1.811369 1.865060
v 4.363615 1.732062 1.938088
v 4.378444 1.682928 1.965967
v 4.400894 1.654653 1.978016
v 4.428415 1.633880 1.987458
v 4.480509 1.608312 1.996561
v 4.543578 1.591661 1.993102
v 4.605507 1.588585 1.993637
v 4.697336 1.595253 2.002647
v 5.310816 0.770703 1.635680
v 5.195975 0.775055 1.627776
v 5.092362 0.789609 1.655841
v 4.999349 0.820092 1.723642
v 4.956236 0.839431 1.787533
v 4.934826 0.852327 1.841953
v 4.924551 0.864350 1.894146
v 4.940654 0.857450 2.004456
v 4.981461 0.845372 2.066945
v 5.083551 0.817156 2.130765
v 5.431926 0.696408 1.784361
v 5.387647 0.688232 2.037638
v 5.307951 0.757147 2.136608
v 5.291348 0.905100 2.196757
v 5.298949 1.090261 2.239795
v 5.324200 1.242754 2.280438
v 5.344626 1.364452 2.308596
v 5.360499 1.495087 2.327930
v 5.367836 1.578168 2.331532
v 5.382714 1.667224 2.326191
v 5.395046 1.742346 2.320470
v 5.393383 1.794418 2.307691
v 5.391085 1.862452 2.291895
v 5.392278 2.085828 2.381279
v 5.397739 2.164280 2.412692
v 5.409448 2.307944 2.413787
v 5.419747 2.459047 2.393398
v 5.440807 2.626415 2.329455
v 5.437387 2.758269 2.204253
v 5.448153 2.853129 2.084733
v 5.474609 2.890842 1.956849
v 5.474868 2.895504 1.878136
v 5.451598 2.885117 1.785091
v 5.424545 2.849490 1.667050
v 5.384862 2.757157 1.519936
v 5.345226 2.611236 1.406559
v 5.330832 2.428443 1.350663
v 5.336601 2.256343 1.360641
v 5.348450 2.137494 1.401020
v 5.372887 1.967620 1.486110
v 5.377059 1.899826 1.498342
v 5.367183 1.815301 1.490808
v 5.362965 1.725039 1.477508
v 5.367307 1.643004 1.467604
v 5.383877 1.539071 1.460555
v 5.401265 1.448204 1.460862
v 5.415633 1.346130 1.460344
v 5.423773 1.225093 1.466564
v 5.430579 1.084674 1.474813
v 5.433337 0.895324 1.544872
v 5.428631 0.781029 1.655298
v 5.347061 2.088294 1.419888
v 5.176748 2.101056 1.500564
v 5.076073 2.116144 1.598822
v 5.023858 2.113362 1.680110
v 4.993440 2.111649 1.752617
v 4.977127 2.090855 1.818360
v 4.973001 2.094930 1.873267
v 4.978918 2.091428 1.927802
v 5.000676 2.087367 1.990482
v 5.067272 2.078338 2.113374
v 5.123031 2.073059 2.192539
v 5.219517 2.066281 2.278950
v 5.396651 2.056394 2.362376
v 4.401356 1.686739 1.740261
v 4.358131 1.703305 1.789932
v 4.340801 1.720436 1.835928
v 4.345689 1.742735 1.882210
v 4.367974 1.769890 1.908987
v 4.399926 1.794669 1.929099
v 4.452074 1.819988 1.955096
v 4.498794 1.838041 1.971805
v 4.548842 1.859685 1.977174
v 4.608265 1.880957 1.987358
v 4.683254 1.903595 2.004955
v 4.770821 1.928616 2.023892
v 4.949518 1.961660 2.029761
v 5.033423 2.079280 2.053214
v 5.041457 2.155025 2.088455
v 5.032675 2.244533 2.129816
v 5.031321 2.350717 2.150833
v 5.034846 2.473673 2.129781
v 5.044291 2.543416 2.106987
v 4.813300 1.603599 2.016694
v 4.859169 1.590816 2.001432
v 4.916885 1.466933 1.992724
v 4.920594 1.338581 1.989647
v 4.915863 1.199549 1.971674
v 4.916773 1.011593 1.951450
v 4.925727 0.862207 1.948216
v 4.938129 0.742157 1.939646
v 4.951475 0.664460 1.927825
v 4.966796 0.602015 1.923730
v 4.992044 0.524767 1.913871
v 5.017392 0.470581 1.911209
v 5.033004 0.443939 1.909241
v 5.058919 0.408079 1.900508
v 5.125552 0.366150 1.877462
v 5.212560 0.383669 1.884578
v 5.272069 0.447695 1.901334
v 5.317084 0.523525 1.905119
v 5.363645 0.604714 1.903185
v 5.420667 0.666917 1.905455
v 4.745439 1.586819 1.954603
v 4.748330 1.580084 1.886310
v 4.755656 1.581602 1.829890
v 4.777854 1.600836 1.729929
v 4.830333 1.647374 1.631325
v 4.827046 1.741237 1.556405
v 4.825258 1.852958 1.545529
v 4.838690 1.953489 1.620873
v 4.858263 1.983133 1.697904
v 4.863903 1.990415 1.764874
v 4.870445 1.990968 1.808487
v 4.871841 1.988819 1.846052
v 4.869724 1.982374 1.901393
v 4.866536 1.971930 1.958766
v 4.858869 1.950992 2.030174
v 4.853667 1.920913 2.085861
v 4.837389 1.869926 2.127676
v 4.830760 1.798598 2.148546
v 4.815372 1.711632 2.136213
v 4.788197 1.634357 2.076536
v 4.758646 1.601404 2.010127
v 6.145452 2.021325 1.794842
v 6.151192 2.017742 1.833904
v 6.153330 2.017967 1.885950
v 6.150056 2.011177 1.935174
v 6.136533 2.004978 2.018097
v 6.125656 2.002038 2.059799
v 6.078069 2.004262 2.129758
v 5.948902 2.006318 2.251199
v 5.727929 2.015322 2.344111
v 5.569370 2.017845 2.352720
v 5.386723 2.024678 2.326623
v 5.222624 2.034101 2.249071
v 5.108819 2.041476 2.152738
v 5.036733 2.040233 2.083323
v 5.010520 2.044487 2.024423
v 4.994230 2.058124 1.969234
v 4.975856 2.062092 1.915769
v 4.980574 2.061978 1.864540
v 5.004529 2.059708 1.814328
v 5.018830 2.064201 1.756533
v 5.049670 2.051126 1.686137
v 5.105268 2.047309 1.575273
v 5.183290 2.045065 1.517437
v 5.358205 2.038585 1.446804
v 5.545382 2.031256 1.418477
v 5.714322 2.028504 1.436643
v 5.965997 2.019466 1.536529
v 6.047714 2.020335 1.602224
v 6.104220 2.018577 1.672633
v 6.130054 2.017977 1.738505
v 6.051904 0.970287 1.487646
v 5.901708 0.938525 1.420147
v 5.750125 0.953536 1.438797
v 5.645538 0.979784 1.486874
v 5.522466 0.996840 1.511919
v 5.431051 0.999796 1.491960
v 5.297866 1.005788 1.451261
v 5.155787 1.009780 1.466636
v 5.034000 1.031773 1.555309
v 4.956952 1.067258 1.684096
v 4.925021 1.099431 1.785659
v 4.913885 1.104178 1.843062
v 4.909151 1.112745 1.901965
v 4.914406 1.114172 1.964794
v 4.925921 1.110223 2.016210
v 4.961020 1.108624 2.089006
v 5.072661 1.081239 2.177095
v 5.294545 1.015926 2.224560
v 5.522163 0.969655 2.214477
v 5.731490 0.978918 2.219355
v 5.981173 1.008499 2.193156
v 6.156490 1.062355 2.097320
v 6.209695 1.072544 2.031636
v 6.236943 1.067424 1.950655
v 6.239607 1.064533 1.869727
v 6.223587 1.051867 1.796186
v 6.191987 1.032074 1.725941
v 6.140581 0.999053 1.619732
v 6.008252 1.188344 2.216871
v 6.164773 1.219452 2.118643
v 6.218015 1.233477 2.046209
v 6.243111 1.231144 1.972752
v 6.249214 1.229724 1.899272
v 6.239658 1.223713 1.819433
v 6.211552 1.204699 1.740530
v 6.148174 1.188514 1.639569
v 6.041624 1.188422 1.510238
v 5.906096 1.186515 1.438586
v 5.782213 1.172882 1.431400
v 5.662986 1.147400 1.455853
v 5.524671 1.144407 1.477186
v 5.425691 1.162158 1.469222
v 5.277580 1.194254 1.462861
v 5.160454 1.201686 1.490184
v 5.048566 1.213621 1.568075
v 4.962758 1.231186 1.683590
v 4.918014 1.259679 1.798559
v 4.909020 1.270523 1.857285
v 4.909329 1.277169 1.920322
v 4.919232 1.274727 1.981393
v 4.941275 1.267629 2.045277
v 4.989248 1.252883 2.119250
v 5.113399 1.217406 2.204974
v 5.313187 1.172809 2.261378
v 5.531216 1.139892 2.280975
v 5.748511 1.152786 2.271962
v 6.005663 1.305457 2.235882
v 6.161047 1.327368 2.132365
v 6.216495 1.338835 2.057475
v 6.243876 1.337338 1.986755
v 6.254369 1.337243 1.914906
v 6.249767 1.330019 1.838341
v 6.233537 1.322796 1.773997
v 6.167266 1.306863 1.661381
v 6.035025 1.303522 1.545628
v 5.911193 1.301173 1.485593
v 5.803967 1.295423 1.462336
v 5.669760 1.267799 1.457598
v 5.527006 1.261068 1.465212
v 5.420347 1.278355 1.467609
v 5.262368 1.312825 1.488236
v 5.154613 1.324740 1.527545
v 5.050440 1.335152 1.595312
v 4.956561 1.354874 1.704612
v 4.916640 1.377188 1.803275
v 4.907213 1.391821 1.872354
v 4.908434 1.402177 1.931967
v 4.919154 1.400673 1.992594
v 4.946078 1.388923 2.061844
v 5.012758 1.367479 2.150827
v 5.144776 1.336345 2.237816
v 5.333856 1.301853 2.294971
v 5.538229 1.281870 2.315781
v 5.744905 1.287345 2.304642
v 5.991360 1.415143 2.261161
v 5.711403 1.404238 2.328781
v 5.546885 1.394731 2.334895
v 5.357163 1.423464 2.319802
v 5.174066 1.455977 2.268317
v 5.032325 1.486305 2.178464
v 4.945702 1.511746 2.068914
v 4.908730 1.532214 1.992052
v 4.889655 1.540816 1.931783
v 4.887380 1.533965 1.874367
v 4.898440 1.516955 1.819353
v 4.940301 1.476119 1.719942
v 5.042107 1.446590 1.604042
v 5.148828 1.428840 1.536946
v 5.247768 1.418614 1.497196
v 5.410536 1.389527 1.463349
v 5.527777 1.371857 1.454556
v 5.678697 1.376733 1.454352
v 5.834275 1.396154 1.473006
v 5.929933 1.394733 1.499267
v 6.040769 1.394584 1.547677
v 6.202931 1.401380 1.684095
v 6.253898 1.417338 1.786267
v 6.267209 1.422836 1.846737
v 6.270412 1.431370 1.915274
v 6.255359 1.433510 1.991658
v 6.222784 1.441945 2.066176
v 6.154249 1.430144 2.153060
vt 0.690904 0.253750
vt 0.420965 0.734773
vt 0.397872 0.731629
vt 0.675341 0.254332
vt 0.398511 0.724185
vt 0.675631 0.247145
vt 0.421381 0.728492
vt 0.690804 0.246768
vt 0.705034 0.252024
vt 0.705428 0.245154
vt 0.676482 0.234832
vt 0.691071 0.234628
vt 0.706746 0.233233
vt 0.719790 0.232061
vt 0.741610 0.230115
vt 0.740137 0.240499
vt 0.326595 0.718620
vt 0.325682 0.709614
vt 0.359018 0.710640
vt 0.356047 0.720797
vt 0.718311 0.243887
vt 0.677001 0.225149
vt 0.679345 0.213203
vt 0.694295 0.212750
vt 0.399586 0.714362
vt 0.421469 0.718923
vt 0.691298 0.224934
vt 0.710584 0.211783
vt 0.707844 0.223862
vt 0.726380 0.208716
vt 0.325169 0.699498
vt 0.324339 0.687225
vt 0.745594 0.207286
vt 0.744269 0.219863
vt 0.722997 0.221550
vt 0.704100 0.122743
vt 0.639209 0.748739
vt 0.688101 0.122869
vt 0.359150 0.689453
vt 0.359270 0.700672
vt 0.618458 0.750456
vt 0.690315 0.099219
vt 0.620986 0.744684
vt 0.399568 0.696018
vt 0.421679 0.702325
vt 0.421661 0.711445
vt 0.400215 0.705965
vt 0.704816 0.097668
vt 0.773924 0.331894
vt 0.769759 0.333017
vt 0.768204 0.307461
vt 0.640778 0.742826
vt 0.654481 0.748478
vt 0.655819 0.742707
vt 0.770877 0.307516
vt 0.756882 0.289545
vt 0.757903 0.288740
vt 0.736375 0.276245
vt 0.623059 0.737104
vt 0.736519 0.276396
vt 0.718486 0.271480
vt 0.410336 0.635956
vt 0.385072 0.632908
vt 0.721287 0.272213
vt 0.712493 0.271054
vt 0.707336 0.270536
vt 0.691508 0.271908
vt 0.692181 0.271893
vt 0.640000 0.735725
vt 0.657028 0.734899
vt 0.683548 0.274170
vt 0.383887 0.616317
vt 0.406370 0.617573
vt 0.392759 0.756589
vt 0.683246 0.274013
vt 0.656993 0.320513
vt 0.660216 0.319095
vt 0.625160 0.729430
vt 0.625382 0.720310
vt 0.664296 0.329530
vt 0.395075 0.741569
vt 0.419496 0.743696
vt 0.417244 0.756347
vt 0.661337 0.330596
vt 0.638560 0.718903
vt 0.639850 0.728093
vt 0.729726 0.363847
vt 0.657249 0.717826
vt 0.657084 0.727713
vt 0.412326 0.771932
vt 0.389088 0.772138
vt 0.729446 0.361384
vt 0.741538 0.360034
vt 0.742329 0.362906
vt 0.678074 0.344790
vt 0.674988 0.345374
vt 0.638964 0.660708
vt 0.629286 0.662979
vt 0.668544 0.339662
vt 0.671675 0.338992
vt 0.741271 0.355580
vt 0.731180 0.357428
vt 0.740467 0.349312
vt 0.634172 0.646976
vt 0.644430 0.646066
vt 0.637207 0.755990
vt 0.729894 0.351057
vt 0.738966 0.340353
vt 0.727133 0.343324
vt 0.726411 0.298697
vt 0.705136 0.308417
vt 0.652072 0.755831
vt 0.646628 0.766515
vt 0.631190 0.766157
vt 0.699153 0.292170
vt 0.714427 0.285047
vt 0.693372 0.280575
vt 0.704702 0.276446
vt 0.624368 0.791345
vt 0.639948 0.792203
vt 0.638776 0.808645
vt 0.621706 0.810489
vt 0.692196 0.276885
vt 0.703725 0.274176
vt 0.563851 0.803656
vt 0.712189 0.271095
vt 0.703001 0.272860
vt 0.573691 0.804312
vt 0.691585 0.274841
vt 0.693014 0.272144
vt 0.575714 0.819216
vt 0.723505 0.361194
vt 0.725077 0.357691
vt 0.723093 0.351815
vt 0.566962 0.817841
vt 0.719899 0.344848
vt 0.723030 0.363359
vt 0.681414 0.333601
vt 0.679232 0.337491
vt 0.673085 0.331030
vt 0.676157 0.327234
vt 0.679018 0.341787
vt 0.672409 0.335336
vt 0.694580 0.318661
vt 0.688455 0.305861
vt 0.719871 0.331757
vt 0.711362 0.336210
vt 0.736020 0.324936
vt 0.684052 0.275081
vt 0.663153 0.317671
vt 0.666369 0.326813
vt 0.683962 0.278266
vt 0.665346 0.315444
vt 0.667686 0.322958
vt 0.656345 0.303982
vt 0.659835 0.303921
vt 0.666975 0.308871
vt 0.669586 0.315410
vt 0.684385 0.287083
vt 0.684422 0.280833
vt 0.765018 0.331127
vt 0.750045 0.357262
vt 0.748552 0.352885
vt 0.763510 0.305631
vt 0.750706 0.286341
vt 0.736090 0.277312
vt 0.724024 0.273224
vt 0.748379 0.346886
vt 0.409846 0.784222
vt 0.409928 0.792764
vt 0.388419 0.793450
vt 0.750241 0.335153
vt 0.758722 0.330379
vt 0.749718 0.314444
vt 0.757329 0.307211
vt 0.746192 0.289634
vt 0.737743 0.292851
vt 0.725983 0.282452
vt 0.736974 0.282102
vt 0.711938 0.275578
vt 0.724613 0.275074
vt 0.711086 0.273880
vt 0.724318 0.273884
vt 0.737302 0.278919
vt 0.772897 0.306664
vt 0.776545 0.332886
vt 0.757404 0.286907
vt 0.735449 0.275448
vt 0.713295 0.270925
vt 0.703803 0.270610
vt 0.688699 0.271999
vt 0.680380 0.274025
vt 0.654272 0.320609
vt 0.658640 0.330556
vt 0.739525 0.364301
vt 0.387600 0.784040
vt 0.388472 0.802118
vt 0.410272 0.799804
vt 0.384575 0.583790
vt 0.385698 0.591946
vt 0.723714 0.363661
vt 0.672717 0.344990
vt 0.665982 0.339584
vt 0.719363 0.362972
vt 0.653366 0.302389
vt 0.688673 0.270219
vt 0.704224 0.268392
vt 0.714196 0.268406
vt 0.736286 0.273605
vt 0.704612 0.260617
vt 0.704636 0.263469
vt 0.368002 0.593083
vt 0.688286 0.266601
vt 0.690815 0.262518
vt 0.369235 0.586558
vt 0.738686 0.257750
vt 0.741784 0.269291
vt 0.715463 0.263184
vt 0.588289 0.822032
vt 0.716328 0.259491
vt 0.758094 0.283970
vt 0.585135 0.806446
vt 0.774864 0.305389
vt 0.741934 0.362700
vt 0.725873 0.362389
vt 0.603279 0.807986
vt 0.605202 0.824374
vt 0.699216 0.357607
vt 0.712848 0.361628
vt 0.712431 0.360137
vt 0.611932 0.765051
vt 0.700401 0.356896
vt 0.674263 0.345205
vt 0.616491 0.757035
vt 0.627619 0.778089
vt 0.665817 0.339000
vt 0.657992 0.330001
vt 0.653429 0.319781
vt 0.651965 0.302189
vt 0.676763 0.272970
vt 0.642465 0.779832
vt 0.672607 0.269670
vt 0.674399 0.263748
vt 0.702924 0.066939
vt 0.703552 0.079455
vt 0.695021 0.079458
vt 0.696559 0.066139
vt 0.709618 0.067959
vt 0.588189 0.789499
vt 0.712642 0.079598
vt 0.605557 0.789783
vt 0.695956 0.062044
vt 0.638899 0.825579
vt 0.701607 0.062326
vt 0.622944 0.825455
vt 0.692868 0.087994
vt 0.675170 0.628156
vt 0.703624 0.087505
vt 0.714514 0.088688
vt 0.717249 0.099700
vt 0.718205 0.122418
vt 0.737610 0.248372
vt 0.671441 0.620173
vt 0.396482 0.586096
vt 0.717412 0.251035
vt 0.401806 0.596016
vt 0.710420 0.272849
vt 0.672354 0.620031
vt 0.748694 0.352739
vt 0.677093 0.627891
vt 0.759097 0.356314
vt 0.762139 0.357033
vt 0.763945 0.355945
vt 0.674620 0.346567
vt 0.383304 0.579029
vt 0.672947 0.351192
vt 0.665363 0.626842
vt 0.666307 0.618907
vt 0.371195 0.582889
vt 0.665387 0.350337
vt 0.665136 0.339085
vt 0.669524 0.619730
vt 0.647174 0.378130
vt 0.657260 0.382589
vt 0.650290 0.403248
vt 0.639984 0.400452
vt 0.392679 0.581010
vt 0.711245 0.413259
vt 0.701512 0.411928
vt 0.702396 0.397978
vt 0.385203 0.602618
vt 0.364387 0.604036
vt 0.711663 0.399009
vt 0.647803 0.425831
vt 0.638656 0.423742
vt 0.710455 0.439960
vt 0.699203 0.438238
vt 0.653167 0.450095
vt 0.645213 0.447686
vt 0.404413 0.605806
vt 0.707079 0.461321
vt 0.697425 0.460089
vt 0.694140 0.497953
vt 0.670545 0.628904
vt 0.697020 0.474053
vt 0.705182 0.476803
vt 0.704523 0.497872
vt 0.666168 0.428940
vt 0.668736 0.615676
vt 0.667811 0.615802
vt 0.654031 0.616988
vt 0.685055 0.434592
vt 0.684082 0.457967
vt 0.656932 0.611194
vt 0.647879 0.634679
vt 0.650637 0.625571
vt 0.663567 0.634551
vt 0.668486 0.454032
vt 0.670511 0.408172
vt 0.679237 0.636810
vt 0.688069 0.410324
vt 0.681618 0.637945
vt 0.676943 0.391160
vt 0.672827 0.635117
vt 0.660275 0.645376
vt 0.691356 0.396121
vt 0.697378 0.354101
vt 0.357522 0.618944
vt 0.404979 0.812194
vt 0.688222 0.352738
vt 0.388041 0.813724
vt 0.687324 0.648856
vt 0.685592 0.648874
vt 0.673543 0.646250
vt 0.670157 0.658780
vt 0.653835 0.658419
vt 0.647800 0.613127
vt 0.692019 0.356664
vt 0.389565 0.853132
vt 0.390464 0.832093
vt 0.404614 0.832343
vt 0.699912 0.360558
vt 0.406011 0.851976
vt 0.391391 0.873552
vt 0.404624 0.873187
vt 0.391428 0.894079
vt 0.686233 0.352502
vt 0.648654 0.613350
vt 0.657981 0.610787
vt 0.645389 0.618242
vt 0.640782 0.627107
vt 0.637635 0.636058
vt 0.403799 0.893455
vt 0.389802 0.915427
vt 0.704129 0.954737
vt 0.689985 0.353103
vt 0.688251 0.353307
vt 0.703444 0.955395
vt 0.683359 0.952813
vt 0.682666 0.951961
vt 0.640590 0.833452
vt 0.626851 0.830747
vt 0.630013 0.888388
vt 0.401992 0.910902
vt 0.696753 0.356834
vt 0.377915 0.943850
vt 0.382667 0.933862
vt 0.398327 0.924875
vt 0.691248 0.353002
vt 0.394628 0.934168
vt 0.698351 0.355931
vt 0.372314 0.943236
vt 0.374588 0.945065
vt 0.699558 0.353557
vt 0.692980 0.350971
vt 0.698431 0.348942
vt 0.692548 0.346988
vt 0.692721 0.343318
vt 0.696374 0.344163
vt 0.666073 0.481361
vt 0.390824 0.936039
vt 0.388653 0.934543
vt 0.672149 0.470880
vt 0.684406 0.474719
vt 0.681068 0.494110
vt 0.661317 0.468702
vt 0.655720 0.467173
vt 0.634124 0.865740
vt 0.643227 0.867363
vt 0.640094 0.889571
vt 0.407376 0.811511
vt 0.631419 0.909165
vt 0.409018 0.811363
vt 0.641846 0.912794
vt 0.635679 0.922219
vt 0.647766 0.930305
vt 0.662826 0.304637
vt 0.665422 0.305934
vt 0.657776 0.942769
vt 0.645542 0.935302
vt 0.731277 0.440687
vt 0.730919 0.408741
vt 0.411304 0.818226
vt 0.747533 0.406183
vt 0.664415 0.946685
vt 0.749507 0.439762
vt 0.650284 0.939069
vt 0.610646 0.758956
vt 0.608666 0.761478
vt 0.608173 0.761879
vt 0.609749 0.759975
vt 0.727446 0.465281
vt 0.744957 0.466166
vt 0.638551 0.929779
vt 0.639096 0.930130
vt 0.630709 0.918728
vt 0.626109 0.906152
vt 0.623734 0.886898
vt 0.628574 0.864013
vt 0.703281 0.953508
vt 0.721694 0.482055
vt 0.736583 0.482630
vt 0.726946 0.495200
vt 0.683977 0.951376
vt 0.648008 0.853326
vt 0.638349 0.853033
vt 0.632176 0.852779
vt 0.716686 0.497376
vt 0.727384 0.125806
vt 0.725517 0.105422
vt 0.684071 0.660420
vt 0.410367 0.818006
vt 0.395823 0.583011
vt 0.673695 0.725586
vt 0.722795 0.091553
vt 0.719114 0.080169
vt 0.713399 0.069390
vt 0.703924 0.061572
vt 0.401000 0.588224
vt 0.696384 0.060562
vt 0.741122 0.390201
vt 0.727227 0.395036
vt 0.724682 0.353407
vt 0.714332 0.354488
vt 0.717363 0.364198
vt 0.409336 0.601524
vt 0.412315 0.609376
vt 0.728248 0.362922
vt 0.736533 0.352759
vt 0.675215 0.715758
vt 0.670614 0.742212
vt 0.672306 0.733872
vt 0.668012 0.748529
vt 0.743253 0.361111
vt 0.748736 0.191272
vt 0.728407 0.193069
vt 0.729112 0.174826
vt 0.749342 0.170491
vt 0.713960 0.196152
vt 0.715241 0.177481
vt 0.664997 0.755862
vt 0.698380 0.197020
vt 0.659330 0.766514
vt 0.700349 0.179390
vt 0.654991 0.781050
vt 0.656617 0.793058
vt 0.655622 0.807870
vt 0.682385 0.197944
vt 0.654071 0.824507
vt 0.653058 0.834729
vt 0.703787 0.950424
vt 0.683902 0.180087
vt 0.710081 0.363978
vt 0.707078 0.353995
vt 0.714183 0.361905
vt 0.715607 0.360316
vt 0.718194 0.357391
vt 0.715088 0.351760
vt 0.684320 0.948771
vt 0.677338 0.701432
vt 0.655945 0.703498
vt 0.657685 0.681419
vt 0.679942 0.683935
vt 0.414325 0.617195
vt 0.419417 0.637031
vt 0.427894 0.705444
vt 0.427804 0.713944
vt 0.427974 0.721425
vt 0.428467 0.730979
vt 0.636626 0.706287
vt 0.712148 0.345889
vt 0.636756 0.687190
vt 0.625352 0.708583
vt 0.626132 0.693391
vt 0.681956 0.670318
vt 0.664060 0.667094
vt 0.644928 0.670126
vt 0.429182 0.737155
vt 0.430754 0.745407
vt 0.708730 0.340607
vt 0.434201 0.752382
vt 0.431373 0.771809
vt 0.682134 0.317266
vt 0.689856 0.327420
vt 0.674241 0.301778
vt 0.631350 0.676604
vt 0.697571 0.655353
vt 0.696123 0.655651
vt 0.673577 0.292005
vt 0.673372 0.287527
vt 0.672121 0.283795
vt 0.671836 0.281114
vt 0.669818 0.280790
vt 0.428164 0.785142
vt 0.425441 0.793260
vt 0.420923 0.800832
vt 0.667844 0.279825
vt 0.718695 0.361340
vt 0.664150 0.279126
vt 0.744468 0.148475
vt 0.728705 0.151718
vt 0.737095 0.128684
vt 0.410420 0.811195
vt 0.716892 0.153743
vt 0.665373 0.943707
vt 0.665889 0.946118
vt 0.676956 0.942310
vt 0.672920 0.923782
vt 0.702719 0.153650
vt 0.686255 0.154896
vt 0.725138 0.356713
vt 0.737108 0.355880
vt 0.713368 0.358049
vt 0.705337 0.357509
vt 0.695293 0.357584
vt 0.683865 0.356704
vt 0.660524 0.353066
vt 0.668616 0.354822
vt 0.658993 0.276425
vt 0.672477 0.897374
vt 0.659523 0.267204
vt 0.675818 0.871762
vt 0.680196 0.853852
vt 0.686144 0.828912
vt 0.660681 0.256337
vt 0.661168 0.248230
vt 0.652277 0.826899
vt 0.683516 0.832551
vt 0.662550 0.235609
vt 0.663474 0.225697
vt 0.683209 0.822090
vt 0.684200 0.808488
vt 0.664795 0.214336
vt 0.667861 0.182210
vt 0.686099 0.794894
vt 0.689310 0.783578
vt 0.690036 0.766776
vt 0.690575 0.753712
vt 0.690414 0.745601
vt 0.691311 0.738986
vt 0.666595 0.199813
vt 0.670308 0.157585
vt 0.410006 0.835317
vt 0.413782 0.853499
vt 0.691726 0.729827
vt 0.692700 0.712348
vt 0.692214 0.721879
vt 0.695364 0.688547
vt 0.693736 0.700740
vt 0.697451 0.663062
vt 0.696853 0.675213
vt 0.413962 0.872708
vt 0.673003 0.125718
vt 0.677031 0.101273
vt 0.412878 0.891456
vt 0.411136 0.905788
vt 0.706291 0.927777
vt 0.704826 0.946093
vt 0.707399 0.901086
vt 0.708818 0.872169
vt 0.681928 0.090812
vt 0.709935 0.855519
vt 0.709133 0.831787
vt 0.709610 0.829441
vt 0.686607 0.080871
vt 0.690483 0.067239
vt 0.409385 0.915653
vt 0.690902 0.063446
vt 0.689488 0.063172
vt 0.709570 0.821413
vt 0.710682 0.808956
vt 0.710912 0.796387
vt 0.710852 0.783007
vt 0.711474 0.767933
vt 0.711889 0.753907
vt 0.712310 0.744895
vt 0.763467 0.353196
vt 0.657441 0.329500
vt 0.652577 0.319081
vt 0.650277 0.301960
vt 0.406313 0.923744
vt 0.403382 0.925124
vt 0.712547 0.738467
vt 0.712435 0.728922
vt 0.712788 0.712177
vt 0.712734 0.720858
vt 0.713147 0.691406
vt 0.712547 0.701842
vt 0.713889 0.664117
vt 0.713738 0.678887
vt 0.714324 0.656849
vt 0.402536 0.923122
vt 0.387117 0.931382
vt 0.372027 0.938964
vt 0.399449 0.921491
vt 0.391327 0.816358
vt 0.685122 0.830890
vt 0.710363 0.832041
vt 0.650722 0.829244
vt 0.641162 0.828381
vt 0.635328 0.828110
vt 0.608087 0.774973
vt 0.714384 0.657754
vt 0.390328 0.809710
vt 0.794063 0.761006
vt 0.781151 0.756413
vt 0.780575 0.748666
vt 0.399236 0.810065
vt 0.406645 0.814543
vt 0.792714 0.752523
vt 0.766605 0.753576
vt 0.377709 0.816687
vt 0.378388 0.809054
vt 0.353908 0.729336
vt 0.327210 0.727739
vt 0.766288 0.746689
vt 0.327552 0.754769
vt 0.327403 0.739456
vt 0.355389 0.740199
vt 0.356243 0.754941
vt 0.780063 0.740598
vt 0.791996 0.744104
vt 0.765853 0.738618
vt 0.791491 0.735839
vt 0.780096 0.732588
vt 0.780614 0.723118
vt 0.329235 0.780685
vt 0.328118 0.769328
vt 0.354441 0.770447
vt 0.353533 0.781502
vt 0.329467 0.790697
vt 0.353611 0.790450
vt 0.791389 0.726720
vt 0.765313 0.720593
vt 0.765554 0.730510
vt 0.783601 0.765056
vt 0.785691 0.774806
vt 0.772392 0.773369
vt 0.767729 0.761684
vt 0.329740 0.802286
vt 0.354758 0.801355
vt 0.355455 0.816106
vt 0.793767 0.798491
vt 0.795337 0.813533
vt 0.330827 0.816595
vt 0.333008 0.853684
vt 0.331890 0.833002
vt 0.358777 0.833400
vt 0.358936 0.854339
vt 0.334162 0.877150
vt 0.357825 0.876980
vt 0.334390 0.900390
vt 0.358198 0.899158
vt 0.335139 0.926892
vt 0.358359 0.925265
vt 0.780817 0.811852
vt 0.333165 0.956026
vt 0.333748 0.945290
vt 0.779568 0.797963
vt 0.851166 0.811576
vt 0.847434 0.817797
vt 0.348441 0.269341
vt 0.837713 0.821239
vt 0.840363 0.812419
vt 0.357187 0.942200
vt 0.336950 0.270911
vt 0.356107 0.952351
vt 0.427865 0.694620
vt 0.421452 0.690729
vt 0.419830 0.678363
vt 0.840957 0.799241
vt 0.851870 0.799318
vt 0.841124 0.787077
vt 0.851180 0.787792
vt 0.336694 0.259380
vt 0.426224 0.681134
vt 0.398534 0.683266
vt 0.394767 0.668029
vt 0.348484 0.256836
vt 0.323154 0.673180
vt 0.322519 0.661415
vt 0.355738 0.662771
vt 0.357849 0.676493
vt 0.423008 0.662000
vt 0.415296 0.659337
vt 0.389820 0.651370
vt 0.320854 0.649191
vt 0.320154 0.636294
vt 0.351790 0.632002
vt 0.354567 0.647613
vt 0.325814 0.269570
vt 0.354019 0.952437
vt 0.325644 0.256747
vt 0.342742 0.627563
vt 0.403470 0.814564
vt 0.336861 0.244272
vt 0.348434 0.244133
vt 0.325373 0.242258
vt 0.293458 0.235972
vt 0.312071 0.239584
vt 0.313821 0.252307
vt 0.294867 0.247329
vt 0.407999 0.814136
vt 0.390624 0.816455
vt 0.356800 0.819136
vt 0.347853 0.232235
vt 0.336505 0.232509
vt 0.334611 0.220194
vt 0.346283 0.219948
vt 0.381886 0.577829
vt 0.858152 0.809521
vt 0.322464 0.218906
vt 0.324355 0.231121
vt 0.854790 0.814805
vt 0.860715 0.798838
vt 0.392200 0.580463
vt 0.369814 0.583970
vt 0.366029 0.588241
vt 0.289536 0.212683
vt 0.360984 0.596409
vt 0.311168 0.217029
vt 0.356181 0.606933
vt 0.349877 0.619012
vt 0.340147 0.626664
vt 0.320573 0.629825
vt 0.332419 0.955735
vt 0.331050 0.819605
vt 0.320079 0.628844
vt 0.267008 0.738121
vt 0.245352 0.743426
vt 0.244208 0.733817
vt 0.265280 0.728315
vt 0.242616 0.725000
vt 0.262557 0.719258
vt 0.239351 0.707502
vt 0.257857 0.700794
vt 0.260555 0.710296
vt 0.240593 0.716887
vt 0.238819 0.645652
vt 0.239789 0.627734
vt 0.253580 0.620793
vt 0.312120 0.228588
vt 0.291509 0.224905
vt 0.253868 0.639598
vt 0.269106 0.761886
vt 0.246492 0.764626
vt 0.860096 0.786827
vt 0.245744 0.753958
vt 0.268134 0.749364
vt 0.270919 0.775066
vt 0.248893 0.776470
vt 0.188547 0.792277
vt 0.329507 0.141407
vt 0.329221 0.118555
vt 0.338133 0.118777
vt 0.858096 0.780518
vt 0.849426 0.778695
vt 0.860740 0.811685
vt 0.863159 0.808288
vt 0.865295 0.808367
vt 0.867020 0.800033
vt 0.870802 0.801245
vt 0.868251 0.790169
vt 0.828290 0.813459
vt 0.829052 0.798752
vt 0.828371 0.785691
vt 0.824933 0.824529
vt 0.809645 0.827931
vt 0.812737 0.814176
vt 0.806544 0.777624
vt 0.190816 0.799251
vt 0.797407 0.769492
vt 0.790750 0.786835
vt 0.776023 0.786314
vt 0.812307 0.798193
vt 0.810660 0.784781
vt 0.792830 0.828944
vt 0.776329 0.825978
vt 0.753883 0.625057
vt 0.747243 0.623318
vt 0.755344 0.614248
vt 0.760224 0.618411
vt 0.770640 0.629766
vt 0.762124 0.627873
vt 0.763574 0.620601
vt 0.769225 0.621864
vt 0.181031 0.796671
vt 0.767133 0.611687
vt 0.767825 0.616559
vt 0.777534 0.625067
vt 0.339862 0.141057
vt 0.178676 0.790608
vt 0.173258 0.794088
vt 0.171361 0.789038
vt 0.297378 0.136809
vt 0.185357 0.780952
vt 0.175348 0.780779
vt 0.201182 0.793109
vt 0.203205 0.801691
vt 0.198920 0.779388
vt 0.205305 0.807691
vt 0.776525 0.619827
vt 0.781848 0.643612
vt 0.769637 0.638873
vt 0.779710 0.633718
vt 0.748445 0.634958
vt 0.192667 0.804139
vt 0.215644 0.803285
vt 0.218896 0.810795
vt 0.214232 0.792323
vt 0.741176 0.633608
vt 0.759342 0.637074
vt 0.783003 0.655469
vt 0.212062 0.778711
vt 0.249650 0.787227
vt 0.272005 0.787031
vt 0.770548 0.651190
vt 0.742182 0.647850
vt 0.734923 0.644477
vt 0.757656 0.649237
vt 0.759241 0.661979
vt 0.273753 0.795402
vt 0.773569 0.664592
vt 0.785838 0.670153
vt 0.775917 0.617968
vt 0.247964 0.798388
vt 0.852723 0.817162
vt 0.844339 0.820732
vt 0.302354 0.117318
vt 0.312457 0.117027
vt 0.833814 0.824384
vt 0.275405 0.805301
vt 0.309173 0.138260
vt 0.821252 0.828017
vt 0.805753 0.831458
vt 0.861417 0.783051
vt 0.839188 0.778337
vt 0.376884 0.239239
vt 0.296021 0.282466
vt 0.826513 0.778025
vt 0.366800 0.289257
vt 0.339750 0.067155
vt 0.816415 0.778297
vt 0.313831 0.281089
vt 0.317343 0.281375
vt 0.298289 0.282982
vt 0.787574 0.832987
vt 0.772042 0.831169
vt 0.322787 0.275841
vt 0.342082 0.276882
vt 0.782327 0.893897
vt 0.343373 0.276989
vt 0.327689 0.275652
vt 0.361324 0.242273
vt 0.252607 0.806297
vt 0.251735 0.590239
vt 0.265755 0.582144
vt 0.352416 0.279755
vt 0.269556 0.589770
vt 0.353158 0.280330
vt 0.305591 0.354560
vt 0.251107 0.598318
vt 0.245567 0.596232
vt 0.242447 0.606075
vt 0.253064 0.584835
vt 0.361724 0.254027
vt 0.362675 0.265636
vt 0.295721 0.353058
vt 0.297621 0.349575
vt 0.362677 0.278449
vt 0.262059 0.579194
vt 0.306324 0.351181
vt 0.351024 0.342843
vt 0.357800 0.338710
vt 0.361620 0.341096
vt 0.353764 0.345883
vt 0.248217 0.590334
vt 0.275874 0.599937
vt 0.299940 0.345599
vt 0.251912 0.608080
vt 0.240555 0.616076
vt 0.307648 0.347227
vt 0.284904 0.613810
vt 0.303077 0.340849
vt 0.310318 0.342149
vt 0.306540 0.334922
vt 0.314352 0.336135
vt 0.277210 0.817940
vt 0.318354 0.311093
vt 0.325297 0.301212
vt 0.335683 0.306502
vt 0.329503 0.316405
vt 0.341881 0.295944
vt 0.768896 0.896558
vt 0.765669 0.875112
vt 0.780643 0.873127
vt 0.779414 0.914051
vt 0.767761 0.918224
vt 0.332490 0.291421
vt 0.773517 0.927904
vt 0.260624 0.817982
vt 0.759225 0.935984
vt 0.763677 0.939143
vt 0.750057 0.946248
vt 0.743093 0.949570
vt 0.759058 0.942346
vt 0.741460 0.948801
vt 0.344098 0.289790
vt 0.334015 0.286425
vt 0.324513 0.282452
vt 0.342826 0.278890
vt 0.344685 0.284838
vt 0.333953 0.283186
vt 0.314248 0.347696
vt 0.312852 0.351397
vt 0.316243 0.342899
vt 0.319204 0.337466
vt 0.312329 0.354683
vt 0.345765 0.332714
vt 0.352478 0.327548
vt 0.273733 0.855392
vt 0.259683 0.858801
vt 0.355127 0.331611
vt 0.349002 0.335840
vt 0.261295 0.841777
vt 0.349564 0.339566
vt 0.356289 0.335184
vt 0.342769 0.313599
vt 0.335781 0.322565
vt 0.758286 0.941584
vt 0.320012 0.330160
vt 0.325236 0.331997
vt 0.311051 0.326013
vt 0.354864 0.284020
vt 0.353563 0.289962
vt 0.366735 0.322257
vt 0.274572 0.837336
vt 0.762460 0.858313
vt 0.776682 0.859604
vt 0.743042 0.661529
vt 0.750606 0.729076
vt 0.362298 0.329586
vt 0.361066 0.325152
vt 0.364076 0.319569
vt 0.748564 0.719221
vt 0.275873 0.878377
vt 0.260696 0.879035
vt 0.278797 0.901123
vt 0.358571 0.320197
vt 0.362573 0.315162
vt 0.365028 0.332115
vt 0.368753 0.334172
vt 0.351763 0.294919
vt 0.349230 0.301740
vt 0.262171 0.899662
vt 0.281447 0.922892
vt 0.264625 0.917867
vt 0.287699 0.947896
vt 0.313395 0.284521
vt 0.299997 0.285965
vt 0.752626 0.745819
vt 0.269219 0.939272
vt 0.295863 0.302459
vt 0.266802 0.930394
vt 0.750630 0.736601
vt 0.752684 0.751905
vt 0.757223 0.771444
vt 0.303820 0.294078
vt 0.756375 0.759842
vt 0.283217 0.938360
vt 0.315450 0.297588
vt 0.368111 0.288758
vt 0.307334 0.306781
vt 0.290438 0.947216
vt 0.760220 0.784790
vt 0.763082 0.796950
vt 0.761726 0.810412
vt 0.756690 0.821800
vt 0.754465 0.831568
vt 0.326327 0.288559
vt 0.272137 0.939261
vt 0.270902 0.940958
vt 0.289694 0.949478
vt 0.168005 0.781212
vt 0.165448 0.786697
vt 0.313271 0.286157
vt 0.326767 0.286541
vt 0.312676 0.283522
vt 0.301350 0.290227
vt 0.297380 0.282046
vt 0.317827 0.277706
vt 0.328834 0.277366
vt 0.163051 0.781768
vt 0.233463 0.729058
vt 0.233243 0.738522
vt 0.233307 0.747848
vt 0.343439 0.278903
vt 0.353092 0.281293
vt 0.224877 0.766429
vt 0.307074 0.357414
vt 0.294655 0.355935
vt 0.365343 0.343684
vt 0.356445 0.348930
vt 0.313152 0.357480
vt 0.328647 0.278244
vt 0.342632 0.279615
vt 0.296922 0.282501
vt 0.317118 0.278569
vt 0.326978 0.277884
vt 0.769635 0.830895
vt 0.338888 0.278908
vt 0.757138 0.830534
vt 0.341644 0.279891
vt 0.327700 0.278525
vt 0.298144 0.270330
vt 0.316135 0.277625
vt 0.316942 0.278622
vt 0.747015 0.706676
vt 0.294204 0.281600
vt 0.304431 0.358853
vt 0.291258 0.357577
vt 0.332040 0.355702
vt 0.331144 0.357124
vt 0.320325 0.358328
vt 0.320568 0.357067
vt 0.356465 0.351254
vt 0.367484 0.345466
vt 0.353816 0.282606
vt 0.354413 0.283071
vt 0.350821 0.280578
vt 0.328207 0.080624
vt 0.332939 0.081148
vt 0.334930 0.093956
vt 0.331467 0.099364
vt 0.323896 0.079492
vt 0.323304 0.093127
vt 0.327934 0.073950
vt 0.332319 0.072848
vt 0.335796 0.104795
vt 0.329809 0.105741
vt 0.324280 0.106633
vt 0.321277 0.118183
vt 0.319498 0.139627
vt 0.230860 0.758208
vt 0.228643 0.778072
vt 0.320573 0.068717
vt 0.330165 0.064363
vt 0.230063 0.791354
vt 0.230703 0.804893
vt 0.236131 0.812088
vt 0.331881 0.069050
vt 0.325683 0.070980
vt 0.314439 0.076600
vt 0.319923 0.078023
vt 0.745679 0.691735
vt 0.766177 0.692557
vt 0.309810 0.088121
vt 0.316737 0.089864
vt 0.765714 0.708336
vt 0.782825 0.697066
vt 0.306736 0.101044
vt 0.315134 0.102105
vt 0.781612 0.711506
vt 0.315141 0.266335
vt 0.791952 0.716140
vt 0.296238 0.258810
vt 0.792193 0.703868
vt 0.327114 0.285239
vt 0.298539 0.333097
vt 0.744021 0.674457
vt 0.763127 0.674927
vt 0.779320 0.679890
vt 0.789821 0.687227
vt 0.725861 0.654327
vt 0.300669 0.321794
vt 0.296111 0.337799
vt 0.727254 0.652888
vt 0.719970 0.953169
vt 0.723163 0.954396
vt 0.727014 0.952868
vt 0.732891 0.944001
vt 0.738955 0.925914
vt 0.291862 0.341661
vt 0.355177 0.351146
vt 0.741275 0.900343
vt 0.740385 0.874745
vt 0.738502 0.856673
vt 0.734042 0.831103
vt 0.734064 0.821188
vt 0.367693 0.344497
vt 0.362137 0.348791
vt 0.352086 0.350098
vt 0.250543 0.817045
vt 0.251151 0.860988
vt 0.735507 0.809055
vt 0.323808 0.353439
vt 0.314894 0.353882
vt 0.252814 0.845460
vt 0.736153 0.796076
vt 0.735553 0.784226
vt 0.733171 0.769167
vt 0.311439 0.357594
vt 0.320465 0.357014
vt 0.375909 0.380411
vt 0.250656 0.879279
vt 0.383417 0.397802
vt 0.372608 0.401474
vt 0.364833 0.384647
vt 0.317963 0.412356
vt 0.316807 0.396756
vt 0.251838 0.897819
vt 0.253895 0.912544
vt 0.236985 0.697109
vt 0.235386 0.685649
vt 0.327578 0.396160
vt 0.328932 0.410338
vt 0.385998 0.418652
vt 0.376515 0.421142
vt 0.318749 0.434740
vt 0.331400 0.432802
vt 0.382265 0.440385
vt 0.372561 0.443663
vt 0.321692 0.455135
vt 0.332995 0.453216
vt 0.335781 0.486534
vt 0.324000 0.487898
vt 0.324269 0.470309
vt 0.333498 0.468355
vt 0.360532 0.424875
vt 0.359705 0.447248
vt 0.346191 0.450879
vt 0.344985 0.429581
vt 0.356770 0.405898
vt 0.341585 0.408826
vt 0.351675 0.389935
vt 0.730651 0.756000
vt 0.729303 0.747512
vt 0.338731 0.394177
vt 0.342229 0.352256
vt 0.332884 0.353348
vt 0.331214 0.356321
vt 0.342467 0.354532
vt 0.344114 0.353204
vt 0.342386 0.355165
vt 0.342995 0.350085
vt 0.332043 0.352778
vt 0.728570 0.741204
vt 0.289890 0.318909
vt 0.331601 0.349623
vt 0.341362 0.346966
vt 0.331728 0.346146
vt 0.727876 0.731446
vt 0.727381 0.723726
vt 0.727100 0.714647
vt 0.726387 0.703512
vt 0.726299 0.691515
vt 0.340133 0.343778
vt 0.251705 0.679800
vt 0.725912 0.677427
vt 0.726456 0.663378
vt 0.720002 0.950368
vt 0.255344 0.689677
vt 0.164907 0.770305
vt 0.173261 0.767383
vt 0.183666 0.766092
vt 0.196604 0.765618
vt 0.332976 0.341994
vt 0.735649 0.830232
vt 0.737253 0.832881
vt 0.760455 0.833654
vt 0.773428 0.833907
vt 0.339337 0.340391
vt 0.337802 0.337587
vt 0.334852 0.338096
vt 0.363458 0.470933
vt 0.350038 0.481550
vt 0.208993 0.766663
vt 0.237401 0.667426
vt 0.252415 0.661167
vt 0.345546 0.467708
vt 0.358023 0.462921
vt 0.373776 0.458527
vt 0.867752 0.785220
vt 0.783016 0.833168
vt 0.288752 0.630094
vt 0.368196 0.455979
vt 0.365250 0.312429
vt 0.301043 0.435673
vt 0.286006 0.651637
vt 0.779644 0.831222
vt 0.283672 0.434835
vt 0.284885 0.408855
vt 0.301433 0.410058
vt 0.780965 0.830888
vt 0.304022 0.458605
vt 0.287394 0.459384
vt 0.308720 0.474642
vt 0.286438 0.668527
vt 0.294459 0.475213
vt 0.312092 0.487599
vt 0.302752 0.486305
vt 0.336047 0.072647
vt 0.337195 0.070784
vt 0.784488 0.832767
vt 0.287100 0.680038
vt 0.289325 0.692838
vt 0.291057 0.703770
vt 0.292591 0.713099
vt 0.779696 0.833555
vt 0.776212 0.831089
vt 0.307047 0.162033
vt 0.291751 0.159322
vt 0.365914 0.288011
vt 0.315595 0.357126
vt 0.294316 0.723065
vt 0.296340 0.732528
vt 0.335169 0.357186
vt 0.296878 0.744105
vt 0.366943 0.352841
vt 0.298070 0.757599
vt 0.341835 0.078032
vt 0.300487 0.772074
vt 0.302484 0.784251
vt 0.302203 0.792619
vt 0.301818 0.803486
vt 0.337669 0.080584
vt 0.347060 0.090097
vt 0.356906 0.353761
vt 0.325430 0.357956
vt 0.302311 0.817365
vt 0.340768 0.091943
vt 0.302089 0.834108
vt 0.303022 0.854565
vt 0.304964 0.878398
vt 0.351714 0.102768
vt 0.306631 0.902790
vt 0.309932 0.927993
vt 0.291272 0.355556
vt 0.268647 0.347373
vt 0.260836 0.343458
vt 0.256820 0.342427
vt 0.266040 0.346345
vt 0.309066 0.944321
vt 0.310443 0.954309
vt 0.314078 0.954885
vt 0.313858 0.952490
vt 0.301098 0.622452
vt 0.262471 0.821507
vt 0.254793 0.821366
vt 0.276621 0.821510
vt 0.303921 0.820990
vt 0.235220 0.631509
vt 0.233932 0.633434
vt 0.236078 0.622190
vt 0.236921 0.620047
vt 0.252340 0.585039
vt 0.262378 0.579718
vt 0.275166 0.582031
vt 0.283899 0.590875
vt 0.343194 0.104155
vt 0.290560 0.601977
vt 0.297461 0.614071
vt 0.357225 0.118084
vt 0.305913 0.623219
vt 0.409576 0.813873
vt 0.347305 0.118814
vt 0.350468 0.140898
vt 0.361756 0.140648
vt 0.358240 0.219090
vt 0.371441 0.217401
vt 0.373440 0.229056
vt 0.411005 0.813796
vt 0.359355 0.231503
vt 0.383669 0.458095
vt 0.369527 0.474730
vt 0.410465 0.811870
vt 0.353318 0.487954
vt 0.337102 0.493372
vt 0.324161 0.494151
vt 0.298122 0.488169
vt 0.311841 0.492900
vt 0.284268 0.475623
vt 0.274151 0.458450
vt 0.267944 0.432472
vt 0.269930 0.405318
vt 0.274094 0.387271
vt 0.288451 0.391969
vt 0.303132 0.394646
vt 0.304708 0.353398
vt 0.301895 0.357740
vt 0.292540 0.351802
vt 0.286681 0.355892
vt 0.276728 0.350142
vt 0.279420 0.349588
vt 0.288928 0.198266
vt 0.289573 0.181473
vt 0.308713 0.186484
vt 0.310494 0.203862
vt 0.319720 0.187013
vt 0.320833 0.204440
vt 0.331075 0.188501
vt 0.332439 0.205233
vt 0.343137 0.188953
vt 0.344447 0.205418
vt 0.356239 0.205288
vt 0.352887 0.188582
vt 0.366240 0.189446
vt 0.368690 0.204096
vt 0.320129 0.354301
vt 0.321328 0.351104
vt 0.322017 0.347488
vt 0.322822 0.342987
vt 0.323913 0.338081
vt 0.412294 0.814354
vt 0.328543 0.334387
vt 0.379688 0.811199
vt 0.390920 0.811441
vt 0.346179 0.355944
vt 0.340270 0.327859
vt 0.348285 0.320919
vt 0.365602 0.167532
vt 0.355519 0.311661
vt 0.359286 0.304496
vt 0.362243 0.300005
vt 0.368848 0.311097
vt 0.365096 0.295310
vt 0.399082 0.812369
vt 0.404824 0.812857
vt 0.312986 0.358785
vt 0.366061 0.290816
vt 0.366556 0.288813
vt 0.404072 0.810550
vt 0.352743 0.166896
vt 0.340551 0.169316
vt 0.329730 0.169001
vt 0.319005 0.164499
vt 0.303908 0.356555
vt 0.277636 0.353933
vn 0.640132 -0.089748 0.763005
vn 0.549798 -0.079836 0.831473
vn 0.559006 -0.114659 0.821198
vn 0.652202 -0.104860 0.750758
vn 0.926551 -0.313504 0.207889
vn 0.909282 -0.258443 0.326211
vn 0.938522 -0.174549 0.297839
vn 0.961308 -0.206384 0.182461
vn 0.935275 -0.342912 -0.087588
vn 0.932103 -0.362187 -0.002260
vn 0.969937 -0.242832 -0.015969
vn 0.965279 -0.237211 -0.109391
vn 0.634710 -0.145540 -0.758921
vn 0.632357 -0.173183 -0.755071
vn 0.638199 -0.082457 -0.765443
vn 0.638199 -0.082457 -0.765443
vn 0.335120 -0.047998 -0.940952
vn 0.396523 -0.074998 -0.914956
vn 0.404122 -0.030623 -0.914193
vn 0.323644 -0.014340 -0.946070
vn -0.027933 -0.190959 0.981201
vn -0.031849 -0.204420 0.978365
vn 0.180164 -0.193828 0.964351
vn 0.159595 -0.184917 0.969709
vn 0.561291 -0.122635 0.818482
vn 0.649505 -0.107152 0.752769
vn 0.648326 -0.113413 0.752869
vn 0.561966 -0.126371 0.817450
vn 0.956440 -0.096654 0.275465
vn 0.961936 -0.076933 0.262222
vn 0.985222 -0.085329 0.148515
vn 0.981438 -0.109058 0.157756
vn 0.992727 -0.110273 -0.048306
vn 0.984194 -0.111834 -0.137311
vn 0.984856 -0.135321 -0.108384
vn 0.990207 -0.134113 -0.038772
vn 0.909333 -0.113501 -0.400289
vn 0.860149 -0.094405 -0.501229
vn 0.870514 -0.138077 -0.472377
vn 0.922737 -0.138382 -0.359732
vn 0.644870 -0.007592 -0.764255
vn 0.657058 0.026054 -0.753390
vn 0.661420 0.038746 -0.749014
vn 0.644870 -0.007592 -0.764255
vn 0.426787 0.156177 -0.890764
vn 0.320331 0.167767 -0.932332
vn 0.344184 0.082586 -0.935263
vn 0.422415 0.065809 -0.904011
vn -0.032950 -0.250653 0.967516
vn -0.034237 -0.273027 0.961397
vn 0.142179 -0.227960 0.963234
vn 0.156892 -0.216177 0.963666
vn 0.543691 -0.097610 0.833590
vn 0.637564 -0.084197 0.765783
vn 0.644614 -0.077062 0.760614
vn 0.549685 -0.092987 0.830180
vn 0.970588 -0.032361 0.238562
vn 0.978079 -0.033818 0.205469
vn 0.996630 -0.030618 0.076104
vn 0.993880 -0.032981 0.105428
vn 0.992464 -0.034902 -0.117458
vn 0.974000 -0.039119 -0.223146
vn 0.983637 -0.046173 -0.174142
vn 0.994727 -0.040815 -0.094092
vn 0.890388 -0.003660 -0.455188
vn 0.856092 0.021314 -0.516383
vn 0.841619 0.012022 -0.539937
vn 0.907635 -0.022572 -0.419154
vn 0.725906 0.177798 -0.664416
vn 0.758413 0.186749 -0.624448
vn 0.764169 0.188340 -0.616906
vn 0.725906 0.177798 -0.664416
vn 0.436132 0.341816 -0.832437
vn 0.238838 0.330969 -0.912916
vn 0.293556 0.359589 -0.885732
vn 0.426572 0.357602 -0.830757
vn 0.440937 -0.226712 0.868433
vn 0.287809 -0.236132 0.928121
vn 0.227171 -0.243496 0.942923
vn 0.397967 -0.250898 0.882424
vn 0.981425 -0.191780 -0.005041
vn 0.961263 -0.194531 0.195275
vn 0.950596 -0.255970 0.175632
vn 0.968888 -0.246994 -0.015794
vn 0.614630 -0.315129 -0.723135
vn 0.709074 -0.276708 -0.648573
vn 0.596784 -0.267124 -0.756633
vn 0.500418 -0.286232 -0.817101
vn 0.371263 -0.157307 -0.915106
vn 0.311761 -0.111892 -0.943550
vn 0.340885 -0.134020 -0.930503
vn 0.371263 -0.157307 -0.915106
vn 0.521082 0.020846 0.853252
vn 0.521083 0.020846 0.853252
vn 0.587461 -0.026984 0.808803
vn 0.564266 -0.009875 0.825534
vn 0.494989 0.152182 0.855469
vn 0.528591 0.038311 0.848012
vn 0.517694 0.078186 0.851986
vn 0.494989 0.152182 0.855469
vn 0.087326 -0.193776 -0.977151
vn 0.060262 -0.149019 -0.986996
vn 0.026289 -0.063437 -0.997640
vn 0.056783 -0.092023 -0.994137
vn 0.421149 0.531800 -0.734726
vn 0.421149 0.531800 -0.734726
vn 0.421149 0.531800 -0.734726
vn 0.421149 0.531800 -0.734726
vn 0.313242 -0.117066 -0.942431
vn 0.313242 -0.117066 -0.942431
vn 0.313242 -0.117066 -0.942431
vn 0.313242 -0.117066 -0.942431
vn 0.177616 -0.553745 -0.813523
vn 0.177616 -0.553745 -0.813523
vn 0.126566 -0.725729 -0.676238
vn 0.127865 -0.722040 -0.679933
vn 0.021818 -0.965084 -0.261031
vn 0.021818 -0.965084 -0.261031
vn 0.011106 -0.980071 -0.198336
vn 0.016082 -0.973637 -0.227534
vn -0.015468 -0.999535 -0.026291
vn -0.022048 -0.999508 0.022292
vn -0.027391 -0.997700 0.061998
vn -0.027391 -0.997700 0.061998
vn 0.018297 -0.967952 0.250468
vn 0.018297 -0.967952 0.250468
vn 0.060854 -0.912171 0.405266
vn 0.061295 -0.911441 0.406839
vn 0.309965 0.221375 0.924616
vn 0.307213 0.177003 0.935035
vn 0.311251 0.484315 0.817656
vn 0.311001 0.488989 0.814965
vn 0.312004 0.947514 -0.069788
vn 0.312004 0.947514 -0.069788
vn 0.320130 0.926207 -0.199143
vn 0.319669 0.928570 -0.188598
vn 0.266328 0.793907 0.546609
vn 0.267369 0.790198 0.551453
vn 0.296977 0.640897 0.707853
vn 0.296230 0.646368 0.703176
vn 0.420403 0.886636 -0.192713
vn 0.418995 0.888789 -0.185734
vn 0.403032 0.908205 -0.112824
vn 0.403032 0.908205 -0.112824
vn 0.513180 0.827937 -0.226202
vn 0.514462 0.824406 -0.235972
vn 0.503930 0.847873 -0.164821
vn 0.503930 0.847873 -0.164821
vn 0.720250 0.559859 -0.409632
vn 0.623250 0.699365 -0.349926
vn 0.614166 0.760468 -0.210924
vn 0.718207 0.658359 -0.225258
vn 0.917044 -0.245743 -0.314072
vn 0.986555 -0.125031 -0.105250
vn 0.881758 -0.471681 -0.004393
vn 0.807127 -0.570486 -0.151959
vn 0.585370 -0.795784 0.155147
vn 0.545935 -0.836041 0.054684
vn 0.542544 -0.838723 0.046792
vn 0.585370 -0.795784 0.155147
vn 0.343455 -0.920150 0.188052
vn 0.324558 -0.937627 0.124569
vn 0.365923 -0.919996 0.140382
vn 0.382104 -0.903719 0.193104
vn 0.132814 -0.991107 -0.008261
vn 0.124309 -0.990507 0.058679
vn 0.118317 -0.987598 0.103208
vn 0.118317 -0.987598 0.103208
vn 0.043410 -0.999057 -0.000226
vn 0.041895 -0.998540 -0.034089
vn 0.046393 -0.996464 0.070059
vn 0.046393 -0.996464 0.070059
vn 0.378878 0.924900 0.031793
vn 0.378878 0.924900 0.031793
vn 0.364861 0.926822 0.088755
vn 0.368375 0.926649 0.074971
vn 0.474687 0.880088 -0.010817
vn 0.474687 0.880088 -0.010817
vn 0.460657 0.886273 0.048110
vn 0.461835 0.885902 0.043433
vn 0.655783 0.754943 0.003191
vn 0.581817 0.813003 -0.022713
vn 0.563125 0.825294 0.042197
vn 0.629901 0.775283 0.046489
vn 0.283460 0.956089 0.074462
vn 0.271735 0.954165 0.125421
vn 0.273852 0.954693 0.116478
vn 0.283460 0.956089 0.074462
vn 0.523828 0.611026 0.593508
vn 0.434799 0.638092 0.635444
vn 0.434619 0.554077 0.710003
vn 0.507623 0.497969 0.703098
vn 0.349720 0.736293 0.579283
vn 0.326283 0.760186 0.561833
vn 0.335068 0.673893 0.658482
vn 0.356458 0.646069 0.674931
vn 0.375820 0.705764 0.600547
vn 0.378782 0.615182 0.691430
vn 0.909775 0.188653 0.369755
vn 0.835956 0.340601 0.430311
vn 0.834198 0.038778 0.550100
vn 0.872766 -0.081620 0.481266
vn 0.702862 0.711018 0.020922
vn 0.689081 0.723229 0.045904
vn 0.764381 0.465206 -0.446436
vn 0.767746 0.597679 -0.230966
vn 0.069193 -0.954995 0.288438
vn 0.114651 -0.890487 0.440328
vn 0.114657 -0.890475 0.440349
vn 0.069193 -0.954995 0.288438
vn 0.339267 0.216130 0.915525
vn 0.335486 0.171399 0.926322
vn 0.346414 0.446702 0.824897
vn 0.345971 0.465241 0.814773
vn 0.173540 -0.918635 0.354957
vn 0.214017 -0.825132 0.522832
vn 0.214502 -0.823668 0.524938
vn 0.173540 -0.918634 0.354957
vn 0.351852 0.208803 0.912470
vn 0.346748 0.156251 0.924852
vn 0.369275 0.397417 0.840057
vn 0.371476 0.422999 0.826485
vn 0.266394 -0.202459 0.942361
vn 0.250226 -0.296133 0.921788
vn 0.392311 0.195201 0.898882
vn 0.386712 0.179807 0.904502
vn 0.423758 0.321539 0.846783
vn 0.428353 0.343434 0.835803
vn 0.437687 0.391744 0.809300
vn 0.437687 0.391744 0.809300
vn 0.375546 0.484169 0.790282
vn 0.375546 0.484169 0.790282
vn 0.342069 0.546046 0.764737
vn 0.342069 0.546046 0.764737
vn 0.460459 -0.752869 0.470283
vn 0.487674 -0.539285 0.686546
vn 0.439954 -0.631924 0.638054
vn 0.408005 -0.793291 0.451908
vn 0.671847 -0.488061 0.557152
vn 0.654637 -0.263060 0.708696
vn 0.665365 -0.336467 0.666393
vn 0.671847 -0.488061 0.557152
vn 0.424157 0.575475 -0.699228
vn 0.424157 0.575475 -0.699228
vn 0.424157 0.575475 -0.699228
vn 0.424157 0.575475 -0.699228
vn 0.369189 -0.091615 -0.924828
vn 0.369189 -0.091615 -0.924828
vn 0.369189 -0.091615 -0.924828
vn 0.369189 -0.091615 -0.924828
vn 0.159178 -0.737566 -0.656246
vn 0.200515 -0.665023 -0.719401
vn 0.254068 -0.552645 -0.793746
vn 0.254068 -0.552645 -0.793746
vn 0.085051 -0.842080 -0.532604
vn 0.085051 -0.842080 -0.532604
vn 0.044136 -0.971712 -0.232009
vn 0.042572 -0.977069 -0.208622
vn 0.047787 -0.956559 -0.287596
vn 0.047787 -0.956559 -0.287596
vn 0.525721 0.520297 -0.672985
vn 0.525721 0.520297 -0.672985
vn 0.525721 0.520297 -0.672985
vn 0.603931 0.086382 -0.792342
vn 0.603931 0.086382 -0.792342
vn 0.603931 0.086382 -0.792342
vn 0.603931 0.086382 -0.792342
vn 0.527637 -0.537720 -0.657615
vn 0.519344 -0.562333 -0.643478
vn 0.440695 -0.734190 -0.516481
vn 0.440695 -0.734190 -0.516481
vn 0.324684 -0.896091 -0.302657
vn 0.324684 -0.896091 -0.302657
vn 0.324684 -0.896091 -0.302657
vn 0.324684 -0.896091 -0.302657
vn 0.205756 -0.962869 -0.174778
vn 0.183977 -0.967901 -0.171233
vn 0.219901 -0.959323 -0.177041
vn 0.219901 -0.959323 -0.177041
vn 0.218675 -0.897379 -0.383265
vn 0.191366 -0.909009 -0.370245
vn 0.193565 -0.908111 -0.371304
vn 0.218675 -0.897379 -0.383265
vn 0.327257 -0.545977 -0.771241
vn 0.306207 -0.633191 -0.710849
vn 0.307373 -0.619352 -0.722444
vn 0.327257 -0.545977 -0.771241
vn 0.453858 -0.060359 -0.889028
vn 0.453858 -0.060359 -0.889028
vn 0.453858 -0.060359 -0.889028
vn 0.453858 -0.060359 -0.889028
vn 0.469999 0.545812 -0.693678
vn 0.469999 0.545812 -0.693678
vn 0.469999 0.545812 -0.693678
vn 0.470000 0.545812 -0.693678
vn 0.240177 -0.144496 -0.959915
vn 0.240177 -0.144496 -0.959915
vn 0.240177 -0.144496 -0.959915
vn 0.240177 -0.144496 -0.959915
vn 0.143961 -0.594983 -0.790741
vn 0.110640 -0.751429 -0.650471
vn 0.107593 -0.763100 -0.637262
vn 0.143961 -0.594983 -0.790740
vn 0.016373 -0.974618 -0.223277
vn 0.016373 -0.974617 -0.223277
vn 0.017515 -0.983696 -0.178987
vn 0.017932 -0.986567 -0.162369
vn 0.029659 -0.999322 0.021835
vn 0.027783 -0.999612 0.001956
vn 0.033440 -0.997500 0.062247
vn 0.033440 -0.997501 0.062247
vn 0.044233 -0.971786 0.231681
vn 0.044233 -0.971786 0.231681
vn 0.070232 -0.936207 0.344359
vn 0.074139 -0.929522 0.361236
vn 0.231835 0.202905 0.951358
vn 0.230621 0.175592 0.957069
vn 0.235223 0.390432 0.890075
vn 0.235223 0.390432 0.890075
vn 0.203214 0.979131 -0.002559
vn 0.229080 0.949998 -0.212194
vn 0.223382 0.961705 -0.158817
vn 0.203214 0.979131 -0.002559
vn 0.314298 0.496188 -0.809330
vn 0.314298 0.496188 -0.809330
vn 0.314298 0.496188 -0.809329
vn 0.314298 0.496188 -0.809329
vn 0.188226 0.819338 0.541531
vn 0.188288 0.819131 0.541823
vn 0.206228 0.749697 0.628828
vn 0.206228 0.749697 0.628828
vn 0.182551 0.977315 0.107384
vn 0.176925 0.972051 0.154320
vn 0.178477 0.973682 0.141740
vn 0.182551 0.977315 0.107384
vn 0.223860 0.063596 0.972544
vn 0.223860 0.063596 0.972544
vn 0.226709 0.612428 0.757321
vn 0.226709 0.612428 0.757321
vn 0.226709 0.612428 0.757321
vn 0.226709 0.612428 0.757321
vn 0.233873 0.511742 -0.826694
vn 0.233873 0.511742 -0.826694
vn 0.193073 0.534091 -0.823086
vn 0.192438 0.534428 -0.823016
vn 0.225811 -0.970690 0.082284
vn 0.363546 -0.928135 0.079998
vn 0.392236 -0.919693 0.017789
vn 0.235745 -0.971235 0.033588
vn 0.229617 -0.958785 -0.167352
vn 0.376034 -0.901921 -0.212454
vn 0.380062 -0.886158 -0.265099
vn 0.219105 -0.951304 -0.216827
vn 0.769294 -0.637225 -0.046159
vn 0.623832 -0.781418 -0.014818
vn 0.565899 -0.821693 0.067673
vn 0.760032 -0.648922 0.035380
vn 0.782093 -0.512976 -0.353817
vn 0.652902 -0.680608 -0.332403
vn 0.615623 -0.735570 -0.282746
vn 0.783295 -0.524530 -0.333642
vn 0.477690 -0.521033 -0.707345
vn 0.571513 -0.379332 -0.727653
vn 0.571513 -0.379332 -0.727653
vn 0.481536 -0.483218 -0.731179
vn 0.209554 -0.310407 -0.927219
vn 0.184907 -0.240162 -0.952960
vn 0.163489 -0.614116 -0.772096
vn 0.167103 -0.728447 -0.664410
vn 0.259066 -0.629368 -0.732653
vn 0.185231 -0.568975 -0.801223
vn 0.218958 -0.160075 -0.962514
vn 0.218958 -0.160075 -0.962514
vn 0.180166 -0.149840 -0.972157
vn 0.180160 -0.149839 -0.972158
vn 0.119122 0.992750 0.016038
vn 0.152176 0.971010 -0.184344
vn 0.146184 0.968284 -0.202623
vn 0.141838 0.989853 -0.008586
vn 0.112593 0.946111 0.303638
vn 0.110225 0.965563 0.235668
vn 0.225178 0.949328 0.219252
vn 0.219133 0.927357 0.303297
vn 0.169696 0.840231 0.514991
vn 0.157592 0.784626 0.599606
vn 0.121705 0.788051 0.603459
vn 0.114897 0.843472 0.524741
vn 0.140976 0.637217 0.757681
vn 0.140976 0.637217 0.757681
vn 0.154637 0.637051 0.755151
vn 0.151169 0.637105 0.755808
vn 0.173085 0.201696 0.964033
vn 0.155919 0.401372 0.902546
vn 0.157432 0.408590 0.899038
vn 0.179439 0.228671 0.956824
vn 0.179771 0.076996 0.980691
vn 0.188262 0.096578 0.977359
vn 0.201259 -0.914535 0.350887
vn 0.323426 -0.862734 0.388698
vn 0.328027 -0.910432 0.252015
vn 0.194203 -0.953399 0.230902
vn 0.734115 -0.516174 0.441179
vn 0.735744 -0.536854 0.412879
vn 0.730524 -0.628703 0.266584
vn 0.730524 -0.628703 0.266584
vn 0.019803 0.496722 -0.867684
vn 0.019922 0.505277 -0.862727
vn 0.020531 0.550705 -0.834448
vn 0.020531 0.550705 -0.834448
vn 0.448127 0.283159 0.847941
vn 0.427096 0.356117 0.831126
vn 0.495243 0.288148 0.819576
vn 0.482020 0.273498 0.832379
vn 0.559965 0.245941 0.791172
vn 0.559965 0.245941 0.791171
vn 0.518291 0.338695 0.785277
vn 0.475050 0.421197 0.772606
vn -0.339025 -0.518443 0.785035
vn -0.339025 -0.518443 0.785034
vn -0.339025 -0.518443 0.785035
vn -0.339025 -0.518443 0.785035
vn 0.436543 -0.506057 0.743866
vn 0.513432 -0.509572 0.690452
vn 0.274056 -0.486123 0.829806
vn 0.274056 -0.486123 0.829806
vn 0.852826 -0.520777 -0.038463
vn 0.852826 -0.520777 -0.038463
vn 0.844907 -0.523786 0.108538
vn 0.845063 -0.523810 0.107196
vn 0.694539 -0.515442 -0.501932
vn 0.732969 -0.517448 -0.441592
vn 0.779177 -0.515924 -0.355957
vn 0.779177 -0.515924 -0.355957
vn -0.854774 -0.477637 -0.203038
vn -0.854774 -0.477637 -0.203038
vn -0.863770 -0.496059 0.088467
vn -0.865846 -0.496145 0.064436
vn -0.271255 -0.472707 -0.838432
vn -0.291513 -0.473376 -0.831225
vn -0.614106 -0.468824 -0.634884
vn -0.589468 -0.467881 -0.658494
vn -0.363786 -0.643753 0.673232
vn -0.363786 -0.643753 0.673232
vn -0.363786 -0.643753 0.673232
vn -0.363786 -0.643753 0.673232
vn -0.770876 -0.636799 -0.015404
vn -0.770860 -0.636997 0.003123
vn -0.753165 -0.619826 -0.220359
vn -0.753165 -0.619826 -0.220359
vn 0.306241 -0.663342 0.682784
vn 0.363334 -0.662488 0.655056
vn 0.240004 -0.661075 0.710899
vn 0.240004 -0.661075 0.710899
vn 0.726593 -0.681664 0.086006
vn 0.722896 -0.681302 0.115104
vn 0.735079 -0.677319 -0.029964
vn 0.735079 -0.677319 -0.029964
vn 0.573882 -0.687209 -0.445424
vn 0.581062 -0.685273 -0.439054
vn 0.679517 -0.649480 -0.341221
vn -0.278217 -0.683866 -0.674480
vn -0.278217 -0.683866 -0.674479
vn -0.319657 -0.680634 -0.659209
vn -0.309586 -0.681548 -0.663061
vn -0.593236 -0.619296 -0.514338
vn -0.593236 -0.619296 -0.514338
vn -0.340655 -0.390266 0.855363
vn -0.340655 -0.390266 0.855363
vn -0.340655 -0.390266 0.855363
vn -0.340655 -0.390266 0.855363
vn 0.256979 -0.388732 0.884788
vn 0.256979 -0.388732 0.884788
vn 0.398394 -0.405525 0.822698
vn 0.433518 -0.408284 0.803347
vn 0.903281 -0.395710 0.165823
vn 0.909589 -0.395885 0.126184
vn 0.920138 -0.390933 -0.022732
vn 0.920138 -0.390933 -0.022732
vn 0.848621 -0.387733 -0.359869
vn 0.730114 -0.385477 -0.564217
vn 0.759328 -0.387803 -0.522523
vn 0.848621 -0.387733 -0.359869
vn -0.081381 -0.348507 -0.933767
vn -0.081381 -0.348507 -0.933767
vn -0.196763 -0.348736 -0.916334
vn -0.161261 -0.349173 -0.923078
vn -0.894128 -0.408027 -0.184524
vn -0.894128 -0.408027 -0.184524
vn -0.888988 -0.427578 0.163941
vn -0.890994 -0.427774 0.152116
vn -0.566482 -0.366854 -0.737913
vn -0.588727 -0.371530 -0.717890
vn -0.359333 -0.326376 0.874276
vn -0.359333 -0.326376 0.874276
vn -0.359333 -0.326376 0.874276
vn -0.359333 -0.326376 0.874276
vn 0.214252 -0.306446 0.927463
vn 0.214252 -0.306446 0.927463
vn 0.355684 -0.326166 0.875845
vn 0.341374 -0.324468 0.882148
vn 0.926147 -0.324078 0.192940
vn 0.935550 -0.322235 0.144604
vn 0.950313 -0.311039 -0.012618
vn 0.950313 -0.311039 -0.012618
vn 0.871343 -0.312253 -0.378498
vn 0.773152 -0.315698 -0.550064
vn 0.763229 -0.315416 -0.563910
vn 0.871343 -0.312253 -0.378498
vn 0.013198 -0.307122 -0.951578
vn 0.013198 -0.307122 -0.951579
vn -0.167261 -0.339310 -0.925685
vn -0.104473 -0.329325 -0.938419
vn -0.867860 -0.468831 0.164367
vn -0.871513 -0.471514 0.134680
vn -0.867078 -0.475705 -0.147917
vn -0.867078 -0.475705 -0.147917
vn -0.486947 -0.417395 -0.767245
vn -0.466587 -0.410837 -0.783268
vn -0.112570 -0.732366 -0.671541
vn 0.205698 -0.641286 -0.739216
vn 0.027418 -0.523097 -0.851832
vn -0.245174 -0.641226 -0.727131
vn 0.405957 -0.557887 -0.723851
vn 0.203203 -0.430915 -0.879216
vn -0.171746 -0.466401 -0.867741
vn -0.171746 -0.466401 -0.867741
vn 0.864844 -0.205132 -0.458220
vn 0.922026 -0.185989 -0.339524
vn 0.897141 -0.233944 -0.374711
vn 0.832628 -0.236771 -0.500669
vn 0.229627 -0.953550 -0.194973
vn 0.304647 -0.937299 -0.169295
vn 0.310309 -0.947454 0.077720
vn 0.233421 -0.970388 0.062146
vn -0.386636 -0.885348 -0.258209
vn -0.386636 -0.885348 -0.258209
vn -0.401174 -0.915818 0.018356
vn -0.400847 -0.915571 -0.032419
vn 0.251629 -0.729081 -0.636493
vn 0.334104 -0.728055 -0.598590
vn 0.328858 -0.728303 -0.601188
vn 0.251629 -0.729081 -0.636493
vn 0.290825 -0.493351 -0.819772
vn 0.459819 -0.508081 -0.728300
vn 0.403363 -0.505134 -0.762980
vn 0.290825 -0.493351 -0.819772
vn 0.329652 -0.356131 -0.874357
vn 0.484980 -0.371642 -0.791629
vn 0.438311 -0.368066 -0.820007
vn 0.329652 -0.356131 -0.874357
vn 0.374283 -0.283572 -0.882892
vn 0.495820 -0.297915 -0.815727
vn 0.477507 -0.296061 -0.827245
vn 0.374283 -0.283572 -0.882892
vn 0.871873 -0.269012 -0.409231
vn 0.894051 -0.296736 -0.335590
vn 0.900990 -0.234422 -0.365052
vn 0.876933 -0.233920 -0.419846
vn 0.144253 -0.983747 -0.106922
vn 0.144253 -0.983747 -0.106922
vn 0.315886 -0.948784 -0.005054
vn 0.285903 -0.958247 -0.004789
vn 0.460231 -0.879461 -0.121393
vn 0.460231 -0.879461 -0.121393
vn 0.637867 -0.679015 -0.363407
vn 0.764658 -0.376969 -0.522678
vn 0.701109 0.445713 -0.556584
vn 0.726839 0.338549 -0.597570
vn 0.620428 0.641304 -0.451441
vn 0.524938 0.778871 -0.343220
vn 0.524938 0.778871 -0.343220
vn 0.438281 0.849688 -0.293155
vn 0.438281 0.849688 -0.293155
vn 0.322731 0.892127 -0.316155
vn 0.322731 0.892127 -0.316155
vn 0.238360 0.918142 -0.316544
vn 0.238360 0.918142 -0.316544
vn 0.168592 0.939523 -0.298115
vn 0.146177 0.936731 -0.318069
vn 0.666160 -0.050480 0.744099
vn 0.674276 -0.082721 0.733832
vn 0.639986 -0.176098 0.747936
vn 0.636068 -0.116586 0.762775
vn 0.627561 -0.344995 0.697958
vn 0.627561 -0.344995 0.697958
vn 0.685906 -0.349801 0.638101
vn 0.661355 -0.348031 0.664443
vn 0.583927 0.017274 0.811622
vn 0.583927 0.017274 0.811622
vn 0.655745 0.006302 0.754956
vn 0.655745 0.006302 0.754956
vn 0.560004 0.162040 0.812489
vn 0.560004 0.162040 0.812489
vn 0.630918 0.165013 0.758099
vn 0.649727 0.165605 0.741910
vn 0.569763 0.338706 0.748765
vn 0.569763 0.338706 0.748765
vn 0.624319 0.336978 0.704750
vn 0.645618 0.335802 0.685867
vn 0.514504 0.685780 0.514773
vn 0.514504 0.685780 0.514773
vn 0.578099 0.650150 0.493058
vn 0.570338 0.654806 0.495926
vn 0.469569 0.882813 0.012088
vn 0.476473 0.865994 0.151751
vn 0.540617 0.828691 0.144929
vn 0.540941 0.841026 0.007569
vn 0.603956 0.508061 0.614093
vn 0.605349 0.507315 0.613338
vn 0.557568 0.531501 0.637672
vn 0.557568 0.531501 0.637672
vn 0.948077 0.260886 0.181905
vn 0.962031 0.191215 0.194766
vn 0.931972 0.244865 0.267338
vn 0.933603 0.273119 0.231932
vn 0.966158 -0.232689 -0.111336
vn 0.975735 -0.195023 -0.099539
vn 0.993535 -0.046940 -0.103367
vn 0.992970 -0.079992 -0.087252
vn 0.869134 -0.285313 0.403983
vn 0.891619 -0.298442 0.340512
vn 0.891142 -0.298152 0.342011
vn 0.869134 -0.285313 0.403983
vn 0.921962 -0.370947 -0.111289
vn 0.929342 -0.366098 -0.047916
vn 0.929701 -0.365719 -0.043654
vn 0.921962 -0.370947 -0.111289
vn 0.861477 -0.051943 0.505133
vn 0.891349 -0.090906 0.444109
vn 0.890602 -0.089844 0.445820
vn 0.861477 -0.051943 0.505133
vn 0.980858 -0.176798 -0.081613
vn 0.983139 -0.182337 -0.013810
vn 0.983122 -0.182779 -0.007913
vn 0.980858 -0.176798 -0.081613
vn 0.824832 0.154253 0.543929
vn 0.853311 0.129792 0.504989
vn 0.857917 0.125585 0.498204
vn 0.824832 0.154253 0.543929
vn 0.993832 0.105796 -0.033234
vn 0.994033 0.098038 0.047817
vn 0.993732 0.097318 0.055002
vn 0.993832 0.105796 -0.033234
vn 0.842103 0.535116 0.067185
vn 0.842275 0.534710 0.068250
vn 0.838943 0.542036 0.048706
vn 0.838943 0.542036 0.048706
vn 0.943002 0.075594 0.324089
vn 0.965740 0.081984 0.246223
vn 0.968812 0.082965 0.233497
vn 0.943002 0.075594 0.324089
vn 0.954181 -0.173186 0.244018
vn 0.971049 -0.180078 0.156957
vn 0.971910 -0.180492 0.151040
vn 0.954181 -0.173186 0.244018
vn 0.927707 -0.337469 0.159604
vn 0.932286 -0.347487 0.100475
vn 0.932107 -0.346923 0.104023
vn 0.927707 -0.337469 0.159604
vn 0.994589 -0.102442 -0.017291
vn 0.996300 -0.074595 0.042696
vn 0.990703 0.134897 -0.017638
vn 0.995718 0.073474 -0.056101
vn 0.113695 0.928867 0.352534
vn 0.188136 0.916397 0.353300
vn 0.154872 0.916869 0.367922
vn 0.161620 0.934758 0.316397
vn 0.161750 0.935086 0.315358
vn 0.154872 0.916869 0.367922
vn 0.249011 0.851947 0.460629
vn 0.247542 0.856669 0.452594
vn 0.240664 0.922681 0.301231
vn 0.239764 0.919420 0.311738
vn 0.324254 0.901899 0.285373
vn 0.321925 0.898795 0.297544
vn 0.305106 0.874421 0.377225
vn 0.305106 0.874421 0.377225
vn 0.397140 0.874871 0.277274
vn 0.395713 0.872954 0.285243
vn 0.375243 0.843383 0.384575
vn 0.375243 0.843383 0.384575
vn 0.475619 0.784265 0.398391
vn 0.517165 0.793715 0.320246
vn 0.479206 0.822210 0.307137
vn 0.444451 0.794999 0.412844
vn 0.949284 0.305708 0.073500
vn 0.948822 0.305334 0.080670
vn 0.951046 0.308888 -0.010009
vn 0.951046 0.308888 -0.010009
vn 0.816714 0.471957 0.332017
vn 0.816714 0.471957 0.332017
vn 0.816714 0.471958 0.332017
vn 0.816714 0.471957 0.332017
vn 0.901071 0.285269 0.326638
vn 0.901071 0.285269 0.326638
vn 0.901071 0.285269 0.326638
vn 0.901071 0.285269 0.326638
vn 0.785676 0.302874 0.539427
vn 0.805696 0.293482 0.514512
vn 0.811579 0.290575 0.506858
vn 0.785676 0.302874 0.539427
vn 0.443312 0.247680 0.861469
vn 0.474135 0.264830 0.839679
vn 0.276813 -0.204936 0.938816
vn 0.261440 -0.271662 0.926201
vn 0.312396 -0.186235 0.931518
vn 0.304970 -0.236334 0.922572
vn 0.345472 0.073501 0.935546
vn 0.364978 -0.701104 0.612572
vn 0.325586 -0.846965 0.420290
vn 0.277391 -0.952506 0.125648
vn 0.288268 -0.940401 0.180408
vn 0.248305 -0.968672 -0.004454
vn 0.167926 -0.971279 -0.168574
vn 0.167926 -0.971279 -0.168574
vn 0.149011 -0.925019 -0.349479
vn 0.149011 -0.925019 -0.349479
vn 0.238581 -0.788771 -0.566498
vn 0.134797 -0.840809 -0.524280
vn 0.073616 -0.851838 -0.518606
vn 0.073616 -0.851838 -0.518606
vn 0.071932 -0.874836 -0.479049
vn 0.071932 -0.874836 -0.479049
vn 0.214115 -0.851052 -0.479444
vn 0.164410 -0.871464 -0.462082
vn 0.249964 -0.198576 -0.947674
vn 0.285795 -0.277802 -0.917141
vn 0.777031 0.400447 0.485659
vn 0.777031 0.400447 0.485659
vn 0.777031 0.400447 0.485659
vn 0.777031 0.400447 0.485659
vn 0.022575 0.966405 -0.256029
vn 0.028925 0.966294 -0.255812
vn 0.219553 0.939524 -0.262853
vn 0.226186 0.937751 -0.263560
vn 0.203966 0.835878 -0.509614
vn 0.239445 0.706593 -0.665877
vn 0.228880 0.752519 -0.617518
vn 0.203966 0.835878 -0.509614
vn 0.920594 -0.191012 -0.340619
vn 0.918193 -0.191420 -0.346814
vn 0.852743 -0.194723 -0.484677
vn 0.854101 -0.194771 -0.482260
vn 0.941923 0.140903 -0.304840
vn 0.944538 0.139910 -0.297107
vn 0.870524 0.157788 -0.466145
vn 0.869059 0.158001 -0.468798
vn 0.897217 0.370541 -0.240210
vn 0.902503 0.366747 -0.225797
vn 0.829864 0.406523 -0.382183
vn 0.830845 0.406106 -0.380491
vn 0.731949 0.617545 -0.287905
vn 0.726861 0.619907 -0.295615
vn 0.805100 0.579222 -0.127734
vn 0.807779 0.577448 -0.118522
vn 0.757618 -0.189282 -0.624649
vn 0.756606 -0.189207 -0.625898
vn 0.703485 -0.184823 -0.686258
vn 0.703485 -0.184823 -0.686258
vn 0.757787 0.171643 -0.629522
vn 0.751415 0.172288 -0.636940
vn 0.706064 0.176243 -0.685866
vn 0.706064 0.176243 -0.685866
vn 0.692702 0.463577 -0.552503
vn 0.693912 0.463122 -0.551366
vn 0.647849 0.479014 -0.592315
vn 0.647849 0.479014 -0.592315
vn 0.567912 0.704261 -0.426020
vn 0.567912 0.704261 -0.426020
vn 0.589022 0.692836 -0.415972
vn 0.610282 0.680616 -0.405361
vn 0.475327 0.864835 -0.161632
vn 0.528701 0.832690 -0.164632
vn 0.540421 0.811274 -0.223113
vn 0.486799 0.840330 -0.238479
vn 0.566644 -0.818743 0.092598
vn 0.569394 -0.819705 -0.062249
vn 0.581307 -0.630872 0.513890
vn 0.581307 -0.630872 0.513890
vn 0.671310 -0.500819 0.546373
vn 0.671310 -0.500819 0.546373
vn 0.676223 -0.407325 0.613847
vn 0.676223 -0.407325 0.613847
vn 0.645025 -0.342540 0.683088
vn 0.645025 -0.342540 0.683088
vn 0.670311 -0.198334 0.715085
vn 0.648935 -0.245056 0.720300
vn 0.808138 -0.052293 0.586667
vn 0.807966 -0.041675 0.587754
vn 0.805548 -0.071982 0.588142
vn 0.804419 -0.081864 0.588395
vn 0.771985 -0.092902 0.628816
vn 0.794651 -0.084044 0.601220
vn 0.675800 -0.096888 0.730690
vn 0.675800 -0.096888 0.730690
vn 0.547563 -0.041250 0.835747
vn 0.547563 -0.041250 0.835747
vn 0.408028 0.228046 0.884029
vn 0.392045 0.299570 0.869803
vn 0.360171 0.416280 0.834858
vn 0.385744 0.561488 0.732074
vn 0.385744 0.561488 0.732075
vn 0.709372 0.064607 0.701867
vn 0.717465 0.061928 0.693837
vn 0.726871 -0.351809 0.589822
vn 0.726871 -0.351809 0.589822
vn 0.743650 -0.008557 0.668514
vn 0.743650 -0.008557 0.668514
vn 0.720263 0.166945 0.673314
vn 0.720263 0.166944 0.673314
vn 0.716002 0.329540 0.615423
vn 0.716002 0.329540 0.615423
vn 0.685747 0.459565 0.564403
vn 0.685747 0.459565 0.564403
vn 0.660542 0.594666 0.458318
vn 0.660542 0.594666 0.458319
vn 0.636542 0.763034 0.112222
vn 0.632299 0.774723 0.001321
vn 0.618852 0.773684 -0.135778
vn 0.610211 0.766396 -0.200696
vn 0.046069 0.995454 -0.083365
vn 0.047241 0.995401 -0.083339
vn 0.198734 0.976057 -0.088419
vn 0.208453 0.973944 -0.089337
vn 0.463284 0.880951 -0.096401
vn 0.538229 0.837561 -0.093818
vn 0.623320 0.776798 -0.089761
vn 0.820677 0.567141 -0.069574
vn 0.820677 0.567141 -0.069574
vn 0.927960 0.343768 -0.143920
vn 0.927960 0.343768 -0.143920
vn 0.972012 0.126589 -0.197911
vn 0.972012 0.126589 -0.197911
vn 0.950142 -0.184344 -0.251490
vn 0.950142 -0.184344 -0.251490
vn 0.638956 -0.429220 -0.638361
vn 0.638956 -0.429220 -0.638361
vn 0.638956 -0.429220 -0.638361
vn 0.638956 -0.429220 -0.638361
vn 0.744720 -0.419513 -0.519039
vn 0.744720 -0.419512 -0.519039
vn 0.744720 -0.419513 -0.519039
vn 0.744720 -0.419513 -0.519039
vn 0.826829 -0.403602 -0.391738
vn 0.826830 -0.403602 -0.391738
vn 0.826830 -0.403602 -0.391738
vn 0.826829 -0.403602 -0.391738
vn 0.893688 -0.376812 -0.243585
vn 0.893688 -0.376812 -0.243585
vn 0.893688 -0.376812 -0.243585
vn 0.893688 -0.376812 -0.243585
vn 0.981943 0.056488 -0.180546
vn 0.976020 -0.046937 -0.212563
vn 0.926813 0.369134 -0.068981
vn 0.926813 0.369134 -0.068981
vn 0.843651 0.459216 -0.278160
vn 0.836219 0.476019 -0.272294
vn 0.687293 0.705649 -0.172302
vn 0.687293 0.705649 -0.172302
vn -0.669829 -0.468869 -0.575753
vn -0.669829 -0.468869 -0.575753
vn -0.690562 -0.389593 -0.609378
vn -0.690562 -0.389593 -0.609378
vn -0.597404 -0.449335 -0.664234
vn -0.597403 -0.449335 -0.664234
vn -0.262467 -0.734509 -0.625786
vn -0.338586 -0.671786 -0.658835
vn 0.066772 0.347073 -0.935458
vn -0.007626 0.294361 -0.955664
vn 0.224204 0.106209 -0.968738
vn 0.189906 0.182796 -0.964635
vn 0.260815 -0.021108 -0.965158
vn 0.255422 -0.000835 -0.966829
vn 0.269558 -0.080153 -0.959643
vn 0.269558 -0.080153 -0.959643
vn 0.216111 -0.126270 -0.968169
vn 0.149525 -0.147898 -0.977634
vn 0.022743 -0.080411 -0.996502
vn -0.014509 -0.025085 -0.999580
vn 0.019052 0.444503 -0.895575
vn 0.019052 0.444503 -0.895575
vn 0.265492 0.541051 -0.797984
vn 0.265492 0.541051 -0.797984
vn 0.542851 0.528173 -0.652952
vn 0.685867 0.275847 -0.673420
vn 0.662158 0.327707 -0.673910
vn 0.542851 0.528173 -0.652952
vn 0.493888 -0.408041 -0.767839
vn 0.554807 -0.328530 -0.764367
vn 0.555336 -0.327791 -0.764300
vn 0.493888 -0.408041 -0.767839
vn 0.151381 -0.131337 0.979711
vn -0.031699 -0.131218 0.990847
vn -0.037336 -0.156863 0.986915
vn 0.177156 -0.144358 0.973538
vn -0.019754 -0.037073 0.999117
vn -0.015676 -0.036940 0.999195
vn 0.156925 -0.026753 0.987248
vn 0.165459 -0.026089 0.985872
vn 0.004815 0.165064 0.986271
vn -0.000154 0.162997 0.986627
vn 0.175541 0.213956 0.960941
vn 0.177427 0.214350 0.960507
vn 0.023205 0.232237 0.972382
vn 0.023587 0.232203 0.972381
vn 0.176289 0.241698 0.954203
vn 0.190248 0.243104 0.951160
vn -0.008226 0.051829 0.998622
vn -0.006571 0.050601 0.998697
vn 0.200352 0.021695 0.979484
vn 0.220476 0.025985 0.975046
vn 0.224213 -0.339383 0.913536
vn -0.050153 -0.335107 0.940844
vn -0.048097 -0.226302 0.972869
vn 0.233493 -0.228918 0.945028
vn -0.020855 -0.339686 0.940308
vn -0.027848 -0.341406 0.939503
vn 0.235824 -0.298631 0.924774
vn 0.227348 -0.299792 0.926519
vn -0.001761 0.004539 0.999988
vn -0.006137 0.004289 0.999972
vn 0.257482 0.037805 0.965543
vn 0.251997 0.036842 0.967026
vn 0.005551 0.141228 0.989962
vn 0.008573 0.141186 0.989946
vn 0.278736 0.145217 0.949325
vn 0.284423 0.145367 0.947614
vn 0.027533 0.335202 0.941744
vn 0.029291 0.335106 0.941725
vn 0.294547 0.329303 0.897107
vn 0.303832 0.329207 0.894041
vn 0.040235 0.780339 0.624062
vn 0.040340 0.780335 0.624059
vn 0.251163 0.760743 0.598488
vn 0.254252 0.760265 0.597791
vn 0.056309 0.996375 0.063766
vn 0.051768 0.996617 0.063840
vn 0.204330 0.977538 0.051666
vn 0.216727 0.974958 0.049864
vn -0.095926 -0.142414 -0.985148
vn 0.231789 -0.113812 -0.966085
vn 0.173918 -0.392209 -0.903285
vn -0.134269 -0.400716 -0.906311
vn 0.654423 -0.057886 -0.753910
vn 0.622723 -0.289762 -0.726811
vn 0.831170 -0.023870 -0.555506
vn 0.807318 -0.210386 -0.551340
vn 0.896613 -0.057471 -0.439070
vn 0.909608 -0.066231 -0.410154
vn 0.896048 -0.131870 -0.423920
vn 0.881670 -0.176802 -0.437491
vn 0.960906 -0.072636 -0.267176
vn 0.947878 -0.103537 -0.301342
vn 0.980142 -0.069433 -0.185742
vn 0.973917 -0.092440 -0.207222
vn 0.996109 -0.079267 0.038507
vn 0.976852 -0.096577 0.190877
vn 0.973830 -0.119562 0.193287
vn 0.994209 -0.102502 0.032293
vn 0.795220 -0.148168 0.587939
vn 0.632149 -0.200185 0.748541
vn 0.601111 -0.233105 0.764414
vn 0.767861 -0.177069 0.615658
vn 0.532523 -0.223119 0.816478
vn 0.496439 -0.269173 0.825284
vn -0.021338 -0.334324 0.942217
vn -0.003346 -0.377226 0.926115
vn 0.074228 -0.370771 0.925753
vn 0.104149 -0.299813 0.948296
vn 0.475898 0.845854 0.240939
vn 0.539526 0.812295 0.221560
vn 0.634844 0.749397 0.188089
vn 0.844517 0.529086 0.082821
vn 0.844517 0.529086 0.082821
vn 0.943865 0.302069 0.133690
vn 0.943865 0.302069 0.133690
vn 0.169443 0.955958 0.239651
vn 0.168659 0.953583 0.249468
vn 0.251998 0.940882 0.226357
vn 0.249148 0.937869 0.241510
vn 0.340189 0.917356 0.206709
vn 0.335508 0.913727 0.229212
vn 0.417544 0.886002 0.201641
vn 0.416971 0.885857 0.203455
vn 0.546070 0.807530 0.222941
vn 0.509437 0.833089 0.215492
vn 0.616782 0.759060 0.208344
vn 0.622196 0.383269 0.682625
vn 0.629389 0.560680 0.538059
vn 0.521543 0.230708 0.821442
vn 0.590879 0.026012 0.806341
vn 0.585315 0.046114 0.809494
vn 0.521543 0.230708 0.821442
vn 0.426365 -0.340725 0.837925
vn 0.446919 -0.226901 0.865320
vn 0.407541 -0.079864 0.909688
vn 0.384815 -0.140851 0.912184
vn 0.348564 -0.229132 0.908846
vn 0.371041 -0.422806 0.826779
vn 0.275104 -0.525410 0.805147
vn 0.272061 -0.550868 0.789004
vn 0.201108 -0.596005 0.777389
vn 0.201488 -0.593715 0.779041
vn 0.188016 -0.580340 0.792373
vn 0.173903 -0.633608 0.753856
vn 0.161988 -0.635469 0.754943
vn 0.152313 -0.686028 0.711453
vn 0.183456 -0.492282 0.850884
vn 0.183456 -0.492282 0.850883
vn 0.107164 0.981285 0.159985
vn 0.213037 0.972673 0.092313
vn 0.106330 0.985482 0.132359
vn 0.192840 0.979545 0.057476
vn 0.293892 -0.379338 0.877343
vn 0.310460 -0.538463 0.783372
vn 0.225276 -0.654317 0.721886
vn 0.223075 -0.462163 0.858279
vn -0.170285 -0.702662 -0.690846
vn 0.050712 -0.712860 -0.699471
vn 0.451923 -0.616495 -0.644748
vn 0.662470 -0.497167 -0.560321
vn 0.785351 -0.301790 -0.540506
vn 0.835371 -0.237225 -0.495862
vn 0.917347 -0.153174 -0.367441
vn 0.951127 -0.138203 -0.276149
vn 0.991030 -0.132911 0.013946
vn 0.969512 -0.141318 0.200191
vn 0.714304 -0.179244 0.676492
vn 0.532132 -0.237960 0.812534
vn 0.396850 -0.254376 0.881931
vn 0.070846 -0.541788 0.837524
vn 0.093739 -0.649631 0.754449
vn -0.097965 -0.585364 0.804830
vn -0.021831 -0.536835 0.843405
vn -0.280577 -0.953492 -0.110130
vn -0.535676 -0.837078 -0.111140
vn -0.554690 -0.823128 0.121567
vn -0.309758 -0.946448 0.091031
vn -0.226698 -0.443367 0.867199
vn -0.092209 -0.461346 0.882415
vn -0.260776 -0.469243 0.843687
vn -0.010237 -0.468039 0.883649
vn 0.140397 -0.318643 0.937420
vn 0.157440 -0.262476 0.952008
vn 0.222551 -0.184304 0.957342
vn 0.242801 -0.181630 0.952921
vn 0.257882 -0.183920 0.948510
vn 0.255164 -0.171108 0.951637
vn 0.242490 -0.135918 0.960586
vn 0.238909 -0.132646 0.961939
vn 0.236449 -0.020456 0.971429
vn 0.236449 -0.020456 0.971429
vn 0.241911 0.115134 0.963443
vn 0.241911 0.115134 0.963443
vn 0.166876 0.095434 0.981348
vn 0.173797 0.097265 0.979967
vn 0.248151 0.228608 0.941360
vn 0.248151 0.228608 0.941360
vn 0.263452 0.249708 0.931793
vn 0.263452 0.249708 0.931793
vn 0.316166 0.046515 0.947563
vn 0.316166 0.046515 0.947563
vn 0.353208 -0.219285 0.909482
vn 0.344512 -0.323457 0.881299
vn 0.355945 -0.279359 0.891774
vn 0.355945 -0.279359 0.891774
vn 0.364391 0.056623 0.929523
vn 0.364391 0.056623 0.929523
vn 0.388257 0.147215 0.909717
vn 0.388257 0.147215 0.909717
vn 0.405864 0.325973 0.853824
vn 0.405864 0.325973 0.853824
vn 0.382856 0.591744 0.709409
vn 0.382856 0.591744 0.709409
vn 0.276052 0.632382 0.723802
vn 0.266671 0.635493 0.724593
vn 0.354328 0.740201 0.571449
vn 0.354328 0.740201 0.571449
vn 0.336615 0.908292 0.248386
vn 0.336615 0.908292 0.248386
vn 0.249617 0.935810 0.248898
vn 0.241467 0.937962 0.248841
vn 0.302883 0.952310 0.036970
vn 0.302883 0.952310 0.036970
vn 0.299034 0.949243 -0.097549
vn 0.299034 0.949243 -0.097549
vn 0.319211 0.907741 -0.272234
vn 0.319211 0.907741 -0.272234
vn 0.366060 0.794953 -0.483787
vn 0.366060 0.794953 -0.483787
vn 0.262493 0.829252 -0.493395
vn 0.230872 0.837588 -0.495121
vn 0.429915 0.560935 -0.707478
vn 0.429915 0.560935 -0.707478
vn 0.295090 0.600513 -0.743172
vn 0.269727 0.606396 -0.748019
vn 0.465798 0.220885 -0.856879
vn 0.469715 0.031047 -0.882272
vn 0.308955 0.076791 -0.947972
vn 0.299201 0.259438 -0.918243
vn 0.457449 -0.150598 -0.876391
vn 0.289772 -0.123662 -0.949073
vn 0.412656 -0.426394 -0.804925
vn 0.412656 -0.426394 -0.804925
vn 0.273705 -0.415023 -0.867664
vn 0.286438 -0.416440 -0.862862
vn 0.212556 -0.436617 -0.874177
vn 0.341614 -0.391276 -0.854519
vn 0.309280 -0.548461 -0.776876
vn 0.214594 -0.557590 -0.801899
vn 0.253190 0.107518 -0.961423
vn 0.253190 0.107518 -0.961423
vn 0.167264 -0.028172 -0.985510
vn 0.173800 -0.018115 -0.984614
vn 0.084671 0.265691 -0.960333
vn 0.084671 0.265691 -0.960333
vn 0.062871 0.198769 -0.978028
vn 0.066062 0.208567 -0.975774
vn 0.046410 0.074153 -0.996166
vn 0.046410 0.074153 -0.996166
vn 0.034381 0.103317 -0.994054
vn 0.036088 0.099192 -0.994414
vn 0.098386 -0.008916 -0.995108
vn 0.098386 -0.008916 -0.995108
vn 0.052494 0.035009 -0.998007
vn 0.065878 0.022234 -0.997580
vn 0.139203 -0.018937 -0.990083
vn 0.139203 -0.018937 -0.990083
vn 0.087599 0.001844 -0.996154
vn 0.089005 0.001279 -0.996030
vn 0.149618 -0.029995 -0.988289
vn 0.149618 -0.029995 -0.988289
vn 0.083712 -0.037532 -0.995783
vn 0.086999 -0.037161 -0.995515
vn 0.061937 -0.048355 -0.996908
vn 0.125740 -0.026683 -0.991704
vn 0.105847 -0.010136 -0.994331
vn 0.039604 -0.048227 -0.998051
vn 0.055661 0.040674 -0.997621
vn 0.025516 0.068209 -0.997345
vn -0.023396 0.015190 -0.999611
vn 0.011314 -0.005776 -0.999919
vn -0.157243 0.162660 -0.974072
vn -0.230409 0.137372 -0.963349
vn -0.208388 0.026388 -0.977690
vn -0.141628 0.067326 -0.987628
vn -0.412065 -0.165036 -0.896084
vn -0.416314 -0.353548 -0.837667
vn -0.321203 -0.374759 -0.869704
vn -0.338600 -0.202580 -0.918864
vn -0.289482 -0.731414 -0.617442
vn -0.289482 -0.731413 -0.617442
vn -0.205728 -0.713434 -0.669842
vn -0.202685 -0.712655 -0.671596
vn -0.319056 -0.779104 -0.539630
vn -0.319056 -0.779104 -0.539630
vn -0.205781 -0.828107 -0.521434
vn -0.198800 -0.830667 -0.520068
vn -0.145169 -0.823669 0.548174
vn 0.004311 0.641086 -0.767457
vn 0.007934 0.640929 -0.767560
vn -0.013958 0.120463 -0.992620
vn -0.008188 0.298292 -0.954440
vn -0.021306 -0.084055 -0.996233
vn -0.022901 -0.374022 -0.927137
vn -0.019618 -0.374538 -0.927004
vn -0.035168 -0.549685 -0.834631
vn -0.028850 -0.488761 -0.871941
vn -0.036150 -0.183605 -0.982335
vn -0.027888 -0.183267 -0.982668
vn -0.050095 0.108521 -0.992831
vn -0.040696 0.109290 -0.993176
vn -0.053496 0.140030 -0.988701
vn -0.054186 0.140072 -0.988658
vn -0.055976 0.080663 -0.995168
vn -0.058009 0.080784 -0.995042
vn -0.047545 0.042526 -0.997963
vn -0.047112 0.042455 -0.997987
vn -0.042079 -0.040292 -0.998302
vn -0.043986 -0.040114 -0.998226
vn -0.032467 -0.064180 -0.997410
vn -0.024077 -0.053351 -0.998286
vn -0.037405 -0.055295 -0.997769
vn -0.033242 -0.074399 -0.996674
vn -0.059121 -0.088832 -0.994291
vn -0.051057 -0.056651 -0.997088
vn -0.049694 -0.378285 -0.924354
vn -0.062077 -0.253255 -0.965406
vn -0.014151 -0.692955 -0.720842
vn -0.005747 -0.692592 -0.721307
vn 0.018500 -0.861586 -0.507274
vn 0.017076 -0.861678 -0.507168
vn 0.252244 -0.369341 -0.894405
vn -0.029273 -0.432245 -0.901281
vn -0.018393 -0.445412 -0.895137
vn 0.312664 -0.392200 -0.865113
vn 0.388509 -0.355749 -0.850002
vn 0.372447 -0.317727 -0.871971
vn 0.637724 -0.172745 -0.750644
vn 0.648581 -0.144456 -0.747312
vn 0.666346 -0.093973 -0.739698
vn 0.666346 -0.093973 -0.739697
vn 0.811584 -0.077924 -0.579016
vn 0.812419 -0.073544 -0.578418
vn 0.817282 -0.046031 -0.574396
vn 0.817282 -0.046031 -0.574396
vn 0.885886 -0.064720 -0.459367
vn 0.885886 -0.064720 -0.459367
vn 0.891432 -0.075472 -0.446825
vn 0.890763 -0.074147 -0.448379
vn 0.938349 -0.073164 -0.337857
vn 0.938349 -0.073164 -0.337857
vn 0.937375 -0.105798 -0.331867
vn 0.936612 -0.120226 -0.329095
vn 0.991380 -0.096927 -0.088158
vn 0.994354 -0.099991 -0.035535
vn 0.985254 -0.164987 -0.045308
vn 0.980910 -0.166937 -0.099735
vn 0.984363 -0.153142 0.087041
vn 0.988828 -0.109475 0.101166
vn 0.975875 -0.115226 0.185449
vn 0.975043 -0.136864 0.174813
vn 0.895010 -0.183104 0.406731
vn 0.905174 -0.135590 0.402833
vn 0.940915 -0.092642 0.325723
vn 0.920462 -0.155696 0.358481
vn 0.705421 -0.344553 0.619407
vn 0.826941 -0.079994 0.556569
vn 0.768120 -0.295287 0.568153
vn 0.716322 -0.250894 0.651103
vn 0.691556 -0.307932 0.653398
vn 0.710250 -0.245940 0.659589
vn 0.314399 -0.578851 0.752386
vn 0.353322 -0.452534 0.818766
vn 0.239043 -0.463024 0.853503
vn 0.216348 -0.565009 0.796215
vn 0.557639 -0.428200 -0.711114
vn 0.557639 -0.428200 -0.711114
vn 0.790700 -0.202237 -0.577835
vn 0.931947 -0.020939 -0.361990
vn 0.978310 0.123778 -0.166101
vn 0.801959 0.512764 0.306489
vn 0.870545 0.434205 0.231554
vn 0.629654 0.636832 0.444950
vn 0.530479 0.674945 0.512876
vn 0.431560 0.693300 0.577141
vn 0.371524 0.750884 0.546026
vn 0.342916 0.776482 0.528663
vn 0.320456 0.795267 0.514643
vn 0.177147 0.853610 0.489865
vn 0.177147 0.853610 0.489865
vn 0.109451 0.877846 0.466269
vn 0.194444 0.865683 0.461286
vn 0.971511 0.195281 0.134287
vn 0.963271 0.243245 0.113760
vn 0.952811 -0.103663 0.285315
vn 0.939354 -0.132004 0.316526
vn 0.904740 -0.306717 0.295584
vn 0.904740 -0.306717 0.295584
vn 0.907129 -0.114789 0.404896
vn 0.907129 -0.114789 0.404896
vn 0.871257 0.112937 0.477657
vn 0.871257 0.112937 0.477657
vn 0.822245 0.285120 0.492565
vn 0.822245 0.285120 0.492565
vn 0.256250 -0.778498 -0.572955
vn 0.723974 -0.451159 0.521840
vn 0.723974 -0.451159 0.521840
vn 0.877493 -0.211553 0.430408
vn 0.906262 -0.143813 0.397500
vn 0.923785 -0.084867 0.373389
vn 0.927561 -0.069042 0.367239
vn 0.940412 -0.031476 0.338577
vn 0.945976 -0.035072 0.322333
vn 0.933556 -0.132431 0.333071
vn 0.944726 -0.108747 0.309301
vn 0.918922 -0.147364 0.365877
vn 0.906022 -0.189798 0.378288
vn 0.890765 -0.254961 0.376208
vn 0.881215 -0.324686 0.343569
vn 0.881215 -0.324686 0.343569
vn 0.873774 -0.390960 0.289257
vn 0.873774 -0.390960 0.289257
vn 0.821827 -0.516674 0.240101
vn 0.821827 -0.516674 0.240101
vn 0.700005 -0.673102 0.238593
vn 0.700005 -0.673102 0.238593
vn 0.285115 -0.894432 0.344530
vn 0.543573 -0.789224 0.285750
vn 0.218390 -0.909133 0.354658
vn -0.386254 -0.879184 0.279004
vn -0.386254 -0.879184 0.279004
vn -0.751041 -0.623077 0.218433
vn -0.751041 -0.623077 0.218433
vn -0.809025 -0.476535 0.344083
vn -0.809025 -0.476535 0.344083
vn -0.817900 -0.409362 0.404306
vn -0.817900 -0.409362 0.404305
vn -0.810020 -0.431898 0.396651
vn -0.810020 -0.431898 0.396651
vn -0.546816 -0.775187 0.316350
vn -0.308116 -0.906197 0.289606
vn 0.286120 -0.558339 -0.778712
vn 0.202016 -0.531852 -0.822389
vn 0.145010 -0.140416 -0.979416
vn 0.145010 -0.140416 -0.979416
vn 0.151913 0.555247 -0.817694
vn 0.151913 0.555247 -0.817694
vn 0.122528 0.932888 -0.338684
vn 0.139665 0.961821 -0.235359
vn 0.167085 0.985280 -0.036148
vn 0.253316 0.967378 0.003315
vn 0.289893 0.955730 0.050429
vn 0.342701 0.919024 0.194813
vn 0.340650 0.894412 0.289801
vn 0.319543 0.880727 0.349590
vn 0.244254 0.855427 0.456710
vn 0.226438 0.833039 0.504749
vn 0.188905 0.780772 0.595576
vn 0.164365 0.636857 0.753258
vn 0.164365 0.636857 0.753258
vn 0.158678 0.414553 0.896085
vn 0.182141 0.266111 0.946578
vn 0.199725 0.123268 0.972067
vn 0.366667 -0.405342 0.837409
vn 0.339048 -0.321623 0.884084
vn 0.446701 -0.765342 0.463367
vn 0.442420 -0.856258 0.266623
vn 0.104835 -0.804067 0.585222
vn -0.100467 -0.991786 0.079166
vn -0.099717 -0.989490 -0.104723
vn 0.022653 0.865845 -0.499799
vn 0.026299 0.865743 -0.499798
vn -0.009181 0.067542 0.997674
vn -0.009515 0.067540 0.997671
vn 0.051040 0.966077 0.253162
vn 0.048528 0.966173 0.253290
vn 0.036466 0.680207 0.732112
vn 0.041370 0.679922 0.732117
vn -0.033832 -0.495127 0.868162
vn -0.049544 -0.611301 0.789846
vn -0.098016 -0.962719 0.252120
vn -0.545086 -0.038885 0.837478
vn -0.649513 -0.042909 0.759139
vn -0.665413 -0.050339 0.744777
vn -0.545727 -0.072754 0.834799
vn -0.848101 -0.380086 0.369133
vn -0.799746 -0.546093 0.249378
vn -0.960489 -0.176445 0.215240
vn -0.939041 -0.106540 0.326880
vn -0.778351 -0.618838 0.105877
vn -0.806842 -0.589760 0.034476
vn -0.975632 -0.217123 -0.031634
vn -0.968863 -0.237638 0.069511
vn -0.757063 -0.128824 -0.640516
vn -0.757752 -0.094665 -0.645640
vn -0.757106 -0.043734 -0.651826
vn -0.757106 -0.043734 -0.651826
vn -0.536673 -0.036682 -0.842992
vn -0.469607 -0.025200 -0.882516
vn -0.460889 0.000596 -0.887458
vn -0.536652 -0.007292 -0.843772
vn -0.670382 -0.081401 0.737538
vn -0.564181 -0.112349 0.817971
vn -0.557072 -0.105825 0.823694
vn -0.659557 -0.076214 0.747780
vn -0.964586 -0.036972 0.261166
vn -0.982736 -0.041024 0.180410
vn -0.983315 -0.035428 0.178426
vn -0.961224 -0.033386 0.273739
vn -0.998135 -0.033278 -0.051179
vn -0.998899 -0.038246 0.027153
vn -0.998376 -0.049307 0.028542
vn -0.998303 -0.048665 -0.031975
vn -0.929415 -0.014023 -0.368771
vn -0.959392 -0.020801 -0.281308
vn -0.972252 -0.038888 -0.230679
vn -0.932253 -0.027652 -0.360748
vn -0.754472 0.018897 -0.656060
vn -0.754472 0.018897 -0.656060
vn -0.755789 0.059266 -0.652127
vn -0.755500 0.046233 -0.653516
vn -0.440860 0.128201 -0.888373
vn -0.533747 0.117496 -0.837442
vn -0.535528 0.074891 -0.841190
vn -0.458301 0.075859 -0.885554
vn -0.680370 -0.021802 0.732545
vn -0.578977 -0.043841 0.814164
vn -0.575692 -0.060577 0.815419
vn -0.678860 -0.040729 0.733137
vn -0.965206 -0.010798 0.261267
vn -0.985487 -0.010486 0.169425
vn -0.988446 0.000557 0.151574
vn -0.970786 0.004731 0.239899
vn -0.997365 -0.001918 -0.072517
vn -0.999992 -0.003374 0.002258
vn -0.999877 -0.005358 0.014769
vn -0.998947 -0.002551 -0.045812
vn -0.932498 0.029397 -0.359978
vn -0.954877 0.018382 -0.296431
vn -0.960497 0.015824 -0.277842
vn -0.927232 0.025818 -0.373597
vn -0.771839 0.132109 -0.621942
vn -0.771839 0.132109 -0.621942
vn -0.794710 0.129274 -0.593064
vn -0.789663 0.129927 -0.599626
vn -0.384150 0.236790 -0.892390
vn -0.537008 0.234770 -0.810250
vn -0.530335 0.238541 -0.813538
vn -0.421460 0.244860 -0.873164
vn -0.683992 -0.154214 0.713003
vn -0.662500 -0.169997 0.729517
vn -0.555423 -0.180797 0.811676
vn -0.566113 -0.171136 0.806368
vn -0.996489 -0.081590 0.018778
vn -0.994188 -0.107326 0.008455
vn -0.985116 -0.113095 0.129448
vn -0.987068 -0.086570 0.134920
vn -0.848444 -0.216341 -0.483052
vn -0.801162 -0.218638 -0.557079
vn -0.853183 -0.191405 -0.485225
vn -0.894997 -0.181629 -0.407420
vn -0.520690 -0.144906 -0.841358
vn -0.520690 -0.144906 -0.841358
vn -0.481306 -0.110071 -0.869614
vn -0.437154 -0.072268 -0.896478
vn -0.543534 0.048239 0.838000
vn -0.585864 -0.111755 0.802667
vn -0.582168 -0.094925 0.807509
vn -0.543534 0.048239 0.838000
vn -0.519521 0.115233 0.846652
vn -0.519521 0.115233 0.846652
vn -0.477981 -0.023313 0.878061
vn -0.469170 -0.048829 0.881757
vn -0.154527 -0.284908 -0.946018
vn -0.115614 -0.188296 -0.975284
vn -0.069615 -0.145272 -0.986940
vn -0.125513 -0.218639 -0.967700
vn -0.372372 0.671970 -0.640152
vn -0.372372 0.671970 -0.640152
vn -0.372372 0.671970 -0.640152
vn -0.372372 0.671970 -0.640152
vn -0.393195 0.168439 -0.903895
vn -0.393195 0.168439 -0.903895
vn -0.393195 0.168439 -0.903895
vn -0.393195 0.168439 -0.903895
vn -0.292394 -0.375082 -0.879670
vn -0.243052 -0.581132 -0.776666
vn -0.234316 -0.609815 -0.757114
vn -0.292394 -0.375082 -0.879670
vn -0.049335 -0.995553 -0.080247
vn -0.083669 -0.979379 -0.183895
vn -0.105030 -0.962839 -0.248817
vn -0.049335 -0.995553 -0.080247
vn -0.094412 -0.969960 -0.224196
vn 0.004787 -0.997734 0.067115
vn 0.004787 -0.997734 0.067115
vn -0.049958 -0.994411 -0.093012
vn -0.027615 -0.955204 0.294658
vn -0.084311 -0.862264 0.499393
vn -0.081888 -0.867379 0.490864
vn -0.027615 -0.955204 0.294658
vn -0.364761 0.368074 0.855261
vn -0.379532 0.618702 0.687869
vn -0.379298 0.604501 0.700508
vn -0.358651 0.314657 0.878840
vn -0.322056 0.939143 -0.119544
vn -0.339877 0.916611 -0.210492
vn -0.344107 0.909197 -0.234417
vn -0.322056 0.939143 -0.119544
vn -0.345710 0.850886 0.395573
vn -0.370160 0.753968 0.542691
vn -0.369977 0.755032 0.541334
vn -0.345450 0.851610 0.394240
vn -0.407037 0.882037 -0.237342
vn -0.385793 0.913126 -0.131774
vn -0.385793 0.913126 -0.131774
vn -0.403822 0.888042 -0.219794
vn -0.487406 0.845172 -0.219364
vn -0.468869 0.872336 -0.138536
vn -0.468869 0.872336 -0.138536
vn -0.487270 0.845419 -0.218713
vn -0.678992 0.688261 -0.255474
vn -0.662247 0.736516 -0.137743
vn -0.569924 0.809334 -0.142006
vn -0.584056 0.780432 -0.223168
vn -0.978788 0.125693 -0.161785
vn -0.991991 -0.106206 -0.068371
vn -0.997544 0.000307 0.070044
vn -0.970031 0.242775 0.010022
vn -0.905161 -0.376332 0.197629
vn -0.905161 -0.376332 0.197629
vn -0.884398 -0.462118 0.065471
vn -0.889423 -0.448599 0.087667
vn -0.659718 -0.704706 0.261077
vn -0.723195 -0.637198 0.266398
vn -0.685497 -0.700268 0.199295
vn -0.624979 -0.763653 0.161971
vn -0.250331 -0.959160 -0.131705
vn -0.260401 -0.964791 -0.037000
vn -0.260402 -0.964791 -0.037000
vn -0.256503 -0.963518 -0.076415
vn -0.241528 -0.959169 -0.147173
vn -0.259523 -0.964374 -0.051298
vn -0.259523 -0.964374 -0.051298
vn -0.230904 -0.952592 -0.198122
vn -0.363634 0.931528 -0.005044
vn -0.354175 0.934162 0.043617
vn -0.352870 0.934336 0.049990
vn -0.363634 0.931528 -0.005044
vn -0.439852 0.897922 -0.016322
vn -0.427140 0.903556 0.033742
vn -0.425551 0.904064 0.039690
vn -0.439852 0.897922 -0.016322
vn -0.590911 0.806684 0.009271
vn -0.569018 0.821183 0.043323
vn -0.520068 0.853558 0.031132
vn -0.536361 0.843803 -0.017699
vn -0.307929 0.951399 0.004502
vn -0.307929 0.951399 0.004502
vn -0.305370 0.951271 0.042807
vn -0.304828 0.951087 0.050138
vn -0.526485 0.723385 0.446686
vn -0.534755 0.664178 0.522403
vn -0.468868 0.704585 0.532656
vn -0.459543 0.749137 0.477089
vn -0.378473 0.819164 0.430963
vn -0.388787 0.773013 0.501294
vn -0.379513 0.787811 0.485102
vn -0.366037 0.832146 0.416594
vn -0.393770 0.801387 0.450248
vn -0.399155 0.755499 0.519516
vn -0.872675 0.411048 0.263586
vn -0.895631 0.284742 0.341711
vn -0.832747 0.381831 0.400921
vn -0.797810 0.513812 0.315431
vn -0.646217 0.762196 0.038220
vn -0.631170 0.772690 0.067642
vn -0.735145 0.623587 -0.265899
vn -0.713049 0.688134 -0.134286
vn -0.183342 -0.916100 0.356578
vn -0.183342 -0.916100 0.356578
vn -0.216529 -0.815063 0.537389
vn -0.219946 -0.800196 0.557952
vn -0.396065 0.409783 0.821712
vn -0.395879 0.623606 0.674089
vn -0.396808 0.607567 0.688045
vn -0.392596 0.357200 0.847512
vn -0.399880 -0.802947 0.442009
vn -0.399880 -0.802947 0.442009
vn -0.428265 -0.656984 0.620452
vn -0.427207 -0.666807 0.610625
vn -0.431553 0.432542 0.791624
vn -0.425484 0.597533 0.679645
vn -0.428017 0.569136 0.702058
vn -0.429218 0.370497 0.823714
vn -0.296262 -0.071368 0.952437
vn -0.274640 -0.166310 0.947055
vn -0.477928 0.421347 0.770747
vn -0.479209 0.531494 0.698479
vn -0.479585 0.521175 0.705956
vn -0.476140 0.411202 0.777306
vn -0.477085 0.569682 0.669218
vn -0.477085 0.569682 0.669218
vn -0.420701 0.638165 0.644792
vn -0.420701 0.638165 0.644792
vn -0.390247 0.685970 0.614128
vn -0.390247 0.685970 0.614128
vn -0.740521 -0.431629 0.515098
vn -0.670098 -0.533253 0.516342
vn -0.663714 -0.354562 0.658612
vn -0.719388 -0.228364 0.655996
vn -0.880147 -0.081199 0.467706
vn -0.880147 -0.081199 0.467706
vn -0.831433 0.064461 0.551873
vn -0.818428 0.093801 0.566901
vn -0.472486 0.678806 -0.562121
vn -0.472486 0.678806 -0.562121
vn -0.472486 0.678806 -0.562121
vn -0.472486 0.678806 -0.562121
vn -0.484411 0.238438 -0.841721
vn -0.484411 0.238438 -0.841721
vn -0.484411 0.238438 -0.841721
vn -0.484411 0.238438 -0.841721
vn -0.348441 -0.569694 -0.744337
vn -0.432830 -0.324854 -0.840909
vn -0.432830 -0.324854 -0.840909
vn -0.384178 -0.480461 -0.788393
vn -0.262156 -0.733803 -0.626743
vn -0.262156 -0.733803 -0.626743
vn -0.188812 -0.966501 -0.173854
vn -0.180964 -0.979830 -0.084766
vn -0.180964 -0.979830 -0.084766
vn -0.192061 -0.957199 -0.216525
vn -0.598936 0.663841 -0.447874
vn -0.598936 0.663841 -0.447874
vn -0.598936 0.663841 -0.447874
vn -0.703610 0.414720 -0.577009
vn -0.703610 0.414720 -0.577009
vn -0.703610 0.414720 -0.577009
vn -0.703610 0.414720 -0.577009
vn -0.784620 -0.178883 -0.593609
vn -0.749885 -0.433936 -0.499371
vn -0.749885 -0.433936 -0.499371
vn -0.781441 -0.244630 -0.574026
vn -0.665283 -0.675333 -0.318314
vn -0.665283 -0.675333 -0.318314
vn -0.665283 -0.675333 -0.318314
vn -0.665283 -0.675333 -0.318314
vn -0.270342 -0.962764 -0.000649
vn -0.411049 -0.908985 -0.069171
vn -0.411049 -0.908985 -0.069171
vn -0.141072 -0.988218 0.059360
vn -0.396024 -0.749985 -0.529800
vn -0.396024 -0.749985 -0.529800
vn -0.320957 -0.839781 -0.437897
vn -0.336727 -0.823107 -0.457285
vn -0.573618 -0.245008 -0.781623
vn -0.573618 -0.245008 -0.781623
vn -0.559640 -0.387703 -0.732455
vn -0.549775 -0.415956 -0.724381
vn -0.589483 0.303833 -0.748462
vn -0.589483 0.303833 -0.748462
vn -0.589483 0.303833 -0.748462
vn -0.589483 0.303833 -0.748462
vn -0.538246 0.668733 -0.512920
vn -0.538246 0.668733 -0.512920
vn -0.538246 0.668733 -0.512920
vn -0.538246 0.668733 -0.512920
vn -0.302739 0.068008 -0.950644
vn -0.302739 0.068008 -0.950644
vn -0.302739 0.068008 -0.950644
vn -0.302739 0.068008 -0.950644
vn -0.187012 -0.475127 -0.859814
vn -0.187012 -0.475127 -0.859814
vn -0.131106 -0.680308 -0.721105
vn -0.131100 -0.680326 -0.721089
vn -0.080942 -0.984972 -0.152573
vn -0.042878 -0.978952 -0.199535
vn -0.051249 -0.980584 -0.189287
vn -0.080942 -0.984972 -0.152573
vn 0.041738 -0.998706 -0.029053
vn 0.054719 -0.995730 0.074344
vn 0.054719 -0.995730 0.074344
vn 0.034769 -0.995943 -0.083000
vn 0.049204 -0.965287 0.256516
vn 0.006325 -0.911721 0.410762
vn 0.014211 -0.923506 0.383321
vn 0.049204 -0.965287 0.256516
vn -0.298995 0.259431 0.918312
vn -0.329417 0.465724 0.821332
vn -0.329417 0.465724 0.821332
vn -0.291756 0.220389 0.930756
vn -0.268249 0.958155 -0.099908
vn -0.268249 0.958155 -0.099908
vn -0.281743 0.937501 -0.204237
vn -0.284747 0.930299 -0.231221
vn -0.324196 0.647132 -0.690013
vn -0.324196 0.647132 -0.690013
vn -0.324196 0.647132 -0.690013
vn -0.324196 0.647132 -0.690013
vn -0.323522 0.867148 0.378666
vn -0.337757 0.823378 0.456036
vn -0.337757 0.823378 0.456036
vn -0.322646 0.869393 0.374239
vn -0.263485 0.964597 0.011317
vn -0.263485 0.964597 0.011317
vn -0.263187 0.963884 0.040742
vn -0.263070 0.963555 0.048529
vn -0.261011 0.074556 0.962453
vn -0.261011 0.074556 0.962453
vn -0.348920 0.681406 0.643383
vn -0.348920 0.681406 0.643383
vn -0.348920 0.681406 0.643383
vn -0.348920 0.681406 0.643383
vn -0.286211 0.614417 -0.735238
vn -0.253258 0.586382 -0.769426
vn -0.252537 0.585756 -0.770140
vn -0.286211 0.614417 -0.735238
vn 0.079392 -0.991586 0.102242
vn 0.077290 -0.996019 0.044416
vn 0.055015 -0.997372 0.047135
vn 0.061437 -0.992971 0.101161
vn 0.044891 -0.989147 -0.139901
vn 0.030599 -0.980368 -0.194787
vn -0.029270 -0.982124 -0.185947
vn 0.004411 -0.989676 -0.143255
vn -0.102004 -0.993774 0.044814
vn -0.087966 -0.991769 0.093042
vn -0.018634 -0.995121 0.096891
vn -0.037324 -0.998166 0.047669
vn -0.495644 -0.838387 -0.226814
vn -0.449901 -0.870389 -0.200028
vn -0.192741 -0.969128 -0.153762
vn -0.367726 -0.904388 -0.216473
vn -0.421992 -0.653067 -0.628830
vn -0.495366 -0.587661 -0.639740
vn -0.614292 -0.496170 -0.613564
vn -0.614292 -0.496169 -0.613564
vn -0.292299 -0.359824 -0.886052
vn -0.288886 -0.242276 -0.926201
vn -0.138919 -0.576594 -0.805134
vn -0.169422 -0.571045 -0.803246
vn -0.217941 -0.667163 -0.712316
vn -0.103983 -0.727616 -0.678058
vn -0.262372 -0.039577 -0.964155
vn -0.235813 -0.093546 -0.967286
vn -0.235747 -0.093679 -0.967289
vn -0.262372 -0.039577 -0.964155
vn -0.215202 0.972166 -0.092633
vn -0.176679 0.983271 -0.044297
vn -0.207956 0.954119 -0.215433
vn -0.239688 0.946582 -0.215713
vn -0.202359 0.968039 0.148160
vn -0.150784 0.977681 0.146303
vn -0.144478 0.985399 0.090085
vn -0.194634 0.976565 0.091863
vn -0.170943 0.913689 0.368716
vn -0.248415 0.895357 0.369629
vn -0.261000 0.851504 0.454775
vn -0.172341 0.870871 0.460307
vn -0.275669 0.668096 0.691125
vn -0.204799 0.669561 0.713964
vn -0.184009 0.669291 0.719854
vn -0.275669 0.668096 0.691125
vn -0.203421 0.118089 0.971944
vn -0.143255 0.081558 0.986320
vn -0.151447 0.293778 0.943800
vn -0.235975 0.353844 0.905047
vn -0.172320 -0.056046 0.983445
vn -0.133961 -0.093417 0.986574
vn 0.042400 -0.928942 0.367789
vn 0.073517 -0.967138 0.243393
vn 0.051837 -0.969560 0.239303
vn 0.009994 -0.927101 0.374678
vn -0.268032 -0.881253 0.389298
vn -0.118820 -0.964073 0.237582
vn -0.118820 -0.964073 0.237582
vn -0.307842 -0.849397 0.428669
vn -0.041813 0.420301 -0.906421
vn -0.095492 0.479710 -0.872215
vn -0.095492 0.479710 -0.872215
vn -0.036035 0.413737 -0.909683
vn -0.322707 0.148180 0.934828
vn -0.441339 0.197268 0.875389
vn -0.412001 0.207511 0.887240
vn -0.215172 0.219327 0.951629
vn -0.397455 0.353936 0.846616
vn -0.264688 0.427930 0.864185
vn -0.236345 0.442039 0.865299
vn -0.397455 0.353936 0.846616
vn -0.231265 -0.464832 0.854662
vn -0.231265 -0.464832 0.854662
vn -0.231265 -0.464832 0.854662
vn -0.231265 -0.464832 0.854662
vn -0.725268 -0.394578 0.564176
vn -0.676555 -0.400590 0.617901
vn -0.676555 -0.400590 0.617901
vn -0.774771 -0.385473 0.501139
vn -0.952615 -0.301552 -0.039904
vn -0.946807 -0.316538 0.057966
vn -0.949760 -0.311926 0.025656
vn -0.952615 -0.301552 -0.039904
vn -0.907674 -0.316936 -0.275098
vn -0.943263 -0.298914 -0.144587
vn -0.943263 -0.298914 -0.144587
vn -0.930985 -0.306878 -0.197719
vn 0.637406 -0.573294 -0.514827
vn 0.703409 -0.703710 0.100042
vn 0.705983 -0.703911 0.078077
vn 0.637406 -0.573294 -0.514827
vn -0.324239 -0.407971 -0.853480
vn 0.048331 -0.429208 -0.901912
vn 0.094712 -0.434452 -0.895702
vn -0.261232 -0.410821 -0.873489
vn -0.362863 -0.564328 0.741529
vn -0.362863 -0.564327 0.741529
vn -0.362863 -0.564328 0.741529
vn -0.362863 -0.564327 0.741529
vn 0.242049 -0.954764 -0.172735
vn 0.169599 -0.791288 -0.587452
vn 0.169599 -0.791288 -0.587452
vn 0.242627 -0.955555 -0.167472
vn -0.729718 -0.498410 0.468081
vn -0.708510 -0.505203 0.492730
vn -0.708510 -0.505203 0.492730
vn -0.770251 -0.482944 0.416507
vn -0.901195 -0.426707 0.075949
vn -0.906496 -0.422210 -0.001956
vn -0.906496 -0.422210 -0.001956
vn -0.899682 -0.427232 0.089696
vn -0.853597 -0.443511 -0.273258
vn -0.895156 -0.410408 -0.173958
vn -0.864009 -0.436471 -0.250961
vn -0.450659 -0.543730 -0.708000
vn -0.355135 -0.557638 -0.750279
vn -0.322739 -0.560871 -0.762406
vn -0.450659 -0.543730 -0.708000
vn -0.045878 -0.561662 -0.826094
vn -0.045878 -0.561662 -0.826094
vn -0.106267 -0.370353 0.922793
vn -0.106267 -0.370352 0.922793
vn -0.106267 -0.370352 0.922793
vn -0.106267 -0.370353 0.922793
vn -0.632342 -0.313375 0.708477
vn -0.743191 -0.301489 0.597303
vn -0.704096 -0.306789 0.640414
vn -0.632342 -0.313375 0.708477
vn -0.961776 -0.241604 0.128893
vn -0.973958 -0.224993 0.028006
vn -0.973958 -0.224993 0.028006
vn -0.954668 -0.247114 0.165962
vn -0.958390 -0.237742 -0.158013
vn -0.958390 -0.237742 -0.158013
vn -0.937766 -0.235705 -0.255025
vn -0.916073 -0.232629 -0.326641
vn -0.413974 -0.266583 -0.870379
vn -0.262345 -0.296369 -0.918336
vn -0.246778 -0.298926 -0.921816
vn -0.413974 -0.266583 -0.870379
vn 0.765418 -0.468425 -0.441263
vn 0.819981 -0.562334 0.106822
vn 0.812377 -0.562227 0.154739
vn 0.765418 -0.468425 -0.441263
vn 0.143136 -0.356048 -0.923440
vn 0.153145 -0.357335 -0.921335
vn -0.009385 -0.319314 0.947603
vn -0.009385 -0.319314 0.947603
vn -0.009385 -0.319314 0.947603
vn -0.009385 -0.319314 0.947603
vn -0.585098 -0.257274 0.769071
vn -0.697427 -0.244539 0.673644
vn -0.682754 -0.246626 0.687766
vn -0.585098 -0.257274 0.769071
vn -0.975284 -0.178379 0.130392
vn -0.985780 -0.168023 0.002606
vn -0.985780 -0.168023 0.002606
vn -0.975989 -0.178034 0.125493
vn -0.970602 -0.162446 -0.177604
vn -0.970602 -0.162446 -0.177604
vn -0.936999 -0.178511 -0.300277
vn -0.937314 -0.178400 -0.299358
vn -0.433753 -0.279104 -0.856714
vn -0.287116 -0.306037 -0.907692
vn -0.243763 -0.312359 -0.918157
vn -0.433753 -0.279104 -0.856714
vn 0.828166 -0.546204 0.125706
vn 0.775746 -0.478823 -0.411030
vn 0.775746 -0.478823 -0.411030
vn 0.835102 -0.546700 0.061025
vn 0.128072 -0.374609 -0.918295
vn 0.149797 -0.378530 -0.913387
vn -0.126734 -0.652554 -0.747069
vn -0.006474 -0.612592 -0.790373
vn -0.366598 -0.470841 -0.802443
vn -0.490591 -0.500660 -0.713204
vn -0.661094 -0.392023 -0.639745
vn -0.549796 -0.369256 -0.749250
vn -0.431019 -0.398687 -0.809488
vn -0.431019 -0.398687 -0.809489
vn -0.963609 -0.113556 -0.241998
vn -0.949756 -0.131346 -0.284098
vn -0.976765 -0.113952 -0.181507
vn -0.983955 -0.090412 -0.153815
vn -0.777194 -0.595330 -0.203845
vn -0.782580 -0.622548 0.001701
vn -0.796479 -0.604003 0.028327
vn -0.799169 -0.577288 -0.167533
vn -0.512568 -0.726999 -0.456888
vn -0.534088 -0.830383 -0.158786
vn -0.531781 -0.841774 -0.092878
vn -0.512568 -0.726999 -0.456888
vn -0.744786 -0.480755 -0.462783
vn -0.744786 -0.480755 -0.462783
vn -0.771862 -0.474739 -0.422910
vn -0.785405 -0.471115 -0.401484
vn -0.724614 -0.360175 -0.587545
vn -0.724614 -0.360175 -0.587544
vn -0.773310 -0.353196 -0.526540
vn -0.816587 -0.344212 -0.463362
vn -0.737254 -0.262185 -0.622668
vn -0.737254 -0.262185 -0.622668
vn -0.791378 -0.255981 -0.555153
vn -0.843517 -0.247038 -0.476918
vn -0.753003 -0.211444 -0.623119
vn -0.753003 -0.211444 -0.623119
vn -0.806882 -0.206040 -0.553615
vn -0.832795 -0.202543 -0.515199
vn -0.873564 -0.438028 -0.212174
vn -0.908943 -0.266997 -0.320210
vn -0.934497 -0.132498 -0.330394
vn -0.949956 -0.150888 -0.273525
vn -0.239756 -0.947213 -0.212850
vn -0.239756 -0.947213 -0.212850
vn -0.561273 -0.827316 0.022824
vn -0.511480 -0.855167 -0.084128
vn -0.842120 -0.535199 -0.066302
vn -0.842120 -0.535199 -0.066302
vn -0.937938 -0.242129 -0.248284
vn -0.942626 0.046419 -0.330608
vn -0.677396 0.652581 -0.339518
vn -0.741202 0.561905 -0.367264
vn -0.593716 0.745687 -0.302410
vn -0.503476 0.807953 -0.306144
vn -0.503476 0.807953 -0.306144
vn -0.419488 0.851843 -0.313678
vn -0.419488 0.851843 -0.313678
vn -0.355690 0.882800 -0.306838
vn -0.355690 0.882800 -0.306838
vn -0.291955 0.906258 -0.305712
vn -0.291955 0.906258 -0.305712
vn -0.231611 0.910271 -0.343168
vn -0.254402 0.919639 -0.299237
vn -0.540205 0.044585 0.840351
vn -0.569712 -0.047343 0.820480
vn -0.584233 -0.165582 0.794515
vn -0.579004 -0.029749 0.814782
vn -0.635208 -0.331568 0.697548
vn -0.716788 -0.307400 0.625875
vn -0.716670 -0.307440 0.625992
vn -0.635208 -0.331568 0.697548
vn -0.599663 -0.030104 0.799687
vn -0.664478 -0.045752 0.745906
vn -0.658656 -0.044311 0.751139
vn -0.599663 -0.030104 0.799687
vn -0.531510 0.154596 0.832825
vn -0.612326 0.150058 0.776234
vn -0.600334 0.150848 0.785394
vn -0.531510 0.154596 0.832825
vn -0.497793 0.373665 0.782673
vn -0.569611 0.367586 0.735135
vn -0.559296 0.368654 0.742484
vn -0.497793 0.373665 0.782673
vn -0.438058 0.726470 0.529479
vn -0.494651 0.695893 0.520628
vn -0.511993 0.685686 0.517395
vn -0.438058 0.726470 0.529479
vn -0.399180 0.915721 0.045933
vn -0.485026 0.873306 0.045680
vn -0.491919 0.853849 0.170171
vn -0.405911 0.897672 0.171529
vn -0.527062 0.564193 0.635525
vn -0.474075 0.586614 0.656610
vn -0.474075 0.586614 0.656611
vn -0.526659 0.564375 0.635697
vn -0.761956 0.538776 0.359365
vn -0.736467 0.537256 0.411062
vn -0.783064 0.453406 0.425716
vn -0.808352 0.457717 0.370219
vn -0.976810 0.117496 -0.178988
vn -0.946206 0.163336 -0.279311
vn -0.879315 0.385376 -0.279805
vn -0.921306 0.329465 -0.206514
vn -0.856145 -0.273459 0.438448
vn -0.856145 -0.273459 0.438448
vn -0.872590 -0.275254 0.403512
vn -0.875670 -0.275558 0.396574
vn -0.952191 -0.302318 -0.043995
vn -0.952191 -0.302318 -0.043995
vn -0.952409 -0.303585 0.027434
vn -0.952510 -0.303560 0.023995
vn -0.850623 -0.095805 0.516974
vn -0.850623 -0.095805 0.516974
vn -0.871444 -0.113603 0.477159
vn -0.872646 -0.114678 0.474698
vn -0.991116 -0.131336 -0.020959
vn -0.991116 -0.131336 -0.020959
vn -0.988403 -0.141821 0.054277
vn -0.988746 -0.141178 0.049497
vn -0.817938 0.126459 0.561236
vn -0.817938 0.126459 0.561236
vn -0.843253 0.102503 0.527652
vn -0.838491 0.107175 0.534272
vn -0.993476 0.113984 0.003599
vn -0.993476 0.113984 0.003599
vn -0.990764 0.101379 0.090053
vn -0.991298 0.102500 0.082599
vn -0.804988 0.585342 0.096790
vn -0.802139 0.595695 0.041479
vn -0.802139 0.595695 0.041479
vn -0.805111 0.584393 0.101399
vn -0.924222 0.065971 0.376114
vn -0.924222 0.065971 0.376114
vn -0.957941 0.078115 0.276129
vn -0.954968 0.076905 0.286568
vn -0.935954 -0.157712 0.314830
vn -0.935954 -0.157712 0.314830
vn -0.962481 -0.154952 0.222755
vn -0.962013 -0.155025 0.224718
vn -0.922981 -0.292874 0.249660
vn -0.922981 -0.292874 0.249660
vn -0.936422 -0.298149 0.184990
vn -0.936105 -0.298021 0.186791
vn -0.947378 0.242155 0.209371
vn -0.969559 0.237297 0.060375
vn -0.938405 0.345070 0.017953
vn -0.908433 0.397020 0.130863
vn -0.208756 0.960767 0.182614
vn -0.157353 0.971666 0.176367
vn -0.283947 0.934098 0.216413
vn -0.283947 0.934098 0.216413
vn -0.276764 0.943958 0.179849
vn -0.276041 0.944844 0.176270
vn -0.324803 0.897720 0.297662
vn -0.307200 0.928293 0.209525
vn -0.306160 0.930104 0.202909
vn -0.324311 0.898597 0.295543
vn -0.335800 0.915200 0.222815
vn -0.336408 0.901039 0.273786
vn -0.336408 0.901039 0.273786
vn -0.335927 0.913570 0.229223
vn -0.388150 0.892366 0.230268
vn -0.377854 0.878743 0.291611
vn -0.377854 0.878743 0.291611
vn -0.387322 0.891330 0.235610
vn -0.462251 0.836494 0.294283
vn -0.435363 0.846596 0.306161
vn -0.461666 0.855021 0.236230
vn -0.490672 0.836950 0.242396
vn -0.932173 0.344960 0.109802
vn -0.935494 0.352167 0.028799
vn -0.935494 0.352167 0.028799
vn -0.931679 0.344333 0.115797
vn -0.765905 0.492177 0.413704
vn -0.765905 0.492177 0.413704
vn -0.765905 0.492177 0.413705
vn -0.765905 0.492177 0.413704
vn -0.868579 0.316612 0.381218
vn -0.868579 0.316612 0.381218
vn -0.868579 0.316612 0.381218
vn -0.868579 0.316612 0.381218
vn -0.750697 0.315414 0.580490
vn -0.750696 0.315414 0.580490
vn -0.781825 0.301506 0.545752
vn -0.775206 0.304594 0.553424
vn -0.354625 0.097870 0.929873
vn -0.467395 0.187837 0.863863
vn -0.342543 -0.060670 0.937541
vn -0.355116 0.012464 0.934739
vn -0.426963 0.034927 0.903594
vn -0.428987 0.095387 0.898260
vn -0.455445 0.311081 0.834145
vn -0.593530 -0.622436 0.510192
vn -0.593194 -0.449938 0.667591
vn -0.557058 -0.821234 0.123535
vn -0.582823 -0.772353 0.252564
vn -0.447446 -0.871355 -0.201327
vn -0.032632 -0.993643 0.107742
vn -0.032632 -0.993643 0.107742
vn -0.240046 -0.910068 -0.337867
vn -0.240046 -0.910068 -0.337867
vn -0.591392 -0.626791 -0.507335
vn -0.493620 -0.659141 -0.567338
vn -0.171504 -0.774055 -0.609447
vn -0.171504 -0.774055 -0.609447
vn -0.070719 -0.833510 -0.547960
vn -0.070719 -0.833510 -0.547960
vn -0.068722 -0.875543 -0.478227
vn -0.053155 -0.878085 -0.475544
vn -0.361095 -0.168577 -0.917165
vn -0.393184 -0.298504 -0.869656
vn -0.732617 0.421881 0.534124
vn -0.732617 0.421881 0.534124
vn -0.732617 0.421881 0.534124
vn -0.732617 0.421881 0.534124
vn -0.276340 0.708499 -0.649357
vn -0.276340 0.708499 -0.649357
vn -0.204476 0.565838 -0.798760
vn -0.174042 0.503374 -0.846359
vn -0.958491 -0.123319 -0.257073
vn -0.902749 -0.114436 -0.414668
vn -0.902204 -0.114332 -0.415881
vn -0.958307 -0.123303 -0.257769
vn -0.951592 0.170434 -0.255784
vn -0.885432 0.198899 -0.420058
vn -0.887311 0.198363 -0.416331
vn -0.953692 0.168997 -0.248820
vn -0.882898 0.422474 -0.204957
vn -0.813610 0.459066 -0.356787
vn -0.815720 0.458210 -0.353050
vn -0.887676 0.418986 -0.191004
vn -0.697949 0.666615 -0.261708
vn -0.770404 0.629656 -0.100060
vn -0.767022 0.631805 -0.111804
vn -0.690389 0.669971 -0.272951
vn -0.781214 -0.100194 -0.616171
vn -0.724278 -0.095010 -0.682931
vn -0.724278 -0.095010 -0.682931
vn -0.781048 -0.100179 -0.616384
vn -0.767464 0.223309 -0.600943
vn -0.711747 0.230383 -0.663581
vn -0.711747 0.230383 -0.663582
vn -0.765007 0.223671 -0.603933
vn -0.670151 0.520844 -0.528790
vn -0.625493 0.537051 -0.565981
vn -0.625493 0.537051 -0.565981
vn -0.675777 0.518598 -0.523814
vn -0.520479 0.751223 -0.405913
vn -0.569972 0.728180 -0.380639
vn -0.545401 0.740070 -0.393491
vn -0.520480 0.751223 -0.405913
vn -0.413533 0.899677 -0.139902
vn -0.428689 0.875913 -0.221365
vn -0.484724 0.850449 -0.204401
vn -0.474075 0.868477 -0.144917
vn -0.852207 -0.522929 0.016962
vn -0.853472 -0.517707 -0.059708
vn -0.837185 -0.447777 0.314033
vn -0.837185 -0.447777 0.314033
vn -0.856708 -0.360502 0.368904
vn -0.856708 -0.360502 0.368904
vn -0.866263 -0.272616 0.418652
vn -0.866262 -0.272616 0.418652
vn -0.859100 -0.208593 0.467371
vn -0.859100 -0.208593 0.467371
vn -0.849526 -0.118144 0.514147
vn -0.846340 -0.137329 0.514634
vn -0.841126 0.019966 0.540471
vn -0.831610 -0.003821 0.555347
vn -0.806163 -0.029383 0.590964
vn -0.799834 -0.026142 0.599652
vn -0.774054 -0.052623 0.630929
vn -0.791488 -0.021230 0.610816
vn -0.614908 -0.304578 0.727407
vn -0.614908 -0.304578 0.727407
vn -0.404979 -0.210143 0.889850
vn -0.404979 -0.210143 0.889849
vn -0.200662 -0.018370 0.979488
vn -0.139382 0.108993 0.984222
vn -0.081739 0.221961 0.971623
vn -0.039960 0.525124 0.850087
vn -0.039960 0.525124 0.850087
vn -0.483226 0.188130 0.855044
vn -0.509345 0.161364 0.845298
vn -0.788289 -0.279955 0.547929
vn -0.788289 -0.279955 0.547929
vn -0.746316 -0.066906 0.662220
vn -0.746316 -0.066906 0.662220
vn -0.705266 0.142292 0.694516
vn -0.705266 0.142292 0.694516
vn -0.671315 0.352964 0.651731
vn -0.671315 0.352964 0.651731
vn -0.626537 0.513303 0.586491
vn -0.626537 0.513303 0.586491
vn -0.594643 0.630997 0.498239
vn -0.594643 0.630997 0.498239
vn -0.591213 0.805275 0.044709
vn -0.598807 0.784233 0.162510
vn -0.568240 0.803765 -0.176254
vn -0.575470 0.810702 -0.107693
vn -0.400225 0.913054 -0.078446
vn -0.478631 0.874863 -0.074346
vn -0.578382 0.812932 -0.067935
vn -0.783144 0.619724 -0.051265
vn -0.783144 0.619724 -0.051265
vn -0.910299 0.398086 -0.113503
vn -0.910299 0.398086 -0.113503
vn -0.976875 0.148727 -0.153610
vn -0.976875 0.148727 -0.153610
vn -0.976982 -0.124746 -0.173047
vn -0.976982 -0.124746 -0.173047
vn -0.699412 -0.321096 -0.638529
vn -0.699413 -0.321096 -0.638529
vn -0.699412 -0.321096 -0.638529
vn -0.699413 -0.321096 -0.638529
vn -0.833280 -0.331769 -0.442238
vn -0.833280 -0.331769 -0.442238
vn -0.833280 -0.331769 -0.442238
vn -0.833280 -0.331769 -0.442238
vn -0.897303 -0.318981 -0.305120
vn -0.897303 -0.318981 -0.305120
vn -0.897303 -0.318981 -0.305120
vn -0.897303 -0.318981 -0.305120
vn -0.938043 -0.302746 -0.168582
vn -0.938043 -0.302746 -0.168582
vn -0.938043 -0.302746 -0.168582
vn -0.938043 -0.302746 -0.168582
vn -0.969637 0.022050 -0.243553
vn -0.969928 0.044505 -0.239290
vn -0.849866 0.513616 -0.118005
vn -0.849866 0.513616 -0.118005
vn -0.927228 0.219576 -0.303372
vn -0.903762 0.317494 -0.287074
vn -0.662808 0.729431 -0.169164
vn -0.662808 0.729431 -0.169164
vn 0.223065 -0.443978 -0.867828
vn 0.223065 -0.443978 -0.867828
vn 0.301559 -0.372083 -0.877848
vn 0.301559 -0.372083 -0.877848
vn 0.285284 -0.398811 -0.871529
vn 0.285284 -0.398811 -0.871529
vn 0.041565 -0.682189 -0.729993
vn 0.105874 -0.642531 -0.758910
vn -0.240454 0.247162 -0.938665
vn -0.193126 0.228041 -0.954306
vn -0.348441 0.076212 -0.934227
vn -0.322628 0.141393 -0.935906
vn -0.375625 -0.011068 -0.926706
vn -0.369785 0.009622 -0.929067
vn -0.388597 -0.032038 -0.920851
vn -0.388597 -0.032038 -0.920851
vn -0.336434 -0.082629 -0.938075
vn -0.283900 -0.117205 -0.951664
vn -0.104763 -0.135306 -0.985250
vn -0.019915 -0.098419 -0.994946
vn 0.024698 0.342793 -0.939086
vn 0.024698 0.342793 -0.939086
vn -0.090066 0.326224 -0.940992
vn -0.090066 0.326224 -0.940992
vn -0.563383 0.679226 -0.470374
vn -0.563383 0.679226 -0.470374
vn -0.805604 0.238506 -0.542326
vn -0.796309 0.268712 -0.541928
vn -0.401839 -0.345376 -0.848081
vn -0.401839 -0.345376 -0.848081
vn -0.542133 -0.247901 -0.802893
vn -0.534870 -0.253454 -0.806025
vn -0.129925 -0.025432 -0.991198
vn -0.106831 -0.288861 -0.951392
vn -0.358539 -0.250812 -0.899190
vn -0.385553 -0.005426 -0.922670
vn -0.722424 -0.165867 -0.671262
vn -0.727646 0.018160 -0.685712
vn -0.847228 0.023641 -0.530703
vn -0.847429 -0.099288 -0.521543
vn -0.950117 -0.008749 -0.311770
vn -0.948759 -0.076592 -0.306577
vn -0.961526 -0.058225 -0.268472
vn -0.967056 -0.020109 -0.253768
vn -0.988879 -0.053255 -0.138858
vn -0.993746 -0.026825 -0.108392
vn -0.996697 -0.039923 -0.070727
vn -0.998389 -0.020189 -0.053032
vn -0.994931 -0.003762 0.100491
vn -0.996592 -0.027295 0.077841
vn -0.987132 -0.023453 0.158178
vn -0.984233 0.006348 0.176765
vn -0.885868 0.014837 0.463700
vn -0.883447 -0.042023 0.466644
vn -0.740362 -0.056403 0.669838
vn -0.722535 -0.003951 0.691323
vn -0.610236 -0.069984 0.789122
vn -0.604525 -0.014484 0.796455
vn -0.499986 0.826377 0.259066
vn -0.406509 0.871434 0.274505
vn -0.599123 0.764417 0.238155
vn -0.805188 0.571998 0.156497
vn -0.805188 0.571998 0.156497
vn -0.924910 0.337406 0.175211
vn -0.924910 0.337406 0.175211
vn -0.266083 0.957722 0.109397
vn -0.266689 0.956740 0.116301
vn -0.301319 0.945097 0.126484
vn -0.301135 0.944291 0.132787
vn -0.338981 0.929376 0.146126
vn -0.340067 0.930513 0.136015
vn -0.401376 0.903048 0.152974
vn -0.403670 0.904076 0.140348
vn -0.519137 0.839164 0.162174
vn -0.482151 0.859964 0.167311
vn -0.572343 0.798722 0.185649
vn -0.633857 0.657049 0.408059
vn -0.658800 0.568572 0.492654
vn -0.588310 0.457182 0.666991
vn -0.588309 0.457182 0.666990
vn -0.679553 0.338117 0.651064
vn -0.691647 0.319990 0.647480
vn -0.603386 -0.049401 0.795918
vn -0.532586 0.161742 0.830778
vn -0.553680 0.238912 0.797721
vn -0.626154 0.081721 0.775405
vn -0.506291 0.079843 0.858658
vn -0.553401 -0.124248 0.823596
vn -0.440484 -0.335998 0.832514
vn -0.439779 -0.299645 0.846645
vn -0.285514 -0.464835 0.838099
vn -0.286240 -0.459949 0.840544
vn -0.180843 -0.575988 0.797203
vn -0.191557 -0.530084 0.826025
vn -0.111956 -0.631677 0.767105
vn -0.155469 -0.469514 0.869129
vn -0.155469 -0.469514 0.869129
vn -0.096613 -0.679966 0.726851
vn -0.137517 0.990176 0.025324
vn -0.194755 0.980243 0.034553
vn -0.137086 0.990559 0.000727
vn -0.196233 0.980487 0.011777
vn -0.107261 -0.564387 0.818512
vn -0.098103 -0.566191 0.818415
vn -0.043084 -0.745891 0.664673
vn -0.081010 -0.708431 0.701115
vn -0.055431 -0.589949 -0.805535
vn -0.270668 -0.549433 -0.790483
vn -0.640683 -0.407509 -0.650739
vn -0.791056 -0.297821 -0.534354
vn -0.918372 -0.167735 -0.358411
vn -0.941051 -0.135395 -0.309987
vn -0.978709 -0.085676 -0.186514
vn -0.991643 -0.068040 -0.109612
vn -0.997631 -0.055917 0.040058
vn -0.989295 -0.058743 0.133581
vn -0.865745 -0.091861 0.491984
vn -0.707513 -0.121131 0.696242
vn -0.592125 -0.140443 0.793513
vn 0.441185 -0.864040 -0.242467
vn 0.481731 -0.874970 0.048609
vn 0.592593 -0.804182 0.046102
vn 0.535657 -0.788962 -0.301017
vn -0.053509 -0.336301 0.940233
vn 0.044137 -0.369648 0.928123
vn 0.046608 -0.429694 0.901771
vn -0.127294 -0.312560 0.941330
vn -0.040974 -0.373624 0.926675
vn -0.172600 -0.296917 0.939175
vn -0.247410 -0.178550 0.952317
vn -0.136033 -0.256372 0.956958
vn -0.161774 -0.233311 0.958851
vn -0.257744 -0.158842 0.953067
vn -0.294573 -0.165445 0.941198
vn -0.198905 -0.221185 0.954732
vn -0.208941 -0.219494 0.952978
vn -0.311624 -0.183863 0.932247
vn -0.312558 -0.178036 0.933065
vn -0.214256 -0.189169 0.958285
vn -0.207845 -0.178020 0.961826
vn -0.307398 -0.171404 0.936017
vn -0.293004 -0.129105 0.947354
vn -0.206894 -0.141462 0.968082
vn -0.191223 -0.117979 0.974431
vn -0.290415 -0.104083 0.951223
vn -0.288758 0.004905 0.957390
vn -0.181497 -0.018915 0.983210
vn -0.186940 -0.017724 0.982211
vn -0.288758 0.004905 0.957390
vn -0.286994 0.120012 0.950385
vn -0.190782 0.095361 0.976990
vn -0.185219 0.093921 0.978199
vn -0.286993 0.120012 0.950385
vn -0.308601 0.188743 0.932278
vn -0.198930 0.169499 0.965245
vn -0.193033 0.168414 0.966631
vn -0.308601 0.188743 0.932278
vn -0.330668 0.251262 0.909685
vn -0.162363 0.245890 0.955603
vn -0.198070 0.247639 0.948390
vn -0.330668 0.251262 0.909685
vn -0.351205 0.208199 0.912857
vn -0.203374 0.151915 0.967244
vn -0.231791 0.162894 0.959030
vn -0.351205 0.208199 0.912857
vn -0.407825 -0.176766 0.895786
vn -0.273069 -0.198523 0.941287
vn -0.282236 -0.313735 0.906594
vn -0.406190 -0.276252 0.871031
vn -0.425341 -0.361261 0.829805
vn -0.274908 -0.365090 0.889458
vn -0.256383 -0.364907 0.895048
vn -0.425341 -0.361261 0.829805
vn -0.389863 -0.000380 0.920873
vn -0.250691 -0.000427 0.968067
vn -0.246455 -0.000428 0.969154
vn -0.389863 -0.000380 0.920873
vn -0.362129 0.151867 0.919674
vn -0.225977 0.148606 0.962731
vn -0.230373 0.148756 0.961665
vn -0.362129 0.151867 0.919674
vn -0.339781 0.373772 0.863043
vn -0.213327 0.360143 0.908179
vn -0.212207 0.359996 0.908499
vn -0.339781 0.373772 0.863043
vn -0.297418 0.642447 0.706261
vn -0.168135 0.669294 0.723724
vn -0.185784 0.666360 0.722114
vn -0.297418 0.642447 0.706261
vn -0.277736 0.768910 0.575882
vn -0.174799 0.778653 0.602615
vn -0.169346 0.778919 0.603827
vn -0.277736 0.768910 0.575882
vn -0.236320 0.935435 0.262897
vn -0.161475 0.951596 0.261515
vn -0.144480 0.954468 0.260992
vn -0.236320 0.935435 0.262897
vn -0.209874 0.976143 0.055656
vn -0.130671 0.989605 0.060063
vn -0.135885 0.988919 0.059786
vn -0.209874 0.976143 0.055656
vn -0.215495 0.973654 -0.074561
vn -0.111869 0.990417 -0.080994
vn -0.141928 0.986701 -0.079228
vn -0.215495 0.973654 -0.074561
vn -0.255131 0.932693 -0.254935
vn -0.147731 0.954827 -0.257840
vn -0.173777 0.950544 -0.257424
vn -0.255131 0.932693 -0.254935
vn -0.319762 0.823490 -0.468632
vn -0.179184 0.853652 -0.489051
vn -0.206514 0.849251 -0.485926
vn -0.319762 0.823490 -0.468632
vn -0.407421 0.597526 -0.690631
vn -0.249092 0.629102 -0.736331
vn -0.273788 0.625417 -0.730680
vn -0.407421 0.597526 -0.690631
vn -0.466849 0.283844 -0.837547
vn -0.303965 0.298339 -0.904764
vn -0.314891 0.130714 -0.940084
vn -0.475269 0.139392 -0.868729
vn -0.300456 -0.065790 -0.951524
vn -0.470390 -0.056141 -0.880671
vn -0.450479 -0.321928 -0.832725
vn -0.316698 -0.337509 -0.886448
vn -0.304728 -0.338530 -0.890246
vn -0.450479 -0.321928 -0.832725
vn -0.364803 -0.466410 -0.805842
vn -0.249673 -0.489421 -0.835542
vn -0.234619 -0.532037 -0.813567
vn -0.342585 -0.522999 -0.780453
vn -0.302174 0.019599 -0.953051
vn -0.218457 -0.088753 -0.971802
vn -0.214881 -0.093228 -0.972180
vn -0.302174 0.019599 -0.953051
vn -0.146767 0.217522 -0.964958
vn -0.142296 0.156409 -0.977389
vn -0.142735 0.162112 -0.976395
vn -0.146767 0.217522 -0.964958
vn -0.140192 0.078659 -0.986995
vn -0.136363 0.109795 -0.984556
vn -0.136383 0.109632 -0.984571
vn -0.140192 0.078659 -0.986995
vn -0.209230 0.029300 -0.977427
vn -0.165224 0.055231 -0.984708
vn -0.159566 0.058536 -0.985450
vn -0.209230 0.029300 -0.977427
vn -0.248124 0.019487 -0.968532
vn -0.186787 0.033390 -0.981833
vn -0.166309 0.037962 -0.985343
vn -0.248124 0.019487 -0.968532
vn -0.248484 -0.035054 -0.968001
vn -0.192847 -0.034970 -0.980605
vn -0.166656 -0.034892 -0.985398
vn -0.248484 -0.035054 -0.968001
vn -0.218390 -0.011086 -0.975799
vn -0.153340 -0.024606 -0.987867
vn -0.124812 0.001234 -0.992180
vn -0.204018 0.025081 -0.978646
vn -0.175841 -0.015146 -0.984302
vn -0.127380 -0.043688 -0.990891
vn -0.083630 -0.008543 -0.996460
vn -0.145070 0.020379 -0.989211
vn 0.002346 0.108261 -0.994120
vn 0.015802 0.050002 -0.998624
vn 0.079116 0.020279 -0.996659
vn 0.058347 0.095389 -0.993729
vn 0.231278 -0.100164 -0.967718
vn 0.209083 -0.144186 -0.967210
vn 0.216641 -0.323669 -0.921035
vn 0.240580 -0.274581 -0.930981
vn 0.207456 -0.701083 -0.682236
vn 0.181811 -0.691873 -0.698754
vn 0.181199 -0.691645 -0.699138
vn 0.207456 -0.701083 -0.682236
vn 0.310151 -0.725030 -0.614930
vn 0.255136 -0.773879 -0.579670
vn 0.247966 -0.779764 -0.574875
vn 0.310151 -0.725030 -0.614930
vn 0.340331 -0.682507 0.646807
vn 0.287275 -0.946330 -0.148099
vn 0.333481 -0.940346 0.067386
vn -0.288850 -0.388793 -0.874875
vn -0.292821 -0.348429 -0.890423
vn -0.439106 -0.270975 -0.856597
vn -0.412080 -0.343732 -0.843824
vn -0.695119 -0.132165 -0.706641
vn -0.712932 -0.123425 -0.690285
vn -0.712932 -0.123425 -0.690285
vn -0.689818 -0.134706 -0.711341
vn -0.848010 -0.177255 -0.499459
vn -0.848117 -0.049532 -0.527489
vn -0.848117 -0.049532 -0.527489
vn -0.847278 -0.188765 -0.496475
vn -0.929300 0.001531 -0.369323
vn -0.916419 -0.172351 -0.361208
vn -0.916926 -0.169083 -0.361465
vn -0.929300 0.001531 -0.369323
vn -0.972962 0.019557 -0.230135
vn -0.960210 -0.112732 -0.255515
vn -0.950183 -0.165116 -0.264365
vn -0.972962 0.019557 -0.230135
vn -0.998484 0.020037 -0.051259
vn -0.989565 -0.107180 -0.096300
vn -0.999465 -0.032300 0.005128
vn -0.999181 0.020417 0.034939
vn -0.975926 -0.007213 0.217985
vn -0.974526 0.002974 0.224256
vn -0.948349 -0.015548 0.316847
vn -0.948763 -0.013287 0.315710
vn -0.869388 -0.138541 0.474311
vn -0.885629 -0.108134 0.451629
vn -0.895289 0.002080 0.445480
vn -0.876869 -0.075860 0.474706
vn -0.691526 -0.374257 0.617838
vn -0.692318 -0.295164 0.658463
vn -0.803688 -0.210646 0.556519
vn -0.772911 -0.181167 0.608101
vn -0.606863 -0.431593 0.667417
vn -0.628900 -0.334102 0.702041
vn -0.387405 -0.559526 0.732699
vn -0.251430 -0.586320 0.770073
vn -0.292645 -0.479218 0.827472
vn -0.422861 -0.432218 0.796477
vn -0.780545 -0.052818 -0.622864
vn -0.780545 -0.052818 -0.622864
vn -0.931706 0.299517 -0.205460
vn -0.916634 0.177015 -0.358395
vn -0.908648 0.416025 -0.035798
vn -0.757686 0.616597 0.213820
vn -0.813137 0.561643 0.152856
vn -0.617632 0.717979 0.320994
vn -0.514245 0.771011 0.375625
vn -0.445841 0.795726 0.409934
vn -0.387981 0.831980 0.396585
vn -0.370369 0.846718 0.381963
vn -0.355767 0.858300 0.369799
vn -0.309748 0.898078 0.312269
vn -0.309748 0.898078 0.312269
vn -0.164023 0.948836 0.269826
vn -0.232899 0.932041 0.277593
vn -0.840806 0.451285 0.298977
vn -0.801169 0.537030 0.264060
vn -0.900129 -0.078054 0.428575
vn -0.907421 -0.015266 0.419945
vn -0.889434 -0.276773 0.363735
vn -0.889434 -0.276773 0.363735
vn -0.887237 -0.128230 0.443134
vn -0.887237 -0.128230 0.443134
vn -0.856373 0.089185 0.508597
vn -0.856373 0.089185 0.508597
vn -0.804841 0.290150 0.517729
vn -0.804841 0.290150 0.517729
vn -0.471578 -0.664900 -0.579243
vn -0.381573 -0.777362 0.500111
vn -0.381573 -0.777361 0.500111
vn -0.867805 -0.235439 0.437588
vn -0.919693 -0.066490 0.386968
vn -0.933035 -0.031620 0.358394
vn -0.934235 -0.031383 0.355274
vn -0.941767 -0.010985 0.336088
vn -0.947624 0.008949 0.319263
vn -0.972407 -0.021294 0.232316
vn -0.967770 0.016331 0.251307
vn -0.967249 -0.090418 0.237179
vn -0.972069 -0.064177 0.225751
vn -0.962207 -0.117121 0.245845
vn -0.958495 -0.183840 0.217922
vn -0.958495 -0.183840 0.217922
vn -0.950461 -0.249814 0.184976
vn -0.950461 -0.249814 0.184976
vn -0.930261 -0.329133 0.162128
vn -0.930261 -0.329133 0.162128
vn -0.890474 -0.428590 0.152859
vn -0.890474 -0.428590 0.152859
vn -0.766815 -0.600738 0.226073
vn -0.835343 -0.524224 0.165506
vn -0.746026 -0.620313 0.242191
vn -0.488088 -0.843595 0.223870
vn -0.488088 -0.843595 0.223870
vn 0.264775 -0.915173 0.303895
vn 0.264775 -0.915173 0.303895
vn 0.578546 -0.625687 0.523259
vn 0.578546 -0.625687 0.523259
vn 0.669151 -0.506570 0.543713
vn 0.669151 -0.506570 0.543713
vn 0.721416 -0.498809 0.480363
vn 0.721416 -0.498809 0.480363
vn 0.511350 -0.799586 0.314935
vn 0.581456 -0.733554 0.351863
vn 0.358255 -0.904112 0.232883
vn -0.194863 -0.565969 -0.801066
vn -0.283695 -0.623325 -0.728686
vn -0.210930 -0.142308 -0.967087
vn -0.210930 -0.142308 -0.967087
vn -0.226386 0.562711 -0.795051
vn -0.226386 0.562711 -0.795051
vn -0.188062 0.953443 -0.235752
vn -0.212229 0.900731 -0.379002
vn -0.141222 0.989978 -0.000412
vn -0.092168 0.995672 0.011961
vn -0.090111 0.995900 -0.007983
vn -0.095407 0.992027 0.082337
vn -0.093901 0.985256 0.143011
vn -0.091997 0.981520 0.167797
vn -0.105354 0.920379 0.376568
vn -0.105669 0.959194 0.262262
vn -0.104043 0.880773 0.461967
vn -0.129711 0.667135 0.733557
vn -0.129711 0.667135 0.733557
vn -0.098632 0.053743 0.993672
vn -0.098879 0.255301 0.961792
vn -0.094863 -0.130854 0.986853
vn -0.105776 -0.628116 0.770896
vn -0.112591 -0.563314 0.818536
vn -0.044201 -0.913819 0.403709
vn 0.025950 -0.971825 0.234272
vn -0.405251 -0.520572 -0.751516
vn -0.309602 -0.503823 -0.806418
vn -0.043214 -0.470655 -0.881258
vn 0.219264 -0.438978 -0.871333
vn 0.242262 -0.436974 -0.866235
vn -0.240236 -0.192046 0.951528
vn -0.104138 -0.279224 0.954562
vn 0.008708 -0.405346 0.914122
vn 0.058070 -0.422440 0.904529
vn 0.117158 -0.390869 0.912960
vn 0.624501 -0.090535 0.775759
vn 0.539936 -0.100488 0.835686
vn 0.808210 -0.060857 0.585741
vn 0.950736 -0.038300 0.307626
vn 0.985480 -0.033401 0.166475
vn 0.997739 -0.029349 0.060470
vn 0.961257 -0.031712 -0.273823
vn 0.988985 -0.027786 -0.145387
vn 0.887510 0.009722 -0.460686
vn 0.864339 0.026821 -0.502195
vn 0.785461 0.194247 -0.587639
vn 0.785461 0.194247 -0.587639
vn 0.205674 0.310117 -0.928184
vn 0.442984 0.330273 -0.833477
vn -0.040006 0.270603 -0.961859
vn -0.312969 0.107195 -0.943695
vn -0.245180 -0.009750 -0.969428
vn -0.077240 -0.113347 -0.990549
vn 0.117946 -0.011199 -0.992957
vn 0.132846 0.077704 -0.988086
vn -0.168797 0.218048 -0.961230
vn -0.348697 0.228799 -0.908879
vn -0.543383 0.231132 -0.807040
vn -0.806951 0.127623 -0.576665
vn -0.806951 0.127623 -0.576665
vn -0.935296 0.031357 -0.352474
vn -0.952611 0.021976 -0.303395
vn -0.995999 -0.003255 -0.089307
vn -0.999922 -0.001043 -0.012439
vn -0.990288 0.008450 0.138773
vn -0.975900 0.017442 0.217519
vn -0.952424 0.027322 0.303550
vn -0.850048 0.044143 0.524853
vn -0.697552 0.000167 0.716534
vn -0.582119 -0.026944 0.812657
vn -0.281666 -0.151573 0.947465
vn -0.187676 -0.223263 0.956520
vn -0.036625 -0.289260 0.956550
vn 0.118353 -0.246880 0.961792
vn 0.201365 -0.187003 0.961500
vn 0.648159 -0.099319 0.755001
vn 0.560298 -0.117210 0.819956
vn 0.807045 -0.057620 0.587671
vn 0.932762 -0.044950 0.357680
vn 0.967288 -0.050016 0.248701
vn 0.989162 -0.054431 0.136368
vn 0.981711 -0.086766 -0.169456
vn 0.995122 -0.077179 -0.061440
vn 0.882300 -0.073954 -0.464842
vn 0.852749 -0.068053 -0.517868
vn 0.676326 0.085348 -0.731642
vn 0.676326 0.085348 -0.731642
vn 0.296671 0.240001 -0.924330
vn 0.427642 0.240210 -0.871448
vn 0.165267 0.235292 -0.957771
vn -0.032369 0.120656 -0.992167
vn -0.056140 0.028691 -0.998011
vn -0.042901 -0.036844 -0.998400
vn -0.043443 0.026275 -0.998710
vn -0.085319 0.088195 -0.992443
vn -0.302431 0.189350 -0.934175
vn -0.410969 0.182600 -0.893175
vn -0.530045 0.171664 -0.830412
vn -0.755969 0.088035 -0.648661
vn -0.755968 0.088035 -0.648661
vn -0.927507 -0.005450 -0.373766
vn -0.953819 -0.005433 -0.300334
vn -0.997532 -0.011697 -0.069233
vn -0.999470 -0.020885 0.024966
vn -0.983981 -0.028542 0.175975
vn -0.961994 -0.030053 0.271412
vn -0.935511 -0.031128 0.351924
vn -0.814761 -0.033865 0.578807
vn -0.692929 -0.082651 0.716253
vn -0.573259 -0.120755 0.810427
vn -0.316750 -0.183437 0.930602
vn -0.220317 -0.198942 0.954925
vn -0.030245 -0.216428 0.975830
vn 0.170573 -0.207317 0.963288
vn 0.260433 -0.196124 0.945362
vn 0.235060 -0.129131 0.963365
vn 0.168735 -0.120831 0.978227
vn -0.032298 -0.106953 0.993739
vn -0.197804 -0.094925 0.975635
vn -0.287950 -0.081735 0.954151
vn -0.544016 -0.009371 0.839022
vn -0.657726 -0.041229 0.752128
vn -0.761623 -0.073633 0.643823
vn -0.765729 -0.429188 0.479017
vn -0.705949 -0.610173 0.359617
vn -0.631802 -0.733662 0.250132
vn -0.555373 -0.822879 0.120130
vn -0.588178 -0.805573 0.071409
vn -0.705428 -0.700596 -0.107408
vn -0.787636 -0.551460 -0.274811
vn -0.754898 -0.171795 -0.632942
vn -0.754898 -0.171795 -0.632942
vn -0.536477 -0.053484 -0.842219
vn -0.488257 -0.049867 -0.871274
vn -0.384007 -0.041913 -0.922378
vn -0.225092 -0.028240 -0.973928
vn -0.177768 -0.043278 -0.983120
vn -0.039262 -0.073520 -0.996521
vn 0.069688 -0.054618 -0.996073
vn 0.133005 -0.032740 -0.990575
vn 0.348951 -0.082852 -0.933472
vn 0.268301 -0.049983 -0.962038
vn 0.391777 -0.100516 -0.914553
vn 0.627985 -0.213676 -0.748316
vn 0.627985 -0.213676 -0.748316
vn 0.863844 -0.312475 -0.395136
vn 0.885457 -0.355828 -0.298917
vn 0.902191 -0.426719 -0.062949
vn 0.899046 -0.437801 0.006806
vn 0.882515 -0.313577 0.350480
vn 0.896924 -0.381764 0.223122
vn 0.856845 -0.252764 0.449364
vn 0.611758 -0.071659 0.787792
vn 0.759575 -0.097536 0.643065
vn 0.544306 -0.060289 0.836718
s 1
g pasted__polySurface1 group1
usemtl standardSurface3SG
f 1133/2/1 1106/3/2 1/5/3 258/7/4
s 2
f 1130/1/5 1131/4/6 451/6/7 5/8/8
s 3
f 1129/9/9 1130/1/10 5/8/11 157/10/12
s 4
f 1126/37/13 1127/41/14 7/43/15 9/52/16
s 5
f 1125/53/17 1126/37/18 9/52/19 294/54/20
s 6
f 499/17/21 1104/18/22 1105/19/23 367/20/24
s 7
f 1078/25/25 1079/26/26 258/7/27 1/5/28
s 8
f 451/6/29 1081/11/30 1082/12/31 5/8/32
s 9
f 1082/12/33 1083/13/34 157/10/35 5/8/36
f 1084/14/37 1085/15/38 7/16/39 243/21/40
s 11
f 7/43/41 1085/59/42 1086/69/43 9/52/44
s 12
f 1086/69/45 1087/70/46 294/54/47 9/52/48
s 13
f 498/31/49 1076/32/50 1077/39/51 366/40/52
s 14
f 1050/44/53 1051/45/54 257/46/55 13/47/56
s 15
f 452/22/57 1053/23/58 1054/24/59 15/27/60
s 16
f 1054/24/61 1055/28/62 156/29/63 15/27/64
f 1056/30/65 1057/33/66 16/34/67 244/35/68
s 18
f 16/78/69 1057/79/70 1058/85/71 17/86/72
s 19
f 1058/85/73 1059/88/74 293/89/75 17/86/76
s 20
f 359/62/77 360/63/78 142/72/79 255/73/80
s 21
f 357/36/81 455/38/82 456/42/83 144/48/84
s 22
f 354/97/85 355/98/86 246/104/87 145/105/88
s 23
f 10/106/89 295/112/90 296/113/91 26/114/92
s 24
f 107/74/93 2/81/94 259/82/95 260/83/96
s 25
f 107/74/97 260/83/98 261/90/99 27/91/100
s 26
f 97/119/101 298/120/102 299/121/103 29/122/104
s off
f 30/125/105 31/128/106 41/131/107 40/135/108
f 31/49/109 30/50/110 32/51/111 33/55/112
s 27
f 33/55/113 32/51/114 221/56/115 222/57/116
s 28
f 35/58/117 34/60/118 238/61/119 239/64/120
f 161/65/121 162/66/122 36/67/123 37/68/124
s 29
f 37/68/125 36/67/126 348/71/127 349/75/128
f 210/76/129 211/77/130 75/80/131 76/84/132
s 31
f 39/87/133 38/92/134 171/93/135 172/94/136
s 29
f 439/95/137 440/96/138 43/99/139 42/100/140
s 33
f 170/101/141 171/93/142 38/92/143 44/102/144
s 34
f 169/103/145 170/101/146 44/102/147 46/107/148
s 35
f 168/108/149 169/103/150 46/107/151 66/109/152
s 36
f 432/110/153 433/111/154 50/115/155 166/116/156
s 37
f 52/117/157 165/118/158 166/116/159 50/115/160
s 38
f 215/123/161 216/124/162 165/118/163 52/117/164
s 39
f 163/126/165 164/127/166 54/129/167 56/130/168
s 40
f 162/66/169 163/126/170 56/130/171 36/67/172
s 41
f 44/102/173 38/92/174 338/132/175 339/133/176
s 42
f 46/107/177 44/102/178 339/133/179 340/134/180
s 43
f 66/109/181 46/107/182 340/134/183 341/136/184
s 29
f 39/87/185 337/137/186 338/132/187 38/92/188
s 45
f 436/138/189 437/139/190 62/140/191 64/141/192
s 46
f 438/142/193 439/95/194 42/100/195 63/143/196
f 437/139/197 438/142/193 63/143/196 62/140/198
s 45
f 433/111/199 434/144/200 343/145/201 50/115/202
s 43
f 48/146/203 66/109/181 341/136/184 342/147/204
s 35
f 167/148/205 168/108/149 66/109/152 48/146/206
s 48
f 56/130/207 347/149/208 348/71/209 36/67/210
f 211/77/211 212/150/212 74/151/213 75/80/214
s 50
f 54/129/215 346/152/216 347/149/217 56/130/218
f 212/150/219 213/153/220 73/154/221 74/151/222
s 29
f 71/155/223 70/156/224 211/77/130 210/76/129
s 52
f 213/153/225 214/157/226 72/158/227 73/154/228
f 73/154/228 72/158/227 64/141/229 62/140/230
s 50
f 74/151/222 73/154/221 62/140/231 63/143/232
s 48
f 75/80/214 74/151/213 63/143/233 42/100/234
s 29
f 76/84/132 75/80/131 42/100/140 43/99/139
s 53
f 52/117/235 344/159/236 345/160/237 215/123/238
s 54
f 50/115/239 343/145/240 344/159/241 52/117/242
s off
f 77/161/243 30/50/244 40/162/245 80/163/246
f 32/51/247 30/50/248 77/161/249 78/164/250
s 55
f 220/165/251 221/56/252 32/51/253 78/164/254
f 79/166/255 34/60/256 221/56/252 220/165/251
s 40
f 57/167/257 238/61/258 34/60/259 79/166/260
s off
f 47/168/261 67/172/262 81/173/263
f 81/173/264 67/172/265 49/174/266 82/175/267
s 56
f 430/176/268 431/177/269 51/178/270 83/179/271
s off
f 53/180/272 84/181/273 83/179/274 51/178/275
s 57
f 217/182/276 218/183/277 84/181/278 53/180/279
s 58
f 84/181/280 218/183/281 219/184/282 83/179/283
s 59
f 82/175/284 430/176/285 220/165/286 78/164/287
s off
f 82/175/288 78/164/289 77/161/290 81/173/291
f 47/168/292 81/173/293 77/161/294 80/163/295
f 31/49/296 33/55/297 86/185/298 85/186/299
s 60
f 33/55/300 222/57/301 223/187/302 86/185/303
s 61
f 87/188/304 35/58/305 239/64/306 240/189/307
f 160/190/308 161/65/309 37/68/310 88/191/311
s 62
f 88/191/312 37/68/313 349/75/314 350/192/315
s 63
f 209/193/316 210/76/317 76/84/318 89/194/319
s 64
f 39/87/320 172/94/321 173/195/322 90/201/323
s off
f 91/219/324 41/131/325 31/128/326 85/222/327
s 65
f 440/96/328 441/202/329 93/203/330 43/99/331
s 66
f 90/201/332 336/204/333 337/137/334 39/87/335
s 63
f 92/205/336 71/155/337 210/76/317 209/193/316
s off
f 89/194/338 76/84/339 43/99/340 93/203/341
s 67
f 91/219/342 85/222/343 475/226/344 476/227/345
s 68
f 88/191/346 469/206/347 470/207/348 160/190/349
f 240/189/350 471/208/351 472/209/352 87/188/353
f 158/210/354 159/211/355 95/213/356 6/214/357
f 8/216/358 96/217/359 241/218/360 242/220/361
s 70
f 96/231/362 8/234/363 10/106/364 26/114/365
s 26
f 224/235/366 297/241/367 298/120/102 97/119/101
s 70
f 86/185/368 223/187/369 473/221/370 474/223/371
s 72
f 85/222/372 86/249/373 474/251/374 475/226/375
s 73
f 90/201/376 173/195/377 477/224/378 478/225/379
s 74
f 200/228/380 321/229/381 480/230/382 481/232/383
s 75
f 483/233/384 484/236/385 93/203/386 441/202/387
s 76
f 89/194/388 93/203/389 484/236/390 485/237/391
s 77
f 209/193/392 89/194/393 485/237/394 486/238/395
f 92/205/396 209/193/392 486/238/395 487/239/397
s 78
f 350/192/398 489/240/399 469/206/400 88/191/401
s 79
f 449/242/402 450/243/403 6/214/404 95/213/405
s 80
f 299/121/406 300/253/407 99/255/408 29/122/409
s 81
f 262/169/410 263/170/411 109/171/412 207/196/413
s 82
f 110/197/414 109/171/415 263/170/416 264/198/417
s off
f 126/199/418 120/200/419 119/212/420 125/215/421
s 83
f 252/264/422 253/266/423 120/200/424 126/199/425
s 84
f 128/244/426 122/245/427 458/246/428 459/247/429
s 85
f 151/248/430 152/250/431 122/245/432 128/244/433
s 86
f 124/257/434 130/263/435 464/268/436 465/270/437
s 87
f 148/277/438 149/278/439 288/282/440 289/304/441
s off
f 132/275/442 126/199/443 125/215/444 131/279/445
s 88
f 463/309/446 464/268/447 130/263/448 135/310/449
s 89
f 251/287/450 252/264/451 126/199/452 132/275/453
s 90
f 459/247/454 460/252/455 134/254/456 128/244/457
s 91
f 134/254/458 151/248/459 128/244/460
s 92
f 129/311/461 150/314/462 135/310/463 149/278/464
f 130/263/465 288/282/466 149/278/464 135/310/463
s off
f 120/200/467 137/291/468 136/292/469 119/212/470
s 93
f 137/291/471 120/200/472 253/266/473 254/300/474
s 94
f 457/256/475 458/246/476 122/245/477 139/258/478
s 95
f 122/245/479 152/250/480 153/259/481 139/258/482
s 96
f 140/315/483 123/316/484 148/277/485 147/317/486
s 97
f 141/320/487 124/257/488 465/270/489 466/322/490
s 96
f 147/317/486 148/277/485 289/304/491 290/324/492
s off
f 137/291/493 142/72/494 117/328/495 136/292/496
s 98
f 142/72/497 137/291/498 254/300/499 255/73/500
s 99
f 456/42/501 457/256/502 139/258/503 144/48/504
s 100
f 139/258/505 153/259/506 154/260/507 144/48/508
s 101
f 145/105/509 140/315/510 147/317/511 146/325/512
s 102
f 466/322/513 467/332/514 118/333/515 141/320/516
s 101
f 146/325/512 147/317/511 290/324/517 291/334/518
s 103
f 352/335/519 353/336/520 146/325/521 291/334/522
f 354/97/523 145/105/524 146/325/521 353/336/520
s 87
f 123/316/525 129/311/526 149/278/439 148/277/438
s 22
f 356/261/527 357/36/528 144/48/529 154/260/530
s 105
f 150/314/531 250/337/532 461/348/533 462/349/534
s 106
f 135/310/535 150/314/536 462/349/537 463/309/538
s 91
f 129/311/539 249/350/540 250/337/541 150/314/542
s 85
f 123/316/543 248/351/544 249/350/545 129/311/546
s 95
f 140/315/547 247/352/548 248/351/549 123/316/550
s 100
f 145/105/551 246/104/552 247/352/553 140/315/554
s 3
f 1127/262/555 1128/265/556 243/21/557 7/16/558
s 39
f 55/267/559 164/127/166 163/126/165 57/167/560
s 38
f 53/180/561 165/118/163 216/124/162 217/182/562
s 37
f 166/116/159 165/118/158 53/180/563 51/178/564
s 36
f 51/178/565 431/177/566 432/110/153 166/116/156
s 35
f 67/172/567 168/108/149 167/148/205 49/174/568
f 47/168/569 169/103/150 168/108/149 67/172/567
s 34
f 45/269/570 170/101/146 169/103/145 47/168/571
s 33
f 40/162/572 171/93/142 170/101/141 45/269/573
s 31
f 172/94/136 171/93/135 40/162/574 41/271/575
s 64
f 173/195/322 172/94/321 41/271/576 91/272/577
s 73
f 173/195/377 91/272/578 476/273/579 477/224/378
s 108
f 264/198/580 998/329/581 999/331/582 110/197/583
s 109
f 176/339/584 175/340/585 265/341/586 266/343/587
s 110
f 177/344/588 176/339/589 266/343/590 267/345/591
s 111
f 178/346/592 177/344/593 267/345/594 268/353/595
s 112
f 179/354/596 178/346/597 268/353/598 269/364/599
s 113
f 181/366/600 180/367/601 270/368/602 271/370/603
s 114
f 116/372/604 312/373/605 313/381/606 272/382/607
s 115
f 269/364/608 270/368/609 180/367/610 179/354/611
s 116
f 442/274/612 996/276/613 997/280/614 103/281/615
s 117
f 992/391/616 993/393/617 320/403/618 101/432/619
s 118
f 182/283/620 444/284/621 445/285/622 183/286/623
s 119
f 191/288/624 318/289/625 319/290/626 111/293/627
s 120
f 183/286/628 445/285/629 446/294/630 184/295/631
s 121
f 112/296/632 317/297/633 318/289/634 191/288/635
s 122
f 184/295/636 446/294/637 447/298/638 185/299/639
s 123
f 113/301/640 316/302/641 317/297/642 112/296/643
s 124
f 314/303/644 315/305/645 114/306/646 115/307/647
s 123
f 192/308/648 196/312/649 195/313/650 193/318/651
s 121
f 190/319/652 197/321/653 196/312/654 192/308/655
s 119
f 189/323/656 198/326/657 197/321/658 190/319/659
s 117
f 994/327/660 995/330/661 102/338/662 199/342/663
s 74
f 94/347/664 200/228/380 481/232/383 482/356/665
s 66
f 61/357/666 201/365/667 200/228/668 94/347/669
s 29
f 61/357/670 60/369/671 202/371/672 201/365/673
s 41
f 203/374/674 202/371/675 60/369/676 59/375/677
s 42
f 204/376/678 203/374/679 59/375/680 58/377/681
s 43
f 65/378/682 205/379/683 204/376/684 58/377/685
s 130
f 315/305/686 316/302/687 113/301/688 114/306/689
s off
f 187/380/690 206/383/691 194/384/692 188/385/693
f 194/384/694 206/383/695 193/318/696 195/313/697
s 131
f 185/299/698 447/298/699 448/386/700 186/387/701
s 81
f 261/90/702 262/169/410 207/196/413 27/91/703
s 48
f 212/150/212 211/77/211 70/156/704 69/397/705
s 50
f 213/153/220 212/150/219 69/397/706 68/398/707
s 52
f 213/153/225 68/398/708 214/157/226
s 53
f 345/160/237 346/152/709 54/129/710 215/123/238
s 38
f 164/127/711 216/124/162 215/123/161 54/129/712
f 217/182/562 216/124/162 164/127/711 55/267/713
s 57
f 55/267/714 57/167/715 218/183/277 217/182/276
s 58
f 219/184/282 218/183/281 57/167/716 79/166/717
s 59
f 220/165/286 219/184/718 79/166/719
s 27
f 35/58/720 222/57/116 221/56/115 34/60/721
s 60
f 87/188/722 223/187/302 222/57/301 35/58/723
s 70
f 472/209/724 473/221/370 223/187/369 87/188/725
s 26
f 296/113/726 297/241/367 224/235/366 26/114/727
s off
f 206/383/728 187/380/729 186/387/730 448/386/731
s 132
f 516/355/732 515/358/733 383/359/734 384/360/735
s 133
f 99/255/736 300/253/737 301/361/738 174/362/739
s 134
f 283/401/740 284/402/741 233/404/742 234/406/743
s 135
f 282/412/744 283/401/745 234/406/746 235/413/747
s 136
f 281/421/748 282/412/749 235/413/750 236/422/751
s 137
f 236/422/752 237/423/753 280/428/754 281/421/755
s 134
f 276/363/756 277/388/757 227/389/758 228/390/759
s 135
f 275/392/760 276/363/761 228/390/762 231/394/763
s 136
f 274/395/764 275/392/765 231/394/766 229/396/767
s 137
f 229/396/768 230/399/769 273/400/770 274/395/771
s 138
f 278/405/772 279/407/773 273/400/774 230/399/775
s 28
f 239/64/120 238/61/119 162/66/122 161/65/121
s 61
f 240/189/307 239/64/306 161/65/309 160/190/308
s 68
f 160/190/349 470/207/348 471/208/351 240/189/350
f 242/408/361 241/409/360 159/410/355 158/411/354
s 3
f 243/21/557 1128/265/556 1129/9/9 157/10/12
s 9
f 1083/13/34 1084/14/37 243/21/40 157/10/35
s 16
f 1055/28/62 1056/30/65 244/35/68 156/29/63
s 22
f 355/429/86 356/261/527 154/260/530 246/430/87
s 100
f 247/435/553 246/430/552 154/260/507 153/259/506
s 95
f 248/436/549 247/435/548 153/259/481 152/250/480
s 85
f 249/437/545 248/436/544 152/250/431 151/248/430
s 91
f 250/438/541 249/437/540 151/248/459 134/254/458
s 105
f 460/252/776 461/440/533 250/438/532 134/254/777
s 89
f 133/433/778 127/439/779 252/264/451 251/287/450
s 83
f 127/439/780 121/446/781 253/266/423 252/264/422
s 93
f 254/300/474 253/266/473 121/446/782 138/447/783
s 98
f 255/73/500 254/300/499 138/447/784 143/484/785
s 20
f 358/485/786 359/62/77 255/73/80 143/484/787
s 14
f 1051/45/54 1052/486/788 14/487/789 257/46/55
s 7
f 1079/26/26 1080/488/790 3/489/791 258/7/27
s 1
f 1132/498/792 1133/2/1 258/7/4 3/489/793
s 24
f 260/83/96 259/82/95 4/499/794 106/501/795
s 25
f 260/83/98 106/501/796 105/502/797 261/90/99
s 81
f 105/502/798 208/514/799 262/169/410 261/90/702
f 104/515/800 263/170/411 262/169/410 208/514/799
s 82
f 264/198/417 263/170/416 104/515/801 103/516/802
s 108
f 103/516/803 997/523/804 998/329/581 264/198/580
s 109
f 266/343/587 265/341/586 182/563/805 183/564/806
s 110
f 267/345/591 266/343/590 183/564/807 184/572/808
s 111
f 268/353/595 267/345/594 184/572/809 185/575/810
s 112
f 269/364/599 268/353/598 185/575/811 186/576/812
s 115
f 186/576/813 187/587/814 270/368/609 269/364/608
s 113
f 271/370/603 270/368/602 187/587/815 188/601/816
s 114
f 313/381/606 314/602/817 115/612/818 272/382/607
s 138
f 273/400/774 279/407/773 280/414/819 237/415/820
s 137
f 273/400/770 237/415/753 236/416/752 274/395/771
s 136
f 236/416/751 235/417/750 275/392/765 274/395/764
s 135
f 235/417/747 234/418/746 276/363/761 275/392/760
s 134
f 234/418/743 233/419/742 277/388/757 276/363/756
s 139
f 515/358/821 514/420/822 382/424/823 383/359/824
s 138
f 116/372/825 272/382/826 279/613/773 278/614/772
f 280/615/819 279/613/773 272/382/826 115/612/827
s 137
f 280/428/754 115/307/828 114/306/829 281/421/755
s 136
f 114/306/830 113/301/831 282/412/749 281/421/748
s 135
f 113/301/832 112/296/833 283/401/745 282/412/744
s 134
f 112/296/834 191/288/835 284/402/741 283/401/740
s off
f 226/425/836 227/389/837 277/388/838 285/426/839
f 285/426/840 277/388/841 233/419/842 286/427/843
f 286/441/844 233/404/845 284/402/846 287/442/847
f 287/442/848 284/402/849 191/288/850 111/293/851
s 140
f 1021/443/852 992/444/853 101/445/854 100/448/855
s 141
f 1020/449/856 1021/443/857 100/448/858 174/454/859
s 87
f 289/304/441 288/282/440 130/263/860 124/257/861
s 96
f 290/324/492 289/304/491 124/257/862 141/320/863
s 101
f 291/334/518 290/324/517 141/320/864 118/333/865
s 103
f 351/431/866 352/335/519 291/334/522 118/333/867
s 19
f 18/434/868 293/89/75 1059/88/74 1060/450/869
s 12
f 11/451/870 294/54/47 1087/70/46 1088/452/871
s 5
f 1124/453/872 1125/53/17 294/54/20 11/451/873
s 23
f 296/113/91 295/112/90 12/461/874 25/463/875
s 26
f 25/463/876 225/465/877 297/241/367 296/113/726
f 298/120/102 297/241/367 225/465/877 98/466/878
f 299/121/103 298/120/102 98/466/878 28/467/879
s 80
f 108/469/880 300/253/407 299/121/406 28/467/881
s 133
f 301/361/738 300/253/737 108/469/882 232/470/883
s 142
f 301/616/884 1019/624/885 1020/628/886 174/629/887
s 143
f 232/632/888 1018/633/889 1019/624/890 301/616/891
s 144
f 1107/634/892 1108/635/893 499/17/894 367/20/895
s 145
f 501/637/896 500/638/897 368/639/898 369/640/899
s 146
f 503/647/900 502/648/901 370/649/902 371/650/903
s 147
f 504/651/904 503/647/905 371/650/906 372/652/907
s 148
f 505/660/908 504/651/909 372/652/910 373/661/911
s 149
f 1000/662/912 1001/665/913 505/660/914 373/661/915
s 150
f 507/666/916 506/667/917 374/668/918 375/669/919
s 151
f 508/670/920 507/666/921 375/669/922 376/671/923
s 152
f 509/672/924 508/670/925 376/671/926 377/673/927
s 153
f 510/674/928 509/672/929 377/673/930 378/675/931
s 154
f 512/677/932 511/678/933 379/685/934 380/687/935
s 155
f 514/420/936 513/471/937 381/479/938 382/424/939
s 103
f 24/480/940 292/481/941 1023/482/942 1024/483/943
f 292/481/941 23/490/944 1022/492/945 1023/482/942
f 22/493/946 1049/494/947 1022/492/945 23/490/944
s 22
f 22/455/948 245/456/949 1048/457/950 1049/458/951
f 245/456/949 155/459/952 1047/460/953 1048/457/950
f 155/459/952 21/462/954 1046/464/955 1047/460/953
s 21
f 21/462/956 453/468/957 1045/472/958 1046/464/959
s 20
f 20/688/960 256/689/961 1043/690/962 1044/696/963
f 256/689/961 19/697/964 1042/698/965 1043/690/962
s 160
f 497/700/966 1040/701/967 1041/702/968 365/703/969
s 114
f 313/381/606 312/373/605 181/366/970 271/370/971
f 314/602/817 313/381/606 271/370/971 188/601/972
s 124
f 315/305/645 314/303/644 188/385/973 194/384/974
s 130
f 316/302/687 315/305/686 194/384/975 195/313/976
s 123
f 317/297/642 316/302/641 195/313/650 196/312/649
s 121
f 318/289/634 317/297/633 196/312/654 197/321/653
s 119
f 319/290/626 318/289/625 197/321/658 198/326/657
s 117
f 320/473/618 993/474/617 994/327/660 199/342/663
s 66
f 322/475/977 321/229/978 200/228/668 201/365/667
s 29
f 323/476/979 322/475/980 201/365/673 202/371/672
s 41
f 203/374/674 324/477/981 323/476/982 202/371/675
s 42
f 204/376/678 325/478/983 324/477/984 203/374/679
s 43
f 326/491/985 325/478/986 204/376/684 205/379/683
f 327/500/987 326/491/985 205/379/683 65/378/682
s 45
f 64/141/192 328/503/988 435/504/989 436/138/189
s 54
f 72/158/990 329/505/991 328/503/992 64/141/993
s 53
f 330/509/994 329/505/995 72/158/996 214/157/997
f 68/398/998 331/510/999 330/509/994 214/157/997
s 50
f 69/397/706 332/511/1000 331/510/1001 68/398/707
s 48
f 70/156/704 333/512/1002 332/511/1003 69/397/705
s 29
f 71/155/223 334/513/1004 333/512/1005 70/156/224
s 62
f 335/517/1006 334/513/1007 71/155/1008 92/205/1009
s 74
f 321/229/381 336/204/1010 479/518/1011 480/230/382
s 66
f 337/137/334 336/204/333 321/229/978 322/475/977
s 29
f 338/132/187 337/137/186 322/475/980 323/476/979
s 41
f 339/133/176 338/132/175 323/476/982 324/477/981
s 42
f 340/134/180 339/133/179 324/477/984 325/478/983
s 43
f 341/136/184 340/134/183 325/478/986 326/491/985
f 342/147/204 341/136/184 326/491/985 327/500/987
s 45
f 434/144/200 435/504/989 328/503/988 343/145/201
s 54
f 344/159/241 343/145/240 328/503/992 329/505/991
s 53
f 345/160/237 344/159/236 329/505/995 330/509/994
f 330/509/994 331/510/999 346/152/709 345/160/237
s 50
f 347/149/217 346/152/216 331/510/1001 332/511/1000
s 48
f 348/71/209 347/149/208 332/511/1003 333/512/1002
s 29
f 349/75/128 348/71/127 333/512/1005 334/513/1004
s 62
f 350/192/315 349/75/314 334/513/1007 335/517/1006
s 74
f 336/204/1010 90/201/1012 478/225/1013 479/518/1011
s 78
f 487/239/1014 488/519/1015 335/517/1016 92/205/1017
s 103
f 302/495/1018 303/496/1019 352/335/519 351/431/866
f 303/496/1019 304/497/1020 353/336/520 352/335/519
f 305/506/1021 354/97/523 353/336/520 304/497/1020
s 22
f 305/520/1022 306/521/1023 355/429/86 354/522/85
f 306/521/1023 307/524/1024 356/261/527 355/429/86
f 307/524/1024 308/529/1025 357/36/528 356/261/527
s 21
f 308/529/1026 454/530/1027 455/38/82 357/36/81
s 20
f 309/704/1028 310/705/1029 359/62/77 358/485/786
f 310/705/1029 311/706/1030 360/63/78 359/62/77
s 162
f 496/707/1031 495/708/1032 363/709/1033 364/710/1034
s 163
f 361/507/1035 118/333/1036 467/332/1037 468/508/1038
s 162
f 142/72/1039 360/63/1040 363/709/1033 117/328/1041
f 360/63/1040 311/706/1042 364/710/1034 363/709/1033
s 160
f 1041/702/968 1042/698/1043 19/697/1044 365/703/969
s 13
f 1077/39/51 1050/44/1045 13/47/1046 366/40/52
s 6
f 1105/19/23 1078/25/1047 1/5/1048 367/20/24
s 144
f 1/5/1049 1106/3/1050 1107/634/892 367/20/895
s 145
f 2/81/1051 107/74/1052 369/640/899 368/639/898
s 164
f 107/74/1053 27/91/1054 370/649/1055 369/640/1056
s 146
f 27/91/1057 207/196/1058 371/650/903 370/649/902
s 147
f 207/196/1059 109/171/1060 372/652/907 371/650/906
s 148
f 109/171/1061 110/197/1062 373/661/911 372/652/910
s 149
f 110/197/1063 999/331/1064 1000/662/912 373/661/915
s 150
f 175/340/1065 176/339/1066 375/669/919 374/668/918
s 151
f 176/339/1067 177/344/1068 376/671/923 375/669/922
s 152
f 177/344/1069 178/346/1070 377/673/927 376/671/926
s 153
f 178/346/1071 179/354/1072 378/675/931 377/673/930
s 165
f 179/354/1073 180/367/1074 379/685/1075 378/675/1076
s 154
f 180/367/1077 181/366/1078 380/687/935 379/685/934
s 166
f 181/366/1079 312/373/1080 381/712/1081 380/687/1082
s 155
f 312/525/1083 116/526/1084 382/424/939 381/479/938
s 139
f 116/526/1085 278/405/1086 383/359/824 382/424/823
s 132
f 278/405/1087 230/399/1088 384/360/735 383/359/734
s 167
f 230/399/1089 229/396/1090 385/527/1091 384/360/1092
s 168
f 229/396/1093 231/394/1094 386/528/1095 385/527/1096
s 169
f 231/394/1097 228/390/1098 387/540/1099 386/528/1100
f 228/390/1098 227/389/1101 388/542/1102 387/540/1099
s 170
f 227/389/1103 226/425/1104 389/543/1105 388/542/1106
s 171
f 1017/544/1107 1018/547/1108 232/470/1109 390/548/1110
s 172
f 232/470/1111 108/469/1112 391/551/1113 390/548/1114
s 173
f 108/469/1115 28/467/1116 392/552/1117 391/551/1118
s 174
f 28/467/1119 98/466/1120 393/555/1121 392/552/1122
s 175
f 98/466/1123 225/465/1124 394/556/1125 393/555/1126
s 176
f 225/465/1127 25/463/1128 395/557/1129 394/556/1130
s 177
f 25/463/1131 12/461/1132 396/558/1133 395/557/1134
s 178
f 1123/559/1135 1124/453/1136 11/451/1137 397/560/1138
s 179
f 11/451/1139 1088/452/1140 1089/565/1141 397/560/1142
s 180
f 18/434/1143 1060/450/1144 1061/566/1145 398/567/1146
s 181
f 24/480/1147 1024/483/1148 1025/568/1149 399/569/1150
s 182
f 302/495/1151 351/431/1152 401/570/1153 400/571/1154
s 183
f 351/431/1155 118/333/1156 361/507/1157 401/570/1158
s 162
f 363/709/1033 362/714/1159 117/328/1041
s 168
f 385/527/1096 386/528/1095 403/577/1160 402/578/1161
s 169
f 386/528/1100 387/540/1099 404/579/1162 403/577/1163
f 405/580/1164 404/579/1162 387/540/1099 388/542/1102
s 170
f 406/582/1165 405/580/1166 388/542/1106 389/543/1105
s 171
f 407/583/1167 1016/584/1168 1017/544/1107 390/548/1110
s 172
f 390/548/1114 391/551/1113 408/590/1169 407/583/1170
s 173
f 391/551/1118 392/552/1117 409/591/1171 408/590/1172
s 174
f 392/552/1122 393/555/1121 410/592/1173 409/591/1174
s 175
f 393/555/1126 394/556/1125 411/593/1175 410/592/1176
s 176
f 394/556/1130 395/557/1129 412/594/1177 411/593/1178
s 177
f 395/557/1134 396/558/1133 413/595/1179 412/594/1180
s 178
f 1122/596/1181 1123/559/1135 397/560/1138 414/603/1182
s 179
f 397/560/1142 1089/565/1141 1090/604/1183 414/603/1184
s 180
f 398/567/1146 1061/566/1145 1062/605/1185 415/606/1186
s 181
f 399/569/1150 1025/568/1149 1026/607/1187 491/608/1188
s 182
f 400/571/1154 401/570/1153 493/609/1189 492/610/1190
s 183
f 401/570/1158 361/507/1157 494/611/1191 493/609/1192
s 171
f 417/617/1193 416/618/1194 406/582/1195 389/543/1196
f 226/425/1197 418/619/1198 417/617/1193 389/543/1196
s 143
f 419/620/1199 418/619/1200 226/425/1201 285/426/1202
s 142
f 420/621/1203 419/620/1204 285/426/1205 286/427/1206
s 141
f 286/441/1207 287/442/1208 421/531/1209 420/532/1210
s 140
f 287/442/1211 111/293/1212 422/533/1213 421/531/1214
s 117
f 111/293/1215 319/290/1216 423/534/1217 422/533/1218
f 424/535/1219 423/534/1217 319/290/1216 198/326/1220
f 198/326/1220 189/323/1221 425/536/1222 424/535/1219
s 116
f 182/283/1223 426/537/1224 443/538/1225 444/284/1226
s 108
f 427/715/1227 426/723/1228 182/563/1229 265/341/1230
f 428/724/1231 427/715/1227 265/341/1230 175/340/1232
s 149
f 428/724/1233 175/340/1234 374/668/1235 429/725/1236
s 56
f 82/175/1237 49/174/1238 431/177/269 430/176/268
s 36
f 432/110/153 431/177/566 49/174/1239 167/148/1240
f 167/148/1240 48/146/1241 433/111/154 432/110/153
s 45
f 342/147/1242 434/144/200 433/111/199 48/146/1243
f 327/500/1244 435/504/989 434/144/200 342/147/1242
f 436/138/189 435/504/989 327/500/1244 65/378/1245
f 58/377/1246 437/139/190 436/138/189 65/378/1245
s 46
f 58/377/1247 59/375/1248 438/142/193 437/139/197
f 59/375/1248 60/369/1249 439/95/194 438/142/193
s 29
f 61/357/670 440/96/138 439/95/137 60/369/671
s 65
f 94/347/1250 441/202/329 440/96/328 61/357/1251
s 75
f 441/202/387 94/347/1252 482/356/1253 483/233/384
s 116
f 995/330/1254 996/276/613 442/274/612 102/338/1255
f 444/284/1226 443/538/1225 425/536/1256 189/323/1257
s 118
f 445/285/622 444/284/621 189/323/1258 190/319/1259
s 120
f 446/294/630 445/285/629 190/319/1260 192/308/1261
s 122
f 447/298/638 446/294/637 192/308/1262 193/318/1263
s 131
f 448/386/700 447/298/699 193/318/1264 206/383/1265
s 59
f 220/165/286 430/176/285 83/179/1266 219/184/718
s 40
f 162/66/169 238/61/258 57/167/257 163/126/170
s 79
f 106/539/1267 4/541/1268 450/243/403 449/242/402
s 2
f 1131/4/6 1132/545/1269 3/546/1270 451/6/7
s 8
f 3/546/1271 1080/549/1272 1081/11/30 451/6/29
s 15
f 14/550/1273 1052/553/1274 1053/23/58 452/22/57
s 21
f 1044/554/1275 1045/472/958 453/468/957 20/561/1276
f 455/38/82 454/530/1027 309/562/1277 358/573/1278
f 456/42/83 455/38/82 358/573/1278 143/574/1279
s 99
f 143/574/1280 138/581/1281 457/256/502 456/42/501
s 94
f 138/581/1282 121/585/1283 458/246/476 457/256/475
s 84
f 459/247/429 458/246/428 121/585/1284 127/586/1285
s 90
f 127/586/1286 133/588/1287 460/252/455 459/247/454
s 105
f 251/589/1288 461/440/533 460/252/776 133/588/1289
f 462/730/534 461/736/533 251/287/1288 132/275/1290
s 106
f 462/730/537 132/275/1291 131/279/1292 463/737/538
s 88
f 131/279/1293 125/215/1294 464/738/447 463/737/446
s 86
f 465/740/437 464/738/436 125/215/1295 119/212/1296
s 97
f 466/742/490 465/740/489 119/212/1297 136/292/1298
s 102
f 117/328/1299 467/743/514 466/742/513 136/292/1300
s 163
f 467/743/1037 117/328/1301 362/714/1302 468/744/1038
s 78
f 335/517/1016 488/519/1015 489/240/399 350/192/398
s 68
f 470/207/348 469/206/347 95/213/356 159/211/355
f 471/208/351 470/207/348 159/211/355 241/218/360
f 472/209/352 471/208/351 241/218/360 96/217/359
s 70
f 96/217/362 473/221/370 472/209/724
f 474/251/371 473/622/370 224/235/1303 97/119/1304
s 72
f 475/226/375 474/251/374 97/119/1305 29/122/1306
s 67
f 476/227/345 475/226/344 29/122/1307 99/255/1308
s 73
f 477/224/378 476/273/579 99/597/1309 174/454/1310
f 478/225/379 477/224/378 174/454/1310 100/448/1311
s 74
f 479/518/1011 478/225/1013 100/448/1312 101/445/1313
f 480/230/382 479/518/1011 101/445/1313 320/473/1314
f 481/232/383 480/230/382 320/473/1314 199/342/1315
f 482/356/665 481/232/383 199/342/1315 102/338/1316
s 75
f 483/233/384 482/356/1253 102/338/1317 442/274/1318
f 103/281/1319 484/236/385 483/233/384 442/274/1318
s 76
f 485/237/391 484/236/390 103/281/1320 104/598/1321
s 77
f 486/238/395 485/237/394 104/598/1322 208/599/1323
f 487/239/397 486/238/395 208/599/1323 105/600/1324
s 78
f 106/539/1325 488/519/1015 487/239/1014 105/600/1326
f 489/240/399 488/519/1015 106/539/1325 449/242/1327
f 469/206/400 489/240/399 449/242/1327 95/213/1328
s 70
f 96/231/362 26/114/365 224/235/1303 473/622/370
s 162
f 495/708/1032 490/745/1329 362/714/1159 363/709/1033
s 163
f 468/508/1038 518/623/1330 494/611/1331 361/507/1035
s 167
f 402/578/1332 516/355/1333 384/360/1092 385/527/1091
s 164
f 502/648/1334 501/637/1335 369/640/1056 370/649/1055
s 166
f 513/746/1336 512/677/1337 380/687/1082 381/712/1081
s 165
f 511/678/1338 510/674/1339 378/675/1076 379/685/1075
s 149
f 374/668/1235 506/667/1340 517/747/1341 429/725/1236
s 163
f 362/714/1302 490/745/1342 518/748/1330 468/744/1038
s 186
f 1110/749/1343 1111/750/1344 775/751/1345 519/752/1346
s 187
f 1113/682/1347 1114/686/1348 523/695/1349 953/699/1350
s 188
f 1114/686/1351 1115/711/1352 674/713/1353 523/695/1354
s 189
f 1117/625/1355 1118/626/1356 527/627/1357 525/630/1358
s 190
f 1118/626/1359 1119/631/1360 811/636/1361 527/627/1362
s 191
f 1101/753/1363 1102/754/1364 519/752/1365 775/751/1366
s 192
f 953/699/1367 523/695/1368 1098/716/1369 1099/717/1370
s 193
f 1097/718/1371 1098/716/1372 523/695/1373 674/713/1374
f 1095/719/1375 1096/720/1376 760/721/1377 525/722/1378
s 195
f 525/630/1379 527/627/1380 1094/641/1381 1095/642/1382
s 196
f 1093/643/1383 1094/641/1384 527/627/1385 811/636/1386
s 197
f 1073/755/1387 1074/756/1388 531/757/1389 774/758/1390
s 198
f 954/726/1391 533/727/1392 1070/728/1393 1071/729/1394
s 199
f 1069/732/1395 1070/728/1396 533/727/1397 673/733/1398
f 1067/739/1399 1068/741/1400 761/762/1401 534/763/1402
s 201
f 534/644/1403 535/645/1404 1066/646/1405 1067/653/1406
s 202
f 1065/654/1407 1066/646/1408 535/645/1409 810/655/1410
s 203
f 876/759/1411 772/760/1412 659/761/1413 877/764/1414
s 204
f 874/773/1415 661/774/1416 958/775/1417 957/811/1418
s 205
f 871/815/1419 662/849/1420 763/850/1421 872/853/1422
s 206
f 528/656/1423 544/657/1424 813/658/1425 812/659/1426
s 207
f 624/765/1427 777/766/1428 776/768/1429 520/769/1430
s 208
f 624/765/1431 545/770/1432 778/771/1433 777/766/1434
s 209
f 614/663/1435 547/664/1436 816/676/1437 815/679/1438
s off
f 548/680/1439 558/681/1440 559/683/1441 549/684/1442
f 549/684/1443 551/691/1444 550/692/1445 548/680/1446
s 210
f 551/691/1447 739/693/1448 738/694/1449 550/692/1450
s 211
f 553/859/1451 756/864/1452 755/865/1453 552/866/1454
f 678/869/1455 555/870/1456 554/872/1457 679/873/1458
s 212
f 555/870/1459 866/878/1460 865/880/1461 554/872/1462
f 727/772/1463 594/791/1464 593/807/1465 728/812/1466
s 214
f 557/881/1467 689/888/1468 688/889/1469 556/892/1470
s 212
f 941/893/1471 560/894/1472 561/895/1473 942/896/1474
s 215
f 687/899/1475 562/902/1476 556/892/1477 688/889/1478
s 216
f 686/904/1479 564/905/1480 562/902/1481 687/899/1482
s 217
f 685/906/1483 584/907/1484 564/905/1485 686/904/1486
s 218
f 934/909/1487 683/910/1488 568/911/1489 935/912/1490
s 219
f 570/913/1491 568/911/1492 683/910/1493 682/919/1494
s 220
f 732/928/1495 570/913/1496 682/919/1497 733/929/1498
s 221
f 680/930/1499 574/931/1500 572/932/1501 681/933/1502
s 222
f 679/873/1503 554/872/1504 574/931/1505 680/930/1506
s 223
f 562/902/1507 856/934/1508 855/935/1509 556/892/1510
s 224
f 564/905/1511 857/936/1512 856/934/1513 562/902/1514
s 225
f 584/907/1515 858/937/1516 857/936/1517 564/905/1518
s 212
f 557/881/1519 556/892/1520 855/935/1521 854/938/1522
s 227
f 938/939/1523 582/940/1524 580/943/1525 939/944/1526
s 228
f 940/946/1527 581/947/1528 560/894/1529 941/893/1530
f 939/944/1531 580/943/1532 581/947/1528 940/946/1527
s 227
f 935/912/1533 568/911/1534 860/948/1535 936/949/1536
s 225
f 566/951/1537 859/952/1538 858/937/1516 584/907/1515
s 217
f 684/953/1539 566/951/1540 584/907/1484 685/906/1483
s 230
f 574/931/1541 554/872/1542 865/880/1543 864/954/1544
f 728/812/1545 593/807/1546 592/813/1547 729/814/1548
s 232
f 572/932/1549 574/931/1550 864/954/1551 863/955/1552
f 729/956/1553 592/962/1554 591/963/1555 730/964/1556
s 212
f 589/816/1557 727/772/1463 728/812/1466 588/817/1558
s 234
f 730/964/1559 591/963/1560 590/969/1561 731/970/1562
f 591/963/1560 580/943/1563 582/940/1564 590/969/1561
s 232
f 592/962/1554 581/947/1565 580/943/1566 591/963/1555
s 230
f 593/971/1546 560/894/1567 581/947/1568 592/962/1547
s 212
f 594/972/1464 561/895/1473 560/894/1472 593/971/1465
s 235
f 570/913/1569 732/928/1570 862/973/1571 861/974/1572
s 236
f 568/911/1573 570/913/1574 861/974/1575 860/948/1576
s off
f 595/731/1577 563/734/1578 558/681/1579 548/680/1580
f 550/692/1581 596/735/1582 595/731/1583 548/680/1584
s 237
f 737/767/1585 596/735/1586 550/692/1587 738/694/1588
f 597/776/1589 737/767/1585 738/694/1588 552/777/1590
s 222
f 575/979/1591 597/980/1592 552/866/1593 755/865/1594
s off
f 565/778/1595 598/779/1596 585/780/1597
f 598/779/1598 599/781/1599 567/782/1600 585/780/1601
s 238
f 932/983/1602 600/988/1603 569/991/1604 933/993/1605
s off
f 571/1000/1606 569/991/1607 600/988/1608 601/1006/1609
s 239
f 734/1007/1610 571/1000/1611 601/1006/1612 735/1008/1613
s 240
f 601/1006/1614 600/988/1615 736/1009/1616 735/1008/1617
s 241
f 599/781/1618 596/735/1619 737/767/1620 932/783/1621
s off
f 599/781/1622 598/779/1623 595/731/1624 596/735/1625
f 565/778/1626 563/734/1627 595/731/1628 598/779/1629
f 549/684/1630 602/784/1631 603/785/1632 551/691/1633
s 242
f 551/691/1634 603/785/1635 740/786/1636 739/693/1637
s 243
f 604/1010/1638 757/1011/1639 756/864/1640 553/859/1641
f 677/1012/1642 605/1017/1643 555/870/1644 678/869/1645
s 244
f 605/1017/1646 867/1018/1647 866/878/1648 555/870/1649
s 245
f 726/818/1650 606/819/1651 594/791/1652 727/772/1653
s 246
f 557/881/1654 607/1020/1655 690/1021/1656 689/888/1657
s off
f 608/787/1658 602/784/1659 549/684/1660 559/683/1661
s 247
f 942/896/1662 561/895/1663 610/1022/1664 943/1023/1665
s 248
f 607/1020/1666 557/881/1667 854/938/1668 853/1024/1669
s 245
f 609/820/1670 726/818/1650 727/772/1653 589/816/1671
s off
f 606/819/1672 610/821/1673 561/827/1674 594/791/1675
s 249
f 608/787/1676 978/788/1677 977/789/1678 602/784/1679
s 250
f 605/1017/1680 677/1012/1681 972/1025/1682 971/1026/1683
f 757/1011/1684 604/1010/1685 974/1027/1686 973/1028/1687
f 675/1029/1688 524/1031/1689 612/1033/1690 676/1034/1691
f 526/1035/1692 759/1036/1693 758/1037/1694 613/1039/1695
s 252
f 613/790/1696 544/657/1697 528/656/1698 526/792/1699
s 209
f 741/793/1700 614/663/1435 815/679/1438 814/794/1701
s 252
f 603/785/1702 976/795/1703 975/796/1704 740/786/1705
s 254
f 602/784/1706 977/789/1707 976/795/1708 603/785/1709
s 255
f 607/1020/1710 980/1040/1711 979/1041/1712 690/1021/1713
s 256
f 717/1042/1714 983/1043/1715 982/1044/1716 838/1045/1717
s 257
f 985/1046/1718 943/1023/1719 610/1022/1720 986/1047/1721
s 258
f 606/819/1722 987/828/1723 986/829/1724 610/821/1725
s 259
f 726/818/1726 988/830/1727 987/828/1728 606/819/1729
f 609/820/1730 989/834/1731 988/830/1727 726/818/1726
s 260
f 867/1018/1732 605/1017/1733 971/1026/1734 991/1048/1735
s 261
f 951/1049/1736 612/1033/1737 524/1031/1738 952/1050/1739
s 262
f 816/676/1740 547/664/1741 616/797/1742 817/798/1743
s 263
f 779/835/1744 724/836/1745 626/842/1746 780/846/1747
s 264
f 627/852/1748 781/875/1749 780/846/1750 626/842/1751
s off
f 643/876/1752 642/877/1753 636/879/1754 637/882/1755
s 265
f 769/883/1756 643/876/1757 637/882/1758 770/884/1759
s 266
f 645/1051/1760 961/1052/1761 960/1053/1762 639/1054/1763
s 267
f 668/1055/1764 645/1051/1765 639/1054/1766 669/1056/1767
s 268
f 641/799/1768 967/800/1769 966/801/1770 647/802/1771
s 269
f 665/803/1772 806/804/1773 805/805/1774 666/806/1775
s off
f 649/885/1776 648/891/1777 642/877/1778 643/876/1779
s 270
f 965/808/1780 652/809/1781 647/802/1782 966/801/1783
s 271
f 768/897/1784 649/885/1785 643/876/1786 769/883/1787
s 272
f 961/1052/1788 645/1051/1789 651/1057/1790 962/1058/1791
s 273
f 651/1057/1792 645/1051/1793 668/1055/1794
s 274
f 646/810/1795 666/806/1796 652/809/1797 667/822/1798
f 647/802/1799 652/809/1797 666/806/1796 805/805/1800
s off
f 637/882/1801 636/879/1802 653/898/1803 654/900/1804
s 275
f 654/900/1805 771/901/1806 770/884/1807 637/882/1808
s 276
f 959/1059/1809 656/1060/1810 639/1054/1811 960/1053/1812
s 277
f 639/1054/1813 656/1060/1814 670/1061/1815 669/1056/1816
s 278
f 657/823/1817 664/824/1818 665/803/1819 640/825/1820
s 279
f 658/826/1821 968/831/1822 967/800/1823 641/799/1824
s 278
f 664/824/1818 807/832/1825 806/804/1826 665/803/1819
s off
f 654/900/1827 653/898/1828 634/903/1829 659/761/1830
s 280
f 659/761/1831 772/760/1832 771/901/1833 654/900/1834
s 281
f 958/775/1835 661/774/1836 656/1060/1837 959/1059/1838
s 282
f 656/1060/1839 661/774/1840 671/1062/1841 670/1061/1842
s 283
f 662/833/1843 663/837/1844 664/824/1845 657/823/1846
s 284
f 968/831/1847 658/826/1848 635/838/1849 969/839/1850
s 283
f 663/837/1844 808/840/1851 807/832/1852 664/824/1845
s 285
f 869/841/1853 808/840/1854 663/837/1855 870/843/1856
f 871/844/1857 870/843/1856 663/837/1855 662/833/1858
s 269
f 640/825/1859 665/803/1772 666/806/1775 646/810/1860
s 205
f 873/1063/1861 671/1062/1862 661/774/1863 874/773/1864
s 286
f 667/1066/1865 964/1067/1866 963/1071/1867 767/1072/1868
s 287
f 652/809/1869 965/808/1870 964/845/1871 667/822/1872
s 273
f 646/1073/1873 667/1066/1874 767/1072/1875 766/1074/1876
s 267
f 640/1077/1877 646/1073/1878 766/1074/1879 765/1078/1880
s 277
f 657/1081/1881 640/1077/1882 765/1078/1883 764/1082/1884
s 282
f 662/849/1885 657/1081/1886 764/1082/1887 763/850/1888
s 188
f 1116/1084/1889 1117/1086/1890 525/722/1891 760/721/1892
s 221
f 573/1088/1893 575/979/1894 680/930/1499 681/933/1502
s 220
f 571/1000/1895 734/1007/1896 733/929/1498 682/919/1497
s 219
f 683/910/1493 569/991/1897 571/1000/1898 682/919/1494
s 218
f 569/991/1899 683/910/1488 934/909/1487 933/993/1900
s 217
f 585/1089/1901 567/1095/1902 684/953/1539 685/906/1483
f 565/1096/1903 585/1089/1901 685/906/1483 686/904/1486
s 216
f 563/1103/1904 565/1096/1905 686/904/1479 687/899/1482
s 215
f 558/681/1906 563/734/1907 687/847/1475 688/848/1478
s 214
f 689/851/1468 559/683/1908 558/681/1909 688/848/1469
s 246
f 690/854/1656 608/787/1910 559/683/1911 689/851/1657
s 255
f 690/854/1713 979/855/1712 978/788/1912 608/787/1913
s 289
f 781/875/1914 627/852/1915 1003/908/1916 1004/921/1917
s 290
f 693/941/1918 783/942/1919 782/945/1920 692/957/1921
s 291
f 694/966/1922 784/967/1923 783/942/1924 693/941/1925
s 292
f 695/968/1926 785/975/1927 784/967/1928 694/966/1929
s 293
f 696/976/1930 786/977/1931 785/975/1932 695/968/1933
s 294
f 698/978/1934 788/982/1935 787/984/1936 697/990/1937
s 295
f 633/994/1938 789/1001/1939 830/1002/1940 829/1003/1941
s 296
f 786/977/1942 696/976/1943 697/990/1944 787/984/1945
s 297
f 944/1104/1946 620/1110/1947 1005/1111/1948 1006/1112/1949
s 298
f 1009/1116/1950 1010/1117/1951 618/1122/1952 837/1123/1953
s 299
f 699/1124/1954 700/1126/1955 947/1127/1956 946/1128/1957
s 300
f 708/1129/1958 628/1130/1959 836/1135/1960 835/1136/1961
s 301
f 700/1126/1962 701/1137/1963 948/1138/1964 947/1127/1965
s 302
f 629/1139/1966 708/1129/1967 835/1136/1968 834/1140/1969
s 303
f 701/1137/1970 702/1141/1971 949/1142/1972 948/1138/1973
s 304
f 630/1143/1974 629/1139/1975 834/1140/1976 833/1144/1977
s 305
f 831/1145/1978 632/1146/1979 631/1147/1980 832/1148/1981
s 304
f 709/1149/1982 710/1150/1983 712/1151/1984 713/1152/1985
s 302
f 707/1153/1986 709/1149/1987 713/1152/1988 714/1154/1989
s 300
f 706/1155/1990 707/1153/1991 714/1154/1992 715/1158/1993
s 298
f 1007/1159/1994 1008/1160/1995 716/1161/1996 619/1162/1997
s 256
f 611/1163/1998 984/1164/1999 983/1043/1715 717/1042/1714
s 248
f 579/1165/2000 611/1163/2001 717/1042/2002 718/1166/2003
s 212
f 579/1165/2004 718/1166/2005 719/1169/2006 578/1170/2007
s 223
f 720/1171/2008 577/1177/2009 578/1170/2010 719/1169/2011
s 224
f 721/1187/2012 576/1192/2013 577/1177/2014 720/1171/2015
s 225
f 583/1193/2016 576/1192/2017 721/1187/2018 722/1194/2019
s 312
f 832/1148/2020 631/1147/2021 630/1143/2022 833/1144/2023
s off
f 704/1195/2024 705/1196/2025 711/1200/2026 723/1201/2027
f 711/1200/2028 712/1151/2029 710/1150/2030 723/1201/2031
s 313
f 702/1141/2032 703/1202/2033 950/1206/2034 949/1142/2035
s 263
f 778/771/2036 545/770/2037 724/836/1745 779/835/1744
s 230
f 729/814/1548 587/1004/2038 588/817/2039 728/812/1545
s 232
f 730/1005/1556 586/1013/2040 587/1004/2041 729/814/1553
s 234
f 730/964/1559 731/970/1562 586/1207/2042
s 235
f 862/973/1571 732/928/1570 572/932/2043 863/955/2044
s 220
f 681/933/2045 572/932/2046 732/928/1495 733/929/1498
f 734/1007/1896 573/1088/2047 681/933/2045 733/929/1498
s 239
f 573/1088/2048 734/1007/1610 735/1008/1613 575/979/2049
s 240
f 736/1009/1616 597/980/2050 575/979/2051 735/1008/1617
s 241
f 737/767/1620 597/776/2052 736/856/2053
s 210
f 553/857/2054 552/777/2055 738/694/1449 739/693/1448
s 242
f 604/860/2056 553/857/2057 739/693/1637 740/786/1636
s 252
f 974/863/2058 604/860/2059 740/786/1705 975/796/1704
s 209
f 813/658/2060 544/657/2061 741/793/1700 814/794/1701
s off
f 723/1201/2062 950/1206/2063 703/1202/2064 704/1195/2065
s 314
f 616/797/2066 691/867/2067 818/868/2068 817/798/2069
s 315
f 800/1208/2070 751/1211/2071 750/1212/2072 801/1213/2073
s 316
f 799/1215/2074 752/1216/2075 751/1211/2076 800/1208/2077
s 317
f 798/1217/2078 753/1219/2079 752/1216/2080 799/1215/2081
s 318
f 753/1219/2082 798/1217/2083 797/1220/2084 754/1221/2085
s 315
f 793/871/2086 745/914/2087 744/915/2088 794/916/2089
s 316
f 792/917/2090 748/918/2091 745/914/2092 793/871/2093
s 317
f 791/920/2094 746/922/2095 748/918/2096 792/917/2097
s 318
f 746/922/2098 791/920/2099 790/923/2100 747/924/2101
s 319
f 795/925/2102 747/924/2103 790/923/2104 796/926/2105
s 211
f 756/864/1452 678/869/1455 679/873/1458 755/865/1453
s 243
f 757/1011/1639 677/1012/1642 678/869/1645 756/864/1640
s 250
f 677/1012/1681 757/1011/1684 973/1028/1687 972/1025/1682
f 759/1036/1693 675/1029/1688 676/1034/1691 758/1037/1694
s 188
f 760/721/1892 674/713/1353 1115/711/1352 1116/1084/1889
s 193
f 1096/720/1376 1097/718/1371 674/713/1374 760/721/1377
s 199
f 1068/741/1400 1069/732/1395 673/733/1398 761/762/1401
s 205
f 872/853/1422 763/850/1421 671/1062/1862 873/1063/1861
s 282
f 764/1082/1887 670/1061/1842 671/1062/1841 763/850/1888
s 277
f 765/1078/1883 669/1056/1816 670/1061/1815 764/1082/1884
s 267
f 766/1074/1879 668/1055/1764 669/1056/1767 765/1078/1880
s 273
f 767/1072/1875 651/1057/1792 668/1055/1794 766/1074/1876
s 286
f 962/1058/2106 651/1057/2107 767/1072/1868 963/1071/1867
s 271
f 650/1222/2108 768/1223/1784 769/1241/1787 644/1246/2109
s 265
f 644/1246/2110 769/1241/1756 770/1247/1759 638/1251/2111
s 275
f 771/1255/1806 655/1280/2112 638/1251/2113 770/1247/1807
s 280
f 772/1283/1832 660/1286/2114 655/1280/2115 771/1255/1833
s 203
f 875/1287/2116 660/1286/2117 772/1283/1412 876/1288/1411
s 197
f 1072/1289/2118 1073/1290/1387 774/1291/1390 532/1293/2119
s 191
f 1100/1014/2120 1101/753/1363 775/751/1366 521/1015/2121
s 186
f 1111/750/1344 1112/1016/2122 521/1015/2123 775/751/1345
s 207
f 777/766/1428 623/1019/2124 522/1064/2125 776/768/1429
s 208
f 777/766/1434 778/771/1433 622/1065/2126 623/1019/2127
s 263
f 622/1065/2128 778/771/2036 779/835/1744 725/1068/2129
f 621/1069/2130 725/1068/2129 779/835/1744 780/846/1747
s 264
f 781/875/1749 620/1070/2131 621/1069/2132 780/846/1750
s 289
f 620/1070/2133 781/875/1914 1004/921/1917 1005/1113/2134
s 290
f 783/942/1919 700/1114/2135 699/1118/2136 782/945/1920
s 291
f 784/967/1923 701/1125/2137 700/1114/2138 783/942/1924
s 292
f 785/975/1927 702/1131/2139 701/1125/2140 784/967/1928
s 293
f 786/977/1931 703/1132/2141 702/1131/2142 785/975/1932
s 296
f 703/1202/2143 786/1294/1942 787/1295/1945 704/1195/2144
s 294
f 788/1297/1935 705/1196/2145 704/1195/2146 787/1295/1936
s 295
f 830/1298/1940 789/1299/1939 632/1146/2147 831/1145/2148
s 319
f 790/1300/2104 754/1221/2149 797/1220/2150 796/1301/2105
s 318
f 790/1300/2100 791/1302/2099 753/1219/2082 754/1221/2085
s 317
f 753/1219/2079 791/1302/2094 792/1303/2097 752/1216/2080
s 316
f 752/1216/2075 792/1303/2090 793/1304/2093 751/1211/2076
s 315
f 751/1211/2071 793/1304/2086 794/1305/2089 750/1212/2072
s 319
f 633/927/2151 795/925/2102 796/926/2105 789/950/2152
f 797/1220/2150 632/1146/2153 789/1299/2152 796/1301/2105
s 318
f 797/1220/2084 798/1217/2083 631/1147/2154 632/1146/2155
s 317
f 631/1147/2156 798/1217/2078 799/1215/2081 630/1143/2157
s 316
f 630/1143/2158 799/1215/2074 800/1208/2077 629/1139/2159
s 315
f 629/1139/2160 800/1208/2070 801/1213/2073 708/1129/2161
s off
f 743/958/2162 802/959/2163 794/916/2164 744/915/2165
f 802/1306/2166 803/1307/2167 750/1212/2168 794/1305/2169
f 803/1307/2170 804/1308/2171 801/1213/2172 750/1212/2173
f 804/1308/2174 628/1130/2175 708/1129/2176 801/1213/2177
s 320
f 1010/1117/2178 1011/1309/2179 617/1310/2180 618/1122/2181
s 321
f 1011/1309/2182 1012/1311/2183 691/1312/2184 617/1310/2185
s 269
f 806/804/1773 641/799/2186 647/802/2187 805/805/1774
s 278
f 807/832/1825 658/826/2188 641/799/2189 806/804/1826
s 283
f 808/840/1851 635/838/2190 658/826/2191 807/832/1852
s 285
f 868/960/2192 635/838/2193 808/840/1854 869/841/1853
s 202
f 536/961/2194 1064/965/2195 1065/654/1407 810/655/1410
s 196
f 529/981/2196 1092/985/2197 1093/643/1383 811/636/1386
s 190
f 1119/631/1360 1120/986/2198 529/981/2199 811/636/1361
s 206
f 813/658/1425 543/987/2200 530/989/2201 812/659/1426
s 209
f 543/987/2202 813/658/2060 814/794/1701 742/995/2203
f 815/679/1438 615/996/2204 742/995/2203 814/794/1701
f 816/676/1437 546/997/2205 615/996/2204 815/679/1438
s 262
f 625/998/2206 546/997/2207 816/676/1740 817/798/1743
s 314
f 818/868/2068 749/999/2208 625/998/2209 817/798/2069
s 322
f 818/1313/2210 691/1312/2211 1012/1311/2212 1013/1314/2213
s 323
f 749/999/2214 818/868/2215 1013/1030/2216 1014/1032/2217
s 285
f 542/1038/2218 1028/1075/2219 1029/1076/2220 809/1079/2221
f 809/1079/2221 1029/1076/2220 1030/1080/2222 541/1083/2223
f 540/1085/2224 541/1083/2223 1030/1080/2222 1031/1087/2225
s 205
f 540/1315/2226 1031/1316/2227 1032/1317/2228 762/1318/2229
f 762/1318/2229 1032/1317/2228 1033/1319/2230 672/1320/2231
f 672/1320/2231 1033/1319/2230 1034/1321/2232 539/1322/2233
s 204
f 539/1322/2234 1034/1321/2235 1035/1323/2236 955/1324/2237
s 203
f 538/1325/2238 1036/1326/2239 1037/1327/2240 773/1328/2241
f 773/1133/2241 1037/1134/2240 1038/1178/2242 537/1182/2243
s 295
f 830/1002/1940 788/982/2244 698/978/2245 829/1003/1941
f 831/1145/2148 705/1196/2246 788/1297/2244 830/1298/1940
s 305
f 832/1148/1981 711/1200/2247 705/1196/2248 831/1145/1978
s 312
f 833/1144/2023 712/1151/2249 711/1200/2250 832/1148/2020
s 304
f 834/1140/1976 713/1152/1985 712/1151/1984 833/1144/1977
s 302
f 835/1136/1968 714/1154/1989 713/1152/1988 834/1140/1969
s 300
f 836/1135/1960 715/1158/1993 714/1154/1992 835/1136/1961
s 298
f 837/1123/1953 716/1161/1996 1008/1160/1995 1009/1116/1950
s 248
f 839/1329/2251 718/1166/2003 717/1042/2002 838/1045/2252
s 212
f 840/1330/2253 719/1169/2006 718/1166/2005 839/1329/2254
s 223
f 720/1171/2008 719/1169/2011 840/1330/2255 841/1331/2256
s 224
f 721/1187/2012 720/1171/2015 841/1331/2257 842/1332/2258
s 225
f 843/1333/2259 722/1194/2019 721/1187/2018 842/1332/2260
f 844/1335/2261 583/1193/2016 722/1194/2019 843/1333/2259
s 227
f 582/940/1524 938/939/1523 937/1339/2262 845/1340/2263
s 236
f 590/969/2264 582/940/2265 845/1340/2266 846/1342/2267
s 235
f 847/1343/2268 731/970/2269 590/969/2270 846/1342/2271
f 586/1207/2272 731/970/2269 847/1343/2268 848/1344/2273
s 232
f 587/1345/2041 586/1207/2040 848/1344/2274 849/1346/2275
s 230
f 588/817/2039 587/1004/2038 849/1183/2276 850/1184/2277
s 212
f 589/816/1557 588/817/1558 850/1184/2278 851/1185/2279
s 244
f 852/1186/2280 609/820/2281 589/816/2282 851/1185/2283
s 256
f 838/1045/1717 982/1044/1716 981/1349/2284 853/1024/2285
s 248
f 854/938/1668 839/1329/2251 838/1045/2252 853/1024/1669
s 212
f 855/935/1521 840/1330/2253 839/1329/2254 854/938/1522
s 223
f 856/934/1508 841/1331/2256 840/1330/2255 855/935/1509
s 224
f 857/936/1512 842/1332/2258 841/1331/2257 856/934/1513
s 225
f 858/937/1516 843/1333/2259 842/1332/2260 857/936/1517
f 859/952/1538 844/1335/2261 843/1333/2259 858/937/1516
s 227
f 936/949/1536 860/948/1535 845/1340/2263 937/1339/2262
s 236
f 861/974/1575 846/1342/2267 845/1340/2266 860/948/1576
s 235
f 862/973/1571 847/1343/2268 846/1342/2271 861/974/1572
f 847/1343/2268 862/973/1571 863/955/2044 848/1344/2273
s 232
f 864/954/1551 849/1346/2275 848/1344/2274 863/955/1552
s 230
f 865/880/1543 850/1350/2277 849/1346/2276 864/954/1544
s 212
f 866/878/1460 851/1351/2279 850/1350/2278 865/880/1461
s 244
f 867/1018/1647 852/1233/2280 851/1351/2283 866/878/1648
s 256
f 853/1024/2285 981/1349/2284 980/1040/2286 607/1020/2287
s 260
f 989/834/2288 609/820/2289 852/1186/2290 990/1197/2291
s 285
f 819/1090/2292 868/960/2192 869/841/1853 820/1091/2293
f 820/1091/2293 869/841/1853 870/843/1856 821/1092/2294
f 822/1093/2295 821/1092/2294 870/843/1856 871/844/1857
s 205
f 822/1232/2296 871/815/1419 872/853/1422 823/1231/2297
f 823/1231/2297 872/853/1422 873/1063/1861 824/1356/2298
f 824/1356/2298 873/1063/1861 874/773/1864 825/1355/2299
s 204
f 825/1355/2300 874/773/1415 957/811/1418 956/1354/2301
s 203
f 826/1353/2302 875/1287/2116 876/1288/1411 827/1341/2303
f 827/1198/2303 876/759/1411 877/764/1414 828/1199/2304
s 329
f 878/1094/2305 970/1097/2306 969/839/2307 635/838/2308
s 162
f 659/761/2309 634/903/2310 880/1205/2311 877/764/2312
f 877/764/2312 880/1205/2311 881/1209/2313 828/1199/2314
s 160
f 1038/1178/2315 1039/1218/2316 882/1225/2317 537/1182/2318
s 13
f 1074/756/2319 1075/1226/2320 883/1227/2321 531/757/2322
s 6
f 1102/754/2323 1103/1228/2324 884/1235/2325 519/752/2326
s 144
f 519/752/2327 884/1235/2328 1109/1236/2329 1110/749/2330
s 145
f 520/769/2331 885/1238/2332 886/1240/2333 624/765/2334
s 164
f 624/765/2335 886/1240/2336 887/1242/2337 545/770/2338
s 146
f 545/770/2339 887/1242/2340 888/1243/2341 724/836/2342
s 147
f 724/836/2343 888/1243/2344 889/1244/2345 626/842/2346
s 148
f 626/842/2347 889/1244/2348 890/1245/2349 627/852/2350
s 149
f 627/852/2351 890/1245/2352 1002/1250/2353 1003/908/2354
s 150
f 692/957/2355 891/1252/2356 892/1253/2357 693/941/2358
s 151
f 693/941/2359 892/1253/2360 893/1254/2361 694/966/2362
s 152
f 694/966/2363 893/1254/2364 894/1256/2365 695/968/2366
s 153
f 695/968/2367 894/1256/2368 895/1257/2369 696/976/2370
s 165
f 696/976/2371 895/1257/2372 896/1263/2373 697/990/2374
s 154
f 697/990/2375 896/1263/2376 897/1264/2377 698/978/2378
s 166
f 698/978/2379 897/1264/2380 898/1265/2381 829/1003/2382
s 155
f 829/1003/2383 898/1265/2384 899/1266/2385 633/994/2386
s 139
f 633/927/2387 899/1098/2388 900/1099/2389 795/925/2390
s 132
f 795/925/2391 900/1099/2392 901/1100/2393 747/924/2394
s 167
f 747/924/2395 901/1100/2396 902/1101/2397 746/922/2398
s 168
f 746/922/2399 902/1101/2400 903/1102/2401 748/918/2402
s 169
f 748/918/2403 903/1102/2404 904/1105/2405 745/914/2406
f 745/914/2406 904/1105/2405 905/1106/2407 744/915/2408
s 170
f 744/915/2409 905/1106/2410 906/1107/2411 743/958/2412
s 171
f 1014/1262/2413 1015/1261/2414 907/1260/2415 749/1259/2416
s 172
f 749/999/2417 907/1108/2418 908/1109/2419 625/998/2420
s 173
f 625/998/2421 908/1109/2422 909/1115/2423 546/997/2424
s 174
f 546/997/2425 909/1115/2426 910/1119/2427 615/996/2428
s 175
f 615/996/2429 910/1119/2430 911/1120/2431 742/995/2432
s 176
f 742/995/2433 911/1120/2434 912/1121/2435 543/987/2436
s 177
f 543/987/2437 912/1121/2438 913/1156/2439 530/989/2440
s 178
f 1120/986/2441 1121/1157/2442 914/1167/2443 529/981/2444
s 179
f 529/981/2445 914/1167/2446 1091/1172/2447 1092/985/2448
s 180
f 536/961/2449 915/1173/2450 1063/1174/2451 1064/965/2452
s 181
f 542/1038/2453 916/1175/2454 1027/1176/2455 1028/1075/2456
s 182
f 819/1090/2457 917/1179/2458 918/1180/2459 868/960/2460
s 183
f 868/960/2461 918/1180/2462 878/1094/2463 635/838/2464
s 162
f 880/1205/2311 634/903/2310 879/1267/2465
s 329
f 970/1097/2306 878/1094/2305 494/611/2466 518/623/2467
s 162
f 495/708/1032 880/1205/2311 879/1267/2465 490/745/1329
f 496/707/1031 881/1209/2313 880/1205/2311 495/708/1032
s 160
f 497/700/966 882/1225/2317 1039/1218/2316 1040/701/967
s 13
f 498/31/49 883/1227/2321 1075/1226/2320 1076/32/50
s 6
f 499/17/21 884/1235/2325 1103/1228/2324 1104/18/22
s 144
f 1108/635/893 1109/1236/2329 884/1235/2328 499/17/894
s 145
f 886/1240/2333 885/1238/2332 500/638/897 501/637/896
s 164
f 502/648/1334 887/1242/2337 886/1240/2336 501/637/1335
s 146
f 503/647/900 888/1243/2341 887/1242/2340 502/648/901
s 147
f 504/651/904 889/1244/2345 888/1243/2344 503/647/905
s 148
f 505/660/908 890/1245/2349 889/1244/2348 504/651/909
s 149
f 1001/665/913 1002/1250/2353 890/1245/2352 505/660/914
s 150
f 507/666/916 892/1253/2357 891/1252/2356 506/667/917
s 151
f 508/670/920 893/1254/2361 892/1253/2360 507/666/921
s 152
f 509/672/924 894/1256/2365 893/1254/2364 508/670/925
s 153
f 895/1257/2369 894/1256/2368 509/672/929 510/674/928
s 165
f 511/678/1338 896/1263/2373 895/1257/2372 510/674/1339
s 154
f 897/1264/2377 896/1263/2376 511/678/933 512/677/932
s 166
f 513/746/1336 898/1265/2381 897/1264/2380 512/677/1337
s 155
f 514/420/936 899/1098/2385 898/1181/2384 513/471/937
s 139
f 515/358/821 900/1099/2389 899/1098/2388 514/420/822
s 132
f 901/1100/2393 900/1099/2392 515/358/733 516/355/732
s 167
f 402/578/1332 902/1101/2397 901/1100/2396 516/355/1333
s 168
f 902/1101/2400 402/578/1161 403/577/1160 903/1102/2401
s 169
f 903/1102/2404 403/577/1163 404/579/1162 904/1105/2405
f 405/580/1164 905/1106/2407 904/1105/2405 404/579/1162
s 170
f 406/582/1165 906/1107/2411 905/1106/2410 405/580/1166
s 171
f 407/583/1167 907/1108/2415 1015/1188/2414 1016/584/1168
s 172
f 907/1108/2418 407/583/1170 408/590/1169 908/1109/2419
s 173
f 908/1109/2422 408/590/1172 409/591/1171 909/1115/2423
s 174
f 909/1115/2426 409/591/1174 410/592/1173 910/1119/2427
s 175
f 910/1119/2430 410/592/1176 411/593/1175 911/1120/2431
s 176
f 911/1120/2434 411/593/1178 412/594/1177 912/1121/2435
s 177
f 912/1121/2438 412/594/1180 413/595/1179 913/1156/2439
s 178
f 1121/1157/2442 1122/596/1181 414/603/1182 914/1167/2443
s 179
f 914/1167/2446 414/603/1184 1090/604/1183 1091/1172/2447
s 180
f 915/1173/2450 415/606/1186 1062/605/1185 1063/1174/2451
s 181
f 916/1175/2454 491/608/1188 1026/607/1187 1027/1176/2455
s 182
f 917/1179/2458 492/610/1190 493/609/1189 918/1180/2459
s 183
f 918/1180/2462 493/609/1192 494/611/1191 878/1094/2463
s 171
f 919/1189/2468 906/1107/2469 406/582/1195 416/618/1194
f 743/958/2470 906/1107/2469 919/1189/2468 920/1190/2471
s 323
f 921/1191/2472 802/959/2473 743/958/2474 920/1190/2475
s 322
f 922/1258/2476 803/1307/2477 802/1306/2478 921/1358/2479
s 321
f 803/1307/2480 922/1258/2481 923/1357/2482 804/1308/2483
s 320
f 804/1308/2484 923/1357/2485 924/1234/2486 628/1130/2487
s 298
f 628/1130/2488 924/1234/2489 925/1249/2490 836/1135/2491
f 926/1237/2492 715/1158/2493 836/1135/2491 925/1249/2490
f 715/1158/2493 926/1237/2492 927/1338/2494 706/1155/2495
s 297
f 699/1124/2496 946/1128/2497 945/1248/2498 928/1239/2499
s 289
f 929/1268/2500 782/945/2501 699/1118/2502 928/1269/2503
f 930/1270/2504 692/957/2505 782/945/2501 929/1268/2500
s 149
f 930/1270/2506 931/1271/2507 891/1252/2508 692/957/2509
f 506/667/1340 891/1252/2508 931/1271/2507 517/747/1341
s 238
f 599/1168/2510 932/983/1602 933/993/1605 567/1095/2511
s 218
f 934/909/1487 684/953/2512 567/1095/2513 933/993/1900
f 684/953/2512 934/909/1487 935/912/1490 566/951/2514
s 227
f 859/952/2515 566/951/2516 935/912/1533 936/949/1536
f 844/1335/2517 859/952/2515 936/949/1536 937/1339/2262
f 938/939/1523 583/1193/2518 844/1335/2517 937/1339/2262
f 576/1192/2519 583/1193/2518 938/939/1523 939/944/1526
s 228
f 576/1192/2520 939/944/1531 940/946/1527 577/1177/2521
f 577/1177/2521 940/946/1527 941/893/1530 578/1170/2522
s 212
f 579/1165/2004 578/1170/2007 941/893/1471 942/896/1474
s 247
f 611/1163/2523 579/1165/2524 942/896/1662 943/1023/1665
s 257
f 943/1023/1719 985/1046/1718 984/1164/2525 611/1163/2526
s 297
f 1006/1112/1949 1007/1159/2527 619/1162/2528 944/1104/1946
f 946/1128/2497 706/1155/2529 927/1338/2530 945/1248/2498
s 299
f 947/1127/1956 707/1153/2531 706/1155/2532 946/1128/1957
s 301
f 948/1138/1964 709/1149/2533 707/1153/2534 947/1127/1965
s 303
f 949/1142/1972 710/1150/2535 709/1149/2536 948/1138/1973
s 313
f 950/1206/2034 723/1201/2537 710/1150/2538 949/1142/2035
s 241
f 737/767/1620 736/856/2053 600/1203/2539 932/783/1621
s 222
f 679/873/1503 680/930/1506 575/979/1591 755/865/1594
s 261
f 623/992/2540 951/1049/1736 952/1050/1739 522/890/2541
s 187
f 1112/887/2542 1113/682/1347 953/699/1350 521/886/2543
s 192
f 521/886/2544 953/699/1367 1099/717/1370 1100/874/2545
s 198
f 532/1293/2546 954/726/1391 1071/729/1394 1072/1289/2547
s 204
f 1035/1323/2236 1036/1326/2548 538/1325/2549 955/1324/2237
f 957/811/1418 875/1287/2550 826/1353/2551 956/1354/2301
f 958/775/1417 660/1286/2552 875/1287/2550 957/811/1418
s 281
f 660/1272/2553 958/1273/1835 959/1274/1838 655/1275/2554
s 276
f 655/1280/2555 959/1059/1809 960/1053/1812 638/1251/2556
s 266
f 961/1052/1761 644/1246/2557 638/1251/2558 960/1053/1762
s 272
f 644/1246/2559 961/1052/1788 962/1058/1791 650/1222/2560
s 286
f 768/1223/2561 650/1222/2562 962/1058/2106 963/1071/1867
f 964/1067/1866 649/862/2563 768/1223/2561 963/1071/1867
s 287
f 964/1276/1871 965/1277/1870 648/891/2564 649/885/2565
s 270
f 648/891/2566 965/1277/1780 966/1278/1783 642/877/2567
s 268
f 967/1279/1769 636/879/2568 642/877/2569 966/1278/1770
s 279
f 968/1281/1822 653/898/2570 636/879/2571 967/1279/1823
s 284
f 634/903/2572 653/898/2573 968/1281/1847 969/1282/1850
s 329
f 969/1282/2307 970/1284/2306 879/1267/2574 634/903/2575
f 879/1267/2574 970/1284/2306 518/748/2467 490/745/2576
s 260
f 852/1233/2290 867/1018/1732 991/1048/1735 990/861/2291
s 250
f 972/1025/1682 676/1034/1691 612/1033/1690 971/1026/1683
f 973/1028/1687 758/1037/1694 676/1034/1691 972/1025/1682
f 974/1027/1686 613/1039/1695 758/1037/1694 973/1028/1687
s 252
f 613/790/1696 974/863/2058 975/796/1704
f 976/795/1703 614/663/2577 741/793/2578 975/796/1704
s 254
f 977/789/1707 547/664/2579 614/663/2580 976/795/1708
s 249
f 978/788/1677 616/797/2581 547/664/2582 977/789/1678
s 255
f 979/855/1712 691/867/2583 616/797/2584 978/788/1912
f 980/1040/1711 617/1310/2585 691/1312/2583 979/1041/1712
s 256
f 981/1349/2284 618/1122/2586 617/1310/2587 980/1040/2286
f 982/1044/1716 837/1123/2588 618/1122/2586 981/1349/2284
f 983/1043/1715 716/1161/2589 837/1123/2588 982/1044/1716
f 984/1164/1999 619/1162/2590 716/1161/2589 983/1043/1715
s 257
f 985/1046/1718 944/1104/2591 619/1162/2592 984/1164/2525
f 620/1110/2593 944/1104/2591 985/1046/1718 986/1047/1721
s 258
f 987/828/1723 621/1069/2594 620/1070/2595 986/829/1724
s 259
f 988/830/1727 725/1068/2596 621/1069/2597 987/828/1728
f 989/834/1731 622/1065/2598 725/1068/2596 988/830/1727
s 260
f 623/1019/2599 622/1065/2600 989/834/2288 990/1197/2291
f 991/1048/1735 951/1049/2601 623/992/2599 990/861/2291
f 971/1026/1734 612/1033/2602 951/1049/2601 991/1048/1735
s 252
f 613/790/1696 975/796/1704 741/793/2578 544/657/1697
s 117
f 422/1285/1218 423/1292/1217 993/393/617 992/391/616
f 994/1296/660 993/393/617 423/1292/1217 424/1334/1219
f 424/535/1219 425/536/1222 995/330/661 994/327/660
s 116
f 425/536/1256 443/538/1225 996/276/613 995/330/1254
f 997/280/614 996/276/613 443/538/1225 426/537/1224
s 108
f 998/329/581 997/523/804 426/723/1228 427/715/1227
f 999/331/582 998/329/581 427/715/1227 428/724/1231
s 149
f 1000/662/912 999/331/1064 428/724/1233 429/725/1236
f 429/725/1236 517/747/1341 1001/665/913 1000/662/912
f 931/1271/2507 1002/1250/2353 1001/665/913 517/747/1341
f 1003/908/2354 1002/1250/2353 931/1271/2507 930/1270/2506
s 289
f 1004/921/1917 1003/908/1916 930/1270/2504 929/1268/2500
f 1005/1113/2134 1004/921/1917 929/1268/2500 928/1269/2503
s 297
f 1006/1112/1949 1005/1111/1948 928/1239/2499 945/1248/2498
f 927/1338/2530 1007/1159/2527 1006/1112/1949 945/1248/2498
s 298
f 926/1237/2492 1008/1160/1995 1007/1159/1994 927/1338/2494
f 1009/1116/1950 1008/1160/1995 926/1237/2492 925/1249/2490
f 924/1234/2489 1010/1117/1951 1009/1116/1950 925/1249/2490
s 320
f 923/1204/2485 1011/1210/2179 1010/1214/2178 924/1224/2486
s 321
f 922/1229/2481 1012/1230/2183 1011/1210/2182 923/1204/2482
s 322
f 1013/1030/2213 1012/1230/2212 922/1229/2476 921/1191/2479
s 323
f 1014/1032/2217 1013/1030/2216 921/1191/2472 920/1190/2475
s 171
f 920/1190/2471 919/1189/2468 1015/1188/2414 1014/1032/2413
f 1016/584/1168 1015/1188/2414 919/1189/2468 416/618/1194
f 1017/544/1107 1016/584/1168 416/618/1194 417/617/1193
f 418/619/1198 1018/547/1108 1017/544/1107 417/617/1193
s 143
f 1019/624/890 1018/633/889 418/1336/1200 419/1337/1199
s 142
f 1020/628/886 1019/624/885 419/1337/1204 420/1347/1203
s 141
f 420/1347/1210 421/1348/1209 1021/1352/857 1020/628/856
s 140
f 421/1348/1214 422/1285/1213 992/391/853 1021/1352/852
s 103
f 1023/482/942 1022/492/945 304/497/1020 303/496/1019
f 1024/483/943 1023/482/942 303/496/1019 302/495/1018
s 181
f 1025/568/1149 1024/483/1148 302/495/2603 400/571/2604
f 1026/607/1187 1025/568/1149 400/571/2604 492/610/2605
f 1027/1176/2455 1026/607/1187 492/610/2605 917/1179/2606
f 1028/1075/2456 1027/1176/2455 917/1179/2606 819/1090/2607
s 285
f 1029/1076/2220 1028/1075/2219 819/1090/2292 820/1091/2293
f 1030/1080/2222 1029/1076/2220 820/1091/2293 821/1092/2294
f 1031/1087/2225 1030/1080/2222 821/1092/2294 822/1093/2295
s 205
f 1032/1317/2228 1031/1316/2227 822/1232/2296 823/1231/2297
f 1033/1319/2230 1032/1317/2228 823/1231/2297 824/1356/2298
f 1034/1321/2232 1033/1319/2230 824/1356/2298 825/1355/2299
s 204
f 1035/1323/2236 1034/1321/2235 825/1355/2300 956/1354/2301
f 956/1354/2301 826/1353/2551 1036/1326/2548 1035/1323/2236
s 203
f 1037/1327/2240 1036/1326/2239 826/1353/2302 827/1341/2303
f 1038/1178/2242 1037/1134/2240 827/1198/2303 828/1199/2304
s 160
f 828/1199/2608 881/1209/2609 1039/1218/2316 1038/1178/2315
f 1040/701/967 1039/1218/2316 881/1209/2609 496/707/2610
f 1041/702/968 1040/701/967 496/707/2610 364/710/2611
f 311/706/2612 1042/698/1043 1041/702/968 364/710/2611
s 20
f 1043/690/962 1042/698/965 311/706/1030 310/705/1029
f 1044/696/963 1043/690/962 310/705/1029 309/704/1028
s 21
f 454/530/1027 1045/472/958 1044/554/1275 309/562/1277
f 1046/464/959 1045/472/958 454/530/1027 308/529/1026
s 22
f 1047/460/953 1046/464/955 308/529/1025 307/524/1024
f 1048/457/950 1047/460/953 307/524/1024 306/521/1023
f 1049/458/951 1048/457/950 306/521/1023 305/520/1022
s 103
f 1022/492/945 1049/494/947 305/506/1021 304/497/1020
s 14
f 256/689/2613 1051/45/54 1050/44/53 19/697/2614
f 20/688/2615 1052/486/788 1051/45/54 256/689/2613
s 15
f 1053/23/58 1052/553/1274 20/561/2616 453/468/2617
f 1054/24/59 1053/23/58 453/468/2617 21/462/2618
s 16
f 155/459/2619 1055/28/62 1054/24/61 21/462/2620
f 245/456/2621 1056/30/65 1055/28/62 155/459/2619
f 22/455/2622 1057/33/66 1056/30/65 245/456/2621
s 18
f 1058/85/71 1057/79/70 22/493/2623 23/490/2624
s 19
f 292/481/2625 1059/88/74 1058/85/73 23/490/2626
f 1060/450/869 1059/88/74 292/481/2625 24/480/2627
s 180
f 1061/566/1145 1060/450/1144 24/480/2628 399/569/2629
f 1062/605/1185 1061/566/1145 399/569/2629 491/608/2630
f 1063/1174/2451 1062/605/1185 491/608/2630 916/1175/2631
f 1064/965/2452 1063/1174/2451 916/1175/2631 542/1038/2632
s 202
f 1065/654/1407 1064/965/2195 542/1038/2633 809/1079/2634
f 809/1079/2634 541/1083/2635 1066/646/1408 1065/654/1407
s 201
f 1067/653/1406 1066/646/1405 541/1083/2636 540/1085/2637
s 199
f 540/1315/2638 762/1318/2639 1068/741/1400 1067/739/1399
f 762/1318/2639 672/1320/2640 1069/732/1395 1068/741/1400
f 672/1320/2640 539/1322/2641 1070/728/1396 1069/732/1395
s 198
f 1071/729/1394 1070/728/1393 539/1322/2642 955/1324/2643
f 1072/1289/2547 1071/729/1394 955/1324/2643 538/1325/2644
s 197
f 538/1325/2645 773/1328/2646 1073/1290/1387 1072/1289/2118
f 773/1133/2646 537/1182/2647 1074/756/1388 1073/755/1387
s 13
f 537/1182/2648 882/1225/2649 1075/1226/2320 1074/756/2319
f 1076/32/50 1075/1226/2320 882/1225/2649 497/700/2650
f 1077/39/51 1076/32/50 497/700/2650 365/703/2651
f 19/697/2652 1050/44/1045 1077/39/51 365/703/2651
s 7
f 257/46/2653 1079/26/26 1078/25/25 13/47/2654
f 14/487/2655 1080/488/790 1079/26/26 257/46/2653
s 8
f 1081/11/30 1080/549/1272 14/550/2656 452/22/2657
f 1082/12/31 1081/11/30 452/22/2657 15/27/2658
s 9
f 156/29/2659 1083/13/34 1082/12/33 15/27/2660
f 244/35/2661 1084/14/37 1083/13/34 156/29/2659
f 16/34/2662 1085/15/38 1084/14/37 244/35/2661
s 11
f 1086/69/43 1085/59/42 16/78/2663 17/86/2664
s 12
f 293/89/2665 1087/70/46 1086/69/45 17/86/2666
f 1088/452/871 1087/70/46 293/89/2665 18/434/2667
s 179
f 1089/565/1141 1088/452/1140 18/434/2668 398/567/2669
f 1090/604/1183 1089/565/1141 398/567/2669 415/606/2670
f 1091/1172/2447 1090/604/1183 415/606/2670 915/1173/2671
f 1092/985/2448 1091/1172/2447 915/1173/2671 536/961/2672
s 196
f 1093/643/1383 1092/985/2197 536/961/2673 810/655/2674
f 810/655/2674 535/645/2675 1094/641/1384 1093/643/1383
s 195
f 1095/642/1382 1094/641/1381 535/645/2676 534/644/2677
s 193
f 534/763/2678 761/762/2679 1096/720/1376 1095/719/1375
f 761/762/2679 673/733/2680 1097/718/1371 1096/720/1376
f 673/733/2680 533/727/2681 1098/716/1372 1097/718/1371
s 192
f 1099/717/1370 1098/716/1369 533/727/2682 954/726/2683
f 1100/874/2545 1099/717/1370 954/726/2683 532/1293/2684
s 191
f 532/1293/2685 774/1291/2686 1101/858/1363 1100/874/2120
f 774/758/2686 531/757/2687 1102/754/1364 1101/753/1363
s 6
f 531/757/2688 883/1227/2689 1103/1228/2324 1102/754/2323
f 1104/18/22 1103/1228/2324 883/1227/2689 498/31/2690
f 1105/19/23 1104/18/22 498/31/2690 366/40/2691
f 13/47/2692 1078/25/1047 1105/19/23 366/40/2691
s 144
f 1107/634/892 1106/3/1050 2/81/2693 368/639/2694
f 500/638/2695 1108/635/893 1107/634/892 368/639/2694
f 500/638/2695 885/1238/2696 1109/1236/2329 1108/635/893
f 1110/749/2330 1109/1236/2329 885/1238/2696 520/769/2697
s 186
f 520/769/2698 776/768/2699 1111/750/1344 1110/749/1343
f 776/768/2699 522/1064/2700 1112/1016/2122 1111/750/1344
s 187
f 522/890/2701 952/1050/2702 1113/682/1347 1112/887/2542
f 952/1050/2702 524/1031/2703 1114/686/1348 1113/682/1347
s 188
f 524/1031/2704 675/1029/2705 1115/711/1352 1114/686/1351
f 1116/1084/1889 1115/711/1352 675/1029/2705 759/1036/2706
f 526/1035/2707 1117/1086/1890 1116/1084/1889 759/1036/2706
s 189
f 526/792/2708 528/656/2709 1118/626/1356 1117/625/1355
s 190
f 528/656/2710 812/659/2711 1119/631/1360 1118/626/1359
f 812/659/2711 530/989/2712 1120/986/2198 1119/631/1360
s 178
f 530/989/2713 913/1156/2714 1121/1157/2442 1120/986/2441
f 913/1156/2714 413/595/2715 1122/596/1181 1121/1157/2442
f 396/558/2716 1123/559/1135 1122/596/1181 413/595/2715
f 12/461/2717 1124/453/1136 1123/559/1135 396/558/2716
s 5
f 295/112/2718 1125/53/17 1124/453/872 12/461/2719
f 10/106/2720 1126/37/18 1125/53/17 295/112/2718
s 4
f 8/234/2721 1127/41/14 1126/37/13 10/106/2722
s 3
f 8/216/2723 242/220/2724 1128/265/556 1127/262/555
f 1129/9/9 1128/265/556 242/220/2724 158/210/2725
f 6/214/2726 1130/1/10 1129/9/9 158/210/2725
s 2
f 450/243/2727 1131/4/6 1130/1/5 6/214/2728
f 4/541/2729 1132/545/1269 1131/4/6 450/243/2727
s 1
f 259/82/2730 1133/2/1 1132/498/792 4/499/2731
f 2/81/2732 1106/3/2 1133/2/1 259/82/2730
