# This file uses centimeters as units for non-parametric coordinates.

mtllib dubiousfoodbutt.mtl
g default
v -0.774041 0.019852 0.446893
v 0.774041 0.045319 0.446893
v -0.000000 0.045319 -0.893785
v 0.000000 0.050229 0.893785
v 0.774041 0.087249 -0.446893
v -0.774041 0.099018 -0.446893
v -0.000000 0.206776 0.000000
v -0.893785 0.041902 0.000000
v -0.446893 0.038071 0.774041
v 0.000000 0.104516 0.446893
v -0.387020 0.034297 -0.223446
v -0.387020 -0.052523 0.223446
v 0.446893 0.045624 0.774041
v 0.893785 -0.003660 -0.000000
v 0.387020 0.097611 -0.223446
v 0.387020 0.137661 0.223446
v 0.446892 0.061841 -0.774041
v -0.446893 0.057813 -0.774041
v -0.000000 0.145142 -0.446893
v -0.580531 0.053977 -0.335169
v -0.863330 0.057490 -0.231329
v -0.640403 -0.013713 0.111723
v -0.387020 0.036370 0.000000
v -0.610467 0.033656 -0.111723
v -0.863330 0.038305 0.231329
v -0.632002 0.029670 0.632002
v -0.416956 -0.087814 0.498744
v -0.625435 -0.020113 0.361095
v -0.231329 0.041265 0.863330
v 0.000000 0.048397 0.670339
v -0.193510 -0.007100 0.335169
v -0.208478 -0.041604 0.584541
v -0.000000 0.202362 0.223446
v -0.193510 0.180696 -0.111723
v -0.193510 0.181821 0.111723
v 0.231329 0.046496 0.863330
v 0.416956 0.055731 0.498743
v 0.193510 0.191097 0.335169
v 0.208478 0.078074 0.584541
v 0.632002 0.045319 0.632002
v 0.863330 0.035639 0.231329
v 0.640403 0.001956 0.111723
v 0.625435 0.044462 0.361095
v 0.863330 0.005905 -0.231329
v 0.580530 0.109878 -0.335170
v 0.387020 0.129718 -0.000000
v 0.610467 0.019804 -0.111723
v 0.193510 0.127705 -0.111723
v 0.193510 0.175035 0.111723
v 0.632002 0.102608 -0.632002
v 0.223446 0.169406 -0.610467
v 0.193510 0.164801 -0.335170
v 0.401988 0.209233 -0.472818
v 0.231328 0.058482 -0.863330
v -0.231329 0.045319 -0.863330
v -0.223446 0.052438 -0.610467
v -0.000000 0.059596 -0.722190
v -0.632002 0.109627 -0.632002
v -0.193510 0.054171 -0.335169
v -0.401988 0.053977 -0.472818
v -0.000000 0.093069 -0.223446
vt 0.598705 0.747586
vt 0.622045 0.785814
vt 0.600039 0.823085
vt 0.572499 0.787959
vt 0.577970 0.861138
vt 0.541858 0.832398
vt 0.513467 0.796600
vt 0.544096 0.752385
vt 0.572901 0.708444
vt 0.494043 0.754895
vt 0.520566 0.708840
vt 0.486941 0.708881
vt 0.491704 0.661952
vt 0.511017 0.618231
vt 0.543451 0.665438
vt 0.542763 0.583500
vt 0.570338 0.630879
vt 0.580747 0.557591
vt 0.601692 0.595537
vt 0.625272 0.633530
vt 0.595107 0.670554
vt 0.650889 0.672305
vt 0.630857 0.708807
vt 0.671357 0.708602
vt 0.648846 0.743977
vt 0.670411 0.636405
vt 0.646978 0.589920
vt 0.623328 0.541093
vt 0.668696 0.534802
vt 0.691640 0.582994
vt 0.713412 0.634555
vt 0.714348 0.540180
vt 0.741093 0.586131
vt 0.756948 0.557017
vt 0.794534 0.583454
vt 0.823773 0.620266
vt 0.770893 0.625860
vt 0.840989 0.663056
vt 0.787238 0.666481
vt 0.845441 0.711559
vt 0.802306 0.710924
vt 0.758676 0.708461
vt 0.735510 0.671977
vt 0.715273 0.710905
vt 0.692981 0.672547
vt 0.736478 0.748783
vt 0.783263 0.752964
vt 0.838958 0.757571
vt 0.822847 0.802653
vt 0.766408 0.792188
vt 0.714101 0.786538
vt 0.791824 0.837801
vt 0.738080 0.835957
vt 0.754147 0.864818
vt 0.711089 0.880452
vt 0.665822 0.884936
vt 0.688533 0.836682
vt 0.619698 0.879131
vt 0.644230 0.829854
vt 0.667237 0.787284
vt 0.692483 0.749815
vn -0.358928 0.909296 0.210597
vn -0.140078 0.988917 -0.049200
vn 0.069275 0.989576 0.126257
vn 0.035363 0.987815 0.151559
vn 0.100506 0.982070 0.159487
vn 0.077868 0.985104 0.153319
vn 0.135256 0.985996 0.097560
vn 0.106938 0.985626 0.130787
vn -0.210375 0.944096 0.253820
vn 0.222988 0.974644 -0.018598
vn 0.225916 0.973175 -0.043494
vn 0.205496 0.973773 -0.097658
vn 0.308049 0.920362 -0.240914
vn 0.140732 0.935389 -0.324411
vn 0.071574 0.989903 -0.122349
vn -0.076143 0.963333 -0.257278
vn -0.223630 0.970270 -0.092547
vn -0.109705 0.992308 -0.057344
vn -0.195986 0.979083 0.054650
vn -0.330070 0.895724 0.297881
vn -0.464306 0.836680 0.290494
vn -0.220166 0.945178 0.241174
vn -0.467138 0.848478 0.248731
vn 0.074122 0.978615 -0.191880
vn -0.272749 0.929801 -0.247141
vn 0.126264 0.966060 0.225358
vn 0.060992 0.978557 0.196738
vn 0.014843 0.997847 0.063887
vn 0.067806 0.996481 0.049276
vn 0.190705 0.974054 0.121864
vn 0.328972 0.941687 0.070727
vn 0.033573 0.999404 0.008052
vn 0.142159 0.989825 -0.006064
vn 0.006135 0.999769 -0.020612
vn -0.045097 0.988238 -0.146120
vn 0.021936 0.999446 -0.025031
vn 0.196257 0.979909 -0.035519
vn 0.157585 0.968798 0.191305
vn 0.242712 0.964236 0.106489
vn 0.271630 0.947223 0.170252
vn 0.248844 0.947105 0.202655
vn 0.158047 0.969594 0.186840
vn 0.288087 0.956532 -0.045296
vn 0.085948 0.990045 -0.111464
vn 0.153843 0.986921 -0.048166
vn -0.077751 0.982974 0.166485
vn 0.114671 0.992968 -0.029398
vn 0.226359 0.954216 -0.195535
vn 0.062512 0.907227 -0.415971
vn -0.075445 0.956105 -0.283147
vn -0.235583 0.970972 -0.041390
vn -0.047832 0.934815 -0.351900
vn -0.118558 0.967698 -0.222498
vn -0.028342 0.996156 -0.082882
vn -0.005694 0.999262 -0.037979
vn 0.092341 0.995617 -0.014863
vn -0.082009 0.994590 -0.063760
vn 0.134379 0.987288 0.084883
vn 0.028563 0.998046 0.055580
vn -0.168950 0.978958 -0.114440
vn -0.081673 0.984190 -0.157158
s 1
g pDisc1
usemtl initialShadingGroup
f 23/1/1 11/2/2 20/3/3 24/4/4
f 20/3/3 6/5/5 21/6/6 24/4/4
f 21/6/6 8/7/7 22/8/8 24/4/4
f 22/8/8 12/9/9 23/1/1 24/4/4
f 22/8/8 8/7/7 25/10/10 28/11/11
f 25/10/10 1/12/12 26/13/13 28/11/11
f 26/13/13 9/14/14 27/15/15 28/11/11
f 27/15/15 12/9/9 22/8/8 28/11/11
f 27/15/15 9/14/14 29/16/16 32/17/17
f 29/16/16 4/18/18 30/19/19 32/17/17
f 30/19/19 10/20/20 31/21/21 32/17/17
f 31/21/21 12/9/9 27/15/15 32/17/17
f 31/21/21 10/20/20 33/22/22 35/23/23
f 33/22/22 7/24/24 34/25/25 35/23/23
f 34/25/25 11/2/2 23/1/1 35/23/23
f 23/1/1 12/9/9 31/21/21 35/23/23
f 38/26/26 10/20/20 30/19/19 39/27/27
f 30/19/19 4/18/18 36/28/28 39/27/27
f 36/28/28 13/29/29 37/30/30 39/27/27
f 37/30/30 16/31/31 38/26/26 39/27/27
f 37/30/30 13/29/29 40/32/32 43/33/33
f 40/32/32 2/34/34 41/35/35 43/33/33
f 41/35/35 14/36/36 42/37/37 43/33/33
f 42/37/37 16/31/31 37/30/30 43/33/33
f 42/37/37 14/36/36 44/38/38 47/39/39
f 44/38/38 5/40/40 45/41/41 47/39/39
f 45/41/41 15/42/42 46/43/43 47/39/39
f 46/43/43 16/31/31 42/37/37 47/39/39
f 46/43/43 15/42/42 48/44/44 49/45/45
f 48/44/44 7/24/24 33/22/22 49/45/45
f 33/22/22 10/20/20 38/26/26 49/45/45
f 38/26/26 16/31/31 46/43/43 49/45/45
f 52/46/46 15/42/42 45/41/41 53/47/47
f 45/41/41 5/40/40 50/48/48 53/47/47
f 50/48/48 17/49/49 51/50/50 53/47/47
f 51/50/50 19/51/51 52/46/46 53/47/47
f 51/50/50 17/49/49 54/52/52 57/53/53
f 54/52/52 3/54/54 55/55/55 57/53/53
f 55/55/55 18/56/56 56/57/57 57/53/53
f 56/57/57 19/51/51 51/50/50 57/53/53
f 56/57/57 18/56/56 58/58/58 60/59/59
f 58/58/58 6/5/5 20/3/3 60/59/59
f 20/3/3 11/2/2 59/60/60 60/59/59
f 59/60/60 19/51/51 56/57/57 60/59/59
f 59/60/60 11/2/2 34/25/25 61/61/61
f 34/25/25 7/24/24 48/44/44 61/61/61
f 48/44/44 15/42/42 52/46/46 61/61/61
f 52/46/46 19/51/51 59/60/60 61/61/61
g default
v -0.390661 -0.486333 0.364652
v 0.390661 -0.486333 0.364652
v -0.659103 0.246460 0.615222
v 0.659103 0.246460 0.615222
v -0.659103 0.246460 -0.615222
v 0.659103 0.246460 -0.615222
v -0.390661 -0.486333 -0.364652
v 0.390661 -0.486333 -0.364652
v 0.000000 -0.486333 0.571778
v 0.000000 0.246460 0.964674
v 0.000000 0.246460 -0.964674
v 0.000000 -0.486333 -0.571778
v -0.944684 0.246460 0.000000
v -0.559930 -0.486333 0.000000
v 0.000000 -0.486333 0.000000
v 0.559930 -0.486333 0.000000
v 0.944684 0.246460 0.000000
v 0.195330 -0.486333 0.513004
v 0.329552 0.246460 0.865514
v 0.329552 0.246460 -0.865514
v 0.195330 -0.486333 -0.513004
v 0.279965 -0.486333 0.000000
v -0.195330 -0.486333 0.513004
v -0.329552 0.246460 0.865514
v -0.329552 0.246460 -0.865514
v -0.195330 -0.486333 -0.513004
v -0.279965 -0.486333 0.000000
v -0.880761 0.246460 0.307611
v -0.522041 -0.486333 0.182326
v -0.261021 -0.486333 0.256502
v 0.000000 -0.486333 0.285889
v 0.261021 -0.486333 0.256502
v 0.522041 -0.486333 0.182326
v 0.880761 0.246460 0.307611
v -0.522041 -0.486333 -0.182326
v -0.880761 0.246460 -0.307611
v 0.880761 0.246460 -0.307611
v 0.522041 -0.486333 -0.182326
v 0.261021 -0.486333 -0.256502
v 0.000000 -0.486333 -0.285889
v -0.261021 -0.486333 -0.256502
v -0.591615 -0.116008 0.552227
v -0.790577 -0.116008 0.276113
v -0.847954 -0.116008 0.000000
v -0.790577 -0.116008 -0.276113
v -0.591615 -0.116008 -0.552227
v -0.295807 -0.116008 -0.776891
v 0.000000 -0.116008 -0.865898
v 0.295807 -0.116008 -0.776891
v 0.591615 -0.116008 -0.552227
v 0.790577 -0.116008 -0.276113
v 0.847954 -0.116008 0.000000
v 0.790577 -0.116008 0.276113
v 0.591615 -0.116008 0.552227
v 0.295807 -0.116008 0.776891
v 0.000000 -0.116008 0.865898
v -0.295807 -0.116008 0.776891
v -0.570036 -0.250000 0.532085
v -0.761742 -0.250000 0.266043
v -0.817026 -0.250000 0.000000
v -0.761742 -0.250000 -0.266043
v -0.570036 -0.250000 -0.532085
v -0.285018 -0.250000 -0.748555
v 0.000000 -0.250000 -0.834315
v 0.285018 -0.250000 -0.748555
v 0.570036 -0.250000 -0.532085
v 0.761742 -0.250000 -0.266043
v 0.817026 -0.250000 0.000000
v 0.761742 -0.250000 0.266043
v 0.570036 -0.250000 0.532085
v 0.285018 -0.250000 0.748555
v 0.000000 -0.250000 0.834315
v -0.285018 -0.250000 0.748555
v -0.390661 -0.388667 0.364652
v -0.522041 -0.388667 0.182326
v -0.559930 -0.388667 0.000000
v -0.522041 -0.388667 -0.182326
v -0.390661 -0.388667 -0.364652
v -0.195330 -0.388667 -0.513004
v 0.000000 -0.388667 -0.571778
v 0.195330 -0.388667 -0.513004
v 0.390661 -0.388667 -0.364652
v 0.522041 -0.388667 -0.182326
v 0.559930 -0.388667 0.000000
v 0.522041 -0.388667 0.182326
v 0.390661 -0.388667 0.364652
v 0.195330 -0.388667 0.513004
v 0.000000 -0.388667 0.571778
v -0.195330 -0.388667 0.513004
v -0.424303 -0.529357 0.397459
v -0.216810 -0.528970 0.555193
v -0.219970 -0.422719 0.560885
v -0.429435 -0.422164 0.402517
v -0.429435 -0.422164 -0.402517
v -0.219970 -0.422719 -0.560885
v -0.216810 -0.528970 -0.555193
v -0.424303 -0.529357 -0.397459
v -0.565690 -0.528580 0.201539
v -0.261021 -0.550045 0.256502
v 0.565690 -0.528580 0.201539
v 0.424303 -0.529357 0.397459
v 0.570978 -0.423172 0.204095
v 0.429435 -0.422164 0.402517
v -0.570978 -0.423172 0.204095
v 0.219970 -0.422719 0.560885
v -0.000000 -0.424542 0.624430
v -0.000000 -0.527595 0.620323
v 0.216810 -0.528970 0.555193
v -0.000000 -0.424542 -0.624430
v -0.000000 -0.527595 -0.620323
v 0.219970 -0.422719 -0.560885
v 0.216810 -0.528970 -0.555193
v -0.000000 -0.550045 0.285889
v 0.261021 -0.550045 0.256502
v -0.565690 -0.528580 -0.201539
v -0.570978 -0.423172 -0.204095
v -0.261021 -0.550045 -0.256502
v 0.261021 -0.550045 -0.256502
v -0.000000 -0.550045 -0.285889
v 0.429435 -0.422164 -0.402517
v 0.570978 -0.423172 -0.204095
v 0.565690 -0.528580 -0.201539
v 0.424303 -0.529357 -0.397459
v -0.613387 -0.423330 0.000000
v -0.607566 -0.528641 -0.000000
v -0.279965 -0.550045 -0.000000
v -0.000000 -0.550045 -0.000000
v 0.279965 -0.550045 0.000000
v 0.607566 -0.528641 0.000000
v 0.613387 -0.423330 0.000000
v -0.935995 0.230603 0.331938
v -0.847200 -0.131196 0.301061
v -0.635990 -0.130744 0.595504
v -0.702848 0.230901 0.657883
v -1.005037 0.230354 0.000000
v -0.909774 -0.131421 0.000000
v -0.847200 -0.131196 -0.301061
v -0.935995 0.230603 -0.331938
v -0.635990 -0.130744 -0.595504
v -0.702848 0.230901 -0.657883
v -0.357121 0.230661 -0.919636
v -0.323917 -0.131049 -0.832053
v 0.000000 -0.131743 -0.927636
v 0.000000 0.230373 -1.023707
v 0.323917 -0.131049 -0.832053
v 0.357121 0.230660 -0.919636
v 0.635990 -0.130744 -0.595504
v 0.702848 0.230901 -0.657883
v 0.935995 0.230603 -0.331938
v 0.847200 -0.131196 -0.301061
v 0.909774 -0.131421 0.000000
v 1.005037 0.230354 0.000000
v 0.847200 -0.131196 0.301061
v 0.935995 0.230603 0.331938
v 0.635990 -0.130744 0.595504
v 0.702848 0.230901 0.657883
v 0.323917 -0.131049 0.832053
v 0.357121 0.230660 0.919636
v -0.000000 -0.131743 0.927636
v 0.000000 0.230373 1.023707
v -0.323917 -0.131049 0.832053
v -0.357121 0.230660 0.919636
v -0.809359 -0.286798 0.286965
v -0.607307 -0.286745 0.568416
v -0.868844 -0.287070 0.000000
v -0.809359 -0.286798 -0.286965
v -0.607307 -0.286745 -0.568416
v -0.308550 -0.286869 -0.794881
v 0.000000 -0.286778 -0.886340
v 0.308550 -0.286869 -0.794881
v 0.607307 -0.286745 -0.568416
v 0.809359 -0.286798 -0.286965
v 0.868844 -0.287070 0.000000
v 0.809359 -0.286798 0.286965
v 0.607307 -0.286745 0.568416
v 0.308550 -0.286869 0.794881
v -0.000000 -0.286778 0.886340
v -0.308550 -0.286869 0.794881
vt 0.696481 0.238956
vt 0.664256 0.194024
vt 0.672119 0.178570
vt 0.709178 0.229485
vt 0.653438 0.424759
vt 0.610314 0.427337
vt 0.615993 0.405550
vt 0.653468 0.402182
vt 0.711545 0.289569
vt 0.667937 0.255564
vt 0.554220 0.184290
vt 0.535737 0.208998
vt 0.518500 0.197981
vt 0.538200 0.169665
vt 0.727404 0.287446
vt 0.578854 0.149485
vt 0.626165 0.150772
vt 0.626778 0.170174
vt 0.589248 0.168116
vt 0.587256 0.387942
vt 0.578217 0.403553
vt 0.554108 0.364844
vt 0.566242 0.355786
vt 0.627471 0.230791
vt 0.585155 0.217631
vt 0.688793 0.373866
vt 0.697978 0.390458
vt 0.645794 0.356914
vt 0.577019 0.304958
vt 0.611140 0.334585
vt 0.533609 0.317278
vt 0.520397 0.271543
vt 0.535147 0.272155
vt 0.547138 0.313083
vt 0.722988 0.341884
vt 0.707167 0.334256
vt 0.662037 0.308085
vt 0.623596 0.283496
vt 0.581429 0.260515
vt 0.531233 0.238551
vt 0.514972 0.232127
vt 0.069497 0.576981
vt 0.802693 0.278040
vt 0.771469 0.184937
vt 0.834644 0.140440
vt 0.166921 0.640208
vt 0.795357 0.362760
vt 0.283117 0.661646
vt 0.757042 0.439472
vt 0.589340 0.551555
vt 0.435774 0.620214
vt 0.462955 0.533889
vt 0.547583 0.504855
vt 0.520014 0.453989
vt 0.457886 0.471987
vt 0.498965 0.397801
vt 0.446420 0.413781
vt 0.476920 0.331999
vt 0.427543 0.343249
vt 0.407003 0.277752
vt 0.457790 0.270580
vt 0.388543 0.224158
vt 0.444517 0.217393
vt 0.370539 0.167534
vt 0.437505 0.164737
vt 0.452182 0.116189
vt 0.338983 0.092065
vt 0.166940 0.121868
vt 0.529486 0.072912
vt 0.061703 0.195900
vt 0.617624 0.067549
vt 0.001355 0.307281
vt 0.701917 0.104829
vt 0.774601 0.283386
vt 0.747910 0.202297
vt 0.767996 0.356752
vt 0.731342 0.424405
vt 0.648090 0.496538
vt 0.577110 0.478793
vt 0.542511 0.439480
vt 0.520565 0.388339
vt 0.498657 0.326491
vt 0.480111 0.269148
vt 0.469113 0.220357
vt 0.467625 0.174646
vt 0.487797 0.133166
vt 0.550258 0.099686
vt 0.620681 0.096415
vt 0.689444 0.131087
vt 0.158996 0.412917
vt 0.145660 0.416339
vt 0.140551 0.358891
vt 0.154404 0.363030
vt 0.277308 0.500874
vt 0.267608 0.485448
vt 0.295545 0.467907
vt 0.308861 0.480692
vt 0.177053 0.454659
vt 0.181804 0.404208
vt 0.227288 0.291210
vt 0.230015 0.273024
vt 0.263064 0.279477
vt 0.256444 0.295792
vt 0.166989 0.464939
vt 0.187412 0.284610
vt 0.191091 0.301791
vt 0.165828 0.325435
vt 0.155554 0.313410
vt 0.309724 0.444201
vt 0.311061 0.412436
vt 0.324598 0.413906
vt 0.323341 0.451193
vt 0.223589 0.323408
vt 0.197703 0.359662
vt 0.236335 0.506896
vt 0.232990 0.490027
vt 0.254295 0.456868
vt 0.269827 0.420298
vt 0.281721 0.379989
vt 0.316846 0.369173
vt 0.304506 0.372182
vt 0.292188 0.336869
vt 0.303210 0.329237
vt 0.202703 0.479107
vt 0.198514 0.494426
vt 0.215973 0.434874
vt 0.231544 0.391983
vt 0.252578 0.350617
vt 0.276834 0.312109
vt 0.285554 0.299799
vt 0.078965 0.567389
vt 0.013267 0.453567
vt 0.082170 0.434455
vt 0.122977 0.517660
vt 0.170806 0.627202
vt 0.183504 0.565678
vt 0.280134 0.648598
vt 0.255932 0.581998
vt 0.333548 0.564209
vt 0.415460 0.614225
vt 0.377654 0.522584
vt 0.449549 0.534996
vt 0.389662 0.473649
vt 0.448264 0.473451
vt 0.384836 0.419727
vt 0.437640 0.415461
vt 0.370588 0.355893
vt 0.419328 0.344989
vt 0.398910 0.279876
vt 0.352616 0.297813
vt 0.380505 0.226952
vt 0.332025 0.251109
vt 0.359881 0.170820
vt 0.305207 0.211724
vt 0.258341 0.190203
vt 0.320230 0.107360
vt 0.169425 0.135129
vt 0.174259 0.206798
vt 0.070800 0.205572
vt 0.110020 0.255491
vt 0.014400 0.311011
vt 0.076801 0.333545
vt 0.103843 0.428584
vt 0.138455 0.501072
vt 0.188193 0.542719
vt 0.247430 0.557694
vt 0.311638 0.544825
vt 0.353975 0.510225
vt 0.368662 0.468476
vt 0.365209 0.419714
vt 0.352294 0.360138
vt 0.335965 0.306366
vt 0.316526 0.264882
vt 0.289795 0.232843
vt 0.245280 0.217710
vt 0.176302 0.233202
vt 0.124388 0.273955
vt 0.098509 0.340483
vt 0.686300 0.509378
vt 0.000000 0.457001
vt 0.730713 0.038842
vt 0.612498 0.000036
vt 0.485217 0.011920
vt 0.757425 0.555040
vt 0.826693 0.471931
vt 0.865092 0.375270
vt 0.874198 0.267401
vn -0.602929 -0.063472 0.795266
vn -0.463032 -0.057809 0.884454
vn -0.303386 -0.763155 0.570570
vn -0.398955 -0.751573 0.525332
vn -0.398955 -0.751573 -0.525332
vn -0.303386 -0.763155 -0.570570
vn -0.463032 -0.057809 -0.884454
vn -0.602929 -0.063472 -0.795266
vn -0.068502 -0.997402 0.022294
vn -0.034338 -0.998826 0.034172
vn -0.023404 -0.997359 0.068760
vn -0.068624 -0.995417 0.066602
vn 0.810997 -0.060584 0.581904
vn 0.906873 -0.058833 0.417277
vn 0.581247 -0.767024 0.271710
vn 0.535680 -0.751300 0.385481
vn -0.535680 -0.751300 0.385481
vn -0.581247 -0.767024 0.271710
vn -0.906873 -0.058834 0.417277
vn -0.810997 -0.060584 0.581904
vn 0.303386 -0.763155 0.570570
vn -0.000000 -0.781531 0.623867
vn -0.000000 -0.051197 0.998689
vn 0.463032 -0.057809 0.884454
vn -0.000000 -0.051197 -0.998689
vn -0.000000 -0.781531 -0.623867
vn 0.303386 -0.763155 -0.570570
vn 0.463032 -0.057809 -0.884454
vn 0.000000 -0.997593 0.069338
vn 0.000000 -0.999296 0.037524
vn 0.034338 -0.998826 0.034172
vn 0.023404 -0.997359 0.068760
vn -0.810997 -0.060584 -0.581904
vn -0.906873 -0.058833 -0.417277
vn -0.581247 -0.767024 -0.271710
vn -0.535680 -0.751300 -0.385481
vn -0.068624 -0.995417 -0.066602
vn -0.023404 -0.997359 -0.068760
vn -0.034338 -0.998826 -0.034172
vn -0.068502 -0.997402 -0.022294
vn 0.023404 -0.997359 -0.068760
vn 0.034338 -0.998826 -0.034172
vn -0.000000 -0.999296 -0.037524
vn -0.000000 -0.997593 -0.069338
vn 0.535680 -0.751300 -0.385481
vn 0.581247 -0.767024 -0.271710
vn 0.906873 -0.058834 -0.417277
vn 0.810997 -0.060584 -0.581904
vn 0.398955 -0.751573 0.525332
vn 0.602929 -0.063472 0.795266
vn 0.398955 -0.751573 -0.525332
vn 0.602929 -0.063472 -0.795266
vn 0.068502 -0.997402 -0.022294
vn 0.068624 -0.995417 -0.066602
vn 0.068502 -0.997402 0.022294
vn 0.068624 -0.995417 0.066602
vn -0.635502 -0.772099 0.000000
vn -0.998478 -0.055157 0.000000
vn -0.068443 -0.997655 0.000000
vn -0.035497 -0.999370 0.000000
vn 0.000000 -1.000000 0.000000
vn 0.035497 -0.999370 0.000000
vn 0.068443 -0.997655 0.000000
vn 0.635502 -0.772099 -0.000000
vn 0.998478 -0.055157 0.000000
vn -0.880548 -0.250867 0.402120
vn -0.878981 -0.250780 0.405589
vn -0.788412 -0.242646 0.565269
vn -0.788568 -0.242512 0.565109
vn -0.967051 -0.254582 0.000000
vn -0.967101 -0.254393 0.000000
vn -0.880548 -0.250867 -0.402120
vn -0.878981 -0.250780 -0.405589
vn -0.788412 -0.242646 -0.565269
vn -0.788568 -0.242512 -0.565109
vn -0.586099 -0.241420 -0.773437
vn -0.445376 -0.248505 -0.860166
vn -0.449532 -0.248463 -0.858014
vn -0.586129 -0.241617 -0.773352
vn -0.000000 -0.258105 -0.966117
vn -0.000000 -0.258138 -0.966108
vn 0.449532 -0.248463 -0.858014
vn 0.445376 -0.248505 -0.860166
vn 0.586129 -0.241617 -0.773352
vn 0.586099 -0.241420 -0.773437
vn 0.880548 -0.250867 -0.402120
vn 0.878981 -0.250780 -0.405589
vn 0.788412 -0.242646 -0.565269
vn 0.788568 -0.242512 -0.565109
vn 0.967051 -0.254582 -0.000000
vn 0.967101 -0.254393 -0.000000
vn 0.880548 -0.250867 0.402120
vn 0.878981 -0.250780 0.405589
vn 0.788412 -0.242646 0.565269
vn 0.788568 -0.242512 0.565109
vn 0.445376 -0.248505 0.860166
vn 0.449532 -0.248463 0.858014
vn 0.586129 -0.241617 0.773352
vn 0.586099 -0.241420 0.773437
vn 0.000000 -0.258138 0.966108
vn 0.000000 -0.258105 0.966117
vn -0.445376 -0.248504 0.860166
vn -0.449532 -0.248463 0.858014
vn -0.586129 -0.241617 0.773352
vn -0.586099 -0.241420 0.773437
vn -0.687456 -0.654696 0.314288
vn -0.616132 -0.651232 0.443034
vn -0.749174 -0.662373 0.000000
vn -0.687456 -0.654696 -0.314288
vn -0.616132 -0.651232 -0.443034
vn -0.348403 -0.654881 -0.670631
vn -0.462694 -0.643646 -0.609618
vn 0.000000 -0.658656 -0.752445
vn 0.348403 -0.654881 -0.670631
vn 0.462694 -0.643646 -0.609618
vn 0.687456 -0.654696 -0.314288
vn 0.616132 -0.651232 -0.443034
vn 0.749174 -0.662373 -0.000000
vn 0.687456 -0.654696 0.314288
vn 0.616132 -0.651232 0.443034
vn 0.348403 -0.654881 0.670631
vn 0.462694 -0.643646 0.609618
vn -0.000000 -0.658656 0.752445
vn -0.348403 -0.654881 0.670631
vn -0.462694 -0.643646 0.609618
vn 0.604828 0.000000 -0.796356
vn 0.397914 0.753108 -0.523920
vn 0.305485 0.764646 -0.567446
vn 0.468428 0.000000 -0.883502
vn 0.397914 0.753108 0.523920
vn 0.604828 0.000000 0.796356
vn 0.468428 0.000000 0.883502
vn 0.305485 0.764646 0.567446
vn 0.000000 1.000000 0.000000
vn 0.000000 1.000000 0.000000
vn 0.000000 1.000000 0.000000
vn 0.000000 1.000000 0.000000
vn -0.811311 0.000000 -0.584615
vn -0.534119 0.752720 -0.384876
vn -0.577782 0.769523 -0.272034
vn -0.907041 0.000000 -0.421043
vn 0.534119 0.752720 -0.384876
vn 0.811311 0.000000 -0.584615
vn 0.907041 0.000000 -0.421043
vn 0.577782 0.769523 -0.272034
vn -0.305485 0.764646 -0.567446
vn -0.468428 0.000000 -0.883502
vn 0.000000 0.000000 -1.000000
vn 0.000000 0.785407 -0.618979
vn 0.000000 0.000000 1.000000
vn -0.468428 0.000000 0.883502
vn -0.305485 0.764646 0.567446
vn 0.000000 0.785407 0.618979
vn 0.000000 1.000000 0.000000
vn 0.000000 1.000000 0.000000
vn 0.000000 1.000000 -0.000000
vn 0.000000 1.000000 -0.000000
vn 0.811311 0.000000 0.584615
vn 0.534119 0.752720 0.384876
vn 0.577782 0.769523 0.272034
vn 0.907041 0.000000 0.421043
vn 0.000000 1.000000 -0.000000
vn 0.000000 1.000000 0.000000
vn 0.000000 1.000000 0.000000
vn 0.000000 1.000000 -0.000000
vn 0.000000 1.000000 -0.000000
vn 0.000000 1.000000 -0.000000
vn 0.000000 1.000000 0.000000
vn 0.000000 1.000000 -0.000000
vn -0.534119 0.752720 0.384876
vn -0.811311 0.000000 0.584615
vn -0.907041 0.000000 0.421043
vn -0.577782 0.769523 0.272034
vn -0.397914 0.753108 -0.523920
vn -0.604828 0.000000 -0.796356
vn -0.604828 0.000000 0.796356
vn -0.397914 0.753108 0.523920
vn 0.000000 1.000000 -0.000000
vn 0.000000 1.000000 -0.000000
vn 0.000000 1.000000 0.000000
vn 0.000000 1.000000 -0.000000
vn 1.000000 0.000000 0.000000
vn 0.632474 0.774581 0.000000
vn 0.000000 1.000000 0.000000
vn 0.000000 1.000000 0.000000
vn 0.000000 1.000000 -0.000000
vn 0.000000 1.000000 -0.000000
vn 0.000000 1.000000 -0.000000
vn -0.632474 0.774581 0.000000
vn -1.000000 0.000000 0.000000
vn 0.878462 0.253748 -0.404865
vn 0.786593 0.244963 -0.566803
vn 0.788156 0.237208 -0.567929
vn 0.878657 0.245824 -0.409307
vn 0.966188 0.257840 0.000000
vn 0.968275 0.249885 0.000000
vn 0.878462 0.253749 0.404865
vn 0.878657 0.245824 0.409307
vn 0.788156 0.237208 0.567929
vn 0.786593 0.244963 0.566803
vn 0.586628 0.243463 0.772394
vn 0.587769 0.235823 0.773896
vn 0.455673 0.243428 0.856216
vn 0.450705 0.251384 0.856546
vn 0.000000 0.255003 0.966940
vn 0.000000 0.262923 0.964817
vn -0.455673 0.243428 0.856216
vn -0.450705 0.251384 0.856546
vn -0.587769 0.235823 0.773896
vn -0.586628 0.243463 0.772394
vn -0.878462 0.253748 0.404865
vn -0.786593 0.244963 0.566803
vn -0.788156 0.237208 0.567929
vn -0.878657 0.245824 0.409307
vn -0.966188 0.257840 0.000000
vn -0.968275 0.249885 0.000000
vn -0.878462 0.253749 -0.404865
vn -0.878657 0.245824 -0.409307
vn -0.788156 0.237208 -0.567929
vn -0.786593 0.244963 -0.566803
vn -0.450705 0.251384 -0.856546
vn -0.586628 0.243463 -0.772394
vn -0.587769 0.235823 -0.773896
vn -0.455673 0.243428 -0.856216
vn 0.000000 0.262923 -0.964817
vn 0.000000 0.255003 -0.966940
vn 0.450705 0.251384 -0.856546
vn 0.455673 0.243428 -0.856216
vn 0.587769 0.235823 -0.773896
vn 0.586628 0.243463 -0.772394
vn 0.605110 0.666123 -0.436031
vn 0.674940 0.669255 -0.310732
vn 0.736232 0.676729 0.000000
vn 0.674940 0.669255 0.310732
vn 0.605110 0.666123 0.436031
vn 0.455125 0.658608 0.599247
vn 0.345708 0.669205 0.657762
vn -0.000000 0.673236 0.739427
vn -0.345708 0.669205 0.657762
vn -0.455125 0.658608 0.599247
vn -0.605110 0.666123 0.436031
vn -0.674940 0.669255 0.310732
vn -0.736232 0.676729 0.000000
vn -0.674940 0.669255 -0.310732
vn -0.605110 0.666123 -0.436031
vn -0.455125 0.658608 -0.599247
vn -0.345708 0.669205 -0.657762
vn 0.000000 0.673236 -0.739427
vn 0.345708 0.669205 -0.657762
vn 0.455125 0.658608 -0.599247
vn -0.178469 0.968085 0.175957
vn -0.229352 0.967666 0.104977
vn -0.229320 0.967667 0.105039
vn -0.178450 0.968085 0.175976
vn -0.256167 0.966633 -0.000000
vn -0.256167 0.966633 -0.000000
vn -0.229352 0.967666 -0.104977
vn -0.229320 0.967667 -0.105039
vn -0.178469 0.968085 -0.175957
vn -0.178450 0.968085 -0.175975
vn -0.117424 0.967232 -0.225110
vn -0.117566 0.967237 -0.225014
vn 0.000000 0.967127 -0.254293
vn 0.000000 0.967127 -0.254293
vn 0.117424 0.967232 -0.225110
vn 0.117566 0.967237 -0.225014
vn 0.178469 0.968085 -0.175957
vn 0.178450 0.968085 -0.175976
vn 0.229352 0.967666 -0.104977
vn 0.229320 0.967667 -0.105039
vn 0.256167 0.966633 0.000000
vn 0.256167 0.966633 0.000000
vn 0.229352 0.967666 0.104977
vn 0.229320 0.967667 0.105039
vn 0.178469 0.968085 0.175957
vn 0.178450 0.968085 0.175976
vn 0.117424 0.967232 0.225110
vn 0.117566 0.967237 0.225014
vn 0.000000 0.967127 0.254293
vn 0.000000 0.967127 0.254293
vn -0.117424 0.967232 0.225110
vn -0.117566 0.967237 0.225014
s 1
g pCube1
usemtl initialShadingGroup
f 151/62/62 152/63/63 153/64/64 154/65/65
s 2
f 155/66/66 156/67/67 157/68/68 158/69/69
s 3
f 159/70/70 160/71/71 152/63/72 151/62/73
s 4
f 162/72/74 161/73/75 163/74/76 164/75/77
s 5
f 154/65/78 165/76/79 159/70/80 151/62/81
s 1
f 166/77/82 167/78/83 168/79/84 169/80/85
s 2
f 171/81/86 170/82/87 172/83/88 173/84/89
s 3
f 168/79/90 174/85/91 175/86/92 169/80/93
s 5
f 158/69/94 176/87/95 177/88/96 155/66/97
s 3
f 158/69/98 157/68/99 178/89/100 176/87/101
f 173/84/102 179/90/103 180/91/104 171/81/105
s 4
f 181/92/106 182/93/107 183/94/108 184/95/109
s 1
f 164/75/110 166/77/82 169/80/85 162/72/111
s 2
f 173/84/89 172/83/88 181/92/112 184/95/113
s 3
f 183/94/114 179/90/103 173/84/102 184/95/115
f 169/80/93 175/86/92 161/73/116 162/72/117
s 1
f 167/78/83 153/64/64 152/63/63 168/79/84
s 2
f 157/68/68 156/67/67 170/82/87 171/81/86
s 3
f 180/91/104 178/89/100 157/68/99 171/81/105
f 152/63/72 160/71/71 174/85/91 168/79/90
s 5
f 165/76/79 185/96/118 186/97/119 159/70/80
s 3
f 186/97/120 187/98/121 160/71/71 159/70/70
f 174/85/91 160/71/71 187/98/121 188/99/122
f 175/86/92 174/85/91 188/99/122 189/100/123
f 161/73/116 175/86/92 189/100/123 190/101/124
s 4
f 191/102/125 163/74/76 161/73/75 190/101/126
s 5
f 185/96/118 177/88/96 176/87/95 186/97/119
s 4
f 182/93/107 191/102/125 190/101/126 183/94/108
s 3
f 190/101/124 189/100/123 179/90/103 183/94/114
f 180/91/104 179/90/103 189/100/123 188/99/122
f 187/98/121 178/89/100 180/91/104 188/99/122
f 176/87/101 178/89/100 187/98/121 186/97/120
s 5
f 192/248/127 193/104/128 194/105/129 195/106/130
f 196/247/131 197/108/132 193/104/128 192/248/127
f 199/246/133 198/110/134 197/108/132 196/247/131
f 200/240/135 198/110/134 199/246/133 201/245/136
s 2
f 201/112/137 202/113/138 203/114/139 200/111/140
f 204/115/141 203/114/139 202/113/138 205/116/142
f 206/117/143 204/115/141 205/116/142 207/118/144
f 208/119/145 206/117/143 207/118/144 209/120/146
s 4
f 210/121/147 211/122/148 208/119/149 209/120/150
f 213/123/151 212/124/152 211/122/148 210/121/147
f 215/125/153 214/126/154 212/124/152 213/123/151
f 216/127/155 214/126/154 215/125/153 217/128/156
s 1
f 219/244/157 218/130/158 216/127/159 217/128/160
f 221/243/161 220/132/162 218/130/158 219/244/157
f 223/242/163 222/134/164 220/132/162 221/243/161
f 194/105/165 222/134/164 223/242/163 195/106/166
s 5
f 194/105/129 193/104/128 224/135/167 225/136/168
f 193/104/128 197/108/132 226/137/169 224/135/167
f 197/108/132 198/110/134 227/138/170 226/137/169
f 228/139/171 227/138/170 198/110/134 200/240/135
s 2
f 200/111/140 203/114/139 229/140/172 228/139/173
f 230/141/174 229/140/172 203/114/139 204/115/141
f 231/142/175 230/141/174 204/115/141 206/117/143
f 232/143/176 231/142/175 206/117/143 208/119/145
s 4
f 208/119/149 211/122/148 233/144/177 232/143/178
f 211/122/148 212/124/152 234/145/179 233/144/177
f 212/124/152 214/126/154 235/146/180 234/145/179
f 236/147/181 235/146/180 214/126/154 216/127/155
s 1
f 216/127/159 218/130/158 237/148/182 236/147/183
f 218/130/158 220/132/162 238/149/184 237/148/182
f 220/132/162 222/134/164 239/150/185 238/149/184
f 225/136/186 239/150/185 222/134/164 194/105/165
s 5
f 225/136/168 224/135/167 165/76/79 154/65/78
f 224/135/167 226/137/169 185/96/118 165/76/79
f 226/137/169 227/138/170 177/88/96 185/96/118
f 155/66/97 177/88/96 227/138/170 228/139/171
s 2
f 228/139/173 229/140/172 156/67/67 155/66/66
f 170/82/87 156/67/67 229/140/172 230/141/174
f 172/83/88 170/82/87 230/141/174 231/142/175
f 181/92/112 172/83/88 231/142/175 232/143/176
s 4
f 232/143/178 233/144/177 182/93/107 181/92/106
f 233/144/177 234/145/179 191/102/125 182/93/107
f 234/145/179 235/146/180 163/74/76 191/102/125
f 164/75/77 163/74/76 235/146/180 236/147/181
s 1
f 236/147/183 237/148/182 166/77/82 164/75/110
f 237/148/182 238/149/184 167/78/83 166/77/82
f 238/149/184 239/150/185 153/64/64 167/78/83
f 154/65/65 153/64/64 239/150/185 225/136/186
s 15
f 62/151/187 135/152/188 150/153/189 84/154/190
s 16
f 139/155/191 68/156/192 87/157/193 140/158/194
s 17
f 90/159/195 62/151/196 84/154/197 91/160/198
s 18
f 63/161/199 147/162/200 146/163/201 94/164/202
s 19
f 135/152/203 62/151/204 90/159/205 136/165/206
s 15
f 148/166/207 79/167/208 70/168/209 149/169/210
s 16
f 73/170/211 82/171/212 142/172/213 141/173/214
s 17
f 70/168/215 79/167/216 93/174/217 92/175/218
s 19
f 68/156/219 139/155/220 138/176/221 96/177/222
s 17
f 68/156/223 96/177/224 102/178/225 87/157/226
f 82/171/227 73/170/228 101/179/229 100/180/230
s 18
f 143/181/231 69/182/232 99/183/233 144/184/234
s 15
f 147/162/235 63/161/236 79/167/208 148/166/207
s 16
f 82/171/212 69/182/237 143/181/238 142/172/213
s 17
f 99/183/239 69/182/240 82/171/227 100/180/230
f 79/167/216 63/161/241 94/164/242 93/174/217
s 15
f 149/169/210 70/168/209 84/154/190 150/153/189
s 16
f 87/157/193 73/170/211 141/173/214 140/158/194
s 17
f 101/179/229 73/170/228 87/157/226 102/178/225
f 84/154/197 70/168/215 92/175/218 91/160/198
s 19
f 136/165/206 90/159/205 75/185/243 137/186/244
s 17
f 75/185/245 90/159/195 91/160/198 88/187/246
f 92/175/218 76/188/247 88/187/246 91/160/198
f 93/174/217 83/189/248 76/188/247 92/175/218
f 94/164/242 77/190/249 83/189/248 93/174/217
s 18
f 145/191/250 77/190/251 94/164/202 146/163/201
s 19
f 137/186/244 75/185/243 96/177/222 138/176/221
s 18
f 144/184/234 99/183/233 77/190/251 145/191/250
s 17
f 77/190/249 99/183/239 100/180/230 83/189/248
f 101/179/229 76/188/247 83/189/248 100/180/230
f 88/187/246 76/188/247 101/179/229 102/178/225
f 96/177/224 75/185/245 88/187/246 102/178/225
s 19
f 89/192/252 64/193/253 103/194/254 104/195/255
f 74/196/256 89/192/252 104/195/255 105/197/257
f 97/198/258 74/196/256 105/197/257 106/199/259
f 107/200/260 66/201/261 97/198/258 106/199/259
s 16
f 66/201/262 107/200/263 108/202/264 86/203/265
f 109/204/266 72/205/267 86/203/265 108/202/264
f 110/206/268 81/207/269 72/205/267 109/204/266
f 111/208/270 67/209/271 81/207/269 110/206/268
s 18
f 98/210/272 67/209/273 111/208/274 112/211/275
f 78/212/276 98/210/272 112/211/275 113/213/277
f 95/214/278 78/212/276 113/213/277 114/215/279
f 115/216/280 65/217/281 95/214/278 114/215/279
s 15
f 80/218/282 65/217/283 115/216/284 116/219/285
f 71/220/286 80/218/282 116/219/285 117/221/287
f 85/222/288 71/220/286 117/221/287 118/223/289
f 103/194/290 64/193/291 85/222/288 118/223/289
s 19
f 103/194/254 119/224/292 120/225/293 104/195/255
f 104/195/255 120/225/293 121/226/294 105/197/257
f 105/197/257 121/226/294 122/227/295 106/199/259
f 123/228/296 107/200/260 106/199/259 122/227/295
s 16
f 107/200/263 123/228/297 124/229/298 108/202/264
f 125/230/299 109/204/266 108/202/264 124/229/298
f 126/231/300 110/206/268 109/204/266 125/230/299
f 127/232/301 111/208/270 110/206/268 126/231/300
s 18
f 111/208/274 127/232/302 128/233/303 112/211/275
f 112/211/275 128/233/303 129/234/304 113/213/277
f 113/213/277 129/234/304 130/235/305 114/215/279
f 131/236/306 115/216/280 114/215/279 130/235/305
s 15
f 115/216/284 131/236/307 132/237/308 116/219/285
f 116/219/285 132/237/308 133/238/309 117/221/287
f 117/221/287 133/238/309 134/239/310 118/223/289
f 119/224/311 103/194/290 118/223/289 134/239/310
s 19
f 119/224/292 135/152/203 136/165/206 120/225/293
f 120/225/293 136/165/206 137/186/244 121/226/294
f 121/226/294 137/186/244 138/176/221 122/227/295
f 139/155/220 123/228/296 122/227/295 138/176/221
s 16
f 123/228/297 139/155/191 140/158/194 124/229/298
f 141/173/214 125/230/299 124/229/298 140/158/194
f 142/172/213 126/231/300 125/230/299 141/173/214
f 143/181/238 127/232/301 126/231/300 142/172/213
s 18
f 127/232/302 143/181/231 144/184/234 128/233/303
f 128/233/303 144/184/234 145/191/250 129/234/304
f 129/234/304 145/191/250 146/163/201 130/235/305
f 147/162/200 131/236/306 130/235/305 146/163/201
s 15
f 131/236/307 147/162/235 148/166/207 132/237/308
f 132/237/308 148/166/207 149/169/210 133/238/309
f 133/238/309 149/169/210 150/153/189 134/239/310
f 135/152/188 119/224/311 134/239/310 150/153/189
s 30
f 64/193/312 89/192/313 192/103/314 195/241/315
f 89/192/313 74/196/316 196/107/317 192/103/314
f 74/196/316 97/198/318 199/109/319 196/107/317
f 97/198/318 66/201/320 201/112/321 199/109/319
f 66/201/320 86/203/322 202/113/323 201/112/321
f 86/203/322 72/205/324 205/116/325 202/113/323
f 72/205/324 81/207/326 207/118/327 205/116/325
f 81/207/326 67/209/328 209/120/329 207/118/327
f 67/209/328 98/210/330 210/121/331 209/120/329
f 98/210/330 78/212/332 213/123/333 210/121/331
f 78/212/332 95/214/334 215/125/335 213/123/333
f 95/214/334 65/217/336 217/128/337 215/125/335
f 65/217/336 80/218/338 219/129/339 217/128/337
f 80/218/338 71/220/340 221/131/341 219/129/339
f 71/220/340 85/222/342 223/133/343 221/131/341
f 85/222/342 64/193/312 195/241/315 223/133/343
g default
v -0.551686 -0.173634 -0.187051
v -0.745313 -0.200521 -0.196138
v -0.743603 -0.218406 -0.179653
v -0.662925 -0.207204 -0.175867
v -0.648516 -0.357921 -0.036953
v -0.616245 -0.353440 -0.035438
v -0.630654 -0.202723 -0.174353
v -0.549976 -0.191520 -0.170566
v -0.490337 -0.153688 -0.194517
v -0.520610 -0.157891 -0.195937
v -0.503413 -0.337772 -0.030143
v -0.473140 -0.333569 -0.028722
v -0.480797 -0.253482 -0.102537
v -0.469432 -0.239935 -0.112838
v -0.457338 -0.229707 -0.120009
v -0.444522 -0.222797 -0.124051
v -0.430978 -0.219207 -0.124962
v -0.425089 -0.218760 -0.124350
v -0.420024 -0.219173 -0.123102
v -0.415779 -0.220442 -0.121221
v -0.412361 -0.222568 -0.118707
v -0.409645 -0.225663 -0.115436
v -0.407517 -0.229845 -0.111283
v -0.405977 -0.235112 -0.106250
v -0.405025 -0.241462 -0.100338
v -0.397228 -0.323028 -0.025159
v -0.366955 -0.318824 -0.023739
v -0.375450 -0.229967 -0.105637
v -0.377033 -0.221915 -0.113199
v -0.380134 -0.214960 -0.120030
v -0.384757 -0.209106 -0.126127
v -0.390900 -0.204349 -0.131494
v -0.398304 -0.200857 -0.135933
v -0.406709 -0.198797 -0.139248
v -0.416120 -0.198165 -0.141445
v -0.426529 -0.198965 -0.142517
v -0.443066 -0.202907 -0.141804
v -0.457949 -0.209907 -0.138036
v -0.471175 -0.219968 -0.131212
v -0.482746 -0.233091 -0.121332
v -0.289844 -0.182756 -0.133594
v -0.320116 -0.186960 -0.135015
v -0.308289 -0.310678 -0.020985
v -0.278016 -0.306474 -0.019565
v -0.294135 -0.137871 -0.174964
v -0.324407 -0.142075 -0.176385
v -0.322262 -0.164517 -0.155700
v -0.291989 -0.160314 -0.154279
v -0.176555 -0.164254 -0.130786
v -0.189230 -0.166603 -0.130848
v -0.200365 -0.169913 -0.129774
v -0.209954 -0.174185 -0.127562
v -0.218003 -0.179419 -0.124214
v -0.224275 -0.185429 -0.119856
v -0.228536 -0.192035 -0.114612
v -0.230781 -0.199233 -0.108484
v -0.231016 -0.207025 -0.101471
v -0.227544 -0.217356 -0.091520
v -0.219304 -0.225685 -0.082559
v -0.206291 -0.232011 -0.074587
v -0.188505 -0.236328 -0.067608
v -0.170300 -0.239457 -0.061633
v -0.159361 -0.242000 -0.057443
v -0.151393 -0.245461 -0.052935
v -0.146389 -0.249837 -0.048110
v -0.144355 -0.255132 -0.042966
v -0.144533 -0.258974 -0.039519
v -0.145819 -0.262638 -0.036425
v -0.148209 -0.266121 -0.033684
v -0.151707 -0.269429 -0.031293
v -0.156070 -0.272357 -0.029397
v -0.161053 -0.274708 -0.028128
v -0.166656 -0.276481 -0.027490
v -0.172874 -0.277678 -0.027481
v -0.184408 -0.278587 -0.028649
v -0.197032 -0.278262 -0.031122
v -0.210747 -0.276703 -0.034901
v -0.225552 -0.273910 -0.039985
v -0.223581 -0.294530 -0.020980
v -0.209012 -0.295689 -0.017415
v -0.195639 -0.296102 -0.014734
v -0.183466 -0.295776 -0.012927
v -0.172493 -0.294706 -0.012002
v -0.159637 -0.292256 -0.012000
v -0.148117 -0.288666 -0.013261
v -0.137934 -0.283935 -0.015785
v -0.129085 -0.278061 -0.019575
v -0.122024 -0.271402 -0.024384
v -0.117200 -0.264318 -0.029963
v -0.114621 -0.256811 -0.036313
v -0.114279 -0.248877 -0.043436
v -0.115511 -0.242798 -0.049152
v -0.117982 -0.237431 -0.054436
v -0.121686 -0.232776 -0.059290
v -0.126626 -0.228833 -0.063711
v -0.133084 -0.225427 -0.067909
v -0.141335 -0.222376 -0.072095
v -0.151383 -0.219686 -0.076264
v -0.163226 -0.217350 -0.080424
v -0.178262 -0.214820 -0.085309
v -0.188293 -0.212492 -0.089148
v -0.195597 -0.209379 -0.093227
v -0.200176 -0.205485 -0.097542
v -0.202023 -0.200805 -0.102097
v -0.201855 -0.197330 -0.105213
v -0.200663 -0.194080 -0.107950
v -0.198446 -0.191056 -0.110305
v -0.195206 -0.188258 -0.112277
v -0.191095 -0.185794 -0.113799
v -0.186272 -0.183772 -0.114796
v -0.180734 -0.182189 -0.115272
v -0.174484 -0.181052 -0.115223
v -0.166278 -0.180265 -0.114519
v -0.156717 -0.179999 -0.113110
v -0.145803 -0.180251 -0.110997
v -0.133535 -0.181021 -0.108183
v -0.135320 -0.162340 -0.125401
v -0.141708 -0.162302 -0.126537
v -0.151709 -0.162428 -0.128149
v -0.160852 -0.162795 -0.129396
v -0.169133 -0.163406 -0.130273
v 0.125559 -0.075322 -0.159134
v 0.100529 -0.080266 -0.158980
v 0.078763 -0.087692 -0.156015
v 0.060262 -0.097604 -0.150236
v 0.045023 -0.109997 -0.141649
v 0.033370 -0.124561 -0.130478
v 0.025622 -0.140987 -0.116947
v 0.021780 -0.159272 -0.101058
v 0.021843 -0.179417 -0.082812
v 0.025581 -0.199334 -0.064139
v 0.032702 -0.216248 -0.047599
v 0.043203 -0.230159 -0.033195
v 0.057088 -0.241070 -0.020921
v 0.074107 -0.248832 -0.010957
v 0.094012 -0.253302 -0.003474
v 0.116804 -0.254473 0.001520
v 0.142483 -0.252354 0.004035
v 0.158462 -0.249580 0.004282
v 0.175658 -0.245526 0.003580
v 0.194078 -0.240192 0.001932
v 0.213718 -0.233576 -0.000666
v 0.207194 -0.165337 -0.063561
v 0.174923 -0.169818 -0.065076
v 0.180172 -0.224728 -0.014466
v 0.171150 -0.227851 -0.013197
v 0.162404 -0.230399 -0.012400
v 0.153932 -0.232377 -0.012073
v 0.145736 -0.233782 -0.012215
v 0.127076 -0.235198 -0.014155
v 0.110378 -0.233987 -0.018133
v 0.095645 -0.230153 -0.024147
v 0.082881 -0.223694 -0.032197
v 0.072369 -0.214808 -0.042055
v 0.064405 -0.203692 -0.053492
v 0.058990 -0.190347 -0.066507
v 0.056121 -0.174774 -0.081099
v 0.055874 -0.158685 -0.095705
v 0.058352 -0.144147 -0.108437
v 0.063559 -0.131156 -0.119296
v 0.071489 -0.119712 -0.128286
v 0.081928 -0.110055 -0.135226
v 0.094653 -0.102427 -0.139934
v 0.109664 -0.096825 -0.142414
v 0.126963 -0.093250 -0.142663
v 0.140929 -0.092063 -0.141327
v 0.157787 -0.091973 -0.138499
v 0.177533 -0.092982 -0.134176
v 0.200166 -0.095090 -0.128361
v 0.198053 -0.072991 -0.148730
v 0.179188 -0.072225 -0.152680
v 0.160816 -0.072360 -0.155729
v 0.142942 -0.073393 -0.157880
v 0.316325 -0.095814 -0.107654
v 0.302637 -0.098299 -0.107768
v 0.288618 -0.102000 -0.106838
v 0.274266 -0.106915 -0.104867
v 0.259583 -0.113043 -0.101854
v 0.261358 -0.131613 -0.084739
v 0.274538 -0.124936 -0.088507
v 0.287312 -0.119699 -0.091042
v 0.299677 -0.115904 -0.092343
v 0.311637 -0.113551 -0.092409
v 0.325012 -0.113058 -0.090546
v 0.334858 -0.115780 -0.086382
v 0.341176 -0.121721 -0.079914
v 0.343968 -0.130877 -0.071144
v 0.345395 -0.145802 -0.057388
v 0.338326 -0.146784 -0.057720
v 0.318133 -0.150276 -0.058045
v 0.300571 -0.154783 -0.056996
v 0.285652 -0.160299 -0.054579
v 0.273367 -0.166827 -0.050790
v 0.263891 -0.174250 -0.045707
v 0.257401 -0.182449 -0.039406
v 0.253893 -0.191423 -0.031888
v 0.253371 -0.201174 -0.023151
v 0.254896 -0.208088 -0.016630
v 0.258073 -0.214129 -0.010613
v 0.262898 -0.219298 -0.005101
v 0.269374 -0.223598 -0.000091
v 0.277056 -0.226798 0.004132
v 0.285507 -0.228672 0.007287
v 0.294724 -0.229219 0.009373
v 0.304715 -0.228442 0.010394
v 0.317331 -0.225515 0.009923
v 0.329974 -0.220233 0.007323
v 0.342644 -0.212594 0.002596
v 0.355340 -0.202599 -0.004259
v 0.359997 -0.210184 0.003410
v 0.366355 -0.215181 0.009031
v 0.374408 -0.217590 0.012602
v 0.384162 -0.217410 0.014123
v 0.390230 -0.216338 0.014200
v 0.395983 -0.214847 0.013843
v 0.401426 -0.212935 0.013052
v 0.406558 -0.210610 0.011834
v 0.403218 -0.198490 0.000286
v 0.401431 -0.198941 0.000386
v 0.399871 -0.199302 0.000443
v 0.398535 -0.199575 0.000460
v 0.397424 -0.199758 0.000433
v 0.390316 -0.199525 -0.001004
v 0.384976 -0.196609 -0.004565
v 0.381405 -0.191008 -0.010252
v 0.379602 -0.182724 -0.018062
v 0.374243 -0.126673 -0.069723
v 0.372540 -0.117628 -0.078205
v 0.369309 -0.110086 -0.085589
v 0.364545 -0.104050 -0.091875
v 0.358254 -0.099517 -0.097065
v 0.350342 -0.096448 -0.101209
v 0.340714 -0.094809 -0.104355
v 0.329376 -0.094598 -0.106502
v 0.336850 -0.160260 -0.045776
v 0.346504 -0.159150 -0.045114
v 0.349549 -0.191003 -0.015756
v 0.339995 -0.197806 -0.011247
v 0.330481 -0.203038 -0.008153
v 0.321014 -0.206701 -0.006472
v 0.311587 -0.208793 -0.006205
v 0.306262 -0.209180 -0.006775
v 0.301287 -0.208817 -0.007962
v 0.296668 -0.207698 -0.009772
v 0.292402 -0.205828 -0.012201
v 0.288778 -0.203360 -0.015060
v 0.286078 -0.200447 -0.018164
v 0.284307 -0.197089 -0.021509
v 0.283458 -0.193288 -0.025096
v 0.283899 -0.187713 -0.030066
v 0.286314 -0.182440 -0.034422
v 0.290703 -0.177465 -0.038168
v 0.297069 -0.172792 -0.041300
v 0.305072 -0.168615 -0.043698
v 0.314369 -0.165134 -0.045244
v 0.324961 -0.162349 -0.045938
v 0.620348 -0.053599 -0.093386
v 0.604097 -0.057501 -0.092659
v 0.589774 -0.064423 -0.088865
v 0.577373 -0.074370 -0.082003
v 0.566893 -0.087341 -0.072071
v 0.558414 -0.077003 -0.082892
v 0.547580 -0.070282 -0.090846
v 0.534387 -0.067180 -0.095931
v 0.518839 -0.067694 -0.098150
v 0.502440 -0.071616 -0.097430
v 0.487929 -0.078565 -0.093645
v 0.475298 -0.088544 -0.086793
v 0.464551 -0.101552 -0.076874
v 0.462329 -0.078311 -0.098294
v 0.432056 -0.082515 -0.099715
v 0.443884 -0.206233 0.014315
v 0.474156 -0.202030 0.015736
v 0.466228 -0.119097 -0.060703
v 0.478049 -0.106446 -0.070114
v 0.489763 -0.096954 -0.076683
v 0.501371 -0.090623 -0.080410
v 0.512874 -0.087454 -0.081293
v 0.523085 -0.087386 -0.079592
v 0.530671 -0.090380 -0.075572
v 0.535628 -0.096436 -0.069235
v 0.537960 -0.105557 -0.060576
v 0.546227 -0.192022 0.019118
v 0.576499 -0.187819 0.020539
v 0.568579 -0.104972 -0.055820
v 0.580339 -0.092391 -0.065178
v 0.592102 -0.082940 -0.071703
v 0.603874 -0.076612 -0.075398
v 0.615654 -0.073414 -0.076260
v 0.625685 -0.073361 -0.074576
v 0.633136 -0.076348 -0.070586
v 0.638013 -0.082373 -0.064290
v 0.640315 -0.091437 -0.055689
v 0.648572 -0.177811 0.023921
v 0.678845 -0.173607 0.025342
v 0.670249 -0.083691 -0.057533
v 0.668703 -0.075627 -0.065099
v 0.665723 -0.068736 -0.071851
v 0.661308 -0.063015 -0.077792
v 0.655458 -0.058468 -0.082917
v 0.648337 -0.055195 -0.087110
v 0.640112 -0.053292 -0.090252
v 0.630782 -0.052760 -0.092344
v 0.784259 -0.030839 -0.085693
v 0.769099 -0.034083 -0.085373
v 0.755587 -0.039376 -0.082915
v 0.743721 -0.046718 -0.078317
v 0.733499 -0.056109 -0.071581
v 0.725444 -0.066982 -0.063130
v 0.720074 -0.078763 -0.053392
v 0.717391 -0.091455 -0.042367
v 0.717390 -0.105056 -0.030056
v 0.720158 -0.118639 -0.017283
v 0.725700 -0.130472 -0.005615
v 0.734011 -0.140559 0.004950
v 0.745093 -0.148900 0.014413
v 0.758321 -0.155110 0.022318
v 0.773058 -0.158814 0.028214
v 0.789307 -0.160004 0.032097
v 0.807068 -0.158687 0.033971
v 0.818408 -0.156680 0.034111
v 0.830764 -0.153666 0.033516
v 0.844130 -0.149647 0.032185
v 0.858510 -0.144622 0.030119
v 0.856800 -0.126734 0.013632
v 0.843905 -0.131910 0.016091
v 0.831991 -0.135980 0.017719
v 0.821066 -0.138949 0.018520
v 0.811122 -0.140812 0.018490
v 0.787856 -0.141257 0.014877
v 0.769693 -0.135425 0.006462
v 0.756634 -0.123314 -0.006755
v 0.748676 -0.104924 -0.024774
v 0.853940 -0.090308 -0.019834
v 0.853441 -0.083453 -0.026125
v 0.851083 -0.069735 -0.038949
v 0.846822 -0.057979 -0.050326
v 0.840652 -0.048183 -0.060259
v 0.832581 -0.040349 -0.068743
v 0.822791 -0.034611 -0.075627
v 0.811474 -0.031114 -0.080746
v 0.798630 -0.029857 -0.084101
v 0.784024 -0.048044 -0.070160
v 0.799348 -0.048092 -0.067471
v 0.810761 -0.053032 -0.061029
v 0.818266 -0.062865 -0.050833
v 0.821863 -0.077591 -0.036882
v 0.748622 -0.087762 -0.040319
v 0.751094 -0.072192 -0.053986
v 0.757818 -0.060384 -0.063514
v 0.768795 -0.052334 -0.068905
v -0.553629 -0.163445 -0.175794
v -0.747256 -0.190331 -0.184882
v -0.745546 -0.208217 -0.168396
v -0.664868 -0.197014 -0.164610
v -0.650460 -0.347731 -0.025696
v -0.618188 -0.343250 -0.024181
v -0.632597 -0.192533 -0.163096
v -0.551920 -0.181330 -0.159309
v -0.555573 -0.153255 -0.164538
v -0.749199 -0.180141 -0.173625
v -0.747489 -0.198027 -0.157140
v -0.666811 -0.186825 -0.153353
v -0.652403 -0.337542 -0.014439
v -0.620132 -0.333060 -0.012924
v -0.634540 -0.182343 -0.151839
v -0.553863 -0.171141 -0.148052
v -0.557516 -0.143066 -0.153281
v -0.751142 -0.169952 -0.162368
v -0.749432 -0.187838 -0.145883
v -0.668755 -0.176635 -0.142096
v -0.654346 -0.327352 -0.003182
v -0.622075 -0.322871 -0.001668
v -0.636484 -0.172154 -0.140582
v -0.555806 -0.160951 -0.136796
v -0.559459 -0.132876 -0.142024
v -0.753085 -0.159762 -0.151111
v -0.751375 -0.177648 -0.134626
v -0.670698 -0.166445 -0.130839
v -0.656289 -0.317162 0.008075
v -0.624018 -0.312681 0.009589
v -0.638427 -0.161964 -0.129325
v -0.557749 -0.150762 -0.125539
v -0.492280 -0.143498 -0.183260
v -0.522553 -0.147702 -0.184680
v -0.505356 -0.327583 -0.018886
v -0.475084 -0.323379 -0.017465
v -0.482740 -0.243292 -0.091280
v -0.471375 -0.229745 -0.101581
v -0.459281 -0.219517 -0.108752
v -0.446465 -0.212607 -0.112794
v -0.432921 -0.209017 -0.113706
v -0.427032 -0.208571 -0.113093
v -0.421967 -0.208983 -0.111845
v -0.417722 -0.210252 -0.109964
v -0.414305 -0.212378 -0.107450
v -0.411588 -0.215474 -0.104179
v -0.409460 -0.219656 -0.100026
v -0.407920 -0.224922 -0.094993
v -0.406969 -0.231272 -0.089081
v -0.399171 -0.312838 -0.013903
v -0.368898 -0.308634 -0.012482
v -0.377393 -0.219778 -0.094380
v -0.378976 -0.211725 -0.101942
v -0.382077 -0.204771 -0.108773
v -0.386700 -0.198916 -0.114870
v -0.392844 -0.194159 -0.120237
v -0.400247 -0.190667 -0.124676
v -0.408653 -0.188607 -0.127991
v -0.418063 -0.187975 -0.130188
v -0.428472 -0.188775 -0.131260
v -0.445009 -0.192717 -0.130547
v -0.459892 -0.199718 -0.126780
v -0.473118 -0.209779 -0.119955
v -0.484689 -0.222901 -0.110075
v -0.494224 -0.133308 -0.172003
v -0.524496 -0.137512 -0.173423
v -0.507299 -0.317393 -0.007629
v -0.477027 -0.313189 -0.006208
v -0.484683 -0.233103 -0.080023
v -0.473318 -0.219555 -0.090324
v -0.461225 -0.209327 -0.097495
v -0.448409 -0.202418 -0.101537
v -0.434864 -0.198828 -0.102449
v -0.428975 -0.198381 -0.101836
v -0.423910 -0.198794 -0.100589
v -0.419665 -0.200063 -0.098707
v -0.416248 -0.202189 -0.096193
v -0.413531 -0.205284 -0.092922
v -0.411403 -0.209466 -0.088769
v -0.409863 -0.214732 -0.083736
v -0.408912 -0.221083 -0.077824
v -0.401114 -0.302648 -0.002646
v -0.370842 -0.298445 -0.001225
v -0.379336 -0.209588 -0.083123
v -0.380919 -0.201536 -0.090685
v -0.384020 -0.194581 -0.097516
v -0.388643 -0.188726 -0.103613
v -0.394787 -0.183970 -0.108980
v -0.402190 -0.180478 -0.113419
v -0.410596 -0.178418 -0.116734
v -0.420006 -0.177786 -0.118931
v -0.430415 -0.178586 -0.120003
v -0.446952 -0.182527 -0.119290
v -0.461836 -0.189528 -0.115523
v -0.475061 -0.199589 -0.108698
v -0.486633 -0.212711 -0.098818
v -0.496167 -0.123119 -0.160746
v -0.526439 -0.127322 -0.162167
v -0.509243 -0.307203 0.003628
v -0.478970 -0.303000 0.005049
v -0.486626 -0.222913 -0.068766
v -0.475261 -0.209366 -0.079068
v -0.463168 -0.199138 -0.086238
v -0.450352 -0.192228 -0.090280
v -0.436807 -0.188638 -0.091192
v -0.430919 -0.188192 -0.090579
v -0.425853 -0.188604 -0.089332
v -0.421609 -0.189873 -0.087450
v -0.418191 -0.191999 -0.084936
v -0.415475 -0.195095 -0.081665
v -0.413346 -0.199277 -0.077512
v -0.411806 -0.204543 -0.072479
v -0.410855 -0.210893 -0.066567
v -0.403057 -0.292459 0.008611
v -0.372785 -0.288255 0.010032
v -0.381280 -0.199398 -0.071866
v -0.382862 -0.191346 -0.079428
v -0.385964 -0.184392 -0.086259
v -0.390586 -0.178537 -0.092357
v -0.396730 -0.173780 -0.097723
v -0.404134 -0.170288 -0.102162
v -0.412539 -0.168228 -0.105477
v -0.421949 -0.167596 -0.107674
v -0.432358 -0.168396 -0.108747
v -0.448895 -0.172338 -0.108033
v -0.463779 -0.179338 -0.104266
v -0.477004 -0.189400 -0.097442
v -0.488576 -0.202522 -0.087561
v -0.498110 -0.112929 -0.149489
v -0.528383 -0.117133 -0.150910
v -0.511186 -0.297014 0.014885
v -0.480913 -0.292810 0.016305
v -0.488570 -0.212724 -0.057509
v -0.477205 -0.199176 -0.067811
v -0.465111 -0.188948 -0.074981
v -0.452295 -0.182039 -0.079023
v -0.438750 -0.178449 -0.079935
v -0.432862 -0.178002 -0.079322
v -0.427796 -0.178415 -0.078075
v -0.423552 -0.179683 -0.076194
v -0.420134 -0.181809 -0.073679
v -0.417418 -0.184905 -0.070408
v -0.415290 -0.189087 -0.066255
v -0.413750 -0.194353 -0.061223
v -0.412798 -0.200703 -0.055310
v -0.405000 -0.282269 0.019868
v -0.374728 -0.278066 0.021289
v -0.383223 -0.189209 -0.060609
v -0.384806 -0.181157 -0.068171
v -0.387907 -0.174202 -0.075002
v -0.392529 -0.168347 -0.081100
v -0.398673 -0.163590 -0.086466
v -0.406077 -0.160098 -0.090905
v -0.414482 -0.158038 -0.094221
v -0.423893 -0.157407 -0.096417
v -0.434301 -0.158207 -0.097490
v -0.450839 -0.162148 -0.096776
v -0.465722 -0.169149 -0.093009
v -0.478948 -0.179210 -0.086185
v -0.490519 -0.192332 -0.076304
v -0.291787 -0.172566 -0.122338
v -0.322060 -0.176770 -0.123758
v -0.310232 -0.300488 -0.009729
v -0.279959 -0.296285 -0.008308
v -0.293730 -0.162377 -0.111081
v -0.324003 -0.166580 -0.112501
v -0.312175 -0.290299 0.001528
v -0.281903 -0.286095 0.002949
v -0.295673 -0.152187 -0.099824
v -0.325946 -0.156391 -0.101245
v -0.314118 -0.280109 0.012785
v -0.283846 -0.275905 0.014206
v -0.297617 -0.141998 -0.088567
v -0.327889 -0.146201 -0.089988
v -0.316062 -0.269919 0.024042
v -0.285789 -0.265716 0.025463
v -0.296078 -0.127682 -0.163707
v -0.326351 -0.131885 -0.165128
v -0.324205 -0.154328 -0.144443
v -0.293932 -0.150124 -0.143022
v -0.298021 -0.117492 -0.152450
v -0.328294 -0.121696 -0.153871
v -0.326148 -0.144138 -0.133186
v -0.295876 -0.139935 -0.131765
v -0.299964 -0.107303 -0.141193
v -0.330237 -0.111506 -0.142614
v -0.328091 -0.133949 -0.121929
v -0.297819 -0.129745 -0.120509
v -0.301908 -0.097113 -0.129936
v -0.332180 -0.101317 -0.131357
v -0.330035 -0.123759 -0.110672
v -0.299762 -0.119555 -0.109252
v -0.178499 -0.154065 -0.119529
v -0.191173 -0.156413 -0.119591
v -0.202308 -0.159723 -0.118517
v -0.211897 -0.163996 -0.116305
v -0.219947 -0.169229 -0.112957
v -0.226219 -0.175240 -0.108599
v -0.230479 -0.181845 -0.103355
v -0.232725 -0.189044 -0.097227
v -0.232959 -0.196835 -0.090215
v -0.229487 -0.207167 -0.080263
v -0.221248 -0.215495 -0.071302
v -0.208235 -0.221821 -0.063330
v -0.190449 -0.226139 -0.056351
v -0.172243 -0.229268 -0.050376
v -0.161305 -0.231810 -0.046186
v -0.153336 -0.235271 -0.041678
v -0.148332 -0.239648 -0.036853
v -0.146299 -0.244942 -0.031709
v -0.146477 -0.248785 -0.028262
v -0.147762 -0.252448 -0.025168
v -0.150153 -0.255931 -0.022428
v -0.153650 -0.259240 -0.020037
v -0.158014 -0.262167 -0.018140
v -0.162996 -0.264518 -0.016872
v -0.168599 -0.266292 -0.016234
v -0.174817 -0.267489 -0.016224
v -0.186351 -0.268397 -0.017392
v -0.198975 -0.268072 -0.019865
v -0.212690 -0.266513 -0.023644
v -0.227496 -0.263720 -0.028728
v -0.225524 -0.284341 -0.009723
v -0.210955 -0.285500 -0.006159
v -0.197582 -0.285912 -0.003477
v -0.185409 -0.285586 -0.001671
v -0.174437 -0.284516 -0.000745
v -0.161580 -0.282067 -0.000743
v -0.150060 -0.278477 -0.002004
v -0.139878 -0.273746 -0.004528
v -0.131029 -0.267872 -0.008318
v -0.123967 -0.261213 -0.013127
v -0.119143 -0.254129 -0.018706
v -0.116564 -0.246622 -0.025056
v -0.116222 -0.238688 -0.032179
v -0.117454 -0.232608 -0.037895
v -0.119925 -0.227242 -0.043179
v -0.123629 -0.222586 -0.048033
v -0.128569 -0.218643 -0.052454
v -0.135027 -0.215237 -0.056652
v -0.143279 -0.212187 -0.060838
v -0.153326 -0.209497 -0.065007
v -0.165170 -0.207160 -0.069167
v -0.180205 -0.204631 -0.074052
v -0.190237 -0.202303 -0.077891
v -0.197540 -0.199189 -0.081970
v -0.202119 -0.195295 -0.086285
v -0.203966 -0.190616 -0.090840
v -0.203798 -0.187141 -0.093956
v -0.202607 -0.183890 -0.096693
v -0.200389 -0.180866 -0.099048
v -0.197149 -0.178068 -0.101020
v -0.193038 -0.175604 -0.102542
v -0.188215 -0.173582 -0.103539
v -0.182677 -0.172000 -0.104016
v -0.176427 -0.170862 -0.103966
v -0.168221 -0.170075 -0.103262
v -0.158660 -0.169809 -0.101853
v -0.147746 -0.170062 -0.099740
v -0.135478 -0.170831 -0.096926
v -0.137264 -0.152150 -0.114144
v -0.143651 -0.152113 -0.115281
v -0.153653 -0.152239 -0.116893
v -0.162795 -0.152605 -0.118139
v -0.171076 -0.153216 -0.119016
v -0.180442 -0.143875 -0.108272
v -0.193117 -0.146224 -0.108334
v -0.204252 -0.149534 -0.107260
v -0.213841 -0.153806 -0.105048
v -0.221890 -0.159040 -0.101700
v -0.228162 -0.165050 -0.097342
v -0.232422 -0.171656 -0.092098
v -0.234668 -0.178854 -0.085970
v -0.234902 -0.186646 -0.078958
v -0.231430 -0.196977 -0.069007
v -0.223191 -0.205306 -0.060045
v -0.210178 -0.211631 -0.052073
v -0.192392 -0.215949 -0.045095
v -0.174187 -0.219078 -0.039119
v -0.163248 -0.221621 -0.034930
v -0.155280 -0.225082 -0.030421
v -0.150275 -0.229458 -0.025596
v -0.148242 -0.234752 -0.020453
v -0.148420 -0.238595 -0.017005
v -0.149705 -0.242258 -0.013911
v -0.152096 -0.245742 -0.011171
v -0.155594 -0.249050 -0.008780
v -0.159957 -0.251977 -0.006883
v -0.164940 -0.254329 -0.005615
v -0.170542 -0.256102 -0.004977
v -0.176761 -0.257299 -0.004967
v -0.188294 -0.258208 -0.006135
v -0.200919 -0.257883 -0.008609
v -0.214633 -0.256324 -0.012387
v -0.229439 -0.253531 -0.017471
v -0.227468 -0.274151 0.001534
v -0.212898 -0.275310 0.005098
v -0.199526 -0.275723 0.007780
v -0.187353 -0.275396 0.009586
v -0.176380 -0.274327 0.010512
v -0.163523 -0.271877 0.010514
v -0.152004 -0.268287 0.009253
v -0.141821 -0.263556 0.006729
v -0.132972 -0.257682 0.002939
v -0.125910 -0.251023 -0.001870
v -0.121087 -0.243939 -0.007449
v -0.118507 -0.236432 -0.013799
v -0.118165 -0.228498 -0.020922
v -0.119397 -0.222418 -0.026638
v -0.121868 -0.217052 -0.031922
v -0.125572 -0.212396 -0.036776
v -0.130513 -0.208453 -0.041198
v -0.136971 -0.205048 -0.045395
v -0.145222 -0.201997 -0.049581
v -0.155269 -0.199307 -0.053750
v -0.167113 -0.196971 -0.057910
v -0.182148 -0.194441 -0.062795
v -0.192180 -0.192113 -0.066634
v -0.199484 -0.189000 -0.070713
v -0.204062 -0.185106 -0.075028
v -0.205910 -0.180426 -0.079583
v -0.205741 -0.176951 -0.082699
v -0.204550 -0.173701 -0.085436
v -0.202332 -0.170676 -0.087791
v -0.199092 -0.167879 -0.089764
v -0.194981 -0.165414 -0.091285
v -0.190158 -0.163392 -0.092282
v -0.184620 -0.161810 -0.092759
v -0.178370 -0.160673 -0.092709
v -0.170164 -0.159886 -0.092005
v -0.160603 -0.159620 -0.090596
v -0.149689 -0.159872 -0.088483
v -0.137421 -0.160642 -0.085669
v -0.139207 -0.141960 -0.102887
v -0.145595 -0.141923 -0.104024
v -0.155596 -0.142049 -0.105636
v -0.164739 -0.142416 -0.106882
v -0.173019 -0.143027 -0.107759
v -0.182385 -0.133686 -0.097015
v -0.195060 -0.136034 -0.097077
v -0.206195 -0.139344 -0.096003
v -0.215784 -0.143616 -0.093791
v -0.223833 -0.148850 -0.090443
v -0.230105 -0.154860 -0.086085
v -0.234365 -0.161466 -0.080841
v -0.236611 -0.168665 -0.074713
v -0.236845 -0.176456 -0.067701
v -0.233373 -0.186787 -0.057750
v -0.225134 -0.195116 -0.048788
v -0.212121 -0.201442 -0.040816
v -0.194335 -0.205759 -0.033838
v -0.176130 -0.208889 -0.027862
v -0.165191 -0.211431 -0.023673
v -0.157223 -0.214892 -0.019164
v -0.152219 -0.219268 -0.014339
v -0.150185 -0.224563 -0.009196
v -0.150363 -0.228406 -0.005748
v -0.151649 -0.232069 -0.002654
v -0.154039 -0.235552 0.000086
v -0.157537 -0.238860 0.002477
v -0.161900 -0.241788 0.004374
v -0.166883 -0.244139 0.005642
v -0.172485 -0.245913 0.006280
v -0.178704 -0.247109 0.006290
v -0.190238 -0.248018 0.005122
v -0.202862 -0.247693 0.002648
v -0.216577 -0.246134 -0.001130
v -0.231382 -0.243341 -0.006214
v -0.229411 -0.263961 0.012791
v -0.214841 -0.265120 0.016355
v -0.201469 -0.265533 0.019037
v -0.189296 -0.265207 0.020843
v -0.178323 -0.264137 0.021769
v -0.165466 -0.261687 0.021771
v -0.153947 -0.258097 0.020510
v -0.143764 -0.253367 0.017985
v -0.134915 -0.247492 0.014196
v -0.127854 -0.240833 0.009387
v -0.123030 -0.233750 0.003808
v -0.120450 -0.226243 -0.002542
v -0.120108 -0.218308 -0.009665
v -0.121340 -0.212229 -0.015381
v -0.123811 -0.206863 -0.020665
v -0.127515 -0.202207 -0.025519
v -0.132456 -0.198264 -0.029941
v -0.138914 -0.194858 -0.034138
v -0.147165 -0.191807 -0.038324
v -0.157212 -0.189117 -0.042493
v -0.169056 -0.186781 -0.046653
v -0.184091 -0.184252 -0.051538
v -0.194123 -0.181924 -0.055377
v -0.201427 -0.178810 -0.059456
v -0.206005 -0.174916 -0.063771
v -0.207853 -0.170236 -0.068326
v -0.207684 -0.166762 -0.071442
v -0.206493 -0.163511 -0.074179
v -0.204276 -0.160487 -0.076534
v -0.201035 -0.157689 -0.078507
v -0.196924 -0.155225 -0.080028
v -0.192101 -0.153203 -0.081026
v -0.186564 -0.151621 -0.081502
v -0.180314 -0.150483 -0.081452
v -0.172107 -0.149696 -0.080748
v -0.162547 -0.149430 -0.079339
v -0.151632 -0.149683 -0.077226
v -0.139364 -0.150452 -0.074412
v -0.141150 -0.131771 -0.091630
v -0.147538 -0.131733 -0.092767
v -0.157539 -0.131860 -0.094379
v -0.166682 -0.132226 -0.095625
v -0.174963 -0.132837 -0.096502
v -0.184328 -0.123496 -0.085758
v -0.197003 -0.125845 -0.085820
v -0.208138 -0.129154 -0.084746
v -0.217727 -0.133427 -0.082534
v -0.225776 -0.138660 -0.079186
v -0.232048 -0.144671 -0.074828
v -0.236309 -0.151277 -0.069584
v -0.238554 -0.158475 -0.063456
v -0.238788 -0.166267 -0.056444
v -0.235317 -0.176598 -0.046493
v -0.227077 -0.184927 -0.037531
v -0.214064 -0.191252 -0.029559
v -0.196278 -0.195570 -0.022581
v -0.178073 -0.198699 -0.016606
v -0.167134 -0.201242 -0.012416
v -0.159166 -0.204703 -0.007907
v -0.154162 -0.209079 -0.003082
v -0.152128 -0.214373 0.002061
v -0.152306 -0.218216 0.005509
v -0.153592 -0.221879 0.008603
v -0.155982 -0.225362 0.011343
v -0.159480 -0.228671 0.013734
v -0.163843 -0.231598 0.015631
v -0.168826 -0.233950 0.016899
v -0.174428 -0.235723 0.017537
v -0.180647 -0.236920 0.017547
v -0.192181 -0.237829 0.016379
v -0.204805 -0.237504 0.013905
v -0.218520 -0.235945 0.010127
v -0.233325 -0.233152 0.005043
v -0.231354 -0.253772 0.024048
v -0.216784 -0.254931 0.027612
v -0.203412 -0.255343 0.030294
v -0.191239 -0.255017 0.032100
v -0.180266 -0.253947 0.033026
v -0.167410 -0.251498 0.033028
v -0.155890 -0.247908 0.031767
v -0.145707 -0.243177 0.029242
v -0.136858 -0.237303 0.025453
v -0.129797 -0.230644 0.020644
v -0.124973 -0.223560 0.015065
v -0.122393 -0.216053 0.008715
v -0.122052 -0.208119 0.001592
v -0.123283 -0.202039 -0.004124
v -0.125754 -0.196673 -0.009408
v -0.129459 -0.192017 -0.014262
v -0.134399 -0.188074 -0.018684
v -0.140857 -0.184668 -0.022882
v -0.149108 -0.181618 -0.027067
v -0.159155 -0.178928 -0.031237
v -0.170999 -0.176591 -0.035396
v -0.186035 -0.174062 -0.040281
v -0.196066 -0.171734 -0.044120
v -0.203370 -0.168620 -0.048199
v -0.207949 -0.164727 -0.052514
v -0.209796 -0.160047 -0.057069
v -0.209627 -0.156572 -0.060185
v -0.208436 -0.153321 -0.062922
v -0.206219 -0.150297 -0.065277
v -0.202978 -0.147500 -0.067250
v -0.198868 -0.145035 -0.068771
v -0.194045 -0.143013 -0.069769
v -0.188507 -0.141431 -0.070245
v -0.182257 -0.140294 -0.070196
v -0.174050 -0.139506 -0.069492
v -0.164490 -0.139240 -0.068082
v -0.153575 -0.139493 -0.065969
v -0.141307 -0.140262 -0.063155
v -0.143093 -0.121581 -0.080373
v -0.149481 -0.121544 -0.081510
v -0.159482 -0.121670 -0.083122
v -0.168625 -0.122037 -0.084368
v -0.176906 -0.122647 -0.085245
v 0.123615 -0.065133 -0.147877
v 0.098586 -0.070076 -0.147723
v 0.076820 -0.077503 -0.144758
v 0.058319 -0.087415 -0.138979
v 0.043080 -0.099807 -0.130392
v 0.031427 -0.114371 -0.119221
v 0.023679 -0.130797 -0.105690
v 0.019837 -0.149083 -0.089801
v 0.019900 -0.169228 -0.071555
v 0.023638 -0.189144 -0.052882
v 0.030759 -0.206058 -0.036342
v 0.041260 -0.219969 -0.021938
v 0.055145 -0.230880 -0.009664
v 0.072164 -0.238643 0.000300
v 0.092069 -0.243113 0.007782
v 0.114861 -0.244284 0.012777
v 0.140540 -0.242165 0.015292
v 0.156519 -0.239390 0.015539
v 0.173715 -0.235336 0.014837
v 0.192135 -0.230003 0.013189
v 0.211775 -0.223387 0.010591
v 0.205251 -0.155148 -0.052305
v 0.172980 -0.159629 -0.053819
v 0.178229 -0.214539 -0.003209
v 0.169207 -0.217662 -0.001940
v 0.160460 -0.220209 -0.001143
v 0.151988 -0.222187 -0.000816
v 0.143793 -0.223592 -0.000958
v 0.125133 -0.225009 -0.002898
v 0.108435 -0.223798 -0.006876
v 0.093702 -0.219964 -0.012890
v 0.080938 -0.213504 -0.020940
v 0.070426 -0.204619 -0.030798
v 0.062462 -0.193502 -0.042235
v 0.057047 -0.180157 -0.055250
v 0.054177 -0.164584 -0.069842
v 0.053931 -0.148495 -0.084448
v 0.056409 -0.133957 -0.097180
v 0.061615 -0.120967 -0.108040
v 0.069546 -0.109523 -0.117030
v 0.079985 -0.099865 -0.123970
v 0.092710 -0.092238 -0.128677
v 0.107720 -0.086635 -0.131157
v 0.125020 -0.083061 -0.131407
v 0.138986 -0.081873 -0.130071
v 0.155843 -0.081783 -0.127242
v 0.175590 -0.082793 -0.122919
v 0.198223 -0.084901 -0.117104
v 0.196110 -0.062802 -0.137473
v 0.177244 -0.062036 -0.141423
v 0.158873 -0.062171 -0.144472
v 0.140999 -0.063203 -0.146623
v 0.121672 -0.054943 -0.136620
v 0.096643 -0.059887 -0.136466
v 0.074877 -0.067313 -0.133501
v 0.056375 -0.077225 -0.127723
v 0.041137 -0.089618 -0.119135
v 0.029483 -0.104182 -0.107964
v 0.021736 -0.120608 -0.094433
v 0.017893 -0.138893 -0.078544
v 0.017957 -0.159038 -0.060298
v 0.021695 -0.178954 -0.041625
v 0.028816 -0.195869 -0.025085
v 0.039317 -0.209780 -0.010681
v 0.053202 -0.220691 0.001593
v 0.070220 -0.228453 0.011557
v 0.090126 -0.232923 0.019039
v 0.112918 -0.234094 0.024034
v 0.138597 -0.231975 0.026548
v 0.154576 -0.229201 0.026795
v 0.171772 -0.225146 0.026094
v 0.190192 -0.219813 0.024446
v 0.209831 -0.213197 0.021848
v 0.203308 -0.144958 -0.041048
v 0.171037 -0.149439 -0.042562
v 0.176286 -0.204349 0.008048
v 0.167263 -0.207472 0.009317
v 0.158517 -0.210020 0.010113
v 0.150045 -0.211998 0.010441
v 0.141850 -0.213403 0.010298
v 0.123190 -0.214819 0.008359
v 0.106491 -0.213608 0.004381
v 0.091759 -0.209774 -0.001633
v 0.078995 -0.203315 -0.009683
v 0.068482 -0.194429 -0.019541
v 0.060519 -0.183313 -0.030978
v 0.055104 -0.169968 -0.043993
v 0.052234 -0.154394 -0.058585
v 0.051988 -0.138305 -0.073191
v 0.054466 -0.123767 -0.085923
v 0.059672 -0.110777 -0.096783
v 0.067603 -0.099333 -0.105773
v 0.078042 -0.089675 -0.112713
v 0.090767 -0.082048 -0.117420
v 0.105777 -0.076446 -0.119900
v 0.123077 -0.072871 -0.120150
v 0.137042 -0.071684 -0.118814
v 0.153900 -0.071593 -0.115985
v 0.173647 -0.072603 -0.111662
v 0.196280 -0.074711 -0.105847
v 0.194167 -0.052612 -0.126216
v 0.175301 -0.051846 -0.130166
v 0.156930 -0.051981 -0.133215
v 0.139056 -0.053014 -0.135366
v 0.119729 -0.044753 -0.125363
v 0.094700 -0.049697 -0.125209
v 0.072934 -0.057124 -0.122244
v 0.054432 -0.067036 -0.116466
v 0.039194 -0.079428 -0.107878
v 0.027540 -0.093992 -0.096707
v 0.019792 -0.110418 -0.083176
v 0.015950 -0.128704 -0.067288
v 0.016014 -0.148849 -0.049042
v 0.019751 -0.168765 -0.030368
v 0.026873 -0.185679 -0.013829
v 0.037374 -0.199590 0.000576
v 0.051259 -0.210501 0.012850
v 0.068277 -0.218264 0.022814
v 0.088183 -0.222734 0.030296
v 0.110975 -0.223905 0.035291
v 0.136653 -0.221786 0.037805
v 0.152633 -0.219011 0.038052
v 0.169829 -0.214957 0.037351
v 0.188249 -0.209624 0.035703
v 0.207888 -0.203008 0.033104
v 0.201364 -0.134769 -0.029791
v 0.169093 -0.139250 -0.031305
v 0.174343 -0.194160 0.019305
v 0.165320 -0.197282 0.020574
v 0.156574 -0.199830 0.021370
v 0.148102 -0.201808 0.021698
v 0.139907 -0.203213 0.021555
v 0.121247 -0.204629 0.019616
v 0.104548 -0.203418 0.015637
v 0.089816 -0.199585 0.009624
v 0.077051 -0.193125 0.001574
v 0.066539 -0.184240 -0.008284
v 0.058576 -0.173123 -0.019721
v 0.053161 -0.159778 -0.032736
v 0.050291 -0.144205 -0.047328
v 0.050044 -0.128116 -0.061934
v 0.052523 -0.113578 -0.074666
v 0.057729 -0.100588 -0.085526
v 0.065660 -0.089143 -0.094516
v 0.076099 -0.079486 -0.101456
v 0.088824 -0.071858 -0.106163
v 0.103834 -0.066256 -0.108643
v 0.121133 -0.062682 -0.108893
v 0.135099 -0.061494 -0.107557
v 0.151957 -0.061404 -0.104728
v 0.171704 -0.062414 -0.100406
v 0.194336 -0.064522 -0.094591
v 0.192224 -0.042422 -0.114959
v 0.173358 -0.041657 -0.118909
v 0.154986 -0.041792 -0.121958
v 0.137112 -0.042824 -0.124109
v 0.117786 -0.034564 -0.114107
v 0.092756 -0.039507 -0.113952
v 0.070991 -0.046934 -0.110987
v 0.052489 -0.056846 -0.105209
v 0.037251 -0.069239 -0.096622
v 0.025597 -0.083803 -0.085450
v 0.017849 -0.100228 -0.071919
v 0.014007 -0.118514 -0.056031
v 0.014071 -0.138659 -0.037785
v 0.017808 -0.158575 -0.019112
v 0.024929 -0.175490 -0.002572
v 0.035431 -0.189400 0.011833
v 0.049316 -0.200312 0.024107
v 0.066334 -0.208074 0.034071
v 0.086239 -0.212544 0.041553
v 0.109031 -0.213715 0.046547
v 0.134710 -0.211596 0.049062
v 0.150689 -0.208822 0.049309
v 0.167886 -0.204767 0.048608
v 0.186305 -0.199434 0.046960
v 0.205945 -0.192818 0.044361
v 0.199421 -0.124579 -0.018534
v 0.167150 -0.129060 -0.020048
v 0.172400 -0.183970 0.030562
v 0.163377 -0.187093 0.031831
v 0.154631 -0.189641 0.032627
v 0.146159 -0.191618 0.032955
v 0.137964 -0.193024 0.032812
v 0.119303 -0.194440 0.030873
v 0.102605 -0.193229 0.026894
v 0.087872 -0.189395 0.020881
v 0.075108 -0.182936 0.012831
v 0.064596 -0.174050 0.002973
v 0.056633 -0.162934 -0.008464
v 0.051217 -0.149588 -0.021479
v 0.048348 -0.134015 -0.036071
v 0.048101 -0.117926 -0.050677
v 0.050580 -0.103388 -0.063409
v 0.055786 -0.090398 -0.074269
v 0.063716 -0.078954 -0.083259
v 0.074155 -0.069296 -0.090199
v 0.086880 -0.061669 -0.094907
v 0.101891 -0.056067 -0.097386
v 0.119190 -0.052492 -0.097636
v 0.133156 -0.051304 -0.096300
v 0.150014 -0.051214 -0.093472
v 0.169761 -0.052224 -0.089149
v 0.192393 -0.054332 -0.083334
v 0.190280 -0.032233 -0.103702
v 0.171415 -0.031467 -0.107652
v 0.153043 -0.031602 -0.110701
v 0.135169 -0.032635 -0.112852
v 0.314382 -0.085625 -0.096397
v 0.300694 -0.088110 -0.096511
v 0.286675 -0.091810 -0.095581
v 0.272322 -0.096725 -0.093610
v 0.257640 -0.102854 -0.090597
v 0.259415 -0.121423 -0.073482
v 0.272594 -0.114747 -0.077250
v 0.285369 -0.109509 -0.079785
v 0.297734 -0.105715 -0.081086
v 0.309694 -0.103361 -0.081152
v 0.323069 -0.102868 -0.079289
v 0.332915 -0.105591 -0.075125
v 0.339233 -0.111531 -0.068657
v 0.342025 -0.120688 -0.059887
v 0.343451 -0.135613 -0.046131
v 0.336383 -0.136594 -0.046463
v 0.316189 -0.140086 -0.046788
v 0.298628 -0.144593 -0.045739
v 0.283708 -0.150109 -0.043322
v 0.271423 -0.156638 -0.039533
v 0.261948 -0.164060 -0.034450
v 0.255458 -0.172259 -0.028149
v 0.251950 -0.181233 -0.020631
v 0.251428 -0.190984 -0.011895
v 0.252953 -0.197898 -0.005373
v 0.256130 -0.203939 0.000644
v 0.260954 -0.209109 0.006156
v 0.267431 -0.213408 0.011165
v 0.275113 -0.216608 0.015389
v 0.283564 -0.218482 0.018544
v 0.292781 -0.219030 0.020630
v 0.302771 -0.218253 0.021651
v 0.315388 -0.215326 0.021180
v 0.328031 -0.210043 0.018580
v 0.340700 -0.202404 0.013853
v 0.353397 -0.192409 0.006998
v 0.358054 -0.199995 0.014667
v 0.364412 -0.204991 0.020288
v 0.372465 -0.207400 0.023859
v 0.382218 -0.207221 0.025380
v 0.388286 -0.206149 0.025457
v 0.394040 -0.204657 0.025100
v 0.399483 -0.202745 0.024309
v 0.404615 -0.200420 0.023090
v 0.401275 -0.188300 0.011543
v 0.399488 -0.188752 0.011643
v 0.397927 -0.189113 0.011700
v 0.396592 -0.189385 0.011717
v 0.395481 -0.189568 0.011690
v 0.388373 -0.189335 0.010253
v 0.383033 -0.186420 0.006691
v 0.379462 -0.180818 0.001005
v 0.377659 -0.172534 -0.006805
v 0.372300 -0.116484 -0.058466
v 0.370597 -0.107439 -0.066948
v 0.367366 -0.099897 -0.074332
v 0.362602 -0.093861 -0.080618
v 0.356311 -0.089328 -0.085808
v 0.348399 -0.086258 -0.089952
v 0.338771 -0.084619 -0.093098
v 0.327433 -0.084408 -0.095245
v 0.334907 -0.150071 -0.034519
v 0.344561 -0.148961 -0.033857
v 0.347606 -0.180813 -0.004499
v 0.338052 -0.187616 0.000010
v 0.328538 -0.192849 0.003104
v 0.319071 -0.196511 0.004785
v 0.309644 -0.198603 0.005051
v 0.304319 -0.198990 0.004482
v 0.299344 -0.198627 0.003295
v 0.294725 -0.197509 0.001485
v 0.290459 -0.195638 -0.000944
v 0.286834 -0.193171 -0.003804
v 0.284135 -0.190257 -0.006907
v 0.282364 -0.186899 -0.010252
v 0.281515 -0.183098 -0.013839
v 0.281956 -0.177523 -0.018809
v 0.284371 -0.172251 -0.023165
v 0.288760 -0.167275 -0.026911
v 0.295125 -0.162602 -0.030043
v 0.303128 -0.158426 -0.032442
v 0.312426 -0.154945 -0.033988
v 0.323017 -0.152159 -0.034681
v 0.312439 -0.075435 -0.085140
v 0.298750 -0.077920 -0.085254
v 0.284732 -0.081621 -0.084324
v 0.270379 -0.086536 -0.082353
v 0.255697 -0.092664 -0.079340
v 0.257472 -0.111234 -0.062225
v 0.270651 -0.104557 -0.065993
v 0.283426 -0.099320 -0.068529
v 0.295791 -0.095525 -0.069829
v 0.307750 -0.093172 -0.069895
v 0.321126 -0.092678 -0.068033
v 0.330972 -0.095401 -0.063868
v 0.337289 -0.101342 -0.057400
v 0.340081 -0.110498 -0.048630
v 0.341508 -0.125423 -0.034874
v 0.334440 -0.126404 -0.035206
v 0.314246 -0.129896 -0.035531
v 0.296685 -0.134403 -0.034483
v 0.281765 -0.139920 -0.032065
v 0.269480 -0.146448 -0.028276
v 0.260004 -0.153870 -0.023193
v 0.253514 -0.162070 -0.016892
v 0.250007 -0.171044 -0.009374
v 0.249485 -0.180795 -0.000638
v 0.251010 -0.187708 0.005884
v 0.254186 -0.193750 0.011901
v 0.259011 -0.198919 0.017413
v 0.265488 -0.203218 0.022422
v 0.273170 -0.206419 0.026645
v 0.281621 -0.208293 0.029800
v 0.290838 -0.208840 0.031887
v 0.300828 -0.208063 0.032908
v 0.313445 -0.205136 0.032437
v 0.326087 -0.199853 0.029837
v 0.338757 -0.192215 0.025110
v 0.351453 -0.182220 0.018254
v 0.356111 -0.189805 0.025924
v 0.362469 -0.194802 0.031545
v 0.370521 -0.197211 0.035115
v 0.380275 -0.197031 0.036637
v 0.386343 -0.195959 0.036714
v 0.392097 -0.194468 0.036357
v 0.397540 -0.192556 0.035566
v 0.402672 -0.190231 0.034347
v 0.399332 -0.178111 0.022800
v 0.397544 -0.178562 0.022900
v 0.395984 -0.178923 0.022957
v 0.394649 -0.179196 0.022974
v 0.393537 -0.179379 0.022947
v 0.386429 -0.179146 0.021509
v 0.381090 -0.176230 0.017948
v 0.377519 -0.170629 0.012262
v 0.375715 -0.162345 0.004452
v 0.370357 -0.106294 -0.047209
v 0.368654 -0.097249 -0.055691
v 0.365423 -0.089707 -0.063075
v 0.360659 -0.083671 -0.069361
v 0.354367 -0.079138 -0.074551
v 0.346455 -0.076069 -0.078695
v 0.336828 -0.074429 -0.081841
v 0.325490 -0.074219 -0.083989
v 0.332964 -0.139881 -0.023262
v 0.342618 -0.138771 -0.022600
v 0.345663 -0.170624 0.006758
v 0.336109 -0.177426 0.011267
v 0.326595 -0.182659 0.014361
v 0.317128 -0.186321 0.016042
v 0.307701 -0.188414 0.016308
v 0.302376 -0.188800 0.015739
v 0.297401 -0.188437 0.014552
v 0.292782 -0.187319 0.012742
v 0.288516 -0.185449 0.010313
v 0.284891 -0.182981 0.007453
v 0.282192 -0.180068 0.004350
v 0.280421 -0.176710 0.001005
v 0.279572 -0.172909 -0.002582
v 0.280013 -0.167334 -0.007553
v 0.282428 -0.162061 -0.011908
v 0.286817 -0.157086 -0.015654
v 0.293182 -0.152412 -0.018786
v 0.301185 -0.148236 -0.021185
v 0.310482 -0.144755 -0.022731
v 0.321074 -0.141970 -0.023424
v 0.310496 -0.065246 -0.073883
v 0.296807 -0.067730 -0.073997
v 0.282789 -0.071431 -0.073067
v 0.268436 -0.076346 -0.071096
v 0.253753 -0.082475 -0.068083
v 0.255529 -0.101044 -0.050968
v 0.268708 -0.094368 -0.054736
v 0.281483 -0.089130 -0.057272
v 0.293847 -0.085335 -0.058572
v 0.305807 -0.082982 -0.058638
v 0.319182 -0.082489 -0.056776
v 0.329029 -0.085211 -0.052611
v 0.335346 -0.091152 -0.046143
v 0.338138 -0.100308 -0.037373
v 0.339565 -0.115233 -0.023617
v 0.332496 -0.116215 -0.023949
v 0.312303 -0.119707 -0.024274
v 0.294742 -0.124214 -0.023226
v 0.279822 -0.129730 -0.020808
v 0.267537 -0.136259 -0.017019
v 0.258061 -0.143681 -0.011936
v 0.251571 -0.151880 -0.005635
v 0.248063 -0.160854 0.001883
v 0.247541 -0.170605 0.010619
v 0.249067 -0.177519 0.017141
v 0.252243 -0.183560 0.023157
v 0.257068 -0.188729 0.028670
v 0.263545 -0.193029 0.033679
v 0.271226 -0.196229 0.037902
v 0.279678 -0.198103 0.041057
v 0.288895 -0.198651 0.043144
v 0.298885 -0.197873 0.044165
v 0.311501 -0.194947 0.043694
v 0.324144 -0.189664 0.041094
v 0.336814 -0.182025 0.036367
v 0.349510 -0.172030 0.029511
v 0.354167 -0.179615 0.037181
v 0.360525 -0.184612 0.042802
v 0.368578 -0.187021 0.046372
v 0.378332 -0.186842 0.047894
v 0.384400 -0.185770 0.047971
v 0.390154 -0.184278 0.047614
v 0.395597 -0.182366 0.046823
v 0.400728 -0.180041 0.045604
v 0.397388 -0.167921 0.034057
v 0.395601 -0.168373 0.034157
v 0.394041 -0.168733 0.034214
v 0.392706 -0.169006 0.034231
v 0.391594 -0.169189 0.034204
v 0.384486 -0.168956 0.032766
v 0.379147 -0.166040 0.029205
v 0.375575 -0.160439 0.023519
v 0.373772 -0.152155 0.015709
v 0.368414 -0.096104 -0.035953
v 0.366710 -0.087059 -0.044434
v 0.363480 -0.079517 -0.051819
v 0.358716 -0.073482 -0.058105
v 0.352424 -0.068949 -0.063294
v 0.344512 -0.065879 -0.067438
v 0.334884 -0.064240 -0.070584
v 0.323547 -0.064029 -0.072732
v 0.331020 -0.129691 -0.012005
v 0.340674 -0.128581 -0.011343
v 0.343720 -0.160434 0.018015
v 0.334166 -0.167237 0.022524
v 0.324652 -0.172470 0.025618
v 0.315185 -0.176132 0.027299
v 0.305758 -0.178224 0.027565
v 0.300432 -0.178611 0.026996
v 0.295457 -0.178248 0.025809
v 0.290838 -0.177130 0.023999
v 0.286573 -0.175259 0.021570
v 0.282948 -0.172792 0.018710
v 0.280249 -0.169878 0.015607
v 0.278477 -0.166520 0.012262
v 0.277629 -0.162719 0.008675
v 0.278070 -0.157144 0.003704
v 0.280485 -0.151871 -0.000652
v 0.284873 -0.146896 -0.004397
v 0.291239 -0.142223 -0.007529
v 0.299242 -0.138047 -0.009928
v 0.308539 -0.134566 -0.011474
v 0.319131 -0.131780 -0.012167
v 0.308553 -0.055056 -0.062627
v 0.294864 -0.057541 -0.062740
v 0.280845 -0.061241 -0.061810
v 0.266493 -0.066156 -0.059839
v 0.251810 -0.072285 -0.056826
v 0.253585 -0.090854 -0.039711
v 0.266765 -0.084178 -0.043479
v 0.279540 -0.078941 -0.046015
v 0.291904 -0.075146 -0.047316
v 0.303864 -0.072792 -0.047381
v 0.317239 -0.072299 -0.045519
v 0.327085 -0.075022 -0.041355
v 0.333403 -0.080963 -0.034886
v 0.336195 -0.090119 -0.026117
v 0.337622 -0.105044 -0.012360
v 0.330553 -0.106025 -0.012692
v 0.310360 -0.109517 -0.013017
v 0.292799 -0.114024 -0.011969
v 0.277879 -0.119541 -0.009551
v 0.265594 -0.126069 -0.005762
v 0.256118 -0.133491 -0.000679
v 0.249628 -0.141690 0.005622
v 0.246120 -0.150665 0.013140
v 0.245598 -0.160416 0.021876
v 0.247123 -0.167329 0.028398
v 0.250300 -0.173370 0.034414
v 0.255125 -0.178540 0.039926
v 0.261601 -0.182839 0.044936
v 0.269283 -0.186040 0.049159
v 0.277734 -0.187913 0.052314
v 0.286952 -0.188461 0.054401
v 0.296942 -0.187684 0.055422
v 0.309558 -0.184757 0.054951
v 0.322201 -0.179474 0.052351
v 0.334871 -0.171835 0.047624
v 0.347567 -0.161841 0.040768
v 0.352224 -0.169426 0.048438
v 0.358582 -0.174422 0.054058
v 0.366635 -0.176831 0.057629
v 0.376389 -0.176652 0.059151
v 0.382457 -0.175580 0.059228
v 0.388211 -0.174088 0.058871
v 0.393653 -0.172177 0.058080
v 0.398785 -0.169852 0.056861
v 0.395445 -0.157731 0.045313
v 0.393658 -0.158183 0.045414
v 0.392098 -0.158544 0.045471
v 0.390762 -0.158817 0.045487
v 0.389651 -0.158999 0.045461
v 0.382543 -0.158767 0.044023
v 0.377203 -0.155851 0.040462
v 0.373632 -0.150250 0.034776
v 0.371829 -0.141966 0.026966
v 0.366470 -0.085915 -0.024696
v 0.364767 -0.076870 -0.033177
v 0.361537 -0.069328 -0.040562
v 0.356772 -0.063292 -0.046848
v 0.350481 -0.058759 -0.052037
v 0.342569 -0.055690 -0.056181
v 0.332941 -0.054050 -0.059327
v 0.321603 -0.053840 -0.061475
v 0.329077 -0.119502 -0.000748
v 0.338731 -0.118392 -0.000086
v 0.341776 -0.150245 0.029272
v 0.332222 -0.157047 0.033780
v 0.322709 -0.162280 0.036875
v 0.313242 -0.165942 0.038556
v 0.303815 -0.168035 0.038822
v 0.298489 -0.168421 0.038253
v 0.293514 -0.168058 0.037065
v 0.288895 -0.166940 0.035256
v 0.284630 -0.165070 0.032827
v 0.281005 -0.162602 0.029967
v 0.278305 -0.159688 0.026864
v 0.276534 -0.156331 0.023519
v 0.275685 -0.152530 0.019932
v 0.276126 -0.146955 0.014961
v 0.278542 -0.141682 0.010605
v 0.282930 -0.136707 0.006859
v 0.289296 -0.132033 0.003728
v 0.297299 -0.127857 0.001329
v 0.306596 -0.124376 -0.000217
v 0.317188 -0.121590 -0.000910
v 0.618405 -0.043409 -0.082129
v 0.602154 -0.047311 -0.081402
v 0.587831 -0.054234 -0.077608
v 0.575429 -0.064180 -0.070746
v 0.564950 -0.077151 -0.060814
v 0.556471 -0.066813 -0.071635
v 0.545637 -0.060093 -0.079589
v 0.532444 -0.056991 -0.084674
v 0.516896 -0.057504 -0.086893
v 0.500497 -0.061427 -0.086173
v 0.485985 -0.068376 -0.082388
v 0.473354 -0.078354 -0.075536
v 0.462607 -0.091362 -0.065617
v 0.460386 -0.068122 -0.087037
v 0.430113 -0.072325 -0.088458
v 0.441941 -0.196044 0.025572
v 0.472213 -0.191840 0.026993
v 0.464285 -0.108907 -0.049446
v 0.476105 -0.096256 -0.058857
v 0.487820 -0.086764 -0.065427
v 0.499428 -0.080434 -0.069153
v 0.510931 -0.077264 -0.070036
v 0.521142 -0.077196 -0.068335
v 0.528727 -0.080190 -0.064316
v 0.533685 -0.086247 -0.057978
v 0.536017 -0.095367 -0.049319
v 0.544283 -0.181833 0.030375
v 0.574556 -0.177629 0.031796
v 0.566636 -0.094782 -0.044563
v 0.578396 -0.082201 -0.053921
v 0.590159 -0.072750 -0.060446
v 0.601930 -0.066423 -0.064141
v 0.613711 -0.063224 -0.065003
v 0.623741 -0.063172 -0.063319
v 0.631192 -0.066159 -0.059329
v 0.636070 -0.072183 -0.053034
v 0.638372 -0.081247 -0.044432
v 0.646629 -0.167621 0.035178
v 0.676902 -0.163418 0.036599
v 0.668306 -0.073502 -0.046276
v 0.666760 -0.065437 -0.053842
v 0.663779 -0.058546 -0.060595
v 0.659364 -0.052826 -0.066535
v 0.653515 -0.048279 -0.071660
v 0.646394 -0.045005 -0.075853
v 0.638169 -0.043102 -0.078995
v 0.628838 -0.042570 -0.081087
v 0.616462 -0.033220 -0.070872
v 0.600211 -0.037122 -0.070145
v 0.585888 -0.044044 -0.066352
v 0.573486 -0.053991 -0.059489
v 0.563007 -0.066961 -0.049557
v 0.554528 -0.056623 -0.060378
v 0.543693 -0.049903 -0.068332
v 0.530501 -0.046801 -0.073417
v 0.514953 -0.047315 -0.075636
v 0.498554 -0.051237 -0.074916
v 0.484042 -0.058186 -0.071131
v 0.471411 -0.068165 -0.064279
v 0.460664 -0.081173 -0.054360
v 0.458442 -0.057932 -0.075780
v 0.428170 -0.062136 -0.077201
v 0.439998 -0.185854 0.036829
v 0.470270 -0.181651 0.038250
v 0.462342 -0.098718 -0.038189
v 0.474162 -0.086067 -0.047600
v 0.485877 -0.076575 -0.054170
v 0.497485 -0.070244 -0.057896
v 0.508988 -0.067075 -0.058779
v 0.519198 -0.067007 -0.057078
v 0.526784 -0.070001 -0.053059
v 0.531742 -0.076057 -0.046721
v 0.534074 -0.085178 -0.038062
v 0.542340 -0.171643 0.041632
v 0.572613 -0.167440 0.043053
v 0.564693 -0.084593 -0.033306
v 0.576453 -0.072012 -0.042664
v 0.588216 -0.062560 -0.049189
v 0.599987 -0.056233 -0.052884
v 0.611768 -0.053035 -0.053746
v 0.621798 -0.052982 -0.052062
v 0.629249 -0.055969 -0.048072
v 0.634127 -0.061994 -0.041777
v 0.636429 -0.071057 -0.033175
v 0.644686 -0.157432 0.046435
v 0.674959 -0.153228 0.047856
v 0.666363 -0.063312 -0.035019
v 0.664817 -0.055248 -0.042585
v 0.661836 -0.048357 -0.049338
v 0.657421 -0.042636 -0.055278
v 0.651572 -0.038089 -0.060404
v 0.644450 -0.034815 -0.064596
v 0.636226 -0.032913 -0.067738
v 0.626895 -0.032381 -0.069830
v 0.614518 -0.023030 -0.059615
v 0.598267 -0.026932 -0.058889
v 0.583944 -0.033855 -0.055095
v 0.571543 -0.043801 -0.048232
v 0.561064 -0.056772 -0.038300
v 0.552585 -0.046434 -0.049122
v 0.541750 -0.039714 -0.057075
v 0.528558 -0.036612 -0.062160
v 0.513010 -0.037125 -0.064379
v 0.496611 -0.041048 -0.063659
v 0.482099 -0.047997 -0.059874
v 0.469468 -0.057975 -0.053022
v 0.458721 -0.070983 -0.043103
v 0.456499 -0.047743 -0.064523
v 0.426227 -0.051946 -0.065944
v 0.438054 -0.175664 0.048086
v 0.468327 -0.171461 0.049506
v 0.460398 -0.088528 -0.026932
v 0.472219 -0.075877 -0.036343
v 0.483933 -0.066385 -0.042913
v 0.495542 -0.060054 -0.046639
v 0.507044 -0.056885 -0.047522
v 0.517255 -0.056817 -0.045821
v 0.524841 -0.059811 -0.041802
v 0.529798 -0.065868 -0.035464
v 0.532131 -0.074988 -0.026805
v 0.540397 -0.161454 0.052889
v 0.570670 -0.157250 0.054310
v 0.562749 -0.074403 -0.022049
v 0.574510 -0.061822 -0.031407
v 0.586273 -0.052371 -0.037932
v 0.598044 -0.046044 -0.041628
v 0.609824 -0.042845 -0.042489
v 0.619855 -0.042793 -0.040805
v 0.627306 -0.045779 -0.036815
v 0.632184 -0.051804 -0.030520
v 0.634485 -0.060868 -0.021918
v 0.642743 -0.147242 0.057692
v 0.673016 -0.143038 0.059113
v 0.664419 -0.053123 -0.023762
v 0.662874 -0.045058 -0.031328
v 0.659893 -0.038167 -0.038081
v 0.655478 -0.032447 -0.044021
v 0.649629 -0.027899 -0.049147
v 0.642507 -0.024626 -0.053339
v 0.634283 -0.022723 -0.056481
v 0.624952 -0.022191 -0.058573
v 0.612575 -0.012840 -0.048358
v 0.596324 -0.016742 -0.047632
v 0.582001 -0.023665 -0.043838
v 0.569600 -0.033612 -0.036975
v 0.559121 -0.046582 -0.027043
v 0.550642 -0.036244 -0.037865
v 0.539807 -0.029524 -0.045818
v 0.526615 -0.026422 -0.050903
v 0.511066 -0.026936 -0.053122
v 0.494668 -0.030858 -0.052403
v 0.480156 -0.037807 -0.048618
v 0.467525 -0.047786 -0.041765
v 0.456778 -0.060793 -0.031846
v 0.454556 -0.037553 -0.053266
v 0.424283 -0.041757 -0.054687
v 0.436111 -0.165475 0.059343
v 0.466384 -0.161271 0.060763
v 0.458455 -0.078338 -0.015675
v 0.470276 -0.065687 -0.025086
v 0.481990 -0.056195 -0.031656
v 0.493599 -0.049865 -0.035382
v 0.505101 -0.046696 -0.036266
v 0.515312 -0.046628 -0.034564
v 0.522898 -0.049622 -0.030545
v 0.527855 -0.055678 -0.024207
v 0.530187 -0.064799 -0.015548
v 0.538454 -0.151264 0.064146
v 0.568726 -0.147060 0.065566
v 0.560806 -0.064214 -0.010792
v 0.572567 -0.051633 -0.020151
v 0.584329 -0.042181 -0.026675
v 0.596101 -0.035854 -0.030371
v 0.607881 -0.032655 -0.031232
v 0.617912 -0.032603 -0.029548
v 0.625363 -0.035590 -0.025558
v 0.630241 -0.041615 -0.019263
v 0.632542 -0.050678 -0.010661
v 0.640800 -0.137052 0.068949
v 0.671072 -0.132849 0.070370
v 0.662476 -0.042933 -0.012505
v 0.660930 -0.034869 -0.020072
v 0.657950 -0.027977 -0.026824
v 0.653535 -0.022257 -0.032764
v 0.647685 -0.017710 -0.037890
v 0.640564 -0.014436 -0.042082
v 0.632340 -0.012533 -0.045224
v 0.623009 -0.012002 -0.047317
v 0.782315 -0.020649 -0.074437
v 0.767156 -0.023893 -0.074116
v 0.753644 -0.029186 -0.071658
v 0.741778 -0.036529 -0.067060
v 0.731556 -0.045920 -0.060324
v 0.723500 -0.056793 -0.051873
v 0.718131 -0.068574 -0.042135
v 0.715447 -0.081266 -0.031110
v 0.715446 -0.094866 -0.018799
v 0.718215 -0.108449 -0.006026
v 0.723756 -0.120282 0.005642
v 0.732068 -0.130369 0.016207
v 0.743150 -0.138710 0.025670
v 0.756378 -0.144921 0.033575
v 0.771114 -0.148624 0.039471
v 0.787364 -0.149814 0.043354
v 0.805125 -0.148497 0.045227
v 0.816464 -0.146490 0.045368
v 0.828820 -0.143476 0.044773
v 0.842187 -0.139457 0.043442
v 0.856567 -0.134432 0.041376
v 0.854857 -0.116544 0.024889
v 0.841961 -0.121720 0.027348
v 0.830048 -0.125790 0.028976
v 0.819122 -0.128759 0.029777
v 0.809179 -0.130622 0.029747
v 0.785913 -0.131068 0.026134
v 0.767750 -0.125235 0.017719
v 0.754691 -0.113124 0.004502
v 0.746733 -0.094735 -0.013517
v 0.851996 -0.080118 -0.008577
v 0.851497 -0.073263 -0.014869
v 0.849140 -0.059545 -0.027693
v 0.844878 -0.047789 -0.039070
v 0.838709 -0.037994 -0.049002
v 0.830638 -0.030159 -0.057487
v 0.820848 -0.024422 -0.064370
v 0.809531 -0.020924 -0.069489
v 0.796687 -0.019668 -0.072844
v 0.782081 -0.037854 -0.058903
v 0.797405 -0.037902 -0.056214
v 0.808818 -0.042843 -0.049772
v 0.816323 -0.052675 -0.039576
v 0.819920 -0.067402 -0.025625
v 0.746679 -0.077572 -0.029062
v 0.749150 -0.062003 -0.042729
v 0.755874 -0.050194 -0.052257
v 0.766851 -0.042145 -0.057648
v 0.780372 -0.010459 -0.063180
v 0.765213 -0.013704 -0.062860
v 0.751700 -0.018996 -0.060402
v 0.739835 -0.026339 -0.055803
v 0.729612 -0.035730 -0.049067
v 0.721557 -0.046603 -0.040616
v 0.716188 -0.058384 -0.030879
v 0.713504 -0.071076 -0.019853
v 0.713503 -0.084677 -0.007542
v 0.716272 -0.098259 0.005230
v 0.721813 -0.110093 0.016899
v 0.730125 -0.120180 0.027464
v 0.741207 -0.128521 0.036927
v 0.754435 -0.134731 0.044832
v 0.769171 -0.138434 0.050728
v 0.785421 -0.139625 0.054611
v 0.803182 -0.138308 0.056484
v 0.814521 -0.136300 0.056625
v 0.826877 -0.133287 0.056030
v 0.840244 -0.129268 0.054699
v 0.854624 -0.124242 0.052633
v 0.852914 -0.106354 0.036146
v 0.840018 -0.111530 0.038605
v 0.828104 -0.115601 0.040233
v 0.817179 -0.118569 0.041034
v 0.807236 -0.120432 0.041004
v 0.783970 -0.120878 0.037391
v 0.765806 -0.115046 0.028976
v 0.752747 -0.102934 0.015759
v 0.744790 -0.084545 -0.002261
v 0.850053 -0.069929 0.002680
v 0.849554 -0.063073 -0.003612
v 0.847197 -0.049356 -0.016436
v 0.842935 -0.037600 -0.027813
v 0.836766 -0.027804 -0.037745
v 0.828695 -0.019970 -0.046230
v 0.818905 -0.014232 -0.053113
v 0.807587 -0.010735 -0.058232
v 0.794744 -0.009478 -0.061587
v 0.780138 -0.027665 -0.047646
v 0.795462 -0.027713 -0.044957
v 0.806875 -0.032653 -0.038515
v 0.814380 -0.042486 -0.028320
v 0.817977 -0.057212 -0.014368
v 0.744736 -0.067382 -0.017805
v 0.747207 -0.051813 -0.031472
v 0.753931 -0.040005 -0.041000
v 0.764908 -0.031955 -0.046391
v 0.778429 -0.000270 -0.051923
v 0.763270 -0.003514 -0.051603
v 0.749757 -0.008807 -0.049145
v 0.737891 -0.016149 -0.044546
v 0.727669 -0.025541 -0.037810
v 0.719614 -0.036413 -0.029359
v 0.714244 -0.048195 -0.019622
v 0.711561 -0.060886 -0.008596
v 0.711560 -0.074487 0.003715
v 0.714328 -0.088070 0.016487
v 0.719870 -0.099903 0.028155
v 0.728182 -0.109990 0.038721
v 0.739264 -0.118331 0.048184
v 0.752492 -0.124542 0.056089
v 0.767228 -0.128245 0.061985
v 0.783478 -0.129435 0.065868
v 0.801239 -0.128118 0.067741
v 0.812578 -0.126111 0.067882
v 0.824934 -0.123097 0.067287
v 0.838301 -0.119078 0.065956
v 0.852681 -0.114053 0.063890
v 0.850970 -0.096165 0.047403
v 0.838075 -0.101341 0.049862
v 0.826161 -0.105411 0.051490
v 0.815236 -0.108380 0.052291
v 0.805292 -0.110243 0.052261
v 0.782027 -0.110689 0.048648
v 0.763863 -0.104856 0.040233
v 0.750804 -0.092745 0.027016
v 0.742847 -0.074356 0.008996
v 0.848110 -0.059739 0.013937
v 0.847611 -0.052884 0.007645
v 0.845254 -0.039166 -0.005179
v 0.840992 -0.027410 -0.016556
v 0.834822 -0.017614 -0.026488
v 0.826752 -0.009780 -0.034973
v 0.816961 -0.004042 -0.041856
v 0.805644 -0.000545 -0.046975
v 0.792800 0.000712 -0.050330
v 0.778195 -0.017475 -0.036389
v 0.793518 -0.017523 -0.033700
v 0.804931 -0.022464 -0.027258
v 0.812436 -0.032296 -0.017063
v 0.816034 -0.047023 -0.003111
v 0.742793 -0.057193 -0.006549
v 0.745264 -0.041623 -0.020215
v 0.751988 -0.029815 -0.029743
v 0.762965 -0.021766 -0.035134
v 0.776486 0.009920 -0.040666
v 0.761327 0.006675 -0.040346
v 0.747814 0.001383 -0.037888
v 0.735948 -0.005960 -0.033290
v 0.725726 -0.015351 -0.026553
v 0.717671 -0.026224 -0.018102
v 0.712301 -0.038005 -0.008365
v 0.709618 -0.050697 0.002661
v 0.709617 -0.064298 0.014972
v 0.712385 -0.077880 0.027744
v 0.717927 -0.089714 0.039412
v 0.726239 -0.099801 0.049978
v 0.737320 -0.108141 0.059441
v 0.750549 -0.114352 0.067346
v 0.765285 -0.118055 0.073242
v 0.781535 -0.119246 0.077125
v 0.799296 -0.117928 0.078998
v 0.810635 -0.115921 0.079139
v 0.822991 -0.112908 0.078544
v 0.836357 -0.108888 0.077213
v 0.850737 -0.103863 0.075147
v 0.849027 -0.085975 0.058659
v 0.836132 -0.091151 0.061119
v 0.824218 -0.095222 0.062746
v 0.813293 -0.098190 0.063548
v 0.803349 -0.100053 0.063518
v 0.780084 -0.100499 0.059905
v 0.761920 -0.094666 0.051490
v 0.748861 -0.082555 0.038273
v 0.740904 -0.064166 0.020253
v 0.846167 -0.049549 0.025193
v 0.845668 -0.042694 0.018902
v 0.843311 -0.028977 0.006078
v 0.839049 -0.017221 -0.005299
v 0.832879 -0.007425 -0.015231
v 0.824808 0.000410 -0.023716
v 0.815018 0.006147 -0.030599
v 0.803701 0.009644 -0.035719
v 0.790857 0.010901 -0.039073
v 0.776251 -0.007285 -0.025132
v 0.791575 -0.007334 -0.022444
v 0.802988 -0.012274 -0.016001
v 0.810493 -0.022106 -0.005806
v 0.814090 -0.036833 0.008146
v 0.740849 -0.047003 0.004708
v 0.743321 -0.031434 -0.008958
v 0.750045 -0.019625 -0.018486
v 0.761022 -0.011576 -0.023877
vt 0.999199 0.189312
vt 0.939193 0.169148
vt 0.957674 0.139355
vt 0.958001 0.145039
vt 0.946757 0.174672
vt 0.955837 0.209696
vt 0.955319 0.205719
vt 0.994729 0.188675
vt 0.952823 0.203398
vt 0.992957 0.185674
vt 0.954113 0.211563
vt 0.950738 0.177239
vt 0.959359 0.144152
vt 0.957978 0.136475
vt 0.937280 0.165424
vt 0.997025 0.181451
vt 0.938973 0.190217
vt 0.990695 0.183302
vt 0.940720 0.184127
vt 0.955063 0.179249
vt 0.960376 0.143078
vt 0.960413 0.132461
vt 0.977874 0.171480
vt 0.992053 0.174447
vt 0.942771 0.191835
vt 0.988123 0.181694
vt 0.943383 0.186589
vt 0.959531 0.180189
vt 0.961445 0.143248
vt 0.963489 0.139857
vt 0.974933 0.175038
vt 0.988203 0.175038
vt 0.947916 0.192787
vt 0.985783 0.180029
vt 0.945685 0.188439
vt 0.963976 0.181506
vt 0.962574 0.144403
vt 0.964398 0.142672
vt 0.971562 0.178631
vt 0.984629 0.175836
vt 0.337520 0.051250
vt 0.373998 0.057385
vt 0.377577 0.055805
vt 0.380843 0.054444
vt 0.383977 0.052694
vt 0.385808 0.051560
vt 0.387490 0.050618
vt 0.389089 0.049702
vt 0.390719 0.048763
vt 0.392438 0.047935
vt 0.394243 0.047068
vt 0.396239 0.046109
vt 0.398523 0.044993
vt 0.421074 0.022877
vt 0.426150 0.029681
vt 0.403100 0.050761
vt 0.400043 0.052662
vt 0.397340 0.054093
vt 0.394989 0.055208
vt 0.392971 0.056144
vt 0.391100 0.056896
vt 0.389206 0.057746
vt 0.387143 0.058485
vt 0.384905 0.059093
vt 0.379894 0.061113
vt 0.374957 0.061974
vt 0.336864 0.051076
vt 0.337128 0.050288
vt 0.338736 0.042744
vt 0.342685 0.044113
vt 0.346786 0.058189
vt 0.342881 0.062496
vt 0.350234 0.057883
vt 0.349266 0.062007
vt 0.344135 0.042368
vt 0.336844 0.040832
vt 0.351102 0.030998
vt 0.355990 0.030735
vt 0.359089 0.028086
vt 0.362065 0.025592
vt 0.364939 0.023096
vt 0.366162 0.022000
vt 0.367268 0.021029
vt 0.368320 0.020139
vt 0.369395 0.019268
vt 0.370634 0.018317
vt 0.372174 0.017206
vt 0.374088 0.015931
vt 0.376444 0.014512
vt 0.406793 0.003756
vt 0.418410 0.019389
vt 0.396776 0.041339
vt 0.394683 0.042529
vt 0.392770 0.043538
vt 0.390994 0.044462
vt 0.389278 0.045369
vt 0.387615 0.046283
vt 0.385977 0.047198
vt 0.384273 0.048155
vt 0.382427 0.049187
vt 0.379349 0.050810
vt 0.376183 0.052283
vt 0.372820 0.053726
vt 0.369201 0.054938
vt 0.353354 0.056405
vt 0.356599 0.058121
vt 0.345881 0.041135
vt 0.342681 0.038754
vt 0.353574 0.034111
vt 0.358491 0.032766
vt 0.362089 0.030517
vt 0.365211 0.028199
vt 0.368149 0.025906
vt 0.369373 0.024907
vt 0.370457 0.024019
vt 0.371462 0.023201
vt 0.372464 0.022397
vt 0.373589 0.021511
vt 0.374956 0.020464
vt 0.376621 0.019237
vt 0.378639 0.017833
vt 0.406871 0.007073
vt 0.415540 0.015878
vt 0.394734 0.037922
vt 0.392746 0.039120
vt 0.390941 0.040139
vt 0.389257 0.041088
vt 0.387606 0.042014
vt 0.385977 0.042917
vt 0.384354 0.043803
vt 0.382657 0.044712
vt 0.380813 0.045681
vt 0.377766 0.047235
vt 0.374597 0.048727
vt 0.371180 0.050116
vt 0.367503 0.051511
vt 0.356069 0.054323
vt 0.359550 0.052684
vt 0.348150 0.040259
vt 0.348701 0.037754
vt 0.354962 0.037764
vt 0.360483 0.036277
vt 0.364508 0.033905
vt 0.367886 0.031511
vt 0.371050 0.029286
vt 0.372327 0.028305
vt 0.373444 0.027423
vt 0.374463 0.026610
vt 0.375452 0.025809
vt 0.376532 0.024920
vt 0.377798 0.023860
vt 0.379284 0.022601
vt 0.381032 0.021129
vt 0.406455 0.009753
vt 0.412069 0.016211
vt 0.392292 0.034541
vt 0.390531 0.035784
vt 0.388875 0.036792
vt 0.387321 0.037775
vt 0.385767 0.038720
vt 0.384196 0.039610
vt 0.382608 0.040456
vt 0.380928 0.041304
vt 0.379096 0.042196
vt 0.376082 0.043686
vt 0.372860 0.045217
vt 0.369207 0.046652
vt 0.365003 0.048500
vt 0.358579 0.052196
vt 0.359877 0.051509
vt 0.349766 0.038931
vt 0.349729 0.037830
vt 0.359193 0.044171
vt 0.362151 0.040795
vt 0.366322 0.037913
vt 0.370019 0.035166
vt 0.373577 0.033056
vt 0.374990 0.031923
vt 0.376257 0.030979
vt 0.377419 0.030145
vt 0.378481 0.029266
vt 0.379611 0.028323
vt 0.380853 0.027189
vt 0.382212 0.025854
vt 0.383759 0.024333
vt 0.406129 0.012260
vt 0.408822 0.016176
vt 0.389491 0.031128
vt 0.388146 0.032432
vt 0.386692 0.033550
vt 0.385265 0.034582
vt 0.383823 0.035547
vt 0.382320 0.036390
vt 0.380787 0.037170
vt 0.379143 0.037946
vt 0.377297 0.038745
vt 0.374246 0.040206
vt 0.371175 0.041592
vt 0.367342 0.043123
vt 0.361607 0.045790
vt 0.171945 0.081754
vt 0.177598 0.074883
vt 0.192158 0.104153
vt 0.188930 0.104512
vt 0.194146 0.104812
vt 0.190173 0.106776
vt 0.170187 0.076143
vt 0.168258 0.083914
vt 0.196342 0.106244
vt 0.192228 0.108641
vt 0.164066 0.078494
vt 0.164709 0.086445
vt 0.198529 0.106646
vt 0.195856 0.111067
vt 0.159053 0.081417
vt 0.161580 0.089483
vt 0.200171 0.105897
vt 0.203271 0.114795
vt 0.155407 0.084465
vt 0.158621 0.093509
vt 0.221387 0.012130
vt 0.223398 0.017653
vt 0.217829 0.014784
vt 0.218858 0.012532
vt 0.215945 0.015552
vt 0.216788 0.010714
vt 0.226251 0.012952
vt 0.221481 0.009446
vt 0.213548 0.015210
vt 0.214723 0.009288
vt 0.226830 0.008048
vt 0.220519 0.006658
vt 0.211139 0.014340
vt 0.212316 0.007942
vt 0.226128 0.003704
vt 0.218946 0.003907
vt 0.208877 0.013557
vt 0.209221 0.006814
vt 0.225084 0.000037
vt 0.217166 0.001086
vt 0.023851 0.189912
vt 0.024636 0.191251
vt 0.025603 0.192650
vt 0.026725 0.194063
vt 0.027342 0.194930
vt 0.025798 0.198634
vt 0.023033 0.196587
vt 0.021257 0.194247
vt 0.019915 0.192027
vt 0.018848 0.190025
vt 0.018243 0.188408
vt 0.017564 0.186911
vt 0.016994 0.185490
vt 0.016474 0.184129
vt 0.015983 0.182847
vt 0.015487 0.181653
vt 0.014945 0.180491
vt 0.014335 0.179297
vt 0.013586 0.177572
vt 0.012641 0.175876
vt 0.011479 0.174040
vt 0.010111 0.172036
vt 0.008222 0.169538
vt 0.006695 0.167679
vt 0.005378 0.166213
vt 0.004210 0.165043
vt 0.003245 0.163954
vt 0.002430 0.162902
vt 0.001771 0.161737
vt 0.001258 0.160443
vt 0.000783 0.159058
vt 0.000354 0.157278
vt 0.000092 0.155571
vt 0.000000 0.153851
vt 0.000026 0.152038
vt 0.000087 0.150146
vt 0.000158 0.148182
vt 0.000224 0.146026
vt 0.000289 0.143463
vt 0.000479 0.141216
vt 0.000941 0.138519
vt 0.002060 0.135408
vt 0.004506 0.132310
vt 0.006561 0.136296
vt 0.005428 0.137926
vt 0.004855 0.140385
vt 0.004682 0.143013
vt 0.004775 0.145594
vt 0.004872 0.147028
vt 0.005063 0.148439
vt 0.005285 0.149807
vt 0.005540 0.151169
vt 0.005816 0.152486
vt 0.006119 0.153721
vt 0.006478 0.154928
vt 0.006910 0.156160
vt 0.007634 0.157917
vt 0.008570 0.159660
vt 0.009781 0.161555
vt 0.011228 0.163623
vt 0.013366 0.166734
vt 0.015231 0.169514
vt 0.016612 0.171720
vt 0.017692 0.173692
vt 0.018629 0.175731
vt 0.019208 0.177211
vt 0.019738 0.178598
vt 0.020217 0.179975
vt 0.020672 0.181426
vt 0.021138 0.182985
vt 0.021656 0.184673
vt 0.022301 0.186559
vt 0.023251 0.188672
vt 0.025011 0.185496
vt 0.025949 0.187560
vt 0.024298 0.183643
vt 0.023705 0.181958
vt 0.023163 0.180378
vt 0.022638 0.178884
vt 0.022108 0.177449
vt 0.021543 0.175989
vt 0.020910 0.174421
vt 0.019926 0.172230
vt 0.018840 0.170069
vt 0.017519 0.167662
vt 0.015827 0.164730
vt 0.014014 0.161622
vt 0.012849 0.159598
vt 0.011918 0.157856
vt 0.011185 0.156324
vt 0.010560 0.154837
vt 0.010168 0.153811
vt 0.009817 0.152812
vt 0.009486 0.151792
vt 0.009158 0.150698
vt 0.008844 0.149565
vt 0.008555 0.148427
vt 0.008287 0.147250
vt 0.008040 0.146007
vt 0.007714 0.143781
vt 0.007592 0.141411
vt 0.007830 0.138857
vt 0.008306 0.135763
vt 0.012971 0.127372
vt 0.016257 0.127520
vt 0.019314 0.128124
vt 0.021930 0.129080
vt 0.024128 0.130202
vt 0.026537 0.131774
vt 0.028603 0.133415
vt 0.030426 0.135108
vt 0.032085 0.136883
vt 0.033558 0.138689
vt 0.034833 0.140481
vt 0.035981 0.142339
vt 0.037046 0.144364
vt 0.037786 0.146011
vt 0.038402 0.147588
vt 0.038930 0.149136
vt 0.039396 0.150706
vt 0.039840 0.152431
vt 0.040283 0.154437
vt 0.040726 0.156752
vt 0.041184 0.159401
vt 0.041756 0.162749
vt 0.042182 0.165078
vt 0.042560 0.166995
vt 0.042895 0.168602
vt 0.043215 0.170093
vt 0.043439 0.171130
vt 0.043652 0.172116
vt 0.043865 0.173114
vt 0.044086 0.174185
vt 0.044312 0.175338
vt 0.044536 0.176570
vt 0.044753 0.177921
vt 0.044949 0.179421
vt 0.045114 0.181392
vt 0.045137 0.183705
vt 0.044898 0.186326
vt 0.029902 0.199188
vt 0.030186 0.194177
vt 0.029583 0.193111
vt 0.028417 0.191529
vt 0.027396 0.190082
vt 0.026583 0.188758
vt 0.027484 0.184119
vt 0.028386 0.186120
vt 0.026760 0.182335
vt 0.026133 0.180709
vt 0.025549 0.179175
vt 0.024990 0.177712
vt 0.024438 0.176292
vt 0.023861 0.174834
vt 0.023220 0.173258
vt 0.022270 0.171035
vt 0.021280 0.168804
vt 0.020132 0.166296
vt 0.018711 0.163260
vt 0.017234 0.160103
vt 0.016299 0.158077
vt 0.015536 0.156376
vt 0.014904 0.154920
vt 0.014326 0.153542
vt 0.013944 0.152608
vt 0.013583 0.151708
vt 0.013226 0.150798
vt 0.012854 0.149830
vt 0.012479 0.148834
vt 0.012114 0.147838
vt 0.011749 0.146810
vt 0.011382 0.145724
vt 0.010793 0.143755
vt 0.010298 0.141571
vt 0.010008 0.139003
vt 0.010125 0.135804
vt 0.012065 0.130504
vt 0.015853 0.130200
vt 0.018757 0.130860
vt 0.021060 0.131860
vt 0.022944 0.132961
vt 0.025004 0.134438
vt 0.026787 0.135933
vt 0.028379 0.137454
vt 0.029846 0.139038
vt 0.031161 0.140648
vt 0.032307 0.142250
vt 0.033340 0.143921
vt 0.034300 0.145750
vt 0.034966 0.147244
vt 0.035519 0.148680
vt 0.035990 0.150099
vt 0.036402 0.151546
vt 0.036791 0.153147
vt 0.037179 0.155020
vt 0.037575 0.157204
vt 0.038002 0.159735
vt 0.038560 0.162988
vt 0.038995 0.165279
vt 0.039390 0.167177
vt 0.039747 0.168773
vt 0.040095 0.170255
vt 0.040342 0.171282
vt 0.040578 0.172259
vt 0.040815 0.173242
vt 0.041066 0.174292
vt 0.041327 0.175416
vt 0.041592 0.176611
vt 0.041857 0.177913
vt 0.042110 0.179356
vt 0.042348 0.181257
vt 0.042429 0.183525
vt 0.042117 0.186211
vt 0.040979 0.189370
vt 0.033573 0.192808
vt 0.032391 0.191774
vt 0.030872 0.190142
vt 0.029793 0.188642
vt 0.028997 0.187303
vt 0.029830 0.182463
vt 0.030615 0.184334
vt 0.029138 0.180804
vt 0.028508 0.179290
vt 0.027910 0.177855
vt 0.027340 0.176478
vt 0.026790 0.175132
vt 0.026227 0.173740
vt 0.025620 0.172229
vt 0.024751 0.170076
vt 0.023910 0.167881
vt 0.022990 0.165381
vt 0.021877 0.162304
vt 0.020711 0.159047
vt 0.019960 0.156927
vt 0.019309 0.155148
vt 0.018725 0.153636
vt 0.018150 0.152226
vt 0.017746 0.151280
vt 0.017352 0.150381
vt 0.016946 0.149484
vt 0.016509 0.148547
vt 0.016055 0.147597
vt 0.015597 0.146665
vt 0.015124 0.145723
vt 0.014624 0.144751
vt 0.013753 0.143015
vt 0.012869 0.141138
vt 0.012031 0.138948
vt 0.011553 0.136152
vt 0.013727 0.132594
vt 0.016314 0.132726
vt 0.018480 0.133615
vt 0.020252 0.134694
vt 0.021737 0.135780
vt 0.023413 0.137170
vt 0.024909 0.138519
vt 0.026273 0.139863
vt 0.027554 0.141245
vt 0.028718 0.142645
vt 0.029740 0.144043
vt 0.030662 0.145510
vt 0.031519 0.147128
vt 0.032109 0.148457
vt 0.032603 0.149740
vt 0.033015 0.151019
vt 0.033362 0.152336
vt 0.033682 0.153800
vt 0.033995 0.155530
vt 0.034333 0.157569
vt 0.034725 0.159976
vt 0.035273 0.163134
vt 0.035722 0.165408
vt 0.036146 0.167320
vt 0.036542 0.168940
vt 0.036941 0.170444
vt 0.037227 0.171489
vt 0.037497 0.172480
vt 0.037769 0.173469
vt 0.038059 0.174515
vt 0.038366 0.175619
vt 0.038685 0.176775
vt 0.039017 0.178012
vt 0.039362 0.179351
vt 0.039745 0.181088
vt 0.040052 0.183113
vt 0.040074 0.185461
vt 0.039323 0.187982
vt 0.034770 0.189795
vt 0.033744 0.189296
vt 0.032540 0.187994
vt 0.031718 0.186656
vt 0.031106 0.185428
vt 0.032178 0.180594
vt 0.032855 0.182361
vt 0.031514 0.179084
vt 0.030889 0.177711
vt 0.030297 0.176417
vt 0.029741 0.175179
vt 0.029217 0.173965
vt 0.028685 0.172707
vt 0.028144 0.171307
vt 0.027401 0.169327
vt 0.026740 0.167319
vt 0.026061 0.164972
vt 0.025237 0.161944
vt 0.024322 0.158541
vt 0.023751 0.156240
vt 0.023176 0.154228
vt 0.022593 0.152486
vt 0.021948 0.150867
vt 0.021495 0.149784
vt 0.021029 0.148770
vt 0.020524 0.147784
vt 0.019969 0.146777
vt 0.019392 0.145777
vt 0.018809 0.144818
vt 0.018202 0.143873
vt 0.017543 0.143013
vt 0.016403 0.141445
vt 0.015239 0.139930
vt 0.014060 0.138374
vt 0.013107 0.136357
vt 0.014958 0.134746
vt 0.016558 0.135483
vt 0.017952 0.136519
vt 0.019196 0.137617
vt 0.020311 0.138649
vt 0.021667 0.139986
vt 0.022909 0.141191
vt 0.024072 0.142363
vt 0.025182 0.143544
vt 0.026206 0.144715
vt 0.027100 0.145881
vt 0.027896 0.147115
vt 0.028643 0.148480
vt 0.029152 0.149619
vt 0.029628 0.150713
vt 0.029985 0.151821
vt 0.030232 0.152982
vt 0.030474 0.154277
vt 0.030675 0.155834
vt 0.030961 0.157709
vt 0.031342 0.159993
vt 0.031893 0.163047
vt 0.032376 0.165339
vt 0.032840 0.167342
vt 0.033295 0.169088
vt 0.033817 0.170714
vt 0.034183 0.171832
vt 0.034470 0.172919
vt 0.034781 0.173987
vt 0.035121 0.175089
vt 0.035476 0.176226
vt 0.035838 0.177386
vt 0.036202 0.178600
vt 0.036637 0.179788
vt 0.037106 0.181328
vt 0.037594 0.182975
vt 0.037974 0.184708
vt 0.037909 0.186712
vt 0.035172 0.187298
vt 0.034742 0.186731
vt 0.034122 0.185566
vt 0.033654 0.184413
vt 0.033243 0.183332
vt 0.313572 0.055569
vt 0.316006 0.056762
vt 0.318234 0.057921
vt 0.320353 0.059336
vt 0.320417 0.062409
vt 0.317065 0.062276
vt 0.313852 0.061273
vt 0.311115 0.059990
vt 0.308689 0.058760
vt 0.305551 0.057030
vt 0.302354 0.055452
vt 0.299234 0.053852
vt 0.296026 0.052188
vt 0.292684 0.050397
vt 0.289173 0.048429
vt 0.285409 0.046195
vt 0.281331 0.043602
vt 0.277379 0.040911
vt 0.273843 0.038409
vt 0.270596 0.036103
vt 0.267580 0.033751
vt 0.264639 0.031497
vt 0.261713 0.029309
vt 0.258659 0.027109
vt 0.255349 0.024822
vt 0.253885 0.023905
vt 0.252331 0.022955
vt 0.250657 0.021976
vt 0.248823 0.021055
vt 0.235487 0.019313
vt 0.234265 0.017392
vt 0.247501 0.014079
vt 0.250061 0.015602
vt 0.252891 0.017352
vt 0.255635 0.018985
vt 0.258161 0.020508
vt 0.262121 0.022806
vt 0.265612 0.024772
vt 0.268780 0.026572
vt 0.271808 0.028364
vt 0.274851 0.030221
vt 0.277964 0.032392
vt 0.281397 0.034778
vt 0.285294 0.037436
vt 0.289190 0.040001
vt 0.292678 0.042265
vt 0.295837 0.044334
vt 0.298809 0.046320
vt 0.301693 0.048271
vt 0.304596 0.050234
vt 0.307668 0.052277
vt 0.311210 0.054304
vt 0.309632 0.049582
vt 0.313115 0.051692
vt 0.306480 0.047560
vt 0.303503 0.045607
vt 0.300549 0.043649
vt 0.297526 0.041640
vt 0.294349 0.039533
vt 0.290882 0.037234
vt 0.287029 0.034658
vt 0.283131 0.032025
vt 0.279641 0.029670
vt 0.276422 0.027535
vt 0.273301 0.025595
vt 0.270178 0.023724
vt 0.266924 0.021826
vt 0.263356 0.019770
vt 0.259291 0.017428
vt 0.256681 0.015925
vt 0.253775 0.014285
vt 0.250504 0.012547
vt 0.246621 0.011205
vt 0.231266 0.017386
vt 0.235065 0.020249
vt 0.247805 0.024133
vt 0.249432 0.025031
vt 0.250962 0.025965
vt 0.252414 0.026895
vt 0.253801 0.027808
vt 0.256969 0.030006
vt 0.259923 0.032131
vt 0.262777 0.034243
vt 0.265675 0.036426
vt 0.268705 0.038706
vt 0.271958 0.041052
vt 0.275548 0.043577
vt 0.279603 0.046314
vt 0.283795 0.048978
vt 0.287647 0.051280
vt 0.291217 0.053304
vt 0.294598 0.055141
vt 0.297839 0.056841
vt 0.301013 0.058463
vt 0.304269 0.060080
vt 0.307728 0.061756
vt 0.310470 0.062925
vt 0.313823 0.064034
vt 0.317930 0.064605
vt 0.322484 0.063161
vt 0.322280 0.058643
vt 0.320126 0.056293
vt 0.317802 0.054573
vt 0.315447 0.053095
vt 0.311638 0.046977
vt 0.315189 0.049226
vt 0.308385 0.044934
vt 0.305328 0.042982
vt 0.302316 0.041019
vt 0.299258 0.038989
vt 0.296069 0.036840
vt 0.292609 0.034490
vt 0.288754 0.031880
vt 0.284817 0.029253
vt 0.281253 0.026927
vt 0.277947 0.024821
vt 0.274762 0.022840
vt 0.271575 0.020910
vt 0.268254 0.018931
vt 0.264600 0.016792
vt 0.260393 0.014406
vt 0.257644 0.012913
vt 0.254500 0.011306
vt 0.250761 0.009661
vt 0.229451 0.039065
vt 0.227930 0.018226
vt 0.234777 0.021013
vt 0.246278 0.026914
vt 0.247783 0.027856
vt 0.249216 0.028782
vt 0.250593 0.029692
vt 0.251924 0.030586
vt 0.255022 0.032718
vt 0.257941 0.034792
vt 0.260782 0.036864
vt 0.263687 0.039014
vt 0.266746 0.041271
vt 0.270037 0.043640
vt 0.273697 0.046198
vt 0.277851 0.048986
vt 0.282152 0.051719
vt 0.286098 0.054092
vt 0.289750 0.056184
vt 0.293212 0.058081
vt 0.296547 0.059834
vt 0.299847 0.061501
vt 0.303300 0.063150
vt 0.307107 0.064785
vt 0.310215 0.065857
vt 0.314129 0.066714
vt 0.319030 0.066677
vt 0.324896 0.063956
vt 0.324068 0.057929
vt 0.322087 0.054911
vt 0.319863 0.052661
vt 0.317547 0.050833
vt 0.313665 0.044445
vt 0.317362 0.046884
vt 0.310291 0.042354
vt 0.307157 0.040394
vt 0.304100 0.038427
vt 0.301022 0.036378
vt 0.297828 0.034187
vt 0.294361 0.031776
vt 0.290473 0.029111
vt 0.286464 0.026473
vt 0.282815 0.024170
vt 0.279428 0.022100
vt 0.276200 0.020095
vt 0.272975 0.018126
vt 0.269606 0.016084
vt 0.265870 0.013874
vt 0.261510 0.011452
vt 0.258618 0.009984
vt 0.255298 0.008451
vt 0.251416 0.006971
vt 0.232435 0.038492
vt 0.229286 0.021389
vt 0.234886 0.022180
vt 0.244188 0.029465
vt 0.245633 0.030384
vt 0.247031 0.031283
vt 0.248385 0.032174
vt 0.249707 0.033054
vt 0.252826 0.035161
vt 0.255777 0.037231
vt 0.258652 0.039307
vt 0.261599 0.041466
vt 0.264710 0.043739
vt 0.268066 0.046147
vt 0.271809 0.048755
vt 0.276068 0.051604
vt 0.280481 0.054410
vt 0.284532 0.056857
vt 0.288288 0.059019
vt 0.291861 0.060985
vt 0.295327 0.062798
vt 0.298791 0.064517
vt 0.302481 0.066201
vt 0.306639 0.067819
vt 0.310091 0.068814
vt 0.314437 0.069470
vt 0.319642 0.069114
vt 0.328724 0.061512
vt 0.326025 0.056634
vt 0.324152 0.053445
vt 0.322089 0.050871
vt 0.319795 0.048717
vt 0.315658 0.041944
vt 0.319562 0.044624
vt 0.312155 0.039798
vt 0.308963 0.037828
vt 0.305889 0.035865
vt 0.302815 0.033810
vt 0.299628 0.031584
vt 0.296146 0.029105
vt 0.292190 0.026362
vt 0.288068 0.023688
vt 0.284320 0.021397
vt 0.280848 0.019388
vt 0.277635 0.017357
vt 0.274399 0.015374
vt 0.271007 0.013292
vt 0.267197 0.011020
vt 0.262687 0.008556
vt 0.259655 0.007122
vt 0.256238 0.005639
vt 0.252334 0.004251
vt 0.235891 0.038173
vt 0.231147 0.023047
vt 0.234973 0.023709
vt 0.255635 0.000033
vt 0.257652 0.000960
vt 0.259670 0.001825
vt 0.261615 0.002720
vt 0.263456 0.003602
vt 0.267806 0.005505
vt 0.271840 0.007372
vt 0.275707 0.009164
vt 0.279589 0.010947
vt 0.283567 0.012772
vt 0.287446 0.015029
vt 0.291567 0.017474
vt 0.295934 0.020278
vt 0.300130 0.023283
vt 0.303783 0.026114
vt 0.307075 0.028765
vt 0.310171 0.031285
vt 0.313165 0.033703
vt 0.316163 0.036066
vt 0.319279 0.038565
vt 0.322845 0.040996
vt 0.325719 0.043268
vt 0.329036 0.046450
vt 0.331742 0.051447
vt 0.331597 0.058335
vt 0.327758 0.054941
vt 0.326532 0.051981
vt 0.324499 0.049213
vt 0.322157 0.046707
vt 0.789070 0.048415
vt 0.788432 0.046534
vt 0.787748 0.044919
vt 0.787342 0.043439
vt 0.786885 0.041959
vt 0.786630 0.040407
vt 0.786546 0.038694
vt 0.786333 0.036684
vt 0.785083 0.021559
vt 0.784637 0.019329
vt 0.784048 0.017943
vt 0.783256 0.016999
vt 0.782306 0.016187
vt 0.782154 0.016082
vt 0.781980 0.015955
vt 0.781774 0.015781
vt 0.781556 0.015574
vt 0.782053 0.013518
vt 0.782674 0.013306
vt 0.783321 0.013124
vt 0.783991 0.012888
vt 0.784746 0.012718
vt 0.786062 0.012684
vt 0.787338 0.012904
vt 0.788660 0.013594
vt 0.790177 0.014965
vt 0.794784 0.011436
vt 0.799006 0.009777
vt 0.802709 0.009302
vt 0.805954 0.009606
vt 0.808292 0.010284
vt 0.810315 0.011230
vt 0.812076 0.012446
vt 0.813616 0.013943
vt 0.814880 0.015641
vt 0.815749 0.017494
vt 0.816287 0.019495
vt 0.816504 0.021682
vt 0.816225 0.024693
vt 0.815431 0.027416
vt 0.813946 0.029868
vt 0.811769 0.032136
vt 0.808766 0.034259
vt 0.804695 0.035840
vt 0.799518 0.036196
vt 0.794049 0.034782
vt 0.792515 0.034306
vt 0.792811 0.038346
vt 0.792928 0.041410
vt 0.793203 0.044152
vt 0.793819 0.047103
vt 0.794568 0.050711
vt 0.795120 0.053871
vt 0.795527 0.057067
vt 0.795942 0.060204
vt 0.777647 0.068384
vt 0.791325 0.062645
vt 0.791176 0.059263
vt 0.790952 0.056127
vt 0.790530 0.053264
vt 0.789914 0.050680
vt 0.798413 0.032762
vt 0.801586 0.032860
vt 0.804384 0.032119
vt 0.806714 0.030756
vt 0.808480 0.029030
vt 0.809662 0.027102
vt 0.810308 0.025037
vt 0.810479 0.022819
vt 0.810268 0.021256
vt 0.809842 0.019807
vt 0.809179 0.018457
vt 0.808285 0.017171
vt 0.807186 0.016040
vt 0.805950 0.015129
vt 0.804567 0.014424
vt 0.803016 0.013925
vt 0.800112 0.013656
vt 0.797026 0.014225
vt 0.793912 0.015855
vt 0.791319 0.018876
vt 0.792196 0.029780
vt 0.794917 0.031644
vt 0.787597 0.053741
vt 0.787004 0.051234
vt 0.787994 0.056532
vt 0.788087 0.059660
vt 0.783177 0.066935
vt 0.777919 0.066321
vt 0.774736 0.066090
vt 0.771840 0.064571
vt 0.769487 0.062539
vt 0.767588 0.060352
vt 0.765742 0.057812
vt 0.764351 0.055758
vt 0.763015 0.053827
vt 0.761366 0.051680
vt 0.758478 0.048814
vt 0.757328 0.047990
vt 0.753591 0.045993
vt 0.749993 0.044098
vt 0.746808 0.042024
vt 0.744136 0.039717
vt 0.742007 0.037220
vt 0.740387 0.034546
vt 0.739223 0.031590
vt 0.738574 0.028206
vt 0.738533 0.025653
vt 0.738845 0.023246
vt 0.739479 0.020934
vt 0.740457 0.018663
vt 0.741749 0.016534
vt 0.743285 0.014630
vt 0.745089 0.012906
vt 0.747199 0.011347
vt 0.750104 0.009759
vt 0.753326 0.008522
vt 0.756849 0.007564
vt 0.791159 0.010629
vt 0.788923 0.010179
vt 0.787110 0.009956
vt 0.785483 0.009987
vt 0.783806 0.010299
vt 0.782823 0.010645
vt 0.781935 0.011091
vt 0.781123 0.011648
vt 0.780418 0.012373
vt 0.779657 0.015365
vt 0.779720 0.015707
vt 0.779796 0.015994
vt 0.779876 0.016232
vt 0.779953 0.016424
vt 0.780381 0.017590
vt 0.780767 0.018686
vt 0.781159 0.020089
vt 0.781499 0.022037
vt 0.783038 0.036727
vt 0.783386 0.038767
vt 0.783724 0.040581
vt 0.784127 0.042231
vt 0.784574 0.043775
vt 0.785064 0.045349
vt 0.785643 0.047044
vt 0.786291 0.048983
vt 0.793824 0.028665
vt 0.795707 0.030040
vt 0.793332 0.019332
vt 0.795390 0.017207
vt 0.797823 0.016001
vt 0.800270 0.015581
vt 0.802587 0.015812
vt 0.803818 0.016213
vt 0.804920 0.016773
vt 0.805917 0.017490
vt 0.806817 0.018387
vt 0.807555 0.019421
vt 0.808087 0.020521
vt 0.808427 0.021699
vt 0.808568 0.022971
vt 0.808383 0.024755
vt 0.807805 0.026381
vt 0.806828 0.027904
vt 0.805378 0.029299
vt 0.803456 0.030391
vt 0.801146 0.030980
vt 0.798504 0.030922
vt 0.784693 0.053912
vt 0.784102 0.051531
vt 0.785125 0.056567
vt 0.785128 0.059650
vt 0.784026 0.063288
vt 0.778278 0.064317
vt 0.775110 0.063533
vt 0.772700 0.061869
vt 0.770845 0.059851
vt 0.769315 0.057728
vt 0.767738 0.055244
vt 0.766474 0.053198
vt 0.765199 0.051237
vt 0.763570 0.049013
vt 0.760680 0.046010
vt 0.759489 0.045238
vt 0.755585 0.043496
vt 0.751959 0.041833
vt 0.748866 0.039999
vt 0.746341 0.037964
vt 0.744363 0.035774
vt 0.742878 0.033433
vt 0.741830 0.030852
vt 0.741257 0.027911
vt 0.741224 0.025703
vt 0.741505 0.023626
vt 0.742077 0.021634
vt 0.742961 0.019682
vt 0.744130 0.017860
vt 0.745525 0.016239
vt 0.747168 0.014782
vt 0.749104 0.013478
vt 0.751802 0.012178
vt 0.754852 0.011217
vt 0.758279 0.010540
vt 0.790403 0.006569
vt 0.788011 0.006824
vt 0.786000 0.007071
vt 0.784163 0.007470
vt 0.782258 0.008174
vt 0.781148 0.008781
vt 0.780160 0.009503
vt 0.779302 0.010347
vt 0.778594 0.011314
vt 0.777580 0.014708
vt 0.777524 0.015093
vt 0.777490 0.015425
vt 0.777472 0.015704
vt 0.777465 0.015933
vt 0.777462 0.017345
vt 0.777534 0.018656
vt 0.777680 0.020247
vt 0.777920 0.022347
vt 0.779749 0.037152
vt 0.780296 0.039193
vt 0.780835 0.041000
vt 0.781353 0.042644
vt 0.781845 0.044196
vt 0.782339 0.045762
vt 0.782872 0.047454
vt 0.783462 0.049351
vt 0.795130 0.027548
vt 0.796591 0.028602
vt 0.795127 0.020008
vt 0.796745 0.018478
vt 0.798600 0.017619
vt 0.800468 0.017321
vt 0.802254 0.017493
vt 0.803214 0.017792
vt 0.804086 0.018213
vt 0.804886 0.018759
vt 0.805617 0.019452
vt 0.806220 0.020265
vt 0.806644 0.021148
vt 0.806891 0.022099
vt 0.806950 0.023116
vt 0.806725 0.024523
vt 0.806200 0.025790
vt 0.805375 0.026962
vt 0.804192 0.028026
vt 0.802654 0.028852
vt 0.800827 0.029303
vt 0.798761 0.029264
vt 0.781767 0.053850
vt 0.781148 0.051702
vt 0.782365 0.056169
vt 0.782729 0.058743
vt 0.782215 0.061349
vt 0.778018 0.062518
vt 0.775514 0.061285
vt 0.773850 0.059429
vt 0.772518 0.057416
vt 0.771316 0.055325
vt 0.769956 0.052826
vt 0.768782 0.050708
vt 0.767533 0.048637
vt 0.765915 0.046220
vt 0.763109 0.042818
vt 0.761791 0.042215
vt 0.757522 0.040962
vt 0.753821 0.039614
vt 0.750816 0.038048
vt 0.748440 0.036294
vt 0.746601 0.034417
vt 0.745237 0.032404
vt 0.744304 0.030177
vt 0.743802 0.027656
vt 0.743771 0.025772
vt 0.744017 0.024003
vt 0.744526 0.022311
vt 0.745325 0.020662
vt 0.746380 0.019135
vt 0.747640 0.017788
vt 0.749131 0.016591
vt 0.750901 0.015542
vt 0.753402 0.014542
vt 0.756302 0.013897
vt 0.759684 0.013631
vt 0.788963 0.003098
vt 0.786555 0.003757
vt 0.784433 0.004345
vt 0.782443 0.005071
vt 0.780350 0.006159
vt 0.779127 0.007024
vt 0.778044 0.008000
vt 0.777117 0.009078
vt 0.776375 0.010246
vt 0.775397 0.013954
vt 0.775268 0.014371
vt 0.775155 0.014724
vt 0.775061 0.015019
vt 0.774988 0.015261
vt 0.774590 0.016787
vt 0.774357 0.018262
vt 0.774271 0.020109
vt 0.774384 0.022556
vt 0.776504 0.037943
vt 0.777259 0.039926
vt 0.777993 0.041662
vt 0.778616 0.043251
vt 0.779123 0.044757
vt 0.779598 0.046254
vt 0.780061 0.047880
vt 0.780577 0.049666
vt 0.763669 0.032326
vt 0.762358 0.032649
vt 0.763243 0.024354
vt 0.761640 0.023180
vt 0.760035 0.022629
vt 0.758487 0.022550
vt 0.757024 0.022836
vt 0.756238 0.023150
vt 0.755528 0.023563
vt 0.754897 0.024071
vt 0.754345 0.024679
vt 0.753910 0.025346
vt 0.753627 0.026032
vt 0.753494 0.026764
vt 0.753510 0.027547
vt 0.753768 0.028641
vt 0.754293 0.029625
vt 0.755085 0.030516
vt 0.756156 0.031323
vt 0.757468 0.031991
vt 0.758949 0.032451
vt 0.760589 0.032675
vt 0.778725 0.053833
vt 0.778052 0.051892
vt 0.779470 0.055806
vt 0.780135 0.057810
vt 0.780368 0.059902
vt 0.777506 0.060738
vt 0.776610 0.059162
vt 0.775757 0.057464
vt 0.774810 0.055576
vt 0.773806 0.053508
vt 0.772536 0.050891
vt 0.771353 0.048546
vt 0.770014 0.046231
vt 0.768363 0.043446
vt 0.765980 0.038854
vt 0.763909 0.038882
vt 0.759048 0.038368
vt 0.755338 0.037334
vt 0.752513 0.036018
vt 0.750364 0.034532
vt 0.748707 0.032987
vt 0.747498 0.031329
vt 0.746741 0.029479
vt 0.746330 0.027392
vt 0.746292 0.025845
vt 0.746490 0.024399
vt 0.746917 0.023022
vt 0.747629 0.021701
vt 0.748545 0.020478
vt 0.749637 0.019410
vt 0.750934 0.018479
vt 0.752482 0.017673
vt 0.754714 0.016950
vt 0.757384 0.016602
vt 0.760697 0.016812
vt 0.765049 0.017956
vt 0.765277 0.015701
vt 0.765946 0.013923
vt 0.767082 0.012588
vt 0.768673 0.011543
vt 0.769767 0.011036
vt 0.770874 0.010545
vt 0.772095 0.010055
vt 0.773473 0.009578
vt 0.773246 0.013454
vt 0.773019 0.013669
vt 0.772815 0.013876
vt 0.772644 0.014090
vt 0.772500 0.014276
vt 0.771677 0.015789
vt 0.771184 0.017547
vt 0.770909 0.019837
vt 0.770920 0.022887
vt 0.773326 0.039152
vt 0.774372 0.041086
vt 0.775300 0.042670
vt 0.775960 0.044113
vt 0.776385 0.045519
vt 0.776849 0.046880
vt 0.777141 0.048380
vt 0.777609 0.050024
vt 0.765588 0.033924
vt 0.763441 0.035096
vt 0.764752 0.022690
vt 0.762592 0.020744
vt 0.760128 0.020148
vt 0.757891 0.020258
vt 0.755913 0.020848
vt 0.754890 0.021365
vt 0.753995 0.021990
vt 0.753212 0.022733
vt 0.752533 0.023612
vt 0.752004 0.024582
vt 0.751635 0.025583
vt 0.751453 0.026637
vt 0.751461 0.027754
vt 0.751790 0.029291
vt 0.752401 0.030687
vt 0.753353 0.031980
vt 0.754690 0.033155
vt 0.756364 0.034165
vt 0.758343 0.034913
vt 0.760660 0.035259
vt 0.210521 0.053023
vt 0.211875 0.053973
vt 0.213227 0.054812
vt 0.214422 0.055757
vt 0.215498 0.056834
vt 0.216700 0.057921
vt 0.217854 0.059184
vt 0.219031 0.060666
vt 0.236707 0.076864
vt 0.232897 0.079354
vt 0.213506 0.065571
vt 0.211197 0.063048
vt 0.209244 0.060974
vt 0.207331 0.059135
vt 0.205021 0.057187
vt 0.202300 0.054937
vt 0.199319 0.052541
vt 0.195931 0.050297
vt 0.192511 0.049566
vt 0.186007 0.051871
vt 0.185909 0.047577
vt 0.185105 0.044633
vt 0.184647 0.042577
vt 0.183436 0.040578
vt 0.181820 0.038749
vt 0.179625 0.036806
vt 0.177010 0.034735
vt 0.174010 0.032567
vt 0.170408 0.030202
vt 0.166090 0.027375
vt 0.150595 0.011502
vt 0.153359 0.012296
vt 0.173409 0.023681
vt 0.175441 0.023819
vt 0.172475 0.027194
vt 0.176955 0.028551
vt 0.180162 0.030085
vt 0.182993 0.031695
vt 0.185818 0.033501
vt 0.188444 0.035370
vt 0.190810 0.037442
vt 0.192918 0.040228
vt 0.195439 0.044435
vt 0.200362 0.046701
vt 0.203611 0.048597
vt 0.206309 0.050352
vt 0.208881 0.052074
vt 0.208105 0.047040
vt 0.210755 0.048997
vt 0.205375 0.045052
vt 0.202223 0.042919
vt 0.198616 0.040383
vt 0.195894 0.037373
vt 0.193447 0.034891
vt 0.190952 0.032780
vt 0.188218 0.030737
vt 0.185327 0.028750
vt 0.182553 0.027014
vt 0.179708 0.025489
vt 0.177219 0.024296
vt 0.177272 0.021904
vt 0.174426 0.021005
vt 0.152696 0.010143
vt 0.148474 0.009744
vt 0.163254 0.029358
vt 0.167479 0.032578
vt 0.170955 0.035136
vt 0.173705 0.037296
vt 0.175945 0.039199
vt 0.177687 0.040838
vt 0.178968 0.042245
vt 0.180048 0.043718
vt 0.180932 0.045380
vt 0.183932 0.049312
vt 0.186243 0.053977
vt 0.191962 0.053776
vt 0.194875 0.054993
vt 0.197789 0.056883
vt 0.200473 0.058909
vt 0.202943 0.060893
vt 0.204994 0.062646
vt 0.206749 0.064269
vt 0.208638 0.066132
vt 0.210992 0.068508
vt 0.233506 0.081787
vt 0.239527 0.076963
vt 0.221923 0.058467
vt 0.220466 0.056997
vt 0.219113 0.055694
vt 0.217823 0.054519
vt 0.216542 0.053396
vt 0.215220 0.052331
vt 0.213856 0.051291
vt 0.212385 0.050192
vt 0.210247 0.044020
vt 0.212854 0.046200
vt 0.207611 0.041795
vt 0.204737 0.039339
vt 0.201508 0.036525
vt 0.198577 0.034078
vt 0.195873 0.031958
vt 0.193231 0.029955
vt 0.190429 0.027836
vt 0.187544 0.025671
vt 0.184864 0.023705
vt 0.182299 0.021883
vt 0.180144 0.020359
vt 0.178686 0.019515
vt 0.175354 0.018487
vt 0.152554 0.008199
vt 0.145046 0.005490
vt 0.160371 0.031470
vt 0.164705 0.034935
vt 0.167947 0.037666
vt 0.170453 0.039899
vt 0.172452 0.041814
vt 0.173997 0.043428
vt 0.175183 0.044777
vt 0.176315 0.046141
vt 0.177548 0.047581
vt 0.182683 0.051388
vt 0.185545 0.056195
vt 0.189825 0.057493
vt 0.192756 0.059020
vt 0.195676 0.060816
vt 0.198318 0.062672
vt 0.200714 0.064511
vt 0.202711 0.066156
vt 0.204459 0.067677
vt 0.206402 0.069420
vt 0.208900 0.071652
vt 0.234296 0.084392
vt 0.242961 0.077468
vt 0.224483 0.056182
vt 0.222899 0.054700
vt 0.221424 0.053398
vt 0.220024 0.052211
vt 0.218652 0.051066
vt 0.217290 0.049933
vt 0.215914 0.048783
vt 0.214457 0.047558
vt 0.212710 0.041291
vt 0.215188 0.043629
vt 0.210201 0.038862
vt 0.207521 0.036016
vt 0.204400 0.032669
vt 0.201056 0.030633
vt 0.198016 0.028849
vt 0.195241 0.026990
vt 0.192432 0.024818
vt 0.189581 0.022474
vt 0.186880 0.020201
vt 0.184143 0.017860
vt 0.181421 0.015569
vt 0.179336 0.016983
vt 0.176422 0.016074
vt 0.153550 0.006759
vt 0.150859 0.004501
vt 0.158478 0.034041
vt 0.162085 0.037442
vt 0.165052 0.040248
vt 0.167409 0.042596
vt 0.169332 0.044657
vt 0.170883 0.046450
vt 0.172164 0.047998
vt 0.173532 0.049567
vt 0.175319 0.050824
vt 0.182018 0.053530
vt 0.184207 0.058371
vt 0.186336 0.060293
vt 0.189881 0.062302
vt 0.193163 0.064245
vt 0.195954 0.066114
vt 0.198420 0.067933
vt 0.200473 0.069552
vt 0.202295 0.071044
vt 0.204361 0.072747
vt 0.207065 0.074911
vt 0.234529 0.087445
vt 0.245773 0.074795
vt 0.226899 0.053658
vt 0.225206 0.052260
vt 0.223621 0.051018
vt 0.222151 0.049884
vt 0.220741 0.048761
vt 0.219394 0.047603
vt 0.218080 0.046387
vt 0.216701 0.045092
vt 0.215504 0.038889
vt 0.217829 0.041278
vt 0.213090 0.036402
vt 0.210617 0.033188
vt 0.207541 0.028552
vt 0.202919 0.027150
vt 0.199676 0.025661
vt 0.196919 0.023975
vt 0.194316 0.021745
vt 0.191524 0.019288
vt 0.188713 0.016760
vt 0.185482 0.013853
vt 0.181110 0.009833
vt 0.178790 0.015042
vt 0.177892 0.013716
vt 0.155428 0.005614
vt 0.153946 0.004407
vt 0.176501 0.007697
vt 0.182363 0.007072
vt 0.187840 0.009821
vt 0.192148 0.012676
vt 0.195760 0.015215
vt 0.198828 0.017218
vt 0.201395 0.018594
vt 0.171609 0.053990
vt 0.174843 0.054708
vt 0.182156 0.055673
vt 0.182121 0.060172
vt 0.211973 0.023838
vt 0.212352 0.027989
vt 0.215355 0.031262
vt 0.218738 0.034013
vt 0.221861 0.036746
vt 0.224607 0.039020
vt 0.227206 0.040819
vt 0.230019 0.042798
vt 0.233645 0.045166
vt 0.234292 0.090967
vt 0.248510 0.072093
vt 0.229182 0.050884
vt 0.227242 0.049653
vt 0.225665 0.048472
vt 0.224124 0.047486
vt 0.222778 0.046449
vt 0.221557 0.045332
vt 0.220428 0.044073
vt 0.219145 0.042812
vt 0.893454 0.157987
vt 0.895924 0.158208
vt 0.897760 0.158858
vt 0.900074 0.159174
vt 0.900919 0.160303
vt 0.901407 0.161597
vt 0.898931 0.163013
vt 0.900298 0.166520
vt 0.899715 0.168567
vt 0.877668 0.183170
vt 0.849689 0.151996
vt 0.851978 0.150881
vt 0.853426 0.149282
vt 0.854222 0.146115
vt 0.854310 0.144338
vt 0.854455 0.144314
vt 0.854234 0.143941
vt 0.854954 0.143275
vt 0.855178 0.143697
vt 0.855268 0.144030
vt 0.855267 0.144301
vt 0.855259 0.144595
vt 0.856247 0.146739
vt 0.857174 0.149283
vt 0.857511 0.151524
vt 0.857604 0.153284
vt 0.857179 0.155145
vt 0.856845 0.157123
vt 0.856100 0.159735
vt 0.856159 0.163529
vt 0.857701 0.171578
vt 0.866613 0.167627
vt 0.871991 0.165409
vt 0.875705 0.162517
vt 0.879636 0.160425
vt 0.884447 0.158460
vt 0.885985 0.158132
vt 0.887442 0.157933
vt 0.890864 0.157549
vt 0.885775 0.158139
vt 0.882759 0.159236
vt 0.880537 0.161090
vt 0.878299 0.168619
vt 0.892363 0.165594
vt 0.894601 0.161953
vt 0.894019 0.159534
vt 0.890524 0.158032
vt 0.888149 0.157901
vt 0.886476 0.157790
vt 0.889799 0.157392
vt 0.883466 0.158665
vt 0.880834 0.159789
vt 0.877092 0.160841
vt 0.873290 0.162247
vt 0.869515 0.163702
vt 0.865105 0.164823
vt 0.861681 0.164210
vt 0.860599 0.160368
vt 0.860446 0.157523
vt 0.860552 0.155173
vt 0.860528 0.153195
vt 0.860261 0.151263
vt 0.859556 0.149345
vt 0.858135 0.147058
vt 0.855507 0.144122
vt 0.855435 0.143859
vt 0.855338 0.143622
vt 0.855168 0.143422
vt 0.854948 0.143227
vt 0.854296 0.143641
vt 0.854099 0.144197
vt 0.853841 0.144137
vt 0.853628 0.144101
vt 0.853545 0.144170
vt 0.851757 0.147386
vt 0.850197 0.147213
vt 0.848649 0.146373
vt 0.882929 0.187560
vt 0.903481 0.166717
vt 0.904684 0.164347
vt 0.904873 0.161409
vt 0.905074 0.159476
vt 0.903628 0.158213
vt 0.901210 0.157494
vt 0.898563 0.157297
vt 0.895819 0.157205
vt 0.892964 0.157199
vt 0.889819 0.158151
vt 0.888027 0.157779
vt 0.890869 0.158787
vt 0.890839 0.159678
vt 0.889836 0.161396
vt 0.882455 0.161186
vt 0.883212 0.158837
vt 0.883456 0.158334
vt 0.886082 0.157675
vt 0.885439 0.157915
vt 0.888400 0.157533
vt 0.881798 0.158738
vt 0.878621 0.159497
vt 0.875273 0.159990
vt 0.871973 0.160433
vt 0.868916 0.160556
vt 0.866411 0.159943
vt 0.864810 0.158352
vt 0.864091 0.155822
vt 0.863727 0.153565
vt 0.863372 0.151711
vt 0.862829 0.149966
vt 0.862019 0.148388
vt 0.860775 0.146785
vt 0.858832 0.145229
vt 0.855528 0.143450
vt 0.855376 0.143247
vt 0.855190 0.143095
vt 0.854988 0.142955
vt 0.854681 0.142898
vt 0.854077 0.143808
vt 0.853708 0.143992
vt 0.853469 0.143850
vt 0.853371 0.143826
vt 0.853286 0.143760
vt 0.853130 0.143532
vt 0.851157 0.142785
vt 0.851211 0.140823
vt 0.888397 0.190951
vt 0.907921 0.163877
vt 0.909763 0.161246
vt 0.909643 0.158239
vt 0.907606 0.156599
vt 0.904289 0.156061
vt 0.900932 0.156100
vt 0.897717 0.156409
vt 0.894689 0.156745
vt 0.891465 0.157173
vt 0.889300 0.157993
vt 0.886690 0.158018
vt 0.890245 0.158276
vt 0.890271 0.158496
vt 0.890352 0.157845
vt 0.883723 0.157700
vt 0.883480 0.156960
vt 0.883951 0.156927
vt 0.885925 0.157248
vt 0.883770 0.158006
vt 0.887360 0.157648
vt 0.880486 0.158319
vt 0.877422 0.158376
vt 0.874600 0.158093
vt 0.871933 0.157716
vt 0.869829 0.156661
vt 0.868346 0.155070
vt 0.867497 0.152652
vt 0.866639 0.150577
vt 0.865847 0.148668
vt 0.864999 0.147491
vt 0.863828 0.146083
vt 0.862660 0.145088
vt 0.860923 0.143911
vt 0.858865 0.143228
vt 0.855199 0.142863
vt 0.854986 0.142765
vt 0.854768 0.142767
vt 0.854585 0.142788
vt 0.854427 0.143044
vt 0.853857 0.143849
vt 0.853460 0.143706
vt 0.853357 0.143528
vt 0.853319 0.143395
vt 0.853308 0.143217
vt 0.853344 0.142724
vt 0.854264 0.139555
vt 0.856200 0.137204
vt 0.893849 0.193599
vt 0.913065 0.160027
vt 0.915590 0.156638
vt 0.912870 0.154042
vt 0.907368 0.154225
vt 0.902954 0.154697
vt 0.899220 0.155474
vt 0.895609 0.156351
vt 0.892845 0.156843
vt 0.890284 0.157310
vt 0.889373 0.157631
vt 0.886542 0.157860
vt 0.890720 0.157489
vt 0.891557 0.156897
vt 0.893414 0.153645
vt 0.882773 0.154653
vt 0.881943 0.155207
vt 0.883395 0.156327
vt 0.884585 0.157447
vt 0.882784 0.157265
vt 0.885743 0.157697
vt 0.879706 0.157436
vt 0.877539 0.156574
vt 0.875154 0.155764
vt 0.872866 0.154893
vt 0.871822 0.152912
vt 0.870356 0.150624
vt 0.869755 0.146660
vt 0.868042 0.145037
vt 0.866646 0.143257
vt 0.864906 0.143450
vt 0.863335 0.142020
vt 0.861700 0.142179
vt 0.859762 0.141032
vt 0.857627 0.141858
vt 0.854600 0.142508
vt 0.854378 0.142636
vt 0.854206 0.142775
vt 0.853966 0.142918
vt 0.853979 0.143605
vt 0.853501 0.143580
vt 0.853423 0.143298
vt 0.853446 0.143182
vt 0.853489 0.143015
vt 0.853570 0.142817
vt 0.855501 0.139525
vt 0.858349 0.137903
vt 0.861979 0.136510
vt 0.869302 0.133757
vt 0.919026 0.155063
vt 0.924689 0.149869
vt 0.910163 0.152001
vt 0.904362 0.153421
vt 0.899997 0.154261
vt 0.896681 0.155648
vt 0.893446 0.156712
vt 0.890628 0.157225
vt 0.888966 0.157395
vt 0.890198 0.157257
vt 0.887822 0.157407
vt 0.891593 0.156938
vt 0.896218 0.153355
vt 0.896634 0.149344
vt 0.877570 0.147553
vt 0.878550 0.152960
vt 0.880486 0.155541
vt 0.883222 0.157198
vt 0.241365 0.031822
vt 0.247981 0.002936
vt 0.325707 0.070068
vt 0.320321 0.071940
vt 0.324981 0.067102
vt 0.314740 0.072435
vt 0.309959 0.071864
vt 0.306163 0.070872
vt 0.301679 0.069224
vt 0.297761 0.067483
vt 0.294127 0.065704
vt 0.290517 0.063828
vt 0.286816 0.061793
vt 0.282945 0.059560
vt 0.278781 0.057040
vt 0.274253 0.054157
vt 0.269883 0.051231
vt 0.266042 0.048551
vt 0.262602 0.046076
vt 0.259418 0.043743
vt 0.256404 0.041529
vt 0.253466 0.039396
vt 0.250443 0.037263
vt 0.247208 0.035087
vt 0.245827 0.034150
vt 0.244425 0.033249
vt 0.242968 0.032437
vt 0.246957 0.005805
vt 0.245865 0.008326
vt 0.781376 0.070388
vt 0.774966 0.069300
vt 0.774463 0.007919
vt 0.775606 0.006447
vt 0.776895 0.005147
vt 0.778324 0.004007
vt 0.780696 0.002571
vt 0.782908 0.001609
vt 0.785180 0.000835
vt 0.787630 0.000030
vt 0.763515 0.013569
vt 0.797557 0.027049
vt 0.799171 0.027425
vt 0.800616 0.027432
vt 0.801900 0.027137
vt 0.803018 0.026588
vt 0.803926 0.025858
vt 0.804587 0.025030
vt 0.805018 0.024124
vt 0.805225 0.023136
vt 0.805221 0.022436
vt 0.805101 0.021813
vt 0.804838 0.021225
vt 0.804432 0.020677
vt 0.803919 0.020187
vt 0.803341 0.019798
vt 0.802700 0.019509
vt 0.802003 0.019325
vt 0.800744 0.019230
vt 0.799465 0.019433
vt 0.798192 0.019993
vt 0.796991 0.020991
vt 0.796426 0.026356
vt 0.761983 0.009891
vt 0.760544 0.006644
vt 0.787817 0.063077
vt 0.759450 0.003583
vt 0.771087 0.067536
vt 0.768116 0.065306
vt 0.765830 0.062947
vt 0.763734 0.060278
vt 0.762241 0.058170
vt 0.760874 0.056238
vt 0.759255 0.054145
vt 0.756481 0.051380
vt 0.755406 0.050599
vt 0.751774 0.048555
vt 0.748132 0.046543
vt 0.744788 0.044280
vt 0.741904 0.041718
vt 0.739557 0.038907
vt 0.737742 0.035866
vt 0.736416 0.032483
vt 0.735654 0.028600
vt 0.735592 0.025632
vt 0.735936 0.022834
vt 0.736648 0.020148
vt 0.737746 0.017511
vt 0.739197 0.015040
vt 0.740924 0.012830
vt 0.742943 0.010828
vt 0.745294 0.009016
vt 0.748486 0.007166
vt 0.751974 0.005717
vt 0.755690 0.004596
vt 0.204071 0.019053
vt 0.181667 0.061815
vt 0.243592 0.087194
vt 0.253726 0.066834
vt 0.243125 0.082943
vt 0.205385 0.078264
vt 0.202395 0.076022
vt 0.200183 0.074277
vt 0.198264 0.072753
vt 0.196126 0.071099
vt 0.193564 0.069226
vt 0.190608 0.067239
vt 0.186896 0.064958
vt 0.169774 0.051509
vt 0.168241 0.049529
vt 0.166542 0.047467
vt 0.164560 0.045234
vt 0.162216 0.042780
vt 0.159339 0.039910
vt 0.156004 0.036475
vt 0.175855 0.003688
vt 0.174958 0.000040
vt 0.899160 0.195817
vt 0.844377 0.153072
vt 0.858478 0.132896
vt 0.849987 0.136896
vt 0.845080 0.144244
vt 0.033522 0.198640
vt 0.044344 0.189103
vt 0.008137 0.130707
vt 0.047505 0.189266
vt 0.013510 0.124317
vt 0.016782 0.124599
vt 0.020009 0.125240
vt 0.022897 0.126238
vt 0.025373 0.127439
vt 0.028097 0.129139
vt 0.030427 0.130939
vt 0.032469 0.132806
vt 0.034316 0.134763
vt 0.035948 0.136755
vt 0.037357 0.138730
vt 0.038624 0.140776
vt 0.039800 0.142996
vt 0.040612 0.144800
vt 0.041287 0.146519
vt 0.041864 0.148199
vt 0.042374 0.149895
vt 0.042858 0.151748
vt 0.043340 0.153887
vt 0.043813 0.156330
vt 0.044291 0.159088
vt 0.044870 0.162511
vt 0.045292 0.164867
vt 0.045662 0.166795
vt 0.045988 0.168409
vt 0.046298 0.169908
vt 0.046515 0.170953
vt 0.046720 0.171950
vt 0.046923 0.172961
vt 0.047133 0.174049
vt 0.047347 0.175225
vt 0.047556 0.176486
vt 0.047756 0.177874
vt 0.047934 0.179421
vt 0.048082 0.181459
vt 0.048104 0.183844
vt 0.047912 0.186511
vt 0.202029 0.010674
vt 0.206013 0.017880
vt 0.209863 0.020123
vt 0.214164 0.020929
vt 0.218787 0.020282
vt 0.204691 0.080287
vt 0.196820 0.076674
vt 0.192335 0.075084
vt 0.187607 0.074299
vt 0.182699 0.074250
vt 0.020227 0.003231
vt 0.353118 0.030183
vt 0.370183 0.062330
vt 0.369916 0.058688
vt 0.416040 0.009596
vt 0.357227 0.061832
vt 0.416595 0.004823
vt 0.017840 0.004951
vt 0.015541 0.001760
vt 0.336715 0.051396
vt 0.017928 0.000040
vt 0.358125 0.065560
vt 0.355633 0.026679
vt 0.358528 0.023879
vt 0.361440 0.021174
vt 0.362673 0.019913
vt 0.363844 0.018762
vt 0.364999 0.017689
vt 0.366215 0.016634
vt 0.367645 0.015491
vt 0.369440 0.014179
vt 0.371682 0.012708
vt 0.374453 0.011136
vt 0.406316 0.000030
vt 0.981182 0.202122
vt 0.973926 0.204323
vt 0.948672 0.197071
vt 0.949750 0.201198
vt 0.916900 0.166764
vt 0.934890 0.162325
vt 0.917702 0.170527
vt 0.974113 0.212634
vt 0.952183 0.214127
vt 0.974123 0.208663
vt 0.918230 0.174299
vn 0.126944 -0.665658 -0.735380
vn 0.126944 -0.665657 -0.735381
vn 0.126944 -0.665658 -0.735381
vn 0.126944 -0.665658 -0.735381
vn 0.126943 -0.665658 -0.735381
vn 0.126944 -0.665657 -0.735381
vn 0.126944 -0.665657 -0.735381
vn 0.126944 -0.665657 -0.735381
vn -0.070124 0.733504 -0.676058
vn -0.070124 0.733504 -0.676058
vn -0.070123 0.733502 -0.676060
vn -0.070123 0.733502 -0.676060
vn -0.989428 -0.137389 -0.046435
vn -0.989428 -0.137389 -0.046435
vn -0.989428 -0.137389 -0.046436
vn -0.989428 -0.137389 -0.046436
vn 0.070123 -0.733502 0.676060
vn 0.070123 -0.733502 0.676060
vn 0.070123 -0.733502 0.676061
vn 0.070123 -0.733502 0.676061
vn -0.989428 -0.137391 -0.046437
vn -0.989428 -0.137391 -0.046437
vn -0.989428 -0.137389 -0.046435
vn -0.989428 -0.137389 -0.046435
vn 0.070124 -0.733501 0.676061
vn 0.070124 -0.733502 0.676061
vn 0.070124 -0.733502 0.676060
vn 0.070124 -0.733502 0.676060
vn 0.989428 0.137391 0.046437
vn 0.989428 0.137391 0.046437
vn 0.989428 0.137390 0.046436
vn 0.989428 0.137390 0.046436
vn 0.070123 -0.733502 0.676060
vn 0.070123 -0.733502 0.676060
vn 0.070123 -0.733502 0.676061
vn 0.070123 -0.733502 0.676061
vn 0.989428 0.137388 0.046438
vn 0.989428 0.137388 0.046438
vn 0.989428 0.137388 0.046437
vn 0.989428 0.137388 0.046437
vn -0.070123 0.733501 -0.676061
vn -0.070123 0.733501 -0.676061
vn -0.989428 -0.137388 -0.046435
vn -0.989428 -0.137388 -0.046435
vn 0.070123 -0.733502 0.676061
vn 0.070123 -0.733502 0.676061
vn -0.989428 -0.137388 -0.046434
vn -0.989428 -0.137388 -0.046434
vn 0.070124 -0.733502 0.676061
vn 0.070124 -0.733502 0.676061
vn 0.989428 0.137388 0.046434
vn 0.989428 0.137388 0.046434
vn 0.070123 -0.733501 0.676061
vn 0.070123 -0.733501 0.676061
vn 0.989428 0.137388 0.046435
vn 0.989428 0.137388 0.046435
vn -0.070124 0.733502 -0.676060
vn -0.070124 0.733502 -0.676060
vn -0.989428 -0.137389 -0.046434
vn -0.989428 -0.137389 -0.046434
vn 0.070123 -0.733501 0.676061
vn 0.070123 -0.733502 0.676061
vn -0.989428 -0.137390 -0.046436
vn -0.989428 -0.137390 -0.046436
vn 0.070124 -0.733501 0.676061
vn 0.070124 -0.733501 0.676061
vn 0.989428 0.137389 0.046435
vn 0.989428 0.137389 0.046435
vn 0.070124 -0.733501 0.676061
vn 0.070124 -0.733501 0.676061
vn 0.989428 0.137390 0.046435
vn 0.989428 0.137390 0.046435
vn -0.070124 0.733503 -0.676060
vn -0.070124 0.733503 -0.676060
vn -0.989428 -0.137391 -0.046436
vn -0.989428 -0.137391 -0.046436
vn 0.070123 -0.733502 0.676061
vn 0.070123 -0.733502 0.676061
vn -0.989428 -0.137391 -0.046437
vn -0.989428 -0.137391 -0.046437
vn 0.070124 -0.733502 0.676061
vn 0.070124 -0.733502 0.676061
vn 0.989428 0.137390 0.046436
vn 0.989428 0.137390 0.046436
vn 0.070124 -0.733501 0.676061
vn 0.070124 -0.733501 0.676061
vn 0.989428 0.137391 0.046437
vn 0.989428 0.137391 0.046437
vn -0.126944 0.665658 0.735381
vn -0.126944 0.665657 0.735381
vn -0.126944 0.665658 0.735381
vn -0.126944 0.665658 0.735381
vn -0.126944 0.665657 0.735381
vn -0.126944 0.665657 0.735381
vn -0.126944 0.665657 0.735381
vn -0.126944 0.665657 0.735381
vn 0.126944 -0.665657 -0.735381
vn 0.126944 -0.665657 -0.735381
vn 0.126944 -0.665657 -0.735381
vn 0.126944 -0.665657 -0.735381
vn 0.126944 -0.665657 -0.735381
vn 0.126944 -0.665658 -0.735381
vn 0.126944 -0.665658 -0.735381
vn 0.126944 -0.665657 -0.735381
vn 0.126943 -0.665657 -0.735382
vn 0.126943 -0.665657 -0.735381
vn 0.126943 -0.665657 -0.735382
vn 0.126943 -0.665657 -0.735381
vn 0.126944 -0.665657 -0.735381
vn 0.126945 -0.665658 -0.735381
vn 0.126943 -0.665657 -0.735381
vn 0.126944 -0.665657 -0.735381
vn 0.126943 -0.665657 -0.735382
vn 0.126944 -0.665657 -0.735382
vn 0.126944 -0.665657 -0.735382
vn 0.126944 -0.665657 -0.735381
vn 0.126943 -0.665658 -0.735381
vn 0.126943 -0.665658 -0.735381
vn 0.126944 -0.665658 -0.735381
vn 0.126944 -0.665658 -0.735381
vn 0.126944 -0.665657 -0.735381
vn 0.126943 -0.665657 -0.735381
vn 0.126944 -0.665657 -0.735381
vn 0.126944 -0.665657 -0.735381
vn 0.126944 -0.665657 -0.735381
vn 0.126943 -0.665657 -0.735381
vn 0.126943 -0.665657 -0.735381
vn 0.126943 -0.665657 -0.735381
vn -0.070125 0.733501 -0.676061
vn -0.070125 0.733501 -0.676061
vn -0.070125 0.733501 -0.676061
vn -0.070125 0.733501 -0.676061
vn -0.989428 -0.137390 -0.046436
vn -0.989428 -0.137390 -0.046436
vn -0.989428 -0.137389 -0.046435
vn -0.989428 -0.137389 -0.046435
vn 0.070123 -0.733501 0.676061
vn 0.070123 -0.733501 0.676061
vn 0.070123 -0.733501 0.676061
vn 0.070123 -0.733501 0.676061
vn 0.989428 0.137388 0.046434
vn 0.989428 0.137388 0.046434
vn 0.989428 0.137389 0.046435
vn 0.989428 0.137389 0.046435
vn 0.821878 -0.344490 0.453700
vn 0.772380 -0.398822 0.494338
vn 0.772380 -0.398822 0.494338
vn 0.821877 -0.344489 0.453701
vn 0.622261 -0.523905 0.581648
vn 0.622261 -0.523905 0.581648
vn 0.382544 -0.651170 0.655467
vn 0.382544 -0.651171 0.655467
vn 0.159570 -0.718018 0.677486
vn 0.159570 -0.718018 0.677486
vn -0.109188 -0.746251 0.656648
vn -0.109188 -0.746251 0.656648
vn -0.333104 -0.726933 0.600508
vn -0.333103 -0.726933 0.600509
vn -0.572977 -0.654387 0.493433
vn -0.572976 -0.654387 0.493433
vn -0.775470 -0.528878 0.344869
vn -0.775471 -0.528877 0.344869
vn -0.897485 -0.392780 0.200611
vn -0.897484 -0.392780 0.200613
vn -0.954972 -0.282453 0.090821
vn -0.954972 -0.282452 0.090822
vn -0.979846 -0.199431 0.011378
vn -0.979846 -0.199430 0.011378
vn -0.989223 -0.139488 -0.044498
vn -0.989223 -0.139490 -0.044499
vn -0.989428 -0.137388 -0.046434
vn -0.989428 -0.137389 -0.046435
vn 0.070124 -0.733502 0.676060
vn 0.070124 -0.733502 0.676060
vn 0.070124 -0.733502 0.676061
vn 0.070124 -0.733502 0.676061
vn 0.989428 0.137389 0.046435
vn 0.988980 0.141884 0.042289
vn 0.988980 0.141884 0.042289
vn 0.989428 0.137389 0.046435
vn 0.967258 0.247333 -0.056911
vn 0.967258 0.247333 -0.056912
vn 0.911738 0.370297 -0.177802
vn 0.911738 0.370298 -0.177803
vn 0.813541 0.494022 -0.306747
vn 0.813541 0.494022 -0.306747
vn 0.675328 0.601012 -0.427453
vn 0.675329 0.601013 -0.427452
vn 0.500713 0.682990 -0.531800
vn 0.500713 0.682990 -0.531800
vn 0.299781 0.732456 -0.611261
vn 0.299780 0.732456 -0.611261
vn 0.102177 0.746211 -0.657821
vn 0.102177 0.746211 -0.657822
vn -0.118691 0.725859 -0.677526
vn -0.118690 0.725859 -0.677526
vn -0.328533 0.671318 -0.664378
vn -0.328533 0.671317 -0.664379
vn -0.567288 0.559443 -0.604325
vn -0.567287 0.559442 -0.604327
vn -0.744521 0.425935 -0.514070
vn -0.744521 0.425934 -0.514071
vn -0.807603 0.361084 -0.466257
vn -0.807603 0.361083 -0.466258
vn 0.989428 0.137389 0.046435
vn 0.989428 0.137389 0.046435
vn 0.989428 0.137389 0.046435
vn 0.989428 0.137389 0.046435
vn -0.070125 0.733501 -0.676061
vn -0.070125 0.733501 -0.676061
vn -0.989428 -0.137388 -0.046434
vn -0.989428 -0.137388 -0.046434
vn 0.070123 -0.733502 0.676061
vn 0.070123 -0.733502 0.676061
vn 0.989428 0.137389 0.046436
vn 0.989428 0.137389 0.046436
vn 0.772380 -0.398821 0.494339
vn 0.821877 -0.344488 0.453703
vn 0.622261 -0.523905 0.581648
vn 0.382545 -0.651171 0.655467
vn 0.159570 -0.718018 0.677486
vn -0.109189 -0.746251 0.656648
vn -0.333103 -0.726933 0.600508
vn -0.572976 -0.654387 0.493433
vn -0.775471 -0.528877 0.344869
vn -0.897484 -0.392780 0.200614
vn -0.954972 -0.282452 0.090822
vn -0.979846 -0.199429 0.011377
vn -0.989223 -0.139489 -0.044498
vn -0.989428 -0.137389 -0.046435
vn 0.070124 -0.733501 0.676061
vn 0.070124 -0.733501 0.676061
vn 0.988979 0.141885 0.042289
vn 0.989428 0.137389 0.046436
vn 0.967257 0.247334 -0.056911
vn 0.911738 0.370298 -0.177802
vn 0.813540 0.494023 -0.306747
vn 0.675329 0.601013 -0.427451
vn 0.500712 0.682991 -0.531799
vn 0.299780 0.732456 -0.611260
vn 0.102178 0.746210 -0.657822
vn -0.118691 0.725858 -0.677526
vn -0.328532 0.671317 -0.664380
vn -0.567287 0.559441 -0.604327
vn -0.744521 0.425933 -0.514072
vn -0.807603 0.361082 -0.466259
vn 0.989428 0.137389 0.046436
vn 0.989428 0.137389 0.046436
vn -0.070124 0.733501 -0.676062
vn -0.070124 0.733501 -0.676062
vn -0.989428 -0.137390 -0.046436
vn -0.989428 -0.137390 -0.046436
vn 0.070123 -0.733502 0.676060
vn 0.070123 -0.733502 0.676060
vn 0.989428 0.137388 0.046435
vn 0.989428 0.137388 0.046435
vn 0.772380 -0.398821 0.494339
vn 0.821878 -0.344488 0.453701
vn 0.622260 -0.523905 0.581649
vn 0.382544 -0.651171 0.655467
vn 0.159570 -0.718018 0.677486
vn -0.109189 -0.746251 0.656648
vn -0.333105 -0.726933 0.600508
vn -0.572978 -0.654386 0.493432
vn -0.775469 -0.528879 0.344870
vn -0.897484 -0.392782 0.200613
vn -0.954973 -0.282452 0.090820
vn -0.979846 -0.199430 0.011376
vn -0.989223 -0.139490 -0.044499
vn -0.989428 -0.137389 -0.046436
vn 0.070124 -0.733502 0.676061
vn 0.070124 -0.733502 0.676061
vn 0.988980 0.141884 0.042289
vn 0.989428 0.137389 0.046435
vn 0.967258 0.247333 -0.056912
vn 0.911739 0.370297 -0.177801
vn 0.813541 0.494022 -0.306746
vn 0.675329 0.601013 -0.427452
vn 0.500712 0.682991 -0.531799
vn 0.299780 0.732457 -0.611260
vn 0.102178 0.746211 -0.657821
vn -0.118691 0.725859 -0.677526
vn -0.328532 0.671317 -0.664379
vn -0.567287 0.559442 -0.604326
vn -0.744521 0.425934 -0.514070
vn -0.807603 0.361084 -0.466257
vn 0.989428 0.137388 0.046435
vn 0.989428 0.137388 0.046435
vn -0.070124 0.733501 -0.676062
vn -0.070124 0.733501 -0.676062
vn -0.989428 -0.137390 -0.046436
vn -0.989428 -0.137390 -0.046436
vn 0.070123 -0.733502 0.676060
vn 0.070123 -0.733502 0.676060
vn 0.989428 0.137388 0.046434
vn 0.989428 0.137388 0.046434
vn 0.772380 -0.398822 0.494338
vn 0.821879 -0.344488 0.453699
vn 0.622259 -0.523905 0.581650
vn 0.382545 -0.651170 0.655467
vn 0.159570 -0.718019 0.677486
vn -0.109190 -0.746251 0.656648
vn -0.333107 -0.726932 0.600508
vn -0.572979 -0.654385 0.493432
vn -0.775468 -0.528880 0.344871
vn -0.897483 -0.392782 0.200614
vn -0.954973 -0.282451 0.090819
vn -0.979846 -0.199431 0.011375
vn -0.989223 -0.139492 -0.044501
vn -0.989428 -0.137391 -0.046438
vn 0.070124 -0.733502 0.676060
vn 0.070124 -0.733502 0.676060
vn 0.988980 0.141883 0.042287
vn 0.989428 0.137388 0.046434
vn 0.967258 0.247332 -0.056914
vn 0.911739 0.370297 -0.177801
vn 0.813541 0.494023 -0.306746
vn 0.675328 0.601013 -0.427452
vn 0.500712 0.682991 -0.531800
vn 0.299780 0.732457 -0.611260
vn 0.102178 0.746212 -0.657821
vn -0.118691 0.725859 -0.677526
vn -0.328532 0.671318 -0.664379
vn -0.567288 0.559442 -0.604325
vn -0.744521 0.425935 -0.514069
vn -0.807603 0.361085 -0.466255
vn 0.989428 0.137387 0.046433
vn 0.989428 0.137387 0.046433
vn -0.126944 0.665657 0.735381
vn -0.126944 0.665657 0.735381
vn -0.126943 0.665657 0.735381
vn -0.126943 0.665657 0.735381
vn -0.126943 0.665657 0.735381
vn -0.126944 0.665657 0.735381
vn -0.126944 0.665657 0.735382
vn -0.126944 0.665657 0.735381
vn -0.126944 0.665657 0.735381
vn -0.126944 0.665657 0.735381
vn -0.126944 0.665657 0.735381
vn -0.126944 0.665657 0.735382
vn -0.126944 0.665658 0.735381
vn -0.126944 0.665657 0.735382
vn -0.126944 0.665658 0.735381
vn -0.126943 0.665657 0.735381
vn -0.126943 0.665657 0.735381
vn -0.126944 0.665658 0.735381
vn -0.126943 0.665658 0.735381
vn -0.126944 0.665657 0.735381
vn -0.126944 0.665658 0.735381
vn -0.126943 0.665657 0.735382
vn -0.126943 0.665657 0.735382
vn -0.126943 0.665657 0.735382
vn -0.126944 0.665657 0.735382
vn -0.126944 0.665657 0.735382
vn -0.126944 0.665657 0.735381
vn -0.126943 0.665658 0.735381
vn -0.126943 0.665658 0.735381
vn -0.126944 0.665658 0.735381
vn -0.126945 0.665658 0.735381
vn -0.126944 0.665658 0.735381
vn 0.126943 -0.665657 -0.735381
vn 0.126943 -0.665657 -0.735381
vn 0.126943 -0.665657 -0.735381
vn 0.126943 -0.665657 -0.735381
vn -0.070123 0.733502 -0.676061
vn -0.070123 0.733502 -0.676061
vn -0.070123 0.733502 -0.676061
vn -0.070123 0.733502 -0.676061
vn -0.989428 -0.137389 -0.046435
vn -0.989428 -0.137389 -0.046435
vn -0.989428 -0.137389 -0.046435
vn -0.989428 -0.137389 -0.046435
vn 0.070124 -0.733502 0.676060
vn 0.070124 -0.733502 0.676060
vn 0.070124 -0.733502 0.676061
vn 0.070124 -0.733502 0.676061
vn 0.989428 0.137389 0.046435
vn 0.989428 0.137389 0.046435
vn 0.989428 0.137389 0.046435
vn 0.989428 0.137389 0.046435
vn -0.070123 0.733502 -0.676061
vn -0.070123 0.733502 -0.676061
vn -0.989428 -0.137389 -0.046435
vn -0.989428 -0.137389 -0.046435
vn 0.070123 -0.733501 0.676061
vn 0.070123 -0.733501 0.676061
vn 0.989428 0.137389 0.046435
vn 0.989428 0.137389 0.046435
vn -0.070123 0.733502 -0.676061
vn -0.070123 0.733502 -0.676061
vn -0.989428 -0.137389 -0.046435
vn -0.989428 -0.137389 -0.046435
vn 0.070123 -0.733502 0.676061
vn 0.070123 -0.733502 0.676061
vn 0.989428 0.137389 0.046435
vn 0.989428 0.137389 0.046435
vn -0.070123 0.733502 -0.676061
vn -0.070123 0.733502 -0.676061
vn -0.989428 -0.137389 -0.046435
vn -0.989428 -0.137389 -0.046435
vn 0.070123 -0.733502 0.676061
vn 0.070123 -0.733502 0.676061
vn 0.989428 0.137389 0.046435
vn 0.989428 0.137389 0.046435
vn -0.126943 0.665657 0.735381
vn -0.126943 0.665657 0.735381
vn -0.126943 0.665657 0.735381
vn -0.126943 0.665657 0.735381
vn 0.126943 -0.665657 -0.735381
vn 0.126943 -0.665657 -0.735381
vn 0.126943 -0.665657 -0.735381
vn 0.126943 -0.665657 -0.735381
vn -0.070123 0.733502 -0.676061
vn -0.070123 0.733502 -0.676061
vn -0.070123 0.733502 -0.676061
vn -0.070123 0.733502 -0.676061
vn -0.989428 -0.137389 -0.046435
vn -0.989428 -0.137389 -0.046435
vn -0.989428 -0.137389 -0.046435
vn -0.989428 -0.137389 -0.046435
vn 0.070124 -0.733502 0.676061
vn 0.070124 -0.733502 0.676061
vn 0.070124 -0.733501 0.676061
vn 0.070124 -0.733501 0.676061
vn 0.989428 0.137389 0.046435
vn 0.989428 0.137389 0.046435
vn 0.989428 0.137389 0.046435
vn 0.989428 0.137389 0.046435
vn -0.070123 0.733502 -0.676060
vn -0.070123 0.733502 -0.676060
vn -0.989428 -0.137389 -0.046435
vn -0.989428 -0.137389 -0.046435
vn 0.070124 -0.733501 0.676061
vn 0.070124 -0.733501 0.676061
vn 0.989428 0.137389 0.046435
vn 0.989428 0.137389 0.046435
vn -0.070123 0.733502 -0.676060
vn -0.070123 0.733502 -0.676060
vn -0.989428 -0.137389 -0.046435
vn -0.989428 -0.137389 -0.046435
vn 0.070123 -0.733502 0.676061
vn 0.070123 -0.733502 0.676061
vn 0.989428 0.137389 0.046435
vn 0.989428 0.137389 0.046435
vn -0.070123 0.733502 -0.676061
vn -0.070123 0.733502 -0.676061
vn -0.989428 -0.137389 -0.046435
vn -0.989428 -0.137389 -0.046435
vn 0.070123 -0.733502 0.676061
vn 0.070123 -0.733502 0.676061
vn 0.989428 0.137389 0.046435
vn 0.989428 0.137389 0.046435
vn -0.126944 0.665657 0.735381
vn -0.126944 0.665657 0.735381
vn -0.126944 0.665657 0.735381
vn -0.126944 0.665657 0.735381
vn 0.126943 -0.665658 -0.735381
vn 0.126943 -0.665658 -0.735381
vn 0.126943 -0.665658 -0.735381
vn 0.126944 -0.665658 -0.735381
vn 0.126944 -0.665658 -0.735381
vn 0.126944 -0.665657 -0.735381
vn 0.126945 -0.665657 -0.735381
vn 0.126944 -0.665657 -0.735381
vn 0.126944 -0.665657 -0.735381
vn 0.126943 -0.665657 -0.735382
vn 0.126944 -0.665657 -0.735381
vn 0.126943 -0.665657 -0.735381
vn 0.126944 -0.665657 -0.735382
vn 0.126943 -0.665657 -0.735382
vn 0.126943 -0.665657 -0.735381
vn 0.126942 -0.665657 -0.735381
vn 0.126943 -0.665657 -0.735381
vn 0.126943 -0.665658 -0.735381
vn 0.126944 -0.665658 -0.735381
vn 0.126943 -0.665657 -0.735381
vn 0.126943 -0.665657 -0.735381
vn 0.126944 -0.665657 -0.735381
vn 0.126944 -0.665657 -0.735381
vn 0.126943 -0.665658 -0.735381
vn 0.126944 -0.665657 -0.735381
vn 0.126944 -0.665657 -0.735381
vn 0.126944 -0.665657 -0.735381
vn 0.126945 -0.665656 -0.735382
vn 0.126945 -0.665657 -0.735382
vn 0.126945 -0.665656 -0.735382
vn 0.126944 -0.665657 -0.735382
vn 0.126944 -0.665657 -0.735382
vn 0.126944 -0.665657 -0.735381
vn 0.126944 -0.665657 -0.735381
vn 0.126943 -0.665658 -0.735380
vn 0.126944 -0.665658 -0.735381
vn 0.126944 -0.665657 -0.735382
vn 0.126943 -0.665658 -0.735381
vn 0.126944 -0.665656 -0.735382
vn 0.126943 -0.665657 -0.735382
vn 0.126943 -0.665657 -0.735381
vn 0.126944 -0.665657 -0.735381
vn 0.126944 -0.665658 -0.735381
vn 0.126943 -0.665658 -0.735381
vn 0.126943 -0.665657 -0.735381
vn 0.126943 -0.665658 -0.735381
vn 0.126943 -0.665658 -0.735381
vn 0.126943 -0.665659 -0.735380
vn 0.126944 -0.665657 -0.735382
vn 0.126944 -0.665657 -0.735381
vn 0.126944 -0.665658 -0.735381
vn 0.126943 -0.665657 -0.735382
vn 0.126943 -0.665658 -0.735381
vn 0.126943 -0.665658 -0.735381
vn 0.126942 -0.665657 -0.735382
vn 0.126942 -0.665657 -0.735381
vn 0.126943 -0.665657 -0.735381
vn 0.126943 -0.665657 -0.735381
vn 0.126944 -0.665658 -0.735381
vn 0.126944 -0.665658 -0.735381
vn 0.126944 -0.665657 -0.735381
vn 0.126944 -0.665657 -0.735381
vn 0.126944 -0.665657 -0.735381
vn 0.126944 -0.665657 -0.735381
vn 0.126944 -0.665658 -0.735381
vn 0.126945 -0.665658 -0.735381
vn 0.126944 -0.665657 -0.735381
vn 0.126944 -0.665658 -0.735381
vn 0.126943 -0.665657 -0.735382
vn 0.126943 -0.665657 -0.735381
vn 0.126943 -0.665657 -0.735381
vn 0.126944 -0.665657 -0.735381
vn 0.126943 -0.665657 -0.735382
vn -0.096688 0.729545 -0.677063
vn -0.197381 0.709602 -0.676392
vn -0.197381 0.709601 -0.676393
vn -0.096688 0.729545 -0.677064
vn -0.347953 0.664384 -0.661455
vn -0.347952 0.664383 -0.661456
vn -0.514171 0.589839 -0.622670
vn -0.514171 0.589838 -0.622671
vn -0.677651 0.483195 -0.554358
vn -0.677651 0.483194 -0.554359
vn -0.823226 0.342877 -0.452475
vn -0.823226 0.342878 -0.452476
vn -0.931142 0.175535 -0.319628
vn -0.931142 0.175533 -0.319628
vn -0.984197 0.007746 -0.176906
vn -0.984197 0.007744 -0.176905
vn -0.983442 -0.181133 -0.005806
vn -0.983442 -0.181132 -0.005807
vn -0.906200 -0.379299 0.186906
vn -0.906200 -0.379300 0.186905
vn -0.714164 -0.575842 0.397966
vn -0.714163 -0.575843 0.397964
vn -0.495889 -0.684670 0.534154
vn -0.495889 -0.684671 0.534153
vn -0.361798 -0.721375 0.590525
vn -0.361798 -0.721375 0.590525
vn -0.348520 -0.724040 0.595230
vn -0.348521 -0.724041 0.595230
vn -0.471127 -0.692877 0.545858
vn -0.471127 -0.692878 0.545856
vn -0.672840 -0.602521 0.429248
vn -0.672840 -0.602522 0.429247
vn -0.882934 -0.413673 0.222039
vn -0.882934 -0.413674 0.222038
vn -0.981052 -0.193653 0.005943
vn -0.981052 -0.193655 0.005941
vn -0.981189 0.024443 -0.191497
vn -0.981188 0.024442 -0.191500
vn -0.920255 0.197631 -0.337747
vn -0.920254 0.197630 -0.337749
vn -0.812563 0.355411 -0.461979
vn -0.812563 0.355409 -0.461980
vn -0.681820 0.479904 -0.552099
vn -0.681821 0.479902 -0.552100
vn -0.535161 0.578257 -0.615810
vn -0.535161 0.578256 -0.615811
vn -0.373479 0.654743 -0.657134
vn -0.373479 0.654742 -0.657135
vn -0.214273 0.705472 -0.675572
vn -0.214273 0.705472 -0.675571
vn -0.043395 0.736942 -0.674562
vn -0.043395 0.736942 -0.674561
vn 0.081630 0.745874 -0.661066
vn 0.081630 0.745875 -0.661065
vn 0.204422 0.743020 -0.637285
vn 0.204422 0.743021 -0.637285
vn 0.301505 0.732193 -0.610727
vn 0.301505 0.732194 -0.610726
vn 0.341986 0.725292 -0.597492
vn 0.341986 0.725293 -0.597492
vn -0.989428 -0.137387 -0.046433
vn -0.989428 -0.137387 -0.046433
vn -0.989428 -0.137390 -0.046435
vn -0.989428 -0.137390 -0.046435
vn -0.214362 -0.742270 0.634889
vn -0.185304 -0.744242 0.641690
vn -0.185303 -0.744242 0.641690
vn -0.214361 -0.742270 0.634889
vn -0.117632 -0.746250 0.655190
vn -0.117632 -0.746250 0.655190
vn -0.033918 -0.743859 0.667476
vn -0.033918 -0.743858 0.667476
vn 0.081738 -0.731838 0.676559
vn 0.081738 -0.731838 0.676560
vn 0.209969 -0.706545 0.675801
vn 0.209969 -0.706545 0.675801
vn 0.366848 -0.657305 0.658310
vn 0.366849 -0.657305 0.658310
vn 0.529093 -0.581661 0.617844
vn 0.529093 -0.581660 0.617845
vn 0.678994 -0.482138 0.553633
vn 0.678993 -0.482138 0.553634
vn 0.813263 -0.354602 0.461368
vn 0.813263 -0.354602 0.461368
vn 0.922066 -0.194085 0.334852
vn 0.922066 -0.194084 0.334851
vn 0.981819 -0.021161 0.188637
vn 0.981819 -0.021159 0.188638
vn 0.990806 0.120062 0.062355
vn 0.990806 0.120062 0.062358
vn 0.965549 0.252710 -0.062076
vn 0.965549 0.252710 -0.062073
vn 0.908784 0.375144 -0.182700
vn 0.908783 0.375146 -0.182700
vn 0.815781 0.491803 -0.304353
vn 0.815781 0.491805 -0.304352
vn 0.693367 0.589710 -0.414108
vn 0.693366 0.589711 -0.414107
vn 0.570008 0.655695 -0.495132
vn 0.570006 0.655696 -0.495131
vn 0.467669 0.693969 -0.547442
vn 0.467668 0.693970 -0.547442
vn 0.385742 0.716151 -0.581662
vn 0.385742 0.716151 -0.581662
vn 0.333585 0.726846 -0.600346
vn 0.333585 0.726846 -0.600347
vn 0.347604 0.724219 -0.595549
vn 0.347604 0.724219 -0.595549
vn 0.467837 0.693916 -0.547365
vn 0.467836 0.693917 -0.547365
vn 0.665147 0.607114 -0.434732
vn 0.665147 0.607114 -0.434732
vn 0.877759 0.420681 -0.229274
vn 0.877759 0.420681 -0.229273
vn 0.980761 0.195076 -0.007281
vn 0.980761 0.195076 -0.007278
vn 0.980386 -0.028482 0.195018
vn 0.980386 -0.028480 0.195017
vn 0.912591 -0.212122 0.349544
vn 0.912593 -0.212118 0.349543
vn 0.788940 -0.381606 0.481613
vn 0.788939 -0.381606 0.481614
vn 0.639214 -0.512009 0.573805
vn 0.639213 -0.512009 0.573806
vn 0.482651 -0.606241 0.632076
vn 0.482652 -0.606240 0.632076
vn 0.328107 -0.671466 0.664439
vn 0.328107 -0.671465 0.664440
vn 0.188689 -0.711636 0.676735
vn 0.188689 -0.711636 0.676736
vn 0.062579 -0.734528 0.675687
vn 0.062579 -0.734528 0.675687
vn -0.035277 -0.743940 0.667315
vn -0.035277 -0.743940 0.667315
vn -0.112389 -0.746257 0.656101
vn -0.112389 -0.746258 0.656101
vn -0.169939 -0.745013 0.645040
vn -0.169939 -0.745013 0.645040
vn -0.193413 -0.743759 0.639854
vn -0.193413 -0.743760 0.639854
vn 0.989428 0.137388 0.046432
vn 0.989428 0.137388 0.046432
vn 0.989428 0.137389 0.046435
vn 0.989428 0.137389 0.046435
vn 0.120834 0.746235 -0.654623
vn 0.106162 0.746239 -0.657158
vn 0.106161 0.746239 -0.657158
vn 0.120833 0.746236 -0.654623
vn 0.079560 0.745824 -0.661375
vn 0.079561 0.745824 -0.661375
vn 0.039510 0.744184 -0.666805
vn 0.039510 0.744184 -0.666805
vn -0.009362 0.740542 -0.671945
vn -0.009362 0.740542 -0.671945
vn -0.197381 0.709601 -0.676393
vn -0.096688 0.729545 -0.677064
vn -0.347953 0.664383 -0.661456
vn -0.514173 0.589837 -0.622671
vn -0.677650 0.483194 -0.554359
vn -0.823224 0.342880 -0.452478
vn -0.931142 0.175533 -0.319628
vn -0.984198 0.007742 -0.176904
vn -0.983442 -0.181131 -0.005808
vn -0.906200 -0.379299 0.186905
vn -0.714163 -0.575843 0.397965
vn -0.495889 -0.684671 0.534153
vn -0.361798 -0.721376 0.590525
vn -0.348520 -0.724041 0.595229
vn -0.471127 -0.692878 0.545857
vn -0.672840 -0.602522 0.429248
vn -0.882934 -0.413674 0.222037
vn -0.981052 -0.193654 0.005942
vn -0.981188 0.024442 -0.191500
vn -0.920254 0.197632 -0.337750
vn -0.812563 0.355410 -0.461979
vn -0.681823 0.479901 -0.552098
vn -0.535161 0.578256 -0.615811
vn -0.373480 0.654742 -0.657135
vn -0.214274 0.705472 -0.675571
vn -0.043394 0.736943 -0.674561
vn 0.081630 0.745876 -0.661064
vn 0.204423 0.743021 -0.637284
vn 0.301506 0.732194 -0.610726
vn 0.341985 0.725293 -0.597491
vn -0.989428 -0.137390 -0.046434
vn -0.989428 -0.137390 -0.046434
vn -0.185303 -0.744242 0.641691
vn -0.214360 -0.742270 0.634890
vn -0.117632 -0.746250 0.655190
vn -0.033918 -0.743859 0.667476
vn 0.081737 -0.731838 0.676559
vn 0.209969 -0.706546 0.675801
vn 0.366849 -0.657305 0.658310
vn 0.529093 -0.581661 0.617844
vn 0.678993 -0.482138 0.553634
vn 0.813263 -0.354601 0.461368
vn 0.922067 -0.194083 0.334851
vn 0.981819 -0.021158 0.188637
vn 0.990806 0.120061 0.062358
vn 0.965549 0.252709 -0.062073
vn 0.908782 0.375147 -0.182701
vn 0.815780 0.491805 -0.304353
vn 0.693367 0.589710 -0.414107
vn 0.570006 0.655697 -0.495132
vn 0.467668 0.693970 -0.547442
vn 0.385742 0.716151 -0.581662
vn 0.333585 0.726846 -0.600347
vn 0.347604 0.724219 -0.595549
vn 0.467836 0.693917 -0.547365
vn 0.665148 0.607114 -0.434731
vn 0.877760 0.420680 -0.229272
vn 0.980761 0.195076 -0.007278
vn 0.980387 -0.028479 0.195016
vn 0.912593 -0.212119 0.349542
vn 0.788938 -0.381608 0.481615
vn 0.639214 -0.512008 0.573806
vn 0.482653 -0.606239 0.632076
vn 0.328108 -0.671465 0.664440
vn 0.188688 -0.711636 0.676735
vn 0.062578 -0.734528 0.675687
vn -0.035278 -0.743940 0.667315
vn -0.112389 -0.746257 0.656101
vn -0.169938 -0.745013 0.645040
vn -0.193414 -0.743760 0.639854
vn 0.989428 0.137389 0.046436
vn 0.989428 0.137389 0.046436
vn 0.106161 0.746238 -0.657159
vn 0.120832 0.746235 -0.654624
vn 0.079561 0.745824 -0.661375
vn 0.039511 0.744184 -0.666805
vn -0.009362 0.740542 -0.671945
vn -0.197380 0.709601 -0.676393
vn -0.096688 0.729545 -0.677064
vn -0.347953 0.664384 -0.661455
vn -0.514171 0.589838 -0.622671
vn -0.677650 0.483194 -0.554359
vn -0.823223 0.342881 -0.452479
vn -0.931142 0.175533 -0.319628
vn -0.984198 0.007741 -0.176902
vn -0.983442 -0.181130 -0.005808
vn -0.906200 -0.379299 0.186906
vn -0.714162 -0.575843 0.397965
vn -0.495889 -0.684671 0.534153
vn -0.361799 -0.721375 0.590524
vn -0.348520 -0.724041 0.595229
vn -0.471126 -0.692878 0.545857
vn -0.672841 -0.602522 0.429247
vn -0.882934 -0.413674 0.222037
vn -0.981052 -0.193656 0.005942
vn -0.981188 0.024442 -0.191500
vn -0.920254 0.197631 -0.337749
vn -0.812563 0.355411 -0.461979
vn -0.681822 0.479902 -0.552099
vn -0.535160 0.578256 -0.615811
vn -0.373481 0.654741 -0.657135
vn -0.214275 0.705471 -0.675572
vn -0.043394 0.736943 -0.674561
vn 0.081630 0.745875 -0.661065
vn 0.204423 0.743021 -0.637284
vn 0.301506 0.732194 -0.610725
vn 0.341985 0.725293 -0.597491
vn -0.989428 -0.137391 -0.046434
vn -0.989428 -0.137391 -0.046434
vn -0.185303 -0.744242 0.641690
vn -0.214361 -0.742270 0.634889
vn -0.117632 -0.746250 0.655189
vn -0.033918 -0.743859 0.667476
vn 0.081738 -0.731838 0.676559
vn 0.209969 -0.706545 0.675801
vn 0.366849 -0.657305 0.658310
vn 0.529093 -0.581660 0.617845
vn 0.678994 -0.482138 0.553634
vn 0.813263 -0.354601 0.461369
vn 0.922067 -0.194083 0.334851
vn 0.981819 -0.021158 0.188636
vn 0.990806 0.120062 0.062357
vn 0.965549 0.252710 -0.062073
vn 0.908783 0.375146 -0.182700
vn 0.815781 0.491804 -0.304352
vn 0.693366 0.589710 -0.414107
vn 0.570006 0.655697 -0.495131
vn 0.467668 0.693970 -0.547442
vn 0.385743 0.716151 -0.581662
vn 0.333585 0.726846 -0.600347
vn 0.347604 0.724219 -0.595549
vn 0.467837 0.693917 -0.547364
vn 0.665147 0.607114 -0.434731
vn 0.877759 0.420681 -0.229272
vn 0.980761 0.195076 -0.007278
vn 0.980386 -0.028480 0.195016
vn 0.912593 -0.212120 0.349541
vn 0.788939 -0.381607 0.481614
vn 0.639213 -0.512009 0.573806
vn 0.482654 -0.606238 0.632076
vn 0.328107 -0.671465 0.664440
vn 0.188688 -0.711636 0.676735
vn 0.062578 -0.734528 0.675687
vn -0.035278 -0.743940 0.667315
vn -0.112389 -0.746257 0.656101
vn -0.169938 -0.745013 0.645040
vn -0.193414 -0.743760 0.639854
vn 0.989428 0.137389 0.046435
vn 0.989428 0.137389 0.046435
vn 0.106161 0.746238 -0.657159
vn 0.120832 0.746235 -0.654624
vn 0.079561 0.745823 -0.661375
vn 0.039511 0.744184 -0.666805
vn -0.009362 0.740542 -0.671945
vn -0.197381 0.709599 -0.676394
vn -0.096688 0.729544 -0.677065
vn -0.347953 0.664382 -0.661457
vn -0.514171 0.589837 -0.622672
vn -0.677649 0.483193 -0.554360
vn -0.823223 0.342880 -0.452479
vn -0.931143 0.175533 -0.319626
vn -0.984198 0.007742 -0.176902
vn -0.983442 -0.181130 -0.005808
vn -0.906200 -0.379300 0.186906
vn -0.714163 -0.575844 0.397963
vn -0.495889 -0.684672 0.534152
vn -0.361799 -0.721376 0.590524
vn -0.348521 -0.724041 0.595229
vn -0.471124 -0.692880 0.545857
vn -0.672841 -0.602523 0.429245
vn -0.882934 -0.413676 0.222035
vn -0.981051 -0.193659 0.005941
vn -0.981188 0.024441 -0.191503
vn -0.920254 0.197628 -0.337750
vn -0.812562 0.355410 -0.461981
vn -0.681821 0.479901 -0.552100
vn -0.535159 0.578256 -0.615812
vn -0.373480 0.654741 -0.657135
vn -0.214275 0.705471 -0.675572
vn -0.043394 0.736942 -0.674561
vn 0.081630 0.745875 -0.661065
vn 0.204423 0.743021 -0.637284
vn 0.301506 0.732195 -0.610725
vn 0.341985 0.725294 -0.597490
vn -0.989427 -0.137394 -0.046437
vn -0.989427 -0.137394 -0.046437
vn -0.185304 -0.744243 0.641689
vn -0.214361 -0.742271 0.634888
vn -0.117633 -0.746250 0.655189
vn -0.033918 -0.743859 0.667476
vn 0.081737 -0.731838 0.676559
vn 0.209969 -0.706545 0.675801
vn 0.366849 -0.657304 0.658311
vn 0.529092 -0.581659 0.617846
vn 0.678993 -0.482137 0.553636
vn 0.813262 -0.354602 0.461369
vn 0.922067 -0.194083 0.334851
vn 0.981819 -0.021157 0.188636
vn 0.990806 0.120063 0.062359
vn 0.965549 0.252711 -0.062071
vn 0.908783 0.375147 -0.182698
vn 0.815781 0.491805 -0.304350
vn 0.693365 0.589712 -0.414107
vn 0.570006 0.655697 -0.495131
vn 0.467668 0.693971 -0.547441
vn 0.385743 0.716152 -0.581661
vn 0.333585 0.726846 -0.600346
vn 0.347604 0.724219 -0.595548
vn 0.467837 0.693918 -0.547364
vn 0.665147 0.607115 -0.434730
vn 0.877759 0.420683 -0.229271
vn 0.980761 0.195076 -0.007275
vn 0.980386 -0.028480 0.195019
vn 0.912595 -0.212115 0.349540
vn 0.788939 -0.381605 0.481614
vn 0.639212 -0.512009 0.573807
vn 0.482654 -0.606237 0.632077
vn 0.328106 -0.671464 0.664442
vn 0.188688 -0.711636 0.676736
vn 0.062578 -0.734528 0.675687
vn -0.035277 -0.743940 0.667315
vn -0.112388 -0.746258 0.656101
vn -0.169939 -0.745013 0.645040
vn -0.193413 -0.743760 0.639853
vn 0.989428 0.137391 0.046437
vn 0.989428 0.137391 0.046437
vn 0.106161 0.746239 -0.657158
vn 0.120832 0.746236 -0.654623
vn 0.079561 0.745824 -0.661375
vn 0.039510 0.744185 -0.666804
vn -0.009362 0.740542 -0.671944
vn -0.126943 0.665658 0.735381
vn -0.126942 0.665658 0.735381
vn -0.126943 0.665658 0.735381
vn -0.126943 0.665658 0.735381
vn -0.126944 0.665658 0.735381
vn -0.126944 0.665658 0.735381
vn -0.126944 0.665657 0.735381
vn -0.126943 0.665657 0.735382
vn -0.126944 0.665657 0.735381
vn -0.126943 0.665657 0.735382
vn -0.126944 0.665658 0.735381
vn -0.126943 0.665657 0.735381
vn -0.126944 0.665657 0.735382
vn -0.126944 0.665657 0.735382
vn -0.126944 0.665657 0.735382
vn -0.126942 0.665657 0.735382
vn -0.126943 0.665657 0.735382
vn -0.126943 0.665657 0.735381
vn -0.126944 0.665657 0.735381
vn -0.126944 0.665657 0.735381
vn -0.126945 0.665657 0.735381
vn -0.126945 0.665657 0.735381
vn -0.126944 0.665657 0.735381
vn -0.126945 0.665657 0.735382
vn -0.126944 0.665657 0.735381
vn -0.126944 0.665657 0.735381
vn -0.126943 0.665657 0.735381
vn -0.126943 0.665657 0.735382
vn -0.126944 0.665657 0.735382
vn -0.126944 0.665657 0.735381
vn -0.126944 0.665658 0.735381
vn -0.126943 0.665658 0.735381
vn -0.126944 0.665658 0.735381
vn -0.126943 0.665657 0.735381
vn -0.126944 0.665657 0.735381
vn -0.126944 0.665658 0.735381
vn -0.126944 0.665658 0.735381
vn -0.126944 0.665658 0.735381
vn -0.126943 0.665657 0.735381
vn -0.126943 0.665657 0.735381
vn -0.126942 0.665657 0.735382
vn -0.126943 0.665658 0.735381
vn -0.126944 0.665658 0.735381
vn -0.126943 0.665657 0.735381
vn -0.126944 0.665657 0.735381
vn -0.126944 0.665657 0.735381
vn -0.126944 0.665657 0.735381
vn -0.126944 0.665657 0.735381
vn -0.126944 0.665657 0.735381
vn -0.126944 0.665657 0.735381
vn -0.126944 0.665658 0.735381
vn -0.126944 0.665657 0.735381
vn -0.126944 0.665657 0.735381
vn -0.126944 0.665657 0.735381
vn -0.126944 0.665657 0.735381
vn -0.126943 0.665657 0.735381
vn -0.126944 0.665657 0.735382
vn -0.126943 0.665657 0.735381
vn -0.126944 0.665657 0.735381
vn -0.126944 0.665657 0.735381
vn -0.126943 0.665658 0.735381
vn -0.126943 0.665657 0.735381
vn -0.126943 0.665657 0.735382
vn -0.126943 0.665657 0.735382
vn -0.126944 0.665656 0.735382
vn -0.126944 0.665656 0.735382
vn -0.126944 0.665658 0.735381
vn -0.126944 0.665657 0.735381
vn -0.126943 0.665658 0.735381
vn -0.126944 0.665658 0.735381
vn -0.126944 0.665657 0.735381
vn -0.126944 0.665657 0.735381
vn -0.126943 0.665657 0.735382
vn 0.126944 -0.665658 -0.735381
vn 0.126944 -0.665658 -0.735381
vn 0.126944 -0.665658 -0.735381
vn 0.126944 -0.665658 -0.735381
vn 0.126943 -0.665658 -0.735381
vn 0.126943 -0.665658 -0.735381
vn 0.126944 -0.665657 -0.735381
vn 0.126944 -0.665657 -0.735381
vn 0.126944 -0.665658 -0.735381
vn 0.126944 -0.665658 -0.735381
vn 0.126944 -0.665657 -0.735381
vn 0.126944 -0.665658 -0.735381
vn 0.126944 -0.665657 -0.735381
vn 0.126944 -0.665657 -0.735381
vn 0.126944 -0.665657 -0.735381
vn 0.126944 -0.665658 -0.735381
vn 0.126943 -0.665657 -0.735381
vn 0.126943 -0.665657 -0.735381
vn 0.126944 -0.665657 -0.735381
vn 0.126944 -0.665657 -0.735381
vn 0.126944 -0.665657 -0.735381
vn 0.126944 -0.665657 -0.735381
vn 0.126944 -0.665657 -0.735381
vn 0.126943 -0.665657 -0.735381
vn 0.126943 -0.665658 -0.735381
vn 0.126944 -0.665658 -0.735381
vn 0.126944 -0.665657 -0.735381
vn 0.126944 -0.665657 -0.735381
vn 0.126944 -0.665657 -0.735381
vn 0.126943 -0.665657 -0.735382
vn 0.126944 -0.665657 -0.735382
vn 0.126944 -0.665657 -0.735382
vn 0.126944 -0.665657 -0.735382
vn 0.126944 -0.665657 -0.735382
vn 0.126944 -0.665657 -0.735382
vn 0.126944 -0.665657 -0.735381
vn 0.126944 -0.665657 -0.735381
vn 0.126944 -0.665657 -0.735381
vn 0.126944 -0.665657 -0.735381
vn 0.126943 -0.665657 -0.735381
vn 0.126944 -0.665657 -0.735381
vn 0.126944 -0.665658 -0.735381
vn 0.126943 -0.665657 -0.735381
vn 0.126943 -0.665658 -0.735381
vn 0.126943 -0.665658 -0.735381
vn 0.126943 -0.665658 -0.735381
vn 0.126943 -0.665657 -0.735381
vn 0.126944 -0.665657 -0.735382
vn 0.126944 -0.665657 -0.735381
vn 0.126944 -0.665657 -0.735382
vn 0.126944 -0.665657 -0.735381
vn 0.126943 -0.665658 -0.735381
vn -0.100551 0.728924 -0.677170
vn -0.230364 0.701324 -0.674595
vn -0.230363 0.701323 -0.674595
vn -0.100551 0.728924 -0.677170
vn -0.415404 0.637556 -0.648815
vn -0.415404 0.637556 -0.648816
vn -0.604940 0.535586 -0.589232
vn -0.604940 0.535586 -0.589233
vn -0.768703 0.402528 -0.497059
vn -0.768702 0.402528 -0.497060
vn -0.889130 0.252278 -0.381842
vn -0.889131 0.252276 -0.381842
vn -0.960708 0.101981 -0.258149
vn -0.960707 0.101980 -0.258151
vn -0.989197 -0.030160 -0.143454
vn -0.989197 -0.030162 -0.143456
vn -0.989465 -0.137001 -0.046788
vn -0.989465 -0.137004 -0.046790
vn -0.969766 -0.239067 0.049000
vn -0.969766 -0.239069 0.048998
vn -0.918635 -0.358551 0.165983
vn -0.918635 -0.358553 0.165980
vn -0.821317 -0.486232 0.298357
vn -0.821316 -0.486234 0.298355
vn -0.672904 -0.602482 0.429204
vn -0.672903 -0.602484 0.429202
vn -0.483428 -0.688886 0.540123
vn -0.483427 -0.688888 0.540121
vn -0.277740 -0.735575 0.617891
vn -0.277739 -0.735577 0.617890
vn -0.087680 -0.746007 0.660141
vn -0.087679 -0.746007 0.660140
vn 0.041869 -0.737122 0.674461
vn 0.041869 -0.737123 0.674461
vn 0.157184 -0.718512 0.677520
vn 0.157184 -0.718512 0.677521
vn 0.229424 -0.701572 0.674657
vn 0.229425 -0.701571 0.674657
vn 0.289501 -0.684236 0.669335
vn 0.289501 -0.684236 0.669336
vn 0.315757 -0.675693 0.666135
vn 0.315757 -0.675693 0.666136
vn 0.989428 0.137388 0.046432
vn 0.989428 0.137388 0.046432
vn 0.989428 0.137390 0.046436
vn 0.989428 0.137390 0.046436
vn -0.070124 0.733502 -0.676060
vn -0.070124 0.733502 -0.676060
vn -0.070124 0.733502 -0.676061
vn -0.070124 0.733502 -0.676061
vn -0.989428 -0.137388 -0.046436
vn -0.989428 -0.137388 -0.046436
vn -0.989428 -0.137389 -0.046436
vn -0.989428 -0.137389 -0.046436
vn -0.326144 0.672146 -0.664718
vn -0.295491 0.682340 -0.668654
vn -0.295491 0.682340 -0.668654
vn -0.326145 0.672146 -0.664718
vn -0.228521 0.701810 -0.674716
vn -0.228521 0.701809 -0.674716
vn -0.153511 0.719263 -0.677566
vn -0.153511 0.719263 -0.677566
vn -0.025430 0.738952 -0.673279
vn -0.025430 0.738951 -0.673279
vn 0.105670 0.746236 -0.657241
vn 0.105670 0.746236 -0.657241
vn 0.310540 0.730780 -0.607887
vn 0.310540 0.730780 -0.607886
vn 0.520077 0.675966 -0.522101
vn 0.520076 0.675968 -0.522100
vn 0.700313 0.585181 -0.408809
vn 0.700311 0.585183 -0.408809
vn 0.835595 0.471248 -0.282324
vn 0.835594 0.471249 -0.282323
vn 0.923979 0.348998 -0.156408
vn 0.923979 0.348997 -0.156407
vn 0.970934 0.235050 -0.045158
vn 0.970934 0.235050 -0.045158
vn 0.989281 0.138903 0.045039
vn 0.989281 0.138903 0.045040
vn 0.990424 0.044490 0.130698
vn 0.990423 0.044490 0.130699
vn 0.969994 -0.071676 0.232323
vn 0.969994 -0.071674 0.232324
vn 0.914099 -0.209334 0.347279
vn 0.914099 -0.209332 0.347280
vn 0.811372 -0.356783 0.463013
vn 0.811372 -0.356781 0.463015
vn 0.656733 -0.499205 0.565239
vn 0.656734 -0.499204 0.565240
vn 0.459883 -0.617385 0.638235
vn 0.459883 -0.617385 0.638235
vn 0.254172 -0.694796 0.672796
vn 0.254172 -0.694796 0.672796
vn 0.087814 -0.730927 0.676783
vn 0.087814 -0.730926 0.676783
vn -0.058865 -0.745128 0.664319
vn -0.058865 -0.745128 0.664318
vn -0.145720 -0.745849 0.649980
vn -0.145720 -0.745851 0.649979
vn -0.206954 -0.742837 0.636681
vn -0.206953 -0.742838 0.636681
vn -0.231047 -0.740831 0.630704
vn -0.231047 -0.740830 0.630704
vn 0.989428 0.137389 0.046435
vn 0.989428 0.137389 0.046435
vn 0.989428 0.137389 0.046435
vn 0.989428 0.137389 0.046435
vn 0.165492 0.745201 -0.645978
vn 0.135188 0.746072 -0.651998
vn 0.135188 0.746072 -0.651998
vn 0.165492 0.745201 -0.645978
vn 0.071043 0.745576 -0.662623
vn 0.071043 0.745577 -0.662622
vn 0.002491 0.741591 -0.670848
vn 0.002491 0.741591 -0.670848
vn -0.230363 0.701324 -0.674595
vn -0.100551 0.728924 -0.677170
vn -0.415405 0.637556 -0.648815
vn -0.604940 0.535587 -0.589232
vn -0.768703 0.402528 -0.497059
vn -0.889131 0.252276 -0.381841
vn -0.960707 0.101980 -0.258151
vn -0.989197 -0.030162 -0.143456
vn -0.989465 -0.137004 -0.046790
vn -0.969766 -0.239069 0.048998
vn -0.918635 -0.358553 0.165980
vn -0.821317 -0.486234 0.298354
vn -0.672904 -0.602484 0.429201
vn -0.483428 -0.688888 0.540121
vn -0.277739 -0.735577 0.617890
vn -0.087680 -0.746007 0.660140
vn 0.041869 -0.737122 0.674461
vn 0.157184 -0.718512 0.677521
vn 0.229425 -0.701571 0.674657
vn 0.289501 -0.684236 0.669336
vn 0.315757 -0.675693 0.666135
vn 0.989428 0.137390 0.046436
vn 0.989428 0.137390 0.046436
vn -0.070123 0.733502 -0.676061
vn -0.070123 0.733502 -0.676061
vn -0.989428 -0.137389 -0.046435
vn -0.989428 -0.137389 -0.046435
vn -0.295491 0.682340 -0.668653
vn -0.326144 0.672146 -0.664717
vn -0.228522 0.701809 -0.674716
vn -0.153511 0.719262 -0.677566
vn -0.025430 0.738951 -0.673279
vn 0.105670 0.746236 -0.657241
vn 0.310540 0.730780 -0.607886
vn 0.520076 0.675968 -0.522100
vn 0.700310 0.585184 -0.408810
vn 0.835595 0.471247 -0.282324
vn 0.923980 0.348996 -0.156407
vn 0.970934 0.235050 -0.045159
vn 0.989281 0.138903 0.045040
vn 0.990423 0.044488 0.130699
vn 0.969994 -0.071675 0.232322
vn 0.914100 -0.209331 0.347278
vn 0.811373 -0.356780 0.463014
vn 0.656734 -0.499204 0.565240
vn 0.459883 -0.617385 0.638235
vn 0.254172 -0.694796 0.672796
vn 0.087814 -0.730926 0.676783
vn -0.058865 -0.745128 0.664318
vn -0.145720 -0.745851 0.649979
vn -0.206953 -0.742837 0.636681
vn -0.231047 -0.740829 0.630706
vn 0.989428 0.137389 0.046435
vn 0.989428 0.137389 0.046435
vn 0.135188 0.746072 -0.651998
vn 0.165492 0.745201 -0.645978
vn 0.071043 0.745577 -0.662622
vn 0.002491 0.741590 -0.670848
vn -0.230363 0.701323 -0.674595
vn -0.100551 0.728924 -0.677170
vn -0.415404 0.637556 -0.648816
vn -0.604940 0.535587 -0.589232
vn -0.768702 0.402529 -0.497059
vn -0.889131 0.252276 -0.381841
vn -0.960707 0.101979 -0.258150
vn -0.989197 -0.030162 -0.143456
vn -0.989465 -0.137004 -0.046790
vn -0.969766 -0.239069 0.048998
vn -0.918635 -0.358553 0.165980
vn -0.821317 -0.486234 0.298354
vn -0.672904 -0.602484 0.429202
vn -0.483427 -0.688888 0.540121
vn -0.277738 -0.735577 0.617890
vn -0.087679 -0.746007 0.660140
vn 0.041869 -0.737123 0.674461
vn 0.157183 -0.718512 0.677521
vn 0.229425 -0.701571 0.674657
vn 0.289502 -0.684236 0.669336
vn 0.315757 -0.675693 0.666135
vn 0.989428 0.137389 0.046435
vn 0.989428 0.137389 0.046435
vn -0.070123 0.733502 -0.676061
vn -0.070123 0.733502 -0.676061
vn -0.989428 -0.137389 -0.046435
vn -0.989428 -0.137389 -0.046435
vn -0.295491 0.682340 -0.668653
vn -0.326143 0.672147 -0.664718
vn -0.228521 0.701809 -0.674716
vn -0.153511 0.719262 -0.677567
vn -0.025430 0.738951 -0.673279
vn 0.105670 0.746235 -0.657242
vn 0.310539 0.730780 -0.607886
vn 0.520075 0.675968 -0.522100
vn 0.700311 0.585183 -0.408810
vn 0.835595 0.471247 -0.282324
vn 0.923979 0.348998 -0.156407
vn 0.970933 0.235051 -0.045158
vn 0.989281 0.138903 0.045041
vn 0.990423 0.044488 0.130699
vn 0.969994 -0.071675 0.232322
vn 0.914100 -0.209331 0.347278
vn 0.811372 -0.356781 0.463015
vn 0.656734 -0.499204 0.565240
vn 0.459883 -0.617385 0.638235
vn 0.254172 -0.694796 0.672796
vn 0.087814 -0.730926 0.676783
vn -0.058866 -0.745128 0.664318
vn -0.145720 -0.745850 0.649979
vn -0.206953 -0.742837 0.636682
vn -0.231047 -0.740829 0.630706
vn 0.989428 0.137389 0.046435
vn 0.989428 0.137389 0.046435
vn 0.135188 0.746072 -0.651998
vn 0.165492 0.745201 -0.645978
vn 0.071043 0.745577 -0.662622
vn 0.002491 0.741591 -0.670848
vn -0.230364 0.701323 -0.674595
vn -0.100552 0.728924 -0.677170
vn -0.415404 0.637555 -0.648816
vn -0.604940 0.535586 -0.589234
vn -0.768703 0.402527 -0.497060
vn -0.889131 0.252275 -0.381843
vn -0.960707 0.101978 -0.258152
vn -0.989197 -0.030164 -0.143458
vn -0.989464 -0.137006 -0.046793
vn -0.969765 -0.239071 0.048996
vn -0.918635 -0.358556 0.165977
vn -0.821317 -0.486235 0.298351
vn -0.672903 -0.602485 0.429201
vn -0.483427 -0.688889 0.540121
vn -0.277739 -0.735578 0.617889
vn -0.087680 -0.746008 0.660139
vn 0.041869 -0.737123 0.674460
vn 0.157183 -0.718512 0.677521
vn 0.229425 -0.701571 0.674658
vn 0.289501 -0.684235 0.669337
vn 0.315757 -0.675692 0.666137
vn 0.989428 0.137391 0.046437
vn 0.989428 0.137391 0.046437
vn -0.070123 0.733502 -0.676061
vn -0.070123 0.733502 -0.676061
vn -0.989428 -0.137389 -0.046435
vn -0.989428 -0.137389 -0.046435
vn -0.295490 0.682339 -0.668654
vn -0.326144 0.672146 -0.664718
vn -0.228520 0.701809 -0.674717
vn -0.153511 0.719262 -0.677567
vn -0.025430 0.738951 -0.673279
vn 0.105670 0.746236 -0.657241
vn 0.310538 0.730781 -0.607886
vn 0.520075 0.675969 -0.522099
vn 0.700311 0.585184 -0.408808
vn 0.835595 0.471249 -0.282322
vn 0.923978 0.349001 -0.156407
vn 0.970933 0.235052 -0.045156
vn 0.989281 0.138902 0.045043
vn 0.990423 0.044490 0.130700
vn 0.969994 -0.071672 0.232324
vn 0.914100 -0.209328 0.347279
vn 0.811372 -0.356779 0.463016
vn 0.656734 -0.499203 0.565241
vn 0.459883 -0.617385 0.638235
vn 0.254173 -0.694796 0.672796
vn 0.087814 -0.730926 0.676784
vn -0.058865 -0.745128 0.664319
vn -0.145720 -0.745851 0.649979
vn -0.206953 -0.742837 0.636681
vn -0.231047 -0.740830 0.630705
vn 0.989428 0.137389 0.046435
vn 0.989428 0.137389 0.046435
vn 0.135188 0.746072 -0.651998
vn 0.165491 0.745201 -0.645979
vn 0.071043 0.745577 -0.662622
vn 0.002490 0.741591 -0.670848
vn -0.126943 0.665658 0.735381
vn -0.126944 0.665658 0.735381
vn -0.126944 0.665658 0.735381
vn -0.126944 0.665657 0.735381
vn -0.126943 0.665657 0.735381
vn -0.126943 0.665657 0.735382
vn -0.126944 0.665657 0.735381
vn -0.126943 0.665657 0.735381
vn -0.126944 0.665658 0.735381
vn -0.126943 0.665658 0.735381
vn -0.126943 0.665657 0.735381
vn -0.126944 0.665658 0.735381
vn -0.126944 0.665657 0.735381
vn -0.126944 0.665657 0.735381
vn -0.126944 0.665657 0.735381
vn -0.126944 0.665657 0.735381
vn -0.126944 0.665657 0.735381
vn -0.126944 0.665657 0.735381
vn -0.126943 0.665657 0.735381
vn -0.126944 0.665657 0.735381
vn -0.126944 0.665657 0.735381
vn -0.126944 0.665657 0.735382
vn -0.126943 0.665657 0.735381
vn -0.126943 0.665657 0.735382
vn -0.126943 0.665657 0.735381
vn -0.126943 0.665657 0.735381
vn -0.126943 0.665657 0.735381
vn -0.126944 0.665657 0.735381
vn -0.126943 0.665657 0.735382
vn -0.126944 0.665657 0.735381
vn -0.126944 0.665657 0.735381
vn -0.126944 0.665657 0.735381
vn -0.126944 0.665657 0.735381
vn -0.126944 0.665657 0.735381
vn -0.126944 0.665657 0.735381
vn -0.126944 0.665657 0.735381
vn -0.126944 0.665657 0.735381
vn -0.126944 0.665658 0.735381
vn -0.126943 0.665657 0.735381
vn -0.126943 0.665657 0.735381
vn -0.126943 0.665657 0.735381
vn -0.126944 0.665657 0.735382
vn -0.126944 0.665657 0.735381
vn -0.126944 0.665657 0.735381
vn -0.126943 0.665657 0.735381
vn -0.126943 0.665658 0.735381
vn -0.126943 0.665657 0.735381
vn -0.126943 0.665657 0.735381
vn -0.126944 0.665657 0.735381
vn -0.126943 0.665657 0.735381
vn -0.126943 0.665657 0.735382
vn -0.126943 0.665657 0.735382
vn 0.126944 -0.665658 -0.735381
vn 0.126945 -0.665657 -0.735381
vn 0.126944 -0.665658 -0.735381
vn 0.126944 -0.665658 -0.735381
vn 0.126943 -0.665658 -0.735381
vn 0.126943 -0.665657 -0.735381
vn 0.126944 -0.665657 -0.735381
vn 0.126944 -0.665657 -0.735382
vn 0.126944 -0.665657 -0.735382
vn 0.126943 -0.665657 -0.735381
vn 0.126944 -0.665657 -0.735381
vn 0.126944 -0.665657 -0.735382
vn 0.126950 -0.665656 -0.735382
vn 0.126944 -0.665658 -0.735381
vn 0.126947 -0.665657 -0.735381
vn 0.126944 -0.665657 -0.735381
vn 0.126943 -0.665657 -0.735381
vn 0.126941 -0.665656 -0.735382
vn 0.126943 -0.665658 -0.735381
vn 0.126943 -0.665657 -0.735381
vn 0.126946 -0.665658 -0.735380
vn 0.126944 -0.665657 -0.735381
vn 0.126944 -0.665657 -0.735382
vn 0.126944 -0.665657 -0.735381
vn 0.126944 -0.665657 -0.735381
vn 0.126944 -0.665658 -0.735381
vn 0.126944 -0.665657 -0.735381
vn 0.126944 -0.665658 -0.735381
vn 0.126944 -0.665658 -0.735381
vn 0.126948 -0.665657 -0.735381
vn 0.126943 -0.665658 -0.735381
vn 0.126944 -0.665658 -0.735381
vn 0.126943 -0.665658 -0.735381
vn 0.126945 -0.665658 -0.735381
vn 0.126943 -0.665657 -0.735381
vn 0.126943 -0.665657 -0.735381
vn 0.126943 -0.665657 -0.735381
vn 0.126944 -0.665658 -0.735381
vn 0.126943 -0.665657 -0.735382
vn 0.126944 -0.665657 -0.735381
vn 0.126943 -0.665657 -0.735382
vn 0.126937 -0.665659 -0.735381
vn 0.126946 -0.665657 -0.735381
vn 0.126945 -0.665657 -0.735381
vn 0.126943 -0.665657 -0.735381
vn 0.126944 -0.665657 -0.735381
vn 0.126944 -0.665658 -0.735381
vn 0.126944 -0.665658 -0.735381
vn 0.126944 -0.665657 -0.735381
vn 0.126942 -0.665657 -0.735381
vn 0.126943 -0.665657 -0.735382
vn 0.126943 -0.665657 -0.735381
vn 0.126943 -0.665657 -0.735381
vn 0.126944 -0.665657 -0.735382
vn 0.126944 -0.665657 -0.735382
vn 0.126944 -0.665656 -0.735382
vn 0.126943 -0.665656 -0.735382
vn 0.126943 -0.665656 -0.735382
vn 0.126943 -0.665657 -0.735382
vn 0.126944 -0.665656 -0.735382
vn 0.126943 -0.665657 -0.735381
vn 0.126943 -0.665657 -0.735381
vn 0.126944 -0.665658 -0.735381
vn 0.126945 -0.665658 -0.735381
vn 0.126944 -0.665657 -0.735381
vn 0.126944 -0.665657 -0.735381
vn 0.126944 -0.665657 -0.735382
vn 0.126944 -0.665657 -0.735381
vn 0.126944 -0.665657 -0.735381
vn 0.126943 -0.665657 -0.735382
vn 0.126943 -0.665658 -0.735381
vn 0.126943 -0.665656 -0.735382
vn 0.126943 -0.665658 -0.735381
vn 0.126944 -0.665658 -0.735381
vn 0.126944 -0.665658 -0.735381
vn 0.126943 -0.665657 -0.735382
vn 0.126944 -0.665657 -0.735381
vn 0.126944 -0.665658 -0.735381
vn 0.126943 -0.665658 -0.735380
vn 0.126944 -0.665657 -0.735382
vn 0.126944 -0.665657 -0.735382
vn 0.126943 -0.665657 -0.735381
vn 0.126943 -0.665658 -0.735381
vn -0.069540 0.733582 -0.676034
vn -0.179285 0.713770 -0.677045
vn -0.179285 0.713771 -0.677044
vn -0.069540 0.733583 -0.676033
vn -0.277494 0.687944 -0.670620
vn -0.277493 0.687945 -0.670619
vn -0.363590 0.658550 -0.658874
vn -0.363590 0.658550 -0.658874
vn -0.402180 0.643164 -0.651607
vn -0.402179 0.643164 -0.651608
vn -0.989428 -0.137389 -0.046431
vn -0.989428 -0.137389 -0.046431
vn -0.989428 -0.137390 -0.046434
vn -0.989428 -0.137390 -0.046434
vn 0.486530 -0.604282 0.630976
vn 0.443053 -0.625260 0.642459
vn 0.443053 -0.625261 0.642458
vn 0.486530 -0.604284 0.630975
vn 0.340749 -0.666995 0.662576
vn 0.340750 -0.666996 0.662575
vn 0.216144 -0.705001 0.675467
vn 0.216144 -0.705001 0.675467
vn 0.035109 -0.737900 0.673996
vn 0.035109 -0.737900 0.673997
vn -0.234550 -0.740499 0.629799
vn -0.234548 -0.740498 0.629801
vn -0.634407 -0.624402 0.455686
vn -0.634406 -0.624401 0.455689
vn -0.911639 -0.370461 0.177967
vn -0.911639 -0.370461 0.177970
vn -0.983758 -0.179343 -0.007483
vn -0.983759 -0.179339 -0.007479
vn -0.989428 -0.137388 -0.046440
vn -0.989429 -0.137384 -0.046435
vn -0.070123 0.733501 -0.676061
vn -0.103225 0.728488 -0.677237
vn -0.103225 0.728488 -0.677237
vn -0.070123 0.733502 -0.676061
vn -0.164867 0.716907 -0.677395
vn -0.164867 0.716907 -0.677394
vn -0.283244 0.686183 -0.670019
vn -0.283245 0.686184 -0.670018
vn -0.427377 0.632327 -0.646151
vn -0.427378 0.632328 -0.646149
vn -0.591490 0.544342 -0.594837
vn -0.591490 0.544344 -0.594836
vn -0.760475 0.410677 -0.503013
vn -0.760475 0.410677 -0.503013
vn -0.901815 0.231280 -0.365019
vn -0.901815 0.231278 -0.365022
vn -0.978854 0.035830 -0.201399
vn -0.978853 0.035829 -0.201403
vn -0.990918 -0.118252 -0.064013
vn -0.990918 -0.118253 -0.064014
vn -0.959271 -0.271006 0.079719
vn -0.959271 -0.271005 0.079717
vn -0.886249 -0.409075 0.217304
vn -0.886248 -0.409077 0.217302
vn -0.771100 -0.532567 0.348966
vn -0.771100 -0.532569 0.348962
vn -0.630607 -0.626426 0.458176
vn -0.630606 -0.626428 0.458176
vn -0.468407 -0.693737 0.547104
vn -0.468403 -0.693738 0.547106
vn -0.283505 -0.734801 0.616192
vn -0.283505 -0.734800 0.616193
vn -0.097631 -0.746164 0.658564
vn -0.097632 -0.746164 0.658565
vn 0.102910 -0.728540 0.677229
vn 0.102910 -0.728540 0.677229
vn 0.302256 -0.680161 0.667849
vn 0.302256 -0.680161 0.667849
vn 0.489942 -0.602548 0.629995
vn 0.489943 -0.602549 0.629993
vn 0.626725 -0.520817 0.579626
vn 0.626725 -0.520819 0.579624
vn 0.678726 -0.482347 0.553780
vn 0.678727 -0.482349 0.553777
vn -0.909275 -0.374346 0.181888
vn -0.847325 -0.458206 0.268490
vn -0.847325 -0.458204 0.268494
vn -0.909275 -0.374346 0.181893
vn -0.620801 -0.631543 0.464499
vn -0.620801 -0.631542 0.464500
vn -0.269600 -0.736624 0.620243
vn -0.269600 -0.736623 0.620243
vn -0.009019 -0.742123 0.670203
vn -0.009019 -0.742123 0.670203
vn 0.171193 -0.715550 0.677259
vn 0.171193 -0.715551 0.677259
vn 0.277840 -0.687838 0.670585
vn 0.277840 -0.687839 0.670583
vn 0.384981 -0.650196 0.655007
vn 0.384980 -0.650198 0.655006
vn 0.437319 -0.627874 0.643837
vn 0.437322 -0.627875 0.643835
vn 0.972420 0.229762 -0.040111
vn 0.972420 0.229762 -0.040111
vn 0.972420 0.229760 -0.040113
vn 0.972420 0.229760 -0.040113
vn -0.215971 0.705043 -0.675478
vn -0.203651 0.708095 -0.676113
vn -0.203649 0.708095 -0.676112
vn -0.215971 0.705044 -0.675477
vn -0.173751 0.714993 -0.677197
vn -0.173750 0.714994 -0.677196
vn -0.131949 0.723457 -0.677642
vn -0.131950 0.723458 -0.677642
vn 0.121163 0.746233 -0.654565
vn 0.121163 0.746233 -0.654565
vn 0.155508 0.745567 -0.648033
vn 0.155506 0.745567 -0.648033
vn 0.640427 0.621146 -0.451698
vn 0.805914 0.501426 -0.314762
vn 0.805916 0.501421 -0.314763
vn 0.640433 0.621141 -0.451696
vn 0.955177 0.281924 -0.090307
vn 0.955178 0.281921 -0.090310
vn 0.988558 0.145797 0.038678
vn 0.988559 0.145794 0.038675
vn 0.988724 0.144285 0.040075
vn 0.988725 0.144282 0.040072
vn 0.969391 0.240334 -0.050206
vn 0.969391 0.240333 -0.050210
vn 0.914877 0.365031 -0.172490
vn 0.914876 0.365031 -0.172495
vn 0.805965 0.501378 -0.314707
vn 0.805966 0.501374 -0.314710
vn 0.633970 0.624638 -0.455970
vn 0.633971 0.624635 -0.455973
vn 0.424916 0.706404 -0.566074
vn 0.424916 0.706402 -0.566076
vn 0.225057 0.741373 -0.632231
vn 0.225056 0.741373 -0.632231
vn 0.059138 0.745139 -0.664282
vn 0.059138 0.745139 -0.664282
vn 0.082762 -0.731686 0.676599
vn 0.038581 -0.737505 0.674239
vn 0.038581 -0.737505 0.674239
vn 0.082762 -0.731686 0.676599
vn -0.989428 -0.137392 -0.046436
vn -0.989428 -0.137392 -0.046436
vn -0.989428 -0.137389 -0.046433
vn -0.989428 -0.137389 -0.046433
vn -0.636975 0.513605 -0.574868
vn -0.584628 0.548707 -0.597604
vn -0.584629 0.548708 -0.597602
vn -0.636976 0.513607 -0.574865
vn -0.452115 0.621057 -0.640219
vn -0.452114 0.621059 -0.640218
vn -0.278534 0.687627 -0.670513
vn -0.278533 0.687628 -0.670512
vn -0.108370 0.727634 -0.677351
vn -0.108370 0.727634 -0.677351
vn 0.110244 0.746255 -0.656468
vn 0.110244 0.746254 -0.656468
vn 0.303558 0.731880 -0.610086
vn 0.303558 0.731879 -0.610086
vn 0.487912 0.687393 -0.537991
vn 0.487914 0.687390 -0.537992
vn 0.642621 0.619945 -0.450229
vn 0.642621 0.619942 -0.450234
vn 0.775364 0.528970 -0.344966
vn 0.775365 0.528966 -0.344969
vn 0.886457 0.408784 -0.217001
vn 0.886459 0.408780 -0.217002
vn 0.958767 0.272388 -0.081056
vn 0.958767 0.272388 -0.081061
vn 0.991390 0.109140 0.072347
vn 0.991391 0.109134 0.072346
vn 0.972395 -0.062821 0.224726
vn 0.972395 -0.062827 0.224724
vn 0.877793 -0.269854 0.395799
vn 0.877795 -0.269856 0.395795
vn 0.729520 -0.439670 0.523919
vn 0.729520 -0.439673 0.523917
vn 0.573769 -0.555477 0.601858
vn 0.573768 -0.555480 0.601857
vn 0.427243 -0.632387 0.646181
vn 0.427244 -0.632388 0.646180
vn 0.290800 -0.683827 0.669190
vn 0.290799 -0.683828 0.669190
vn 0.171143 -0.715562 0.677260
vn 0.171144 -0.715562 0.677260
vn -0.179285 0.713771 -0.677043
vn -0.069540 0.733583 -0.676033
vn -0.277493 0.687945 -0.670619
vn -0.363589 0.658550 -0.658873
vn -0.402179 0.643164 -0.651607
vn -0.989428 -0.137389 -0.046435
vn -0.989428 -0.137389 -0.046435
vn 0.443053 -0.625261 0.642458
vn 0.486530 -0.604284 0.630975
vn 0.340751 -0.666995 0.662576
vn 0.216145 -0.705000 0.675468
vn 0.035109 -0.737899 0.673997
vn -0.234550 -0.740498 0.629801
vn -0.634408 -0.624400 0.455688
vn -0.911638 -0.370462 0.177971
vn -0.983759 -0.179340 -0.007479
vn -0.989429 -0.137384 -0.046435
vn -0.103224 0.728488 -0.677237
vn -0.070122 0.733502 -0.676061
vn -0.164867 0.716907 -0.677394
vn -0.283245 0.686184 -0.670018
vn -0.427379 0.632328 -0.646149
vn -0.591490 0.544344 -0.594836
vn -0.760475 0.410677 -0.503014
vn -0.901815 0.231277 -0.365023
vn -0.978853 0.035828 -0.201403
vn -0.990918 -0.118252 -0.064014
vn -0.959273 -0.271001 0.079716
vn -0.886249 -0.409074 0.217302
vn -0.771102 -0.532567 0.348961
vn -0.630606 -0.626427 0.458176
vn -0.468400 -0.693740 0.547108
vn -0.283505 -0.734800 0.616193
vn -0.097631 -0.746164 0.658564
vn 0.102910 -0.728540 0.677229
vn 0.302256 -0.680161 0.667849
vn 0.489942 -0.602549 0.629993
vn 0.626724 -0.520819 0.579624
vn 0.678728 -0.482348 0.553777
vn -0.847324 -0.458205 0.268495
vn -0.909273 -0.374348 0.181895
vn -0.620800 -0.631543 0.464501
vn -0.269599 -0.736624 0.620243
vn -0.009019 -0.742123 0.670203
vn 0.171193 -0.715551 0.677259
vn 0.277840 -0.687840 0.670583
vn 0.384983 -0.650198 0.655005
vn 0.437326 -0.627873 0.643833
vn 0.972421 0.229757 -0.040113
vn 0.972421 0.229757 -0.040113
vn -0.203647 0.708096 -0.676112
vn -0.215964 0.705046 -0.675478
vn -0.173752 0.714994 -0.677196
vn -0.131950 0.723458 -0.677641
vn 0.121163 0.746233 -0.654565
vn 0.155505 0.745567 -0.648034
vn 0.805915 0.501423 -0.314764
vn 0.640436 0.621139 -0.451694
vn 0.955177 0.281923 -0.090308
vn 0.988559 0.145794 0.038675
vn 0.988725 0.144282 0.040072
vn 0.969391 0.240335 -0.050210
vn 0.914876 0.365031 -0.172493
vn 0.805969 0.501371 -0.314708
vn 0.633972 0.624634 -0.455974
vn 0.424917 0.706402 -0.566076
vn 0.225056 0.741373 -0.632231
vn 0.059139 0.745139 -0.664281
vn 0.038581 -0.737505 0.674239
vn 0.082762 -0.731686 0.676599
vn -0.989428 -0.137388 -0.046434
vn -0.989428 -0.137388 -0.046434
vn -0.584630 0.548708 -0.597601
vn -0.636979 0.513606 -0.574863
vn -0.452113 0.621060 -0.640218
vn -0.278533 0.687628 -0.670512
vn -0.108370 0.727634 -0.677351
vn 0.110244 0.746254 -0.656469
vn 0.303558 0.731879 -0.610087
vn 0.487916 0.687389 -0.537992
vn 0.642622 0.619941 -0.450234
vn 0.775359 0.528971 -0.344975
vn 0.886457 0.408783 -0.217003
vn 0.958765 0.272393 -0.081061
vn 0.991391 0.109134 0.072349
vn 0.972395 -0.062827 0.224724
vn 0.877797 -0.269854 0.395792
vn 0.729519 -0.439674 0.523916
vn 0.573768 -0.555480 0.601857
vn 0.427245 -0.632387 0.646180
vn 0.290799 -0.683828 0.669190
vn 0.171143 -0.715562 0.677260
vn -0.179285 0.713770 -0.677044
vn -0.069540 0.733582 -0.676033
vn -0.277493 0.687944 -0.670620
vn -0.363589 0.658549 -0.658875
vn -0.402179 0.643163 -0.651608
vn -0.989428 -0.137389 -0.046435
vn -0.989428 -0.137389 -0.046435
vn 0.443052 -0.625260 0.642459
vn 0.486529 -0.604283 0.630976
vn 0.340750 -0.666994 0.662577
vn 0.216145 -0.704999 0.675468
vn 0.035109 -0.737899 0.673997
vn -0.234549 -0.740499 0.629800
vn -0.634408 -0.624402 0.455685
vn -0.911637 -0.370466 0.177968
vn -0.983758 -0.179344 -0.007483
vn -0.989428 -0.137387 -0.046441
vn -0.103224 0.728488 -0.677237
vn -0.070122 0.733502 -0.676060
vn -0.164867 0.716907 -0.677395
vn -0.283245 0.686183 -0.670019
vn -0.427379 0.632327 -0.646150
vn -0.591490 0.544342 -0.594837
vn -0.760474 0.410676 -0.503015
vn -0.901814 0.231276 -0.365024
vn -0.978853 0.035826 -0.201402
vn -0.990918 -0.118253 -0.064014
vn -0.959272 -0.271003 0.079716
vn -0.886248 -0.409076 0.217303
vn -0.771102 -0.532566 0.348962
vn -0.630605 -0.626427 0.458176
vn -0.468402 -0.693740 0.547106
vn -0.283507 -0.734801 0.616191
vn -0.097632 -0.746164 0.658564
vn 0.102910 -0.728540 0.677229
vn 0.302256 -0.680161 0.667849
vn 0.489942 -0.602548 0.629995
vn 0.626724 -0.520818 0.579626
vn 0.678728 -0.482345 0.553779
vn -0.847323 -0.458208 0.268493
vn -0.909273 -0.374350 0.181892
vn -0.620800 -0.631544 0.464499
vn -0.269599 -0.736624 0.620243
vn -0.009018 -0.742123 0.670203
vn 0.171193 -0.715551 0.677259
vn 0.277838 -0.687839 0.670585
vn 0.384982 -0.650196 0.655007
vn 0.437328 -0.627871 0.643834
vn 0.972421 0.229758 -0.040109
vn 0.972421 0.229758 -0.040109
vn -0.203648 0.708095 -0.676113
vn -0.215966 0.705045 -0.675478
vn -0.173754 0.714993 -0.677196
vn -0.131948 0.723458 -0.677642
vn 0.121165 0.746233 -0.654564
vn 0.155506 0.745567 -0.648033
vn 0.805913 0.501427 -0.314763
vn 0.640435 0.621141 -0.451693
vn 0.955176 0.281928 -0.090308
vn 0.988558 0.145797 0.038679
vn 0.988724 0.144285 0.040075
vn 0.969390 0.240336 -0.050206
vn 0.914879 0.365028 -0.172487
vn 0.805968 0.501373 -0.314706
vn 0.633969 0.624637 -0.455973
vn 0.424917 0.706403 -0.566075
vn 0.225056 0.741373 -0.632230
vn 0.059139 0.745140 -0.664281
vn 0.038581 -0.737505 0.674239
vn 0.082762 -0.731686 0.676599
vn -0.989428 -0.137391 -0.046436
vn -0.989428 -0.137391 -0.046436
vn -0.584629 0.548707 -0.597603
vn -0.636980 0.513602 -0.574864
vn -0.452112 0.621058 -0.640219
vn -0.278533 0.687627 -0.670513
vn -0.108370 0.727634 -0.677352
vn 0.110243 0.746255 -0.656468
vn 0.303558 0.731880 -0.610085
vn 0.487916 0.687391 -0.537989
vn 0.642622 0.619943 -0.450230
vn 0.775355 0.528977 -0.344976
vn 0.886457 0.408785 -0.217000
vn 0.958767 0.272390 -0.081054
vn 0.991390 0.109141 0.072349
vn 0.972395 -0.062820 0.224727
vn 0.877793 -0.269854 0.395799
vn 0.729519 -0.439672 0.523918
vn 0.573769 -0.555478 0.601858
vn 0.427244 -0.632386 0.646181
vn 0.290799 -0.683827 0.669191
vn 0.171143 -0.715561 0.677261
vn -0.179285 0.713770 -0.677045
vn -0.069540 0.733582 -0.676034
vn -0.277493 0.687943 -0.670620
vn -0.363589 0.658548 -0.658876
vn -0.402179 0.643161 -0.651610
vn -0.989428 -0.137391 -0.046437
vn -0.989428 -0.137391 -0.046437
vn 0.443052 -0.625260 0.642459
vn 0.486530 -0.604283 0.630976
vn 0.340749 -0.666995 0.662576
vn 0.216144 -0.705000 0.675468
vn 0.035109 -0.737899 0.673997
vn -0.234549 -0.740499 0.629800
vn -0.634406 -0.624404 0.455685
vn -0.911636 -0.370470 0.177967
vn -0.983758 -0.179344 -0.007485
vn -0.989428 -0.137386 -0.046442
vn -0.103225 0.728488 -0.677237
vn -0.070123 0.733502 -0.676061
vn -0.164867 0.716907 -0.677395
vn -0.283245 0.686183 -0.670019
vn -0.427378 0.632328 -0.646150
vn -0.591489 0.544342 -0.594838
vn -0.760473 0.410676 -0.503017
vn -0.901814 0.231274 -0.365025
vn -0.978853 0.035822 -0.201404
vn -0.990918 -0.118255 -0.064016
vn -0.959270 -0.271009 0.079716
vn -0.886246 -0.409081 0.217303
vn -0.771102 -0.532568 0.348960
vn -0.630604 -0.626429 0.458176
vn -0.468402 -0.693740 0.547105
vn -0.283508 -0.734801 0.616190
vn -0.097632 -0.746164 0.658564
vn 0.102910 -0.728540 0.677229
vn 0.302257 -0.680161 0.667849
vn 0.489942 -0.602548 0.629994
vn 0.626724 -0.520818 0.579625
vn 0.678729 -0.482346 0.553778
vn -0.847323 -0.458209 0.268494
vn -0.909273 -0.374350 0.181892
vn -0.620801 -0.631544 0.464498
vn -0.269601 -0.736624 0.620242
vn -0.009018 -0.742123 0.670203
vn 0.171192 -0.715551 0.677259
vn 0.277836 -0.687839 0.670585
vn 0.384980 -0.650197 0.655007
vn 0.437328 -0.627871 0.643834
vn 0.972421 0.229759 -0.040108
vn 0.972421 0.229759 -0.040108
vn -0.203651 0.708095 -0.676113
vn -0.215974 0.705043 -0.675478
vn -0.173753 0.714993 -0.677196
vn -0.131947 0.723458 -0.677642
vn 0.121165 0.746233 -0.654565
vn 0.155508 0.745567 -0.648033
vn 0.805911 0.501427 -0.314766
vn 0.640437 0.621139 -0.451692
vn 0.955175 0.281928 -0.090313
vn 0.988558 0.145796 0.038679
vn 0.988724 0.144285 0.040075
vn 0.969391 0.240334 -0.050206
vn 0.914880 0.365025 -0.172487
vn 0.805967 0.501374 -0.314707
vn 0.633968 0.624638 -0.455974
vn 0.424916 0.706403 -0.566075
vn 0.225056 0.741374 -0.632230
vn 0.059139 0.745140 -0.664281
vn 0.038581 -0.737505 0.674239
vn 0.082761 -0.731686 0.676599
vn -0.989428 -0.137390 -0.046434
vn -0.989428 -0.137390 -0.046434
vn -0.584629 0.548706 -0.597604
vn -0.636980 0.513602 -0.574865
vn -0.452112 0.621058 -0.640220
vn -0.278533 0.687627 -0.670513
vn -0.108370 0.727634 -0.677352
vn 0.110243 0.746255 -0.656468
vn 0.303559 0.731881 -0.610084
vn 0.487916 0.687391 -0.537988
vn 0.642618 0.619945 -0.450233
vn 0.775357 0.528975 -0.344974
vn 0.886460 0.408779 -0.216996
vn 0.958769 0.272383 -0.081052
vn 0.991390 0.109144 0.072343
vn 0.972395 -0.062820 0.224727
vn 0.877790 -0.269859 0.395805
vn 0.729518 -0.439672 0.523920
vn 0.573769 -0.555477 0.601859
vn 0.427244 -0.632387 0.646181
vn 0.290799 -0.683827 0.669191
vn 0.171143 -0.715562 0.677260
vn -0.126944 0.665658 0.735381
vn -0.126944 0.665657 0.735381
vn -0.126945 0.665657 0.735381
vn -0.126944 0.665657 0.735381
vn -0.126943 0.665657 0.735381
vn -0.126944 0.665657 0.735381
vn -0.126944 0.665657 0.735381
vn -0.126944 0.665657 0.735381
vn -0.126944 0.665657 0.735381
vn -0.126944 0.665657 0.735381
vn -0.126943 0.665657 0.735381
vn -0.126943 0.665657 0.735381
vn -0.126939 0.665658 0.735381
vn -0.126941 0.665658 0.735381
vn -0.126941 0.665658 0.735381
vn -0.126944 0.665657 0.735381
vn -0.126943 0.665658 0.735381
vn -0.126942 0.665657 0.735382
vn -0.126943 0.665658 0.735381
vn -0.126943 0.665657 0.735382
vn -0.126945 0.665658 0.735381
vn -0.126943 0.665657 0.735381
vn -0.126944 0.665657 0.735381
vn -0.126944 0.665657 0.735382
vn -0.126944 0.665657 0.735381
vn -0.126944 0.665657 0.735381
vn -0.126944 0.665657 0.735381
vn -0.126943 0.665657 0.735381
vn -0.126944 0.665657 0.735381
vn -0.126947 0.665657 0.735381
vn -0.126944 0.665657 0.735381
vn -0.126943 0.665658 0.735381
vn -0.126944 0.665658 0.735381
vn -0.126944 0.665658 0.735381
vn -0.126944 0.665657 0.735381
vn -0.126943 0.665657 0.735381
vn -0.126943 0.665657 0.735381
vn -0.126943 0.665658 0.735381
vn -0.126943 0.665658 0.735381
vn -0.126944 0.665657 0.735381
vn -0.126943 0.665657 0.735382
vn -0.126936 0.665659 0.735381
vn -0.126945 0.665657 0.735381
vn -0.126943 0.665657 0.735381
vn -0.126943 0.665657 0.735381
vn -0.126944 0.665657 0.735381
vn -0.126944 0.665658 0.735381
vn -0.126945 0.665658 0.735381
vn -0.126944 0.665657 0.735381
vn -0.126943 0.665656 0.735382
vn -0.126943 0.665657 0.735382
vn -0.126943 0.665658 0.735381
vn -0.126943 0.665657 0.735381
vn -0.126944 0.665657 0.735382
vn -0.126944 0.665657 0.735382
vn -0.126944 0.665657 0.735381
vn -0.126944 0.665657 0.735382
vn -0.126945 0.665658 0.735381
vn -0.126943 0.665657 0.735381
vn -0.126943 0.665657 0.735382
vn -0.126943 0.665657 0.735382
vn -0.126944 0.665657 0.735381
vn -0.126943 0.665657 0.735382
vn -0.126943 0.665657 0.735381
vn -0.126945 0.665658 0.735381
vn -0.126943 0.665657 0.735381
vn -0.126943 0.665657 0.735381
vn -0.126944 0.665658 0.735381
vn -0.126944 0.665657 0.735381
vn -0.126944 0.665657 0.735381
vn -0.126943 0.665657 0.735381
vn -0.126943 0.665657 0.735382
vn -0.126944 0.665658 0.735380
vn -0.126944 0.665657 0.735382
vn -0.126944 0.665658 0.735381
vn -0.126944 0.665658 0.735381
vn -0.126943 0.665657 0.735382
vn -0.126943 0.665658 0.735381
vn -0.126943 0.665657 0.735381
vn -0.126943 0.665657 0.735382
vn -0.126943 0.665658 0.735381
vn -0.126944 0.665657 0.735381
vn -0.126943 0.665658 0.735381
vn 0.126943 -0.665657 -0.735381
vn 0.126943 -0.665657 -0.735381
vn 0.126943 -0.665657 -0.735381
vn 0.126943 -0.665657 -0.735381
vn 0.126944 -0.665658 -0.735381
vn 0.126944 -0.665658 -0.735381
vn 0.126943 -0.665658 -0.735381
vn 0.126944 -0.665657 -0.735381
vn 0.126944 -0.665657 -0.735381
vn 0.126944 -0.665657 -0.735381
vn 0.126944 -0.665657 -0.735381
vn 0.126944 -0.665657 -0.735381
vn 0.126944 -0.665657 -0.735381
vn 0.126943 -0.665657 -0.735381
vn 0.126943 -0.665657 -0.735381
vn 0.126944 -0.665657 -0.735382
vn 0.126944 -0.665657 -0.735381
vn 0.126943 -0.665657 -0.735381
vn 0.126944 -0.665657 -0.735381
vn 0.126944 -0.665657 -0.735381
vn 0.126944 -0.665657 -0.735381
vn 0.126944 -0.665657 -0.735381
vn 0.126944 -0.665657 -0.735381
vn 0.126942 -0.665657 -0.735381
vn 0.126943 -0.665657 -0.735382
vn 0.126944 -0.665657 -0.735381
vn 0.126944 -0.665657 -0.735381
vn 0.126944 -0.665658 -0.735381
vn 0.126944 -0.665657 -0.735381
vn 0.126943 -0.665657 -0.735382
vn 0.126942 -0.665656 -0.735383
vn 0.126944 -0.665657 -0.735382
vn 0.126943 -0.665657 -0.735382
vn 0.126944 -0.665657 -0.735381
vn 0.126944 -0.665657 -0.735381
vn 0.126944 -0.665657 -0.735381
vn 0.126944 -0.665658 -0.735381
vn 0.126944 -0.665657 -0.735381
vn 0.126944 -0.665657 -0.735381
vn 0.126944 -0.665657 -0.735381
vn 0.126943 -0.665657 -0.735381
vn 0.126943 -0.665657 -0.735381
vn 0.126942 -0.665657 -0.735382
vn 0.126944 -0.665657 -0.735381
vn 0.126944 -0.665657 -0.735382
vn 0.126944 -0.665657 -0.735382
vn 0.126944 -0.665657 -0.735381
vn -0.120888 0.725470 -0.677554
vn -0.334972 0.669055 -0.663445
vn -0.334974 0.669056 -0.663443
vn -0.120889 0.725471 -0.677553
vn -0.584653 0.548690 -0.597594
vn -0.584654 0.548693 -0.597592
vn -0.768434 0.402793 -0.497259
vn -0.768436 0.402796 -0.497253
vn -0.832081 0.332090 -0.444250
vn -0.832082 0.332096 -0.444244
vn 0.860751 0.442367 -0.251832
vn 0.785447 0.520228 -0.335313
vn 0.785445 0.520227 -0.335319
vn 0.860751 0.442363 -0.251837
vn 0.547457 0.665251 -0.507673
vn 0.547454 0.665251 -0.507676
vn 0.227287 0.741173 -0.631667
vn 0.227286 0.741174 -0.631667
vn -0.070122 0.733501 -0.676061
vn -0.070123 0.733502 -0.676061
vn -0.332373 0.669972 -0.663827
vn -0.332375 0.669972 -0.663825
vn -0.579301 0.552047 -0.599712
vn -0.579304 0.552049 -0.599707
vn -0.762164 0.409016 -0.501808
vn -0.762165 0.409020 -0.501804
vn -0.826075 0.339444 -0.449863
vn -0.826074 0.339450 -0.449861
vn 0.989428 0.137391 0.046437
vn 0.989428 0.137391 0.046437
vn 0.989428 0.137388 0.046434
vn 0.989428 0.137388 0.046434
vn -0.070124 0.733502 -0.676060
vn -0.070124 0.733502 -0.676060
vn -0.070124 0.733502 -0.676061
vn -0.070124 0.733502 -0.676061
vn -0.989427 -0.137395 -0.046442
vn -0.989427 -0.137395 -0.046442
vn -0.989428 -0.137389 -0.046435
vn -0.989428 -0.137389 -0.046435
vn 0.070123 -0.733501 0.676061
vn 0.070123 -0.733501 0.676061
vn 0.070123 -0.733502 0.676061
vn 0.070123 -0.733502 0.676061
vn 0.989428 0.137391 0.046438
vn 0.989428 0.137391 0.046438
vn 0.989428 0.137389 0.046435
vn 0.989428 0.137389 0.046435
vn 0.789984 -0.380487 0.480785
vn 0.746778 -0.423816 0.512546
vn 0.746777 -0.423819 0.512544
vn 0.789984 -0.380490 0.480782
vn 0.616209 -0.528039 0.584347
vn 0.616208 -0.528042 0.584346
vn 0.395713 -0.645841 0.652917
vn 0.395714 -0.645842 0.652915
vn 0.083583 -0.731564 0.676630
vn 0.083584 -0.731564 0.676630
vn -0.314984 -0.730059 0.606464
vn -0.314980 -0.730059 0.606467
vn -0.727908 -0.566148 0.386815
vn -0.727906 -0.566149 0.386817
vn -0.937739 -0.322189 0.129766
vn -0.937739 -0.322190 0.129769
vn -0.988584 -0.145563 -0.038895
vn -0.988585 -0.145558 -0.038889
vn -0.989428 -0.137391 -0.046437
vn -0.989429 -0.137386 -0.046432
vn 0.070123 -0.733501 0.676062
vn 0.070123 -0.733501 0.676062
vn 0.070124 -0.733501 0.676061
vn 0.070124 -0.733501 0.676061
vn 0.989428 0.137391 0.046437
vn 0.989428 0.137391 0.046437
vn 0.989428 0.137387 0.046432
vn 0.989428 0.137387 0.046432
vn 0.789850 -0.380632 0.480890
vn 0.745173 -0.425324 0.513632
vn 0.745173 -0.425325 0.513631
vn 0.789850 -0.380634 0.480889
vn 0.611081 -0.531498 0.586592
vn 0.611081 -0.531499 0.586591
vn 0.388928 -0.648608 0.654250
vn 0.388927 -0.648610 0.654249
vn 0.083523 -0.731573 0.676628
vn 0.083524 -0.731573 0.676627
vn -0.318856 -0.729416 0.605213
vn -0.318857 -0.729415 0.605214
vn -0.731779 -0.563340 0.383597
vn -0.731778 -0.563337 0.383603
vn -0.938635 -0.320319 0.127907
vn -0.938636 -0.320314 0.127913
vn -0.988598 -0.145437 -0.039016
vn -0.988599 -0.145433 -0.039011
vn -0.989427 -0.137394 -0.046439
vn -0.989428 -0.137390 -0.046434
vn 0.070123 -0.733502 0.676060
vn 0.070123 -0.733502 0.676060
vn 0.070123 -0.733502 0.676060
vn 0.070123 -0.733502 0.676060
vn 0.989428 0.137391 0.046437
vn 0.989006 0.141628 0.042529
vn 0.989007 0.141624 0.042525
vn 0.989429 0.137387 0.046433
vn 0.968646 0.242816 -0.052580
vn 0.968647 0.242813 -0.052583
vn 0.915406 0.364130 -0.171582
vn 0.915408 0.364126 -0.171583
vn 0.817138 0.490451 -0.302891
vn 0.817136 0.490452 -0.302895
vn 0.672218 0.602898 -0.429694
vn 0.672218 0.602898 -0.429695
vn 0.488729 0.687117 -0.537601
vn 0.488730 0.687115 -0.537602
vn 0.285426 0.734536 -0.615620
vn 0.285427 0.734536 -0.615621
vn 0.092949 0.746100 -0.659314
vn 0.092948 0.746100 -0.659314
vn -0.334971 0.669057 -0.663444
vn -0.120888 0.725471 -0.677553
vn -0.584652 0.548694 -0.597593
vn -0.768437 0.402797 -0.497252
vn -0.832082 0.332098 -0.444242
vn 0.785445 0.520227 -0.335321
vn 0.860752 0.442361 -0.251839
vn 0.547451 0.665253 -0.507677
vn 0.227286 0.741174 -0.631666
vn -0.070122 0.733502 -0.676060
vn -0.332376 0.669973 -0.663824
vn -0.579305 0.552049 -0.599706
vn -0.762164 0.409021 -0.501804
vn -0.826072 0.339452 -0.449864
vn 0.989428 0.137387 0.046435
vn 0.989428 0.137387 0.046435
vn -0.070123 0.733501 -0.676061
vn -0.070123 0.733501 -0.676061
vn -0.989429 -0.137386 -0.046432
vn -0.989429 -0.137386 -0.046432
vn 0.070123 -0.733502 0.676061
vn 0.070123 -0.733502 0.676061
vn 0.989428 0.137388 0.046434
vn 0.989428 0.137388 0.046434
vn 0.746776 -0.423819 0.512545
vn 0.789984 -0.380491 0.480783
vn 0.616204 -0.528043 0.584348
vn 0.395710 -0.645843 0.652916
vn 0.083583 -0.731564 0.676630
vn -0.314982 -0.730058 0.606466
vn -0.727906 -0.566149 0.386817
vn -0.937737 -0.322193 0.129770
vn -0.988585 -0.145561 -0.038890
vn -0.989428 -0.137388 -0.046434
vn 0.070124 -0.733502 0.676060
vn 0.070124 -0.733502 0.676060
vn 0.989428 0.137388 0.046432
vn 0.989428 0.137388 0.046432
vn 0.745173 -0.425325 0.513631
vn 0.789852 -0.380632 0.480888
vn 0.611080 -0.531500 0.586591
vn 0.388926 -0.648610 0.654249
vn 0.083522 -0.731573 0.676628
vn -0.318860 -0.729413 0.605214
vn -0.731780 -0.563334 0.383605
vn -0.938636 -0.320313 0.127918
vn -0.988599 -0.145431 -0.039009
vn -0.989428 -0.137387 -0.046433
vn 0.070123 -0.733502 0.676061
vn 0.070123 -0.733502 0.676061
vn 0.989006 0.141625 0.042526
vn 0.989428 0.137388 0.046434
vn 0.968647 0.242812 -0.052580
vn 0.915410 0.364123 -0.171580
vn 0.817132 0.490456 -0.302899
vn 0.672218 0.602898 -0.429695
vn 0.488733 0.687114 -0.537601
vn 0.285430 0.734535 -0.615620
vn 0.092950 0.746100 -0.659314
vn -0.334973 0.669055 -0.663444
vn -0.120888 0.725470 -0.677554
vn -0.584651 0.548693 -0.597595
vn -0.768437 0.402793 -0.497255
vn -0.832083 0.332091 -0.444245
vn 0.785445 0.520229 -0.335317
vn 0.860751 0.442365 -0.251835
vn 0.547453 0.665254 -0.507674
vn 0.227286 0.741174 -0.631666
vn -0.070123 0.733502 -0.676061
vn -0.332376 0.669972 -0.663826
vn -0.579304 0.552047 -0.599709
vn -0.762163 0.409018 -0.501808
vn -0.826072 0.339448 -0.449866
vn 0.989428 0.137389 0.046437
vn 0.989428 0.137389 0.046437
vn -0.070123 0.733502 -0.676061
vn -0.070123 0.733502 -0.676061
vn -0.989428 -0.137392 -0.046438
vn -0.989428 -0.137392 -0.046438
vn 0.070123 -0.733501 0.676061
vn 0.070123 -0.733501 0.676061
vn 0.989428 0.137389 0.046435
vn 0.989428 0.137389 0.046435
vn 0.746776 -0.423818 0.512547
vn 0.789983 -0.380489 0.480785
vn 0.616204 -0.528041 0.584350
vn 0.395711 -0.645842 0.652918
vn 0.083583 -0.731564 0.676630
vn -0.314984 -0.730058 0.606465
vn -0.727910 -0.566146 0.386814
vn -0.937739 -0.322190 0.129765
vn -0.988584 -0.145565 -0.038895
vn -0.989427 -0.137393 -0.046438
vn 0.070124 -0.733502 0.676061
vn 0.070124 -0.733502 0.676061
vn 0.989428 0.137392 0.046437
vn 0.989428 0.137392 0.046437
vn 0.745171 -0.425324 0.513633
vn 0.789850 -0.380632 0.480891
vn 0.611080 -0.531498 0.586593
vn 0.388925 -0.648609 0.654251
vn 0.083524 -0.731572 0.676628
vn -0.318859 -0.729415 0.605213
vn -0.731780 -0.563337 0.383602
vn -0.938635 -0.320317 0.127914
vn -0.988598 -0.145435 -0.039013
vn -0.989428 -0.137392 -0.046437
vn 0.070123 -0.733501 0.676061
vn 0.070123 -0.733501 0.676061
vn 0.989006 0.141628 0.042529
vn 0.989428 0.137391 0.046437
vn 0.968647 0.242814 -0.052577
vn 0.915409 0.364126 -0.171577
vn 0.817134 0.490455 -0.302895
vn 0.672218 0.602898 -0.429695
vn 0.488733 0.687114 -0.537600
vn 0.285428 0.734536 -0.615620
vn 0.092949 0.746100 -0.659314
vn -0.334972 0.669056 -0.663444
vn -0.120889 0.725470 -0.677554
vn -0.584650 0.548695 -0.597594
vn -0.768437 0.402793 -0.497255
vn -0.832085 0.332089 -0.444244
vn 0.785445 0.520230 -0.335316
vn 0.860751 0.442366 -0.251834
vn 0.547453 0.665254 -0.507673
vn 0.227287 0.741174 -0.631666
vn -0.070123 0.733502 -0.676061
vn -0.332376 0.669971 -0.663826
vn -0.579303 0.552048 -0.599710
vn -0.762163 0.409020 -0.501807
vn -0.826074 0.339448 -0.449863
vn 0.989428 0.137389 0.046435
vn 0.989428 0.137389 0.046435
vn -0.070123 0.733502 -0.676061
vn -0.070123 0.733502 -0.676061
vn -0.989427 -0.137395 -0.046442
vn -0.989427 -0.137395 -0.046442
vn 0.070123 -0.733502 0.676061
vn 0.070123 -0.733502 0.676061
vn 0.989428 0.137389 0.046435
vn 0.989428 0.137389 0.046435
vn 0.746777 -0.423818 0.512545
vn 0.789984 -0.380489 0.480783
vn 0.616205 -0.528042 0.584348
vn 0.395712 -0.645842 0.652917
vn 0.083584 -0.731563 0.676630
vn -0.314982 -0.730058 0.606466
vn -0.727912 -0.566144 0.386813
vn -0.937741 -0.322185 0.129762
vn -0.988584 -0.145562 -0.038892
vn -0.989428 -0.137390 -0.046434
vn 0.070123 -0.733502 0.676061
vn 0.070123 -0.733502 0.676061
vn 0.989428 0.137391 0.046437
vn 0.989428 0.137391 0.046437
vn 0.745170 -0.425325 0.513634
vn 0.789847 -0.380635 0.480894
vn 0.611081 -0.531497 0.586593
vn 0.388926 -0.648608 0.654251
vn 0.083523 -0.731573 0.676628
vn -0.318857 -0.729415 0.605213
vn -0.731779 -0.563338 0.383601
vn -0.938636 -0.320316 0.127910
vn -0.988598 -0.145437 -0.039015
vn -0.989427 -0.137394 -0.046439
vn 0.070123 -0.733501 0.676061
vn 0.070123 -0.733501 0.676061
vn 0.989006 0.141626 0.042527
vn 0.989428 0.137389 0.046435
vn 0.968646 0.242815 -0.052581
vn 0.915409 0.364126 -0.171577
vn 0.817138 0.490451 -0.302891
vn 0.672218 0.602898 -0.429695
vn 0.488733 0.687114 -0.537600
vn 0.285426 0.734536 -0.615621
vn 0.092948 0.746100 -0.659315
vn -0.126944 0.665657 0.735382
vn -0.126944 0.665657 0.735381
vn -0.126943 0.665657 0.735381
vn -0.126943 0.665657 0.735381
vn -0.126943 0.665657 0.735381
vn -0.126941 0.665657 0.735382
vn -0.126942 0.665657 0.735381
vn -0.126943 0.665657 0.735382
vn -0.126945 0.665657 0.735382
vn -0.126944 0.665657 0.735381
vn -0.126944 0.665657 0.735381
vn -0.126943 0.665657 0.735381
vn -0.126942 0.665657 0.735382
vn -0.126943 0.665657 0.735382
vn -0.126944 0.665657 0.735381
vn -0.126945 0.665658 0.735381
vn -0.126944 0.665657 0.735381
vn -0.126944 0.665657 0.735381
vn -0.126943 0.665658 0.735381
vn -0.126943 0.665657 0.735381
vn -0.126944 0.665657 0.735381
vn -0.126943 0.665657 0.735381
vn -0.126943 0.665658 0.735381
vn -0.126943 0.665657 0.735381
vn -0.126944 0.665658 0.735380
vn -0.126944 0.665658 0.735381
vn -0.126944 0.665658 0.735381
vn -0.126944 0.665657 0.735382
vn -0.126944 0.665656 0.735382
vn -0.126944 0.665656 0.735382
vn -0.126944 0.665657 0.735381
vn -0.126944 0.665657 0.735382
vn -0.126943 0.665657 0.735381
vn -0.126944 0.665657 0.735381
vn -0.126943 0.665657 0.735382
vn -0.126942 0.665656 0.735382
vn -0.126943 0.665657 0.735382
vn -0.126943 0.665657 0.735382
vn -0.126945 0.665657 0.735381
vn -0.126944 0.665657 0.735381
vn -0.126944 0.665657 0.735381
vn -0.126944 0.665657 0.735381
vn -0.126944 0.665657 0.735381
vn -0.126943 0.665658 0.735381
vn -0.126942 0.665657 0.735381
vn -0.126943 0.665657 0.735382
vn -0.126943 0.665657 0.735382
vn 0.126943 -0.665657 -0.735382
vn 0.126943 -0.665657 -0.735382
vn 0.126944 -0.665657 -0.735382
vn 0.126943 -0.665657 -0.735382
vn 0.126944 -0.665657 -0.735381
vn 0.126944 -0.665657 -0.735381
vn 0.126944 -0.665657 -0.735381
vn 0.126944 -0.665657 -0.735382
vn 0.126944 -0.665657 -0.735381
vn 0.126943 -0.665658 -0.735381
vn 0.126943 -0.665658 -0.735381
vn 0.126943 -0.665658 -0.735380
vn 0.126944 -0.665658 -0.735381
vn 0.126944 -0.665657 -0.735381
vn 0.126944 -0.665657 -0.735381
vn 0.126944 -0.665657 -0.735381
vn 0.126943 -0.665657 -0.735381
vn 0.126944 -0.665657 -0.735381
vn 0.126943 -0.665657 -0.735381
vn 0.126943 -0.665657 -0.735382
vn 0.126943 -0.665657 -0.735381
vn 0.126944 -0.665658 -0.735381
vn 0.126944 -0.665657 -0.735381
vn 0.126944 -0.665657 -0.735381
vn 0.126944 -0.665657 -0.735381
vn 0.126944 -0.665658 -0.735380
vn 0.126943 -0.665657 -0.735381
vn 0.126944 -0.665658 -0.735381
vn 0.126944 -0.665657 -0.735381
vn 0.126943 -0.665658 -0.735381
vn 0.126943 -0.665657 -0.735381
vn 0.126943 -0.665657 -0.735381
vn 0.126944 -0.665657 -0.735381
vn 0.126944 -0.665657 -0.735382
vn 0.126944 -0.665657 -0.735382
vn 0.126944 -0.665657 -0.735382
vn 0.126944 -0.665657 -0.735382
vn 0.126944 -0.665657 -0.735381
vn 0.126944 -0.665657 -0.735381
vn 0.126944 -0.665657 -0.735382
vn 0.126944 -0.665657 -0.735382
vn 0.126944 -0.665657 -0.735381
vn 0.126943 -0.665657 -0.735381
vn 0.126943 -0.665658 -0.735381
vn 0.126943 -0.665657 -0.735382
vn 0.126944 -0.665657 -0.735381
vn 0.126944 -0.665657 -0.735381
vn 0.126944 -0.665657 -0.735381
vn -0.075709 0.732713 -0.676313
vn -0.270500 0.690046 -0.671317
vn -0.270502 0.690047 -0.671315
vn -0.075709 0.732714 -0.676312
vn -0.478824 0.608153 -0.633149
vn -0.478826 0.608153 -0.633147
vn -0.663028 0.494471 -0.562043
vn -0.663027 0.494474 -0.562041
vn -0.800862 0.368641 -0.471937
vn -0.800861 0.368644 -0.471936
vn -0.898846 0.236329 -0.369085
vn -0.898847 0.236329 -0.369083
vn -0.961587 0.099319 -0.255902
vn -0.961588 0.099323 -0.255898
vn -0.988982 -0.028035 -0.145355
vn -0.988984 -0.028031 -0.145348
vn -0.989099 -0.140718 -0.043369
vn -0.989100 -0.140719 -0.043363
vn -0.965021 -0.254334 0.063635
vn -0.965020 -0.254334 0.063637
vn -0.905207 -0.380875 0.188504
vn -0.905206 -0.380877 0.188507
vn -0.804439 -0.502831 0.316289
vn -0.804438 -0.502831 0.316291
vn -0.669894 -0.604295 0.431358
vn -0.669894 -0.604293 0.431359
vn -0.503546 -0.681992 0.530404
vn -0.503544 -0.681991 0.530407
vn -0.307617 -0.731246 0.608812
vn -0.307616 -0.731246 0.608812
vn -0.108376 -0.746249 0.656786
vn -0.108376 -0.746248 0.656786
vn 0.037605 -0.737616 0.674172
vn 0.037604 -0.737617 0.674172
vn 0.164893 -0.716901 0.677394
vn 0.164893 -0.716902 0.677394
vn 0.241384 -0.698360 0.673816
vn 0.241383 -0.698361 0.673815
vn 0.303344 -0.679807 0.667717
vn 0.303344 -0.679808 0.667715
vn 0.329872 -0.670850 0.664187
vn 0.329874 -0.670851 0.664186
vn 0.989428 0.137394 0.046431
vn 0.989428 0.137394 0.046431
vn 0.989429 0.137385 0.046431
vn 0.989429 0.137385 0.046431
vn -0.385740 0.649892 -0.654862
vn -0.355367 0.661646 -0.660257
vn -0.355366 0.661647 -0.660256
vn -0.385738 0.649895 -0.654861
vn -0.282791 0.686323 -0.670067
vn -0.282790 0.686324 -0.670067
vn -0.189708 0.711400 -0.676699
vn -0.189707 0.711401 -0.676698
vn 0.021712 0.743066 -0.668866
vn 0.021714 0.743066 -0.668866
vn 0.275281 0.735899 -0.618606
vn 0.275281 0.735898 -0.618607
vn 0.656880 0.611928 -0.440514
vn 0.656879 0.611927 -0.440517
vn 0.892046 0.400810 -0.208816
vn 0.892047 0.400807 -0.208818
vn 0.946936 0.302037 -0.109933
vn 0.946937 0.302034 -0.109934
vn 0.070123 -0.733502 0.676060
vn 0.070123 -0.733502 0.676060
vn 0.070123 -0.733502 0.676060
vn 0.070123 -0.733502 0.676060
vn 0.990461 0.125112 0.057735
vn 0.986735 0.160380 0.025168
vn 0.986735 0.160375 0.025162
vn 0.990462 0.125106 0.057728
vn 0.974482 0.222059 -0.032778
vn 0.974482 0.222056 -0.032784
vn 0.936999 0.323727 -0.131274
vn 0.937000 0.323722 -0.131281
vn 0.863768 0.438662 -0.247953
vn 0.863770 0.438655 -0.247959
vn 0.743264 0.554779 -0.373870
vn 0.743262 0.554778 -0.373877
vn 0.568968 0.656151 -0.495723
vn 0.568965 0.656152 -0.495725
vn 0.350848 0.723586 -0.594415
vn 0.350848 0.723585 -0.594415
vn 0.126369 0.746191 -0.653628
vn 0.126368 0.746191 -0.653628
vn 0.070124 -0.733501 0.676061
vn -0.339718 -0.725719 0.598267
vn -0.339716 -0.725719 0.598268
vn 0.070124 -0.733502 0.676061
vn -0.751199 -0.548665 0.366969
vn -0.751200 -0.548663 0.366970
vn -0.943269 -0.310326 0.118073
vn -0.943269 -0.310324 0.118075
vn -0.976419 -0.214372 0.025494
vn -0.976420 -0.214370 0.025496
vn -0.070123 0.733502 -0.676061
vn -0.070123 0.733502 -0.676061
vn -0.070124 0.733502 -0.676060
vn -0.070124 0.733502 -0.676060
vn 0.984811 -0.003957 0.173583
vn 0.960341 -0.103069 0.259079
vn 0.960342 -0.103070 0.259074
vn 0.984812 -0.003953 0.173577
vn 0.804398 -0.364693 0.468981
vn 0.804400 -0.364696 0.468975
vn 0.454208 -0.620073 0.639691
vn 0.454209 -0.620074 0.639689
vn -0.270501 0.690047 -0.671315
vn -0.075708 0.732714 -0.676312
vn -0.478827 0.608152 -0.633147
vn -0.663027 0.494472 -0.562042
vn -0.800860 0.368645 -0.471937
vn -0.898847 0.236330 -0.369082
vn -0.961589 0.099322 -0.255893
vn -0.988984 -0.028027 -0.145347
vn -0.989100 -0.140716 -0.043364
vn -0.965020 -0.254334 0.063637
vn -0.905207 -0.380876 0.188506
vn -0.804438 -0.502831 0.316292
vn -0.669893 -0.604293 0.431361
vn -0.503542 -0.681991 0.530408
vn -0.307616 -0.731245 0.608812
vn -0.108375 -0.746249 0.656786
vn 0.037605 -0.737617 0.674172
vn 0.164893 -0.716902 0.677394
vn 0.241382 -0.698362 0.673814
vn 0.303344 -0.679808 0.667715
vn 0.329878 -0.670848 0.664186
vn 0.989429 0.137385 0.046439
vn 0.989429 0.137385 0.046439
vn -0.355366 0.661646 -0.660257
vn -0.385737 0.649894 -0.654862
vn -0.282789 0.686324 -0.670067
vn -0.189708 0.711401 -0.676698
vn 0.021713 0.743066 -0.668866
vn 0.275279 0.735899 -0.618607
vn 0.656879 0.611927 -0.440517
vn 0.892048 0.400805 -0.208818
vn 0.946937 0.302033 -0.109935
vn 0.070123 -0.733502 0.676061
vn 0.070123 -0.733502 0.676061
vn 0.986735 0.160375 0.025158
vn 0.990463 0.125098 0.057731
vn 0.974482 0.222057 -0.032789
vn 0.937001 0.323720 -0.131283
vn 0.863771 0.438653 -0.247958
vn 0.743260 0.554780 -0.373876
vn 0.568962 0.656154 -0.495726
vn 0.350849 0.723585 -0.594415
vn 0.126369 0.746191 -0.653628
vn -0.339718 -0.725720 0.598266
vn 0.070124 -0.733502 0.676060
vn -0.751199 -0.548666 0.366969
vn -0.943269 -0.310324 0.118074
vn -0.976420 -0.214367 0.025494
vn -0.070124 0.733502 -0.676061
vn -0.070124 0.733502 -0.676061
vn 0.960342 -0.103073 0.259073
vn 0.984812 -0.003953 0.173577
vn 0.804399 -0.364699 0.468974
vn 0.454209 -0.620075 0.639689
vn -0.270502 0.690046 -0.671316
vn -0.075709 0.732714 -0.676312
vn -0.478825 0.608153 -0.633149
vn -0.663028 0.494470 -0.562044
vn -0.800861 0.368642 -0.471938
vn -0.898847 0.236330 -0.369084
vn -0.961589 0.099317 -0.255894
vn -0.988983 -0.028030 -0.145350
vn -0.989100 -0.140717 -0.043367
vn -0.965021 -0.254334 0.063635
vn -0.905207 -0.380875 0.188504
vn -0.804438 -0.502831 0.316291
vn -0.669895 -0.604294 0.431359
vn -0.503543 -0.681992 0.530406
vn -0.307616 -0.731246 0.608811
vn -0.108376 -0.746249 0.656785
vn 0.037604 -0.737617 0.674172
vn 0.164893 -0.716901 0.677394
vn 0.241382 -0.698360 0.673816
vn 0.303344 -0.679806 0.667717
vn 0.329878 -0.670846 0.664188
vn 0.989428 0.137391 0.046442
vn 0.989428 0.137391 0.046442
vn -0.355366 0.661645 -0.660258
vn -0.385738 0.649892 -0.654864
vn -0.282789 0.686324 -0.670067
vn -0.189708 0.711400 -0.676698
vn 0.021714 0.743067 -0.668865
vn 0.275280 0.735900 -0.618605
vn 0.656881 0.611928 -0.440514
vn 0.892048 0.400807 -0.208816
vn 0.946936 0.302036 -0.109934
vn 0.070123 -0.733501 0.676061
vn 0.070123 -0.733501 0.676061
vn 0.986735 0.160380 0.025164
vn 0.990462 0.125100 0.057746
vn 0.974482 0.222060 -0.032786
vn 0.936999 0.323724 -0.131281
vn 0.863767 0.438661 -0.247957
vn 0.743264 0.554781 -0.373868
vn 0.568966 0.656154 -0.495722
vn 0.350848 0.723585 -0.594415
vn 0.126369 0.746191 -0.653628
vn -0.339717 -0.725720 0.598267
vn 0.070124 -0.733501 0.676061
vn -0.751194 -0.548670 0.366972
vn -0.943268 -0.310328 0.118073
vn -0.976421 -0.214367 0.025489
vn -0.070123 0.733501 -0.676061
vn -0.070123 0.733501 -0.676061
vn 0.960341 -0.103070 0.259079
vn 0.984811 -0.003953 0.173583
vn 0.804399 -0.364695 0.468978
vn 0.454210 -0.620073 0.639690
vn -0.270502 0.690047 -0.671315
vn -0.075709 0.732715 -0.676311
vn -0.478823 0.608154 -0.633148
vn -0.663026 0.494473 -0.562044
vn -0.800862 0.368641 -0.471936
vn -0.898847 0.236330 -0.369084
vn -0.961589 0.099318 -0.255896
vn -0.988983 -0.028035 -0.145349
vn -0.989099 -0.140720 -0.043365
vn -0.965021 -0.254334 0.063635
vn -0.905206 -0.380878 0.188506
vn -0.804437 -0.502832 0.316292
vn -0.669897 -0.604293 0.431357
vn -0.503544 -0.681993 0.530405
vn -0.307615 -0.731247 0.608811
vn -0.108376 -0.746249 0.656785
vn 0.037605 -0.737617 0.674171
vn 0.164894 -0.716901 0.677394
vn 0.241383 -0.698360 0.673816
vn 0.303344 -0.679806 0.667717
vn 0.329875 -0.670848 0.664188
vn 0.989428 0.137389 0.046435
vn 0.989428 0.137389 0.046435
vn -0.355367 0.661646 -0.660257
vn -0.385740 0.649893 -0.654862
vn -0.282789 0.686324 -0.670067
vn -0.189709 0.711401 -0.676698
vn 0.021713 0.743067 -0.668864
vn 0.275280 0.735900 -0.618604
vn 0.656882 0.611928 -0.440513
vn 0.892048 0.400809 -0.208815
vn 0.946936 0.302038 -0.109933
vn 0.070123 -0.733502 0.676061
vn 0.070123 -0.733502 0.676061
vn 0.986734 0.160381 0.025169
vn 0.990461 0.125104 0.057750
vn 0.974482 0.222060 -0.032783
vn 0.936999 0.323725 -0.131284
vn 0.863764 0.438664 -0.247964
vn 0.743266 0.554778 -0.373867
vn 0.568971 0.656152 -0.495719
vn 0.350846 0.723586 -0.594416
vn 0.126369 0.746192 -0.653628
vn -0.339720 -0.725717 0.598268
vn 0.070124 -0.733501 0.676061
vn -0.751194 -0.548668 0.366976
vn -0.943268 -0.310328 0.118075
vn -0.976421 -0.214367 0.025489
vn -0.070124 0.733502 -0.676061
vn -0.070124 0.733502 -0.676061
vn 0.960341 -0.103067 0.259080
vn 0.984811 -0.003948 0.173583
vn 0.804399 -0.364694 0.468978
vn 0.454210 -0.620073 0.639690
vn -0.126945 0.665658 0.735381
vn -0.126944 0.665657 0.735381
vn -0.126945 0.665657 0.735381
vn -0.126944 0.665657 0.735381
vn -0.126944 0.665657 0.735381
vn -0.126944 0.665657 0.735381
vn -0.126945 0.665657 0.735381
vn -0.126945 0.665657 0.735381
vn -0.126944 0.665657 0.735381
vn -0.126944 0.665657 0.735381
vn -0.126943 0.665657 0.735381
vn -0.126943 0.665657 0.735382
vn -0.126943 0.665657 0.735381
vn -0.126944 0.665657 0.735381
vn -0.126944 0.665657 0.735382
vn -0.126944 0.665657 0.735381
vn -0.126943 0.665657 0.735381
vn -0.126944 0.665657 0.735381
vn -0.126943 0.665657 0.735381
vn -0.126943 0.665657 0.735381
vn -0.126944 0.665657 0.735381
vn -0.126943 0.665657 0.735381
vn -0.126944 0.665657 0.735381
vn -0.126944 0.665658 0.735381
vn -0.126944 0.665657 0.735381
vn -0.126943 0.665657 0.735381
vn -0.126943 0.665657 0.735381
vn -0.126944 0.665657 0.735381
vn -0.126943 0.665657 0.735381
vn -0.126943 0.665657 0.735381
vn -0.126943 0.665657 0.735381
vn -0.126943 0.665657 0.735381
vn -0.126944 0.665657 0.735382
vn -0.126943 0.665657 0.735381
vn -0.126944 0.665657 0.735382
vn -0.126944 0.665657 0.735381
vn -0.126944 0.665657 0.735381
vn -0.126944 0.665657 0.735382
vn -0.126944 0.665657 0.735381
vn -0.126944 0.665657 0.735382
vn -0.126944 0.665656 0.735382
vn -0.126944 0.665658 0.735381
vn -0.126944 0.665657 0.735381
vn -0.126943 0.665658 0.735381
vn -0.126943 0.665657 0.735382
vn -0.126944 0.665657 0.735381
vn -0.126944 0.665657 0.735381
vn -0.126944 0.665657 0.735381
s 1
g typeMesh2
usemtl typeOpenPBRSurfaceSG
f 247/249/344 246/2200/345 240/256/346
f 240/256/346 246/2200/345 241/255/347
f 241/255/347 246/2200/345 242/254/348
f 242/254/348 246/2200/345 243/2201/349
f 246/250/345 245/251/350 243/253/349
f 245/251/350 244/252/351 243/253/349
s 2
f 240/256/352 241/255/353 592/257/354 591/258/355
s 3
f 241/255/356 242/254/357 593/259/358 592/257/359
s 4
f 242/254/360 243/2201/361 594/2209/362 593/259/363
s 5
f 243/253/364 244/252/365 595/261/366 594/260/367
s 6
f 244/252/368 245/251/369 596/262/370 595/261/371
s 7
f 245/251/372 246/250/373 597/263/374 596/262/375
s 8
f 246/250/376 247/2210/377 598/2206/378 597/263/379
s 9
f 247/249/380 240/256/381 591/258/382 598/264/383
s 2
f 591/258/355 592/257/354 600/2203/384 599/266/385
s 3
f 592/257/359 593/259/358 601/2208/386 600/2203/387
s 4
f 593/259/363 594/2209/362 602/2207/388 601/2208/389
s 5
f 594/260/367 595/261/366 603/269/390 602/268/391
s 6
f 595/261/371 596/262/370 604/270/392 603/269/393
s 7
f 596/262/375 597/263/374 605/2205/394 604/270/395
s 8
f 597/263/379 598/2206/378 606/2204/396 605/2205/397
s 9
f 598/264/383 591/258/382 599/266/398 606/272/399
s 2
f 599/266/385 600/2203/384 608/2202/400 607/274/401
s 3
f 600/265/387 601/267/386 609/275/402 608/273/403
s 4
f 601/267/389 602/268/388 610/276/404 609/275/405
s 5
f 602/268/391 603/269/390 611/277/406 610/276/407
s 6
f 603/269/393 604/270/392 612/278/408 611/277/409
s 7
f 604/270/395 605/271/394 613/279/410 612/278/411
s 8
f 605/271/397 606/272/396 614/280/412 613/279/413
s 9
f 606/272/399 599/266/398 607/274/414 614/280/415
s 2
f 607/274/401 608/2202/400 616/281/416 615/282/417
s 3
f 608/273/403 609/275/402 617/283/418 616/281/419
s 4
f 609/275/405 610/276/404 618/284/420 617/283/421
s 5
f 610/276/407 611/277/406 619/285/422 618/284/423
s 6
f 611/277/409 612/278/408 620/286/424 619/285/425
s 7
f 612/278/411 613/279/410 621/287/426 620/286/427
s 8
f 613/279/413 614/280/412 622/288/428 621/287/429
s 9
f 614/280/415 607/274/414 615/282/430 622/288/431
s 10
f 615/282/432 616/281/433 622/288/434
f 622/288/434 616/281/433 621/287/435
f 616/281/433 617/283/436 621/287/435
f 617/283/436 618/284/437 621/287/435
f 618/284/437 619/285/438 621/287/435
f 619/285/438 620/286/439 621/287/435
s 11
f 266/302/440 265/303/441 267/301/442
f 265/303/441 264/304/443 267/301/442
f 264/304/443 263/305/444 267/301/442
f 267/301/442 263/305/444 268/300/445
f 263/305/444 262/306/446 268/300/445
f 268/300/445 262/306/446 269/299/447
f 262/306/446 261/307/448 269/299/447
f 269/299/447 261/307/448 270/298/449
f 261/307/448 260/308/450 270/298/449
f 270/298/449 260/308/450 271/297/451
f 271/297/451 260/308/450 272/296/452
f 260/308/450 259/309/453 272/296/452
f 272/296/452 259/309/453 273/295/454
f 259/309/453 258/310/455 273/295/454
f 273/295/454 258/310/455 274/294/456
f 274/294/456 258/310/455 275/293/457
f 258/310/455 257/311/458 275/293/457
f 275/293/457 257/311/458 276/292/459
f 257/311/458 256/312/460 276/292/459
f 256/312/460 255/313/461 276/292/459
f 276/292/459 255/313/461 277/291/462
f 277/291/462 255/313/461 278/290/463
f 255/313/461 254/314/464 278/290/463
f 278/290/463 254/314/464 279/2179/465
f 254/314/464 253/2178/466 279/2179/465
f 251/317/467 250/318/468 252/316/469
f 250/318/468 249/319/470 252/316/469
f 248/320/471 279/289/465 249/319/470
f 249/319/470 279/289/465 252/316/469
f 279/289/465 253/315/466 252/316/469
s 13
f 248/320/472 249/319/473 624/321/474 623/322/475
s 14
f 249/319/476 250/318/477 625/323/478 624/321/479
s 15
f 250/318/480 251/317/481 626/324/482 625/323/483
s 16
f 251/317/484 252/316/485 627/2185/486 626/324/487
s 17
f 252/2186/488 253/2176/489 628/2183/490 627/2184/491
f 253/2177/489 254/2188/492 629/327/493 628/326/490
f 254/2188/492 255/2189/494 630/328/495 629/327/493
f 255/2189/494 256/2190/496 631/329/497 630/328/495
f 256/2190/496 257/2191/498 632/330/499 631/329/497
f 257/2191/498 258/2192/500 633/331/501 632/330/499
f 258/2192/500 259/2193/502 634/332/503 633/331/501
f 259/2193/502 260/2194/504 635/333/505 634/332/503
f 260/2194/504 261/2195/506 636/334/507 635/333/505
f 261/2195/506 262/2196/508 637/335/509 636/334/507
f 262/2196/508 263/2197/510 638/336/511 637/335/509
f 263/2197/510 264/2198/512 639/337/513 638/336/511
f 264/2198/512 265/2199/514 640/338/515 639/337/513
s 18
f 265/2199/516 266/2182/517 641/2180/518 640/338/519
s 19
f 266/302/520 267/301/521 642/340/522 641/339/523
f 267/301/521 268/300/524 643/341/525 642/340/522
f 268/300/524 269/299/526 644/342/527 643/341/525
f 269/299/526 270/298/528 645/343/529 644/342/527
f 270/298/528 271/297/530 646/344/531 645/343/529
f 271/297/530 272/296/532 647/345/533 646/344/531
f 272/296/532 273/295/534 648/346/535 647/345/533
f 273/295/534 274/294/536 649/347/537 648/346/535
f 274/294/536 275/293/538 650/348/539 649/347/537
f 275/293/538 276/292/540 651/349/541 650/348/539
f 276/292/540 277/291/542 652/350/543 651/349/541
f 277/291/542 278/290/544 653/351/545 652/350/543
f 278/290/544 279/2179/546 654/352/547 653/351/545
s 20
f 279/2179/548 248/2187/549 623/2181/550 654/352/551
s 13
f 623/322/475 624/321/474 656/353/552 655/354/553
s 14
f 624/321/479 625/323/478 657/355/554 656/353/555
s 15
f 625/323/483 626/324/482 658/356/556 657/355/557
s 16
f 626/324/487 627/325/486 659/357/558 658/356/559
s 17
f 627/325/491 628/326/490 660/358/560 659/357/561
f 628/326/490 629/327/493 661/359/562 660/358/560
f 629/327/493 630/328/495 662/360/563 661/359/562
f 630/328/495 631/329/497 663/361/564 662/360/563
f 631/329/497 632/330/499 664/362/565 663/361/564
f 632/330/499 633/331/501 665/363/566 664/362/565
f 633/331/501 634/332/503 666/364/567 665/363/566
f 634/332/503 635/333/505 667/365/568 666/364/567
f 635/333/505 636/334/507 668/366/569 667/365/568
f 636/334/507 637/335/509 669/367/570 668/366/569
f 637/335/509 638/336/511 670/368/571 669/367/570
f 638/336/511 639/337/513 671/369/572 670/368/571
f 639/337/513 640/338/515 672/370/573 671/369/572
s 18
f 640/338/519 641/2180/518 673/371/574 672/370/575
s 19
f 641/339/523 642/340/522 674/372/576 673/371/577
f 642/340/522 643/341/525 675/373/578 674/372/576
f 643/341/525 644/342/527 676/374/579 675/373/578
f 644/342/527 645/343/529 677/375/580 676/374/579
f 645/343/529 646/344/531 678/376/581 677/375/580
f 646/344/531 647/345/533 679/377/582 678/376/581
f 647/345/533 648/346/535 680/378/583 679/377/582
f 648/346/535 649/347/537 681/379/584 680/378/583
f 649/347/537 650/348/539 682/380/585 681/379/584
f 650/348/539 651/349/541 683/381/586 682/380/585
f 651/349/541 652/350/543 684/382/587 683/381/586
f 652/350/543 653/351/545 685/383/588 684/382/587
f 653/351/545 654/352/547 686/384/589 685/383/588
s 20
f 654/352/551 623/2181/550 655/354/590 686/384/591
s 13
f 655/354/553 656/353/552 688/385/592 687/386/593
s 14
f 656/353/555 657/355/554 689/387/594 688/385/595
s 15
f 657/355/557 658/356/556 690/388/596 689/387/597
s 16
f 658/356/559 659/357/558 691/389/598 690/388/599
s 17
f 659/357/561 660/358/560 692/390/600 691/389/601
f 660/358/560 661/359/562 693/391/602 692/390/600
f 661/359/562 662/360/563 694/392/603 693/391/602
f 662/360/563 663/361/564 695/393/604 694/392/603
f 663/361/564 664/362/565 696/394/605 695/393/604
f 664/362/565 665/363/566 697/395/606 696/394/605
f 665/363/566 666/364/567 698/396/607 697/395/606
f 666/364/567 667/365/568 699/397/608 698/396/607
f 667/365/568 668/366/569 700/398/609 699/397/608
f 668/366/569 669/367/570 701/399/610 700/398/609
f 669/367/570 670/368/571 702/400/611 701/399/610
f 670/368/571 671/369/572 703/401/612 702/400/611
f 671/369/572 672/370/573 704/402/613 703/401/612
s 18
f 672/370/575 673/371/574 705/403/614 704/402/615
s 19
f 673/371/577 674/372/576 706/404/616 705/403/617
f 674/372/576 675/373/578 707/405/618 706/404/616
f 675/373/578 676/374/579 708/406/619 707/405/618
f 676/374/579 677/375/580 709/407/620 708/406/619
f 677/375/580 678/376/581 710/408/621 709/407/620
f 678/376/581 679/377/582 711/409/622 710/408/621
f 679/377/582 680/378/583 712/410/623 711/409/622
f 680/378/583 681/379/584 713/411/624 712/410/623
f 681/379/584 682/380/585 714/412/625 713/411/624
f 682/380/585 683/381/586 715/413/626 714/412/625
f 683/381/586 684/382/587 716/414/627 715/413/626
f 684/382/587 685/383/588 717/415/628 716/414/627
f 685/383/588 686/384/589 718/416/629 717/415/628
s 20
f 686/384/591 655/354/590 687/386/630 718/416/631
s 13
f 687/386/593 688/385/592 720/417/632 719/418/633
s 14
f 688/385/595 689/387/594 721/419/634 720/417/635
s 15
f 689/387/597 690/388/596 722/420/636 721/419/637
s 16
f 690/388/599 691/389/598 723/421/638 722/420/639
s 17
f 691/389/601 692/390/600 724/422/640 723/421/641
f 692/390/600 693/391/602 725/423/642 724/422/640
f 693/391/602 694/392/603 726/424/643 725/423/642
f 694/392/603 695/393/604 727/425/644 726/424/643
f 695/393/604 696/394/605 728/426/645 727/425/644
f 696/394/605 697/395/606 729/427/646 728/426/645
f 697/395/606 698/396/607 730/428/647 729/427/646
f 698/396/607 699/397/608 731/429/648 730/428/647
f 699/397/608 700/398/609 732/430/649 731/429/648
f 700/398/609 701/399/610 733/431/650 732/430/649
f 701/399/610 702/400/611 734/432/651 733/431/650
f 702/400/611 703/401/612 735/433/652 734/432/651
f 703/401/612 704/402/613 736/434/653 735/433/652
s 18
f 704/402/615 705/403/614 737/435/654 736/434/655
s 19
f 705/403/617 706/404/616 738/436/656 737/435/657
f 706/404/616 707/405/618 739/437/658 738/436/656
f 707/405/618 708/406/619 740/438/659 739/437/658
f 708/406/619 709/407/620 741/439/660 740/438/659
f 709/407/620 710/408/621 742/440/661 741/439/660
f 710/408/621 711/409/622 743/441/662 742/440/661
f 711/409/622 712/410/623 744/442/663 743/441/662
f 712/410/623 713/411/624 745/443/664 744/442/663
f 713/411/624 714/412/625 746/444/665 745/443/664
f 714/412/625 715/413/626 747/445/666 746/444/665
f 715/413/626 716/414/627 748/446/667 747/445/666
f 716/414/627 717/415/628 749/447/668 748/446/667
f 717/415/628 718/416/629 750/448/669 749/447/668
s 20
f 718/416/631 687/386/630 719/418/670 750/448/671
s 21
f 719/418/672 720/417/673 750/448/674
f 720/417/673 721/419/675 750/448/674
f 721/419/675 722/420/676 750/448/674
f 722/420/676 723/421/677 750/448/674
f 723/421/677 724/422/678 750/448/674
f 736/434/679 737/435/680 735/433/681
f 737/435/680 738/436/682 735/433/681
f 735/433/681 738/436/682 734/432/683
f 738/436/682 739/437/684 734/432/683
f 734/432/683 739/437/684 733/431/685
f 739/437/684 740/438/686 733/431/685
f 733/431/685 740/438/686 732/430/687
f 740/438/686 741/439/688 732/430/687
f 732/430/687 741/439/688 731/429/689
f 741/439/688 742/440/690 731/429/689
f 742/440/690 743/441/691 731/429/689
f 731/429/689 743/441/691 730/428/692
f 743/441/691 744/442/693 730/428/692
f 730/428/692 744/442/693 729/427/694
f 744/442/693 745/443/695 729/427/694
f 745/443/695 746/444/696 729/427/694
f 729/427/694 746/444/696 728/426/697
f 746/444/696 747/445/698 728/426/697
f 728/426/697 747/445/698 727/425/699
f 727/425/699 747/445/698 726/424/700
f 747/445/698 748/446/701 726/424/700
f 748/446/701 749/447/702 726/424/700
f 726/424/700 749/447/702 725/423/703
f 749/447/702 750/448/674 725/423/703
f 724/422/678 725/423/703 750/448/674
s off
f 283/449/704 282/450/705 281/451/706 280/452/707
s 23
f 280/452/708 281/451/709 752/453/710 751/454/711
s 24
f 281/451/712 282/450/713 753/2175/714 752/453/715
s 25
f 282/450/716 283/449/717 754/456/718 753/455/719
s 26
f 283/449/720 280/452/721 751/454/722 754/456/723
s 23
f 751/454/711 752/453/710 756/457/724 755/458/725
s 24
f 752/453/715 753/2175/714 757/2174/726 756/457/727
s 25
f 753/455/719 754/456/718 758/460/728 757/459/729
s 26
f 754/456/723 751/454/722 755/458/730 758/460/731
s 23
f 755/458/725 756/457/724 760/461/732 759/462/733
s 24
f 756/457/727 757/2174/726 761/2173/734 760/461/735
s 25
f 757/459/729 758/460/728 762/464/736 761/463/737
s 26
f 758/460/731 755/458/730 759/462/738 762/464/739
s 23
f 759/462/733 760/461/732 764/465/740 763/466/741
s 24
f 760/461/735 761/2173/734 765/2172/742 764/465/743
s 25
f 761/463/737 762/464/736 766/468/744 765/467/745
s 26
f 762/464/739 759/462/738 763/466/746 766/468/747
s off
f 763/466/748 764/465/749 765/2172/750 766/2171/751
f 287/469/752 286/470/753 285/471/754 284/472/755
s 27
f 284/472/756 285/471/757 768/473/758 767/474/759
s 28
f 285/471/760 286/470/761 769/2170/762 768/473/763
s 29
f 286/470/764 287/469/765 770/476/766 769/475/767
s 30
f 287/469/768 284/472/769 767/474/770 770/476/771
s 27
f 767/474/759 768/473/758 772/477/772 771/478/773
s 28
f 768/473/763 769/2170/762 773/2169/774 772/477/775
s 29
f 769/475/767 770/476/766 774/480/776 773/479/777
s 30
f 770/476/771 767/474/770 771/478/778 774/480/779
s 27
f 771/478/773 772/477/772 776/481/780 775/482/781
s 28
f 772/477/775 773/2169/774 777/2168/782 776/481/783
s 29
f 773/479/777 774/480/776 778/484/784 777/483/785
s 30
f 774/480/779 771/478/778 775/482/786 778/484/787
s 27
f 775/482/781 776/481/780 780/485/788 779/486/789
s 28
f 776/481/783 777/2168/782 781/2167/790 780/485/791
s 29
f 777/483/785 778/484/784 782/488/792 781/487/793
s 30
f 778/484/787 775/482/786 779/486/794 782/488/795
s off
f 779/486/796 780/485/797 781/2167/798 782/2166/799
s 31
f 317/532/800 316/533/801 318/531/802
f 318/531/802 316/533/801 319/530/803
f 316/533/801 315/534/804 319/530/803
f 319/530/803 315/534/804 320/529/805
f 355/494/806 354/495/807 356/493/808
f 356/493/808 354/495/807 357/492/809
f 315/534/804 314/535/810 320/529/805
f 320/529/805 314/535/810 321/528/811
f 357/492/809 354/495/807 358/491/812
f 354/495/807 353/496/813 358/491/812
f 358/491/812 353/496/813 359/490/814
f 353/496/813 352/497/815 359/490/814
f 359/490/814 352/497/815 360/489/816
f 352/497/815 351/498/817 360/489/816
f 360/489/816 351/498/817 288/561/818
f 314/535/810 313/536/819 321/528/811
f 321/528/811 313/536/819 322/527/820
f 322/527/820 313/536/819 323/526/821
f 313/536/819 312/537/822 323/526/821
f 288/561/818 351/498/817 289/560/823
f 351/498/817 350/499/824 289/560/823
f 350/499/824 349/500/825 289/560/823
f 289/560/823 349/500/825 290/559/826
f 349/500/825 348/501/827 290/559/826
f 290/559/826 348/501/827 291/558/828
f 348/501/827 347/502/829 291/558/828
f 312/537/822 311/538/830 323/526/821
f 323/526/821 311/538/830 324/525/831
f 311/538/830 310/539/832 324/525/831
f 324/525/831 310/539/832 325/524/833
f 310/539/832 309/540/834 325/524/833
f 325/524/833 309/540/834 326/523/835
f 309/540/834 308/541/836 326/523/835
f 326/523/835 308/541/836 327/522/837
f 308/541/836 307/542/838 327/522/837
f 327/522/837 307/542/838 328/521/839
f 307/542/838 306/543/840 328/521/839
f 328/521/839 306/543/840 329/520/841
f 306/543/840 305/544/842 329/520/841
f 329/520/841 305/544/842 330/519/843
f 291/558/828 347/502/829 292/557/844
f 347/502/829 346/503/845 292/557/844
f 292/557/844 346/503/845 293/556/846
f 346/503/845 345/504/847 293/556/846
f 293/556/846 345/504/847 294/555/848
f 345/504/847 344/505/849 294/555/848
f 294/555/848 344/505/849 295/554/850
f 344/505/849 343/506/851 295/554/850
f 295/554/850 343/506/851 296/553/852
f 296/553/852 343/506/851 297/552/853
f 343/506/851 342/507/854 297/552/853
f 297/552/853 342/507/854 298/551/855
f 342/507/854 341/508/856 298/551/855
f 298/551/855 341/508/856 299/550/857
f 341/508/856 340/509/858 299/550/857
f 299/550/857 340/509/858 300/549/859
f 340/509/858 339/510/860 300/549/859
f 300/549/859 339/510/860 301/548/861
f 339/510/860 338/511/862 301/548/861
f 338/511/862 337/512/863 301/548/861
f 301/548/861 337/512/863 302/547/864
f 337/512/863 336/513/865 302/547/864
f 302/547/864 336/513/865 303/546/866
f 336/513/865 335/514/867 303/546/866
f 335/514/867 334/515/868 303/546/866
f 330/519/843 305/544/842 331/518/869
f 305/544/842 304/545/870 331/518/869
f 331/518/869 304/545/870 332/517/871
f 332/517/871 304/545/870 333/516/872
f 333/516/872 304/545/870 334/515/868
f 334/515/868 304/545/870 303/546/866
s 33
f 288/561/873 289/560/874 784/562/875 783/563/876
f 289/560/874 290/559/877 785/564/878 784/562/875
f 290/559/877 291/558/879 786/565/880 785/564/878
f 291/558/879 292/557/881 787/566/882 786/565/880
f 292/557/881 293/556/883 788/567/884 787/566/882
f 293/556/883 294/555/885 789/568/886 788/567/884
f 294/555/885 295/554/887 790/569/888 789/568/886
f 295/554/887 296/553/889 791/570/890 790/569/888
f 296/553/889 297/552/891 792/571/892 791/570/890
f 297/552/891 298/551/893 793/572/894 792/571/892
f 298/551/893 299/550/895 794/573/896 793/572/894
f 299/550/895 300/549/897 795/574/898 794/573/896
f 300/549/897 301/548/899 796/575/900 795/574/898
f 301/548/899 302/547/901 797/576/902 796/575/900
f 302/547/901 303/546/903 798/577/904 797/576/902
f 303/546/903 304/545/905 799/578/906 798/577/904
f 304/545/905 305/544/907 800/579/908 799/578/906
f 305/544/907 306/543/909 801/580/910 800/579/908
f 306/543/909 307/542/911 802/581/912 801/580/910
f 307/542/911 308/541/913 803/582/914 802/581/912
f 308/541/913 309/540/915 804/583/916 803/582/914
f 309/540/915 310/539/917 805/584/918 804/583/916
f 310/539/917 311/538/919 806/585/920 805/584/918
f 311/538/919 312/537/921 807/586/922 806/585/920
f 312/537/921 313/536/923 808/587/924 807/586/922
f 313/536/923 314/535/925 809/588/926 808/587/924
f 314/535/925 315/534/927 810/589/928 809/588/926
f 315/534/927 316/533/929 811/590/930 810/589/928
f 316/533/929 317/532/931 812/591/932 811/590/930
s 34
f 317/532/933 318/531/934 813/2127/935 812/591/936
s 35
f 318/2129/937 319/2130/938 814/593/939 813/592/940
f 319/2130/938 320/2131/941 815/594/942 814/593/939
f 320/2131/941 321/2132/943 816/595/944 815/594/942
f 321/2132/943 322/2133/945 817/596/946 816/595/944
f 322/2133/945 323/2134/947 818/597/948 817/596/946
f 323/2134/947 324/2135/949 819/598/950 818/597/948
f 324/2135/949 325/2136/951 820/599/952 819/598/950
f 325/2136/951 326/2137/953 821/600/954 820/599/952
f 326/2137/953 327/2138/955 822/601/956 821/600/954
f 327/2138/955 328/2139/957 823/602/958 822/601/956
f 328/2139/957 329/2140/959 824/603/960 823/602/958
f 329/2140/959 330/2141/961 825/604/962 824/603/960
f 330/2141/961 331/2142/963 826/605/964 825/604/962
f 331/2142/963 332/2143/965 827/606/966 826/605/964
f 332/2143/965 333/2144/967 828/607/968 827/606/966
f 333/2144/967 334/2145/969 829/608/970 828/607/968
f 334/2145/969 335/2146/971 830/609/972 829/608/970
f 335/2146/971 336/2147/973 831/610/974 830/609/972
f 336/2147/973 337/2148/975 832/611/976 831/610/974
f 337/2148/975 338/2149/977 833/612/978 832/611/976
f 338/2149/977 339/2150/979 834/613/980 833/612/978
f 339/2150/979 340/2151/981 835/614/982 834/613/980
f 340/2151/981 341/2152/983 836/615/984 835/614/982
f 341/2152/983 342/2153/985 837/616/986 836/615/984
f 342/2153/985 343/2154/987 838/617/988 837/616/986
f 343/2154/987 344/2155/989 839/618/990 838/617/988
f 344/2155/989 345/2156/991 840/619/992 839/618/990
f 345/2156/991 346/2157/993 841/620/994 840/619/992
f 346/2157/993 347/2158/995 842/621/996 841/620/994
f 347/2158/995 348/2159/997 843/622/998 842/621/996
f 348/2159/997 349/2160/999 844/623/1000 843/622/998
f 349/2160/999 350/2161/1001 845/624/1002 844/623/1000
f 350/2161/1001 351/2162/1003 846/625/1004 845/624/1002
f 351/2162/1003 352/2163/1005 847/626/1006 846/625/1004
f 352/2163/1005 353/2164/1007 848/627/1008 847/626/1006
f 353/2164/1007 354/2165/1009 849/628/1010 848/627/1008
f 354/2165/1009 355/2128/1011 850/2126/1012 849/628/1010
s 36
f 355/494/1013 356/493/1014 851/630/1015 850/629/1016
s 33
f 356/493/1017 357/492/1018 852/631/1019 851/630/1020
f 357/492/1018 358/491/1021 853/632/1022 852/631/1019
f 358/491/1021 359/490/1023 854/633/1024 853/632/1022
f 359/490/1023 360/489/1025 855/634/1026 854/633/1024
f 360/489/1025 288/561/873 783/563/876 855/634/1026
f 783/563/876 784/562/875 857/635/1027 856/636/1028
f 784/562/875 785/564/878 858/637/1029 857/635/1027
f 785/564/878 786/565/880 859/638/1030 858/637/1029
f 786/565/880 787/566/882 860/639/1031 859/638/1030
f 787/566/882 788/567/884 861/640/1032 860/639/1031
f 788/567/884 789/568/886 862/641/1033 861/640/1032
f 789/568/886 790/569/888 863/642/1034 862/641/1033
f 790/569/888 791/570/890 864/643/1035 863/642/1034
f 791/570/890 792/571/892 865/644/1036 864/643/1035
f 792/571/892 793/572/894 866/645/1037 865/644/1036
f 793/572/894 794/573/896 867/646/1038 866/645/1037
f 794/573/896 795/574/898 868/647/1039 867/646/1038
f 795/574/898 796/575/900 869/648/1040 868/647/1039
f 796/575/900 797/576/902 870/649/1041 869/648/1040
f 797/576/902 798/577/904 871/650/1042 870/649/1041
f 798/577/904 799/578/906 872/651/1043 871/650/1042
f 799/578/906 800/579/908 873/652/1044 872/651/1043
f 800/579/908 801/580/910 874/653/1045 873/652/1044
f 801/580/910 802/581/912 875/654/1046 874/653/1045
f 802/581/912 803/582/914 876/655/1047 875/654/1046
f 803/582/914 804/583/916 877/656/1048 876/655/1047
f 804/583/916 805/584/918 878/657/1049 877/656/1048
f 805/584/918 806/585/920 879/658/1050 878/657/1049
f 806/585/920 807/586/922 880/659/1051 879/658/1050
f 807/586/922 808/587/924 881/660/1052 880/659/1051
f 808/587/924 809/588/926 882/661/1053 881/660/1052
f 809/588/926 810/589/928 883/662/1054 882/661/1053
f 810/589/928 811/590/930 884/663/1055 883/662/1054
f 811/590/930 812/591/932 885/664/1056 884/663/1055
s 34
f 812/591/936 813/2127/935 886/665/1057 885/664/1058
s 35
f 813/592/940 814/593/939 887/666/1059 886/665/1060
f 814/593/939 815/594/942 888/667/1061 887/666/1059
f 815/594/942 816/595/944 889/668/1062 888/667/1061
f 816/595/944 817/596/946 890/669/1063 889/668/1062
f 817/596/946 818/597/948 891/670/1064 890/669/1063
f 818/597/948 819/598/950 892/671/1065 891/670/1064
f 819/598/950 820/599/952 893/672/1066 892/671/1065
f 820/599/952 821/600/954 894/673/1067 893/672/1066
f 821/600/954 822/601/956 895/674/1068 894/673/1067
f 822/601/956 823/602/958 896/675/1069 895/674/1068
f 823/602/958 824/603/960 897/676/1070 896/675/1069
f 824/603/960 825/604/962 898/677/1071 897/676/1070
f 825/604/962 826/605/964 899/678/1072 898/677/1071
f 826/605/964 827/606/966 900/679/1073 899/678/1072
f 827/606/966 828/607/968 901/680/1074 900/679/1073
f 828/607/968 829/608/970 902/681/1075 901/680/1074
f 829/608/970 830/609/972 903/682/1076 902/681/1075
f 830/609/972 831/610/974 904/683/1077 903/682/1076
f 831/610/974 832/611/976 905/684/1078 904/683/1077
f 832/611/976 833/612/978 906/685/1079 905/684/1078
f 833/612/978 834/613/980 907/686/1080 906/685/1079
f 834/613/980 835/614/982 908/687/1081 907/686/1080
f 835/614/982 836/615/984 909/688/1082 908/687/1081
f 836/615/984 837/616/986 910/689/1083 909/688/1082
f 837/616/986 838/617/988 911/690/1084 910/689/1083
f 838/617/988 839/618/990 912/691/1085 911/690/1084
f 839/618/990 840/619/992 913/692/1086 912/691/1085
f 840/619/992 841/620/994 914/693/1087 913/692/1086
f 841/620/994 842/621/996 915/694/1088 914/693/1087
f 842/621/996 843/622/998 916/695/1089 915/694/1088
f 843/622/998 844/623/1000 917/696/1090 916/695/1089
f 844/623/1000 845/624/1002 918/697/1091 917/696/1090
f 845/624/1002 846/625/1004 919/698/1092 918/697/1091
f 846/625/1004 847/626/1006 920/699/1093 919/698/1092
f 847/626/1006 848/627/1008 921/700/1094 920/699/1093
f 848/627/1008 849/628/1010 922/701/1095 921/700/1094
f 849/628/1010 850/2126/1012 923/702/1096 922/701/1095
s 36
f 850/629/1016 851/630/1015 924/703/1097 923/2125/1098
s 33
f 851/630/1020 852/631/1019 925/704/1099 924/703/1100
f 852/631/1019 853/632/1022 926/705/1101 925/704/1099
f 853/632/1022 854/633/1024 927/706/1102 926/705/1101
f 854/633/1024 855/634/1026 928/707/1103 927/706/1102
f 855/634/1026 783/563/876 856/636/1028 928/707/1103
f 856/636/1028 857/635/1027 930/708/1104 929/709/1105
f 857/635/1027 858/637/1029 931/710/1106 930/708/1104
f 858/637/1029 859/638/1030 932/711/1107 931/710/1106
f 859/638/1030 860/639/1031 933/712/1108 932/711/1107
f 860/639/1031 861/640/1032 934/713/1109 933/712/1108
f 861/640/1032 862/641/1033 935/714/1110 934/713/1109
f 862/641/1033 863/642/1034 936/715/1111 935/714/1110
f 863/642/1034 864/643/1035 937/716/1112 936/715/1111
f 864/643/1035 865/644/1036 938/717/1113 937/716/1112
f 865/644/1036 866/645/1037 939/718/1114 938/717/1113
f 866/645/1037 867/646/1038 940/719/1115 939/718/1114
f 867/646/1038 868/647/1039 941/720/1116 940/719/1115
f 868/647/1039 869/648/1040 942/721/1117 941/720/1116
f 869/648/1040 870/649/1041 943/722/1118 942/721/1117
f 870/649/1041 871/650/1042 944/723/1119 943/722/1118
f 871/650/1042 872/651/1043 945/724/1120 944/723/1119
f 872/651/1043 873/652/1044 946/725/1121 945/724/1120
f 873/652/1044 874/653/1045 947/726/1122 946/725/1121
f 874/653/1045 875/654/1046 948/727/1123 947/726/1122
f 875/654/1046 876/655/1047 949/728/1124 948/727/1123
f 876/655/1047 877/656/1048 950/729/1125 949/728/1124
f 877/656/1048 878/657/1049 951/730/1126 950/729/1125
f 878/657/1049 879/658/1050 952/731/1127 951/730/1126
f 879/658/1050 880/659/1051 953/732/1128 952/731/1127
f 880/659/1051 881/660/1052 954/733/1129 953/732/1128
f 881/660/1052 882/661/1053 955/734/1130 954/733/1129
f 882/661/1053 883/662/1054 956/735/1131 955/734/1130
f 883/662/1054 884/663/1055 957/736/1132 956/735/1131
f 884/663/1055 885/664/1056 958/737/1133 957/736/1132
s 34
f 885/664/1058 886/665/1057 959/738/1134 958/737/1135
s 35
f 886/665/1060 887/666/1059 960/739/1136 959/738/1137
f 887/666/1059 888/667/1061 961/740/1138 960/739/1136
f 888/667/1061 889/668/1062 962/741/1139 961/740/1138
f 889/668/1062 890/669/1063 963/742/1140 962/741/1139
f 890/669/1063 891/670/1064 964/743/1141 963/742/1140
f 891/670/1064 892/671/1065 965/744/1142 964/743/1141
f 892/671/1065 893/672/1066 966/745/1143 965/744/1142
f 893/672/1066 894/673/1067 967/746/1144 966/745/1143
f 894/673/1067 895/674/1068 968/747/1145 967/746/1144
f 895/674/1068 896/675/1069 969/748/1146 968/747/1145
f 896/675/1069 897/676/1070 970/749/1147 969/748/1146
f 897/676/1070 898/677/1071 971/750/1148 970/749/1147
f 898/677/1071 899/678/1072 972/751/1149 971/750/1148
f 899/678/1072 900/679/1073 973/752/1150 972/751/1149
f 900/679/1073 901/680/1074 974/753/1151 973/752/1150
f 901/680/1074 902/681/1075 975/754/1152 974/753/1151
f 902/681/1075 903/682/1076 976/755/1153 975/754/1152
f 903/682/1076 904/683/1077 977/756/1154 976/755/1153
f 904/683/1077 905/684/1078 978/757/1155 977/756/1154
f 905/684/1078 906/685/1079 979/758/1156 978/757/1155
f 906/685/1079 907/686/1080 980/759/1157 979/758/1156
f 907/686/1080 908/687/1081 981/760/1158 980/759/1157
f 908/687/1081 909/688/1082 982/761/1159 981/760/1158
f 909/688/1082 910/689/1083 983/762/1160 982/761/1159
f 910/689/1083 911/690/1084 984/763/1161 983/762/1160
f 911/690/1084 912/691/1085 985/764/1162 984/763/1161
f 912/691/1085 913/692/1086 986/765/1163 985/764/1162
f 913/692/1086 914/693/1087 987/766/1164 986/765/1163
f 914/693/1087 915/694/1088 988/767/1165 987/766/1164
f 915/694/1088 916/695/1089 989/768/1166 988/767/1165
f 916/695/1089 917/696/1090 990/769/1167 989/768/1166
f 917/696/1090 918/697/1091 991/770/1168 990/769/1167
f 918/697/1091 919/698/1092 992/771/1169 991/770/1168
f 919/698/1092 920/699/1093 993/772/1170 992/771/1169
f 920/699/1093 921/700/1094 994/773/1171 993/772/1170
f 921/700/1094 922/701/1095 995/774/1172 994/773/1171
f 922/701/1095 923/702/1096 996/775/1173 995/774/1172
s 36
f 923/702/1098 924/703/1097 997/776/1174 996/775/1175
s 33
f 924/703/1100 925/704/1099 998/777/1176 997/776/1177
f 925/704/1099 926/705/1101 999/778/1178 998/777/1176
f 926/705/1101 927/706/1102 1000/779/1179 999/778/1178
f 927/706/1102 928/707/1103 1001/780/1180 1000/779/1179
f 928/707/1103 856/636/1028 929/709/1105 1001/780/1180
f 929/709/1105 930/708/1104 1003/781/1181 1002/782/1182
f 930/708/1104 931/710/1106 1004/783/1183 1003/781/1181
f 931/710/1106 932/711/1107 1005/784/1184 1004/783/1183
f 932/711/1107 933/712/1108 1006/785/1185 1005/784/1184
f 933/712/1108 934/713/1109 1007/786/1186 1006/785/1185
f 934/713/1109 935/714/1110 1008/787/1187 1007/786/1186
f 935/714/1110 936/715/1111 1009/788/1188 1008/787/1187
f 936/715/1111 937/716/1112 1010/789/1189 1009/788/1188
f 937/716/1112 938/717/1113 1011/790/1190 1010/789/1189
f 938/717/1113 939/718/1114 1012/791/1191 1011/790/1190
f 939/718/1114 940/719/1115 1013/792/1192 1012/791/1191
f 940/719/1115 941/720/1116 1014/793/1193 1013/792/1192
f 941/720/1116 942/721/1117 1015/794/1194 1014/793/1193
f 942/721/1117 943/722/1118 1016/795/1195 1015/794/1194
f 943/722/1118 944/723/1119 1017/796/1196 1016/795/1195
f 944/723/1119 945/724/1120 1018/797/1197 1017/796/1196
f 945/724/1120 946/725/1121 1019/798/1198 1018/797/1197
f 946/725/1121 947/726/1122 1020/799/1199 1019/798/1198
f 947/726/1122 948/727/1123 1021/800/1200 1020/799/1199
f 948/727/1123 949/728/1124 1022/801/1201 1021/800/1200
f 949/728/1124 950/729/1125 1023/802/1202 1022/801/1201
f 950/729/1125 951/730/1126 1024/803/1203 1023/802/1202
f 951/730/1126 952/731/1127 1025/804/1204 1024/803/1203
f 952/731/1127 953/732/1128 1026/805/1205 1025/804/1204
f 953/732/1128 954/733/1129 1027/806/1206 1026/805/1205
f 954/733/1129 955/734/1130 1028/807/1207 1027/806/1206
f 955/734/1130 956/735/1131 1029/808/1208 1028/807/1207
f 956/735/1131 957/736/1132 1030/809/1209 1029/808/1208
f 957/736/1132 958/737/1133 1031/810/1210 1030/809/1209
s 34
f 958/737/1135 959/738/1134 1032/811/1211 1031/810/1212
s 35
f 959/738/1137 960/739/1136 1033/812/1213 1032/811/1214
f 960/739/1136 961/740/1138 1034/813/1215 1033/812/1213
f 961/740/1138 962/741/1139 1035/814/1216 1034/813/1215
f 962/741/1139 963/742/1140 1036/815/1217 1035/814/1216
f 963/742/1140 964/743/1141 1037/816/1218 1036/815/1217
f 964/743/1141 965/744/1142 1038/817/1219 1037/816/1218
f 965/744/1142 966/745/1143 1039/818/1220 1038/817/1219
f 966/745/1143 967/746/1144 1040/819/1221 1039/818/1220
f 967/746/1144 968/747/1145 1041/820/1222 1040/819/1221
f 968/747/1145 969/748/1146 1042/821/1223 1041/820/1222
f 969/748/1146 970/749/1147 1043/822/1224 1042/821/1223
f 970/749/1147 971/750/1148 1044/823/1225 1043/822/1224
f 971/750/1148 972/751/1149 1045/824/1226 1044/823/1225
f 972/751/1149 973/752/1150 1046/825/1227 1045/824/1226
f 973/752/1150 974/753/1151 1047/826/1228 1046/825/1227
f 974/753/1151 975/754/1152 1048/827/1229 1047/826/1228
f 975/754/1152 976/755/1153 1049/828/1230 1048/827/1229
f 976/755/1153 977/756/1154 1050/829/1231 1049/828/1230
f 977/756/1154 978/757/1155 1051/830/1232 1050/829/1231
f 978/757/1155 979/758/1156 1052/831/1233 1051/830/1232
f 979/758/1156 980/759/1157 1053/832/1234 1052/831/1233
f 980/759/1157 981/760/1158 1054/833/1235 1053/832/1234
f 981/760/1158 982/761/1159 1055/834/1236 1054/833/1235
f 982/761/1159 983/762/1160 1056/835/1237 1055/834/1236
f 983/762/1160 984/763/1161 1057/836/1238 1056/835/1237
f 984/763/1161 985/764/1162 1058/837/1239 1057/836/1238
f 985/764/1162 986/765/1163 1059/838/1240 1058/837/1239
f 986/765/1163 987/766/1164 1060/839/1241 1059/838/1240
f 987/766/1164 988/767/1165 1061/840/1242 1060/839/1241
f 988/767/1165 989/768/1166 1062/841/1243 1061/840/1242
f 989/768/1166 990/769/1167 1063/842/1244 1062/841/1243
f 990/769/1167 991/770/1168 1064/843/1245 1063/842/1244
f 991/770/1168 992/771/1169 1065/844/1246 1064/843/1245
f 992/771/1169 993/772/1170 1066/845/1247 1065/844/1246
f 993/772/1170 994/773/1171 1067/846/1248 1066/845/1247
f 994/773/1171 995/774/1172 1068/847/1249 1067/846/1248
f 995/774/1172 996/775/1173 1069/848/1250 1068/847/1249
s 36
f 996/775/1175 997/776/1174 1070/849/1251 1069/848/1252
s 33
f 997/776/1177 998/777/1176 1071/850/1253 1070/849/1254
f 998/777/1176 999/778/1178 1072/851/1255 1071/850/1253
f 999/778/1178 1000/779/1179 1073/852/1256 1072/851/1255
f 1000/779/1179 1001/780/1180 1074/853/1257 1073/852/1256
f 1001/780/1180 929/709/1105 1002/782/1182 1074/853/1257
s 38
f 1031/810/1258 1032/811/1259 1030/809/1260
f 1032/811/1259 1033/812/1261 1030/809/1260
f 1030/809/1260 1033/812/1261 1029/808/1262
f 1033/812/1261 1034/813/1263 1029/808/1262
f 1069/848/1264 1070/849/1265 1068/847/1266
f 1070/849/1265 1071/850/1267 1068/847/1266
f 1029/808/1262 1034/813/1263 1028/807/1268
f 1034/813/1263 1035/814/1269 1028/807/1268
f 1071/850/1267 1072/851/1270 1068/847/1266
f 1068/847/1266 1072/851/1270 1067/846/1271
f 1072/851/1270 1073/852/1272 1067/846/1271
f 1067/846/1271 1073/852/1272 1066/845/1273
f 1073/852/1272 1074/853/1274 1066/845/1273
f 1066/845/1273 1074/853/1274 1065/844/1275
f 1074/853/1274 1002/782/1276 1065/844/1275
f 1002/782/1276 1003/781/1277 1065/844/1275
f 1065/844/1275 1003/781/1277 1064/843/1278
f 1064/843/1278 1003/781/1277 1063/842/1279
f 1003/781/1277 1004/783/1280 1063/842/1279
f 1063/842/1279 1004/783/1280 1062/841/1281
f 1004/783/1280 1005/784/1282 1062/841/1281
f 1062/841/1281 1005/784/1282 1061/840/1283
f 1028/807/1268 1035/814/1269 1027/806/1284
f 1035/814/1269 1036/815/1285 1027/806/1284
f 1036/815/1285 1037/816/1286 1027/806/1284
f 1027/806/1284 1037/816/1286 1026/805/1287
f 1005/784/1282 1006/785/1288 1061/840/1283
f 1061/840/1283 1006/785/1288 1060/839/1289
f 1006/785/1288 1007/786/1290 1060/839/1289
f 1060/839/1289 1007/786/1290 1059/838/1291
f 1007/786/1290 1008/787/1292 1059/838/1291
f 1059/838/1291 1008/787/1292 1058/837/1293
f 1008/787/1292 1009/788/1294 1058/837/1293
f 1009/788/1294 1010/789/1295 1058/837/1293
f 1058/837/1293 1010/789/1295 1057/836/1296
f 1010/789/1295 1011/790/1297 1057/836/1296
f 1057/836/1296 1011/790/1297 1056/835/1298
f 1011/790/1297 1012/791/1299 1056/835/1298
f 1056/835/1298 1012/791/1299 1055/834/1300
f 1012/791/1299 1013/792/1301 1055/834/1300
f 1055/834/1300 1013/792/1301 1054/833/1302
f 1013/792/1301 1014/793/1303 1054/833/1302
f 1054/833/1302 1014/793/1303 1053/832/1304
f 1014/793/1303 1015/794/1305 1053/832/1304
f 1053/832/1304 1015/794/1305 1052/831/1306
f 1052/831/1306 1015/794/1305 1051/830/1307
f 1015/794/1305 1016/795/1308 1051/830/1307
f 1051/830/1307 1016/795/1308 1050/829/1309
f 1016/795/1308 1017/796/1310 1050/829/1309
f 1050/829/1309 1017/796/1310 1049/828/1311
f 1049/828/1311 1017/796/1310 1048/827/1312
f 1026/805/1287 1037/816/1286 1025/804/1313
f 1037/816/1286 1038/817/1314 1025/804/1313
f 1025/804/1313 1038/817/1314 1024/803/1315
f 1038/817/1314 1039/818/1316 1024/803/1315
f 1024/803/1315 1039/818/1316 1023/802/1317
f 1039/818/1316 1040/819/1318 1023/802/1317
f 1023/802/1317 1040/819/1318 1022/801/1319
f 1040/819/1318 1041/820/1320 1022/801/1319
f 1022/801/1319 1041/820/1320 1021/800/1321
f 1041/820/1320 1042/821/1322 1021/800/1321
f 1021/800/1321 1042/821/1322 1020/799/1323
f 1042/821/1322 1043/822/1324 1020/799/1323
f 1020/799/1323 1043/822/1324 1019/798/1325
f 1043/822/1324 1044/823/1326 1019/798/1325
f 1017/796/1310 1018/797/1327 1048/827/1312
f 1048/827/1312 1018/797/1327 1047/826/1328
f 1047/826/1328 1018/797/1327 1046/825/1329
f 1046/825/1329 1018/797/1327 1045/824/1330
f 1018/797/1327 1019/798/1325 1045/824/1330
f 1019/798/1325 1044/823/1326 1045/824/1330
s 40
f 408/858/1331 407/859/1332 409/857/1333
f 409/857/1333 407/859/1332 410/856/1334
f 407/859/1332 406/860/1335 410/856/1334
f 410/856/1334 406/860/1335 411/855/1336
f 411/855/1336 406/860/1335 412/854/1337
f 406/860/1335 405/861/1338 412/854/1337
f 412/854/1337 405/861/1338 361/905/1339
f 405/861/1338 404/862/1340 361/905/1339
f 361/905/1339 404/862/1340 362/904/1341
f 404/862/1340 403/863/1342 362/904/1341
f 403/863/1342 402/864/1343 362/904/1341
f 362/904/1341 402/864/1343 363/903/1344
f 402/864/1343 401/865/1345 363/903/1344
f 363/903/1344 401/865/1345 364/902/1346
f 401/865/1345 400/866/1347 364/902/1346
f 364/902/1346 400/866/1347 365/901/1348
f 383/883/1349 382/884/1350 384/882/1351
f 382/884/1350 381/885/1352 384/882/1351
f 381/885/1352 380/886/1353 384/882/1351
f 380/886/1353 379/887/1354 384/882/1351
f 384/882/1351 379/887/1354 385/881/1355
f 385/881/1355 379/887/1354 386/880/1356
f 379/887/1354 378/888/1357 386/880/1356
f 386/880/1356 378/888/1357 387/879/1358
f 378/888/1357 377/889/1359 387/879/1358
f 387/879/1358 377/889/1359 388/878/1360
f 388/878/1360 377/889/1359 389/877/1361
f 377/889/1359 376/890/1362 389/877/1361
f 389/877/1361 376/890/1362 390/876/1363
f 376/890/1362 375/891/1364 390/876/1363
f 390/876/1363 375/891/1364 391/875/1365
f 375/891/1364 374/892/1366 391/875/1365
f 391/875/1365 374/892/1366 392/874/1367
f 374/892/1366 373/893/1368 392/874/1367
f 392/874/1367 373/893/1368 393/873/1369
f 373/893/1368 372/894/1370 393/873/1369
f 372/894/1370 371/895/1371 393/873/1369
f 393/873/1369 371/895/1371 394/872/1372
f 371/895/1371 370/896/1373 394/872/1372
f 394/872/1372 370/896/1373 395/871/1374
f 370/896/1373 369/897/1375 395/871/1374
f 395/871/1374 369/897/1375 396/870/1376
f 369/897/1375 368/898/1377 396/870/1376
f 396/870/1376 368/898/1377 397/869/1378
f 368/898/1377 367/899/1379 397/869/1378
f 397/869/1378 367/899/1379 398/868/1380
f 367/899/1379 366/900/1381 398/868/1380
f 398/868/1380 366/900/1381 399/867/1382
f 366/900/1381 365/901/1348 399/867/1382
f 400/866/1347 399/867/1382 365/901/1348
s 42
f 361/905/1383 362/904/1384 1076/906/1385 1075/907/1386
f 362/904/1384 363/903/1387 1077/908/1388 1076/906/1385
f 363/903/1387 364/902/1389 1078/909/1390 1077/908/1388
f 364/902/1389 365/901/1391 1079/910/1392 1078/909/1390
f 365/901/1391 366/900/1393 1080/911/1394 1079/910/1392
f 366/900/1393 367/899/1395 1081/912/1396 1080/911/1394
f 367/899/1395 368/898/1397 1082/913/1398 1081/912/1396
f 368/898/1397 369/897/1399 1083/914/1400 1082/913/1398
f 369/897/1399 370/896/1401 1084/915/1402 1083/914/1400
f 370/896/1401 371/895/1403 1085/916/1404 1084/915/1402
f 371/895/1403 372/894/1405 1086/917/1406 1085/916/1404
f 372/894/1405 373/893/1407 1087/918/1408 1086/917/1406
f 373/893/1407 374/892/1409 1088/919/1410 1087/918/1408
f 374/892/1409 375/891/1411 1089/920/1412 1088/919/1410
f 375/891/1411 376/890/1413 1090/921/1414 1089/920/1412
f 376/890/1413 377/889/1415 1091/922/1416 1090/921/1414
f 377/889/1415 378/888/1417 1092/923/1418 1091/922/1416
f 378/888/1417 379/887/1419 1093/924/1420 1092/923/1418
f 379/887/1419 380/886/1421 1094/925/1422 1093/924/1420
f 380/886/1421 381/885/1423 1095/926/1424 1094/925/1422
s 43
f 381/885/1425 382/884/1426 1096/927/1427 1095/926/1428
s 44
f 382/884/1429 383/883/1430 1097/928/1431 1096/927/1432
s 45
f 383/883/1433 384/882/1434 1098/929/1435 1097/928/1436
s 46
f 384/882/1437 385/881/1438 1099/930/1439 1098/929/1440
f 385/881/1438 386/880/1441 1100/931/1442 1099/930/1439
f 386/880/1441 387/879/1443 1101/932/1444 1100/931/1442
f 387/879/1443 388/878/1445 1102/933/1446 1101/932/1444
f 388/878/1445 389/877/1447 1103/934/1448 1102/933/1446
f 389/877/1447 390/876/1449 1104/935/1450 1103/934/1448
f 390/876/1449 391/875/1451 1105/936/1452 1104/935/1450
f 391/875/1451 392/874/1453 1106/937/1454 1105/936/1452
f 392/874/1453 393/873/1455 1107/938/1456 1106/937/1454
f 393/873/1455 394/872/1457 1108/939/1458 1107/938/1456
f 394/872/1457 395/871/1459 1109/940/1460 1108/939/1458
f 395/871/1459 396/870/1461 1110/941/1462 1109/940/1460
f 396/870/1461 397/869/1463 1111/942/1464 1110/941/1462
f 397/869/1463 398/868/1465 1112/943/1466 1111/942/1464
f 398/868/1465 399/867/1467 1113/944/1468 1112/943/1466
f 399/867/1467 400/866/1469 1114/945/1470 1113/944/1468
f 400/866/1469 401/865/1471 1115/946/1472 1114/945/1470
f 401/865/1471 402/864/1473 1116/947/1474 1115/946/1472
f 402/864/1473 403/863/1475 1117/948/1476 1116/947/1474
f 403/863/1475 404/862/1477 1118/949/1478 1117/948/1476
f 404/862/1477 405/861/1479 1119/950/1480 1118/949/1478
f 405/861/1479 406/860/1481 1120/951/1482 1119/950/1480
f 406/860/1481 407/859/1483 1121/952/1484 1120/951/1482
f 407/859/1483 408/858/1485 1122/953/1486 1121/952/1484
s 47
f 408/858/1487 409/857/1488 1123/954/1489 1122/953/1490
s 42
f 409/857/1491 410/856/1492 1124/955/1493 1123/954/1494
f 410/856/1492 411/855/1495 1125/956/1496 1124/955/1493
f 411/855/1495 412/854/1497 1126/957/1498 1125/956/1496
f 412/854/1497 361/905/1383 1075/907/1386 1126/957/1498
f 1075/907/1386 1076/906/1385 1128/958/1499 1127/959/1500
f 1076/906/1385 1077/908/1388 1129/960/1501 1128/958/1499
f 1077/908/1388 1078/909/1390 1130/961/1502 1129/960/1501
f 1078/909/1390 1079/910/1392 1131/962/1503 1130/961/1502
f 1079/910/1392 1080/911/1394 1132/963/1504 1131/962/1503
f 1080/911/1394 1081/912/1396 1133/964/1505 1132/963/1504
f 1081/912/1396 1082/913/1398 1134/965/1506 1133/964/1505
f 1082/913/1398 1083/914/1400 1135/966/1507 1134/965/1506
f 1083/914/1400 1084/915/1402 1136/967/1508 1135/966/1507
f 1084/915/1402 1085/916/1404 1137/968/1509 1136/967/1508
f 1085/916/1404 1086/917/1406 1138/969/1510 1137/968/1509
f 1086/917/1406 1087/918/1408 1139/970/1511 1138/969/1510
f 1087/918/1408 1088/919/1410 1140/971/1512 1139/970/1511
f 1088/919/1410 1089/920/1412 1141/972/1513 1140/971/1512
f 1089/920/1412 1090/921/1414 1142/973/1514 1141/972/1513
f 1090/921/1414 1091/922/1416 1143/974/1515 1142/973/1514
f 1091/922/1416 1092/923/1418 1144/975/1516 1143/974/1515
f 1092/923/1418 1093/924/1420 1145/976/1517 1144/975/1516
f 1093/924/1420 1094/925/1422 1146/977/1518 1145/976/1517
f 1094/925/1422 1095/926/1424 1147/2032/1519 1146/977/1518
s 43
f 1095/926/1428 1096/927/1427 1148/979/1520 1147/2032/1521
s 44
f 1096/927/1432 1097/928/1431 1149/980/1522 1148/979/1523
s 45
f 1097/928/1436 1098/929/1435 1150/981/1524 1149/980/1525
s 46
f 1098/929/1440 1099/930/1439 1151/982/1526 1150/981/1527
f 1099/930/1439 1100/931/1442 1152/983/1528 1151/982/1526
f 1100/931/1442 1101/932/1444 1153/984/1529 1152/983/1528
f 1101/932/1444 1102/933/1446 1154/985/1530 1153/984/1529
f 1102/933/1446 1103/934/1448 1155/986/1531 1154/985/1530
f 1103/934/1448 1104/935/1450 1156/987/1532 1155/986/1531
f 1104/935/1450 1105/936/1452 1157/988/1533 1156/987/1532
f 1105/936/1452 1106/937/1454 1158/989/1534 1157/988/1533
f 1106/937/1454 1107/938/1456 1159/990/1535 1158/989/1534
f 1107/938/1456 1108/939/1458 1160/991/1536 1159/990/1535
f 1108/939/1458 1109/940/1460 1161/992/1537 1160/991/1536
f 1109/940/1460 1110/941/1462 1162/993/1538 1161/992/1537
f 1110/941/1462 1111/942/1464 1163/994/1539 1162/993/1538
f 1111/942/1464 1112/943/1466 1164/995/1540 1163/994/1539
f 1112/943/1466 1113/944/1468 1165/996/1541 1164/995/1540
f 1113/944/1468 1114/945/1470 1166/997/1542 1165/996/1541
f 1114/945/1470 1115/946/1472 1167/998/1543 1166/997/1542
f 1115/946/1472 1116/947/1474 1168/999/1544 1167/998/1543
f 1116/947/1474 1117/948/1476 1169/1000/1545 1168/999/1544
f 1117/948/1476 1118/949/1478 1170/1001/1546 1169/1000/1545
f 1118/949/1478 1119/950/1480 1171/1002/1547 1170/1001/1546
f 1119/950/1480 1120/951/1482 1172/1003/1548 1171/1002/1547
f 1120/951/1482 1121/952/1484 1173/1004/1549 1172/1003/1548
f 1121/952/1484 1122/953/1486 1174/1005/1550 1173/1004/1549
s 47
f 1122/953/1490 1123/954/1489 1175/1006/1551 1174/1005/1552
s 42
f 1123/954/1494 1124/955/1493 1176/1007/1553 1175/1006/1554
f 1124/955/1493 1125/956/1496 1177/1008/1555 1176/1007/1553
f 1125/956/1496 1126/957/1498 1178/1009/1556 1177/1008/1555
f 1126/957/1498 1075/907/1386 1127/959/1500 1178/1009/1556
f 1127/959/1500 1128/958/1499 1180/1010/1557 1179/1011/1558
f 1128/958/1499 1129/960/1501 1181/1012/1559 1180/1010/1557
f 1129/960/1501 1130/961/1502 1182/1013/1560 1181/1012/1559
f 1130/961/1502 1131/962/1503 1183/1014/1561 1182/1013/1560
f 1131/962/1503 1132/963/1504 1184/1015/1562 1183/1014/1561
f 1132/963/1504 1133/964/1505 1185/1016/1563 1184/1015/1562
f 1133/964/1505 1134/965/1506 1186/1017/1564 1185/1016/1563
f 1134/965/1506 1135/966/1507 1187/1018/1565 1186/1017/1564
f 1135/966/1507 1136/967/1508 1188/1019/1566 1187/1018/1565
f 1136/967/1508 1137/968/1509 1189/1020/1567 1188/1019/1566
f 1137/968/1509 1138/969/1510 1190/1021/1568 1189/1020/1567
f 1138/969/1510 1139/970/1511 1191/1022/1569 1190/1021/1568
f 1139/970/1511 1140/971/1512 1192/1023/1570 1191/1022/1569
f 1140/971/1512 1141/972/1513 1193/1024/1571 1192/1023/1570
f 1141/972/1513 1142/973/1514 1194/1025/1572 1193/1024/1571
f 1142/973/1514 1143/974/1515 1195/1026/1573 1194/1025/1572
f 1143/974/1515 1144/975/1516 1196/1027/1574 1195/1026/1573
f 1144/975/1516 1145/976/1517 1197/1028/1575 1196/1027/1574
f 1145/976/1517 1146/977/1518 1198/1029/1576 1197/1028/1575
f 1146/977/1518 1147/2032/1519 1199/2031/1577 1198/1029/1576
s 43
f 1147/978/1521 1148/979/1520 1200/1031/1578 1199/1030/1579
s 44
f 1148/979/1523 1149/980/1522 1201/1032/1580 1200/1031/1581
s 45
f 1149/980/1525 1150/981/1524 1202/1033/1582 1201/1032/1583
s 46
f 1150/981/1527 1151/982/1526 1203/1034/1584 1202/1033/1585
f 1151/982/1526 1152/983/1528 1204/1035/1586 1203/1034/1584
f 1152/983/1528 1153/984/1529 1205/1036/1587 1204/1035/1586
f 1153/984/1529 1154/985/1530 1206/1037/1588 1205/1036/1587
f 1154/985/1530 1155/986/1531 1207/1038/1589 1206/1037/1588
f 1155/986/1531 1156/987/1532 1208/1039/1590 1207/1038/1589
f 1156/987/1532 1157/988/1533 1209/1040/1591 1208/1039/1590
f 1157/988/1533 1158/989/1534 1210/1041/1592 1209/1040/1591
f 1158/989/1534 1159/990/1535 1211/1042/1593 1210/1041/1592
f 1159/990/1535 1160/991/1536 1212/1043/1594 1211/1042/1593
f 1160/991/1536 1161/992/1537 1213/1044/1595 1212/1043/1594
f 1161/992/1537 1162/993/1538 1214/1045/1596 1213/1044/1595
f 1162/993/1538 1163/994/1539 1215/1046/1597 1214/1045/1596
f 1163/994/1539 1164/995/1540 1216/1047/1598 1215/1046/1597
f 1164/995/1540 1165/996/1541 1217/1048/1599 1216/1047/1598
f 1165/996/1541 1166/997/1542 1218/1049/1600 1217/1048/1599
f 1166/997/1542 1167/998/1543 1219/1050/1601 1218/1049/1600
f 1167/998/1543 1168/999/1544 1220/1051/1602 1219/1050/1601
f 1168/999/1544 1169/1000/1545 1221/1052/1603 1220/1051/1602
f 1169/1000/1545 1170/1001/1546 1222/1053/1604 1221/1052/1603
f 1170/1001/1546 1171/1002/1547 1223/1054/1605 1222/1053/1604
f 1171/1002/1547 1172/1003/1548 1224/1055/1606 1223/1054/1605
f 1172/1003/1548 1173/1004/1549 1225/1056/1607 1224/1055/1606
f 1173/1004/1549 1174/1005/1550 1226/2008/1608 1225/1056/1607
s 47
f 1174/1005/1552 1175/1006/1551 1227/1058/1609 1226/1057/1610
s 42
f 1175/1006/1554 1176/1007/1553 1228/1059/1611 1227/1058/1612
f 1176/1007/1553 1177/1008/1555 1229/1060/1613 1228/1059/1611
f 1177/1008/1555 1178/1009/1556 1230/1061/1614 1229/1060/1613
f 1178/1009/1556 1127/959/1500 1179/1011/1558 1230/1061/1614
f 1179/1011/1558 1180/1010/1557 1232/1062/1615 1231/1063/1616
f 1180/1010/1557 1181/1012/1559 1233/1064/1617 1232/1062/1615
f 1181/1012/1559 1182/1013/1560 1234/1065/1618 1233/1064/1617
f 1182/1013/1560 1183/1014/1561 1235/1066/1619 1234/1065/1618
f 1183/1014/1561 1184/1015/1562 1236/1067/1620 1235/1066/1619
f 1184/1015/1562 1185/1016/1563 1237/1068/1621 1236/1067/1620
f 1185/1016/1563 1186/1017/1564 1238/1069/1622 1237/1068/1621
f 1186/1017/1564 1187/1018/1565 1239/1070/1623 1238/1069/1622
f 1187/1018/1565 1188/1019/1566 1240/1071/1624 1239/1070/1623
f 1188/1019/1566 1189/1020/1567 1241/1072/1625 1240/1071/1624
f 1189/1020/1567 1190/1021/1568 1242/1073/1626 1241/1072/1625
f 1190/1021/1568 1191/1022/1569 1243/1074/1627 1242/1073/1626
f 1191/1022/1569 1192/1023/1570 1244/1075/1628 1243/1074/1627
f 1192/1023/1570 1193/1024/1571 1245/1076/1629 1244/1075/1628
f 1193/1024/1571 1194/1025/1572 1246/1077/1630 1245/1076/1629
f 1194/1025/1572 1195/1026/1573 1247/1078/1631 1246/1077/1630
f 1195/1026/1573 1196/1027/1574 1248/1079/1632 1247/1078/1631
f 1196/1027/1574 1197/1028/1575 1249/1080/1633 1248/1079/1632
f 1197/1028/1575 1198/1029/1576 1250/1081/1634 1249/1080/1633
f 1198/1029/1576 1199/2031/1577 1251/2005/1635 1250/1081/1634
s 43
f 1199/1030/1579 1200/1031/1578 1252/1083/1636 1251/1082/1637
s 44
f 1200/1031/1581 1201/1032/1580 1253/1084/1638 1252/1083/1639
s 45
f 1201/1032/1583 1202/1033/1582 1254/2004/1640 1253/1084/1641
s 46
f 1202/1033/1585 1203/1034/1584 1255/2030/1642 1254/2004/1643
f 1203/1034/1584 1204/1035/1586 1256/2029/1644 1255/2030/1642
f 1204/1035/1586 1205/1036/1587 1257/2028/1645 1256/2029/1644
f 1205/1036/1587 1206/1037/1588 1258/2027/1646 1257/2028/1645
f 1206/1037/1588 1207/1038/1589 1259/2026/1647 1258/2027/1646
f 1207/1038/1589 1208/1039/1590 1260/2025/1648 1259/2026/1647
f 1208/1039/1590 1209/1040/1591 1261/2024/1649 1260/2025/1648
f 1209/1040/1591 1210/1041/1592 1262/2023/1650 1261/2024/1649
f 1210/1041/1592 1211/1042/1593 1263/2022/1651 1262/2023/1650
f 1211/1042/1593 1212/1043/1594 1264/2021/1652 1263/2022/1651
f 1212/1043/1594 1213/1044/1595 1265/2020/1653 1264/2021/1652
f 1213/1044/1595 1214/1045/1596 1266/2019/1654 1265/2020/1653
f 1214/1045/1596 1215/1046/1597 1267/2018/1655 1266/2019/1654
f 1215/1046/1597 1216/1047/1598 1268/2017/1656 1267/2018/1655
f 1216/1047/1598 1217/1048/1599 1269/2016/1657 1268/2017/1656
f 1217/1048/1599 1218/1049/1600 1270/2015/1658 1269/2016/1657
f 1218/1049/1600 1219/1050/1601 1271/2014/1659 1270/2015/1658
f 1219/1050/1601 1220/1051/1602 1272/2013/1660 1271/2014/1659
f 1220/1051/1602 1221/1052/1603 1273/2012/1661 1272/2013/1660
f 1221/1052/1603 1222/1053/1604 1274/2011/1662 1273/2012/1661
f 1222/1053/1604 1223/1054/1605 1275/2010/1663 1274/2011/1662
f 1223/1054/1605 1224/1055/1606 1276/2009/1664 1275/2010/1663
f 1224/1055/1606 1225/1056/1607 1277/2007/1665 1276/2009/1664
f 1225/1056/1607 1226/2008/1608 1278/2006/1666 1277/2007/1665
s 47
f 1226/1057/1610 1227/1058/1609 1279/1110/1667 1278/1109/1668
s 42
f 1227/1058/1612 1228/1059/1611 1280/1111/1669 1279/1110/1670
f 1228/1059/1611 1229/1060/1613 1281/1112/1671 1280/1111/1669
f 1229/1060/1613 1230/1061/1614 1282/1113/1672 1281/1112/1671
f 1230/1061/1614 1179/1011/1558 1231/1063/1616 1282/1113/1672
s 49
f 1278/1109/1673 1279/1110/1674 1277/1108/1675
f 1279/1110/1674 1280/1111/1676 1277/1108/1675
f 1277/1108/1675 1280/1111/1676 1276/1107/1677
f 1280/1111/1676 1281/1112/1678 1276/1107/1677
f 1281/1112/1678 1282/1113/1679 1276/1107/1677
f 1276/1107/1677 1282/1113/1679 1275/1106/1680
f 1282/1113/1679 1231/1063/1681 1275/1106/1680
f 1275/1106/1680 1231/1063/1681 1274/1105/1682
f 1231/1063/1681 1232/1062/1683 1274/1105/1682
f 1274/1105/1682 1232/1062/1683 1273/1104/1684
f 1252/1083/1685 1253/1084/1686 1251/1082/1687
f 1253/1084/1686 1254/2004/1688 1251/1082/1687
f 1251/2005/1687 1254/1085/1688 1250/1081/1689
f 1250/1081/1689 1254/1085/1688 1249/1080/1690
f 1254/1085/1688 1255/1086/1691 1249/1080/1690
f 1255/1086/1691 1256/1087/1692 1249/1080/1690
f 1249/1080/1690 1256/1087/1692 1248/1079/1693
f 1256/1087/1692 1257/1088/1694 1248/1079/1693
f 1248/1079/1693 1257/1088/1694 1247/1078/1695
f 1257/1088/1694 1258/1089/1696 1247/1078/1695
f 1258/1089/1696 1259/1090/1697 1247/1078/1695
f 1247/1078/1695 1259/1090/1697 1246/1077/1698
f 1259/1090/1697 1260/1091/1699 1246/1077/1698
f 1246/1077/1698 1260/1091/1699 1245/1076/1700
f 1260/1091/1699 1261/1092/1701 1245/1076/1700
f 1245/1076/1700 1261/1092/1701 1244/1075/1702
f 1261/1092/1701 1262/1093/1703 1244/1075/1702
f 1244/1075/1702 1262/1093/1703 1243/1074/1704
f 1262/1093/1703 1263/1094/1705 1243/1074/1704
f 1243/1074/1704 1263/1094/1705 1242/1073/1706
f 1242/1073/1706 1263/1094/1705 1241/1072/1707
f 1263/1094/1705 1264/1095/1708 1241/1072/1707
f 1241/1072/1707 1264/1095/1708 1240/1071/1709
f 1264/1095/1708 1265/1096/1710 1240/1071/1709
f 1240/1071/1709 1265/1096/1710 1239/1070/1711
f 1265/1096/1710 1266/1097/1712 1239/1070/1711
f 1239/1070/1711 1266/1097/1712 1238/1069/1713
f 1266/1097/1712 1267/1098/1714 1238/1069/1713
f 1238/1069/1713 1267/1098/1714 1237/1068/1715
f 1267/1098/1714 1268/1099/1716 1237/1068/1715
f 1237/1068/1715 1268/1099/1716 1236/1067/1717
f 1268/1099/1716 1269/1100/1718 1236/1067/1717
f 1236/1067/1717 1269/1100/1718 1235/1066/1719
f 1269/1100/1718 1270/1101/1720 1235/1066/1719
f 1235/1066/1719 1270/1101/1720 1234/1065/1721
f 1270/1101/1720 1271/1102/1722 1234/1065/1721
f 1234/1065/1721 1271/1102/1722 1233/1064/1723
f 1271/1102/1722 1272/1103/1724 1233/1064/1723
f 1233/1064/1723 1272/1103/1724 1232/1062/1683
f 1232/1062/1683 1272/1103/1724 1273/1104/1684
s 51
f 418/1169/1725 417/2033/1726 419/2034/1727
f 417/1170/1726 416/1171/1728 419/1168/1727
f 419/1168/1727 416/1171/1728 420/1167/1729
f 416/1171/1728 415/1172/1730 420/1167/1729
f 420/1167/1729 415/1172/1730 421/1166/1731
f 415/1172/1730 414/1173/1732 421/1166/1731
f 421/1166/1731 414/1173/1732 422/1165/1733
f 414/1173/1732 413/1174/1734 422/1165/1733
f 422/1165/1733 413/1174/1734 423/1164/1735
f 413/1174/1734 473/1114/1736 423/1164/1735
f 457/1130/1737 456/1131/1738 458/1129/1739
f 473/1114/1736 472/1115/1740 423/1164/1735
f 423/1164/1735 472/1115/1740 424/1163/1741
f 472/1115/1740 471/1116/1742 424/1163/1741
f 471/1116/1742 470/1117/1743 424/1163/1741
f 424/1163/1741 470/1117/1743 425/1162/1744
f 470/1117/1743 469/1118/1745 425/1162/1744
f 469/1118/1745 468/1119/1746 425/1162/1744
f 468/1119/1746 467/1120/1747 425/1162/1744
f 425/1162/1744 467/1120/1747 426/1161/1748
f 467/1120/1747 466/1121/1749 426/1161/1748
f 466/1121/1749 465/1122/1750 426/1161/1748
f 426/1161/1748 465/1122/1750 427/1160/1751
f 458/1129/1739 456/1131/1738 459/1128/1752
f 456/1131/1738 455/1132/1753 459/1128/1752
f 459/1128/1752 455/1132/1753 460/1127/1754
f 460/1127/1754 455/1132/1753 461/1126/1755
f 455/1132/1753 454/1133/1756 461/1126/1755
f 461/1126/1755 454/1133/1756 462/1125/1757
f 454/1133/1756 453/1134/1758 462/1125/1757
f 453/1134/1758 452/1135/1759 462/1125/1757
f 452/1135/1759 451/1136/1760 462/1125/1757
f 462/1125/1757 451/1136/1760 463/1124/1761
f 451/1136/1760 450/1137/1762 463/1124/1761
f 450/1137/1762 449/1138/1763 463/1124/1761
f 449/1138/1763 448/1139/1764 463/1124/1761
f 463/1124/1761 448/1139/1764 464/1123/1765
f 464/1123/1765 448/1139/1764 465/1122/1750
f 465/1122/1750 448/1139/1764 427/1160/1751
f 427/1160/1751 448/1139/1764 475/1195/1766
f 475/1195/1766 448/1139/1764 476/1194/1767
f 476/1194/1767 448/1139/1764 477/1193/1768
f 448/1139/1764 447/1140/1769 477/1193/1768
f 477/1193/1768 447/1140/1769 478/1192/1770
f 447/1140/1769 446/1141/1771 478/1192/1770
f 478/1192/1770 446/1141/1771 479/1191/1772
f 446/1141/1771 445/1142/1773 479/1191/1772
f 479/1191/1772 445/1142/1773 480/1190/1774
f 445/1142/1773 444/1143/1775 480/1190/1774
f 480/1190/1774 444/1143/1775 481/1189/1776
f 427/1160/1751 475/1195/1766 428/1159/1777
f 475/1195/1766 474/1196/1778 428/1159/1777
f 428/1159/1777 474/1196/1778 429/1158/1779
f 474/1196/1778 495/1175/1780 429/1158/1779
f 495/1175/1780 494/1176/1781 429/1158/1779
f 429/1158/1779 494/1176/1781 430/1157/1782
f 494/1176/1781 493/1177/1783 430/1157/1782
f 430/1157/1782 493/1177/1783 431/1156/1784
f 493/1177/1783 492/1178/1785 431/1156/1784
f 431/1156/1784 492/1178/1785 432/1155/1786
f 492/1178/1785 491/1179/1787 432/1155/1786
f 444/1143/1775 443/1144/1788 481/1189/1776
f 481/1189/1776 443/1144/1788 482/1188/1789
f 443/1144/1788 442/1145/1790 482/1188/1789
f 482/1188/1789 442/1145/1790 483/1187/1791
f 442/1145/1790 441/1146/1792 483/1187/1791
f 483/1187/1791 441/1146/1792 484/1186/1793
f 441/1146/1792 440/1147/1794 484/1186/1793
f 484/1186/1793 440/1147/1794 485/1185/1795
f 440/1147/1794 439/1148/1796 485/1185/1795
f 439/1148/1796 438/1149/1797 485/1185/1795
f 485/1185/1795 438/1149/1797 486/1184/1798
f 438/1149/1797 437/1150/1799 486/1184/1798
f 486/1184/1798 437/1150/1799 487/1183/1800
f 437/1150/1799 436/1151/1801 487/1183/1800
f 436/1151/1801 435/1152/1802 487/1183/1800
f 487/1183/1800 435/1152/1802 488/1182/1803
f 488/1182/1803 435/1152/1802 489/1181/1804
f 435/1152/1802 434/1153/1805 489/1181/1804
f 434/1153/1805 433/1154/1806 489/1181/1804
f 489/1181/1804 433/1154/1806 490/1180/1807
f 433/1154/1806 432/1155/1786 490/1180/1807
f 432/1155/1786 491/1179/1787 490/1180/1807
s 53
f 413/1174/1808 414/1173/1809 1284/1197/1810 1283/1198/1811
f 414/1173/1809 415/1172/1812 1285/1199/1813 1284/1197/1810
f 415/1172/1812 416/1171/1814 1286/1200/1815 1285/1199/1813
f 416/1171/1814 417/1170/1816 1287/2068/1817 1286/1200/1815
s 54
f 417/2033/1818 418/1169/1819 1288/1202/1820 1287/1201/1821
s 55
f 418/1169/1822 419/2034/1823 1289/1203/1824 1288/1202/1825
f 419/2034/1823 420/2070/1826 1290/1204/1827 1289/1203/1824
f 420/2070/1826 421/2071/1828 1291/1205/1829 1290/1204/1827
f 421/2071/1828 422/2072/1830 1292/1206/1831 1291/1205/1829
f 422/2072/1830 423/2073/1832 1293/1207/1833 1292/1206/1831
f 423/2073/1832 424/2074/1834 1294/1208/1835 1293/1207/1833
f 424/2074/1834 425/2075/1836 1295/1209/1837 1294/1208/1835
f 425/2075/1836 426/2076/1838 1296/1210/1839 1295/1209/1837
f 426/2076/1838 427/2077/1840 1297/1211/1841 1296/1210/1839
s 56
f 427/2077/1842 428/2078/1843 1298/1212/1844 1297/1211/1845
f 428/2078/1843 429/2079/1846 1299/1213/1847 1298/1212/1844
f 429/2079/1846 430/2080/1848 1300/1214/1849 1299/1213/1847
f 430/2080/1848 431/2081/1850 1301/1215/1851 1300/1214/1849
f 431/2081/1850 432/2082/1852 1302/1216/1853 1301/1215/1851
f 432/2082/1852 433/2083/1854 1303/1217/1855 1302/1216/1853
f 433/2083/1854 434/2084/1856 1304/1218/1857 1303/1217/1855
f 434/2084/1856 435/2085/1858 1305/1219/1859 1304/1218/1857
f 435/2085/1858 436/2086/1860 1306/1220/1861 1305/1219/1859
f 436/2086/1860 437/2087/1862 1307/1221/1863 1306/1220/1861
f 437/2087/1862 438/2088/1864 1308/1222/1865 1307/1221/1863
f 438/2088/1864 439/2089/1866 1309/1223/1867 1308/1222/1865
f 439/2089/1866 440/2090/1868 1310/1224/1869 1309/1223/1867
f 440/2090/1868 441/2091/1870 1311/1225/1871 1310/1224/1869
f 441/2091/1870 442/2092/1872 1312/1226/1873 1311/1225/1871
f 442/2092/1872 443/2093/1874 1313/1227/1875 1312/1226/1873
f 443/2093/1874 444/2094/1876 1314/1228/1877 1313/1227/1875
f 444/2094/1876 445/2095/1878 1315/1229/1879 1314/1228/1877
f 445/2095/1878 446/2096/1880 1316/1230/1881 1315/1229/1879
f 446/2096/1880 447/2097/1882 1317/1231/1883 1316/1230/1881
f 447/2097/1882 448/2069/1884 1318/2067/1885 1317/1231/1883
s 57
f 448/1139/1886 449/1138/1887 1319/1233/1888 1318/1232/1889
f 449/1138/1887 450/1137/1890 1320/1234/1891 1319/1233/1888
f 450/1137/1890 451/1136/1892 1321/1235/1893 1320/1234/1891
f 451/1136/1892 452/1135/1894 1322/1236/1895 1321/1235/1893
f 452/1135/1894 453/1134/1896 1323/1237/1897 1322/1236/1895
f 453/1134/1896 454/1133/1898 1324/1238/1899 1323/1237/1897
f 454/1133/1898 455/1132/1900 1325/1239/1901 1324/1238/1899
f 455/1132/1900 456/1131/1902 1326/1240/1903 1325/1239/1901
s 58
f 456/1131/1904 457/1130/1905 1327/1241/1906 1326/1240/1907
s 59
f 457/1130/1908 458/1129/1909 1328/1242/1910 1327/1241/1911
f 458/1129/1909 459/1128/1912 1329/1243/1913 1328/1242/1910
f 459/1128/1912 460/1127/1914 1330/1244/1915 1329/1243/1913
f 460/1127/1914 461/1126/1916 1331/1245/1917 1330/1244/1915
f 461/1126/1916 462/1125/1918 1332/1246/1919 1331/1245/1917
s 53
f 462/1125/1920 463/1124/1921 1333/1247/1922 1332/1246/1923
f 463/1124/1921 464/1123/1924 1334/1248/1925 1333/1247/1922
f 464/1123/1924 465/1122/1926 1335/1249/1927 1334/1248/1925
f 465/1122/1926 466/1121/1928 1336/1250/1929 1335/1249/1927
f 466/1121/1928 467/1120/1930 1337/1251/1931 1336/1250/1929
f 467/1120/1930 468/1119/1932 1338/1252/1933 1337/1251/1931
f 468/1119/1932 469/1118/1934 1339/1253/1935 1338/1252/1933
f 469/1118/1934 470/1117/1936 1340/1254/1937 1339/1253/1935
f 470/1117/1936 471/1116/1938 1341/1255/1939 1340/1254/1937
f 471/1116/1938 472/1115/1940 1342/1256/1941 1341/1255/1939
f 472/1115/1940 473/1114/1942 1343/1257/1943 1342/1256/1941
f 473/1114/1942 413/1174/1808 1283/1198/1811 1343/1257/1943
s 61
f 474/1196/1944 475/1195/1945 1345/1258/1946 1344/1259/1947
s 62
f 475/1195/1948 476/1194/1949 1346/1260/1950 1345/1258/1951
s 61
f 476/1194/1952 477/1193/1953 1347/1261/1954 1346/1260/1955
f 477/1193/1953 478/1192/1956 1348/1262/1957 1347/1261/1954
f 478/1192/1956 479/1191/1958 1349/1263/1959 1348/1262/1957
f 479/1191/1958 480/1190/1960 1350/1264/1961 1349/1263/1959
f 480/1190/1960 481/1189/1962 1351/1265/1963 1350/1264/1961
f 481/1189/1962 482/1188/1964 1352/1266/1965 1351/1265/1963
f 482/1188/1964 483/1187/1966 1353/1267/1967 1352/1266/1965
f 483/1187/1966 484/1186/1968 1354/1268/1969 1353/1267/1967
f 484/1186/1968 485/1185/1970 1355/1269/1971 1354/1268/1969
f 485/1185/1970 486/1184/1972 1356/1270/1973 1355/1269/1971
f 486/1184/1972 487/1183/1974 1357/1271/1975 1356/1270/1973
f 487/1183/1974 488/1182/1976 1358/1272/1977 1357/1271/1975
f 488/1182/1976 489/1181/1978 1359/1273/1979 1358/1272/1977
f 489/1181/1978 490/1180/1980 1360/1274/1981 1359/1273/1979
f 490/1180/1980 491/1179/1982 1361/1275/1983 1360/1274/1981
f 491/1179/1982 492/1178/1984 1362/1276/1985 1361/1275/1983
f 492/1178/1984 493/1177/1986 1363/1277/1987 1362/1276/1985
f 493/1177/1986 494/1176/1988 1364/1278/1989 1363/1277/1987
f 494/1176/1988 495/1175/1990 1365/1279/1991 1364/1278/1989
f 495/1175/1990 474/1196/1944 1344/1259/1947 1365/1279/1991
s 53
f 1283/1198/1811 1284/1197/1810 1367/1280/1992 1366/1281/1993
f 1284/1197/1810 1285/1199/1813 1368/1282/1994 1367/1280/1992
f 1285/1199/1813 1286/1200/1815 1369/1283/1995 1368/1282/1994
f 1286/1200/1815 1287/2068/1817 1370/1284/1996 1369/1283/1995
s 54
f 1287/1201/1821 1288/1202/1820 1371/1285/1997 1370/1284/1998
s 55
f 1288/1202/1825 1289/1203/1824 1372/1286/1999 1371/1285/2000
f 1289/1203/1824 1290/1204/1827 1373/1287/2001 1372/1286/1999
f 1290/1204/1827 1291/1205/1829 1374/1288/2002 1373/1287/2001
f 1291/1205/1829 1292/1206/1831 1375/1289/2003 1374/1288/2002
f 1292/1206/1831 1293/1207/1833 1376/1290/2004 1375/1289/2003
f 1293/1207/1833 1294/1208/1835 1377/1291/2005 1376/1290/2004
f 1294/1208/1835 1295/1209/1837 1378/1292/2006 1377/1291/2005
f 1295/1209/1837 1296/1210/1839 1379/1293/2007 1378/1292/2006
f 1296/1210/1839 1297/1211/1841 1380/1294/2008 1379/1293/2007
s 56
f 1297/1211/1845 1298/1212/1844 1381/1295/2009 1380/1294/2010
f 1298/1212/1844 1299/1213/1847 1382/1296/2011 1381/1295/2009
f 1299/1213/1847 1300/1214/1849 1383/1297/2012 1382/1296/2011
f 1300/1214/1849 1301/1215/1851 1384/1298/2013 1383/1297/2012
f 1301/1215/1851 1302/1216/1853 1385/1299/2014 1384/1298/2013
f 1302/1216/1853 1303/1217/1855 1386/1300/2015 1385/1299/2014
f 1303/1217/1855 1304/1218/1857 1387/1301/2016 1386/1300/2015
f 1304/1218/1857 1305/1219/1859 1388/1302/2017 1387/1301/2016
f 1305/1219/1859 1306/1220/1861 1389/1303/2018 1388/1302/2017
f 1306/1220/1861 1307/1221/1863 1390/1304/2019 1389/1303/2018
f 1307/1221/1863 1308/1222/1865 1391/1305/2020 1390/1304/2019
f 1308/1222/1865 1309/1223/1867 1392/1306/2021 1391/1305/2020
f 1309/1223/1867 1310/1224/1869 1393/1307/2022 1392/1306/2021
f 1310/1224/1869 1311/1225/1871 1394/1308/2023 1393/1307/2022
f 1311/1225/1871 1312/1226/1873 1395/1309/2024 1394/1308/2023
f 1312/1226/1873 1313/1227/1875 1396/1310/2025 1395/1309/2024
f 1313/1227/1875 1314/1228/1877 1397/1311/2026 1396/1310/2025
f 1314/1228/1877 1315/1229/1879 1398/1312/2027 1397/1311/2026
f 1315/1229/1879 1316/1230/1881 1399/1313/2028 1398/1312/2027
f 1316/1230/1881 1317/1231/1883 1400/1314/2029 1399/1313/2028
f 1317/1231/1883 1318/2067/1885 1401/2066/2030 1400/1314/2029
s 57
f 1318/1232/1889 1319/1233/1888 1402/1316/2031 1401/1315/2032
f 1319/1233/1888 1320/1234/1891 1403/1317/2033 1402/1316/2031
f 1320/1234/1891 1321/1235/1893 1404/1318/2034 1403/1317/2033
f 1321/1235/1893 1322/1236/1895 1405/1319/2035 1404/1318/2034
f 1322/1236/1895 1323/1237/1897 1406/1320/2036 1405/1319/2035
f 1323/1237/1897 1324/1238/1899 1407/1321/2037 1406/1320/2036
f 1324/1238/1899 1325/1239/1901 1408/1322/2038 1407/1321/2037
f 1325/1239/1901 1326/1240/1903 1409/1323/2039 1408/1322/2038
s 58
f 1326/1240/1907 1327/1241/1906 1410/1324/2040 1409/1323/2041
s 59
f 1327/1241/1911 1328/1242/1910 1411/1325/2042 1410/1324/2043
f 1328/1242/1910 1329/1243/1913 1412/1326/2044 1411/1325/2042
f 1329/1243/1913 1330/1244/1915 1413/1327/2045 1412/1326/2044
f 1330/1244/1915 1331/1245/1917 1414/1328/2046 1413/1327/2045
f 1331/1245/1917 1332/1246/1919 1415/1329/2047 1414/1328/2046
s 53
f 1332/1246/1923 1333/1247/1922 1416/1330/2048 1415/1329/2049
f 1333/1247/1922 1334/1248/1925 1417/1331/2050 1416/1330/2048
f 1334/1248/1925 1335/1249/1927 1418/1332/2051 1417/1331/2050
f 1335/1249/1927 1336/1250/1929 1419/1333/2052 1418/1332/2051
f 1336/1250/1929 1337/1251/1931 1420/1334/2053 1419/1333/2052
f 1337/1251/1931 1338/1252/1933 1421/1335/2054 1420/1334/2053
f 1338/1252/1933 1339/1253/1935 1422/1336/2055 1421/1335/2054
f 1339/1253/1935 1340/1254/1937 1423/1337/2056 1422/1336/2055
f 1340/1254/1937 1341/1255/1939 1424/1338/2057 1423/1337/2056
f 1341/1255/1939 1342/1256/1941 1425/1339/2058 1424/1338/2057
f 1342/1256/1941 1343/1257/1943 1426/1340/2059 1425/1339/2058
f 1343/1257/1943 1283/1198/1811 1366/1281/1993 1426/1340/2059
s 61
f 1344/1259/1947 1345/1258/1946 1428/1341/2060 1427/1342/2061
s 62
f 1345/1258/1951 1346/1260/1950 1429/1343/2062 1428/1341/2063
s 61
f 1346/1260/1955 1347/1261/1954 1430/1344/2064 1429/1343/2065
f 1347/1261/1954 1348/1262/1957 1431/1345/2066 1430/1344/2064
f 1348/1262/1957 1349/1263/1959 1432/1346/2067 1431/1345/2066
f 1349/1263/1959 1350/1264/1961 1433/1347/2068 1432/1346/2067
f 1350/1264/1961 1351/1265/1963 1434/1348/2069 1433/1347/2068
f 1351/1265/1963 1352/1266/1965 1435/1349/2070 1434/1348/2069
f 1352/1266/1965 1353/1267/1967 1436/1350/2071 1435/1349/2070
f 1353/1267/1967 1354/1268/1969 1437/1351/2072 1436/1350/2071
f 1354/1268/1969 1355/1269/1971 1438/1352/2073 1437/1351/2072
f 1355/1269/1971 1356/1270/1973 1439/1353/2074 1438/1352/2073
f 1356/1270/1973 1357/1271/1975 1440/1354/2075 1439/1353/2074
f 1357/1271/1975 1358/1272/1977 1441/1355/2076 1440/1354/2075
f 1358/1272/1977 1359/1273/1979 1442/1356/2077 1441/1355/2076
f 1359/1273/1979 1360/1274/1981 1443/1357/2078 1442/1356/2077
f 1360/1274/1981 1361/1275/1983 1444/1358/2079 1443/1357/2078
f 1361/1275/1983 1362/1276/1985 1445/1359/2080 1444/1358/2079
f 1362/1276/1985 1363/1277/1987 1446/1360/2081 1445/1359/2080
f 1363/1277/1987 1364/1278/1989 1447/1361/2082 1446/1360/2081
f 1364/1278/1989 1365/1279/1991 1448/1362/2083 1447/1361/2082
f 1365/1279/1991 1344/1259/1947 1427/1342/2061 1448/1362/2083
s 53
f 1366/1281/1993 1367/1280/1992 1450/1363/2084 1449/1364/2085
f 1367/1280/1992 1368/1282/1994 1451/1365/2086 1450/1363/2084
f 1368/1282/1994 1369/1283/1995 1452/1366/2087 1451/1365/2086
f 1369/1283/1995 1370/1284/1996 1453/1367/2088 1452/1366/2087
s 54
f 1370/1284/1998 1371/1285/1997 1454/1368/2089 1453/1367/2090
s 55
f 1371/1285/2000 1372/1286/1999 1455/1369/2091 1454/1368/2092
f 1372/1286/1999 1373/1287/2001 1456/1370/2093 1455/1369/2091
f 1373/1287/2001 1374/1288/2002 1457/1371/2094 1456/1370/2093
f 1374/1288/2002 1375/1289/2003 1458/1372/2095 1457/1371/2094
f 1375/1289/2003 1376/1290/2004 1459/1373/2096 1458/1372/2095
f 1376/1290/2004 1377/1291/2005 1460/1374/2097 1459/1373/2096
f 1377/1291/2005 1378/1292/2006 1461/1375/2098 1460/1374/2097
f 1378/1292/2006 1379/1293/2007 1462/1376/2099 1461/1375/2098
f 1379/1293/2007 1380/1294/2008 1463/1377/2100 1462/1376/2099
s 56
f 1380/1294/2010 1381/1295/2009 1464/1378/2101 1463/1377/2102
f 1381/1295/2009 1382/1296/2011 1465/1379/2103 1464/1378/2101
f 1382/1296/2011 1383/1297/2012 1466/1380/2104 1465/1379/2103
f 1383/1297/2012 1384/1298/2013 1467/1381/2105 1466/1380/2104
f 1384/1298/2013 1385/1299/2014 1468/1382/2106 1467/1381/2105
f 1385/1299/2014 1386/1300/2015 1469/1383/2107 1468/1382/2106
f 1386/1300/2015 1387/1301/2016 1470/1384/2108 1469/1383/2107
f 1387/1301/2016 1388/1302/2017 1471/1385/2109 1470/1384/2108
f 1388/1302/2017 1389/1303/2018 1472/1386/2110 1471/1385/2109
f 1389/1303/2018 1390/1304/2019 1473/1387/2111 1472/1386/2110
f 1390/1304/2019 1391/1305/2020 1474/1388/2112 1473/1387/2111
f 1391/1305/2020 1392/1306/2021 1475/1389/2113 1474/1388/2112
f 1392/1306/2021 1393/1307/2022 1476/1390/2114 1475/1389/2113
f 1393/1307/2022 1394/1308/2023 1477/1391/2115 1476/1390/2114
f 1394/1308/2023 1395/1309/2024 1478/1392/2116 1477/1391/2115
f 1395/1309/2024 1396/1310/2025 1479/1393/2117 1478/1392/2116
f 1396/1310/2025 1397/1311/2026 1480/1394/2118 1479/1393/2117
f 1397/1311/2026 1398/1312/2027 1481/1395/2119 1480/1394/2118
f 1398/1312/2027 1399/1313/2028 1482/1396/2120 1481/1395/2119
f 1399/1313/2028 1400/1314/2029 1483/1397/2121 1482/1396/2120
f 1400/1314/2029 1401/2066/2030 1484/2043/2122 1483/1397/2121
s 57
f 1401/1315/2032 1402/1316/2031 1485/1399/2123 1484/1398/2124
f 1402/1316/2031 1403/1317/2033 1486/1400/2125 1485/1399/2123
f 1403/1317/2033 1404/1318/2034 1487/1401/2126 1486/1400/2125
f 1404/1318/2034 1405/1319/2035 1488/1402/2127 1487/1401/2126
f 1405/1319/2035 1406/1320/2036 1489/1403/2128 1488/1402/2127
f 1406/1320/2036 1407/1321/2037 1490/1404/2129 1489/1403/2128
f 1407/1321/2037 1408/1322/2038 1491/1405/2130 1490/1404/2129
f 1408/1322/2038 1409/1323/2039 1492/1406/2131 1491/1405/2130
s 58
f 1409/1323/2041 1410/1324/2040 1493/1407/2132 1492/1406/2133
s 59
f 1410/1324/2043 1411/1325/2042 1494/1408/2134 1493/1407/2135
f 1411/1325/2042 1412/1326/2044 1495/1409/2136 1494/1408/2134
f 1412/1326/2044 1413/1327/2045 1496/1410/2137 1495/1409/2136
f 1413/1327/2045 1414/1328/2046 1497/1411/2138 1496/1410/2137
f 1414/1328/2046 1415/1329/2047 1498/1412/2139 1497/1411/2138
s 53
f 1415/1329/2049 1416/1330/2048 1499/1413/2140 1498/1412/2141
f 1416/1330/2048 1417/1331/2050 1500/1414/2142 1499/1413/2140
f 1417/1331/2050 1418/1332/2051 1501/1415/2143 1500/1414/2142
f 1418/1332/2051 1419/1333/2052 1502/1416/2144 1501/1415/2143
f 1419/1333/2052 1420/1334/2053 1503/1417/2145 1502/1416/2144
f 1420/1334/2053 1421/1335/2054 1504/1418/2146 1503/1417/2145
f 1421/1335/2054 1422/1336/2055 1505/1419/2147 1504/1418/2146
f 1422/1336/2055 1423/1337/2056 1506/1420/2148 1505/1419/2147
f 1423/1337/2056 1424/1338/2057 1507/1421/2149 1506/1420/2148
f 1424/1338/2057 1425/1339/2058 1508/1422/2150 1507/1421/2149
f 1425/1339/2058 1426/1340/2059 1509/1423/2151 1508/1422/2150
f 1426/1340/2059 1366/1281/1993 1449/1364/2085 1509/1423/2151
s 61
f 1427/1342/2061 1428/1341/2060 1511/2065/2152 1510/2044/2153
s 62
f 1428/1341/2063 1429/1343/2062 1512/2064/2154 1511/2065/2155
s 61
f 1429/1343/2065 1430/1344/2064 1513/2063/2156 1512/2064/2157
f 1430/1344/2064 1431/1345/2066 1514/2062/2158 1513/2063/2156
f 1431/1345/2066 1432/1346/2067 1515/2061/2159 1514/2062/2158
f 1432/1346/2067 1433/1347/2068 1516/2060/2160 1515/2061/2159
f 1433/1347/2068 1434/1348/2069 1517/2059/2161 1516/2060/2160
f 1434/1348/2069 1435/1349/2070 1518/2058/2162 1517/2059/2161
f 1435/1349/2070 1436/1350/2071 1519/2057/2163 1518/2058/2162
f 1436/1350/2071 1437/1351/2072 1520/2056/2164 1519/2057/2163
f 1437/1351/2072 1438/1352/2073 1521/2055/2165 1520/2056/2164
f 1438/1352/2073 1439/1353/2074 1522/2054/2166 1521/2055/2165
f 1439/1353/2074 1440/1354/2075 1523/2053/2167 1522/2054/2166
f 1440/1354/2075 1441/1355/2076 1524/2052/2168 1523/2053/2167
f 1441/1355/2076 1442/1356/2077 1525/2051/2169 1524/2052/2168
f 1442/1356/2077 1443/1357/2078 1526/2050/2170 1525/2051/2169
f 1443/1357/2078 1444/1358/2079 1527/2049/2171 1526/2050/2170
f 1444/1358/2079 1445/1359/2080 1528/2048/2172 1527/2049/2171
f 1445/1359/2080 1446/1360/2081 1529/2047/2173 1528/2048/2172
f 1446/1360/2081 1447/1361/2082 1530/2046/2174 1529/2047/2173
f 1447/1361/2082 1448/1362/2083 1531/2045/2175 1530/2046/2174
f 1448/1362/2083 1427/1342/2061 1510/2044/2153 1531/2045/2175
s 53
f 1449/1364/2085 1450/1363/2084 1533/1446/2176 1532/1447/2177
f 1450/1363/2084 1451/1365/2086 1534/1448/2178 1533/1446/2176
f 1451/1365/2086 1452/1366/2087 1535/1449/2179 1534/1448/2178
f 1452/1366/2087 1453/1367/2088 1536/1450/2180 1535/1449/2179
s 54
f 1453/1367/2090 1454/1368/2089 1537/1451/2181 1536/1450/2182
s 55
f 1454/1368/2092 1455/1369/2091 1538/1452/2183 1537/1451/2184
f 1455/1369/2091 1456/1370/2093 1539/1453/2185 1538/1452/2183
f 1456/1370/2093 1457/1371/2094 1540/1454/2186 1539/1453/2185
f 1457/1371/2094 1458/1372/2095 1541/1455/2187 1540/1454/2186
f 1458/1372/2095 1459/1373/2096 1542/1456/2188 1541/1455/2187
f 1459/1373/2096 1460/1374/2097 1543/1457/2189 1542/1456/2188
f 1460/1374/2097 1461/1375/2098 1544/1458/2190 1543/1457/2189
f 1461/1375/2098 1462/1376/2099 1545/1459/2191 1544/1458/2190
f 1462/1376/2099 1463/1377/2100 1546/1460/2192 1545/1459/2191
s 56
f 1463/1377/2102 1464/1378/2101 1547/1461/2193 1546/1460/2194
f 1464/1378/2101 1465/1379/2103 1548/1462/2195 1547/1461/2193
f 1465/1379/2103 1466/1380/2104 1549/1463/2196 1548/1462/2195
f 1466/1380/2104 1467/1381/2105 1550/1464/2197 1549/1463/2196
f 1467/1381/2105 1468/1382/2106 1551/1465/2198 1550/1464/2197
f 1468/1382/2106 1469/1383/2107 1552/1466/2199 1551/1465/2198
f 1469/1383/2107 1470/1384/2108 1553/1467/2200 1552/1466/2199
f 1470/1384/2108 1471/1385/2109 1554/1468/2201 1553/1467/2200
f 1471/1385/2109 1472/1386/2110 1555/1469/2202 1554/1468/2201
f 1472/1386/2110 1473/1387/2111 1556/1470/2203 1555/1469/2202
f 1473/1387/2111 1474/1388/2112 1557/1471/2204 1556/1470/2203
f 1474/1388/2112 1475/1389/2113 1558/1472/2205 1557/1471/2204
f 1475/1389/2113 1476/1390/2114 1559/1473/2206 1558/1472/2205
f 1476/1390/2114 1477/1391/2115 1560/1474/2207 1559/1473/2206
f 1477/1391/2115 1478/1392/2116 1561/1475/2208 1560/1474/2207
f 1478/1392/2116 1479/1393/2117 1562/1476/2209 1561/1475/2208
f 1479/1393/2117 1480/1394/2118 1563/1477/2210 1562/1476/2209
f 1480/1394/2118 1481/1395/2119 1564/1478/2211 1563/1477/2210
f 1481/1395/2119 1482/1396/2120 1565/1479/2212 1564/1478/2211
f 1482/1396/2120 1483/1397/2121 1566/1480/2213 1565/1479/2212
f 1483/1397/2121 1484/2043/2122 1567/1481/2214 1566/1480/2213
s 57
f 1484/1398/2124 1485/1399/2123 1568/2041/2215 1567/2042/2216
f 1485/1399/2123 1486/1400/2125 1569/2040/2217 1568/2041/2215
f 1486/1400/2125 1487/1401/2126 1570/2039/2218 1569/2040/2217
f 1487/1401/2126 1488/1402/2127 1571/2038/2219 1570/2039/2218
f 1488/1402/2127 1489/1403/2128 1572/2037/2220 1571/2038/2219
f 1489/1403/2128 1490/1404/2129 1573/2036/2221 1572/2037/2220
f 1490/1404/2129 1491/1405/2130 1574/2035/2222 1573/2036/2221
f 1491/1405/2130 1492/1406/2131 1575/1489/2223 1574/2035/2222
s 58
f 1492/1406/2133 1493/1407/2132 1576/1490/2224 1575/1489/2225
s 59
f 1493/1407/2135 1494/1408/2134 1577/1491/2226 1576/1490/2227
f 1494/1408/2134 1495/1409/2136 1578/1492/2228 1577/1491/2226
f 1495/1409/2136 1496/1410/2137 1579/1493/2229 1578/1492/2228
f 1496/1410/2137 1497/1411/2138 1580/1494/2230 1579/1493/2229
f 1497/1411/2138 1498/1412/2139 1581/1495/2231 1580/1494/2230
s 53
f 1498/1412/2141 1499/1413/2140 1582/1496/2232 1581/1495/2233
f 1499/1413/2140 1500/1414/2142 1583/1497/2234 1582/1496/2232
f 1500/1414/2142 1501/1415/2143 1584/1498/2235 1583/1497/2234
f 1501/1415/2143 1502/1416/2144 1585/1499/2236 1584/1498/2235
f 1502/1416/2144 1503/1417/2145 1586/1500/2237 1585/1499/2236
f 1503/1417/2145 1504/1418/2146 1587/1501/2238 1586/1500/2237
f 1504/1418/2146 1505/1419/2147 1588/1502/2239 1587/1501/2238
f 1505/1419/2147 1506/1420/2148 1589/1503/2240 1588/1502/2239
f 1506/1420/2148 1507/1421/2149 1590/1504/2241 1589/1503/2240
f 1507/1421/2149 1508/1422/2150 1591/1505/2242 1590/1504/2241
f 1508/1422/2150 1509/1423/2151 1592/1506/2243 1591/1505/2242
f 1509/1423/2151 1449/1364/2085 1532/1447/2177 1592/1506/2243
s 61
f 1510/1425/2153 1511/1424/2152 1594/1507/2244 1593/1508/2245
s 62
f 1511/1424/2155 1512/1426/2154 1595/1509/2246 1594/1507/2247
s 61
f 1512/1426/2157 1513/1427/2156 1596/1510/2248 1595/1509/2249
f 1513/1427/2156 1514/1428/2158 1597/1511/2250 1596/1510/2248
f 1514/1428/2158 1515/1429/2159 1598/1512/2251 1597/1511/2250
f 1515/1429/2159 1516/1430/2160 1599/1513/2252 1598/1512/2251
f 1516/1430/2160 1517/1431/2161 1600/1514/2253 1599/1513/2252
f 1517/1431/2161 1518/1432/2162 1601/1515/2254 1600/1514/2253
f 1518/1432/2162 1519/1433/2163 1602/1516/2255 1601/1515/2254
f 1519/1433/2163 1520/1434/2164 1603/1517/2256 1602/1516/2255
f 1520/1434/2164 1521/1435/2165 1604/1518/2257 1603/1517/2256
f 1521/1435/2165 1522/1436/2166 1605/1519/2258 1604/1518/2257
f 1522/1436/2166 1523/1437/2167 1606/1520/2259 1605/1519/2258
f 1523/1437/2167 1524/1438/2168 1607/1521/2260 1606/1520/2259
f 1524/1438/2168 1525/1439/2169 1608/1522/2261 1607/1521/2260
f 1525/1439/2169 1526/1440/2170 1609/1523/2262 1608/1522/2261
f 1526/1440/2170 1527/1441/2171 1610/1524/2263 1609/1523/2262
f 1527/1441/2171 1528/1442/2172 1611/1525/2264 1610/1524/2263
f 1528/1442/2172 1529/1443/2173 1612/1526/2265 1611/1525/2264
f 1529/1443/2173 1530/1444/2174 1613/1527/2266 1612/1526/2265
f 1530/1444/2174 1531/1445/2175 1614/1528/2267 1613/1527/2266
f 1531/1445/2175 1510/1425/2153 1593/1508/2245 1614/1528/2267
s 64
f 1537/1451/2268 1538/1452/2269 1536/1450/2270
f 1536/1450/2270 1538/1452/2269 1535/1449/2271
f 1538/1452/2269 1539/1453/2272 1535/1449/2271
f 1535/1449/2271 1539/1453/2272 1534/1448/2273
f 1539/1453/2272 1540/1454/2274 1534/1448/2273
f 1534/1448/2273 1540/1454/2274 1533/1446/2275
f 1540/1454/2274 1541/1455/2276 1533/1446/2275
f 1533/1446/2275 1541/1455/2276 1532/1447/2277
f 1541/1455/2276 1542/1456/2278 1532/1447/2277
f 1532/1447/2277 1542/1456/2278 1592/1506/2279
f 1576/1490/2280 1577/1491/2281 1575/1489/2282
f 1592/1506/2279 1542/1456/2278 1591/1505/2283
f 1542/1456/2278 1543/1457/2284 1591/1505/2283
f 1591/1505/2283 1543/1457/2284 1590/1504/2285
f 1590/1504/2285 1543/1457/2284 1589/1503/2286
f 1543/1457/2284 1544/1458/2287 1589/1503/2286
f 1589/1503/2286 1544/1458/2287 1588/1502/2288
f 1588/1502/2288 1544/1458/2287 1587/1501/2289
f 1587/1501/2289 1544/1458/2287 1586/1500/2290
f 1544/1458/2287 1545/1459/2291 1586/1500/2290
f 1586/1500/2290 1545/1459/2291 1585/1499/2292
f 1545/1459/2291 1546/1460/2293 1585/1499/2292
f 1585/1499/2292 1546/1460/2293 1584/1498/2294
f 1577/1491/2281 1578/1492/2295 1575/1489/2282
f 1575/1489/2282 1578/1492/2295 1574/1488/2296
f 1578/1492/2295 1579/1493/2297 1574/1488/2296
f 1579/1493/2297 1580/1494/2298 1574/1488/2296
f 1574/1488/2296 1580/1494/2298 1573/1487/2299
f 1580/1494/2298 1581/1495/2300 1573/1487/2299
f 1573/1487/2299 1581/1495/2300 1572/1486/2301
f 1572/1486/2301 1581/1495/2300 1571/1485/2302
f 1571/1485/2302 1581/1495/2300 1570/1484/2303
f 1581/1495/2300 1582/1496/2304 1570/1484/2303
f 1570/1484/2303 1582/1496/2304 1569/1483/2305
f 1569/1483/2305 1582/1496/2304 1568/1482/2306
f 1568/1482/2306 1582/1496/2304 1567/1481/2307
f 1582/1496/2304 1583/1497/2308 1567/1481/2307
f 1583/1497/2308 1584/1498/2294 1567/1481/2307
f 1584/1498/2294 1546/1460/2293 1567/1481/2307
f 1546/1460/2293 1594/1507/2309 1567/1481/2307
f 1594/1507/2309 1595/1509/2310 1567/1481/2307
f 1595/1509/2310 1596/1510/2311 1567/1481/2307
f 1567/1481/2307 1596/1510/2311 1566/1480/2312
f 1596/1510/2311 1597/1511/2313 1566/1480/2312
f 1566/1480/2312 1597/1511/2313 1565/1479/2314
f 1597/1511/2313 1598/1512/2315 1565/1479/2314
f 1594/1507/2309 1546/1460/2293 1593/1508/2316
f 1546/1460/2293 1547/1461/2317 1593/1508/2316
f 1547/1461/2317 1548/1462/2318 1593/1508/2316
f 1593/1508/2316 1548/1462/2318 1614/1528/2319
f 1614/1528/2319 1548/1462/2318 1613/1527/2320
f 1548/1462/2318 1549/1463/2321 1613/1527/2320
f 1613/1527/2320 1549/1463/2321 1612/1526/2322
f 1549/1463/2321 1550/1464/2323 1612/1526/2322
f 1612/1526/2322 1550/1464/2323 1611/1525/2324
f 1565/1479/2314 1598/1512/2315 1564/1478/2325
f 1598/1512/2315 1599/1513/2326 1564/1478/2325
f 1564/1478/2325 1599/1513/2326 1563/1477/2327
f 1599/1513/2326 1600/1514/2328 1563/1477/2327
f 1550/1464/2323 1551/1465/2329 1611/1525/2324
f 1611/1525/2324 1551/1465/2329 1610/1524/2330
f 1563/1477/2327 1600/1514/2328 1562/1476/2331
f 1600/1514/2328 1601/1515/2332 1562/1476/2331
f 1562/1476/2331 1601/1515/2332 1561/1475/2333
f 1601/1515/2332 1602/1516/2334 1561/1475/2333
f 1561/1475/2333 1602/1516/2334 1560/1474/2335
f 1602/1516/2334 1603/1517/2336 1560/1474/2335
f 1560/1474/2335 1603/1517/2336 1559/1473/2337
f 1603/1517/2336 1604/1518/2338 1559/1473/2337
f 1559/1473/2337 1604/1518/2338 1558/1472/2339
f 1558/1472/2339 1604/1518/2338 1557/1471/2340
f 1604/1518/2338 1605/1519/2341 1557/1471/2340
f 1557/1471/2340 1605/1519/2341 1556/1470/2342
f 1605/1519/2341 1606/1520/2343 1556/1470/2342
f 1556/1470/2342 1606/1520/2343 1555/1469/2344
f 1606/1520/2343 1607/1521/2345 1555/1469/2344
f 1555/1469/2344 1607/1521/2345 1554/1468/2346
f 1607/1521/2345 1608/1522/2347 1554/1468/2346
f 1554/1468/2346 1608/1522/2347 1553/1467/2348
f 1553/1467/2348 1608/1522/2347 1552/1466/2349
f 1608/1522/2347 1609/1523/2350 1552/1466/2349
f 1552/1466/2349 1609/1523/2350 1551/1465/2329
f 1609/1523/2350 1610/1524/2330 1551/1465/2329
s 66
f 534/1537/2351 533/1538/2352 535/1536/2353
f 533/1538/2352 532/1539/2354 535/1536/2353
f 532/1539/2354 531/1540/2355 535/1536/2353
f 535/1536/2353 531/1540/2355 536/1535/2356
f 536/1535/2356 531/1540/2355 537/1534/2357
f 523/1548/2358 522/1549/2359 524/1547/2360
f 522/1549/2359 521/1550/2361 524/1547/2360
f 512/1559/2362 511/1560/2363 513/1558/2364
f 511/1560/2363 510/1561/2365 513/1558/2364
f 509/1562/2366 508/1563/2367 510/1561/2365
f 510/1561/2365 508/1563/2367 513/1558/2364
f 513/1558/2364 508/1563/2367 514/1557/2368
f 508/1563/2367 507/1564/2369 514/1557/2368
f 514/1557/2368 507/1564/2369 515/1556/2370
f 507/1564/2369 506/1565/2371 515/1556/2370
f 515/1556/2370 506/1565/2371 516/1555/2372
f 506/1565/2371 505/1566/2373 516/1555/2372
f 516/1555/2372 505/1566/2373 517/1554/2374
f 505/1566/2373 504/1567/2375 517/1554/2374
f 517/1554/2374 504/1567/2375 518/1553/2376
f 504/1567/2375 503/1568/2377 518/1553/2376
f 537/1534/2357 531/1540/2355 538/1533/2378
f 531/1540/2355 530/1541/2379 538/1533/2378
f 538/1533/2378 530/1541/2379 539/1532/2380
f 539/1532/2380 530/1541/2379 540/1531/2381
f 540/1531/2381 530/1541/2379 541/1530/2382
f 530/1541/2379 529/1542/2383 541/1530/2382
f 541/1530/2382 529/1542/2383 542/1529/2384
f 542/1529/2384 529/1542/2383 496/1575/2385
f 529/1542/2383 528/1543/2386 496/1575/2385
f 496/1575/2385 528/1543/2386 497/1574/2387
f 528/1543/2386 527/1544/2388 497/1574/2387
f 497/1574/2387 527/1544/2388 498/1573/2389
f 527/1544/2388 526/1545/2390 498/1573/2389
f 498/1573/2389 526/1545/2390 499/1572/2391
f 499/1572/2391 526/1545/2390 500/1571/2392
f 526/1545/2390 525/1546/2393 500/1571/2392
f 525/1546/2393 524/1547/2360 500/1571/2392
f 524/1547/2360 521/1550/2361 500/1571/2392
f 521/1550/2361 520/1551/2394 500/1571/2392
f 500/1571/2392 520/1551/2394 501/1570/2395
f 520/1551/2394 519/1552/2396 501/1570/2395
f 501/1570/2395 519/1552/2396 502/1569/2397
f 502/1569/2397 519/1552/2396 503/1568/2377
f 519/1552/2396 518/1553/2376 503/1568/2377
s 69
f 496/1575/2398 497/1574/2399 1616/1576/2400 1615/1577/2401
f 497/1574/2399 498/1573/2402 1617/1578/2403 1616/1576/2400
f 498/1573/2402 499/1572/2404 1618/1579/2405 1617/1578/2403
f 499/1572/2404 500/1571/2406 1619/1580/2407 1618/1579/2405
s 70
f 500/1571/2408 501/1570/2409 1620/1581/2410 1619/1580/2411
f 501/1570/2409 502/1569/2412 1621/1582/2413 1620/1581/2410
f 502/1569/2412 503/1568/2414 1622/1583/2415 1621/1582/2413
f 503/1568/2414 504/1567/2416 1623/1584/2417 1622/1583/2415
f 504/1567/2416 505/1566/2418 1624/1585/2419 1623/1584/2417
f 505/1566/2418 506/1565/2420 1625/1586/2421 1624/1585/2419
f 506/1565/2420 507/1564/2422 1626/1587/2423 1625/1586/2421
f 507/1564/2422 508/1563/2424 1627/1588/2425 1626/1587/2423
s 71
f 508/1563/2426 509/1562/2427 1628/1589/2428 1627/1588/2429
s 72
f 509/1562/2430 510/1561/2431 1629/1590/2432 1628/1589/2433
s 73
f 510/1561/2434 511/1560/2435 1630/1591/2436 1629/1590/2437
s 74
f 511/1560/2438 512/1559/2439 1631/1592/2440 1630/1591/2441
s 75
f 512/1559/2442 513/1558/2443 1632/1593/2444 1631/1592/2445
s 76
f 513/1558/2446 514/1557/2447 1633/1594/2448 1632/1593/2449
f 514/1557/2447 515/1556/2450 1634/1595/2451 1633/1594/2448
f 515/1556/2450 516/1555/2452 1635/1596/2453 1634/1595/2451
f 516/1555/2452 517/1554/2454 1636/1597/2455 1635/1596/2453
f 517/1554/2454 518/1553/2456 1637/1598/2457 1636/1597/2455
f 518/1553/2456 519/1552/2458 1638/1599/2459 1637/1598/2457
f 519/1552/2458 520/1551/2460 1639/1600/2461 1638/1599/2459
f 520/1551/2460 521/1550/2462 1640/1601/2463 1639/1600/2461
f 521/1550/2462 522/1549/2464 1641/1602/2465 1640/1601/2463
s 77
f 522/1549/2466 523/1548/2467 1642/1603/2468 1641/1602/2469
s 78
f 523/1548/2470 524/1547/2471 1643/1604/2472 1642/1603/2473
s 79
f 524/1547/2474 525/1546/2475 1644/1605/2476 1643/1604/2477
f 525/1546/2475 526/1545/2478 1645/1606/2479 1644/1605/2476
f 526/1545/2478 527/1544/2480 1646/1607/2481 1645/1606/2479
f 527/1544/2480 528/1543/2482 1647/1608/2483 1646/1607/2481
f 528/1543/2482 529/1542/2484 1648/1609/2485 1647/1608/2483
f 529/1542/2484 530/1541/2486 1649/1610/2487 1648/1609/2485
f 530/1541/2486 531/1540/2488 1650/1611/2489 1649/1610/2487
f 531/1540/2488 532/1539/2490 1651/1612/2491 1650/1611/2489
f 532/1539/2490 533/1538/2492 1652/1613/2493 1651/1612/2491
s 80
f 533/1538/2494 534/1537/2495 1653/1614/2496 1652/1613/2497
s 69
f 534/1537/2498 535/1536/2499 1654/1615/2500 1653/1614/2501
f 535/1536/2499 536/1535/2502 1655/1616/2503 1654/1615/2500
f 536/1535/2502 537/1534/2504 1656/1617/2505 1655/1616/2503
f 537/1534/2504 538/1533/2506 1657/1618/2507 1656/1617/2505
f 538/1533/2506 539/1532/2508 1658/1619/2509 1657/1618/2507
f 539/1532/2508 540/1531/2510 1659/1620/2511 1658/1619/2509
f 540/1531/2510 541/1530/2512 1660/1621/2513 1659/1620/2511
f 541/1530/2512 542/1529/2514 1661/1622/2515 1660/1621/2513
f 542/1529/2514 496/1575/2398 1615/1577/2401 1661/1622/2515
f 1615/1577/2401 1616/1576/2400 1663/1623/2516 1662/1624/2517
f 1616/1576/2400 1617/1578/2403 1664/1625/2518 1663/1623/2516
f 1617/1578/2403 1618/1579/2405 1665/1626/2519 1664/1625/2518
f 1618/1579/2405 1619/1580/2407 1666/1627/2520 1665/1626/2519
s 70
f 1619/1580/2411 1620/1581/2410 1667/1628/2521 1666/1627/2522
f 1620/1581/2410 1621/1582/2413 1668/1629/2523 1667/1628/2521
f 1621/1582/2413 1622/1583/2415 1669/1630/2524 1668/1629/2523
f 1622/1583/2415 1623/1584/2417 1670/1631/2525 1669/1630/2524
f 1623/1584/2417 1624/1585/2419 1671/1632/2526 1670/1631/2525
f 1624/1585/2419 1625/1586/2421 1672/1633/2527 1671/1632/2526
f 1625/1586/2421 1626/1587/2423 1673/1634/2528 1672/1633/2527
f 1626/1587/2423 1627/1588/2425 1674/1635/2529 1673/1634/2528
s 71
f 1627/1588/2429 1628/1589/2428 1675/1636/2530 1674/1635/2531
s 72
f 1628/1589/2433 1629/1590/2432 1676/1637/2532 1675/1636/2533
s 73
f 1629/1590/2437 1630/1591/2436 1677/1638/2534 1676/1637/2535
s 74
f 1630/1591/2441 1631/1592/2440 1678/1639/2536 1677/1638/2537
s 75
f 1631/1592/2445 1632/1593/2444 1679/1640/2538 1678/1639/2539
s 76
f 1632/1593/2449 1633/1594/2448 1680/1641/2540 1679/1640/2541
f 1633/1594/2448 1634/1595/2451 1681/1642/2542 1680/1641/2540
f 1634/1595/2451 1635/1596/2453 1682/1643/2543 1681/1642/2542
f 1635/1596/2453 1636/1597/2455 1683/1644/2544 1682/1643/2543
f 1636/1597/2455 1637/1598/2457 1684/1645/2545 1683/1644/2544
f 1637/1598/2457 1638/1599/2459 1685/1646/2546 1684/1645/2545
f 1638/1599/2459 1639/1600/2461 1686/1647/2547 1685/1646/2546
f 1639/1600/2461 1640/1601/2463 1687/1648/2548 1686/1647/2547
f 1640/1601/2463 1641/1602/2465 1688/1649/2549 1687/1648/2548
s 77
f 1641/1602/2469 1642/1603/2468 1689/1650/2550 1688/1649/2551
s 78
f 1642/1603/2473 1643/1604/2472 1690/1651/2552 1689/1650/2553
s 79
f 1643/1604/2477 1644/1605/2476 1691/1652/2554 1690/1651/2555
f 1644/1605/2476 1645/1606/2479 1692/1653/2556 1691/1652/2554
f 1645/1606/2479 1646/1607/2481 1693/1654/2557 1692/1653/2556
f 1646/1607/2481 1647/1608/2483 1694/1655/2558 1693/1654/2557
f 1647/1608/2483 1648/1609/2485 1695/1656/2559 1694/1655/2558
f 1648/1609/2485 1649/1610/2487 1696/1657/2560 1695/1656/2559
f 1649/1610/2487 1650/1611/2489 1697/1658/2561 1696/1657/2560
f 1650/1611/2489 1651/1612/2491 1698/1659/2562 1697/1658/2561
f 1651/1612/2491 1652/1613/2493 1699/1660/2563 1698/1659/2562
s 80
f 1652/1613/2497 1653/1614/2496 1700/1661/2564 1699/1660/2565
s 69
f 1653/1614/2501 1654/1615/2500 1701/1662/2566 1700/1661/2567
f 1654/1615/2500 1655/1616/2503 1702/1663/2568 1701/1662/2566
f 1655/1616/2503 1656/1617/2505 1703/1664/2569 1702/1663/2568
f 1656/1617/2505 1657/1618/2507 1704/1665/2570 1703/1664/2569
f 1657/1618/2507 1658/1619/2509 1705/1666/2571 1704/1665/2570
f 1658/1619/2509 1659/1620/2511 1706/1667/2572 1705/1666/2571
f 1659/1620/2511 1660/1621/2513 1707/1668/2573 1706/1667/2572
f 1660/1621/2513 1661/1622/2515 1708/1669/2574 1707/1668/2573
f 1661/1622/2515 1615/1577/2401 1662/1624/2517 1708/1669/2574
f 1662/1624/2517 1663/1623/2516 1710/1670/2575 1709/1671/2576
f 1663/1623/2516 1664/1625/2518 1711/1672/2577 1710/1670/2575
f 1664/1625/2518 1665/1626/2519 1712/1673/2578 1711/1672/2577
f 1665/1626/2519 1666/1627/2520 1713/1674/2579 1712/1673/2578
s 70
f 1666/1627/2522 1667/1628/2521 1714/1675/2580 1713/1674/2581
f 1667/1628/2521 1668/1629/2523 1715/1676/2582 1714/1675/2580
f 1668/1629/2523 1669/1630/2524 1716/1677/2583 1715/1676/2582
f 1669/1630/2524 1670/1631/2525 1717/1678/2584 1716/1677/2583
f 1670/1631/2525 1671/1632/2526 1718/1679/2585 1717/1678/2584
f 1671/1632/2526 1672/1633/2527 1719/1680/2586 1718/1679/2585
f 1672/1633/2527 1673/1634/2528 1720/1681/2587 1719/1680/2586
f 1673/1634/2528 1674/1635/2529 1721/1682/2588 1720/1681/2587
s 71
f 1674/1635/2531 1675/1636/2530 1722/1683/2589 1721/1682/2590
s 72
f 1675/1636/2533 1676/1637/2532 1723/1684/2591 1722/1683/2592
s 73
f 1676/1637/2535 1677/1638/2534 1724/1685/2593 1723/1684/2594
s 74
f 1677/1638/2537 1678/1639/2536 1725/1686/2595 1724/1685/2596
s 75
f 1678/1639/2539 1679/2119/2538 1726/2118/2597 1725/1686/2598
s 76
f 1679/1640/2541 1680/1641/2540 1727/1688/2599 1726/1687/2600
f 1680/1641/2540 1681/1642/2542 1728/1689/2601 1727/1688/2599
f 1681/1642/2542 1682/1643/2543 1729/1690/2602 1728/1689/2601
f 1682/1643/2543 1683/1644/2544 1730/1691/2603 1729/1690/2602
f 1683/1644/2544 1684/1645/2545 1731/1692/2604 1730/1691/2603
f 1684/1645/2545 1685/1646/2546 1732/1693/2605 1731/1692/2604
f 1685/1646/2546 1686/1647/2547 1733/1694/2606 1732/1693/2605
f 1686/1647/2547 1687/1648/2548 1734/1695/2607 1733/1694/2606
f 1687/1648/2548 1688/1649/2549 1735/1696/2608 1734/1695/2607
s 77
f 1688/1649/2551 1689/1650/2550 1736/1697/2609 1735/1696/2610
s 78
f 1689/1650/2553 1690/1651/2552 1737/1698/2611 1736/1697/2612
s 79
f 1690/1651/2555 1691/1652/2554 1738/1699/2613 1737/1698/2614
f 1691/1652/2554 1692/1653/2556 1739/1700/2615 1738/1699/2613
f 1692/1653/2556 1693/1654/2557 1740/1701/2616 1739/1700/2615
f 1693/1654/2557 1694/1655/2558 1741/1702/2617 1740/1701/2616
f 1694/1655/2558 1695/1656/2559 1742/1703/2618 1741/1702/2617
f 1695/1656/2559 1696/1657/2560 1743/1704/2619 1742/1703/2618
f 1696/1657/2560 1697/1658/2561 1744/1705/2620 1743/1704/2619
f 1697/1658/2561 1698/1659/2562 1745/1706/2621 1744/1705/2620
f 1698/1659/2562 1699/1660/2563 1746/1707/2622 1745/1706/2621
s 80
f 1699/1660/2565 1700/1661/2564 1747/2102/2623 1746/1707/2624
s 69
f 1700/1661/2567 1701/1662/2566 1748/1709/2625 1747/1708/2626
f 1701/1662/2566 1702/1663/2568 1749/1710/2627 1748/1709/2625
f 1702/1663/2568 1703/1664/2569 1750/1711/2628 1749/1710/2627
f 1703/1664/2569 1704/1665/2570 1751/1712/2629 1750/1711/2628
f 1704/1665/2570 1705/1666/2571 1752/1713/2630 1751/1712/2629
f 1705/1666/2571 1706/1667/2572 1753/1714/2631 1752/1713/2630
f 1706/1667/2572 1707/1668/2573 1754/1715/2632 1753/1714/2631
f 1707/1668/2573 1708/1669/2574 1755/1716/2633 1754/1715/2632
f 1708/1669/2574 1662/1624/2517 1709/1671/2576 1755/1716/2633
f 1709/1671/2576 1710/1670/2575 1757/1717/2634 1756/1718/2635
f 1710/1670/2575 1711/1672/2577 1758/1719/2636 1757/1717/2634
f 1711/1672/2577 1712/1673/2578 1759/1720/2637 1758/1719/2636
f 1712/1673/2578 1713/1674/2579 1760/1721/2638 1759/1720/2637
s 70
f 1713/1674/2581 1714/1675/2580 1761/1722/2639 1760/1721/2640
f 1714/1675/2580 1715/1676/2582 1762/1723/2641 1761/1722/2639
f 1715/1676/2582 1716/1677/2583 1763/1724/2642 1762/1723/2641
f 1716/1677/2583 1717/1678/2584 1764/1725/2643 1763/1724/2642
f 1717/1678/2584 1718/1679/2585 1765/1726/2644 1764/1725/2643
f 1718/1679/2585 1719/1680/2586 1766/1727/2645 1765/1726/2644
f 1719/1680/2586 1720/1681/2587 1767/1728/2646 1766/1727/2645
f 1720/1681/2587 1721/1682/2588 1768/1729/2647 1767/1728/2646
s 71
f 1721/1682/2590 1722/1683/2589 1769/1730/2648 1768/1729/2649
s 72
f 1722/1683/2592 1723/1684/2591 1770/1731/2650 1769/1730/2651
s 73
f 1723/1684/2594 1724/1685/2593 1771/1732/2652 1770/1731/2653
s 74
f 1724/1685/2596 1725/1686/2595 1772/1733/2654 1771/1732/2655
s 75
f 1725/1686/2598 1726/2118/2597 1773/1734/2656 1772/1733/2657
s 76
f 1726/1687/2600 1727/1688/2599 1774/2116/2658 1773/2117/2659
f 1727/1688/2599 1728/1689/2601 1775/2115/2660 1774/2116/2658
f 1728/1689/2601 1729/1690/2602 1776/2114/2661 1775/2115/2660
f 1729/1690/2602 1730/1691/2603 1777/2113/2662 1776/2114/2661
f 1730/1691/2603 1731/1692/2604 1778/2112/2663 1777/2113/2662
f 1731/1692/2604 1732/1693/2605 1779/2111/2664 1778/2112/2663
f 1732/1693/2605 1733/1694/2606 1780/1741/2665 1779/2111/2664
f 1733/1694/2606 1734/1695/2607 1781/1742/2666 1780/1741/2665
f 1734/1695/2607 1735/1696/2608 1782/1743/2667 1781/1742/2666
s 77
f 1735/1696/2610 1736/1697/2609 1783/1744/2668 1782/1743/2669
s 78
f 1736/1697/2612 1737/1698/2611 1784/2099/2670 1783/1744/2671
s 79
f 1737/1698/2614 1738/1699/2613 1785/2110/2672 1784/2099/2673
f 1738/1699/2613 1739/1700/2615 1786/2109/2674 1785/2110/2672
f 1739/1700/2615 1740/1701/2616 1787/2108/2675 1786/2109/2674
f 1740/1701/2616 1741/1702/2617 1788/2107/2676 1787/2108/2675
f 1741/1702/2617 1742/1703/2618 1789/2106/2677 1788/2107/2676
f 1742/1703/2618 1743/1704/2619 1790/2105/2678 1789/2106/2677
f 1743/1704/2619 1744/1705/2620 1791/2104/2679 1790/2105/2678
f 1744/1705/2620 1745/1706/2621 1792/2103/2680 1791/2104/2679
f 1745/1706/2621 1746/1707/2622 1793/1754/2681 1792/2103/2680
s 80
f 1746/1707/2624 1747/2102/2623 1794/2100/2682 1793/1754/2683
s 69
f 1747/1708/2626 1748/1709/2625 1795/1756/2684 1794/1755/2685
f 1748/1709/2625 1749/1710/2627 1796/1757/2686 1795/1756/2684
f 1749/1710/2627 1750/1711/2628 1797/1758/2687 1796/1757/2686
f 1750/1711/2628 1751/1712/2629 1798/1759/2688 1797/1758/2687
f 1751/1712/2629 1752/1713/2630 1799/1760/2689 1798/1759/2688
f 1752/1713/2630 1753/1714/2631 1800/1761/2690 1799/1760/2689
f 1753/1714/2631 1754/1715/2632 1801/1762/2691 1800/1761/2690
f 1754/1715/2632 1755/1716/2633 1802/1763/2692 1801/1762/2691
f 1755/1716/2633 1709/1671/2576 1756/1718/2635 1802/1763/2692
s 82
f 1769/1730/2693 1770/1731/2694 1768/1729/2695
f 1770/1731/2694 1771/1732/2696 1768/1729/2695
f 1772/1733/2697 1773/1734/2698 1771/1732/2696
f 1771/1732/2696 1773/1734/2698 1768/1729/2695
f 1773/1734/2698 1774/1735/2699 1768/1729/2695
f 1768/1729/2695 1774/1735/2699 1767/1728/2700
f 1774/1735/2699 1775/1736/2701 1767/1728/2700
f 1767/1728/2700 1775/1736/2701 1766/1727/2702
f 1775/1736/2701 1776/1737/2703 1766/1727/2702
f 1766/1727/2702 1776/1737/2703 1765/1726/2704
f 1776/1737/2703 1777/1738/2705 1765/1726/2704
f 1765/1726/2704 1777/1738/2705 1764/1725/2706
f 1777/1738/2705 1778/1739/2707 1764/1725/2706
f 1764/1725/2706 1778/1739/2707 1763/1724/2708
f 1782/1743/2709 1783/1744/2710 1781/1742/2711
f 1783/1744/2710 1784/2099/2712 1781/1742/2711
f 1793/2101/2713 1794/1755/2714 1792/1753/2715
f 1794/1755/2714 1795/1756/2716 1792/1753/2715
f 1792/1753/2715 1795/1756/2716 1791/1752/2717
f 1795/1756/2716 1796/1757/2718 1791/1752/2717
f 1796/1757/2718 1797/1758/2719 1791/1752/2717
f 1763/1724/2708 1778/1739/2707 1762/1723/2720
f 1778/1739/2707 1779/1740/2721 1762/1723/2720
f 1762/1723/2720 1779/1740/2721 1761/1722/2722
f 1779/1740/2721 1780/2098/2723 1761/1722/2722
f 1761/1722/2722 1780/2098/2723 1760/1721/2724
f 1791/1752/2717 1797/1758/2719 1790/1751/2725
f 1797/1758/2719 1798/1759/2726 1790/1751/2725
f 1798/1759/2726 1799/1760/2727 1790/1751/2725
f 1799/1760/2727 1800/1761/2728 1790/1751/2725
f 1800/1761/2728 1801/1762/2729 1790/1751/2725
f 1790/1751/2725 1801/1762/2729 1789/1750/2730
f 1801/1762/2729 1802/1763/2731 1789/1750/2730
f 1802/1763/2731 1756/1718/2732 1789/1750/2730
f 1789/1750/2730 1756/1718/2732 1788/1749/2733
f 1756/1718/2732 1757/1717/2734 1788/1749/2733
f 1788/1749/2733 1757/1717/2734 1787/1748/2735
f 1757/1717/2734 1758/1719/2736 1787/1748/2735
f 1758/1719/2736 1759/1720/2737 1787/1748/2735
f 1787/1748/2735 1759/1720/2737 1786/1747/2738
f 1759/1720/2737 1760/1721/2724 1786/1747/2738
f 1786/1747/2738 1760/1721/2724 1785/1746/2739
f 1785/1746/2739 1760/1721/2724 1784/1745/2712
f 1760/1721/2724 1780/2098/2723 1784/1745/2712
f 1780/1741/2723 1781/1742/2711 1784/2099/2712
s 85
f 564/1781/2740 563/1782/2741 565/1780/2742
f 563/1782/2741 562/1783/2743 565/1780/2742
f 565/1780/2742 562/1783/2743 566/1779/2744
f 562/1783/2743 561/1784/2745 566/1779/2744
f 566/1779/2744 561/1784/2745 567/1778/2746
f 561/1784/2745 560/1785/2747 567/1778/2746
f 567/1778/2746 560/1785/2747 568/1777/2748
f 560/1785/2747 559/1786/2749 568/1777/2748
f 568/1777/2748 559/1786/2749 569/1776/2750
f 559/1786/2749 558/1787/2751 569/1776/2750
f 558/1787/2751 557/1788/2752 569/1776/2750
f 569/1776/2750 557/1788/2752 570/1775/2753
f 557/1788/2752 556/1789/2754 570/1775/2753
f 556/1789/2754 555/1790/2755 570/1775/2753
f 570/1775/2753 555/1790/2755 571/1774/2756
f 555/1790/2755 554/1791/2757 571/1774/2756
f 554/1791/2757 553/1792/2758 571/1774/2756
f 571/1774/2756 553/1792/2758 572/2121/2759
f 553/1792/2758 552/1793/2760 572/2121/2759
f 552/1793/2760 551/1794/2761 572/2121/2759
f 573/1772/2762 572/1773/2759 574/1771/2763
f 574/1771/2763 572/1773/2759 575/1770/2764
f 575/1770/2764 572/1773/2759 586/1807/2765
f 586/1807/2765 572/1773/2759 587/1806/2766
f 572/1773/2759 551/1794/2761 587/1806/2766
f 551/1794/2761 550/1795/2767 587/1806/2766
f 550/1795/2767 549/1796/2768 587/1806/2766
f 587/1806/2766 549/1796/2768 588/1805/2769
f 549/1796/2768 548/1797/2770 588/1805/2769
f 548/1797/2770 547/1798/2771 588/1805/2769
f 588/1805/2769 547/1798/2771 589/1804/2772
f 547/1798/2771 546/1799/2773 589/1804/2772
f 589/1804/2772 546/1799/2773 590/1803/2774
f 546/1799/2773 545/1800/2775 590/1803/2774
f 545/1800/2775 544/1801/2776 590/1803/2774
f 590/1803/2774 544/1801/2776 582/1811/2777
f 544/1801/2776 543/1802/2778 582/1811/2777
f 586/1807/2765 585/1808/2779 575/1770/2764
f 575/1770/2764 585/1808/2779 576/1769/2780
f 576/1769/2780 585/1808/2779 577/1768/2781
f 585/1808/2779 584/1809/2782 577/1768/2781
f 577/1768/2781 584/1809/2782 578/1767/2783
f 578/1767/2783 584/1809/2782 579/1766/2784
f 584/1809/2782 583/1810/2785 579/1766/2784
f 579/1766/2784 583/1810/2785 580/1765/2786
f 580/1765/2786 583/1810/2785 581/1764/2787
f 583/1810/2785 582/1811/2777 581/1764/2787
f 581/1764/2787 582/1811/2777 543/1802/2778
s 87
f 543/1802/2788 544/1801/2789 1804/1812/2790 1803/1813/2791
f 544/1801/2789 545/1800/2792 1805/1814/2793 1804/1812/2790
f 545/1800/2792 546/1799/2794 1806/1815/2795 1805/1814/2793
f 546/1799/2794 547/1798/2796 1807/1816/2797 1806/1815/2795
f 547/1798/2796 548/1797/2798 1808/1817/2799 1807/1816/2797
f 548/1797/2798 549/1796/2800 1809/1818/2801 1808/1817/2799
f 549/1796/2800 550/1795/2802 1810/1819/2803 1809/1818/2801
f 550/1795/2802 551/1794/2804 1811/1820/2805 1810/1819/2803
f 551/1794/2804 552/1793/2806 1812/1821/2807 1811/1820/2805
f 552/1793/2806 553/1792/2808 1813/1822/2809 1812/1821/2807
f 553/1792/2808 554/1791/2810 1814/1823/2811 1813/1822/2809
f 554/1791/2810 555/1790/2812 1815/1824/2813 1814/1823/2811
f 555/1790/2812 556/1789/2814 1816/1825/2815 1815/1824/2813
f 556/1789/2814 557/1788/2816 1817/1826/2817 1816/1825/2815
f 557/1788/2816 558/1787/2818 1818/1827/2819 1817/1826/2817
f 558/1787/2818 559/1786/2820 1819/1828/2821 1818/1827/2819
f 559/1786/2820 560/1785/2822 1820/1829/2823 1819/1828/2821
f 560/1785/2822 561/1784/2824 1821/1830/2825 1820/1829/2823
f 561/1784/2824 562/1783/2826 1822/1831/2827 1821/1830/2825
f 562/1783/2826 563/1782/2828 1823/1832/2829 1822/1831/2827
s 88
f 563/1782/2830 564/1781/2831 1824/1833/2832 1823/1832/2833
s 89
f 564/1781/2834 565/1780/2835 1825/1834/2836 1824/1833/2837
f 565/1780/2835 566/1779/2838 1826/1835/2839 1825/1834/2836
f 566/1779/2838 567/1778/2840 1827/1836/2841 1826/1835/2839
f 567/1778/2840 568/1777/2842 1828/1837/2843 1827/1836/2841
f 568/1777/2842 569/1776/2844 1829/1838/2845 1828/1837/2843
f 569/1776/2844 570/1775/2846 1830/1839/2847 1829/1838/2845
f 570/1775/2846 571/1774/2848 1831/1840/2849 1830/1839/2847
f 571/1774/2848 572/2121/2850 1832/2124/2851 1831/1840/2849
s 90
f 572/1773/2852 573/1772/2853 1833/1842/2854 1832/1841/2855
s 87
f 573/1772/2856 574/1771/2857 1834/1843/2858 1833/1842/2859
f 574/1771/2857 575/1770/2860 1835/1844/2861 1834/1843/2858
f 575/1770/2860 576/1769/2862 1836/1845/2863 1835/1844/2861
f 576/1769/2862 577/1768/2864 1837/1846/2865 1836/1845/2863
f 577/1768/2864 578/1767/2866 1838/1847/2867 1837/1846/2865
f 578/1767/2866 579/1766/2868 1839/1848/2869 1838/1847/2867
f 579/1766/2868 580/1765/2870 1840/1849/2871 1839/1848/2869
f 580/1765/2870 581/1764/2872 1841/1850/2873 1840/1849/2871
f 581/1764/2872 543/1802/2788 1803/1813/2791 1841/1850/2873
s 92
f 582/1811/2874 583/1810/2875 1843/1851/2876 1842/1852/2877
f 583/1810/2875 584/1809/2878 1844/1853/2879 1843/1851/2876
f 584/1809/2878 585/1808/2880 1845/1854/2881 1844/1853/2879
f 585/1808/2880 586/1807/2882 1846/1855/2883 1845/1854/2881
s 93
f 586/1807/2884 587/1806/2885 1847/1856/2886 1846/1855/2887
s 92
f 587/1806/2888 588/1805/2889 1848/1857/2890 1847/1856/2891
f 588/1805/2889 589/1804/2892 1849/1858/2893 1848/1857/2890
f 589/1804/2892 590/1803/2894 1850/1859/2895 1849/1858/2893
f 590/1803/2894 582/1811/2874 1842/1852/2877 1850/1859/2895
s 87
f 1803/1813/2791 1804/1812/2790 1852/1860/2896 1851/1861/2897
f 1804/1812/2790 1805/1814/2793 1853/1862/2898 1852/1860/2896
f 1805/1814/2793 1806/1815/2795 1854/1863/2899 1853/1862/2898
f 1806/1815/2795 1807/1816/2797 1855/1864/2900 1854/1863/2899
f 1807/1816/2797 1808/1817/2799 1856/1865/2901 1855/1864/2900
f 1808/1817/2799 1809/1818/2801 1857/1866/2902 1856/1865/2901
f 1809/1818/2801 1810/1819/2803 1858/1867/2903 1857/1866/2902
f 1810/1819/2803 1811/1820/2805 1859/1868/2904 1858/1867/2903
f 1811/1820/2805 1812/1821/2807 1860/1869/2905 1859/1868/2904
f 1812/1821/2807 1813/1822/2809 1861/1870/2906 1860/1869/2905
f 1813/1822/2809 1814/1823/2811 1862/1871/2907 1861/1870/2906
f 1814/1823/2811 1815/1824/2813 1863/1872/2908 1862/1871/2907
f 1815/1824/2813 1816/1825/2815 1864/1873/2909 1863/1872/2908
f 1816/1825/2815 1817/1826/2817 1865/1874/2910 1864/1873/2909
f 1817/1826/2817 1818/1827/2819 1866/1875/2911 1865/1874/2910
f 1818/1827/2819 1819/1828/2821 1867/1876/2912 1866/1875/2911
f 1819/1828/2821 1820/1829/2823 1868/1877/2913 1867/1876/2912
f 1820/1829/2823 1821/1830/2825 1869/1878/2914 1868/1877/2913
f 1821/1830/2825 1822/1831/2827 1870/1879/2915 1869/1878/2914
f 1822/1831/2827 1823/1832/2829 1871/1880/2916 1870/1879/2915
s 88
f 1823/1832/2833 1824/1833/2832 1872/1881/2917 1871/1880/2918
s 89
f 1824/1833/2837 1825/1834/2836 1873/1882/2919 1872/1881/2920
f 1825/1834/2836 1826/1835/2839 1874/1883/2921 1873/1882/2919
f 1826/1835/2839 1827/1836/2841 1875/1884/2922 1874/1883/2921
f 1827/1836/2841 1828/1837/2843 1876/1885/2923 1875/1884/2922
f 1828/1837/2843 1829/1838/2845 1877/1886/2924 1876/1885/2923
f 1829/1838/2845 1830/1839/2847 1878/1887/2925 1877/1886/2924
f 1830/1839/2847 1831/1840/2849 1879/1888/2926 1878/1887/2925
f 1831/1840/2849 1832/2124/2851 1880/2123/2927 1879/1888/2926
s 90
f 1832/1841/2855 1833/1842/2854 1881/1890/2928 1880/1889/2929
s 87
f 1833/1842/2859 1834/1843/2858 1882/1891/2930 1881/1890/2931
f 1834/1843/2858 1835/1844/2861 1883/1892/2932 1882/1891/2930
f 1835/1844/2861 1836/1845/2863 1884/1893/2933 1883/1892/2932
f 1836/1845/2863 1837/1846/2865 1885/1894/2934 1884/1893/2933
f 1837/1846/2865 1838/1847/2867 1886/1895/2935 1885/1894/2934
f 1838/1847/2867 1839/1848/2869 1887/1896/2936 1886/1895/2935
f 1839/1848/2869 1840/1849/2871 1888/1897/2937 1887/1896/2936
f 1840/1849/2871 1841/1850/2873 1889/1898/2938 1888/1897/2937
f 1841/1850/2873 1803/1813/2791 1851/1861/2897 1889/1898/2938
s 92
f 1842/1852/2877 1843/1851/2876 1891/1899/2939 1890/1900/2940
f 1843/1851/2876 1844/1853/2879 1892/1901/2941 1891/1899/2939
f 1844/1853/2879 1845/1854/2881 1893/1902/2942 1892/1901/2941
f 1845/1854/2881 1846/1855/2883 1894/1903/2943 1893/1902/2942
s 93
f 1846/1855/2887 1847/1856/2886 1895/1904/2944 1894/1903/2945
s 92
f 1847/1856/2891 1848/1857/2890 1896/1905/2946 1895/1904/2947
f 1848/1857/2890 1849/1858/2893 1897/1906/2948 1896/1905/2946
f 1849/1858/2893 1850/1859/2895 1898/1907/2949 1897/1906/2948
f 1850/1859/2895 1842/1852/2877 1890/1900/2940 1898/1907/2949
s 87
f 1851/1861/2897 1852/1860/2896 1900/1908/2950 1899/1909/2951
f 1852/1860/2896 1853/1862/2898 1901/1910/2952 1900/1908/2950
f 1853/1862/2898 1854/1863/2899 1902/1911/2953 1901/1910/2952
f 1854/1863/2899 1855/1864/2900 1903/1912/2954 1902/1911/2953
f 1855/1864/2900 1856/1865/2901 1904/1913/2955 1903/1912/2954
f 1856/1865/2901 1857/1866/2902 1905/1914/2956 1904/1913/2955
f 1857/1866/2902 1858/1867/2903 1906/1915/2957 1905/1914/2956
f 1858/1867/2903 1859/1868/2904 1907/1916/2958 1906/1915/2957
f 1859/1868/2904 1860/1869/2905 1908/1917/2959 1907/1916/2958
f 1860/1869/2905 1861/1870/2906 1909/1918/2960 1908/1917/2959
f 1861/1870/2906 1862/1871/2907 1910/1919/2961 1909/1918/2960
f 1862/1871/2907 1863/1872/2908 1911/1920/2962 1910/1919/2961
f 1863/1872/2908 1864/1873/2909 1912/1921/2963 1911/1920/2962
f 1864/1873/2909 1865/1874/2910 1913/1922/2964 1912/1921/2963
f 1865/1874/2910 1866/1875/2911 1914/1923/2965 1913/1922/2964
f 1866/1875/2911 1867/1876/2912 1915/1924/2966 1914/1923/2965
f 1867/1876/2912 1868/1877/2913 1916/1925/2967 1915/1924/2966
f 1868/1877/2913 1869/1878/2914 1917/1926/2968 1916/1925/2967
f 1869/1878/2914 1870/1879/2915 1918/1927/2969 1917/1926/2968
f 1870/1879/2915 1871/1880/2916 1919/1928/2970 1918/1927/2969
s 88
f 1871/1880/2918 1872/1881/2917 1920/1929/2971 1919/1928/2972
s 89
f 1872/1881/2920 1873/1882/2919 1921/1930/2973 1920/1929/2974
f 1873/1882/2919 1874/1883/2921 1922/1931/2975 1921/1930/2973
f 1874/1883/2921 1875/1884/2922 1923/1932/2976 1922/1931/2975
f 1875/1884/2922 1876/1885/2923 1924/1933/2977 1923/1932/2976
f 1876/1885/2923 1877/1886/2924 1925/1934/2978 1924/1933/2977
f 1877/1886/2924 1878/1887/2925 1926/1935/2979 1925/1934/2978
f 1878/1887/2925 1879/1888/2926 1927/1936/2980 1926/1935/2979
f 1879/1888/2926 1880/2123/2927 1928/2122/2981 1927/1936/2980
s 90
f 1880/1889/2929 1881/1890/2928 1929/1938/2982 1928/1937/2983
s 87
f 1881/1890/2931 1882/1891/2930 1930/1939/2984 1929/1938/2985
f 1882/1891/2930 1883/1892/2932 1931/1940/2986 1930/1939/2984
f 1883/1892/2932 1884/1893/2933 1932/1941/2987 1931/1940/2986
f 1884/1893/2933 1885/1894/2934 1933/1942/2988 1932/1941/2987
f 1885/1894/2934 1886/1895/2935 1934/1943/2989 1933/1942/2988
f 1886/1895/2935 1887/1896/2936 1935/1944/2990 1934/1943/2989
f 1887/1896/2936 1888/1897/2937 1936/1945/2991 1935/1944/2990
f 1888/1897/2937 1889/1898/2938 1937/1946/2992 1936/1945/2991
f 1889/1898/2938 1851/1861/2897 1899/1909/2951 1937/1946/2992
s 92
f 1890/1900/2940 1891/1899/2939 1939/1947/2993 1938/1948/2994
f 1891/1899/2939 1892/1901/2941 1940/1949/2995 1939/1947/2993
f 1892/1901/2941 1893/1902/2942 1941/1950/2996 1940/1949/2995
f 1893/1902/2942 1894/1903/2943 1942/1951/2997 1941/1950/2996
s 93
f 1894/1903/2945 1895/1904/2944 1943/1952/2998 1942/1951/2999
s 92
f 1895/1904/2947 1896/1905/2946 1944/1953/3000 1943/1952/3001
f 1896/1905/2946 1897/1906/2948 1945/1954/3002 1944/1953/3000
f 1897/1906/2948 1898/1907/2949 1946/1955/3003 1945/1954/3002
f 1898/1907/2949 1890/1900/2940 1938/1948/2994 1946/1955/3003
s 87
f 1899/1909/2951 1900/1908/2950 1948/1956/3004 1947/1957/3005
f 1900/1908/2950 1901/1910/2952 1949/1958/3006 1948/1956/3004
f 1901/1910/2952 1902/1911/2953 1950/1959/3007 1949/1958/3006
f 1902/1911/2953 1903/1912/2954 1951/1960/3008 1950/1959/3007
f 1903/1912/2954 1904/1913/2955 1952/1961/3009 1951/1960/3008
f 1904/1913/2955 1905/1914/2956 1953/1962/3010 1952/1961/3009
f 1905/1914/2956 1906/1915/2957 1954/1963/3011 1953/1962/3010
f 1906/1915/2957 1907/1916/2958 1955/1964/3012 1954/1963/3011
f 1907/1916/2958 1908/1917/2959 1956/1965/3013 1955/1964/3012
f 1908/1917/2959 1909/1918/2960 1957/1966/3014 1956/1965/3013
f 1909/1918/2960 1910/1919/2961 1958/1967/3015 1957/1966/3014
f 1910/1919/2961 1911/1920/2962 1959/1968/3016 1958/1967/3015
f 1911/1920/2962 1912/1921/2963 1960/1969/3017 1959/1968/3016
f 1912/1921/2963 1913/1922/2964 1961/1970/3018 1960/1969/3017
f 1913/1922/2964 1914/1923/2965 1962/1971/3019 1961/1970/3018
f 1914/1923/2965 1915/1924/2966 1963/1972/3020 1962/1971/3019
f 1915/1924/2966 1916/1925/2967 1964/1973/3021 1963/1972/3020
f 1916/1925/2967 1917/1926/2968 1965/1974/3022 1964/1973/3021
f 1917/1926/2968 1918/1927/2969 1966/1975/3023 1965/1974/3022
f 1918/1927/2969 1919/1928/2970 1967/1976/3024 1966/1975/3023
s 88
f 1919/1928/2972 1920/1929/2971 1968/1977/3025 1967/1976/3026
s 89
f 1920/1929/2974 1921/1930/2973 1969/1978/3027 1968/1977/3028
f 1921/1930/2973 1922/1931/2975 1970/1979/3029 1969/1978/3027
f 1922/1931/2975 1923/1932/2976 1971/1980/3030 1970/1979/3029
f 1923/1932/2976 1924/1933/2977 1972/1981/3031 1971/1980/3030
f 1924/1933/2977 1925/1934/2978 1973/1982/3032 1972/1981/3031
f 1925/1934/2978 1926/1935/2979 1974/1983/3033 1973/1982/3032
f 1926/1935/2979 1927/1936/2980 1975/1984/3034 1974/1983/3033
f 1927/1936/2980 1928/2122/2981 1976/1985/3035 1975/1984/3034
s 90
f 1928/1937/2983 1929/1938/2982 1977/1986/3036 1976/2120/3037
s 87
f 1929/1938/2985 1930/1939/2984 1978/1987/3038 1977/1986/3039
f 1930/1939/2984 1931/1940/2986 1979/1988/3040 1978/1987/3038
f 1931/1940/2986 1932/1941/2987 1980/1989/3041 1979/1988/3040
f 1932/1941/2987 1933/1942/2988 1981/1990/3042 1980/1989/3041
f 1933/1942/2988 1934/1943/2989 1982/1991/3043 1981/1990/3042
f 1934/1943/2989 1935/1944/2990 1983/1992/3044 1982/1991/3043
f 1935/1944/2990 1936/1945/2991 1984/1993/3045 1983/1992/3044
f 1936/1945/2991 1937/1946/2992 1985/1994/3046 1984/1993/3045
f 1937/1946/2992 1899/1909/2951 1947/1957/3005 1985/1994/3046
s 92
f 1938/1948/2994 1939/1947/2993 1987/1995/3047 1986/1996/3048
f 1939/1947/2993 1940/1949/2995 1988/1997/3049 1987/1995/3047
f 1940/1949/2995 1941/1950/2996 1989/1998/3050 1988/1997/3049
f 1941/1950/2996 1942/1951/2997 1990/1999/3051 1989/1998/3050
s 93
f 1942/1951/2999 1943/1952/2998 1991/2000/3052 1990/1999/3053
s 92
f 1943/1952/3001 1944/1953/3000 1992/2001/3054 1991/2000/3055
f 1944/1953/3000 1945/1954/3002 1993/2002/3056 1992/2001/3054
f 1945/1954/3002 1946/1955/3003 1994/2003/3057 1993/2002/3056
f 1946/1955/3003 1938/1948/2994 1986/1996/3048 1994/2003/3057
s 95
f 1968/1977/3058 1969/1978/3059 1967/1976/3060
f 1967/1976/3060 1969/1978/3059 1966/1975/3061
f 1969/1978/3059 1970/1979/3062 1966/1975/3061
f 1966/1975/3061 1970/1979/3062 1965/1974/3063
f 1970/1979/3062 1971/1980/3064 1965/1974/3063
f 1965/1974/3063 1971/1980/3064 1964/1973/3065
f 1971/1980/3064 1972/1981/3066 1964/1973/3065
f 1964/1973/3065 1972/1981/3066 1963/1972/3067
f 1972/1981/3066 1973/1982/3068 1963/1972/3067
f 1963/1972/3067 1973/1982/3068 1962/1971/3069
f 1962/1971/3069 1973/1982/3068 1961/1970/3070
f 1973/1982/3068 1974/1983/3071 1961/1970/3070
f 1961/1970/3070 1974/1983/3071 1960/1969/3072
f 1960/1969/3072 1974/1983/3071 1959/1968/3073
f 1974/1983/3071 1975/1984/3074 1959/1968/3073
f 1959/1968/3073 1975/1984/3074 1958/1967/3075
f 1958/1967/3075 1975/1984/3074 1957/1966/3076
f 1975/1984/3074 1976/1985/3077 1957/1966/3076
f 1957/1966/3076 1976/1985/3077 1956/1965/3078
f 1956/1965/3078 1976/1985/3077 1955/1964/3079
f 1977/1986/3080 1978/1987/3081 1976/2120/3077
f 1978/1987/3081 1979/1988/3082 1976/1985/3077
f 1979/1988/3082 1990/1999/3083 1976/1985/3077
f 1990/1999/3083 1991/2000/3084 1976/1985/3077
f 1976/1985/3077 1991/2000/3084 1955/1964/3079
f 1955/1964/3079 1991/2000/3084 1954/1963/3085
f 1954/1963/3085 1991/2000/3084 1953/1962/3086
f 1991/2000/3084 1992/2001/3087 1953/1962/3086
f 1953/1962/3086 1992/2001/3087 1952/1961/3088
f 1952/1961/3088 1992/2001/3087 1951/1960/3089
f 1992/2001/3087 1993/2002/3090 1951/1960/3089
f 1951/1960/3089 1993/2002/3090 1950/1959/3091
f 1993/2002/3090 1994/2003/3092 1950/1959/3091
f 1950/1959/3091 1994/2003/3092 1949/1958/3093
f 1949/1958/3093 1994/2003/3092 1948/1956/3094
f 1994/2003/3092 1986/1996/3095 1948/1956/3094
f 1948/1956/3094 1986/1996/3095 1947/1957/3096
f 1990/1999/3083 1979/1988/3082 1989/1998/3097
f 1979/1988/3082 1980/1989/3098 1989/1998/3097
f 1980/1989/3098 1981/1990/3099 1989/1998/3097
f 1989/1998/3097 1981/1990/3099 1988/1997/3100
f 1981/1990/3099 1982/1991/3101 1988/1997/3100
f 1982/1991/3101 1983/1992/3102 1988/1997/3100
f 1988/1997/3100 1983/1992/3102 1987/1995/3103
f 1983/1992/3102 1984/1993/3104 1987/1995/3103
f 1984/1993/3104 1985/1994/3105 1987/1995/3103
f 1987/1995/3103 1985/1994/3105 1986/1996/3095
f 1947/1957/3096 1986/1996/3095 1985/1994/3105
