# This file uses centimeters as units for non-parametric coordinates.

mtllib terry.mtl
g default
v -0.279778 1.625402 -0.688271
v -0.283060 1.631844 -0.688271
v -0.288173 1.636956 -0.688271
v -0.294615 1.640239 -0.688271
v -0.301757 1.641370 -0.688271
v -0.308898 1.640239 -0.688271
v -0.315340 1.636956 -0.688271
v -0.320453 1.631844 -0.688271
v -0.323735 1.625402 -0.688271
v -0.324866 1.618260 -0.688271
v -0.323735 1.611119 -0.688271
v -0.320453 1.604677 -0.688271
v -0.315340 1.599564 -0.688271
v -0.308898 1.596282 -0.688271
v -0.301757 1.595151 -0.688271
v -0.294615 1.596282 -0.688271
v -0.288173 1.599564 -0.688271
v -0.283061 1.604677 -0.688271
v -0.279778 1.611119 -0.688271
v -0.278647 1.618260 -0.688271
v -0.258341 1.632367 -0.682859
v -0.264825 1.645093 -0.682859
v -0.274924 1.655192 -0.682859
v -0.287650 1.661676 -0.682859
v -0.301757 1.663911 -0.682859
v -0.315863 1.661676 -0.682859
v -0.328589 1.655192 -0.682859
v -0.338689 1.645093 -0.682859
v -0.345173 1.632367 -0.682859
v -0.347407 1.618261 -0.682859
v -0.345173 1.604154 -0.682859
v -0.338689 1.591428 -0.682859
v -0.328589 1.581328 -0.682859
v -0.315863 1.574844 -0.682859
v -0.301757 1.572610 -0.682859
v -0.287650 1.574844 -0.682859
v -0.274924 1.581328 -0.682859
v -0.264825 1.591428 -0.682859
v -0.258341 1.604154 -0.682859
v -0.256106 1.618261 -0.682859
v -0.237972 1.638985 -0.673988
v -0.247498 1.657682 -0.673988
v -0.262336 1.672519 -0.673988
v -0.281032 1.682045 -0.673988
v -0.301757 1.685327 -0.673988
v -0.322481 1.682045 -0.673988
v -0.341178 1.672519 -0.673988
v -0.356015 1.657681 -0.673988
v -0.365541 1.638985 -0.673988
v -0.368824 1.618261 -0.673988
v -0.365541 1.597536 -0.673988
v -0.356015 1.578840 -0.673988
v -0.341178 1.564002 -0.673988
v -0.322481 1.554476 -0.673988
v -0.301757 1.551193 -0.673988
v -0.281032 1.554476 -0.673988
v -0.262336 1.564002 -0.673988
v -0.247498 1.578840 -0.673988
v -0.237972 1.597536 -0.673988
v -0.234690 1.618261 -0.673988
v -0.219174 1.645093 -0.661876
v -0.231508 1.669299 -0.661876
v -0.250718 1.688509 -0.661876
v -0.274924 1.700843 -0.661876
v -0.301757 1.705093 -0.661876
v -0.328589 1.700843 -0.661876
v -0.352795 1.688509 -0.661876
v -0.372005 1.669299 -0.661876
v -0.384339 1.645093 -0.661876
v -0.388589 1.618260 -0.661876
v -0.384339 1.591428 -0.661876
v -0.372005 1.567222 -0.661876
v -0.352795 1.548012 -0.661876
v -0.328589 1.535678 -0.661876
v -0.301757 1.531428 -0.661876
v -0.274924 1.535678 -0.661876
v -0.250718 1.548012 -0.661876
v -0.231508 1.567222 -0.661876
v -0.219174 1.591428 -0.661876
v -0.214924 1.618260 -0.661876
v -0.202410 1.650540 -0.646821
v -0.217247 1.679660 -0.646821
v -0.240357 1.702770 -0.646821
v -0.269477 1.717607 -0.646821
v -0.301757 1.722720 -0.646821
v -0.334036 1.717607 -0.646821
v -0.363156 1.702770 -0.646821
v -0.386266 1.679660 -0.646821
v -0.401103 1.650540 -0.646821
v -0.406216 1.618261 -0.646821
v -0.401103 1.585981 -0.646821
v -0.386266 1.556861 -0.646821
v -0.363156 1.533751 -0.646821
v -0.334036 1.518914 -0.646821
v -0.301757 1.513801 -0.646821
v -0.269477 1.518914 -0.646821
v -0.240357 1.533751 -0.646821
v -0.217247 1.556861 -0.646821
v -0.202410 1.585981 -0.646821
v -0.197297 1.618261 -0.646821
v -0.188092 1.655192 -0.629194
v -0.205067 1.688509 -0.629194
v -0.231508 1.714950 -0.629194
v -0.264825 1.731925 -0.629194
v -0.301757 1.737775 -0.629194
v -0.338689 1.731925 -0.629194
v -0.372005 1.714950 -0.629194
v -0.398446 1.688509 -0.629194
v -0.415421 1.655192 -0.629194
v -0.421271 1.618261 -0.629194
v -0.415421 1.581328 -0.629194
v -0.398446 1.548012 -0.629194
v -0.372005 1.521571 -0.629194
v -0.338689 1.504595 -0.629194
v -0.301757 1.498746 -0.629194
v -0.264825 1.504595 -0.629194
v -0.231508 1.521571 -0.629194
v -0.205068 1.548012 -0.629194
v -0.188092 1.581328 -0.629194
v -0.182242 1.618261 -0.629194
v -0.176572 1.658935 -0.609429
v -0.195269 1.695629 -0.609429
v -0.224389 1.724748 -0.609429
v -0.261082 1.743445 -0.609429
v -0.301757 1.749887 -0.609429
v -0.342431 1.743445 -0.609429
v -0.379125 1.724748 -0.609429
v -0.408245 1.695628 -0.609429
v -0.426941 1.658935 -0.609429
v -0.433383 1.618261 -0.609429
v -0.426941 1.577586 -0.609429
v -0.408245 1.540892 -0.609429
v -0.379125 1.511772 -0.609429
v -0.342431 1.493076 -0.609429
v -0.301757 1.486634 -0.609429
v -0.261082 1.493076 -0.609429
v -0.224389 1.511772 -0.609429
v -0.195269 1.540892 -0.609429
v -0.176572 1.577586 -0.609429
v -0.170130 1.618261 -0.609429
v -0.168136 1.661676 -0.588012
v -0.188092 1.700843 -0.588012
v -0.219174 1.731925 -0.588012
v -0.258341 1.751881 -0.588012
v -0.301757 1.758758 -0.588012
v -0.345173 1.751881 -0.588012
v -0.384339 1.731925 -0.588012
v -0.415421 1.700843 -0.588012
v -0.435378 1.661676 -0.588012
v -0.442254 1.618260 -0.588012
v -0.435378 1.574844 -0.588012
v -0.415421 1.535678 -0.588012
v -0.384339 1.504595 -0.588012
v -0.345173 1.484639 -0.588012
v -0.301757 1.477763 -0.588012
v -0.258341 1.484639 -0.588012
v -0.219174 1.504595 -0.588012
v -0.188092 1.535678 -0.588012
v -0.168136 1.574844 -0.588012
v -0.161259 1.618260 -0.588012
v -0.162989 1.663349 -0.565472
v -0.183714 1.704024 -0.565472
v -0.215993 1.736303 -0.565472
v -0.256668 1.757028 -0.565472
v -0.301757 1.764169 -0.565472
v -0.346845 1.757028 -0.565472
v -0.387520 1.736303 -0.565472
v -0.419799 1.704024 -0.565472
v -0.440524 1.663349 -0.565472
v -0.447666 1.618260 -0.565472
v -0.440524 1.573172 -0.565472
v -0.419799 1.532497 -0.565472
v -0.387520 1.500218 -0.565472
v -0.346845 1.479493 -0.565472
v -0.301757 1.472351 -0.565472
v -0.256668 1.479493 -0.565472
v -0.215993 1.500218 -0.565472
v -0.183714 1.532497 -0.565472
v -0.162989 1.573172 -0.565472
v -0.155848 1.618260 -0.565472
v -0.161259 1.663911 -0.542362
v -0.182242 1.705093 -0.542362
v -0.214924 1.737775 -0.542362
v -0.256106 1.758758 -0.542362
v -0.301757 1.765988 -0.542362
v -0.347407 1.758758 -0.542362
v -0.388589 1.737775 -0.542362
v -0.421271 1.705093 -0.542362
v -0.442254 1.663911 -0.542362
v -0.449484 1.618261 -0.542362
v -0.442254 1.572610 -0.542362
v -0.421271 1.531428 -0.542362
v -0.388589 1.498746 -0.542362
v -0.347407 1.477763 -0.542362
v -0.301757 1.470533 -0.542362
v -0.256106 1.477763 -0.542362
v -0.214924 1.498746 -0.542362
v -0.182242 1.531428 -0.542362
v -0.161259 1.572610 -0.542362
v -0.154029 1.618261 -0.542362
v -0.162989 1.663349 -0.519252
v -0.183714 1.704024 -0.519252
v -0.215993 1.736303 -0.519252
v -0.256668 1.757028 -0.519252
v -0.301757 1.764169 -0.519252
v -0.346845 1.757028 -0.519252
v -0.387520 1.736303 -0.519252
v -0.419799 1.704024 -0.519252
v -0.440524 1.663349 -0.519252
v -0.447666 1.618261 -0.519252
v -0.440524 1.573172 -0.519252
v -0.419799 1.532497 -0.519252
v -0.387520 1.500218 -0.519252
v -0.346845 1.479493 -0.519252
v -0.301757 1.472352 -0.519252
v -0.256668 1.479493 -0.519252
v -0.215993 1.500218 -0.519252
v -0.183714 1.532497 -0.519252
v -0.162989 1.573172 -0.519252
v -0.155848 1.618261 -0.519252
v -0.168136 1.661677 -0.496712
v -0.188092 1.700843 -0.496712
v -0.219174 1.731925 -0.496712
v -0.258341 1.751882 -0.496712
v -0.301757 1.758758 -0.496712
v -0.345173 1.751882 -0.496712
v -0.384339 1.731925 -0.496712
v -0.415421 1.700843 -0.496712
v -0.435378 1.661677 -0.496712
v -0.442254 1.618261 -0.496712
v -0.435378 1.574844 -0.496712
v -0.415421 1.535678 -0.496712
v -0.384339 1.504596 -0.496712
v -0.345173 1.484639 -0.496712
v -0.301757 1.477763 -0.496712
v -0.258341 1.484639 -0.496712
v -0.219174 1.504596 -0.496712
v -0.188092 1.535678 -0.496712
v -0.168136 1.574844 -0.496712
v -0.161259 1.618261 -0.496712
v -0.176572 1.658935 -0.475295
v -0.195269 1.695628 -0.475295
v -0.224389 1.724748 -0.475295
v -0.261082 1.743445 -0.475295
v -0.301757 1.749887 -0.475295
v -0.342431 1.743445 -0.475295
v -0.379125 1.724748 -0.475295
v -0.408245 1.695628 -0.475295
v -0.426941 1.658935 -0.475295
v -0.433383 1.618260 -0.475295
v -0.426941 1.577586 -0.475295
v -0.408245 1.540892 -0.475295
v -0.379125 1.511772 -0.475295
v -0.342431 1.493076 -0.475295
v -0.301757 1.486634 -0.475295
v -0.261082 1.493076 -0.475295
v -0.224389 1.511772 -0.475295
v -0.195269 1.540892 -0.475295
v -0.176572 1.577586 -0.475295
v -0.170130 1.618260 -0.475295
v -0.188092 1.655192 -0.455530
v -0.205067 1.688509 -0.455530
v -0.231508 1.714950 -0.455530
v -0.264825 1.731925 -0.455530
v -0.301757 1.737775 -0.455530
v -0.338689 1.731925 -0.455530
v -0.372005 1.714950 -0.455530
v -0.398446 1.688509 -0.455530
v -0.415421 1.655192 -0.455530
v -0.421271 1.618261 -0.455530
v -0.415421 1.581328 -0.455530
v -0.398446 1.548012 -0.455530
v -0.372005 1.521571 -0.455530
v -0.338689 1.504595 -0.455530
v -0.301757 1.498746 -0.455530
v -0.264825 1.504595 -0.455530
v -0.231508 1.521571 -0.455530
v -0.205068 1.548012 -0.455530
v -0.188092 1.581328 -0.455530
v -0.182242 1.618261 -0.455530
v -0.202410 1.650540 -0.437903
v -0.217247 1.679660 -0.437903
v -0.240357 1.702770 -0.437903
v -0.269477 1.717607 -0.437903
v -0.301757 1.722720 -0.437903
v -0.334036 1.717607 -0.437903
v -0.363156 1.702770 -0.437903
v -0.386266 1.679660 -0.437903
v -0.401103 1.650540 -0.437903
v -0.406216 1.618260 -0.437903
v -0.401103 1.585981 -0.437903
v -0.386266 1.556861 -0.437903
v -0.363156 1.533751 -0.437903
v -0.334036 1.518914 -0.437903
v -0.301757 1.513801 -0.437903
v -0.269477 1.518914 -0.437903
v -0.240357 1.533751 -0.437903
v -0.217247 1.556861 -0.437903
v -0.202410 1.585981 -0.437903
v -0.197297 1.618260 -0.437903
v -0.219174 1.645093 -0.422848
v -0.231508 1.669299 -0.422848
v -0.250718 1.688509 -0.422848
v -0.274924 1.700843 -0.422848
v -0.301757 1.705093 -0.422848
v -0.328589 1.700843 -0.422848
v -0.352795 1.688509 -0.422848
v -0.372005 1.669299 -0.422848
v -0.384339 1.645093 -0.422848
v -0.388589 1.618261 -0.422848
v -0.384339 1.591428 -0.422848
v -0.372005 1.567222 -0.422848
v -0.352795 1.548012 -0.422848
v -0.328589 1.535678 -0.422848
v -0.301757 1.531428 -0.422848
v -0.274924 1.535678 -0.422848
v -0.250718 1.548012 -0.422848
v -0.231508 1.567222 -0.422848
v -0.219174 1.591428 -0.422848
v -0.214924 1.618261 -0.422848
v -0.237972 1.638985 -0.410736
v -0.247498 1.657681 -0.410736
v -0.262336 1.672519 -0.410736
v -0.281032 1.682045 -0.410736
v -0.301757 1.685327 -0.410736
v -0.322481 1.682045 -0.410736
v -0.341178 1.672519 -0.410736
v -0.356015 1.657681 -0.410736
v -0.365541 1.638985 -0.410736
v -0.368824 1.618260 -0.410736
v -0.365541 1.597535 -0.410736
v -0.356015 1.578840 -0.410736
v -0.341178 1.564002 -0.410736
v -0.322481 1.554476 -0.410736
v -0.301757 1.551193 -0.410736
v -0.281032 1.554476 -0.410736
v -0.262336 1.564002 -0.410736
v -0.247498 1.578840 -0.410736
v -0.237972 1.597535 -0.410736
v -0.234690 1.618260 -0.410736
v -0.258341 1.632367 -0.401864
v -0.264825 1.645093 -0.401864
v -0.274924 1.655192 -0.401864
v -0.287650 1.661676 -0.401864
v -0.301757 1.663911 -0.401864
v -0.315863 1.661676 -0.401864
v -0.328589 1.655192 -0.401864
v -0.338689 1.645093 -0.401865
v -0.345173 1.632367 -0.401864
v -0.347407 1.618260 -0.401864
v -0.345173 1.604154 -0.401864
v -0.338689 1.591428 -0.401864
v -0.328589 1.581328 -0.401864
v -0.315863 1.574844 -0.401864
v -0.301757 1.572610 -0.401864
v -0.287650 1.574844 -0.401865
v -0.274924 1.581328 -0.401865
v -0.264825 1.591428 -0.401865
v -0.258341 1.604154 -0.401864
v -0.256106 1.618260 -0.401864
v -0.279778 1.625402 -0.396453
v -0.283060 1.631844 -0.396453
v -0.288173 1.636957 -0.396453
v -0.294615 1.640239 -0.396453
v -0.301757 1.641370 -0.396453
v -0.308898 1.640239 -0.396453
v -0.315340 1.636957 -0.396453
v -0.320453 1.631844 -0.396453
v -0.323735 1.625402 -0.396453
v -0.324866 1.618261 -0.396453
v -0.323735 1.611119 -0.396453
v -0.320453 1.604677 -0.396453
v -0.315340 1.599564 -0.396453
v -0.308898 1.596282 -0.396453
v -0.301757 1.595151 -0.396453
v -0.294615 1.596282 -0.396453
v -0.288173 1.599564 -0.396453
v -0.283061 1.604677 -0.396453
v -0.279778 1.611119 -0.396453
v -0.278647 1.618261 -0.396453
v -0.301757 1.618261 -0.690090
v -0.301757 1.618261 -0.394634
vt 0.061721 0.048494
vt 0.062004 0.049418
vt 0.059058 0.051548
vt 0.058482 0.049758
vt 0.062559 0.050150
vt 0.060147 0.052963
vt 0.063337 0.050626
vt 0.061658 0.053887
vt 0.064268 0.050803
vt 0.063466 0.054244
vt 0.065269 0.050664
vt 0.065422 0.054004
vt 0.066252 0.050218
vt 0.067359 0.053178
vt 0.067123 0.049500
vt 0.069107 0.051819
vt 0.067796 0.048568
vt 0.070498 0.050018
vt 0.068200 0.047504
vt 0.071373 0.047911
vt 0.068280 0.046412
vt 0.071600 0.045681
vt 0.068019 0.045403
vt 0.071100 0.043571
vt 0.067432 0.044593
vt 0.069883 0.041857
vt 0.066584 0.044078
vt 0.068083 0.040791
vt 0.065569 0.043915
vt 0.065954 0.040499
vt 0.064505 0.044113
vt 0.063774 0.040972
vt 0.063504 0.044641
vt 0.061788 0.042102
vt 0.062664 0.045434
vt 0.060172 0.043729
vt 0.062060 0.046405
vt 0.059044 0.045672
vt 0.061738 0.047458
vt 0.058473 0.047742
vt 0.056149 0.053725
vt 0.055277 0.051114
vt 0.057753 0.055786
vt 0.059965 0.057135
vt 0.062609 0.057669
vt 0.065472 0.057353
vt 0.068328 0.056206
vt 0.070942 0.054289
vt 0.073078 0.051705
vt 0.074494 0.048604
vt 0.074954 0.045214
vt 0.074260 0.041883
vt 0.072353 0.039114
vt 0.069447 0.037459
vt 0.066073 0.037100
vt 0.062745 0.037942
vt 0.059824 0.039742
vt 0.057523 0.042225
vt 0.055964 0.045120
vt 0.055208 0.048167
vt 0.053270 0.055940
vt 0.052103 0.052541
vt 0.055376 0.058624
vt 0.058267 0.060379
vt 0.061714 0.061083
vt 0.065443 0.060708
vt 0.069174 0.059290
vt 0.072628 0.056900
vt 0.075519 0.053638
vt 0.077540 0.049636
vt 0.078337 0.045100
vt 0.077529 0.040419
vt 0.074856 0.036351
vt 0.070597 0.034065
vt 0.065828 0.033739
vt 0.061363 0.035058
vt 0.057605 0.037582
vt 0.054733 0.040920
vt 0.052833 0.044731
vt 0.051951 0.048705
vt 0.050420 0.058184
vt 0.048960 0.054018
vt 0.053017 0.061478
vt 0.056575 0.063622
vt 0.060801 0.064487
vt 0.065357 0.064064
vt 0.069914 0.062417
vt 0.074166 0.059639
vt 0.077804 0.055822
vt 0.080481 0.051055
vt 0.081743 0.045461
vt 0.080959 0.039324
vt 0.077417 0.033538
vt 0.071388 0.030588
vt 0.065087 0.030450
vt 0.059577 0.032357
vt 0.055130 0.035637
vt 0.051817 0.039806
vt 0.049667 0.044484
vt 0.048708 0.049333
vt 0.047594 0.060444
vt 0.045849 0.055523
vt 0.050676 0.064347
vt 0.054900 0.066869
vt 0.059890 0.067879
vt 0.065235 0.067411
vt 0.070564 0.065576
vt 0.075559 0.062493
vt 0.079917 0.058252
vt 0.083284 0.052902
vt 0.085154 0.046441
vt 0.084640 0.038861
vt 0.080096 0.030635
vt 0.071518 0.026999
vt 0.063683 0.027278
vt 0.057346 0.029874
vt 0.052409 0.033918
vt 0.048795 0.038876
vt 0.046481 0.044359
vt 0.045487 0.050026
vt 0.044791 0.062703
vt 0.042769 0.057029
vt 0.048355 0.067230
vt 0.053257 0.070119
vt 0.059005 0.071258
vt 0.065100 0.070745
vt 0.071139 0.068756
vt 0.076813 0.065448
vt 0.081843 0.060921
vt 0.085910 0.055200
vt 0.088534 0.048195
vt 0.088723 0.039527
vt 0.083077 0.027613
vt 0.070286 0.023330
vt 0.061445 0.024265
vt 0.054657 0.027640
vt 0.049458 0.032435
vt 0.045684 0.038121
vt 0.043287 0.044336
vt 0.042293 0.050757
vt 0.042002 0.064938
vt 0.039718 0.058501
vt 0.046055 0.070128
vt 0.051668 0.073378
vt 0.058176 0.074620
vt 0.064979 0.074055
vt 0.071659 0.071943
vt 0.077934 0.068487
vt 0.083571 0.063810
vt 0.088316 0.057945
vt 0.091807 0.050824
vt 0.093455 0.042250
vt 0.077240 0.019005
vt 0.066883 0.019049
vt 0.058311 0.021427
vt 0.051530 0.025687
vt 0.046305 0.031196
vt 0.042504 0.037534
vt 0.040097 0.044394
vt 0.039131 0.051494
vt 0.039217 0.067112
vt 0.036690 0.059891
vt 0.043776 0.073044
vt 0.050164 0.076649
vt 0.057445 0.077964
vt 0.064906 0.077336
vt 0.072145 0.075128
vt 0.078931 0.071597
vt 0.085093 0.066895
vt 0.090457 0.061091
vt 0.094819 0.054197
vt 0.098019 0.046265
vt 0.071055 0.012077
vt 0.062287 0.015073
vt 0.054462 0.018929
vt 0.048028 0.024059
vt 0.042980 0.030208
vt 0.039274 0.037102
vt 0.036920 0.044509
vt 0.036003 0.052201
vt 0.036410 0.069165
vt 0.033671 0.061136
vt 0.041517 0.075987
vt 0.048797 0.079950
vt 0.056872 0.081289
vt 0.064926 0.080576
vt 0.072622 0.078300
vt 0.079814 0.074763
vt 0.086402 0.070150
vt 0.092295 0.064580
vt 0.097434 0.058163
vt 0.101960 0.051133
vt 0.064122 0.006671
vt 0.056881 0.011777
vt 0.050065 0.016901
vt 0.044221 0.022795
vt 0.039516 0.029478
vt 0.036008 0.036815
vt 0.033763 0.044653
vt 0.032908 0.052831
vt 0.033529 0.070985
vt 0.030638 0.062136
vt 0.039266 0.078976
vt 0.047668 0.083309
vt 0.056557 0.084595
vt 0.065097 0.083773
vt 0.073123 0.081451
vt 0.080598 0.077971
vt 0.087494 0.073550
vt 0.093797 0.068356
vt 0.099562 0.062592
vt 0.105094 0.056619
vt 0.056468 0.002811
vt 0.050883 0.009350
vt 0.045249 0.015440
vt 0.040168 0.021930
vt 0.035940 0.029012
vt 0.032718 0.036658
vt 0.030627 0.044792
vt 0.029838 0.053323
vt 0.030462 0.072352
vt 0.027544 0.062749
vt 0.036985 0.082042
vt 0.047008 0.086784
vt 0.056656 0.087889
vt 0.065499 0.086924
vt 0.073688 0.084578
vt 0.081299 0.081214
vt 0.088368 0.077074
vt 0.094939 0.072371
vt 0.101136 0.067381
vt 0.107328 0.062554
vt 0.048273 0.000566
vt 0.044462 0.007909
vt 0.040121 0.014616
vt 0.035925 0.021494
vt 0.032277 0.028811
vt 0.029412 0.036616
vt 0.027511 0.044889
vt 0.026779 0.053601
vt 0.026959 0.072790
vt 0.024314 0.062764
vt 0.034473 0.085185
vt 0.047459 0.090420
vt 0.057408 0.091209
vt 0.066236 0.090041
vt 0.074366 0.087682
vt 0.081940 0.084487
vt 0.089026 0.080705
vt 0.095697 0.076582
vt 0.102107 0.072446
vt 0.108605 0.068801
vt 0.039787 0.000002
vt 0.037775 0.007539
vt 0.034774 0.014491
vt 0.031538 0.021514
vt 0.028542 0.028880
vt 0.026090 0.036670
vt 0.024403 0.044898
vt 0.023702 0.053573
vt 0.022415 0.071212
vt 0.020843 0.061927
vt 0.040534 0.094324
vt 0.050053 0.095005
vt 0.059066 0.094658
vt 0.067413 0.093145
vt 0.075215 0.090772
vt 0.082548 0.087793
vt 0.089470 0.084434
vt 0.096051 0.080955
vt 0.102431 0.077711
vt 0.108883 0.075229
vt 0.031304 0.001163
vt 0.030981 0.008312
vt 0.029298 0.015121
vt 0.027046 0.022022
vt 0.024748 0.029224
vt 0.022746 0.036801
vt 0.021284 0.044770
vt 0.020572 0.053136
vt 0.017437 0.068198
vt 0.017161 0.060197
vt 0.047169 0.101607
vt 0.054126 0.099669
vt 0.061670 0.098152
vt 0.069118 0.096238
vt 0.076294 0.093863
vt 0.083156 0.091142
vt 0.089706 0.088259
vt 0.095980 0.085464
vt 0.102067 0.083111
vt 0.108127 0.081710
vt 0.023154 0.004056
vt 0.024257 0.010290
vt 0.023781 0.016567
vt 0.022487 0.023056
vt 0.020897 0.029854
vt 0.019364 0.036992
vt 0.018129 0.044459
vt 0.017361 0.052217
vt 0.012586 0.064056
vt 0.013380 0.057586
vt 0.054671 0.107097
vt 0.059377 0.103889
vt 0.065206 0.101532
vt 0.071421 0.099298
vt 0.077673 0.096967
vt 0.083804 0.094554
vt 0.089739 0.092188
vt 0.095456 0.090090
vt 0.100969 0.088581
vt 0.106305 0.088108
vt 0.015702 0.008629
vt 0.017805 0.013526
vt 0.018323 0.018900
vt 0.017895 0.024666
vt 0.016984 0.030789
vt 0.015915 0.037228
vt 0.014901 0.043918
vt 0.014061 0.050760
vt 0.008208 0.058923
vt 0.009644 0.054115
vt 0.062932 0.110697
vt 0.065627 0.107283
vt 0.069659 0.104609
vt 0.074392 0.102277
vt 0.079432 0.100102
vt 0.084542 0.098062
vt 0.089578 0.096245
vt 0.094450 0.094824
vt 0.099084 0.094056
vt 0.103390 0.094275
vt 0.009346 0.014738
vt 0.011869 0.018053
vt 0.013049 0.022200
vt 0.013308 0.026921
vt 0.012991 0.032060
vt 0.012354 0.037495
vt 0.011560 0.043102
vt 0.010677 0.048719
vt 0.004556 0.052894
vt 0.006099 0.049791
vt 0.071596 0.112296
vt 0.072695 0.109541
vt 0.075011 0.107169
vt 0.078113 0.105100
vt 0.081671 0.103281
vt 0.085440 0.101718
vt 0.089239 0.100474
vt 0.092922 0.099669
vt 0.096354 0.099463
vt 0.099374 0.100050
vt 0.004482 0.022090
vt 0.006740 0.023850
vt 0.008113 0.026555
vt 0.008769 0.029916
vt 0.008885 0.033722
vt 0.008611 0.037796
vt 0.008044 0.041969
vt 0.007221 0.046047
vt 0.001813 0.046081
vt 0.002876 0.044618
vt 0.080149 0.111928
vt 0.080322 0.110427
vt 0.081223 0.108984
vt 0.082682 0.107668
vt 0.084529 0.106527
vt 0.086601 0.105608
vt 0.088749 0.104964
vt 0.090835 0.104655
vt 0.092726 0.104741
vt 0.094284 0.105276
vt 0.001386 0.030206
vt 0.002726 0.030787
vt 0.003711 0.032029
vt 0.004329 0.033773
vt 0.004603 0.035863
vt 0.004569 0.038150
vt 0.004258 0.040478
vt 0.003692 0.042691
vt 0.065003 0.047324
vt 0.000000 0.038595
vt 0.095365 0.106281
vt 0.088183 0.109911
vt 0.000518 0.046901
vt 0.101759 0.101617
vt 0.002412 0.054965
vt 0.107192 0.095884
vt 0.005852 0.062593
vt 0.111445 0.089259
vt 0.010808 0.069492
vt 0.114371 0.081976
vt 0.017206 0.075487
vt 0.115879 0.074279
vt 0.025033 0.080590
vt 0.115912 0.066411
vt 0.114441 0.058611
vt 0.111450 0.051114
vt 0.106926 0.044142
vt 0.100830 0.037888
vt 0.093026 0.032450
vn 0.190556 0.061916 -0.979722
vn 0.162089 0.117767 -0.979723
vn 0.269867 0.196072 -0.942723
vn 0.317251 0.103082 -0.942723
vn 0.117767 0.162095 -0.979723
vn 0.196072 0.269872 -0.942722
vn 0.061914 0.190554 -0.979722
vn 0.103083 0.317251 -0.942722
vn 0.000000 0.200360 -0.979722
vn -0.000001 0.333580 -0.942722
vn -0.061914 0.190555 -0.979722
vn -0.103081 0.317253 -0.942722
vn -0.117766 0.162096 -0.979723
vn -0.196069 0.269870 -0.942723
vn -0.162092 0.117766 -0.979723
vn -0.269868 0.196071 -0.942724
vn -0.190558 0.061913 -0.979722
vn -0.317252 0.103081 -0.942723
vn -0.200363 -0.000000 -0.979722
vn -0.333577 -0.000001 -0.942723
vn -0.190553 -0.061914 -0.979723
vn -0.317249 -0.103081 -0.942723
vn -0.162097 -0.117769 -0.979722
vn -0.269874 -0.196073 -0.942721
vn -0.117771 -0.162097 -0.979722
vn -0.196077 -0.269872 -0.942721
vn -0.061916 -0.190556 -0.979722
vn -0.103080 -0.317251 -0.942723
vn -0.000002 -0.200361 -0.979722
vn -0.000001 -0.333576 -0.942723
vn 0.061912 -0.190555 -0.979722
vn 0.103079 -0.317251 -0.942723
vn 0.117771 -0.162098 -0.979721
vn 0.196075 -0.269873 -0.942721
vn 0.162098 -0.117770 -0.979722
vn 0.269875 -0.196073 -0.942721
vn 0.190550 -0.061913 -0.979723
vn 0.317252 -0.103081 -0.942722
vn 0.200365 -0.000001 -0.979721
vn 0.333577 -0.000000 -0.942723
vn 0.380846 0.276703 -0.882265
vn 0.447714 0.145472 -0.882264
vn 0.276699 0.380847 -0.882266
vn 0.145472 0.447710 -0.882266
vn -0.000001 0.470751 -0.882266
vn -0.145471 0.447711 -0.882266
vn -0.276701 0.380847 -0.882265
vn -0.380849 0.276703 -0.882264
vn -0.447716 0.145473 -0.882263
vn -0.470754 0.000000 -0.882265
vn -0.447711 -0.145470 -0.882266
vn -0.380846 -0.276700 -0.882266
vn -0.276701 -0.380847 -0.882265
vn -0.145471 -0.447712 -0.882265
vn -0.000000 -0.470750 -0.882267
vn 0.145471 -0.447711 -0.882266
vn 0.276701 -0.380847 -0.882265
vn 0.380849 -0.276701 -0.882265
vn 0.447715 -0.145470 -0.882264
vn 0.470752 0.000000 -0.882266
vn 0.485136 0.352471 -0.800254
vn 0.570316 0.185306 -0.800251
vn 0.352472 0.485137 -0.800254
vn 0.185305 0.570312 -0.800254
vn -0.000001 0.599662 -0.800254
vn -0.185306 0.570315 -0.800252
vn -0.352472 0.485135 -0.800254
vn -0.485136 0.352471 -0.800254
vn -0.570316 0.185307 -0.800250
vn -0.599665 0.000000 -0.800251
vn -0.570314 -0.185307 -0.800252
vn -0.485136 -0.352474 -0.800253
vn -0.352472 -0.485138 -0.800253
vn -0.185307 -0.570317 -0.800250
vn -0.000000 -0.599667 -0.800250
vn 0.185307 -0.570317 -0.800250
vn 0.352472 -0.485139 -0.800252
vn 0.485135 -0.352473 -0.800254
vn 0.570314 -0.185307 -0.800252
vn 0.599665 -0.000001 -0.800251
vn 0.578711 0.420460 -0.698789
vn 0.680316 0.221048 -0.698790
vn 0.420459 0.578713 -0.698789
vn 0.221046 0.680317 -0.698790
vn -0.000002 0.715324 -0.698793
vn -0.221048 0.680316 -0.698791
vn -0.420459 0.578712 -0.698790
vn -0.578713 0.420458 -0.698789
vn -0.680319 0.221050 -0.698787
vn -0.715328 0.000001 -0.698789
vn -0.680316 -0.221048 -0.698790
vn -0.578710 -0.420458 -0.698791
vn -0.420458 -0.578710 -0.698792
vn -0.221048 -0.680316 -0.698790
vn 0.000000 -0.715328 -0.698789
vn 0.221047 -0.680315 -0.698791
vn 0.420457 -0.578709 -0.698793
vn 0.578709 -0.420457 -0.698793
vn 0.680316 -0.221047 -0.698791
vn 0.715327 -0.000000 -0.698790
vn 0.658809 0.478651 -0.580400
vn 0.774474 0.251641 -0.580402
vn 0.478651 0.658807 -0.580402
vn 0.251642 0.774474 -0.580403
vn -0.000001 0.814329 -0.580404
vn -0.251641 0.774472 -0.580405
vn -0.478652 0.658806 -0.580403
vn -0.658810 0.478652 -0.580398
vn -0.774478 0.251643 -0.580397
vn -0.814331 0.000000 -0.580401
vn -0.774474 -0.251642 -0.580402
vn -0.658808 -0.478652 -0.580400
vn -0.478653 -0.658808 -0.580399
vn -0.251640 -0.774476 -0.580400
vn -0.000000 -0.814331 -0.580401
vn 0.251640 -0.774473 -0.580404
vn 0.478653 -0.658807 -0.580401
vn 0.658807 -0.478652 -0.580401
vn 0.774473 -0.251641 -0.580404
vn 0.814330 -0.000000 -0.580403
vn 0.723291 0.525502 -0.447993
vn 0.850280 0.276272 -0.447993
vn 0.525501 0.723291 -0.447994
vn 0.276274 0.850281 -0.447991
vn 0.000000 0.894041 -0.447985
vn -0.276273 0.850280 -0.447992
vn -0.525501 0.723289 -0.447997
vn -0.723291 0.525500 -0.447995
vn -0.850280 0.276273 -0.447992
vn -0.894036 0.000001 -0.447995
vn -0.850279 -0.276271 -0.447996
vn -0.723291 -0.525500 -0.447996
vn -0.525501 -0.723291 -0.447995
vn -0.276271 -0.850279 -0.447995
vn -0.000000 -0.894035 -0.447997
vn 0.276271 -0.850279 -0.447996
vn 0.525502 -0.723291 -0.447993
vn 0.723291 -0.525501 -0.447995
vn 0.850278 -0.276271 -0.447997
vn 0.894036 0.000000 -0.447995
vn 0.770525 0.559819 -0.304783
vn 0.905806 0.294313 -0.304788
vn 0.559819 0.770526 -0.304784
vn 0.294315 0.905806 -0.304786
vn 0.000000 0.952421 -0.304785
vn -0.294314 0.905805 -0.304790
vn -0.559819 0.770523 -0.304791
vn -0.770524 0.559818 -0.304789
vn -0.905805 0.294314 -0.304788
vn -0.952420 -0.000001 -0.304790
vn -0.905805 -0.294315 -0.304789
vn -0.770523 -0.559820 -0.304789
vn -0.559817 -0.770524 -0.304792
vn -0.294314 -0.905803 -0.304794
vn 0.000000 -0.952417 -0.304797
vn 0.294315 -0.905804 -0.304792
vn 0.559818 -0.770523 -0.304791
vn 0.770523 -0.559818 -0.304792
vn 0.905805 -0.294315 -0.304790
vn 0.952420 -0.000002 -0.304789
vn 0.799335 0.580750 -0.154250
vn 0.939674 0.305317 -0.154251
vn 0.580751 0.799335 -0.154246
vn 0.305319 0.939674 -0.154251
vn 0.000000 0.988030 -0.154259
vn -0.305319 0.939674 -0.154251
vn -0.580750 0.799336 -0.154248
vn -0.799334 0.580751 -0.154251
vn -0.939675 0.305318 -0.154249
vn -0.988032 -0.000001 -0.154248
vn -0.939675 -0.305319 -0.154247
vn -0.799335 -0.580751 -0.154246
vn -0.580751 -0.799335 -0.154245
vn -0.305320 -0.939674 -0.154246
vn -0.000000 -0.988033 -0.154243
vn 0.305320 -0.939675 -0.154240
vn 0.580751 -0.799336 -0.154243
vn 0.799334 -0.580751 -0.154249
vn 0.939674 -0.305319 -0.154249
vn 0.988032 -0.000002 -0.154249
vn 0.809017 0.587785 -0.000001
vn 0.951057 0.309017 -0.000002
vn 0.587785 0.809017 0.000000
vn 0.309017 0.951057 -0.000000
vn -0.000000 1.000000 -0.000000
vn -0.309018 0.951056 0.000000
vn -0.587785 0.809017 0.000000
vn -0.809017 0.587785 -0.000001
vn -0.951057 0.309017 -0.000001
vn -1.000000 0.000001 0.000000
vn -0.951057 -0.309016 -0.000000
vn -0.809017 -0.587785 -0.000000
vn -0.587785 -0.809017 0.000000
vn -0.309017 -0.951056 0.000006
vn -0.000000 -1.000000 0.000014
vn 0.309018 -0.951056 0.000008
vn 0.587784 -0.809018 0.000003
vn 0.809016 -0.587786 0.000003
vn 0.951057 -0.309017 0.000000
vn 1.000000 -0.000000 -0.000000
vn 0.799334 0.580751 0.154248
vn 0.939674 0.305319 0.154249
vn 0.580750 0.799335 0.154249
vn 0.305319 0.939674 0.154248
vn -0.000000 0.988033 0.154245
vn -0.305320 0.939675 0.154243
vn -0.580751 0.799335 0.154245
vn -0.799335 0.580751 0.154245
vn -0.939675 0.305319 0.154246
vn -0.988032 -0.000000 0.154247
vn -0.939675 -0.305318 0.154248
vn -0.799334 -0.580751 0.154254
vn -0.580748 -0.799335 0.154256
vn -0.305318 -0.939674 0.154249
vn 0.000000 -0.988033 0.154244
vn 0.305320 -0.939674 0.154245
vn 0.580750 -0.799334 0.154251
vn 0.799334 -0.580751 0.154252
vn 0.939674 -0.305318 0.154250
vn 0.988032 -0.000001 0.154249
vn 0.770523 0.559822 0.304784
vn 0.905804 0.294314 0.304792
vn 0.559818 0.770525 0.304786
vn 0.294314 0.905806 0.304788
vn 0.000000 0.952423 0.304778
vn -0.294315 0.905806 0.304784
vn -0.559819 0.770524 0.304787
vn -0.770523 0.559821 0.304786
vn -0.905805 0.294315 0.304790
vn -0.952420 0.000000 0.304790
vn -0.905805 -0.294314 0.304790
vn -0.770522 -0.559818 0.304793
vn -0.559817 -0.770523 0.304795
vn -0.294313 -0.905805 0.304789
vn -0.000000 -0.952422 0.304783
vn 0.294314 -0.905806 0.304787
vn 0.559818 -0.770523 0.304790
vn 0.770524 -0.559819 0.304789
vn 0.905805 -0.294314 0.304790
vn 0.952419 -0.000001 0.304791
vn 0.723291 0.525501 0.447993
vn 0.850280 0.276271 0.447993
vn 0.525502 0.723290 0.447995
vn 0.276273 0.850278 0.447995
vn 0.000000 0.894037 0.447993
vn -0.276273 0.850279 0.447994
vn -0.525502 0.723290 0.447995
vn -0.723291 0.525500 0.447996
vn -0.850279 0.276272 0.447995
vn -0.894037 -0.000001 0.447993
vn -0.850279 -0.276273 0.447994
vn -0.723292 -0.525502 0.447991
vn -0.525504 -0.723293 0.447987
vn -0.276273 -0.850280 0.447992
vn -0.000000 -0.894035 0.447997
vn 0.276272 -0.850280 0.447993
vn 0.525504 -0.723293 0.447988
vn 0.723292 -0.525502 0.447991
vn 0.850279 -0.276273 0.447995
vn 0.894037 -0.000002 0.447993
vn 0.658808 0.478651 0.580402
vn 0.774478 0.251642 0.580397
vn 0.478650 0.658806 0.580404
vn 0.251642 0.774472 0.580404
vn 0.000000 0.814327 0.580406
vn -0.251642 0.774472 0.580404
vn -0.478652 0.658806 0.580402
vn -0.658809 0.478651 0.580400
vn -0.774477 0.251643 0.580398
vn -0.814333 0.000001 0.580398
vn -0.774476 -0.251642 0.580399
vn -0.658809 -0.478652 0.580399
vn -0.478654 -0.658807 0.580400
vn -0.251642 -0.774476 0.580398
vn 0.000000 -0.814334 0.580396
vn 0.251642 -0.774475 0.580401
vn 0.478653 -0.658807 0.580400
vn 0.658809 -0.478653 0.580398
vn 0.774475 -0.251642 0.580401
vn 0.814332 0.000001 0.580399
vn 0.578714 0.420460 0.698787
vn 0.680319 0.221047 0.698787
vn 0.420460 0.578713 0.698788
vn 0.221050 0.680317 0.698789
vn 0.000000 0.715325 0.698792
vn -0.221050 0.680316 0.698789
vn -0.420461 0.578714 0.698787
vn -0.578714 0.420460 0.698788
vn -0.680319 0.221048 0.698788
vn -0.715328 -0.000001 0.698789
vn -0.680316 -0.221049 0.698790
vn -0.578710 -0.420459 0.698791
vn -0.420458 -0.578709 0.698792
vn -0.221047 -0.680316 0.698791
vn 0.000000 -0.715329 0.698788
vn 0.221049 -0.680317 0.698789
vn 0.420459 -0.578711 0.698790
vn 0.578710 -0.420459 0.698791
vn 0.680316 -0.221049 0.698790
vn 0.715328 -0.000002 0.698789
vn 0.485136 0.352473 0.800254
vn 0.570315 0.185307 0.800251
vn 0.352472 0.485136 0.800254
vn 0.185307 0.570314 0.800252
vn 0.000000 0.599665 0.800251
vn -0.185308 0.570315 0.800251
vn -0.352474 0.485138 0.800252
vn -0.485136 0.352474 0.800253
vn -0.570314 0.185307 0.800252
vn -0.599665 0.000000 0.800251
vn -0.570312 -0.185306 0.800253
vn -0.485134 -0.352472 0.800255
vn -0.352472 -0.485134 0.800255
vn -0.185306 -0.570313 0.800253
vn 0.000000 -0.599662 0.800254
vn 0.185308 -0.570316 0.800250
vn 0.352475 -0.485139 0.800251
vn 0.485135 -0.352473 0.800254
vn 0.570312 -0.185306 0.800254
vn 0.599664 0.000000 0.800252
vn 0.380844 0.276700 0.882267
vn 0.447713 0.145470 0.882265
vn 0.276699 0.380843 0.882268
vn 0.145471 0.447708 0.882267
vn 0.000001 0.470749 0.882267
vn -0.145470 0.447708 0.882267
vn -0.276702 0.380844 0.882266
vn -0.380846 0.276700 0.882266
vn -0.447713 0.145470 0.882265
vn -0.470754 -0.000000 0.882264
vn -0.447712 -0.145473 0.882265
vn -0.380845 -0.276701 0.882266
vn -0.276699 -0.380842 0.882268
vn -0.145471 -0.447711 0.882266
vn -0.000001 -0.470752 0.882266
vn 0.145471 -0.447711 0.882266
vn 0.276702 -0.380845 0.882266
vn 0.380845 -0.276701 0.882266
vn 0.447711 -0.145472 0.882266
vn 0.470753 -0.000001 0.882265
vn 0.269873 0.196074 0.942721
vn 0.317254 0.103082 0.942722
vn 0.196074 0.269871 0.942722
vn 0.103083 0.317254 0.942722
vn 0.000003 0.333581 0.942722
vn -0.103081 0.317253 0.942722
vn -0.196074 0.269869 0.942722
vn -0.269873 0.196071 0.942722
vn -0.317255 0.103083 0.942721
vn -0.333578 0.000000 0.942722
vn -0.317251 -0.103082 0.942722
vn -0.269873 -0.196074 0.942721
vn -0.196073 -0.269871 0.942722
vn -0.103083 -0.317252 0.942722
vn -0.000000 -0.333578 0.942723
vn 0.103084 -0.317251 0.942722
vn 0.196073 -0.269871 0.942722
vn 0.269870 -0.196074 0.942722
vn 0.317249 -0.103083 0.942723
vn 0.333578 -0.000001 0.942723
vn 0.162094 0.117769 0.979722
vn 0.190557 0.061915 0.979722
vn 0.117771 0.162092 0.979722
vn 0.061916 0.190556 0.979722
vn 0.000000 0.200363 0.979722
vn -0.061916 0.190556 0.979722
vn -0.117771 0.162092 0.979722
vn -0.162095 0.117769 0.979722
vn -0.190558 0.061917 0.979721
vn -0.200362 -0.000002 0.979722
vn -0.190553 -0.061912 0.979723
vn -0.162097 -0.117768 0.979722
vn -0.117771 -0.162096 0.979722
vn -0.061916 -0.190554 0.979722
vn 0.000002 -0.200360 0.979722
vn 0.061921 -0.190556 0.979721
vn 0.117773 -0.162098 0.979721
vn 0.162093 -0.117772 0.979722
vn 0.190549 -0.061913 0.979723
vn 0.200362 -0.000000 0.979722
vn -0.000001 0.000000 -1.000000
vn -0.000000 0.000001 1.000000
s 1
g pasted__pSphere18 group3
usemtl initialShadingGroup
f 1/1/1 2/2/2 22/3/3 21/4/4
f 2/2/2 3/5/5 23/6/6 22/3/3
f 3/5/5 4/7/7 24/8/8 23/6/6
f 4/7/7 5/9/9 25/10/10 24/8/8
f 5/9/9 6/11/11 26/12/12 25/10/10
f 6/11/11 7/13/13 27/14/14 26/12/12
f 7/13/13 8/15/15 28/16/16 27/14/14
f 8/15/15 9/17/17 29/18/18 28/16/16
f 9/17/17 10/19/19 30/20/20 29/18/18
f 10/19/19 11/21/21 31/22/22 30/20/20
f 11/21/21 12/23/23 32/24/24 31/22/22
f 12/23/23 13/25/25 33/26/26 32/24/24
f 13/25/25 14/27/27 34/28/28 33/26/26
f 14/27/27 15/29/29 35/30/30 34/28/28
f 15/29/29 16/31/31 36/32/32 35/30/30
f 16/31/31 17/33/33 37/34/34 36/32/32
f 17/33/33 18/35/35 38/36/36 37/34/34
f 18/35/35 19/37/37 39/38/38 38/36/36
f 19/37/37 20/39/39 40/40/40 39/38/38
f 20/39/39 1/1/1 21/4/4 40/40/40
f 21/4/4 22/3/3 42/41/41 41/42/42
f 22/3/3 23/6/6 43/43/43 42/41/41
f 23/6/6 24/8/8 44/44/44 43/43/43
f 24/8/8 25/10/10 45/45/45 44/44/44
f 25/10/10 26/12/12 46/46/46 45/45/45
f 26/12/12 27/14/14 47/47/47 46/46/46
f 27/14/14 28/16/16 48/48/48 47/47/47
f 28/16/16 29/18/18 49/49/49 48/48/48
f 29/18/18 30/20/20 50/50/50 49/49/49
f 30/20/20 31/22/22 51/51/51 50/50/50
f 31/22/22 32/24/24 52/52/52 51/51/51
f 32/24/24 33/26/26 53/53/53 52/52/52
f 33/26/26 34/28/28 54/54/54 53/53/53
f 34/28/28 35/30/30 55/55/55 54/54/54
f 35/30/30 36/32/32 56/56/56 55/55/55
f 36/32/32 37/34/34 57/57/57 56/56/56
f 37/34/34 38/36/36 58/58/58 57/57/57
f 38/36/36 39/38/38 59/59/59 58/58/58
f 39/38/38 40/40/40 60/60/60 59/59/59
f 40/40/40 21/4/4 41/42/42 60/60/60
f 41/42/42 42/41/41 62/61/61 61/62/62
f 42/41/41 43/43/43 63/63/63 62/61/61
f 43/43/43 44/44/44 64/64/64 63/63/63
f 44/44/44 45/45/45 65/65/65 64/64/64
f 45/45/45 46/46/46 66/66/66 65/65/65
f 46/46/46 47/47/47 67/67/67 66/66/66
f 47/47/47 48/48/48 68/68/68 67/67/67
f 48/48/48 49/49/49 69/69/69 68/68/68
f 49/49/49 50/50/50 70/70/70 69/69/69
f 50/50/50 51/51/51 71/71/71 70/70/70
f 51/51/51 52/52/52 72/72/72 71/71/71
f 52/52/52 53/53/53 73/73/73 72/72/72
f 53/53/53 54/54/54 74/74/74 73/73/73
f 54/54/54 55/55/55 75/75/75 74/74/74
f 55/55/55 56/56/56 76/76/76 75/75/75
f 56/56/56 57/57/57 77/77/77 76/76/76
f 57/57/57 58/58/58 78/78/78 77/77/77
f 58/58/58 59/59/59 79/79/79 78/78/78
f 59/59/59 60/60/60 80/80/80 79/79/79
f 60/60/60 41/42/42 61/62/62 80/80/80
f 61/62/62 62/61/61 82/81/81 81/82/82
f 62/61/61 63/63/63 83/83/83 82/81/81
f 63/63/63 64/64/64 84/84/84 83/83/83
f 64/64/64 65/65/65 85/85/85 84/84/84
f 65/65/65 66/66/66 86/86/86 85/85/85
f 66/66/66 67/67/67 87/87/87 86/86/86
f 67/67/67 68/68/68 88/88/88 87/87/87
f 68/68/68 69/69/69 89/89/89 88/88/88
f 69/69/69 70/70/70 90/90/90 89/89/89
f 70/70/70 71/71/71 91/91/91 90/90/90
f 71/71/71 72/72/72 92/92/92 91/91/91
f 72/72/72 73/73/73 93/93/93 92/92/92
f 73/73/73 74/74/74 94/94/94 93/93/93
f 74/74/74 75/75/75 95/95/95 94/94/94
f 75/75/75 76/76/76 96/96/96 95/95/95
f 76/76/76 77/77/77 97/97/97 96/96/96
f 77/77/77 78/78/78 98/98/98 97/97/97
f 78/78/78 79/79/79 99/99/99 98/98/98
f 79/79/79 80/80/80 100/100/100 99/99/99
f 80/80/80 61/62/62 81/82/82 100/100/100
f 81/82/82 82/81/81 102/101/101 101/102/102
f 82/81/81 83/83/83 103/103/103 102/101/101
f 83/83/83 84/84/84 104/104/104 103/103/103
f 84/84/84 85/85/85 105/105/105 104/104/104
f 85/85/85 86/86/86 106/106/106 105/105/105
f 86/86/86 87/87/87 107/107/107 106/106/106
f 87/87/87 88/88/88 108/108/108 107/107/107
f 88/88/88 89/89/89 109/109/109 108/108/108
f 89/89/89 90/90/90 110/110/110 109/109/109
f 90/90/90 91/91/91 111/111/111 110/110/110
f 91/91/91 92/92/92 112/112/112 111/111/111
f 92/92/92 93/93/93 113/113/113 112/112/112
f 93/93/93 94/94/94 114/114/114 113/113/113
f 94/94/94 95/95/95 115/115/115 114/114/114
f 95/95/95 96/96/96 116/116/116 115/115/115
f 96/96/96 97/97/97 117/117/117 116/116/116
f 97/97/97 98/98/98 118/118/118 117/117/117
f 98/98/98 99/99/99 119/119/119 118/118/118
f 99/99/99 100/100/100 120/120/120 119/119/119
f 100/100/100 81/82/82 101/102/102 120/120/120
f 101/102/102 102/101/101 122/121/121 121/122/122
f 102/101/101 103/103/103 123/123/123 122/121/121
f 103/103/103 104/104/104 124/124/124 123/123/123
f 104/104/104 105/105/105 125/125/125 124/124/124
f 105/105/105 106/106/106 126/126/126 125/125/125
f 106/106/106 107/107/107 127/127/127 126/126/126
f 107/107/107 108/108/108 128/128/128 127/127/127
f 108/108/108 109/109/109 129/129/129 128/128/128
f 109/109/109 110/110/110 130/130/130 129/129/129
f 110/110/110 111/111/111 131/131/131 130/130/130
f 111/111/111 112/112/112 132/132/132 131/131/131
f 112/112/112 113/113/113 133/133/133 132/132/132
f 113/113/113 114/114/114 134/134/134 133/133/133
f 114/114/114 115/115/115 135/135/135 134/134/134
f 115/115/115 116/116/116 136/136/136 135/135/135
f 116/116/116 117/117/117 137/137/137 136/136/136
f 117/117/117 118/118/118 138/138/138 137/137/137
f 118/118/118 119/119/119 139/139/139 138/138/138
f 119/119/119 120/120/120 140/140/140 139/139/139
f 120/120/120 101/102/102 121/122/122 140/140/140
f 121/122/122 122/121/121 142/141/141 141/142/142
f 122/121/121 123/123/123 143/143/143 142/141/141
f 123/123/123 124/124/124 144/144/144 143/143/143
f 124/124/124 125/125/125 145/145/145 144/144/144
f 125/125/125 126/126/126 146/146/146 145/145/145
f 126/126/126 127/127/127 147/147/147 146/146/146
f 127/127/127 128/128/128 148/148/148 147/147/147
f 128/128/128 129/129/129 149/149/149 148/148/148
f 129/129/129 130/130/130 150/150/150 149/149/149
f 130/130/130 131/131/131 151/151/151 150/150/150
f 131/131/131 132/132/132 152/152/152 151/151/151
f 132/132/132 133/133/133 153/401/153 152/152/152
f 133/133/133 134/134/134 154/154/154 153/153/153
f 134/134/134 135/135/135 155/155/155 154/154/154
f 135/135/135 136/136/136 156/156/156 155/155/155
f 136/136/136 137/137/137 157/157/157 156/156/156
f 137/137/137 138/138/138 158/158/158 157/157/157
f 138/138/138 139/139/139 159/159/159 158/158/158
f 139/139/139 140/140/140 160/160/160 159/159/159
f 140/140/140 121/122/122 141/142/142 160/160/160
f 141/142/142 142/141/141 162/161/161 161/162/162
f 142/141/141 143/143/143 163/163/163 162/161/161
f 143/143/143 144/144/144 164/164/164 163/163/163
f 144/144/144 145/145/145 165/165/165 164/164/164
f 145/145/145 146/146/146 166/166/166 165/165/165
f 146/146/146 147/147/147 167/167/167 166/166/166
f 147/147/147 148/148/148 168/168/168 167/167/167
f 148/148/148 149/149/149 169/169/169 168/168/168
f 149/149/149 150/150/150 170/170/170 169/169/169
f 150/150/150 151/151/151 171/171/171 170/170/170
f 151/151/151 152/152/152 172/172/172 171/171/171
f 152/152/152 153/401/153 173/400/173 172/172/172
f 153/153/153 154/154/154 174/174/174 173/173/173
f 154/154/154 155/155/155 175/175/175 174/174/174
f 155/155/155 156/156/156 176/176/176 175/175/175
f 156/156/156 157/157/157 177/177/177 176/176/176
f 157/157/157 158/158/158 178/178/178 177/177/177
f 158/158/158 159/159/159 179/179/179 178/178/178
f 159/159/159 160/160/160 180/180/180 179/179/179
f 160/160/160 141/142/142 161/162/162 180/180/180
f 161/162/162 162/161/161 182/181/181 181/182/182
f 162/161/161 163/163/163 183/183/183 182/181/181
f 163/163/163 164/164/164 184/184/184 183/183/183
f 164/164/164 165/165/165 185/185/185 184/184/184
f 165/165/165 166/166/166 186/186/186 185/185/185
f 166/166/166 167/167/167 187/187/187 186/186/186
f 167/167/167 168/168/168 188/188/188 187/187/187
f 168/168/168 169/169/169 189/189/189 188/188/188
f 169/169/169 170/170/170 190/190/190 189/189/189
f 170/170/170 171/171/171 191/191/191 190/190/190
f 171/171/171 172/172/172 192/192/192 191/191/191
f 172/172/172 173/400/173 193/399/193 192/192/192
f 173/173/173 174/174/174 194/194/194 193/193/193
f 174/174/174 175/175/175 195/195/195 194/194/194
f 175/175/175 176/176/176 196/196/196 195/195/195
f 176/176/176 177/177/177 197/197/197 196/196/196
f 177/177/177 178/178/178 198/198/198 197/197/197
f 178/178/178 179/179/179 199/199/199 198/198/198
f 179/179/179 180/180/180 200/200/200 199/199/199
f 180/180/180 161/162/162 181/182/182 200/200/200
f 181/182/182 182/181/181 202/201/201 201/202/202
f 182/181/181 183/183/183 203/203/203 202/201/201
f 183/183/183 184/184/184 204/204/204 203/203/203
f 184/184/184 185/185/185 205/205/205 204/204/204
f 185/185/185 186/186/186 206/206/206 205/205/205
f 186/186/186 187/187/187 207/207/207 206/206/206
f 187/187/187 188/188/188 208/208/208 207/207/207
f 188/188/188 189/189/189 209/209/209 208/208/208
f 189/189/189 190/190/190 210/210/210 209/209/209
f 190/190/190 191/191/191 211/211/211 210/210/210
f 191/191/191 192/192/192 212/212/212 211/211/211
f 192/192/192 193/399/193 213/398/213 212/212/212
f 193/193/193 194/194/194 214/214/214 213/213/213
f 194/194/194 195/195/195 215/215/215 214/214/214
f 195/195/195 196/196/196 216/216/216 215/215/215
f 196/196/196 197/197/197 217/217/217 216/216/216
f 197/197/197 198/198/198 218/218/218 217/217/217
f 198/198/198 199/199/199 219/219/219 218/218/218
f 199/199/199 200/200/200 220/220/220 219/219/219
f 200/200/200 181/182/182 201/202/202 220/220/220
f 201/202/202 202/201/201 222/221/221 221/222/222
f 202/201/201 203/203/203 223/223/223 222/221/221
f 203/203/203 204/204/204 224/224/224 223/223/223
f 204/204/204 205/205/205 225/225/225 224/224/224
f 205/205/205 206/206/206 226/226/226 225/225/225
f 206/206/206 207/207/207 227/227/227 226/226/226
f 207/207/207 208/208/208 228/228/228 227/227/227
f 208/208/208 209/209/209 229/229/229 228/228/228
f 209/209/209 210/210/210 230/230/230 229/229/229
f 210/210/210 211/211/211 231/231/231 230/230/230
f 211/211/211 212/212/212 232/232/232 231/231/231
f 212/212/212 213/398/213 233/397/233 232/232/232
f 213/213/213 214/214/214 234/234/234 233/233/233
f 214/214/214 215/215/215 235/235/235 234/234/234
f 215/215/215 216/216/216 236/236/236 235/235/235
f 216/216/216 217/217/217 237/237/237 236/236/236
f 217/217/217 218/218/218 238/238/238 237/237/237
f 218/218/218 219/219/219 239/239/239 238/238/238
f 219/219/219 220/220/220 240/240/240 239/239/239
f 220/220/220 201/202/202 221/222/222 240/240/240
f 221/222/222 222/221/221 242/241/241 241/242/242
f 222/221/221 223/223/223 243/243/243 242/241/241
f 223/223/223 224/224/224 244/244/244 243/243/243
f 224/224/224 225/225/225 245/245/245 244/244/244
f 225/225/225 226/226/226 246/246/246 245/245/245
f 226/226/226 227/227/227 247/247/247 246/246/246
f 227/227/227 228/228/228 248/248/248 247/247/247
f 228/228/228 229/229/229 249/249/249 248/248/248
f 229/229/229 230/230/230 250/250/250 249/249/249
f 230/230/230 231/231/231 251/251/251 250/250/250
f 231/231/231 232/232/232 252/252/252 251/251/251
f 232/232/232 233/397/233 253/396/253 252/252/252
f 233/233/233 234/234/234 254/254/254 253/253/253
f 234/234/234 235/235/235 255/255/255 254/254/254
f 235/235/235 236/236/236 256/256/256 255/255/255
f 236/236/236 237/237/237 257/257/257 256/256/256
f 237/237/237 238/238/238 258/258/258 257/257/257
f 238/238/238 239/239/239 259/259/259 258/258/258
f 239/239/239 240/240/240 260/260/260 259/259/259
f 240/240/240 221/222/222 241/242/242 260/260/260
f 241/242/242 242/241/241 262/261/261 261/262/262
f 242/241/241 243/243/243 263/395/263 262/261/261
f 243/243/243 244/244/244 264/264/264 263/263/263
f 244/244/244 245/245/245 265/265/265 264/264/264
f 245/245/245 246/246/246 266/266/266 265/265/265
f 246/246/246 247/247/247 267/267/267 266/266/266
f 247/247/247 248/248/248 268/268/268 267/267/267
f 248/248/248 249/249/249 269/269/269 268/268/268
f 249/249/249 250/250/250 270/270/270 269/269/269
f 250/250/250 251/251/251 271/271/271 270/270/270
f 251/251/251 252/252/252 272/272/272 271/271/271
f 252/252/252 253/396/253 273/394/273 272/272/272
f 253/253/253 254/254/254 274/274/274 273/273/273
f 254/254/254 255/255/255 275/275/275 274/274/274
f 255/255/255 256/256/256 276/276/276 275/275/275
f 256/256/256 257/257/257 277/277/277 276/276/276
f 257/257/257 258/258/258 278/278/278 277/277/277
f 258/258/258 259/259/259 279/279/279 278/278/278
f 259/259/259 260/260/260 280/280/280 279/279/279
f 260/260/260 241/242/242 261/262/262 280/280/280
f 261/262/262 262/261/261 282/281/281 281/282/282
f 262/261/261 263/395/263 283/393/283 282/281/281
f 263/263/263 264/264/264 284/284/284 283/283/283
f 264/264/264 265/265/265 285/285/285 284/284/284
f 265/265/265 266/266/266 286/286/286 285/285/285
f 266/266/266 267/267/267 287/287/287 286/286/286
f 267/267/267 268/268/268 288/288/288 287/287/287
f 268/268/268 269/269/269 289/289/289 288/288/288
f 269/269/269 270/270/270 290/290/290 289/289/289
f 270/270/270 271/271/271 291/291/291 290/290/290
f 271/271/271 272/272/272 292/292/292 291/291/291
f 272/272/272 273/394/273 293/392/293 292/292/292
f 273/273/273 274/274/274 294/294/294 293/293/293
f 274/274/274 275/275/275 295/295/295 294/294/294
f 275/275/275 276/276/276 296/296/296 295/295/295
f 276/276/276 277/277/277 297/297/297 296/296/296
f 277/277/277 278/278/278 298/298/298 297/297/297
f 278/278/278 279/279/279 299/299/299 298/298/298
f 279/279/279 280/280/280 300/300/300 299/299/299
f 280/280/280 261/262/262 281/282/282 300/300/300
f 281/282/282 282/281/281 302/301/301 301/302/302
f 282/281/281 283/393/283 303/391/303 302/301/301
f 283/283/283 284/284/284 304/304/304 303/303/303
f 284/284/284 285/285/285 305/305/305 304/304/304
f 285/285/285 286/286/286 306/306/306 305/305/305
f 286/286/286 287/287/287 307/307/307 306/306/306
f 287/287/287 288/288/288 308/308/308 307/307/307
f 288/288/288 289/289/289 309/309/309 308/308/308
f 289/289/289 290/290/290 310/310/310 309/309/309
f 290/290/290 291/291/291 311/311/311 310/310/310
f 291/291/291 292/292/292 312/312/312 311/311/311
f 292/292/292 293/392/293 313/390/313 312/312/312
f 293/293/293 294/294/294 314/314/314 313/313/313
f 294/294/294 295/295/295 315/315/315 314/314/314
f 295/295/295 296/296/296 316/316/316 315/315/315
f 296/296/296 297/297/297 317/317/317 316/316/316
f 297/297/297 298/298/298 318/318/318 317/317/317
f 298/298/298 299/299/299 319/319/319 318/318/318
f 299/299/299 300/300/300 320/320/320 319/319/319
f 300/300/300 281/282/282 301/302/302 320/320/320
f 301/302/302 302/301/301 322/321/321 321/322/322
f 302/301/301 303/391/303 323/389/323 322/321/321
f 303/303/303 304/304/304 324/324/324 323/323/323
f 304/304/304 305/305/305 325/325/325 324/324/324
f 305/305/305 306/306/306 326/326/326 325/325/325
f 306/306/306 307/307/307 327/327/327 326/326/326
f 307/307/307 308/308/308 328/328/328 327/327/327
f 308/308/308 309/309/309 329/329/329 328/328/328
f 309/309/309 310/310/310 330/330/330 329/329/329
f 310/310/310 311/311/311 331/331/331 330/330/330
f 311/311/311 312/312/312 332/332/332 331/331/331
f 312/312/312 313/390/313 333/388/333 332/332/332
f 313/313/313 314/314/314 334/334/334 333/333/333
f 314/314/314 315/315/315 335/335/335 334/334/334
f 315/315/315 316/316/316 336/336/336 335/335/335
f 316/316/316 317/317/317 337/337/337 336/336/336
f 317/317/317 318/318/318 338/338/338 337/337/337
f 318/318/318 319/319/319 339/339/339 338/338/338
f 319/319/319 320/320/320 340/340/340 339/339/339
f 320/320/320 301/302/302 321/322/322 340/340/340
f 321/322/322 322/321/321 342/341/341 341/342/342
f 322/321/321 323/389/323 343/387/343 342/341/341
f 323/323/323 324/324/324 344/344/344 343/343/343
f 324/324/324 325/325/325 345/345/345 344/344/344
f 325/325/325 326/326/326 346/346/346 345/345/345
f 326/326/326 327/327/327 347/347/347 346/346/346
f 327/327/327 328/328/328 348/348/348 347/347/347
f 328/328/328 329/329/329 349/349/349 348/348/348
f 329/329/329 330/330/330 350/350/350 349/349/349
f 330/330/330 331/331/331 351/351/351 350/350/350
f 331/331/331 332/332/332 352/352/352 351/351/351
f 332/332/332 333/388/333 353/386/353 352/352/352
f 333/333/333 334/334/334 354/354/354 353/353/353
f 334/334/334 335/335/335 355/355/355 354/354/354
f 335/335/335 336/336/336 356/356/356 355/355/355
f 336/336/336 337/337/337 357/357/357 356/356/356
f 337/337/337 338/338/338 358/358/358 357/357/357
f 338/338/338 339/339/339 359/359/359 358/358/358
f 339/339/339 340/340/340 360/360/360 359/359/359
f 340/340/340 321/322/322 341/342/342 360/360/360
f 341/342/342 342/341/341 362/361/361 361/362/362
f 342/341/341 343/387/343 363/385/363 362/361/361
f 343/343/343 344/344/344 364/364/364 363/363/363
f 344/344/344 345/345/345 365/365/365 364/364/364
f 345/345/345 346/346/346 366/366/366 365/365/365
f 346/346/346 347/347/347 367/367/367 366/366/366
f 347/347/347 348/348/348 368/368/368 367/367/367
f 348/348/348 349/349/349 369/369/369 368/368/368
f 349/349/349 350/350/350 370/370/370 369/369/369
f 350/350/350 351/351/351 371/371/371 370/370/370
f 351/351/351 352/352/352 372/372/372 371/371/371
f 352/352/352 353/386/353 373/383/373 372/372/372
f 353/353/353 354/354/354 374/374/374 373/373/373
f 354/354/354 355/355/355 375/375/375 374/374/374
f 355/355/355 356/356/356 376/376/376 375/375/375
f 356/356/356 357/357/357 377/377/377 376/376/376
f 357/357/357 358/358/358 378/378/378 377/377/377
f 358/358/358 359/359/359 379/379/379 378/378/378
f 359/359/359 360/360/360 380/380/380 379/379/379
f 360/360/360 341/342/342 361/362/362 380/380/380
f 2/2/2 1/1/1 381/381/381
f 3/5/5 2/2/2 381/381/381
f 4/7/7 3/5/5 381/381/381
f 5/9/9 4/7/7 381/381/381
f 6/11/11 5/9/9 381/381/381
f 7/13/13 6/11/11 381/381/381
f 8/15/15 7/13/13 381/381/381
f 9/17/17 8/15/15 381/381/381
f 10/19/19 9/17/17 381/381/381
f 11/21/21 10/19/19 381/381/381
f 12/23/23 11/21/21 381/381/381
f 13/25/25 12/23/23 381/381/381
f 14/27/27 13/25/25 381/381/381
f 15/29/29 14/27/27 381/381/381
f 16/31/31 15/29/29 381/381/381
f 17/33/33 16/31/31 381/381/381
f 18/35/35 17/33/33 381/381/381
f 19/37/37 18/35/35 381/381/381
f 20/39/39 19/37/37 381/381/381
f 1/1/1 20/39/39 381/381/381
f 361/362/362 362/361/361 382/382/382
f 362/361/361 363/385/363 382/382/382
f 363/363/363 364/364/364 382/384/382
f 364/364/364 365/365/365 382/384/382
f 365/365/365 366/366/366 382/384/382
f 366/366/366 367/367/367 382/384/382
f 367/367/367 368/368/368 382/384/382
f 368/368/368 369/369/369 382/384/382
f 369/369/369 370/370/370 382/384/382
f 370/370/370 371/371/371 382/384/382
f 371/371/371 372/372/372 382/384/382
f 372/372/372 373/383/373 382/384/382
f 373/373/373 374/374/374 382/382/382
f 374/374/374 375/375/375 382/382/382
f 375/375/375 376/376/376 382/382/382
f 376/376/376 377/377/377 382/382/382
f 377/377/377 378/378/378 382/382/382
f 378/378/378 379/379/379 382/382/382
f 379/379/379 380/380/380 382/382/382
f 380/380/380 361/362/362 382/382/382
g default
v -0.247947 1.835858 -0.646550
v -0.255983 1.849629 -0.647875
v -0.268500 1.863081 -0.648906
v -0.284273 1.872462 -0.649270
v -0.301757 1.868912 -0.649270
v -0.319241 1.856215 -0.648767
v -0.335013 1.838914 -0.647738
v -0.347530 1.821012 -0.647078
v -0.355567 1.805704 -0.646093
v -0.358336 1.795057 -0.645414
v -0.355567 1.786668 -0.645238
v -0.347530 1.782631 -0.645698
v -0.335013 1.780298 -0.646452
v -0.319241 1.781079 -0.647293
v -0.301757 1.781980 -0.647670
v -0.284273 1.781576 -0.647331
v -0.268500 1.781700 -0.646550
v -0.255983 1.787107 -0.645995
v -0.247947 1.799081 -0.645867
v -0.245178 1.816328 -0.646001
v -0.195462 1.803723 -0.626287
v -0.211337 1.830819 -0.632872
v -0.236063 1.871145 -0.636865
v -0.267219 1.901004 -0.639296
v -0.301757 1.906733 -0.640800
v -0.336294 1.884112 -0.638801
v -0.367450 1.849019 -0.631280
v -0.392176 1.812397 -0.628422
v -0.408052 1.784693 -0.625723
v -0.413522 1.761173 -0.624059
v -0.408052 1.736708 -0.623147
v -0.392176 1.721124 -0.623241
v -0.367450 1.719567 -0.624730
v -0.336294 1.730766 -0.627710
v -0.301757 1.736877 -0.629303
v -0.267219 1.733486 -0.628034
v -0.236063 1.725568 -0.625313
v -0.211337 1.731583 -0.624022
v -0.195462 1.755351 -0.624261
v -0.189992 1.780678 -0.624950
v -0.145594 1.779699 -0.605443
v -0.168917 1.825302 -0.607590
v -0.205243 1.870197 -0.621109
v -0.251016 1.917845 -0.629113
v -0.301757 1.929324 -0.632913
v -0.352497 1.902538 -0.627672
v -0.398270 1.866903 -0.610963
v -0.434596 1.811083 -0.607032
v -0.457919 1.770629 -0.606213
v -0.465956 1.733639 -0.606651
v -0.457919 1.708013 -0.601737
v -0.434596 1.688106 -0.598766
v -0.398270 1.679669 -0.598928
v -0.352497 1.693046 -0.600840
v -0.301757 1.701717 -0.602617
v -0.251016 1.684448 -0.600206
v -0.205243 1.679325 -0.598928
v -0.168917 1.682565 -0.602250
v -0.145594 1.702603 -0.608255
v -0.137558 1.739150 -0.607592
v -0.099572 1.759379 -0.590913
v -0.129768 1.822657 -0.590197
v -0.176799 1.877614 -0.603486
v -0.236063 1.933252 -0.610480
v -0.301757 1.948370 -0.612061
v -0.367451 1.910554 -0.605265
v -0.426714 1.861443 -0.589293
v -0.473745 1.798076 -0.588476
v -0.503942 1.750252 -0.591818
v -0.514346 1.707258 -0.590468
v -0.503942 1.677880 -0.582166
v -0.473745 1.649556 -0.575606
v -0.426714 1.639473 -0.569112
v -0.367450 1.651669 -0.569112
v -0.301757 1.674621 -0.569837
v -0.236063 1.643638 -0.569112
v -0.176799 1.621025 -0.577247
v -0.129768 1.641365 -0.583544
v -0.099572 1.663539 -0.593244
v -0.089167 1.708314 -0.593685
v -0.058528 1.743895 -0.566691
v -0.094854 1.822151 -0.566332
v -0.151433 1.909116 -0.569731
v -0.222727 1.967350 -0.571706
v -0.301757 1.974686 -0.572598
v -0.380786 1.925540 -0.572505
v -0.452080 1.853127 -0.562903
v -0.508659 1.789310 -0.565036
v -0.544986 1.735880 -0.567029
v -0.557503 1.684207 -0.565380
v -0.544986 1.639073 -0.560393
v -0.508659 1.611495 -0.549185
v -0.452080 1.590756 -0.539704
v -0.380786 1.609028 -0.538218
v -0.301757 1.658545 -0.535788
v -0.222727 1.619549 -0.536581
v -0.151433 1.575187 -0.551409
v -0.094854 1.595580 -0.561067
v -0.058528 1.633761 -0.566861
v -0.046011 1.687030 -0.567694
v -0.023473 1.748412 -0.525269
v -0.065034 1.840757 -0.525269
v -0.129768 1.946750 -0.525269
v -0.211337 1.994776 -0.525350
v -0.301757 2.003024 -0.525582
v -0.392177 1.960750 -0.525678
v -0.473745 1.867300 -0.525269
v -0.538479 1.797723 -0.525269
v -0.580040 1.741058 -0.525269
v -0.594361 1.678245 -0.525269
v -0.580040 1.615786 -0.525088
v -0.538479 1.570392 -0.519332
v -0.473745 1.540995 -0.511380
v -0.392176 1.569794 -0.507140
v -0.301757 1.631351 -0.503460
v -0.211337 1.581520 -0.505678
v -0.129768 1.530702 -0.520391
v -0.065034 1.566228 -0.525214
v -0.023473 1.622785 -0.525269
v -0.009152 1.685599 -0.525269
v 0.004730 1.754778 -0.476878
v -0.041044 1.859386 -0.476878
v -0.112338 1.974471 -0.476878
v -0.202173 2.014369 -0.476878
v -0.301757 2.025325 -0.476878
v -0.401340 1.986191 -0.476878
v -0.491176 1.888241 -0.476878
v -0.562469 1.809832 -0.476878
v -0.608243 1.747424 -0.476878
v -0.624015 1.678245 -0.476878
v -0.608243 1.609065 -0.476878
v -0.562469 1.546658 -0.476878
v -0.491176 1.500727 -0.475042
v -0.401340 1.536642 -0.470972
v -0.301757 1.591804 -0.469374
v -0.202173 1.547974 -0.470905
v -0.112338 1.526643 -0.476878
v -0.041044 1.554012 -0.476878
v 0.004730 1.616419 -0.476878
v 0.020502 1.685599 -0.476878
v 0.025386 1.759440 -0.424444
v -0.023473 1.873177 -0.424444
v -0.099572 1.992348 -0.424444
v -0.195462 2.028718 -0.424444
v -0.301757 2.040413 -0.424444
v -0.408052 2.003636 -0.424444
v -0.503942 1.903643 -0.424444
v -0.580040 1.818700 -0.424444
v -0.628899 1.752086 -0.424444
v -0.645734 1.678245 -0.424444
v -0.628899 1.604403 -0.424444
v -0.580040 1.537789 -0.424444
v -0.503942 1.484924 -0.424444
v -0.408052 1.517540 -0.424444
v -0.301757 1.562499 -0.424444
v -0.195462 1.553674 -0.424444
v -0.099572 1.549084 -0.424444
v -0.023473 1.545143 -0.424444
v 0.025385 1.611757 -0.424444
v 0.042221 1.685598 -0.424444
v 0.037986 1.762284 -0.369258
v -0.012754 1.881633 -0.369258
v -0.091784 1.990250 -0.369258
v -0.191368 2.037471 -0.369258
v -0.301757 2.049617 -0.369258
v -0.412146 2.014259 -0.369258
v -0.511729 1.913043 -0.369258
v -0.590759 1.824110 -0.369258
v -0.641499 1.754930 -0.369258
v -0.658983 1.678245 -0.369258
v -0.641499 1.601559 -0.369258
v -0.590759 1.532379 -0.369258
v -0.511729 1.490935 -0.369258
v -0.412146 1.516900 -0.369258
v -0.301757 1.553295 -0.369258
v -0.191368 1.565244 -0.369258
v -0.091784 1.545099 -0.369258
v -0.012754 1.539733 -0.369258
v 0.037986 1.608913 -0.369258
v 0.055470 1.685598 -0.369258
v 0.042221 1.763240 -0.312679
v -0.009152 1.857526 -0.312679
v -0.089167 1.963293 -0.312679
v -0.189991 2.040413 -0.312679
v -0.301757 2.052710 -0.312679
v -0.413522 2.017824 -0.312679
v -0.514347 1.916202 -0.312679
v -0.594361 1.825928 -0.312679
v -0.645734 1.755886 -0.312679
v -0.663436 1.678245 -0.312679
v -0.645734 1.600603 -0.312679
v -0.594361 1.530561 -0.312679
v -0.514346 1.488640 -0.312679
v -0.413522 1.517721 -0.312679
v -0.301757 1.550202 -0.312679
v -0.189992 1.562499 -0.312679
v -0.089167 1.543758 -0.312679
v -0.009152 1.537915 -0.312679
v 0.042221 1.607957 -0.312679
v 0.059923 1.685599 -0.312679
v 0.037986 1.762285 -0.256100
v -0.012754 1.831464 -0.256100
v -0.091784 1.946632 -0.256100
v -0.191368 2.037471 -0.256100
v -0.301757 2.049617 -0.256100
v -0.412146 2.014259 -0.256100
v -0.511729 1.913043 -0.256100
v -0.590759 1.824110 -0.256100
v -0.641499 1.754931 -0.256100
v -0.658983 1.678245 -0.256100
v -0.641499 1.601559 -0.256100
v -0.590759 1.532379 -0.256100
v -0.511729 1.479490 -0.255073
v -0.412146 1.516067 -0.254366
v -0.301757 1.556691 -0.254366
v -0.191368 1.555315 -0.253843
v -0.091784 1.545099 -0.256100
v -0.012754 1.539733 -0.256100
v 0.037986 1.608913 -0.256100
v 0.055470 1.685599 -0.256100
v 0.025386 1.759440 -0.200914
v -0.023473 1.826054 -0.200914
v -0.099572 1.935724 -0.200914
v -0.195462 2.026789 -0.200914
v -0.301757 2.040413 -0.200914
v -0.408052 2.003636 -0.200914
v -0.503942 1.903856 -0.200806
v -0.580040 1.821763 -0.199350
v -0.628899 1.754098 -0.199887
v -0.645734 1.678245 -0.200914
v -0.628899 1.606414 -0.199887
v -0.580040 1.545647 -0.196902
v -0.503942 1.509405 -0.188413
v -0.408052 1.545480 -0.186647
v -0.301757 1.590953 -0.186384
v -0.195462 1.560512 -0.185555
v -0.099572 1.521179 -0.197967
v -0.023473 1.545143 -0.200914
v 0.025385 1.611757 -0.200914
v 0.042221 1.685599 -0.200914
v 0.004730 1.754778 -0.148480
v -0.041044 1.817185 -0.148480
v -0.112338 1.917859 -0.148480
v -0.202173 1.985718 -0.148480
v -0.301757 2.025325 -0.148480
v -0.401340 1.986191 -0.148480
v -0.491176 1.902242 -0.141331
v -0.562469 1.837278 -0.134465
v -0.608243 1.772119 -0.135870
v -0.624015 1.692100 -0.141405
v -0.608243 1.633760 -0.135870
v -0.562469 1.576424 -0.133280
v -0.491176 1.552328 -0.120293
v -0.401340 1.582733 -0.119249
v -0.301757 1.635848 -0.118559
v -0.202173 1.590968 -0.118394
v -0.112338 1.526618 -0.137178
v -0.041044 1.554534 -0.148214
v 0.004730 1.616419 -0.148480
v 0.020502 1.685599 -0.148480
v -0.023473 1.748412 -0.100089
v -0.065034 1.805077 -0.100089
v -0.129768 1.871056 -0.100089
v -0.211337 1.932120 -0.100089
v -0.301757 2.001415 -0.100089
v -0.392177 1.972450 -0.100089
v -0.473745 1.910237 -0.084556
v -0.538479 1.855691 -0.070488
v -0.580040 1.797357 -0.071341
v -0.594361 1.718564 -0.079500
v -0.580040 1.671730 -0.071340
v -0.538479 1.613840 -0.071966
v -0.473745 1.595685 -0.063917
v -0.392176 1.618865 -0.063917
v -0.301757 1.664859 -0.063917
v -0.211337 1.613990 -0.063917
v -0.129768 1.562081 -0.079189
v -0.065034 1.573638 -0.096250
v -0.023473 1.622785 -0.100089
v -0.009152 1.685599 -0.100089
v -0.058528 1.740499 -0.056933
v -0.094854 1.790026 -0.056933
v -0.151433 1.834144 -0.054476
v -0.222727 1.897149 -0.055900
v -0.301757 1.964014 -0.056657
v -0.380786 1.967265 -0.053544
v -0.452080 1.919348 -0.036883
v -0.508659 1.864753 -0.020761
v -0.544986 1.803981 -0.020761
v -0.557503 1.734489 -0.028212
v -0.544986 1.694179 -0.020761
v -0.508659 1.655898 -0.020761
v -0.452080 1.652023 -0.020761
v -0.380786 1.671036 -0.020761
v -0.301757 1.678809 -0.020761
v -0.222727 1.628024 -0.020761
v -0.151433 1.589423 -0.032648
v -0.094854 1.596465 -0.049123
v -0.058528 1.630994 -0.056782
v -0.046011 1.685598 -0.056933
v -0.099572 1.734631 -0.018341
v -0.129768 1.786118 -0.013072
v -0.176799 1.833411 -0.005606
v -0.236063 1.878866 -0.008035
v -0.301757 1.936333 -0.013096
v -0.367451 1.962698 -0.008485
v -0.426714 1.935687 0.006291
v -0.473745 1.872340 0.016098
v -0.503942 1.819504 0.016098
v -0.514346 1.775435 0.016098
v -0.503942 1.729939 0.016098
v -0.473745 1.702638 0.016098
v -0.426714 1.709757 0.016098
v -0.367450 1.724224 0.016098
v -0.301757 1.698135 0.016098
v -0.236063 1.645214 0.016098
v -0.176799 1.620756 0.007825
v -0.129768 1.625701 -0.006334
v -0.099572 1.646272 -0.016852
v -0.089167 1.686239 -0.019748
v -0.145594 1.746908 0.022888
v -0.168917 1.793866 0.030629
v -0.205243 1.845218 0.036217
v -0.251016 1.883168 0.031947
v -0.301757 1.918422 0.024395
v -0.352497 1.950602 0.030943
v -0.398270 1.939930 0.040720
v -0.434596 1.897116 0.045752
v -0.457919 1.854446 0.045752
v -0.465956 1.825783 0.045752
v -0.457919 1.797534 0.045752
v -0.434596 1.774942 0.045752
v -0.398270 1.768473 0.045752
v -0.352497 1.762407 0.045752
v -0.301757 1.732110 0.045752
v -0.251016 1.693234 0.045752
v -0.205243 1.668557 0.040253
v -0.168917 1.660821 0.031164
v -0.145594 1.676824 0.023098
v -0.137558 1.701937 0.017923
v -0.195462 1.789538 0.060424
v -0.211337 1.816402 0.064175
v -0.236063 1.850287 0.064906
v -0.267219 1.883296 0.061463
v -0.301757 1.908342 0.056986
v -0.336294 1.924321 0.057773
v -0.367450 1.927581 0.064655
v -0.392176 1.910089 0.067471
v -0.408052 1.883926 0.067471
v -0.413522 1.861865 0.067471
v -0.408052 1.842391 0.067471
v -0.392176 1.825879 0.067471
v -0.367450 1.809479 0.067471
v -0.336294 1.795629 0.067471
v -0.301757 1.773589 0.067471
v -0.267219 1.747377 0.067471
v -0.236063 1.723497 0.064312
v -0.211337 1.716141 0.059585
v -0.195462 1.732475 0.055789
v -0.189992 1.760896 0.057369
v -0.247947 1.834483 0.080563
v -0.255983 1.844480 0.079474
v -0.268500 1.857409 0.077939
v -0.284273 1.876963 0.079218
v -0.301757 1.889492 0.078303
v -0.319241 1.893524 0.076240
v -0.335013 1.895524 0.077185
v -0.347530 1.892214 0.079095
v -0.355567 1.883670 0.080328
v -0.358336 1.872292 0.080720
v -0.355567 1.860146 0.080720
v -0.347530 1.849189 0.080720
v -0.335013 1.838850 0.080720
v -0.319241 1.827534 0.080720
v -0.301757 1.815615 0.080720
v -0.284273 1.805142 0.080720
v -0.268500 1.799257 0.080720
v -0.255983 1.800713 0.080720
v -0.247947 1.810498 0.080720
v -0.245178 1.827419 0.080720
v -0.301757 1.820743 -0.653723
v -0.301757 1.863312 0.085172
vt 0.396594 0.481100
vt 0.394608 0.478660
vt 0.406917 0.478325
vt 0.410465 0.482828
vt 0.391457 0.476591
vt 0.559415 0.716297
vt 0.544074 0.716433
vt 0.552522 0.710720
vt 0.538930 0.715946
vt 0.544637 0.708820
vt 0.532354 0.716701
vt 0.533630 0.710288
vt 0.525365 0.717894
vt 0.520349 0.711883
vt 0.518799 0.719057
vt 0.507481 0.713247
vt 0.513621 0.720131
vt 0.497854 0.713928
vt 0.510514 0.721153
vt 0.490861 0.715300
vt 0.509003 0.722647
vt 0.485238 0.718343
vt 0.509641 0.724406
vt 0.369102 0.536063
vt 0.376474 0.507390
vt 0.373858 0.531141
vt 0.379955 0.504580
vt 0.379154 0.522002
vt 0.383837 0.501572
vt 0.385671 0.513991
vt 0.387746 0.499029
vt 0.392740 0.508788
vt 0.391335 0.496757
vt 0.399358 0.505550
vt 0.394177 0.493735
vt 0.404561 0.500714
vt 0.396159 0.489874
vt 0.408541 0.493608
vt 0.397049 0.485446
vt 0.410768 0.487472
vt 0.420585 0.475405
vt 0.422585 0.483849
vt 0.569469 0.714201
vt 0.558565 0.706684
vt 0.547491 0.704440
vt 0.533414 0.705571
vt 0.518065 0.704789
vt 0.499442 0.706335
vt 0.485807 0.706356
vt 0.474864 0.707141
vt 0.468335 0.709254
vt 0.367168 0.558294
vt 0.373514 0.550655
vt 0.379689 0.537057
vt 0.387969 0.524591
vt 0.397974 0.518182
vt 0.406527 0.511633
vt 0.413300 0.505718
vt 0.417982 0.499123
vt 0.421385 0.491503
vt 0.431904 0.474340
vt 0.432065 0.485735
vt 0.578223 0.709765
vt 0.564648 0.701626
vt 0.550348 0.699137
vt 0.531829 0.701032
vt 0.511856 0.700593
vt 0.490295 0.700878
vt 0.474411 0.699134
vt 0.461960 0.697422
vt 0.453772 0.697836
vt 0.370432 0.580408
vt 0.376940 0.569759
vt 0.382811 0.552602
vt 0.390866 0.534082
vt 0.403312 0.525210
vt 0.413845 0.518028
vt 0.420971 0.508753
vt 0.426543 0.502217
vt 0.430211 0.494231
vt 0.442911 0.474361
vt 0.441140 0.487470
vt 0.587850 0.697379
vt 0.571724 0.689740
vt 0.554530 0.689943
vt 0.532003 0.694459
vt 0.506190 0.696002
vt 0.483694 0.694742
vt 0.466624 0.690825
vt 0.452506 0.686751
vt 0.440337 0.683885
vt 0.378627 0.601317
vt 0.384689 0.587946
vt 0.387893 0.566355
vt 0.394111 0.541460
vt 0.407664 0.530783
vt 0.420435 0.522019
vt 0.428448 0.512793
vt 0.434382 0.504682
vt 0.438815 0.496104
vt 0.458046 0.472078
vt 0.453075 0.487531
vt 0.596099 0.679491
vt 0.577186 0.676577
vt 0.558456 0.678959
vt 0.536085 0.684007
vt 0.506298 0.688754
vt 0.482886 0.686727
vt 0.465579 0.681893
vt 0.449214 0.676422
vt 0.433187 0.669680
vt 0.392780 0.621077
vt 0.394643 0.602391
vt 0.394140 0.576969
vt 0.398747 0.548685
vt 0.413617 0.536092
vt 0.426720 0.525653
vt 0.435433 0.515884
vt 0.443190 0.505932
vt 0.449258 0.496590
vt 0.473949 0.473008
vt 0.465141 0.488718
vt 0.600752 0.660739
vt 0.581191 0.663253
vt 0.561251 0.668060
vt 0.538822 0.674334
vt 0.508906 0.680066
vt 0.484381 0.678539
vt 0.466556 0.673724
vt 0.449885 0.667409
vt 0.432628 0.658183
vt 0.411094 0.639459
vt 0.404172 0.611087
vt 0.401179 0.584555
vt 0.405486 0.556376
vt 0.420113 0.540303
vt 0.432348 0.528226
vt 0.442593 0.518682
vt 0.451700 0.507876
vt 0.459315 0.498236
vt 0.489137 0.476923
vt 0.476649 0.491872
vt 0.602344 0.641541
vt 0.582983 0.649055
vt 0.562869 0.656937
vt 0.540661 0.664791
vt 0.511309 0.671486
vt 0.486433 0.670672
vt 0.468664 0.666272
vt 0.452499 0.659971
vt 0.436441 0.650875
vt 0.420173 0.635755
vt 0.411971 0.613610
vt 0.408913 0.588839
vt 0.413344 0.562448
vt 0.425874 0.544802
vt 0.439160 0.531507
vt 0.449530 0.521448
vt 0.459722 0.510584
vt 0.468732 0.501129
vt 0.502820 0.484046
vt 0.487419 0.496674
vt 0.601273 0.622157
vt 0.582486 0.634662
vt 0.563247 0.645654
vt 0.541776 0.655269
vt 0.513399 0.663023
vt 0.488817 0.662981
vt 0.471496 0.659223
vt 0.456191 0.653269
vt 0.441575 0.644804
vt 0.428033 0.631584
vt 0.420173 0.613463
vt 0.417509 0.590478
vt 0.421828 0.566842
vt 0.433202 0.549013
vt 0.445826 0.534790
vt 0.456254 0.524533
vt 0.467221 0.514009
vt 0.477352 0.505171
vt 0.512062 0.495090
vt 0.496662 0.503149
vt 0.597483 0.600320
vt 0.579762 0.620763
vt 0.562359 0.634552
vt 0.542122 0.645873
vt 0.515095 0.654716
vt 0.491293 0.655373
vt 0.474663 0.652345
vt 0.460391 0.646805
vt 0.447093 0.639146
vt 0.435317 0.627332
vt 0.428042 0.611511
vt 0.426190 0.590987
vt 0.430687 0.569902
vt 0.440938 0.552537
vt 0.452592 0.538204
vt 0.462737 0.527932
vt 0.474155 0.518075
vt 0.484954 0.510344
vt 0.519239 0.507076
vt 0.504177 0.510731
vt 0.588751 0.581488
vt 0.575364 0.607958
vt 0.560118 0.624123
vt 0.541513 0.636870
vt 0.516011 0.646169
vt 0.493668 0.647860
vt 0.477961 0.645582
vt 0.464456 0.640848
vt 0.452499 0.633619
vt 0.442258 0.622967
vt 0.435764 0.608742
vt 0.435424 0.591054
vt 0.440741 0.572009
vt 0.449252 0.555758
vt 0.459120 0.541711
vt 0.468706 0.531830
vt 0.480394 0.522715
vt 0.491825 0.515812
vt 0.526174 0.518811
vt 0.510544 0.518636
vt 0.576135 0.565123
vt 0.569505 0.596539
vt 0.556848 0.614627
vt 0.540186 0.628300
vt 0.516377 0.637961
vt 0.496227 0.640274
vt 0.481440 0.638741
vt 0.468510 0.634703
vt 0.458100 0.628011
vt 0.450101 0.618468
vt 0.445808 0.605781
vt 0.447235 0.590200
vt 0.453807 0.574082
vt 0.459293 0.559135
vt 0.466213 0.545478
vt 0.474362 0.535904
vt 0.485967 0.527770
vt 0.497639 0.521976
vt 0.529894 0.530097
vt 0.514831 0.526952
vt 0.559176 0.547562
vt 0.561652 0.583441
vt 0.553266 0.606191
vt 0.538229 0.620390
vt 0.517642 0.629034
vt 0.501316 0.631562
vt 0.487919 0.631348
vt 0.474781 0.628335
vt 0.466913 0.622759
vt 0.459479 0.614177
vt 0.457193 0.603006
vt 0.459702 0.589758
vt 0.467566 0.576087
vt 0.470324 0.562554
vt 0.473216 0.549244
vt 0.480027 0.540191
vt 0.490802 0.533199
vt 0.502202 0.528600
vt 0.529309 0.539522
vt 0.516837 0.535189
vt 0.546562 0.551517
vt 0.552634 0.574051
vt 0.548883 0.599407
vt 0.536268 0.613064
vt 0.519835 0.620393
vt 0.506087 0.622523
vt 0.494872 0.623417
vt 0.482559 0.621665
vt 0.476617 0.617172
vt 0.469144 0.609689
vt 0.467582 0.600299
vt 0.470659 0.589292
vt 0.477901 0.577529
vt 0.479320 0.564890
vt 0.481206 0.553257
vt 0.485924 0.545012
vt 0.494709 0.539051
vt 0.505358 0.535545
vt 0.527206 0.547383
vt 0.517006 0.543112
vt 0.536626 0.556572
vt 0.544327 0.572453
vt 0.543466 0.593157
vt 0.534956 0.606149
vt 0.521609 0.612900
vt 0.509171 0.614966
vt 0.498536 0.615886
vt 0.488027 0.614725
vt 0.483139 0.610929
vt 0.478425 0.605182
vt 0.478352 0.597479
vt 0.481935 0.588138
vt 0.485535 0.578211
vt 0.486209 0.566715
vt 0.487412 0.557078
vt 0.490978 0.550105
vt 0.497569 0.545173
vt 0.507097 0.542631
vt 0.524592 0.555246
vt 0.515948 0.550682
vt 0.531232 0.563345
vt 0.536264 0.574281
vt 0.537743 0.588921
vt 0.532708 0.600175
vt 0.523622 0.605822
vt 0.511907 0.608526
vt 0.503001 0.609430
vt 0.496465 0.608671
vt 0.490488 0.605660
vt 0.487340 0.600963
vt 0.489133 0.594853
vt 0.492676 0.587362
vt 0.492604 0.578549
vt 0.492045 0.568677
vt 0.492994 0.561178
vt 0.495975 0.555430
vt 0.500333 0.551482
vt 0.507536 0.549663
vt 0.521923 0.563231
vt 0.515717 0.558904
vt 0.527278 0.570057
vt 0.530538 0.577724
vt 0.532285 0.586769
vt 0.529623 0.595313
vt 0.524307 0.599906
vt 0.516646 0.602511
vt 0.509833 0.603687
vt 0.505567 0.603429
vt 0.501918 0.601296
vt 0.499492 0.597471
vt 0.499740 0.592552
vt 0.500828 0.586595
vt 0.499779 0.579435
vt 0.498975 0.572026
vt 0.499275 0.565840
vt 0.500545 0.561250
vt 0.504301 0.558286
vt 0.508807 0.557131
vt 0.520705 0.570895
vt 0.518096 0.567903
vt 0.523752 0.575155
vt 0.526300 0.580413
vt 0.527247 0.586094
vt 0.526381 0.591033
vt 0.523876 0.594660
vt 0.520105 0.596762
vt 0.515906 0.597728
vt 0.512732 0.597567
vt 0.510355 0.596139
vt 0.508782 0.593519
vt 0.507753 0.589859
vt 0.507604 0.585578
vt 0.506848 0.580670
vt 0.506004 0.575655
vt 0.505270 0.571142
vt 0.506163 0.567860
vt 0.509755 0.566132
vt 0.514347 0.566227
vt 0.520771 0.577544
vt 0.519887 0.576241
vt 0.521704 0.579560
vt 0.522963 0.582371
vt 0.523382 0.584997
vt 0.522833 0.587255
vt 0.521923 0.589170
vt 0.520528 0.590450
vt 0.518842 0.591018
vt 0.517152 0.590898
vt 0.515686 0.590097
vt 0.514709 0.588719
vt 0.514107 0.586839
vt 0.513609 0.584552
vt 0.513177 0.582044
vt 0.513004 0.579584
vt 0.513393 0.577489
vt 0.514579 0.576034
vt 0.516562 0.575406
vt 0.519109 0.575673
vt 0.382803 0.491121
vt 0.519781 0.583776
vt 0.529151 0.725203
vt 0.373596 0.508901
vt 0.546989 0.719133
vt 0.552656 0.522947
vt 0.542952 0.502186
vt 0.531026 0.483422
vt 0.518070 0.466863
vt 0.502845 0.457083
vt 0.485104 0.451497
vt 0.418945 0.663780
vt 0.465346 0.450441
vt 0.430843 0.685560
vt 0.443568 0.455052
vt 0.446393 0.702491
vt 0.424588 0.463517
vt 0.465478 0.714478
vt 0.411753 0.468208
vt 0.483801 0.722608
vt 0.400711 0.471628
vn 0.290344 0.015112 -0.956803
vn 0.282746 0.096133 -0.954365
vn 0.446823 0.135863 -0.884246
vn 0.431981 0.103346 -0.895942
vn 0.224453 0.159082 -0.961412
vn 0.387180 0.217887 -0.895889
vn 0.105433 0.207471 -0.972543
vn 0.226094 0.294783 -0.928431
vn -0.096335 0.199132 -0.975226
vn -0.090964 0.308058 -0.947009
vn -0.246936 0.164718 -0.954930
vn -0.332841 0.223524 -0.916108
vn -0.319875 0.159867 -0.933875
vn -0.423177 0.204146 -0.882749
vn -0.344941 0.161659 -0.924598
vn -0.427494 0.204407 -0.880606
vn -0.345488 0.089432 -0.934152
vn -0.399245 0.126027 -0.908141
vn -0.307584 -0.033300 -0.950938
vn -0.323773 -0.043841 -0.945119
vn -0.231660 -0.149739 -0.961203
vn -0.244175 -0.227246 -0.942729
vn -0.125373 -0.235053 -0.963863
vn -0.153895 -0.369637 -0.916343
vn -0.032629 -0.294927 -0.954963
vn 0.022963 -0.482385 -0.875659
vn 0.004996 -0.322430 -0.946580
vn 0.058808 -0.502613 -0.862509
vn 0.006597 -0.326913 -0.945031
vn -0.007122 -0.491379 -0.870917
vn 0.011252 -0.324512 -0.945815
vn -0.045105 -0.471781 -0.880561
vn 0.065890 -0.289419 -0.954932
vn 0.021712 -0.425220 -0.904830
vn 0.183580 -0.199354 -0.962578
vn 0.118539 -0.300764 -0.946303
vn 0.257489 -0.106198 -0.960428
vn 0.232783 -0.134978 -0.963116
vn 0.295279 -0.014457 -0.955302
vn 0.344637 0.005914 -0.938717
vn 0.450725 0.155313 -0.879048
vn 0.393500 0.143585 -0.908042
vn 0.470805 0.252391 -0.845365
vn 0.335302 0.471370 -0.815710
vn -0.134036 0.623752 -0.770044
vn -0.459639 0.458958 -0.760322
vn -0.525539 0.345405 -0.777499
vn -0.485023 0.281993 -0.827788
vn -0.401323 0.175223 -0.899020
vn -0.291107 -0.076762 -0.953606
vn -0.201163 -0.303637 -0.931310
vn -0.129190 -0.439190 -0.889057
vn 0.043121 -0.585344 -0.809637
vn 0.146133 -0.652063 -0.743948
vn -0.029890 -0.647568 -0.761421
vn -0.171857 -0.595561 -0.784711
vn -0.074949 -0.469574 -0.879706
vn 0.036316 -0.353695 -0.934655
vn 0.164038 -0.187179 -0.968533
vn 0.305650 0.023297 -0.951859
vn 0.512246 0.261631 -0.818018
vn 0.482275 0.196530 -0.853690
vn 0.507367 0.357475 -0.784086
vn 0.354754 0.599397 -0.717546
vn -0.165822 0.774414 -0.610562
vn -0.538948 0.647883 -0.538315
vn -0.616679 0.505378 -0.603573
vn -0.563700 0.422119 -0.709970
vn -0.491794 0.240821 -0.836746
vn -0.385961 -0.084110 -0.918673
vn -0.205970 -0.342523 -0.916654
vn -0.084875 -0.472317 -0.877333
vn 0.057651 -0.568606 -0.820587
vn 0.234446 -0.676977 -0.697665
vn -0.022622 -0.772365 -0.634776
vn -0.335403 -0.706011 -0.623741
vn -0.191190 -0.563271 -0.803848
vn 0.059650 -0.409520 -0.910349
vn 0.261900 -0.252757 -0.931409
vn 0.428859 0.019755 -0.903155
vn 0.634329 0.338314 -0.695104
vn 0.663345 0.240189 -0.708719
vn 0.556968 0.472367 -0.683123
vn 0.307411 0.712873 -0.630325
vn -0.177704 0.803832 -0.567694
vn -0.540455 0.645383 -0.539805
vn -0.622620 0.545747 -0.560807
vn -0.613460 0.498903 -0.612179
vn -0.653017 0.293303 -0.698242
vn -0.621000 -0.048499 -0.782308
vn -0.398640 -0.368876 -0.839653
vn -0.137536 -0.499271 -0.855460
vn 0.069110 -0.559597 -0.825879
vn 0.310343 -0.642342 -0.700774
vn 0.027596 -0.789626 -0.612967
vn -0.427059 -0.701330 -0.570751
vn -0.209664 -0.626190 -0.750950
vn 0.246015 -0.508425 -0.825215
vn 0.520701 -0.326705 -0.788755
vn 0.662351 -0.010340 -0.749123
vn 0.719014 0.384936 -0.578657
vn 0.771848 0.276298 -0.572635
vn 0.589893 0.564561 -0.577319
vn 0.270374 0.812223 -0.516906
vn -0.160614 0.859175 -0.485821
vn -0.530022 0.681383 -0.504772
vn -0.638187 0.574338 -0.512693
vn -0.654552 0.543958 -0.525043
vn -0.751740 0.349340 -0.559328
vn -0.802237 -0.011149 -0.596901
vn -0.652032 -0.388528 -0.651076
vn -0.351316 -0.578349 -0.736268
vn 0.034371 -0.662006 -0.748710
vn 0.346382 -0.657285 -0.669325
vn 0.051776 -0.724788 -0.687023
vn -0.414013 -0.704733 -0.576146
vn -0.094469 -0.842292 -0.530679
vn 0.478430 -0.658128 -0.581354
vn 0.729166 -0.357096 -0.583781
vn 0.812362 -0.001204 -0.583153
vn 0.789430 0.421963 -0.445812
vn 0.846010 0.299483 -0.441109
vn 0.620239 0.648622 -0.441128
vn 0.244559 0.893516 -0.376590
vn -0.132268 0.924615 -0.357200
vn -0.539073 0.748341 -0.386504
vn -0.675908 0.617450 -0.402373
vn -0.701432 0.582896 -0.410153
vn -0.818150 0.381749 -0.429997
vn -0.894596 -0.000076 -0.446877
vn -0.807573 -0.386871 -0.445148
vn -0.571803 -0.665169 -0.480200
vn -0.052959 -0.872854 -0.485098
vn 0.370907 -0.796035 -0.478285
vn 0.078775 -0.828865 -0.553874
vn -0.291546 -0.934716 -0.203243
vn 0.020494 -0.998913 -0.041871
vn 0.551136 -0.785771 -0.280738
vn 0.818060 -0.381794 -0.430130
vn 0.894715 -0.000001 -0.446637
vn 0.841345 0.458079 -0.286883
vn 0.900467 0.315285 -0.299592
vn 0.639782 0.725678 -0.253119
vn 0.243587 0.945216 -0.217330
vn -0.114769 0.966057 -0.231435
vn -0.542112 0.800402 -0.255875
vn -0.705671 0.655243 -0.269603
vn -0.741621 0.611334 -0.276168
vn -0.867220 0.403974 -0.291091
vn -0.952735 0.000000 -0.303803
vn -0.867220 -0.403975 -0.291092
vn -0.657993 -0.712754 -0.242956
vn -0.105066 -0.982921 -0.151086
vn 0.349401 -0.923900 -0.155973
vn 0.160458 -0.970062 -0.182299
vn -0.111568 -0.992405 0.051825
vn -0.044231 -0.994121 0.098833
vn 0.481679 -0.858503 -0.175948
vn 0.867220 -0.403975 -0.291091
vn 0.952735 -0.000002 -0.303803
vn 0.858028 0.513067 -0.023451
vn 0.933444 0.336761 -0.123592
vn 0.668936 0.742961 0.023108
vn 0.294794 0.954987 -0.033092
vn -0.105056 0.987775 -0.115168
vn -0.541522 0.830803 -0.128533
vn -0.722608 0.677846 -0.135507
vn -0.765552 0.628217 -0.138833
vn -0.896800 0.417353 -0.146854
vn -0.988113 0.000000 -0.153731
vn -0.896800 -0.417353 -0.146852
vn -0.657673 -0.745675 -0.106937
vn -0.103884 -0.994429 -0.017863
vn 0.300466 -0.953785 -0.003847
vn 0.199740 -0.979362 -0.030893
vn -0.043265 -0.999059 0.003096
vn -0.117574 -0.992999 -0.011331
vn 0.451068 -0.885669 -0.110125
vn 0.896801 -0.417353 -0.146852
vn 0.988113 -0.000002 -0.153731
vn 0.833191 0.526151 0.170171
vn 0.927209 0.370309 0.056168
vn 0.704685 0.680218 0.201800
vn 0.373449 0.923629 0.086289
vn -0.101849 0.994800 -0.000004
vn -0.541244 0.840866 -0.000002
vn -0.728208 0.685356 -0.000000
vn -0.773486 0.633813 -0.000001
vn -0.906681 0.421817 -0.000001
vn -1.000000 0.000000 0.000000
vn -0.906681 -0.421818 0.000001
vn -0.660456 -0.750547 -0.021856
vn -0.090453 -0.994556 -0.051735
vn 0.296953 -0.954695 -0.019382
vn 0.196406 -0.980486 -0.008449
vn -0.040214 -0.998567 -0.035322
vn -0.123331 -0.992099 -0.023003
vn 0.452481 -0.891774 0.000000
vn 0.906681 -0.421817 0.000000
vn 1.000000 -0.000001 -0.000000
vn 0.804413 0.553236 0.216447
vn 0.898798 0.400835 0.177465
vn 0.731887 0.646687 0.214797
vn 0.424958 0.891195 0.158685
vn -0.102895 0.987500 0.119397
vn -0.541440 0.830917 0.128142
vn -0.721639 0.679892 0.130321
vn -0.766347 0.629815 0.126670
vn -0.899408 0.414401 0.139057
vn -0.988218 0.000000 0.153056
vn -0.892147 -0.423340 0.157661
vn -0.649418 -0.741739 0.167569
vn -0.060213 -0.983607 0.169978
vn 0.328834 -0.923245 0.198711
vn 0.153929 -0.966581 0.205005
vn -0.126044 -0.991794 0.021386
vn -0.103190 -0.990558 -0.090260
vn 0.483542 -0.873487 0.056647
vn 0.896800 -0.417353 0.146853
vn 0.988113 -0.000001 0.153730
vn 0.782429 0.555191 0.282076
vn 0.867220 0.403973 0.291093
vn 0.710728 0.627309 0.318355
vn 0.425195 0.838982 0.339586
vn -0.077986 0.953328 0.291690
vn -0.537867 0.810814 0.230823
vn -0.703204 0.688049 0.179145
vn -0.760898 0.633914 0.138521
vn -0.900202 0.383507 0.206298
vn -0.958462 -0.014146 0.284870
vn -0.838578 -0.424974 0.340857
vn -0.586274 -0.703138 0.402343
vn -0.030937 -0.893934 0.447130
vn 0.333116 -0.844432 0.419486
vn 0.079502 -0.901091 0.426280
vn -0.302258 -0.929353 0.212000
vn -0.100453 -0.994794 0.017123
vn 0.546386 -0.821881 0.161162
vn 0.866999 -0.404170 0.291478
vn 0.952735 -0.000001 0.303803
vn 0.719503 0.533723 0.444358
vn 0.818149 0.381748 0.430001
vn 0.603448 0.586467 0.540284
vn 0.428478 0.705043 0.565085
vn 0.011222 0.885423 0.464651
vn -0.519252 0.809230 0.274817
vn -0.668522 0.728546 0.149326
vn -0.746177 0.658519 0.097839
vn -0.900274 0.369477 0.230205
vn -0.926889 -0.005336 0.375298
vn -0.784869 -0.385361 0.485260
vn -0.531911 -0.650509 0.542133
vn -0.013577 -0.837424 0.546386
vn 0.336581 -0.813945 0.473504
vn 0.027503 -0.884360 0.465995
vn -0.409543 -0.842653 0.349586
vn -0.138831 -0.938636 0.315735
vn 0.550100 -0.739833 0.387345
vn 0.815274 -0.383873 0.433554
vn 0.894715 -0.000001 0.446638
vn 0.627346 0.519307 0.580308
vn 0.750040 0.350834 0.560673
vn 0.522421 0.559176 0.643739
vn 0.452483 0.616599 0.644255
vn 0.151281 0.823879 0.546203
vn -0.445494 0.848228 0.286434
vn -0.620372 0.768631 0.156028
vn -0.721974 0.663157 0.197428
vn -0.863991 0.349303 0.362639
vn -0.878811 0.011980 0.477019
vn -0.732473 -0.343247 0.587933
vn -0.463250 -0.602801 0.649639
vn 0.009590 -0.752212 0.658852
vn 0.293977 -0.768153 0.568786
vn -0.054405 -0.897253 0.438153
vn -0.461325 -0.838421 0.290222
vn -0.162703 -0.883745 0.438775
vn 0.496318 -0.669614 0.552527
vn 0.745106 -0.356106 0.563920
vn 0.815530 0.000109 0.578715
vn 0.602769 0.519058 0.606010
vn 0.683895 0.304102 0.663181
vn 0.550562 0.630998 0.546555
vn 0.533641 0.657004 0.532517
vn 0.339424 0.797858 0.498211
vn -0.288876 0.919045 0.268153
vn -0.598974 0.775130 0.201006
vn -0.699612 0.609306 0.373215
vn -0.778671 0.278782 0.562096
vn -0.767152 -0.008003 0.641415
vn -0.609175 -0.312641 0.728808
vn -0.313971 -0.548618 0.774881
vn 0.063047 -0.625628 0.777570
vn 0.146182 -0.689092 0.709777
vn -0.225531 -0.844773 0.485277
vn -0.469764 -0.842172 0.264704
vn -0.132477 -0.871944 0.471341
vn 0.436525 -0.623777 0.648343
vn 0.664030 -0.317000 0.677182
vn 0.722037 0.001606 0.691853
vn 0.677039 0.487695 0.551155
vn 0.668857 0.230935 0.706611
vn 0.638137 0.668640 0.381710
vn 0.591721 0.737050 0.326533
vn 0.482726 0.804948 0.345015
vn -0.056824 0.969158 0.239801
vn -0.562995 0.782176 0.266902
vn -0.697926 0.541942 0.468186
vn -0.692647 0.275886 0.666429
vn -0.618435 -0.002315 0.785833
vn -0.437297 -0.233391 0.868504
vn -0.149565 -0.447390 0.881744
vn 0.071163 -0.530318 0.844807
vn -0.039919 -0.608271 0.792725
vn -0.340769 -0.682262 0.646835
vn -0.412215 -0.739597 0.532047
vn -0.074040 -0.757328 0.648824
vn 0.393652 -0.514699 0.761658
vn 0.590815 -0.254690 0.765553
vn 0.651097 0.000717 0.758995
vn 0.714577 0.415437 0.562843
vn 0.675316 0.168180 0.718098
vn 0.662778 0.644456 0.381315
vn 0.587740 0.762407 0.270735
vn 0.525610 0.806247 0.271476
vn 0.185585 0.918948 0.347985
vn -0.397522 0.787214 0.471455
vn -0.628430 0.496109 0.599125
vn -0.614860 0.281726 0.736599
vn -0.489167 0.020885 0.871940
vn -0.319988 -0.172538 0.931579
vn -0.138419 -0.316381 0.938479
vn -0.032195 -0.444926 0.894988
vn -0.156956 -0.510537 0.845409
vn -0.330567 -0.519543 0.787909
vn -0.330936 -0.535105 0.777267
vn -0.040226 -0.513854 0.856934
vn 0.324363 -0.369615 0.870732
vn 0.518121 -0.170158 0.838211
vn 0.605161 -0.007493 0.796068
vn 0.640619 0.380076 0.667196
vn 0.615502 0.163629 0.770963
vn 0.590789 0.559352 0.581458
vn 0.538890 0.706769 0.458339
vn 0.460430 0.779010 0.425614
vn 0.311520 0.769980 0.556853
vn -0.091959 0.656328 0.748851
vn -0.369500 0.411580 0.833110
vn -0.409099 0.206831 0.888740
vn -0.347635 0.021293 0.937388
vn -0.256548 -0.141662 0.956094
vn -0.176646 -0.254313 0.950853
vn -0.135358 -0.349962 0.926933
vn -0.187721 -0.385839 0.903266
vn -0.256799 -0.383360 0.887181
vn -0.234948 -0.372476 0.897809
vn -0.048923 -0.341384 0.938650
vn 0.243543 -0.228028 0.942704
vn 0.407173 -0.107807 0.906966
vn 0.495602 -0.029837 0.868037
vn 0.430992 0.360504 0.827214
vn 0.420523 0.192038 0.886725
vn 0.430906 0.412603 0.802545
vn 0.400008 0.506218 0.764027
vn 0.288980 0.602897 0.743644
vn 0.190277 0.565779 0.802302
vn 0.101233 0.456334 0.884031
vn -0.098796 0.271215 0.957435
vn -0.187460 0.132961 0.973232
vn -0.200446 0.013833 0.979607
vn -0.181396 -0.099076 0.978406
vn -0.157011 -0.179109 0.971220
vn -0.138588 -0.222392 0.965057
vn -0.144205 -0.238819 0.960297
vn -0.160216 -0.240668 0.957293
vn -0.139445 -0.231720 0.962736
vn -0.016846 -0.194947 0.980669
vn 0.167832 -0.129297 0.977300
vn 0.251837 -0.084186 0.964101
vn 0.290113 -0.021324 0.956755
vn -0.002883 -0.010204 -0.999944
vn 0.028703 0.058052 0.997901
s 1
g group3 pasted__pSphere17
usemtl initialShadingGroup
f 383/402/383 384/403/384 404/404/385 403/405/386
f 384/403/384 385/406/387 405/802/388 404/404/385
f 385/786/387 386/408/389 406/409/390 405/407/388
f 386/408/389 387/410/391 407/411/392 406/409/390
f 387/410/391 388/412/393 408/413/394 407/411/392
f 388/412/393 389/414/395 409/415/396 408/413/394
f 389/414/395 390/416/397 410/417/398 409/415/396
f 390/416/397 391/418/399 411/419/400 410/417/398
f 391/418/399 392/420/401 412/421/402 411/419/400
f 392/420/401 393/422/403 413/423/404 412/421/402
f 393/422/403 394/424/405 414/801/406 413/423/404
f 394/785/405 395/426/407 415/427/408 414/425/406
f 395/426/407 396/428/409 416/429/410 415/427/408
f 396/428/409 397/430/411 417/431/412 416/429/410
f 397/430/411 398/432/413 418/433/414 417/431/412
f 398/432/413 399/434/415 419/435/416 418/433/414
f 399/434/415 400/436/417 420/437/418 419/435/416
f 400/436/417 401/438/419 421/439/420 420/437/418
f 401/438/419 402/440/421 422/441/422 421/439/420
f 402/440/421 383/402/383 403/405/386 422/441/422
f 403/405/386 404/404/385 424/442/423 423/443/424
f 404/404/385 405/802/388 425/800/425 424/442/423
f 405/407/388 406/409/390 426/445/426 425/444/425
f 406/409/390 407/411/392 427/446/427 426/445/426
f 407/411/392 408/413/394 428/447/428 427/446/427
f 408/413/394 409/415/396 429/448/429 428/447/428
f 409/415/396 410/417/398 430/449/430 429/448/429
f 410/417/398 411/419/400 431/450/431 430/449/430
f 411/419/400 412/421/402 432/451/432 431/450/431
f 412/421/402 413/423/404 433/452/433 432/451/432
f 413/423/404 414/801/406 434/799/434 433/452/433
f 414/425/406 415/427/408 435/454/435 434/453/434
f 415/427/408 416/429/410 436/455/436 435/454/435
f 416/429/410 417/431/412 437/456/437 436/455/436
f 417/431/412 418/433/414 438/457/438 437/456/437
f 418/433/414 419/435/416 439/458/439 438/457/438
f 419/435/416 420/437/418 440/459/440 439/458/439
f 420/437/418 421/439/420 441/460/441 440/459/440
f 421/439/420 422/441/422 442/461/442 441/460/441
f 422/441/422 403/405/386 423/443/424 442/461/442
f 423/443/424 424/442/423 444/462/443 443/463/444
f 424/442/423 425/800/425 445/798/445 444/462/443
f 425/444/425 426/445/426 446/465/446 445/464/445
f 426/445/426 427/446/427 447/466/447 446/465/446
f 427/446/427 428/447/428 448/467/448 447/466/447
f 428/447/428 429/448/429 449/468/449 448/467/448
f 429/448/429 430/449/430 450/469/450 449/468/449
f 430/449/430 431/450/431 451/470/451 450/469/450
f 431/450/431 432/451/432 452/471/452 451/470/451
f 432/451/432 433/452/433 453/472/453 452/471/452
f 433/452/433 434/799/434 454/797/454 453/472/453
f 434/453/434 435/454/435 455/474/455 454/473/454
f 435/454/435 436/455/436 456/475/456 455/474/455
f 436/455/436 437/456/437 457/476/457 456/475/456
f 437/456/437 438/457/438 458/477/458 457/476/457
f 438/457/438 439/458/439 459/478/459 458/477/458
f 439/458/439 440/459/440 460/479/460 459/478/459
f 440/459/440 441/460/441 461/480/461 460/479/460
f 441/460/441 442/461/442 462/481/462 461/480/461
f 442/461/442 423/443/424 443/463/444 462/481/462
f 443/463/444 444/462/443 464/482/463 463/483/464
f 444/462/443 445/798/445 465/796/465 464/482/463
f 445/464/445 446/465/446 466/485/466 465/484/465
f 446/465/446 447/466/447 467/486/467 466/485/466
f 447/466/447 448/467/448 468/487/468 467/486/467
f 448/467/448 449/468/449 469/488/469 468/487/468
f 449/468/449 450/469/450 470/489/470 469/488/469
f 450/469/450 451/470/451 471/490/471 470/489/470
f 451/470/451 452/471/452 472/491/472 471/490/471
f 452/471/452 453/472/453 473/492/473 472/491/472
f 453/472/453 454/797/454 474/795/474 473/492/473
f 454/473/454 455/474/455 475/494/475 474/493/474
f 455/474/455 456/475/456 476/495/476 475/494/475
f 456/475/456 457/476/457 477/496/477 476/495/476
f 457/476/457 458/477/458 478/497/478 477/496/477
f 458/477/458 459/478/459 479/498/479 478/497/478
f 459/478/459 460/479/460 480/499/480 479/498/479
f 460/479/460 461/480/461 481/500/481 480/499/480
f 461/480/461 462/481/462 482/501/482 481/500/481
f 462/481/462 443/463/444 463/483/464 482/501/482
f 463/483/464 464/482/463 484/502/483 483/503/484
f 464/482/463 465/796/465 485/794/485 484/502/483
f 465/484/465 466/485/466 486/505/486 485/504/485
f 466/485/466 467/486/467 487/506/487 486/505/486
f 467/486/467 468/487/468 488/507/488 487/506/487
f 468/487/468 469/488/469 489/508/489 488/507/488
f 469/488/469 470/489/470 490/509/490 489/508/489
f 470/489/470 471/490/471 491/510/491 490/509/490
f 471/490/471 472/491/472 492/511/492 491/510/491
f 472/491/472 473/492/473 493/512/493 492/511/492
f 473/492/473 474/795/474 494/793/494 493/512/493
f 474/493/474 475/494/475 495/514/495 494/513/494
f 475/494/475 476/495/476 496/515/496 495/514/495
f 476/495/476 477/496/477 497/516/497 496/515/496
f 477/496/477 478/497/478 498/517/498 497/516/497
f 478/497/478 479/498/479 499/518/499 498/517/498
f 479/498/479 480/499/480 500/519/500 499/518/499
f 480/499/480 481/500/481 501/520/501 500/519/500
f 481/500/481 482/501/482 502/521/502 501/520/501
f 482/501/482 463/483/464 483/503/484 502/521/502
f 483/503/484 484/502/483 504/522/503 503/523/504
f 484/502/483 485/794/485 505/792/505 504/522/503
f 485/504/485 486/505/486 506/525/506 505/524/505
f 486/505/486 487/506/487 507/526/507 506/525/506
f 487/506/487 488/507/488 508/527/508 507/526/507
f 488/507/488 489/508/489 509/528/509 508/527/508
f 489/508/489 490/509/490 510/529/510 509/528/509
f 490/509/490 491/510/491 511/530/511 510/529/510
f 491/510/491 492/511/492 512/531/512 511/530/511
f 492/511/492 493/512/493 513/532/513 512/531/512
f 493/512/493 494/793/494 514/533/514 513/532/513
f 494/513/494 495/514/495 515/534/515 514/533/514
f 495/514/495 496/515/496 516/535/516 515/534/515
f 496/515/496 497/516/497 517/536/517 516/535/516
f 497/516/497 498/517/498 518/537/518 517/536/517
f 498/517/498 499/518/499 519/538/519 518/537/518
f 499/518/499 500/519/500 520/539/520 519/538/519
f 500/519/500 501/520/501 521/540/521 520/539/520
f 501/520/501 502/521/502 522/541/522 521/540/521
f 502/521/502 483/503/484 503/523/504 522/541/522
f 503/523/504 504/522/503 524/542/523 523/543/524
f 504/522/503 505/792/505 525/791/525 524/542/523
f 505/524/505 506/525/506 526/545/526 525/544/525
f 506/525/506 507/526/507 527/546/527 526/545/526
f 507/526/507 508/527/508 528/547/528 527/546/527
f 508/527/508 509/528/509 529/548/529 528/547/528
f 509/528/509 510/529/510 530/549/530 529/548/529
f 510/529/510 511/530/511 531/550/531 530/549/530
f 511/530/511 512/531/512 532/551/532 531/550/531
f 512/531/512 513/532/513 533/552/533 532/551/532
f 513/532/513 514/533/514 534/553/534 533/552/533
f 514/533/514 515/534/515 535/554/535 534/553/534
f 515/534/515 516/535/516 536/555/536 535/554/535
f 516/535/516 517/536/517 537/556/537 536/555/536
f 517/536/517 518/537/518 538/557/538 537/556/537
f 518/537/518 519/538/519 539/558/539 538/557/538
f 519/538/519 520/539/520 540/559/540 539/558/539
f 520/539/520 521/540/521 541/560/541 540/559/540
f 521/540/521 522/541/522 542/561/542 541/560/541
f 522/541/522 503/523/504 523/543/524 542/561/542
f 523/543/524 524/542/523 544/562/543 543/563/544
f 524/542/523 525/791/525 545/790/545 544/562/543
f 525/544/525 526/545/526 546/565/546 545/564/545
f 526/545/526 527/546/527 547/566/547 546/565/546
f 527/546/527 528/547/528 548/567/548 547/566/547
f 528/547/528 529/548/529 549/568/549 548/567/548
f 529/548/529 530/549/530 550/569/550 549/568/549
f 530/549/530 531/550/531 551/570/551 550/569/550
f 531/550/531 532/551/532 552/571/552 551/570/551
f 532/551/532 533/552/533 553/572/553 552/571/552
f 533/552/533 534/553/534 554/573/554 553/572/553
f 534/553/534 535/554/535 555/574/555 554/573/554
f 535/554/535 536/555/536 556/575/556 555/574/555
f 536/555/536 537/556/537 557/576/557 556/575/556
f 537/556/537 538/557/538 558/577/558 557/576/557
f 538/557/538 539/558/539 559/578/559 558/577/558
f 539/558/539 540/559/540 560/579/560 559/578/559
f 540/559/540 541/560/541 561/580/561 560/579/560
f 541/560/541 542/561/542 562/581/562 561/580/561
f 542/561/542 523/543/524 543/563/544 562/581/562
f 543/563/544 544/562/543 564/582/563 563/583/564
f 544/562/543 545/790/545 565/789/565 564/582/563
f 545/564/545 546/565/546 566/585/566 565/584/565
f 546/565/546 547/566/547 567/586/567 566/585/566
f 547/566/547 548/567/548 568/587/568 567/586/567
f 548/567/548 549/568/549 569/588/569 568/587/568
f 549/568/549 550/569/550 570/589/570 569/588/569
f 550/569/550 551/570/551 571/590/571 570/589/570
f 551/570/551 552/571/552 572/591/572 571/590/571
f 552/571/552 553/572/553 573/592/573 572/591/572
f 553/572/553 554/573/554 574/593/574 573/592/573
f 554/573/554 555/574/555 575/594/575 574/593/574
f 555/574/555 556/575/556 576/595/576 575/594/575
f 556/575/556 557/576/557 577/596/577 576/595/576
f 557/576/557 558/577/558 578/597/578 577/596/577
f 558/577/558 559/578/559 579/598/579 578/597/578
f 559/578/559 560/579/560 580/599/580 579/598/579
f 560/579/560 561/580/561 581/600/581 580/599/580
f 561/580/561 562/581/562 582/601/582 581/600/581
f 562/581/562 543/563/544 563/583/564 582/601/582
f 563/583/564 564/582/563 584/602/583 583/603/584
f 564/582/563 565/789/565 585/788/585 584/602/583
f 565/584/565 566/585/566 586/605/586 585/604/585
f 566/585/566 567/586/567 587/606/587 586/605/586
f 567/586/567 568/587/568 588/607/588 587/606/587
f 568/587/568 569/588/569 589/608/589 588/607/588
f 569/588/569 570/589/570 590/609/590 589/608/589
f 570/589/570 571/590/571 591/610/591 590/609/590
f 571/590/571 572/591/572 592/611/592 591/610/591
f 572/591/572 573/592/573 593/612/593 592/611/592
f 573/592/573 574/593/574 594/613/594 593/612/593
f 574/593/574 575/594/575 595/614/595 594/613/594
f 575/594/575 576/595/576 596/615/596 595/614/595
f 576/595/576 577/596/577 597/616/597 596/615/596
f 577/596/577 578/597/578 598/617/598 597/616/597
f 578/597/578 579/598/579 599/618/599 598/617/598
f 579/598/579 580/599/580 600/619/600 599/618/599
f 580/599/580 581/600/581 601/620/601 600/619/600
f 581/600/581 582/601/582 602/621/602 601/620/601
f 582/601/582 563/583/564 583/603/584 602/621/602
f 583/603/584 584/602/583 604/622/603 603/623/604
f 584/602/583 585/788/585 605/787/605 604/622/603
f 585/604/585 586/605/586 606/625/606 605/624/605
f 586/605/586 587/606/587 607/626/607 606/625/606
f 587/606/587 588/607/588 608/627/608 607/626/607
f 588/607/588 589/608/589 609/628/609 608/627/608
f 589/608/589 590/609/590 610/629/610 609/628/609
f 590/609/590 591/610/591 611/630/611 610/629/610
f 591/610/591 592/611/592 612/631/612 611/630/611
f 592/611/592 593/612/593 613/632/613 612/631/612
f 593/612/593 594/613/594 614/633/614 613/632/613
f 594/613/594 595/614/595 615/634/615 614/633/614
f 595/614/595 596/615/596 616/635/616 615/634/615
f 596/615/596 597/616/597 617/636/617 616/635/616
f 597/616/597 598/617/598 618/637/618 617/636/617
f 598/617/598 599/618/599 619/638/619 618/637/618
f 599/618/599 600/619/600 620/639/620 619/638/619
f 600/619/600 601/620/601 621/640/621 620/639/620
f 601/620/601 602/621/602 622/641/622 621/640/621
f 602/621/602 583/603/584 603/623/604 622/641/622
f 603/623/604 604/622/603 624/642/623 623/643/624
f 604/622/603 605/787/605 625/644/625 624/642/623
f 605/624/605 606/625/606 626/645/626 625/644/625
f 606/625/606 607/626/607 627/646/627 626/645/626
f 607/626/607 608/627/608 628/647/628 627/646/627
f 608/627/608 609/628/609 629/648/629 628/647/628
f 609/628/609 610/629/610 630/649/630 629/648/629
f 610/629/610 611/630/611 631/650/631 630/649/630
f 611/630/611 612/631/612 632/651/632 631/650/631
f 612/631/612 613/632/613 633/652/633 632/651/632
f 613/632/613 614/633/614 634/653/634 633/652/633
f 614/633/614 615/634/615 635/654/635 634/653/634
f 615/634/615 616/635/616 636/655/636 635/654/635
f 616/635/616 617/636/617 637/656/637 636/655/636
f 617/636/617 618/637/618 638/657/638 637/656/637
f 618/637/618 619/638/619 639/658/639 638/657/638
f 619/638/619 620/639/620 640/659/640 639/658/639
f 620/639/620 621/640/621 641/660/641 640/659/640
f 621/640/621 622/641/622 642/661/642 641/660/641
f 622/641/622 603/623/604 623/643/624 642/661/642
f 623/643/624 624/642/623 644/662/643 643/663/644
f 624/642/623 625/644/625 645/664/645 644/662/643
f 625/644/625 626/645/626 646/665/646 645/664/645
f 626/645/626 627/646/627 647/666/647 646/665/646
f 627/646/627 628/647/628 648/667/648 647/666/647
f 628/647/628 629/648/629 649/668/649 648/667/648
f 629/648/629 630/649/630 650/669/650 649/668/649
f 630/649/630 631/650/631 651/670/651 650/669/650
f 631/650/631 632/651/632 652/671/652 651/670/651
f 632/651/632 633/652/633 653/672/653 652/671/652
f 633/652/633 634/653/634 654/673/654 653/672/653
f 634/653/634 635/654/635 655/674/655 654/673/654
f 635/654/635 636/655/636 656/675/656 655/674/655
f 636/655/636 637/656/637 657/676/657 656/675/656
f 637/656/637 638/657/638 658/677/658 657/676/657
f 638/657/638 639/658/639 659/678/659 658/677/658
f 639/658/639 640/659/640 660/679/660 659/678/659
f 640/659/640 641/660/641 661/680/661 660/679/660
f 641/660/641 642/661/642 662/681/662 661/680/661
f 642/661/642 623/643/624 643/663/644 662/681/662
f 643/663/644 644/662/643 664/682/663 663/683/664
f 644/662/643 645/664/645 665/684/665 664/682/663
f 645/664/645 646/665/646 666/685/666 665/684/665
f 646/665/646 647/666/647 667/686/667 666/685/666
f 647/666/647 648/667/648 668/687/668 667/686/667
f 648/667/648 649/668/649 669/688/669 668/687/668
f 649/668/649 650/669/650 670/689/670 669/688/669
f 650/669/650 651/670/651 671/690/671 670/689/670
f 651/670/651 652/671/652 672/691/672 671/690/671
f 652/671/652 653/672/653 673/692/673 672/691/672
f 653/672/653 654/673/654 674/693/674 673/692/673
f 654/673/654 655/674/655 675/694/675 674/693/674
f 655/674/655 656/675/656 676/695/676 675/694/675
f 656/675/656 657/676/657 677/696/677 676/695/676
f 657/676/657 658/677/658 678/697/678 677/696/677
f 658/677/658 659/678/659 679/698/679 678/697/678
f 659/678/659 660/679/660 680/699/680 679/698/679
f 660/679/660 661/680/661 681/700/681 680/699/680
f 661/680/661 662/681/662 682/701/682 681/700/681
f 662/681/662 643/663/644 663/683/664 682/701/682
f 663/683/664 664/682/663 684/702/683 683/703/684
f 664/682/663 665/684/665 685/704/685 684/702/683
f 665/684/665 666/685/666 686/705/686 685/704/685
f 666/685/666 667/686/667 687/706/687 686/705/686
f 667/686/667 668/687/668 688/707/688 687/706/687
f 668/687/668 669/688/669 689/708/689 688/707/688
f 669/688/669 670/689/670 690/709/690 689/708/689
f 670/689/670 671/690/671 691/710/691 690/709/690
f 671/690/671 672/691/672 692/711/692 691/710/691
f 672/691/672 673/692/673 693/712/693 692/711/692
f 673/692/673 674/693/674 694/713/694 693/712/693
f 674/693/674 675/694/675 695/714/695 694/713/694
f 675/694/675 676/695/676 696/715/696 695/714/695
f 676/695/676 677/696/677 697/716/697 696/715/696
f 677/696/677 678/697/678 698/717/698 697/716/697
f 678/697/678 679/698/679 699/718/699 698/717/698
f 679/698/679 680/699/680 700/719/700 699/718/699
f 680/699/680 681/700/681 701/720/701 700/719/700
f 681/700/681 682/701/682 702/721/702 701/720/701
f 682/701/682 663/683/664 683/703/684 702/721/702
f 683/703/684 684/702/683 704/722/703 703/723/704
f 684/702/683 685/704/685 705/724/705 704/722/703
f 685/704/685 686/705/686 706/725/706 705/724/705
f 686/705/686 687/706/687 707/726/707 706/725/706
f 687/706/687 688/707/688 708/727/708 707/726/707
f 688/707/688 689/708/689 709/728/709 708/727/708
f 689/708/689 690/709/690 710/729/710 709/728/709
f 690/709/690 691/710/691 711/730/711 710/729/710
f 691/710/691 692/711/692 712/731/712 711/730/711
f 692/711/692 693/712/693 713/732/713 712/731/712
f 693/712/693 694/713/694 714/733/714 713/732/713
f 694/713/694 695/714/695 715/734/715 714/733/714
f 695/714/695 696/715/696 716/735/716 715/734/715
f 696/715/696 697/716/697 717/736/717 716/735/716
f 697/716/697 698/717/698 718/737/718 717/736/717
f 698/717/698 699/718/699 719/738/719 718/737/718
f 699/718/699 700/719/700 720/739/720 719/738/719
f 700/719/700 701/720/701 721/740/721 720/739/720
f 701/720/701 702/721/702 722/741/722 721/740/721
f 702/721/702 683/703/684 703/723/704 722/741/722
f 703/723/704 704/722/703 724/742/723 723/743/724
f 704/722/703 705/724/705 725/744/725 724/742/723
f 705/724/705 706/725/706 726/745/726 725/744/725
f 706/725/706 707/726/707 727/746/727 726/745/726
f 707/726/707 708/727/708 728/747/728 727/746/727
f 708/727/708 709/728/709 729/748/729 728/747/728
f 709/728/709 710/729/710 730/749/730 729/748/729
f 710/729/710 711/730/711 731/750/731 730/749/730
f 711/730/711 712/731/712 732/751/732 731/750/731
f 712/731/712 713/732/713 733/752/733 732/751/732
f 713/732/713 714/733/714 734/753/734 733/752/733
f 714/733/714 715/734/715 735/754/735 734/753/734
f 715/734/715 716/735/716 736/755/736 735/754/735
f 716/735/716 717/736/717 737/756/737 736/755/736
f 717/736/717 718/737/718 738/757/738 737/756/737
f 718/737/718 719/738/719 739/758/739 738/757/738
f 719/738/719 720/739/720 740/759/740 739/758/739
f 720/739/720 721/740/721 741/760/741 740/759/740
f 721/740/721 722/741/722 742/761/742 741/760/741
f 722/741/722 703/723/704 723/743/724 742/761/742
f 723/743/724 724/742/723 744/762/743 743/763/744
f 724/742/723 725/744/725 745/764/745 744/762/743
f 725/744/725 726/745/726 746/765/746 745/764/745
f 726/745/726 727/746/727 747/766/747 746/765/746
f 727/746/727 728/747/728 748/767/748 747/766/747
f 728/747/728 729/748/729 749/768/749 748/767/748
f 729/748/729 730/749/730 750/769/750 749/768/749
f 730/749/730 731/750/731 751/770/751 750/769/750
f 731/750/731 732/751/732 752/771/752 751/770/751
f 732/751/732 733/752/733 753/772/753 752/771/752
f 733/752/733 734/753/734 754/773/754 753/772/753
f 734/753/734 735/754/735 755/774/755 754/773/754
f 735/754/735 736/755/736 756/775/756 755/774/755
f 736/755/736 737/756/737 757/776/757 756/775/756
f 737/756/737 738/757/738 758/777/758 757/776/757
f 738/757/738 739/758/739 759/778/759 758/777/758
f 739/758/739 740/759/740 760/779/760 759/778/759
f 740/759/740 741/760/741 761/780/761 760/779/760
f 741/760/741 742/761/742 762/781/762 761/780/761
f 742/761/742 723/743/724 743/763/744 762/781/762
f 384/403/384 383/402/383 763/782/763
f 385/406/387 384/403/384 763/782/763
f 386/408/389 385/786/387 763/784/763
f 387/410/391 386/408/389 763/784/763
f 388/412/393 387/410/391 763/784/763
f 389/414/395 388/412/393 763/784/763
f 390/416/397 389/414/395 763/784/763
f 391/418/399 390/416/397 763/784/763
f 392/420/401 391/418/399 763/784/763
f 393/422/403 392/420/401 763/784/763
f 394/424/405 393/422/403 763/784/763
f 395/426/407 394/785/405 763/782/763
f 396/428/409 395/426/407 763/782/763
f 397/430/411 396/428/409 763/782/763
f 398/432/413 397/430/411 763/782/763
f 399/434/415 398/432/413 763/782/763
f 400/436/417 399/434/415 763/782/763
f 401/438/419 400/436/417 763/782/763
f 402/440/421 401/438/419 763/782/763
f 383/402/383 402/440/421 763/782/763
f 743/763/744 744/762/743 764/783/764
f 744/762/743 745/764/745 764/783/764
f 745/764/745 746/765/746 764/783/764
f 746/765/746 747/766/747 764/783/764
f 747/766/747 748/767/748 764/783/764
f 748/767/748 749/768/749 764/783/764
f 749/768/749 750/769/750 764/783/764
f 750/769/750 751/770/751 764/783/764
f 751/770/751 752/771/752 764/783/764
f 752/771/752 753/772/753 764/783/764
f 753/772/753 754/773/754 764/783/764
f 754/773/754 755/774/755 764/783/764
f 755/774/755 756/775/756 764/783/764
f 756/775/756 757/776/757 764/783/764
f 757/776/757 758/777/758 764/783/764
f 758/777/758 759/778/759 764/783/764
f 759/778/759 760/779/760 764/783/764
f 760/779/760 761/780/761 764/783/764
f 761/780/761 762/781/762 764/783/764
f 762/781/762 743/763/744 764/783/764
g default
v -0.247947 1.480881 -0.669906
v -0.255983 1.491882 -0.669906
v -0.268500 1.500062 -0.669906
v -0.284273 1.505250 -0.669906
v -0.301757 1.507710 -0.669906
v -0.319241 1.506894 -0.669906
v -0.335013 1.502327 -0.669906
v -0.347530 1.494370 -0.669906
v -0.355567 1.483763 -0.669906
v -0.358336 1.472009 -0.669906
v -0.355567 1.461189 -0.669906
v -0.347530 1.451975 -0.669906
v -0.335013 1.444359 -0.669906
v -0.319241 1.436768 -0.669906
v -0.301757 1.433524 -0.669906
v -0.284273 1.435080 -0.669906
v -0.268500 1.441112 -0.669906
v -0.255983 1.447444 -0.669906
v -0.247947 1.456786 -0.669906
v -0.245178 1.468481 -0.669906
v -0.195462 1.504657 -0.656657
v -0.211337 1.526175 -0.656657
v -0.236063 1.539030 -0.656657
v -0.267219 1.544833 -0.656657
v -0.301757 1.546756 -0.656657
v -0.336294 1.544754 -0.656657
v -0.367450 1.534799 -0.656657
v -0.392176 1.518407 -0.656657
v -0.408052 1.497144 -0.656657
v -0.413522 1.474914 -0.656657
v -0.408052 1.455598 -0.656657
v -0.392176 1.439604 -0.656657
v -0.367450 1.424275 -0.656657
v -0.336294 1.413678 -0.656657
v -0.301757 1.407170 -0.656657
v -0.267219 1.410912 -0.656657
v -0.236063 1.419819 -0.656657
v -0.211337 1.437545 -0.656657
v -0.195462 1.459646 -0.656657
v -0.189992 1.480192 -0.656657
v -0.145594 1.534681 -0.634938
v -0.168917 1.562612 -0.634938
v -0.205243 1.580037 -0.634938
v -0.251016 1.584122 -0.634938
v -0.301757 1.584205 -0.634938
v -0.352497 1.580437 -0.634938
v -0.398270 1.565433 -0.634938
v -0.434596 1.540198 -0.634938
v -0.457919 1.512823 -0.634938
v -0.465956 1.484860 -0.634938
v -0.457919 1.454281 -0.634938
v -0.434596 1.428388 -0.634938
v -0.398270 1.409825 -0.634938
v -0.352497 1.394395 -0.634938
v -0.301757 1.384927 -0.634938
v -0.251016 1.390216 -0.634938
v -0.205243 1.405900 -0.634938
v -0.168917 1.435109 -0.634938
v -0.145594 1.469089 -0.634938
v -0.137558 1.505193 -0.634938
v -0.099572 1.563128 -0.605284
v -0.129768 1.597164 -0.605284
v -0.176799 1.615524 -0.605284
v -0.236063 1.624953 -0.605284
v -0.301757 1.618359 -0.605284
v -0.367451 1.611672 -0.605284
v -0.426714 1.592629 -0.605284
v -0.473745 1.567703 -0.605284
v -0.503942 1.534473 -0.605284
v -0.514346 1.499279 -0.605284
v -0.503942 1.460324 -0.605284
v -0.473745 1.421780 -0.605284
v -0.426714 1.392455 -0.605284
v -0.367450 1.371582 -0.605284
v -0.301757 1.360695 -0.605284
v -0.236063 1.366274 -0.605284
v -0.176799 1.390169 -0.605284
v -0.129768 1.431374 -0.605284
v -0.099572 1.481697 -0.605284
v -0.089167 1.527069 -0.605284
v -0.058528 1.590003 -0.568425
v -0.094854 1.626584 -0.568425
v -0.151433 1.654161 -0.568425
v -0.222727 1.665773 -0.568425
v -0.301757 1.653084 -0.568425
v -0.380786 1.645876 -0.568425
v -0.452080 1.624079 -0.568425
v -0.508659 1.597685 -0.568425
v -0.544986 1.560947 -0.568425
v -0.557503 1.512208 -0.568425
v -0.544986 1.460067 -0.568425
v -0.508659 1.410847 -0.568425
v -0.452080 1.371542 -0.568425
v -0.380786 1.345000 -0.568425
v -0.301757 1.333294 -0.568425
v -0.222727 1.338709 -0.568425
v -0.151433 1.365691 -0.568425
v -0.094854 1.416414 -0.568425
v -0.058528 1.481517 -0.568425
v -0.046011 1.540864 -0.568425
v -0.023473 1.607112 -0.525269
v -0.065034 1.656974 -0.525269
v -0.129768 1.692128 -0.525269
v -0.211337 1.702693 -0.525269
v -0.301757 1.691548 -0.525269
v -0.392177 1.685740 -0.525269
v -0.473745 1.661933 -0.525269
v -0.538479 1.627746 -0.525269
v -0.580040 1.577994 -0.525269
v -0.594361 1.515274 -0.525269
v -0.580040 1.452461 -0.525269
v -0.538479 1.395796 -0.525269
v -0.473745 1.350826 -0.525269
v -0.392176 1.321954 -0.525269
v -0.301757 1.308357 -0.525269
v -0.211337 1.314316 -0.525269
v -0.129768 1.343163 -0.525269
v -0.065034 1.396463 -0.525269
v -0.023473 1.471931 -0.525269
v -0.009152 1.544464 -0.525269
v 0.004730 1.613644 -0.476878
v -0.041044 1.676052 -0.476878
v -0.112338 1.723192 -0.476878
v -0.202173 1.734611 -0.476878
v -0.301757 1.726730 -0.476878
v -0.401340 1.720285 -0.476878
v -0.491176 1.693563 -0.476878
v -0.562469 1.646861 -0.476878
v -0.608243 1.584454 -0.476878
v -0.624015 1.515274 -0.476878
v -0.608243 1.446095 -0.476878
v -0.562469 1.383688 -0.476878
v -0.491176 1.334161 -0.476878
v -0.401340 1.302362 -0.476878
v -0.301757 1.287166 -0.476878
v -0.202173 1.294699 -0.476878
v -0.112338 1.326571 -0.476878
v -0.041044 1.391796 -0.476878
v 0.004730 1.467625 -0.476878
v 0.020502 1.544464 -0.476878
v 0.025386 1.618306 -0.424444
v -0.023473 1.684920 -0.424444
v -0.099572 1.737785 -0.424444
v -0.195462 1.750868 -0.424444
v -0.301757 1.746568 -0.424444
v -0.408052 1.737767 -0.424444
v -0.503942 1.707060 -0.424444
v -0.580040 1.655730 -0.424444
v -0.628899 1.589116 -0.424444
v -0.645734 1.515274 -0.424444
v -0.628899 1.441433 -0.424444
v -0.580040 1.374819 -0.424444
v -0.503942 1.321954 -0.424444
v -0.408052 1.288013 -0.424444
v -0.301757 1.271651 -0.424444
v -0.195462 1.280349 -0.424444
v -0.099572 1.314850 -0.424444
v -0.023473 1.389020 -0.424444
v 0.025385 1.470623 -0.424444
v 0.042221 1.544464 -0.424444
v 0.037986 1.621150 -0.369258
v -0.012754 1.690330 -0.369258
v -0.091784 1.745231 -0.369258
v -0.191368 1.758429 -0.369258
v -0.301757 1.755772 -0.369258
v -0.412146 1.744588 -0.369258
v -0.511729 1.712054 -0.369258
v -0.590759 1.661140 -0.369258
v -0.641499 1.591960 -0.369258
v -0.658983 1.515274 -0.369258
v -0.641499 1.438588 -0.369258
v -0.590759 1.369409 -0.369258
v -0.511729 1.314508 -0.369258
v -0.412146 1.279260 -0.369258
v -0.301757 1.262191 -0.369258
v -0.191368 1.271596 -0.369258
v -0.091784 1.307036 -0.369258
v -0.012754 1.382641 -0.369258
v 0.037986 1.467778 -0.369258
v 0.055470 1.544464 -0.369258
v 0.042221 1.622106 -0.312679
v -0.009152 1.692148 -0.312679
v -0.089167 1.747733 -0.312679
v -0.189991 1.760974 -0.312679
v -0.301757 1.758865 -0.312679
v -0.413522 1.746568 -0.312679
v -0.514347 1.714480 -0.312679
v -0.594361 1.662958 -0.312679
v -0.645734 1.592916 -0.312679
v -0.663436 1.515274 -0.312679
v -0.645734 1.437633 -0.312679
v -0.594361 1.367591 -0.312679
v -0.514346 1.312005 -0.312679
v -0.413522 1.276318 -0.312679
v -0.301757 1.259013 -0.312679
v -0.189992 1.268654 -0.312679
v -0.089167 1.304416 -0.312679
v -0.009152 1.380495 -0.312679
v 0.042221 1.466823 -0.312679
v 0.059923 1.544464 -0.312679
v 0.037986 1.621150 -0.256100
v -0.012754 1.690330 -0.256100
v -0.091784 1.745231 -0.256100
v -0.191368 1.758430 -0.256100
v -0.301757 1.755772 -0.256100
v -0.412146 1.743626 -0.256100
v -0.511729 1.712055 -0.256100
v -0.590759 1.661140 -0.256100
v -0.641499 1.591960 -0.256100
v -0.658983 1.515274 -0.256100
v -0.641499 1.438589 -0.256100
v -0.590759 1.369409 -0.256100
v -0.511729 1.314508 -0.256100
v -0.412146 1.279260 -0.256100
v -0.301757 1.262191 -0.256100
v -0.191368 1.271596 -0.256100
v -0.091784 1.307036 -0.256100
v -0.012754 1.382641 -0.256100
v 0.037986 1.467779 -0.256100
v 0.055470 1.544465 -0.256100
v 0.025386 1.618306 -0.200914
v -0.023473 1.684920 -0.200914
v -0.099572 1.737785 -0.200914
v -0.195462 1.750869 -0.200914
v -0.301757 1.746568 -0.200914
v -0.408052 1.734064 -0.200914
v -0.503942 1.701466 -0.200914
v -0.580040 1.652613 -0.200914
v -0.628899 1.587957 -0.200914
v -0.645734 1.515274 -0.200914
v -0.628899 1.441433 -0.200914
v -0.580040 1.374819 -0.200914
v -0.503942 1.321954 -0.200914
v -0.408052 1.286447 -0.200914
v -0.301757 1.270662 -0.200914
v -0.195462 1.280350 -0.200914
v -0.099572 1.315052 -0.200914
v -0.023473 1.389020 -0.200914
v 0.025385 1.470623 -0.200914
v 0.042221 1.544465 -0.200914
v 0.004730 1.613644 -0.148480
v -0.041044 1.676052 -0.148480
v -0.112338 1.725579 -0.148480
v -0.202173 1.738376 -0.148480
v -0.301757 1.726997 -0.148480
v -0.401340 1.709708 -0.148480
v -0.491176 1.672550 -0.148480
v -0.562469 1.628434 -0.148480
v -0.608243 1.569769 -0.148480
v -0.624015 1.507009 -0.148480
v -0.608243 1.444811 -0.148480
v -0.562469 1.381846 -0.148480
v -0.491176 1.331988 -0.148480
v -0.401340 1.298436 -0.148480
v -0.301757 1.284312 -0.148480
v -0.202173 1.294699 -0.148480
v -0.112338 1.329073 -0.148480
v -0.041044 1.399454 -0.148480
v 0.004730 1.475285 -0.148480
v 0.020502 1.544464 -0.148480
v -0.023473 1.607278 -0.100089
v -0.065034 1.663943 -0.100089
v -0.129768 1.708864 -0.100089
v -0.211337 1.714333 -0.100089
v -0.301757 1.691814 -0.100089
v -0.392177 1.677691 -0.100089
v -0.473745 1.638724 -0.100089
v -0.538479 1.598428 -0.100089
v -0.580040 1.544609 -0.100089
v -0.594361 1.491298 -0.100089
v -0.580040 1.437629 -0.100089
v -0.538479 1.379683 -0.100089
v -0.473745 1.335907 -0.100089
v -0.392176 1.314433 -0.100089
v -0.301757 1.304467 -0.100089
v -0.211337 1.314291 -0.100089
v -0.129768 1.349256 -0.100089
v -0.065034 1.413637 -0.100089
v -0.023473 1.481651 -0.100089
v -0.009152 1.544464 -0.100089
v -0.058528 1.599366 -0.056933
v -0.094854 1.648115 -0.056933
v -0.151433 1.680597 -0.056933
v -0.222727 1.680598 -0.056933
v -0.301757 1.652318 -0.056933
v -0.380786 1.641038 -0.056933
v -0.452080 1.611606 -0.056933
v -0.508659 1.575725 -0.056933
v -0.544986 1.528052 -0.056933
v -0.557503 1.481838 -0.056933
v -0.544986 1.426831 -0.056933
v -0.508659 1.376689 -0.056933
v -0.452080 1.342691 -0.056933
v -0.380786 1.325699 -0.056933
v -0.301757 1.322310 -0.056933
v -0.222727 1.331796 -0.056933
v -0.151433 1.372634 -0.056933
v -0.094854 1.431122 -0.056933
v -0.058528 1.489563 -0.056933
v -0.046011 1.544464 -0.056933
v -0.099572 1.587612 -0.020074
v -0.129768 1.620701 -0.020075
v -0.176799 1.633904 -0.020075
v -0.236063 1.632637 -0.020075
v -0.301757 1.615882 -0.020075
v -0.367451 1.606185 -0.020074
v -0.426714 1.587968 -0.020075
v -0.473745 1.558640 -0.020075
v -0.503942 1.518788 -0.020075
v -0.514346 1.473151 -0.020074
v -0.503942 1.427514 -0.020074
v -0.473745 1.386345 -0.020074
v -0.426714 1.358900 -0.020074
v -0.367450 1.340231 -0.020074
v -0.301757 1.336837 -0.020075
v -0.236063 1.345582 -0.020074
v -0.176799 1.386686 -0.020074
v -0.129768 1.445506 -0.020074
v -0.099572 1.496563 -0.020075
v -0.089167 1.543782 -0.020074
v -0.145594 1.559510 0.009579
v -0.168917 1.580455 0.009579
v -0.205243 1.585953 0.009579
v -0.251016 1.583254 0.009579
v -0.301757 1.580607 0.009579
v -0.352497 1.574206 0.009579
v -0.398270 1.560018 0.009579
v -0.434596 1.537344 0.009579
v -0.457919 1.506849 0.009579
v -0.465956 1.471547 0.009579
v -0.457919 1.436352 0.009579
v -0.434596 1.404695 0.009579
v -0.398270 1.377836 0.009579
v -0.352497 1.364190 0.009579
v -0.301757 1.356703 0.009579
v -0.251016 1.363444 0.009579
v -0.205243 1.395668 0.009579
v -0.168917 1.442177 0.009579
v -0.145594 1.484914 0.009579
v -0.137558 1.523441 0.009579
v -0.195462 1.514211 0.031298
v -0.211337 1.535420 0.031298
v -0.236063 1.541636 0.031298
v -0.267219 1.543395 0.031298
v -0.301757 1.543290 0.031298
v -0.336294 1.539383 0.031298
v -0.367450 1.529160 0.031298
v -0.392176 1.513157 0.031298
v -0.408052 1.492230 0.031298
v -0.413522 1.468100 0.031298
v -0.408052 1.444651 0.031298
v -0.392176 1.422980 0.031298
v -0.367450 1.404852 0.031298
v -0.336294 1.392486 0.031298
v -0.301757 1.387879 0.031298
v -0.267219 1.391905 0.031298
v -0.236063 1.410231 0.031298
v -0.211337 1.435635 0.031298
v -0.195462 1.462504 0.031298
v -0.189992 1.487137 0.031298
v -0.247947 1.480462 0.044547
v -0.255983 1.491202 0.044547
v -0.268500 1.498877 0.044547
v -0.284273 1.503305 0.044547
v -0.301757 1.504792 0.044547
v -0.319241 1.502869 0.044547
v -0.335013 1.497311 0.044547
v -0.347530 1.488743 0.044547
v -0.355567 1.477902 0.044547
v -0.358336 1.465943 0.044547
v -0.355567 1.453930 0.044547
v -0.347530 1.442928 0.044547
v -0.335013 1.434020 0.044547
v -0.319241 1.428197 0.044547
v -0.301757 1.426183 0.044547
v -0.284273 1.428107 0.044547
v -0.268500 1.433790 0.044547
v -0.255983 1.443118 0.044547
v -0.247947 1.454619 0.044547
v -0.245178 1.467679 0.044547
v -0.301757 1.468269 -0.674359
v -0.301757 1.465488 0.049000
vt 0.762295 0.357476
vt 0.759894 0.356315
vt 0.878490 0.589737
vt 0.775748 0.344385
vt 0.859418 0.588516
vt 0.874491 0.585191
vt 0.856697 0.585748
vt 0.868053 0.581197
vt 0.853175 0.583132
vt 0.860490 0.577225
vt 0.849149 0.580915
vt 0.852590 0.573503
vt 0.844878 0.579231
vt 0.844314 0.570482
vt 0.840704 0.578258
vt 0.836301 0.568328
vt 0.836968 0.578129
vt 0.829055 0.567372
vt 0.834075 0.578889
vt 0.823442 0.567892
vt 0.832519 0.580500
vt 0.820388 0.570282
vt 0.832418 0.582962
vt 0.739844 0.402622
vt 0.747035 0.384625
vt 0.745385 0.397411
vt 0.750759 0.381882
vt 0.751257 0.390603
vt 0.754279 0.378311
vt 0.757500 0.383328
vt 0.757407 0.374235
vt 0.763211 0.375562
vt 0.760073 0.369883
vt 0.768602 0.368317
vt 0.762244 0.366209
vt 0.772912 0.361067
vt 0.763438 0.362812
vt 0.775838 0.354417
vt 0.763487 0.359806
vt 0.776939 0.349355
vt 0.896652 0.584154
vt 0.791395 0.333302
vt 0.889640 0.578863
vt 0.879207 0.575069
vt 0.867651 0.570795
vt 0.856108 0.566309
vt 0.844352 0.562273
vt 0.832869 0.558890
vt 0.823322 0.556396
vt 0.816151 0.555618
vt 0.810499 0.557966
vt 0.739231 0.419350
vt 0.745290 0.410053
vt 0.752634 0.399164
vt 0.760985 0.388096
vt 0.768977 0.376981
vt 0.776725 0.366637
vt 0.783511 0.356499
vt 0.788798 0.347515
vt 0.791781 0.339421
vt 0.913774 0.574962
vt 0.808602 0.326137
vt 0.903349 0.570625
vt 0.890076 0.566855
vt 0.874496 0.563752
vt 0.859589 0.559252
vt 0.844950 0.554558
vt 0.832200 0.549707
vt 0.820987 0.545811
vt 0.812061 0.543634
vt 0.804085 0.544462
vt 0.741760 0.436108
vt 0.748185 0.423053
vt 0.755928 0.408092
vt 0.765411 0.393338
vt 0.775229 0.379414
vt 0.785038 0.366402
vt 0.794303 0.353987
vt 0.802370 0.342583
vt 0.807599 0.333473
vt 0.928624 0.562995
vt 0.826497 0.322851
vt 0.915752 0.558998
vt 0.899960 0.556713
vt 0.881366 0.555518
vt 0.864075 0.551519
vt 0.847447 0.546762
vt 0.833671 0.541266
vt 0.821801 0.536514
vt 0.810149 0.532755
vt 0.798753 0.530578
vt 0.748816 0.452626
vt 0.754088 0.435485
vt 0.761157 0.416656
vt 0.770877 0.398752
vt 0.781928 0.382732
vt 0.793360 0.368525
vt 0.804608 0.355040
vt 0.815198 0.342316
vt 0.822967 0.332001
vt 0.940745 0.547417
vt 0.843150 0.324440
vt 0.925683 0.545027
vt 0.908150 0.545275
vt 0.888251 0.545707
vt 0.869574 0.542810
vt 0.851827 0.538695
vt 0.836635 0.533497
vt 0.822820 0.528171
vt 0.808482 0.522669
vt 0.794592 0.516351
vt 0.760490 0.468886
vt 0.762056 0.446419
vt 0.767375 0.424007
vt 0.776982 0.403665
vt 0.788837 0.386117
vt 0.801518 0.371314
vt 0.814136 0.358233
vt 0.826641 0.345404
vt 0.836797 0.334412
vt 0.949606 0.530835
vt 0.857839 0.329633
vt 0.932610 0.530307
vt 0.914454 0.532904
vt 0.894150 0.535087
vt 0.874514 0.533928
vt 0.856032 0.530898
vt 0.839095 0.526353
vt 0.823477 0.520608
vt 0.808929 0.513758
vt 0.794112 0.504399
vt 0.776223 0.486226
vt 0.770904 0.454683
vt 0.774372 0.429646
vt 0.783601 0.407854
vt 0.795949 0.389445
vt 0.809596 0.374312
vt 0.824033 0.360586
vt 0.837680 0.349216
vt 0.849272 0.339347
vt 0.955246 0.513505
vt 0.871392 0.337149
vt 0.937212 0.515976
vt 0.918790 0.520759
vt 0.898379 0.524818
vt 0.878038 0.525529
vt 0.858791 0.523632
vt 0.841262 0.519547
vt 0.825617 0.513783
vt 0.811565 0.506534
vt 0.797878 0.496787
vt 0.784551 0.481300
vt 0.779132 0.457593
vt 0.781778 0.433215
vt 0.790592 0.411234
vt 0.803231 0.392720
vt 0.817524 0.377697
vt 0.833493 0.364084
vt 0.848656 0.353586
vt 0.860681 0.345746
vt 0.957084 0.495446
vt 0.883520 0.346789
vt 0.939399 0.501037
vt 0.921454 0.508249
vt 0.901428 0.514508
vt 0.880818 0.517076
vt 0.861323 0.516365
vt 0.844057 0.512950
vt 0.828780 0.507470
vt 0.815557 0.500278
vt 0.803229 0.490830
vt 0.792478 0.476981
vt 0.787498 0.457216
vt 0.789591 0.435052
vt 0.797895 0.413929
vt 0.810620 0.396000
vt 0.825178 0.381587
vt 0.841753 0.369147
vt 0.857813 0.359925
vt 0.870825 0.353530
vt 0.955090 0.477257
vt 0.893742 0.358334
vt 0.939045 0.485831
vt 0.922312 0.495611
vt 0.903430 0.504194
vt 0.883054 0.508495
vt 0.864030 0.509009
vt 0.847217 0.506423
vt 0.832573 0.501449
vt 0.820384 0.494530
vt 0.809246 0.485652
vt 0.800206 0.472994
vt 0.795858 0.455736
vt 0.797726 0.435845
vt 0.805400 0.416156
vt 0.818035 0.399368
vt 0.832535 0.385866
vt 0.849405 0.374786
vt 0.865963 0.367126
vt 0.879415 0.362633
vt 0.950181 0.458836
vt 0.902081 0.371418
vt 0.936199 0.471132
vt 0.921246 0.483608
vt 0.903547 0.493920
vt 0.884660 0.499882
vt 0.866668 0.501598
vt 0.850690 0.499931
vt 0.836812 0.495653
vt 0.825225 0.489378
vt 0.815421 0.480909
vt 0.807826 0.469299
vt 0.804201 0.453942
vt 0.806083 0.436158
vt 0.813494 0.418324
vt 0.825297 0.402908
vt 0.839353 0.390604
vt 0.856233 0.380953
vt 0.872951 0.374937
vt 0.887042 0.372192
vt 0.941046 0.440306
vt 0.907849 0.385664
vt 0.931126 0.457824
vt 0.918519 0.472949
vt 0.902496 0.484341
vt 0.885359 0.491395
vt 0.868738 0.494071
vt 0.853860 0.493267
vt 0.841138 0.489849
vt 0.830496 0.484344
vt 0.821825 0.476433
vt 0.815376 0.465808
vt 0.812447 0.452101
vt 0.814388 0.436265
vt 0.821413 0.420427
vt 0.832374 0.406589
vt 0.845699 0.395649
vt 0.862244 0.387528
vt 0.878619 0.383214
vt 0.892741 0.382501
vt 0.927230 0.420487
vt 0.910666 0.399812
vt 0.924558 0.448077
vt 0.914409 0.464361
vt 0.900172 0.475540
vt 0.885137 0.483004
vt 0.869380 0.485975
vt 0.855594 0.485889
vt 0.844024 0.483178
vt 0.835086 0.478607
vt 0.828226 0.472049
vt 0.822721 0.462393
vt 0.820449 0.450215
vt 0.822495 0.436352
vt 0.829034 0.422564
vt 0.839113 0.410430
vt 0.851573 0.400948
vt 0.867331 0.394408
vt 0.882772 0.391679
vt 0.896310 0.392851
vt 0.918391 0.424590
vt 0.909342 0.409740
vt 0.917256 0.443874
vt 0.909104 0.457584
vt 0.896582 0.467261
vt 0.883613 0.474803
vt 0.869283 0.477832
vt 0.857131 0.478455
vt 0.846510 0.476174
vt 0.838978 0.472438
vt 0.833493 0.466809
vt 0.829129 0.458226
vt 0.827810 0.447856
vt 0.830283 0.436484
vt 0.836309 0.424822
vt 0.845381 0.414419
vt 0.856994 0.406473
vt 0.871428 0.401479
vt 0.885298 0.400009
vt 0.897426 0.402202
vt 0.910441 0.428392
vt 0.905092 0.417318
vt 0.909436 0.441516
vt 0.902801 0.452192
vt 0.892024 0.460025
vt 0.881236 0.467009
vt 0.869778 0.470601
vt 0.859336 0.471595
vt 0.850166 0.469996
vt 0.843682 0.466861
vt 0.838300 0.461314
vt 0.835115 0.454037
vt 0.834763 0.445709
vt 0.837278 0.436502
vt 0.842698 0.427082
vt 0.850467 0.418498
vt 0.861646 0.412180
vt 0.874530 0.408650
vt 0.886274 0.408066
vt 0.896335 0.410557
vt 0.902177 0.431077
vt 0.899548 0.423572
vt 0.900321 0.439299
vt 0.895154 0.447436
vt 0.887166 0.454166
vt 0.878994 0.460172
vt 0.870368 0.463936
vt 0.862054 0.465251
vt 0.854563 0.464253
vt 0.848410 0.461289
vt 0.844047 0.456709
vt 0.841597 0.450757
vt 0.841631 0.444085
vt 0.843631 0.436610
vt 0.848040 0.429256
vt 0.854199 0.422509
vt 0.863970 0.417739
vt 0.875841 0.415627
vt 0.885632 0.415727
vt 0.893685 0.418171
vt 0.893118 0.432788
vt 0.891963 0.427842
vt 0.891266 0.438127
vt 0.887340 0.443774
vt 0.882408 0.449476
vt 0.876702 0.454273
vt 0.870422 0.457422
vt 0.864211 0.458745
vt 0.858517 0.458236
vt 0.853751 0.456077
vt 0.850360 0.452577
vt 0.848495 0.448004
vt 0.848109 0.442553
vt 0.849833 0.437001
vt 0.852818 0.431346
vt 0.857349 0.426353
vt 0.864709 0.422945
vt 0.873631 0.421549
vt 0.881274 0.421843
vt 0.887356 0.423835
vt 0.883914 0.434344
vt 0.882212 0.430708
vt 0.882890 0.437854
vt 0.880651 0.441659
vt 0.877634 0.445508
vt 0.874073 0.448830
vt 0.869987 0.451086
vt 0.865830 0.452138
vt 0.861956 0.451933
vt 0.858662 0.450537
vt 0.856359 0.448222
vt 0.855073 0.445100
vt 0.854846 0.441397
vt 0.855752 0.437467
vt 0.857818 0.433677
vt 0.860842 0.430317
vt 0.865384 0.428019
vt 0.870439 0.426869
vt 0.875144 0.426865
vt 0.878885 0.427993
vt 0.874902 0.436053
vt 0.874095 0.434346
vt 0.874900 0.438042
vt 0.874186 0.440120
vt 0.872902 0.442119
vt 0.871215 0.443810
vt 0.869204 0.444990
vt 0.867105 0.445579
vt 0.865122 0.445536
vt 0.863458 0.444892
vt 0.862235 0.443719
vt 0.861553 0.442118
vt 0.861466 0.440233
vt 0.861988 0.438239
vt 0.863078 0.436317
vt 0.864641 0.434622
vt 0.866528 0.433323
vt 0.868636 0.432598
vt 0.870709 0.432503
vt 0.872617 0.433111
vt 0.750416 0.371225
vt 0.868186 0.439100
vt 0.845743 0.588794
vt 0.743829 0.386705
vt 0.860893 0.591360
vt 0.924840 0.394163
vt 0.919146 0.372175
vt 0.909932 0.353011
vt 0.896384 0.337473
vt 0.880748 0.325273
vt 0.863749 0.316628
vt 0.780648 0.512123
vt 0.845012 0.312419
vt 0.788199 0.533230
vt 0.824535 0.313325
vt 0.797753 0.550516
vt 0.805108 0.318184
vt 0.808104 0.564346
vt 0.787213 0.327706
vt 0.820001 0.574877
vt 0.771976 0.340909
vn 0.178912 0.082360 -0.980412
vn 0.135597 0.158230 -0.978047
vn 0.204213 0.254609 -0.945236
vn 0.278960 0.135596 -0.950681
vn 0.082260 0.221682 -0.971643
vn 0.105722 0.354820 -0.928938
vn 0.040426 0.258453 -0.965178
vn 0.037845 0.412081 -0.910361
vn 0.005294 0.273423 -0.961879
vn -0.005450 0.436377 -0.899747
vn -0.042424 0.266648 -0.962860
vn -0.076712 0.429235 -0.899929
vn -0.100914 0.233114 -0.967199
vn -0.173771 0.375254 -0.910488
vn -0.151766 0.174261 -0.972934
vn -0.252270 0.285019 -0.924729
vn -0.186830 0.095221 -0.977767
vn -0.303001 0.160176 -0.939433
vn -0.202207 -0.001375 -0.979342
vn -0.337544 -0.006396 -0.941288
vn -0.196331 -0.124464 -0.972606
vn -0.333697 -0.206829 -0.919711
vn -0.171716 -0.232927 -0.957214
vn -0.282245 -0.390471 -0.876282
vn -0.138066 -0.296953 -0.944858
vn -0.221782 -0.515710 -0.827560
vn -0.094943 -0.348624 -0.932441
vn -0.152142 -0.586624 -0.795440
vn -0.017217 -0.372773 -0.927763
vn -0.026268 -0.622176 -0.782437
vn 0.066591 -0.353200 -0.933175
vn 0.116264 -0.592335 -0.797259
vn 0.124785 -0.300312 -0.945643
vn 0.236675 -0.509706 -0.827154
vn 0.181566 -0.225983 -0.957061
vn 0.338676 -0.358505 -0.869927
vn 0.210207 -0.119140 -0.970370
vn 0.368865 -0.190363 -0.909781
vn 0.202705 -0.005205 -0.979226
vn 0.340414 -0.012504 -0.940193
vn 0.269180 0.368994 -0.889599
vn 0.380546 0.206820 -0.901338
vn 0.130510 0.494809 -0.859146
vn 0.021949 0.554259 -0.832055
vn -0.032580 0.587607 -0.808490
vn -0.113684 0.586330 -0.802055
vn -0.233866 0.515299 -0.824484
vn -0.326221 0.390062 -0.861064
vn -0.405626 0.227526 -0.885268
vn -0.476699 -0.007803 -0.879032
vn -0.483957 -0.279725 -0.829180
vn -0.393849 -0.514977 -0.761368
vn -0.281040 -0.644395 -0.711176
vn -0.181800 -0.713715 -0.676432
vn -0.030641 -0.743762 -0.667742
vn 0.154540 -0.716498 -0.680256
vn 0.335682 -0.608001 -0.719480
vn 0.468171 -0.436849 -0.768101
vn 0.516091 -0.239977 -0.822230
vn 0.475610 -0.006310 -0.879633
vn 0.330187 0.478779 -0.813479
vn 0.488135 0.276433 -0.827834
vn 0.164261 0.593459 -0.787924
vn 0.006115 0.653133 -0.757218
vn -0.066686 0.684680 -0.725787
vn -0.135765 0.678670 -0.721786
vn -0.253444 0.607939 -0.752447
vn -0.361612 0.485113 -0.796180
vn -0.496881 0.283568 -0.820182
vn -0.602060 -0.003541 -0.798443
vn -0.595981 -0.305658 -0.742549
vn -0.485008 -0.550072 -0.679845
vn -0.328041 -0.692382 -0.642648
vn -0.192143 -0.755719 -0.626075
vn -0.031818 -0.784935 -0.618761
vn 0.169203 -0.750791 -0.638501
vn 0.380404 -0.628022 -0.678882
vn 0.538081 -0.449429 -0.713079
vn 0.611052 -0.249955 -0.751091
vn 0.600386 0.000358 -0.799711
vn 0.401043 0.550130 -0.732476
vn 0.601612 0.332818 -0.726151
vn 0.198519 0.665014 -0.719963
vn -0.001213 0.720341 -0.693619
vn -0.080946 0.731149 -0.677398
vn -0.134434 0.708016 -0.693283
vn -0.256247 0.654756 -0.711078
vn -0.404660 0.554309 -0.727318
vn -0.601712 0.334384 -0.725348
vn -0.713141 0.006982 -0.700986
vn -0.676629 -0.322398 -0.661991
vn -0.540951 -0.571388 -0.617161
vn -0.367081 -0.729269 -0.577424
vn -0.203304 -0.808160 -0.552761
vn -0.034116 -0.837417 -0.545498
vn 0.172567 -0.803324 -0.569993
vn 0.400673 -0.675162 -0.619369
vn 0.585389 -0.473536 -0.658091
vn 0.688189 -0.264592 -0.675564
vn 0.713206 0.006637 -0.700923
vn 0.500365 0.614524 -0.609914
vn 0.720001 0.367452 -0.588708
vn 0.241792 0.743555 -0.623428
vn 0.003358 0.791952 -0.610574
vn -0.073988 0.783941 -0.616411
vn -0.134725 0.759744 -0.636112
vn -0.292977 0.715304 -0.634433
vn -0.497517 0.616957 -0.609787
vn -0.720288 0.367866 -0.588098
vn -0.814227 0.002828 -0.580539
vn -0.750522 -0.352904 -0.558727
vn -0.590178 -0.617629 -0.519830
vn -0.396788 -0.783141 -0.478800
vn -0.215901 -0.866208 -0.450633
vn -0.036412 -0.895785 -0.442994
vn 0.180276 -0.870553 -0.457862
vn 0.437818 -0.753118 -0.491049
vn 0.652473 -0.546830 -0.524648
vn 0.772434 -0.302722 -0.558307
vn 0.814486 0.003117 -0.580175
vn 0.606108 0.667652 -0.432288
vn 0.813764 0.384165 -0.436125
vn 0.300197 0.847682 -0.437397
vn 0.019921 0.898494 -0.438535
vn -0.065794 0.887516 -0.456055
vn -0.156644 0.873064 -0.461759
vn -0.363589 0.817097 -0.447386
vn -0.603725 0.670731 -0.430855
vn -0.813809 0.384130 -0.436071
vn -0.894703 -0.000000 -0.446662
vn -0.818149 -0.381749 -0.430000
vn -0.636003 -0.663608 -0.393858
vn -0.421221 -0.832640 -0.359560
vn -0.226783 -0.912781 -0.339706
vn -0.036279 -0.941816 -0.334164
vn 0.192638 -0.921072 -0.338405
vn 0.484269 -0.803512 -0.346198
vn 0.722227 -0.589484 -0.361798
vn 0.846509 -0.345643 -0.404913
vn 0.896108 -0.000047 -0.443836
vn 0.665672 0.696618 -0.267589
vn 0.867221 0.403973 -0.291092
vn 0.345080 0.906709 -0.242485
vn 0.039813 0.972916 -0.227706
vn -0.062359 0.969488 -0.237074
vn -0.185666 0.954654 -0.232730
vn -0.413739 0.880081 -0.232978
vn -0.661203 0.703452 -0.260702
vn -0.867220 0.403974 -0.291092
vn -0.952735 0.000000 -0.303804
vn -0.867220 -0.403975 -0.291091
vn -0.667879 -0.695863 -0.264030
vn -0.438757 -0.866243 -0.238991
vn -0.235717 -0.945485 -0.224714
vn -0.035203 -0.974661 -0.220899
vn 0.203299 -0.953051 -0.224416
vn 0.514895 -0.823180 -0.239287
vn 0.755396 -0.605160 -0.251312
vn 0.889132 -0.363788 -0.277673
vn 0.953478 -0.000001 -0.301463
vn 0.686648 0.714833 -0.132392
vn 0.896801 0.417351 -0.146853
vn 0.357832 0.926904 -0.113157
vn 0.050006 0.993946 -0.097836
vn -0.062426 0.993354 -0.096701
vn -0.201263 0.975133 -0.092784
vn -0.424251 0.899744 -0.102328
vn -0.677195 0.724652 -0.127617
vn -0.896801 0.417352 -0.146852
vn -0.988113 0.000000 -0.153731
vn -0.896801 -0.417353 -0.146851
vn -0.686648 -0.714834 -0.132392
vn -0.448869 -0.885609 -0.119222
vn -0.240800 -0.964117 -0.111775
vn -0.034549 -0.993349 -0.109840
vn 0.208540 -0.971493 -0.112748
vn 0.526210 -0.840688 -0.127859
vn 0.771119 -0.620939 -0.140750
vn 0.911593 -0.383252 -0.148715
vn 0.988113 -0.000001 -0.153731
vn 0.692841 0.721090 -0.000001
vn 0.906681 0.421816 -0.000000
vn 0.359812 0.933025 -0.000001
vn 0.052276 0.998633 -0.000002
vn -0.064429 0.997920 0.002130
vn -0.205038 0.978745 0.004110
vn -0.422247 0.906479 0.002076
vn -0.681248 0.732053 -0.000001
vn -0.906681 0.421818 0.000000
vn -1.000000 0.000000 -0.000000
vn -0.906681 -0.421818 -0.000000
vn -0.692841 -0.721090 0.000000
vn -0.452171 -0.891931 -0.000000
vn -0.242446 -0.970165 0.000000
vn -0.034332 -0.999411 0.000001
vn 0.209878 -0.977728 0.000003
vn 0.528708 -0.848804 0.000003
vn 0.778309 -0.627881 0.000001
vn 0.921973 -0.387253 0.000000
vn 1.000000 -0.000001 -0.000000
vn 0.686648 0.714833 0.132391
vn 0.896801 0.417351 0.146851
vn 0.357833 0.926904 0.113156
vn 0.050006 0.993946 0.097832
vn -0.068607 0.992115 0.104885
vn -0.206484 0.971050 0.120110
vn -0.418164 0.898031 0.136671
vn -0.670484 0.727006 0.148033
vn -0.894699 0.419837 0.152481
vn -0.988049 0.000000 0.154142
vn -0.896801 -0.417353 0.146853
vn -0.686648 -0.714833 0.132394
vn -0.450492 -0.885197 0.116119
vn -0.242331 -0.964679 0.103297
vn -0.032861 -0.994212 0.102286
vn 0.209856 -0.971403 0.111067
vn 0.526047 -0.840684 0.128548
vn 0.770993 -0.621025 0.141060
vn 0.911593 -0.383251 0.148717
vn 0.988113 -0.000001 0.153731
vn 0.667880 0.695863 0.264028
vn 0.867221 0.403973 0.291092
vn 0.351626 0.908069 0.227529
vn 0.038071 0.977657 0.206728
vn -0.087314 0.964778 0.248155
vn -0.215610 0.925577 0.311157
vn -0.400650 0.844685 0.354946
vn -0.622164 0.693790 0.362722
vn -0.843220 0.416492 0.339873
vn -0.950891 0.009568 0.309377
vn -0.868352 -0.407853 0.282171
vn -0.671161 -0.696368 0.254194
vn -0.446385 -0.867262 0.220446
vn -0.240263 -0.950192 0.198515
vn -0.027412 -0.979295 0.200573
vn 0.211761 -0.951359 0.223772
vn 0.517202 -0.815305 0.260346
vn 0.748216 -0.600688 0.281685
vn 0.880571 -0.371276 0.294530
vn 0.952735 -0.000001 0.303803
vn 0.635956 0.663618 0.393918
vn 0.818149 0.381748 0.430000
vn 0.332448 0.873842 0.354795
vn -0.002265 0.932283 0.361722
vn -0.123750 0.889169 0.440527
vn -0.227218 0.830653 0.508318
vn -0.377580 0.747919 0.545941
vn -0.553888 0.621850 0.553634
vn -0.763283 0.383082 0.520238
vn -0.890192 0.006409 0.455540
vn -0.835797 -0.395309 0.381017
vn -0.664300 -0.678474 0.313655
vn -0.437225 -0.859183 0.265779
vn -0.222104 -0.934296 0.278856
vn -0.016839 -0.950608 0.309938
vn 0.216806 -0.913080 0.345371
vn 0.501051 -0.770117 0.394800
vn 0.708279 -0.567602 0.419725
vn 0.829301 -0.351424 0.434466
vn 0.894714 -0.000002 0.446638
vn 0.581397 0.617949 0.529261
vn 0.749558 0.351060 0.561177
vn 0.274876 0.814647 0.510679
vn -0.068986 0.843781 0.532235
vn -0.157112 0.792027 0.589924
vn -0.223031 0.754846 0.616819
vn -0.366882 0.695387 0.617927
vn -0.518018 0.575039 0.633235
vn -0.696361 0.348855 0.627202
vn -0.817602 -0.010103 0.575695
vn -0.793287 -0.386357 0.470556
vn -0.646806 -0.677647 0.349908
vn -0.400147 -0.870049 0.287917
vn -0.181318 -0.932046 0.313710
vn 0.001611 -0.929805 0.368049
vn 0.235647 -0.868791 0.435515
vn 0.487427 -0.707025 0.512378
vn 0.652679 -0.522655 0.548491
vn 0.758542 -0.323870 0.565440
vn 0.815463 -0.000001 0.578809
vn 0.471348 0.559131 0.682058
vn 0.654410 0.316047 0.686922
vn 0.173727 0.702729 0.689921
vn -0.112794 0.723885 0.680638
vn -0.161971 0.718064 0.676867
vn -0.196835 0.714824 0.671031
vn -0.346192 0.674374 0.652204
vn -0.497238 0.550196 0.670849
vn -0.637037 0.319169 0.701652
vn -0.720747 -0.003357 0.693191
vn -0.710292 -0.350487 0.610446
vn -0.576051 -0.642159 0.505764
vn -0.345788 -0.842621 0.412820
vn -0.146735 -0.919658 0.364278
vn 0.024955 -0.930098 0.366462
vn 0.276528 -0.843627 0.460245
vn 0.501874 -0.638961 0.582968
vn 0.601560 -0.467296 0.647888
vn 0.674613 -0.287068 0.680066
vn 0.716928 0.000517 0.697147
vn 0.317658 0.480065 0.817698
vn 0.516405 0.273992 0.811329
vn 0.077986 0.568671 0.818860
vn -0.096507 0.609583 0.786826
vn -0.126730 0.654776 0.745123
vn -0.159842 0.674029 0.721204
vn -0.293191 0.626594 0.722094
vn -0.439193 0.496023 0.749047
vn -0.552306 0.273556 0.787480
vn -0.603605 -0.007083 0.797252
vn -0.579882 -0.280056 0.765052
vn -0.469266 -0.532517 0.704425
vn -0.309603 -0.725319 0.614864
vn -0.139342 -0.844173 0.517644
vn 0.028249 -0.885642 0.463509
vn 0.300567 -0.804026 0.513032
vn 0.521314 -0.584517 0.621748
vn 0.578622 -0.415372 0.701899
vn 0.600525 -0.241584 0.762238
vn 0.598434 0.010873 0.801098
vn 0.196883 0.380988 0.903374
vn 0.369644 0.199586 0.907485
vn 0.032216 0.480255 0.876537
vn -0.044423 0.528059 0.848045
vn -0.071691 0.571443 0.817504
vn -0.124951 0.579559 0.805294
vn -0.230204 0.519243 0.823039
vn -0.345627 0.393270 0.851986
vn -0.435944 0.211031 0.874882
vn -0.473215 0.000184 0.880947
vn -0.449690 -0.214233 0.867112
vn -0.376179 -0.405616 0.833046
vn -0.264953 -0.570430 0.777438
vn -0.137547 -0.676118 0.723841
vn 0.007931 -0.727558 0.686000
vn 0.255924 -0.675694 0.691332
vn 0.465637 -0.513094 0.721053
vn 0.536266 -0.374208 0.756563
vn 0.530174 -0.216520 0.819777
vn 0.468724 -0.001460 0.883344
vn 0.148117 0.262878 0.953392
vn 0.263052 0.118923 0.957424
vn 0.039284 0.368170 0.928928
vn 0.001999 0.416000 0.909362
vn -0.029908 0.438639 0.898166
vn -0.090581 0.430103 0.898224
vn -0.169954 0.377451 0.910300
vn -0.248066 0.281676 0.926888
vn -0.309225 0.149743 0.939126
vn -0.336485 -0.001624 0.941687
vn -0.322824 -0.157506 0.933261
vn -0.274703 -0.288250 0.917306
vn -0.197860 -0.394098 0.897518
vn -0.108774 -0.466819 0.877638
vn -0.003780 -0.490304 0.871544
vn 0.160250 -0.463266 0.871610
vn 0.310994 -0.384828 0.869017
vn 0.387499 -0.297368 0.872592
vn 0.397707 -0.176238 0.900427
vn 0.342872 -0.014465 0.939271
vn 0.114702 0.151832 0.981728
vn 0.172311 0.073583 0.982290
vn 0.054424 0.223576 0.973166
vn 0.021176 0.261285 0.965029
vn -0.011152 0.276284 0.961011
vn -0.055879 0.268166 0.961751
vn -0.106798 0.233148 0.966559
vn -0.152831 0.173448 0.972912
vn -0.187751 0.092510 0.977850
vn -0.202708 -0.000879 0.979239
vn -0.193574 -0.096885 0.976290
vn -0.164262 -0.177394 0.970335
vn -0.119879 -0.235268 0.964509
vn -0.064004 -0.270069 0.960711
vn -0.001758 -0.281212 0.959644
vn 0.074192 -0.268475 0.960425
vn 0.150936 -0.235237 0.960147
vn 0.200206 -0.182803 0.962549
vn 0.218017 -0.104217 0.970365
vn 0.204342 -0.007322 0.978872
vn -0.000246 -0.003608 -0.999994
vn -0.000017 -0.001167 0.999999
s 1
g group3 pasted__pSphere16
usemtl initialShadingGroup
f 765/803/765 766/804/766 786/1203/767 785/806/768
f 766/1187/766 767/807/769 787/808/770 786/805/767
f 767/807/769 768/809/771 788/810/772 787/808/770
f 768/809/771 769/811/773 789/812/774 788/810/772
f 769/811/773 770/813/775 790/814/776 789/812/774
f 770/813/775 771/815/777 791/816/778 790/814/776
f 771/815/777 772/817/779 792/818/780 791/816/778
f 772/817/779 773/819/781 793/820/782 792/818/780
f 773/819/781 774/821/783 794/822/784 793/820/782
f 774/821/783 775/823/785 795/824/786 794/822/784
f 775/823/785 776/825/787 796/1202/788 795/824/786
f 776/1186/787 777/827/789 797/828/790 796/826/788
f 777/827/789 778/829/791 798/830/792 797/828/790
f 778/829/791 779/831/793 799/832/794 798/830/792
f 779/831/793 780/833/795 800/834/796 799/832/794
f 780/833/795 781/835/797 801/836/798 800/834/796
f 781/835/797 782/837/799 802/838/800 801/836/798
f 782/837/799 783/839/801 803/840/802 802/838/800
f 783/839/801 784/841/803 804/842/804 803/840/802
f 784/841/803 765/803/765 785/806/768 804/842/804
f 785/806/768 786/1203/767 806/1201/805 805/844/806
f 786/805/767 787/808/770 807/845/807 806/843/805
f 787/808/770 788/810/772 808/846/808 807/845/807
f 788/810/772 789/812/774 809/847/809 808/846/808
f 789/812/774 790/814/776 810/848/810 809/847/809
f 790/814/776 791/816/778 811/849/811 810/848/810
f 791/816/778 792/818/780 812/850/812 811/849/811
f 792/818/780 793/820/782 813/851/813 812/850/812
f 793/820/782 794/822/784 814/852/814 813/851/813
f 794/822/784 795/824/786 815/853/815 814/852/814
f 795/824/786 796/1202/788 816/1200/816 815/853/815
f 796/826/788 797/828/790 817/855/817 816/854/816
f 797/828/790 798/830/792 818/856/818 817/855/817
f 798/830/792 799/832/794 819/857/819 818/856/818
f 799/832/794 800/834/796 820/858/820 819/857/819
f 800/834/796 801/836/798 821/859/821 820/858/820
f 801/836/798 802/838/800 822/860/822 821/859/821
f 802/838/800 803/840/802 823/861/823 822/860/822
f 803/840/802 804/842/804 824/862/824 823/861/823
f 804/842/804 785/806/768 805/844/806 824/862/824
f 805/844/806 806/1201/805 826/1199/825 825/864/826
f 806/843/805 807/845/807 827/865/827 826/863/825
f 807/845/807 808/846/808 828/866/828 827/865/827
f 808/846/808 809/847/809 829/867/829 828/866/828
f 809/847/809 810/848/810 830/868/830 829/867/829
f 810/848/810 811/849/811 831/869/831 830/868/830
f 811/849/811 812/850/812 832/870/832 831/869/831
f 812/850/812 813/851/813 833/871/833 832/870/832
f 813/851/813 814/852/814 834/872/834 833/871/833
f 814/852/814 815/853/815 835/873/835 834/872/834
f 815/853/815 816/1200/816 836/1198/836 835/873/835
f 816/854/816 817/855/817 837/875/837 836/874/836
f 817/855/817 818/856/818 838/876/838 837/875/837
f 818/856/818 819/857/819 839/877/839 838/876/838
f 819/857/819 820/858/820 840/878/840 839/877/839
f 820/858/820 821/859/821 841/879/841 840/878/840
f 821/859/821 822/860/822 842/880/842 841/879/841
f 822/860/822 823/861/823 843/881/843 842/880/842
f 823/861/823 824/862/824 844/882/844 843/881/843
f 824/862/824 805/844/806 825/864/826 844/882/844
f 825/864/826 826/1199/825 846/1197/845 845/884/846
f 826/863/825 827/865/827 847/885/847 846/883/845
f 827/865/827 828/866/828 848/886/848 847/885/847
f 828/866/828 829/867/829 849/887/849 848/886/848
f 829/867/829 830/868/830 850/888/850 849/887/849
f 830/868/830 831/869/831 851/889/851 850/888/850
f 831/869/831 832/870/832 852/890/852 851/889/851
f 832/870/832 833/871/833 853/891/853 852/890/852
f 833/871/833 834/872/834 854/892/854 853/891/853
f 834/872/834 835/873/835 855/893/855 854/892/854
f 835/873/835 836/1198/836 856/1196/856 855/893/855
f 836/874/836 837/875/837 857/895/857 856/894/856
f 837/875/837 838/876/838 858/896/858 857/895/857
f 838/876/838 839/877/839 859/897/859 858/896/858
f 839/877/839 840/878/840 860/898/860 859/897/859
f 840/878/840 841/879/841 861/899/861 860/898/860
f 841/879/841 842/880/842 862/900/862 861/899/861
f 842/880/842 843/881/843 863/901/863 862/900/862
f 843/881/843 844/882/844 864/902/864 863/901/863
f 844/882/844 825/864/826 845/884/846 864/902/864
f 845/884/846 846/1197/845 866/1195/865 865/904/866
f 846/883/845 847/885/847 867/905/867 866/903/865
f 847/885/847 848/886/848 868/906/868 867/905/867
f 848/886/848 849/887/849 869/907/869 868/906/868
f 849/887/849 850/888/850 870/908/870 869/907/869
f 850/888/850 851/889/851 871/909/871 870/908/870
f 851/889/851 852/890/852 872/910/872 871/909/871
f 852/890/852 853/891/853 873/911/873 872/910/872
f 853/891/853 854/892/854 874/912/874 873/911/873
f 854/892/854 855/893/855 875/913/875 874/912/874
f 855/893/855 856/1196/856 876/1194/876 875/913/875
f 856/894/856 857/895/857 877/915/877 876/914/876
f 857/895/857 858/896/858 878/916/878 877/915/877
f 858/896/858 859/897/859 879/917/879 878/916/878
f 859/897/859 860/898/860 880/918/880 879/917/879
f 860/898/860 861/899/861 881/919/881 880/918/880
f 861/899/861 862/900/862 882/920/882 881/919/881
f 862/900/862 863/901/863 883/921/883 882/920/882
f 863/901/863 864/902/864 884/922/884 883/921/883
f 864/902/864 845/884/846 865/904/866 884/922/884
f 865/904/866 866/1195/865 886/1193/885 885/924/886
f 866/903/865 867/905/867 887/925/887 886/923/885
f 867/905/867 868/906/868 888/926/888 887/925/887
f 868/906/868 869/907/869 889/927/889 888/926/888
f 869/907/869 870/908/870 890/928/890 889/927/889
f 870/908/870 871/909/871 891/929/891 890/928/890
f 871/909/871 872/910/872 892/930/892 891/929/891
f 872/910/872 873/911/873 893/931/893 892/930/892
f 873/911/873 874/912/874 894/932/894 893/931/893
f 874/912/874 875/913/875 895/933/895 894/932/894
f 875/913/875 876/1194/876 896/934/896 895/933/895
f 876/914/876 877/915/877 897/935/897 896/934/896
f 877/915/877 878/916/878 898/936/898 897/935/897
f 878/916/878 879/917/879 899/937/899 898/936/898
f 879/917/879 880/918/880 900/938/900 899/937/899
f 880/918/880 881/919/881 901/939/901 900/938/900
f 881/919/881 882/920/882 902/940/902 901/939/901
f 882/920/882 883/921/883 903/941/903 902/940/902
f 883/921/883 884/922/884 904/942/904 903/941/903
f 884/922/884 865/904/866 885/924/886 904/942/904
f 885/924/886 886/1193/885 906/1192/905 905/944/906
f 886/923/885 887/925/887 907/945/907 906/943/905
f 887/925/887 888/926/888 908/946/908 907/945/907
f 888/926/888 889/927/889 909/947/909 908/946/908
f 889/927/889 890/928/890 910/948/910 909/947/909
f 890/928/890 891/929/891 911/949/911 910/948/910
f 891/929/891 892/930/892 912/950/912 911/949/911
f 892/930/892 893/931/893 913/951/913 912/950/912
f 893/931/893 894/932/894 914/952/914 913/951/913
f 894/932/894 895/933/895 915/953/915 914/952/914
f 895/933/895 896/934/896 916/954/916 915/953/915
f 896/934/896 897/935/897 917/955/917 916/954/916
f 897/935/897 898/936/898 918/956/918 917/955/917
f 898/936/898 899/937/899 919/957/919 918/956/918
f 899/937/899 900/938/900 920/958/920 919/957/919
f 900/938/900 901/939/901 921/959/921 920/958/920
f 901/939/901 902/940/902 922/960/922 921/959/921
f 902/940/902 903/941/903 923/961/923 922/960/922
f 903/941/903 904/942/904 924/962/924 923/961/923
f 904/942/904 885/924/886 905/944/906 924/962/924
f 905/944/906 906/1192/905 926/1191/925 925/964/926
f 906/943/905 907/945/907 927/965/927 926/963/925
f 907/945/907 908/946/908 928/966/928 927/965/927
f 908/946/908 909/947/909 929/967/929 928/966/928
f 909/947/909 910/948/910 930/968/930 929/967/929
f 910/948/910 911/949/911 931/969/931 930/968/930
f 911/949/911 912/950/912 932/970/932 931/969/931
f 912/950/912 913/951/913 933/971/933 932/970/932
f 913/951/913 914/952/914 934/972/934 933/971/933
f 914/952/914 915/953/915 935/973/935 934/972/934
f 915/953/915 916/954/916 936/974/936 935/973/935
f 916/954/916 917/955/917 937/975/937 936/974/936
f 917/955/917 918/956/918 938/976/938 937/975/937
f 918/956/918 919/957/919 939/977/939 938/976/938
f 919/957/919 920/958/920 940/978/940 939/977/939
f 920/958/920 921/959/921 941/979/941 940/978/940
f 921/959/921 922/960/922 942/980/942 941/979/941
f 922/960/922 923/961/923 943/981/943 942/980/942
f 923/961/923 924/962/924 944/982/944 943/981/943
f 924/962/924 905/944/906 925/964/926 944/982/944
f 925/964/926 926/1191/925 946/1190/945 945/984/946
f 926/963/925 927/965/927 947/985/947 946/983/945
f 927/965/927 928/966/928 948/986/948 947/985/947
f 928/966/928 929/967/929 949/987/949 948/986/948
f 929/967/929 930/968/930 950/988/950 949/987/949
f 930/968/930 931/969/931 951/989/951 950/988/950
f 931/969/931 932/970/932 952/990/952 951/989/951
f 932/970/932 933/971/933 953/991/953 952/990/952
f 933/971/933 934/972/934 954/992/954 953/991/953
f 934/972/934 935/973/935 955/993/955 954/992/954
f 935/973/935 936/974/936 956/994/956 955/993/955
f 936/974/936 937/975/937 957/995/957 956/994/956
f 937/975/937 938/976/938 958/996/958 957/995/957
f 938/976/938 939/977/939 959/997/959 958/996/958
f 939/977/939 940/978/940 960/998/960 959/997/959
f 940/978/940 941/979/941 961/999/961 960/998/960
f 941/979/941 942/980/942 962/1000/962 961/999/961
f 942/980/942 943/981/943 963/1001/963 962/1000/962
f 943/981/943 944/982/944 964/1002/964 963/1001/963
f 944/982/944 925/964/926 945/984/946 964/1002/964
f 945/984/946 946/1190/945 966/1189/965 965/1004/966
f 946/983/945 947/985/947 967/1005/967 966/1003/965
f 947/985/947 948/986/948 968/1006/968 967/1005/967
f 948/986/948 949/987/949 969/1007/969 968/1006/968
f 949/987/949 950/988/950 970/1008/970 969/1007/969
f 950/988/950 951/989/951 971/1009/971 970/1008/970
f 951/989/951 952/990/952 972/1010/972 971/1009/971
f 952/990/952 953/991/953 973/1011/973 972/1010/972
f 953/991/953 954/992/954 974/1012/974 973/1011/973
f 954/992/954 955/993/955 975/1013/975 974/1012/974
f 955/993/955 956/994/956 976/1014/976 975/1013/975
f 956/994/956 957/995/957 977/1015/977 976/1014/976
f 957/995/957 958/996/958 978/1016/978 977/1015/977
f 958/996/958 959/997/959 979/1017/979 978/1016/978
f 959/997/959 960/998/960 980/1018/980 979/1017/979
f 960/998/960 961/999/961 981/1019/981 980/1018/980
f 961/999/961 962/1000/962 982/1020/982 981/1019/981
f 962/1000/962 963/1001/963 983/1021/983 982/1020/982
f 963/1001/963 964/1002/964 984/1022/984 983/1021/983
f 964/1002/964 945/984/946 965/1004/966 984/1022/984
f 965/1004/966 966/1189/965 986/1188/985 985/1024/986
f 966/1003/965 967/1005/967 987/1025/987 986/1023/985
f 967/1005/967 968/1006/968 988/1026/988 987/1025/987
f 968/1006/968 969/1007/969 989/1027/989 988/1026/988
f 969/1007/969 970/1008/970 990/1028/990 989/1027/989
f 970/1008/970 971/1009/971 991/1029/991 990/1028/990
f 971/1009/971 972/1010/972 992/1030/992 991/1029/991
f 972/1010/972 973/1011/973 993/1031/993 992/1030/992
f 973/1011/973 974/1012/974 994/1032/994 993/1031/993
f 974/1012/974 975/1013/975 995/1033/995 994/1032/994
f 975/1013/975 976/1014/976 996/1034/996 995/1033/995
f 976/1014/976 977/1015/977 997/1035/997 996/1034/996
f 977/1015/977 978/1016/978 998/1036/998 997/1035/997
f 978/1016/978 979/1017/979 999/1037/999 998/1036/998
f 979/1017/979 980/1018/980 1000/1038/1000 999/1037/999
f 980/1018/980 981/1019/981 1001/1039/1001 1000/1038/1000
f 981/1019/981 982/1020/982 1002/1040/1002 1001/1039/1001
f 982/1020/982 983/1021/983 1003/1041/1003 1002/1040/1002
f 983/1021/983 984/1022/984 1004/1042/1004 1003/1041/1003
f 984/1022/984 965/1004/966 985/1024/986 1004/1042/1004
f 985/1024/986 986/1188/985 1006/1043/1005 1005/1044/1006
f 986/1023/985 987/1025/987 1007/1045/1007 1006/1043/1005
f 987/1025/987 988/1026/988 1008/1046/1008 1007/1045/1007
f 988/1026/988 989/1027/989 1009/1047/1009 1008/1046/1008
f 989/1027/989 990/1028/990 1010/1048/1010 1009/1047/1009
f 990/1028/990 991/1029/991 1011/1049/1011 1010/1048/1010
f 991/1029/991 992/1030/992 1012/1050/1012 1011/1049/1011
f 992/1030/992 993/1031/993 1013/1051/1013 1012/1050/1012
f 993/1031/993 994/1032/994 1014/1052/1014 1013/1051/1013
f 994/1032/994 995/1033/995 1015/1053/1015 1014/1052/1014
f 995/1033/995 996/1034/996 1016/1054/1016 1015/1053/1015
f 996/1034/996 997/1035/997 1017/1055/1017 1016/1054/1016
f 997/1035/997 998/1036/998 1018/1056/1018 1017/1055/1017
f 998/1036/998 999/1037/999 1019/1057/1019 1018/1056/1018
f 999/1037/999 1000/1038/1000 1020/1058/1020 1019/1057/1019
f 1000/1038/1000 1001/1039/1001 1021/1059/1021 1020/1058/1020
f 1001/1039/1001 1002/1040/1002 1022/1060/1022 1021/1059/1021
f 1002/1040/1002 1003/1041/1003 1023/1061/1023 1022/1060/1022
f 1003/1041/1003 1004/1042/1004 1024/1062/1024 1023/1061/1023
f 1004/1042/1004 985/1024/986 1005/1044/1006 1024/1062/1024
f 1005/1044/1006 1006/1043/1005 1026/1063/1025 1025/1064/1026
f 1006/1043/1005 1007/1045/1007 1027/1065/1027 1026/1063/1025
f 1007/1045/1007 1008/1046/1008 1028/1066/1028 1027/1065/1027
f 1008/1046/1008 1009/1047/1009 1029/1067/1029 1028/1066/1028
f 1009/1047/1009 1010/1048/1010 1030/1068/1030 1029/1067/1029
f 1010/1048/1010 1011/1049/1011 1031/1069/1031 1030/1068/1030
f 1011/1049/1011 1012/1050/1012 1032/1070/1032 1031/1069/1031
f 1012/1050/1012 1013/1051/1013 1033/1071/1033 1032/1070/1032
f 1013/1051/1013 1014/1052/1014 1034/1072/1034 1033/1071/1033
f 1014/1052/1014 1015/1053/1015 1035/1073/1035 1034/1072/1034
f 1015/1053/1015 1016/1054/1016 1036/1074/1036 1035/1073/1035
f 1016/1054/1016 1017/1055/1017 1037/1075/1037 1036/1074/1036
f 1017/1055/1017 1018/1056/1018 1038/1076/1038 1037/1075/1037
f 1018/1056/1018 1019/1057/1019 1039/1077/1039 1038/1076/1038
f 1019/1057/1019 1020/1058/1020 1040/1078/1040 1039/1077/1039
f 1020/1058/1020 1021/1059/1021 1041/1079/1041 1040/1078/1040
f 1021/1059/1021 1022/1060/1022 1042/1080/1042 1041/1079/1041
f 1022/1060/1022 1023/1061/1023 1043/1081/1043 1042/1080/1042
f 1023/1061/1023 1024/1062/1024 1044/1082/1044 1043/1081/1043
f 1024/1062/1024 1005/1044/1006 1025/1064/1026 1044/1082/1044
f 1025/1064/1026 1026/1063/1025 1046/1083/1045 1045/1084/1046
f 1026/1063/1025 1027/1065/1027 1047/1085/1047 1046/1083/1045
f 1027/1065/1027 1028/1066/1028 1048/1086/1048 1047/1085/1047
f 1028/1066/1028 1029/1067/1029 1049/1087/1049 1048/1086/1048
f 1029/1067/1029 1030/1068/1030 1050/1088/1050 1049/1087/1049
f 1030/1068/1030 1031/1069/1031 1051/1089/1051 1050/1088/1050
f 1031/1069/1031 1032/1070/1032 1052/1090/1052 1051/1089/1051
f 1032/1070/1032 1033/1071/1033 1053/1091/1053 1052/1090/1052
f 1033/1071/1033 1034/1072/1034 1054/1092/1054 1053/1091/1053
f 1034/1072/1034 1035/1073/1035 1055/1093/1055 1054/1092/1054
f 1035/1073/1035 1036/1074/1036 1056/1094/1056 1055/1093/1055
f 1036/1074/1036 1037/1075/1037 1057/1095/1057 1056/1094/1056
f 1037/1075/1037 1038/1076/1038 1058/1096/1058 1057/1095/1057
f 1038/1076/1038 1039/1077/1039 1059/1097/1059 1058/1096/1058
f 1039/1077/1039 1040/1078/1040 1060/1098/1060 1059/1097/1059
f 1040/1078/1040 1041/1079/1041 1061/1099/1061 1060/1098/1060
f 1041/1079/1041 1042/1080/1042 1062/1100/1062 1061/1099/1061
f 1042/1080/1042 1043/1081/1043 1063/1101/1063 1062/1100/1062
f 1043/1081/1043 1044/1082/1044 1064/1102/1064 1063/1101/1063
f 1044/1082/1044 1025/1064/1026 1045/1084/1046 1064/1102/1064
f 1045/1084/1046 1046/1083/1045 1066/1103/1065 1065/1104/1066
f 1046/1083/1045 1047/1085/1047 1067/1105/1067 1066/1103/1065
f 1047/1085/1047 1048/1086/1048 1068/1106/1068 1067/1105/1067
f 1048/1086/1048 1049/1087/1049 1069/1107/1069 1068/1106/1068
f 1049/1087/1049 1050/1088/1050 1070/1108/1070 1069/1107/1069
f 1050/1088/1050 1051/1089/1051 1071/1109/1071 1070/1108/1070
f 1051/1089/1051 1052/1090/1052 1072/1110/1072 1071/1109/1071
f 1052/1090/1052 1053/1091/1053 1073/1111/1073 1072/1110/1072
f 1053/1091/1053 1054/1092/1054 1074/1112/1074 1073/1111/1073
f 1054/1092/1054 1055/1093/1055 1075/1113/1075 1074/1112/1074
f 1055/1093/1055 1056/1094/1056 1076/1114/1076 1075/1113/1075
f 1056/1094/1056 1057/1095/1057 1077/1115/1077 1076/1114/1076
f 1057/1095/1057 1058/1096/1058 1078/1116/1078 1077/1115/1077
f 1058/1096/1058 1059/1097/1059 1079/1117/1079 1078/1116/1078
f 1059/1097/1059 1060/1098/1060 1080/1118/1080 1079/1117/1079
f 1060/1098/1060 1061/1099/1061 1081/1119/1081 1080/1118/1080
f 1061/1099/1061 1062/1100/1062 1082/1120/1082 1081/1119/1081
f 1062/1100/1062 1063/1101/1063 1083/1121/1083 1082/1120/1082
f 1063/1101/1063 1064/1102/1064 1084/1122/1084 1083/1121/1083
f 1064/1102/1064 1045/1084/1046 1065/1104/1066 1084/1122/1084
f 1065/1104/1066 1066/1103/1065 1086/1123/1085 1085/1124/1086
f 1066/1103/1065 1067/1105/1067 1087/1125/1087 1086/1123/1085
f 1067/1105/1067 1068/1106/1068 1088/1126/1088 1087/1125/1087
f 1068/1106/1068 1069/1107/1069 1089/1127/1089 1088/1126/1088
f 1069/1107/1069 1070/1108/1070 1090/1128/1090 1089/1127/1089
f 1070/1108/1070 1071/1109/1071 1091/1129/1091 1090/1128/1090
f 1071/1109/1071 1072/1110/1072 1092/1130/1092 1091/1129/1091
f 1072/1110/1072 1073/1111/1073 1093/1131/1093 1092/1130/1092
f 1073/1111/1073 1074/1112/1074 1094/1132/1094 1093/1131/1093
f 1074/1112/1074 1075/1113/1075 1095/1133/1095 1094/1132/1094
f 1075/1113/1075 1076/1114/1076 1096/1134/1096 1095/1133/1095
f 1076/1114/1076 1077/1115/1077 1097/1135/1097 1096/1134/1096
f 1077/1115/1077 1078/1116/1078 1098/1136/1098 1097/1135/1097
f 1078/1116/1078 1079/1117/1079 1099/1137/1099 1098/1136/1098
f 1079/1117/1079 1080/1118/1080 1100/1138/1100 1099/1137/1099
f 1080/1118/1080 1081/1119/1081 1101/1139/1101 1100/1138/1100
f 1081/1119/1081 1082/1120/1082 1102/1140/1102 1101/1139/1101
f 1082/1120/1082 1083/1121/1083 1103/1141/1103 1102/1140/1102
f 1083/1121/1083 1084/1122/1084 1104/1142/1104 1103/1141/1103
f 1084/1122/1084 1065/1104/1066 1085/1124/1086 1104/1142/1104
f 1085/1124/1086 1086/1123/1085 1106/1143/1105 1105/1144/1106
f 1086/1123/1085 1087/1125/1087 1107/1145/1107 1106/1143/1105
f 1087/1125/1087 1088/1126/1088 1108/1146/1108 1107/1145/1107
f 1088/1126/1088 1089/1127/1089 1109/1147/1109 1108/1146/1108
f 1089/1127/1089 1090/1128/1090 1110/1148/1110 1109/1147/1109
f 1090/1128/1090 1091/1129/1091 1111/1149/1111 1110/1148/1110
f 1091/1129/1091 1092/1130/1092 1112/1150/1112 1111/1149/1111
f 1092/1130/1092 1093/1131/1093 1113/1151/1113 1112/1150/1112
f 1093/1131/1093 1094/1132/1094 1114/1152/1114 1113/1151/1113
f 1094/1132/1094 1095/1133/1095 1115/1153/1115 1114/1152/1114
f 1095/1133/1095 1096/1134/1096 1116/1154/1116 1115/1153/1115
f 1096/1134/1096 1097/1135/1097 1117/1155/1117 1116/1154/1116
f 1097/1135/1097 1098/1136/1098 1118/1156/1118 1117/1155/1117
f 1098/1136/1098 1099/1137/1099 1119/1157/1119 1118/1156/1118
f 1099/1137/1099 1100/1138/1100 1120/1158/1120 1119/1157/1119
f 1100/1138/1100 1101/1139/1101 1121/1159/1121 1120/1158/1120
f 1101/1139/1101 1102/1140/1102 1122/1160/1122 1121/1159/1121
f 1102/1140/1102 1103/1141/1103 1123/1161/1123 1122/1160/1122
f 1103/1141/1103 1104/1142/1104 1124/1162/1124 1123/1161/1123
f 1104/1142/1104 1085/1124/1086 1105/1144/1106 1124/1162/1124
f 1105/1144/1106 1106/1143/1105 1126/1163/1125 1125/1164/1126
f 1106/1143/1105 1107/1145/1107 1127/1165/1127 1126/1163/1125
f 1107/1145/1107 1108/1146/1108 1128/1166/1128 1127/1165/1127
f 1108/1146/1108 1109/1147/1109 1129/1167/1129 1128/1166/1128
f 1109/1147/1109 1110/1148/1110 1130/1168/1130 1129/1167/1129
f 1110/1148/1110 1111/1149/1111 1131/1169/1131 1130/1168/1130
f 1111/1149/1111 1112/1150/1112 1132/1170/1132 1131/1169/1131
f 1112/1150/1112 1113/1151/1113 1133/1171/1133 1132/1170/1132
f 1113/1151/1113 1114/1152/1114 1134/1172/1134 1133/1171/1133
f 1114/1152/1114 1115/1153/1115 1135/1173/1135 1134/1172/1134
f 1115/1153/1115 1116/1154/1116 1136/1174/1136 1135/1173/1135
f 1116/1154/1116 1117/1155/1117 1137/1175/1137 1136/1174/1136
f 1117/1155/1117 1118/1156/1118 1138/1176/1138 1137/1175/1137
f 1118/1156/1118 1119/1157/1119 1139/1177/1139 1138/1176/1138
f 1119/1157/1119 1120/1158/1120 1140/1178/1140 1139/1177/1139
f 1120/1158/1120 1121/1159/1121 1141/1179/1141 1140/1178/1140
f 1121/1159/1121 1122/1160/1122 1142/1180/1142 1141/1179/1141
f 1122/1160/1122 1123/1161/1123 1143/1181/1143 1142/1180/1142
f 1123/1161/1123 1124/1162/1124 1144/1182/1144 1143/1181/1143
f 1124/1162/1124 1105/1144/1106 1125/1164/1126 1144/1182/1144
f 766/804/766 765/803/765 1145/1183/1145
f 767/807/769 766/1187/766 1145/1185/1145
f 768/809/771 767/807/769 1145/1185/1145
f 769/811/773 768/809/771 1145/1185/1145
f 770/813/775 769/811/773 1145/1185/1145
f 771/815/777 770/813/775 1145/1185/1145
f 772/817/779 771/815/777 1145/1185/1145
f 773/819/781 772/817/779 1145/1185/1145
f 774/821/783 773/819/781 1145/1185/1145
f 775/823/785 774/821/783 1145/1185/1145
f 776/825/787 775/823/785 1145/1185/1145
f 777/827/789 776/1186/787 1145/1183/1145
f 778/829/791 777/827/789 1145/1183/1145
f 779/831/793 778/829/791 1145/1183/1145
f 780/833/795 779/831/793 1145/1183/1145
f 781/835/797 780/833/795 1145/1183/1145
f 782/837/799 781/835/797 1145/1183/1145
f 783/839/801 782/837/799 1145/1183/1145
f 784/841/803 783/839/801 1145/1183/1145
f 765/803/765 784/841/803 1145/1183/1145
f 1125/1164/1126 1126/1163/1125 1146/1184/1146
f 1126/1163/1125 1127/1165/1127 1146/1184/1146
f 1127/1165/1127 1128/1166/1128 1146/1184/1146
f 1128/1166/1128 1129/1167/1129 1146/1184/1146
f 1129/1167/1129 1130/1168/1130 1146/1184/1146
f 1130/1168/1130 1131/1169/1131 1146/1184/1146
f 1131/1169/1131 1132/1170/1132 1146/1184/1146
f 1132/1170/1132 1133/1171/1133 1146/1184/1146
f 1133/1171/1133 1134/1172/1134 1146/1184/1146
f 1134/1172/1134 1135/1173/1135 1146/1184/1146
f 1135/1173/1135 1136/1174/1136 1146/1184/1146
f 1136/1174/1136 1137/1175/1137 1146/1184/1146
f 1137/1175/1137 1138/1176/1138 1146/1184/1146
f 1138/1176/1138 1139/1177/1139 1146/1184/1146
f 1139/1177/1139 1140/1178/1140 1146/1184/1146
f 1140/1178/1140 1141/1179/1141 1146/1184/1146
f 1141/1179/1141 1142/1180/1142 1146/1184/1146
f 1142/1180/1142 1143/1181/1143 1146/1184/1146
f 1143/1181/1143 1144/1182/1144 1146/1184/1146
f 1144/1182/1144 1125/1164/1126 1146/1184/1146
g default
v -0.251580 1.634564 -0.645787
v -0.259074 1.649271 -0.645787
v -0.270746 1.660943 -0.645787
v -0.285453 1.668437 -0.645787
v -0.301757 1.671019 -0.645787
v -0.318060 1.668437 -0.645787
v -0.332768 1.660943 -0.645787
v -0.344440 1.649271 -0.645787
v -0.351934 1.634564 -0.645787
v -0.354516 1.618260 -0.645787
v -0.351934 1.601957 -0.645787
v -0.344440 1.587249 -0.645787
v -0.332768 1.575577 -0.645787
v -0.318060 1.568083 -0.645787
v -0.301757 1.565501 -0.645787
v -0.285453 1.568083 -0.645787
v -0.270746 1.575577 -0.645787
v -0.259074 1.587249 -0.645787
v -0.251580 1.601957 -0.645787
v -0.248997 1.618260 -0.645787
v -0.202638 1.650466 -0.633433
v -0.217442 1.679519 -0.633433
v -0.240498 1.702576 -0.633433
v -0.269551 1.717379 -0.633433
v -0.301757 1.722480 -0.633433
v -0.333962 1.717379 -0.633433
v -0.363015 1.702576 -0.633433
v -0.386072 1.679519 -0.633433
v -0.400875 1.650466 -0.633433
v -0.405976 1.618261 -0.633433
v -0.400875 1.586055 -0.633433
v -0.386072 1.557002 -0.633433
v -0.363015 1.533945 -0.633433
v -0.333962 1.519142 -0.633433
v -0.301757 1.514041 -0.633433
v -0.269551 1.519142 -0.633433
v -0.240498 1.533945 -0.633433
v -0.217442 1.557002 -0.633433
v -0.202638 1.586055 -0.633433
v -0.197538 1.618261 -0.633433
v -0.156138 1.665575 -0.613180
v -0.177886 1.708258 -0.613180
v -0.211759 1.742132 -0.613180
v -0.254442 1.763880 -0.613180
v -0.301757 1.771373 -0.613180
v -0.349071 1.763879 -0.613180
v -0.391754 1.742132 -0.613180
v -0.425628 1.708258 -0.613180
v -0.447376 1.665575 -0.613180
v -0.454870 1.618261 -0.613180
v -0.447376 1.570946 -0.613180
v -0.425628 1.528263 -0.613180
v -0.391754 1.494390 -0.613180
v -0.349071 1.472641 -0.613180
v -0.301757 1.465148 -0.613180
v -0.254442 1.472641 -0.613180
v -0.211759 1.494390 -0.613180
v -0.177886 1.528263 -0.613180
v -0.156138 1.570946 -0.613180
v -0.148644 1.618261 -0.613180
v -0.113222 1.679519 -0.585528
v -0.141380 1.734781 -0.585528
v -0.185236 1.778637 -0.585528
v -0.240498 1.806795 -0.585528
v -0.301757 1.816497 -0.585528
v -0.363015 1.806794 -0.585528
v -0.418277 1.778637 -0.585528
v -0.462133 1.734781 -0.585528
v -0.490291 1.679519 -0.585528
v -0.499993 1.618260 -0.585528
v -0.490291 1.557002 -0.585528
v -0.462133 1.501740 -0.585528
v -0.418277 1.457884 -0.585528
v -0.363015 1.429726 -0.585528
v -0.301757 1.420024 -0.585528
v -0.240498 1.429726 -0.585528
v -0.185236 1.457884 -0.585528
v -0.141380 1.501740 -0.585528
v -0.113222 1.557002 -0.585528
v -0.103520 1.618260 -0.585528
v -0.074950 1.691955 -0.551158
v -0.108823 1.758435 -0.551158
v -0.161582 1.811194 -0.551158
v -0.228063 1.845068 -0.551158
v -0.301757 1.856739 -0.551158
v -0.375451 1.845067 -0.551158
v -0.441931 1.811194 -0.551158
v -0.494690 1.758435 -0.551158
v -0.528564 1.691955 -0.551158
v -0.540236 1.618261 -0.551158
v -0.528564 1.544566 -0.551158
v -0.494690 1.478086 -0.551158
v -0.441931 1.425327 -0.551158
v -0.375451 1.391454 -0.551158
v -0.301757 1.379782 -0.551158
v -0.228063 1.391454 -0.551158
v -0.161582 1.425327 -0.551158
v -0.108823 1.478086 -0.551158
v -0.074950 1.544566 -0.551158
v -0.063278 1.618261 -0.551158
v -0.042261 1.702576 -0.510916
v -0.081017 1.778637 -0.510916
v -0.141380 1.839000 -0.510916
v -0.217442 1.877756 -0.510916
v -0.301757 1.891110 -0.510916
v -0.386072 1.877756 -0.510916
v -0.462133 1.839000 -0.510916
v -0.522496 1.778637 -0.510916
v -0.561252 1.702575 -0.510916
v -0.574606 1.618261 -0.510916
v -0.561252 1.533945 -0.510916
v -0.522496 1.457884 -0.510916
v -0.462133 1.397521 -0.510916
v -0.386072 1.358766 -0.510916
v -0.301757 1.345411 -0.510916
v -0.217442 1.358766 -0.510916
v -0.141380 1.397521 -0.510916
v -0.081017 1.457884 -0.510916
v -0.042262 1.533945 -0.510916
v -0.028907 1.618261 -0.510916
v -0.015963 1.711120 -0.465792
v -0.058646 1.794891 -0.465792
v -0.125126 1.861371 -0.465792
v -0.208897 1.904054 -0.465792
v -0.301757 1.918762 -0.465792
v -0.394617 1.904054 -0.465792
v -0.478387 1.861371 -0.465792
v -0.544867 1.794891 -0.465792
v -0.587550 1.711120 -0.465792
v -0.602258 1.618261 -0.465792
v -0.587550 1.525400 -0.465792
v -0.544867 1.441630 -0.465792
v -0.478387 1.375150 -0.465792
v -0.394617 1.332467 -0.465792
v -0.301757 1.317760 -0.465792
v -0.208897 1.332467 -0.465792
v -0.125127 1.375150 -0.465792
v -0.058646 1.441630 -0.465792
v -0.015963 1.525400 -0.465792
v -0.001256 1.618261 -0.465792
v 0.003298 1.717379 -0.416898
v -0.042261 1.806795 -0.416898
v -0.113222 1.877755 -0.416898
v -0.202638 1.923315 -0.416898
v -0.301757 1.939014 -0.416898
v -0.400875 1.923315 -0.416898
v -0.490291 1.877755 -0.416898
v -0.561252 1.806794 -0.416898
v -0.606811 1.717379 -0.416898
v -0.622510 1.618260 -0.416898
v -0.606811 1.519142 -0.416898
v -0.561252 1.429726 -0.416898
v -0.490291 1.358765 -0.416898
v -0.400875 1.313206 -0.416898
v -0.301757 1.297507 -0.416898
v -0.202638 1.313206 -0.416898
v -0.113222 1.358765 -0.416898
v -0.042262 1.429726 -0.416898
v 0.003298 1.519142 -0.416898
v 0.018997 1.618260 -0.416898
v 0.015048 1.721196 -0.365438
v -0.032267 1.814056 -0.365438
v -0.105961 1.887750 -0.365438
v -0.198821 1.935065 -0.365438
v -0.301757 1.951368 -0.365438
v -0.404693 1.935065 -0.365438
v -0.497553 1.887750 -0.365438
v -0.571247 1.814056 -0.365438
v -0.618561 1.721196 -0.365438
v -0.634865 1.618260 -0.365438
v -0.618561 1.515324 -0.365438
v -0.571247 1.422464 -0.365438
v -0.497553 1.348770 -0.365438
v -0.404693 1.301456 -0.365438
v -0.301757 1.285152 -0.365438
v -0.198821 1.301456 -0.365438
v -0.105961 1.348770 -0.365438
v -0.032267 1.422464 -0.365438
v 0.015048 1.515324 -0.365438
v 0.031351 1.618260 -0.365438
v 0.018997 1.722480 -0.312679
v -0.028907 1.816497 -0.312679
v -0.103520 1.891110 -0.312679
v -0.197537 1.939014 -0.312679
v -0.301757 1.955521 -0.312679
v -0.405976 1.939014 -0.312679
v -0.499993 1.891110 -0.312679
v -0.574606 1.816497 -0.312679
v -0.622510 1.722480 -0.312679
v -0.639017 1.618261 -0.312679
v -0.622510 1.514041 -0.312679
v -0.574606 1.420024 -0.312679
v -0.499993 1.345411 -0.312679
v -0.405976 1.297507 -0.312679
v -0.301757 1.281000 -0.312679
v -0.197538 1.297507 -0.312679
v -0.103520 1.345411 -0.312679
v -0.028907 1.420024 -0.312679
v 0.018997 1.514041 -0.312679
v 0.035504 1.618261 -0.312679
v 0.015048 1.721196 -0.259920
v -0.032267 1.814057 -0.259920
v -0.105961 1.887751 -0.259920
v -0.198821 1.935065 -0.259920
v -0.301757 1.951369 -0.259920
v -0.404693 1.935065 -0.259920
v -0.497553 1.887751 -0.259920
v -0.571247 1.814057 -0.259920
v -0.618561 1.721196 -0.259920
v -0.634865 1.618261 -0.259920
v -0.618561 1.515324 -0.259920
v -0.571247 1.422465 -0.259920
v -0.497553 1.348770 -0.259920
v -0.404693 1.301456 -0.259920
v -0.301757 1.285152 -0.259920
v -0.198821 1.301456 -0.259920
v -0.105961 1.348770 -0.259920
v -0.032267 1.422465 -0.259920
v 0.015048 1.515324 -0.259920
v 0.031351 1.618261 -0.259920
v 0.003298 1.717379 -0.208460
v -0.042261 1.806795 -0.208460
v -0.113222 1.877756 -0.208460
v -0.202638 1.923315 -0.208460
v -0.301757 1.939014 -0.208460
v -0.400875 1.923315 -0.208460
v -0.490291 1.877756 -0.208460
v -0.561252 1.806795 -0.208460
v -0.606811 1.717379 -0.208460
v -0.622510 1.618261 -0.208460
v -0.606811 1.519142 -0.208460
v -0.561252 1.429726 -0.208460
v -0.490291 1.358766 -0.208460
v -0.400875 1.313206 -0.208460
v -0.301757 1.297507 -0.208460
v -0.202638 1.313206 -0.208460
v -0.113222 1.358766 -0.208460
v -0.042262 1.429726 -0.208460
v 0.003298 1.519142 -0.208460
v 0.018997 1.618261 -0.208460
v -0.015963 1.711120 -0.159566
v -0.058646 1.794891 -0.159566
v -0.125126 1.861371 -0.159566
v -0.208897 1.904054 -0.159566
v -0.301757 1.918762 -0.159566
v -0.394617 1.904054 -0.159566
v -0.478387 1.861371 -0.159566
v -0.544867 1.794891 -0.159566
v -0.587550 1.711120 -0.159566
v -0.602258 1.618260 -0.159566
v -0.587550 1.525400 -0.159566
v -0.544867 1.441630 -0.159566
v -0.478387 1.375150 -0.159566
v -0.394617 1.332467 -0.159566
v -0.301757 1.317759 -0.159566
v -0.208897 1.332467 -0.159566
v -0.125127 1.375150 -0.159566
v -0.058646 1.441630 -0.159566
v -0.015963 1.525400 -0.159566
v -0.001256 1.618260 -0.159566
v -0.042261 1.702576 -0.114443
v -0.081017 1.778637 -0.114443
v -0.141380 1.839000 -0.114443
v -0.217442 1.877756 -0.114443
v -0.301757 1.891110 -0.114443
v -0.386072 1.877756 -0.114443
v -0.462133 1.839000 -0.114443
v -0.522496 1.778637 -0.114443
v -0.561252 1.702575 -0.114443
v -0.574606 1.618261 -0.114443
v -0.561252 1.533945 -0.114443
v -0.522496 1.457884 -0.114443
v -0.462133 1.397521 -0.114443
v -0.386072 1.358766 -0.114443
v -0.301757 1.345411 -0.114443
v -0.217442 1.358766 -0.114443
v -0.141380 1.397521 -0.114443
v -0.081017 1.457884 -0.114443
v -0.042262 1.533945 -0.114443
v -0.028907 1.618261 -0.114443
v -0.074950 1.691954 -0.074200
v -0.108823 1.758435 -0.074200
v -0.161582 1.811194 -0.074200
v -0.228063 1.845067 -0.074200
v -0.301757 1.856739 -0.074200
v -0.375451 1.845067 -0.074200
v -0.441931 1.811194 -0.074200
v -0.494690 1.758435 -0.074200
v -0.528564 1.691954 -0.074200
v -0.540236 1.618260 -0.074200
v -0.528564 1.544566 -0.074200
v -0.494690 1.478086 -0.074200
v -0.441931 1.425327 -0.074200
v -0.375451 1.391453 -0.074200
v -0.301757 1.379781 -0.074200
v -0.228063 1.391453 -0.074200
v -0.161582 1.425327 -0.074200
v -0.108823 1.478086 -0.074200
v -0.074950 1.544566 -0.074200
v -0.063278 1.618260 -0.074200
v -0.113222 1.679519 -0.039830
v -0.141380 1.734781 -0.039830
v -0.185236 1.778637 -0.039830
v -0.240498 1.806795 -0.039830
v -0.301757 1.816497 -0.039830
v -0.363015 1.806795 -0.039830
v -0.418277 1.778637 -0.039830
v -0.462133 1.734781 -0.039830
v -0.490291 1.679519 -0.039830
v -0.499993 1.618261 -0.039830
v -0.490291 1.557002 -0.039830
v -0.462133 1.501740 -0.039830
v -0.418277 1.457884 -0.039830
v -0.363015 1.429726 -0.039830
v -0.301757 1.420024 -0.039830
v -0.240498 1.429726 -0.039830
v -0.185236 1.457884 -0.039830
v -0.141380 1.501740 -0.039830
v -0.113222 1.557002 -0.039830
v -0.103520 1.618261 -0.039830
v -0.156138 1.665575 -0.012178
v -0.177886 1.708258 -0.012178
v -0.211759 1.742132 -0.012178
v -0.254442 1.763879 -0.012178
v -0.301757 1.771373 -0.012178
v -0.349071 1.763879 -0.012178
v -0.391754 1.742131 -0.012178
v -0.425628 1.708258 -0.012178
v -0.447376 1.665575 -0.012178
v -0.454870 1.618260 -0.012178
v -0.447376 1.570946 -0.012178
v -0.425628 1.528263 -0.012178
v -0.391754 1.494389 -0.012178
v -0.349071 1.472641 -0.012178
v -0.301757 1.465148 -0.012178
v -0.254442 1.472641 -0.012178
v -0.211759 1.494389 -0.012178
v -0.177886 1.528263 -0.012178
v -0.156138 1.570946 -0.012178
v -0.148644 1.618260 -0.012178
v -0.202638 1.650466 0.008074
v -0.217442 1.679519 0.008074
v -0.240498 1.702575 0.008074
v -0.269551 1.717379 0.008074
v -0.301757 1.722480 0.008074
v -0.333962 1.717379 0.008074
v -0.363015 1.702575 0.008074
v -0.386072 1.679519 0.008074
v -0.400875 1.650466 0.008074
v -0.405976 1.618260 0.008074
v -0.400875 1.586055 0.008074
v -0.386072 1.557002 0.008074
v -0.363015 1.533945 0.008074
v -0.333962 1.519142 0.008074
v -0.301757 1.514041 0.008074
v -0.269551 1.519142 0.008074
v -0.240498 1.533945 0.008074
v -0.217442 1.557002 0.008074
v -0.202638 1.586055 0.008074
v -0.197538 1.618260 0.008074
v -0.251580 1.634564 0.020429
v -0.259074 1.649271 0.020429
v -0.270746 1.660943 0.020429
v -0.285453 1.668437 0.020429
v -0.301757 1.671020 0.020429
v -0.318060 1.668437 0.020429
v -0.332768 1.660943 0.020429
v -0.344440 1.649271 0.020429
v -0.351934 1.634564 0.020429
v -0.354516 1.618261 0.020429
v -0.351934 1.601957 0.020429
v -0.344440 1.587249 0.020429
v -0.332768 1.575578 0.020429
v -0.318060 1.568084 0.020429
v -0.301757 1.565502 0.020429
v -0.285453 1.568084 0.020429
v -0.270746 1.575578 0.020429
v -0.259074 1.587249 0.020429
v -0.251580 1.601957 0.020429
v -0.248997 1.618261 0.020429
v -0.301757 1.618261 -0.649939
v -0.301757 1.618261 0.024581
vt 0.892243 0.833453
vt 0.891357 0.835407
vt 0.883078 0.834058
vt 0.884797 0.830261
vt 0.891228 0.837481
vt 0.882794 0.838087
vt 0.891871 0.839493
vt 0.883990 0.842019
vt 0.893237 0.841261
vt 0.886587 0.845522
vt 0.895213 0.842620
vt 0.890387 0.848281
vt 0.897627 0.843432
vt 0.895091 0.850020
vt 0.900261 0.843601
vt 0.900310 0.850518
vt 0.902861 0.843085
vt 0.905573 0.849635
vt 0.905162 0.841909
vt 0.910342 0.847345
vt 0.906908 0.840174
vt 0.914036 0.843796
vt 0.907889 0.838057
vt 0.916113 0.839353
vt 0.907985 0.835795
vt 0.916231 0.834591
vt 0.907194 0.833645
vt 0.914440 0.830146
vt 0.905627 0.831841
vt 0.911085 0.826542
vt 0.903473 0.830559
vt 0.906654 0.824107
vt 0.900970 0.829907
vt 0.901657 0.822983
vt 0.898367 0.829921
vt 0.896572 0.823169
vt 0.895906 0.830576
vt 0.891827 0.824567
vt 0.893804 0.831793
vt 0.887796 0.827007
vt 0.874822 0.832681
vt 0.877347 0.827131
vt 0.874359 0.838574
vt 0.876042 0.844350
vt 0.879763 0.849546
vt 0.885247 0.853721
vt 0.892089 0.856477
vt 0.899781 0.857466
vt 0.907702 0.856406
vt 0.915093 0.853126
vt 0.921010 0.847691
vt 0.924387 0.840617
vt 0.924397 0.833007
vt 0.921311 0.826102
vt 0.915932 0.820762
vt 0.909152 0.817368
vt 0.901741 0.815979
vt 0.894341 0.816487
vt 0.887497 0.818694
vt 0.881690 0.822346
vt 0.866582 0.831270
vt 0.869904 0.824038
vt 0.865914 0.838958
vt 0.868036 0.846521
vt 0.872800 0.853371
vt 0.879838 0.858958
vt 0.888647 0.862792
vt 0.898638 0.864423
vt 0.909125 0.863415
vt 0.919232 0.859356
vt 0.927711 0.852014
vt 0.932756 0.841854
vt 0.932417 0.830876
vt 0.927640 0.821353
vt 0.920028 0.814442
vt 0.910910 0.810350
vt 0.901236 0.808918
vt 0.891722 0.809879
vt 0.882968 0.812941
vt 0.875523 0.817782
vt 0.858365 0.829812
vt 0.862491 0.820954
vt 0.857458 0.839251
vt 0.859989 0.848563
vt 0.865738 0.857029
vt 0.874210 0.864010
vt 0.884798 0.868959
vt 0.896861 0.871366
vt 0.909718 0.870672
vt 0.922521 0.866175
vt 0.933922 0.857046
vt 0.941306 0.843074
vt 0.940157 0.827890
vt 0.933200 0.815691
vt 0.923235 0.807534
vt 0.911895 0.803077
vt 0.900167 0.801829
vt 0.888764 0.803356
vt 0.878292 0.807292
vt 0.869334 0.813287
vt 0.850183 0.828290
vt 0.855141 0.817850
vt 0.848996 0.839460
vt 0.851920 0.850504
vt 0.858615 0.860554
vt 0.868414 0.868898
vt 0.880582 0.874971
vt 0.894443 0.878267
vt 0.909367 0.878170
vt 0.924664 0.873734
vt 0.939238 0.863289
vt 0.950188 0.844332
vt 0.947303 0.823440
vt 0.937690 0.808859
vt 0.925430 0.800011
vt 0.912088 0.795587
vt 0.898564 0.794742
vt 0.885514 0.796925
vt 0.873516 0.801736
vt 0.863167 0.808834
vt 0.842059 0.826676
vt 0.847893 0.814687
vt 0.840530 0.839589
vt 0.843851 0.852374
vt 0.851476 0.863985
vt 0.862500 0.873645
vt 0.876044 0.880829
vt 0.891394 0.885094
vt 0.907986 0.885872
vt 0.925325 0.882167
vt 0.942890 0.871657
vt 0.959687 0.845943
vt 0.952930 0.816230
vt 0.940807 0.800590
vt 0.926524 0.791892
vt 0.911484 0.787931
vt 0.896457 0.787692
vt 0.882014 0.790593
vt 0.868687 0.796257
vt 0.857070 0.804392
vt 0.834021 0.824924
vt 0.840801 0.811411
vt 0.832062 0.839639
vt 0.835810 0.854217
vt 0.844373 0.867370
vt 0.856529 0.878286
vt 0.871233 0.886537
vt 0.887744 0.891814
vt 0.905543 0.893701
vt 0.924229 0.891471
vt 0.943380 0.883799
vt 0.969584 0.823677
vt 0.957065 0.804065
vt 0.942428 0.790800
vt 0.926473 0.783269
vt 0.910091 0.780181
vt 0.893876 0.780712
vt 0.878305 0.784366
vt 0.863855 0.790838
vt 0.851099 0.799923
vt 0.826114 0.822959
vt 0.833936 0.807945
vt 0.823586 0.839612
vt 0.827833 0.856094
vt 0.837374 0.870780
vt 0.850566 0.882865
vt 0.866206 0.892107
vt 0.883541 0.898392
vt 0.902081 0.901531
vt 0.921460 0.901205
vt 0.941293 0.897233
vt 0.975425 0.802783
vt 0.959029 0.789983
vt 0.942434 0.780060
vt 0.925258 0.774331
vt 0.907923 0.772417
vt 0.890849 0.773834
vt 0.874427 0.778245
vt 0.859073 0.785455
vt 0.845320 0.795375
vt 0.818406 0.820647
vt 0.827397 0.804170
vt 0.815081 0.839511
vt 0.819973 0.858118
vt 0.830572 0.874321
vt 0.844692 0.887448
vt 0.861024 0.897563
vt 0.878840 0.904802
vt 0.897674 0.909232
vt 0.917159 0.910951
vt 0.936932 0.910576
vt 0.977138 0.782349
vt 0.958545 0.775207
vt 0.940758 0.768867
vt 0.922874 0.765273
vt 0.904996 0.764721
vt 0.887407 0.767087
vt 0.870420 0.772226
vt 0.854398 0.780075
vt 0.839815 0.790678
vt 0.811016 0.817734
vt 0.821320 0.799906
vt 0.806497 0.839335
vt 0.812329 0.860506
vt 0.824104 0.878171
vt 0.839003 0.892134
vt 0.855753 0.902947
vt 0.873699 0.911027
vt 0.892399 0.916695
vt 0.911467 0.920390
vt 0.930521 0.923208
vt 0.974756 0.762505
vt 0.955514 0.760419
vt 0.937369 0.757612
vt 0.919324 0.756272
vt 0.901327 0.757168
vt 0.883573 0.760494
vt 0.866325 0.766299
vt 0.849893 0.774653
vt 0.834681 0.785735
vt 0.804170 0.813707
vt 0.815904 0.794870
vt 0.797724 0.839042
vt 0.805134 0.863750
vt 0.818181 0.882624
vt 0.833611 0.897069
vt 0.850458 0.908320
vt 0.868171 0.917069
vt 0.886327 0.923835
vt 0.904505 0.929296
vt 0.922254 0.934775
vt 0.968403 0.743731
vt 0.949922 0.746122
vt 0.932253 0.746611
vt 0.914609 0.747490
vt 0.896925 0.749827
vt 0.879370 0.754072
vt 0.862181 0.760443
vt 0.845627 0.769127
vt 0.830040 0.780412
vt 0.798348 0.807454
vt 0.811421 0.788640
vt 0.788477 0.838252
vt 0.799235 0.869073
vt 0.813070 0.888173
vt 0.828634 0.902456
vt 0.845203 0.913772
vt 0.862307 0.922942
vt 0.879520 0.930585
vt 0.896376 0.937495
vt 0.912316 0.945028
vt 0.958288 0.726644
vt 0.941806 0.732759
vt 0.925409 0.736149
vt 0.908723 0.739076
vt 0.891791 0.742761
vt 0.874812 0.747828
vt 0.858023 0.754624
vt 0.841672 0.763413
vt 0.826028 0.774535
vt 0.794588 0.796388
vt 0.808198 0.780686
vt 0.781783 0.861100
vt 0.794735 0.879466
vt 0.808914 0.895440
vt 0.824166 0.908529
vt 0.840046 0.919417
vt 0.856143 0.928682
vt 0.872025 0.936899
vt 0.887165 0.944849
vt 0.900886 0.953761
vt 0.944719 0.711917
vt 0.931238 0.720768
vt 0.916836 0.726500
vt 0.901649 0.731176
vt 0.885914 0.736029
vt 0.869904 0.741763
vt 0.853885 0.748793
vt 0.838104 0.757411
vt 0.822795 0.767905
vt 0.792983 0.782452
vt 0.806428 0.771028
vt 0.778395 0.882274
vt 0.791970 0.892551
vt 0.805851 0.904394
vt 0.820288 0.915457
vt 0.835031 0.925383
vt 0.849710 0.934345
vt 0.863875 0.942748
vt 0.876947 0.951237
vt 0.888153 0.960785
vt 0.928136 0.700253
vt 0.918332 0.710615
vt 0.906527 0.717958
vt 0.893349 0.723951
vt 0.879259 0.729692
vt 0.864635 0.735864
vt 0.849790 0.742884
vt 0.834994 0.751006
vt 0.820475 0.760382
vt 0.793916 0.767137
vt 0.806335 0.759916
vt 0.778752 0.902491
vt 0.791309 0.907104
vt 0.804054 0.914823
vt 0.817090 0.923348
vt 0.830198 0.931807
vt 0.843019 0.940007
vt 0.855084 0.948115
vt 0.865786 0.956545
vt 0.874313 0.965924
vt 0.909151 0.692356
vt 0.903264 0.702818
vt 0.894476 0.710862
vt 0.883759 0.717584
vt 0.871763 0.723812
vt 0.858969 0.730105
vt 0.845751 0.736805
vt 0.832414 0.744074
vt 0.819208 0.751888
vt 0.797723 0.751335
vt 0.808181 0.747677
vt 0.782933 0.921566
vt 0.793073 0.922352
vt 0.803738 0.926473
vt 0.814678 0.932276
vt 0.825582 0.938844
vt 0.836065 0.945776
vt 0.845649 0.953003
vt 0.853744 0.960666
vt 0.859593 0.969011
vt 0.888623 0.688876
vt 0.886316 0.697966
vt 0.880688 0.705628
vt 0.872777 0.712313
vt 0.863312 0.718470
vt 0.852833 0.724443
vt 0.841762 0.730430
vt 0.830442 0.736468
vt 0.819163 0.742381
vt 0.804684 0.735722
vt 0.812287 0.734635
vt 0.790676 0.938880
vt 0.797475 0.937643
vt 0.805138 0.939072
vt 0.813191 0.942300
vt 0.821224 0.946678
vt 0.828826 0.951798
vt 0.835549 0.957441
vt 0.840887 0.963505
vt 0.844263 0.969916
vt 0.867721 0.690255
vt 0.867942 0.696691
vt 0.865199 0.702785
vt 0.860249 0.708458
vt 0.853709 0.713773
vt 0.846081 0.718807
vt 0.837780 0.723578
vt 0.829166 0.728000
vt 0.820563 0.731833
vt 0.814999 0.720883
vt 0.819046 0.721078
vt 0.801255 0.953704
vt 0.804468 0.952306
vt 0.808429 0.952295
vt 0.812773 0.953454
vt 0.817159 0.955534
vt 0.821258 0.958297
vt 0.824750 0.961533
vt 0.827319 0.965048
vt 0.828671 0.968639
vt 0.847785 0.696432
vt 0.848810 0.699551
vt 0.848105 0.702975
vt 0.845936 0.706466
vt 0.842607 0.709871
vt 0.838425 0.713072
vt 0.833689 0.715954
vt 0.828690 0.718378
vt 0.823712 0.720160
vt 0.899716 0.836739
vt 0.829187 0.706898
vt 0.828559 0.972062
vt 0.813300 0.965634
vt 0.811911 0.719361
vt 0.845028 0.976507
vt 0.798190 0.734205
vt 0.862218 0.978239
vt 0.788000 0.751597
vt 0.879533 0.976990
vt 0.781800 0.770971
vt 0.896404 0.972722
vt 0.779838 0.791811
vt 0.912303 0.965518
vt 0.782150 0.813986
vt 0.926745 0.955533
vt 0.939276 0.942966
vt 0.949469 0.928041
vt 0.956916 0.910970
vt 0.961246 0.891879
vt 0.962169 0.870587
vn 0.190556 0.061915 -0.979722
vn 0.162095 0.117771 -0.979722
vn 0.269871 0.196072 -0.942722
vn 0.317251 0.103081 -0.942722
vn 0.117772 0.162095 -0.979722
vn 0.196074 0.269870 -0.942722
vn 0.061918 0.190552 -0.979722
vn 0.103082 0.317251 -0.942723
vn -0.000002 0.200361 -0.979722
vn -0.000002 0.333579 -0.942722
vn -0.061916 0.190556 -0.979722
vn -0.103081 0.317252 -0.942722
vn -0.117768 0.162095 -0.979722
vn -0.196072 0.269871 -0.942723
vn -0.162096 0.117769 -0.979722
vn -0.269871 0.196072 -0.942722
vn -0.190556 0.061916 -0.979722
vn -0.317252 0.103082 -0.942722
vn -0.200363 -0.000000 -0.979722
vn -0.333577 -0.000000 -0.942723
vn -0.190553 -0.061915 -0.979722
vn -0.317251 -0.103081 -0.942723
vn -0.162097 -0.117769 -0.979722
vn -0.269871 -0.196072 -0.942722
vn -0.117773 -0.162094 -0.979722
vn -0.196074 -0.269871 -0.942722
vn -0.061913 -0.190553 -0.979722
vn -0.103082 -0.317252 -0.942722
vn 0.000005 -0.200361 -0.979722
vn 0.000002 -0.333580 -0.942722
vn 0.061916 -0.190554 -0.979722
vn 0.103083 -0.317252 -0.942722
vn 0.117769 -0.162095 -0.979722
vn 0.196072 -0.269870 -0.942723
vn 0.162096 -0.117769 -0.979722
vn 0.269870 -0.196072 -0.942723
vn 0.190553 -0.061916 -0.979722
vn 0.317250 -0.103081 -0.942723
vn 0.200361 -0.000000 -0.979722
vn 0.333577 -0.000000 -0.942723
vn 0.380847 0.276701 -0.882266
vn 0.447713 0.145470 -0.882265
vn 0.276702 0.380845 -0.882266
vn 0.145471 0.447712 -0.882265
vn -0.000002 0.470753 -0.882265
vn -0.145471 0.447713 -0.882265
vn -0.276702 0.380847 -0.882265
vn -0.380847 0.276701 -0.882265
vn -0.447712 0.145471 -0.882265
vn -0.470751 0.000000 -0.882266
vn -0.447712 -0.145470 -0.882266
vn -0.380847 -0.276701 -0.882265
vn -0.276700 -0.380847 -0.882266
vn -0.145471 -0.447711 -0.882266
vn 0.000000 -0.470752 -0.882266
vn 0.145470 -0.447711 -0.882266
vn 0.276700 -0.380845 -0.882266
vn 0.380846 -0.276701 -0.882266
vn 0.447711 -0.145470 -0.882266
vn 0.470752 -0.000000 -0.882266
vn 0.485137 0.352472 -0.800253
vn 0.570316 0.185306 -0.800251
vn 0.352473 0.485137 -0.800253
vn 0.185306 0.570314 -0.800252
vn -0.000002 0.599663 -0.800253
vn -0.185307 0.570314 -0.800252
vn -0.352473 0.485138 -0.800253
vn -0.485137 0.352473 -0.800253
vn -0.570314 0.185306 -0.800252
vn -0.599663 -0.000000 -0.800252
vn -0.570315 -0.185306 -0.800252
vn -0.485139 -0.352474 -0.800251
vn -0.352472 -0.485139 -0.800252
vn -0.185306 -0.570314 -0.800252
vn -0.000000 -0.599664 -0.800252
vn 0.185306 -0.570314 -0.800252
vn 0.352473 -0.485138 -0.800252
vn 0.485139 -0.352474 -0.800252
vn 0.570314 -0.185306 -0.800252
vn 0.599665 -0.000001 -0.800251
vn 0.578713 0.420460 -0.698788
vn 0.680318 0.221048 -0.698788
vn 0.420460 0.578714 -0.698787
vn 0.221048 0.680318 -0.698789
vn -0.000001 0.715326 -0.698791
vn -0.221048 0.680316 -0.698790
vn -0.420459 0.578713 -0.698789
vn -0.578712 0.420460 -0.698789
vn -0.680318 0.221049 -0.698788
vn -0.715328 0.000000 -0.698789
vn -0.680317 -0.221048 -0.698789
vn -0.578713 -0.420460 -0.698788
vn -0.420459 -0.578714 -0.698788
vn -0.221048 -0.680318 -0.698788
vn -0.000000 -0.715329 -0.698788
vn 0.221049 -0.680319 -0.698787
vn 0.420460 -0.578714 -0.698787
vn 0.578713 -0.420460 -0.698788
vn 0.680317 -0.221048 -0.698789
vn 0.715329 -0.000000 -0.698788
vn 0.658808 0.478652 -0.580400
vn 0.774475 0.251642 -0.580400
vn 0.478653 0.658809 -0.580399
vn 0.251642 0.774476 -0.580400
vn -0.000000 0.814330 -0.580402
vn -0.251642 0.774475 -0.580401
vn -0.478652 0.658808 -0.580400
vn -0.658809 0.478652 -0.580399
vn -0.774475 0.251642 -0.580400
vn -0.814331 -0.000000 -0.580401
vn -0.774475 -0.251642 -0.580401
vn -0.658808 -0.478653 -0.580400
vn -0.478652 -0.658808 -0.580400
vn -0.251642 -0.774475 -0.580401
vn -0.000000 -0.814332 -0.580400
vn 0.251643 -0.774476 -0.580399
vn 0.478652 -0.658808 -0.580400
vn 0.658807 -0.478652 -0.580401
vn 0.774475 -0.251641 -0.580401
vn 0.814331 -0.000001 -0.580401
vn 0.723290 0.525501 -0.447995
vn 0.850280 0.276272 -0.447993
vn 0.525502 0.723292 -0.447993
vn 0.276273 0.850281 -0.447990
vn 0.000000 0.894038 -0.447991
vn -0.276273 0.850281 -0.447991
vn -0.525502 0.723291 -0.447993
vn -0.723291 0.525501 -0.447994
vn -0.850279 0.276273 -0.447994
vn -0.894036 0.000000 -0.447994
vn -0.850279 -0.276272 -0.447994
vn -0.723291 -0.525502 -0.447994
vn -0.525501 -0.723290 -0.447996
vn -0.276272 -0.850279 -0.447995
vn -0.000000 -0.894037 -0.447993
vn 0.276272 -0.850279 -0.447994
vn 0.525502 -0.723290 -0.447995
vn 0.723291 -0.525501 -0.447994
vn 0.850279 -0.276272 -0.447994
vn 0.894037 -0.000000 -0.447994
vn 0.770523 0.559819 -0.304789
vn 0.905806 0.294313 -0.304789
vn 0.559818 0.770524 -0.304788
vn 0.294314 0.905806 -0.304787
vn -0.000000 0.952420 -0.304788
vn -0.294315 0.905806 -0.304787
vn -0.559819 0.770524 -0.304788
vn -0.770524 0.559818 -0.304790
vn -0.905805 0.294314 -0.304789
vn -0.952420 -0.000000 -0.304788
vn -0.905805 -0.294314 -0.304789
vn -0.770524 -0.559819 -0.304789
vn -0.559818 -0.770524 -0.304789
vn -0.294314 -0.905805 -0.304791
vn -0.000000 -0.952419 -0.304792
vn 0.294313 -0.905805 -0.304790
vn 0.559818 -0.770524 -0.304789
vn 0.770524 -0.559819 -0.304787
vn 0.905806 -0.294314 -0.304788
vn 0.952420 -0.000001 -0.304789
vn 0.799335 0.580751 -0.154249
vn 0.939675 0.305318 -0.154249
vn 0.580750 0.799335 -0.154250
vn 0.305319 0.939674 -0.154249
vn 0.000000 0.988032 -0.154251
vn -0.305319 0.939674 -0.154252
vn -0.580750 0.799334 -0.154251
vn -0.799334 0.580751 -0.154251
vn -0.939674 0.305319 -0.154249
vn -0.988032 -0.000000 -0.154248
vn -0.939675 -0.305318 -0.154248
vn -0.799335 -0.580751 -0.154247
vn -0.580751 -0.799335 -0.154247
vn -0.305318 -0.939675 -0.154248
vn 0.000000 -0.988032 -0.154248
vn 0.305319 -0.939674 -0.154248
vn 0.580751 -0.799335 -0.154247
vn 0.799335 -0.580751 -0.154246
vn 0.939675 -0.305318 -0.154247
vn 0.988032 -0.000001 -0.154249
vn 0.809017 0.587785 -0.000001
vn 0.951057 0.309016 -0.000001
vn 0.587785 0.809017 -0.000001
vn 0.309017 0.951056 -0.000001
vn 0.000000 1.000000 -0.000002
vn -0.309017 0.951056 -0.000003
vn -0.587785 0.809017 -0.000001
vn -0.809017 0.587785 -0.000000
vn -0.951057 0.309017 -0.000001
vn -1.000000 0.000000 -0.000000
vn -0.951057 -0.309017 -0.000001
vn -0.809017 -0.587785 0.000001
vn -0.587785 -0.809017 0.000001
vn -0.309017 -0.951057 0.000002
vn -0.000000 -1.000000 0.000003
vn 0.309017 -0.951056 0.000001
vn 0.587785 -0.809017 0.000001
vn 0.809017 -0.587786 0.000001
vn 0.951057 -0.309017 -0.000000
vn 1.000000 -0.000001 -0.000000
vn 0.799334 0.580751 0.154249
vn 0.939675 0.305318 0.154249
vn 0.580751 0.799335 0.154248
vn 0.305319 0.939675 0.154246
vn -0.000000 0.988032 0.154247
vn -0.305319 0.939674 0.154249
vn -0.580751 0.799335 0.154250
vn -0.799334 0.580751 0.154250
vn -0.939674 0.305318 0.154249
vn -0.988032 0.000000 0.154249
vn -0.939674 -0.305318 0.154249
vn -0.799335 -0.580751 0.154249
vn -0.580751 -0.799334 0.154250
vn -0.305319 -0.939674 0.154249
vn -0.000000 -0.988032 0.154248
vn 0.305319 -0.939674 0.154249
vn 0.580750 -0.799334 0.154250
vn 0.799334 -0.580751 0.154250
vn 0.939674 -0.305319 0.154249
vn 0.988032 -0.000001 0.154249
vn 0.770524 0.559818 0.304790
vn 0.905805 0.294313 0.304789
vn 0.559818 0.770524 0.304790
vn 0.294314 0.905805 0.304789
vn 0.000000 0.952420 0.304789
vn -0.294314 0.905805 0.304789
vn -0.559819 0.770524 0.304789
vn -0.770524 0.559818 0.304789
vn -0.905805 0.294314 0.304789
vn -0.952420 0.000000 0.304789
vn -0.905805 -0.294314 0.304789
vn -0.770524 -0.559819 0.304788
vn -0.559819 -0.770524 0.304789
vn -0.294314 -0.905805 0.304789
vn -0.000000 -0.952420 0.304789
vn 0.294314 -0.905805 0.304789
vn 0.559819 -0.770524 0.304788
vn 0.770524 -0.559819 0.304787
vn 0.905805 -0.294314 0.304789
vn 0.952420 -0.000001 0.304788
vn 0.723291 0.525501 0.447995
vn 0.850280 0.276271 0.447993
vn 0.525501 0.723291 0.447995
vn 0.276272 0.850279 0.447994
vn 0.000000 0.894036 0.447995
vn -0.276273 0.850280 0.447993
vn -0.525502 0.723291 0.447993
vn -0.723291 0.525501 0.447994
vn -0.850279 0.276272 0.447994
vn -0.894037 -0.000000 0.447994
vn -0.850280 -0.276273 0.447993
vn -0.723291 -0.525502 0.447993
vn -0.525501 -0.723291 0.447994
vn -0.276272 -0.850279 0.447994
vn -0.000000 -0.894037 0.447993
vn 0.276272 -0.850280 0.447993
vn 0.525502 -0.723292 0.447992
vn 0.723292 -0.525503 0.447991
vn 0.850280 -0.276273 0.447992
vn 0.894037 -0.000001 0.447993
vn 0.658807 0.478652 0.580401
vn 0.774475 0.251642 0.580400
vn 0.478651 0.658808 0.580401
vn 0.251642 0.774475 0.580401
vn 0.000000 0.814330 0.580402
vn -0.251642 0.774474 0.580402
vn -0.478652 0.658807 0.580402
vn -0.658808 0.478651 0.580401
vn -0.774475 0.251642 0.580400
vn -0.814331 0.000000 0.580400
vn -0.774475 -0.251642 0.580401
vn -0.658808 -0.478652 0.580400
vn -0.478652 -0.658808 0.580400
vn -0.251643 -0.774475 0.580400
vn -0.000000 -0.814333 0.580398
vn 0.251643 -0.774476 0.580398
vn 0.478652 -0.658808 0.580400
vn 0.658808 -0.478652 0.580400
vn 0.774475 -0.251642 0.580401
vn 0.814331 -0.000000 0.580400
vn 0.578713 0.420460 0.698788
vn 0.680319 0.221048 0.698788
vn 0.420460 0.578714 0.698787
vn 0.221049 0.680318 0.698788
vn 0.000000 0.715327 0.698790
vn -0.221049 0.680316 0.698790
vn -0.420460 0.578712 0.698789
vn -0.578713 0.420460 0.698788
vn -0.680319 0.221049 0.698787
vn -0.715329 -0.000000 0.698788
vn -0.680318 -0.221049 0.698788
vn -0.578713 -0.420460 0.698788
vn -0.420460 -0.578714 0.698788
vn -0.221049 -0.680318 0.698788
vn 0.000000 -0.715329 0.698788
vn 0.221049 -0.680319 0.698788
vn 0.420459 -0.578714 0.698788
vn 0.578713 -0.420460 0.698788
vn 0.680317 -0.221049 0.698789
vn 0.715328 -0.000001 0.698789
vn 0.485138 0.352474 0.800252
vn 0.570315 0.185306 0.800251
vn 0.352473 0.485139 0.800252
vn 0.185307 0.570314 0.800252
vn 0.000000 0.599663 0.800253
vn -0.185307 0.570314 0.800252
vn -0.352474 0.485139 0.800251
vn -0.485139 0.352474 0.800251
vn -0.570315 0.185306 0.800252
vn -0.599663 0.000000 0.800253
vn -0.570315 -0.185307 0.800251
vn -0.485139 -0.352474 0.800251
vn -0.352474 -0.485138 0.800252
vn -0.185306 -0.570314 0.800252
vn 0.000000 -0.599662 0.800253
vn 0.185306 -0.570314 0.800252
vn 0.352473 -0.485138 0.800252
vn 0.485138 -0.352474 0.800252
vn 0.570313 -0.185306 0.800253
vn 0.599663 -0.000000 0.800253
vn 0.380845 0.276700 0.882267
vn 0.447711 0.145469 0.882266
vn 0.276700 0.380845 0.882267
vn 0.145470 0.447710 0.882266
vn -0.000000 0.470750 0.882267
vn -0.145471 0.447709 0.882267
vn -0.276700 0.380845 0.882267
vn -0.380846 0.276701 0.882266
vn -0.447711 0.145470 0.882266
vn -0.470751 -0.000000 0.882266
vn -0.447711 -0.145470 0.882266
vn -0.380846 -0.276701 0.882266
vn -0.276701 -0.380847 0.882266
vn -0.145470 -0.447713 0.882265
vn -0.000000 -0.470752 0.882265
vn 0.145470 -0.447712 0.882266
vn 0.276701 -0.380847 0.882266
vn 0.380845 -0.276701 0.882266
vn 0.447710 -0.145470 0.882267
vn 0.470751 -0.000001 0.882266
vn 0.269870 0.196073 0.942722
vn 0.317252 0.103080 0.942723
vn 0.196072 0.269871 0.942722
vn 0.103081 0.317252 0.942723
vn 0.000000 0.333578 0.942722
vn -0.103082 0.317252 0.942722
vn -0.196072 0.269871 0.942723
vn -0.269870 0.196073 0.942723
vn -0.317253 0.103081 0.942722
vn -0.333579 -0.000000 0.942722
vn -0.317251 -0.103081 0.942723
vn -0.269871 -0.196072 0.942722
vn -0.196072 -0.269871 0.942722
vn -0.103080 -0.317252 0.942722
vn -0.000000 -0.333579 0.942722
vn 0.103081 -0.317251 0.942723
vn 0.196072 -0.269871 0.942722
vn 0.269870 -0.196072 0.942722
vn 0.317250 -0.103081 0.942723
vn 0.333578 -0.000001 0.942722
vn 0.162094 0.117770 0.979722
vn 0.190555 0.061914 0.979722
vn 0.117769 0.162096 0.979722
vn 0.061915 0.190555 0.979722
vn -0.000000 0.200361 0.979722
vn -0.061915 0.190556 0.979722
vn -0.117769 0.162096 0.979722
vn -0.162094 0.117770 0.979722
vn -0.190555 0.061915 0.979722
vn -0.200362 -0.000000 0.979722
vn -0.190553 -0.061914 0.979722
vn -0.162095 -0.117769 0.979722
vn -0.117768 -0.162095 0.979722
vn -0.061914 -0.190554 0.979722
vn 0.000000 -0.200361 0.979722
vn 0.061915 -0.190555 0.979722
vn 0.117770 -0.162096 0.979722
vn 0.162096 -0.117770 0.979722
vn 0.190553 -0.061915 0.979722
vn 0.200361 -0.000001 0.979722
vn 0.000000 -0.000000 -1.000000
vn 0.000000 0.000000 1.000000
s 1
g group3 pasted__pSphere15
usemtl initialShadingGroup
f 1147/1204/1147 1148/1205/1148 1168/1206/1149 1167/1207/1150
f 1148/1205/1148 1149/1208/1151 1169/1209/1152 1168/1206/1149
f 1149/1208/1151 1150/1210/1153 1170/1211/1154 1169/1209/1152
f 1150/1210/1153 1151/1212/1155 1171/1213/1156 1170/1211/1154
f 1151/1212/1155 1152/1214/1157 1172/1215/1158 1171/1213/1156
f 1152/1214/1157 1153/1216/1159 1173/1217/1160 1172/1215/1158
f 1153/1216/1159 1154/1218/1161 1174/1219/1162 1173/1217/1160
f 1154/1218/1161 1155/1220/1163 1175/1221/1164 1174/1219/1162
f 1155/1220/1163 1156/1222/1165 1176/1223/1166 1175/1221/1164
f 1156/1222/1165 1157/1224/1167 1177/1225/1168 1176/1223/1166
f 1157/1224/1167 1158/1226/1169 1178/1227/1170 1177/1225/1168
f 1158/1226/1169 1159/1228/1171 1179/1229/1172 1178/1227/1170
f 1159/1228/1171 1160/1230/1173 1180/1231/1174 1179/1229/1172
f 1160/1230/1173 1161/1232/1175 1181/1233/1176 1180/1231/1174
f 1161/1232/1175 1162/1234/1177 1182/1235/1178 1181/1233/1176
f 1162/1234/1177 1163/1236/1179 1183/1237/1180 1182/1235/1178
f 1163/1236/1179 1164/1238/1181 1184/1239/1182 1183/1237/1180
f 1164/1238/1181 1165/1240/1183 1185/1241/1184 1184/1239/1182
f 1165/1240/1183 1166/1242/1185 1186/1243/1186 1185/1241/1184
f 1166/1242/1185 1147/1204/1147 1167/1207/1150 1186/1243/1186
f 1167/1207/1150 1168/1206/1149 1188/1244/1187 1187/1245/1188
f 1168/1206/1149 1169/1209/1152 1189/1246/1189 1188/1244/1187
f 1169/1209/1152 1170/1211/1154 1190/1247/1190 1189/1246/1189
f 1170/1211/1154 1171/1213/1156 1191/1248/1191 1190/1247/1190
f 1171/1213/1156 1172/1215/1158 1192/1249/1192 1191/1248/1191
f 1172/1215/1158 1173/1217/1160 1193/1250/1193 1192/1249/1192
f 1173/1217/1160 1174/1219/1162 1194/1251/1194 1193/1250/1193
f 1174/1219/1162 1175/1221/1164 1195/1252/1195 1194/1251/1194
f 1175/1221/1164 1176/1223/1166 1196/1253/1196 1195/1252/1195
f 1176/1223/1166 1177/1225/1168 1197/1254/1197 1196/1253/1196
f 1177/1225/1168 1178/1227/1170 1198/1255/1198 1197/1254/1197
f 1178/1227/1170 1179/1229/1172 1199/1256/1199 1198/1255/1198
f 1179/1229/1172 1180/1231/1174 1200/1257/1200 1199/1256/1199
f 1180/1231/1174 1181/1233/1176 1201/1258/1201 1200/1257/1200
f 1181/1233/1176 1182/1235/1178 1202/1259/1202 1201/1258/1201
f 1182/1235/1178 1183/1237/1180 1203/1260/1203 1202/1259/1202
f 1183/1237/1180 1184/1239/1182 1204/1261/1204 1203/1260/1203
f 1184/1239/1182 1185/1241/1184 1205/1262/1205 1204/1261/1204
f 1185/1241/1184 1186/1243/1186 1206/1263/1206 1205/1262/1205
f 1186/1243/1186 1167/1207/1150 1187/1245/1188 1206/1263/1206
f 1187/1245/1188 1188/1244/1187 1208/1264/1207 1207/1265/1208
f 1188/1244/1187 1189/1246/1189 1209/1266/1209 1208/1264/1207
f 1189/1246/1189 1190/1247/1190 1210/1267/1210 1209/1266/1209
f 1190/1247/1190 1191/1248/1191 1211/1268/1211 1210/1267/1210
f 1191/1248/1191 1192/1249/1192 1212/1269/1212 1211/1268/1211
f 1192/1249/1192 1193/1250/1193 1213/1270/1213 1212/1269/1212
f 1193/1250/1193 1194/1251/1194 1214/1271/1214 1213/1270/1213
f 1194/1251/1194 1195/1252/1195 1215/1272/1215 1214/1271/1214
f 1195/1252/1195 1196/1253/1196 1216/1273/1216 1215/1272/1215
f 1196/1253/1196 1197/1254/1197 1217/1274/1217 1216/1273/1216
f 1197/1254/1197 1198/1255/1198 1218/1275/1218 1217/1274/1217
f 1198/1255/1198 1199/1256/1199 1219/1276/1219 1218/1275/1218
f 1199/1256/1199 1200/1257/1200 1220/1277/1220 1219/1276/1219
f 1200/1257/1200 1201/1258/1201 1221/1278/1221 1220/1277/1220
f 1201/1258/1201 1202/1259/1202 1222/1279/1222 1221/1278/1221
f 1202/1259/1202 1203/1260/1203 1223/1280/1223 1222/1279/1222
f 1203/1260/1203 1204/1261/1204 1224/1281/1224 1223/1280/1223
f 1204/1261/1204 1205/1262/1205 1225/1282/1225 1224/1281/1224
f 1205/1262/1205 1206/1263/1206 1226/1283/1226 1225/1282/1225
f 1206/1263/1206 1187/1245/1188 1207/1265/1208 1226/1283/1226
f 1207/1265/1208 1208/1264/1207 1228/1284/1227 1227/1285/1228
f 1208/1264/1207 1209/1266/1209 1229/1286/1229 1228/1284/1227
f 1209/1266/1209 1210/1267/1210 1230/1287/1230 1229/1286/1229
f 1210/1267/1210 1211/1268/1211 1231/1288/1231 1230/1287/1230
f 1211/1268/1211 1212/1269/1212 1232/1289/1232 1231/1288/1231
f 1212/1269/1212 1213/1270/1213 1233/1290/1233 1232/1289/1232
f 1213/1270/1213 1214/1271/1214 1234/1291/1234 1233/1290/1233
f 1214/1271/1214 1215/1272/1215 1235/1292/1235 1234/1291/1234
f 1215/1272/1215 1216/1273/1216 1236/1293/1236 1235/1292/1235
f 1216/1273/1216 1217/1274/1217 1237/1294/1237 1236/1293/1236
f 1217/1274/1217 1218/1275/1218 1238/1295/1238 1237/1294/1237
f 1218/1275/1218 1219/1276/1219 1239/1296/1239 1238/1295/1238
f 1219/1276/1219 1220/1277/1220 1240/1297/1240 1239/1296/1239
f 1220/1277/1220 1221/1278/1221 1241/1298/1241 1240/1297/1240
f 1221/1278/1221 1222/1279/1222 1242/1299/1242 1241/1298/1241
f 1222/1279/1222 1223/1280/1223 1243/1300/1243 1242/1299/1242
f 1223/1280/1223 1224/1281/1224 1244/1301/1244 1243/1300/1243
f 1224/1281/1224 1225/1282/1225 1245/1302/1245 1244/1301/1244
f 1225/1282/1225 1226/1283/1226 1246/1303/1246 1245/1302/1245
f 1226/1283/1226 1207/1265/1208 1227/1285/1228 1246/1303/1246
f 1227/1285/1228 1228/1284/1227 1248/1304/1247 1247/1305/1248
f 1228/1284/1227 1229/1286/1229 1249/1306/1249 1248/1304/1247
f 1229/1286/1229 1230/1287/1230 1250/1307/1250 1249/1306/1249
f 1230/1287/1230 1231/1288/1231 1251/1308/1251 1250/1307/1250
f 1231/1288/1231 1232/1289/1232 1252/1309/1252 1251/1308/1251
f 1232/1289/1232 1233/1290/1233 1253/1310/1253 1252/1309/1252
f 1233/1290/1233 1234/1291/1234 1254/1311/1254 1253/1310/1253
f 1234/1291/1234 1235/1292/1235 1255/1312/1255 1254/1311/1254
f 1235/1292/1235 1236/1293/1236 1256/1313/1256 1255/1312/1255
f 1236/1293/1236 1237/1294/1237 1257/1314/1257 1256/1313/1256
f 1237/1294/1237 1238/1295/1238 1258/1315/1258 1257/1314/1257
f 1238/1295/1238 1239/1296/1239 1259/1316/1259 1258/1315/1258
f 1239/1296/1239 1240/1297/1240 1260/1317/1260 1259/1316/1259
f 1240/1297/1240 1241/1298/1241 1261/1318/1261 1260/1317/1260
f 1241/1298/1241 1242/1299/1242 1262/1319/1262 1261/1318/1261
f 1242/1299/1242 1243/1300/1243 1263/1320/1263 1262/1319/1262
f 1243/1300/1243 1244/1301/1244 1264/1321/1264 1263/1320/1263
f 1244/1301/1244 1245/1302/1245 1265/1322/1265 1264/1321/1264
f 1245/1302/1245 1246/1303/1246 1266/1323/1266 1265/1322/1265
f 1246/1303/1246 1227/1285/1228 1247/1305/1248 1266/1323/1266
f 1247/1305/1248 1248/1304/1247 1268/1324/1267 1267/1325/1268
f 1248/1304/1247 1249/1306/1249 1269/1326/1269 1268/1324/1267
f 1249/1306/1249 1250/1307/1250 1270/1327/1270 1269/1326/1269
f 1250/1307/1250 1251/1308/1251 1271/1328/1271 1270/1327/1270
f 1251/1308/1251 1252/1309/1252 1272/1329/1272 1271/1328/1271
f 1252/1309/1252 1253/1310/1253 1273/1330/1273 1272/1329/1272
f 1253/1310/1253 1254/1311/1254 1274/1331/1274 1273/1330/1273
f 1254/1311/1254 1255/1312/1255 1275/1332/1275 1274/1331/1274
f 1255/1312/1255 1256/1313/1256 1276/1333/1276 1275/1332/1275
f 1256/1313/1256 1257/1314/1257 1277/1334/1277 1276/1333/1276
f 1257/1314/1257 1258/1315/1258 1278/1335/1278 1277/1334/1277
f 1258/1315/1258 1259/1316/1259 1279/1336/1279 1278/1335/1278
f 1259/1316/1259 1260/1317/1260 1280/1337/1280 1279/1336/1279
f 1260/1317/1260 1261/1318/1261 1281/1338/1281 1280/1337/1280
f 1261/1318/1261 1262/1319/1262 1282/1339/1282 1281/1338/1281
f 1262/1319/1262 1263/1320/1263 1283/1340/1283 1282/1339/1282
f 1263/1320/1263 1264/1321/1264 1284/1341/1284 1283/1340/1283
f 1264/1321/1264 1265/1322/1265 1285/1342/1285 1284/1341/1284
f 1265/1322/1265 1266/1323/1266 1286/1343/1286 1285/1342/1285
f 1266/1323/1266 1247/1305/1248 1267/1325/1268 1286/1343/1286
f 1267/1325/1268 1268/1324/1267 1288/1344/1287 1287/1345/1288
f 1268/1324/1267 1269/1326/1269 1289/1346/1289 1288/1344/1287
f 1269/1326/1269 1270/1327/1270 1290/1347/1290 1289/1346/1289
f 1270/1327/1270 1271/1328/1271 1291/1348/1291 1290/1347/1290
f 1271/1328/1271 1272/1329/1272 1292/1349/1292 1291/1348/1291
f 1272/1329/1272 1273/1330/1273 1293/1350/1293 1292/1349/1292
f 1273/1330/1273 1274/1331/1274 1294/1351/1294 1293/1350/1293
f 1274/1331/1274 1275/1332/1275 1295/1352/1295 1294/1351/1294
f 1275/1332/1275 1276/1333/1276 1296/1353/1296 1295/1352/1295
f 1276/1333/1276 1277/1334/1277 1297/1354/1297 1296/1353/1296
f 1277/1334/1277 1278/1335/1278 1298/1604/1298 1297/1354/1297
f 1278/1335/1278 1279/1336/1279 1299/1356/1299 1298/1355/1298
f 1279/1336/1279 1280/1337/1280 1300/1357/1300 1299/1356/1299
f 1280/1337/1280 1281/1338/1281 1301/1358/1301 1300/1357/1300
f 1281/1338/1281 1282/1339/1282 1302/1359/1302 1301/1358/1301
f 1282/1339/1282 1283/1340/1283 1303/1360/1303 1302/1359/1302
f 1283/1340/1283 1284/1341/1284 1304/1361/1304 1303/1360/1303
f 1284/1341/1284 1285/1342/1285 1305/1362/1305 1304/1361/1304
f 1285/1342/1285 1286/1343/1286 1306/1363/1306 1305/1362/1305
f 1286/1343/1286 1267/1325/1268 1287/1345/1288 1306/1363/1306
f 1287/1345/1288 1288/1344/1287 1308/1364/1307 1307/1365/1308
f 1288/1344/1287 1289/1346/1289 1309/1366/1309 1308/1364/1307
f 1289/1346/1289 1290/1347/1290 1310/1367/1310 1309/1366/1309
f 1290/1347/1290 1291/1348/1291 1311/1368/1311 1310/1367/1310
f 1291/1348/1291 1292/1349/1292 1312/1369/1312 1311/1368/1311
f 1292/1349/1292 1293/1350/1293 1313/1370/1313 1312/1369/1312
f 1293/1350/1293 1294/1351/1294 1314/1371/1314 1313/1370/1313
f 1294/1351/1294 1295/1352/1295 1315/1372/1315 1314/1371/1314
f 1295/1352/1295 1296/1353/1296 1316/1373/1316 1315/1372/1315
f 1296/1353/1296 1297/1354/1297 1317/1374/1317 1316/1373/1316
f 1297/1354/1297 1298/1604/1298 1318/1603/1318 1317/1374/1317
f 1298/1355/1298 1299/1356/1299 1319/1376/1319 1318/1375/1318
f 1299/1356/1299 1300/1357/1300 1320/1377/1320 1319/1376/1319
f 1300/1357/1300 1301/1358/1301 1321/1378/1321 1320/1377/1320
f 1301/1358/1301 1302/1359/1302 1322/1379/1322 1321/1378/1321
f 1302/1359/1302 1303/1360/1303 1323/1380/1323 1322/1379/1322
f 1303/1360/1303 1304/1361/1304 1324/1381/1324 1323/1380/1323
f 1304/1361/1304 1305/1362/1305 1325/1382/1325 1324/1381/1324
f 1305/1362/1305 1306/1363/1306 1326/1383/1326 1325/1382/1325
f 1306/1363/1306 1287/1345/1288 1307/1365/1308 1326/1383/1326
f 1307/1365/1308 1308/1364/1307 1328/1384/1327 1327/1385/1328
f 1308/1364/1307 1309/1366/1309 1329/1386/1329 1328/1384/1327
f 1309/1366/1309 1310/1367/1310 1330/1387/1330 1329/1386/1329
f 1310/1367/1310 1311/1368/1311 1331/1388/1331 1330/1387/1330
f 1311/1368/1311 1312/1369/1312 1332/1389/1332 1331/1388/1331
f 1312/1369/1312 1313/1370/1313 1333/1390/1333 1332/1389/1332
f 1313/1370/1313 1314/1371/1314 1334/1391/1334 1333/1390/1333
f 1314/1371/1314 1315/1372/1315 1335/1392/1335 1334/1391/1334
f 1315/1372/1315 1316/1373/1316 1336/1393/1336 1335/1392/1335
f 1316/1373/1316 1317/1374/1317 1337/1394/1337 1336/1393/1336
f 1317/1374/1317 1318/1603/1318 1338/1602/1338 1337/1394/1337
f 1318/1375/1318 1319/1376/1319 1339/1396/1339 1338/1395/1338
f 1319/1376/1319 1320/1377/1320 1340/1397/1340 1339/1396/1339
f 1320/1377/1320 1321/1378/1321 1341/1398/1341 1340/1397/1340
f 1321/1378/1321 1322/1379/1322 1342/1399/1342 1341/1398/1341
f 1322/1379/1322 1323/1380/1323 1343/1400/1343 1342/1399/1342
f 1323/1380/1323 1324/1381/1324 1344/1401/1344 1343/1400/1343
f 1324/1381/1324 1325/1382/1325 1345/1402/1345 1344/1401/1344
f 1325/1382/1325 1326/1383/1326 1346/1403/1346 1345/1402/1345
f 1326/1383/1326 1307/1365/1308 1327/1385/1328 1346/1403/1346
f 1327/1385/1328 1328/1384/1327 1348/1404/1347 1347/1405/1348
f 1328/1384/1327 1329/1386/1329 1349/1406/1349 1348/1404/1347
f 1329/1386/1329 1330/1387/1330 1350/1407/1350 1349/1406/1349
f 1330/1387/1330 1331/1388/1331 1351/1408/1351 1350/1407/1350
f 1331/1388/1331 1332/1389/1332 1352/1409/1352 1351/1408/1351
f 1332/1389/1332 1333/1390/1333 1353/1410/1353 1352/1409/1352
f 1333/1390/1333 1334/1391/1334 1354/1411/1354 1353/1410/1353
f 1334/1391/1334 1335/1392/1335 1355/1412/1355 1354/1411/1354
f 1335/1392/1335 1336/1393/1336 1356/1413/1356 1355/1412/1355
f 1336/1393/1336 1337/1394/1337 1357/1414/1357 1356/1413/1356
f 1337/1394/1337 1338/1602/1338 1358/1601/1358 1357/1414/1357
f 1338/1395/1338 1339/1396/1339 1359/1416/1359 1358/1415/1358
f 1339/1396/1339 1340/1397/1340 1360/1417/1360 1359/1416/1359
f 1340/1397/1340 1341/1398/1341 1361/1418/1361 1360/1417/1360
f 1341/1398/1341 1342/1399/1342 1362/1419/1362 1361/1418/1361
f 1342/1399/1342 1343/1400/1343 1363/1420/1363 1362/1419/1362
f 1343/1400/1343 1344/1401/1344 1364/1421/1364 1363/1420/1363
f 1344/1401/1344 1345/1402/1345 1365/1422/1365 1364/1421/1364
f 1345/1402/1345 1346/1403/1346 1366/1423/1366 1365/1422/1365
f 1346/1403/1346 1327/1385/1328 1347/1405/1348 1366/1423/1366
f 1347/1405/1348 1348/1404/1347 1368/1424/1367 1367/1425/1368
f 1348/1404/1347 1349/1406/1349 1369/1426/1369 1368/1424/1367
f 1349/1406/1349 1350/1407/1350 1370/1427/1370 1369/1426/1369
f 1350/1407/1350 1351/1408/1351 1371/1428/1371 1370/1427/1370
f 1351/1408/1351 1352/1409/1352 1372/1429/1372 1371/1428/1371
f 1352/1409/1352 1353/1410/1353 1373/1430/1373 1372/1429/1372
f 1353/1410/1353 1354/1411/1354 1374/1431/1374 1373/1430/1373
f 1354/1411/1354 1355/1412/1355 1375/1432/1375 1374/1431/1374
f 1355/1412/1355 1356/1413/1356 1376/1433/1376 1375/1432/1375
f 1356/1413/1356 1357/1414/1357 1377/1434/1377 1376/1433/1376
f 1357/1414/1357 1358/1601/1358 1378/1600/1378 1377/1434/1377
f 1358/1415/1358 1359/1416/1359 1379/1436/1379 1378/1435/1378
f 1359/1416/1359 1360/1417/1360 1380/1437/1380 1379/1436/1379
f 1360/1417/1360 1361/1418/1361 1381/1438/1381 1380/1437/1380
f 1361/1418/1361 1362/1419/1362 1382/1439/1382 1381/1438/1381
f 1362/1419/1362 1363/1420/1363 1383/1440/1383 1382/1439/1382
f 1363/1420/1363 1364/1421/1364 1384/1441/1384 1383/1440/1383
f 1364/1421/1364 1365/1422/1365 1385/1442/1385 1384/1441/1384
f 1365/1422/1365 1366/1423/1366 1386/1443/1386 1385/1442/1385
f 1366/1423/1366 1347/1405/1348 1367/1425/1368 1386/1443/1386
f 1367/1425/1368 1368/1424/1367 1388/1444/1387 1387/1445/1388
f 1368/1424/1367 1369/1426/1369 1389/1446/1389 1388/1444/1387
f 1369/1426/1369 1370/1427/1370 1390/1447/1390 1389/1446/1389
f 1370/1427/1370 1371/1428/1371 1391/1448/1391 1390/1447/1390
f 1371/1428/1371 1372/1429/1372 1392/1449/1392 1391/1448/1391
f 1372/1429/1372 1373/1430/1373 1393/1450/1393 1392/1449/1392
f 1373/1430/1373 1374/1431/1374 1394/1451/1394 1393/1450/1393
f 1374/1431/1374 1375/1432/1375 1395/1452/1395 1394/1451/1394
f 1375/1432/1375 1376/1433/1376 1396/1453/1396 1395/1452/1395
f 1376/1433/1376 1377/1434/1377 1397/1454/1397 1396/1453/1396
f 1377/1434/1377 1378/1600/1378 1398/1599/1398 1397/1454/1397
f 1378/1435/1378 1379/1436/1379 1399/1456/1399 1398/1455/1398
f 1379/1436/1379 1380/1437/1380 1400/1457/1400 1399/1456/1399
f 1380/1437/1380 1381/1438/1381 1401/1458/1401 1400/1457/1400
f 1381/1438/1381 1382/1439/1382 1402/1459/1402 1401/1458/1401
f 1382/1439/1382 1383/1440/1383 1403/1460/1403 1402/1459/1402
f 1383/1440/1383 1384/1441/1384 1404/1461/1404 1403/1460/1403
f 1384/1441/1384 1385/1442/1385 1405/1462/1405 1404/1461/1404
f 1385/1442/1385 1386/1443/1386 1406/1463/1406 1405/1462/1405
f 1386/1443/1386 1367/1425/1368 1387/1445/1388 1406/1463/1406
f 1387/1445/1388 1388/1444/1387 1408/1464/1407 1407/1465/1408
f 1388/1444/1387 1389/1446/1389 1409/1598/1409 1408/1464/1407
f 1389/1446/1389 1390/1447/1390 1410/1467/1410 1409/1466/1409
f 1390/1447/1390 1391/1448/1391 1411/1468/1411 1410/1467/1410
f 1391/1448/1391 1392/1449/1392 1412/1469/1412 1411/1468/1411
f 1392/1449/1392 1393/1450/1393 1413/1470/1413 1412/1469/1412
f 1393/1450/1393 1394/1451/1394 1414/1471/1414 1413/1470/1413
f 1394/1451/1394 1395/1452/1395 1415/1472/1415 1414/1471/1414
f 1395/1452/1395 1396/1453/1396 1416/1473/1416 1415/1472/1415
f 1396/1453/1396 1397/1454/1397 1417/1474/1417 1416/1473/1416
f 1397/1454/1397 1398/1599/1398 1418/1597/1418 1417/1474/1417
f 1398/1455/1398 1399/1456/1399 1419/1476/1419 1418/1475/1418
f 1399/1456/1399 1400/1457/1400 1420/1477/1420 1419/1476/1419
f 1400/1457/1400 1401/1458/1401 1421/1478/1421 1420/1477/1420
f 1401/1458/1401 1402/1459/1402 1422/1479/1422 1421/1478/1421
f 1402/1459/1402 1403/1460/1403 1423/1480/1423 1422/1479/1422
f 1403/1460/1403 1404/1461/1404 1424/1481/1424 1423/1480/1423
f 1404/1461/1404 1405/1462/1405 1425/1482/1425 1424/1481/1424
f 1405/1462/1405 1406/1463/1406 1426/1483/1426 1425/1482/1425
f 1406/1463/1406 1387/1445/1388 1407/1465/1408 1426/1483/1426
f 1407/1465/1408 1408/1464/1407 1428/1484/1427 1427/1485/1428
f 1408/1464/1407 1409/1598/1409 1429/1596/1429 1428/1484/1427
f 1409/1466/1409 1410/1467/1410 1430/1487/1430 1429/1486/1429
f 1410/1467/1410 1411/1468/1411 1431/1488/1431 1430/1487/1430
f 1411/1468/1411 1412/1469/1412 1432/1489/1432 1431/1488/1431
f 1412/1469/1412 1413/1470/1413 1433/1490/1433 1432/1489/1432
f 1413/1470/1413 1414/1471/1414 1434/1491/1434 1433/1490/1433
f 1414/1471/1414 1415/1472/1415 1435/1492/1435 1434/1491/1434
f 1415/1472/1415 1416/1473/1416 1436/1493/1436 1435/1492/1435
f 1416/1473/1416 1417/1474/1417 1437/1494/1437 1436/1493/1436
f 1417/1474/1417 1418/1597/1418 1438/1595/1438 1437/1494/1437
f 1418/1475/1418 1419/1476/1419 1439/1496/1439 1438/1495/1438
f 1419/1476/1419 1420/1477/1420 1440/1497/1440 1439/1496/1439
f 1420/1477/1420 1421/1478/1421 1441/1498/1441 1440/1497/1440
f 1421/1478/1421 1422/1479/1422 1442/1499/1442 1441/1498/1441
f 1422/1479/1422 1423/1480/1423 1443/1500/1443 1442/1499/1442
f 1423/1480/1423 1424/1481/1424 1444/1501/1444 1443/1500/1443
f 1424/1481/1424 1425/1482/1425 1445/1502/1445 1444/1501/1444
f 1425/1482/1425 1426/1483/1426 1446/1503/1446 1445/1502/1445
f 1426/1483/1426 1407/1465/1408 1427/1485/1428 1446/1503/1446
f 1427/1485/1428 1428/1484/1427 1448/1504/1447 1447/1505/1448
f 1428/1484/1427 1429/1596/1429 1449/1594/1449 1448/1504/1447
f 1429/1486/1429 1430/1487/1430 1450/1507/1450 1449/1506/1449
f 1430/1487/1430 1431/1488/1431 1451/1508/1451 1450/1507/1450
f 1431/1488/1431 1432/1489/1432 1452/1509/1452 1451/1508/1451
f 1432/1489/1432 1433/1490/1433 1453/1510/1453 1452/1509/1452
f 1433/1490/1433 1434/1491/1434 1454/1511/1454 1453/1510/1453
f 1434/1491/1434 1435/1492/1435 1455/1512/1455 1454/1511/1454
f 1435/1492/1435 1436/1493/1436 1456/1513/1456 1455/1512/1455
f 1436/1493/1436 1437/1494/1437 1457/1514/1457 1456/1513/1456
f 1437/1494/1437 1438/1595/1438 1458/1593/1458 1457/1514/1457
f 1438/1495/1438 1439/1496/1439 1459/1516/1459 1458/1515/1458
f 1439/1496/1439 1440/1497/1440 1460/1517/1460 1459/1516/1459
f 1440/1497/1440 1441/1498/1441 1461/1518/1461 1460/1517/1460
f 1441/1498/1441 1442/1499/1442 1462/1519/1462 1461/1518/1461
f 1442/1499/1442 1443/1500/1443 1463/1520/1463 1462/1519/1462
f 1443/1500/1443 1444/1501/1444 1464/1521/1464 1463/1520/1463
f 1444/1501/1444 1445/1502/1445 1465/1522/1465 1464/1521/1464
f 1445/1502/1445 1446/1503/1446 1466/1523/1466 1465/1522/1465
f 1446/1503/1446 1427/1485/1428 1447/1505/1448 1466/1523/1466
f 1447/1505/1448 1448/1504/1447 1468/1524/1467 1467/1525/1468
f 1448/1504/1447 1449/1594/1449 1469/1592/1469 1468/1524/1467
f 1449/1506/1449 1450/1507/1450 1470/1527/1470 1469/1526/1469
f 1450/1507/1450 1451/1508/1451 1471/1528/1471 1470/1527/1470
f 1451/1508/1451 1452/1509/1452 1472/1529/1472 1471/1528/1471
f 1452/1509/1452 1453/1510/1453 1473/1530/1473 1472/1529/1472
f 1453/1510/1453 1454/1511/1454 1474/1531/1474 1473/1530/1473
f 1454/1511/1454 1455/1512/1455 1475/1532/1475 1474/1531/1474
f 1455/1512/1455 1456/1513/1456 1476/1533/1476 1475/1532/1475
f 1456/1513/1456 1457/1514/1457 1477/1534/1477 1476/1533/1476
f 1457/1514/1457 1458/1593/1458 1478/1591/1478 1477/1534/1477
f 1458/1515/1458 1459/1516/1459 1479/1536/1479 1478/1535/1478
f 1459/1516/1459 1460/1517/1460 1480/1537/1480 1479/1536/1479
f 1460/1517/1460 1461/1518/1461 1481/1538/1481 1480/1537/1480
f 1461/1518/1461 1462/1519/1462 1482/1539/1482 1481/1538/1481
f 1462/1519/1462 1463/1520/1463 1483/1540/1483 1482/1539/1482
f 1463/1520/1463 1464/1521/1464 1484/1541/1484 1483/1540/1483
f 1464/1521/1464 1465/1522/1465 1485/1542/1485 1484/1541/1484
f 1465/1522/1465 1466/1523/1466 1486/1543/1486 1485/1542/1485
f 1466/1523/1466 1447/1505/1448 1467/1525/1468 1486/1543/1486
f 1467/1525/1468 1468/1524/1467 1488/1544/1487 1487/1545/1488
f 1468/1524/1467 1469/1592/1469 1489/1590/1489 1488/1544/1487
f 1469/1526/1469 1470/1527/1470 1490/1547/1490 1489/1546/1489
f 1470/1527/1470 1471/1528/1471 1491/1548/1491 1490/1547/1490
f 1471/1528/1471 1472/1529/1472 1492/1549/1492 1491/1548/1491
f 1472/1529/1472 1473/1530/1473 1493/1550/1493 1492/1549/1492
f 1473/1530/1473 1474/1531/1474 1494/1551/1494 1493/1550/1493
f 1474/1531/1474 1475/1532/1475 1495/1552/1495 1494/1551/1494
f 1475/1532/1475 1476/1533/1476 1496/1553/1496 1495/1552/1495
f 1476/1533/1476 1477/1534/1477 1497/1554/1497 1496/1553/1496
f 1477/1534/1477 1478/1591/1478 1498/1589/1498 1497/1554/1497
f 1478/1535/1478 1479/1536/1479 1499/1556/1499 1498/1555/1498
f 1479/1536/1479 1480/1537/1480 1500/1557/1500 1499/1556/1499
f 1480/1537/1480 1481/1538/1481 1501/1558/1501 1500/1557/1500
f 1481/1538/1481 1482/1539/1482 1502/1559/1502 1501/1558/1501
f 1482/1539/1482 1483/1540/1483 1503/1560/1503 1502/1559/1502
f 1483/1540/1483 1484/1541/1484 1504/1561/1504 1503/1560/1503
f 1484/1541/1484 1485/1542/1485 1505/1562/1505 1504/1561/1504
f 1485/1542/1485 1486/1543/1486 1506/1563/1506 1505/1562/1505
f 1486/1543/1486 1467/1525/1468 1487/1545/1488 1506/1563/1506
f 1487/1545/1488 1488/1544/1487 1508/1564/1507 1507/1565/1508
f 1488/1544/1487 1489/1590/1489 1509/1588/1509 1508/1564/1507
f 1489/1546/1489 1490/1547/1490 1510/1567/1510 1509/1566/1509
f 1490/1547/1490 1491/1548/1491 1511/1568/1511 1510/1567/1510
f 1491/1548/1491 1492/1549/1492 1512/1569/1512 1511/1568/1511
f 1492/1549/1492 1493/1550/1493 1513/1570/1513 1512/1569/1512
f 1493/1550/1493 1494/1551/1494 1514/1571/1514 1513/1570/1513
f 1494/1551/1494 1495/1552/1495 1515/1572/1515 1514/1571/1514
f 1495/1552/1495 1496/1553/1496 1516/1573/1516 1515/1572/1515
f 1496/1553/1496 1497/1554/1497 1517/1574/1517 1516/1573/1516
f 1497/1554/1497 1498/1589/1498 1518/1586/1518 1517/1574/1517
f 1498/1555/1498 1499/1556/1499 1519/1576/1519 1518/1575/1518
f 1499/1556/1499 1500/1557/1500 1520/1577/1520 1519/1576/1519
f 1500/1557/1500 1501/1558/1501 1521/1578/1521 1520/1577/1520
f 1501/1558/1501 1502/1559/1502 1522/1579/1522 1521/1578/1521
f 1502/1559/1502 1503/1560/1503 1523/1580/1523 1522/1579/1522
f 1503/1560/1503 1504/1561/1504 1524/1581/1524 1523/1580/1523
f 1504/1561/1504 1505/1562/1505 1525/1582/1525 1524/1581/1524
f 1505/1562/1505 1506/1563/1506 1526/1583/1526 1525/1582/1525
f 1506/1563/1506 1487/1545/1488 1507/1565/1508 1526/1583/1526
f 1148/1205/1148 1147/1204/1147 1527/1584/1527
f 1149/1208/1151 1148/1205/1148 1527/1584/1527
f 1150/1210/1153 1149/1208/1151 1527/1584/1527
f 1151/1212/1155 1150/1210/1153 1527/1584/1527
f 1152/1214/1157 1151/1212/1155 1527/1584/1527
f 1153/1216/1159 1152/1214/1157 1527/1584/1527
f 1154/1218/1161 1153/1216/1159 1527/1584/1527
f 1155/1220/1163 1154/1218/1161 1527/1584/1527
f 1156/1222/1165 1155/1220/1163 1527/1584/1527
f 1157/1224/1167 1156/1222/1165 1527/1584/1527
f 1158/1226/1169 1157/1224/1167 1527/1584/1527
f 1159/1228/1171 1158/1226/1169 1527/1584/1527
f 1160/1230/1173 1159/1228/1171 1527/1584/1527
f 1161/1232/1175 1160/1230/1173 1527/1584/1527
f 1162/1234/1177 1161/1232/1175 1527/1584/1527
f 1163/1236/1179 1162/1234/1177 1527/1584/1527
f 1164/1238/1181 1163/1236/1179 1527/1584/1527
f 1165/1240/1183 1164/1238/1181 1527/1584/1527
f 1166/1242/1185 1165/1240/1183 1527/1584/1527
f 1147/1204/1147 1166/1242/1185 1527/1584/1527
f 1507/1565/1508 1508/1564/1507 1528/1585/1528
f 1508/1564/1507 1509/1588/1509 1528/1585/1528
f 1509/1566/1509 1510/1567/1510 1528/1587/1528
f 1510/1567/1510 1511/1568/1511 1528/1587/1528
f 1511/1568/1511 1512/1569/1512 1528/1587/1528
f 1512/1569/1512 1513/1570/1513 1528/1587/1528
f 1513/1570/1513 1514/1571/1514 1528/1587/1528
f 1514/1571/1514 1515/1572/1515 1528/1587/1528
f 1515/1572/1515 1516/1573/1516 1528/1587/1528
f 1516/1573/1516 1517/1574/1517 1528/1587/1528
f 1517/1574/1517 1518/1586/1518 1528/1587/1528
f 1518/1575/1518 1519/1576/1519 1528/1585/1528
f 1519/1576/1519 1520/1577/1520 1528/1585/1528
f 1520/1577/1520 1521/1578/1521 1528/1585/1528
f 1521/1578/1521 1522/1579/1522 1528/1585/1528
f 1522/1579/1522 1523/1580/1523 1528/1585/1528
f 1523/1580/1523 1524/1581/1524 1528/1585/1528
f 1524/1581/1524 1525/1582/1525 1528/1585/1528
f 1525/1582/1525 1526/1583/1526 1528/1585/1528
f 1526/1583/1526 1507/1565/1508 1528/1585/1528
g default
v -0.179768 0.995450 -0.025976
v -0.191707 0.995450 -0.049409
v -0.210304 0.995450 -0.068006
v -0.233737 0.995450 -0.079946
v -0.259713 0.995450 -0.084060
v -0.285689 0.995450 -0.079946
v -0.309122 0.995450 -0.068006
v -0.327719 0.995450 -0.049409
v -0.339659 0.995450 -0.025976
v -0.343773 0.995450 0.000000
v -0.339659 0.995450 0.025976
v -0.327719 0.995450 0.049409
v -0.309122 0.995450 0.068006
v -0.285689 0.995450 0.079946
v -0.259713 0.995450 0.084060
v -0.233737 0.995450 0.079946
v -0.210304 0.995450 0.068006
v -0.191707 0.995450 0.049409
v -0.179768 0.995450 0.025976
v -0.175653 0.995450 0.000000
v -0.101790 1.011457 -0.051312
v -0.125376 1.011457 -0.097602
v -0.162112 1.011457 -0.134337
v -0.208401 1.011457 -0.157923
v -0.259713 1.011457 -0.166050
v -0.311025 1.011457 -0.157923
v -0.357315 1.011457 -0.134337
v -0.394050 1.011457 -0.097602
v -0.417636 1.011457 -0.051312
v -0.425763 1.011457 0.000000
v -0.417636 1.011457 0.051312
v -0.394050 1.011457 0.097602
v -0.357315 1.011457 0.134337
v -0.311025 1.011457 0.157923
v -0.259713 1.011457 0.166050
v -0.208401 1.011457 0.157923
v -0.162112 1.011457 0.134337
v -0.125376 1.011457 0.097602
v -0.101790 1.011457 0.051312
v -0.093663 1.011457 0.000000
v -0.027702 1.037695 -0.075385
v -0.062352 1.037695 -0.143391
v -0.116322 1.037695 -0.197360
v -0.184328 1.037695 -0.232011
v -0.259713 1.037695 -0.243951
v -0.335098 1.037695 -0.232011
v -0.403104 1.037695 -0.197360
v -0.457074 1.037695 -0.143391
v -0.491724 1.037695 -0.075385
v -0.503664 1.037695 0.000000
v -0.491724 1.037695 0.075385
v -0.457074 1.037695 0.143391
v -0.403104 1.037695 0.197360
v -0.335098 1.037695 0.232011
v -0.259713 1.037695 0.243951
v -0.184328 1.037695 0.232011
v -0.116322 1.037695 0.197360
v -0.062353 1.037695 0.143391
v -0.027702 1.037695 0.075385
v -0.015762 1.037695 0.000000
v 0.040674 1.073521 -0.097602
v -0.004189 1.073521 -0.185649
v -0.074064 1.073521 -0.255524
v -0.162112 1.073521 -0.300387
v -0.259713 1.073521 -0.315845
v -0.357315 1.073521 -0.300387
v -0.445362 1.073521 -0.255524
v -0.515237 1.073521 -0.185649
v -0.560100 1.073521 -0.097602
v -0.575558 1.073521 0.000000
v -0.560100 1.073521 0.097602
v -0.515237 1.073521 0.185649
v -0.445362 1.073521 0.255524
v -0.357315 1.073521 0.300387
v -0.259713 1.073521 0.315845
v -0.162112 1.073521 0.300387
v -0.074064 1.073521 0.255524
v -0.004189 1.073521 0.185649
v 0.040674 1.073521 0.097602
v 0.056132 1.073521 0.000000
v 0.101653 1.118051 -0.117415
v 0.047683 1.118051 -0.223336
v -0.036377 1.118051 -0.307396
v -0.142298 1.118051 -0.361366
v -0.259713 1.118051 -0.379963
v -0.377128 1.118051 -0.361366
v -0.483049 1.118051 -0.307396
v -0.567109 1.118051 -0.223336
v -0.621079 1.118051 -0.117415
v -0.639676 1.118051 0.000000
v -0.621079 1.118051 0.117415
v -0.567109 1.118051 0.223336
v -0.483049 1.118051 0.307396
v -0.377128 1.118051 0.361366
v -0.259713 1.118051 0.379962
v -0.142298 1.118051 0.361366
v -0.036377 1.118051 0.307396
v 0.047683 1.118051 0.223336
v 0.101653 1.118051 0.117415
v 0.120249 1.118051 0.000000
v 0.153734 1.170189 -0.134337
v 0.091986 1.170189 -0.255524
v -0.004189 1.170189 -0.351699
v -0.125376 1.170189 -0.413447
v -0.259713 1.170189 -0.434724
v -0.394050 1.170189 -0.413447
v -0.515237 1.170189 -0.351699
v -0.611412 1.170189 -0.255524
v -0.673160 1.170189 -0.134337
v -0.694437 1.170189 0.000000
v -0.673160 1.170189 0.134337
v -0.611412 1.170189 0.255524
v -0.515237 1.170189 0.351699
v -0.394050 1.170189 0.413447
v -0.259713 1.170189 0.434724
v -0.125376 1.170189 0.413447
v -0.004189 1.170189 0.351699
v 0.091986 1.170189 0.255524
v 0.153734 1.170189 0.134337
v 0.175011 1.170189 0.000000
v 0.195635 1.228651 -0.147951
v 0.127629 1.228651 -0.281420
v 0.021707 1.228651 -0.387342
v -0.111762 1.228651 -0.455347
v -0.259713 1.228651 -0.478781
v -0.407664 1.228651 -0.455347
v -0.541133 1.228651 -0.387342
v -0.647055 1.228651 -0.281420
v -0.715060 1.228651 -0.147951
v -0.738494 1.228651 0.000000
v -0.715060 1.228651 0.147951
v -0.647055 1.228651 0.281420
v -0.541133 1.228651 0.387342
v -0.407664 1.228651 0.455347
v -0.259713 1.228651 0.478781
v -0.111762 1.228651 0.455347
v 0.021707 1.228651 0.387342
v 0.127628 1.228651 0.281420
v 0.195634 1.228651 0.147951
v 0.219068 1.228651 0.000000
v 0.226323 1.291997 -0.157923
v 0.153734 1.291997 -0.300387
v 0.040674 1.291997 -0.413447
v -0.101790 1.291997 -0.486036
v -0.259713 1.291997 -0.511048
v -0.417636 1.291997 -0.486036
v -0.560100 1.291997 -0.413447
v -0.673160 1.291997 -0.300387
v -0.745749 1.291997 -0.157923
v -0.770761 1.291997 0.000000
v -0.745749 1.291997 0.157923
v -0.673160 1.291997 0.300387
v -0.560100 1.291997 0.413447
v -0.417636 1.291997 0.486036
v -0.259713 1.291997 0.511048
v -0.101790 1.291997 0.486036
v 0.040674 1.291997 0.413447
v 0.153734 1.291997 0.300387
v 0.226323 1.291997 0.157923
v 0.251335 1.291997 0.000000
v 0.245044 1.358668 -0.164005
v 0.169658 1.358668 -0.311957
v 0.052243 1.358668 -0.429372
v -0.095708 1.358668 -0.504757
v -0.259713 1.358668 -0.530732
v -0.423718 1.358668 -0.504757
v -0.571670 1.358668 -0.429372
v -0.689085 1.358668 -0.311957
v -0.764470 1.358668 -0.164005
v -0.790446 1.358668 0.000000
v -0.764470 1.358668 0.164005
v -0.689085 1.358668 0.311957
v -0.571670 1.358668 0.429371
v -0.423718 1.358668 0.504756
v -0.259713 1.358668 0.530732
v -0.095708 1.358668 0.504756
v 0.052243 1.358668 0.429371
v 0.169658 1.358668 0.311957
v 0.245043 1.358668 0.164005
v 0.271019 1.358668 0.000000
v 0.251336 1.436248 -0.166050
v 0.175011 1.436248 -0.315845
v 0.056132 1.436248 -0.434724
v -0.093663 1.436248 -0.511048
v -0.259713 1.436248 -0.537348
v -0.425763 1.436248 -0.511048
v -0.575558 1.436248 -0.434724
v -0.694437 1.436248 -0.315845
v -0.770761 1.436248 -0.166050
v -0.797061 1.436248 0.000000
v -0.770761 1.436248 0.166050
v -0.694437 1.436248 0.315845
v -0.575558 1.436248 0.434724
v -0.425763 1.436248 0.511048
v -0.259713 1.436248 0.537348
v -0.093663 1.436248 0.511048
v 0.056132 1.436248 0.434724
v 0.175011 1.436248 0.315845
v 0.251335 1.436248 0.166050
v 0.277635 1.436248 0.000000
v 0.245044 1.529502 -0.164005
v 0.169658 1.529502 -0.311957
v 0.052243 1.529502 -0.429372
v -0.095708 1.529502 -0.504757
v -0.259713 1.529502 -0.530732
v -0.423718 1.529502 -0.504757
v -0.571670 1.529502 -0.429372
v -0.689085 1.529502 -0.311957
v -0.764470 1.529502 -0.164005
v -0.790446 1.529502 0.000000
v -0.764470 1.529502 0.164005
v -0.689085 1.529502 0.311957
v -0.571670 1.529502 0.429371
v -0.423718 1.529502 0.504756
v -0.259713 1.529502 0.530732
v -0.095708 1.529502 0.504756
v 0.052243 1.529502 0.429371
v 0.169658 1.529502 0.311957
v 0.245043 1.529502 0.164005
v 0.271019 1.529502 0.000000
v 0.226323 1.620459 -0.157923
v 0.153734 1.620459 -0.300387
v 0.040674 1.620459 -0.413447
v -0.101790 1.620459 -0.486036
v -0.259713 1.620459 -0.511048
v -0.417636 1.620459 -0.486036
v -0.560100 1.620459 -0.413447
v -0.673160 1.620459 -0.300387
v -0.745749 1.620459 -0.157923
v -0.770761 1.620459 0.000000
v -0.745749 1.620459 0.157923
v -0.673160 1.620459 0.300387
v -0.560100 1.620459 0.413447
v -0.417636 1.620459 0.486036
v -0.259713 1.620459 0.511048
v -0.101790 1.620459 0.486036
v 0.040674 1.620459 0.413447
v 0.153734 1.620459 0.300387
v 0.226323 1.620459 0.157923
v 0.251335 1.620459 0.000000
v 0.195635 1.706880 -0.147951
v 0.127629 1.706880 -0.281420
v 0.021707 1.706880 -0.387342
v -0.111762 1.706880 -0.455347
v -0.259713 1.706880 -0.478781
v -0.407664 1.706880 -0.455347
v -0.541133 1.706880 -0.387342
v -0.647055 1.706880 -0.281420
v -0.715060 1.706880 -0.147951
v -0.738494 1.706880 0.000000
v -0.715060 1.706880 0.147951
v -0.647055 1.706880 0.281420
v -0.541133 1.706880 0.387342
v -0.407664 1.706880 0.455347
v -0.259713 1.706880 0.478781
v -0.111762 1.706880 0.455347
v 0.021707 1.706880 0.387342
v 0.127628 1.706880 0.281420
v 0.195634 1.706880 0.147951
v 0.219068 1.706880 0.000000
v 0.153734 1.786637 -0.134337
v 0.091986 1.786637 -0.255524
v -0.004189 1.786637 -0.351699
v -0.125376 1.786637 -0.413447
v -0.259713 1.786637 -0.434724
v -0.394050 1.786637 -0.413447
v -0.515237 1.786637 -0.351699
v -0.611412 1.786637 -0.255524
v -0.673160 1.786637 -0.134337
v -0.694437 1.786637 0.000000
v -0.673160 1.786637 0.134337
v -0.611412 1.786637 0.255524
v -0.515237 1.786637 0.351699
v -0.394050 1.786637 0.413447
v -0.259713 1.786637 0.434724
v -0.125376 1.786637 0.413447
v -0.004189 1.786637 0.351699
v 0.091986 1.786637 0.255524
v 0.153734 1.786637 0.134337
v 0.175011 1.786637 0.000000
v 0.101653 1.857767 -0.117415
v 0.047683 1.857767 -0.223336
v -0.036377 1.857767 -0.307396
v -0.142298 1.857767 -0.361366
v -0.259713 1.857767 -0.379963
v -0.377128 1.857767 -0.361366
v -0.483049 1.857767 -0.307396
v -0.567109 1.857767 -0.223336
v -0.621079 1.857767 -0.117415
v -0.639676 1.857767 0.000000
v -0.621079 1.857767 0.117415
v -0.567109 1.857767 0.223336
v -0.483049 1.857767 0.307396
v -0.377128 1.857767 0.361366
v -0.259713 1.857767 0.379962
v -0.142298 1.857767 0.361366
v -0.036377 1.857767 0.307396
v 0.047683 1.857767 0.223336
v 0.101653 1.857767 0.117415
v 0.120249 1.857767 0.000000
v 0.040674 1.918517 -0.097602
v -0.004189 1.918517 -0.185649
v -0.074064 1.918517 -0.255524
v -0.162112 1.918517 -0.300387
v -0.259713 1.918517 -0.315845
v -0.357315 1.918517 -0.300387
v -0.445362 1.918517 -0.255524
v -0.515237 1.918517 -0.185649
v -0.560100 1.918517 -0.097602
v -0.575558 1.918517 0.000000
v -0.560100 1.918517 0.097602
v -0.515237 1.918517 0.185649
v -0.445362 1.918517 0.255524
v -0.357315 1.918517 0.300387
v -0.259713 1.918517 0.315845
v -0.162112 1.918517 0.300387
v -0.074064 1.918517 0.255524
v -0.004189 1.918517 0.185649
v 0.040674 1.918517 0.097602
v 0.056132 1.918517 0.000000
v -0.027702 1.967393 -0.075385
v -0.062352 1.967393 -0.143391
v -0.116322 1.967393 -0.197360
v -0.184328 1.967393 -0.232011
v -0.259713 1.967393 -0.243951
v -0.335098 1.967393 -0.232011
v -0.403104 1.967393 -0.197360
v -0.457074 1.967393 -0.143391
v -0.491724 1.967393 -0.075385
v -0.503664 1.967393 0.000000
v -0.491724 1.967393 0.075385
v -0.457074 1.967393 0.143391
v -0.403104 1.967393 0.197360
v -0.335098 1.967393 0.232011
v -0.259713 1.967393 0.243951
v -0.184328 1.967393 0.232011
v -0.116322 1.967393 0.197360
v -0.062353 1.967393 0.143391
v -0.027702 1.967393 0.075385
v -0.015762 1.967393 0.000000
v -0.101790 2.003190 -0.051312
v -0.125376 2.003190 -0.097602
v -0.162112 2.003190 -0.134337
v -0.208401 2.003190 -0.157923
v -0.259713 2.003190 -0.166050
v -0.311025 2.003190 -0.157923
v -0.357315 2.003190 -0.134337
v -0.394050 2.003190 -0.097602
v -0.417636 2.003190 -0.051312
v -0.425763 2.003190 0.000000
v -0.417636 2.003190 0.051312
v -0.394050 2.003190 0.097602
v -0.357315 2.003190 0.134337
v -0.311025 2.003190 0.157923
v -0.259713 2.003190 0.166050
v -0.208401 2.003190 0.157923
v -0.162112 2.003190 0.134337
v -0.125376 2.003190 0.097602
v -0.101790 2.003190 0.051312
v -0.093663 2.003190 0.000000
v -0.179768 2.025026 -0.025976
v -0.191707 2.025026 -0.049409
v -0.210304 2.025026 -0.068006
v -0.233737 2.025026 -0.079946
v -0.259713 2.025026 -0.084060
v -0.285689 2.025026 -0.079946
v -0.309122 2.025026 -0.068006
v -0.327719 2.025026 -0.049409
v -0.339659 2.025026 -0.025976
v -0.343773 2.025026 0.000000
v -0.339659 2.025026 0.025976
v -0.327719 2.025026 0.049409
v -0.309122 2.025026 0.068006
v -0.285689 2.025026 0.079946
v -0.259713 2.025026 0.084060
v -0.233737 2.025026 0.079946
v -0.210304 2.025026 0.068006
v -0.191707 2.025026 0.049409
v -0.179768 2.025026 0.025976
v -0.175653 2.025026 0.000000
v -0.259713 0.990071 0.000000
v -0.259713 2.032366 0.000000
vt 0.653521 0.283553
vt 0.656845 0.285975
vt 0.649944 0.294668
vt 0.643528 0.289743
vt 0.660815 0.287528
vt 0.657724 0.297947
vt 0.665057 0.288029
vt 0.666198 0.299159
vt 0.669150 0.287391
vt 0.674547 0.298034
vt 0.672659 0.285647
vt 0.681832 0.294535
vt 0.675186 0.282962
vt 0.687095 0.288958
vt 0.676442 0.279627
vt 0.689594 0.281972
vt 0.676302 0.276017
vt 0.689097 0.274503
vt 0.674812 0.272529
vt 0.685843 0.267470
vt 0.672169 0.269522
vt 0.680370 0.261597
vt 0.668672 0.267276
vt 0.673356 0.257360
vt 0.664680 0.265975
vt 0.665512 0.255023
vt 0.660574 0.265709
vt 0.657539 0.254677
vt 0.656728 0.266476
vt 0.650106 0.256279
vt 0.653487 0.268194
vt 0.643831 0.259660
vt 0.651142 0.270703
vt 0.639255 0.264535
vt 0.649906 0.273779
vt 0.636794 0.270508
vt 0.649901 0.277151
vt 0.636694 0.277081
vt 0.651138 0.280513
vt 0.638994 0.283690
vt 0.642623 0.302894
vt 0.633395 0.295455
vt 0.653944 0.308024
vt 0.666503 0.310165
vt 0.679192 0.308764
vt 0.690571 0.303550
vt 0.698892 0.294826
vt 0.702588 0.283759
vt 0.701438 0.272161
vt 0.696124 0.261614
vt 0.687703 0.253129
vt 0.677258 0.247228
vt 0.665795 0.244129
vt 0.654243 0.243863
vt 0.643481 0.246329
vt 0.634353 0.251301
vt 0.627633 0.258408
vt 0.623955 0.267118
vt 0.623700 0.276740
vt 0.626927 0.286466
vt 0.635004 0.310630
vt 0.623266 0.300731
vt 0.649511 0.317675
vt 0.665862 0.320949
vt 0.682842 0.319549
vt 0.698645 0.312738
vt 0.710527 0.300545
vt 0.715321 0.284798
vt 0.713136 0.268813
vt 0.705490 0.254923
vt 0.694099 0.244195
vt 0.680408 0.236995
vt 0.665620 0.233392
vt 0.650802 0.233328
vt 0.636971 0.236660
vt 0.625150 0.243138
vt 0.616350 0.252352
vt 0.611453 0.263666
vt 0.611007 0.276206
vt 0.615063 0.288920
vt 0.627207 0.317879
vt 0.613263 0.305622
vt 0.644491 0.326844
vt 0.664218 0.331432
vt 0.685262 0.330372
vt 0.705762 0.322209
vt 0.721997 0.306119
vt 0.727695 0.284820
vt 0.724008 0.264280
vt 0.713822 0.247404
vt 0.699540 0.234895
vt 0.682859 0.226770
vt 0.665076 0.222894
vt 0.647315 0.223122
vt 0.630670 0.227296
vt 0.616306 0.235188
vt 0.605470 0.246390
vt 0.599344 0.260197
vt 0.598688 0.275553
vt 0.603501 0.291128
vt 0.619332 0.324659
vt 0.603479 0.310183
vt 0.638963 0.335504
vt 0.661554 0.341550
vt 0.686230 0.341230
vt 0.711527 0.332172
vt 0.733349 0.311590
vt 0.739610 0.283400
vt 0.733884 0.258378
vt 0.721050 0.239095
vt 0.704045 0.225333
vt 0.684675 0.216642
vt 0.664241 0.212690
vt 0.643860 0.213271
vt 0.624652 0.218246
vt 0.607885 0.227449
vt 0.595040 0.240530
vt 0.587658 0.256744
vt 0.586786 0.274839
vt 0.592311 0.293160
vt 0.611452 0.331009
vt 0.593969 0.314473
vt 0.633002 0.343652
vt 0.657886 0.351263
vt 0.685544 0.352126
vt 0.715359 0.342974
vt 0.744677 0.317087
vt 0.750910 0.279802
vt 0.742617 0.250931
vt 0.727153 0.230053
vt 0.707659 0.215593
vt 0.685920 0.206669
vt 0.663178 0.202805
vt 0.640493 0.203776
vt 0.618968 0.209495
vt 0.599932 0.219902
vt 0.585084 0.234759
vt 0.576393 0.253324
vt 0.575315 0.274119
vt 0.581528 0.295082
vt 0.603604 0.336975
vt 0.584751 0.318555
vt 0.626658 0.351311
vt 0.653242 0.360553
vt 0.683037 0.363062
vt 0.716349 0.355185
vt 0.756131 0.323034
vt 0.761154 0.272658
vt 0.750126 0.241788
vt 0.732143 0.220340
vt 0.710433 0.205733
vt 0.686652 0.196871
vt 0.661933 0.193232
vt 0.637251 0.194610
vt 0.613651 0.201004
vt 0.592474 0.212500
vt 0.575606 0.229038
vt 0.565513 0.249937
vt 0.564251 0.273436
vt 0.571152 0.296961
vt 0.595792 0.342619
vt 0.575815 0.322501
vt 0.619957 0.358522
vt 0.647655 0.369418
vt 0.678612 0.374005
vt 0.712924 0.369734
vt 0.777659 0.300035
vt 0.771257 0.260355
vt 0.756434 0.230940
vt 0.736045 0.210013
vt 0.712410 0.195771
vt 0.686915 0.187235
vt 0.660543 0.183931
vt 0.634161 0.185721
vt 0.608725 0.192709
vt 0.585535 0.205165
vt 0.566598 0.223290
vt 0.554943 0.246568
vt 0.553540 0.272842
vt 0.561156 0.298872
vt 0.586954 0.348722
vt 0.565995 0.326923
vt 0.611920 0.366226
vt 0.640215 0.378978
vt 0.671464 0.386233
vt 0.705301 0.387111
vt 0.796622 0.274084
vt 0.780993 0.242876
vt 0.761964 0.216887
vt 0.739137 0.197596
vt 0.713704 0.184323
vt 0.686664 0.176444
vt 0.658808 0.173640
vt 0.630861 0.175886
vt 0.603645 0.183429
vt 0.578336 0.196786
vt 0.556962 0.216588
vt 0.543207 0.242732
vt 0.541730 0.272374
vt 0.550241 0.301209
vt 0.576302 0.355833
vt 0.554585 0.332431
vt 0.601603 0.374965
vt 0.629747 0.389822
vt 0.660151 0.400369
vt 0.691994 0.407231
vt 0.812287 0.241037
vt 0.789147 0.218588
vt 0.766061 0.197952
vt 0.740933 0.181706
vt 0.713935 0.170261
vt 0.685617 0.163533
vt 0.656537 0.161469
vt 0.627239 0.164221
vt 0.598354 0.172215
vt 0.570789 0.186300
vt 0.546310 0.207849
vt 0.529198 0.237991
vt 0.527858 0.272441
vt 0.537673 0.304620
vt 0.565700 0.362867
vt 0.543726 0.338496
vt 0.590662 0.383164
vt 0.617796 0.399798
vt 0.646301 0.413299
vt 0.675010 0.425136
vt 0.819743 0.206114
vt 0.792619 0.192295
vt 0.767039 0.177605
vt 0.740538 0.165113
vt 0.712725 0.156010
vt 0.683816 0.150723
vt 0.654174 0.149495
vt 0.624188 0.152646
vt 0.594282 0.160752
vt 0.564996 0.174954
vt 0.537356 0.197592
vt 0.515082 0.232996
vt 0.514445 0.274162
vt 0.525917 0.309354
vt 0.555246 0.370046
vt 0.533547 0.345592
vt 0.579222 0.390892
vt 0.604597 0.408786
vt 0.630384 0.424584
vt 0.655174 0.440062
vt 0.818905 0.170841
vt 0.790957 0.165256
vt 0.764632 0.156592
vt 0.737850 0.148178
vt 0.710061 0.141717
vt 0.681308 0.138053
vt 0.651829 0.137683
vt 0.621905 0.141060
vt 0.591807 0.148814
vt 0.561745 0.162146
vt 0.531658 0.184095
vt 0.500579 0.226862
vt 0.502418 0.280286
vt 0.515240 0.316527
vt 0.545006 0.377612
vt 0.524101 0.354193
vt 0.567391 0.398245
vt 0.590367 0.416713
vt 0.612826 0.433934
vt 0.633198 0.451581
vt 0.810006 0.136940
vt 0.784002 0.138616
vt 0.758687 0.135599
vt 0.732794 0.131244
vt 0.705933 0.127517
vt 0.678137 0.125533
vt 0.649605 0.125972
vt 0.620581 0.129341
vt 0.591299 0.136160
vt 0.561952 0.147142
vt 0.532715 0.163250
vt 0.478098 0.262926
vt 0.490305 0.296484
vt 0.505550 0.327371
vt 0.535016 0.385790
vt 0.515454 0.364530
vt 0.555241 0.405345
vt 0.575282 0.423555
vt 0.593984 0.441165
vt 0.609721 0.459461
vt 0.793598 0.106139
vt 0.771788 0.113457
vt 0.749112 0.115266
vt 0.725296 0.114629
vt 0.700315 0.113516
vt 0.674330 0.113145
vt 0.647589 0.114271
vt 0.620377 0.117369
vt 0.592988 0.122732
vt 0.565763 0.130381
vt 0.539243 0.139414
vt 0.463142 0.297058
vt 0.480265 0.317831
vt 0.497159 0.341581
vt 0.525287 0.394783
vt 0.507704 0.376675
vt 0.542798 0.412333
vt 0.559457 0.429328
vt 0.574146 0.446166
vt 0.585318 0.463584
vt 0.770566 0.080093
vt 0.754488 0.090837
vt 0.735836 0.096215
vt 0.715246 0.098631
vt 0.693138 0.099789
vt 0.669885 0.100824
vt 0.645855 0.102446
vt 0.621431 0.105027
vt 0.597034 0.108604
vt 0.573195 0.112686
vt 0.550708 0.115654
vt 0.455626 0.330633
vt 0.473531 0.342030
vt 0.490487 0.358564
vt 0.515814 0.404796
vt 0.500985 0.390647
vt 0.530033 0.419383
vt 0.542935 0.434077
vt 0.553529 0.448867
vt 0.560509 0.463907
vt 0.742166 0.060328
vt 0.732396 0.071839
vt 0.718760 0.079095
vt 0.702451 0.083543
vt 0.684248 0.086370
vt 0.664744 0.088442
vt 0.644455 0.090303
vt 0.623886 0.092179
vt 0.603595 0.093927
vt 0.584270 0.094892
vt 0.566844 0.093631
vt 0.455288 0.363257
vt 0.470831 0.367763
vt 0.485965 0.377770
vt 0.506576 0.416080
vt 0.495470 0.406486
vt 0.516849 0.426721
vt 0.525674 0.437886
vt 0.532284 0.449233
vt 0.535773 0.460462
vt 0.710124 0.048101
vt 0.705972 0.057603
vt 0.697733 0.064657
vt 0.686565 0.069700
vt 0.673339 0.073257
vt 0.658752 0.075775
vt 0.643417 0.077540
vt 0.627929 0.078627
vt 0.612919 0.078854
vt 0.599125 0.077731
vt 0.587456 0.074442
vt 0.461557 0.393813
vt 0.472570 0.394020
vt 0.484008 0.398744
vt 0.497526 0.428973
vt 0.491338 0.424262
vt 0.503073 0.434680
vt 0.507548 0.440939
vt 0.510520 0.447338
vt 0.511585 0.453462
vt 0.676567 0.043983
vt 0.675916 0.049235
vt 0.672539 0.053801
vt 0.666989 0.057522
vt 0.659817 0.060381
vt 0.651558 0.062408
vt 0.642730 0.063625
vt 0.633849 0.064005
vt 0.625449 0.063453
vt 0.618092 0.061814
vt 0.612375 0.058917
vt 0.473300 0.420991
vt 0.478763 0.419788
vt 0.484938 0.421032
vt 0.663266 0.276900
vt 0.488420 0.443825
vt 0.608920 0.054664
vt 0.642351 0.047333
vt 0.510417 0.458853
vt 0.579066 0.067964
vt 0.535147 0.471132
vt 0.552616 0.087672
vt 0.562222 0.479271
vt 0.530757 0.113487
vt 0.590882 0.482508
vt 0.514535 0.145023
vt 0.620230 0.480377
vt 0.504596 0.182332
vt 0.649279 0.472594
vt 0.676951 0.459018
vt 0.702092 0.439657
vt 0.723534 0.414645
vt 0.740233 0.384156
vt 0.750012 0.354227
vn 0.156016 -0.986453 -0.050693
vn 0.132716 -0.986453 -0.096423
vn 0.223704 -0.961010 -0.162530
vn 0.262980 -0.961010 -0.085447
vn 0.096424 -0.986453 -0.132715
vn 0.162531 -0.961010 -0.223704
vn 0.050693 -0.986453 -0.156016
vn 0.085447 -0.961010 -0.262980
vn -0.000000 -0.986453 -0.164045
vn -0.000000 -0.961010 -0.276514
vn -0.050693 -0.986453 -0.156016
vn -0.085447 -0.961010 -0.262981
vn -0.096423 -0.986453 -0.132715
vn -0.162531 -0.961010 -0.223705
vn -0.132716 -0.986453 -0.096423
vn -0.223704 -0.961010 -0.162530
vn -0.156017 -0.986453 -0.050692
vn -0.262980 -0.961010 -0.085447
vn -0.164045 -0.986453 0.000000
vn -0.276514 -0.961010 0.000000
vn -0.156017 -0.986453 0.050692
vn -0.262980 -0.961010 0.085447
vn -0.132716 -0.986453 0.096423
vn -0.223704 -0.961010 0.162530
vn -0.096423 -0.986453 0.132715
vn -0.162531 -0.961010 0.223705
vn -0.050693 -0.986453 0.156016
vn -0.085447 -0.961010 0.262980
vn 0.000000 -0.986453 0.164045
vn 0.000000 -0.961010 0.276514
vn 0.050693 -0.986453 0.156016
vn 0.085448 -0.961010 0.262980
vn 0.096424 -0.986453 0.132715
vn 0.162531 -0.961010 0.223704
vn 0.132716 -0.986453 0.096423
vn 0.223704 -0.961010 0.162531
vn 0.156016 -0.986453 0.050693
vn 0.262980 -0.961010 0.085448
vn 0.164045 -0.986453 0.000000
vn 0.276514 -0.961010 0.000000
vn 0.322015 -0.917372 -0.233957
vn 0.378551 -0.917372 -0.122998
vn 0.233957 -0.917372 -0.322015
vn 0.122998 -0.917372 -0.378551
vn -0.000000 -0.917372 -0.398032
vn -0.122999 -0.917371 -0.378551
vn -0.233957 -0.917372 -0.322015
vn -0.322015 -0.917372 -0.233957
vn -0.378551 -0.917372 -0.122999
vn -0.398032 -0.917372 0.000000
vn -0.378551 -0.917372 0.122999
vn -0.322015 -0.917372 0.233957
vn -0.233957 -0.917372 0.322015
vn -0.122998 -0.917372 0.378551
vn 0.000000 -0.917372 0.398032
vn 0.122999 -0.917372 0.378551
vn 0.233957 -0.917372 0.322015
vn 0.322014 -0.917372 0.233957
vn 0.378551 -0.917372 0.122999
vn 0.398032 -0.917372 0.000000
vn 0.420972 -0.853954 -0.305853
vn 0.494882 -0.853954 -0.160796
vn 0.305853 -0.853953 -0.420972
vn 0.160797 -0.853953 -0.494882
vn -0.000000 -0.853954 -0.520349
vn -0.160797 -0.853954 -0.494881
vn -0.305854 -0.853953 -0.420971
vn -0.420972 -0.853953 -0.305854
vn -0.494882 -0.853953 -0.160797
vn -0.520349 -0.853954 0.000000
vn -0.494882 -0.853953 0.160797
vn -0.420972 -0.853953 0.305854
vn -0.305854 -0.853953 0.420972
vn -0.160797 -0.853953 0.494882
vn -0.000000 -0.853953 0.520350
vn 0.160797 -0.853953 0.494882
vn 0.305854 -0.853953 0.420972
vn 0.420972 -0.853953 0.305854
vn 0.494882 -0.853953 0.160797
vn 0.520350 -0.853953 0.000000
vn 0.517581 -0.768570 -0.376045
vn 0.608454 -0.768570 -0.197698
vn 0.376045 -0.768570 -0.517581
vn 0.197698 -0.768570 -0.608454
vn 0.000000 -0.768570 -0.639766
vn -0.197699 -0.768570 -0.608453
vn -0.376045 -0.768570 -0.517581
vn -0.517581 -0.768570 -0.376045
vn -0.608454 -0.768570 -0.197698
vn -0.639766 -0.768570 -0.000000
vn -0.608454 -0.768570 0.197698
vn -0.517581 -0.768570 0.376045
vn -0.376045 -0.768570 0.517581
vn -0.197698 -0.768570 0.608453
vn 0.000000 -0.768570 0.639766
vn 0.197698 -0.768570 0.608453
vn 0.376045 -0.768570 0.517582
vn 0.517582 -0.768570 0.376045
vn 0.608454 -0.768570 0.197698
vn 0.639766 -0.768570 0.000001
vn 0.608397 -0.659140 -0.442026
vn 0.715214 -0.659140 -0.232386
vn 0.442026 -0.659140 -0.608397
vn 0.232387 -0.659140 -0.715214
vn -0.000000 -0.659140 -0.752020
vn -0.232387 -0.659140 -0.715214
vn -0.442026 -0.659140 -0.608397
vn -0.608397 -0.659140 -0.442026
vn -0.715214 -0.659140 -0.232387
vn -0.752020 -0.659140 -0.000000
vn -0.715214 -0.659140 0.232387
vn -0.608397 -0.659140 0.442026
vn -0.442026 -0.659140 0.608397
vn -0.232387 -0.659140 0.715213
vn 0.000000 -0.659140 0.752020
vn 0.232387 -0.659140 0.715214
vn 0.442027 -0.659140 0.608397
vn 0.608397 -0.659140 0.442026
vn 0.715213 -0.659141 0.232387
vn 0.752020 -0.659141 0.000001
vn 0.688748 -0.524615 -0.500405
vn 0.809672 -0.524615 -0.263078
vn 0.500404 -0.524615 -0.688748
vn 0.263078 -0.524616 -0.809672
vn -0.000000 -0.524616 -0.851339
vn -0.263078 -0.524616 -0.809672
vn -0.500405 -0.524616 -0.688748
vn -0.688748 -0.524615 -0.500405
vn -0.809672 -0.524615 -0.263078
vn -0.851339 -0.524616 0.000000
vn -0.809672 -0.524615 0.263078
vn -0.688748 -0.524615 0.500405
vn -0.500405 -0.524615 0.688748
vn -0.263078 -0.524615 0.809672
vn 0.000000 -0.524615 0.851339
vn 0.263078 -0.524615 0.809672
vn 0.500405 -0.524615 0.688748
vn 0.688748 -0.524615 0.500405
vn 0.809672 -0.524615 0.263079
vn 0.851340 -0.524615 0.000001
vn 0.752818 -0.366205 -0.546955
vn 0.884991 -0.366205 -0.287550
vn 0.546954 -0.366205 -0.752818
vn 0.287551 -0.366205 -0.884991
vn -0.000000 -0.366205 -0.930534
vn -0.287551 -0.366205 -0.884990
vn -0.546955 -0.366205 -0.752818
vn -0.752818 -0.366205 -0.546954
vn -0.884990 -0.366205 -0.287551
vn -0.930534 -0.366206 0.000000
vn -0.884991 -0.366205 0.287551
vn -0.752818 -0.366205 0.546954
vn -0.546954 -0.366205 0.752818
vn -0.287551 -0.366205 0.884991
vn 0.000000 -0.366205 0.930534
vn 0.287551 -0.366205 0.884991
vn 0.546954 -0.366205 0.752818
vn 0.752818 -0.366205 0.546954
vn 0.884991 -0.366205 0.287551
vn 0.930534 -0.366205 0.000001
vn 0.796299 -0.176618 -0.578546
vn 0.936106 -0.176618 -0.304158
vn 0.578545 -0.176617 -0.796299
vn 0.304159 -0.176617 -0.936106
vn -0.000000 -0.176617 -0.984280
vn -0.304159 -0.176617 -0.936105
vn -0.578545 -0.176617 -0.796299
vn -0.796299 -0.176617 -0.578545
vn -0.936106 -0.176617 -0.304159
vn -0.984280 -0.176617 0.000000
vn -0.936106 -0.176617 0.304159
vn -0.796299 -0.176617 0.578545
vn -0.578545 -0.176617 0.796299
vn -0.304159 -0.176617 0.936106
vn 0.000000 -0.176617 0.984280
vn 0.304159 -0.176617 0.936106
vn 0.578545 -0.176617 0.796299
vn 0.796299 -0.176617 0.578545
vn 0.936106 -0.176617 0.304159
vn 0.984280 -0.176617 0.000001
vn 0.809017 0.000045 -0.587786
vn 0.951057 0.000045 -0.309016
vn 0.587785 0.000045 -0.809017
vn 0.309017 0.000045 -0.951057
vn 0.000000 0.000045 -1.000000
vn -0.309017 0.000045 -0.951056
vn -0.587785 0.000045 -0.809017
vn -0.809017 0.000045 -0.587785
vn -0.951056 0.000045 -0.309017
vn -1.000000 0.000045 0.000000
vn -0.951056 0.000045 0.309017
vn -0.809017 0.000045 0.587785
vn -0.587785 0.000045 0.809017
vn -0.309017 0.000045 0.951057
vn 0.000000 0.000045 1.000000
vn 0.309017 0.000045 0.951057
vn 0.587785 0.000045 0.809017
vn 0.809017 0.000045 0.587785
vn 0.951056 0.000045 0.309017
vn 1.000000 0.000045 0.000001
vn 0.801090 0.139642 -0.582027
vn 0.941738 0.139642 -0.305988
vn 0.582026 0.139641 -0.801091
vn 0.305989 0.139641 -0.941738
vn 0.000000 0.139641 -0.990202
vn -0.305989 0.139641 -0.941738
vn -0.582026 0.139641 -0.801090
vn -0.801091 0.139641 -0.582026
vn -0.941738 0.139641 -0.305989
vn -0.990202 0.139641 -0.000000
vn -0.941738 0.139641 0.305989
vn -0.801090 0.139641 0.582026
vn -0.582026 0.139641 0.801091
vn -0.305989 0.139641 0.941738
vn 0.000000 0.139641 0.990202
vn 0.305989 0.139641 0.941738
vn 0.582026 0.139641 0.801090
vn 0.801090 0.139641 0.582026
vn 0.941738 0.139641 0.305989
vn 0.990202 0.139641 0.000001
vn 0.777197 0.277696 -0.564667
vn 0.913651 0.277696 -0.296862
vn 0.564667 0.277696 -0.777198
vn 0.296863 0.277696 -0.913650
vn 0.000000 0.277696 -0.960669
vn -0.296863 0.277696 -0.913650
vn -0.564667 0.277696 -0.777197
vn -0.777198 0.277696 -0.564667
vn -0.913650 0.277697 -0.296863
vn -0.960669 0.277697 0.000000
vn -0.913650 0.277697 0.296863
vn -0.777197 0.277696 0.564667
vn -0.564667 0.277696 0.777198
vn -0.296863 0.277696 0.913651
vn 0.000000 0.277696 0.960669
vn 0.296863 0.277696 0.913650
vn 0.564667 0.277696 0.777197
vn 0.777197 0.277696 0.564667
vn 0.913651 0.277696 0.296863
vn 0.960669 0.277696 0.000001
vn 0.737040 0.412336 -0.535491
vn 0.866443 0.412335 -0.281524
vn 0.535491 0.412336 -0.737041
vn 0.281524 0.412336 -0.866443
vn 0.000000 0.412336 -0.911032
vn -0.281525 0.412336 -0.866443
vn -0.535491 0.412336 -0.737040
vn -0.737040 0.412336 -0.535491
vn -0.866443 0.412336 -0.281524
vn -0.911032 0.412336 0.000000
vn -0.866443 0.412336 0.281524
vn -0.737041 0.412335 0.535491
vn -0.535491 0.412335 0.737041
vn -0.281524 0.412336 0.866443
vn 0.000000 0.412336 0.911032
vn 0.281524 0.412336 0.866443
vn 0.535491 0.412336 0.737040
vn 0.737040 0.412336 0.535491
vn 0.866443 0.412335 0.281525
vn 0.911032 0.412335 0.000001
vn 0.680266 0.541261 -0.494242
vn 0.799700 0.541261 -0.259838
vn 0.494242 0.541261 -0.680266
vn 0.259838 0.541261 -0.799701
vn -0.000000 0.541261 -0.840855
vn -0.259839 0.541261 -0.799700
vn -0.494242 0.541261 -0.680266
vn -0.680266 0.541261 -0.494242
vn -0.799701 0.541261 -0.259838
vn -0.840855 0.541261 0.000000
vn -0.799700 0.541261 0.259838
vn -0.680266 0.541261 0.494242
vn -0.494242 0.541261 0.680266
vn -0.259838 0.541261 0.799700
vn -0.000000 0.541261 0.840855
vn 0.259838 0.541261 0.799700
vn 0.494242 0.541261 0.680266
vn 0.680266 0.541261 0.494242
vn 0.799700 0.541261 0.259838
vn 0.840854 0.541261 0.000001
vn 0.606698 0.661528 -0.440792
vn 0.713217 0.661528 -0.231737
vn 0.440792 0.661528 -0.606698
vn 0.231738 0.661528 -0.713217
vn -0.000000 0.661528 -0.749920
vn -0.231738 0.661528 -0.713216
vn -0.440792 0.661528 -0.606698
vn -0.606698 0.661528 -0.440792
vn -0.713217 0.661528 -0.231738
vn -0.749920 0.661528 0.000000
vn -0.713217 0.661528 0.231738
vn -0.606698 0.661528 0.440792
vn -0.440792 0.661528 0.606698
vn -0.231738 0.661528 0.713217
vn -0.000000 0.661528 0.749920
vn 0.231738 0.661528 0.713216
vn 0.440792 0.661528 0.606699
vn 0.606698 0.661528 0.440792
vn 0.713217 0.661528 0.231738
vn 0.749920 0.661528 0.000001
vn 0.516700 0.769476 -0.375404
vn 0.607417 0.769476 -0.197361
vn 0.375404 0.769476 -0.516700
vn 0.197361 0.769476 -0.607417
vn -0.000000 0.769476 -0.638676
vn -0.197362 0.769476 -0.607416
vn -0.375405 0.769476 -0.516699
vn -0.516700 0.769476 -0.375404
vn -0.607417 0.769476 -0.197362
vn -0.638676 0.769476 -0.000000
vn -0.607417 0.769476 0.197362
vn -0.516699 0.769476 0.375404
vn -0.375404 0.769476 0.516700
vn -0.197362 0.769476 0.607417
vn -0.000000 0.769476 0.638676
vn 0.197362 0.769476 0.607417
vn 0.375404 0.769476 0.516700
vn 0.516700 0.769476 0.375404
vn 0.607417 0.769476 0.197361
vn 0.638676 0.769476 0.000000
vn 0.411719 0.860818 -0.299131
vn 0.484005 0.860818 -0.157262
vn 0.299131 0.860818 -0.411719
vn 0.157263 0.860818 -0.484005
vn -0.000000 0.860818 -0.508913
vn -0.157263 0.860818 -0.484005
vn -0.299132 0.860818 -0.411719
vn -0.411719 0.860818 -0.299131
vn -0.484005 0.860818 -0.157262
vn -0.508913 0.860818 0.000000
vn -0.484005 0.860818 0.157263
vn -0.411719 0.860818 0.299131
vn -0.299131 0.860818 0.411719
vn -0.157263 0.860818 0.484005
vn 0.000000 0.860818 0.508913
vn 0.157263 0.860818 0.484005
vn 0.299131 0.860818 0.411719
vn 0.411719 0.860818 0.299131
vn 0.484005 0.860818 0.157263
vn 0.508913 0.860818 0.000000
vn 0.295404 0.930953 -0.214623
vn 0.347268 0.930953 -0.112834
vn 0.214623 0.930953 -0.295404
vn 0.112834 0.930953 -0.347268
vn -0.000000 0.930953 -0.365139
vn -0.112834 0.930953 -0.347268
vn -0.214624 0.930953 -0.295404
vn -0.295404 0.930953 -0.214623
vn -0.347268 0.930953 -0.112834
vn -0.365139 0.930953 0.000000
vn -0.347268 0.930953 0.112834
vn -0.295404 0.930953 0.214623
vn -0.214623 0.930953 0.295404
vn -0.112834 0.930953 0.347268
vn 0.000000 0.930953 0.365139
vn 0.112834 0.930953 0.347268
vn 0.214624 0.930953 0.295404
vn 0.295404 0.930953 0.214624
vn 0.347268 0.930953 0.112834
vn 0.365139 0.930953 0.000000
vn 0.178944 0.975232 -0.130009
vn 0.210360 0.975232 -0.068349
vn 0.130010 0.975232 -0.178943
vn 0.068350 0.975232 -0.210360
vn -0.000000 0.975232 -0.221186
vn -0.068350 0.975232 -0.210360
vn -0.130010 0.975232 -0.178943
vn -0.178944 0.975232 -0.130010
vn -0.210361 0.975232 -0.068350
vn -0.221186 0.975232 0.000000
vn -0.210361 0.975232 0.068350
vn -0.178944 0.975232 0.130010
vn -0.130010 0.975232 0.178943
vn -0.068350 0.975232 0.210360
vn 0.000000 0.975232 0.221186
vn 0.068350 0.975232 0.210360
vn 0.130010 0.975232 0.178944
vn 0.178944 0.975232 0.130010
vn 0.210360 0.975232 0.068350
vn 0.221186 0.975232 0.000000
vn -0.000000 -1.000000 0.000000
vn -0.000000 1.000000 -0.000000
s 1
g group3 pSphere4
usemtl initialShadingGroup
f 1529/1605/1529 1530/1606/1530 1550/1607/1531 1549/1608/1532
f 1530/1606/1530 1531/1609/1533 1551/1610/1534 1550/1607/1531
f 1531/1609/1533 1532/1611/1535 1552/1612/1536 1551/1610/1534
f 1532/1611/1535 1533/1613/1537 1553/1614/1538 1552/1612/1536
f 1533/1613/1537 1534/1615/1539 1554/1616/1540 1553/1614/1538
f 1534/1615/1539 1535/1617/1541 1555/1618/1542 1554/1616/1540
f 1535/1617/1541 1536/1619/1543 1556/1620/1544 1555/1618/1542
f 1536/1619/1543 1537/1621/1545 1557/1622/1546 1556/1620/1544
f 1537/1621/1545 1538/1623/1547 1558/1624/1548 1557/1622/1546
f 1538/1623/1547 1539/1625/1549 1559/1626/1550 1558/1624/1548
f 1539/1625/1549 1540/1627/1551 1560/1628/1552 1559/1626/1550
f 1540/1627/1551 1541/1629/1553 1561/1630/1554 1560/1628/1552
f 1541/1629/1553 1542/1631/1555 1562/1632/1556 1561/1630/1554
f 1542/1631/1555 1543/1633/1557 1563/1634/1558 1562/1632/1556
f 1543/1633/1557 1544/1635/1559 1564/1636/1560 1563/1634/1558
f 1544/1635/1559 1545/1637/1561 1565/1638/1562 1564/1636/1560
f 1545/1637/1561 1546/1639/1563 1566/1640/1564 1565/1638/1562
f 1546/1639/1563 1547/1641/1565 1567/1642/1566 1566/1640/1564
f 1547/1641/1565 1548/1643/1567 1568/1644/1568 1567/1642/1566
f 1548/1643/1567 1529/1605/1529 1549/1608/1532 1568/1644/1568
f 1549/1608/1532 1550/1607/1531 1570/1645/1569 1569/1646/1570
f 1550/1607/1531 1551/1610/1534 1571/1647/1571 1570/1645/1569
f 1551/1610/1534 1552/1612/1536 1572/1648/1572 1571/1647/1571
f 1552/1612/1536 1553/1614/1538 1573/1649/1573 1572/1648/1572
f 1553/1614/1538 1554/1616/1540 1574/1650/1574 1573/1649/1573
f 1554/1616/1540 1555/1618/1542 1575/1651/1575 1574/1650/1574
f 1555/1618/1542 1556/1620/1544 1576/1652/1576 1575/1651/1575
f 1556/1620/1544 1557/1622/1546 1577/1653/1577 1576/1652/1576
f 1557/1622/1546 1558/1624/1548 1578/1654/1578 1577/1653/1577
f 1558/1624/1548 1559/1626/1550 1579/1655/1579 1578/1654/1578
f 1559/1626/1550 1560/1628/1552 1580/1656/1580 1579/1655/1579
f 1560/1628/1552 1561/1630/1554 1581/1657/1581 1580/1656/1580
f 1561/1630/1554 1562/1632/1556 1582/1658/1582 1581/1657/1581
f 1562/1632/1556 1563/1634/1558 1583/1659/1583 1582/1658/1582
f 1563/1634/1558 1564/1636/1560 1584/1660/1584 1583/1659/1583
f 1564/1636/1560 1565/1638/1562 1585/1661/1585 1584/1660/1584
f 1565/1638/1562 1566/1640/1564 1586/1662/1586 1585/1661/1585
f 1566/1640/1564 1567/1642/1566 1587/1663/1587 1586/1662/1586
f 1567/1642/1566 1568/1644/1568 1588/1664/1588 1587/1663/1587
f 1568/1644/1568 1549/1608/1532 1569/1646/1570 1588/1664/1588
f 1569/1646/1570 1570/1645/1569 1590/1665/1589 1589/1666/1590
f 1570/1645/1569 1571/1647/1571 1591/1667/1591 1590/1665/1589
f 1571/1647/1571 1572/1648/1572 1592/1668/1592 1591/1667/1591
f 1572/1648/1572 1573/1649/1573 1593/1669/1593 1592/1668/1592
f 1573/1649/1573 1574/1650/1574 1594/1670/1594 1593/1669/1593
f 1574/1650/1574 1575/1651/1575 1595/1671/1595 1594/1670/1594
f 1575/1651/1575 1576/1652/1576 1596/1672/1596 1595/1671/1595
f 1576/1652/1576 1577/1653/1577 1597/1673/1597 1596/1672/1596
f 1577/1653/1577 1578/1654/1578 1598/1674/1598 1597/1673/1597
f 1578/1654/1578 1579/1655/1579 1599/1675/1599 1598/1674/1598
f 1579/1655/1579 1580/1656/1580 1600/1676/1600 1599/1675/1599
f 1580/1656/1580 1581/1657/1581 1601/1677/1601 1600/1676/1600
f 1581/1657/1581 1582/1658/1582 1602/1678/1602 1601/1677/1601
f 1582/1658/1582 1583/1659/1583 1603/1679/1603 1602/1678/1602
f 1583/1659/1583 1584/1660/1584 1604/1680/1604 1603/1679/1603
f 1584/1660/1584 1585/1661/1585 1605/1681/1605 1604/1680/1604
f 1585/1661/1585 1586/1662/1586 1606/1682/1606 1605/1681/1605
f 1586/1662/1586 1587/1663/1587 1607/1683/1607 1606/1682/1606
f 1587/1663/1587 1588/1664/1588 1608/1684/1608 1607/1683/1607
f 1588/1664/1588 1569/1646/1570 1589/1666/1590 1608/1684/1608
f 1589/1666/1590 1590/1665/1589 1610/1685/1609 1609/1686/1610
f 1590/1665/1589 1591/1667/1591 1611/1687/1611 1610/1685/1609
f 1591/1667/1591 1592/1668/1592 1612/1688/1612 1611/1687/1611
f 1592/1668/1592 1593/1669/1593 1613/1689/1613 1612/1688/1612
f 1593/1669/1593 1594/1670/1594 1614/1690/1614 1613/1689/1613
f 1594/1670/1594 1595/1671/1595 1615/1691/1615 1614/1690/1614
f 1595/1671/1595 1596/1672/1596 1616/1692/1616 1615/1691/1615
f 1596/1672/1596 1597/1673/1597 1617/1693/1617 1616/1692/1616
f 1597/1673/1597 1598/1674/1598 1618/1694/1618 1617/1693/1617
f 1598/1674/1598 1599/1675/1599 1619/1695/1619 1618/1694/1618
f 1599/1675/1599 1600/1676/1600 1620/1696/1620 1619/1695/1619
f 1600/1676/1600 1601/1677/1601 1621/1697/1621 1620/1696/1620
f 1601/1677/1601 1602/1678/1602 1622/1698/1622 1621/1697/1621
f 1602/1678/1602 1603/1679/1603 1623/1699/1623 1622/1698/1622
f 1603/1679/1603 1604/1680/1604 1624/1700/1624 1623/1699/1623
f 1604/1680/1604 1605/1681/1605 1625/1701/1625 1624/1700/1624
f 1605/1681/1605 1606/1682/1606 1626/1702/1626 1625/1701/1625
f 1606/1682/1606 1607/1683/1607 1627/1703/1627 1626/1702/1626
f 1607/1683/1607 1608/1684/1608 1628/1704/1628 1627/1703/1627
f 1608/1684/1608 1589/1666/1590 1609/1686/1610 1628/1704/1628
f 1609/1686/1610 1610/1685/1609 1630/1705/1629 1629/1706/1630
f 1610/1685/1609 1611/1687/1611 1631/1707/1631 1630/1705/1629
f 1611/1687/1611 1612/1688/1612 1632/1708/1632 1631/1707/1631
f 1612/1688/1612 1613/1689/1613 1633/1709/1633 1632/1708/1632
f 1613/1689/1613 1614/1690/1614 1634/1710/1634 1633/1709/1633
f 1614/1690/1614 1615/1691/1615 1635/1711/1635 1634/1710/1634
f 1615/1691/1615 1616/1692/1616 1636/1712/1636 1635/1711/1635
f 1616/1692/1616 1617/1693/1617 1637/1713/1637 1636/1712/1636
f 1617/1693/1617 1618/1694/1618 1638/1714/1638 1637/1713/1637
f 1618/1694/1618 1619/1695/1619 1639/1715/1639 1638/1714/1638
f 1619/1695/1619 1620/1696/1620 1640/1716/1640 1639/1715/1639
f 1620/1696/1620 1621/1697/1621 1641/1717/1641 1640/1716/1640
f 1621/1697/1621 1622/1698/1622 1642/1718/1642 1641/1717/1641
f 1622/1698/1622 1623/1699/1623 1643/1719/1643 1642/1718/1642
f 1623/1699/1623 1624/1700/1624 1644/1720/1644 1643/1719/1643
f 1624/1700/1624 1625/1701/1625 1645/1721/1645 1644/1720/1644
f 1625/1701/1625 1626/1702/1626 1646/1722/1646 1645/1721/1645
f 1626/1702/1626 1627/1703/1627 1647/1723/1647 1646/1722/1646
f 1627/1703/1627 1628/1704/1628 1648/1724/1648 1647/1723/1647
f 1628/1704/1628 1609/1686/1610 1629/1706/1630 1648/1724/1648
f 1629/1706/1630 1630/1705/1629 1650/1725/1649 1649/1726/1650
f 1630/1705/1629 1631/1707/1631 1651/1727/1651 1650/1725/1649
f 1631/1707/1631 1632/1708/1632 1652/1728/1652 1651/1727/1651
f 1632/1708/1632 1633/1709/1633 1653/1729/1653 1652/1728/1652
f 1633/1709/1633 1634/1710/1634 1654/1730/1654 1653/1729/1653
f 1634/1710/1634 1635/1711/1635 1655/1731/1655 1654/1730/1654
f 1635/1711/1635 1636/1712/1636 1656/1732/1656 1655/1731/1655
f 1636/1712/1636 1637/1713/1637 1657/1733/1657 1656/1732/1656
f 1637/1713/1637 1638/1714/1638 1658/1734/1658 1657/1733/1657
f 1638/1714/1638 1639/1715/1639 1659/1735/1659 1658/1734/1658
f 1639/1715/1639 1640/1716/1640 1660/1736/1660 1659/1735/1659
f 1640/1716/1640 1641/1717/1641 1661/1737/1661 1660/1736/1660
f 1641/1717/1641 1642/1718/1642 1662/1738/1662 1661/1737/1661
f 1642/1718/1642 1643/1719/1643 1663/1739/1663 1662/1738/1662
f 1643/1719/1643 1644/1720/1644 1664/1740/1664 1663/1739/1663
f 1644/1720/1644 1645/1721/1645 1665/1741/1665 1664/1740/1664
f 1645/1721/1645 1646/1722/1646 1666/1742/1666 1665/1741/1665
f 1646/1722/1646 1647/1723/1647 1667/1743/1667 1666/1742/1666
f 1647/1723/1647 1648/1724/1648 1668/1744/1668 1667/1743/1667
f 1648/1724/1648 1629/1706/1630 1649/1726/1650 1668/1744/1668
f 1649/1726/1650 1650/1725/1649 1670/1745/1669 1669/1746/1670
f 1650/1725/1649 1651/1727/1651 1671/1747/1671 1670/1745/1669
f 1651/1727/1651 1652/1728/1652 1672/1748/1672 1671/1747/1671
f 1652/1728/1652 1653/1729/1653 1673/1749/1673 1672/1748/1672
f 1653/1729/1653 1654/1730/1654 1674/1750/1674 1673/1749/1673
f 1654/1730/1654 1655/1731/1655 1675/1751/1675 1674/1750/1674
f 1655/1731/1655 1656/1732/1656 1676/1752/1676 1675/1751/1675
f 1656/1732/1656 1657/1733/1657 1677/1753/1677 1676/1752/1676
f 1657/1733/1657 1658/1734/1658 1678/1754/1678 1677/1753/1677
f 1658/1734/1658 1659/1735/1659 1679/1755/1679 1678/1754/1678
f 1659/1735/1659 1660/1736/1660 1680/1756/1680 1679/1755/1679
f 1660/1736/1660 1661/1737/1661 1681/1757/1681 1680/1756/1680
f 1661/1737/1661 1662/1738/1662 1682/1758/1682 1681/1757/1681
f 1662/1738/1662 1663/1739/1663 1683/1759/1683 1682/1758/1682
f 1663/1739/1663 1664/1740/1664 1684/1760/1684 1683/1759/1683
f 1664/1740/1664 1665/1741/1665 1685/1761/1685 1684/1760/1684
f 1665/1741/1665 1666/1742/1666 1686/1762/1686 1685/1761/1685
f 1666/1742/1666 1667/1743/1667 1687/1763/1687 1686/1762/1686
f 1667/1743/1667 1668/1744/1668 1688/1764/1688 1687/1763/1687
f 1668/1744/1668 1649/1726/1650 1669/1746/1670 1688/1764/1688
f 1669/1746/1670 1670/1745/1669 1690/1765/1689 1689/1766/1690
f 1670/1745/1669 1671/1747/1671 1691/1767/1691 1690/1765/1689
f 1671/1747/1671 1672/1748/1672 1692/1768/1692 1691/1767/1691
f 1672/1748/1672 1673/1749/1673 1693/1769/1693 1692/1768/1692
f 1673/1749/1673 1674/1750/1674 1694/1770/1694 1693/1769/1693
f 1674/1750/1674 1675/1751/1675 1695/2004/1695 1694/1770/1694
f 1675/1751/1675 1676/1752/1676 1696/1772/1696 1695/1771/1695
f 1676/1752/1676 1677/1753/1677 1697/1773/1697 1696/1772/1696
f 1677/1753/1677 1678/1754/1678 1698/1774/1698 1697/1773/1697
f 1678/1754/1678 1679/1755/1679 1699/1775/1699 1698/1774/1698
f 1679/1755/1679 1680/1756/1680 1700/1776/1700 1699/1775/1699
f 1680/1756/1680 1681/1757/1681 1701/1777/1701 1700/1776/1700
f 1681/1757/1681 1682/1758/1682 1702/1778/1702 1701/1777/1701
f 1682/1758/1682 1683/1759/1683 1703/1779/1703 1702/1778/1702
f 1683/1759/1683 1684/1760/1684 1704/1780/1704 1703/1779/1703
f 1684/1760/1684 1685/1761/1685 1705/1781/1705 1704/1780/1704
f 1685/1761/1685 1686/1762/1686 1706/1782/1706 1705/1781/1705
f 1686/1762/1686 1687/1763/1687 1707/1783/1707 1706/1782/1706
f 1687/1763/1687 1688/1764/1688 1708/1784/1708 1707/1783/1707
f 1688/1764/1688 1669/1746/1670 1689/1766/1690 1708/1784/1708
f 1689/1766/1690 1690/1765/1689 1710/1785/1709 1709/1786/1710
f 1690/1765/1689 1691/1767/1691 1711/1787/1711 1710/1785/1709
f 1691/1767/1691 1692/1768/1692 1712/1788/1712 1711/1787/1711
f 1692/1768/1692 1693/1769/1693 1713/1789/1713 1712/1788/1712
f 1693/1769/1693 1694/1770/1694 1714/1790/1714 1713/1789/1713
f 1694/1770/1694 1695/2004/1695 1715/2003/1715 1714/1790/1714
f 1695/1771/1695 1696/1772/1696 1716/1792/1716 1715/1791/1715
f 1696/1772/1696 1697/1773/1697 1717/1793/1717 1716/1792/1716
f 1697/1773/1697 1698/1774/1698 1718/1794/1718 1717/1793/1717
f 1698/1774/1698 1699/1775/1699 1719/1795/1719 1718/1794/1718
f 1699/1775/1699 1700/1776/1700 1720/1796/1720 1719/1795/1719
f 1700/1776/1700 1701/1777/1701 1721/1797/1721 1720/1796/1720
f 1701/1777/1701 1702/1778/1702 1722/1798/1722 1721/1797/1721
f 1702/1778/1702 1703/1779/1703 1723/1799/1723 1722/1798/1722
f 1703/1779/1703 1704/1780/1704 1724/1800/1724 1723/1799/1723
f 1704/1780/1704 1705/1781/1705 1725/1801/1725 1724/1800/1724
f 1705/1781/1705 1706/1782/1706 1726/1802/1726 1725/1801/1725
f 1706/1782/1706 1707/1783/1707 1727/1803/1727 1726/1802/1726
f 1707/1783/1707 1708/1784/1708 1728/1804/1728 1727/1803/1727
f 1708/1784/1708 1689/1766/1690 1709/1786/1710 1728/1804/1728
f 1709/1786/1710 1710/1785/1709 1730/1805/1729 1729/1806/1730
f 1710/1785/1709 1711/1787/1711 1731/1807/1731 1730/1805/1729
f 1711/1787/1711 1712/1788/1712 1732/1808/1732 1731/1807/1731
f 1712/1788/1712 1713/1789/1713 1733/1809/1733 1732/1808/1732
f 1713/1789/1713 1714/1790/1714 1734/1810/1734 1733/1809/1733
f 1714/1790/1714 1715/2003/1715 1735/2002/1735 1734/1810/1734
f 1715/1791/1715 1716/1792/1716 1736/1812/1736 1735/1811/1735
f 1716/1792/1716 1717/1793/1717 1737/1813/1737 1736/1812/1736
f 1717/1793/1717 1718/1794/1718 1738/1814/1738 1737/1813/1737
f 1718/1794/1718 1719/1795/1719 1739/1815/1739 1738/1814/1738
f 1719/1795/1719 1720/1796/1720 1740/1816/1740 1739/1815/1739
f 1720/1796/1720 1721/1797/1721 1741/1817/1741 1740/1816/1740
f 1721/1797/1721 1722/1798/1722 1742/1818/1742 1741/1817/1741
f 1722/1798/1722 1723/1799/1723 1743/1819/1743 1742/1818/1742
f 1723/1799/1723 1724/1800/1724 1744/1820/1744 1743/1819/1743
f 1724/1800/1724 1725/1801/1725 1745/1821/1745 1744/1820/1744
f 1725/1801/1725 1726/1802/1726 1746/1822/1746 1745/1821/1745
f 1726/1802/1726 1727/1803/1727 1747/1823/1747 1746/1822/1746
f 1727/1803/1727 1728/1804/1728 1748/1824/1748 1747/1823/1747
f 1728/1804/1728 1709/1786/1710 1729/1806/1730 1748/1824/1748
f 1729/1806/1730 1730/1805/1729 1750/1825/1749 1749/1826/1750
f 1730/1805/1729 1731/1807/1731 1751/1827/1751 1750/1825/1749
f 1731/1807/1731 1732/1808/1732 1752/1828/1752 1751/1827/1751
f 1732/1808/1732 1733/1809/1733 1753/1829/1753 1752/1828/1752
f 1733/1809/1733 1734/1810/1734 1754/1830/1754 1753/1829/1753
f 1734/1810/1734 1735/2002/1735 1755/2001/1755 1754/1830/1754
f 1735/1811/1735 1736/1812/1736 1756/1832/1756 1755/1831/1755
f 1736/1812/1736 1737/1813/1737 1757/1833/1757 1756/1832/1756
f 1737/1813/1737 1738/1814/1738 1758/1834/1758 1757/1833/1757
f 1738/1814/1738 1739/1815/1739 1759/1835/1759 1758/1834/1758
f 1739/1815/1739 1740/1816/1740 1760/1836/1760 1759/1835/1759
f 1740/1816/1740 1741/1817/1741 1761/1837/1761 1760/1836/1760
f 1741/1817/1741 1742/1818/1742 1762/1838/1762 1761/1837/1761
f 1742/1818/1742 1743/1819/1743 1763/1839/1763 1762/1838/1762
f 1743/1819/1743 1744/1820/1744 1764/1840/1764 1763/1839/1763
f 1744/1820/1744 1745/1821/1745 1765/1841/1765 1764/1840/1764
f 1745/1821/1745 1746/1822/1746 1766/1842/1766 1765/1841/1765
f 1746/1822/1746 1747/1823/1747 1767/1843/1767 1766/1842/1766
f 1747/1823/1747 1748/1824/1748 1768/1844/1768 1767/1843/1767
f 1748/1824/1748 1729/1806/1730 1749/1826/1750 1768/1844/1768
f 1749/1826/1750 1750/1825/1749 1770/1845/1769 1769/1846/1770
f 1750/1825/1749 1751/1827/1751 1771/1847/1771 1770/1845/1769
f 1751/1827/1751 1752/1828/1752 1772/1848/1772 1771/1847/1771
f 1752/1828/1752 1753/1829/1753 1773/1849/1773 1772/1848/1772
f 1753/1829/1753 1754/1830/1754 1774/1850/1774 1773/1849/1773
f 1754/1830/1754 1755/2001/1755 1775/2000/1775 1774/1850/1774
f 1755/1831/1755 1756/1832/1756 1776/1852/1776 1775/1851/1775
f 1756/1832/1756 1757/1833/1757 1777/1853/1777 1776/1852/1776
f 1757/1833/1757 1758/1834/1758 1778/1854/1778 1777/1853/1777
f 1758/1834/1758 1759/1835/1759 1779/1855/1779 1778/1854/1778
f 1759/1835/1759 1760/1836/1760 1780/1856/1780 1779/1855/1779
f 1760/1836/1760 1761/1837/1761 1781/1857/1781 1780/1856/1780
f 1761/1837/1761 1762/1838/1762 1782/1858/1782 1781/1857/1781
f 1762/1838/1762 1763/1839/1763 1783/1859/1783 1782/1858/1782
f 1763/1839/1763 1764/1840/1764 1784/1860/1784 1783/1859/1783
f 1764/1840/1764 1765/1841/1765 1785/1861/1785 1784/1860/1784
f 1765/1841/1765 1766/1842/1766 1786/1862/1786 1785/1861/1785
f 1766/1842/1766 1767/1843/1767 1787/1863/1787 1786/1862/1786
f 1767/1843/1767 1768/1844/1768 1788/1864/1788 1787/1863/1787
f 1768/1844/1768 1749/1826/1750 1769/1846/1770 1788/1864/1788
f 1769/1846/1770 1770/1845/1769 1790/1865/1789 1789/1866/1790
f 1770/1845/1769 1771/1847/1771 1791/1867/1791 1790/1865/1789
f 1771/1847/1771 1772/1848/1772 1792/1868/1792 1791/1867/1791
f 1772/1848/1772 1773/1849/1773 1793/1869/1793 1792/1868/1792
f 1773/1849/1773 1774/1850/1774 1794/1870/1794 1793/1869/1793
f 1774/1850/1774 1775/2000/1775 1795/1999/1795 1794/1870/1794
f 1775/1851/1775 1776/1852/1776 1796/1872/1796 1795/1871/1795
f 1776/1852/1776 1777/1853/1777 1797/1873/1797 1796/1872/1796
f 1777/1853/1777 1778/1854/1778 1798/1874/1798 1797/1873/1797
f 1778/1854/1778 1779/1855/1779 1799/1875/1799 1798/1874/1798
f 1779/1855/1779 1780/1856/1780 1800/1876/1800 1799/1875/1799
f 1780/1856/1780 1781/1857/1781 1801/1877/1801 1800/1876/1800
f 1781/1857/1781 1782/1858/1782 1802/1878/1802 1801/1877/1801
f 1782/1858/1782 1783/1859/1783 1803/1879/1803 1802/1878/1802
f 1783/1859/1783 1784/1860/1784 1804/1880/1804 1803/1879/1803
f 1784/1860/1784 1785/1861/1785 1805/1881/1805 1804/1880/1804
f 1785/1861/1785 1786/1862/1786 1806/1998/1806 1805/1881/1805
f 1786/1862/1786 1787/1863/1787 1807/1883/1807 1806/1882/1806
f 1787/1863/1787 1788/1864/1788 1808/1884/1808 1807/1883/1807
f 1788/1864/1788 1769/1846/1770 1789/1866/1790 1808/1884/1808
f 1789/1866/1790 1790/1865/1789 1810/1885/1809 1809/1886/1810
f 1790/1865/1789 1791/1867/1791 1811/1887/1811 1810/1885/1809
f 1791/1867/1791 1792/1868/1792 1812/1888/1812 1811/1887/1811
f 1792/1868/1792 1793/1869/1793 1813/1889/1813 1812/1888/1812
f 1793/1869/1793 1794/1870/1794 1814/1890/1814 1813/1889/1813
f 1794/1870/1794 1795/1999/1795 1815/1997/1815 1814/1890/1814
f 1795/1871/1795 1796/1872/1796 1816/1892/1816 1815/1891/1815
f 1796/1872/1796 1797/1873/1797 1817/1893/1817 1816/1892/1816
f 1797/1873/1797 1798/1874/1798 1818/1894/1818 1817/1893/1817
f 1798/1874/1798 1799/1875/1799 1819/1895/1819 1818/1894/1818
f 1799/1875/1799 1800/1876/1800 1820/1896/1820 1819/1895/1819
f 1800/1876/1800 1801/1877/1801 1821/1897/1821 1820/1896/1820
f 1801/1877/1801 1802/1878/1802 1822/1898/1822 1821/1897/1821
f 1802/1878/1802 1803/1879/1803 1823/1899/1823 1822/1898/1822
f 1803/1879/1803 1804/1880/1804 1824/1900/1824 1823/1899/1823
f 1804/1880/1804 1805/1881/1805 1825/1901/1825 1824/1900/1824
f 1805/1881/1805 1806/1998/1806 1826/1996/1826 1825/1901/1825
f 1806/1882/1806 1807/1883/1807 1827/1903/1827 1826/1902/1826
f 1807/1883/1807 1808/1884/1808 1828/1904/1828 1827/1903/1827
f 1808/1884/1808 1789/1866/1790 1809/1886/1810 1828/1904/1828
f 1809/1886/1810 1810/1885/1809 1830/1905/1829 1829/1906/1830
f 1810/1885/1809 1811/1887/1811 1831/1907/1831 1830/1905/1829
f 1811/1887/1811 1812/1888/1812 1832/1908/1832 1831/1907/1831
f 1812/1888/1812 1813/1889/1813 1833/1909/1833 1832/1908/1832
f 1813/1889/1813 1814/1890/1814 1834/1910/1834 1833/1909/1833
f 1814/1890/1814 1815/1997/1815 1835/1995/1835 1834/1910/1834
f 1815/1891/1815 1816/1892/1816 1836/1912/1836 1835/1911/1835
f 1816/1892/1816 1817/1893/1817 1837/1913/1837 1836/1912/1836
f 1817/1893/1817 1818/1894/1818 1838/1914/1838 1837/1913/1837
f 1818/1894/1818 1819/1895/1819 1839/1915/1839 1838/1914/1838
f 1819/1895/1819 1820/1896/1820 1840/1916/1840 1839/1915/1839
f 1820/1896/1820 1821/1897/1821 1841/1917/1841 1840/1916/1840
f 1821/1897/1821 1822/1898/1822 1842/1918/1842 1841/1917/1841
f 1822/1898/1822 1823/1899/1823 1843/1919/1843 1842/1918/1842
f 1823/1899/1823 1824/1900/1824 1844/1920/1844 1843/1919/1843
f 1824/1900/1824 1825/1901/1825 1845/1921/1845 1844/1920/1844
f 1825/1901/1825 1826/1996/1826 1846/1994/1846 1845/1921/1845
f 1826/1902/1826 1827/1903/1827 1847/1923/1847 1846/1922/1846
f 1827/1903/1827 1828/1904/1828 1848/1924/1848 1847/1923/1847
f 1828/1904/1828 1809/1886/1810 1829/1906/1830 1848/1924/1848
f 1829/1906/1830 1830/1905/1829 1850/1925/1849 1849/1926/1850
f 1830/1905/1829 1831/1907/1831 1851/1927/1851 1850/1925/1849
f 1831/1907/1831 1832/1908/1832 1852/1928/1852 1851/1927/1851
f 1832/1908/1832 1833/1909/1833 1853/1929/1853 1852/1928/1852
f 1833/1909/1833 1834/1910/1834 1854/1930/1854 1853/1929/1853
f 1834/1910/1834 1835/1995/1835 1855/1993/1855 1854/1930/1854
f 1835/1911/1835 1836/1912/1836 1856/1932/1856 1855/1931/1855
f 1836/1912/1836 1837/1913/1837 1857/1933/1857 1856/1932/1856
f 1837/1913/1837 1838/1914/1838 1858/1934/1858 1857/1933/1857
f 1838/1914/1838 1839/1915/1839 1859/1935/1859 1858/1934/1858
f 1839/1915/1839 1840/1916/1840 1860/1936/1860 1859/1935/1859
f 1840/1916/1840 1841/1917/1841 1861/1937/1861 1860/1936/1860
f 1841/1917/1841 1842/1918/1842 1862/1938/1862 1861/1937/1861
f 1842/1918/1842 1843/1919/1843 1863/1939/1863 1862/1938/1862
f 1843/1919/1843 1844/1920/1844 1864/1940/1864 1863/1939/1863
f 1844/1920/1844 1845/1921/1845 1865/1941/1865 1864/1940/1864
f 1845/1921/1845 1846/1994/1846 1866/1992/1866 1865/1941/1865
f 1846/1922/1846 1847/1923/1847 1867/1943/1867 1866/1942/1866
f 1847/1923/1847 1848/1924/1848 1868/1944/1868 1867/1943/1867
f 1848/1924/1848 1829/1906/1830 1849/1926/1850 1868/1944/1868
f 1849/1926/1850 1850/1925/1849 1870/1945/1869 1869/1946/1870
f 1850/1925/1849 1851/1927/1851 1871/1947/1871 1870/1945/1869
f 1851/1927/1851 1852/1928/1852 1872/1948/1872 1871/1947/1871
f 1852/1928/1852 1853/1929/1853 1873/1949/1873 1872/1948/1872
f 1853/1929/1853 1854/1930/1854 1874/1950/1874 1873/1949/1873
f 1854/1930/1854 1855/1993/1855 1875/1991/1875 1874/1950/1874
f 1855/1931/1855 1856/1932/1856 1876/1952/1876 1875/1951/1875
f 1856/1932/1856 1857/1933/1857 1877/1953/1877 1876/1952/1876
f 1857/1933/1857 1858/1934/1858 1878/1954/1878 1877/1953/1877
f 1858/1934/1858 1859/1935/1859 1879/1955/1879 1878/1954/1878
f 1859/1935/1859 1860/1936/1860 1880/1956/1880 1879/1955/1879
f 1860/1936/1860 1861/1937/1861 1881/1957/1881 1880/1956/1880
f 1861/1937/1861 1862/1938/1862 1882/1958/1882 1881/1957/1881
f 1862/1938/1862 1863/1939/1863 1883/1959/1883 1882/1958/1882
f 1863/1939/1863 1864/1940/1864 1884/1960/1884 1883/1959/1883
f 1864/1940/1864 1865/1941/1865 1885/1961/1885 1884/1960/1884
f 1865/1941/1865 1866/1992/1866 1886/1990/1886 1885/1961/1885
f 1866/1942/1866 1867/1943/1867 1887/1963/1887 1886/1962/1886
f 1867/1943/1867 1868/1944/1868 1888/1964/1888 1887/1963/1887
f 1868/1944/1868 1849/1926/1850 1869/1946/1870 1888/1964/1888
f 1869/1946/1870 1870/1945/1869 1890/1965/1889 1889/1966/1890
f 1870/1945/1869 1871/1947/1871 1891/1967/1891 1890/1965/1889
f 1871/1947/1871 1872/1948/1872 1892/1968/1892 1891/1967/1891
f 1872/1948/1872 1873/1949/1873 1893/1969/1893 1892/1968/1892
f 1873/1949/1873 1874/1950/1874 1894/1970/1894 1893/1969/1893
f 1874/1950/1874 1875/1991/1875 1895/1989/1895 1894/1970/1894
f 1875/1951/1875 1876/1952/1876 1896/1972/1896 1895/1971/1895
f 1876/1952/1876 1877/1953/1877 1897/1973/1897 1896/1972/1896
f 1877/1953/1877 1878/1954/1878 1898/1974/1898 1897/1973/1897
f 1878/1954/1878 1879/1955/1879 1899/1975/1899 1898/1974/1898
f 1879/1955/1879 1880/1956/1880 1900/1976/1900 1899/1975/1899
f 1880/1956/1880 1881/1957/1881 1901/1977/1901 1900/1976/1900
f 1881/1957/1881 1882/1958/1882 1902/1978/1902 1901/1977/1901
f 1882/1958/1882 1883/1959/1883 1903/1979/1903 1902/1978/1902
f 1883/1959/1883 1884/1960/1884 1904/1980/1904 1903/1979/1903
f 1884/1960/1884 1885/1961/1885 1905/1981/1905 1904/1980/1904
f 1885/1961/1885 1886/1990/1886 1906/1987/1906 1905/1981/1905
f 1886/1962/1886 1887/1963/1887 1907/1983/1907 1906/1982/1906
f 1887/1963/1887 1888/1964/1888 1908/1984/1908 1907/1983/1907
f 1888/1964/1888 1869/1946/1870 1889/1966/1890 1908/1984/1908
f 1530/1606/1530 1529/1605/1529 1909/1985/1909
f 1531/1609/1533 1530/1606/1530 1909/1985/1909
f 1532/1611/1535 1531/1609/1533 1909/1985/1909
f 1533/1613/1537 1532/1611/1535 1909/1985/1909
f 1534/1615/1539 1533/1613/1537 1909/1985/1909
f 1535/1617/1541 1534/1615/1539 1909/1985/1909
f 1536/1619/1543 1535/1617/1541 1909/1985/1909
f 1537/1621/1545 1536/1619/1543 1909/1985/1909
f 1538/1623/1547 1537/1621/1545 1909/1985/1909
f 1539/1625/1549 1538/1623/1547 1909/1985/1909
f 1540/1627/1551 1539/1625/1549 1909/1985/1909
f 1541/1629/1553 1540/1627/1551 1909/1985/1909
f 1542/1631/1555 1541/1629/1553 1909/1985/1909
f 1543/1633/1557 1542/1631/1555 1909/1985/1909
f 1544/1635/1559 1543/1633/1557 1909/1985/1909
f 1545/1637/1561 1544/1635/1559 1909/1985/1909
f 1546/1639/1563 1545/1637/1561 1909/1985/1909
f 1547/1641/1565 1546/1639/1563 1909/1985/1909
f 1548/1643/1567 1547/1641/1565 1909/1985/1909
f 1529/1605/1529 1548/1643/1567 1909/1985/1909
f 1889/1966/1890 1890/1965/1889 1910/1986/1910
f 1890/1965/1889 1891/1967/1891 1910/1986/1910
f 1891/1967/1891 1892/1968/1892 1910/1986/1910
f 1892/1968/1892 1893/1969/1893 1910/1986/1910
f 1893/1969/1893 1894/1970/1894 1910/1986/1910
f 1894/1970/1894 1895/1989/1895 1910/1986/1910
f 1895/1971/1895 1896/1972/1896 1910/1988/1910
f 1896/1972/1896 1897/1973/1897 1910/1988/1910
f 1897/1973/1897 1898/1974/1898 1910/1988/1910
f 1898/1974/1898 1899/1975/1899 1910/1988/1910
f 1899/1975/1899 1900/1976/1900 1910/1988/1910
f 1900/1976/1900 1901/1977/1901 1910/1988/1910
f 1901/1977/1901 1902/1978/1902 1910/1988/1910
f 1902/1978/1902 1903/1979/1903 1910/1988/1910
f 1903/1979/1903 1904/1980/1904 1910/1988/1910
f 1904/1980/1904 1905/1981/1905 1910/1988/1910
f 1905/1981/1905 1906/1987/1906 1910/1988/1910
f 1906/1982/1906 1907/1983/1907 1910/1986/1910
f 1907/1983/1907 1908/1984/1908 1910/1986/1910
f 1908/1984/1908 1889/1966/1890 1910/1986/1910
g default
v -0.046367 1.119976 0.362854
v 0.135060 1.160864 0.354139
v 0.412744 1.138435 0.293890
v 0.579551 1.078874 0.200707
v 0.679341 0.999619 0.056627
v -0.046367 1.845684 0.362854
v 0.135060 1.869142 0.354139
v 0.412744 1.726215 0.293890
v 0.579551 1.480287 0.200707
v 0.679341 1.112872 0.056627
v -0.046367 1.908750 0.181427
v 0.135060 1.935805 0.177070
v 0.412744 1.770962 0.146945
v 0.579551 1.487326 0.100353
v 0.679341 1.063575 0.028313
v -0.046367 1.951304 0.000000
v 0.135060 1.980786 0.000000
v 0.412744 1.801156 0.000000
v 0.579551 1.492076 0.000000
v 0.679341 1.030311 0.000000
v -0.046367 1.908750 -0.181427
v 0.135060 1.935805 -0.177070
v 0.412744 1.770962 -0.146945
v 0.579551 1.487326 -0.100353
v 0.679341 1.063575 -0.028313
v -0.046367 1.845684 -0.362854
v 0.135060 1.869142 -0.354139
v 0.412744 1.726215 -0.293890
v 0.579551 1.480287 -0.200707
v 0.679341 1.112872 -0.056627
v -0.046367 1.119976 -0.362854
v 0.135060 1.160864 -0.354139
v 0.412744 1.138435 -0.293890
v 0.579551 1.078874 -0.200707
v 0.679341 0.999619 -0.056627
v -0.046367 1.071768 -0.181427
v 0.135060 1.118926 -0.177070
v 0.412744 1.093057 -0.146945
v 0.579551 1.024364 -0.100353
v 0.679341 0.932957 -0.028313
v -0.046367 1.039239 0.000000
v 0.135060 1.090627 0.000000
v 0.412744 1.062438 0.000000
v 0.579551 0.987583 0.000000
v 0.679341 0.887976 0.000000
v -0.046367 1.071768 0.181427
v 0.135060 1.118926 0.177070
v 0.412744 1.093057 0.146945
v 0.579551 1.024364 0.100353
v 0.679341 0.932957 0.028313
v -0.046367 1.482830 0.431848
v -0.046367 1.490258 0.215924
v -0.046367 1.495271 0.000000
v -0.046367 1.490258 -0.215924
v -0.046367 1.482830 -0.431848
v 0.135060 1.515003 -0.421475
v 0.412744 1.432325 -0.349771
v 0.579551 1.279581 -0.238869
v 0.679341 1.056245 -0.067394
v 0.679341 0.998266 -0.033697
v 0.679341 0.959143 0.000000
v 0.679341 0.998266 0.033697
v 0.679341 1.056245 0.067394
v 0.579551 1.279581 0.238869
v 0.412744 1.432325 0.349771
v 0.135060 1.515003 0.421475
v -0.046367 1.301403 0.419694
v -0.046367 1.281013 0.209847
v -0.046367 1.267255 0.000000
v -0.046367 1.281013 -0.209847
v -0.046367 1.301403 -0.419694
v 0.135060 1.337934 -0.409613
v 0.412744 1.285380 -0.339927
v 0.579551 1.179228 -0.232146
v 0.679341 1.027932 -0.065497
v 0.679341 0.965611 -0.032748
v 0.679341 0.923559 0.000000
v 0.679341 0.965611 0.032748
v 0.679341 1.027932 0.065497
v 0.579551 1.179228 0.232146
v 0.412744 1.285380 0.339927
v 0.135060 1.337934 0.409613
v -0.046367 1.664257 -0.411591
v -0.046367 1.699504 -0.205795
v -0.046367 1.723287 0.000000
v -0.046367 1.699504 0.205795
v -0.046367 1.664257 0.411591
v 0.135060 1.692073 0.401705
v 0.412744 1.579270 0.333364
v 0.579551 1.379934 0.227664
v 0.679341 1.084559 0.064232
v 0.679341 1.030920 0.032116
v 0.679341 0.994727 0.000000
v 0.679341 1.030920 -0.032116
v 0.679341 1.084559 -0.064232
v 0.579551 1.379934 -0.227664
v 0.412744 1.579270 -0.333364
v 0.135060 1.692073 -0.401705
vt 0.239013 0.668652
vt 0.231850 0.693769
vt 0.196558 0.692630
vt 0.213483 0.668368
vt 0.230258 0.732990
vt 0.192324 0.729651
vt 0.242686 0.762524
vt 0.215724 0.761091
vt 0.267243 0.792041
vt 0.259002 0.793142
vt 0.153027 0.642042
vt 0.125317 0.650538
vt 0.122740 0.624637
vt 0.152089 0.619942
vt 0.078176 0.666473
vt 0.075758 0.626684
vt 0.133346 0.758334
vt 0.031817 0.560764
vt 0.234951 0.797532
vt 0.010140 0.457405
vt 0.128354 0.599035
vt 0.154159 0.598673
vt 0.083791 0.593791
vt 0.046647 0.543589
vt 0.013609 0.447298
vt 0.135653 0.574739
vt 0.163733 0.577207
vt 0.095662 0.563221
vt 0.063917 0.526488
vt 0.022040 0.451136
vt 0.148571 0.550433
vt 0.173269 0.554730
vt 0.114421 0.536781
vt 0.081955 0.510594
vt 0.031735 0.457327
vt 0.247865 0.523465
vt 0.208938 0.491454
vt 0.235778 0.470137
vt 0.292788 0.539964
vt 0.137919 0.463522
vt 0.134686 0.435648
vt 0.082719 0.452383
vt 0.070407 0.434670
vt 0.027669 0.440337
vt 0.023088 0.435822
vt 0.319029 0.631001
vt 0.293766 0.593974
vt 0.331477 0.705967
vt 0.322816 0.755970
vt 0.010779 0.426130
vt 0.297178 0.662797
vt 0.280522 0.629918
vt 0.299711 0.723569
vt 0.296190 0.767053
vt 0.001382 0.420122
vt 0.266458 0.683816
vt 0.262089 0.653062
vt 0.266522 0.732010
vt 0.269520 0.767976
vt 0.000000 0.431200
vt 0.014822 0.431755
vt 0.004535 0.426841
vt 0.001870 0.438017
vt 0.263780 0.565901
vt 0.255726 0.605740
vt 0.236536 0.638096
vt 0.182889 0.625252
vt 0.169382 0.654571
vt 0.189958 0.597615
vt 0.197654 0.569351
vt 0.193689 0.539671
vt 0.165340 0.527991
vt 0.122987 0.511669
vt 0.085667 0.490015
vt 0.031717 0.451202
vt 0.020444 0.444283
vt 0.010788 0.440438
vt 0.007146 0.450897
vt 0.004876 0.465605
vt 0.161765 0.759076
vt 0.117852 0.700951
vt 0.139325 0.669529
vt 0.189824 0.663338
vt 0.209642 0.631459
vt 0.225420 0.597573
vt 0.229697 0.563109
vt 0.216782 0.528528
vt 0.185439 0.509132
vt 0.131877 0.487880
vt 0.086595 0.470777
vt 0.030447 0.445529
vt 0.018043 0.437841
vt 0.007715 0.433609
vt 0.004346 0.444507
vt 0.250931 0.794495
vt 0.189045 0.760050
vt 0.155439 0.719885
vt 0.165535 0.684103
vt 0.242914 0.795965
vt 0.008083 0.471636
vt 0.000551 0.453619
vt 0.002304 0.459683
vt 0.284234 0.793473
vt 0.000011 0.447099
vt 0.293436 0.799050
vt 0.303558 0.791003
vt 0.319522 0.783100
vt 0.348327 0.741151
vt 0.361511 0.684859
vt 0.338884 0.597392
vt 0.016200 0.578254
vn 0.112499 -0.297064 0.948207
vn 0.151330 -0.295519 0.943275
vn 0.159681 -0.169139 0.972571
vn 0.094376 -0.199575 0.975327
vn 0.267976 -0.288027 0.919363
vn 0.296575 -0.176234 0.938608
vn 0.572308 -0.245161 0.782535
vn 0.573233 -0.167995 0.801986
vn 0.751860 -0.197113 0.629169
vn 0.781331 -0.151538 0.605441
vn -0.117818 0.933778 0.337902
vn 0.263017 0.910142 0.320099
vn 0.276465 0.922522 0.269295
vn -0.131766 0.948054 0.289536
vn 0.664589 0.714999 0.217020
vn 0.682228 0.708658 0.179912
vn 0.895260 0.442733 0.049971
vn 0.914162 0.404437 0.027171
vn 0.959995 0.266037 -0.087375
vn 0.972017 0.228601 -0.054083
vn 0.279327 0.960196 0.000000
vn -0.151123 0.988515 -0.000000
vn 0.689983 0.723826 0.000000
vn 0.921845 0.387558 0.000000
vn 0.974657 0.223705 0.000000
vn 0.276465 0.922522 -0.269295
vn -0.131766 0.948054 -0.289536
vn 0.682228 0.708658 -0.179912
vn 0.914162 0.404437 -0.027171
vn 0.972017 0.228601 0.054083
vn 0.263016 0.910142 -0.320099
vn -0.117818 0.933778 -0.337902
vn 0.664589 0.714999 -0.217020
vn 0.895260 0.442733 -0.049971
vn 0.959995 0.266037 0.087375
vn 0.094376 -0.199575 -0.975327
vn 0.159681 -0.169139 -0.972571
vn 0.151330 -0.295519 -0.943275
vn 0.112499 -0.297064 -0.948207
vn 0.296574 -0.176234 -0.938608
vn 0.267976 -0.288027 -0.919363
vn 0.573233 -0.167995 -0.801986
vn 0.572308 -0.245161 -0.782535
vn 0.781331 -0.151538 -0.605441
vn 0.751860 -0.197113 -0.629169
vn 0.237147 -0.942144 -0.236909
vn 0.088288 -0.963750 -0.251775
vn 0.071658 -0.973809 -0.215783
vn 0.249177 -0.947836 -0.198791
vn -0.074880 -0.955925 -0.283903
vn -0.130419 -0.958768 -0.252497
vn -0.168917 -0.901096 -0.399366
vn -0.234812 -0.885565 -0.400797
vn 0.119041 -0.722813 -0.680713
vn -0.388966 -0.751991 -0.532179
vn 0.065386 -0.997860 -0.000000
vn 0.263923 -0.964544 0.000000
vn -0.184379 -0.982855 0.000000
vn -0.438059 -0.898946 0.000000
vn -0.588404 -0.808567 0.000000
vn 0.071658 -0.973809 0.215783
vn 0.249177 -0.947836 0.198791
vn -0.130419 -0.958768 0.252497
vn -0.234812 -0.885565 0.400797
vn -0.388966 -0.751991 0.532179
vn 0.088288 -0.963750 0.251775
vn 0.237147 -0.942144 0.236909
vn -0.074880 -0.955925 0.283903
vn -0.168917 -0.901096 0.399366
vn 0.119041 -0.722813 0.680713
vn 1.000000 0.000000 0.000000
vn 1.000000 0.000000 0.000000
vn 1.000000 0.000000 0.000000
vn 1.000000 0.000000 0.000000
vn 1.000000 0.000000 0.000000
vn 1.000000 0.000000 0.000000
vn 1.000000 0.000000 0.000000
vn 1.000000 0.000000 0.000000
vn 1.000000 0.000000 0.000000
vn 1.000000 0.000000 0.000000
vn -1.000000 0.000000 0.000000
vn -1.000000 0.000000 0.000000
vn -1.000000 0.000000 0.000000
vn -1.000000 -0.000000 0.000000
vn -1.000000 0.000000 0.000000
vn -1.000000 0.000000 0.000000
vn -1.000000 0.000000 0.000000
vn -1.000000 0.000000 0.000000
vn -1.000000 0.000000 0.000000
vn -1.000000 0.000000 0.000000
vn -1.000000 -0.000000 0.000000
vn -1.000000 -0.000000 0.000000
vn -1.000000 -0.000000 0.000000
vn -1.000000 -0.000000 0.000000
vn -1.000000 -0.000000 0.000000
vn -1.000000 -0.000000 0.000000
vn -1.000000 -0.000000 0.000000
vn -1.000000 -0.000000 0.000000
vn -1.000000 -0.000000 0.000000
vn -1.000000 -0.000000 0.000000
vn 0.012847 0.259410 -0.965682
vn 0.185073 0.254950 -0.949078
vn 0.192800 0.195185 -0.961629
vn 0.026117 0.179180 -0.983470
vn 0.399394 0.237841 -0.885390
vn 0.437537 0.167576 -0.883448
vn 0.721002 0.179769 -0.669208
vn 0.752356 0.113159 -0.648965
vn 0.920130 0.101597 -0.378205
vn 0.899588 0.064958 -0.431882
vn 1.000000 0.000000 0.000000
vn 1.000000 0.000000 0.000000
vn 1.000000 0.000000 0.000000
vn 1.000000 0.000000 0.000000
vn 1.000000 0.000000 0.000000
vn 1.000000 0.000000 0.000000
vn 1.000000 0.000000 0.000000
vn 1.000000 0.000000 0.000000
vn 1.000000 0.000000 0.000000
vn 1.000000 0.000000 0.000000
vn 0.752356 0.113159 0.648965
vn 0.899588 0.064958 0.431882
vn 0.920130 0.101597 0.378205
vn 0.721002 0.179769 0.669208
vn 0.437537 0.167576 0.883448
vn 0.399394 0.237841 0.885390
vn 0.192800 0.195185 0.961629
vn 0.185073 0.254950 0.949078
vn 0.026117 0.179180 0.983470
vn 0.012847 0.259410 0.965682
vn -1.000000 -0.000000 0.000000
vn -1.000000 -0.000000 0.000000
vn -1.000000 0.000000 0.000000
vn -1.000000 0.000000 0.000000
vn -1.000000 0.000000 0.000000
vn 0.054901 0.012287 -0.998416
vn 0.174297 0.035095 -0.984068
vn 0.371365 0.021382 -0.928241
vn 0.679534 0.004427 -0.733630
vn 0.857668 -0.011482 -0.514076
vn 1.000000 0.000000 0.000000
vn 1.000000 0.000000 0.000000
vn 1.000000 0.000000 0.000000
vn 1.000000 0.000000 0.000000
vn 1.000000 0.000000 0.000000
vn 0.857668 -0.011482 0.514076
vn 0.679534 0.004427 0.733630
vn 0.371365 0.021382 0.928241
vn 0.174297 0.035095 0.984068
vn 0.054901 0.012287 0.998416
s 1
g group3 pCube1
usemtl initialShadingGroup
f 1911/2005/1911 1912/2006/1912 1992/2007/1913 1977/2008/1914
f 1912/2006/1912 1913/2009/1915 1991/2010/1916 1992/2007/1913
f 1913/2009/1915 1914/2011/1917 1990/2012/1918 1991/2010/1916
f 1914/2011/1917 1915/2013/1919 1989/2014/1920 1990/2012/1918
s 2
f 1916/2015/1921 1917/2016/1922 1922/2017/1923 1921/2018/1924
f 1917/2016/1922 1918/2019/1925 1923/2020/1926 1922/2017/1923
f 1918/2019/1925 1919/2115/1927 1924/2022/1928 1923/2020/1926
f 1919/2115/1927 1920/2104/1929 1925/2024/1930 1924/2022/1928
f 1921/2018/1924 1922/2017/1923 1927/2025/1931 1926/2026/1932
f 1922/2017/1923 1923/2020/1926 1928/2027/1933 1927/2025/1931
f 1923/2020/1926 1924/2022/1928 1929/2028/1934 1928/2027/1933
f 1924/2022/1928 1925/2024/1930 1930/2029/1935 1929/2028/1934
f 1926/2026/1932 1927/2025/1931 1932/2030/1936 1931/2031/1937
f 1927/2025/1931 1928/2027/1933 1933/2032/1938 1932/2030/1936
f 1928/2027/1933 1929/2028/1934 1934/2033/1939 1933/2032/1938
f 1929/2028/1934 1930/2029/1935 1935/2034/1940 1934/2033/1939
f 1931/2031/1937 1932/2030/1936 1937/2035/1941 1936/2036/1942
f 1932/2030/1936 1933/2032/1938 1938/2037/1943 1937/2035/1941
f 1933/2032/1938 1934/2033/1939 1939/2038/1944 1938/2037/1943
f 1934/2033/1939 1935/2034/1940 1940/2039/1945 1939/2038/1944
s 3
f 1981/2040/1946 1982/2041/1947 1942/2042/1948 1941/2043/1949
f 1982/2041/1947 1983/2044/1950 1943/2045/1951 1942/2042/1948
f 1983/2044/1950 1984/2046/1952 1944/2047/1953 1943/2045/1951
f 1984/2046/1952 1985/2048/1954 1945/2049/1955 1944/2047/1953
s 4
f 1941/2043/1956 1942/2114/1957 1947/2050/1958 1946/2051/1959
f 1942/2114/1957 1943/2113/1960 1948/2052/1961 1947/2050/1958
f 1943/2113/1960 1944/2112/1962 1949/2053/1963 1948/2052/1961
f 1944/2112/1962 1945/2111/1964 1950/2110/1965 1949/2053/1963
f 1946/2051/1959 1947/2050/1958 1952/2055/1966 1951/2056/1967
f 1947/2050/1958 1948/2052/1961 1953/2057/1968 1952/2055/1966
f 1948/2052/1961 1949/2053/1963 1954/2058/1969 1953/2057/1968
f 1949/2053/1963 1950/2110/1965 1955/2109/1970 1954/2058/1969
f 1951/2056/1967 1952/2055/1966 1957/2060/1971 1956/2061/1972
f 1952/2055/1966 1953/2057/1968 1958/2062/1973 1957/2060/1971
f 1953/2057/1968 1954/2058/1969 1959/2063/1974 1958/2062/1973
f 1954/2058/1969 1955/2109/1970 1960/2107/1975 1959/2063/1974
f 1956/2061/1972 1957/2060/1971 1912/2006/1976 1911/2005/1977
f 1957/2060/1971 1958/2062/1973 1913/2009/1978 1912/2006/1976
f 1958/2062/1973 1959/2063/1974 1914/2011/1979 1913/2009/1978
f 1959/2063/1974 1960/2107/1975 1915/2013/1980 1914/2011/1979
s 5
f 1950/2054/1981 1945/2049/1982 1985/2048/1983 1986/2065/1984
f 1955/2059/1985 1950/2054/1981 1986/2065/1984 1987/2066/1986
f 1960/2064/1987 1955/2059/1985 1987/2066/1986 1988/2067/1988
f 1915/2108/1989 1960/2064/1987 1988/2067/1988 1989/2105/1990
s 6
f 1941/2043/1991 1946/2051/1992 1980/2068/1993 1981/2040/1994
f 1946/2051/1992 1951/2056/1995 1979/2069/1996 1980/2068/1993
f 1951/2056/1995 1956/2061/1997 1978/2070/1998 1979/2069/1996
f 1956/2061/1997 1911/2005/1999 1977/2008/2000 1978/2070/1998
f 1996/2071/2001 1997/2072/2002 1916/2015/2003 1921/2018/2004
f 1995/2073/2005 1996/2071/2001 1921/2018/2004 1926/2026/2006
f 1994/2074/2007 1995/2073/2005 1926/2026/2006 1931/2031/2008
f 1993/2075/2009 1994/2074/2007 1931/2031/2008 1936/2036/2010
s 3
f 1936/2036/2011 1937/2035/2012 2008/2076/2013 1993/2075/2014
f 1937/2035/2012 1938/2037/2015 2007/2077/2016 2008/2076/2013
f 1938/2037/2015 1939/2038/2017 2006/2078/2018 2007/2077/2016
f 1939/2038/2017 1940/2039/2019 2005/2079/2020 2006/2078/2018
s 5
f 2004/2080/2021 2005/2079/2022 1940/2039/2023 1935/2034/2024
f 2003/2081/2025 2004/2080/2021 1935/2034/2024 1930/2029/2026
f 2002/2082/2027 2003/2081/2025 1930/2029/2026 1925/2024/2028
f 2001/2083/2029 2002/2082/2027 1925/2024/2028 1920/2104/2030
s 1
f 2000/2084/2031 2001/2103/2032 1920/2023/2033 1919/2021/2034
f 1999/2085/2035 2000/2084/2031 1919/2021/2034 1918/2019/2036
f 1998/2086/2037 1999/2085/2035 1918/2019/2036 1917/2016/2038
f 1997/2072/2039 1998/2086/2037 1917/2016/2038 1916/2015/2040
s 6
f 1978/2070/1998 1977/2008/2000 1961/2087/2041 1962/2088/2042
f 1979/2069/1996 1978/2070/1998 1962/2088/2042 1963/2089/2043
f 1980/2068/1993 1979/2069/1996 1963/2089/2043 1964/2090/2044
f 1981/2040/1994 1980/2068/1993 1964/2090/2044 1965/2091/2045
s 3
f 1965/2091/2046 1966/2092/2047 1982/2041/1947 1981/2040/1946
f 1966/2092/2047 1967/2093/2048 1983/2044/1950 1982/2041/1947
f 1967/2093/2048 1968/2094/2049 1984/2046/1952 1983/2044/1950
f 1968/2094/2049 1969/2095/2050 1985/2048/1954 1984/2046/1952
s 5
f 1986/2065/1984 1985/2048/1983 1969/2095/2051 1970/2096/2052
f 1987/2066/1986 1986/2065/1984 1970/2096/2052 1971/2097/2053
f 1988/2067/1988 1987/2066/1986 1971/2097/2053 1972/2098/2054
f 1989/2105/1990 1988/2067/1988 1972/2098/2054 1973/2106/2055
s 1
f 1990/2012/1918 1989/2014/1920 1973/2099/2056 1974/2100/2057
f 1991/2010/1916 1990/2012/1918 1974/2100/2057 1975/2101/2058
f 1992/2007/1913 1991/2010/1916 1975/2101/2058 1976/2102/2059
f 1977/2008/1914 1992/2007/1913 1976/2102/2059 1961/2087/2060
s 6
f 1965/2091/2045 1964/2090/2044 1994/2074/2007 1993/2075/2009
f 1964/2090/2044 1963/2089/2043 1995/2073/2005 1994/2074/2007
f 1963/2089/2043 1962/2088/2042 1996/2071/2001 1995/2073/2005
f 1962/2088/2042 1961/2087/2041 1997/2072/2002 1996/2071/2001
s 1
f 1961/2087/2060 1976/2102/2059 1998/2086/2037 1997/2072/2039
f 1976/2102/2059 1975/2101/2058 1999/2085/2035 1998/2086/2037
f 1975/2101/2058 1974/2100/2057 2000/2084/2031 1999/2085/2035
f 1974/2100/2057 1973/2099/2056 2001/2103/2032 2000/2084/2031
s 5
f 1973/2106/2055 1972/2098/2054 2002/2082/2027 2001/2083/2029
f 1972/2098/2054 1971/2097/2053 2003/2081/2025 2002/2082/2027
f 1971/2097/2053 1970/2096/2052 2004/2080/2021 2003/2081/2025
f 1970/2096/2052 1969/2095/2051 2005/2079/2022 2004/2080/2021
s 3
f 2006/2078/2018 2005/2079/2020 1969/2095/2050 1968/2094/2049
f 2007/2077/2016 2006/2078/2018 1968/2094/2049 1967/2093/2048
f 2008/2076/2013 2007/2077/2016 1967/2093/2048 1966/2092/2047
f 1993/2075/2014 2008/2076/2013 1966/2092/2047 1965/2091/2046
g default
v -0.323735 1.625402 0.724704
v -0.320453 1.631844 0.724704
v -0.315340 1.636956 0.724704
v -0.308898 1.640239 0.724704
v -0.301757 1.641370 0.724704
v -0.294615 1.640239 0.724704
v -0.288173 1.636956 0.724704
v -0.283060 1.631844 0.724704
v -0.279778 1.625402 0.724704
v -0.278647 1.618260 0.724704
v -0.279778 1.611119 0.724704
v -0.283060 1.604677 0.724704
v -0.288173 1.599564 0.724704
v -0.294615 1.596282 0.724704
v -0.301757 1.595151 0.724704
v -0.308898 1.596282 0.724704
v -0.315340 1.599564 0.724704
v -0.320453 1.604677 0.724704
v -0.323735 1.611119 0.724704
v -0.324866 1.618260 0.724704
v -0.345173 1.632367 0.719292
v -0.338689 1.645093 0.719292
v -0.328589 1.655192 0.719292
v -0.315863 1.661676 0.719292
v -0.301757 1.663911 0.719292
v -0.287650 1.661676 0.719292
v -0.274924 1.655192 0.719292
v -0.264825 1.645093 0.719292
v -0.258341 1.632367 0.719292
v -0.256106 1.618261 0.719292
v -0.258341 1.604154 0.719292
v -0.264825 1.591428 0.719292
v -0.274924 1.581328 0.719292
v -0.287650 1.574844 0.719292
v -0.301757 1.572610 0.719292
v -0.315863 1.574844 0.719292
v -0.328589 1.581328 0.719292
v -0.338689 1.591428 0.719292
v -0.345173 1.604154 0.719292
v -0.347407 1.618261 0.719292
v -0.365541 1.638985 0.710421
v -0.356015 1.657682 0.710421
v -0.341178 1.672519 0.710421
v -0.322481 1.682045 0.710421
v -0.301757 1.685327 0.710421
v -0.281032 1.682045 0.710421
v -0.262336 1.672519 0.710421
v -0.247498 1.657681 0.710421
v -0.237972 1.638985 0.710421
v -0.234690 1.618261 0.710421
v -0.237972 1.597536 0.710421
v -0.247498 1.578840 0.710421
v -0.262336 1.564002 0.710421
v -0.281032 1.554476 0.710421
v -0.301757 1.551193 0.710421
v -0.322481 1.554476 0.710421
v -0.341178 1.564002 0.710421
v -0.356015 1.578840 0.710421
v -0.365541 1.597536 0.710421
v -0.368824 1.618261 0.710421
v -0.384339 1.645093 0.698309
v -0.372005 1.669299 0.698309
v -0.352795 1.688509 0.698309
v -0.328589 1.700843 0.698309
v -0.301757 1.705093 0.698309
v -0.274924 1.700843 0.698309
v -0.250718 1.688509 0.698309
v -0.231508 1.669299 0.698309
v -0.219174 1.645093 0.698309
v -0.214924 1.618260 0.698309
v -0.219174 1.591428 0.698309
v -0.231508 1.567222 0.698309
v -0.250718 1.548012 0.698309
v -0.274924 1.535678 0.698309
v -0.301757 1.531428 0.698309
v -0.328589 1.535678 0.698309
v -0.352795 1.548012 0.698309
v -0.372005 1.567222 0.698309
v -0.384339 1.591428 0.698309
v -0.388589 1.618260 0.698309
v -0.401103 1.650540 0.683254
v -0.386266 1.679660 0.683254
v -0.363156 1.702770 0.683254
v -0.334036 1.717607 0.683254
v -0.301757 1.722720 0.683254
v -0.269477 1.717607 0.683254
v -0.240357 1.702770 0.683254
v -0.217247 1.679660 0.683254
v -0.202410 1.650540 0.683254
v -0.197297 1.618261 0.683254
v -0.202410 1.585981 0.683254
v -0.217247 1.556861 0.683254
v -0.240357 1.533751 0.683254
v -0.269477 1.518914 0.683254
v -0.301757 1.513801 0.683254
v -0.334036 1.518914 0.683254
v -0.363156 1.533751 0.683254
v -0.386266 1.556861 0.683254
v -0.401103 1.585981 0.683254
v -0.406216 1.618261 0.683254
v -0.415421 1.655192 0.665627
v -0.398446 1.688509 0.665627
v -0.372005 1.714950 0.665627
v -0.338689 1.731925 0.665627
v -0.301757 1.737775 0.665627
v -0.264825 1.731925 0.665627
v -0.231508 1.714950 0.665627
v -0.205068 1.688509 0.665627
v -0.188092 1.655192 0.665627
v -0.182242 1.618261 0.665627
v -0.188092 1.581328 0.665627
v -0.205068 1.548012 0.665627
v -0.231508 1.521571 0.665627
v -0.264825 1.504595 0.665627
v -0.301757 1.498746 0.665627
v -0.338689 1.504595 0.665627
v -0.372005 1.521571 0.665627
v -0.398446 1.548012 0.665627
v -0.415421 1.581328 0.665627
v -0.421271 1.618261 0.665627
v -0.426941 1.658935 0.645862
v -0.408245 1.695629 0.645862
v -0.379125 1.724748 0.645862
v -0.342431 1.743445 0.645862
v -0.301757 1.749887 0.645862
v -0.261082 1.743445 0.645862
v -0.224389 1.724748 0.645862
v -0.195269 1.695628 0.645862
v -0.176573 1.658935 0.645862
v -0.170130 1.618261 0.645862
v -0.176573 1.577586 0.645862
v -0.195269 1.540892 0.645862
v -0.224389 1.511772 0.645862
v -0.261082 1.493076 0.645862
v -0.301757 1.486634 0.645862
v -0.342431 1.493076 0.645862
v -0.379125 1.511772 0.645862
v -0.408245 1.540892 0.645862
v -0.426941 1.577586 0.645862
v -0.433383 1.618261 0.645862
v -0.435378 1.661676 0.624445
v -0.415421 1.700843 0.624445
v -0.384339 1.731925 0.624445
v -0.345173 1.751881 0.624445
v -0.301757 1.758758 0.624445
v -0.258341 1.751881 0.624445
v -0.219174 1.731925 0.624445
v -0.188092 1.700843 0.624445
v -0.168136 1.661676 0.624445
v -0.161259 1.618260 0.624445
v -0.168136 1.574844 0.624445
v -0.188092 1.535678 0.624445
v -0.219174 1.504595 0.624445
v -0.258341 1.484639 0.624445
v -0.301757 1.477763 0.624445
v -0.345173 1.484639 0.624445
v -0.384339 1.504595 0.624445
v -0.415421 1.535678 0.624445
v -0.435378 1.574844 0.624445
v -0.442254 1.618260 0.624445
v -0.440524 1.663349 0.601904
v -0.419800 1.704024 0.601904
v -0.387520 1.736303 0.601904
v -0.346845 1.757028 0.601904
v -0.301757 1.764169 0.601904
v -0.256668 1.757028 0.601904
v -0.215993 1.736303 0.601904
v -0.183714 1.704024 0.601904
v -0.162989 1.663349 0.601904
v -0.155848 1.618260 0.601904
v -0.162989 1.573172 0.601904
v -0.183714 1.532497 0.601904
v -0.215993 1.500218 0.601904
v -0.256668 1.479493 0.601905
v -0.301757 1.472351 0.601904
v -0.346845 1.479493 0.601905
v -0.387520 1.500218 0.601904
v -0.419799 1.532497 0.601904
v -0.440524 1.573172 0.601904
v -0.447666 1.618260 0.601904
v -0.442254 1.663911 0.578795
v -0.421271 1.705093 0.578795
v -0.388589 1.737775 0.578795
v -0.347407 1.758758 0.578795
v -0.301757 1.765988 0.578795
v -0.256106 1.758758 0.578795
v -0.214924 1.737775 0.578795
v -0.182242 1.705093 0.578795
v -0.161259 1.663911 0.578795
v -0.154029 1.618261 0.578795
v -0.161259 1.572610 0.578795
v -0.182242 1.531428 0.578795
v -0.214924 1.498746 0.578795
v -0.256106 1.477763 0.578795
v -0.301757 1.470533 0.578795
v -0.347407 1.477763 0.578795
v -0.388589 1.498746 0.578795
v -0.421271 1.531428 0.578795
v -0.442254 1.572610 0.578795
v -0.449484 1.618261 0.578795
v -0.440524 1.663349 0.555685
v -0.419800 1.704024 0.555685
v -0.387520 1.736303 0.555685
v -0.346845 1.757028 0.555685
v -0.301757 1.764169 0.555685
v -0.256668 1.757028 0.555685
v -0.215993 1.736303 0.555685
v -0.183714 1.704024 0.555685
v -0.162989 1.663349 0.555685
v -0.155848 1.618261 0.555685
v -0.162989 1.573172 0.555685
v -0.183714 1.532497 0.555685
v -0.215993 1.500218 0.555685
v -0.256668 1.479493 0.555685
v -0.301757 1.472352 0.555685
v -0.346845 1.479493 0.555685
v -0.387520 1.500218 0.555685
v -0.419799 1.532497 0.555685
v -0.440524 1.573172 0.555685
v -0.447666 1.618261 0.555685
v -0.435378 1.661677 0.533144
v -0.415421 1.700843 0.533144
v -0.384339 1.731925 0.533144
v -0.345173 1.751882 0.533144
v -0.301757 1.758758 0.533144
v -0.258341 1.751882 0.533144
v -0.219174 1.731925 0.533144
v -0.188092 1.700843 0.533144
v -0.168136 1.661677 0.533144
v -0.161259 1.618261 0.533144
v -0.168136 1.574844 0.533144
v -0.188092 1.535678 0.533144
v -0.219174 1.504596 0.533144
v -0.258341 1.484639 0.533144
v -0.301757 1.477763 0.533144
v -0.345173 1.484639 0.533144
v -0.384339 1.504596 0.533144
v -0.415421 1.535678 0.533144
v -0.435378 1.574844 0.533144
v -0.442254 1.618261 0.533144
v -0.426941 1.658935 0.511728
v -0.408245 1.695628 0.511728
v -0.379125 1.724748 0.511728
v -0.342431 1.743445 0.511728
v -0.301757 1.749887 0.511728
v -0.261082 1.743445 0.511728
v -0.224389 1.724748 0.511728
v -0.195269 1.695628 0.511728
v -0.176573 1.658935 0.511728
v -0.170130 1.618260 0.511728
v -0.176573 1.577586 0.511728
v -0.195269 1.540892 0.511728
v -0.224389 1.511772 0.511728
v -0.261082 1.493076 0.511728
v -0.301757 1.486634 0.511728
v -0.342431 1.493076 0.511728
v -0.379125 1.511772 0.511728
v -0.408245 1.540892 0.511728
v -0.426941 1.577586 0.511728
v -0.433383 1.618260 0.511728
v -0.415421 1.655192 0.491963
v -0.398446 1.688509 0.491963
v -0.372005 1.714950 0.491963
v -0.338689 1.731925 0.491963
v -0.301757 1.737775 0.491963
v -0.264825 1.731925 0.491963
v -0.231508 1.714950 0.491963
v -0.205068 1.688509 0.491963
v -0.188092 1.655192 0.491963
v -0.182242 1.618261 0.491963
v -0.188092 1.581328 0.491963
v -0.205068 1.548012 0.491963
v -0.231508 1.521571 0.491963
v -0.264825 1.504595 0.491963
v -0.301757 1.498746 0.491963
v -0.338689 1.504595 0.491963
v -0.372005 1.521571 0.491963
v -0.398446 1.548012 0.491963
v -0.415421 1.581328 0.491963
v -0.421271 1.618261 0.491963
v -0.401103 1.650540 0.474335
v -0.386266 1.679660 0.474335
v -0.363156 1.702770 0.474335
v -0.334036 1.717607 0.474335
v -0.301757 1.722720 0.474335
v -0.269477 1.717607 0.474335
v -0.240357 1.702770 0.474335
v -0.217247 1.679660 0.474335
v -0.202410 1.650540 0.474335
v -0.197297 1.618260 0.474335
v -0.202410 1.585981 0.474335
v -0.217247 1.556861 0.474335
v -0.240357 1.533751 0.474335
v -0.269477 1.518914 0.474335
v -0.301757 1.513801 0.474335
v -0.334036 1.518914 0.474335
v -0.363156 1.533751 0.474335
v -0.386266 1.556861 0.474335
v -0.401103 1.585981 0.474335
v -0.406216 1.618260 0.474335
v -0.384339 1.645093 0.459281
v -0.372005 1.669299 0.459281
v -0.352795 1.688509 0.459281
v -0.328589 1.700843 0.459281
v -0.301757 1.705093 0.459281
v -0.274924 1.700843 0.459281
v -0.250718 1.688509 0.459281
v -0.231508 1.669299 0.459281
v -0.219174 1.645093 0.459280
v -0.214924 1.618261 0.459281
v -0.219174 1.591428 0.459281
v -0.231508 1.567222 0.459281
v -0.250718 1.548012 0.459280
v -0.274924 1.535678 0.459281
v -0.301757 1.531428 0.459281
v -0.328589 1.535678 0.459281
v -0.352795 1.548012 0.459281
v -0.372005 1.567222 0.459281
v -0.384339 1.591428 0.459281
v -0.388589 1.618261 0.459281
v -0.365541 1.638985 0.447168
v -0.356015 1.657681 0.447168
v -0.341178 1.672519 0.447168
v -0.322481 1.682045 0.447168
v -0.301757 1.685327 0.447168
v -0.281032 1.682045 0.447168
v -0.262336 1.672519 0.447168
v -0.247498 1.657681 0.447168
v -0.237972 1.638985 0.447168
v -0.234690 1.618260 0.447168
v -0.237972 1.597535 0.447168
v -0.247498 1.578840 0.447168
v -0.262336 1.564002 0.447168
v -0.281032 1.554476 0.447168
v -0.301757 1.551193 0.447168
v -0.322481 1.554476 0.447168
v -0.341178 1.564002 0.447168
v -0.356015 1.578840 0.447168
v -0.365541 1.597535 0.447168
v -0.368824 1.618260 0.447168
v -0.345173 1.632367 0.438297
v -0.338689 1.645093 0.438297
v -0.328589 1.655192 0.438297
v -0.315863 1.661676 0.438297
v -0.301757 1.663911 0.438297
v -0.287650 1.661676 0.438297
v -0.274924 1.655192 0.438297
v -0.264825 1.645093 0.438297
v -0.258341 1.632367 0.438297
v -0.256106 1.618260 0.438297
v -0.258341 1.604154 0.438297
v -0.264825 1.591428 0.438297
v -0.274924 1.581328 0.438297
v -0.287650 1.574844 0.438297
v -0.301757 1.572610 0.438297
v -0.315863 1.574844 0.438297
v -0.328589 1.581328 0.438297
v -0.338689 1.591428 0.438297
v -0.345173 1.604154 0.438297
v -0.347407 1.618260 0.438297
v -0.323735 1.625402 0.432886
v -0.320453 1.631844 0.432886
v -0.315340 1.636957 0.432886
v -0.308898 1.640239 0.432886
v -0.301757 1.641370 0.432886
v -0.294615 1.640239 0.432886
v -0.288173 1.636957 0.432886
v -0.283060 1.631844 0.432886
v -0.279778 1.625402 0.432886
v -0.278647 1.618261 0.432886
v -0.279778 1.611119 0.432886
v -0.283060 1.604677 0.432886
v -0.288173 1.599564 0.432886
v -0.294615 1.596282 0.432886
v -0.301757 1.595151 0.432886
v -0.308898 1.596282 0.432886
v -0.315340 1.599564 0.432886
v -0.320453 1.604677 0.432886
v -0.323735 1.611119 0.432886
v -0.324866 1.618261 0.432886
v -0.301757 1.618261 0.726522
v -0.301757 1.618261 0.431067
vt 0.360350 0.048494
vt 0.360634 0.049418
vt 0.357687 0.051548
vt 0.357112 0.049758
vt 0.361189 0.050150
vt 0.358776 0.052963
vt 0.361966 0.050626
vt 0.360288 0.053887
vt 0.362897 0.050803
vt 0.362096 0.054244
vt 0.363899 0.050664
vt 0.364051 0.054004
vt 0.364881 0.050218
vt 0.365988 0.053178
vt 0.365752 0.049499
vt 0.367737 0.051819
vt 0.366426 0.048568
vt 0.369127 0.050018
vt 0.366829 0.047504
vt 0.370002 0.047911
vt 0.366910 0.046411
vt 0.370230 0.045682
vt 0.366648 0.045403
vt 0.369730 0.043571
vt 0.366062 0.044593
vt 0.368512 0.041857
vt 0.365213 0.044078
vt 0.366713 0.040791
vt 0.364199 0.043915
vt 0.364583 0.040499
vt 0.363135 0.044113
vt 0.362404 0.040972
vt 0.362134 0.044641
vt 0.360417 0.042102
vt 0.361294 0.045434
vt 0.358801 0.043729
vt 0.360689 0.046405
vt 0.357674 0.045672
vt 0.360367 0.047458
vt 0.357103 0.047742
vt 0.354778 0.053725
vt 0.353907 0.051114
vt 0.356383 0.055786
vt 0.358595 0.057135
vt 0.361238 0.057669
vt 0.364102 0.057353
vt 0.366957 0.056206
vt 0.369572 0.054289
vt 0.371708 0.051705
vt 0.373124 0.048604
vt 0.373583 0.045214
vt 0.372890 0.041883
vt 0.370982 0.039115
vt 0.368077 0.037459
vt 0.364702 0.037100
vt 0.361375 0.037942
vt 0.358454 0.039742
vt 0.356153 0.042225
vt 0.354593 0.045120
vt 0.353838 0.048166
vt 0.351900 0.055940
vt 0.350732 0.052541
vt 0.354006 0.058624
vt 0.356897 0.060378
vt 0.360343 0.061083
vt 0.364073 0.060708
vt 0.367804 0.059290
vt 0.371257 0.056900
vt 0.374149 0.053638
vt 0.376169 0.049636
vt 0.376967 0.045100
vt 0.376159 0.040419
vt 0.373485 0.036351
vt 0.369227 0.034065
vt 0.364457 0.033739
vt 0.359993 0.035058
vt 0.356235 0.037582
vt 0.353363 0.040920
vt 0.351463 0.044731
vt 0.350580 0.048705
vt 0.349049 0.058184
vt 0.347590 0.054018
vt 0.351646 0.061478
vt 0.355204 0.063622
vt 0.359430 0.064487
vt 0.363986 0.064064
vt 0.368544 0.062417
vt 0.372795 0.059639
vt 0.376433 0.055822
vt 0.379110 0.051055
vt 0.380372 0.045461
vt 0.379589 0.039324
vt 0.376047 0.033538
vt 0.370017 0.030588
vt 0.363716 0.030450
vt 0.358206 0.032357
vt 0.353760 0.035637
vt 0.350447 0.039806
vt 0.348297 0.044484
vt 0.347337 0.049333
vt 0.346224 0.060444
vt 0.344479 0.055523
vt 0.349305 0.064347
vt 0.353529 0.066869
vt 0.358520 0.067879
vt 0.363864 0.067411
vt 0.369193 0.065576
vt 0.374189 0.062493
vt 0.378546 0.058252
vt 0.381913 0.052901
vt 0.383784 0.046441
vt 0.383269 0.038861
vt 0.378725 0.030635
vt 0.370147 0.026999
vt 0.362313 0.027278
vt 0.355976 0.029874
vt 0.351038 0.033918
vt 0.347424 0.038876
vt 0.345111 0.044359
vt 0.344116 0.050026
vt 0.343420 0.062703
vt 0.341399 0.057029
vt 0.346984 0.067230
vt 0.351887 0.070120
vt 0.357635 0.071258
vt 0.363729 0.070744
vt 0.369769 0.068756
vt 0.375443 0.065448
vt 0.380472 0.060921
vt 0.384539 0.055200
vt 0.387163 0.048195
vt 0.387353 0.039527
vt 0.381706 0.027613
vt 0.368916 0.023330
vt 0.360075 0.024265
vt 0.353286 0.027640
vt 0.348088 0.032435
vt 0.344314 0.038121
vt 0.341917 0.044336
vt 0.340922 0.050757
vt 0.340632 0.064938
vt 0.338348 0.058500
vt 0.344684 0.070128
vt 0.350298 0.073378
vt 0.356806 0.074620
vt 0.363609 0.074055
vt 0.370289 0.071943
vt 0.376564 0.068487
vt 0.382201 0.063810
vt 0.386945 0.057945
vt 0.390437 0.050824
vt 0.392084 0.042250
vt 0.375870 0.019005
vt 0.365512 0.019049
vt 0.356940 0.021427
vt 0.350159 0.025687
vt 0.344934 0.031196
vt 0.341134 0.037534
vt 0.338727 0.044394
vt 0.337761 0.051494
vt 0.337847 0.067112
vt 0.335319 0.059892
vt 0.342406 0.073044
vt 0.348793 0.076650
vt 0.356074 0.077964
vt 0.363536 0.077336
vt 0.370775 0.075128
vt 0.377561 0.071597
vt 0.383723 0.066894
vt 0.389087 0.061091
vt 0.393448 0.054197
vt 0.396648 0.046265
vt 0.369685 0.012077
vt 0.360917 0.015073
vt 0.353092 0.018929
vt 0.346658 0.024059
vt 0.341610 0.030208
vt 0.337904 0.037103
vt 0.335550 0.044509
vt 0.334633 0.052201
vt 0.335040 0.069165
vt 0.332301 0.061136
vt 0.340146 0.075987
vt 0.347426 0.079950
vt 0.355502 0.081289
vt 0.363555 0.080576
vt 0.371252 0.078300
vt 0.378444 0.074762
vt 0.385031 0.070150
vt 0.390924 0.064580
vt 0.396064 0.058163
vt 0.400590 0.051133
vt 0.362752 0.006671
vt 0.355511 0.011777
vt 0.348695 0.016901
vt 0.342850 0.022795
vt 0.338146 0.029478
vt 0.334637 0.036815
vt 0.332392 0.044653
vt 0.331537 0.052831
vt 0.332159 0.070985
vt 0.329267 0.062136
vt 0.337896 0.078976
vt 0.346298 0.083309
vt 0.355187 0.084595
vt 0.363726 0.083773
vt 0.371753 0.081451
vt 0.379227 0.077971
vt 0.386123 0.073549
vt 0.392427 0.068356
vt 0.398192 0.062592
vt 0.403724 0.056619
vt 0.355098 0.002811
vt 0.349513 0.009350
vt 0.343879 0.015440
vt 0.338798 0.021930
vt 0.334570 0.029012
vt 0.331348 0.036658
vt 0.329257 0.044792
vt 0.328468 0.053323
vt 0.329091 0.072352
vt 0.326174 0.062749
vt 0.335615 0.082042
vt 0.345638 0.086784
vt 0.355285 0.087889
vt 0.364129 0.086924
vt 0.372318 0.084577
vt 0.379928 0.081214
vt 0.386997 0.077074
vt 0.393568 0.072371
vt 0.399765 0.067381
vt 0.405958 0.062554
vt 0.346902 0.000566
vt 0.343092 0.007909
vt 0.338751 0.014616
vt 0.334555 0.021494
vt 0.330906 0.028811
vt 0.328041 0.036616
vt 0.326141 0.044889
vt 0.325409 0.053601
vt 0.325589 0.072790
vt 0.322944 0.062764
vt 0.333103 0.085185
vt 0.346088 0.090420
vt 0.356037 0.091209
vt 0.364865 0.090041
vt 0.372996 0.087682
vt 0.380570 0.084487
vt 0.387655 0.080705
vt 0.394327 0.076582
vt 0.400736 0.072445
vt 0.407235 0.068801
vt 0.338417 0.000002
vt 0.336404 0.007539
vt 0.333404 0.014491
vt 0.330167 0.021514
vt 0.327172 0.028880
vt 0.324720 0.036670
vt 0.323033 0.044898
vt 0.322332 0.053573
vt 0.321044 0.071212
vt 0.319473 0.061927
vt 0.339164 0.094324
vt 0.348682 0.095005
vt 0.357696 0.094658
vt 0.366043 0.093145
vt 0.373844 0.090772
vt 0.381178 0.087793
vt 0.388100 0.084434
vt 0.394681 0.080955
vt 0.401061 0.077711
vt 0.407513 0.075229
vt 0.329934 0.001163
vt 0.329611 0.008312
vt 0.327927 0.015121
vt 0.325676 0.022022
vt 0.323377 0.029224
vt 0.321376 0.036801
vt 0.319914 0.044770
vt 0.319201 0.053136
vt 0.316067 0.068198
vt 0.315791 0.060197
vt 0.345799 0.101607
vt 0.352756 0.099670
vt 0.360300 0.098152
vt 0.367748 0.096238
vt 0.374924 0.093863
vt 0.381786 0.091142
vt 0.388335 0.088259
vt 0.394609 0.085464
vt 0.400697 0.083111
vt 0.406757 0.081710
vt 0.321784 0.004056
vt 0.322886 0.010290
vt 0.322410 0.016567
vt 0.321117 0.023056
vt 0.319527 0.029854
vt 0.317993 0.036992
vt 0.316758 0.044459
vt 0.315990 0.052217
vt 0.311215 0.064056
vt 0.312010 0.057586
vt 0.353300 0.107097
vt 0.358007 0.103889
vt 0.363836 0.101532
vt 0.370050 0.099297
vt 0.376303 0.096967
vt 0.382433 0.094554
vt 0.388368 0.092188
vt 0.394086 0.090090
vt 0.399599 0.088581
vt 0.404934 0.088108
vt 0.314331 0.008629
vt 0.316434 0.013526
vt 0.316953 0.018900
vt 0.316525 0.024666
vt 0.315614 0.030789
vt 0.314544 0.037227
vt 0.313531 0.043917
vt 0.312691 0.050760
vt 0.306838 0.058923
vt 0.308274 0.054115
vt 0.361562 0.110697
vt 0.364257 0.107283
vt 0.368288 0.104609
vt 0.373021 0.102277
vt 0.378061 0.100102
vt 0.383171 0.098062
vt 0.388208 0.096245
vt 0.393079 0.094824
vt 0.397714 0.094056
vt 0.402020 0.094275
vt 0.307976 0.014738
vt 0.310498 0.018053
vt 0.311678 0.022200
vt 0.311938 0.026921
vt 0.311621 0.032060
vt 0.310983 0.037495
vt 0.310189 0.043102
vt 0.309306 0.048719
vt 0.303186 0.052894
vt 0.304729 0.049791
vt 0.370226 0.112296
vt 0.371325 0.109541
vt 0.373640 0.107169
vt 0.376743 0.105100
vt 0.380300 0.103281
vt 0.384069 0.101718
vt 0.387868 0.100474
vt 0.391552 0.099669
vt 0.394983 0.099463
vt 0.398003 0.100050
vt 0.303112 0.022090
vt 0.305369 0.023850
vt 0.306742 0.026555
vt 0.307398 0.029916
vt 0.307515 0.033722
vt 0.307240 0.037797
vt 0.306674 0.041969
vt 0.305850 0.046047
vt 0.300443 0.046081
vt 0.301506 0.044618
vt 0.378779 0.111928
vt 0.378951 0.110427
vt 0.379852 0.108984
vt 0.381312 0.107668
vt 0.383159 0.106527
vt 0.385230 0.105609
vt 0.387378 0.104964
vt 0.389465 0.104655
vt 0.391356 0.104741
vt 0.392914 0.105276
vt 0.300015 0.030206
vt 0.301356 0.030787
vt 0.302341 0.032029
vt 0.302959 0.033773
vt 0.303233 0.035863
vt 0.303198 0.038149
vt 0.302888 0.040478
vt 0.302321 0.042691
vt 0.363632 0.047324
vt 0.298630 0.038595
vt 0.393994 0.106281
vt 0.386812 0.109911
vt 0.299148 0.046901
vt 0.400389 0.101617
vt 0.301042 0.054966
vt 0.405822 0.095884
vt 0.304481 0.062592
vt 0.410075 0.089259
vt 0.309438 0.069492
vt 0.413001 0.081976
vt 0.315835 0.075487
vt 0.414508 0.074279
vt 0.323663 0.080590
vt 0.414541 0.066411
vt 0.413070 0.058611
vt 0.410079 0.051114
vt 0.405555 0.044142
vt 0.399459 0.037888
vt 0.391656 0.032450
vn -0.190556 0.061916 0.979722
vn -0.162089 0.117767 0.979723
vn -0.269867 0.196072 0.942723
vn -0.317251 0.103082 0.942723
vn -0.117767 0.162095 0.979723
vn -0.196072 0.269872 0.942722
vn -0.061914 0.190554 0.979722
vn -0.103083 0.317251 0.942722
vn -0.000000 0.200360 0.979722
vn 0.000001 0.333580 0.942722
vn 0.061914 0.190555 0.979722
vn 0.103081 0.317253 0.942722
vn 0.117766 0.162096 0.979723
vn 0.196069 0.269870 0.942723
vn 0.162092 0.117766 0.979723
vn 0.269868 0.196071 0.942724
vn 0.190558 0.061913 0.979722
vn 0.317252 0.103081 0.942723
vn 0.200363 -0.000000 0.979722
vn 0.333577 -0.000001 0.942723
vn 0.190553 -0.061914 0.979723
vn 0.317249 -0.103081 0.942723
vn 0.162097 -0.117769 0.979722
vn 0.269874 -0.196073 0.942721
vn 0.117771 -0.162097 0.979722
vn 0.196077 -0.269872 0.942721
vn 0.061916 -0.190556 0.979722
vn 0.103080 -0.317251 0.942723
vn 0.000002 -0.200361 0.979722
vn 0.000001 -0.333576 0.942723
vn -0.061912 -0.190555 0.979722
vn -0.103079 -0.317251 0.942723
vn -0.117771 -0.162098 0.979721
vn -0.196075 -0.269873 0.942721
vn -0.162098 -0.117770 0.979722
vn -0.269875 -0.196073 0.942721
vn -0.190550 -0.061913 0.979723
vn -0.317252 -0.103081 0.942722
vn -0.200365 -0.000001 0.979721
vn -0.333577 -0.000000 0.942723
vn -0.380846 0.276703 0.882265
vn -0.447714 0.145472 0.882264
vn -0.276699 0.380847 0.882266
vn -0.145472 0.447710 0.882266
vn 0.000001 0.470751 0.882266
vn 0.145471 0.447711 0.882266
vn 0.276701 0.380847 0.882265
vn 0.380849 0.276703 0.882264
vn 0.447716 0.145473 0.882263
vn 0.470754 0.000000 0.882265
vn 0.447711 -0.145470 0.882266
vn 0.380846 -0.276700 0.882266
vn 0.276701 -0.380847 0.882265
vn 0.145471 -0.447712 0.882265
vn 0.000000 -0.470750 0.882267
vn -0.145471 -0.447711 0.882266
vn -0.276701 -0.380847 0.882265
vn -0.380849 -0.276701 0.882265
vn -0.447715 -0.145470 0.882264
vn -0.470752 0.000000 0.882266
vn -0.485136 0.352471 0.800254
vn -0.570316 0.185306 0.800251
vn -0.352472 0.485137 0.800254
vn -0.185305 0.570312 0.800254
vn 0.000001 0.599662 0.800254
vn 0.185306 0.570315 0.800252
vn 0.352472 0.485135 0.800254
vn 0.485136 0.352471 0.800254
vn 0.570316 0.185307 0.800250
vn 0.599665 0.000000 0.800251
vn 0.570314 -0.185307 0.800252
vn 0.485136 -0.352474 0.800253
vn 0.352472 -0.485138 0.800253
vn 0.185307 -0.570317 0.800250
vn 0.000000 -0.599667 0.800250
vn -0.185307 -0.570317 0.800250
vn -0.352472 -0.485139 0.800252
vn -0.485135 -0.352473 0.800254
vn -0.570314 -0.185307 0.800252
vn -0.599665 -0.000001 0.800251
vn -0.578711 0.420460 0.698789
vn -0.680316 0.221048 0.698790
vn -0.420459 0.578713 0.698789
vn -0.221046 0.680317 0.698790
vn 0.000002 0.715324 0.698793
vn 0.221048 0.680316 0.698791
vn 0.420459 0.578712 0.698790
vn 0.578713 0.420458 0.698789
vn 0.680319 0.221050 0.698787
vn 0.715328 0.000001 0.698789
vn 0.680316 -0.221048 0.698790
vn 0.578710 -0.420458 0.698791
vn 0.420458 -0.578710 0.698792
vn 0.221048 -0.680316 0.698790
vn -0.000000 -0.715328 0.698789
vn -0.221047 -0.680315 0.698791
vn -0.420457 -0.578709 0.698793
vn -0.578709 -0.420457 0.698793
vn -0.680316 -0.221047 0.698791
vn -0.715327 -0.000000 0.698790
vn -0.658809 0.478651 0.580400
vn -0.774474 0.251641 0.580402
vn -0.478651 0.658807 0.580402
vn -0.251642 0.774474 0.580403
vn 0.000001 0.814329 0.580404
vn 0.251641 0.774472 0.580405
vn 0.478652 0.658806 0.580403
vn 0.658810 0.478652 0.580398
vn 0.774478 0.251643 0.580397
vn 0.814331 0.000000 0.580401
vn 0.774474 -0.251642 0.580402
vn 0.658808 -0.478652 0.580400
vn 0.478653 -0.658808 0.580399
vn 0.251640 -0.774476 0.580400
vn 0.000000 -0.814331 0.580401
vn -0.251640 -0.774473 0.580404
vn -0.478653 -0.658807 0.580401
vn -0.658807 -0.478652 0.580401
vn -0.774473 -0.251641 0.580404
vn -0.814330 -0.000000 0.580403
vn -0.723291 0.525502 0.447993
vn -0.850280 0.276272 0.447993
vn -0.525501 0.723291 0.447994
vn -0.276274 0.850281 0.447991
vn -0.000000 0.894041 0.447985
vn 0.276273 0.850280 0.447992
vn 0.525501 0.723289 0.447997
vn 0.723291 0.525500 0.447995
vn 0.850280 0.276273 0.447992
vn 0.894036 0.000001 0.447995
vn 0.850279 -0.276271 0.447996
vn 0.723291 -0.525500 0.447996
vn 0.525501 -0.723291 0.447995
vn 0.276271 -0.850279 0.447995
vn 0.000000 -0.894035 0.447997
vn -0.276271 -0.850279 0.447996
vn -0.525502 -0.723291 0.447993
vn -0.723291 -0.525501 0.447995
vn -0.850278 -0.276271 0.447997
vn -0.894036 0.000000 0.447995
vn -0.770525 0.559819 0.304783
vn -0.905806 0.294313 0.304788
vn -0.559819 0.770526 0.304784
vn -0.294315 0.905806 0.304786
vn -0.000000 0.952421 0.304785
vn 0.294314 0.905805 0.304790
vn 0.559819 0.770523 0.304791
vn 0.770524 0.559818 0.304789
vn 0.905805 0.294314 0.304788
vn 0.952420 -0.000001 0.304790
vn 0.905805 -0.294315 0.304789
vn 0.770523 -0.559820 0.304789
vn 0.559817 -0.770524 0.304792
vn 0.294314 -0.905803 0.304794
vn -0.000000 -0.952417 0.304797
vn -0.294315 -0.905804 0.304792
vn -0.559818 -0.770523 0.304791
vn -0.770523 -0.559818 0.304792
vn -0.905805 -0.294315 0.304790
vn -0.952420 -0.000002 0.304789
vn -0.799335 0.580750 0.154250
vn -0.939674 0.305317 0.154251
vn -0.580751 0.799335 0.154246
vn -0.305319 0.939674 0.154251
vn -0.000000 0.988030 0.154259
vn 0.305319 0.939674 0.154251
vn 0.580750 0.799336 0.154248
vn 0.799334 0.580751 0.154251
vn 0.939675 0.305318 0.154249
vn 0.988032 -0.000001 0.154248
vn 0.939675 -0.305319 0.154247
vn 0.799335 -0.580751 0.154246
vn 0.580751 -0.799335 0.154245
vn 0.305320 -0.939674 0.154246
vn 0.000000 -0.988033 0.154243
vn -0.305320 -0.939675 0.154240
vn -0.580751 -0.799336 0.154243
vn -0.799334 -0.580751 0.154249
vn -0.939674 -0.305319 0.154249
vn -0.988032 -0.000002 0.154249
vn -0.809017 0.587785 0.000001
vn -0.951057 0.309017 0.000002
vn -0.587785 0.809017 -0.000000
vn -0.309017 0.951057 0.000000
vn 0.000000 1.000000 0.000000
vn 0.309018 0.951056 -0.000000
vn 0.587785 0.809017 -0.000000
vn 0.809017 0.587785 0.000001
vn 0.951057 0.309017 0.000001
vn 1.000000 0.000001 -0.000000
vn 0.951057 -0.309016 0.000000
vn 0.809017 -0.587785 0.000000
vn 0.587785 -0.809017 -0.000000
vn 0.309017 -0.951056 -0.000006
vn 0.000000 -1.000000 -0.000014
vn -0.309018 -0.951056 -0.000008
vn -0.587784 -0.809018 -0.000003
vn -0.809016 -0.587786 -0.000003
vn -0.951057 -0.309017 -0.000000
vn -1.000000 -0.000000 0.000000
vn -0.799334 0.580751 -0.154248
vn -0.939674 0.305319 -0.154249
vn -0.580750 0.799335 -0.154249
vn -0.305319 0.939674 -0.154248
vn 0.000000 0.988033 -0.154245
vn 0.305320 0.939675 -0.154243
vn 0.580751 0.799335 -0.154245
vn 0.799335 0.580751 -0.154245
vn 0.939675 0.305319 -0.154246
vn 0.988032 -0.000000 -0.154247
vn 0.939675 -0.305318 -0.154248
vn 0.799334 -0.580751 -0.154254
vn 0.580748 -0.799335 -0.154256
vn 0.305318 -0.939674 -0.154249
vn -0.000000 -0.988033 -0.154244
vn -0.305320 -0.939674 -0.154245
vn -0.580750 -0.799334 -0.154251
vn -0.799334 -0.580751 -0.154252
vn -0.939674 -0.305318 -0.154250
vn -0.988032 -0.000001 -0.154249
vn -0.770523 0.559822 -0.304784
vn -0.905804 0.294314 -0.304792
vn -0.559818 0.770525 -0.304786
vn -0.294314 0.905806 -0.304788
vn -0.000000 0.952423 -0.304778
vn 0.294315 0.905806 -0.304784
vn 0.559819 0.770524 -0.304787
vn 0.770523 0.559821 -0.304786
vn 0.905805 0.294315 -0.304790
vn 0.952420 0.000000 -0.304790
vn 0.905805 -0.294314 -0.304790
vn 0.770522 -0.559818 -0.304793
vn 0.559817 -0.770523 -0.304795
vn 0.294313 -0.905805 -0.304789
vn 0.000000 -0.952422 -0.304783
vn -0.294314 -0.905806 -0.304787
vn -0.559818 -0.770523 -0.304790
vn -0.770524 -0.559819 -0.304789
vn -0.905805 -0.294314 -0.304790
vn -0.952419 -0.000001 -0.304791
vn -0.723291 0.525501 -0.447993
vn -0.850280 0.276271 -0.447993
vn -0.525502 0.723290 -0.447995
vn -0.276273 0.850278 -0.447995
vn -0.000000 0.894037 -0.447993
vn 0.276273 0.850279 -0.447994
vn 0.525502 0.723290 -0.447995
vn 0.723291 0.525500 -0.447996
vn 0.850279 0.276272 -0.447995
vn 0.894037 -0.000001 -0.447993
vn 0.850279 -0.276273 -0.447994
vn 0.723292 -0.525502 -0.447991
vn 0.525504 -0.723293 -0.447987
vn 0.276273 -0.850280 -0.447992
vn 0.000000 -0.894035 -0.447997
vn -0.276272 -0.850280 -0.447993
vn -0.525504 -0.723293 -0.447988
vn -0.723292 -0.525502 -0.447991
vn -0.850279 -0.276273 -0.447995
vn -0.894037 -0.000002 -0.447993
vn -0.658808 0.478651 -0.580402
vn -0.774478 0.251642 -0.580397
vn -0.478650 0.658806 -0.580404
vn -0.251642 0.774472 -0.580404
vn -0.000000 0.814327 -0.580406
vn 0.251642 0.774472 -0.580404
vn 0.478652 0.658806 -0.580402
vn 0.658809 0.478651 -0.580400
vn 0.774477 0.251643 -0.580398
vn 0.814333 0.000001 -0.580398
vn 0.774476 -0.251642 -0.580399
vn 0.658809 -0.478652 -0.580399
vn 0.478654 -0.658807 -0.580400
vn 0.251642 -0.774476 -0.580398
vn -0.000000 -0.814334 -0.580396
vn -0.251642 -0.774475 -0.580401
vn -0.478653 -0.658807 -0.580400
vn -0.658809 -0.478653 -0.580398
vn -0.774475 -0.251642 -0.580401
vn -0.814332 0.000001 -0.580399
vn -0.578714 0.420460 -0.698787
vn -0.680319 0.221047 -0.698787
vn -0.420460 0.578713 -0.698788
vn -0.221050 0.680317 -0.698789
vn -0.000000 0.715325 -0.698792
vn 0.221050 0.680316 -0.698789
vn 0.420461 0.578714 -0.698787
vn 0.578714 0.420460 -0.698788
vn 0.680319 0.221048 -0.698788
vn 0.715328 -0.000001 -0.698789
vn 0.680316 -0.221049 -0.698790
vn 0.578710 -0.420459 -0.698791
vn 0.420458 -0.578709 -0.698792
vn 0.221047 -0.680316 -0.698791
vn -0.000000 -0.715329 -0.698788
vn -0.221049 -0.680317 -0.698789
vn -0.420459 -0.578711 -0.698790
vn -0.578710 -0.420459 -0.698791
vn -0.680316 -0.221049 -0.698790
vn -0.715328 -0.000002 -0.698789
vn -0.485136 0.352473 -0.800254
vn -0.570315 0.185307 -0.800251
vn -0.352472 0.485136 -0.800254
vn -0.185307 0.570314 -0.800252
vn -0.000000 0.599665 -0.800251
vn 0.185308 0.570315 -0.800251
vn 0.352474 0.485138 -0.800252
vn 0.485136 0.352474 -0.800253
vn 0.570314 0.185307 -0.800252
vn 0.599665 0.000000 -0.800251
vn 0.570312 -0.185306 -0.800253
vn 0.485134 -0.352472 -0.800255
vn 0.352472 -0.485134 -0.800255
vn 0.185306 -0.570313 -0.800253
vn -0.000000 -0.599662 -0.800254
vn -0.185308 -0.570316 -0.800250
vn -0.352475 -0.485139 -0.800251
vn -0.485135 -0.352473 -0.800254
vn -0.570312 -0.185306 -0.800254
vn -0.599664 0.000000 -0.800252
vn -0.380844 0.276700 -0.882267
vn -0.447713 0.145470 -0.882265
vn -0.276699 0.380843 -0.882268
vn -0.145471 0.447708 -0.882267
vn -0.000001 0.470749 -0.882267
vn 0.145470 0.447708 -0.882267
vn 0.276702 0.380844 -0.882266
vn 0.380846 0.276700 -0.882266
vn 0.447713 0.145470 -0.882265
vn 0.470754 -0.000000 -0.882264
vn 0.447712 -0.145473 -0.882265
vn 0.380845 -0.276701 -0.882266
vn 0.276699 -0.380842 -0.882268
vn 0.145471 -0.447711 -0.882266
vn 0.000001 -0.470752 -0.882266
vn -0.145471 -0.447711 -0.882266
vn -0.276702 -0.380845 -0.882266
vn -0.380845 -0.276701 -0.882266
vn -0.447711 -0.145472 -0.882266
vn -0.470753 -0.000001 -0.882265
vn -0.269873 0.196074 -0.942721
vn -0.317254 0.103082 -0.942722
vn -0.196074 0.269871 -0.942722
vn -0.103083 0.317254 -0.942722
vn -0.000003 0.333581 -0.942722
vn 0.103081 0.317253 -0.942722
vn 0.196074 0.269869 -0.942722
vn 0.269873 0.196071 -0.942722
vn 0.317255 0.103083 -0.942721
vn 0.333578 0.000000 -0.942722
vn 0.317251 -0.103082 -0.942722
vn 0.269873 -0.196074 -0.942721
vn 0.196073 -0.269871 -0.942722
vn 0.103083 -0.317252 -0.942722
vn 0.000000 -0.333578 -0.942723
vn -0.103084 -0.317251 -0.942722
vn -0.196073 -0.269871 -0.942722
vn -0.269870 -0.196074 -0.942722
vn -0.317249 -0.103083 -0.942723
vn -0.333578 -0.000001 -0.942723
vn -0.162094 0.117769 -0.979722
vn -0.190557 0.061915 -0.979722
vn -0.117771 0.162092 -0.979722
vn -0.061916 0.190556 -0.979722
vn -0.000000 0.200363 -0.979722
vn 0.061916 0.190556 -0.979722
vn 0.117771 0.162092 -0.979722
vn 0.162095 0.117769 -0.979722
vn 0.190558 0.061917 -0.979721
vn 0.200362 -0.000002 -0.979722
vn 0.190553 -0.061912 -0.979723
vn 0.162097 -0.117768 -0.979722
vn 0.117771 -0.162096 -0.979722
vn 0.061916 -0.190554 -0.979722
vn -0.000002 -0.200360 -0.979722
vn -0.061921 -0.190556 -0.979721
vn -0.117773 -0.162098 -0.979721
vn -0.162093 -0.117772 -0.979722
vn -0.190549 -0.061913 -0.979723
vn -0.200362 -0.000000 -0.979722
vn 0.000001 0.000000 1.000000
vn 0.000000 0.000001 -1.000000
s 1
g group3 pasted__pSphere19
usemtl initialShadingGroup
f 2009/2116/2061 2010/2117/2062 2030/2118/2063 2029/2119/2064
f 2010/2117/2062 2011/2120/2065 2031/2121/2066 2030/2118/2063
f 2011/2120/2065 2012/2122/2067 2032/2123/2068 2031/2121/2066
f 2012/2122/2067 2013/2124/2069 2033/2125/2070 2032/2123/2068
f 2013/2124/2069 2014/2126/2071 2034/2127/2072 2033/2125/2070
f 2014/2126/2071 2015/2128/2073 2035/2129/2074 2034/2127/2072
f 2015/2128/2073 2016/2130/2075 2036/2131/2076 2035/2129/2074
f 2016/2130/2075 2017/2132/2077 2037/2133/2078 2036/2131/2076
f 2017/2132/2077 2018/2134/2079 2038/2135/2080 2037/2133/2078
f 2018/2134/2079 2019/2136/2081 2039/2137/2082 2038/2135/2080
f 2019/2136/2081 2020/2138/2083 2040/2139/2084 2039/2137/2082
f 2020/2138/2083 2021/2140/2085 2041/2141/2086 2040/2139/2084
f 2021/2140/2085 2022/2142/2087 2042/2143/2088 2041/2141/2086
f 2022/2142/2087 2023/2144/2089 2043/2145/2090 2042/2143/2088
f 2023/2144/2089 2024/2146/2091 2044/2147/2092 2043/2145/2090
f 2024/2146/2091 2025/2148/2093 2045/2149/2094 2044/2147/2092
f 2025/2148/2093 2026/2150/2095 2046/2151/2096 2045/2149/2094
f 2026/2150/2095 2027/2152/2097 2047/2153/2098 2046/2151/2096
f 2027/2152/2097 2028/2154/2099 2048/2155/2100 2047/2153/2098
f 2028/2154/2099 2009/2116/2061 2029/2119/2064 2048/2155/2100
f 2029/2119/2064 2030/2118/2063 2050/2156/2101 2049/2157/2102
f 2030/2118/2063 2031/2121/2066 2051/2158/2103 2050/2156/2101
f 2031/2121/2066 2032/2123/2068 2052/2159/2104 2051/2158/2103
f 2032/2123/2068 2033/2125/2070 2053/2160/2105 2052/2159/2104
f 2033/2125/2070 2034/2127/2072 2054/2161/2106 2053/2160/2105
f 2034/2127/2072 2035/2129/2074 2055/2162/2107 2054/2161/2106
f 2035/2129/2074 2036/2131/2076 2056/2163/2108 2055/2162/2107
f 2036/2131/2076 2037/2133/2078 2057/2164/2109 2056/2163/2108
f 2037/2133/2078 2038/2135/2080 2058/2165/2110 2057/2164/2109
f 2038/2135/2080 2039/2137/2082 2059/2166/2111 2058/2165/2110
f 2039/2137/2082 2040/2139/2084 2060/2167/2112 2059/2166/2111
f 2040/2139/2084 2041/2141/2086 2061/2168/2113 2060/2167/2112
f 2041/2141/2086 2042/2143/2088 2062/2169/2114 2061/2168/2113
f 2042/2143/2088 2043/2145/2090 2063/2170/2115 2062/2169/2114
f 2043/2145/2090 2044/2147/2092 2064/2171/2116 2063/2170/2115
f 2044/2147/2092 2045/2149/2094 2065/2172/2117 2064/2171/2116
f 2045/2149/2094 2046/2151/2096 2066/2173/2118 2065/2172/2117
f 2046/2151/2096 2047/2153/2098 2067/2174/2119 2066/2173/2118
f 2047/2153/2098 2048/2155/2100 2068/2175/2120 2067/2174/2119
f 2048/2155/2100 2029/2119/2064 2049/2157/2102 2068/2175/2120
f 2049/2157/2102 2050/2156/2101 2070/2176/2121 2069/2177/2122
f 2050/2156/2101 2051/2158/2103 2071/2178/2123 2070/2176/2121
f 2051/2158/2103 2052/2159/2104 2072/2179/2124 2071/2178/2123
f 2052/2159/2104 2053/2160/2105 2073/2180/2125 2072/2179/2124
f 2053/2160/2105 2054/2161/2106 2074/2181/2126 2073/2180/2125
f 2054/2161/2106 2055/2162/2107 2075/2182/2127 2074/2181/2126
f 2055/2162/2107 2056/2163/2108 2076/2183/2128 2075/2182/2127
f 2056/2163/2108 2057/2164/2109 2077/2184/2129 2076/2183/2128
f 2057/2164/2109 2058/2165/2110 2078/2185/2130 2077/2184/2129
f 2058/2165/2110 2059/2166/2111 2079/2186/2131 2078/2185/2130
f 2059/2166/2111 2060/2167/2112 2080/2187/2132 2079/2186/2131
f 2060/2167/2112 2061/2168/2113 2081/2188/2133 2080/2187/2132
f 2061/2168/2113 2062/2169/2114 2082/2189/2134 2081/2188/2133
f 2062/2169/2114 2063/2170/2115 2083/2190/2135 2082/2189/2134
f 2063/2170/2115 2064/2171/2116 2084/2191/2136 2083/2190/2135
f 2064/2171/2116 2065/2172/2117 2085/2192/2137 2084/2191/2136
f 2065/2172/2117 2066/2173/2118 2086/2193/2138 2085/2192/2137
f 2066/2173/2118 2067/2174/2119 2087/2194/2139 2086/2193/2138
f 2067/2174/2119 2068/2175/2120 2088/2195/2140 2087/2194/2139
f 2068/2175/2120 2049/2157/2102 2069/2177/2122 2088/2195/2140
f 2069/2177/2122 2070/2176/2121 2090/2196/2141 2089/2197/2142
f 2070/2176/2121 2071/2178/2123 2091/2198/2143 2090/2196/2141
f 2071/2178/2123 2072/2179/2124 2092/2199/2144 2091/2198/2143
f 2072/2179/2124 2073/2180/2125 2093/2200/2145 2092/2199/2144
f 2073/2180/2125 2074/2181/2126 2094/2201/2146 2093/2200/2145
f 2074/2181/2126 2075/2182/2127 2095/2202/2147 2094/2201/2146
f 2075/2182/2127 2076/2183/2128 2096/2203/2148 2095/2202/2147
f 2076/2183/2128 2077/2184/2129 2097/2204/2149 2096/2203/2148
f 2077/2184/2129 2078/2185/2130 2098/2205/2150 2097/2204/2149
f 2078/2185/2130 2079/2186/2131 2099/2206/2151 2098/2205/2150
f 2079/2186/2131 2080/2187/2132 2100/2207/2152 2099/2206/2151
f 2080/2187/2132 2081/2188/2133 2101/2208/2153 2100/2207/2152
f 2081/2188/2133 2082/2189/2134 2102/2209/2154 2101/2208/2153
f 2082/2189/2134 2083/2190/2135 2103/2210/2155 2102/2209/2154
f 2083/2190/2135 2084/2191/2136 2104/2211/2156 2103/2210/2155
f 2084/2191/2136 2085/2192/2137 2105/2212/2157 2104/2211/2156
f 2085/2192/2137 2086/2193/2138 2106/2213/2158 2105/2212/2157
f 2086/2193/2138 2087/2194/2139 2107/2214/2159 2106/2213/2158
f 2087/2194/2139 2088/2195/2140 2108/2215/2160 2107/2214/2159
f 2088/2195/2140 2069/2177/2122 2089/2197/2142 2108/2215/2160
f 2089/2197/2142 2090/2196/2141 2110/2216/2161 2109/2217/2162
f 2090/2196/2141 2091/2198/2143 2111/2218/2163 2110/2216/2161
f 2091/2198/2143 2092/2199/2144 2112/2219/2164 2111/2218/2163
f 2092/2199/2144 2093/2200/2145 2113/2220/2165 2112/2219/2164
f 2093/2200/2145 2094/2201/2146 2114/2221/2166 2113/2220/2165
f 2094/2201/2146 2095/2202/2147 2115/2222/2167 2114/2221/2166
f 2095/2202/2147 2096/2203/2148 2116/2223/2168 2115/2222/2167
f 2096/2203/2148 2097/2204/2149 2117/2224/2169 2116/2223/2168
f 2097/2204/2149 2098/2205/2150 2118/2225/2170 2117/2224/2169
f 2098/2205/2150 2099/2206/2151 2119/2226/2171 2118/2225/2170
f 2099/2206/2151 2100/2207/2152 2120/2227/2172 2119/2226/2171
f 2100/2207/2152 2101/2208/2153 2121/2228/2173 2120/2227/2172
f 2101/2208/2153 2102/2209/2154 2122/2229/2174 2121/2228/2173
f 2102/2209/2154 2103/2210/2155 2123/2230/2175 2122/2229/2174
f 2103/2210/2155 2104/2211/2156 2124/2231/2176 2123/2230/2175
f 2104/2211/2156 2105/2212/2157 2125/2232/2177 2124/2231/2176
f 2105/2212/2157 2106/2213/2158 2126/2233/2178 2125/2232/2177
f 2106/2213/2158 2107/2214/2159 2127/2234/2179 2126/2233/2178
f 2107/2214/2159 2108/2215/2160 2128/2235/2180 2127/2234/2179
f 2108/2215/2160 2089/2197/2142 2109/2217/2162 2128/2235/2180
f 2109/2217/2162 2110/2216/2161 2130/2236/2181 2129/2237/2182
f 2110/2216/2161 2111/2218/2163 2131/2238/2183 2130/2236/2181
f 2111/2218/2163 2112/2219/2164 2132/2239/2184 2131/2238/2183
f 2112/2219/2164 2113/2220/2165 2133/2240/2185 2132/2239/2184
f 2113/2220/2165 2114/2221/2166 2134/2241/2186 2133/2240/2185
f 2114/2221/2166 2115/2222/2167 2135/2242/2187 2134/2241/2186
f 2115/2222/2167 2116/2223/2168 2136/2243/2188 2135/2242/2187
f 2116/2223/2168 2117/2224/2169 2137/2244/2189 2136/2243/2188
f 2117/2224/2169 2118/2225/2170 2138/2245/2190 2137/2244/2189
f 2118/2225/2170 2119/2226/2171 2139/2246/2191 2138/2245/2190
f 2119/2226/2171 2120/2227/2172 2140/2247/2192 2139/2246/2191
f 2120/2227/2172 2121/2228/2173 2141/2248/2193 2140/2247/2192
f 2121/2228/2173 2122/2229/2174 2142/2249/2194 2141/2248/2193
f 2122/2229/2174 2123/2230/2175 2143/2250/2195 2142/2249/2194
f 2123/2230/2175 2124/2231/2176 2144/2251/2196 2143/2250/2195
f 2124/2231/2176 2125/2232/2177 2145/2252/2197 2144/2251/2196
f 2125/2232/2177 2126/2233/2178 2146/2253/2198 2145/2252/2197
f 2126/2233/2178 2127/2234/2179 2147/2254/2199 2146/2253/2198
f 2127/2234/2179 2128/2235/2180 2148/2255/2200 2147/2254/2199
f 2128/2235/2180 2109/2217/2162 2129/2237/2182 2148/2255/2200
f 2129/2237/2182 2130/2236/2181 2150/2256/2201 2149/2257/2202
f 2130/2236/2181 2131/2238/2183 2151/2258/2203 2150/2256/2201
f 2131/2238/2183 2132/2239/2184 2152/2259/2204 2151/2258/2203
f 2132/2239/2184 2133/2240/2185 2153/2260/2205 2152/2259/2204
f 2133/2240/2185 2134/2241/2186 2154/2261/2206 2153/2260/2205
f 2134/2241/2186 2135/2242/2187 2155/2262/2207 2154/2261/2206
f 2135/2242/2187 2136/2243/2188 2156/2263/2208 2155/2262/2207
f 2136/2243/2188 2137/2244/2189 2157/2264/2209 2156/2263/2208
f 2137/2244/2189 2138/2245/2190 2158/2265/2210 2157/2264/2209
f 2138/2245/2190 2139/2246/2191 2159/2266/2211 2158/2265/2210
f 2139/2246/2191 2140/2247/2192 2160/2267/2212 2159/2266/2211
f 2140/2247/2192 2141/2248/2193 2161/2516/2213 2160/2267/2212
f 2141/2248/2193 2142/2249/2194 2162/2269/2214 2161/2268/2213
f 2142/2249/2194 2143/2250/2195 2163/2270/2215 2162/2269/2214
f 2143/2250/2195 2144/2251/2196 2164/2271/2216 2163/2270/2215
f 2144/2251/2196 2145/2252/2197 2165/2272/2217 2164/2271/2216
f 2145/2252/2197 2146/2253/2198 2166/2273/2218 2165/2272/2217
f 2146/2253/2198 2147/2254/2199 2167/2274/2219 2166/2273/2218
f 2147/2254/2199 2148/2255/2200 2168/2275/2220 2167/2274/2219
f 2148/2255/2200 2129/2237/2182 2149/2257/2202 2168/2275/2220
f 2149/2257/2202 2150/2256/2201 2170/2276/2221 2169/2277/2222
f 2150/2256/2201 2151/2258/2203 2171/2278/2223 2170/2276/2221
f 2151/2258/2203 2152/2259/2204 2172/2279/2224 2171/2278/2223
f 2152/2259/2204 2153/2260/2205 2173/2280/2225 2172/2279/2224
f 2153/2260/2205 2154/2261/2206 2174/2281/2226 2173/2280/2225
f 2154/2261/2206 2155/2262/2207 2175/2282/2227 2174/2281/2226
f 2155/2262/2207 2156/2263/2208 2176/2283/2228 2175/2282/2227
f 2156/2263/2208 2157/2264/2209 2177/2284/2229 2176/2283/2228
f 2157/2264/2209 2158/2265/2210 2178/2285/2230 2177/2284/2229
f 2158/2265/2210 2159/2266/2211 2179/2286/2231 2178/2285/2230
f 2159/2266/2211 2160/2267/2212 2180/2287/2232 2179/2286/2231
f 2160/2267/2212 2161/2516/2213 2181/2515/2233 2180/2287/2232
f 2161/2268/2213 2162/2269/2214 2182/2289/2234 2181/2288/2233
f 2162/2269/2214 2163/2270/2215 2183/2290/2235 2182/2289/2234
f 2163/2270/2215 2164/2271/2216 2184/2291/2236 2183/2290/2235
f 2164/2271/2216 2165/2272/2217 2185/2292/2237 2184/2291/2236
f 2165/2272/2217 2166/2273/2218 2186/2293/2238 2185/2292/2237
f 2166/2273/2218 2167/2274/2219 2187/2294/2239 2186/2293/2238
f 2167/2274/2219 2168/2275/2220 2188/2295/2240 2187/2294/2239
f 2168/2275/2220 2149/2257/2202 2169/2277/2222 2188/2295/2240
f 2169/2277/2222 2170/2276/2221 2190/2296/2241 2189/2297/2242
f 2170/2276/2221 2171/2278/2223 2191/2298/2243 2190/2296/2241
f 2171/2278/2223 2172/2279/2224 2192/2299/2244 2191/2298/2243
f 2172/2279/2224 2173/2280/2225 2193/2300/2245 2192/2299/2244
f 2173/2280/2225 2174/2281/2226 2194/2301/2246 2193/2300/2245
f 2174/2281/2226 2175/2282/2227 2195/2302/2247 2194/2301/2246
f 2175/2282/2227 2176/2283/2228 2196/2303/2248 2195/2302/2247
f 2176/2283/2228 2177/2284/2229 2197/2304/2249 2196/2303/2248
f 2177/2284/2229 2178/2285/2230 2198/2305/2250 2197/2304/2249
f 2178/2285/2230 2179/2286/2231 2199/2306/2251 2198/2305/2250
f 2179/2286/2231 2180/2287/2232 2200/2307/2252 2199/2306/2251
f 2180/2287/2232 2181/2515/2233 2201/2514/2253 2200/2307/2252
f 2181/2288/2233 2182/2289/2234 2202/2309/2254 2201/2308/2253
f 2182/2289/2234 2183/2290/2235 2203/2310/2255 2202/2309/2254
f 2183/2290/2235 2184/2291/2236 2204/2311/2256 2203/2310/2255
f 2184/2291/2236 2185/2292/2237 2205/2312/2257 2204/2311/2256
f 2185/2292/2237 2186/2293/2238 2206/2313/2258 2205/2312/2257
f 2186/2293/2238 2187/2294/2239 2207/2314/2259 2206/2313/2258
f 2187/2294/2239 2188/2295/2240 2208/2315/2260 2207/2314/2259
f 2188/2295/2240 2169/2277/2222 2189/2297/2242 2208/2315/2260
f 2189/2297/2242 2190/2296/2241 2210/2316/2261 2209/2317/2262
f 2190/2296/2241 2191/2298/2243 2211/2318/2263 2210/2316/2261
f 2191/2298/2243 2192/2299/2244 2212/2319/2264 2211/2318/2263
f 2192/2299/2244 2193/2300/2245 2213/2320/2265 2212/2319/2264
f 2193/2300/2245 2194/2301/2246 2214/2321/2266 2213/2320/2265
f 2194/2301/2246 2195/2302/2247 2215/2322/2267 2214/2321/2266
f 2195/2302/2247 2196/2303/2248 2216/2323/2268 2215/2322/2267
f 2196/2303/2248 2197/2304/2249 2217/2324/2269 2216/2323/2268
f 2197/2304/2249 2198/2305/2250 2218/2325/2270 2217/2324/2269
f 2198/2305/2250 2199/2306/2251 2219/2326/2271 2218/2325/2270
f 2199/2306/2251 2200/2307/2252 2220/2327/2272 2219/2326/2271
f 2200/2307/2252 2201/2514/2253 2221/2513/2273 2220/2327/2272
f 2201/2308/2253 2202/2309/2254 2222/2329/2274 2221/2328/2273
f 2202/2309/2254 2203/2310/2255 2223/2330/2275 2222/2329/2274
f 2203/2310/2255 2204/2311/2256 2224/2331/2276 2223/2330/2275
f 2204/2311/2256 2205/2312/2257 2225/2332/2277 2224/2331/2276
f 2205/2312/2257 2206/2313/2258 2226/2333/2278 2225/2332/2277
f 2206/2313/2258 2207/2314/2259 2227/2334/2279 2226/2333/2278
f 2207/2314/2259 2208/2315/2260 2228/2335/2280 2227/2334/2279
f 2208/2315/2260 2189/2297/2242 2209/2317/2262 2228/2335/2280
f 2209/2317/2262 2210/2316/2261 2230/2336/2281 2229/2337/2282
f 2210/2316/2261 2211/2318/2263 2231/2338/2283 2230/2336/2281
f 2211/2318/2263 2212/2319/2264 2232/2339/2284 2231/2338/2283
f 2212/2319/2264 2213/2320/2265 2233/2340/2285 2232/2339/2284
f 2213/2320/2265 2214/2321/2266 2234/2341/2286 2233/2340/2285
f 2214/2321/2266 2215/2322/2267 2235/2342/2287 2234/2341/2286
f 2215/2322/2267 2216/2323/2268 2236/2343/2288 2235/2342/2287
f 2216/2323/2268 2217/2324/2269 2237/2344/2289 2236/2343/2288
f 2217/2324/2269 2218/2325/2270 2238/2345/2290 2237/2344/2289
f 2218/2325/2270 2219/2326/2271 2239/2346/2291 2238/2345/2290
f 2219/2326/2271 2220/2327/2272 2240/2347/2292 2239/2346/2291
f 2220/2327/2272 2221/2513/2273 2241/2512/2293 2240/2347/2292
f 2221/2328/2273 2222/2329/2274 2242/2349/2294 2241/2348/2293
f 2222/2329/2274 2223/2330/2275 2243/2350/2295 2242/2349/2294
f 2223/2330/2275 2224/2331/2276 2244/2351/2296 2243/2350/2295
f 2224/2331/2276 2225/2332/2277 2245/2352/2297 2244/2351/2296
f 2225/2332/2277 2226/2333/2278 2246/2353/2298 2245/2352/2297
f 2226/2333/2278 2227/2334/2279 2247/2354/2299 2246/2353/2298
f 2227/2334/2279 2228/2335/2280 2248/2355/2300 2247/2354/2299
f 2228/2335/2280 2209/2317/2262 2229/2337/2282 2248/2355/2300
f 2229/2337/2282 2230/2336/2281 2250/2356/2301 2249/2357/2302
f 2230/2336/2281 2231/2338/2283 2251/2358/2303 2250/2356/2301
f 2231/2338/2283 2232/2339/2284 2252/2359/2304 2251/2358/2303
f 2232/2339/2284 2233/2340/2285 2253/2360/2305 2252/2359/2304
f 2233/2340/2285 2234/2341/2286 2254/2361/2306 2253/2360/2305
f 2234/2341/2286 2235/2342/2287 2255/2362/2307 2254/2361/2306
f 2235/2342/2287 2236/2343/2288 2256/2363/2308 2255/2362/2307
f 2236/2343/2288 2237/2344/2289 2257/2364/2309 2256/2363/2308
f 2237/2344/2289 2238/2345/2290 2258/2365/2310 2257/2364/2309
f 2238/2345/2290 2239/2346/2291 2259/2366/2311 2258/2365/2310
f 2239/2346/2291 2240/2347/2292 2260/2367/2312 2259/2366/2311
f 2240/2347/2292 2241/2512/2293 2261/2511/2313 2260/2367/2312
f 2241/2348/2293 2242/2349/2294 2262/2369/2314 2261/2368/2313
f 2242/2349/2294 2243/2350/2295 2263/2370/2315 2262/2369/2314
f 2243/2350/2295 2244/2351/2296 2264/2371/2316 2263/2370/2315
f 2244/2351/2296 2245/2352/2297 2265/2372/2317 2264/2371/2316
f 2245/2352/2297 2246/2353/2298 2266/2373/2318 2265/2372/2317
f 2246/2353/2298 2247/2354/2299 2267/2374/2319 2266/2373/2318
f 2247/2354/2299 2248/2355/2300 2268/2375/2320 2267/2374/2319
f 2248/2355/2300 2229/2337/2282 2249/2357/2302 2268/2375/2320
f 2249/2357/2302 2250/2356/2301 2270/2376/2321 2269/2377/2322
f 2250/2356/2301 2251/2358/2303 2271/2510/2323 2270/2376/2321
f 2251/2358/2303 2252/2359/2304 2272/2379/2324 2271/2378/2323
f 2252/2359/2304 2253/2360/2305 2273/2380/2325 2272/2379/2324
f 2253/2360/2305 2254/2361/2306 2274/2381/2326 2273/2380/2325
f 2254/2361/2306 2255/2362/2307 2275/2382/2327 2274/2381/2326
f 2255/2362/2307 2256/2363/2308 2276/2383/2328 2275/2382/2327
f 2256/2363/2308 2257/2364/2309 2277/2384/2329 2276/2383/2328
f 2257/2364/2309 2258/2365/2310 2278/2385/2330 2277/2384/2329
f 2258/2365/2310 2259/2366/2311 2279/2386/2331 2278/2385/2330
f 2259/2366/2311 2260/2367/2312 2280/2387/2332 2279/2386/2331
f 2260/2367/2312 2261/2511/2313 2281/2509/2333 2280/2387/2332
f 2261/2368/2313 2262/2369/2314 2282/2389/2334 2281/2388/2333
f 2262/2369/2314 2263/2370/2315 2283/2390/2335 2282/2389/2334
f 2263/2370/2315 2264/2371/2316 2284/2391/2336 2283/2390/2335
f 2264/2371/2316 2265/2372/2317 2285/2392/2337 2284/2391/2336
f 2265/2372/2317 2266/2373/2318 2286/2393/2338 2285/2392/2337
f 2266/2373/2318 2267/2374/2319 2287/2394/2339 2286/2393/2338
f 2267/2374/2319 2268/2375/2320 2288/2395/2340 2287/2394/2339
f 2268/2375/2320 2249/2357/2302 2269/2377/2322 2288/2395/2340
f 2269/2377/2322 2270/2376/2321 2290/2396/2341 2289/2397/2342
f 2270/2376/2321 2271/2510/2323 2291/2508/2343 2290/2396/2341
f 2271/2378/2323 2272/2379/2324 2292/2399/2344 2291/2398/2343
f 2272/2379/2324 2273/2380/2325 2293/2400/2345 2292/2399/2344
f 2273/2380/2325 2274/2381/2326 2294/2401/2346 2293/2400/2345
f 2274/2381/2326 2275/2382/2327 2295/2402/2347 2294/2401/2346
f 2275/2382/2327 2276/2383/2328 2296/2403/2348 2295/2402/2347
f 2276/2383/2328 2277/2384/2329 2297/2404/2349 2296/2403/2348
f 2277/2384/2329 2278/2385/2330 2298/2405/2350 2297/2404/2349
f 2278/2385/2330 2279/2386/2331 2299/2406/2351 2298/2405/2350
f 2279/2386/2331 2280/2387/2332 2300/2407/2352 2299/2406/2351
f 2280/2387/2332 2281/2509/2333 2301/2507/2353 2300/2407/2352
f 2281/2388/2333 2282/2389/2334 2302/2409/2354 2301/2408/2353
f 2282/2389/2334 2283/2390/2335 2303/2410/2355 2302/2409/2354
f 2283/2390/2335 2284/2391/2336 2304/2411/2356 2303/2410/2355
f 2284/2391/2336 2285/2392/2337 2305/2412/2357 2304/2411/2356
f 2285/2392/2337 2286/2393/2338 2306/2413/2358 2305/2412/2357
f 2286/2393/2338 2287/2394/2339 2307/2414/2359 2306/2413/2358
f 2287/2394/2339 2288/2395/2340 2308/2415/2360 2307/2414/2359
f 2288/2395/2340 2269/2377/2322 2289/2397/2342 2308/2415/2360
f 2289/2397/2342 2290/2396/2341 2310/2416/2361 2309/2417/2362
f 2290/2396/2341 2291/2508/2343 2311/2506/2363 2310/2416/2361
f 2291/2398/2343 2292/2399/2344 2312/2419/2364 2311/2418/2363
f 2292/2399/2344 2293/2400/2345 2313/2420/2365 2312/2419/2364
f 2293/2400/2345 2294/2401/2346 2314/2421/2366 2313/2420/2365
f 2294/2401/2346 2295/2402/2347 2315/2422/2367 2314/2421/2366
f 2295/2402/2347 2296/2403/2348 2316/2423/2368 2315/2422/2367
f 2296/2403/2348 2297/2404/2349 2317/2424/2369 2316/2423/2368
f 2297/2404/2349 2298/2405/2350 2318/2425/2370 2317/2424/2369
f 2298/2405/2350 2299/2406/2351 2319/2426/2371 2318/2425/2370
f 2299/2406/2351 2300/2407/2352 2320/2427/2372 2319/2426/2371
f 2300/2407/2352 2301/2507/2353 2321/2505/2373 2320/2427/2372
f 2301/2408/2353 2302/2409/2354 2322/2429/2374 2321/2428/2373
f 2302/2409/2354 2303/2410/2355 2323/2430/2375 2322/2429/2374
f 2303/2410/2355 2304/2411/2356 2324/2431/2376 2323/2430/2375
f 2304/2411/2356 2305/2412/2357 2325/2432/2377 2324/2431/2376
f 2305/2412/2357 2306/2413/2358 2326/2433/2378 2325/2432/2377
f 2306/2413/2358 2307/2414/2359 2327/2434/2379 2326/2433/2378
f 2307/2414/2359 2308/2415/2360 2328/2435/2380 2327/2434/2379
f 2308/2415/2360 2289/2397/2342 2309/2417/2362 2328/2435/2380
f 2309/2417/2362 2310/2416/2361 2330/2436/2381 2329/2437/2382
f 2310/2416/2361 2311/2506/2363 2331/2504/2383 2330/2436/2381
f 2311/2418/2363 2312/2419/2364 2332/2439/2384 2331/2438/2383
f 2312/2419/2364 2313/2420/2365 2333/2440/2385 2332/2439/2384
f 2313/2420/2365 2314/2421/2366 2334/2441/2386 2333/2440/2385
f 2314/2421/2366 2315/2422/2367 2335/2442/2387 2334/2441/2386
f 2315/2422/2367 2316/2423/2368 2336/2443/2388 2335/2442/2387
f 2316/2423/2368 2317/2424/2369 2337/2444/2389 2336/2443/2388
f 2317/2424/2369 2318/2425/2370 2338/2445/2390 2337/2444/2389
f 2318/2425/2370 2319/2426/2371 2339/2446/2391 2338/2445/2390
f 2319/2426/2371 2320/2427/2372 2340/2447/2392 2339/2446/2391
f 2320/2427/2372 2321/2505/2373 2341/2503/2393 2340/2447/2392
f 2321/2428/2373 2322/2429/2374 2342/2449/2394 2341/2448/2393
f 2322/2429/2374 2323/2430/2375 2343/2450/2395 2342/2449/2394
f 2323/2430/2375 2324/2431/2376 2344/2451/2396 2343/2450/2395
f 2324/2431/2376 2325/2432/2377 2345/2452/2397 2344/2451/2396
f 2325/2432/2377 2326/2433/2378 2346/2453/2398 2345/2452/2397
f 2326/2433/2378 2327/2434/2379 2347/2454/2399 2346/2453/2398
f 2327/2434/2379 2328/2435/2380 2348/2455/2400 2347/2454/2399
f 2328/2435/2380 2309/2417/2362 2329/2437/2382 2348/2455/2400
f 2329/2437/2382 2330/2436/2381 2350/2456/2401 2349/2457/2402
f 2330/2436/2381 2331/2504/2383 2351/2502/2403 2350/2456/2401
f 2331/2438/2383 2332/2439/2384 2352/2459/2404 2351/2458/2403
f 2332/2439/2384 2333/2440/2385 2353/2460/2405 2352/2459/2404
f 2333/2440/2385 2334/2441/2386 2354/2461/2406 2353/2460/2405
f 2334/2441/2386 2335/2442/2387 2355/2462/2407 2354/2461/2406
f 2335/2442/2387 2336/2443/2388 2356/2463/2408 2355/2462/2407
f 2336/2443/2388 2337/2444/2389 2357/2464/2409 2356/2463/2408
f 2337/2444/2389 2338/2445/2390 2358/2465/2410 2357/2464/2409
f 2338/2445/2390 2339/2446/2391 2359/2466/2411 2358/2465/2410
f 2339/2446/2391 2340/2447/2392 2360/2467/2412 2359/2466/2411
f 2340/2447/2392 2341/2503/2393 2361/2501/2413 2360/2467/2412
f 2341/2448/2393 2342/2449/2394 2362/2469/2414 2361/2468/2413
f 2342/2449/2394 2343/2450/2395 2363/2470/2415 2362/2469/2414
f 2343/2450/2395 2344/2451/2396 2364/2471/2416 2363/2470/2415
f 2344/2451/2396 2345/2452/2397 2365/2472/2417 2364/2471/2416
f 2345/2452/2397 2346/2453/2398 2366/2473/2418 2365/2472/2417
f 2346/2453/2398 2347/2454/2399 2367/2474/2419 2366/2473/2418
f 2347/2454/2399 2348/2455/2400 2368/2475/2420 2367/2474/2419
f 2348/2455/2400 2329/2437/2382 2349/2457/2402 2368/2475/2420
f 2349/2457/2402 2350/2456/2401 2370/2476/2421 2369/2477/2422
f 2350/2456/2401 2351/2502/2403 2371/2500/2423 2370/2476/2421
f 2351/2458/2403 2352/2459/2404 2372/2479/2424 2371/2478/2423
f 2352/2459/2404 2353/2460/2405 2373/2480/2425 2372/2479/2424
f 2353/2460/2405 2354/2461/2406 2374/2481/2426 2373/2480/2425
f 2354/2461/2406 2355/2462/2407 2375/2482/2427 2374/2481/2426
f 2355/2462/2407 2356/2463/2408 2376/2483/2428 2375/2482/2427
f 2356/2463/2408 2357/2464/2409 2377/2484/2429 2376/2483/2428
f 2357/2464/2409 2358/2465/2410 2378/2485/2430 2377/2484/2429
f 2358/2465/2410 2359/2466/2411 2379/2486/2431 2378/2485/2430
f 2359/2466/2411 2360/2467/2412 2380/2487/2432 2379/2486/2431
f 2360/2467/2412 2361/2501/2413 2381/2498/2433 2380/2487/2432
f 2361/2468/2413 2362/2469/2414 2382/2489/2434 2381/2488/2433
f 2362/2469/2414 2363/2470/2415 2383/2490/2435 2382/2489/2434
f 2363/2470/2415 2364/2471/2416 2384/2491/2436 2383/2490/2435
f 2364/2471/2416 2365/2472/2417 2385/2492/2437 2384/2491/2436
f 2365/2472/2417 2366/2473/2418 2386/2493/2438 2385/2492/2437
f 2366/2473/2418 2367/2474/2419 2387/2494/2439 2386/2493/2438
f 2367/2474/2419 2368/2475/2420 2388/2495/2440 2387/2494/2439
f 2368/2475/2420 2349/2457/2402 2369/2477/2422 2388/2495/2440
f 2010/2117/2062 2009/2116/2061 2389/2496/2441
f 2011/2120/2065 2010/2117/2062 2389/2496/2441
f 2012/2122/2067 2011/2120/2065 2389/2496/2441
f 2013/2124/2069 2012/2122/2067 2389/2496/2441
f 2014/2126/2071 2013/2124/2069 2389/2496/2441
f 2015/2128/2073 2014/2126/2071 2389/2496/2441
f 2016/2130/2075 2015/2128/2073 2389/2496/2441
f 2017/2132/2077 2016/2130/2075 2389/2496/2441
f 2018/2134/2079 2017/2132/2077 2389/2496/2441
f 2019/2136/2081 2018/2134/2079 2389/2496/2441
f 2020/2138/2083 2019/2136/2081 2389/2496/2441
f 2021/2140/2085 2020/2138/2083 2389/2496/2441
f 2022/2142/2087 2021/2140/2085 2389/2496/2441
f 2023/2144/2089 2022/2142/2087 2389/2496/2441
f 2024/2146/2091 2023/2144/2089 2389/2496/2441
f 2025/2148/2093 2024/2146/2091 2389/2496/2441
f 2026/2150/2095 2025/2148/2093 2389/2496/2441
f 2027/2152/2097 2026/2150/2095 2389/2496/2441
f 2028/2154/2099 2027/2152/2097 2389/2496/2441
f 2009/2116/2061 2028/2154/2099 2389/2496/2441
f 2369/2477/2422 2370/2476/2421 2390/2497/2442
f 2370/2476/2421 2371/2500/2423 2390/2497/2442
f 2371/2478/2423 2372/2479/2424 2390/2499/2442
f 2372/2479/2424 2373/2480/2425 2390/2499/2442
f 2373/2480/2425 2374/2481/2426 2390/2499/2442
f 2374/2481/2426 2375/2482/2427 2390/2499/2442
f 2375/2482/2427 2376/2483/2428 2390/2499/2442
f 2376/2483/2428 2377/2484/2429 2390/2499/2442
f 2377/2484/2429 2378/2485/2430 2390/2499/2442
f 2378/2485/2430 2379/2486/2431 2390/2499/2442
f 2379/2486/2431 2380/2487/2432 2390/2499/2442
f 2380/2487/2432 2381/2498/2433 2390/2499/2442
f 2381/2488/2433 2382/2489/2434 2390/2497/2442
f 2382/2489/2434 2383/2490/2435 2390/2497/2442
f 2383/2490/2435 2384/2491/2436 2390/2497/2442
f 2384/2491/2436 2385/2492/2437 2390/2497/2442
f 2385/2492/2437 2386/2493/2438 2390/2497/2442
f 2386/2493/2438 2387/2494/2439 2390/2497/2442
f 2387/2494/2439 2388/2495/2440 2390/2497/2442
f 2388/2495/2440 2369/2477/2422 2390/2497/2442
g default
v -0.355567 1.835858 0.680094
v -0.347530 1.849629 0.681419
v -0.335013 1.863081 0.682450
v -0.319241 1.872462 0.682814
v -0.301757 1.868912 0.682814
v -0.284273 1.856215 0.682311
v -0.268500 1.838914 0.681282
v -0.255983 1.821012 0.680622
v -0.247947 1.805704 0.679637
v -0.245177 1.795057 0.678958
v -0.247947 1.786668 0.678782
v -0.255983 1.782631 0.679242
v -0.268500 1.780298 0.679996
v -0.284273 1.781079 0.680836
v -0.301757 1.781980 0.681214
v -0.319241 1.781576 0.680875
v -0.335013 1.781700 0.680094
v -0.347530 1.787107 0.679539
v -0.355567 1.799081 0.679411
v -0.358336 1.816328 0.679545
v -0.408052 1.803723 0.659831
v -0.392177 1.830819 0.666416
v -0.367450 1.871145 0.670409
v -0.336294 1.901004 0.672840
v -0.301757 1.906733 0.674344
v -0.267219 1.884112 0.672345
v -0.236063 1.849019 0.664824
v -0.211337 1.812397 0.661966
v -0.195462 1.784693 0.659267
v -0.189992 1.761173 0.657602
v -0.195462 1.736708 0.656691
v -0.211337 1.721124 0.656785
v -0.236063 1.719567 0.658274
v -0.267219 1.730766 0.661254
v -0.301757 1.736877 0.662847
v -0.336294 1.733486 0.661578
v -0.367450 1.725568 0.658857
v -0.392176 1.731583 0.657566
v -0.408052 1.755351 0.657805
v -0.413522 1.780678 0.658494
v -0.457919 1.779699 0.638987
v -0.434596 1.825302 0.641134
v -0.398270 1.870197 0.654653
v -0.352497 1.917845 0.662657
v -0.301757 1.929324 0.666457
v -0.251016 1.902538 0.661216
v -0.205243 1.866903 0.644506
v -0.168917 1.811083 0.640576
v -0.145594 1.770629 0.639757
v -0.137558 1.733639 0.640195
v -0.145594 1.708013 0.635281
v -0.168917 1.688106 0.632309
v -0.205243 1.679669 0.632472
v -0.251016 1.693046 0.634384
v -0.301757 1.701717 0.636161
v -0.352497 1.684448 0.633749
v -0.398270 1.679325 0.632471
v -0.434596 1.682565 0.635793
v -0.457919 1.702603 0.641799
v -0.465956 1.739150 0.641136
v -0.503942 1.759379 0.624457
v -0.473746 1.822657 0.623741
v -0.426714 1.877614 0.637030
v -0.367451 1.933252 0.644024
v -0.301757 1.948370 0.645604
v -0.236063 1.910554 0.638809
v -0.176799 1.861443 0.622837
v -0.129768 1.798076 0.622019
v -0.099572 1.750252 0.625362
v -0.089167 1.707258 0.624012
v -0.099572 1.677880 0.615710
v -0.129768 1.649556 0.609150
v -0.176799 1.639473 0.602656
v -0.236063 1.651669 0.602656
v -0.301757 1.674621 0.603381
v -0.367450 1.643638 0.602656
v -0.426714 1.621025 0.610791
v -0.473745 1.641365 0.617088
v -0.503942 1.663539 0.626788
v -0.514346 1.708314 0.627228
v -0.544986 1.743895 0.600235
v -0.508660 1.822151 0.599876
v -0.452080 1.909116 0.603275
v -0.380786 1.967350 0.605250
v -0.301757 1.974686 0.606142
v -0.222727 1.925540 0.606049
v -0.151433 1.853127 0.596447
v -0.094854 1.789310 0.598580
v -0.058528 1.735880 0.600573
v -0.046011 1.684207 0.598924
v -0.058528 1.639073 0.593937
v -0.094854 1.611495 0.582729
v -0.151433 1.590756 0.573248
v -0.222727 1.609028 0.571761
v -0.301757 1.658545 0.569332
v -0.380786 1.619549 0.570125
v -0.452080 1.575187 0.584953
v -0.508659 1.595580 0.594611
v -0.544985 1.633761 0.600405
v -0.557503 1.687030 0.601238
v -0.580040 1.748412 0.558813
v -0.538479 1.840757 0.558813
v -0.473745 1.946750 0.558813
v -0.392176 1.994776 0.558894
v -0.301757 2.003024 0.559126
v -0.211337 1.960750 0.559222
v -0.129768 1.867300 0.558813
v -0.065034 1.797723 0.558813
v -0.023473 1.741058 0.558813
v -0.009152 1.678245 0.558813
v -0.023473 1.615786 0.558632
v -0.065034 1.570392 0.552876
v -0.129768 1.540995 0.544924
v -0.211337 1.569794 0.540683
v -0.301757 1.631351 0.537004
v -0.392176 1.581520 0.539222
v -0.473745 1.530702 0.553935
v -0.538479 1.566228 0.558758
v -0.580040 1.622785 0.558813
v -0.594361 1.685599 0.558813
v -0.608243 1.754778 0.510422
v -0.562470 1.859386 0.510422
v -0.491176 1.974471 0.510422
v -0.401340 2.014369 0.510422
v -0.301757 2.025325 0.510422
v -0.202173 1.986191 0.510422
v -0.112338 1.888241 0.510422
v -0.041044 1.809832 0.510422
v 0.004730 1.747424 0.510422
v 0.020502 1.678245 0.510422
v 0.004730 1.609065 0.510422
v -0.041044 1.546658 0.510422
v -0.112338 1.500727 0.508586
v -0.202173 1.536642 0.504516
v -0.301757 1.591804 0.502918
v -0.401340 1.547974 0.504449
v -0.491175 1.526643 0.510422
v -0.562469 1.554012 0.510422
v -0.608243 1.616419 0.510422
v -0.624015 1.685599 0.510422
v -0.628899 1.759440 0.457988
v -0.580040 1.873177 0.457988
v -0.503942 1.992348 0.457988
v -0.408052 2.028718 0.457988
v -0.301757 2.040413 0.457988
v -0.195462 2.003636 0.457988
v -0.099572 1.903643 0.457988
v -0.023473 1.818700 0.457988
v 0.025386 1.752086 0.457988
v 0.042221 1.678245 0.457988
v 0.025386 1.604403 0.457988
v -0.023473 1.537789 0.457988
v -0.099572 1.484924 0.457988
v -0.195462 1.517540 0.457988
v -0.301757 1.562499 0.457988
v -0.408052 1.553674 0.457988
v -0.503942 1.549084 0.457988
v -0.580040 1.545143 0.457988
v -0.628899 1.611757 0.457988
v -0.645734 1.685598 0.457988
v -0.641499 1.762284 0.402802
v -0.590759 1.881633 0.402802
v -0.511729 1.990250 0.402802
v -0.412146 2.037471 0.402802
v -0.301757 2.049617 0.402802
v -0.191368 2.014259 0.402802
v -0.091784 1.913043 0.402802
v -0.012754 1.824110 0.402802
v 0.037986 1.754930 0.402802
v 0.055470 1.678245 0.402802
v 0.037986 1.601559 0.402802
v -0.012754 1.532379 0.402802
v -0.091784 1.490935 0.402802
v -0.191368 1.516900 0.402802
v -0.301757 1.553295 0.402802
v -0.412146 1.565244 0.402802
v -0.511729 1.545099 0.402802
v -0.590759 1.539733 0.402802
v -0.641499 1.608913 0.402802
v -0.658983 1.685598 0.402802
v -0.645734 1.763240 0.346223
v -0.594362 1.857526 0.346223
v -0.514347 1.963293 0.346223
v -0.413522 2.040413 0.346223
v -0.301757 2.052710 0.346223
v -0.189991 2.017824 0.346223
v -0.089167 1.916202 0.346223
v -0.009152 1.825928 0.346223
v 0.042221 1.755886 0.346223
v 0.059923 1.678245 0.346223
v 0.042221 1.600603 0.346223
v -0.009152 1.530561 0.346223
v -0.089167 1.488640 0.346223
v -0.189992 1.517721 0.346223
v -0.301757 1.550202 0.346223
v -0.413522 1.562499 0.346223
v -0.514346 1.543758 0.346223
v -0.594361 1.537915 0.346223
v -0.645734 1.607957 0.346223
v -0.663436 1.685599 0.346223
v -0.641499 1.762285 0.289644
v -0.590759 1.831464 0.289644
v -0.511729 1.946632 0.289644
v -0.412146 2.037471 0.289644
v -0.301757 2.049617 0.289644
v -0.191368 2.014259 0.289644
v -0.091784 1.913043 0.289644
v -0.012754 1.824110 0.289644
v 0.037986 1.754931 0.289644
v 0.055470 1.678245 0.289644
v 0.037986 1.601559 0.289644
v -0.012754 1.532379 0.289644
v -0.091784 1.479490 0.288617
v -0.191368 1.516067 0.287910
v -0.301757 1.556691 0.287910
v -0.412146 1.555315 0.287387
v -0.511729 1.545099 0.289644
v -0.590759 1.539733 0.289644
v -0.641499 1.608913 0.289644
v -0.658983 1.685599 0.289644
v -0.628899 1.759440 0.234458
v -0.580040 1.826054 0.234458
v -0.503942 1.935724 0.234458
v -0.408052 2.026789 0.234458
v -0.301757 2.040413 0.234458
v -0.195462 2.003636 0.234458
v -0.099572 1.903856 0.234350
v -0.023473 1.821763 0.232894
v 0.025386 1.754098 0.233431
v 0.042221 1.678245 0.234458
v 0.025386 1.606414 0.233431
v -0.023473 1.545647 0.230446
v -0.099572 1.509405 0.221957
v -0.195462 1.545480 0.220191
v -0.301757 1.590953 0.219928
v -0.408052 1.560512 0.219099
v -0.503942 1.521179 0.231511
v -0.580040 1.545143 0.234458
v -0.628899 1.611757 0.234458
v -0.645734 1.685599 0.234458
v -0.608243 1.754778 0.182024
v -0.562470 1.817185 0.182024
v -0.491176 1.917859 0.182024
v -0.401340 1.985718 0.182024
v -0.301757 2.025325 0.182024
v -0.202173 1.986191 0.182024
v -0.112338 1.902242 0.174875
v -0.041044 1.837278 0.168009
v 0.004730 1.772119 0.169414
v 0.020502 1.692100 0.174949
v 0.004730 1.633760 0.169414
v -0.041044 1.576424 0.166824
v -0.112338 1.552328 0.153837
v -0.202173 1.582733 0.152793
v -0.301757 1.635848 0.152103
v -0.401340 1.590968 0.151938
v -0.491175 1.526618 0.170722
v -0.562469 1.554534 0.181758
v -0.608243 1.616419 0.182024
v -0.624015 1.685599 0.182024
v -0.580040 1.748412 0.133633
v -0.538479 1.805077 0.133633
v -0.473745 1.871056 0.133633
v -0.392176 1.932120 0.133633
v -0.301757 2.001415 0.133633
v -0.211337 1.972450 0.133633
v -0.129768 1.910237 0.118100
v -0.065034 1.855691 0.104032
v -0.023473 1.797357 0.104884
v -0.009152 1.718564 0.113044
v -0.023473 1.671730 0.104884
v -0.065034 1.613840 0.105510
v -0.129768 1.595685 0.097461
v -0.211337 1.618865 0.097461
v -0.301757 1.664859 0.097461
v -0.392176 1.613990 0.097461
v -0.473745 1.562081 0.112733
v -0.538479 1.573638 0.129794
v -0.580040 1.622785 0.133633
v -0.594361 1.685599 0.133633
v -0.544986 1.740499 0.090477
v -0.508660 1.790026 0.090477
v -0.452080 1.834144 0.088020
v -0.380786 1.897149 0.089444
v -0.301757 1.964014 0.090201
v -0.222727 1.967265 0.087088
v -0.151433 1.919348 0.070427
v -0.094854 1.864753 0.054305
v -0.058528 1.803981 0.054305
v -0.046011 1.734489 0.061756
v -0.058528 1.694179 0.054305
v -0.094854 1.655898 0.054305
v -0.151433 1.652023 0.054305
v -0.222727 1.671036 0.054305
v -0.301757 1.678809 0.054305
v -0.380786 1.628024 0.054305
v -0.452080 1.589423 0.066192
v -0.508659 1.596465 0.082667
v -0.544985 1.630994 0.090326
v -0.557503 1.685598 0.090477
v -0.503942 1.734631 0.051885
v -0.473746 1.786118 0.046616
v -0.426714 1.833411 0.039150
v -0.367451 1.878866 0.041579
v -0.301757 1.936333 0.046640
v -0.236063 1.962698 0.042029
v -0.176799 1.935687 0.027253
v -0.129768 1.872340 0.017446
v -0.099572 1.819504 0.017446
v -0.089167 1.775435 0.017446
v -0.099572 1.729939 0.017446
v -0.129768 1.702638 0.017446
v -0.176799 1.709757 0.017446
v -0.236063 1.724224 0.017446
v -0.301757 1.698135 0.017446
v -0.367450 1.645214 0.017446
v -0.426714 1.620756 0.025719
v -0.473745 1.625701 0.039878
v -0.503942 1.646272 0.050396
v -0.514346 1.686239 0.053292
v -0.457919 1.746908 0.010656
v -0.434596 1.793866 0.002915
v -0.398270 1.845218 -0.002674
v -0.352497 1.883168 0.001597
v -0.301757 1.918422 0.009149
v -0.251016 1.950602 0.002601
v -0.205243 1.939930 -0.007176
v -0.168917 1.897116 -0.012208
v -0.145594 1.854446 -0.012208
v -0.137558 1.825783 -0.012208
v -0.145594 1.797534 -0.012208
v -0.168917 1.774942 -0.012208
v -0.205243 1.768473 -0.012208
v -0.251016 1.762407 -0.012208
v -0.301757 1.732110 -0.012208
v -0.352497 1.693234 -0.012208
v -0.398270 1.668557 -0.006709
v -0.434596 1.660821 0.002379
v -0.457919 1.676824 0.010446
v -0.465956 1.701937 0.015621
v -0.408052 1.789538 -0.026880
v -0.392177 1.816402 -0.030631
v -0.367450 1.850287 -0.031362
v -0.336294 1.883296 -0.027919
v -0.301757 1.908342 -0.023443
v -0.267219 1.924321 -0.024229
v -0.236063 1.927581 -0.031111
v -0.211337 1.910089 -0.033927
v -0.195462 1.883926 -0.033927
v -0.189992 1.861865 -0.033927
v -0.195462 1.842391 -0.033927
v -0.211337 1.825879 -0.033927
v -0.236063 1.809479 -0.033927
v -0.267219 1.795629 -0.033927
v -0.301757 1.773589 -0.033927
v -0.336294 1.747377 -0.033927
v -0.367450 1.723497 -0.030768
v -0.392176 1.716141 -0.026041
v -0.408052 1.732475 -0.022245
v -0.413522 1.760896 -0.023825
v -0.355567 1.834483 -0.047019
v -0.347530 1.844480 -0.045930
v -0.335013 1.857409 -0.044395
v -0.319241 1.876963 -0.045674
v -0.301757 1.889492 -0.044759
v -0.284273 1.893524 -0.042696
v -0.268500 1.895524 -0.043641
v -0.255983 1.892214 -0.045552
v -0.247947 1.883670 -0.046784
v -0.245177 1.872292 -0.047176
v -0.247947 1.860146 -0.047176
v -0.255983 1.849189 -0.047176
v -0.268500 1.838850 -0.047176
v -0.284273 1.827534 -0.047176
v -0.301757 1.815615 -0.047176
v -0.319241 1.805142 -0.047176
v -0.335013 1.799257 -0.047176
v -0.347530 1.800713 -0.047176
v -0.355567 1.810498 -0.047176
v -0.358336 1.827419 -0.047176
v -0.301757 1.820743 0.687267
v -0.301757 1.863312 -0.051629
vt 0.626686 0.489868
vt 0.624700 0.487428
vt 0.637008 0.487093
vt 0.640556 0.491596
vt 0.621548 0.485359
vt 0.789506 0.725065
vt 0.774166 0.725201
vt 0.782614 0.719488
vt 0.769022 0.724714
vt 0.774729 0.717588
vt 0.762446 0.725469
vt 0.763722 0.719056
vt 0.755456 0.726662
vt 0.750441 0.720651
vt 0.748890 0.727826
vt 0.737573 0.722015
vt 0.743713 0.728899
vt 0.727946 0.722696
vt 0.740606 0.729921
vt 0.720953 0.724068
vt 0.739095 0.731415
vt 0.715330 0.727111
vt 0.739732 0.733174
vt 0.599194 0.544831
vt 0.606566 0.516158
vt 0.603950 0.539909
vt 0.610046 0.513348
vt 0.609246 0.530770
vt 0.613929 0.510340
vt 0.615763 0.522759
vt 0.617838 0.507797
vt 0.622831 0.517556
vt 0.621427 0.505525
vt 0.629450 0.514318
vt 0.624269 0.502503
vt 0.634653 0.509481
vt 0.626250 0.498642
vt 0.638633 0.502376
vt 0.627140 0.494214
vt 0.640859 0.496240
vt 0.650677 0.484173
vt 0.652676 0.492617
vt 0.799561 0.722969
vt 0.788657 0.715452
vt 0.777583 0.713208
vt 0.763506 0.714339
vt 0.748156 0.713557
vt 0.729534 0.715102
vt 0.715899 0.715124
vt 0.704955 0.715909
vt 0.698426 0.718022
vt 0.597259 0.567062
vt 0.603606 0.559423
vt 0.609781 0.545825
vt 0.618061 0.533359
vt 0.628066 0.526950
vt 0.636619 0.520401
vt 0.643392 0.514486
vt 0.648073 0.507891
vt 0.651477 0.500271
vt 0.661995 0.483108
vt 0.662157 0.494504
vt 0.808315 0.718533
vt 0.794739 0.710394
vt 0.780440 0.707905
vt 0.761920 0.709800
vt 0.741948 0.709361
vt 0.720386 0.709646
vt 0.704503 0.707901
vt 0.692052 0.706190
vt 0.683864 0.706604
vt 0.600524 0.589176
vt 0.607032 0.578527
vt 0.612902 0.561370
vt 0.620957 0.542850
vt 0.633404 0.533978
vt 0.643937 0.526796
vt 0.651063 0.517521
vt 0.656634 0.510985
vt 0.660303 0.502999
vt 0.673003 0.483129
vt 0.671232 0.496238
vt 0.817941 0.706147
vt 0.801816 0.698508
vt 0.784622 0.698711
vt 0.762094 0.703227
vt 0.736282 0.704770
vt 0.713785 0.703510
vt 0.696716 0.699593
vt 0.682598 0.695519
vt 0.670429 0.692653
vt 0.608719 0.610085
vt 0.614780 0.596714
vt 0.617984 0.575123
vt 0.624203 0.550228
vt 0.637755 0.539551
vt 0.650527 0.530787
vt 0.658539 0.521561
vt 0.664474 0.513450
vt 0.668906 0.504872
vt 0.688138 0.480846
vt 0.683166 0.496299
vt 0.826191 0.688259
vt 0.807278 0.685345
vt 0.788547 0.687727
vt 0.766176 0.692775
vt 0.736390 0.697522
vt 0.712977 0.695495
vt 0.695670 0.690661
vt 0.679306 0.685190
vt 0.663278 0.678448
vt 0.622872 0.629845
vt 0.624735 0.611159
vt 0.624231 0.585737
vt 0.628839 0.557453
vt 0.643709 0.544860
vt 0.656811 0.534421
vt 0.665525 0.524652
vt 0.673281 0.514700
vt 0.679349 0.505358
vt 0.704040 0.481776
vt 0.695233 0.497486
vt 0.830843 0.669507
vt 0.811283 0.672021
vt 0.791342 0.676828
vt 0.768913 0.683102
vt 0.738998 0.688834
vt 0.714473 0.687307
vt 0.696648 0.682492
vt 0.679977 0.676177
vt 0.662720 0.666951
vt 0.641186 0.648227
vt 0.634264 0.619855
vt 0.631271 0.593323
vt 0.635577 0.565143
vt 0.650205 0.549071
vt 0.662440 0.536994
vt 0.672685 0.527450
vt 0.681792 0.516644
vt 0.689407 0.507004
vt 0.719228 0.485691
vt 0.706740 0.500640
vt 0.832435 0.650309
vt 0.813075 0.657823
vt 0.792960 0.665705
vt 0.770752 0.673559
vt 0.741401 0.680254
vt 0.716525 0.679440
vt 0.698756 0.675040
vt 0.682591 0.668739
vt 0.666532 0.659643
vt 0.650265 0.644523
vt 0.642063 0.622378
vt 0.639005 0.597607
vt 0.643436 0.571216
vt 0.655965 0.553570
vt 0.669251 0.540275
vt 0.679621 0.530216
vt 0.689814 0.519352
vt 0.698824 0.509897
vt 0.732912 0.492814
vt 0.717510 0.505442
vt 0.831365 0.630925
vt 0.812578 0.643430
vt 0.793339 0.654422
vt 0.771868 0.664037
vt 0.743490 0.671791
vt 0.718908 0.671749
vt 0.701588 0.667991
vt 0.686283 0.662037
vt 0.671667 0.653572
vt 0.658125 0.640352
vt 0.650264 0.622231
vt 0.647600 0.599246
vt 0.651920 0.575610
vt 0.663294 0.557782
vt 0.675918 0.543558
vt 0.686345 0.533301
vt 0.697313 0.522777
vt 0.707443 0.513939
vt 0.742153 0.503858
vt 0.726754 0.511917
vt 0.827575 0.609088
vt 0.809853 0.629531
vt 0.792451 0.643320
vt 0.772213 0.654641
vt 0.745187 0.663484
vt 0.721385 0.664141
vt 0.704754 0.661113
vt 0.690483 0.655573
vt 0.677184 0.647914
vt 0.665408 0.636100
vt 0.658134 0.620279
vt 0.656282 0.599755
vt 0.660778 0.578670
vt 0.671030 0.561305
vt 0.682684 0.546972
vt 0.692828 0.536700
vt 0.704246 0.526843
vt 0.715046 0.519112
vt 0.749330 0.515844
vt 0.734269 0.519499
vt 0.818843 0.590256
vt 0.805455 0.616726
vt 0.790210 0.632891
vt 0.771604 0.645638
vt 0.746102 0.654937
vt 0.723759 0.656628
vt 0.708053 0.654350
vt 0.694548 0.649616
vt 0.682591 0.642387
vt 0.672350 0.631735
vt 0.665855 0.617510
vt 0.665516 0.599823
vt 0.670832 0.580778
vt 0.679344 0.564526
vt 0.689211 0.550479
vt 0.698798 0.540598
vt 0.710486 0.531483
vt 0.721917 0.524579
vt 0.756265 0.527579
vt 0.740635 0.527404
vt 0.806226 0.573891
vt 0.799596 0.605307
vt 0.786939 0.623395
vt 0.770277 0.637068
vt 0.746468 0.646729
vt 0.726319 0.649042
vt 0.711531 0.647509
vt 0.698602 0.643471
vt 0.688192 0.636779
vt 0.680193 0.627236
vt 0.675899 0.614549
vt 0.677327 0.598968
vt 0.683899 0.582851
vt 0.689384 0.567903
vt 0.696304 0.554246
vt 0.704454 0.544672
vt 0.716059 0.536538
vt 0.727731 0.530744
vt 0.759985 0.538865
vt 0.744923 0.535720
vt 0.789268 0.556330
vt 0.791744 0.592209
vt 0.783358 0.614959
vt 0.768320 0.629158
vt 0.747733 0.637802
vt 0.731408 0.640330
vt 0.718011 0.640116
vt 0.704872 0.637103
vt 0.697004 0.631527
vt 0.689571 0.622945
vt 0.687284 0.611774
vt 0.689793 0.598526
vt 0.697657 0.584855
vt 0.700416 0.571322
vt 0.703308 0.558012
vt 0.710119 0.548959
vt 0.720893 0.541967
vt 0.732294 0.537368
vt 0.759400 0.548290
vt 0.746928 0.543957
vt 0.776654 0.560285
vt 0.782725 0.582819
vt 0.778974 0.608175
vt 0.766359 0.621832
vt 0.749927 0.629161
vt 0.736178 0.631291
vt 0.724964 0.632185
vt 0.712651 0.630433
vt 0.706709 0.625940
vt 0.699236 0.618457
vt 0.697674 0.609067
vt 0.700750 0.598060
vt 0.707992 0.586297
vt 0.709411 0.573658
vt 0.711297 0.562025
vt 0.716016 0.553780
vt 0.724801 0.547819
vt 0.735450 0.544313
vt 0.757297 0.556151
vt 0.747097 0.551880
vt 0.766718 0.565340
vt 0.774418 0.581221
vt 0.773557 0.601925
vt 0.765048 0.614917
vt 0.751701 0.621669
vt 0.739263 0.623734
vt 0.728628 0.624654
vt 0.718118 0.623493
vt 0.713230 0.619697
vt 0.708517 0.613950
vt 0.708444 0.606247
vt 0.712027 0.596906
vt 0.715626 0.586979
vt 0.716300 0.575484
vt 0.717504 0.565846
vt 0.721069 0.558873
vt 0.727660 0.553941
vt 0.737188 0.551400
vt 0.754683 0.564014
vt 0.746040 0.559451
vt 0.761324 0.572113
vt 0.766355 0.583049
vt 0.767835 0.597689
vt 0.762799 0.608943
vt 0.753713 0.614590
vt 0.741999 0.617294
vt 0.733093 0.618198
vt 0.726557 0.617439
vt 0.720580 0.614428
vt 0.717432 0.609731
vt 0.719225 0.603621
vt 0.722767 0.596130
vt 0.722695 0.587317
vt 0.722136 0.577445
vt 0.723086 0.569946
vt 0.726067 0.564198
vt 0.730424 0.560250
vt 0.737627 0.558431
vt 0.752014 0.571999
vt 0.745808 0.567672
vt 0.757370 0.578825
vt 0.760630 0.586492
vt 0.762377 0.595537
vt 0.759715 0.604081
vt 0.754399 0.608674
vt 0.746738 0.611279
vt 0.739924 0.612455
vt 0.735658 0.612198
vt 0.732010 0.610064
vt 0.729583 0.606239
vt 0.729831 0.601320
vt 0.730920 0.595363
vt 0.729871 0.588203
vt 0.729066 0.580794
vt 0.729367 0.574608
vt 0.730636 0.570018
vt 0.734392 0.567054
vt 0.738899 0.565899
vt 0.750797 0.579663
vt 0.748188 0.576671
vt 0.753843 0.583923
vt 0.756392 0.589181
vt 0.757338 0.594863
vt 0.756473 0.599801
vt 0.753967 0.603428
vt 0.750197 0.605530
vt 0.745997 0.606496
vt 0.742824 0.606335
vt 0.740446 0.604907
vt 0.738874 0.602287
vt 0.737845 0.598627
vt 0.737696 0.594346
vt 0.736940 0.589438
vt 0.736095 0.584423
vt 0.735362 0.579910
vt 0.736255 0.576628
vt 0.739847 0.574900
vt 0.744438 0.574996
vt 0.750862 0.586312
vt 0.749978 0.585009
vt 0.751796 0.588328
vt 0.753055 0.591139
vt 0.753474 0.593765
vt 0.752924 0.596023
vt 0.752014 0.597938
vt 0.750620 0.599218
vt 0.748933 0.599786
vt 0.747244 0.599666
vt 0.745777 0.598865
vt 0.744800 0.597487
vt 0.744199 0.595607
vt 0.743701 0.593320
vt 0.743269 0.590812
vt 0.743096 0.588352
vt 0.743485 0.586257
vt 0.744670 0.584802
vt 0.746653 0.584174
vt 0.749201 0.584441
vt 0.612895 0.499889
vt 0.749873 0.592544
vt 0.759242 0.733971
vt 0.603687 0.517669
vt 0.777080 0.727901
vt 0.782748 0.531715
vt 0.773044 0.510954
vt 0.761118 0.492190
vt 0.748162 0.475631
vt 0.732937 0.465851
vt 0.715196 0.460265
vt 0.649037 0.672548
vt 0.695438 0.459209
vt 0.660935 0.694328
vt 0.673659 0.463820
vt 0.676485 0.711259
vt 0.654680 0.472285
vt 0.695570 0.723246
vt 0.641845 0.476976
vt 0.713893 0.731376
vt 0.630803 0.480396
vn -0.290344 0.015112 0.956803
vn -0.282746 0.096133 0.954365
vn -0.446823 0.135863 0.884246
vn -0.431981 0.103346 0.895942
vn -0.224453 0.159082 0.961412
vn -0.387180 0.217887 0.895889
vn -0.105433 0.207471 0.972543
vn -0.226094 0.294783 0.928431
vn 0.096335 0.199132 0.975226
vn 0.090964 0.308058 0.947009
vn 0.246936 0.164718 0.954930
vn 0.332841 0.223524 0.916108
vn 0.319875 0.159867 0.933875
vn 0.423177 0.204146 0.882749
vn 0.344941 0.161659 0.924598
vn 0.427494 0.204407 0.880606
vn 0.345488 0.089432 0.934152
vn 0.399245 0.126027 0.908141
vn 0.307584 -0.033300 0.950938
vn 0.323773 -0.043841 0.945119
vn 0.231660 -0.149739 0.961203
vn 0.244175 -0.227246 0.942729
vn 0.125373 -0.235053 0.963863
vn 0.153895 -0.369637 0.916343
vn 0.032629 -0.294927 0.954963
vn -0.022963 -0.482385 0.875659
vn -0.004996 -0.322430 0.946580
vn -0.058808 -0.502613 0.862509
vn -0.006597 -0.326913 0.945031
vn 0.007122 -0.491379 0.870917
vn -0.011252 -0.324512 0.945815
vn 0.045105 -0.471781 0.880561
vn -0.065890 -0.289419 0.954932
vn -0.021712 -0.425220 0.904830
vn -0.183580 -0.199354 0.962578
vn -0.118539 -0.300764 0.946303
vn -0.257489 -0.106198 0.960428
vn -0.232783 -0.134978 0.963116
vn -0.295279 -0.014457 0.955302
vn -0.344637 0.005914 0.938717
vn -0.450725 0.155313 0.879048
vn -0.393500 0.143585 0.908042
vn -0.470805 0.252391 0.845365
vn -0.335302 0.471370 0.815710
vn 0.134036 0.623752 0.770044
vn 0.459639 0.458958 0.760322
vn 0.525539 0.345405 0.777499
vn 0.485023 0.281993 0.827788
vn 0.401323 0.175223 0.899020
vn 0.291107 -0.076762 0.953606
vn 0.201163 -0.303637 0.931310
vn 0.129190 -0.439190 0.889057
vn -0.043121 -0.585344 0.809637
vn -0.146133 -0.652063 0.743948
vn 0.029890 -0.647568 0.761421
vn 0.171857 -0.595561 0.784711
vn 0.074949 -0.469574 0.879706
vn -0.036316 -0.353695 0.934655
vn -0.164038 -0.187179 0.968533
vn -0.305650 0.023297 0.951859
vn -0.512246 0.261631 0.818018
vn -0.482275 0.196530 0.853690
vn -0.507367 0.357475 0.784086
vn -0.354754 0.599397 0.717546
vn 0.165822 0.774414 0.610562
vn 0.538948 0.647883 0.538315
vn 0.616679 0.505378 0.603573
vn 0.563700 0.422119 0.709970
vn 0.491794 0.240821 0.836746
vn 0.385961 -0.084110 0.918673
vn 0.205970 -0.342523 0.916654
vn 0.084875 -0.472317 0.877333
vn -0.057651 -0.568606 0.820587
vn -0.234446 -0.676977 0.697665
vn 0.022622 -0.772365 0.634776
vn 0.335403 -0.706011 0.623741
vn 0.191190 -0.563271 0.803848
vn -0.059650 -0.409520 0.910349
vn -0.261900 -0.252757 0.931409
vn -0.428859 0.019755 0.903155
vn -0.634329 0.338314 0.695104
vn -0.663345 0.240189 0.708719
vn -0.556968 0.472367 0.683123
vn -0.307411 0.712873 0.630325
vn 0.177704 0.803832 0.567694
vn 0.540455 0.645383 0.539805
vn 0.622620 0.545747 0.560807
vn 0.613460 0.498903 0.612179
vn 0.653017 0.293303 0.698242
vn 0.621000 -0.048499 0.782308
vn 0.398640 -0.368876 0.839653
vn 0.137536 -0.499271 0.855460
vn -0.069110 -0.559597 0.825879
vn -0.310343 -0.642342 0.700774
vn -0.027596 -0.789626 0.612967
vn 0.427059 -0.701330 0.570751
vn 0.209664 -0.626190 0.750950
vn -0.246015 -0.508425 0.825215
vn -0.520701 -0.326705 0.788755
vn -0.662351 -0.010340 0.749123
vn -0.719014 0.384936 0.578657
vn -0.771848 0.276298 0.572635
vn -0.589893 0.564561 0.577319
vn -0.270374 0.812223 0.516906
vn 0.160614 0.859175 0.485821
vn 0.530022 0.681383 0.504772
vn 0.638187 0.574338 0.512693
vn 0.654552 0.543958 0.525043
vn 0.751740 0.349340 0.559328
vn 0.802237 -0.011149 0.596901
vn 0.652032 -0.388528 0.651076
vn 0.351316 -0.578349 0.736268
vn -0.034371 -0.662006 0.748710
vn -0.346382 -0.657285 0.669325
vn -0.051776 -0.724788 0.687023
vn 0.414013 -0.704733 0.576146
vn 0.094469 -0.842292 0.530679
vn -0.478430 -0.658128 0.581354
vn -0.729166 -0.357096 0.583781
vn -0.812362 -0.001204 0.583153
vn -0.789430 0.421963 0.445812
vn -0.846010 0.299483 0.441109
vn -0.620239 0.648622 0.441128
vn -0.244559 0.893516 0.376590
vn 0.132268 0.924615 0.357200
vn 0.539073 0.748341 0.386504
vn 0.675908 0.617450 0.402373
vn 0.701432 0.582896 0.410153
vn 0.818150 0.381749 0.429997
vn 0.894596 -0.000076 0.446877
vn 0.807573 -0.386871 0.445148
vn 0.571803 -0.665169 0.480200
vn 0.052959 -0.872854 0.485098
vn -0.370907 -0.796035 0.478285
vn -0.078775 -0.828865 0.553874
vn 0.291546 -0.934716 0.203243
vn -0.020494 -0.998913 0.041871
vn -0.551136 -0.785771 0.280738
vn -0.818060 -0.381794 0.430130
vn -0.894715 -0.000001 0.446637
vn -0.841345 0.458079 0.286883
vn -0.900467 0.315285 0.299592
vn -0.639782 0.725678 0.253119
vn -0.243587 0.945216 0.217330
vn 0.114769 0.966057 0.231435
vn 0.542112 0.800402 0.255875
vn 0.705671 0.655243 0.269603
vn 0.741621 0.611334 0.276168
vn 0.867220 0.403974 0.291091
vn 0.952735 0.000000 0.303803
vn 0.867220 -0.403975 0.291092
vn 0.657993 -0.712754 0.242956
vn 0.105066 -0.982921 0.151086
vn -0.349401 -0.923900 0.155973
vn -0.160458 -0.970062 0.182299
vn 0.111568 -0.992405 -0.051825
vn 0.044231 -0.994121 -0.098833
vn -0.481679 -0.858503 0.175948
vn -0.867220 -0.403975 0.291091
vn -0.952735 -0.000002 0.303803
vn -0.858028 0.513067 0.023451
vn -0.933444 0.336761 0.123592
vn -0.668936 0.742961 -0.023108
vn -0.294794 0.954987 0.033092
vn 0.105056 0.987775 0.115168
vn 0.541522 0.830803 0.128533
vn 0.722608 0.677846 0.135507
vn 0.765552 0.628217 0.138833
vn 0.896800 0.417353 0.146854
vn 0.988113 0.000000 0.153731
vn 0.896800 -0.417353 0.146852
vn 0.657673 -0.745675 0.106937
vn 0.103884 -0.994429 0.017863
vn -0.300466 -0.953785 0.003847
vn -0.199740 -0.979362 0.030893
vn 0.043265 -0.999059 -0.003096
vn 0.117574 -0.992999 0.011331
vn -0.451068 -0.885669 0.110125
vn -0.896801 -0.417353 0.146852
vn -0.988113 -0.000002 0.153731
vn -0.833191 0.526151 -0.170171
vn -0.927209 0.370309 -0.056168
vn -0.704685 0.680218 -0.201800
vn -0.373449 0.923629 -0.086289
vn 0.101849 0.994800 0.000004
vn 0.541244 0.840866 0.000002
vn 0.728208 0.685356 0.000000
vn 0.773486 0.633813 0.000001
vn 0.906681 0.421817 0.000001
vn 1.000000 0.000000 -0.000000
vn 0.906681 -0.421818 -0.000001
vn 0.660456 -0.750547 0.021856
vn 0.090453 -0.994556 0.051735
vn -0.296953 -0.954695 0.019382
vn -0.196406 -0.980486 0.008449
vn 0.040214 -0.998567 0.035322
vn 0.123331 -0.992099 0.023003
vn -0.452481 -0.891774 -0.000000
vn -0.906681 -0.421817 -0.000000
vn -1.000000 -0.000001 0.000000
vn -0.804413 0.553236 -0.216447
vn -0.898798 0.400835 -0.177465
vn -0.731887 0.646687 -0.214797
vn -0.424958 0.891195 -0.158685
vn 0.102895 0.987500 -0.119397
vn 0.541440 0.830917 -0.128142
vn 0.721639 0.679892 -0.130321
vn 0.766347 0.629815 -0.126670
vn 0.899408 0.414401 -0.139057
vn 0.988218 0.000000 -0.153056
vn 0.892147 -0.423340 -0.157661
vn 0.649418 -0.741739 -0.167569
vn 0.060213 -0.983607 -0.169978
vn -0.328834 -0.923245 -0.198711
vn -0.153929 -0.966581 -0.205005
vn 0.126044 -0.991794 -0.021386
vn 0.103190 -0.990558 0.090260
vn -0.483542 -0.873487 -0.056647
vn -0.896800 -0.417353 -0.146853
vn -0.988113 -0.000001 -0.153730
vn -0.782429 0.555191 -0.282076
vn -0.867220 0.403973 -0.291093
vn -0.710728 0.627309 -0.318355
vn -0.425195 0.838982 -0.339586
vn 0.077986 0.953328 -0.291690
vn 0.537867 0.810814 -0.230823
vn 0.703204 0.688049 -0.179145
vn 0.760898 0.633914 -0.138521
vn 0.900202 0.383507 -0.206298
vn 0.958462 -0.014146 -0.284870
vn 0.838578 -0.424974 -0.340857
vn 0.586274 -0.703138 -0.402343
vn 0.030937 -0.893934 -0.447130
vn -0.333116 -0.844432 -0.419486
vn -0.079502 -0.901091 -0.426280
vn 0.302258 -0.929353 -0.212000
vn 0.100453 -0.994794 -0.017123
vn -0.546386 -0.821881 -0.161162
vn -0.866999 -0.404170 -0.291478
vn -0.952735 -0.000001 -0.303803
vn -0.719503 0.533723 -0.444358
vn -0.818149 0.381748 -0.430001
vn -0.603448 0.586467 -0.540284
vn -0.428478 0.705043 -0.565085
vn -0.011222 0.885423 -0.464651
vn 0.519252 0.809230 -0.274817
vn 0.668522 0.728546 -0.149326
vn 0.746177 0.658519 -0.097839
vn 0.900274 0.369477 -0.230205
vn 0.926889 -0.005336 -0.375298
vn 0.784869 -0.385361 -0.485260
vn 0.531911 -0.650509 -0.542133
vn 0.013577 -0.837424 -0.546386
vn -0.336581 -0.813945 -0.473504
vn -0.027503 -0.884360 -0.465995
vn 0.409543 -0.842653 -0.349586
vn 0.138831 -0.938636 -0.315735
vn -0.550100 -0.739833 -0.387345
vn -0.815274 -0.383873 -0.433554
vn -0.894715 -0.000001 -0.446638
vn -0.627346 0.519307 -0.580308
vn -0.750040 0.350834 -0.560673
vn -0.522421 0.559176 -0.643739
vn -0.452483 0.616599 -0.644255
vn -0.151281 0.823879 -0.546203
vn 0.445494 0.848228 -0.286434
vn 0.620372 0.768631 -0.156028
vn 0.721974 0.663157 -0.197428
vn 0.863991 0.349303 -0.362639
vn 0.878811 0.011980 -0.477019
vn 0.732473 -0.343247 -0.587933
vn 0.463250 -0.602801 -0.649639
vn -0.009590 -0.752212 -0.658852
vn -0.293977 -0.768153 -0.568786
vn 0.054405 -0.897253 -0.438153
vn 0.461325 -0.838421 -0.290222
vn 0.162703 -0.883745 -0.438775
vn -0.496318 -0.669614 -0.552527
vn -0.745106 -0.356106 -0.563920
vn -0.815530 0.000109 -0.578715
vn -0.602769 0.519058 -0.606010
vn -0.683895 0.304102 -0.663181
vn -0.550562 0.630998 -0.546555
vn -0.533641 0.657004 -0.532517
vn -0.339424 0.797858 -0.498211
vn 0.288876 0.919045 -0.268153
vn 0.598974 0.775130 -0.201006
vn 0.699612 0.609306 -0.373215
vn 0.778671 0.278782 -0.562096
vn 0.767152 -0.008003 -0.641415
vn 0.609175 -0.312641 -0.728808
vn 0.313971 -0.548618 -0.774881
vn -0.063047 -0.625628 -0.777570
vn -0.146182 -0.689092 -0.709777
vn 0.225531 -0.844773 -0.485277
vn 0.469764 -0.842172 -0.264704
vn 0.132477 -0.871944 -0.471341
vn -0.436525 -0.623777 -0.648343
vn -0.664030 -0.317000 -0.677182
vn -0.722037 0.001606 -0.691853
vn -0.677039 0.487695 -0.551155
vn -0.668857 0.230935 -0.706611
vn -0.638137 0.668640 -0.381710
vn -0.591721 0.737050 -0.326533
vn -0.482726 0.804948 -0.345015
vn 0.056824 0.969158 -0.239801
vn 0.562995 0.782176 -0.266902
vn 0.697926 0.541942 -0.468186
vn 0.692647 0.275886 -0.666429
vn 0.618435 -0.002315 -0.785833
vn 0.437297 -0.233391 -0.868504
vn 0.149565 -0.447390 -0.881744
vn -0.071163 -0.530318 -0.844807
vn 0.039919 -0.608271 -0.792725
vn 0.340769 -0.682262 -0.646835
vn 0.412215 -0.739597 -0.532047
vn 0.074040 -0.757328 -0.648824
vn -0.393652 -0.514699 -0.761658
vn -0.590815 -0.254690 -0.765553
vn -0.651097 0.000717 -0.758995
vn -0.714577 0.415437 -0.562843
vn -0.675316 0.168180 -0.718098
vn -0.662778 0.644456 -0.381315
vn -0.587740 0.762407 -0.270735
vn -0.525610 0.806247 -0.271476
vn -0.185585 0.918948 -0.347985
vn 0.397522 0.787214 -0.471455
vn 0.628430 0.496109 -0.599125
vn 0.614860 0.281726 -0.736599
vn 0.489167 0.020885 -0.871940
vn 0.319988 -0.172538 -0.931579
vn 0.138419 -0.316381 -0.938479
vn 0.032195 -0.444926 -0.894988
vn 0.156956 -0.510537 -0.845409
vn 0.330567 -0.519543 -0.787909
vn 0.330936 -0.535105 -0.777267
vn 0.040226 -0.513854 -0.856934
vn -0.324363 -0.369615 -0.870732
vn -0.518121 -0.170158 -0.838211
vn -0.605161 -0.007493 -0.796068
vn -0.640619 0.380076 -0.667196
vn -0.615502 0.163629 -0.770963
vn -0.590789 0.559352 -0.581458
vn -0.538890 0.706769 -0.458339
vn -0.460430 0.779010 -0.425614
vn -0.311520 0.769980 -0.556853
vn 0.091959 0.656328 -0.748851
vn 0.369500 0.411580 -0.833110
vn 0.409099 0.206831 -0.888740
vn 0.347635 0.021293 -0.937388
vn 0.256548 -0.141662 -0.956094
vn 0.176646 -0.254313 -0.950853
vn 0.135358 -0.349962 -0.926933
vn 0.187721 -0.385839 -0.903266
vn 0.256799 -0.383360 -0.887181
vn 0.234948 -0.372476 -0.897809
vn 0.048923 -0.341384 -0.938650
vn -0.243543 -0.228028 -0.942704
vn -0.407173 -0.107807 -0.906966
vn -0.495602 -0.029837 -0.868037
vn -0.430992 0.360504 -0.827214
vn -0.420523 0.192038 -0.886725
vn -0.430906 0.412603 -0.802545
vn -0.400008 0.506218 -0.764027
vn -0.288980 0.602897 -0.743644
vn -0.190277 0.565779 -0.802302
vn -0.101233 0.456334 -0.884031
vn 0.098796 0.271215 -0.957435
vn 0.187460 0.132961 -0.973232
vn 0.200446 0.013833 -0.979607
vn 0.181396 -0.099076 -0.978406
vn 0.157011 -0.179109 -0.971220
vn 0.138588 -0.222392 -0.965057
vn 0.144205 -0.238819 -0.960297
vn 0.160216 -0.240668 -0.957293
vn 0.139445 -0.231720 -0.962736
vn 0.016846 -0.194947 -0.980669
vn -0.167832 -0.129297 -0.977300
vn -0.251837 -0.084186 -0.964101
vn -0.290113 -0.021324 -0.956755
vn 0.002883 -0.010204 0.999944
vn -0.028703 0.058052 -0.997901
s 1
g group3 pasted__pSphere20
usemtl initialShadingGroup
f 2391/2517/2443 2392/2518/2444 2412/2519/2445 2411/2520/2446
f 2392/2518/2444 2393/2521/2447 2413/2917/2448 2412/2519/2445
f 2393/2901/2447 2394/2523/2449 2414/2524/2450 2413/2522/2448
f 2394/2523/2449 2395/2525/2451 2415/2526/2452 2414/2524/2450
f 2395/2525/2451 2396/2527/2453 2416/2528/2454 2415/2526/2452
f 2396/2527/2453 2397/2529/2455 2417/2530/2456 2416/2528/2454
f 2397/2529/2455 2398/2531/2457 2418/2532/2458 2417/2530/2456
f 2398/2531/2457 2399/2533/2459 2419/2534/2460 2418/2532/2458
f 2399/2533/2459 2400/2535/2461 2420/2536/2462 2419/2534/2460
f 2400/2535/2461 2401/2537/2463 2421/2538/2464 2420/2536/2462
f 2401/2537/2463 2402/2539/2465 2422/2916/2466 2421/2538/2464
f 2402/2900/2465 2403/2541/2467 2423/2542/2468 2422/2540/2466
f 2403/2541/2467 2404/2543/2469 2424/2544/2470 2423/2542/2468
f 2404/2543/2469 2405/2545/2471 2425/2546/2472 2424/2544/2470
f 2405/2545/2471 2406/2547/2473 2426/2548/2474 2425/2546/2472
f 2406/2547/2473 2407/2549/2475 2427/2550/2476 2426/2548/2474
f 2407/2549/2475 2408/2551/2477 2428/2552/2478 2427/2550/2476
f 2408/2551/2477 2409/2553/2479 2429/2554/2480 2428/2552/2478
f 2409/2553/2479 2410/2555/2481 2430/2556/2482 2429/2554/2480
f 2410/2555/2481 2391/2517/2443 2411/2520/2446 2430/2556/2482
f 2411/2520/2446 2412/2519/2445 2432/2557/2483 2431/2558/2484
f 2412/2519/2445 2413/2917/2448 2433/2915/2485 2432/2557/2483
f 2413/2522/2448 2414/2524/2450 2434/2560/2486 2433/2559/2485
f 2414/2524/2450 2415/2526/2452 2435/2561/2487 2434/2560/2486
f 2415/2526/2452 2416/2528/2454 2436/2562/2488 2435/2561/2487
f 2416/2528/2454 2417/2530/2456 2437/2563/2489 2436/2562/2488
f 2417/2530/2456 2418/2532/2458 2438/2564/2490 2437/2563/2489
f 2418/2532/2458 2419/2534/2460 2439/2565/2491 2438/2564/2490
f 2419/2534/2460 2420/2536/2462 2440/2566/2492 2439/2565/2491
f 2420/2536/2462 2421/2538/2464 2441/2567/2493 2440/2566/2492
f 2421/2538/2464 2422/2916/2466 2442/2914/2494 2441/2567/2493
f 2422/2540/2466 2423/2542/2468 2443/2569/2495 2442/2568/2494
f 2423/2542/2468 2424/2544/2470 2444/2570/2496 2443/2569/2495
f 2424/2544/2470 2425/2546/2472 2445/2571/2497 2444/2570/2496
f 2425/2546/2472 2426/2548/2474 2446/2572/2498 2445/2571/2497
f 2426/2548/2474 2427/2550/2476 2447/2573/2499 2446/2572/2498
f 2427/2550/2476 2428/2552/2478 2448/2574/2500 2447/2573/2499
f 2428/2552/2478 2429/2554/2480 2449/2575/2501 2448/2574/2500
f 2429/2554/2480 2430/2556/2482 2450/2576/2502 2449/2575/2501
f 2430/2556/2482 2411/2520/2446 2431/2558/2484 2450/2576/2502
f 2431/2558/2484 2432/2557/2483 2452/2577/2503 2451/2578/2504
f 2432/2557/2483 2433/2915/2485 2453/2913/2505 2452/2577/2503
f 2433/2559/2485 2434/2560/2486 2454/2580/2506 2453/2579/2505
f 2434/2560/2486 2435/2561/2487 2455/2581/2507 2454/2580/2506
f 2435/2561/2487 2436/2562/2488 2456/2582/2508 2455/2581/2507
f 2436/2562/2488 2437/2563/2489 2457/2583/2509 2456/2582/2508
f 2437/2563/2489 2438/2564/2490 2458/2584/2510 2457/2583/2509
f 2438/2564/2490 2439/2565/2491 2459/2585/2511 2458/2584/2510
f 2439/2565/2491 2440/2566/2492 2460/2586/2512 2459/2585/2511
f 2440/2566/2492 2441/2567/2493 2461/2587/2513 2460/2586/2512
f 2441/2567/2493 2442/2914/2494 2462/2912/2514 2461/2587/2513
f 2442/2568/2494 2443/2569/2495 2463/2589/2515 2462/2588/2514
f 2443/2569/2495 2444/2570/2496 2464/2590/2516 2463/2589/2515
f 2444/2570/2496 2445/2571/2497 2465/2591/2517 2464/2590/2516
f 2445/2571/2497 2446/2572/2498 2466/2592/2518 2465/2591/2517
f 2446/2572/2498 2447/2573/2499 2467/2593/2519 2466/2592/2518
f 2447/2573/2499 2448/2574/2500 2468/2594/2520 2467/2593/2519
f 2448/2574/2500 2449/2575/2501 2469/2595/2521 2468/2594/2520
f 2449/2575/2501 2450/2576/2502 2470/2596/2522 2469/2595/2521
f 2450/2576/2502 2431/2558/2484 2451/2578/2504 2470/2596/2522
f 2451/2578/2504 2452/2577/2503 2472/2597/2523 2471/2598/2524
f 2452/2577/2503 2453/2913/2505 2473/2911/2525 2472/2597/2523
f 2453/2579/2505 2454/2580/2506 2474/2600/2526 2473/2599/2525
f 2454/2580/2506 2455/2581/2507 2475/2601/2527 2474/2600/2526
f 2455/2581/2507 2456/2582/2508 2476/2602/2528 2475/2601/2527
f 2456/2582/2508 2457/2583/2509 2477/2603/2529 2476/2602/2528
f 2457/2583/2509 2458/2584/2510 2478/2604/2530 2477/2603/2529
f 2458/2584/2510 2459/2585/2511 2479/2605/2531 2478/2604/2530
f 2459/2585/2511 2460/2586/2512 2480/2606/2532 2479/2605/2531
f 2460/2586/2512 2461/2587/2513 2481/2607/2533 2480/2606/2532
f 2461/2587/2513 2462/2912/2514 2482/2910/2534 2481/2607/2533
f 2462/2588/2514 2463/2589/2515 2483/2609/2535 2482/2608/2534
f 2463/2589/2515 2464/2590/2516 2484/2610/2536 2483/2609/2535
f 2464/2590/2516 2465/2591/2517 2485/2611/2537 2484/2610/2536
f 2465/2591/2517 2466/2592/2518 2486/2612/2538 2485/2611/2537
f 2466/2592/2518 2467/2593/2519 2487/2613/2539 2486/2612/2538
f 2467/2593/2519 2468/2594/2520 2488/2614/2540 2487/2613/2539
f 2468/2594/2520 2469/2595/2521 2489/2615/2541 2488/2614/2540
f 2469/2595/2521 2470/2596/2522 2490/2616/2542 2489/2615/2541
f 2470/2596/2522 2451/2578/2504 2471/2598/2524 2490/2616/2542
f 2471/2598/2524 2472/2597/2523 2492/2617/2543 2491/2618/2544
f 2472/2597/2523 2473/2911/2525 2493/2909/2545 2492/2617/2543
f 2473/2599/2525 2474/2600/2526 2494/2620/2546 2493/2619/2545
f 2474/2600/2526 2475/2601/2527 2495/2621/2547 2494/2620/2546
f 2475/2601/2527 2476/2602/2528 2496/2622/2548 2495/2621/2547
f 2476/2602/2528 2477/2603/2529 2497/2623/2549 2496/2622/2548
f 2477/2603/2529 2478/2604/2530 2498/2624/2550 2497/2623/2549
f 2478/2604/2530 2479/2605/2531 2499/2625/2551 2498/2624/2550
f 2479/2605/2531 2480/2606/2532 2500/2626/2552 2499/2625/2551
f 2480/2606/2532 2481/2607/2533 2501/2627/2553 2500/2626/2552
f 2481/2607/2533 2482/2910/2534 2502/2908/2554 2501/2627/2553
f 2482/2608/2534 2483/2609/2535 2503/2629/2555 2502/2628/2554
f 2483/2609/2535 2484/2610/2536 2504/2630/2556 2503/2629/2555
f 2484/2610/2536 2485/2611/2537 2505/2631/2557 2504/2630/2556
f 2485/2611/2537 2486/2612/2538 2506/2632/2558 2505/2631/2557
f 2486/2612/2538 2487/2613/2539 2507/2633/2559 2506/2632/2558
f 2487/2613/2539 2488/2614/2540 2508/2634/2560 2507/2633/2559
f 2488/2614/2540 2489/2615/2541 2509/2635/2561 2508/2634/2560
f 2489/2615/2541 2490/2616/2542 2510/2636/2562 2509/2635/2561
f 2490/2616/2542 2471/2598/2524 2491/2618/2544 2510/2636/2562
f 2491/2618/2544 2492/2617/2543 2512/2637/2563 2511/2638/2564
f 2492/2617/2543 2493/2909/2545 2513/2907/2565 2512/2637/2563
f 2493/2619/2545 2494/2620/2546 2514/2640/2566 2513/2639/2565
f 2494/2620/2546 2495/2621/2547 2515/2641/2567 2514/2640/2566
f 2495/2621/2547 2496/2622/2548 2516/2642/2568 2515/2641/2567
f 2496/2622/2548 2497/2623/2549 2517/2643/2569 2516/2642/2568
f 2497/2623/2549 2498/2624/2550 2518/2644/2570 2517/2643/2569
f 2498/2624/2550 2499/2625/2551 2519/2645/2571 2518/2644/2570
f 2499/2625/2551 2500/2626/2552 2520/2646/2572 2519/2645/2571
f 2500/2626/2552 2501/2627/2553 2521/2647/2573 2520/2646/2572
f 2501/2627/2553 2502/2908/2554 2522/2648/2574 2521/2647/2573
f 2502/2628/2554 2503/2629/2555 2523/2649/2575 2522/2648/2574
f 2503/2629/2555 2504/2630/2556 2524/2650/2576 2523/2649/2575
f 2504/2630/2556 2505/2631/2557 2525/2651/2577 2524/2650/2576
f 2505/2631/2557 2506/2632/2558 2526/2652/2578 2525/2651/2577
f 2506/2632/2558 2507/2633/2559 2527/2653/2579 2526/2652/2578
f 2507/2633/2559 2508/2634/2560 2528/2654/2580 2527/2653/2579
f 2508/2634/2560 2509/2635/2561 2529/2655/2581 2528/2654/2580
f 2509/2635/2561 2510/2636/2562 2530/2656/2582 2529/2655/2581
f 2510/2636/2562 2491/2618/2544 2511/2638/2564 2530/2656/2582
f 2511/2638/2564 2512/2637/2563 2532/2657/2583 2531/2658/2584
f 2512/2637/2563 2513/2907/2565 2533/2906/2585 2532/2657/2583
f 2513/2639/2565 2514/2640/2566 2534/2660/2586 2533/2659/2585
f 2514/2640/2566 2515/2641/2567 2535/2661/2587 2534/2660/2586
f 2515/2641/2567 2516/2642/2568 2536/2662/2588 2535/2661/2587
f 2516/2642/2568 2517/2643/2569 2537/2663/2589 2536/2662/2588
f 2517/2643/2569 2518/2644/2570 2538/2664/2590 2537/2663/2589
f 2518/2644/2570 2519/2645/2571 2539/2665/2591 2538/2664/2590
f 2519/2645/2571 2520/2646/2572 2540/2666/2592 2539/2665/2591
f 2520/2646/2572 2521/2647/2573 2541/2667/2593 2540/2666/2592
f 2521/2647/2573 2522/2648/2574 2542/2668/2594 2541/2667/2593
f 2522/2648/2574 2523/2649/2575 2543/2669/2595 2542/2668/2594
f 2523/2649/2575 2524/2650/2576 2544/2670/2596 2543/2669/2595
f 2524/2650/2576 2525/2651/2577 2545/2671/2597 2544/2670/2596
f 2525/2651/2577 2526/2652/2578 2546/2672/2598 2545/2671/2597
f 2526/2652/2578 2527/2653/2579 2547/2673/2599 2546/2672/2598
f 2527/2653/2579 2528/2654/2580 2548/2674/2600 2547/2673/2599
f 2528/2654/2580 2529/2655/2581 2549/2675/2601 2548/2674/2600
f 2529/2655/2581 2530/2656/2582 2550/2676/2602 2549/2675/2601
f 2530/2656/2582 2511/2638/2564 2531/2658/2584 2550/2676/2602
f 2531/2658/2584 2532/2657/2583 2552/2677/2603 2551/2678/2604
f 2532/2657/2583 2533/2906/2585 2553/2905/2605 2552/2677/2603
f 2533/2659/2585 2534/2660/2586 2554/2680/2606 2553/2679/2605
f 2534/2660/2586 2535/2661/2587 2555/2681/2607 2554/2680/2606
f 2535/2661/2587 2536/2662/2588 2556/2682/2608 2555/2681/2607
f 2536/2662/2588 2537/2663/2589 2557/2683/2609 2556/2682/2608
f 2537/2663/2589 2538/2664/2590 2558/2684/2610 2557/2683/2609
f 2538/2664/2590 2539/2665/2591 2559/2685/2611 2558/2684/2610
f 2539/2665/2591 2540/2666/2592 2560/2686/2612 2559/2685/2611
f 2540/2666/2592 2541/2667/2593 2561/2687/2613 2560/2686/2612
f 2541/2667/2593 2542/2668/2594 2562/2688/2614 2561/2687/2613
f 2542/2668/2594 2543/2669/2595 2563/2689/2615 2562/2688/2614
f 2543/2669/2595 2544/2670/2596 2564/2690/2616 2563/2689/2615
f 2544/2670/2596 2545/2671/2597 2565/2691/2617 2564/2690/2616
f 2545/2671/2597 2546/2672/2598 2566/2692/2618 2565/2691/2617
f 2546/2672/2598 2547/2673/2599 2567/2693/2619 2566/2692/2618
f 2547/2673/2599 2548/2674/2600 2568/2694/2620 2567/2693/2619
f 2548/2674/2600 2549/2675/2601 2569/2695/2621 2568/2694/2620
f 2549/2675/2601 2550/2676/2602 2570/2696/2622 2569/2695/2621
f 2550/2676/2602 2531/2658/2584 2551/2678/2604 2570/2696/2622
f 2551/2678/2604 2552/2677/2603 2572/2697/2623 2571/2698/2624
f 2552/2677/2603 2553/2905/2605 2573/2904/2625 2572/2697/2623
f 2553/2679/2605 2554/2680/2606 2574/2700/2626 2573/2699/2625
f 2554/2680/2606 2555/2681/2607 2575/2701/2627 2574/2700/2626
f 2555/2681/2607 2556/2682/2608 2576/2702/2628 2575/2701/2627
f 2556/2682/2608 2557/2683/2609 2577/2703/2629 2576/2702/2628
f 2557/2683/2609 2558/2684/2610 2578/2704/2630 2577/2703/2629
f 2558/2684/2610 2559/2685/2611 2579/2705/2631 2578/2704/2630
f 2559/2685/2611 2560/2686/2612 2580/2706/2632 2579/2705/2631
f 2560/2686/2612 2561/2687/2613 2581/2707/2633 2580/2706/2632
f 2561/2687/2613 2562/2688/2614 2582/2708/2634 2581/2707/2633
f 2562/2688/2614 2563/2689/2615 2583/2709/2635 2582/2708/2634
f 2563/2689/2615 2564/2690/2616 2584/2710/2636 2583/2709/2635
f 2564/2690/2616 2565/2691/2617 2585/2711/2637 2584/2710/2636
f 2565/2691/2617 2566/2692/2618 2586/2712/2638 2585/2711/2637
f 2566/2692/2618 2567/2693/2619 2587/2713/2639 2586/2712/2638
f 2567/2693/2619 2568/2694/2620 2588/2714/2640 2587/2713/2639
f 2568/2694/2620 2569/2695/2621 2589/2715/2641 2588/2714/2640
f 2569/2695/2621 2570/2696/2622 2590/2716/2642 2589/2715/2641
f 2570/2696/2622 2551/2678/2604 2571/2698/2624 2590/2716/2642
f 2571/2698/2624 2572/2697/2623 2592/2717/2643 2591/2718/2644
f 2572/2697/2623 2573/2904/2625 2593/2903/2645 2592/2717/2643
f 2573/2699/2625 2574/2700/2626 2594/2720/2646 2593/2719/2645
f 2574/2700/2626 2575/2701/2627 2595/2721/2647 2594/2720/2646
f 2575/2701/2627 2576/2702/2628 2596/2722/2648 2595/2721/2647
f 2576/2702/2628 2577/2703/2629 2597/2723/2649 2596/2722/2648
f 2577/2703/2629 2578/2704/2630 2598/2724/2650 2597/2723/2649
f 2578/2704/2630 2579/2705/2631 2599/2725/2651 2598/2724/2650
f 2579/2705/2631 2580/2706/2632 2600/2726/2652 2599/2725/2651
f 2580/2706/2632 2581/2707/2633 2601/2727/2653 2600/2726/2652
f 2581/2707/2633 2582/2708/2634 2602/2728/2654 2601/2727/2653
f 2582/2708/2634 2583/2709/2635 2603/2729/2655 2602/2728/2654
f 2583/2709/2635 2584/2710/2636 2604/2730/2656 2603/2729/2655
f 2584/2710/2636 2585/2711/2637 2605/2731/2657 2604/2730/2656
f 2585/2711/2637 2586/2712/2638 2606/2732/2658 2605/2731/2657
f 2586/2712/2638 2587/2713/2639 2607/2733/2659 2606/2732/2658
f 2587/2713/2639 2588/2714/2640 2608/2734/2660 2607/2733/2659
f 2588/2714/2640 2589/2715/2641 2609/2735/2661 2608/2734/2660
f 2589/2715/2641 2590/2716/2642 2610/2736/2662 2609/2735/2661
f 2590/2716/2642 2571/2698/2624 2591/2718/2644 2610/2736/2662
f 2591/2718/2644 2592/2717/2643 2612/2737/2663 2611/2738/2664
f 2592/2717/2643 2593/2903/2645 2613/2902/2665 2612/2737/2663
f 2593/2719/2645 2594/2720/2646 2614/2740/2666 2613/2739/2665
f 2594/2720/2646 2595/2721/2647 2615/2741/2667 2614/2740/2666
f 2595/2721/2647 2596/2722/2648 2616/2742/2668 2615/2741/2667
f 2596/2722/2648 2597/2723/2649 2617/2743/2669 2616/2742/2668
f 2597/2723/2649 2598/2724/2650 2618/2744/2670 2617/2743/2669
f 2598/2724/2650 2599/2725/2651 2619/2745/2671 2618/2744/2670
f 2599/2725/2651 2600/2726/2652 2620/2746/2672 2619/2745/2671
f 2600/2726/2652 2601/2727/2653 2621/2747/2673 2620/2746/2672
f 2601/2727/2653 2602/2728/2654 2622/2748/2674 2621/2747/2673
f 2602/2728/2654 2603/2729/2655 2623/2749/2675 2622/2748/2674
f 2603/2729/2655 2604/2730/2656 2624/2750/2676 2623/2749/2675
f 2604/2730/2656 2605/2731/2657 2625/2751/2677 2624/2750/2676
f 2605/2731/2657 2606/2732/2658 2626/2752/2678 2625/2751/2677
f 2606/2732/2658 2607/2733/2659 2627/2753/2679 2626/2752/2678
f 2607/2733/2659 2608/2734/2660 2628/2754/2680 2627/2753/2679
f 2608/2734/2660 2609/2735/2661 2629/2755/2681 2628/2754/2680
f 2609/2735/2661 2610/2736/2662 2630/2756/2682 2629/2755/2681
f 2610/2736/2662 2591/2718/2644 2611/2738/2664 2630/2756/2682
f 2611/2738/2664 2612/2737/2663 2632/2757/2683 2631/2758/2684
f 2612/2737/2663 2613/2902/2665 2633/2759/2685 2632/2757/2683
f 2613/2739/2665 2614/2740/2666 2634/2760/2686 2633/2759/2685
f 2614/2740/2666 2615/2741/2667 2635/2761/2687 2634/2760/2686
f 2615/2741/2667 2616/2742/2668 2636/2762/2688 2635/2761/2687
f 2616/2742/2668 2617/2743/2669 2637/2763/2689 2636/2762/2688
f 2617/2743/2669 2618/2744/2670 2638/2764/2690 2637/2763/2689
f 2618/2744/2670 2619/2745/2671 2639/2765/2691 2638/2764/2690
f 2619/2745/2671 2620/2746/2672 2640/2766/2692 2639/2765/2691
f 2620/2746/2672 2621/2747/2673 2641/2767/2693 2640/2766/2692
f 2621/2747/2673 2622/2748/2674 2642/2768/2694 2641/2767/2693
f 2622/2748/2674 2623/2749/2675 2643/2769/2695 2642/2768/2694
f 2623/2749/2675 2624/2750/2676 2644/2770/2696 2643/2769/2695
f 2624/2750/2676 2625/2751/2677 2645/2771/2697 2644/2770/2696
f 2625/2751/2677 2626/2752/2678 2646/2772/2698 2645/2771/2697
f 2626/2752/2678 2627/2753/2679 2647/2773/2699 2646/2772/2698
f 2627/2753/2679 2628/2754/2680 2648/2774/2700 2647/2773/2699
f 2628/2754/2680 2629/2755/2681 2649/2775/2701 2648/2774/2700
f 2629/2755/2681 2630/2756/2682 2650/2776/2702 2649/2775/2701
f 2630/2756/2682 2611/2738/2664 2631/2758/2684 2650/2776/2702
f 2631/2758/2684 2632/2757/2683 2652/2777/2703 2651/2778/2704
f 2632/2757/2683 2633/2759/2685 2653/2779/2705 2652/2777/2703
f 2633/2759/2685 2634/2760/2686 2654/2780/2706 2653/2779/2705
f 2634/2760/2686 2635/2761/2687 2655/2781/2707 2654/2780/2706
f 2635/2761/2687 2636/2762/2688 2656/2782/2708 2655/2781/2707
f 2636/2762/2688 2637/2763/2689 2657/2783/2709 2656/2782/2708
f 2637/2763/2689 2638/2764/2690 2658/2784/2710 2657/2783/2709
f 2638/2764/2690 2639/2765/2691 2659/2785/2711 2658/2784/2710
f 2639/2765/2691 2640/2766/2692 2660/2786/2712 2659/2785/2711
f 2640/2766/2692 2641/2767/2693 2661/2787/2713 2660/2786/2712
f 2641/2767/2693 2642/2768/2694 2662/2788/2714 2661/2787/2713
f 2642/2768/2694 2643/2769/2695 2663/2789/2715 2662/2788/2714
f 2643/2769/2695 2644/2770/2696 2664/2790/2716 2663/2789/2715
f 2644/2770/2696 2645/2771/2697 2665/2791/2717 2664/2790/2716
f 2645/2771/2697 2646/2772/2698 2666/2792/2718 2665/2791/2717
f 2646/2772/2698 2647/2773/2699 2667/2793/2719 2666/2792/2718
f 2647/2773/2699 2648/2774/2700 2668/2794/2720 2667/2793/2719
f 2648/2774/2700 2649/2775/2701 2669/2795/2721 2668/2794/2720
f 2649/2775/2701 2650/2776/2702 2670/2796/2722 2669/2795/2721
f 2650/2776/2702 2631/2758/2684 2651/2778/2704 2670/2796/2722
f 2651/2778/2704 2652/2777/2703 2672/2797/2723 2671/2798/2724
f 2652/2777/2703 2653/2779/2705 2673/2799/2725 2672/2797/2723
f 2653/2779/2705 2654/2780/2706 2674/2800/2726 2673/2799/2725
f 2654/2780/2706 2655/2781/2707 2675/2801/2727 2674/2800/2726
f 2655/2781/2707 2656/2782/2708 2676/2802/2728 2675/2801/2727
f 2656/2782/2708 2657/2783/2709 2677/2803/2729 2676/2802/2728
f 2657/2783/2709 2658/2784/2710 2678/2804/2730 2677/2803/2729
f 2658/2784/2710 2659/2785/2711 2679/2805/2731 2678/2804/2730
f 2659/2785/2711 2660/2786/2712 2680/2806/2732 2679/2805/2731
f 2660/2786/2712 2661/2787/2713 2681/2807/2733 2680/2806/2732
f 2661/2787/2713 2662/2788/2714 2682/2808/2734 2681/2807/2733
f 2662/2788/2714 2663/2789/2715 2683/2809/2735 2682/2808/2734
f 2663/2789/2715 2664/2790/2716 2684/2810/2736 2683/2809/2735
f 2664/2790/2716 2665/2791/2717 2685/2811/2737 2684/2810/2736
f 2665/2791/2717 2666/2792/2718 2686/2812/2738 2685/2811/2737
f 2666/2792/2718 2667/2793/2719 2687/2813/2739 2686/2812/2738
f 2667/2793/2719 2668/2794/2720 2688/2814/2740 2687/2813/2739
f 2668/2794/2720 2669/2795/2721 2689/2815/2741 2688/2814/2740
f 2669/2795/2721 2670/2796/2722 2690/2816/2742 2689/2815/2741
f 2670/2796/2722 2651/2778/2704 2671/2798/2724 2690/2816/2742
f 2671/2798/2724 2672/2797/2723 2692/2817/2743 2691/2818/2744
f 2672/2797/2723 2673/2799/2725 2693/2819/2745 2692/2817/2743
f 2673/2799/2725 2674/2800/2726 2694/2820/2746 2693/2819/2745
f 2674/2800/2726 2675/2801/2727 2695/2821/2747 2694/2820/2746
f 2675/2801/2727 2676/2802/2728 2696/2822/2748 2695/2821/2747
f 2676/2802/2728 2677/2803/2729 2697/2823/2749 2696/2822/2748
f 2677/2803/2729 2678/2804/2730 2698/2824/2750 2697/2823/2749
f 2678/2804/2730 2679/2805/2731 2699/2825/2751 2698/2824/2750
f 2679/2805/2731 2680/2806/2732 2700/2826/2752 2699/2825/2751
f 2680/2806/2732 2681/2807/2733 2701/2827/2753 2700/2826/2752
f 2681/2807/2733 2682/2808/2734 2702/2828/2754 2701/2827/2753
f 2682/2808/2734 2683/2809/2735 2703/2829/2755 2702/2828/2754
f 2683/2809/2735 2684/2810/2736 2704/2830/2756 2703/2829/2755
f 2684/2810/2736 2685/2811/2737 2705/2831/2757 2704/2830/2756
f 2685/2811/2737 2686/2812/2738 2706/2832/2758 2705/2831/2757
f 2686/2812/2738 2687/2813/2739 2707/2833/2759 2706/2832/2758
f 2687/2813/2739 2688/2814/2740 2708/2834/2760 2707/2833/2759
f 2688/2814/2740 2689/2815/2741 2709/2835/2761 2708/2834/2760
f 2689/2815/2741 2690/2816/2742 2710/2836/2762 2709/2835/2761
f 2690/2816/2742 2671/2798/2724 2691/2818/2744 2710/2836/2762
f 2691/2818/2744 2692/2817/2743 2712/2837/2763 2711/2838/2764
f 2692/2817/2743 2693/2819/2745 2713/2839/2765 2712/2837/2763
f 2693/2819/2745 2694/2820/2746 2714/2840/2766 2713/2839/2765
f 2694/2820/2746 2695/2821/2747 2715/2841/2767 2714/2840/2766
f 2695/2821/2747 2696/2822/2748 2716/2842/2768 2715/2841/2767
f 2696/2822/2748 2697/2823/2749 2717/2843/2769 2716/2842/2768
f 2697/2823/2749 2698/2824/2750 2718/2844/2770 2717/2843/2769
f 2698/2824/2750 2699/2825/2751 2719/2845/2771 2718/2844/2770
f 2699/2825/2751 2700/2826/2752 2720/2846/2772 2719/2845/2771
f 2700/2826/2752 2701/2827/2753 2721/2847/2773 2720/2846/2772
f 2701/2827/2753 2702/2828/2754 2722/2848/2774 2721/2847/2773
f 2702/2828/2754 2703/2829/2755 2723/2849/2775 2722/2848/2774
f 2703/2829/2755 2704/2830/2756 2724/2850/2776 2723/2849/2775
f 2704/2830/2756 2705/2831/2757 2725/2851/2777 2724/2850/2776
f 2705/2831/2757 2706/2832/2758 2726/2852/2778 2725/2851/2777
f 2706/2832/2758 2707/2833/2759 2727/2853/2779 2726/2852/2778
f 2707/2833/2759 2708/2834/2760 2728/2854/2780 2727/2853/2779
f 2708/2834/2760 2709/2835/2761 2729/2855/2781 2728/2854/2780
f 2709/2835/2761 2710/2836/2762 2730/2856/2782 2729/2855/2781
f 2710/2836/2762 2691/2818/2744 2711/2838/2764 2730/2856/2782
f 2711/2838/2764 2712/2837/2763 2732/2857/2783 2731/2858/2784
f 2712/2837/2763 2713/2839/2765 2733/2859/2785 2732/2857/2783
f 2713/2839/2765 2714/2840/2766 2734/2860/2786 2733/2859/2785
f 2714/2840/2766 2715/2841/2767 2735/2861/2787 2734/2860/2786
f 2715/2841/2767 2716/2842/2768 2736/2862/2788 2735/2861/2787
f 2716/2842/2768 2717/2843/2769 2737/2863/2789 2736/2862/2788
f 2717/2843/2769 2718/2844/2770 2738/2864/2790 2737/2863/2789
f 2718/2844/2770 2719/2845/2771 2739/2865/2791 2738/2864/2790
f 2719/2845/2771 2720/2846/2772 2740/2866/2792 2739/2865/2791
f 2720/2846/2772 2721/2847/2773 2741/2867/2793 2740/2866/2792
f 2721/2847/2773 2722/2848/2774 2742/2868/2794 2741/2867/2793
f 2722/2848/2774 2723/2849/2775 2743/2869/2795 2742/2868/2794
f 2723/2849/2775 2724/2850/2776 2744/2870/2796 2743/2869/2795
f 2724/2850/2776 2725/2851/2777 2745/2871/2797 2744/2870/2796
f 2725/2851/2777 2726/2852/2778 2746/2872/2798 2745/2871/2797
f 2726/2852/2778 2727/2853/2779 2747/2873/2799 2746/2872/2798
f 2727/2853/2779 2728/2854/2780 2748/2874/2800 2747/2873/2799
f 2728/2854/2780 2729/2855/2781 2749/2875/2801 2748/2874/2800
f 2729/2855/2781 2730/2856/2782 2750/2876/2802 2749/2875/2801
f 2730/2856/2782 2711/2838/2764 2731/2858/2784 2750/2876/2802
f 2731/2858/2784 2732/2857/2783 2752/2877/2803 2751/2878/2804
f 2732/2857/2783 2733/2859/2785 2753/2879/2805 2752/2877/2803
f 2733/2859/2785 2734/2860/2786 2754/2880/2806 2753/2879/2805
f 2734/2860/2786 2735/2861/2787 2755/2881/2807 2754/2880/2806
f 2735/2861/2787 2736/2862/2788 2756/2882/2808 2755/2881/2807
f 2736/2862/2788 2737/2863/2789 2757/2883/2809 2756/2882/2808
f 2737/2863/2789 2738/2864/2790 2758/2884/2810 2757/2883/2809
f 2738/2864/2790 2739/2865/2791 2759/2885/2811 2758/2884/2810
f 2739/2865/2791 2740/2866/2792 2760/2886/2812 2759/2885/2811
f 2740/2866/2792 2741/2867/2793 2761/2887/2813 2760/2886/2812
f 2741/2867/2793 2742/2868/2794 2762/2888/2814 2761/2887/2813
f 2742/2868/2794 2743/2869/2795 2763/2889/2815 2762/2888/2814
f 2743/2869/2795 2744/2870/2796 2764/2890/2816 2763/2889/2815
f 2744/2870/2796 2745/2871/2797 2765/2891/2817 2764/2890/2816
f 2745/2871/2797 2746/2872/2798 2766/2892/2818 2765/2891/2817
f 2746/2872/2798 2747/2873/2799 2767/2893/2819 2766/2892/2818
f 2747/2873/2799 2748/2874/2800 2768/2894/2820 2767/2893/2819
f 2748/2874/2800 2749/2875/2801 2769/2895/2821 2768/2894/2820
f 2749/2875/2801 2750/2876/2802 2770/2896/2822 2769/2895/2821
f 2750/2876/2802 2731/2858/2784 2751/2878/2804 2770/2896/2822
f 2392/2518/2444 2391/2517/2443 2771/2897/2823
f 2393/2521/2447 2392/2518/2444 2771/2897/2823
f 2394/2523/2449 2393/2901/2447 2771/2899/2823
f 2395/2525/2451 2394/2523/2449 2771/2899/2823
f 2396/2527/2453 2395/2525/2451 2771/2899/2823
f 2397/2529/2455 2396/2527/2453 2771/2899/2823
f 2398/2531/2457 2397/2529/2455 2771/2899/2823
f 2399/2533/2459 2398/2531/2457 2771/2899/2823
f 2400/2535/2461 2399/2533/2459 2771/2899/2823
f 2401/2537/2463 2400/2535/2461 2771/2899/2823
f 2402/2539/2465 2401/2537/2463 2771/2899/2823
f 2403/2541/2467 2402/2900/2465 2771/2897/2823
f 2404/2543/2469 2403/2541/2467 2771/2897/2823
f 2405/2545/2471 2404/2543/2469 2771/2897/2823
f 2406/2547/2473 2405/2545/2471 2771/2897/2823
f 2407/2549/2475 2406/2547/2473 2771/2897/2823
f 2408/2551/2477 2407/2549/2475 2771/2897/2823
f 2409/2553/2479 2408/2551/2477 2771/2897/2823
f 2410/2555/2481 2409/2553/2479 2771/2897/2823
f 2391/2517/2443 2410/2555/2481 2771/2897/2823
f 2751/2878/2804 2752/2877/2803 2772/2898/2824
f 2752/2877/2803 2753/2879/2805 2772/2898/2824
f 2753/2879/2805 2754/2880/2806 2772/2898/2824
f 2754/2880/2806 2755/2881/2807 2772/2898/2824
f 2755/2881/2807 2756/2882/2808 2772/2898/2824
f 2756/2882/2808 2757/2883/2809 2772/2898/2824
f 2757/2883/2809 2758/2884/2810 2772/2898/2824
f 2758/2884/2810 2759/2885/2811 2772/2898/2824
f 2759/2885/2811 2760/2886/2812 2772/2898/2824
f 2760/2886/2812 2761/2887/2813 2772/2898/2824
f 2761/2887/2813 2762/2888/2814 2772/2898/2824
f 2762/2888/2814 2763/2889/2815 2772/2898/2824
f 2763/2889/2815 2764/2890/2816 2772/2898/2824
f 2764/2890/2816 2765/2891/2817 2772/2898/2824
f 2765/2891/2817 2766/2892/2818 2772/2898/2824
f 2766/2892/2818 2767/2893/2819 2772/2898/2824
f 2767/2893/2819 2768/2894/2820 2772/2898/2824
f 2768/2894/2820 2769/2895/2821 2772/2898/2824
f 2769/2895/2821 2770/2896/2822 2772/2898/2824
f 2770/2896/2822 2751/2878/2804 2772/2898/2824
g default
v -0.355567 1.480881 0.703450
v -0.347530 1.491882 0.703450
v -0.335013 1.500062 0.703450
v -0.319241 1.505250 0.703450
v -0.301757 1.507710 0.703450
v -0.284273 1.506894 0.703450
v -0.268500 1.502327 0.703450
v -0.255983 1.494370 0.703450
v -0.247947 1.483763 0.703450
v -0.245177 1.472009 0.703450
v -0.247947 1.461189 0.703450
v -0.255983 1.451975 0.703450
v -0.268500 1.444359 0.703450
v -0.284273 1.436768 0.703450
v -0.301757 1.433524 0.703450
v -0.319241 1.435080 0.703450
v -0.335013 1.441112 0.703450
v -0.347530 1.447444 0.703450
v -0.355567 1.456786 0.703450
v -0.358336 1.468481 0.703450
v -0.408052 1.504657 0.690201
v -0.392177 1.526175 0.690201
v -0.367450 1.539030 0.690201
v -0.336294 1.544833 0.690201
v -0.301757 1.546756 0.690201
v -0.267219 1.544754 0.690201
v -0.236063 1.534799 0.690201
v -0.211337 1.518407 0.690201
v -0.195462 1.497144 0.690201
v -0.189992 1.474914 0.690201
v -0.195462 1.455598 0.690201
v -0.211337 1.439604 0.690201
v -0.236063 1.424275 0.690201
v -0.267219 1.413678 0.690201
v -0.301757 1.407170 0.690201
v -0.336294 1.410912 0.690201
v -0.367450 1.419819 0.690201
v -0.392176 1.437545 0.690201
v -0.408052 1.459646 0.690201
v -0.413522 1.480192 0.690201
v -0.457919 1.534681 0.668482
v -0.434596 1.562612 0.668482
v -0.398270 1.580037 0.668482
v -0.352497 1.584122 0.668482
v -0.301757 1.584205 0.668482
v -0.251016 1.580437 0.668482
v -0.205243 1.565433 0.668482
v -0.168917 1.540198 0.668482
v -0.145594 1.512823 0.668482
v -0.137558 1.484860 0.668482
v -0.145594 1.454281 0.668482
v -0.168917 1.428388 0.668482
v -0.205243 1.409825 0.668482
v -0.251016 1.394395 0.668482
v -0.301757 1.384927 0.668482
v -0.352497 1.390216 0.668482
v -0.398270 1.405900 0.668482
v -0.434596 1.435109 0.668482
v -0.457919 1.469089 0.668482
v -0.465956 1.505193 0.668482
v -0.503942 1.563128 0.638828
v -0.473746 1.597164 0.638828
v -0.426714 1.615524 0.638828
v -0.367451 1.624953 0.638828
v -0.301757 1.618359 0.638828
v -0.236063 1.611672 0.638828
v -0.176799 1.592629 0.638828
v -0.129768 1.567703 0.638828
v -0.099572 1.534473 0.638828
v -0.089167 1.499279 0.638828
v -0.099572 1.460324 0.638828
v -0.129768 1.421780 0.638828
v -0.176799 1.392455 0.638828
v -0.236063 1.371582 0.638828
v -0.301757 1.360695 0.638828
v -0.367450 1.366274 0.638828
v -0.426714 1.390169 0.638828
v -0.473745 1.431374 0.638828
v -0.503942 1.481697 0.638828
v -0.514346 1.527069 0.638828
v -0.544986 1.590003 0.601969
v -0.508660 1.626584 0.601969
v -0.452080 1.654161 0.601969
v -0.380786 1.665773 0.601969
v -0.301757 1.653084 0.601969
v -0.222727 1.645876 0.601969
v -0.151433 1.624079 0.601969
v -0.094854 1.597685 0.601969
v -0.058528 1.560947 0.601969
v -0.046011 1.512208 0.601969
v -0.058528 1.460067 0.601969
v -0.094854 1.410847 0.601969
v -0.151433 1.371542 0.601969
v -0.222727 1.345000 0.601969
v -0.301757 1.333294 0.601969
v -0.380786 1.338709 0.601969
v -0.452080 1.365691 0.601969
v -0.508659 1.416414 0.601969
v -0.544985 1.481517 0.601969
v -0.557503 1.540864 0.601969
v -0.580040 1.607112 0.558813
v -0.538479 1.656974 0.558813
v -0.473745 1.692128 0.558813
v -0.392176 1.702693 0.558813
v -0.301757 1.691548 0.558813
v -0.211337 1.685740 0.558813
v -0.129768 1.661933 0.558813
v -0.065034 1.627746 0.558813
v -0.023473 1.577994 0.558813
v -0.009152 1.515274 0.558813
v -0.023473 1.452461 0.558813
v -0.065034 1.395796 0.558813
v -0.129768 1.350826 0.558813
v -0.211337 1.321954 0.558813
v -0.301757 1.308357 0.558813
v -0.392176 1.314316 0.558813
v -0.473745 1.343163 0.558813
v -0.538479 1.396463 0.558813
v -0.580040 1.471931 0.558813
v -0.594361 1.544464 0.558813
v -0.608243 1.613644 0.510422
v -0.562470 1.676052 0.510422
v -0.491176 1.723192 0.510422
v -0.401340 1.734611 0.510422
v -0.301757 1.726730 0.510422
v -0.202173 1.720285 0.510422
v -0.112338 1.693563 0.510422
v -0.041044 1.646861 0.510422
v 0.004730 1.584454 0.510422
v 0.020502 1.515274 0.510422
v 0.004730 1.446095 0.510422
v -0.041044 1.383688 0.510422
v -0.112338 1.334161 0.510422
v -0.202173 1.302362 0.510422
v -0.301757 1.287166 0.510422
v -0.401340 1.294699 0.510422
v -0.491175 1.326571 0.510422
v -0.562469 1.391796 0.510422
v -0.608243 1.467625 0.510422
v -0.624015 1.544464 0.510422
v -0.628899 1.618306 0.457988
v -0.580040 1.684920 0.457988
v -0.503942 1.737785 0.457988
v -0.408052 1.750868 0.457988
v -0.301757 1.746568 0.457988
v -0.195462 1.737767 0.457988
v -0.099572 1.707060 0.457988
v -0.023473 1.655730 0.457988
v 0.025386 1.589116 0.457988
v 0.042221 1.515274 0.457988
v 0.025386 1.441433 0.457988
v -0.023473 1.374819 0.457988
v -0.099572 1.321954 0.457988
v -0.195462 1.288013 0.457988
v -0.301757 1.271651 0.457988
v -0.408052 1.280349 0.457988
v -0.503942 1.314850 0.457988
v -0.580040 1.389020 0.457988
v -0.628899 1.470623 0.457988
v -0.645734 1.544464 0.457988
v -0.641499 1.621150 0.402802
v -0.590759 1.690330 0.402802
v -0.511729 1.745231 0.402802
v -0.412146 1.758429 0.402802
v -0.301757 1.755772 0.402802
v -0.191368 1.744588 0.402802
v -0.091784 1.712054 0.402802
v -0.012754 1.661140 0.402802
v 0.037986 1.591960 0.402802
v 0.055470 1.515274 0.402802
v 0.037986 1.438588 0.402802
v -0.012754 1.369409 0.402802
v -0.091784 1.314508 0.402802
v -0.191368 1.279260 0.402802
v -0.301757 1.262191 0.402802
v -0.412146 1.271596 0.402802
v -0.511729 1.307036 0.402802
v -0.590759 1.382641 0.402802
v -0.641499 1.467778 0.402802
v -0.658983 1.544464 0.402802
v -0.645734 1.622106 0.346223
v -0.594362 1.692148 0.346223
v -0.514347 1.747733 0.346223
v -0.413522 1.760974 0.346223
v -0.301757 1.758865 0.346223
v -0.189991 1.746568 0.346223
v -0.089167 1.714480 0.346223
v -0.009152 1.662958 0.346223
v 0.042221 1.592916 0.346223
v 0.059923 1.515274 0.346223
v 0.042221 1.437633 0.346223
v -0.009152 1.367591 0.346223
v -0.089167 1.312005 0.346223
v -0.189992 1.276318 0.346223
v -0.301757 1.259013 0.346223
v -0.413522 1.268654 0.346223
v -0.514346 1.304416 0.346223
v -0.594361 1.380495 0.346223
v -0.645734 1.466823 0.346223
v -0.663436 1.544464 0.346223
v -0.641499 1.621150 0.289644
v -0.590759 1.690330 0.289644
v -0.511729 1.745231 0.289644
v -0.412146 1.758430 0.289644
v -0.301757 1.755772 0.289644
v -0.191368 1.743626 0.289644
v -0.091784 1.712055 0.289644
v -0.012754 1.661140 0.289644
v 0.037986 1.591960 0.289644
v 0.055470 1.515274 0.289644
v 0.037986 1.438589 0.289644
v -0.012754 1.369409 0.289644
v -0.091784 1.314508 0.289644
v -0.191368 1.279260 0.289644
v -0.301757 1.262191 0.289644
v -0.412146 1.271596 0.289644
v -0.511729 1.307036 0.289644
v -0.590759 1.382641 0.289644
v -0.641499 1.467779 0.289644
v -0.658983 1.544465 0.289644
v -0.628899 1.618306 0.234458
v -0.580040 1.684920 0.234458
v -0.503942 1.737785 0.234458
v -0.408052 1.750869 0.234458
v -0.301757 1.746568 0.234458
v -0.195462 1.734064 0.234458
v -0.099572 1.701466 0.234458
v -0.023473 1.652613 0.234458
v 0.025386 1.587957 0.234458
v 0.042221 1.515274 0.234458
v 0.025386 1.441433 0.234458
v -0.023473 1.374819 0.234458
v -0.099572 1.321954 0.234458
v -0.195462 1.286447 0.234458
v -0.301757 1.270662 0.234458
v -0.408052 1.280350 0.234458
v -0.503942 1.315052 0.234458
v -0.580040 1.389020 0.234458
v -0.628899 1.470623 0.234458
v -0.645734 1.544465 0.234458
v -0.608243 1.613644 0.182024
v -0.562470 1.676052 0.182024
v -0.491176 1.725579 0.182024
v -0.401340 1.738376 0.182024
v -0.301757 1.726997 0.182024
v -0.202173 1.709708 0.182024
v -0.112338 1.672550 0.182024
v -0.041044 1.628434 0.182024
v 0.004730 1.569769 0.182024
v 0.020502 1.507009 0.182024
v 0.004730 1.444811 0.182024
v -0.041044 1.381846 0.182024
v -0.112338 1.331988 0.182024
v -0.202173 1.298436 0.182024
v -0.301757 1.284312 0.182024
v -0.401340 1.294699 0.182024
v -0.491175 1.329073 0.182024
v -0.562469 1.399454 0.182024
v -0.608243 1.475285 0.182024
v -0.624015 1.544464 0.182024
v -0.580040 1.607278 0.133633
v -0.538479 1.663943 0.133633
v -0.473745 1.708864 0.133633
v -0.392176 1.714333 0.133633
v -0.301757 1.691814 0.133633
v -0.211337 1.677691 0.133633
v -0.129768 1.638724 0.133633
v -0.065034 1.598428 0.133633
v -0.023473 1.544609 0.133633
v -0.009152 1.491298 0.133633
v -0.023473 1.437629 0.133633
v -0.065034 1.379683 0.133633
v -0.129768 1.335907 0.133633
v -0.211337 1.314433 0.133633
v -0.301757 1.304467 0.133633
v -0.392176 1.314291 0.133633
v -0.473745 1.349256 0.133633
v -0.538479 1.413637 0.133633
v -0.580040 1.481651 0.133633
v -0.594361 1.544464 0.133633
v -0.544986 1.599366 0.090477
v -0.508660 1.648115 0.090477
v -0.452080 1.680597 0.090477
v -0.380786 1.680598 0.090477
v -0.301757 1.652318 0.090477
v -0.222727 1.641038 0.090477
v -0.151433 1.611606 0.090477
v -0.094854 1.575725 0.090477
v -0.058528 1.528052 0.090477
v -0.046011 1.481838 0.090477
v -0.058528 1.426831 0.090477
v -0.094854 1.376689 0.090477
v -0.151433 1.342691 0.090477
v -0.222727 1.325699 0.090477
v -0.301757 1.322310 0.090477
v -0.380786 1.331796 0.090477
v -0.452080 1.372634 0.090477
v -0.508659 1.431122 0.090477
v -0.544985 1.489563 0.090477
v -0.557503 1.544464 0.090477
v -0.503942 1.587612 0.053618
v -0.473746 1.620701 0.053618
v -0.426714 1.633904 0.053618
v -0.367451 1.632637 0.053618
v -0.301757 1.615882 0.053618
v -0.236063 1.606185 0.053618
v -0.176799 1.587968 0.053618
v -0.129768 1.558640 0.053618
v -0.099572 1.518788 0.053618
v -0.089167 1.473151 0.053618
v -0.099572 1.427514 0.053618
v -0.129768 1.386345 0.053618
v -0.176799 1.358900 0.053618
v -0.236063 1.340231 0.053618
v -0.301757 1.336837 0.053618
v -0.367450 1.345582 0.053618
v -0.426714 1.386686 0.053618
v -0.473745 1.445506 0.053618
v -0.503942 1.496563 0.053618
v -0.514346 1.543782 0.053618
v -0.457919 1.559510 0.023965
v -0.434596 1.580455 0.023964
v -0.398270 1.585953 0.023965
v -0.352497 1.583254 0.023964
v -0.301757 1.580607 0.023965
v -0.251016 1.574206 0.023964
v -0.205243 1.560018 0.023965
v -0.168917 1.537344 0.023964
v -0.145594 1.506849 0.023964
v -0.137558 1.471547 0.023964
v -0.145594 1.436352 0.023965
v -0.168917 1.404695 0.023965
v -0.205243 1.377836 0.023964
v -0.251016 1.364190 0.023964
v -0.301757 1.356703 0.023964
v -0.352497 1.363444 0.023964
v -0.398270 1.395668 0.023964
v -0.434596 1.442177 0.023964
v -0.457919 1.484914 0.023964
v -0.465956 1.523441 0.023965
v -0.408052 1.514211 0.002246
v -0.392177 1.535420 0.002246
v -0.367450 1.541636 0.002246
v -0.336294 1.543395 0.002246
v -0.301757 1.543290 0.002246
v -0.267219 1.539383 0.002246
v -0.236063 1.529160 0.002246
v -0.211337 1.513157 0.002246
v -0.195462 1.492230 0.002246
v -0.189992 1.468100 0.002246
v -0.195462 1.444651 0.002246
v -0.211337 1.422980 0.002246
v -0.236063 1.404852 0.002246
v -0.267219 1.392486 0.002246
v -0.301757 1.387879 0.002246
v -0.336294 1.391905 0.002246
v -0.367450 1.410231 0.002246
v -0.392176 1.435635 0.002246
v -0.408052 1.462504 0.002246
v -0.413522 1.487137 0.002246
v -0.355567 1.480462 -0.011003
v -0.347530 1.491202 -0.011003
v -0.335013 1.498877 -0.011003
v -0.319241 1.503305 -0.011003
v -0.301757 1.504792 -0.011003
v -0.284273 1.502869 -0.011003
v -0.268500 1.497311 -0.011003
v -0.255983 1.488743 -0.011003
v -0.247947 1.477902 -0.011003
v -0.245177 1.465943 -0.011003
v -0.247947 1.453930 -0.011003
v -0.255983 1.442928 -0.011003
v -0.268500 1.434020 -0.011003
v -0.284273 1.428197 -0.011003
v -0.301757 1.426183 -0.011003
v -0.319241 1.428107 -0.011003
v -0.335013 1.433790 -0.011003
v -0.347530 1.443118 -0.011003
v -0.355567 1.454619 -0.011003
v -0.358336 1.467679 -0.011003
v -0.301757 1.468269 0.707903
v -0.301757 1.465488 -0.015456
vt 0.551786 0.742935
vt 0.549384 0.741774
vt 0.667980 0.975196
vt 0.565238 0.729845
vt 0.648909 0.973975
vt 0.663982 0.970651
vt 0.646188 0.971207
vt 0.657544 0.966656
vt 0.642665 0.968592
vt 0.649980 0.962685
vt 0.638640 0.966374
vt 0.642080 0.958962
vt 0.634368 0.964691
vt 0.633805 0.955941
vt 0.630195 0.963718
vt 0.625791 0.953788
vt 0.626458 0.963588
vt 0.618546 0.952832
vt 0.623566 0.964348
vt 0.612933 0.953351
vt 0.622010 0.965960
vt 0.609879 0.955742
vt 0.621908 0.968421
vt 0.529335 0.788081
vt 0.536525 0.770085
vt 0.534876 0.782871
vt 0.540250 0.767342
vt 0.540748 0.776063
vt 0.543770 0.763770
vt 0.546991 0.768788
vt 0.546898 0.759694
vt 0.552702 0.761022
vt 0.549563 0.755343
vt 0.558093 0.753776
vt 0.551735 0.751668
vt 0.562402 0.746526
vt 0.552929 0.748271
vt 0.565329 0.739876
vt 0.552978 0.745266
vt 0.566429 0.734814
vt 0.686142 0.969614
vt 0.580886 0.718762
vt 0.679131 0.964322
vt 0.668697 0.960528
vt 0.657142 0.956255
vt 0.645599 0.951768
vt 0.633842 0.947733
vt 0.622360 0.944349
vt 0.612813 0.941855
vt 0.605642 0.941077
vt 0.599990 0.943425
vt 0.528721 0.804809
vt 0.534780 0.795513
vt 0.542125 0.784623
vt 0.550476 0.773556
vt 0.558467 0.762440
vt 0.566216 0.752097
vt 0.573002 0.741959
vt 0.578288 0.732974
vt 0.581271 0.724880
vt 0.703264 0.960421
vt 0.598092 0.711596
vt 0.692840 0.956084
vt 0.679566 0.952314
vt 0.663986 0.949211
vt 0.649080 0.944711
vt 0.634441 0.940017
vt 0.621691 0.935167
vt 0.610478 0.931271
vt 0.601552 0.929094
vt 0.593575 0.929921
vt 0.531251 0.821567
vt 0.537675 0.808512
vt 0.545419 0.793551
vt 0.554901 0.778797
vt 0.564719 0.764873
vt 0.574528 0.751862
vt 0.583794 0.739447
vt 0.591861 0.728042
vt 0.597090 0.718933
vt 0.718114 0.948454
vt 0.615988 0.708311
vt 0.705242 0.944457
vt 0.689451 0.942172
vt 0.670856 0.940978
vt 0.653566 0.936979
vt 0.636938 0.932221
vt 0.623162 0.926726
vt 0.611292 0.921973
vt 0.599639 0.918215
vt 0.588243 0.916037
vt 0.538306 0.838086
vt 0.543578 0.820945
vt 0.550647 0.802115
vt 0.560367 0.784211
vt 0.571418 0.768191
vt 0.582850 0.753985
vt 0.594099 0.740499
vt 0.604689 0.727776
vt 0.612458 0.717460
vt 0.730236 0.932876
vt 0.632641 0.709899
vt 0.715174 0.930487
vt 0.697640 0.930735
vt 0.677741 0.931166
vt 0.659064 0.928269
vt 0.641318 0.924154
vt 0.626126 0.918957
vt 0.612310 0.913630
vt 0.597973 0.908128
vt 0.584083 0.901811
vt 0.549981 0.854346
vt 0.551547 0.831878
vt 0.556866 0.809466
vt 0.566473 0.789125
vt 0.578328 0.771576
vt 0.591009 0.756774
vt 0.603626 0.743692
vt 0.616132 0.730863
vt 0.626288 0.719872
vt 0.739097 0.916294
vt 0.647330 0.715092
vt 0.722101 0.915767
vt 0.703945 0.918363
vt 0.683640 0.920546
vt 0.664004 0.919387
vt 0.645522 0.916357
vt 0.628586 0.911812
vt 0.612968 0.906067
vt 0.598420 0.899217
vt 0.583603 0.889858
vt 0.565714 0.871686
vt 0.560394 0.840143
vt 0.563863 0.815105
vt 0.573092 0.793314
vt 0.585440 0.774904
vt 0.599087 0.759771
vt 0.613523 0.746046
vt 0.627170 0.734675
vt 0.638763 0.724807
vt 0.744737 0.898965
vt 0.660883 0.722608
vt 0.726702 0.901436
vt 0.708281 0.906218
vt 0.687870 0.910277
vt 0.667529 0.910989
vt 0.648281 0.909091
vt 0.630753 0.905006
vt 0.615107 0.899242
vt 0.601056 0.891993
vt 0.587369 0.882247
vt 0.574042 0.866759
vt 0.568623 0.843052
vt 0.571269 0.818674
vt 0.580083 0.796693
vt 0.592722 0.778180
vt 0.607015 0.763156
vt 0.622984 0.749544
vt 0.638146 0.739046
vt 0.650172 0.731205
vt 0.746574 0.880905
vt 0.673011 0.732248
vt 0.728890 0.886497
vt 0.710945 0.893708
vt 0.690919 0.899968
vt 0.670309 0.902536
vt 0.650814 0.901824
vt 0.633547 0.898409
vt 0.618271 0.892930
vt 0.605047 0.885737
vt 0.592720 0.876290
vt 0.581969 0.862441
vt 0.576989 0.842675
vt 0.579082 0.820512
vt 0.587386 0.799388
vt 0.600110 0.781460
vt 0.614669 0.767046
vt 0.631244 0.754606
vt 0.647304 0.745385
vt 0.660316 0.738989
vt 0.744581 0.862716
vt 0.683232 0.743794
vt 0.728536 0.871290
vt 0.711802 0.881070
vt 0.692920 0.889653
vt 0.672545 0.893954
vt 0.653521 0.894469
vt 0.636708 0.891882
vt 0.622063 0.886908
vt 0.609874 0.879990
vt 0.598736 0.871111
vt 0.589697 0.858454
vt 0.585349 0.841196
vt 0.587217 0.821305
vt 0.594891 0.801615
vt 0.607525 0.784827
vt 0.622026 0.771325
vt 0.638896 0.760246
vt 0.655454 0.752585
vt 0.668906 0.748092
vt 0.739672 0.844295
vt 0.691572 0.756877
vt 0.725690 0.856592
vt 0.710737 0.869068
vt 0.693037 0.879379
vt 0.674150 0.885341
vt 0.656159 0.887057
vt 0.640181 0.885391
vt 0.626303 0.881113
vt 0.614715 0.874837
vt 0.604912 0.866368
vt 0.597317 0.854759
vt 0.593692 0.839402
vt 0.595574 0.821617
vt 0.602984 0.803783
vt 0.614788 0.788367
vt 0.628844 0.776064
vt 0.645723 0.766412
vt 0.662442 0.760396
vt 0.676533 0.757651
vt 0.730537 0.825765
vt 0.697340 0.771123
vt 0.720617 0.843283
vt 0.708010 0.858409
vt 0.691986 0.869801
vt 0.674850 0.876855
vt 0.658229 0.879531
vt 0.643351 0.878726
vt 0.630628 0.875308
vt 0.619987 0.869804
vt 0.611315 0.861892
vt 0.604867 0.851267
vt 0.601937 0.837561
vt 0.603878 0.821724
vt 0.610904 0.805886
vt 0.621865 0.792049
vt 0.635190 0.781108
vt 0.651734 0.772987
vt 0.668109 0.768673
vt 0.682231 0.767960
vt 0.716721 0.805946
vt 0.700157 0.785272
vt 0.714049 0.833536
vt 0.703899 0.849820
vt 0.689663 0.860999
vt 0.674628 0.868463
vt 0.658870 0.871434
vt 0.645085 0.871349
vt 0.633515 0.868638
vt 0.624577 0.864066
vt 0.617717 0.857508
vt 0.612212 0.847852
vt 0.609939 0.835675
vt 0.611986 0.821811
vt 0.618525 0.808024
vt 0.628603 0.795889
vt 0.641063 0.786408
vt 0.656822 0.779867
vt 0.672262 0.777139
vt 0.685800 0.778310
vt 0.707882 0.810049
vt 0.698832 0.795199
vt 0.706747 0.829334
vt 0.698595 0.843043
vt 0.686073 0.852720
vt 0.673103 0.860262
vt 0.658774 0.863292
vt 0.646621 0.863914
vt 0.636001 0.861633
vt 0.628469 0.857897
vt 0.622984 0.852268
vt 0.618620 0.843685
vt 0.617301 0.833316
vt 0.619774 0.821944
vt 0.625800 0.810282
vt 0.634872 0.799878
vt 0.646485 0.791933
vt 0.660918 0.786939
vt 0.674788 0.785469
vt 0.686917 0.787661
vt 0.699932 0.813851
vt 0.694582 0.802777
vt 0.698927 0.826976
vt 0.692291 0.837651
vt 0.681515 0.845484
vt 0.670726 0.852468
vt 0.659269 0.856060
vt 0.648826 0.857054
vt 0.639657 0.855455
vt 0.633172 0.852321
vt 0.627791 0.846773
vt 0.624606 0.839496
vt 0.624254 0.831168
vt 0.626768 0.821961
vt 0.632189 0.812542
vt 0.639958 0.803957
vt 0.651137 0.797639
vt 0.664021 0.794110
vt 0.675765 0.793525
vt 0.685826 0.796017
vt 0.691668 0.816536
vt 0.689038 0.809032
vt 0.689812 0.824759
vt 0.684645 0.832896
vt 0.676656 0.839625
vt 0.668484 0.845631
vt 0.659859 0.849396
vt 0.651545 0.850710
vt 0.644053 0.849713
vt 0.637900 0.846748
vt 0.633538 0.842169
vt 0.631087 0.836217
vt 0.631122 0.829544
vt 0.633122 0.822069
vt 0.637530 0.814715
vt 0.643690 0.807969
vt 0.653461 0.803198
vt 0.665331 0.801086
vt 0.675122 0.801186
vt 0.683175 0.803630
vt 0.682609 0.818247
vt 0.681453 0.813302
vt 0.680756 0.823587
vt 0.676831 0.829233
vt 0.671899 0.834935
vt 0.666193 0.839732
vt 0.659913 0.842882
vt 0.653702 0.844205
vt 0.648008 0.843696
vt 0.643241 0.841537
vt 0.639851 0.838036
vt 0.637986 0.833464
vt 0.637599 0.828013
vt 0.639323 0.822460
vt 0.642309 0.816806
vt 0.646840 0.811813
vt 0.654199 0.808404
vt 0.663121 0.807008
vt 0.670765 0.807302
vt 0.676846 0.809294
vt 0.673405 0.819803
vt 0.671702 0.816167
vt 0.672381 0.823313
vt 0.670141 0.827118
vt 0.667125 0.830967
vt 0.663564 0.834290
vt 0.659478 0.836546
vt 0.655321 0.837597
vt 0.651447 0.837392
vt 0.648153 0.835996
vt 0.645849 0.833682
vt 0.644564 0.830560
vt 0.644336 0.826856
vt 0.645243 0.822926
vt 0.647308 0.819137
vt 0.650332 0.815776
vt 0.654875 0.813478
vt 0.659929 0.812328
vt 0.664634 0.812324
vt 0.668375 0.813452
vt 0.664393 0.821513
vt 0.663586 0.819805
vt 0.664391 0.823501
vt 0.663677 0.825580
vt 0.662393 0.827579
vt 0.660705 0.829269
vt 0.658694 0.830450
vt 0.656596 0.831039
vt 0.654613 0.830995
vt 0.652949 0.830351
vt 0.651726 0.829178
vt 0.651044 0.827577
vt 0.650957 0.825692
vt 0.651478 0.823698
vt 0.652569 0.821777
vt 0.654132 0.820082
vt 0.656018 0.818783
vt 0.658127 0.818058
vt 0.660199 0.817962
vt 0.662108 0.818570
vt 0.539907 0.756684
vt 0.657676 0.824560
vt 0.635233 0.974253
vt 0.533319 0.772164
vt 0.650383 0.976819
vt 0.714331 0.779622
vt 0.708636 0.757634
vt 0.699423 0.738470
vt 0.685875 0.722932
vt 0.670239 0.710732
vt 0.653239 0.702088
vt 0.570138 0.897583
vt 0.634503 0.697879
vt 0.577690 0.918690
vt 0.614026 0.698785
vt 0.587244 0.935976
vt 0.594598 0.703643
vt 0.597594 0.949805
vt 0.576704 0.713166
vt 0.609491 0.960336
vt 0.561467 0.726369
vn -0.178912 0.082360 0.980412
vn -0.135597 0.158230 0.978047
vn -0.204213 0.254609 0.945236
vn -0.278960 0.135596 0.950681
vn -0.082260 0.221682 0.971643
vn -0.105722 0.354820 0.928938
vn -0.040426 0.258453 0.965178
vn -0.037845 0.412081 0.910361
vn -0.005294 0.273423 0.961879
vn 0.005450 0.436377 0.899747
vn 0.042424 0.266648 0.962860
vn 0.076712 0.429235 0.899929
vn 0.100914 0.233114 0.967199
vn 0.173771 0.375254 0.910488
vn 0.151766 0.174261 0.972934
vn 0.252270 0.285019 0.924729
vn 0.186830 0.095221 0.977767
vn 0.303001 0.160176 0.939433
vn 0.202207 -0.001375 0.979342
vn 0.337544 -0.006396 0.941288
vn 0.196331 -0.124464 0.972606
vn 0.333697 -0.206829 0.919711
vn 0.171716 -0.232927 0.957214
vn 0.282245 -0.390471 0.876282
vn 0.138066 -0.296953 0.944858
vn 0.221782 -0.515710 0.827560
vn 0.094943 -0.348624 0.932441
vn 0.152142 -0.586624 0.795440
vn 0.017217 -0.372773 0.927763
vn 0.026268 -0.622176 0.782437
vn -0.066591 -0.353200 0.933175
vn -0.116264 -0.592335 0.797259
vn -0.124785 -0.300312 0.945643
vn -0.236675 -0.509706 0.827154
vn -0.181566 -0.225983 0.957061
vn -0.338676 -0.358505 0.869927
vn -0.210207 -0.119140 0.970370
vn -0.368865 -0.190363 0.909781
vn -0.202705 -0.005205 0.979226
vn -0.340414 -0.012504 0.940193
vn -0.269180 0.368994 0.889599
vn -0.380546 0.206820 0.901338
vn -0.130510 0.494809 0.859146
vn -0.021949 0.554259 0.832055
vn 0.032580 0.587607 0.808490
vn 0.113684 0.586330 0.802055
vn 0.233866 0.515299 0.824484
vn 0.326221 0.390062 0.861064
vn 0.405626 0.227526 0.885268
vn 0.476699 -0.007803 0.879032
vn 0.483957 -0.279725 0.829180
vn 0.393849 -0.514977 0.761368
vn 0.281040 -0.644395 0.711176
vn 0.181800 -0.713715 0.676432
vn 0.030641 -0.743762 0.667742
vn -0.154540 -0.716498 0.680256
vn -0.335682 -0.608001 0.719480
vn -0.468171 -0.436849 0.768101
vn -0.516091 -0.239977 0.822230
vn -0.475610 -0.006310 0.879633
vn -0.330187 0.478779 0.813479
vn -0.488135 0.276433 0.827834
vn -0.164261 0.593459 0.787924
vn -0.006115 0.653133 0.757218
vn 0.066686 0.684680 0.725787
vn 0.135765 0.678670 0.721786
vn 0.253444 0.607939 0.752447
vn 0.361612 0.485113 0.796180
vn 0.496881 0.283568 0.820182
vn 0.602060 -0.003541 0.798443
vn 0.595981 -0.305658 0.742549
vn 0.485008 -0.550072 0.679845
vn 0.328041 -0.692382 0.642648
vn 0.192143 -0.755719 0.626075
vn 0.031818 -0.784935 0.618761
vn -0.169203 -0.750791 0.638501
vn -0.380404 -0.628022 0.678882
vn -0.538081 -0.449429 0.713079
vn -0.611052 -0.249955 0.751091
vn -0.600386 0.000358 0.799711
vn -0.401043 0.550130 0.732476
vn -0.601612 0.332818 0.726151
vn -0.198519 0.665014 0.719963
vn 0.001213 0.720341 0.693619
vn 0.080946 0.731149 0.677398
vn 0.134434 0.708016 0.693283
vn 0.256247 0.654756 0.711078
vn 0.404660 0.554309 0.727318
vn 0.601712 0.334384 0.725348
vn 0.713141 0.006982 0.700986
vn 0.676629 -0.322398 0.661991
vn 0.540951 -0.571388 0.617161
vn 0.367081 -0.729269 0.577424
vn 0.203304 -0.808160 0.552761
vn 0.034116 -0.837417 0.545498
vn -0.172567 -0.803324 0.569993
vn -0.400673 -0.675162 0.619369
vn -0.585389 -0.473536 0.658091
vn -0.688189 -0.264592 0.675564
vn -0.713206 0.006637 0.700923
vn -0.500365 0.614524 0.609914
vn -0.720001 0.367452 0.588708
vn -0.241792 0.743555 0.623428
vn -0.003358 0.791952 0.610574
vn 0.073988 0.783941 0.616411
vn 0.134725 0.759744 0.636112
vn 0.292977 0.715304 0.634433
vn 0.497517 0.616957 0.609787
vn 0.720288 0.367866 0.588098
vn 0.814227 0.002828 0.580539
vn 0.750522 -0.352904 0.558727
vn 0.590178 -0.617629 0.519830
vn 0.396788 -0.783141 0.478800
vn 0.215901 -0.866208 0.450633
vn 0.036412 -0.895785 0.442994
vn -0.180276 -0.870553 0.457862
vn -0.437818 -0.753118 0.491049
vn -0.652473 -0.546830 0.524648
vn -0.772434 -0.302722 0.558307
vn -0.814486 0.003117 0.580175
vn -0.606108 0.667652 0.432288
vn -0.813764 0.384165 0.436125
vn -0.300197 0.847682 0.437397
vn -0.019921 0.898494 0.438535
vn 0.065794 0.887516 0.456055
vn 0.156644 0.873064 0.461759
vn 0.363589 0.817097 0.447386
vn 0.603725 0.670731 0.430855
vn 0.813809 0.384130 0.436071
vn 0.894703 -0.000000 0.446662
vn 0.818149 -0.381749 0.430000
vn 0.636003 -0.663608 0.393858
vn 0.421221 -0.832640 0.359560
vn 0.226783 -0.912781 0.339706
vn 0.036279 -0.941816 0.334164
vn -0.192638 -0.921072 0.338405
vn -0.484269 -0.803512 0.346198
vn -0.722227 -0.589484 0.361798
vn -0.846509 -0.345643 0.404913
vn -0.896108 -0.000047 0.443836
vn -0.665672 0.696618 0.267589
vn -0.867221 0.403973 0.291092
vn -0.345080 0.906709 0.242485
vn -0.039813 0.972916 0.227706
vn 0.062359 0.969488 0.237074
vn 0.185666 0.954654 0.232730
vn 0.413739 0.880081 0.232978
vn 0.661203 0.703452 0.260702
vn 0.867220 0.403974 0.291092
vn 0.952735 0.000000 0.303804
vn 0.867220 -0.403975 0.291091
vn 0.667879 -0.695863 0.264030
vn 0.438757 -0.866243 0.238991
vn 0.235717 -0.945485 0.224714
vn 0.035203 -0.974661 0.220899
vn -0.203299 -0.953051 0.224416
vn -0.514895 -0.823180 0.239287
vn -0.755396 -0.605160 0.251312
vn -0.889132 -0.363788 0.277673
vn -0.953478 -0.000001 0.301463
vn -0.686648 0.714833 0.132392
vn -0.896801 0.417351 0.146853
vn -0.357832 0.926904 0.113157
vn -0.050006 0.993946 0.097836
vn 0.062426 0.993354 0.096701
vn 0.201263 0.975133 0.092784
vn 0.424251 0.899744 0.102328
vn 0.677195 0.724652 0.127617
vn 0.896801 0.417352 0.146852
vn 0.988113 0.000000 0.153731
vn 0.896801 -0.417353 0.146851
vn 0.686648 -0.714834 0.132392
vn 0.448869 -0.885609 0.119222
vn 0.240800 -0.964117 0.111775
vn 0.034549 -0.993349 0.109840
vn -0.208540 -0.971493 0.112748
vn -0.526210 -0.840688 0.127859
vn -0.771119 -0.620939 0.140750
vn -0.911593 -0.383252 0.148715
vn -0.988113 -0.000001 0.153731
vn -0.692841 0.721090 0.000001
vn -0.906681 0.421816 0.000000
vn -0.359812 0.933025 0.000001
vn -0.052276 0.998633 0.000002
vn 0.064429 0.997920 -0.002130
vn 0.205038 0.978745 -0.004110
vn 0.422247 0.906479 -0.002076
vn 0.681248 0.732053 0.000001
vn 0.906681 0.421818 -0.000000
vn 1.000000 0.000000 0.000000
vn 0.906681 -0.421818 0.000000
vn 0.692841 -0.721090 -0.000000
vn 0.452171 -0.891931 0.000000
vn 0.242446 -0.970165 -0.000000
vn 0.034332 -0.999411 -0.000001
vn -0.209878 -0.977728 -0.000003
vn -0.528708 -0.848804 -0.000003
vn -0.778309 -0.627881 -0.000001
vn -0.921973 -0.387253 -0.000000
vn -1.000000 -0.000001 0.000000
vn -0.686648 0.714833 -0.132391
vn -0.896801 0.417351 -0.146851
vn -0.357833 0.926904 -0.113156
vn -0.050006 0.993946 -0.097832
vn 0.068607 0.992115 -0.104885
vn 0.206484 0.971050 -0.120110
vn 0.418164 0.898031 -0.136671
vn 0.670484 0.727006 -0.148033
vn 0.894699 0.419837 -0.152481
vn 0.988049 0.000000 -0.154142
vn 0.896801 -0.417353 -0.146853
vn 0.686648 -0.714833 -0.132394
vn 0.450492 -0.885197 -0.116119
vn 0.242331 -0.964679 -0.103297
vn 0.032861 -0.994212 -0.102286
vn -0.209856 -0.971403 -0.111067
vn -0.526047 -0.840684 -0.128548
vn -0.770993 -0.621025 -0.141060
vn -0.911593 -0.383251 -0.148717
vn -0.988113 -0.000001 -0.153731
vn -0.667880 0.695863 -0.264028
vn -0.867221 0.403973 -0.291092
vn -0.351626 0.908069 -0.227529
vn -0.038071 0.977657 -0.206728
vn 0.087314 0.964778 -0.248155
vn 0.215610 0.925577 -0.311157
vn 0.400650 0.844685 -0.354946
vn 0.622164 0.693790 -0.362722
vn 0.843220 0.416492 -0.339873
vn 0.950891 0.009568 -0.309377
vn 0.868352 -0.407853 -0.282171
vn 0.671161 -0.696368 -0.254194
vn 0.446385 -0.867262 -0.220446
vn 0.240263 -0.950192 -0.198515
vn 0.027412 -0.979295 -0.200573
vn -0.211761 -0.951359 -0.223772
vn -0.517202 -0.815305 -0.260346
vn -0.748216 -0.600688 -0.281685
vn -0.880571 -0.371276 -0.294530
vn -0.952735 -0.000001 -0.303803
vn -0.635956 0.663618 -0.393918
vn -0.818149 0.381748 -0.430000
vn -0.332448 0.873842 -0.354795
vn 0.002265 0.932283 -0.361722
vn 0.123750 0.889169 -0.440527
vn 0.227218 0.830653 -0.508318
vn 0.377580 0.747919 -0.545941
vn 0.553888 0.621850 -0.553634
vn 0.763283 0.383082 -0.520238
vn 0.890192 0.006409 -0.455540
vn 0.835797 -0.395309 -0.381017
vn 0.664300 -0.678474 -0.313655
vn 0.437225 -0.859183 -0.265779
vn 0.222104 -0.934296 -0.278856
vn 0.016839 -0.950608 -0.309938
vn -0.216806 -0.913080 -0.345371
vn -0.501051 -0.770117 -0.394800
vn -0.708279 -0.567602 -0.419725
vn -0.829301 -0.351424 -0.434466
vn -0.894714 -0.000002 -0.446638
vn -0.581397 0.617949 -0.529261
vn -0.749558 0.351060 -0.561177
vn -0.274876 0.814647 -0.510679
vn 0.068986 0.843781 -0.532235
vn 0.157112 0.792027 -0.589924
vn 0.223031 0.754846 -0.616819
vn 0.366882 0.695387 -0.617927
vn 0.518018 0.575039 -0.633235
vn 0.696361 0.348855 -0.627202
vn 0.817602 -0.010103 -0.575695
vn 0.793287 -0.386357 -0.470556
vn 0.646806 -0.677647 -0.349908
vn 0.400147 -0.870049 -0.287917
vn 0.181318 -0.932046 -0.313710
vn -0.001611 -0.929805 -0.368049
vn -0.235647 -0.868791 -0.435515
vn -0.487427 -0.707025 -0.512378
vn -0.652679 -0.522655 -0.548491
vn -0.758542 -0.323870 -0.565440
vn -0.815463 -0.000001 -0.578809
vn -0.471348 0.559131 -0.682058
vn -0.654410 0.316047 -0.686922
vn -0.173727 0.702729 -0.689921
vn 0.112794 0.723885 -0.680638
vn 0.161971 0.718064 -0.676867
vn 0.196835 0.714824 -0.671031
vn 0.346192 0.674374 -0.652204
vn 0.497238 0.550196 -0.670849
vn 0.637037 0.319169 -0.701652
vn 0.720747 -0.003357 -0.693191
vn 0.710292 -0.350487 -0.610446
vn 0.576051 -0.642159 -0.505764
vn 0.345788 -0.842621 -0.412820
vn 0.146735 -0.919658 -0.364278
vn -0.024955 -0.930098 -0.366462
vn -0.276528 -0.843627 -0.460245
vn -0.501874 -0.638961 -0.582968
vn -0.601560 -0.467296 -0.647888
vn -0.674613 -0.287068 -0.680066
vn -0.716928 0.000517 -0.697147
vn -0.317658 0.480065 -0.817698
vn -0.516405 0.273992 -0.811329
vn -0.077986 0.568671 -0.818860
vn 0.096507 0.609583 -0.786826
vn 0.126730 0.654776 -0.745123
vn 0.159842 0.674029 -0.721204
vn 0.293191 0.626594 -0.722094
vn 0.439193 0.496023 -0.749047
vn 0.552306 0.273556 -0.787480
vn 0.603605 -0.007083 -0.797252
vn 0.579882 -0.280056 -0.765052
vn 0.469266 -0.532517 -0.704425
vn 0.309603 -0.725319 -0.614864
vn 0.139342 -0.844173 -0.517644
vn -0.028249 -0.885642 -0.463509
vn -0.300567 -0.804026 -0.513032
vn -0.521314 -0.584517 -0.621748
vn -0.578622 -0.415372 -0.701899
vn -0.600525 -0.241584 -0.762238
vn -0.598434 0.010873 -0.801098
vn -0.196883 0.380988 -0.903374
vn -0.369644 0.199586 -0.907485
vn -0.032216 0.480255 -0.876537
vn 0.044423 0.528059 -0.848045
vn 0.071691 0.571443 -0.817504
vn 0.124951 0.579559 -0.805294
vn 0.230204 0.519243 -0.823039
vn 0.345627 0.393270 -0.851986
vn 0.435944 0.211031 -0.874882
vn 0.473215 0.000184 -0.880947
vn 0.449690 -0.214233 -0.867112
vn 0.376179 -0.405616 -0.833046
vn 0.264953 -0.570430 -0.777438
vn 0.137547 -0.676118 -0.723841
vn -0.007931 -0.727558 -0.686000
vn -0.255924 -0.675694 -0.691332
vn -0.465637 -0.513094 -0.721053
vn -0.536266 -0.374208 -0.756563
vn -0.530174 -0.216520 -0.819777
vn -0.468724 -0.001460 -0.883344
vn -0.148117 0.262878 -0.953392
vn -0.263052 0.118923 -0.957424
vn -0.039284 0.368170 -0.928928
vn -0.001999 0.416000 -0.909362
vn 0.029908 0.438639 -0.898166
vn 0.090581 0.430103 -0.898224
vn 0.169954 0.377451 -0.910300
vn 0.248066 0.281676 -0.926888
vn 0.309225 0.149743 -0.939126
vn 0.336485 -0.001624 -0.941687
vn 0.322824 -0.157506 -0.933261
vn 0.274703 -0.288250 -0.917306
vn 0.197860 -0.394098 -0.897518
vn 0.108774 -0.466819 -0.877638
vn 0.003780 -0.490304 -0.871544
vn -0.160250 -0.463266 -0.871610
vn -0.310994 -0.384828 -0.869017
vn -0.387499 -0.297368 -0.872592
vn -0.397707 -0.176238 -0.900427
vn -0.342872 -0.014465 -0.939271
vn -0.114702 0.151832 -0.981728
vn -0.172311 0.073583 -0.982290
vn -0.054424 0.223576 -0.973166
vn -0.021176 0.261285 -0.965029
vn 0.011152 0.276284 -0.961011
vn 0.055879 0.268166 -0.961751
vn 0.106798 0.233148 -0.966559
vn 0.152831 0.173448 -0.972912
vn 0.187751 0.092510 -0.977850
vn 0.202708 -0.000879 -0.979239
vn 0.193574 -0.096885 -0.976290
vn 0.164262 -0.177394 -0.970335
vn 0.119879 -0.235268 -0.964509
vn 0.064004 -0.270069 -0.960711
vn 0.001758 -0.281212 -0.959644
vn -0.074192 -0.268475 -0.960425
vn -0.150936 -0.235237 -0.960147
vn -0.200206 -0.182803 -0.962549
vn -0.218017 -0.104217 -0.970365
vn -0.204342 -0.007322 -0.978872
vn 0.000246 -0.003608 0.999994
vn 0.000017 -0.001167 -0.999999
s 1
g group3 pasted__pSphere21
usemtl initialShadingGroup
f 2773/2918/2825 2774/2919/2826 2794/3318/2827 2793/2921/2828
f 2774/3302/2826 2775/2922/2829 2795/2923/2830 2794/2920/2827
f 2775/2922/2829 2776/2924/2831 2796/2925/2832 2795/2923/2830
f 2776/2924/2831 2777/2926/2833 2797/2927/2834 2796/2925/2832
f 2777/2926/2833 2778/2928/2835 2798/2929/2836 2797/2927/2834
f 2778/2928/2835 2779/2930/2837 2799/2931/2838 2798/2929/2836
f 2779/2930/2837 2780/2932/2839 2800/2933/2840 2799/2931/2838
f 2780/2932/2839 2781/2934/2841 2801/2935/2842 2800/2933/2840
f 2781/2934/2841 2782/2936/2843 2802/2937/2844 2801/2935/2842
f 2782/2936/2843 2783/2938/2845 2803/2939/2846 2802/2937/2844
f 2783/2938/2845 2784/2940/2847 2804/3317/2848 2803/2939/2846
f 2784/3301/2847 2785/2942/2849 2805/2943/2850 2804/2941/2848
f 2785/2942/2849 2786/2944/2851 2806/2945/2852 2805/2943/2850
f 2786/2944/2851 2787/2946/2853 2807/2947/2854 2806/2945/2852
f 2787/2946/2853 2788/2948/2855 2808/2949/2856 2807/2947/2854
f 2788/2948/2855 2789/2950/2857 2809/2951/2858 2808/2949/2856
f 2789/2950/2857 2790/2952/2859 2810/2953/2860 2809/2951/2858
f 2790/2952/2859 2791/2954/2861 2811/2955/2862 2810/2953/2860
f 2791/2954/2861 2792/2956/2863 2812/2957/2864 2811/2955/2862
f 2792/2956/2863 2773/2918/2825 2793/2921/2828 2812/2957/2864
f 2793/2921/2828 2794/3318/2827 2814/3316/2865 2813/2959/2866
f 2794/2920/2827 2795/2923/2830 2815/2960/2867 2814/2958/2865
f 2795/2923/2830 2796/2925/2832 2816/2961/2868 2815/2960/2867
f 2796/2925/2832 2797/2927/2834 2817/2962/2869 2816/2961/2868
f 2797/2927/2834 2798/2929/2836 2818/2963/2870 2817/2962/2869
f 2798/2929/2836 2799/2931/2838 2819/2964/2871 2818/2963/2870
f 2799/2931/2838 2800/2933/2840 2820/2965/2872 2819/2964/2871
f 2800/2933/2840 2801/2935/2842 2821/2966/2873 2820/2965/2872
f 2801/2935/2842 2802/2937/2844 2822/2967/2874 2821/2966/2873
f 2802/2937/2844 2803/2939/2846 2823/2968/2875 2822/2967/2874
f 2803/2939/2846 2804/3317/2848 2824/3315/2876 2823/2968/2875
f 2804/2941/2848 2805/2943/2850 2825/2970/2877 2824/2969/2876
f 2805/2943/2850 2806/2945/2852 2826/2971/2878 2825/2970/2877
f 2806/2945/2852 2807/2947/2854 2827/2972/2879 2826/2971/2878
f 2807/2947/2854 2808/2949/2856 2828/2973/2880 2827/2972/2879
f 2808/2949/2856 2809/2951/2858 2829/2974/2881 2828/2973/2880
f 2809/2951/2858 2810/2953/2860 2830/2975/2882 2829/2974/2881
f 2810/2953/2860 2811/2955/2862 2831/2976/2883 2830/2975/2882
f 2811/2955/2862 2812/2957/2864 2832/2977/2884 2831/2976/2883
f 2812/2957/2864 2793/2921/2828 2813/2959/2866 2832/2977/2884
f 2813/2959/2866 2814/3316/2865 2834/3314/2885 2833/2979/2886
f 2814/2958/2865 2815/2960/2867 2835/2980/2887 2834/2978/2885
f 2815/2960/2867 2816/2961/2868 2836/2981/2888 2835/2980/2887
f 2816/2961/2868 2817/2962/2869 2837/2982/2889 2836/2981/2888
f 2817/2962/2869 2818/2963/2870 2838/2983/2890 2837/2982/2889
f 2818/2963/2870 2819/2964/2871 2839/2984/2891 2838/2983/2890
f 2819/2964/2871 2820/2965/2872 2840/2985/2892 2839/2984/2891
f 2820/2965/2872 2821/2966/2873 2841/2986/2893 2840/2985/2892
f 2821/2966/2873 2822/2967/2874 2842/2987/2894 2841/2986/2893
f 2822/2967/2874 2823/2968/2875 2843/2988/2895 2842/2987/2894
f 2823/2968/2875 2824/3315/2876 2844/3313/2896 2843/2988/2895
f 2824/2969/2876 2825/2970/2877 2845/2990/2897 2844/2989/2896
f 2825/2970/2877 2826/2971/2878 2846/2991/2898 2845/2990/2897
f 2826/2971/2878 2827/2972/2879 2847/2992/2899 2846/2991/2898
f 2827/2972/2879 2828/2973/2880 2848/2993/2900 2847/2992/2899
f 2828/2973/2880 2829/2974/2881 2849/2994/2901 2848/2993/2900
f 2829/2974/2881 2830/2975/2882 2850/2995/2902 2849/2994/2901
f 2830/2975/2882 2831/2976/2883 2851/2996/2903 2850/2995/2902
f 2831/2976/2883 2832/2977/2884 2852/2997/2904 2851/2996/2903
f 2832/2977/2884 2813/2959/2866 2833/2979/2886 2852/2997/2904
f 2833/2979/2886 2834/3314/2885 2854/3312/2905 2853/2999/2906
f 2834/2978/2885 2835/2980/2887 2855/3000/2907 2854/2998/2905
f 2835/2980/2887 2836/2981/2888 2856/3001/2908 2855/3000/2907
f 2836/2981/2888 2837/2982/2889 2857/3002/2909 2856/3001/2908
f 2837/2982/2889 2838/2983/2890 2858/3003/2910 2857/3002/2909
f 2838/2983/2890 2839/2984/2891 2859/3004/2911 2858/3003/2910
f 2839/2984/2891 2840/2985/2892 2860/3005/2912 2859/3004/2911
f 2840/2985/2892 2841/2986/2893 2861/3006/2913 2860/3005/2912
f 2841/2986/2893 2842/2987/2894 2862/3007/2914 2861/3006/2913
f 2842/2987/2894 2843/2988/2895 2863/3008/2915 2862/3007/2914
f 2843/2988/2895 2844/3313/2896 2864/3311/2916 2863/3008/2915
f 2844/2989/2896 2845/2990/2897 2865/3010/2917 2864/3009/2916
f 2845/2990/2897 2846/2991/2898 2866/3011/2918 2865/3010/2917
f 2846/2991/2898 2847/2992/2899 2867/3012/2919 2866/3011/2918
f 2847/2992/2899 2848/2993/2900 2868/3013/2920 2867/3012/2919
f 2848/2993/2900 2849/2994/2901 2869/3014/2921 2868/3013/2920
f 2849/2994/2901 2850/2995/2902 2870/3015/2922 2869/3014/2921
f 2850/2995/2902 2851/2996/2903 2871/3016/2923 2870/3015/2922
f 2851/2996/2903 2852/2997/2904 2872/3017/2924 2871/3016/2923
f 2852/2997/2904 2833/2979/2886 2853/2999/2906 2872/3017/2924
f 2853/2999/2906 2854/3312/2905 2874/3310/2925 2873/3019/2926
f 2854/2998/2905 2855/3000/2907 2875/3020/2927 2874/3018/2925
f 2855/3000/2907 2856/3001/2908 2876/3021/2928 2875/3020/2927
f 2856/3001/2908 2857/3002/2909 2877/3022/2929 2876/3021/2928
f 2857/3002/2909 2858/3003/2910 2878/3023/2930 2877/3022/2929
f 2858/3003/2910 2859/3004/2911 2879/3024/2931 2878/3023/2930
f 2859/3004/2911 2860/3005/2912 2880/3025/2932 2879/3024/2931
f 2860/3005/2912 2861/3006/2913 2881/3026/2933 2880/3025/2932
f 2861/3006/2913 2862/3007/2914 2882/3027/2934 2881/3026/2933
f 2862/3007/2914 2863/3008/2915 2883/3028/2935 2882/3027/2934
f 2863/3008/2915 2864/3311/2916 2884/3309/2936 2883/3028/2935
f 2864/3009/2916 2865/3010/2917 2885/3030/2937 2884/3029/2936
f 2865/3010/2917 2866/3011/2918 2886/3031/2938 2885/3030/2937
f 2866/3011/2918 2867/3012/2919 2887/3032/2939 2886/3031/2938
f 2867/3012/2919 2868/3013/2920 2888/3033/2940 2887/3032/2939
f 2868/3013/2920 2869/3014/2921 2889/3034/2941 2888/3033/2940
f 2869/3014/2921 2870/3015/2922 2890/3035/2942 2889/3034/2941
f 2870/3015/2922 2871/3016/2923 2891/3036/2943 2890/3035/2942
f 2871/3016/2923 2872/3017/2924 2892/3037/2944 2891/3036/2943
f 2872/3017/2924 2853/2999/2906 2873/3019/2926 2892/3037/2944
f 2873/3019/2926 2874/3310/2925 2894/3308/2945 2893/3039/2946
f 2874/3018/2925 2875/3020/2927 2895/3040/2947 2894/3038/2945
f 2875/3020/2927 2876/3021/2928 2896/3041/2948 2895/3040/2947
f 2876/3021/2928 2877/3022/2929 2897/3042/2949 2896/3041/2948
f 2877/3022/2929 2878/3023/2930 2898/3043/2950 2897/3042/2949
f 2878/3023/2930 2879/3024/2931 2899/3044/2951 2898/3043/2950
f 2879/3024/2931 2880/3025/2932 2900/3045/2952 2899/3044/2951
f 2880/3025/2932 2881/3026/2933 2901/3046/2953 2900/3045/2952
f 2881/3026/2933 2882/3027/2934 2902/3047/2954 2901/3046/2953
f 2882/3027/2934 2883/3028/2935 2903/3048/2955 2902/3047/2954
f 2883/3028/2935 2884/3309/2936 2904/3049/2956 2903/3048/2955
f 2884/3029/2936 2885/3030/2937 2905/3050/2957 2904/3049/2956
f 2885/3030/2937 2886/3031/2938 2906/3051/2958 2905/3050/2957
f 2886/3031/2938 2887/3032/2939 2907/3052/2959 2906/3051/2958
f 2887/3032/2939 2888/3033/2940 2908/3053/2960 2907/3052/2959
f 2888/3033/2940 2889/3034/2941 2909/3054/2961 2908/3053/2960
f 2889/3034/2941 2890/3035/2942 2910/3055/2962 2909/3054/2961
f 2890/3035/2942 2891/3036/2943 2911/3056/2963 2910/3055/2962
f 2891/3036/2943 2892/3037/2944 2912/3057/2964 2911/3056/2963
f 2892/3037/2944 2873/3019/2926 2893/3039/2946 2912/3057/2964
f 2893/3039/2946 2894/3308/2945 2914/3307/2965 2913/3059/2966
f 2894/3038/2945 2895/3040/2947 2915/3060/2967 2914/3058/2965
f 2895/3040/2947 2896/3041/2948 2916/3061/2968 2915/3060/2967
f 2896/3041/2948 2897/3042/2949 2917/3062/2969 2916/3061/2968
f 2897/3042/2949 2898/3043/2950 2918/3063/2970 2917/3062/2969
f 2898/3043/2950 2899/3044/2951 2919/3064/2971 2918/3063/2970
f 2899/3044/2951 2900/3045/2952 2920/3065/2972 2919/3064/2971
f 2900/3045/2952 2901/3046/2953 2921/3066/2973 2920/3065/2972
f 2901/3046/2953 2902/3047/2954 2922/3067/2974 2921/3066/2973
f 2902/3047/2954 2903/3048/2955 2923/3068/2975 2922/3067/2974
f 2903/3048/2955 2904/3049/2956 2924/3069/2976 2923/3068/2975
f 2904/3049/2956 2905/3050/2957 2925/3070/2977 2924/3069/2976
f 2905/3050/2957 2906/3051/2958 2926/3071/2978 2925/3070/2977
f 2906/3051/2958 2907/3052/2959 2927/3072/2979 2926/3071/2978
f 2907/3052/2959 2908/3053/2960 2928/3073/2980 2927/3072/2979
f 2908/3053/2960 2909/3054/2961 2929/3074/2981 2928/3073/2980
f 2909/3054/2961 2910/3055/2962 2930/3075/2982 2929/3074/2981
f 2910/3055/2962 2911/3056/2963 2931/3076/2983 2930/3075/2982
f 2911/3056/2963 2912/3057/2964 2932/3077/2984 2931/3076/2983
f 2912/3057/2964 2893/3039/2946 2913/3059/2966 2932/3077/2984
f 2913/3059/2966 2914/3307/2965 2934/3306/2985 2933/3079/2986
f 2914/3058/2965 2915/3060/2967 2935/3080/2987 2934/3078/2985
f 2915/3060/2967 2916/3061/2968 2936/3081/2988 2935/3080/2987
f 2916/3061/2968 2917/3062/2969 2937/3082/2989 2936/3081/2988
f 2917/3062/2969 2918/3063/2970 2938/3083/2990 2937/3082/2989
f 2918/3063/2970 2919/3064/2971 2939/3084/2991 2938/3083/2990
f 2919/3064/2971 2920/3065/2972 2940/3085/2992 2939/3084/2991
f 2920/3065/2972 2921/3066/2973 2941/3086/2993 2940/3085/2992
f 2921/3066/2973 2922/3067/2974 2942/3087/2994 2941/3086/2993
f 2922/3067/2974 2923/3068/2975 2943/3088/2995 2942/3087/2994
f 2923/3068/2975 2924/3069/2976 2944/3089/2996 2943/3088/2995
f 2924/3069/2976 2925/3070/2977 2945/3090/2997 2944/3089/2996
f 2925/3070/2977 2926/3071/2978 2946/3091/2998 2945/3090/2997
f 2926/3071/2978 2927/3072/2979 2947/3092/2999 2946/3091/2998
f 2927/3072/2979 2928/3073/2980 2948/3093/3000 2947/3092/2999
f 2928/3073/2980 2929/3074/2981 2949/3094/3001 2948/3093/3000
f 2929/3074/2981 2930/3075/2982 2950/3095/3002 2949/3094/3001
f 2930/3075/2982 2931/3076/2983 2951/3096/3003 2950/3095/3002
f 2931/3076/2983 2932/3077/2984 2952/3097/3004 2951/3096/3003
f 2932/3077/2984 2913/3059/2966 2933/3079/2986 2952/3097/3004
f 2933/3079/2986 2934/3306/2985 2954/3305/3005 2953/3099/3006
f 2934/3078/2985 2935/3080/2987 2955/3100/3007 2954/3098/3005
f 2935/3080/2987 2936/3081/2988 2956/3101/3008 2955/3100/3007
f 2936/3081/2988 2937/3082/2989 2957/3102/3009 2956/3101/3008
f 2937/3082/2989 2938/3083/2990 2958/3103/3010 2957/3102/3009
f 2938/3083/2990 2939/3084/2991 2959/3104/3011 2958/3103/3010
f 2939/3084/2991 2940/3085/2992 2960/3105/3012 2959/3104/3011
f 2940/3085/2992 2941/3086/2993 2961/3106/3013 2960/3105/3012
f 2941/3086/2993 2942/3087/2994 2962/3107/3014 2961/3106/3013
f 2942/3087/2994 2943/3088/2995 2963/3108/3015 2962/3107/3014
f 2943/3088/2995 2944/3089/2996 2964/3109/3016 2963/3108/3015
f 2944/3089/2996 2945/3090/2997 2965/3110/3017 2964/3109/3016
f 2945/3090/2997 2946/3091/2998 2966/3111/3018 2965/3110/3017
f 2946/3091/2998 2947/3092/2999 2967/3112/3019 2966/3111/3018
f 2947/3092/2999 2948/3093/3000 2968/3113/3020 2967/3112/3019
f 2948/3093/3000 2949/3094/3001 2969/3114/3021 2968/3113/3020
f 2949/3094/3001 2950/3095/3002 2970/3115/3022 2969/3114/3021
f 2950/3095/3002 2951/3096/3003 2971/3116/3023 2970/3115/3022
f 2951/3096/3003 2952/3097/3004 2972/3117/3024 2971/3116/3023
f 2952/3097/3004 2933/3079/2986 2953/3099/3006 2972/3117/3024
f 2953/3099/3006 2954/3305/3005 2974/3304/3025 2973/3119/3026
f 2954/3098/3005 2955/3100/3007 2975/3120/3027 2974/3118/3025
f 2955/3100/3007 2956/3101/3008 2976/3121/3028 2975/3120/3027
f 2956/3101/3008 2957/3102/3009 2977/3122/3029 2976/3121/3028
f 2957/3102/3009 2958/3103/3010 2978/3123/3030 2977/3122/3029
f 2958/3103/3010 2959/3104/3011 2979/3124/3031 2978/3123/3030
f 2959/3104/3011 2960/3105/3012 2980/3125/3032 2979/3124/3031
f 2960/3105/3012 2961/3106/3013 2981/3126/3033 2980/3125/3032
f 2961/3106/3013 2962/3107/3014 2982/3127/3034 2981/3126/3033
f 2962/3107/3014 2963/3108/3015 2983/3128/3035 2982/3127/3034
f 2963/3108/3015 2964/3109/3016 2984/3129/3036 2983/3128/3035
f 2964/3109/3016 2965/3110/3017 2985/3130/3037 2984/3129/3036
f 2965/3110/3017 2966/3111/3018 2986/3131/3038 2985/3130/3037
f 2966/3111/3018 2967/3112/3019 2987/3132/3039 2986/3131/3038
f 2967/3112/3019 2968/3113/3020 2988/3133/3040 2987/3132/3039
f 2968/3113/3020 2969/3114/3021 2989/3134/3041 2988/3133/3040
f 2969/3114/3021 2970/3115/3022 2990/3135/3042 2989/3134/3041
f 2970/3115/3022 2971/3116/3023 2991/3136/3043 2990/3135/3042
f 2971/3116/3023 2972/3117/3024 2992/3137/3044 2991/3136/3043
f 2972/3117/3024 2953/3099/3006 2973/3119/3026 2992/3137/3044
f 2973/3119/3026 2974/3304/3025 2994/3303/3045 2993/3139/3046
f 2974/3118/3025 2975/3120/3027 2995/3140/3047 2994/3138/3045
f 2975/3120/3027 2976/3121/3028 2996/3141/3048 2995/3140/3047
f 2976/3121/3028 2977/3122/3029 2997/3142/3049 2996/3141/3048
f 2977/3122/3029 2978/3123/3030 2998/3143/3050 2997/3142/3049
f 2978/3123/3030 2979/3124/3031 2999/3144/3051 2998/3143/3050
f 2979/3124/3031 2980/3125/3032 3000/3145/3052 2999/3144/3051
f 2980/3125/3032 2981/3126/3033 3001/3146/3053 3000/3145/3052
f 2981/3126/3033 2982/3127/3034 3002/3147/3054 3001/3146/3053
f 2982/3127/3034 2983/3128/3035 3003/3148/3055 3002/3147/3054
f 2983/3128/3035 2984/3129/3036 3004/3149/3056 3003/3148/3055
f 2984/3129/3036 2985/3130/3037 3005/3150/3057 3004/3149/3056
f 2985/3130/3037 2986/3131/3038 3006/3151/3058 3005/3150/3057
f 2986/3131/3038 2987/3132/3039 3007/3152/3059 3006/3151/3058
f 2987/3132/3039 2988/3133/3040 3008/3153/3060 3007/3152/3059
f 2988/3133/3040 2989/3134/3041 3009/3154/3061 3008/3153/3060
f 2989/3134/3041 2990/3135/3042 3010/3155/3062 3009/3154/3061
f 2990/3135/3042 2991/3136/3043 3011/3156/3063 3010/3155/3062
f 2991/3136/3043 2992/3137/3044 3012/3157/3064 3011/3156/3063
f 2992/3137/3044 2973/3119/3026 2993/3139/3046 3012/3157/3064
f 2993/3139/3046 2994/3303/3045 3014/3158/3065 3013/3159/3066
f 2994/3138/3045 2995/3140/3047 3015/3160/3067 3014/3158/3065
f 2995/3140/3047 2996/3141/3048 3016/3161/3068 3015/3160/3067
f 2996/3141/3048 2997/3142/3049 3017/3162/3069 3016/3161/3068
f 2997/3142/3049 2998/3143/3050 3018/3163/3070 3017/3162/3069
f 2998/3143/3050 2999/3144/3051 3019/3164/3071 3018/3163/3070
f 2999/3144/3051 3000/3145/3052 3020/3165/3072 3019/3164/3071
f 3000/3145/3052 3001/3146/3053 3021/3166/3073 3020/3165/3072
f 3001/3146/3053 3002/3147/3054 3022/3167/3074 3021/3166/3073
f 3002/3147/3054 3003/3148/3055 3023/3168/3075 3022/3167/3074
f 3003/3148/3055 3004/3149/3056 3024/3169/3076 3023/3168/3075
f 3004/3149/3056 3005/3150/3057 3025/3170/3077 3024/3169/3076
f 3005/3150/3057 3006/3151/3058 3026/3171/3078 3025/3170/3077
f 3006/3151/3058 3007/3152/3059 3027/3172/3079 3026/3171/3078
f 3007/3152/3059 3008/3153/3060 3028/3173/3080 3027/3172/3079
f 3008/3153/3060 3009/3154/3061 3029/3174/3081 3028/3173/3080
f 3009/3154/3061 3010/3155/3062 3030/3175/3082 3029/3174/3081
f 3010/3155/3062 3011/3156/3063 3031/3176/3083 3030/3175/3082
f 3011/3156/3063 3012/3157/3064 3032/3177/3084 3031/3176/3083
f 3012/3157/3064 2993/3139/3046 3013/3159/3066 3032/3177/3084
f 3013/3159/3066 3014/3158/3065 3034/3178/3085 3033/3179/3086
f 3014/3158/3065 3015/3160/3067 3035/3180/3087 3034/3178/3085
f 3015/3160/3067 3016/3161/3068 3036/3181/3088 3035/3180/3087
f 3016/3161/3068 3017/3162/3069 3037/3182/3089 3036/3181/3088
f 3017/3162/3069 3018/3163/3070 3038/3183/3090 3037/3182/3089
f 3018/3163/3070 3019/3164/3071 3039/3184/3091 3038/3183/3090
f 3019/3164/3071 3020/3165/3072 3040/3185/3092 3039/3184/3091
f 3020/3165/3072 3021/3166/3073 3041/3186/3093 3040/3185/3092
f 3021/3166/3073 3022/3167/3074 3042/3187/3094 3041/3186/3093
f 3022/3167/3074 3023/3168/3075 3043/3188/3095 3042/3187/3094
f 3023/3168/3075 3024/3169/3076 3044/3189/3096 3043/3188/3095
f 3024/3169/3076 3025/3170/3077 3045/3190/3097 3044/3189/3096
f 3025/3170/3077 3026/3171/3078 3046/3191/3098 3045/3190/3097
f 3026/3171/3078 3027/3172/3079 3047/3192/3099 3046/3191/3098
f 3027/3172/3079 3028/3173/3080 3048/3193/3100 3047/3192/3099
f 3028/3173/3080 3029/3174/3081 3049/3194/3101 3048/3193/3100
f 3029/3174/3081 3030/3175/3082 3050/3195/3102 3049/3194/3101
f 3030/3175/3082 3031/3176/3083 3051/3196/3103 3050/3195/3102
f 3031/3176/3083 3032/3177/3084 3052/3197/3104 3051/3196/3103
f 3032/3177/3084 3013/3159/3066 3033/3179/3086 3052/3197/3104
f 3033/3179/3086 3034/3178/3085 3054/3198/3105 3053/3199/3106
f 3034/3178/3085 3035/3180/3087 3055/3200/3107 3054/3198/3105
f 3035/3180/3087 3036/3181/3088 3056/3201/3108 3055/3200/3107
f 3036/3181/3088 3037/3182/3089 3057/3202/3109 3056/3201/3108
f 3037/3182/3089 3038/3183/3090 3058/3203/3110 3057/3202/3109
f 3038/3183/3090 3039/3184/3091 3059/3204/3111 3058/3203/3110
f 3039/3184/3091 3040/3185/3092 3060/3205/3112 3059/3204/3111
f 3040/3185/3092 3041/3186/3093 3061/3206/3113 3060/3205/3112
f 3041/3186/3093 3042/3187/3094 3062/3207/3114 3061/3206/3113
f 3042/3187/3094 3043/3188/3095 3063/3208/3115 3062/3207/3114
f 3043/3188/3095 3044/3189/3096 3064/3209/3116 3063/3208/3115
f 3044/3189/3096 3045/3190/3097 3065/3210/3117 3064/3209/3116
f 3045/3190/3097 3046/3191/3098 3066/3211/3118 3065/3210/3117
f 3046/3191/3098 3047/3192/3099 3067/3212/3119 3066/3211/3118
f 3047/3192/3099 3048/3193/3100 3068/3213/3120 3067/3212/3119
f 3048/3193/3100 3049/3194/3101 3069/3214/3121 3068/3213/3120
f 3049/3194/3101 3050/3195/3102 3070/3215/3122 3069/3214/3121
f 3050/3195/3102 3051/3196/3103 3071/3216/3123 3070/3215/3122
f 3051/3196/3103 3052/3197/3104 3072/3217/3124 3071/3216/3123
f 3052/3197/3104 3033/3179/3086 3053/3199/3106 3072/3217/3124
f 3053/3199/3106 3054/3198/3105 3074/3218/3125 3073/3219/3126
f 3054/3198/3105 3055/3200/3107 3075/3220/3127 3074/3218/3125
f 3055/3200/3107 3056/3201/3108 3076/3221/3128 3075/3220/3127
f 3056/3201/3108 3057/3202/3109 3077/3222/3129 3076/3221/3128
f 3057/3202/3109 3058/3203/3110 3078/3223/3130 3077/3222/3129
f 3058/3203/3110 3059/3204/3111 3079/3224/3131 3078/3223/3130
f 3059/3204/3111 3060/3205/3112 3080/3225/3132 3079/3224/3131
f 3060/3205/3112 3061/3206/3113 3081/3226/3133 3080/3225/3132
f 3061/3206/3113 3062/3207/3114 3082/3227/3134 3081/3226/3133
f 3062/3207/3114 3063/3208/3115 3083/3228/3135 3082/3227/3134
f 3063/3208/3115 3064/3209/3116 3084/3229/3136 3083/3228/3135
f 3064/3209/3116 3065/3210/3117 3085/3230/3137 3084/3229/3136
f 3065/3210/3117 3066/3211/3118 3086/3231/3138 3085/3230/3137
f 3066/3211/3118 3067/3212/3119 3087/3232/3139 3086/3231/3138
f 3067/3212/3119 3068/3213/3120 3088/3233/3140 3087/3232/3139
f 3068/3213/3120 3069/3214/3121 3089/3234/3141 3088/3233/3140
f 3069/3214/3121 3070/3215/3122 3090/3235/3142 3089/3234/3141
f 3070/3215/3122 3071/3216/3123 3091/3236/3143 3090/3235/3142
f 3071/3216/3123 3072/3217/3124 3092/3237/3144 3091/3236/3143
f 3072/3217/3124 3053/3199/3106 3073/3219/3126 3092/3237/3144
f 3073/3219/3126 3074/3218/3125 3094/3238/3145 3093/3239/3146
f 3074/3218/3125 3075/3220/3127 3095/3240/3147 3094/3238/3145
f 3075/3220/3127 3076/3221/3128 3096/3241/3148 3095/3240/3147
f 3076/3221/3128 3077/3222/3129 3097/3242/3149 3096/3241/3148
f 3077/3222/3129 3078/3223/3130 3098/3243/3150 3097/3242/3149
f 3078/3223/3130 3079/3224/3131 3099/3244/3151 3098/3243/3150
f 3079/3224/3131 3080/3225/3132 3100/3245/3152 3099/3244/3151
f 3080/3225/3132 3081/3226/3133 3101/3246/3153 3100/3245/3152
f 3081/3226/3133 3082/3227/3134 3102/3247/3154 3101/3246/3153
f 3082/3227/3134 3083/3228/3135 3103/3248/3155 3102/3247/3154
f 3083/3228/3135 3084/3229/3136 3104/3249/3156 3103/3248/3155
f 3084/3229/3136 3085/3230/3137 3105/3250/3157 3104/3249/3156
f 3085/3230/3137 3086/3231/3138 3106/3251/3158 3105/3250/3157
f 3086/3231/3138 3087/3232/3139 3107/3252/3159 3106/3251/3158
f 3087/3232/3139 3088/3233/3140 3108/3253/3160 3107/3252/3159
f 3088/3233/3140 3089/3234/3141 3109/3254/3161 3108/3253/3160
f 3089/3234/3141 3090/3235/3142 3110/3255/3162 3109/3254/3161
f 3090/3235/3142 3091/3236/3143 3111/3256/3163 3110/3255/3162
f 3091/3236/3143 3092/3237/3144 3112/3257/3164 3111/3256/3163
f 3092/3237/3144 3073/3219/3126 3093/3239/3146 3112/3257/3164
f 3093/3239/3146 3094/3238/3145 3114/3258/3165 3113/3259/3166
f 3094/3238/3145 3095/3240/3147 3115/3260/3167 3114/3258/3165
f 3095/3240/3147 3096/3241/3148 3116/3261/3168 3115/3260/3167
f 3096/3241/3148 3097/3242/3149 3117/3262/3169 3116/3261/3168
f 3097/3242/3149 3098/3243/3150 3118/3263/3170 3117/3262/3169
f 3098/3243/3150 3099/3244/3151 3119/3264/3171 3118/3263/3170
f 3099/3244/3151 3100/3245/3152 3120/3265/3172 3119/3264/3171
f 3100/3245/3152 3101/3246/3153 3121/3266/3173 3120/3265/3172
f 3101/3246/3153 3102/3247/3154 3122/3267/3174 3121/3266/3173
f 3102/3247/3154 3103/3248/3155 3123/3268/3175 3122/3267/3174
f 3103/3248/3155 3104/3249/3156 3124/3269/3176 3123/3268/3175
f 3104/3249/3156 3105/3250/3157 3125/3270/3177 3124/3269/3176
f 3105/3250/3157 3106/3251/3158 3126/3271/3178 3125/3270/3177
f 3106/3251/3158 3107/3252/3159 3127/3272/3179 3126/3271/3178
f 3107/3252/3159 3108/3253/3160 3128/3273/3180 3127/3272/3179
f 3108/3253/3160 3109/3254/3161 3129/3274/3181 3128/3273/3180
f 3109/3254/3161 3110/3255/3162 3130/3275/3182 3129/3274/3181
f 3110/3255/3162 3111/3256/3163 3131/3276/3183 3130/3275/3182
f 3111/3256/3163 3112/3257/3164 3132/3277/3184 3131/3276/3183
f 3112/3257/3164 3093/3239/3146 3113/3259/3166 3132/3277/3184
f 3113/3259/3166 3114/3258/3165 3134/3278/3185 3133/3279/3186
f 3114/3258/3165 3115/3260/3167 3135/3280/3187 3134/3278/3185
f 3115/3260/3167 3116/3261/3168 3136/3281/3188 3135/3280/3187
f 3116/3261/3168 3117/3262/3169 3137/3282/3189 3136/3281/3188
f 3117/3262/3169 3118/3263/3170 3138/3283/3190 3137/3282/3189
f 3118/3263/3170 3119/3264/3171 3139/3284/3191 3138/3283/3190
f 3119/3264/3171 3120/3265/3172 3140/3285/3192 3139/3284/3191
f 3120/3265/3172 3121/3266/3173 3141/3286/3193 3140/3285/3192
f 3121/3266/3173 3122/3267/3174 3142/3287/3194 3141/3286/3193
f 3122/3267/3174 3123/3268/3175 3143/3288/3195 3142/3287/3194
f 3123/3268/3175 3124/3269/3176 3144/3289/3196 3143/3288/3195
f 3124/3269/3176 3125/3270/3177 3145/3290/3197 3144/3289/3196
f 3125/3270/3177 3126/3271/3178 3146/3291/3198 3145/3290/3197
f 3126/3271/3178 3127/3272/3179 3147/3292/3199 3146/3291/3198
f 3127/3272/3179 3128/3273/3180 3148/3293/3200 3147/3292/3199
f 3128/3273/3180 3129/3274/3181 3149/3294/3201 3148/3293/3200
f 3129/3274/3181 3130/3275/3182 3150/3295/3202 3149/3294/3201
f 3130/3275/3182 3131/3276/3183 3151/3296/3203 3150/3295/3202
f 3131/3276/3183 3132/3277/3184 3152/3297/3204 3151/3296/3203
f 3132/3277/3184 3113/3259/3166 3133/3279/3186 3152/3297/3204
f 2774/2919/2826 2773/2918/2825 3153/3298/3205
f 2775/2922/2829 2774/3302/2826 3153/3300/3205
f 2776/2924/2831 2775/2922/2829 3153/3300/3205
f 2777/2926/2833 2776/2924/2831 3153/3300/3205
f 2778/2928/2835 2777/2926/2833 3153/3300/3205
f 2779/2930/2837 2778/2928/2835 3153/3300/3205
f 2780/2932/2839 2779/2930/2837 3153/3300/3205
f 2781/2934/2841 2780/2932/2839 3153/3300/3205
f 2782/2936/2843 2781/2934/2841 3153/3300/3205
f 2783/2938/2845 2782/2936/2843 3153/3300/3205
f 2784/2940/2847 2783/2938/2845 3153/3300/3205
f 2785/2942/2849 2784/3301/2847 3153/3298/3205
f 2786/2944/2851 2785/2942/2849 3153/3298/3205
f 2787/2946/2853 2786/2944/2851 3153/3298/3205
f 2788/2948/2855 2787/2946/2853 3153/3298/3205
f 2789/2950/2857 2788/2948/2855 3153/3298/3205
f 2790/2952/2859 2789/2950/2857 3153/3298/3205
f 2791/2954/2861 2790/2952/2859 3153/3298/3205
f 2792/2956/2863 2791/2954/2861 3153/3298/3205
f 2773/2918/2825 2792/2956/2863 3153/3298/3205
f 3133/3279/3186 3134/3278/3185 3154/3299/3206
f 3134/3278/3185 3135/3280/3187 3154/3299/3206
f 3135/3280/3187 3136/3281/3188 3154/3299/3206
f 3136/3281/3188 3137/3282/3189 3154/3299/3206
f 3137/3282/3189 3138/3283/3190 3154/3299/3206
f 3138/3283/3190 3139/3284/3191 3154/3299/3206
f 3139/3284/3191 3140/3285/3192 3154/3299/3206
f 3140/3285/3192 3141/3286/3193 3154/3299/3206
f 3141/3286/3193 3142/3287/3194 3154/3299/3206
f 3142/3287/3194 3143/3288/3195 3154/3299/3206
f 3143/3288/3195 3144/3289/3196 3154/3299/3206
f 3144/3289/3196 3145/3290/3197 3154/3299/3206
f 3145/3290/3197 3146/3291/3198 3154/3299/3206
f 3146/3291/3198 3147/3292/3199 3154/3299/3206
f 3147/3292/3199 3148/3293/3200 3154/3299/3206
f 3148/3293/3200 3149/3294/3201 3154/3299/3206
f 3149/3294/3201 3150/3295/3202 3154/3299/3206
f 3150/3295/3202 3151/3296/3203 3154/3299/3206
f 3151/3296/3203 3152/3297/3204 3154/3299/3206
f 3152/3297/3204 3133/3279/3186 3154/3299/3206
g default
v -0.351934 1.634564 0.679331
v -0.344440 1.649271 0.679331
v -0.332768 1.660943 0.679331
v -0.318060 1.668437 0.679331
v -0.301757 1.671019 0.679331
v -0.285453 1.668437 0.679331
v -0.270746 1.660943 0.679331
v -0.259074 1.649271 0.679331
v -0.251580 1.634564 0.679331
v -0.248998 1.618260 0.679331
v -0.251580 1.601957 0.679331
v -0.259074 1.587249 0.679331
v -0.270746 1.575577 0.679331
v -0.285453 1.568083 0.679331
v -0.301757 1.565501 0.679331
v -0.318060 1.568083 0.679331
v -0.332768 1.575577 0.679331
v -0.344440 1.587249 0.679331
v -0.351934 1.601957 0.679331
v -0.354516 1.618260 0.679331
v -0.400875 1.650466 0.666977
v -0.386072 1.679519 0.666977
v -0.363015 1.702576 0.666977
v -0.333962 1.717379 0.666977
v -0.301757 1.722480 0.666977
v -0.269551 1.717379 0.666977
v -0.240498 1.702576 0.666977
v -0.217442 1.679519 0.666977
v -0.202638 1.650466 0.666977
v -0.197537 1.618261 0.666977
v -0.202638 1.586055 0.666977
v -0.217442 1.557002 0.666977
v -0.240498 1.533945 0.666977
v -0.269551 1.519142 0.666977
v -0.301757 1.514041 0.666977
v -0.333962 1.519142 0.666977
v -0.363015 1.533945 0.666977
v -0.386072 1.557002 0.666977
v -0.400875 1.586055 0.666977
v -0.405976 1.618261 0.666977
v -0.447376 1.665575 0.646724
v -0.425628 1.708258 0.646724
v -0.391754 1.742132 0.646724
v -0.349071 1.763880 0.646724
v -0.301757 1.771373 0.646724
v -0.254442 1.763879 0.646724
v -0.211759 1.742132 0.646724
v -0.177886 1.708258 0.646724
v -0.156138 1.665575 0.646724
v -0.148644 1.618261 0.646724
v -0.156138 1.570946 0.646724
v -0.177886 1.528263 0.646724
v -0.211759 1.494390 0.646724
v -0.254442 1.472641 0.646724
v -0.301757 1.465148 0.646724
v -0.349071 1.472641 0.646724
v -0.391754 1.494390 0.646724
v -0.425628 1.528263 0.646724
v -0.447376 1.570946 0.646724
v -0.454870 1.618261 0.646724
v -0.490291 1.679519 0.619072
v -0.462133 1.734781 0.619072
v -0.418277 1.778637 0.619072
v -0.363015 1.806795 0.619072
v -0.301757 1.816497 0.619072
v -0.240498 1.806794 0.619072
v -0.185236 1.778637 0.619072
v -0.141380 1.734781 0.619072
v -0.113222 1.679519 0.619072
v -0.103520 1.618260 0.619072
v -0.113222 1.557002 0.619072
v -0.141380 1.501740 0.619072
v -0.185236 1.457884 0.619072
v -0.240498 1.429726 0.619072
v -0.301757 1.420024 0.619072
v -0.363015 1.429726 0.619072
v -0.418277 1.457884 0.619072
v -0.462133 1.501740 0.619072
v -0.490291 1.557002 0.619072
v -0.499993 1.618260 0.619072
v -0.528564 1.691955 0.584702
v -0.494690 1.758435 0.584702
v -0.441931 1.811194 0.584702
v -0.375451 1.845068 0.584702
v -0.301757 1.856739 0.584702
v -0.228063 1.845067 0.584702
v -0.161582 1.811194 0.584702
v -0.108823 1.758435 0.584702
v -0.074950 1.691955 0.584702
v -0.063278 1.618261 0.584702
v -0.074950 1.544566 0.584702
v -0.108823 1.478086 0.584702
v -0.161582 1.425327 0.584702
v -0.228063 1.391454 0.584702
v -0.301757 1.379782 0.584702
v -0.375451 1.391454 0.584702
v -0.441931 1.425327 0.584702
v -0.494690 1.478086 0.584702
v -0.528564 1.544566 0.584702
v -0.540236 1.618261 0.584702
v -0.561252 1.702576 0.544460
v -0.522496 1.778637 0.544460
v -0.462133 1.839000 0.544460
v -0.386072 1.877756 0.544460
v -0.301757 1.891110 0.544460
v -0.217442 1.877756 0.544460
v -0.141380 1.839000 0.544460
v -0.081017 1.778637 0.544460
v -0.042262 1.702575 0.544460
v -0.028907 1.618261 0.544460
v -0.042262 1.533945 0.544460
v -0.081017 1.457884 0.544460
v -0.141380 1.397521 0.544460
v -0.217442 1.358766 0.544460
v -0.301757 1.345411 0.544460
v -0.386072 1.358766 0.544460
v -0.462133 1.397521 0.544460
v -0.522496 1.457884 0.544460
v -0.561252 1.533945 0.544460
v -0.574606 1.618261 0.544460
v -0.587550 1.711120 0.499336
v -0.544867 1.794891 0.499336
v -0.478387 1.861371 0.499336
v -0.394617 1.904054 0.499336
v -0.301757 1.918762 0.499336
v -0.208897 1.904054 0.499336
v -0.125127 1.861371 0.499336
v -0.058646 1.794891 0.499336
v -0.015963 1.711120 0.499336
v -0.001256 1.618261 0.499336
v -0.015963 1.525400 0.499336
v -0.058646 1.441630 0.499336
v -0.125127 1.375150 0.499336
v -0.208897 1.332467 0.499336
v -0.301757 1.317760 0.499336
v -0.394617 1.332467 0.499336
v -0.478387 1.375150 0.499336
v -0.544867 1.441630 0.499336
v -0.587550 1.525400 0.499336
v -0.602258 1.618261 0.499336
v -0.606811 1.717379 0.450442
v -0.561252 1.806795 0.450442
v -0.490291 1.877755 0.450442
v -0.400875 1.923315 0.450442
v -0.301757 1.939014 0.450442
v -0.202638 1.923315 0.450442
v -0.113222 1.877755 0.450442
v -0.042262 1.806794 0.450442
v 0.003298 1.717379 0.450442
v 0.018997 1.618260 0.450442
v 0.003298 1.519142 0.450442
v -0.042262 1.429726 0.450442
v -0.113222 1.358765 0.450442
v -0.202638 1.313206 0.450442
v -0.301757 1.297507 0.450442
v -0.400875 1.313206 0.450442
v -0.490291 1.358765 0.450442
v -0.561252 1.429726 0.450442
v -0.606811 1.519142 0.450442
v -0.622510 1.618260 0.450442
v -0.618561 1.721196 0.398982
v -0.571247 1.814056 0.398982
v -0.497553 1.887750 0.398982
v -0.404693 1.935065 0.398982
v -0.301757 1.951368 0.398982
v -0.198821 1.935065 0.398982
v -0.105961 1.887750 0.398982
v -0.032267 1.814056 0.398982
v 0.015048 1.721196 0.398982
v 0.031351 1.618260 0.398982
v 0.015048 1.515324 0.398982
v -0.032267 1.422464 0.398982
v -0.105961 1.348770 0.398982
v -0.198821 1.301456 0.398982
v -0.301757 1.285152 0.398982
v -0.404693 1.301456 0.398982
v -0.497553 1.348770 0.398982
v -0.571247 1.422464 0.398982
v -0.618561 1.515324 0.398982
v -0.634865 1.618260 0.398982
v -0.622510 1.722480 0.346223
v -0.574606 1.816497 0.346223
v -0.499993 1.891110 0.346223
v -0.405976 1.939014 0.346223
v -0.301757 1.955521 0.346223
v -0.197537 1.939014 0.346223
v -0.103520 1.891110 0.346223
v -0.028907 1.816497 0.346223
v 0.018997 1.722480 0.346223
v 0.035504 1.618261 0.346223
v 0.018997 1.514041 0.346223
v -0.028907 1.420024 0.346223
v -0.103520 1.345411 0.346223
v -0.197537 1.297507 0.346223
v -0.301757 1.281000 0.346223
v -0.405976 1.297507 0.346223
v -0.499993 1.345411 0.346223
v -0.574606 1.420024 0.346223
v -0.622510 1.514041 0.346223
v -0.639017 1.618261 0.346223
v -0.618561 1.721196 0.293464
v -0.571247 1.814057 0.293464
v -0.497553 1.887751 0.293464
v -0.404693 1.935065 0.293464
v -0.301757 1.951369 0.293464
v -0.198821 1.935065 0.293464
v -0.105961 1.887751 0.293464
v -0.032267 1.814057 0.293464
v 0.015048 1.721196 0.293464
v 0.031351 1.618261 0.293464
v 0.015048 1.515324 0.293464
v -0.032267 1.422465 0.293464
v -0.105961 1.348770 0.293464
v -0.198821 1.301456 0.293464
v -0.301757 1.285152 0.293464
v -0.404693 1.301456 0.293464
v -0.497553 1.348770 0.293464
v -0.571247 1.422465 0.293464
v -0.618561 1.515324 0.293464
v -0.634865 1.618261 0.293464
v -0.606811 1.717379 0.242004
v -0.561252 1.806795 0.242004
v -0.490291 1.877756 0.242004
v -0.400875 1.923315 0.242004
v -0.301757 1.939014 0.242004
v -0.202638 1.923315 0.242004
v -0.113222 1.877756 0.242004
v -0.042262 1.806795 0.242004
v 0.003298 1.717379 0.242004
v 0.018997 1.618261 0.242004
v 0.003298 1.519142 0.242004
v -0.042262 1.429726 0.242004
v -0.113222 1.358766 0.242004
v -0.202638 1.313206 0.242004
v -0.301757 1.297507 0.242004
v -0.400875 1.313206 0.242004
v -0.490291 1.358766 0.242004
v -0.561252 1.429726 0.242004
v -0.606811 1.519142 0.242004
v -0.622510 1.618261 0.242004
v -0.587550 1.711120 0.193110
v -0.544867 1.794891 0.193110
v -0.478387 1.861371 0.193110
v -0.394617 1.904054 0.193110
v -0.301757 1.918762 0.193110
v -0.208897 1.904054 0.193110
v -0.125127 1.861371 0.193110
v -0.058646 1.794891 0.193110
v -0.015963 1.711120 0.193110
v -0.001256 1.618260 0.193110
v -0.015963 1.525400 0.193110
v -0.058646 1.441630 0.193110
v -0.125127 1.375150 0.193110
v -0.208897 1.332467 0.193110
v -0.301757 1.317759 0.193110
v -0.394617 1.332467 0.193110
v -0.478387 1.375150 0.193110
v -0.544867 1.441630 0.193110
v -0.587550 1.525400 0.193110
v -0.602258 1.618260 0.193110
v -0.561252 1.702576 0.147987
v -0.522496 1.778637 0.147987
v -0.462133 1.839000 0.147987
v -0.386072 1.877756 0.147987
v -0.301757 1.891110 0.147987
v -0.217442 1.877756 0.147987
v -0.141380 1.839000 0.147987
v -0.081017 1.778637 0.147987
v -0.042262 1.702575 0.147987
v -0.028907 1.618261 0.147987
v -0.042262 1.533945 0.147987
v -0.081017 1.457884 0.147987
v -0.141380 1.397521 0.147987
v -0.217442 1.358766 0.147987
v -0.301757 1.345411 0.147987
v -0.386072 1.358766 0.147987
v -0.462133 1.397521 0.147987
v -0.522496 1.457884 0.147987
v -0.561252 1.533945 0.147987
v -0.574606 1.618261 0.147987
v -0.528564 1.691954 0.107744
v -0.494690 1.758435 0.107744
v -0.441931 1.811194 0.107744
v -0.375451 1.845067 0.107744
v -0.301757 1.856739 0.107744
v -0.228063 1.845067 0.107744
v -0.161582 1.811194 0.107744
v -0.108823 1.758435 0.107744
v -0.074950 1.691954 0.107744
v -0.063278 1.618260 0.107744
v -0.074950 1.544566 0.107744
v -0.108823 1.478086 0.107744
v -0.161582 1.425327 0.107744
v -0.228063 1.391453 0.107744
v -0.301757 1.379781 0.107744
v -0.375451 1.391453 0.107744
v -0.441931 1.425327 0.107744
v -0.494690 1.478086 0.107744
v -0.528564 1.544566 0.107744
v -0.540236 1.618260 0.107744
v -0.490291 1.679519 0.073374
v -0.462133 1.734781 0.073374
v -0.418277 1.778637 0.073374
v -0.363015 1.806795 0.073374
v -0.301757 1.816497 0.073374
v -0.240498 1.806795 0.073374
v -0.185236 1.778637 0.073374
v -0.141380 1.734781 0.073374
v -0.113222 1.679519 0.073374
v -0.103520 1.618261 0.073374
v -0.113222 1.557002 0.073374
v -0.141380 1.501740 0.073374
v -0.185236 1.457884 0.073374
v -0.240498 1.429726 0.073374
v -0.301757 1.420024 0.073374
v -0.363015 1.429726 0.073374
v -0.418277 1.457884 0.073374
v -0.462133 1.501740 0.073374
v -0.490291 1.557002 0.073374
v -0.499993 1.618261 0.073374
v -0.447376 1.665575 0.045722
v -0.425628 1.708258 0.045722
v -0.391754 1.742132 0.045722
v -0.349071 1.763879 0.045722
v -0.301757 1.771373 0.045722
v -0.254442 1.763879 0.045722
v -0.211759 1.742131 0.045722
v -0.177886 1.708258 0.045722
v -0.156138 1.665575 0.045722
v -0.148644 1.618260 0.045722
v -0.156138 1.570946 0.045722
v -0.177886 1.528263 0.045722
v -0.211759 1.494389 0.045722
v -0.254442 1.472641 0.045722
v -0.301757 1.465148 0.045722
v -0.349071 1.472641 0.045722
v -0.391754 1.494389 0.045722
v -0.425628 1.528263 0.045722
v -0.447376 1.570946 0.045722
v -0.454870 1.618260 0.045722
v -0.400875 1.650466 0.025470
v -0.386072 1.679519 0.025470
v -0.363015 1.702575 0.025470
v -0.333962 1.717379 0.025470
v -0.301757 1.722480 0.025470
v -0.269551 1.717379 0.025470
v -0.240498 1.702575 0.025470
v -0.217442 1.679519 0.025470
v -0.202638 1.650466 0.025470
v -0.197537 1.618260 0.025470
v -0.202638 1.586055 0.025470
v -0.217442 1.557002 0.025470
v -0.240498 1.533945 0.025470
v -0.269551 1.519142 0.025470
v -0.301757 1.514041 0.025470
v -0.333962 1.519142 0.025470
v -0.363015 1.533945 0.025470
v -0.386072 1.557002 0.025470
v -0.400875 1.586055 0.025470
v -0.405976 1.618260 0.025470
v -0.351934 1.634564 0.013115
v -0.344440 1.649271 0.013115
v -0.332768 1.660943 0.013115
v -0.318060 1.668437 0.013115
v -0.301757 1.671020 0.013115
v -0.285453 1.668437 0.013115
v -0.270746 1.660943 0.013115
v -0.259074 1.649271 0.013115
v -0.251580 1.634564 0.013115
v -0.248998 1.618261 0.013115
v -0.251580 1.601957 0.013115
v -0.259074 1.587249 0.013115
v -0.270746 1.575578 0.013115
v -0.285453 1.568084 0.013115
v -0.301757 1.565502 0.013115
v -0.318060 1.568084 0.013115
v -0.332768 1.575578 0.013115
v -0.344440 1.587249 0.013115
v -0.351934 1.601957 0.013115
v -0.354516 1.618261 0.013115
v -0.301757 1.618261 0.683483
v -0.301757 1.618261 0.008963
vt 0.441850 0.855215
vt 0.440965 0.857168
vt 0.432686 0.855819
vt 0.434405 0.852022
vt 0.440836 0.859242
vt 0.432402 0.859848
vt 0.441479 0.861254
vt 0.433598 0.863780
vt 0.442845 0.863022
vt 0.436195 0.867283
vt 0.444821 0.864381
vt 0.439995 0.870042
vt 0.447235 0.865193
vt 0.444699 0.871781
vt 0.449868 0.865362
vt 0.449918 0.872279
vt 0.452469 0.864846
vt 0.455181 0.871396
vt 0.454770 0.863670
vt 0.459949 0.869107
vt 0.456516 0.861935
vt 0.463644 0.865557
vt 0.457497 0.859818
vt 0.465721 0.861114
vt 0.457593 0.857556
vt 0.465839 0.856352
vt 0.456802 0.855406
vt 0.464048 0.851907
vt 0.455234 0.853602
vt 0.460693 0.848303
vt 0.453081 0.852320
vt 0.456262 0.845868
vt 0.450578 0.851668
vt 0.451265 0.844744
vt 0.447975 0.851682
vt 0.446180 0.844931
vt 0.445514 0.852337
vt 0.441434 0.846328
vt 0.443412 0.853554
vt 0.437404 0.848768
vt 0.424430 0.854442
vt 0.426955 0.848892
vt 0.423967 0.860335
vt 0.425650 0.866111
vt 0.429370 0.871307
vt 0.434855 0.875482
vt 0.441697 0.878238
vt 0.449389 0.879227
vt 0.457310 0.878167
vt 0.464700 0.874887
vt 0.470618 0.869452
vt 0.473995 0.862378
vt 0.474005 0.854769
vt 0.470918 0.847863
vt 0.465540 0.842523
vt 0.458759 0.839129
vt 0.451349 0.837740
vt 0.443949 0.838248
vt 0.437105 0.840456
vt 0.431298 0.844107
vt 0.416190 0.853031
vt 0.419511 0.845799
vt 0.415522 0.860719
vt 0.417644 0.868282
vt 0.422408 0.875132
vt 0.429446 0.880719
vt 0.438255 0.884553
vt 0.448246 0.886184
vt 0.458733 0.885176
vt 0.468839 0.881118
vt 0.477319 0.873776
vt 0.482364 0.863615
vt 0.482025 0.852637
vt 0.477248 0.843115
vt 0.469636 0.836203
vt 0.460518 0.832111
vt 0.450844 0.830679
vt 0.441330 0.831641
vt 0.432576 0.834702
vt 0.425131 0.839543
vt 0.407973 0.851573
vt 0.412099 0.842715
vt 0.407066 0.861012
vt 0.409597 0.870324
vt 0.415346 0.878790
vt 0.423818 0.885771
vt 0.434406 0.890720
vt 0.446469 0.893127
vt 0.459326 0.892433
vt 0.472129 0.887936
vt 0.483530 0.878807
vt 0.490914 0.864835
vt 0.489765 0.849652
vt 0.482808 0.837452
vt 0.472843 0.829295
vt 0.461503 0.824839
vt 0.449775 0.823590
vt 0.438372 0.825117
vt 0.427900 0.829053
vt 0.418942 0.835048
vt 0.399791 0.850051
vt 0.404748 0.839611
vt 0.398604 0.861221
vt 0.401528 0.872265
vt 0.408223 0.882316
vt 0.418022 0.890659
vt 0.430190 0.896732
vt 0.444050 0.900028
vt 0.458975 0.899931
vt 0.474272 0.895495
vt 0.488845 0.885050
vt 0.499796 0.866093
vt 0.496911 0.845201
vt 0.487298 0.830620
vt 0.475038 0.821772
vt 0.461696 0.817348
vt 0.448172 0.816503
vt 0.435122 0.818686
vt 0.423124 0.823497
vt 0.412775 0.830595
vt 0.391667 0.848437
vt 0.397501 0.836448
vt 0.390138 0.861350
vt 0.393458 0.874135
vt 0.401083 0.885746
vt 0.412108 0.895407
vt 0.425651 0.902591
vt 0.441002 0.906855
vt 0.457594 0.907633
vt 0.474933 0.903928
vt 0.492498 0.893418
vt 0.509294 0.867704
vt 0.502538 0.837991
vt 0.490415 0.822351
vt 0.476132 0.813653
vt 0.461092 0.809693
vt 0.446065 0.809453
vt 0.431622 0.812354
vt 0.418295 0.818018
vt 0.406678 0.826153
vt 0.383629 0.846685
vt 0.390409 0.833173
vt 0.381670 0.861400
vt 0.385417 0.875978
vt 0.393981 0.889131
vt 0.406137 0.900047
vt 0.420841 0.908298
vt 0.437352 0.913575
vt 0.455151 0.915463
vt 0.473837 0.913232
vt 0.492988 0.905560
vt 0.519191 0.845438
vt 0.506673 0.825826
vt 0.492036 0.812562
vt 0.476081 0.805030
vt 0.459698 0.801942
vt 0.443483 0.802473
vt 0.427912 0.806127
vt 0.413463 0.812599
vt 0.400707 0.821684
vt 0.375722 0.844720
vt 0.383544 0.829706
vt 0.373194 0.861373
vt 0.377440 0.877855
vt 0.386982 0.892541
vt 0.400174 0.904626
vt 0.415814 0.913868
vt 0.433149 0.920153
vt 0.451689 0.923292
vt 0.471068 0.922966
vt 0.490900 0.918994
vt 0.525033 0.824544
vt 0.508637 0.811744
vt 0.492042 0.801821
vt 0.474866 0.796092
vt 0.457530 0.794178
vt 0.440457 0.795595
vt 0.424035 0.800006
vt 0.408681 0.807216
vt 0.394928 0.817136
vt 0.368014 0.842408
vt 0.377005 0.825931
vt 0.364689 0.861272
vt 0.369581 0.879879
vt 0.380180 0.896082
vt 0.394300 0.909209
vt 0.410632 0.919325
vt 0.428448 0.926563
vt 0.447282 0.930993
vt 0.466767 0.932712
vt 0.486540 0.932337
vt 0.526745 0.804110
vt 0.508153 0.796968
vt 0.490366 0.790628
vt 0.472482 0.787034
vt 0.454604 0.786482
vt 0.437015 0.788848
vt 0.420028 0.793987
vt 0.404006 0.801836
vt 0.389423 0.812439
vt 0.360624 0.839495
vt 0.370928 0.821667
vt 0.356105 0.861096
vt 0.361936 0.882268
vt 0.373712 0.899932
vt 0.388611 0.913895
vt 0.405361 0.924708
vt 0.423307 0.932789
vt 0.442007 0.938457
vt 0.461075 0.942152
vt 0.480129 0.944969
vt 0.524364 0.784266
vt 0.505121 0.782181
vt 0.486976 0.779373
vt 0.468932 0.778033
vt 0.450935 0.778929
vt 0.433181 0.782255
vt 0.415933 0.788060
vt 0.399501 0.796414
vt 0.384289 0.807496
vt 0.353778 0.835468
vt 0.365512 0.816631
vt 0.347331 0.860803
vt 0.354742 0.885511
vt 0.367789 0.904385
vt 0.383219 0.918830
vt 0.400066 0.930081
vt 0.417779 0.938830
vt 0.435935 0.945596
vt 0.454113 0.951057
vt 0.471862 0.956536
vt 0.518011 0.765492
vt 0.499530 0.767883
vt 0.481861 0.768372
vt 0.464217 0.769251
vt 0.446533 0.771588
vt 0.428978 0.775833
vt 0.411789 0.782204
vt 0.395234 0.790888
vt 0.379648 0.802173
vt 0.347956 0.829215
vt 0.361029 0.810401
vt 0.338085 0.860013
vt 0.348843 0.890834
vt 0.362678 0.909935
vt 0.378242 0.924217
vt 0.394811 0.935533
vt 0.411914 0.944703
vt 0.429128 0.952346
vt 0.445984 0.959256
vt 0.461923 0.966789
vt 0.507896 0.748405
vt 0.491414 0.754520
vt 0.475017 0.757910
vt 0.458331 0.760837
vt 0.441399 0.764522
vt 0.424420 0.769589
vt 0.407631 0.776385
vt 0.391280 0.785174
vt 0.375636 0.796296
vt 0.344196 0.818149
vt 0.357806 0.802447
vt 0.331391 0.882861
vt 0.344342 0.901227
vt 0.358522 0.917201
vt 0.373774 0.930290
vt 0.389653 0.941178
vt 0.405751 0.950443
vt 0.421633 0.958660
vt 0.436773 0.966610
vt 0.450494 0.975522
vt 0.494327 0.733678
vt 0.480846 0.742529
vt 0.466443 0.748261
vt 0.451256 0.752938
vt 0.435522 0.757791
vt 0.419512 0.763524
vt 0.403493 0.770554
vt 0.387712 0.779172
vt 0.372403 0.789666
vt 0.342590 0.804213
vt 0.356036 0.792789
vt 0.328003 0.904036
vt 0.341578 0.914312
vt 0.355459 0.926155
vt 0.369896 0.937218
vt 0.384639 0.947144
vt 0.399318 0.956106
vt 0.413483 0.964509
vt 0.426555 0.972998
vt 0.437761 0.982547
vt 0.477744 0.722014
vt 0.467940 0.732376
vt 0.456135 0.739719
vt 0.442957 0.745712
vt 0.428867 0.751453
vt 0.414243 0.757625
vt 0.399398 0.764645
vt 0.384602 0.772767
vt 0.370083 0.782144
vt 0.343524 0.788898
vt 0.355943 0.781678
vt 0.328360 0.924252
vt 0.340917 0.928865
vt 0.353662 0.936584
vt 0.366698 0.945109
vt 0.379806 0.953568
vt 0.392626 0.961769
vt 0.404692 0.969876
vt 0.415394 0.978307
vt 0.423921 0.987685
vt 0.458759 0.714117
vt 0.452872 0.724579
vt 0.444084 0.732623
vt 0.433367 0.739346
vt 0.421371 0.745573
vt 0.408577 0.751866
vt 0.395359 0.758566
vt 0.382022 0.765835
vt 0.368815 0.773649
vt 0.347331 0.773097
vt 0.357789 0.769438
vt 0.332541 0.943327
vt 0.342681 0.944113
vt 0.353346 0.948234
vt 0.364285 0.954038
vt 0.375190 0.960605
vt 0.385672 0.967537
vt 0.395257 0.974764
vt 0.403352 0.982427
vt 0.409200 0.990772
vt 0.438230 0.710637
vt 0.435924 0.719727
vt 0.430296 0.727389
vt 0.422385 0.734074
vt 0.412919 0.740232
vt 0.402441 0.746204
vt 0.391369 0.752191
vt 0.380049 0.758229
vt 0.368771 0.764143
vt 0.354292 0.757483
vt 0.361895 0.756396
vt 0.340284 0.960641
vt 0.347083 0.959404
vt 0.354746 0.960834
vt 0.362799 0.964061
vt 0.370832 0.968439
vt 0.378434 0.973559
vt 0.385157 0.979202
vt 0.390495 0.985266
vt 0.393871 0.991677
vt 0.417328 0.712016
vt 0.417550 0.718452
vt 0.414807 0.724546
vt 0.409857 0.730219
vt 0.403317 0.735535
vt 0.395689 0.740568
vt 0.387388 0.745339
vt 0.378774 0.749761
vt 0.370171 0.753594
vt 0.364607 0.742644
vt 0.368653 0.742839
vt 0.350863 0.975466
vt 0.354076 0.974067
vt 0.358036 0.974056
vt 0.362380 0.975216
vt 0.366767 0.977295
vt 0.370866 0.980058
vt 0.374358 0.983294
vt 0.376927 0.986810
vt 0.378278 0.990400
vt 0.397393 0.718193
vt 0.398418 0.721312
vt 0.397713 0.724736
vt 0.395544 0.728228
vt 0.392215 0.731632
vt 0.388033 0.734833
vt 0.383297 0.737715
vt 0.378298 0.740139
vt 0.373320 0.741921
vt 0.449324 0.858500
vt 0.378795 0.728659
vt 0.378166 0.993823
vt 0.362908 0.987395
vt 0.361519 0.741122
vt 0.394636 0.998268
vt 0.347798 0.755966
vt 0.411826 1.000000
vt 0.337608 0.773358
vt 0.429141 0.998751
vt 0.331407 0.792733
vt 0.446012 0.994483
vt 0.329446 0.813572
vt 0.461911 0.987279
vt 0.331758 0.835747
vt 0.476353 0.977294
vt 0.488884 0.964728
vt 0.499076 0.949802
vt 0.506524 0.932732
vt 0.510854 0.913640
vt 0.511777 0.892348
vn -0.190556 0.061915 0.979722
vn -0.162095 0.117771 0.979722
vn -0.269871 0.196072 0.942722
vn -0.317251 0.103081 0.942722
vn -0.117772 0.162095 0.979722
vn -0.196074 0.269870 0.942722
vn -0.061918 0.190552 0.979722
vn -0.103082 0.317251 0.942723
vn 0.000002 0.200361 0.979722
vn 0.000002 0.333579 0.942722
vn 0.061916 0.190556 0.979722
vn 0.103081 0.317252 0.942722
vn 0.117768 0.162095 0.979722
vn 0.196072 0.269871 0.942723
vn 0.162096 0.117769 0.979722
vn 0.269871 0.196072 0.942722
vn 0.190556 0.061916 0.979722
vn 0.317252 0.103082 0.942722
vn 0.200363 -0.000000 0.979722
vn 0.333577 -0.000000 0.942723
vn 0.190553 -0.061915 0.979722
vn 0.317251 -0.103081 0.942723
vn 0.162097 -0.117769 0.979722
vn 0.269871 -0.196072 0.942722
vn 0.117773 -0.162094 0.979722
vn 0.196074 -0.269871 0.942722
vn 0.061913 -0.190553 0.979722
vn 0.103082 -0.317252 0.942722
vn -0.000005 -0.200361 0.979722
vn -0.000002 -0.333580 0.942722
vn -0.061916 -0.190554 0.979722
vn -0.103083 -0.317252 0.942722
vn -0.117769 -0.162095 0.979722
vn -0.196072 -0.269870 0.942723
vn -0.162096 -0.117769 0.979722
vn -0.269870 -0.196072 0.942723
vn -0.190553 -0.061916 0.979722
vn -0.317250 -0.103081 0.942723
vn -0.200361 -0.000000 0.979722
vn -0.333577 -0.000000 0.942723
vn -0.380847 0.276701 0.882266
vn -0.447713 0.145470 0.882265
vn -0.276702 0.380845 0.882266
vn -0.145471 0.447712 0.882265
vn 0.000002 0.470753 0.882265
vn 0.145471 0.447713 0.882265
vn 0.276702 0.380847 0.882265
vn 0.380847 0.276701 0.882265
vn 0.447712 0.145471 0.882265
vn 0.470751 0.000000 0.882266
vn 0.447712 -0.145470 0.882266
vn 0.380847 -0.276701 0.882265
vn 0.276700 -0.380847 0.882266
vn 0.145471 -0.447711 0.882266
vn -0.000000 -0.470752 0.882266
vn -0.145470 -0.447711 0.882266
vn -0.276700 -0.380845 0.882266
vn -0.380846 -0.276701 0.882266
vn -0.447711 -0.145470 0.882266
vn -0.470752 -0.000000 0.882266
vn -0.485137 0.352472 0.800253
vn -0.570316 0.185306 0.800251
vn -0.352473 0.485137 0.800253
vn -0.185306 0.570314 0.800252
vn 0.000002 0.599663 0.800253
vn 0.185307 0.570314 0.800252
vn 0.352473 0.485138 0.800253
vn 0.485137 0.352473 0.800253
vn 0.570314 0.185306 0.800252
vn 0.599663 -0.000000 0.800252
vn 0.570315 -0.185306 0.800252
vn 0.485139 -0.352474 0.800251
vn 0.352472 -0.485139 0.800252
vn 0.185306 -0.570314 0.800252
vn 0.000000 -0.599664 0.800252
vn -0.185306 -0.570314 0.800252
vn -0.352473 -0.485138 0.800252
vn -0.485139 -0.352474 0.800252
vn -0.570314 -0.185306 0.800252
vn -0.599665 -0.000001 0.800251
vn -0.578713 0.420460 0.698788
vn -0.680318 0.221048 0.698788
vn -0.420460 0.578714 0.698787
vn -0.221048 0.680318 0.698789
vn 0.000001 0.715326 0.698791
vn 0.221048 0.680316 0.698790
vn 0.420459 0.578713 0.698789
vn 0.578712 0.420460 0.698789
vn 0.680318 0.221049 0.698788
vn 0.715328 0.000000 0.698789
vn 0.680317 -0.221048 0.698789
vn 0.578713 -0.420460 0.698788
vn 0.420459 -0.578714 0.698788
vn 0.221048 -0.680318 0.698788
vn 0.000000 -0.715329 0.698788
vn -0.221049 -0.680319 0.698787
vn -0.420460 -0.578714 0.698787
vn -0.578713 -0.420460 0.698788
vn -0.680317 -0.221048 0.698789
vn -0.715329 -0.000000 0.698788
vn -0.658808 0.478652 0.580400
vn -0.774475 0.251642 0.580400
vn -0.478653 0.658809 0.580399
vn -0.251642 0.774476 0.580400
vn 0.000000 0.814330 0.580402
vn 0.251642 0.774475 0.580401
vn 0.478652 0.658808 0.580400
vn 0.658809 0.478652 0.580399
vn 0.774475 0.251642 0.580400
vn 0.814331 -0.000000 0.580401
vn 0.774475 -0.251642 0.580401
vn 0.658808 -0.478653 0.580400
vn 0.478652 -0.658808 0.580400
vn 0.251642 -0.774475 0.580401
vn 0.000000 -0.814332 0.580400
vn -0.251643 -0.774476 0.580399
vn -0.478652 -0.658808 0.580400
vn -0.658807 -0.478652 0.580401
vn -0.774475 -0.251641 0.580401
vn -0.814331 -0.000001 0.580401
vn -0.723290 0.525501 0.447995
vn -0.850280 0.276272 0.447993
vn -0.525502 0.723292 0.447993
vn -0.276273 0.850281 0.447990
vn -0.000000 0.894038 0.447991
vn 0.276273 0.850281 0.447991
vn 0.525502 0.723291 0.447993
vn 0.723291 0.525501 0.447994
vn 0.850279 0.276273 0.447994
vn 0.894036 0.000000 0.447994
vn 0.850279 -0.276272 0.447994
vn 0.723291 -0.525502 0.447994
vn 0.525501 -0.723290 0.447996
vn 0.276272 -0.850279 0.447995
vn 0.000000 -0.894037 0.447993
vn -0.276272 -0.850279 0.447994
vn -0.525502 -0.723290 0.447995
vn -0.723291 -0.525501 0.447994
vn -0.850279 -0.276272 0.447994
vn -0.894037 -0.000000 0.447994
vn -0.770523 0.559819 0.304789
vn -0.905806 0.294313 0.304789
vn -0.559818 0.770524 0.304788
vn -0.294314 0.905806 0.304787
vn 0.000000 0.952420 0.304788
vn 0.294315 0.905806 0.304787
vn 0.559819 0.770524 0.304788
vn 0.770524 0.559818 0.304790
vn 0.905805 0.294314 0.304789
vn 0.952420 -0.000000 0.304788
vn 0.905805 -0.294314 0.304789
vn 0.770524 -0.559819 0.304789
vn 0.559818 -0.770524 0.304789
vn 0.294314 -0.905805 0.304791
vn 0.000000 -0.952419 0.304792
vn -0.294313 -0.905805 0.304790
vn -0.559818 -0.770524 0.304789
vn -0.770524 -0.559819 0.304787
vn -0.905806 -0.294314 0.304788
vn -0.952420 -0.000001 0.304789
vn -0.799335 0.580751 0.154249
vn -0.939675 0.305318 0.154249
vn -0.580750 0.799335 0.154250
vn -0.305319 0.939674 0.154249
vn -0.000000 0.988032 0.154251
vn 0.305319 0.939674 0.154252
vn 0.580750 0.799334 0.154251
vn 0.799334 0.580751 0.154251
vn 0.939674 0.305319 0.154249
vn 0.988032 -0.000000 0.154248
vn 0.939675 -0.305318 0.154248
vn 0.799335 -0.580751 0.154247
vn 0.580751 -0.799335 0.154247
vn 0.305318 -0.939675 0.154248
vn -0.000000 -0.988032 0.154248
vn -0.305319 -0.939674 0.154248
vn -0.580751 -0.799335 0.154247
vn -0.799335 -0.580751 0.154246
vn -0.939675 -0.305318 0.154247
vn -0.988032 -0.000001 0.154249
vn -0.809017 0.587785 0.000001
vn -0.951057 0.309016 0.000001
vn -0.587785 0.809017 0.000001
vn -0.309017 0.951056 0.000001
vn -0.000000 1.000000 0.000002
vn 0.309017 0.951056 0.000003
vn 0.587785 0.809017 0.000001
vn 0.809017 0.587785 0.000000
vn 0.951057 0.309017 0.000001
vn 1.000000 0.000000 0.000000
vn 0.951057 -0.309017 0.000001
vn 0.809017 -0.587785 -0.000001
vn 0.587785 -0.809017 -0.000001
vn 0.309017 -0.951057 -0.000002
vn 0.000000 -1.000000 -0.000003
vn -0.309017 -0.951056 -0.000001
vn -0.587785 -0.809017 -0.000001
vn -0.809017 -0.587786 -0.000001
vn -0.951057 -0.309017 0.000000
vn -1.000000 -0.000001 0.000000
vn -0.799334 0.580751 -0.154249
vn -0.939675 0.305318 -0.154249
vn -0.580751 0.799335 -0.154248
vn -0.305319 0.939675 -0.154246
vn 0.000000 0.988032 -0.154247
vn 0.305319 0.939674 -0.154249
vn 0.580751 0.799335 -0.154250
vn 0.799334 0.580751 -0.154250
vn 0.939674 0.305318 -0.154249
vn 0.988032 0.000000 -0.154249
vn 0.939674 -0.305318 -0.154249
vn 0.799335 -0.580751 -0.154249
vn 0.580751 -0.799334 -0.154250
vn 0.305319 -0.939674 -0.154249
vn 0.000000 -0.988032 -0.154248
vn -0.305319 -0.939674 -0.154249
vn -0.580750 -0.799334 -0.154250
vn -0.799334 -0.580751 -0.154250
vn -0.939674 -0.305319 -0.154249
vn -0.988032 -0.000001 -0.154249
vn -0.770524 0.559818 -0.304790
vn -0.905805 0.294313 -0.304789
vn -0.559818 0.770524 -0.304790
vn -0.294314 0.905805 -0.304789
vn -0.000000 0.952420 -0.304789
vn 0.294314 0.905805 -0.304789
vn 0.559819 0.770524 -0.304789
vn 0.770524 0.559818 -0.304789
vn 0.905805 0.294314 -0.304789
vn 0.952420 0.000000 -0.304789
vn 0.905805 -0.294314 -0.304789
vn 0.770524 -0.559819 -0.304788
vn 0.559819 -0.770524 -0.304789
vn 0.294314 -0.905805 -0.304789
vn 0.000000 -0.952420 -0.304789
vn -0.294314 -0.905805 -0.304789
vn -0.559819 -0.770524 -0.304788
vn -0.770524 -0.559819 -0.304787
vn -0.905805 -0.294314 -0.304789
vn -0.952420 -0.000001 -0.304788
vn -0.723291 0.525501 -0.447995
vn -0.850280 0.276271 -0.447993
vn -0.525501 0.723291 -0.447995
vn -0.276272 0.850279 -0.447994
vn -0.000000 0.894036 -0.447995
vn 0.276273 0.850280 -0.447993
vn 0.525502 0.723291 -0.447993
vn 0.723291 0.525501 -0.447994
vn 0.850279 0.276272 -0.447994
vn 0.894037 -0.000000 -0.447994
vn 0.850280 -0.276273 -0.447993
vn 0.723291 -0.525502 -0.447993
vn 0.525501 -0.723291 -0.447994
vn 0.276272 -0.850279 -0.447994
vn 0.000000 -0.894037 -0.447993
vn -0.276272 -0.850280 -0.447993
vn -0.525502 -0.723292 -0.447992
vn -0.723292 -0.525503 -0.447991
vn -0.850280 -0.276273 -0.447992
vn -0.894037 -0.000001 -0.447993
vn -0.658807 0.478652 -0.580401
vn -0.774475 0.251642 -0.580400
vn -0.478651 0.658808 -0.580401
vn -0.251642 0.774475 -0.580401
vn -0.000000 0.814330 -0.580402
vn 0.251642 0.774474 -0.580402
vn 0.478652 0.658807 -0.580402
vn 0.658808 0.478651 -0.580401
vn 0.774475 0.251642 -0.580400
vn 0.814331 0.000000 -0.580400
vn 0.774475 -0.251642 -0.580401
vn 0.658808 -0.478652 -0.580400
vn 0.478652 -0.658808 -0.580400
vn 0.251643 -0.774475 -0.580400
vn 0.000000 -0.814333 -0.580398
vn -0.251643 -0.774476 -0.580398
vn -0.478652 -0.658808 -0.580400
vn -0.658808 -0.478652 -0.580400
vn -0.774475 -0.251642 -0.580401
vn -0.814331 -0.000000 -0.580400
vn -0.578713 0.420460 -0.698788
vn -0.680319 0.221048 -0.698788
vn -0.420460 0.578714 -0.698787
vn -0.221049 0.680318 -0.698788
vn -0.000000 0.715327 -0.698790
vn 0.221049 0.680316 -0.698790
vn 0.420460 0.578712 -0.698789
vn 0.578713 0.420460 -0.698788
vn 0.680319 0.221049 -0.698787
vn 0.715329 -0.000000 -0.698788
vn 0.680318 -0.221049 -0.698788
vn 0.578713 -0.420460 -0.698788
vn 0.420460 -0.578714 -0.698788
vn 0.221049 -0.680318 -0.698788
vn -0.000000 -0.715329 -0.698788
vn -0.221049 -0.680319 -0.698788
vn -0.420459 -0.578714 -0.698788
vn -0.578713 -0.420460 -0.698788
vn -0.680317 -0.221049 -0.698789
vn -0.715328 -0.000001 -0.698789
vn -0.485138 0.352474 -0.800252
vn -0.570315 0.185306 -0.800251
vn -0.352473 0.485139 -0.800252
vn -0.185307 0.570314 -0.800252
vn -0.000000 0.599663 -0.800253
vn 0.185307 0.570314 -0.800252
vn 0.352474 0.485139 -0.800251
vn 0.485139 0.352474 -0.800251
vn 0.570315 0.185306 -0.800252
vn 0.599663 0.000000 -0.800253
vn 0.570315 -0.185307 -0.800251
vn 0.485139 -0.352474 -0.800251
vn 0.352474 -0.485138 -0.800252
vn 0.185306 -0.570314 -0.800252
vn -0.000000 -0.599662 -0.800253
vn -0.185306 -0.570314 -0.800252
vn -0.352473 -0.485138 -0.800252
vn -0.485138 -0.352474 -0.800252
vn -0.570313 -0.185306 -0.800253
vn -0.599663 -0.000000 -0.800253
vn -0.380845 0.276700 -0.882267
vn -0.447711 0.145469 -0.882266
vn -0.276700 0.380845 -0.882267
vn -0.145470 0.447710 -0.882266
vn 0.000000 0.470750 -0.882267
vn 0.145471 0.447709 -0.882267
vn 0.276700 0.380845 -0.882267
vn 0.380846 0.276701 -0.882266
vn 0.447711 0.145470 -0.882266
vn 0.470751 -0.000000 -0.882266
vn 0.447711 -0.145470 -0.882266
vn 0.380846 -0.276701 -0.882266
vn 0.276701 -0.380847 -0.882266
vn 0.145470 -0.447713 -0.882265
vn 0.000000 -0.470752 -0.882265
vn -0.145470 -0.447712 -0.882266
vn -0.276701 -0.380847 -0.882266
vn -0.380845 -0.276701 -0.882266
vn -0.447710 -0.145470 -0.882267
vn -0.470751 -0.000001 -0.882266
vn -0.269870 0.196073 -0.942722
vn -0.317252 0.103080 -0.942723
vn -0.196072 0.269871 -0.942722
vn -0.103081 0.317252 -0.942723
vn -0.000000 0.333578 -0.942722
vn 0.103082 0.317252 -0.942722
vn 0.196072 0.269871 -0.942723
vn 0.269870 0.196073 -0.942723
vn 0.317253 0.103081 -0.942722
vn 0.333579 -0.000000 -0.942722
vn 0.317251 -0.103081 -0.942723
vn 0.269871 -0.196072 -0.942722
vn 0.196072 -0.269871 -0.942722
vn 0.103080 -0.317252 -0.942722
vn 0.000000 -0.333579 -0.942722
vn -0.103081 -0.317251 -0.942723
vn -0.196072 -0.269871 -0.942722
vn -0.269870 -0.196072 -0.942722
vn -0.317250 -0.103081 -0.942723
vn -0.333578 -0.000001 -0.942722
vn -0.162094 0.117770 -0.979722
vn -0.190555 0.061914 -0.979722
vn -0.117769 0.162096 -0.979722
vn -0.061915 0.190555 -0.979722
vn 0.000000 0.200361 -0.979722
vn 0.061915 0.190556 -0.979722
vn 0.117769 0.162096 -0.979722
vn 0.162094 0.117770 -0.979722
vn 0.190555 0.061915 -0.979722
vn 0.200362 -0.000000 -0.979722
vn 0.190553 -0.061914 -0.979722
vn 0.162095 -0.117769 -0.979722
vn 0.117768 -0.162095 -0.979722
vn 0.061914 -0.190554 -0.979722
vn 0.000000 -0.200361 -0.979722
vn -0.061915 -0.190555 -0.979722
vn -0.117770 -0.162096 -0.979722
vn -0.162096 -0.117770 -0.979722
vn -0.190553 -0.061915 -0.979722
vn -0.200361 -0.000001 -0.979722
vn -0.000000 -0.000000 1.000000
vn -0.000000 0.000000 -1.000000
s 1
g group3 pasted__pSphere22
usemtl initialShadingGroup
f 3155/3319/3207 3156/3320/3208 3176/3321/3209 3175/3322/3210
f 3156/3320/3208 3157/3323/3211 3177/3324/3212 3176/3321/3209
f 3157/3323/3211 3158/3325/3213 3178/3326/3214 3177/3324/3212
f 3158/3325/3213 3159/3327/3215 3179/3328/3216 3178/3326/3214
f 3159/3327/3215 3160/3329/3217 3180/3330/3218 3179/3328/3216
f 3160/3329/3217 3161/3331/3219 3181/3332/3220 3180/3330/3218
f 3161/3331/3219 3162/3333/3221 3182/3334/3222 3181/3332/3220
f 3162/3333/3221 3163/3335/3223 3183/3336/3224 3182/3334/3222
f 3163/3335/3223 3164/3337/3225 3184/3338/3226 3183/3336/3224
f 3164/3337/3225 3165/3339/3227 3185/3340/3228 3184/3338/3226
f 3165/3339/3227 3166/3341/3229 3186/3342/3230 3185/3340/3228
f 3166/3341/3229 3167/3343/3231 3187/3344/3232 3186/3342/3230
f 3167/3343/3231 3168/3345/3233 3188/3346/3234 3187/3344/3232
f 3168/3345/3233 3169/3347/3235 3189/3348/3236 3188/3346/3234
f 3169/3347/3235 3170/3349/3237 3190/3350/3238 3189/3348/3236
f 3170/3349/3237 3171/3351/3239 3191/3352/3240 3190/3350/3238
f 3171/3351/3239 3172/3353/3241 3192/3354/3242 3191/3352/3240
f 3172/3353/3241 3173/3355/3243 3193/3356/3244 3192/3354/3242
f 3173/3355/3243 3174/3357/3245 3194/3358/3246 3193/3356/3244
f 3174/3357/3245 3155/3319/3207 3175/3322/3210 3194/3358/3246
f 3175/3322/3210 3176/3321/3209 3196/3359/3247 3195/3360/3248
f 3176/3321/3209 3177/3324/3212 3197/3361/3249 3196/3359/3247
f 3177/3324/3212 3178/3326/3214 3198/3362/3250 3197/3361/3249
f 3178/3326/3214 3179/3328/3216 3199/3363/3251 3198/3362/3250
f 3179/3328/3216 3180/3330/3218 3200/3364/3252 3199/3363/3251
f 3180/3330/3218 3181/3332/3220 3201/3365/3253 3200/3364/3252
f 3181/3332/3220 3182/3334/3222 3202/3366/3254 3201/3365/3253
f 3182/3334/3222 3183/3336/3224 3203/3367/3255 3202/3366/3254
f 3183/3336/3224 3184/3338/3226 3204/3368/3256 3203/3367/3255
f 3184/3338/3226 3185/3340/3228 3205/3369/3257 3204/3368/3256
f 3185/3340/3228 3186/3342/3230 3206/3370/3258 3205/3369/3257
f 3186/3342/3230 3187/3344/3232 3207/3371/3259 3206/3370/3258
f 3187/3344/3232 3188/3346/3234 3208/3372/3260 3207/3371/3259
f 3188/3346/3234 3189/3348/3236 3209/3373/3261 3208/3372/3260
f 3189/3348/3236 3190/3350/3238 3210/3374/3262 3209/3373/3261
f 3190/3350/3238 3191/3352/3240 3211/3375/3263 3210/3374/3262
f 3191/3352/3240 3192/3354/3242 3212/3376/3264 3211/3375/3263
f 3192/3354/3242 3193/3356/3244 3213/3377/3265 3212/3376/3264
f 3193/3356/3244 3194/3358/3246 3214/3378/3266 3213/3377/3265
f 3194/3358/3246 3175/3322/3210 3195/3360/3248 3214/3378/3266
f 3195/3360/3248 3196/3359/3247 3216/3379/3267 3215/3380/3268
f 3196/3359/3247 3197/3361/3249 3217/3381/3269 3216/3379/3267
f 3197/3361/3249 3198/3362/3250 3218/3382/3270 3217/3381/3269
f 3198/3362/3250 3199/3363/3251 3219/3383/3271 3218/3382/3270
f 3199/3363/3251 3200/3364/3252 3220/3384/3272 3219/3383/3271
f 3200/3364/3252 3201/3365/3253 3221/3385/3273 3220/3384/3272
f 3201/3365/3253 3202/3366/3254 3222/3386/3274 3221/3385/3273
f 3202/3366/3254 3203/3367/3255 3223/3387/3275 3222/3386/3274
f 3203/3367/3255 3204/3368/3256 3224/3388/3276 3223/3387/3275
f 3204/3368/3256 3205/3369/3257 3225/3389/3277 3224/3388/3276
f 3205/3369/3257 3206/3370/3258 3226/3390/3278 3225/3389/3277
f 3206/3370/3258 3207/3371/3259 3227/3391/3279 3226/3390/3278
f 3207/3371/3259 3208/3372/3260 3228/3392/3280 3227/3391/3279
f 3208/3372/3260 3209/3373/3261 3229/3393/3281 3228/3392/3280
f 3209/3373/3261 3210/3374/3262 3230/3394/3282 3229/3393/3281
f 3210/3374/3262 3211/3375/3263 3231/3395/3283 3230/3394/3282
f 3211/3375/3263 3212/3376/3264 3232/3396/3284 3231/3395/3283
f 3212/3376/3264 3213/3377/3265 3233/3397/3285 3232/3396/3284
f 3213/3377/3265 3214/3378/3266 3234/3398/3286 3233/3397/3285
f 3214/3378/3266 3195/3360/3248 3215/3380/3268 3234/3398/3286
f 3215/3380/3268 3216/3379/3267 3236/3399/3287 3235/3400/3288
f 3216/3379/3267 3217/3381/3269 3237/3401/3289 3236/3399/3287
f 3217/3381/3269 3218/3382/3270 3238/3402/3290 3237/3401/3289
f 3218/3382/3270 3219/3383/3271 3239/3403/3291 3238/3402/3290
f 3219/3383/3271 3220/3384/3272 3240/3404/3292 3239/3403/3291
f 3220/3384/3272 3221/3385/3273 3241/3405/3293 3240/3404/3292
f 3221/3385/3273 3222/3386/3274 3242/3406/3294 3241/3405/3293
f 3222/3386/3274 3223/3387/3275 3243/3407/3295 3242/3406/3294
f 3223/3387/3275 3224/3388/3276 3244/3408/3296 3243/3407/3295
f 3224/3388/3276 3225/3389/3277 3245/3409/3297 3244/3408/3296
f 3225/3389/3277 3226/3390/3278 3246/3410/3298 3245/3409/3297
f 3226/3390/3278 3227/3391/3279 3247/3411/3299 3246/3410/3298
f 3227/3391/3279 3228/3392/3280 3248/3412/3300 3247/3411/3299
f 3228/3392/3280 3229/3393/3281 3249/3413/3301 3248/3412/3300
f 3229/3393/3281 3230/3394/3282 3250/3414/3302 3249/3413/3301
f 3230/3394/3282 3231/3395/3283 3251/3415/3303 3250/3414/3302
f 3231/3395/3283 3232/3396/3284 3252/3416/3304 3251/3415/3303
f 3232/3396/3284 3233/3397/3285 3253/3417/3305 3252/3416/3304
f 3233/3397/3285 3234/3398/3286 3254/3418/3306 3253/3417/3305
f 3234/3398/3286 3215/3380/3268 3235/3400/3288 3254/3418/3306
f 3235/3400/3288 3236/3399/3287 3256/3419/3307 3255/3420/3308
f 3236/3399/3287 3237/3401/3289 3257/3421/3309 3256/3419/3307
f 3237/3401/3289 3238/3402/3290 3258/3422/3310 3257/3421/3309
f 3238/3402/3290 3239/3403/3291 3259/3423/3311 3258/3422/3310
f 3239/3403/3291 3240/3404/3292 3260/3424/3312 3259/3423/3311
f 3240/3404/3292 3241/3405/3293 3261/3425/3313 3260/3424/3312
f 3241/3405/3293 3242/3406/3294 3262/3426/3314 3261/3425/3313
f 3242/3406/3294 3243/3407/3295 3263/3427/3315 3262/3426/3314
f 3243/3407/3295 3244/3408/3296 3264/3428/3316 3263/3427/3315
f 3244/3408/3296 3245/3409/3297 3265/3429/3317 3264/3428/3316
f 3245/3409/3297 3246/3410/3298 3266/3430/3318 3265/3429/3317
f 3246/3410/3298 3247/3411/3299 3267/3431/3319 3266/3430/3318
f 3247/3411/3299 3248/3412/3300 3268/3432/3320 3267/3431/3319
f 3248/3412/3300 3249/3413/3301 3269/3433/3321 3268/3432/3320
f 3249/3413/3301 3250/3414/3302 3270/3434/3322 3269/3433/3321
f 3250/3414/3302 3251/3415/3303 3271/3435/3323 3270/3434/3322
f 3251/3415/3303 3252/3416/3304 3272/3436/3324 3271/3435/3323
f 3252/3416/3304 3253/3417/3305 3273/3437/3325 3272/3436/3324
f 3253/3417/3305 3254/3418/3306 3274/3438/3326 3273/3437/3325
f 3254/3418/3306 3235/3400/3288 3255/3420/3308 3274/3438/3326
f 3255/3420/3308 3256/3419/3307 3276/3439/3327 3275/3440/3328
f 3256/3419/3307 3257/3421/3309 3277/3441/3329 3276/3439/3327
f 3257/3421/3309 3258/3422/3310 3278/3442/3330 3277/3441/3329
f 3258/3422/3310 3259/3423/3311 3279/3443/3331 3278/3442/3330
f 3259/3423/3311 3260/3424/3312 3280/3444/3332 3279/3443/3331
f 3260/3424/3312 3261/3425/3313 3281/3445/3333 3280/3444/3332
f 3261/3425/3313 3262/3426/3314 3282/3446/3334 3281/3445/3333
f 3262/3426/3314 3263/3427/3315 3283/3447/3335 3282/3446/3334
f 3263/3427/3315 3264/3428/3316 3284/3448/3336 3283/3447/3335
f 3264/3428/3316 3265/3429/3317 3285/3449/3337 3284/3448/3336
f 3265/3429/3317 3266/3430/3318 3286/3450/3338 3285/3449/3337
f 3266/3430/3318 3267/3431/3319 3287/3451/3339 3286/3450/3338
f 3267/3431/3319 3268/3432/3320 3288/3452/3340 3287/3451/3339
f 3268/3432/3320 3269/3433/3321 3289/3453/3341 3288/3452/3340
f 3269/3433/3321 3270/3434/3322 3290/3454/3342 3289/3453/3341
f 3270/3434/3322 3271/3435/3323 3291/3455/3343 3290/3454/3342
f 3271/3435/3323 3272/3436/3324 3292/3456/3344 3291/3455/3343
f 3272/3436/3324 3273/3437/3325 3293/3457/3345 3292/3456/3344
f 3273/3437/3325 3274/3438/3326 3294/3458/3346 3293/3457/3345
f 3274/3438/3326 3255/3420/3308 3275/3440/3328 3294/3458/3346
f 3275/3440/3328 3276/3439/3327 3296/3459/3347 3295/3460/3348
f 3276/3439/3327 3277/3441/3329 3297/3461/3349 3296/3459/3347
f 3277/3441/3329 3278/3442/3330 3298/3462/3350 3297/3461/3349
f 3278/3442/3330 3279/3443/3331 3299/3463/3351 3298/3462/3350
f 3279/3443/3331 3280/3444/3332 3300/3464/3352 3299/3463/3351
f 3280/3444/3332 3281/3445/3333 3301/3465/3353 3300/3464/3352
f 3281/3445/3333 3282/3446/3334 3302/3466/3354 3301/3465/3353
f 3282/3446/3334 3283/3447/3335 3303/3467/3355 3302/3466/3354
f 3283/3447/3335 3284/3448/3336 3304/3468/3356 3303/3467/3355
f 3284/3448/3336 3285/3449/3337 3305/3469/3357 3304/3468/3356
f 3285/3449/3337 3286/3450/3338 3306/3719/3358 3305/3469/3357
f 3286/3450/3338 3287/3451/3339 3307/3471/3359 3306/3470/3358
f 3287/3451/3339 3288/3452/3340 3308/3472/3360 3307/3471/3359
f 3288/3452/3340 3289/3453/3341 3309/3473/3361 3308/3472/3360
f 3289/3453/3341 3290/3454/3342 3310/3474/3362 3309/3473/3361
f 3290/3454/3342 3291/3455/3343 3311/3475/3363 3310/3474/3362
f 3291/3455/3343 3292/3456/3344 3312/3476/3364 3311/3475/3363
f 3292/3456/3344 3293/3457/3345 3313/3477/3365 3312/3476/3364
f 3293/3457/3345 3294/3458/3346 3314/3478/3366 3313/3477/3365
f 3294/3458/3346 3275/3440/3328 3295/3460/3348 3314/3478/3366
f 3295/3460/3348 3296/3459/3347 3316/3479/3367 3315/3480/3368
f 3296/3459/3347 3297/3461/3349 3317/3481/3369 3316/3479/3367
f 3297/3461/3349 3298/3462/3350 3318/3482/3370 3317/3481/3369
f 3298/3462/3350 3299/3463/3351 3319/3483/3371 3318/3482/3370
f 3299/3463/3351 3300/3464/3352 3320/3484/3372 3319/3483/3371
f 3300/3464/3352 3301/3465/3353 3321/3485/3373 3320/3484/3372
f 3301/3465/3353 3302/3466/3354 3322/3486/3374 3321/3485/3373
f 3302/3466/3354 3303/3467/3355 3323/3487/3375 3322/3486/3374
f 3303/3467/3355 3304/3468/3356 3324/3488/3376 3323/3487/3375
f 3304/3468/3356 3305/3469/3357 3325/3489/3377 3324/3488/3376
f 3305/3469/3357 3306/3719/3358 3326/3718/3378 3325/3489/3377
f 3306/3470/3358 3307/3471/3359 3327/3491/3379 3326/3490/3378
f 3307/3471/3359 3308/3472/3360 3328/3492/3380 3327/3491/3379
f 3308/3472/3360 3309/3473/3361 3329/3493/3381 3328/3492/3380
f 3309/3473/3361 3310/3474/3362 3330/3494/3382 3329/3493/3381
f 3310/3474/3362 3311/3475/3363 3331/3495/3383 3330/3494/3382
f 3311/3475/3363 3312/3476/3364 3332/3496/3384 3331/3495/3383
f 3312/3476/3364 3313/3477/3365 3333/3497/3385 3332/3496/3384
f 3313/3477/3365 3314/3478/3366 3334/3498/3386 3333/3497/3385
f 3314/3478/3366 3295/3460/3348 3315/3480/3368 3334/3498/3386
f 3315/3480/3368 3316/3479/3367 3336/3499/3387 3335/3500/3388
f 3316/3479/3367 3317/3481/3369 3337/3501/3389 3336/3499/3387
f 3317/3481/3369 3318/3482/3370 3338/3502/3390 3337/3501/3389
f 3318/3482/3370 3319/3483/3371 3339/3503/3391 3338/3502/3390
f 3319/3483/3371 3320/3484/3372 3340/3504/3392 3339/3503/3391
f 3320/3484/3372 3321/3485/3373 3341/3505/3393 3340/3504/3392
f 3321/3485/3373 3322/3486/3374 3342/3506/3394 3341/3505/3393
f 3322/3486/3374 3323/3487/3375 3343/3507/3395 3342/3506/3394
f 3323/3487/3375 3324/3488/3376 3344/3508/3396 3343/3507/3395
f 3324/3488/3376 3325/3489/3377 3345/3509/3397 3344/3508/3396
f 3325/3489/3377 3326/3718/3378 3346/3717/3398 3345/3509/3397
f 3326/3490/3378 3327/3491/3379 3347/3511/3399 3346/3510/3398
f 3327/3491/3379 3328/3492/3380 3348/3512/3400 3347/3511/3399
f 3328/3492/3380 3329/3493/3381 3349/3513/3401 3348/3512/3400
f 3329/3493/3381 3330/3494/3382 3350/3514/3402 3349/3513/3401
f 3330/3494/3382 3331/3495/3383 3351/3515/3403 3350/3514/3402
f 3331/3495/3383 3332/3496/3384 3352/3516/3404 3351/3515/3403
f 3332/3496/3384 3333/3497/3385 3353/3517/3405 3352/3516/3404
f 3333/3497/3385 3334/3498/3386 3354/3518/3406 3353/3517/3405
f 3334/3498/3386 3315/3480/3368 3335/3500/3388 3354/3518/3406
f 3335/3500/3388 3336/3499/3387 3356/3519/3407 3355/3520/3408
f 3336/3499/3387 3337/3501/3389 3357/3521/3409 3356/3519/3407
f 3337/3501/3389 3338/3502/3390 3358/3522/3410 3357/3521/3409
f 3338/3502/3390 3339/3503/3391 3359/3523/3411 3358/3522/3410
f 3339/3503/3391 3340/3504/3392 3360/3524/3412 3359/3523/3411
f 3340/3504/3392 3341/3505/3393 3361/3525/3413 3360/3524/3412
f 3341/3505/3393 3342/3506/3394 3362/3526/3414 3361/3525/3413
f 3342/3506/3394 3343/3507/3395 3363/3527/3415 3362/3526/3414
f 3343/3507/3395 3344/3508/3396 3364/3528/3416 3363/3527/3415
f 3344/3508/3396 3345/3509/3397 3365/3529/3417 3364/3528/3416
f 3345/3509/3397 3346/3717/3398 3366/3716/3418 3365/3529/3417
f 3346/3510/3398 3347/3511/3399 3367/3531/3419 3366/3530/3418
f 3347/3511/3399 3348/3512/3400 3368/3532/3420 3367/3531/3419
f 3348/3512/3400 3349/3513/3401 3369/3533/3421 3368/3532/3420
f 3349/3513/3401 3350/3514/3402 3370/3534/3422 3369/3533/3421
f 3350/3514/3402 3351/3515/3403 3371/3535/3423 3370/3534/3422
f 3351/3515/3403 3352/3516/3404 3372/3536/3424 3371/3535/3423
f 3352/3516/3404 3353/3517/3405 3373/3537/3425 3372/3536/3424
f 3353/3517/3405 3354/3518/3406 3374/3538/3426 3373/3537/3425
f 3354/3518/3406 3335/3500/3388 3355/3520/3408 3374/3538/3426
f 3355/3520/3408 3356/3519/3407 3376/3539/3427 3375/3540/3428
f 3356/3519/3407 3357/3521/3409 3377/3541/3429 3376/3539/3427
f 3357/3521/3409 3358/3522/3410 3378/3542/3430 3377/3541/3429
f 3358/3522/3410 3359/3523/3411 3379/3543/3431 3378/3542/3430
f 3359/3523/3411 3360/3524/3412 3380/3544/3432 3379/3543/3431
f 3360/3524/3412 3361/3525/3413 3381/3545/3433 3380/3544/3432
f 3361/3525/3413 3362/3526/3414 3382/3546/3434 3381/3545/3433
f 3362/3526/3414 3363/3527/3415 3383/3547/3435 3382/3546/3434
f 3363/3527/3415 3364/3528/3416 3384/3548/3436 3383/3547/3435
f 3364/3528/3416 3365/3529/3417 3385/3549/3437 3384/3548/3436
f 3365/3529/3417 3366/3716/3418 3386/3715/3438 3385/3549/3437
f 3366/3530/3418 3367/3531/3419 3387/3551/3439 3386/3550/3438
f 3367/3531/3419 3368/3532/3420 3388/3552/3440 3387/3551/3439
f 3368/3532/3420 3369/3533/3421 3389/3553/3441 3388/3552/3440
f 3369/3533/3421 3370/3534/3422 3390/3554/3442 3389/3553/3441
f 3370/3534/3422 3371/3535/3423 3391/3555/3443 3390/3554/3442
f 3371/3535/3423 3372/3536/3424 3392/3556/3444 3391/3555/3443
f 3372/3536/3424 3373/3537/3425 3393/3557/3445 3392/3556/3444
f 3373/3537/3425 3374/3538/3426 3394/3558/3446 3393/3557/3445
f 3374/3538/3426 3355/3520/3408 3375/3540/3428 3394/3558/3446
f 3375/3540/3428 3376/3539/3427 3396/3559/3447 3395/3560/3448
f 3376/3539/3427 3377/3541/3429 3397/3561/3449 3396/3559/3447
f 3377/3541/3429 3378/3542/3430 3398/3562/3450 3397/3561/3449
f 3378/3542/3430 3379/3543/3431 3399/3563/3451 3398/3562/3450
f 3379/3543/3431 3380/3544/3432 3400/3564/3452 3399/3563/3451
f 3380/3544/3432 3381/3545/3433 3401/3565/3453 3400/3564/3452
f 3381/3545/3433 3382/3546/3434 3402/3566/3454 3401/3565/3453
f 3382/3546/3434 3383/3547/3435 3403/3567/3455 3402/3566/3454
f 3383/3547/3435 3384/3548/3436 3404/3568/3456 3403/3567/3455
f 3384/3548/3436 3385/3549/3437 3405/3569/3457 3404/3568/3456
f 3385/3549/3437 3386/3715/3438 3406/3714/3458 3405/3569/3457
f 3386/3550/3438 3387/3551/3439 3407/3571/3459 3406/3570/3458
f 3387/3551/3439 3388/3552/3440 3408/3572/3460 3407/3571/3459
f 3388/3552/3440 3389/3553/3441 3409/3573/3461 3408/3572/3460
f 3389/3553/3441 3390/3554/3442 3410/3574/3462 3409/3573/3461
f 3390/3554/3442 3391/3555/3443 3411/3575/3463 3410/3574/3462
f 3391/3555/3443 3392/3556/3444 3412/3576/3464 3411/3575/3463
f 3392/3556/3444 3393/3557/3445 3413/3577/3465 3412/3576/3464
f 3393/3557/3445 3394/3558/3446 3414/3578/3466 3413/3577/3465
f 3394/3558/3446 3375/3540/3428 3395/3560/3448 3414/3578/3466
f 3395/3560/3448 3396/3559/3447 3416/3579/3467 3415/3580/3468
f 3396/3559/3447 3397/3561/3449 3417/3713/3469 3416/3579/3467
f 3397/3561/3449 3398/3562/3450 3418/3582/3470 3417/3581/3469
f 3398/3562/3450 3399/3563/3451 3419/3583/3471 3418/3582/3470
f 3399/3563/3451 3400/3564/3452 3420/3584/3472 3419/3583/3471
f 3400/3564/3452 3401/3565/3453 3421/3585/3473 3420/3584/3472
f 3401/3565/3453 3402/3566/3454 3422/3586/3474 3421/3585/3473
f 3402/3566/3454 3403/3567/3455 3423/3587/3475 3422/3586/3474
f 3403/3567/3455 3404/3568/3456 3424/3588/3476 3423/3587/3475
f 3404/3568/3456 3405/3569/3457 3425/3589/3477 3424/3588/3476
f 3405/3569/3457 3406/3714/3458 3426/3712/3478 3425/3589/3477
f 3406/3570/3458 3407/3571/3459 3427/3591/3479 3426/3590/3478
f 3407/3571/3459 3408/3572/3460 3428/3592/3480 3427/3591/3479
f 3408/3572/3460 3409/3573/3461 3429/3593/3481 3428/3592/3480
f 3409/3573/3461 3410/3574/3462 3430/3594/3482 3429/3593/3481
f 3410/3574/3462 3411/3575/3463 3431/3595/3483 3430/3594/3482
f 3411/3575/3463 3412/3576/3464 3432/3596/3484 3431/3595/3483
f 3412/3576/3464 3413/3577/3465 3433/3597/3485 3432/3596/3484
f 3413/3577/3465 3414/3578/3466 3434/3598/3486 3433/3597/3485
f 3414/3578/3466 3395/3560/3448 3415/3580/3468 3434/3598/3486
f 3415/3580/3468 3416/3579/3467 3436/3599/3487 3435/3600/3488
f 3416/3579/3467 3417/3713/3469 3437/3711/3489 3436/3599/3487
f 3417/3581/3469 3418/3582/3470 3438/3602/3490 3437/3601/3489
f 3418/3582/3470 3419/3583/3471 3439/3603/3491 3438/3602/3490
f 3419/3583/3471 3420/3584/3472 3440/3604/3492 3439/3603/3491
f 3420/3584/3472 3421/3585/3473 3441/3605/3493 3440/3604/3492
f 3421/3585/3473 3422/3586/3474 3442/3606/3494 3441/3605/3493
f 3422/3586/3474 3423/3587/3475 3443/3607/3495 3442/3606/3494
f 3423/3587/3475 3424/3588/3476 3444/3608/3496 3443/3607/3495
f 3424/3588/3476 3425/3589/3477 3445/3609/3497 3444/3608/3496
f 3425/3589/3477 3426/3712/3478 3446/3710/3498 3445/3609/3497
f 3426/3590/3478 3427/3591/3479 3447/3611/3499 3446/3610/3498
f 3427/3591/3479 3428/3592/3480 3448/3612/3500 3447/3611/3499
f 3428/3592/3480 3429/3593/3481 3449/3613/3501 3448/3612/3500
f 3429/3593/3481 3430/3594/3482 3450/3614/3502 3449/3613/3501
f 3430/3594/3482 3431/3595/3483 3451/3615/3503 3450/3614/3502
f 3431/3595/3483 3432/3596/3484 3452/3616/3504 3451/3615/3503
f 3432/3596/3484 3433/3597/3485 3453/3617/3505 3452/3616/3504
f 3433/3597/3485 3434/3598/3486 3454/3618/3506 3453/3617/3505
f 3434/3598/3486 3415/3580/3468 3435/3600/3488 3454/3618/3506
f 3435/3600/3488 3436/3599/3487 3456/3619/3507 3455/3620/3508
f 3436/3599/3487 3437/3711/3489 3457/3709/3509 3456/3619/3507
f 3437/3601/3489 3438/3602/3490 3458/3622/3510 3457/3621/3509
f 3438/3602/3490 3439/3603/3491 3459/3623/3511 3458/3622/3510
f 3439/3603/3491 3440/3604/3492 3460/3624/3512 3459/3623/3511
f 3440/3604/3492 3441/3605/3493 3461/3625/3513 3460/3624/3512
f 3441/3605/3493 3442/3606/3494 3462/3626/3514 3461/3625/3513
f 3442/3606/3494 3443/3607/3495 3463/3627/3515 3462/3626/3514
f 3443/3607/3495 3444/3608/3496 3464/3628/3516 3463/3627/3515
f 3444/3608/3496 3445/3609/3497 3465/3629/3517 3464/3628/3516
f 3445/3609/3497 3446/3710/3498 3466/3708/3518 3465/3629/3517
f 3446/3610/3498 3447/3611/3499 3467/3631/3519 3466/3630/3518
f 3447/3611/3499 3448/3612/3500 3468/3632/3520 3467/3631/3519
f 3448/3612/3500 3449/3613/3501 3469/3633/3521 3468/3632/3520
f 3449/3613/3501 3450/3614/3502 3470/3634/3522 3469/3633/3521
f 3450/3614/3502 3451/3615/3503 3471/3635/3523 3470/3634/3522
f 3451/3615/3503 3452/3616/3504 3472/3636/3524 3471/3635/3523
f 3452/3616/3504 3453/3617/3505 3473/3637/3525 3472/3636/3524
f 3453/3617/3505 3454/3618/3506 3474/3638/3526 3473/3637/3525
f 3454/3618/3506 3435/3600/3488 3455/3620/3508 3474/3638/3526
f 3455/3620/3508 3456/3619/3507 3476/3639/3527 3475/3640/3528
f 3456/3619/3507 3457/3709/3509 3477/3707/3529 3476/3639/3527
f 3457/3621/3509 3458/3622/3510 3478/3642/3530 3477/3641/3529
f 3458/3622/3510 3459/3623/3511 3479/3643/3531 3478/3642/3530
f 3459/3623/3511 3460/3624/3512 3480/3644/3532 3479/3643/3531
f 3460/3624/3512 3461/3625/3513 3481/3645/3533 3480/3644/3532
f 3461/3625/3513 3462/3626/3514 3482/3646/3534 3481/3645/3533
f 3462/3626/3514 3463/3627/3515 3483/3647/3535 3482/3646/3534
f 3463/3627/3515 3464/3628/3516 3484/3648/3536 3483/3647/3535
f 3464/3628/3516 3465/3629/3517 3485/3649/3537 3484/3648/3536
f 3465/3629/3517 3466/3708/3518 3486/3706/3538 3485/3649/3537
f 3466/3630/3518 3467/3631/3519 3487/3651/3539 3486/3650/3538
f 3467/3631/3519 3468/3632/3520 3488/3652/3540 3487/3651/3539
f 3468/3632/3520 3469/3633/3521 3489/3653/3541 3488/3652/3540
f 3469/3633/3521 3470/3634/3522 3490/3654/3542 3489/3653/3541
f 3470/3634/3522 3471/3635/3523 3491/3655/3543 3490/3654/3542
f 3471/3635/3523 3472/3636/3524 3492/3656/3544 3491/3655/3543
f 3472/3636/3524 3473/3637/3525 3493/3657/3545 3492/3656/3544
f 3473/3637/3525 3474/3638/3526 3494/3658/3546 3493/3657/3545
f 3474/3638/3526 3455/3620/3508 3475/3640/3528 3494/3658/3546
f 3475/3640/3528 3476/3639/3527 3496/3659/3547 3495/3660/3548
f 3476/3639/3527 3477/3707/3529 3497/3705/3549 3496/3659/3547
f 3477/3641/3529 3478/3642/3530 3498/3662/3550 3497/3661/3549
f 3478/3642/3530 3479/3643/3531 3499/3663/3551 3498/3662/3550
f 3479/3643/3531 3480/3644/3532 3500/3664/3552 3499/3663/3551
f 3480/3644/3532 3481/3645/3533 3501/3665/3553 3500/3664/3552
f 3481/3645/3533 3482/3646/3534 3502/3666/3554 3501/3665/3553
f 3482/3646/3534 3483/3647/3535 3503/3667/3555 3502/3666/3554
f 3483/3647/3535 3484/3648/3536 3504/3668/3556 3503/3667/3555
f 3484/3648/3536 3485/3649/3537 3505/3669/3557 3504/3668/3556
f 3485/3649/3537 3486/3706/3538 3506/3704/3558 3505/3669/3557
f 3486/3650/3538 3487/3651/3539 3507/3671/3559 3506/3670/3558
f 3487/3651/3539 3488/3652/3540 3508/3672/3560 3507/3671/3559
f 3488/3652/3540 3489/3653/3541 3509/3673/3561 3508/3672/3560
f 3489/3653/3541 3490/3654/3542 3510/3674/3562 3509/3673/3561
f 3490/3654/3542 3491/3655/3543 3511/3675/3563 3510/3674/3562
f 3491/3655/3543 3492/3656/3544 3512/3676/3564 3511/3675/3563
f 3492/3656/3544 3493/3657/3545 3513/3677/3565 3512/3676/3564
f 3493/3657/3545 3494/3658/3546 3514/3678/3566 3513/3677/3565
f 3494/3658/3546 3475/3640/3528 3495/3660/3548 3514/3678/3566
f 3495/3660/3548 3496/3659/3547 3516/3679/3567 3515/3680/3568
f 3496/3659/3547 3497/3705/3549 3517/3703/3569 3516/3679/3567
f 3497/3661/3549 3498/3662/3550 3518/3682/3570 3517/3681/3569
f 3498/3662/3550 3499/3663/3551 3519/3683/3571 3518/3682/3570
f 3499/3663/3551 3500/3664/3552 3520/3684/3572 3519/3683/3571
f 3500/3664/3552 3501/3665/3553 3521/3685/3573 3520/3684/3572
f 3501/3665/3553 3502/3666/3554 3522/3686/3574 3521/3685/3573
f 3502/3666/3554 3503/3667/3555 3523/3687/3575 3522/3686/3574
f 3503/3667/3555 3504/3668/3556 3524/3688/3576 3523/3687/3575
f 3504/3668/3556 3505/3669/3557 3525/3689/3577 3524/3688/3576
f 3505/3669/3557 3506/3704/3558 3526/3701/3578 3525/3689/3577
f 3506/3670/3558 3507/3671/3559 3527/3691/3579 3526/3690/3578
f 3507/3671/3559 3508/3672/3560 3528/3692/3580 3527/3691/3579
f 3508/3672/3560 3509/3673/3561 3529/3693/3581 3528/3692/3580
f 3509/3673/3561 3510/3674/3562 3530/3694/3582 3529/3693/3581
f 3510/3674/3562 3511/3675/3563 3531/3695/3583 3530/3694/3582
f 3511/3675/3563 3512/3676/3564 3532/3696/3584 3531/3695/3583
f 3512/3676/3564 3513/3677/3565 3533/3697/3585 3532/3696/3584
f 3513/3677/3565 3514/3678/3566 3534/3698/3586 3533/3697/3585
f 3514/3678/3566 3495/3660/3548 3515/3680/3568 3534/3698/3586
f 3156/3320/3208 3155/3319/3207 3535/3699/3587
f 3157/3323/3211 3156/3320/3208 3535/3699/3587
f 3158/3325/3213 3157/3323/3211 3535/3699/3587
f 3159/3327/3215 3158/3325/3213 3535/3699/3587
f 3160/3329/3217 3159/3327/3215 3535/3699/3587
f 3161/3331/3219 3160/3329/3217 3535/3699/3587
f 3162/3333/3221 3161/3331/3219 3535/3699/3587
f 3163/3335/3223 3162/3333/3221 3535/3699/3587
f 3164/3337/3225 3163/3335/3223 3535/3699/3587
f 3165/3339/3227 3164/3337/3225 3535/3699/3587
f 3166/3341/3229 3165/3339/3227 3535/3699/3587
f 3167/3343/3231 3166/3341/3229 3535/3699/3587
f 3168/3345/3233 3167/3343/3231 3535/3699/3587
f 3169/3347/3235 3168/3345/3233 3535/3699/3587
f 3170/3349/3237 3169/3347/3235 3535/3699/3587
f 3171/3351/3239 3170/3349/3237 3535/3699/3587
f 3172/3353/3241 3171/3351/3239 3535/3699/3587
f 3173/3355/3243 3172/3353/3241 3535/3699/3587
f 3174/3357/3245 3173/3355/3243 3535/3699/3587
f 3155/3319/3207 3174/3357/3245 3535/3699/3587
f 3515/3680/3568 3516/3679/3567 3536/3700/3588
f 3516/3679/3567 3517/3703/3569 3536/3700/3588
f 3517/3681/3569 3518/3682/3570 3536/3702/3588
f 3518/3682/3570 3519/3683/3571 3536/3702/3588
f 3519/3683/3571 3520/3684/3572 3536/3702/3588
f 3520/3684/3572 3521/3685/3573 3536/3702/3588
f 3521/3685/3573 3522/3686/3574 3536/3702/3588
f 3522/3686/3574 3523/3687/3575 3536/3702/3588
f 3523/3687/3575 3524/3688/3576 3536/3702/3588
f 3524/3688/3576 3525/3689/3577 3536/3702/3588
f 3525/3689/3577 3526/3701/3578 3536/3702/3588
f 3526/3690/3578 3527/3691/3579 3536/3700/3588
f 3527/3691/3579 3528/3692/3580 3536/3700/3588
f 3528/3692/3580 3529/3693/3581 3536/3700/3588
f 3529/3693/3581 3530/3694/3582 3536/3700/3588
f 3530/3694/3582 3531/3695/3583 3536/3700/3588
f 3531/3695/3583 3532/3696/3584 3536/3700/3588
f 3532/3696/3584 3533/3697/3585 3536/3700/3588
f 3533/3697/3585 3534/3698/3586 3536/3700/3588
f 3534/3698/3586 3515/3680/3568 3536/3700/3588
g default
v -0.252062 0.057611 0.147862
v -0.116205 0.041858 0.191360
v 0.099013 0.121817 0.190562
v 0.324124 0.324436 0.158637
v -0.410878 0.285822 0.185296
v -0.218711 0.340423 0.249214
v -0.001335 0.411705 0.238644
v 0.225406 0.503100 0.193250
v -0.515155 0.605800 0.189211
v -0.325798 0.669107 0.252591
v -0.114034 0.739828 0.241871
v 0.077764 0.793492 0.188522
v -0.525844 0.880842 0.161588
v -0.422054 0.972359 0.194761
v -0.272517 1.022926 0.192674
v -0.114690 1.012000 0.159634
v -0.563109 0.899884 0.065803
v -0.439806 1.013437 0.074422
v -0.291385 1.063950 0.073722
v -0.097367 1.047848 0.065377
v -0.564600 0.899413 -0.066770
v -0.440054 1.013359 -0.077026
v -0.291008 1.064069 -0.076286
v -0.095102 1.048564 -0.066098
v -0.532468 0.878748 -0.168112
v -0.423544 0.971888 -0.210389
v -0.270252 1.023642 -0.208056
v -0.104627 1.015181 -0.165065
v -0.516646 0.605329 -0.190179
v -0.324408 0.670856 -0.252273
v -0.112082 0.737241 -0.242885
v 0.080028 0.794208 -0.189244
v -0.410878 0.285822 -0.185487
v -0.220421 0.343086 -0.249085
v -0.002883 0.409906 -0.241190
v 0.225404 0.503100 -0.193795
v -0.252062 0.057611 -0.146359
v -0.116205 0.041858 -0.178498
v 0.099013 0.121817 -0.190043
v 0.324123 0.324435 -0.163748
v -0.245257 0.028938 -0.062910
v -0.100921 0.000000 -0.071747
v 0.112751 0.081343 -0.073319
v 0.329819 0.319097 -0.066239
v -0.245257 0.028938 0.062719
v -0.100921 0.000000 0.073891
v 0.112751 0.081343 0.073406
v 0.329819 0.319097 0.065694
v 0.243275 0.511365 -0.068476
v 0.243275 0.511365 0.068476
v 0.110920 0.802060 -0.068219
v 0.110542 0.801940 0.068159
v -0.437734 0.279007 -0.067480
v -0.437734 0.279007 0.067386
v -0.546427 0.594238 -0.068310
v -0.546179 0.594317 0.068208
v -0.153566 0.441270 0.426351
v -0.056493 0.500548 0.327238
v -0.122803 0.652779 0.348572
v -0.219911 0.593250 0.447686
v -0.202051 0.614258 -0.424005
v -0.103070 0.621905 -0.340688
v -0.074643 0.479723 -0.356884
v -0.173590 0.472327 -0.440199
v -0.076276 0.454897 0.390860
v -0.058622 0.592875 0.333747
v -0.164630 0.649553 0.422077
v -0.182283 0.511576 0.479190
v -0.137041 0.642330 -0.397613
v -0.057502 0.554903 -0.348481
v -0.104381 0.462447 -0.421569
v -0.183920 0.549874 -0.470701
v 0.516629 0.462450 -0.159064
v 0.516629 0.462450 -0.080689
v 0.437183 0.595908 -0.183342
v 0.437184 0.595908 -0.085544
v 0.516629 0.462449 0.079748
v 0.516629 0.462449 0.153421
v 0.437184 0.595907 0.085544
v 0.437184 0.595907 0.182400
v 0.570425 0.460220 -0.161727
v 0.570425 0.460220 -0.076278
v 0.541541 0.637831 -0.183342
v 0.541541 0.637831 -0.085545
v 0.570426 0.460220 0.075675
v 0.570426 0.460220 0.155407
v 0.541541 0.637830 0.085544
v 0.541541 0.637830 0.182400
v 0.646472 0.457505 -0.158458
v 0.646472 0.457506 -0.081297
v 0.624733 0.596185 -0.167338
v 0.624734 0.596185 -0.097773
v 0.646473 0.457506 0.080472
v 0.646473 0.457506 0.152696
v 0.624734 0.596185 0.097563
v 0.624734 0.596185 0.165874
v 0.523494 0.185375 -0.154209
v 0.523494 0.185375 -0.080689
v 0.601887 0.184869 -0.158620
v 0.601887 0.184869 -0.076278
v 0.523495 0.185375 0.079748
v 0.523495 0.185375 0.147625
v 0.601888 0.184869 0.075675
v 0.601888 0.184869 0.151698
v 0.531035 0.073564 -0.144679
v 0.531035 0.073564 -0.090220
v 0.608399 0.070039 -0.154209
v 0.608399 0.070039 -0.080690
v 0.531036 0.073564 0.088547
v 0.531036 0.073564 0.138826
v 0.608399 0.070039 0.079748
v 0.608399 0.070039 0.147625
v 0.649250 0.151897 -0.144679
v 0.649250 0.151897 -0.090220
v 0.678530 0.088982 -0.090220
v 0.678530 0.088982 -0.144679
v 0.649251 0.151897 0.088547
v 0.649251 0.151897 0.138826
v 0.678530 0.088982 0.138826
v 0.678530 0.088982 0.088547
v -0.001681 0.501280 0.507545
v 0.050055 0.502613 0.452312
v 0.077635 0.555825 0.406086
v 0.064903 0.629744 0.395945
v 0.019317 0.681070 0.427829
v -0.032419 0.679736 0.483061
v -0.059999 0.626525 0.529287
v -0.047267 0.552606 0.539429
v -0.042621 0.648693 -0.506895
v -0.006025 0.673141 -0.460797
v 0.038619 0.649982 -0.421652
v 0.065161 0.592784 -0.412389
v 0.058051 0.535052 -0.438434
v 0.021454 0.510605 -0.484531
v -0.023191 0.533764 -0.523676
v -0.049731 0.590961 -0.532940
v 0.083730 0.541360 0.506119
v 0.126931 0.542473 0.459998
v 0.149962 0.586907 0.421397
v 0.139330 0.648633 0.412929
v 0.101263 0.691491 0.439553
v 0.058062 0.690378 0.485674
v 0.035032 0.645945 0.524275
v 0.045664 0.584220 0.532744
v 0.048751 0.664957 -0.518595
v 0.079310 0.685371 -0.480103
v 0.116589 0.666033 -0.447415
v 0.138752 0.618270 -0.439679
v 0.132816 0.570062 -0.461428
v 0.102256 0.549648 -0.499921
v 0.064976 0.568986 -0.532609
v 0.042814 0.616748 -0.540344
v -0.078139 0.577620 -0.332625
v -0.198711 0.437337 -0.352292
v -0.138599 0.454236 -0.422770
v -0.101639 0.454821 -0.383989
v -0.207283 0.568769 -0.444676
v -0.198444 0.516482 -0.452311
v 0.432718 0.407053 -0.159064
v 0.529870 0.440207 -0.117449
v 0.432718 0.407053 -0.080689
v 0.346201 0.537614 -0.183341
v 0.476905 0.529179 -0.185884
v 0.346203 0.537614 -0.085544
v 0.423943 0.618151 -0.136871
v 0.476907 0.529179 -0.068436
v 0.432718 0.407053 0.079748
v 0.529869 0.440207 0.113687
v 0.432718 0.407053 0.153421
v 0.346203 0.537614 0.085544
v 0.476906 0.529179 0.068435
v 0.346203 0.537614 0.182400
v 0.423943 0.618150 0.136870
v 0.476906 0.529179 0.182121
v 0.554311 0.486802 -0.159064
v 0.562266 0.429476 -0.117449
v 0.554311 0.486802 -0.080689
v 0.496079 0.628951 -0.183342
v 0.559584 0.565676 -0.185884
v 0.496080 0.628951 -0.085545
v 0.535526 0.661882 -0.136871
v 0.559585 0.565676 -0.068436
v 0.554311 0.486802 0.079748
v 0.562267 0.429476 0.113687
v 0.554311 0.486802 0.153421
v 0.496080 0.628950 0.085544
v 0.559585 0.565676 0.068435
v 0.496080 0.628950 0.182400
v 0.535527 0.661882 0.136870
v 0.559585 0.565676 0.182121
v 0.522586 0.061632 -0.117449
v 0.559292 0.065189 -0.154209
v 0.610702 0.055883 -0.117449
v 0.559292 0.065189 -0.080690
v 0.592215 0.623637 -0.183342
v 0.609300 0.457213 -0.171318
v 0.592216 0.623637 -0.085545
v 0.609300 0.457213 -0.068436
v 0.522587 0.061632 0.113687
v 0.559292 0.065189 0.079748
v 0.610702 0.055883 0.113687
v 0.559292 0.065189 0.147625
v 0.592216 0.623637 0.085544
v 0.609301 0.457213 0.068435
v 0.592216 0.623637 0.182400
v 0.609301 0.457213 0.164734
v 0.549544 0.315959 -0.154209
v 0.511259 0.184189 -0.117449
v 0.549544 0.315959 -0.080689
v 0.622957 0.323074 -0.154209
v 0.560201 0.188933 -0.166462
v 0.622957 0.323074 -0.080690
v 0.613651 0.209124 -0.117449
v 0.560201 0.188933 -0.068436
v 0.549544 0.315959 0.079748
v 0.511259 0.184189 0.113687
v 0.549544 0.315959 0.147625
v 0.622957 0.323074 0.079748
v 0.560201 0.188933 0.068435
v 0.622957 0.323074 0.147625
v 0.613652 0.209124 0.113687
v 0.560201 0.188933 0.158938
v 0.518470 0.104099 -0.154209
v 0.518470 0.104099 -0.080689
v 0.601489 0.112506 -0.166462
v 0.648617 0.163912 -0.117449
v 0.671362 0.121445 -0.080690
v 0.694106 0.078977 -0.117449
v 0.671362 0.121445 -0.154209
v 0.601489 0.112506 -0.068436
v 0.518470 0.104099 0.079748
v 0.518470 0.104099 0.147625
v 0.601489 0.112506 0.068435
v 0.648618 0.163912 0.113687
v 0.671362 0.121444 0.147625
v 0.694106 0.078977 0.113687
v 0.671362 0.121444 0.079748
v 0.601489 0.112506 0.158938
v 0.627249 0.160035 -0.080690
v 0.627249 0.160035 -0.154209
v 0.657836 0.075101 -0.080690
v 0.657836 0.075101 -0.154209
v 0.627250 0.160035 0.147625
v 0.627250 0.160035 0.079748
v 0.657836 0.075101 0.147625
v 0.657836 0.075101 0.079748
v -0.026382 0.472899 0.420620
v 0.025402 0.494897 0.480896
v -0.081524 0.471478 0.479488
v 0.003013 0.529613 0.371350
v 0.068193 0.524324 0.426158
v -0.010557 0.608398 0.360541
v 0.076204 0.592912 0.395748
v -0.059145 0.663103 0.394524
v 0.044740 0.660482 0.407478
v -0.114286 0.661681 0.453392
v -0.007765 0.687453 0.454477
v -0.143681 0.604968 0.502662
v -0.050556 0.658026 0.509215
v -0.130111 0.526183 0.513471
v -0.058567 0.589439 0.539625
v -0.027104 0.521869 0.527895
v -0.085558 0.654274 -0.427355
v -0.026854 0.666372 -0.484729
v -0.124563 0.628218 -0.476487
v -0.037976 0.629591 -0.385633
v 0.016975 0.667067 -0.438741
v -0.009687 0.568628 -0.375760
v 0.055380 0.623715 -0.412624
v -0.017264 0.507095 -0.403519
v 0.065864 0.561709 -0.421678
v -0.056270 0.481039 -0.452651
v 0.042284 0.517374 -0.460599
v -0.103854 0.505723 -0.494373
v -0.001546 0.516679 -0.506588
v -0.132141 0.566685 -0.504247
v -0.039951 0.560031 -0.532704
v -0.050433 0.622036 -0.523651
v 0.106786 0.521949 0.460107
v 0.056185 0.520645 0.514128
v 0.133761 0.573993 0.414895
v 0.121308 0.646290 0.404976
v 0.076722 0.696489 0.436161
v 0.026122 0.695185 0.490181
v -0.000853 0.643142 0.535393
v 0.011600 0.570845 0.545312
v 0.051500 0.689010 -0.475469
v 0.015707 0.665099 -0.520554
v 0.095164 0.666359 -0.437182
v 0.121123 0.610417 -0.428122
v 0.114170 0.553952 -0.453596
v 0.078376 0.530041 -0.498681
v 0.034711 0.552692 -0.536968
v 0.008753 0.608634 -0.546028
v -0.194060 0.031723 0.167461
v -0.162059 0.167434 0.218030
v -0.330312 0.306268 0.215460
v -0.320711 0.137856 0.164014
v -0.014517 0.067426 0.197656
v 0.057798 0.243239 0.216739
v -0.097460 0.337839 0.253957
v 0.212391 0.218422 0.174287
v 0.281151 0.397760 0.186986
v 0.115251 0.454866 0.215273
v -0.296484 0.495123 0.268173
v -0.436021 0.635844 0.218494
v -0.475520 0.441858 0.192867
v 0.113776 0.548552 0.481718
v 0.145166 0.570138 0.441566
v 0.151042 0.620450 0.419258
v 0.127962 0.670016 0.427863
v 0.089447 0.689800 0.462339
v 0.058058 0.668214 0.502491
v 0.052182 0.617903 0.524799
v 0.075262 0.568337 0.516194
v 0.147462 0.638815 0.192476
v -0.005614 0.772875 0.216727
v -0.030438 0.585496 0.244342
v -0.382734 0.844718 0.221019
v -0.486738 0.937431 0.179697
v -0.530307 0.777482 0.176811
v -0.234672 0.741133 0.260007
v -0.200954 0.904581 0.218863
v -0.350003 1.001719 0.198827
v -0.032057 0.935484 0.175233
v -0.191526 1.033396 0.177079
v -0.437347 1.014215 0.142619
v -0.512109 0.974784 0.069841
v -0.548354 0.904549 0.123578
v -0.294025 1.063116 0.141120
v -0.368804 1.043064 0.075602
v -0.113203 1.042842 0.122132
v -0.199833 1.076383 0.069123
v -0.440626 1.013178 -0.000000
v -0.513103 0.974470 -0.071678
v -0.568027 0.898330 0.000000
v -0.290505 1.064229 -0.000000
v -0.368804 1.043064 -0.078462
v -0.092088 1.049517 0.000000
v -0.198323 1.076860 -0.070796
v -0.438340 1.013901 -0.153037
v -0.492700 0.935546 -0.190718
v -0.554316 0.902665 -0.127447
v -0.292515 1.063593 -0.151375
v -0.350003 1.001719 -0.215991
v -0.104146 1.045705 -0.125017
v -0.182469 1.036258 -0.187116
v -0.383727 0.844404 -0.231438
v -0.437015 0.635530 -0.220331
v -0.536269 0.775598 -0.180681
v -0.199445 0.905058 -0.229118
v -0.230540 0.740038 -0.259300
v -0.023000 0.938347 -0.178119
v -0.004105 0.773352 -0.218400
v -0.296689 0.500781 -0.266976
v -0.330312 0.306268 -0.214327
v -0.475520 0.441858 -0.192867
v 0.074471 0.674952 -0.499890
v 0.106621 0.675462 -0.466155
v 0.134793 0.643661 -0.446998
v 0.142484 0.598177 -0.453639
v 0.125187 0.565655 -0.482189
v 0.093036 0.565146 -0.515924
v 0.064864 0.596946 -0.535082
v 0.057174 0.642430 -0.528440
v 0.147461 0.638815 -0.192476
v 0.115250 0.454866 -0.215859
v -0.030234 0.579838 -0.246590
v -0.162059 0.167434 -0.209455
v -0.194060 0.031723 -0.160666
v -0.320711 0.137856 -0.164777
v -0.101592 0.338935 -0.257180
v 0.057798 0.243239 -0.216393
v -0.014517 0.067426 -0.189282
v 0.281150 0.397760 -0.190393
v 0.212391 0.218422 -0.177803
v -0.100921 0.000000 -0.131921
v -0.173560 -0.007171 -0.066703
v -0.245257 0.028938 -0.112133
v 0.112751 0.081343 -0.139509
v -0.000925 0.024434 -0.074048
v 0.338448 0.299994 -0.120769
v 0.226431 0.185937 -0.069278
v -0.100921 0.000000 0.000000
v -0.173560 -0.007171 0.067836
v -0.245257 0.028938 -0.000000
v 0.112751 0.081343 0.000000
v -0.000925 0.024434 0.075443
v 0.297273 0.304024 0.000000
v 0.226431 0.185937 0.068692
v -0.100921 0.000000 0.140496
v -0.245257 0.028938 0.111369
v 0.112751 0.081343 0.139855
v 0.338448 0.299994 0.117362
v 0.658862 0.457603 -0.119877
v 0.643894 0.550326 -0.171203
v 0.632022 0.605427 -0.134444
v 0.643895 0.550326 -0.083117
v 0.309192 0.419144 -0.051326
v 0.226933 0.506523 0.000000
v 0.309192 0.419144 0.051326
v 0.658863 0.457603 0.116584
v 0.643895 0.550326 0.082646
v 0.632022 0.605427 0.133972
v 0.643895 0.550326 0.167911
v 0.239269 0.546013 -0.136998
v 0.109412 0.801583 -0.135242
v 0.175779 0.647768 -0.068690
v 0.111422 0.802219 0.000000
v 0.175779 0.647768 0.068690
v 0.239271 0.546013 0.136997
v 0.107903 0.801106 0.134999
v 0.014302 0.946312 -0.066297
v 0.012793 0.945834 0.066055
v -0.342428 0.134341 -0.064361
v -0.437734 0.279007 -0.132924
v -0.342428 0.134341 0.063982
v -0.437734 0.279007 0.000000
v -0.437734 0.279007 0.132545
v -0.503837 0.432906 -0.068690
v -0.544713 0.594780 -0.135604
v -0.503837 0.432906 0.068690
v -0.546998 0.594057 0.000000
v -0.543720 0.595094 0.135197
v -0.571194 0.761205 -0.066659
v -0.570201 0.761519 0.066252
v -0.067273 0.473821 0.290299
v -0.076444 0.460083 0.352025
v -0.112529 0.435269 0.398183
v -0.188025 0.420692 0.344525
v -0.135799 0.660288 0.302296
v -0.088100 0.614779 0.327734
v -0.061568 0.557800 0.317843
v -0.256695 0.606155 0.356527
v -0.199847 0.633835 0.426859
v -0.163763 0.658650 0.380701
v -0.188191 0.479140 0.451150
v -0.214723 0.536119 0.461042
v -0.125113 0.643642 -0.298381
v -0.137984 0.639867 -0.362167
v -0.174942 0.639281 -0.400947
v -0.247017 0.617398 -0.344121
v -0.076951 0.462577 -0.306559
v -0.069298 0.525334 -0.340260
v -0.255560 0.148403 0.197634
v -0.055293 0.196402 0.223310
v 0.170271 0.315876 0.201578
v -0.390568 0.468716 0.221951
v 0.113331 0.622713 0.470990
v 0.062510 0.611957 0.220383
v -0.466366 0.807748 0.206478
v -0.293601 0.877684 0.224822
v -0.106780 0.923347 0.204121
v -0.502272 0.977894 0.131946
v -0.368804 1.043063 0.145482
v -0.210391 1.073045 0.130114
v -0.515388 0.973747 -0.000000
v -0.368804 1.043063 -0.000000
v -0.196314 1.077495 -0.000000
v -0.506247 0.976637 -0.139293
v -0.368804 1.043063 -0.156925
v -0.204352 1.074954 -0.136806
v -0.470340 0.806492 -0.213826
v -0.293601 0.877684 -0.236264
v -0.100742 0.925255 -0.210812
v -0.390568 0.468716 -0.221951
v 0.111459 0.623897 -0.492361
v 0.062509 0.611957 -0.220383
v -0.255560 0.148403 -0.193105
v -0.055293 0.196402 -0.217728
v 0.170271 0.315876 -0.203922
v -0.173560 -0.007171 -0.119396
v -0.000925 0.024434 -0.139265
v 0.226431 0.185937 -0.130734
v -0.173560 -0.007171 -0.000000
v -0.000925 0.024434 0.000000
v 0.226431 0.185937 0.000000
v -0.173560 -0.007171 0.123925
v -0.000925 0.024434 0.144848
v 0.226431 0.185937 0.128389
v 0.656750 0.547159 -0.127160
v 0.282436 0.401414 -0.000000
v 0.656750 0.547159 0.125278
v 0.175778 0.647767 -0.137380
v 0.175779 0.647768 0.000000
v 0.175779 0.647768 0.137380
v 0.008273 0.944405 -0.127809
v 0.016312 0.946947 0.000000
v 0.002235 0.942497 0.126839
v -0.342428 0.134341 -0.120575
v -0.342428 0.134341 -0.000000
v -0.342428 0.134341 0.119058
v -0.503837 0.432906 -0.137380
v -0.503837 0.432906 0.000000
v -0.503837 0.432906 0.137380
v -0.564339 0.763373 -0.129255
v -0.573480 0.760483 0.000000
v -0.560365 0.764629 0.127629
v -0.115227 0.418216 0.321743
v -0.082743 0.577735 0.287589
v -0.208291 0.662244 0.340925
v -0.240774 0.502725 0.375079
v -0.191764 0.657860 -0.326655
v -0.081925 0.555102 -0.296582
v -0.131754 0.422600 -0.340217
v -0.241592 0.525358 -0.370290
v 0.447137 0.385293 -0.117448
v 0.389459 0.472334 -0.185883
v 0.331783 0.559374 -0.136870
v 0.389461 0.472334 -0.068435
v 0.447137 0.385293 0.113687
v 0.389460 0.472333 0.068435
v 0.331783 0.559374 0.136870
v 0.389460 0.472333 0.182121
v 0.564016 0.463111 -0.117449
v 0.525195 0.557877 -0.185884
v 0.486375 0.652642 -0.136871
v 0.525196 0.557876 -0.068436
v 0.564017 0.463111 0.113687
v 0.525196 0.557876 0.068435
v 0.486376 0.652641 0.136870
v 0.525196 0.557876 0.182121
v 0.560664 0.051034 -0.117449
v 0.605328 0.559829 -0.185884
v 0.587844 0.644906 -0.136871
v 0.605329 0.559829 -0.068436
v 0.560664 0.051034 0.113687
v 0.605329 0.559829 0.068435
v 0.587844 0.644906 0.136870
v 0.605329 0.559829 0.182121
v 0.537308 0.314773 -0.117449
v 0.586250 0.319516 -0.166462
v 0.635192 0.324260 -0.117449
v 0.586250 0.319516 -0.068436
v 0.537309 0.314773 0.113687
v 0.586251 0.319516 0.068435
v 0.635193 0.324260 0.113687
v 0.586251 0.319516 0.158938
v 0.506234 0.102913 -0.117449
v 0.555176 0.107656 -0.166462
v 0.680968 0.122737 -0.117449
v 0.555176 0.107656 -0.068436
v 0.506235 0.102913 0.113687
v 0.555177 0.107657 0.068435
v 0.680968 0.122736 0.113687
v 0.555177 0.107657 0.158938
v 0.622152 0.174191 -0.117449
v 0.642543 0.117568 -0.068436
v 0.662933 0.060945 -0.117449
v 0.642543 0.117568 -0.166462
v 0.622153 0.174191 0.113687
v 0.642543 0.117568 0.158938
v 0.662933 0.060945 0.113687
v 0.642543 0.117568 0.068435
v -0.052659 0.464674 0.451085
v -0.007051 0.496039 0.392744
v 0.001487 0.569141 0.360332
v -0.032048 0.641159 0.372834
v -0.088010 0.669906 0.422927
v -0.133618 0.638542 0.481268
v -0.142155 0.565440 0.513681
v -0.108621 0.493421 0.501179
v -0.107758 0.647060 -0.452863
v -0.061045 0.647801 -0.403846
v -0.020111 0.601595 -0.376010
v -0.008937 0.535508 -0.385660
v -0.034069 0.488253 -0.427144
v -0.080785 0.487513 -0.476160
v -0.121718 0.533719 -0.503996
v -0.132890 0.599806 -0.494346
v 0.082673 0.514402 0.488063
v 0.124526 0.543183 0.434527
v 0.132361 0.610266 0.404784
v 0.101588 0.676353 0.416257
v 0.050234 0.702732 0.462225
v 0.008382 0.673951 0.515761
v 0.000547 0.606869 0.545504
v 0.031320 0.540781 0.534032
v 0.031128 0.682390 -0.498876
v 0.073995 0.683070 -0.453896
v 0.111557 0.640668 -0.428352
v 0.121811 0.580024 -0.437208
v 0.098749 0.536661 -0.475275
v 0.055880 0.535981 -0.520254
v 0.018318 0.578382 -0.545798
v 0.008066 0.639027 -0.536943
vt 0.279232 0.252513
vt 0.276293 0.244198
vt 0.295900 0.249362
vt 0.291442 0.260211
vt 0.275174 0.233501
vt 0.299540 0.234145
vt 0.333561 0.244558
vt 0.321456 0.261685
vt 0.310686 0.273829
vt 0.269844 0.221141
vt 0.296452 0.217719
vt 0.262093 0.205038
vt 0.288512 0.199581
vt 0.330068 0.199912
vt 0.329911 0.220888
vt 0.252610 0.185001
vt 0.278609 0.180080
vt 0.246321 0.160915
vt 0.270996 0.158064
vt 0.302350 0.156126
vt 0.314177 0.177017
vt 0.340751 0.282778
vt 0.325568 0.291413
vt 0.357821 0.274234
vt 0.377444 0.307067
vt 0.354971 0.305744
vt 0.338270 0.309003
vt 0.424418 0.243652
vt 0.429969 0.241358
vt 0.441153 0.251966
vt 0.426424 0.248364
vt 0.431971 0.238209
vt 0.439231 0.239912
vt 0.443922 0.240475
vt 0.452241 0.248376
vt 0.452433 0.257253
vt 0.449633 0.260550
vt 0.446619 0.266002
vt 0.443082 0.265632
vt 0.437918 0.267759
vt 0.434993 0.264108
vt 0.429249 0.262847
vt 0.428616 0.257267
vt 0.423941 0.253291
vt 0.452752 0.383269
vt 0.451064 0.351578
vt 0.340316 0.156226
vt 0.421582 0.398202
vt 0.423557 0.375610
vt 0.418578 0.345475
vt 0.358200 0.328516
vt 0.345699 0.327406
vt 0.373356 0.332368
vt 0.363253 0.349831
vt 0.355457 0.344669
vt 0.348427 0.339260
vt 0.398845 0.324847
vt 0.384582 0.342653
vt 0.394365 0.355624
vt 0.377139 0.364343
vt 0.370665 0.356231
vt 0.400153 0.372099
vt 0.400584 0.387628
vt 0.388025 0.382618
vt 0.382362 0.373893
vt 0.349745 0.351790
vt 0.343055 0.344285
vt 0.356772 0.357222
vt 0.349114 0.363625
vt 0.342071 0.356404
vt 0.335038 0.348125
vt 0.363154 0.363307
vt 0.368845 0.370587
vt 0.361552 0.378052
vt 0.355429 0.370515
vt 0.374274 0.379267
vt 0.382101 0.388287
vt 0.376588 0.396895
vt 0.368366 0.387080
vt 0.334001 0.362200
vt 0.326875 0.353581
vt 0.340727 0.370317
vt 0.331996 0.377139
vt 0.326231 0.368753
vt 0.319447 0.360176
vt 0.346876 0.377793
vt 0.353091 0.385469
vt 0.343666 0.392292
vt 0.337519 0.384720
vt 0.360404 0.394612
vt 0.368548 0.404916
vt 0.358976 0.411205
vt 0.351154 0.400955
vt 0.319192 0.375334
vt 0.313341 0.366999
vt 0.323071 0.383696
vt 0.313907 0.388598
vt 0.310465 0.379371
vt 0.306828 0.371251
vt 0.327696 0.391290
vt 0.333804 0.398433
vt 0.325274 0.405381
vt 0.318508 0.397272
vt 0.341789 0.405779
vt 0.349461 0.415283
vt 0.342359 0.420012
vt 0.334520 0.412837
vt 0.293299 0.378916
vt 0.295962 0.365982
vt 0.294917 0.394154
vt 0.268738 0.393518
vt 0.273253 0.370370
vt 0.280240 0.354811
vt 0.302256 0.407456
vt 0.312872 0.419842
vt 0.297314 0.440735
vt 0.281671 0.418042
vt 0.328612 0.429300
vt 0.344535 0.433010
vt 0.349054 0.455168
vt 0.326145 0.451985
vt 0.254117 0.351944
vt 0.266048 0.338820
vt 0.242333 0.368196
vt 0.219806 0.335850
vt 0.238506 0.327520
vt 0.252610 0.319956
vt 0.211011 0.437979
vt 0.208512 0.442481
vt 0.197246 0.439540
vt 0.207705 0.435098
vt 0.208824 0.446110
vt 0.203414 0.448096
vt 0.200745 0.450588
vt 0.191953 0.448091
vt 0.187550 0.441028
vt 0.188353 0.437155
vt 0.187743 0.431291
vt 0.190439 0.430005
vt 0.192652 0.425524
vt 0.196031 0.426956
vt 0.200022 0.424889
vt 0.202730 0.429046
vt 0.207253 0.429852
vt 0.145444 0.331933
vt 0.159559 0.348427
vt 0.355586 0.482198
vt 0.141867 0.282073
vt 0.159419 0.298569
vt 0.178363 0.319888
vt 0.232905 0.299002
vt 0.244036 0.297648
vt 0.217527 0.298562
vt 0.223833 0.273666
vt 0.233173 0.278110
vt 0.239873 0.283534
vt 0.198597 0.326232
vt 0.203177 0.291122
vt 0.187377 0.279283
vt 0.198758 0.254871
vt 0.212118 0.265890
vt 0.170753 0.264944
vt 0.151185 0.252212
vt 0.159750 0.229138
vt 0.181564 0.241006
vt 0.236648 0.269095
vt 0.243364 0.277042
vt 0.228878 0.263826
vt 0.235511 0.256248
vt 0.242654 0.263431
vt 0.249549 0.271936
vt 0.218611 0.255370
vt 0.205741 0.243439
vt 0.213592 0.232466
vt 0.225737 0.245870
vt 0.189170 0.228523
vt 0.166260 0.215265
vt 0.173564 0.198975
vt 0.197659 0.215439
vt 0.250664 0.256734
vt 0.257467 0.265513
vt 0.244266 0.248502
vt 0.254072 0.241559
vt 0.259169 0.250378
vt 0.265530 0.259319
vt 0.235056 0.236560
vt 0.224211 0.222177
vt 0.236741 0.214347
vt 0.246402 0.229480
vt 0.210523 0.204064
vt 0.195383 0.184255
vt 0.214889 0.166768
vt 0.224570 0.194416
vt 0.266521 0.245566
vt 0.271871 0.254546
vt 0.263903 0.236373
vt 0.257858 0.224455
vt 0.249305 0.209411
vt 0.238877 0.189447
vt 0.231661 0.163875
vt 0.079469 0.190758
vt 0.074295 0.183964
vt 0.077698 0.259974
vt 0.086276 0.178849
vt 0.078150 0.243129
vt 0.084018 0.254432
vt 0.087313 0.260879
vt 0.083829 0.266954
vt 0.090015 0.172165
vt 0.182952 0.168245
vt 0.196720 0.154856
vt 0.166600 0.178308
vt 0.155728 0.157076
vt 0.168486 0.149600
vt 0.178879 0.139074
vt 0.279940 0.085152
vt 0.287435 0.082051
vt 0.212975 0.069600
vt 0.289543 0.093584
vt 0.230688 0.073755
vt 0.217385 0.077234
vt 0.209948 0.079164
vt 0.203909 0.074341
vt 0.294902 0.098385
vt 0.141269 0.152612
vt 0.374305 0.478202
vt 0.393717 0.470778
vt 0.364376 0.452777
vt 0.379671 0.446311
vt 0.411503 0.460011
vt 0.426253 0.445423
vt 0.393709 0.437149
vt 0.405895 0.425696
vt 0.311292 0.146115
vt 0.438154 0.428543
vt 0.415729 0.412458
vt 0.356696 0.431916
vt 0.368200 0.426442
vt 0.379211 0.418512
vt 0.389323 0.409492
vt 0.397034 0.399331
vt 0.251736 0.293652
vt 0.259772 0.287467
vt 0.271659 0.305346
vt 0.261872 0.313411
vt 0.268882 0.280315
vt 0.277893 0.273142
vt 0.292149 0.289073
vt 0.281885 0.297167
vt 0.285624 0.266882
vt 0.302171 0.281401
vt 0.274189 0.330360
vt 0.283777 0.321285
vt 0.295995 0.335943
vt 0.287123 0.345170
vt 0.293917 0.312609
vt 0.304649 0.304702
vt 0.316338 0.319910
vt 0.305788 0.327427
vt 0.315594 0.297426
vt 0.327323 0.313447
vt 0.301155 0.357076
vt 0.308634 0.349224
vt 0.317436 0.341973
vt 0.326571 0.335266
vt 0.335926 0.330094
vt 0.356315 0.226774
vt 0.359341 0.245131
vt 0.359408 0.210143
vt 0.374574 0.212913
vt 0.372058 0.222830
vt 0.379263 0.229900
vt 0.373961 0.235758
vt 0.375982 0.246023
vt 0.444750 0.330154
vt 0.423551 0.322713
vt 0.424569 0.310690
vt 0.437144 0.316835
vt 0.445075 0.314231
vt 0.450135 0.321538
vt 0.404334 0.306681
vt 0.387868 0.291352
vt 0.394784 0.281034
vt 0.402503 0.290010
vt 0.410072 0.292693
vt 0.413072 0.302083
vt 0.373152 0.267633
vt 0.381864 0.257205
vt 0.389026 0.262239
vt 0.388437 0.269540
vt 0.264318 0.422014
vt 0.252998 0.403742
vt 0.273741 0.442309
vt 0.261575 0.444221
vt 0.257116 0.432585
vt 0.248935 0.428327
vt 0.248699 0.419924
vt 0.242538 0.410221
vt 0.168915 0.363829
vt 0.184807 0.353086
vt 0.187314 0.370272
vt 0.177272 0.372438
vt 0.172180 0.380231
vt 0.166492 0.376376
vt 0.201101 0.357880
vt 0.216429 0.365451
vt 0.215752 0.383974
vt 0.207461 0.379129
vt 0.201705 0.380984
vt 0.197098 0.372005
vt 0.234920 0.385072
vt 0.233814 0.401460
vt 0.227109 0.400506
vt 0.224614 0.392546
vt 0.134492 0.214238
vt 0.137545 0.203871
vt 0.131809 0.225629
vt 0.107615 0.227024
vt 0.107923 0.215354
vt 0.110389 0.204831
vt 0.129490 0.245024
vt 0.127586 0.263154
vt 0.113547 0.260958
vt 0.111363 0.244618
vt 0.134469 0.161153
vt 0.139752 0.171609
vt 0.120706 0.173667
vt 0.120775 0.162690
vt 0.140944 0.186817
vt 0.117512 0.188999
vt 0.238706 0.132660
vt 0.249957 0.132818
vt 0.228537 0.133011
vt 0.236326 0.106908
vt 0.246460 0.107084
vt 0.257324 0.109590
vt 0.211306 0.132074
vt 0.196908 0.127163
vt 0.203681 0.109212
vt 0.219310 0.109900
vt 0.299047 0.137580
vt 0.287418 0.137828
vt 0.288707 0.123745
vt 0.298702 0.126870
vt 0.269402 0.135292
vt 0.273462 0.117613
vt 0.095958 0.215702
vt 0.098252 0.201649
vt 0.096308 0.230904
vt 0.090229 0.227992
vt 0.086198 0.216130
vt 0.091362 0.204856
vt 0.102633 0.247648
vt 0.105139 0.263212
vt 0.099241 0.264012
vt 0.097699 0.249169
vt 0.111291 0.160125
vt 0.110432 0.171196
vt 0.103637 0.170122
vt 0.103736 0.159019
vt 0.107177 0.186320
vt 0.101504 0.184811
vt 0.249806 0.095421
vt 0.263803 0.099543
vt 0.236368 0.094366
vt 0.241312 0.088586
vt 0.252744 0.085893
vt 0.262386 0.092932
vt 0.219332 0.099232
vt 0.203874 0.098658
vt 0.204537 0.091820
vt 0.219298 0.093377
vt 0.302684 0.119612
vt 0.292939 0.116179
vt 0.295149 0.110678
vt 0.305106 0.113082
vt 0.278512 0.109893
vt 0.281187 0.105483
vt 0.024706 0.213601
vt 0.024553 0.217227
vt 0.019922 0.217265
vt 0.021113 0.211937
vt 0.024763 0.220850
vt 0.021196 0.222573
vt 0.015186 0.224119
vt 0.013303 0.217318
vt 0.015082 0.210486
vt 0.090251 0.251956
vt 0.083601 0.235573
vt 0.092915 0.262166
vt 0.095012 0.160485
vt 0.096352 0.171434
vt 0.093225 0.182185
vt 0.084793 0.197763
vt 0.272465 0.027460
vt 0.269225 0.026424
vt 0.270389 0.022047
vt 0.274949 0.024459
vt 0.265899 0.025715
vt 0.265232 0.021877
vt 0.265360 0.015703
vt 0.272056 0.015771
vt 0.277903 0.019034
vt 0.218848 0.084739
vt 0.236122 0.080530
vt 0.207630 0.085093
vt 0.304948 0.104759
vt 0.294875 0.104115
vt 0.285704 0.098982
vt 0.271345 0.088458
vt 0.061005 0.216882
vt 0.060731 0.209330
vt 0.060829 0.224447
vt 0.038485 0.224395
vt 0.039298 0.217104
vt 0.038376 0.209830
vt 0.059990 0.231795
vt 0.058261 0.238942
vt 0.030537 0.237722
vt 0.036298 0.231153
vt 0.055627 0.187954
vt 0.058330 0.194977
vt 0.030258 0.196618
vt 0.031248 0.188722
vt 0.059972 0.202043
vt 0.036098 0.203102
vt 0.259838 0.061574
vt 0.266613 0.063305
vt 0.253108 0.059698
vt 0.259032 0.037939
vt 0.265505 0.040419
vt 0.272356 0.041480
vt 0.246274 0.057375
vt 0.239839 0.054300
vt 0.247943 0.026950
vt 0.252959 0.034175
vt 0.288022 0.064238
vt 0.281004 0.064863
vt 0.287427 0.037410
vt 0.293924 0.041150
vt 0.273791 0.064517
vt 0.279491 0.041215
vt 0.029553 0.217186
vt 0.028712 0.211786
vt 0.028797 0.222599
vt 0.025608 0.227108
vt 0.019838 0.230710
vt 0.014368 0.238242
vt 0.013478 0.243306
vt 0.000815 0.201562
vt 0.008084 0.231899
vt 0.014065 0.196366
vt 0.007869 0.202815
vt 0.004435 0.209843
vt -0.000000 0.217423
vt 0.004547 0.224930
vt 0.025456 0.207329
vt 0.019636 0.203817
vt 0.267968 0.031152
vt 0.273093 0.031729
vt 0.263234 0.029109
vt 0.259710 0.024896
vt 0.257730 0.018421
vt 0.251756 0.011384
vt 0.247116 0.009634
vt 0.290398 0.008083
vt 0.259586 0.006727
vt 0.291849 0.022016
vt 0.287366 0.014099
vt 0.281360 0.008992
vt 0.275456 0.002972
vt 0.267340 0.005271
vt 0.278243 0.029820
vt 0.283174 0.025176
vt 0.021414 0.189642
vt 0.021061 0.238109
vt 0.020765 0.196389
vt 0.013294 0.202614
vt 0.008100 0.210392
vt 0.005863 0.217377
vt 0.008204 0.224323
vt 0.013512 0.232013
vt 0.295981 0.031427
vt 0.250237 0.017820
vt 0.289971 0.028353
vt 0.286069 0.019357
vt 0.279802 0.012324
vt 0.273950 0.008641
vt 0.267040 0.008936
vt 0.258102 0.011936
vt 0.392090 0.236672
vt 0.392428 0.244225
vt 0.393559 0.229612
vt 0.413652 0.232286
vt 0.409927 0.237499
vt 0.408069 0.243442
vt 0.396444 0.223007
vt 0.400046 0.216488
vt 0.425426 0.223835
vt 0.418997 0.227806
vt 0.457433 0.303315
vt 0.449843 0.300633
vt 0.456469 0.279539
vt 0.463568 0.279629
vt 0.441676 0.299114
vt 0.433319 0.296689
vt 0.441810 0.281466
vt 0.449096 0.280873
vt 0.425207 0.292607
vt 0.417934 0.287660
vt 0.428099 0.278213
vt 0.434746 0.280589
vt 0.411341 0.281717
vt 0.405684 0.274880
vt 0.416845 0.269284
vt 0.422064 0.274381
vt 0.401046 0.267439
vt 0.397318 0.259753
vt 0.409720 0.256695
vt 0.412730 0.263205
vt 0.394438 0.252010
vt 0.408102 0.249958
vt 0.237154 0.427532
vt 0.233098 0.420463
vt 0.239768 0.434732
vt 0.225277 0.442422
vt 0.224764 0.436004
vt 0.222914 0.429762
vt 0.241889 0.442149
vt 0.243703 0.449619
vt 0.223503 0.455300
vt 0.224730 0.448883
vt 0.165434 0.398295
vt 0.172159 0.396680
vt 0.173991 0.421173
vt 0.168706 0.424269
vt 0.178443 0.394178
vt 0.184828 0.392251
vt 0.183603 0.413274
vt 0.178772 0.417047
vt 0.191446 0.391897
vt 0.198008 0.392717
vt 0.194163 0.409269
vt 0.188746 0.410581
vt 0.204387 0.394651
vt 0.210783 0.398200
vt 0.205347 0.411192
vt 0.199747 0.409443
vt 0.216913 0.402841
vt 0.222772 0.408093
vt 0.215580 0.418730
vt 0.210707 0.414430
vt 0.228160 0.414009
vt 0.219761 0.423921
vt 0.421373 0.238642
vt 0.418328 0.243011
vt 0.426306 0.235775
vt 0.432669 0.234538
vt 0.440061 0.235163
vt 0.460196 0.258313
vt 0.454428 0.262542
vt 0.450547 0.267237
vt 0.445548 0.270543
vt 0.440257 0.272075
vt 0.434776 0.271775
vt 0.429418 0.269591
vt 0.424595 0.265646
vt 0.420800 0.260386
vt 0.418180 0.254445
vt 0.417344 0.248444
vt 0.215765 0.440768
vt 0.215545 0.435541
vt 0.214259 0.445693
vt 0.211247 0.450134
vt 0.206798 0.453437
vt 0.180216 0.441901
vt 0.182634 0.436830
vt 0.183737 0.431374
vt 0.185975 0.426439
vt 0.188843 0.422546
vt 0.192644 0.420040
vt 0.197020 0.419053
vt 0.201762 0.419757
vt 0.206414 0.422083
vt 0.210549 0.425820
vt 0.213717 0.430452
vt 0.202336 0.457492
vt 0.222654 0.461766
vt 0.448078 0.236299
vt 0.431953 0.219289
vt 0.245166 0.456419
vt 0.263747 0.456083
vt 0.404179 0.210118
vt 0.381134 0.204123
vt 0.296743 0.022791
vt 0.243477 0.017529
vt 0.240405 0.027056
vt 0.013108 0.191312
vt 0.021779 0.244835
vt 0.031562 0.245586
vt 0.259941 0.000000
vt 0.001051 0.233264
vt 0.234009 0.050460
vt 0.225653 0.067518
vt 0.055489 0.246015
vt 0.072930 0.250028
vt 0.301437 0.096505
vt 0.197343 0.081100
vt 0.193750 0.089179
vt 0.086805 0.165091
vt 0.091060 0.272270
vt 0.099114 0.274418
vt 0.192933 0.096757
vt 0.193032 0.106563
vt 0.106061 0.273668
vt 0.114118 0.271588
vt 0.188097 0.119458
vt 0.178140 0.123956
vt 0.124491 0.274553
vt 0.129959 0.288423
vt 0.273804 0.463785
vt 0.294691 0.472053
vt 0.376649 0.197177
vt 0.363518 0.188127
vt 0.157021 0.118212
vt 0.164186 0.107849
vt 0.338981 0.144924
vt 0.446561 0.411548
vt 0.140928 0.130718
vt 0.149330 0.124923
vt 0.133075 0.318930
vt 0.122381 0.315007
vt 0.129115 0.135093
vt 0.296107 0.088910
vt 0.079814 0.172474
vt 0.326213 0.481229
vt 0.350084 0.171222
vn -0.524563 -0.601322 0.602699
vn -0.253594 -0.513067 0.820032
vn -0.255975 -0.286967 0.923107
vn -0.534021 -0.456104 0.711892
vn -0.042350 -0.412644 0.909907
vn -0.101294 -0.225651 0.968928
vn -0.245299 -0.334844 0.909784
vn -0.277239 -0.217521 0.935854
vn -0.531229 -0.322596 0.783407
vn 0.140289 -0.371465 0.917787
vn 0.071529 -0.166870 0.983381
vn 0.300806 -0.337803 0.891855
vn 0.181681 -0.111529 0.977013
vn 0.279914 -0.063467 0.957925
vn 0.153545 -0.295695 0.942862
vn 0.400106 -0.322614 0.857809
vn 0.213796 -0.085566 0.973124
vn 0.393746 -0.373029 0.840127
vn 0.186550 -0.097658 0.977580
vn 0.232943 0.165368 0.958327
vn 0.196377 0.009241 0.980485
vn -0.319865 -0.112681 0.940739
vn -0.554305 -0.189605 0.810429
vn -0.584288 -0.207719 0.784513
vn -0.416978 0.108294 0.902442
vn -0.330327 -0.003448 0.943860
vn -0.595348 -0.074340 0.800021
vn 0.634383 -0.144953 0.759307
vn 0.727204 -0.102739 0.678689
vn 0.715541 0.215818 0.664397
vn 0.596835 0.040562 0.801338
vn 0.835750 -0.217210 0.504323
vn 0.907537 -0.073306 0.413526
vn 0.995248 -0.074051 0.063222
vn 0.949341 0.207035 0.236408
vn 0.883012 0.435554 -0.174878
vn 0.813469 0.497361 0.301495
vn 0.666044 0.668907 0.330075
vn 0.610644 0.553865 0.565992
vn 0.498180 0.563556 0.658955
vn 0.517671 0.386370 0.763371
vn 0.407799 0.340229 0.847316
vn 0.543821 0.203373 0.814185
vn 0.451607 0.052149 0.890691
vn 0.226912 0.087795 0.969950
vn 0.352900 0.114686 0.928606
vn 0.463124 0.228042 0.856454
vn 0.501707 0.328769 0.800126
vn 0.223765 0.182472 0.957410
vn 0.220436 0.257336 0.940843
vn -0.326775 0.070595 0.942462
vn -0.632790 0.027761 0.773826
vn -0.198992 0.120194 0.972602
vn -0.250553 0.312121 0.916408
vn -0.433637 0.276806 0.857518
vn -0.691121 0.174684 0.701311
vn -0.073294 0.373845 0.924591
vn -0.043118 0.190037 0.980830
vn 0.093381 0.232900 0.968007
vn 0.011915 0.424528 0.905336
vn -0.113893 0.362260 0.925093
vn 0.191313 0.275064 0.942199
vn 0.440698 0.456088 0.773155
vn 0.383392 0.608326 0.694946
vn 0.156461 0.511957 0.844642
vn -0.661912 0.666784 0.342450
vn -0.908144 0.256731 0.330702
vn -0.437702 0.820952 0.366680
vn -0.430867 0.902391 0.006649
vn -0.678067 0.733127 0.052433
vn -0.959503 0.258047 0.112985
vn -0.297550 0.882851 0.363370
vn -0.143330 0.923651 0.355423
vn -0.193585 0.981061 0.006638
vn -0.322486 0.946574 0.000817
vn 0.103202 0.938254 0.330193
vn 0.486271 0.810665 0.326134
vn 0.523543 0.844755 0.110865
vn 0.084633 0.995116 0.050800
vn -0.669723 0.742603 0.003520
vn -0.964943 0.262332 0.008184
vn -0.427912 0.903820 0.000448
vn -0.429421 0.903094 -0.004291
vn -0.672361 0.739434 -0.034173
vn -0.961918 0.262364 -0.076670
vn -0.322199 0.946672 0.000065
vn -0.196077 0.980588 0.000633
vn -0.195558 0.980686 -0.003498
vn -0.322355 0.946619 -0.000493
vn 0.073880 0.997255 0.004830
vn 0.524359 0.851422 0.011294
vn 0.522157 0.850606 -0.061824
vn 0.074739 0.996837 -0.027004
vn -0.667335 0.679043 -0.305884
vn -0.925139 0.258981 -0.277573
vn -0.445805 0.828103 -0.339857
vn -0.269504 0.299033 -0.915394
vn -0.461374 0.266980 -0.846082
vn -0.719620 0.161146 -0.675410
vn -0.300275 0.892272 -0.337172
vn -0.141542 0.933446 -0.329613
vn 0.032633 0.429286 -0.902579
vn -0.111743 0.355746 -0.927878
vn 0.097911 0.951785 -0.290720
vn 0.499761 0.826070 -0.260474
vn 0.411298 0.617733 -0.670254
vn 0.181171 0.523552 -0.832508
vn -0.328619 0.032768 -0.943894
vn -0.648333 -0.001733 -0.761355
vn -0.187759 0.072776 -0.979515
vn -0.365997 0.085252 -0.926703
vn -0.322348 -0.025376 -0.946281
vn -0.599707 -0.094094 -0.794668
vn -0.026193 0.138124 -0.990068
vn 0.113563 0.194014 -0.974403
vn 0.223655 0.219503 -0.949630
vn -0.033021 0.305749 -0.951539
vn 0.215605 0.251017 -0.943666
vn 0.471605 0.443635 -0.762087
vn 0.516682 0.314357 -0.796379
vn 0.235748 0.166238 -0.957491
vn -0.311641 -0.115957 -0.943098
vn -0.552878 -0.194863 -0.810157
vn -0.564218 -0.180683 -0.805613
vn -0.257717 -0.345168 -0.902464
vn -0.260213 -0.221008 -0.939917
vn -0.521679 -0.320658 -0.790588
vn 0.326701 0.534084 -0.779757
vn 0.470060 0.564148 -0.678808
vn 0.709150 0.219329 -0.670075
vn 0.432756 0.316528 -0.844116
vn 0.478617 0.753680 -0.450435
vn 0.678748 0.646879 -0.347633
vn 0.716937 0.690050 0.099159
vn 0.909913 0.384189 -0.156384
vn 0.924314 0.105391 0.366793
vn 0.977479 0.003754 -0.211001
vn 0.929663 -0.307782 -0.202476
vn 0.825411 -0.219811 -0.519981
vn 0.697721 -0.328200 -0.636765
vn 0.607377 -0.123836 -0.784703
vn 0.444526 -0.151747 -0.882819
vn 0.495403 0.094435 -0.863515
vn 0.278465 0.187058 -0.942055
vn 0.232966 0.088123 -0.968484
vn 0.369839 0.118083 -0.921561
vn 0.466639 0.225491 -0.855221
vn 0.224651 0.177984 -0.958047
vn 0.196689 0.013079 -0.980379
vn 0.294039 -0.078541 -0.952561
vn -0.218391 -0.292909 -0.930865
vn -0.508603 -0.449469 -0.734371
vn -0.096080 -0.256555 -0.961742
vn -0.036377 -0.421051 -0.906307
vn -0.203525 -0.496301 -0.843957
vn -0.490941 -0.593674 -0.637596
vn 0.130224 -0.350747 -0.927372
vn 0.048227 -0.205299 -0.977510
vn 0.164563 -0.128936 -0.977903
vn 0.268146 -0.347723 -0.898435
vn 0.103641 -0.387533 -0.916011
vn 0.201163 -0.083576 -0.975986
vn 0.172185 -0.083169 -0.981547
vn 0.389397 -0.375068 -0.841245
vn 0.386532 -0.327749 -0.862076
vn -0.187057 -0.932344 -0.309425
vn -0.628016 -0.759547 -0.169364
vn 0.121151 -0.913841 -0.387578
vn 0.182955 -0.983121 0.000000
vn -0.182780 -0.983154 0.000000
vn -0.642250 -0.766495 -0.000000
vn 0.315846 -0.872913 -0.371840
vn 0.545643 -0.767593 -0.336266
vn 0.577226 -0.816584 0.000000
vn 0.357295 -0.933991 0.000000
vn 0.691546 -0.677395 -0.250800
vn 0.696993 -0.706752 -0.121253
vn 0.742449 -0.461390 0.485684
vn 0.731288 -0.678195 0.072589
vn -0.186035 -0.982543 0.000000
vn -0.640745 -0.767754 0.000000
vn 0.181830 -0.983330 0.000000
vn 0.182882 -0.983135 0.000000
vn -0.177757 -0.984074 -0.000000
vn -0.640468 -0.767985 0.000000
vn 0.355975 -0.934496 0.000000
vn 0.576852 -0.816849 -0.000000
vn 0.575548 -0.817768 -0.000000
vn 0.355665 -0.934614 0.000000
vn 0.751336 -0.659919 0.000000
vn 0.929814 -0.368031 -0.000013
vn 0.740236 -0.453196 -0.496652
vn 0.730941 -0.678449 -0.073704
vn -0.197534 -0.936999 0.288119
vn -0.629435 -0.760531 0.159385
vn 0.119312 -0.918870 0.376089
vn 0.330897 -0.872641 0.359173
vn 0.554178 -0.764876 0.328407
vn 0.693706 -0.673977 0.254021
vn 0.698454 -0.704545 0.125611
vn 0.736031 -0.056412 0.674593
vn 0.995852 -0.090330 0.010924
vn 0.986962 0.160844 -0.005991
vn 0.732039 0.160806 0.662012
vn 0.747767 -0.111164 -0.654589
vn 0.711616 0.051265 -0.700695
vn 0.731862 0.469766 -0.493657
vn 0.816927 0.576542 -0.015142
vn 0.728513 0.538895 0.422921
vn 0.932665 0.360742 -0.000000
vn 0.496437 0.217238 -0.840451
vn 0.500061 0.214916 0.838898
vn 0.679719 0.574753 0.455676
vn 0.889764 0.456421 -0.000001
vn 0.679719 0.574751 -0.455679
vn 0.729146 -0.119715 0.673806
vn 0.995871 -0.089726 -0.013762
vn 0.986922 0.161026 0.007507
vn 0.695131 0.030042 0.718255
vn 0.715154 -0.052147 -0.697018
vn 0.719560 0.164047 -0.674776
vn 0.724434 0.541228 -0.426930
vn 0.817077 0.576243 0.018127
vn 0.726960 0.454177 0.515027
vn 0.537921 0.823930 -0.178270
vn 0.872169 0.432759 -0.228124
vn 0.910709 0.410366 0.046992
vn 0.841804 0.474282 -0.257725
vn 0.878573 0.477039 -0.023298
vn 0.920952 0.389675 0.000754
vn 0.910044 0.412180 -0.043902
vn 0.880902 0.473279 0.004292
vn 0.874766 0.482824 0.040805
vn 0.539830 0.822492 0.179138
vn 0.869172 0.436436 0.232514
vn 0.828185 0.485781 0.279513
vn 0.731017 0.628677 -0.265291
vn 0.765419 0.641287 -0.053703
vn 0.769963 0.638013 0.009832
vn 0.757936 0.645521 0.094001
vn 0.705214 0.634824 0.315709
vn -0.780236 -0.597610 -0.184645
vn -0.794593 -0.607143 0.000000
vn -0.881052 -0.473019 0.000000
vn -0.856619 -0.464897 -0.223776
vn -0.793321 -0.608804 0.000000
vn -0.794652 -0.607065 -0.000000
vn -0.881185 -0.472772 0.000000
vn -0.880389 -0.474253 0.000000
vn -0.780525 -0.597853 0.182628
vn -0.856165 -0.465384 0.224501
vn -0.918786 -0.312853 -0.240739
vn -0.945791 -0.324746 -0.004418
vn -0.979856 -0.197909 -0.026713
vn -0.949655 -0.174142 -0.260442
vn -0.945224 -0.326423 0.000477
vn -0.946168 -0.323614 0.006351
vn -0.980395 -0.193243 0.038493
vn -0.978946 -0.204100 0.002859
vn -0.918872 -0.309768 0.244372
vn -0.947306 -0.160957 0.276957
vn -0.960762 -0.037929 -0.274767
vn -0.996410 -0.056267 -0.063253
vn -0.997908 -0.064292 0.006757
vn -0.994530 -0.050241 0.091570
vn -0.949546 -0.020666 0.312947
vn 0.300778 -0.712305 0.634157
vn -0.474408 -0.689407 0.547408
vn 0.713838 -0.168256 0.679798
vn 0.807757 -0.351854 -0.472999
vn 0.686375 -0.706360 -0.173046
vn 0.514519 -0.855092 -0.063933
vn 0.193108 -0.959193 0.206536
vn -0.355022 -0.834945 0.420507
vn 0.746295 0.271768 0.607607
vn 0.443509 0.635581 0.631931
vn 0.231229 0.934494 -0.270653
vn 0.598120 0.625578 -0.500904
vn 0.490540 0.364848 -0.791364
vn 0.760776 0.112502 -0.639189
vn -0.308679 0.727311 0.612973
vn -0.828051 0.179780 0.531047
vn -0.827982 0.229362 0.511702
vn -0.588561 0.703486 0.398376
vn -0.302259 0.919488 0.251358
vn -0.109587 0.992265 0.058316
vn -0.830684 -0.320358 0.455340
vn -0.574004 -0.621840 0.532762
vn -0.530174 -0.376677 0.759625
vn -0.812176 -0.129258 0.568914
vn -0.135094 0.716699 -0.684173
vn -0.743835 0.267204 -0.612627
vn 0.490877 0.535982 -0.686850
vn 0.514524 0.776977 0.362728
vn 0.194054 0.976954 0.088906
vn -0.043647 0.998598 0.029963
vn -0.349627 0.895703 -0.274732
vn -0.742669 0.470186 -0.476831
vn 0.761894 0.216284 -0.610524
vn 0.701568 -0.242059 -0.670231
vn 0.766591 -0.607759 0.207287
vn 0.902585 -0.123936 0.412286
vn 0.625084 -0.008631 0.780509
vn 0.758158 0.363514 0.541344
vn 0.174360 -0.745092 -0.643767
vn -0.543892 -0.614758 -0.571186
vn -0.531024 -0.656144 -0.536180
vn -0.050419 -0.903531 -0.425546
vn 0.285933 -0.923505 -0.255697
vn 0.500789 -0.860596 -0.092654
vn -0.834681 -0.220016 -0.504877
vn -0.803613 0.175791 -0.568598
vn -0.625152 0.005623 -0.780483
vn -0.720685 -0.356907 -0.594332
vn 0.604142 -0.796668 -0.018252
vn 0.340110 -0.369617 0.864702
vn 0.330947 -0.437772 -0.835960
vn 0.298730 -0.457548 -0.837503
vn 0.551250 -0.834340 -0.000325
vn 0.231498 -0.353060 0.906509
vn 0.111111 -0.112604 -0.987408
vn -0.102208 0.340321 -0.934738
vn -0.227562 0.375336 -0.898520
vn 0.080795 -0.124967 -0.988866
vn -0.345873 0.937951 -0.024902
vn -0.145464 0.535889 0.831663
vn -0.291668 0.478550 0.828203
vn -0.518987 0.854782 -0.000032
vn 0.076003 0.063563 0.995080
vn -0.018235 0.032394 0.999309
vn 0.604814 -0.796157 0.018298
vn 0.332130 -0.437313 0.835731
vn 0.324606 -0.348747 -0.879208
vn 0.216673 -0.330457 -0.918614
vn 0.551247 -0.834342 0.000455
vn 0.298785 -0.457998 0.837236
vn 0.072430 0.067600 -0.995080
vn -0.145465 0.535889 -0.831663
vn -0.291671 0.478551 -0.828201
vn -0.021402 0.037305 -0.999075
vn -0.345102 0.938225 0.025257
vn -0.088006 0.317934 0.944020
vn -0.213342 0.352442 0.911191
vn -0.518990 0.854780 0.000052
vn 0.126410 -0.134506 0.982817
vn 0.096319 -0.149758 0.984020
vn -0.281808 -0.959470 0.001258
vn -0.058861 -0.293794 0.954055
vn -0.009722 -0.433406 -0.901146
vn -0.525761 -0.054293 -0.848898
vn -0.993378 0.114890 0.000778
vn -0.493323 0.015158 0.869714
vn 0.018776 -0.105895 -0.994200
vn -0.177852 0.449053 -0.875625
vn 0.036339 0.531022 -0.846578
vn -0.068366 -0.091952 -0.993414
vn -0.370421 0.928864 0.000332
vn -0.221289 0.550690 0.804843
vn 0.035558 0.636841 0.770175
vn 0.059786 0.998211 0.000536
vn -0.046304 0.065838 0.996755
vn -0.048413 0.092530 0.994532
vn -0.281262 -0.959629 -0.001798
vn 0.005552 -0.438791 0.898572
vn -0.051696 -0.271401 -0.961077
vn -0.462310 0.013301 -0.886618
vn -0.993292 0.115631 -0.001122
vn -0.502841 -0.070204 0.861523
vn -0.046603 0.070163 -0.996446
vn -0.221292 0.550690 -0.804842
vn 0.035552 0.636840 -0.770176
vn -0.044400 0.095231 -0.994465
vn -0.370438 0.928857 -0.000401
vn -0.168019 0.426028 0.888971
vn 0.036471 0.506243 0.861619
vn 0.059725 0.998215 -0.000658
vn 0.030943 -0.134353 0.990450
vn -0.068077 -0.124650 0.989863
vn -0.568714 -0.597027 0.565794
vn -0.696217 -0.717831 0.000000
vn -0.065221 -0.997871 0.000000
vn -0.086811 -0.643928 0.760145
vn -0.568716 -0.597027 -0.565793
vn -0.086814 -0.643928 -0.760144
vn 0.066348 -0.659867 -0.748447
vn 0.098231 -0.995164 -0.000000
vn 0.066350 -0.659867 0.748447
vn 0.128291 -0.060015 -0.989919
vn 0.079212 -0.105161 -0.991295
vn 0.302315 0.480388 -0.823306
vn 0.471462 0.881854 -0.007587
vn 0.332331 0.599688 0.727963
vn 0.162176 0.109279 0.980692
vn 0.095178 -0.019939 0.995261
vn -0.550672 -0.578756 0.601500
vn -0.696752 -0.717312 0.000000
vn -0.065221 -0.997871 0.000000
vn -0.082618 -0.617344 0.782343
vn -0.550672 -0.578756 -0.601500
vn -0.082618 -0.617344 -0.782343
vn 0.063348 -0.630024 -0.773988
vn 0.098232 -0.995164 0.000000
vn 0.063348 -0.630024 0.773988
vn 0.158972 0.111047 -0.981018
vn 0.091029 -0.017883 -0.995688
vn 0.330649 0.600309 -0.728217
vn 0.471422 0.881861 0.009145
vn 0.293348 0.454236 0.841200
vn 0.118194 -0.091916 0.988727
vn 0.071713 -0.119986 0.990182
vn -0.983052 0.183326 0.000000
vn -0.719003 0.129837 0.682772
vn -0.731363 0.125415 -0.670357
vn -0.729355 0.105958 -0.675880
vn -0.989877 0.141926 0.000000
vn -0.729354 0.105958 0.675882
vn -0.004105 -0.014789 -0.999882
vn 0.713817 -0.131339 -0.687907
vn 0.495125 0.011178 -0.868750
vn -0.089069 0.031854 -0.995516
vn 0.985598 -0.169060 0.004024
vn 0.708085 -0.115519 0.696614
vn 0.495127 0.011177 0.868749
vn 0.998381 -0.056879 0.000000
vn 0.002667 0.000146 0.999996
vn -0.089065 0.031854 0.995516
vn -0.983073 0.183216 0.000000
vn -0.706969 0.119430 0.697088
vn -0.691035 0.124785 -0.711968
vn -0.702777 0.102181 -0.704033
vn -0.989915 0.141666 -0.000000
vn -0.702777 0.102182 0.704033
vn 0.002872 0.000154 -0.999996
vn 0.680669 -0.110598 -0.724194
vn 0.463735 0.011579 -0.885898
vn -0.082654 0.029524 -0.996141
vn 0.985534 -0.169400 -0.005170
vn 0.687763 -0.130212 0.714161
vn 0.463735 0.011579 0.885898
vn 0.998257 -0.059024 0.000000
vn -0.005274 -0.017658 0.999830
vn -0.082654 0.029524 0.996141
vn -0.996744 -0.080632 0.000000
vn -0.713239 -0.078938 0.696461
vn -0.713241 -0.078938 -0.696460
vn -0.129134 -0.081755 -0.988251
vn 0.068932 -0.069661 -0.995186
vn 0.591700 0.674386 -0.441696
vn 0.649731 0.760165 -0.000000
vn 0.897654 0.440702 -0.000000
vn 0.670356 0.283824 -0.685614
vn 0.591700 0.674386 0.441696
vn 0.670356 0.283824 0.685614
vn 0.778912 -0.228237 0.584126
vn 0.960294 -0.278991 -0.000000
vn 0.778912 -0.228237 -0.584127
vn -0.129131 -0.081755 0.988252
vn 0.068935 -0.069661 0.995186
vn -0.996736 -0.080731 -0.000000
vn -0.688637 -0.076102 0.721102
vn -0.688637 -0.076102 -0.721102
vn -0.120070 -0.076196 -0.989837
vn 0.063684 -0.064373 -0.995892
vn 0.580320 0.660435 -0.476503
vn 0.649003 0.760786 -0.000000
vn 0.897937 0.440124 0.000000
vn 0.652727 0.277374 -0.704991
vn 0.580320 0.660435 0.476502
vn 0.652727 0.277374 0.704991
vn 0.753703 -0.221061 0.618921
vn 0.960323 -0.278890 0.000000
vn 0.753703 -0.221062 -0.618921
vn -0.120070 -0.076196 0.989837
vn 0.063685 -0.064374 0.995892
vn 0.751816 0.659373 -0.000000
vn 0.444425 0.425520 -0.788302
vn 0.444425 0.425519 0.788302
vn 0.183459 0.003510 0.983021
vn 0.228534 -0.593893 0.771403
vn 0.275102 -0.961415 -0.000000
vn 0.228534 -0.593893 -0.771403
vn 0.183458 0.003510 -0.983021
vn 0.753080 0.657929 -0.000000
vn 0.417404 0.404150 -0.813902
vn 0.417404 0.404150 0.813902
vn 0.171836 0.004488 0.985115
vn 0.218121 -0.569159 0.792768
vn 0.275207 -0.961385 0.000000
vn 0.218121 -0.569158 -0.792768
vn 0.171836 0.004488 -0.985115
vn 0.237162 -0.938747 0.250016
vn -0.013832 -0.822031 0.569275
vn 0.432451 -0.891056 -0.137863
vn 0.384572 -0.909266 -0.159186
vn 0.271964 -0.927432 0.256719
vn 0.124420 -0.780323 0.612875
vn 0.539187 -0.710351 -0.452415
vn 0.576579 -0.392014 -0.716855
vn 0.415115 -0.423718 -0.805073
vn 0.433059 -0.721233 -0.540633
vn 0.504785 -0.018934 -0.863038
vn 0.375288 0.324211 -0.868358
vn 0.235771 0.279706 -0.930686
vn 0.344232 -0.075111 -0.935875
vn 0.244777 0.637002 -0.730967
vn 0.058908 0.892884 -0.446416
vn -0.050234 0.856384 -0.513890
vn 0.100548 0.604166 -0.790489
vn -0.150898 0.984592 -0.088365
vn -0.312531 0.914091 0.258384
vn -0.291821 0.911954 0.288412
vn -0.191980 0.972787 -0.129729
vn -0.441960 0.683465 0.580987
vn -0.499909 0.359508 0.787937
vn -0.307742 0.405100 0.860924
vn -0.328658 0.700179 0.633824
vn -0.452852 0.056159 0.889815
vn -0.324788 -0.299022 0.897273
vn -0.148896 -0.230503 0.961612
vn -0.245566 0.086217 0.965538
vn -0.182200 -0.617960 0.764806
vn -0.021992 -0.529713 0.847892
vn -0.332715 0.905099 -0.264759
vn -0.476577 0.657694 -0.583364
vn -0.143103 0.982054 0.122845
vn -0.192905 0.969806 0.149213
vn -0.315973 0.914951 -0.251050
vn -0.374724 0.708565 -0.597928
vn 0.045909 0.902534 0.428164
vn 0.263601 0.664485 0.699267
vn 0.136335 0.609137 0.781258
vn -0.030033 0.854768 0.518140
vn 0.417466 0.311872 0.853498
vn 0.499516 -0.040494 0.865358
vn 0.393366 -0.072252 0.916539
vn 0.282792 0.284830 0.915915
vn 0.568564 -0.366148 0.736661
vn 0.559033 -0.691978 0.456780
vn 0.456803 -0.721015 0.521026
vn 0.454991 -0.422034 0.784137
vn 0.431110 -0.896732 0.100081
vn 0.257018 -0.936837 -0.237231
vn 0.255470 -0.934614 -0.247449
vn 0.387971 -0.908479 0.155388
vn 0.020033 -0.825622 -0.563868
vn -0.213616 -0.591948 -0.777153
vn -0.070015 -0.551089 -0.831504
vn 0.091362 -0.799495 -0.593684
vn -0.347443 -0.319335 -0.881651
vn -0.444586 0.049566 -0.894364
vn -0.307659 0.083261 -0.947847
vn -0.206186 -0.245670 -0.947171
vn -0.503493 0.394641 -0.768605
vn -0.367818 0.413016 -0.833143
vn 0.433827 -0.819268 0.374959
vn 0.324450 -0.609963 0.722964
vn 0.496748 -0.864434 -0.077433
vn 0.463678 -0.695106 -0.549391
vn 0.383483 -0.401102 -0.831900
vn 0.277044 -0.076531 -0.957805
vn 0.187111 0.245877 -0.951070
vn 0.086509 0.564542 -0.820859
vn -0.001287 0.861596 -0.507593
vn -0.071646 0.995659 -0.059420
vn -0.086069 0.901465 0.424208
vn -0.069324 0.679307 0.730572
vn -0.024323 0.403126 0.914821
vn 0.023482 0.142006 0.989587
vn 0.102948 -0.120790 0.987325
vn 0.212922 -0.377156 0.901342
vn -0.175716 0.920240 -0.349688
vn -0.191041 0.693533 -0.694633
vn -0.098047 0.992352 0.074997
vn 0.023299 0.867253 0.497323
vn 0.160074 0.601561 0.782624
vn 0.278169 0.274302 0.920533
vn 0.387040 -0.064484 0.919805
vn 0.467335 -0.403745 0.786504
vn 0.510549 -0.701351 0.497441
vn 0.477669 -0.874068 0.088526
vn 0.373889 -0.856389 -0.356097
vn 0.236620 -0.690669 -0.683365
vn 0.097800 -0.435575 -0.894824
vn -0.022040 -0.168148 -0.985515
vn -0.110681 0.120500 -0.986524
vn -0.166895 0.419790 -0.892145
s 1
g group3 pCube2
usemtl initialShadingGroup
f 3537/3720/3589 3831/3721/3590 3981/3722/3591 3834/3723/3592
f 3831/3721/3590 3538/3724/3593 3832/3725/3594 3981/3722/3591
f 3981/3722/3591 3832/3725/3594 3542/3726/3595 3833/3727/3596
f 3834/3723/3592 3981/3722/3591 3833/3727/3596 3541/3728/3597
f 3538/3724/3593 3835/3729/3598 3982/3730/3599 3832/3725/3594
f 3835/3729/3598 3539/3731/3600 3836/3732/3601 3982/3730/3599
f 3982/3730/3599 3836/3732/3601 3543/3733/3602 3837/3734/3603
f 3832/3725/3594 3982/3730/3599 3837/3734/3603 3542/3726/3595
f 3539/3731/3600 3838/3735/3604 3983/3736/3605 3836/3732/3601
f 3838/3735/3604 3540/3737/3606 3839/3738/3607 3983/3736/3605
f 3983/3736/3605 3839/3738/3607 3544/3739/3608 3840/3740/3609
f 3836/3732/3601 3983/3736/3605 3840/3740/3609 3543/3733/3602
f 3541/3728/3597 3833/3727/3596 3984/3741/3610 3843/3742/3611
f 3833/3727/3596 3542/3726/3595 3841/3743/3612 3984/3741/3610
f 3984/3741/3610 3841/3743/3612 3546/3744/3613 3842/3745/3614
f 3843/3742/3611 3984/3741/3610 3842/3745/3614 3545/3746/3615
f 3673/3747/3616 3844/3748/3617 3985/3749/3618 3851/3750/3619
f 3674/3751/3620 3845/3752/3621 3985/3749/3618 3844/3748/3617
f 3675/3753/3622 3846/3754/3623 3985/3749/3618 3845/3752/3621
f 3676/3755/3624 3847/3756/3625 3985/3749/3618 3846/3754/3623
f 3677/3757/3626 3848/3758/3627 3985/3749/3618 3847/3756/3625
f 3678/3759/3628 3849/3760/3629 3985/3749/3618 3848/3758/3627
f 3679/3761/3630 3850/3762/3631 3985/3749/3618 3849/3760/3629
f 3680/3763/3632 3851/3750/3619 3985/3749/3618 3850/3762/3631
f 3543/3733/3602 3840/3740/3609 3986/4356/3633 3854/4343/3634
f 3840/3740/3609 3544/3739/3608 3852/3766/3635 3986/4356/3633
f 3986/3764/3633 3852/4347/3635 3548/3767/3636 3853/3768/3637
f 3854/3765/3634 3986/3764/3633 3853/3768/3637 3547/3769/3638
f 3545/3746/3615 3842/3745/3614 3987/3770/3639 3857/3771/3640
f 3842/3745/3614 3546/3744/3613 3855/3772/3641 3987/3770/3639
f 3987/3770/3639 3855/3772/3641 3550/3773/3642 3856/3774/3643
f 3857/3771/3640 3987/3770/3639 3856/3774/3643 3549/3775/3644
f 3546/3744/3613 3858/3776/3645 3988/3777/3646 3855/3772/3641
f 3858/3776/3645 3547/3769/3638 3859/3778/3647 3988/3777/3646
f 3988/3777/3646 3859/3778/3647 3551/3779/3648 3860/3780/3649
f 3855/3772/3641 3988/3777/3646 3860/3780/3649 3550/3773/3642
f 3547/3769/3638 3853/3768/3637 3989/3781/3650 3859/3778/3647
f 3853/3768/3637 3548/3767/3636 3861/3782/3651 3989/3781/3650
f 3989/3781/3650 3861/3782/3651 3552/3783/3652 3862/3784/3653
f 3859/3778/3647 3989/3781/3650 3862/3784/3653 3551/3779/3648
f 3549/3775/3644 3856/3774/3643 3990/3785/3654 3865/3786/3655
f 3856/3774/3643 3550/3773/3642 3863/3787/3656 3990/3785/3654
f 3990/3785/3654 3863/3787/3656 3554/3788/3657 3864/3789/3658
f 3865/3786/3655 3990/3785/3654 3864/3789/3658 3553/3790/3659
f 3550/3773/3642 3860/3780/3649 3991/3791/3660 3863/3787/3656
f 3860/3780/3649 3551/3779/3648 3866/3792/3661 3991/3791/3660
f 3991/3791/3660 3866/3792/3661 3555/3793/3662 3867/3794/3663
f 3863/3787/3656 3991/3791/3660 3867/3794/3663 3554/3788/3657
f 3551/3779/3648 3862/3784/3653 3992/3795/3664 3866/3792/3661
f 3862/3784/3653 3552/3783/3652 3868/3796/3665 3992/3795/3664
f 3992/3795/3664 3868/3796/3665 3556/3797/3666 3869/3798/3667
f 3866/3792/3661 3992/3795/3664 3869/3798/3667 3555/3793/3662
f 3553/3790/3659 3864/3789/3658 3993/3799/3668 3872/3800/3669
f 3864/3789/3658 3554/3788/3657 3870/3801/3670 3993/3799/3668
f 3993/3799/3668 3870/3801/3670 3558/3802/3671 3871/3803/3672
f 3872/3800/3669 3993/3799/3668 3871/3803/3672 3557/3804/3673
f 3554/3788/3657 3867/3794/3663 3994/3805/3674 3870/3801/3670
f 3867/3794/3663 3555/3793/3662 3873/3806/3675 3994/3805/3674
f 3994/3805/3674 3873/3806/3675 3559/3807/3676 3874/3808/3677
f 3870/3801/3670 3994/3805/3674 3874/3808/3677 3558/3802/3671
f 3555/3793/3662 3869/3798/3667 3995/3809/3678 3873/3806/3675
f 3869/3798/3667 3556/3797/3666 3875/3810/3679 3995/3809/3678
f 3995/3809/3678 3875/3810/3679 3560/3811/3680 3876/3812/3681
f 3873/3806/3675 3995/3809/3678 3876/3812/3681 3559/3807/3676
f 3557/3804/3673 3871/3803/3672 3996/3813/3682 3879/3814/3683
f 3871/3803/3672 3558/3802/3671 3877/3815/3684 3996/3813/3682
f 3996/3813/3682 3877/3815/3684 3562/3816/3685 3878/3817/3686
f 3879/3814/3683 3996/3813/3682 3878/3817/3686 3561/3818/3687
f 3558/3802/3671 3874/3808/3677 3997/3819/3688 3877/3815/3684
f 3874/3808/3677 3559/3807/3676 3880/3820/3689 3997/3819/3688
f 3997/3819/3688 3880/3820/3689 3563/3821/3690 3881/3822/3691
f 3877/3815/3684 3997/3819/3688 3881/3822/3691 3562/3816/3685
f 3559/3807/3676 3876/3812/3681 3998/3823/3692 3880/3820/3689
f 3876/3812/3681 3560/3811/3680 3882/3824/3693 3998/3823/3692
f 3998/3823/3692 3882/3824/3693 3564/3825/3694 3883/3826/3695
f 3880/3820/3689 3998/3823/3692 3883/3826/3695 3563/3821/3690
f 3561/3818/3687 3878/3817/3686 3999/3827/3696 3886/3828/3697
f 3878/3817/3686 3562/3816/3685 3884/3829/3698 3999/3827/3696
f 3999/3827/3696 3884/3829/3698 3566/3830/3699 3885/3831/3700
f 3886/3828/3697 3999/3827/3696 3885/3831/3700 3565/3832/3701
f 3562/3816/3685 3881/3822/3691 4000/3833/3702 3884/3829/3698
f 3881/3822/3691 3563/3821/3690 3887/3834/3703 4000/3833/3702
f 4000/3833/3702 3887/3834/3703 3567/3835/3704 3888/3836/3705
f 3884/3829/3698 4000/3833/3702 3888/3836/3705 3566/3830/3699
f 3563/3821/3690 3883/3826/3695 4001/3837/3706 3887/3834/3703
f 3883/3826/3695 3564/3825/3694 3889/3838/3707 4001/3837/3706
f 4001/3837/3706 3889/3838/3707 3568/3839/3708 3890/3840/3709
f 3887/3834/3703 4001/3837/3706 3890/3840/3709 3567/3835/3704
f 3565/3832/3701 3885/3831/3700 4002/3841/3710 3893/3842/3711
f 3885/3831/3700 3566/3830/3699 3891/3843/3712 4002/3841/3710
f 4002/3841/3710 3891/3843/3712 3570/3844/3713 3892/3845/3714
f 3893/3842/3711 4002/3841/3710 3892/3845/3714 3569/3846/3715
f 3681/3847/3716 3894/3848/3717 4003/3849/3718 3901/3850/3719
f 3682/3851/3720 3895/3852/3721 4003/3849/3718 3894/3848/3717
f 3683/3853/3722 3896/3854/3723 4003/3849/3718 3895/3852/3721
f 3684/3855/3724 3897/3856/3725 4003/3849/3718 3896/3854/3723
f 3685/3857/3726 3898/3858/3727 4003/3849/3718 3897/3856/3725
f 3686/3859/3728 3899/3860/3729 4003/3849/3718 3898/3858/3727
f 3687/3861/3730 3900/3862/3731 4003/3849/3718 3899/3860/3729
f 3688/3863/3732 3901/3850/3719 4003/3849/3718 3900/3862/3731
f 3567/3835/3704 3890/3840/3709 4004/4355/3733 3904/4341/3734
f 3890/3840/3709 3568/3839/3708 3902/3866/3735 4004/4355/3733
f 4004/3864/3733 3902/4350/3735 3572/3867/3736 3903/3868/3737
f 3904/3865/3734 4004/3864/3733 3903/3868/3737 3571/3869/3738
f 3569/3846/3715 3892/3845/3714 4005/3870/3739 3907/3871/3740
f 3892/3845/3714 3570/3844/3713 3905/3872/3741 4005/3870/3739
f 4005/3870/3739 3905/3872/3741 3574/3873/3742 3906/3874/3743
f 3907/3871/3740 4005/3870/3739 3906/3874/3743 3573/3875/3744
f 3570/3844/3713 3908/3876/3745 4006/3877/3746 3905/3872/3741
f 3908/3876/3745 3571/3869/3738 3909/3878/3747 4006/3877/3746
f 4006/3877/3746 3909/3878/3747 3575/3879/3748 3910/3880/3749
f 3905/3872/3741 4006/3877/3746 3910/3880/3749 3574/3873/3742
f 3571/3869/3738 3903/3868/3737 4007/3881/3750 3909/3878/3747
f 3903/3868/3737 3572/3867/3736 3911/3882/3751 4007/3881/3750
f 4007/3881/3750 3911/3882/3751 3576/3883/3752 3912/3884/3753
f 3909/3878/3747 4007/3881/3750 3912/3884/3753 3575/3879/3748
f 3573/3875/3744 3906/3874/3743 4008/3885/3754 3915/3886/3755
f 3906/3874/3743 3574/3873/3742 3913/3887/3756 4008/3885/3754
f 4008/3885/3754 3913/3887/3756 3578/3888/3757 3914/3889/3758
f 3915/3886/3755 4008/3885/3754 3914/3889/3758 3577/3890/3759
f 3574/3873/3742 3910/3880/3749 4009/3891/3760 3913/3887/3756
f 3910/3880/3749 3575/3879/3748 3916/3892/3761 4009/3891/3760
f 4009/3891/3760 3916/3892/3761 3579/3893/3762 3917/3894/3763
f 3913/3887/3756 4009/3891/3760 3917/3894/3763 3578/3888/3757
f 3575/3879/3748 3912/3884/3753 4010/3895/3764 3916/3892/3761
f 3912/3884/3753 3576/3883/3752 3918/3896/3765 4010/3895/3764
f 4010/3895/3764 3918/3896/3765 3580/3897/3766 3919/3898/3767
f 3916/3892/3761 4010/3895/3764 3919/3898/3767 3579/3893/3762
f 3577/3890/3759 3914/3889/3758 4011/3899/3768 3922/3900/3769
f 3914/3889/3758 3578/3888/3757 3920/3901/3770 4011/3899/3768
f 4011/3899/3768 3920/3901/3770 3582/3902/3771 3921/3903/3772
f 3922/3900/3769 4011/3899/3768 3921/3903/3772 3581/3904/3773
f 3578/3888/3757 3917/3894/3763 4012/3905/3774 3920/3901/3770
f 3917/3894/3763 3579/3893/3762 3923/3906/3775 4012/3905/3774
f 4012/3905/3774 3923/3906/3775 3583/3907/3776 3924/3908/3777
f 3920/3901/3770 4012/3905/3774 3924/3908/3777 3582/3902/3771
f 3579/3893/3762 3919/3898/3767 4013/3909/3778 3923/3906/3775
f 3919/3898/3767 3580/3897/3766 3925/3910/3779 4013/3909/3778
f 4013/3909/3778 3925/3910/3779 3584/3911/3780 3926/3912/3781
f 3923/3906/3775 4013/3909/3778 3926/3912/3781 3583/3907/3776
f 3581/3904/3773 3921/3903/3772 4014/3913/3782 3928/3914/3783
f 3921/3903/3772 3582/3902/3771 3927/3915/3784 4014/3913/3782
f 4014/3913/3782 3927/3915/3784 3538/3724/3593 3831/3721/3590
f 3928/3914/3783 4014/3913/3782 3831/3721/3590 3537/3720/3589
f 3582/3902/3771 3924/3908/3777 4015/3916/3785 3927/3915/3784
f 3924/3908/3777 3583/3907/3776 3929/3917/3786 4015/3916/3785
f 4015/3916/3785 3929/3917/3786 3539/3731/3600 3835/3729/3598
f 3927/3915/3784 4015/3916/3785 3835/3729/3598 3538/3724/3593
f 3583/3907/3776 3926/3912/3781 4016/3918/3787 3929/3917/3786
f 3926/3912/3781 3584/3911/3780 3930/3919/3788 4016/3918/3787
f 4016/3918/3787 3930/3919/3788 3540/3737/3606 3838/3735/3604
f 3929/3917/3786 4016/3918/3787 3838/3735/3604 3539/3731/3600
f 3626/3920/3789 3931/3921/3790 4017/4354/3791 3934/3923/3792
f 3931/4325/3790 3625/3924/3793 3932/3925/3794 4017/3922/3791
f 4017/3922/3791 3932/3925/3794 3627/3926/3795 3933/3927/3796
f 3934/3923/3792 4017/4354/3791 3933/4329/3796 3628/3928/3797
f 3584/3911/3780 3925/3910/3779 4018/3929/3798 3937/3930/3799
f 3925/3910/3779 3580/3897/3766 3935/3931/3800 4018/3929/3798
f 4018/3929/3798 3935/3931/3800 3585/3932/3801 3936/3933/3802
f 3937/3930/3799 4018/3929/3798 3936/3933/3802 3586/3934/3803
f 3630/3935/3804 3938/3936/3805 4019/4353/3806 3941/3938/3807
f 3938/4323/3805 3629/3939/3808 3939/3940/3809 4019/3937/3806
f 4019/3937/3806 3939/3940/3809 3631/3941/3810 3940/3942/3811
f 3941/3938/3807 4019/4353/3806 3940/4326/3811 3632/3943/3812
f 3585/3932/3801 3942/3944/3813 4020/4352/3814 3944/4348/3815
f 3942/4339/3813 3572/3867/3736 3902/4350/3735 4020/4351/3814
f 4020/3945/3814 3902/3866/3735 3568/3839/3708 3943/3947/3816
f 3944/3946/3815 4020/3945/3814 3943/3947/3816 3587/3948/3817
f 3586/3934/3803 3936/3933/3802 4021/4349/3818 3946/4344/3819
f 3936/3933/3802 3585/3932/3801 3944/4348/3815 4021/4349/3818
f 4021/3949/3818 3944/3946/3815 3587/3948/3817 3945/3951/3820
f 3946/3950/3819 4021/3949/3818 3945/3951/3820 3588/3952/3821
f 3544/3739/3608 3947/3953/3822 4022/4346/3823 3852/3766/3635
f 3947/4337/3822 3586/3934/3803 3946/4344/3819 4022/4345/3823
f 4022/3954/3823 3946/3950/3819 3588/3952/3821 3948/3955/3824
f 3852/4347/3635 4022/3954/3823 3948/3955/3824 3548/3767/3636
f 3587/3948/3817 3943/3947/3816 4023/3956/3825 3949/3957/3826
f 3943/3947/3816 3568/3839/3708 3889/3838/3707 4023/3956/3825
f 4023/3956/3825 3889/3838/3707 3564/3825/3694 3882/3824/3693
f 3949/3957/3826 4023/3956/3825 3882/3824/3693 3560/3811/3680
f 3588/3952/3821 3945/3951/3820 4024/3958/3827 3950/3959/3828
f 3945/3951/3820 3587/3948/3817 3949/3957/3826 4024/3958/3827
f 4024/3958/3827 3949/3957/3826 3560/3811/3680 3875/3810/3679
f 3950/3959/3828 4024/3958/3827 3875/3810/3679 3556/3797/3666
f 3548/3767/3636 3948/3955/3824 4025/3960/3829 3861/3782/3651
f 3948/3955/3824 3588/3952/3821 3950/3959/3828 4025/3960/3829
f 4025/3960/3829 3950/3959/3828 3556/3797/3666 3868/3796/3665
f 3861/3782/3651 4025/3960/3829 3868/3796/3665 3552/3783/3652
f 3573/3875/3744 3915/3886/3755 4026/3961/3830 3907/3871/3740
f 3915/3886/3755 3577/3890/3759 3951/3962/3831 4026/3961/3830
f 4026/3961/3830 3951/3962/3831 3589/3963/3832 3952/3964/3833
f 3907/3871/3740 4026/3961/3830 3952/3964/3833 3569/3846/3715
f 3577/3890/3759 3922/3900/3769 4027/3965/3834 3951/3962/3831
f 3922/3900/3769 3581/3904/3773 3953/3966/3835 4027/3965/3834
f 4027/3965/3834 3953/3966/3835 3590/3967/3836 3954/3968/3837
f 3951/3962/3831 4027/3965/3834 3954/3968/3837 3589/3963/3832
f 3581/3904/3773 3928/3914/3783 4028/3969/3838 3953/3966/3835
f 3928/3914/3783 3537/3720/3589 3834/3723/3592 4028/3969/3838
f 4028/3969/3838 3834/3723/3592 3541/3728/3597 3955/3970/3839
f 3953/3966/3835 4028/3969/3838 3955/3970/3839 3590/3967/3836
f 3569/3846/3715 3952/3964/3833 4029/3971/3840 3893/3842/3711
f 3952/3964/3833 3589/3963/3832 3956/3972/3841 4029/3971/3840
f 4029/3971/3840 3956/3972/3841 3591/3973/3842 3957/3974/3843
f 3893/3842/3711 4029/3971/3840 3957/3974/3843 3565/3832/3701
f 3589/3963/3832 3954/3968/3837 4030/3975/3844 3956/3972/3841
f 3954/3968/3837 3590/3967/3836 3958/3976/3845 4030/3975/3844
f 4030/3975/3844 3958/3976/3845 3592/3977/3846 3959/3978/3847
f 3956/3972/3841 4030/3975/3844 3959/3978/3847 3591/3973/3842
f 3590/3967/3836 3955/3970/3839 4031/3979/3848 3958/3976/3845
f 3955/3970/3839 3541/3728/3597 3843/3742/3611 4031/3979/3848
f 4031/3979/3848 3843/3742/3611 3545/3746/3615 3960/3980/3849
f 3958/3976/3845 4031/3979/3848 3960/3980/3849 3592/3977/3846
f 3565/3832/3701 3957/3974/3843 4032/3981/3850 3886/3828/3697
f 3957/3974/3843 3591/3973/3842 3961/3982/3851 4032/3981/3850
f 4032/3981/3850 3961/3982/3851 3557/3804/3673 3879/3814/3683
f 3886/3828/3697 4032/3981/3850 3879/3814/3683 3561/3818/3687
f 3591/3973/3842 3959/3978/3847 4033/3983/3852 3961/3982/3851
f 3959/3978/3847 3592/3977/3846 3962/3984/3853 4033/3983/3852
f 4033/3983/3852 3962/3984/3853 3553/3790/3659 3872/3800/3669
f 3961/3982/3851 4033/3983/3852 3872/3800/3669 3557/3804/3673
f 3592/3977/3846 3960/3980/3849 4034/3985/3854 3962/3984/3853
f 3960/3980/3849 3545/3746/3615 3857/3771/3640 4034/3985/3854
f 4034/3985/3854 3857/3771/3640 3549/3775/3644 3865/3786/3655
f 3962/3984/3853 4034/3985/3854 3865/3786/3655 3553/3790/3659
f 3542/3726/3595 3837/3734/3603 4035/3986/3855 3966/3987/3856
f 3543/3733/3602 3963/3988/3857 4035/3986/3855 3837/3734/3603
f 3594/3989/3858 3964/3990/3859 4035/3986/3855 3963/3988/3857
f 3601/3991/3860 3965/3992/3861 4035/3986/3855 3964/3990/3859
f 3593/3993/3862 3966/3987/3856 4035/3986/3855 3965/3992/3861
f 3543/3733/3602 3854/4343/3634 4036/4342/3863 3963/3988/3857
f 3547/3769/3638 3967/3995/3864 4036/3994/3863 3854/3765/3634
f 3595/3996/3865 3968/3997/3866 4036/3994/3863 3967/3995/3864
f 3602/3998/3867 3969/3999/3868 4036/3994/3863 3968/3997/3866
f 3594/3989/3858 3963/3988/3857 4036/4342/3863 3969/4313/3868
f 3547/3769/3638 3858/3776/3645 4037/4000/3869 3967/3995/3864
f 3546/3744/3613 3970/4001/3870 4037/4000/3869 3858/3776/3645
f 3596/4002/3871 3971/4003/3872 4037/4000/3869 3970/4001/3870
f 3603/4004/3873 3972/4005/3874 4037/4000/3869 3971/4003/3872
f 3595/3996/3865 3967/3995/3864 4037/4000/3869 3972/4005/3874
f 3546/3744/3613 3841/3743/3612 4038/4006/3875 3970/4001/3870
f 3542/3726/3595 3966/3987/3856 4038/4006/3875 3841/3743/3612
f 3593/3993/3862 3973/4007/3876 4038/4006/3875 3966/3987/3856
f 3604/4008/3877 3974/4009/3878 4038/4006/3875 3973/4007/3876
f 3596/4002/3871 3970/4001/3870 4038/4006/3875 3974/4009/3878
f 3566/3830/3699 3888/3836/3705 4039/4010/3879 3978/4011/3880
f 3567/3835/3704 3975/4012/3881 4039/4010/3879 3888/3836/3705
f 3598/4013/3882 3976/4014/3883 4039/4010/3879 3975/4012/3881
f 3605/4015/3884 3977/4016/3885 4039/4010/3879 3976/4014/3883
f 3597/4017/3886 3978/4011/3880 4039/4010/3879 3977/4016/3885
f 3567/3835/3704 3904/4341/3734 4040/4340/3887 3975/4012/3881
f 3571/3869/3738 3979/4019/3888 4040/4018/3887 3904/3865/3734
f 3599/4020/3889 3980/4021/3890 4040/4018/3887 3979/4019/3888
f 3606/4022/3891 3689/4023/3892 4040/4018/3887 3980/4021/3890
f 3598/4013/3882 3975/4012/3881 4040/4340/3887 3689/4311/3892
f 3571/3869/3738 3908/3876/3745 4041/4024/3893 3979/4019/3888
f 3570/3844/3713 3690/4025/3894 4041/4024/3893 3908/3876/3745
f 3600/4026/3895 3691/4027/3896 4041/4024/3893 3690/4025/3894
f 3607/4028/3897 3692/4029/3898 4041/4024/3893 3691/4027/3896
f 3599/4020/3889 3979/4019/3888 4041/4024/3893 3692/4029/3898
f 3570/3844/3713 3891/3843/3712 4042/4030/3899 3690/4025/3894
f 3566/3830/3699 3978/4011/3880 4042/4030/3899 3891/3843/3712
f 3597/4017/3886 3693/4031/3900 4042/4030/3899 3978/4011/3880
f 3608/4032/3901 3694/4033/3902 4042/4030/3899 3693/4031/3900
f 3600/4026/3895 3690/4025/3894 4042/4030/3899 3694/4033/3902
f 3580/3897/3766 3918/3896/3765 4043/4034/3903 3697/4035/3904
f 3918/3896/3765 3576/3883/3752 3695/4036/3905 4043/4034/3903
f 4043/4034/3903 3695/4036/3905 3609/4037/3906 3696/4038/3907
f 3697/4035/3904 4043/4034/3903 3696/4038/3907 3610/4039/3908
f 3576/3883/3752 3911/3882/3751 4044/4040/3909 3695/4036/3905
f 3911/3882/3751 3572/3867/3736 3698/4041/3910 4044/4040/3909
f 4044/4040/3909 3698/4041/3910 3611/4042/3911 3699/4043/3912
f 3695/4036/3905 4044/4040/3909 3699/4043/3912 3609/4037/3906
f 3572/3867/3736 3942/4339/3813 4045/4338/3913 3698/4041/3910
f 3942/3944/3813 3585/3932/3801 3700/4045/3914 4045/4044/3913
f 4045/4044/3913 3700/4045/3914 3612/4046/3915 3701/4047/3916
f 3698/4041/3910 4045/4338/3913 3701/4335/3916 3611/4042/3911
f 3585/3932/3801 3935/3931/3800 4046/4048/3917 3700/4045/3914
f 3935/3931/3800 3580/3897/3766 3697/4035/3904 4046/4048/3917
f 4046/4048/3917 3697/4035/3904 3610/4039/3908 3702/4049/3918
f 3700/4045/3914 4046/4048/3917 3702/4049/3918 3612/4046/3915
f 3540/3737/3606 3930/3919/3788 4047/4050/3919 3705/4051/3920
f 3930/3919/3788 3584/3911/3780 3703/4052/3921 4047/4050/3919
f 4047/4050/3919 3703/4052/3921 3613/4053/3922 3704/4054/3923
f 3705/4051/3920 4047/4050/3919 3704/4054/3923 3614/4055/3924
f 3584/3911/3780 3937/3930/3799 4048/4056/3925 3703/4052/3921
f 3937/3930/3799 3586/3934/3803 3706/4057/3926 4048/4056/3925
f 4048/4056/3925 3706/4057/3926 3615/4058/3927 3707/4059/3928
f 3703/4052/3921 4048/4056/3925 3707/4059/3928 3613/4053/3922
f 3586/3934/3803 3947/4337/3822 4049/4336/3929 3706/4057/3926
f 3947/3953/3822 3544/3739/3608 3708/4061/3930 4049/4060/3929
f 4049/4060/3929 3708/4061/3930 3616/4062/3931 3709/4063/3932
f 3706/4057/3926 4049/4336/3929 3709/4333/3932 3615/4058/3927
f 3544/3739/3608 3839/3738/3607 4050/4064/3933 3708/4061/3930
f 3839/3738/3607 3540/3737/3606 3705/4051/3920 4050/4064/3933
f 4050/4064/3933 3705/4051/3920 3614/4055/3924 3710/4065/3934
f 3708/4061/3930 4050/4064/3933 3710/4065/3934 3616/4062/3931
f 3610/4039/3908 3696/4038/3907 4051/4066/3935 3713/4067/3936
f 3696/4038/3907 3609/4037/3906 3711/4068/3937 4051/4066/3935
f 4051/4066/3935 3711/4068/3937 3617/4069/3938 3712/4070/3939
f 3713/4067/3936 4051/4066/3935 3712/4070/3939 3618/4071/3940
f 3609/4037/3906 3699/4043/3912 4052/4072/3941 3711/4068/3937
f 3699/4043/3912 3611/4042/3911 3714/4073/3942 4052/4072/3941
f 4052/4072/3941 3714/4073/3942 3619/4074/3943 3715/4075/3944
f 3711/4068/3937 4052/4072/3941 3715/4075/3944 3617/4069/3938
f 3611/4042/3911 3701/4335/3916 4053/4334/3945 3714/4073/3942
f 3701/4047/3916 3612/4046/3915 3716/4077/3946 4053/4076/3945
f 4053/4076/3945 3716/4077/3946 3620/4078/3947 3717/4079/3948
f 3714/4073/3942 4053/4334/3945 3717/4331/3948 3619/4074/3943
f 3612/4046/3915 3702/4049/3918 4054/4080/3949 3716/4077/3946
f 3702/4049/3918 3610/4039/3908 3713/4067/3936 4054/4080/3949
f 4054/4080/3949 3713/4067/3936 3618/4071/3940 3718/4081/3950
f 3716/4077/3946 4054/4080/3949 3718/4081/3950 3620/4078/3947
f 3614/4055/3924 3704/4054/3923 4055/4082/3951 3721/4083/3952
f 3704/4054/3923 3613/4053/3922 3719/4084/3953 4055/4082/3951
f 4055/4082/3951 3719/4084/3953 3621/4085/3954 3720/4086/3955
f 3721/4083/3952 4055/4082/3951 3720/4086/3955 3622/4087/3956
f 3613/4053/3922 3707/4059/3928 4056/4088/3957 3719/4084/3953
f 3707/4059/3928 3615/4058/3927 3722/4089/3958 4056/4088/3957
f 4056/4088/3957 3722/4089/3958 3623/4090/3959 3723/4091/3960
f 3719/4084/3953 4056/4088/3957 3723/4091/3960 3621/4085/3954
f 3615/4058/3927 3709/4333/3932 4057/4332/3961 3722/4089/3958
f 3709/4063/3932 3616/4062/3931 3724/4093/3962 4057/4092/3961
f 4057/4092/3961 3724/4093/3962 3624/4094/3963 3725/4095/3964
f 3722/4089/3958 4057/4332/3961 3725/4328/3964 3623/4090/3959
f 3616/4062/3931 3710/4065/3934 4058/4096/3965 3724/4093/3962
f 3710/4065/3934 3614/4055/3924 3721/4083/3952 4058/4096/3965
f 4058/4096/3965 3721/4083/3952 3622/4087/3956 3726/4097/3966
f 3724/4093/3962 4058/4096/3965 3726/4097/3966 3624/4094/3963
f 3642/4098/3967 3727/4099/3968 4059/4100/3969 3730/4101/3970
f 3727/4099/3968 3641/4102/3971 3728/4103/3972 4059/4100/3969
f 4059/4100/3969 3728/4103/3972 3643/4104/3973 3729/4105/3974
f 3730/4101/3970 4059/4100/3969 3729/4105/3974 3644/4106/3975
f 3617/4069/3938 3715/4075/3944 4060/4107/3976 3732/4108/3977
f 3715/4075/3944 3619/4074/3943 3731/4109/3978 4060/4107/3976
f 4060/4107/3976 3731/4109/3978 3627/3926/3795 3932/3925/3794
f 3732/4108/3977 4060/4107/3976 3932/3925/3794 3625/3924/3793
f 3619/4074/3943 3717/4331/3948 4061/4330/3979 3731/4109/3978
f 3717/4079/3948 3620/4078/3947 3733/4111/3980 4061/4110/3979
f 4061/4110/3979 3733/4111/3980 3628/3928/3797 3933/4329/3796
f 3731/4109/3978 4061/4330/3979 3933/3927/3796 3627/3926/3795
f 3620/4078/3947 3718/4081/3950 4062/4112/3981 3733/4111/3980
f 3718/4081/3950 3618/4071/3940 3734/4113/3982 4062/4112/3981
f 4062/4112/3981 3734/4113/3982 3626/3920/3789 3934/3923/3792
f 3733/4111/3980 4062/4112/3981 3934/3923/3792 3628/3928/3797
f 3646/4114/3983 3735/4115/3984 4063/4116/3985 3738/4117/3986
f 3735/4115/3984 3645/4118/3987 3736/4119/3988 4063/4116/3985
f 4063/4116/3985 3736/4119/3988 3647/4120/3989 3737/4121/3990
f 3738/4117/3986 4063/4116/3985 3737/4121/3990 3648/4122/3991
f 3621/4085/3954 3723/4091/3960 4064/4123/3992 3740/4124/3993
f 3723/4091/3960 3623/4090/3959 3739/4125/3994 4064/4123/3992
f 4064/4123/3992 3739/4125/3994 3631/3941/3810 3939/3940/3809
f 3740/4124/3993 4064/4123/3992 3939/3940/3809 3629/3939/3808
f 3623/4090/3959 3725/4328/3964 4065/4327/3995 3739/4125/3994
f 3725/4095/3964 3624/4094/3963 3741/4127/3996 4065/4126/3995
f 4065/4126/3995 3741/4127/3996 3632/3943/3812 3940/4326/3811
f 3739/4125/3994 4065/4327/3995 3940/3942/3811 3631/3941/3810
f 3624/4094/3963 3726/4097/3966 4066/4128/3997 3741/4127/3996
f 3726/4097/3966 3622/4087/3956 3742/4129/3998 4066/4128/3997
f 4066/4128/3997 3742/4129/3998 3630/3935/3804 3941/3938/3807
f 3741/4127/3996 4066/4128/3997 3941/3938/3807 3632/3943/3812
f 3618/4071/3940 3712/4070/3939 4067/4130/3999 3745/4131/4000
f 3712/4070/3939 3617/4069/3938 3743/4132/4001 4067/4130/3999
f 4067/4130/3999 3743/4132/4001 3633/4133/4002 3744/4134/4003
f 3745/4131/4000 4067/4130/3999 3744/4134/4003 3634/4135/4004
f 3617/4069/3938 3732/4108/3977 4068/4136/4005 3743/4132/4001
f 3732/4108/3977 3625/3924/3793 3746/4137/4006 4068/4136/4005
f 4068/4136/4005 3746/4137/4006 3635/4138/4007 3747/4139/4008
f 3743/4132/4001 4068/4136/4005 3747/4139/4008 3633/4133/4002
f 3625/3924/3793 3931/4325/3790 4069/4324/4009 3746/4137/4006
f 3931/3921/3790 3626/3920/3789 3748/4141/4010 4069/4140/4009
f 4069/4140/4009 3748/4141/4010 3636/4142/4011 3749/4143/4012
f 3746/4137/4006 4069/4324/4009 3749/4319/4012 3635/4138/4007
f 3626/3920/3789 3734/4113/3982 4070/4144/4013 3748/4141/4010
f 3734/4113/3982 3618/4071/3940 3745/4131/4000 4070/4144/4013
f 4070/4144/4013 3745/4131/4000 3634/4135/4004 3750/4145/4014
f 3748/4141/4010 4070/4144/4013 3750/4145/4014 3636/4142/4011
f 3622/4087/3956 3720/4086/3955 4071/4146/4015 3753/4147/4016
f 3720/4086/3955 3621/4085/3954 3751/4148/4017 4071/4146/4015
f 4071/4146/4015 3751/4148/4017 3637/4149/4018 3752/4150/4019
f 3753/4147/4016 4071/4146/4015 3752/4150/4019 3638/4151/4020
f 3621/4085/3954 3740/4124/3993 4072/4152/4021 3751/4148/4017
f 3740/4124/3993 3629/3939/3808 3754/4153/4022 4072/4152/4021
f 4072/4152/4021 3754/4153/4022 3639/4154/4023 3755/4155/4024
f 3751/4148/4017 4072/4152/4021 3755/4155/4024 3637/4149/4018
f 3629/3939/3808 3938/4323/3805 4073/4322/4025 3754/4153/4022
f 3938/3936/3805 3630/3935/3804 3756/4157/4026 4073/4156/4025
f 4073/4156/4025 3756/4157/4026 3640/4158/4027 3757/4159/4028
f 3754/4153/4022 4073/4322/4025 3757/4316/4028 3639/4154/4023
f 3630/3935/3804 3742/4129/3998 4074/4160/4029 3756/4157/4026
f 3742/4129/3998 3622/4087/3956 3753/4147/4016 4074/4160/4029
f 4074/4160/4029 3753/4147/4016 3638/4151/4020 3758/4161/4030
f 3756/4157/4026 4074/4160/4029 3758/4161/4030 3640/4158/4027
f 3634/4135/4004 3744/4134/4003 4075/4162/4031 3760/4163/4032
f 3744/4134/4003 3633/4133/4002 3759/4164/4033 4075/4162/4031
f 4075/4162/4031 3759/4164/4033 3641/4102/3971 3727/4099/3968
f 3760/4163/4032 4075/4162/4031 3727/4099/3968 3642/4098/3967
f 3633/4133/4002 3747/4139/4008 4076/4165/4034 3759/4164/4033
f 3747/4139/4008 3635/4138/4007 3761/4166/4035 4076/4165/4034
f 4076/4165/4034 3761/4166/4035 3643/4104/3973 3728/4103/3972
f 3759/4164/4033 4076/4165/4034 3728/4103/3972 3641/4102/3971
f 3649/4167/4036 3762/4168/4037 4077/4321/4038 3765/4170/4039
f 3762/4317/4037 3650/4171/4040 3763/4172/4041 4077/4169/4038
f 4077/4169/4038 3763/4172/4041 3651/4173/4042 3764/4174/4043
f 3765/4170/4039 4077/4321/4038 3764/4174/4043 3652/4175/4044
f 3636/4142/4011 3750/4145/4014 4078/4176/4045 3766/4177/4046
f 3750/4145/4014 3634/4135/4004 3760/4163/4032 4078/4176/4045
f 4078/4176/4045 3760/4163/4032 3642/4098/3967 3730/4101/3970
f 3766/4177/4046 4078/4176/4045 3730/4101/3970 3644/4106/3975
f 3638/4151/4020 3752/4150/4019 4079/4178/4047 3768/4179/4048
f 3752/4150/4019 3637/4149/4018 3767/4180/4049 4079/4178/4047
f 4079/4178/4047 3767/4180/4049 3645/4118/3987 3735/4115/3984
f 3768/4179/4048 4079/4178/4047 3735/4115/3984 3646/4114/3983
f 3637/4149/4018 3755/4155/4024 4080/4181/4050 3767/4180/4049
f 3755/4155/4024 3639/4154/4023 3769/4182/4051 4080/4181/4050
f 4080/4181/4050 3769/4182/4051 3647/4120/3989 3736/4119/3988
f 3767/4180/4049 4080/4181/4050 3736/4119/3988 3645/4118/3987
f 3653/4183/4052 3770/4184/4053 4081/4320/4054 3773/4186/4055
f 3770/4314/4053 3654/4187/4056 3771/4188/4057 4081/4185/4054
f 4081/4185/4054 3771/4188/4057 3655/4189/4058 3772/4190/4059
f 3773/4186/4055 4081/4320/4054 3772/4190/4059 3656/4191/4060
f 3640/4158/4027 3758/4161/4030 4082/4192/4061 3774/4193/4062
f 3758/4161/4030 3638/4151/4020 3768/4179/4048 4082/4192/4061
f 4082/4192/4061 3768/4179/4048 3646/4114/3983 3738/4117/3986
f 3774/4193/4062 4082/4192/4061 3738/4117/3986 3648/4122/3991
f 3635/4138/4007 3749/4319/4012 4083/4318/4063 3776/4195/4064
f 3749/4143/4012 3636/4142/4011 3775/4196/4065 4083/4194/4063
f 4083/4194/4063 3775/4196/4065 3650/4171/4040 3762/4317/4037
f 3776/4195/4064 4083/4318/4063 3762/4168/4037 3649/4167/4036
f 3636/4142/4011 3766/4177/4046 4084/4197/4066 3775/4196/4065
f 3766/4177/4046 3644/4106/3975 3777/4198/4067 4084/4197/4066
f 4084/4197/4066 3777/4198/4067 3651/4173/4042 3763/4172/4041
f 3775/4196/4065 4084/4197/4066 3763/4172/4041 3650/4171/4040
f 3644/4106/3975 3729/4105/3974 4085/4199/4068 3777/4198/4067
f 3729/4105/3974 3643/4104/3973 3778/4200/4069 4085/4199/4068
f 4085/4199/4068 3778/4200/4069 3652/4175/4044 3764/4174/4043
f 3777/4198/4067 4085/4199/4068 3764/4174/4043 3651/4173/4042
f 3643/4104/3973 3761/4166/4035 4086/4201/4070 3778/4200/4069
f 3761/4166/4035 3635/4138/4007 3776/4195/4064 4086/4201/4070
f 4086/4201/4070 3776/4195/4064 3649/4167/4036 3765/4170/4039
f 3778/4200/4069 4086/4201/4070 3765/4170/4039 3652/4175/4044
f 3639/4154/4023 3757/4316/4028 4087/4315/4071 3780/4203/4072
f 3757/4159/4028 3640/4158/4027 3779/4204/4073 4087/4202/4071
f 4087/4202/4071 3779/4204/4073 3654/4187/4056 3770/4314/4053
f 3780/4203/4072 4087/4315/4071 3770/4184/4053 3653/4183/4052
f 3640/4158/4027 3774/4193/4062 4088/4205/4074 3779/4204/4073
f 3774/4193/4062 3648/4122/3991 3781/4206/4075 4088/4205/4074
f 4088/4205/4074 3781/4206/4075 3655/4189/4058 3771/4188/4057
f 3779/4204/4073 4088/4205/4074 3771/4188/4057 3654/4187/4056
f 3648/4122/3991 3737/4121/3990 4089/4207/4076 3781/4206/4075
f 3737/4121/3990 3647/4120/3989 3782/4208/4077 4089/4207/4076
f 4089/4207/4076 3782/4208/4077 3656/4191/4060 3772/4190/4059
f 3781/4206/4075 4089/4207/4076 3772/4190/4059 3655/4189/4058
f 3647/4120/3989 3769/4182/4051 4090/4209/4078 3782/4208/4077
f 3769/4182/4051 3639/4154/4023 3780/4203/4072 4090/4209/4078
f 4090/4209/4078 3780/4203/4072 3653/4183/4052 3773/4186/4055
f 3782/4208/4077 4090/4209/4078 3773/4186/4055 3656/4191/4060
f 3593/3993/3862 3965/3992/3861 4091/4210/4079 3785/4211/4080
f 3965/3992/3861 3601/3991/3860 3783/4212/4081 4091/4210/4079
f 4091/4210/4079 3783/4212/4081 3658/4213/4082 3784/4214/4083
f 3785/4211/4080 4091/4210/4079 3784/4214/4083 3657/4215/4084
f 3601/3991/3860 3964/3990/3859 4092/4216/4085 3783/4212/4081
f 3964/3990/3859 3594/3989/3858 3786/4217/4086 4092/4216/4085
f 4092/4216/4085 3786/4217/4086 3659/4218/4087 3787/4219/4088
f 3783/4212/4081 4092/4216/4085 3787/4219/4088 3658/4213/4082
f 3594/3989/3858 3969/4313/3868 4093/4312/4089 3786/4217/4086
f 3969/3999/3868 3602/3998/3867 3788/4221/4090 4093/4220/4089
f 4093/4220/4089 3788/4221/4090 3660/4222/4091 3789/4223/4092
f 3786/4217/4086 4093/4312/4089 3789/4309/4092 3659/4218/4087
f 3602/3998/3867 3968/3997/3866 4094/4224/4093 3788/4221/4090
f 3968/3997/3866 3595/3996/3865 3790/4225/4094 4094/4224/4093
f 4094/4224/4093 3790/4225/4094 3661/4226/4095 3791/4227/4096
f 3788/4221/4090 4094/4224/4093 3791/4227/4096 3660/4222/4091
f 3595/3996/3865 3972/4005/3874 4095/4228/4097 3790/4225/4094
f 3972/4005/3874 3603/4004/3873 3792/4229/4098 4095/4228/4097
f 4095/4228/4097 3792/4229/4098 3662/4230/4099 3793/4231/4100
f 3790/4225/4094 4095/4228/4097 3793/4231/4100 3661/4226/4095
f 3603/4004/3873 3971/4003/3872 4096/4232/4101 3792/4229/4098
f 3971/4003/3872 3596/4002/3871 3794/4233/4102 4096/4232/4101
f 4096/4232/4101 3794/4233/4102 3663/4234/4103 3795/4235/4104
f 3792/4229/4098 4096/4232/4101 3795/4235/4104 3662/4230/4099
f 3596/4002/3871 3974/4009/3878 4097/4236/4105 3794/4233/4102
f 3974/4009/3878 3604/4008/3877 3796/4237/4106 4097/4236/4105
f 4097/4236/4105 3796/4237/4106 3664/4238/4107 3797/4239/4108
f 3794/4233/4102 4097/4236/4105 3797/4239/4108 3663/4234/4103
f 3604/4008/3877 3973/4007/3876 4098/4240/4109 3796/4237/4106
f 3973/4007/3876 3593/3993/3862 3785/4211/4080 4098/4240/4109
f 4098/4240/4109 3785/4211/4080 3657/4215/4084 3798/4241/4110
f 3796/4237/4106 4098/4240/4109 3798/4241/4110 3664/4238/4107
f 3597/4017/3886 3977/4016/3885 4099/4242/4111 3801/4243/4112
f 3977/4016/3885 3605/4015/3884 3799/4244/4113 4099/4242/4111
f 4099/4242/4111 3799/4244/4113 3666/4245/4114 3800/4246/4115
f 3801/4243/4112 4099/4242/4111 3800/4246/4115 3665/4247/4116
f 3605/4015/3884 3976/4014/3883 4100/4248/4117 3799/4244/4113
f 3976/4014/3883 3598/4013/3882 3802/4249/4118 4100/4248/4117
f 4100/4248/4117 3802/4249/4118 3667/4250/4119 3803/4251/4120
f 3799/4244/4113 4100/4248/4117 3803/4251/4120 3666/4245/4114
f 3598/4013/3882 3689/4311/3892 4101/4310/4121 3802/4249/4118
f 3689/4023/3892 3606/4022/3891 3804/4253/4122 4101/4252/4121
f 4101/4252/4121 3804/4253/4122 3668/4254/4123 3805/4255/4124
f 3802/4249/4118 4101/4310/4121 3805/4307/4124 3667/4250/4119
f 3606/4022/3891 3980/4021/3890 4102/4256/4125 3804/4253/4122
f 3980/4021/3890 3599/4020/3889 3806/4257/4126 4102/4256/4125
f 4102/4256/4125 3806/4257/4126 3669/4258/4127 3807/4259/4128
f 3804/4253/4122 4102/4256/4125 3807/4259/4128 3668/4254/4123
f 3599/4020/3889 3692/4029/3898 4103/4260/4129 3806/4257/4126
f 3692/4029/3898 3607/4028/3897 3808/4261/4130 4103/4260/4129
f 4103/4260/4129 3808/4261/4130 3670/4262/4131 3809/4263/4132
f 3806/4257/4126 4103/4260/4129 3809/4263/4132 3669/4258/4127
f 3607/4028/3897 3691/4027/3896 4104/4264/4133 3808/4261/4130
f 3691/4027/3896 3600/4026/3895 3810/4265/4134 4104/4264/4133
f 4104/4264/4133 3810/4265/4134 3671/4266/4135 3811/4267/4136
f 3808/4261/4130 4104/4264/4133 3811/4267/4136 3670/4262/4131
f 3600/4026/3895 3694/4033/3902 4105/4268/4137 3810/4265/4134
f 3694/4033/3902 3608/4032/3901 3812/4269/4138 4105/4268/4137
f 4105/4268/4137 3812/4269/4138 3672/4270/4139 3813/4271/4140
f 3810/4265/4134 4105/4268/4137 3813/4271/4140 3671/4266/4135
f 3608/4032/3901 3693/4031/3900 4106/4272/4141 3812/4269/4138
f 3693/4031/3900 3597/4017/3886 3801/4243/4112 4106/4272/4141
f 4106/4272/4141 3801/4243/4112 3665/4247/4116 3814/4273/4142
f 3812/4269/4138 4106/4272/4141 3814/4273/4142 3672/4270/4139
f 3657/4215/4084 3784/4214/4083 4107/4274/4143 3816/4275/4144
f 3784/4214/4083 3658/4213/4082 3815/4276/4145 4107/4274/4143
f 4107/4274/4143 3815/4276/4145 3674/3751/3620 3844/3748/3617
f 3816/4275/4144 4107/4274/4143 3844/3748/3617 3673/3747/3616
f 3658/4213/4082 3787/4219/4088 4108/4277/4146 3815/4276/4145
f 3787/4219/4088 3659/4218/4087 3817/4278/4147 4108/4277/4146
f 4108/4277/4146 3817/4278/4147 3675/3753/3622 3845/3752/3621
f 3815/4276/4145 4108/4277/4146 3845/3752/3621 3674/3751/3620
f 3659/4218/4087 3789/4309/4092 4109/4308/4148 3817/4278/4147
f 3789/4223/4092 3660/4222/4091 3818/4280/4149 4109/4279/4148
f 4109/4279/4148 3818/4280/4149 3676/3755/3624 3846/3754/3623
f 3817/4278/4147 4109/4308/4148 3846/3754/3623 3675/3753/3622
f 3660/4222/4091 3791/4227/4096 4110/4281/4150 3818/4280/4149
f 3791/4227/4096 3661/4226/4095 3819/4282/4151 4110/4281/4150
f 4110/4281/4150 3819/4282/4151 3677/3757/3626 3847/3756/3625
f 3818/4280/4149 4110/4281/4150 3847/3756/3625 3676/3755/3624
f 3661/4226/4095 3793/4231/4100 4111/4283/4152 3819/4282/4151
f 3793/4231/4100 3662/4230/4099 3820/4284/4153 4111/4283/4152
f 4111/4283/4152 3820/4284/4153 3678/3759/3628 3848/3758/3627
f 3819/4282/4151 4111/4283/4152 3848/3758/3627 3677/3757/3626
f 3662/4230/4099 3795/4235/4104 4112/4285/4154 3820/4284/4153
f 3795/4235/4104 3663/4234/4103 3821/4286/4155 4112/4285/4154
f 4112/4285/4154 3821/4286/4155 3679/3761/3630 3849/3760/3629
f 3820/4284/4153 4112/4285/4154 3849/3760/3629 3678/3759/3628
f 3663/4234/4103 3797/4239/4108 4113/4287/4156 3821/4286/4155
f 3797/4239/4108 3664/4238/4107 3822/4288/4157 4113/4287/4156
f 4113/4287/4156 3822/4288/4157 3680/3763/3632 3850/3762/3631
f 3821/4286/4155 4113/4287/4156 3850/3762/3631 3679/3761/3630
f 3664/4238/4107 3798/4241/4110 4114/4289/4158 3822/4288/4157
f 3798/4241/4110 3657/4215/4084 3816/4275/4144 4114/4289/4158
f 4114/4289/4158 3816/4275/4144 3673/3747/3616 3851/3750/3619
f 3822/4288/4157 4114/4289/4158 3851/3750/3619 3680/3763/3632
f 3665/4247/4116 3800/4246/4115 4115/4290/4159 3824/4291/4160
f 3800/4246/4115 3666/4245/4114 3823/4292/4161 4115/4290/4159
f 4115/4290/4159 3823/4292/4161 3682/3851/3720 3894/3848/3717
f 3824/4291/4160 4115/4290/4159 3894/3848/3717 3681/3847/3716
f 3666/4245/4114 3803/4251/4120 4116/4293/4162 3823/4292/4161
f 3803/4251/4120 3667/4250/4119 3825/4294/4163 4116/4293/4162
f 4116/4293/4162 3825/4294/4163 3683/3853/3722 3895/3852/3721
f 3823/4292/4161 4116/4293/4162 3895/3852/3721 3682/3851/3720
f 3667/4250/4119 3805/4307/4124 4117/4306/4164 3825/4294/4163
f 3805/4255/4124 3668/4254/4123 3826/4296/4165 4117/4295/4164
f 4117/4295/4164 3826/4296/4165 3684/3855/3724 3896/3854/3723
f 3825/4294/4163 4117/4306/4164 3896/3854/3723 3683/3853/3722
f 3668/4254/4123 3807/4259/4128 4118/4297/4166 3826/4296/4165
f 3807/4259/4128 3669/4258/4127 3827/4298/4167 4118/4297/4166
f 4118/4297/4166 3827/4298/4167 3685/3857/3726 3897/3856/3725
f 3826/4296/4165 4118/4297/4166 3897/3856/3725 3684/3855/3724
f 3669/4258/4127 3809/4263/4132 4119/4299/4168 3827/4298/4167
f 3809/4263/4132 3670/4262/4131 3828/4300/4169 4119/4299/4168
f 4119/4299/4168 3828/4300/4169 3686/3859/3728 3898/3858/3727
f 3827/4298/4167 4119/4299/4168 3898/3858/3727 3685/3857/3726
f 3670/4262/4131 3811/4267/4136 4120/4301/4170 3828/4300/4169
f 3811/4267/4136 3671/4266/4135 3829/4302/4171 4120/4301/4170
f 4120/4301/4170 3829/4302/4171 3687/3861/3730 3899/3860/3729
f 3828/4300/4169 4120/4301/4170 3899/3860/3729 3686/3859/3728
f 3671/4266/4135 3813/4271/4140 4121/4303/4172 3829/4302/4171
f 3813/4271/4140 3672/4270/4139 3830/4304/4173 4121/4303/4172
f 4121/4303/4172 3830/4304/4173 3688/3863/3732 3900/3862/3731
f 3829/4302/4171 4121/4303/4172 3900/3862/3731 3687/3861/3730
f 3672/4270/4139 3814/4273/4142 4122/4305/4174 3830/4304/4173
f 3814/4273/4142 3665/4247/4116 3824/4291/4160 4122/4305/4174
f 4122/4305/4174 3824/4291/4160 3681/3847/3716 3901/3850/3719
f 3830/4304/4173 4122/4305/4174 3901/3850/3719 3688/3863/3732
g default
v 0.197218 0.499134 0.474098
v 0.194056 0.499134 0.467893
v 0.189132 0.499134 0.462968
v 0.182926 0.499134 0.459807
v 0.176048 0.499134 0.458717
v 0.169169 0.499134 0.459807
v 0.162964 0.499134 0.462968
v 0.158039 0.499134 0.467893
v 0.154877 0.499134 0.474098
v 0.153788 0.499134 0.480977
v 0.154877 0.499134 0.487856
v 0.158039 0.499134 0.494061
v 0.162964 0.499134 0.498985
v 0.169169 0.499134 0.502147
v 0.176048 0.499134 0.503237
v 0.182926 0.499134 0.502147
v 0.189132 0.499134 0.498985
v 0.194056 0.499134 0.494061
v 0.197218 0.499134 0.487856
v 0.198307 0.499134 0.480977
v 0.217867 0.504347 0.467389
v 0.211621 0.504347 0.455131
v 0.201893 0.504347 0.445403
v 0.189636 0.504347 0.439158
v 0.176048 0.504347 0.437005
v 0.162459 0.504347 0.439158
v 0.150202 0.504347 0.445403
v 0.140474 0.504347 0.455131
v 0.134228 0.504347 0.467389
v 0.132076 0.504347 0.480977
v 0.134228 0.504347 0.494565
v 0.140474 0.504347 0.506823
v 0.150202 0.504347 0.516551
v 0.162459 0.504347 0.522796
v 0.176048 0.504347 0.524948
v 0.189636 0.504347 0.522796
v 0.201893 0.504347 0.516551
v 0.211621 0.504347 0.506823
v 0.217867 0.504347 0.494565
v 0.220019 0.504347 0.480977
v 0.237486 0.512891 0.461014
v 0.228310 0.512891 0.443006
v 0.214019 0.512891 0.428714
v 0.196010 0.512891 0.419538
v 0.176048 0.512891 0.416376
v 0.156085 0.512891 0.419538
v 0.138076 0.512891 0.428714
v 0.123785 0.512891 0.443006
v 0.114609 0.512891 0.461014
v 0.111447 0.512891 0.480977
v 0.114609 0.512891 0.500940
v 0.123785 0.512891 0.518948
v 0.138076 0.512891 0.533240
v 0.156085 0.512891 0.542416
v 0.176048 0.512891 0.545577
v 0.196010 0.512891 0.542416
v 0.214019 0.512891 0.533240
v 0.228310 0.512891 0.518948
v 0.237486 0.512891 0.500940
v 0.240648 0.512891 0.480977
v 0.255593 0.524558 0.455131
v 0.243713 0.524558 0.431815
v 0.225209 0.524558 0.413312
v 0.201893 0.524558 0.401432
v 0.176048 0.524558 0.397338
v 0.150202 0.524558 0.401432
v 0.126886 0.524558 0.413312
v 0.108382 0.524558 0.431815
v 0.096502 0.524558 0.455131
v 0.092409 0.524558 0.480977
v 0.096502 0.524558 0.506823
v 0.108382 0.524558 0.530138
v 0.126886 0.524558 0.548642
v 0.150202 0.524558 0.560522
v 0.176048 0.524558 0.564616
v 0.201893 0.524558 0.560522
v 0.225209 0.524558 0.548642
v 0.243713 0.524558 0.530138
v 0.255593 0.524558 0.506823
v 0.259686 0.524558 0.480977
v 0.271741 0.539059 0.449884
v 0.257449 0.539059 0.421835
v 0.235189 0.539059 0.399576
v 0.207140 0.539059 0.385284
v 0.176048 0.539059 0.380359
v 0.144955 0.539059 0.385284
v 0.116906 0.539059 0.399576
v 0.094646 0.539059 0.421835
v 0.080355 0.539059 0.449884
v 0.075430 0.539059 0.480977
v 0.080355 0.539059 0.512069
v 0.094646 0.539059 0.540118
v 0.116906 0.539059 0.562378
v 0.144955 0.539059 0.576670
v 0.176048 0.539059 0.581594
v 0.207140 0.539059 0.576670
v 0.235189 0.539059 0.562378
v 0.257449 0.539059 0.540118
v 0.271740 0.539059 0.512069
v 0.276665 0.539059 0.480977
v 0.285532 0.556038 0.445403
v 0.269181 0.556038 0.413312
v 0.243713 0.556038 0.387844
v 0.211621 0.556038 0.371492
v 0.176048 0.556038 0.365858
v 0.140474 0.556038 0.371492
v 0.108382 0.556038 0.387844
v 0.082914 0.556038 0.413312
v 0.066563 0.556038 0.445403
v 0.060929 0.556038 0.480977
v 0.066563 0.556038 0.516551
v 0.082915 0.556038 0.548642
v 0.108382 0.556038 0.574110
v 0.140474 0.556038 0.590461
v 0.176048 0.556038 0.596096
v 0.211621 0.556038 0.590461
v 0.243713 0.556038 0.574110
v 0.269180 0.556038 0.548642
v 0.285532 0.556038 0.516551
v 0.291166 0.556038 0.480977
v 0.296628 0.575076 0.441798
v 0.278619 0.575076 0.406454
v 0.250570 0.575076 0.378405
v 0.215226 0.575076 0.360397
v 0.176048 0.575076 0.354191
v 0.136869 0.575076 0.360397
v 0.101525 0.575076 0.378405
v 0.073476 0.575076 0.406454
v 0.055467 0.575076 0.441798
v 0.049262 0.575076 0.480977
v 0.055467 0.575076 0.520156
v 0.073476 0.575076 0.555500
v 0.101525 0.575076 0.583549
v 0.136869 0.575076 0.601557
v 0.176048 0.575076 0.607762
v 0.215226 0.575076 0.601557
v 0.250570 0.575076 0.583549
v 0.278619 0.575076 0.555500
v 0.296628 0.575076 0.520156
v 0.302833 0.575076 0.480977
v 0.304754 0.595705 0.439158
v 0.285532 0.595705 0.401432
v 0.255593 0.595705 0.371492
v 0.217867 0.595705 0.352270
v 0.176048 0.595705 0.345647
v 0.134228 0.595705 0.352270
v 0.096502 0.595705 0.371492
v 0.066563 0.595705 0.401432
v 0.047341 0.595705 0.439158
v 0.040717 0.595705 0.480977
v 0.047341 0.595705 0.522796
v 0.066563 0.595705 0.560522
v 0.096502 0.595705 0.590461
v 0.134228 0.595705 0.609684
v 0.176048 0.595705 0.616307
v 0.217867 0.595705 0.609684
v 0.255593 0.595705 0.590461
v 0.285532 0.595705 0.560522
v 0.304754 0.595705 0.522796
v 0.311378 0.595705 0.480977
v 0.309712 0.617417 0.437547
v 0.289749 0.617417 0.398368
v 0.258656 0.617417 0.367275
v 0.219478 0.617417 0.347313
v 0.176048 0.617417 0.340434
v 0.132617 0.617417 0.347313
v 0.093439 0.617417 0.367275
v 0.062346 0.617417 0.398368
v 0.042383 0.617417 0.437547
v 0.035505 0.617417 0.480977
v 0.042383 0.617417 0.524407
v 0.062346 0.617417 0.563586
v 0.093439 0.617417 0.594678
v 0.132617 0.617417 0.614641
v 0.176048 0.617417 0.621520
v 0.219478 0.617417 0.614641
v 0.258656 0.617417 0.594678
v 0.289749 0.617417 0.563586
v 0.309712 0.617417 0.524407
v 0.316590 0.617417 0.480977
v 0.311378 0.639677 0.437005
v 0.291166 0.639677 0.397338
v 0.259686 0.639677 0.365858
v 0.220019 0.639677 0.345647
v 0.176048 0.639677 0.338682
v 0.132076 0.639677 0.345647
v 0.092409 0.639677 0.365858
v 0.060929 0.639677 0.397338
v 0.040717 0.639677 0.437005
v 0.033753 0.639677 0.480977
v 0.040717 0.639677 0.524948
v 0.060929 0.639677 0.564616
v 0.092409 0.639677 0.596096
v 0.132076 0.639677 0.616307
v 0.176048 0.639677 0.623272
v 0.220019 0.639677 0.616307
v 0.259686 0.639677 0.596096
v 0.291166 0.639677 0.564616
v 0.311378 0.639677 0.524948
v 0.318342 0.639677 0.480977
v 0.309712 0.661937 0.437547
v 0.289749 0.661937 0.398368
v 0.258656 0.661937 0.367275
v 0.219478 0.661937 0.347313
v 0.176048 0.661937 0.340434
v 0.132617 0.661937 0.347313
v 0.093439 0.661937 0.367275
v 0.062346 0.661937 0.398368
v 0.042383 0.661937 0.437547
v 0.035505 0.661937 0.480977
v 0.042383 0.661937 0.524407
v 0.062346 0.661937 0.563586
v 0.093439 0.661937 0.594678
v 0.132617 0.661937 0.614641
v 0.176048 0.661937 0.621520
v 0.219478 0.661937 0.614641
v 0.258656 0.661937 0.594678
v 0.289749 0.661937 0.563586
v 0.309712 0.661937 0.524407
v 0.316590 0.661937 0.480977
v 0.304754 0.683648 0.439158
v 0.285532 0.683648 0.401432
v 0.255593 0.683648 0.371492
v 0.217867 0.683648 0.352270
v 0.176048 0.683648 0.345647
v 0.134228 0.683648 0.352270
v 0.096502 0.683648 0.371492
v 0.066563 0.683648 0.401432
v 0.047341 0.683648 0.439158
v 0.040717 0.683648 0.480977
v 0.047341 0.683648 0.522796
v 0.066563 0.683648 0.560522
v 0.096502 0.683648 0.590461
v 0.134228 0.683648 0.609684
v 0.176048 0.683648 0.616307
v 0.217867 0.683648 0.609684
v 0.255593 0.683648 0.590461
v 0.285532 0.683648 0.560522
v 0.304754 0.683648 0.522796
v 0.311378 0.683648 0.480977
v 0.296628 0.704277 0.441798
v 0.278619 0.704277 0.406454
v 0.250570 0.704277 0.378405
v 0.215226 0.704277 0.360397
v 0.176048 0.704277 0.354191
v 0.136869 0.704277 0.360397
v 0.101525 0.704277 0.378405
v 0.073476 0.704277 0.406454
v 0.055467 0.704277 0.441798
v 0.049262 0.704277 0.480977
v 0.055467 0.704277 0.520156
v 0.073476 0.704277 0.555500
v 0.101525 0.704277 0.583549
v 0.136869 0.704277 0.601557
v 0.176048 0.704277 0.607762
v 0.215226 0.704277 0.601557
v 0.250570 0.704277 0.583549
v 0.278619 0.704277 0.555500
v 0.296628 0.704277 0.520156
v 0.302833 0.704277 0.480977
v 0.285532 0.723316 0.445403
v 0.269181 0.723316 0.413312
v 0.243713 0.723316 0.387844
v 0.211621 0.723316 0.371492
v 0.176048 0.723316 0.365858
v 0.140474 0.723316 0.371492
v 0.108382 0.723316 0.387844
v 0.082914 0.723316 0.413312
v 0.066563 0.723316 0.445403
v 0.060929 0.723316 0.480977
v 0.066563 0.723316 0.516551
v 0.082915 0.723316 0.548642
v 0.108382 0.723316 0.574110
v 0.140474 0.723316 0.590461
v 0.176048 0.723316 0.596096
v 0.211621 0.723316 0.590461
v 0.243713 0.723316 0.574110
v 0.269180 0.723316 0.548642
v 0.285532 0.723316 0.516551
v 0.291166 0.723316 0.480977
v 0.271741 0.740294 0.449884
v 0.257449 0.740294 0.421835
v 0.235189 0.740294 0.399576
v 0.207140 0.740294 0.385284
v 0.176048 0.740294 0.380359
v 0.144955 0.740294 0.385284
v 0.116906 0.740294 0.399576
v 0.094646 0.740294 0.421835
v 0.080355 0.740294 0.449884
v 0.075430 0.740294 0.480977
v 0.080355 0.740294 0.512069
v 0.094646 0.740294 0.540118
v 0.116906 0.740294 0.562378
v 0.144955 0.740294 0.576670
v 0.176048 0.740294 0.581594
v 0.207140 0.740294 0.576670
v 0.235189 0.740294 0.562378
v 0.257449 0.740294 0.540118
v 0.271740 0.740294 0.512069
v 0.276665 0.740294 0.480977
v 0.255593 0.754796 0.455131
v 0.243713 0.754796 0.431815
v 0.225209 0.754796 0.413312
v 0.201893 0.754796 0.401432
v 0.176048 0.754796 0.397338
v 0.150202 0.754796 0.401432
v 0.126886 0.754796 0.413312
v 0.108382 0.754796 0.431815
v 0.096502 0.754796 0.455131
v 0.092409 0.754796 0.480977
v 0.096502 0.754796 0.506823
v 0.108382 0.754796 0.530138
v 0.126886 0.754796 0.548642
v 0.150202 0.754796 0.560522
v 0.176048 0.754796 0.564616
v 0.201893 0.754796 0.560522
v 0.225209 0.754796 0.548642
v 0.243713 0.754796 0.530138
v 0.255593 0.754796 0.506823
v 0.259686 0.754796 0.480977
v 0.237486 0.766462 0.461014
v 0.228310 0.766462 0.443006
v 0.214019 0.766462 0.428714
v 0.196010 0.766462 0.419538
v 0.176048 0.766462 0.416376
v 0.156085 0.766462 0.419538
v 0.138076 0.766462 0.428714
v 0.123785 0.766462 0.443006
v 0.114609 0.766462 0.461014
v 0.111447 0.766462 0.480977
v 0.114609 0.766462 0.500940
v 0.123785 0.766462 0.518948
v 0.138076 0.766462 0.533240
v 0.156085 0.766462 0.542416
v 0.176048 0.766462 0.545577
v 0.196010 0.766462 0.542416
v 0.214019 0.766462 0.533240
v 0.228310 0.766462 0.518948
v 0.237486 0.766462 0.500940
v 0.240648 0.766462 0.480977
v 0.217867 0.775007 0.467389
v 0.211621 0.775007 0.455131
v 0.201893 0.775007 0.445403
v 0.189636 0.775007 0.439158
v 0.176048 0.775007 0.437005
v 0.162459 0.775007 0.439158
v 0.150202 0.775007 0.445403
v 0.140474 0.775007 0.455131
v 0.134228 0.775007 0.467389
v 0.132076 0.775007 0.480977
v 0.134228 0.775007 0.494565
v 0.140474 0.775007 0.506823
v 0.150202 0.775007 0.516551
v 0.162459 0.775007 0.522796
v 0.176048 0.775007 0.524948
v 0.189636 0.775007 0.522796
v 0.201893 0.775007 0.516551
v 0.211621 0.775007 0.506823
v 0.217867 0.775007 0.494565
v 0.220019 0.775007 0.480977
v 0.197218 0.780219 0.474098
v 0.194056 0.780219 0.467893
v 0.189132 0.780219 0.462968
v 0.182926 0.780219 0.459807
v 0.176048 0.780219 0.458717
v 0.169169 0.780219 0.459807
v 0.162964 0.780219 0.462968
v 0.158039 0.780219 0.467893
v 0.154877 0.780219 0.474098
v 0.153788 0.780219 0.480977
v 0.154877 0.780219 0.487856
v 0.158039 0.780219 0.494061
v 0.162964 0.780219 0.498985
v 0.169169 0.780219 0.502147
v 0.176048 0.780219 0.503237
v 0.182926 0.780219 0.502147
v 0.189132 0.780219 0.498985
v 0.194056 0.780219 0.494061
v 0.197218 0.780219 0.487856
v 0.198307 0.780219 0.480977
v 0.176048 0.497382 0.480977
v 0.176048 0.781971 0.480977
vt 0.847740 0.065015
vt 0.848626 0.065623
vt 0.846839 0.068005
vt 0.845130 0.066758
vt 0.849676 0.065994
vt 0.848900 0.068808
vt 0.850791 0.066083
vt 0.851138 0.069054
vt 0.851860 0.065871
vt 0.853338 0.068673
vt 0.852769 0.065367
vt 0.855246 0.067657
vt 0.853410 0.064621
vt 0.856600 0.066092
vt 0.853709 0.063714
vt 0.857196 0.064173
vt 0.853636 0.062750
vt 0.856980 0.062163
vt 0.853207 0.061837
vt 0.856032 0.060314
vt 0.852480 0.061069
vt 0.854514 0.058816
vt 0.851539 0.060517
vt 0.852615 0.057786
vt 0.850481 0.060223
vt 0.850529 0.057276
vt 0.849406 0.060206
vt 0.848442 0.057298
vt 0.848413 0.060458
vt 0.846525 0.057825
vt 0.847588 0.060953
vt 0.844933 0.058801
vt 0.847004 0.061644
vt 0.843798 0.060144
vt 0.846713 0.062471
vt 0.843220 0.061747
vt 0.846743 0.063361
vt 0.843253 0.063481
vt 0.847094 0.064236
vt 0.843904 0.065201
vt 0.844878 0.070281
vt 0.842417 0.068375
vt 0.847887 0.071567
vt 0.851224 0.072047
vt 0.854602 0.071566
vt 0.857629 0.070040
vt 0.859814 0.067557
vt 0.860693 0.064469
vt 0.860234 0.061311
vt 0.858665 0.058526
vt 0.856303 0.056368
vt 0.853454 0.054952
vt 0.850392 0.054307
vt 0.847359 0.054416
vt 0.844582 0.055230
vt 0.842269 0.056673
vt 0.840605 0.058635
vt 0.839740 0.060974
vt 0.839758 0.063513
vt 0.840671 0.066050
vt 0.842754 0.072448
vt 0.839619 0.069879
vt 0.846622 0.074260
vt 0.850996 0.075056
vt 0.855565 0.074571
vt 0.859852 0.072566
vt 0.863069 0.069021
vt 0.864194 0.064526
vt 0.863350 0.060112
vt 0.861054 0.056431
vt 0.857824 0.053722
vt 0.854061 0.052028
vt 0.850089 0.051324
vt 0.846183 0.051560
vt 0.842604 0.052668
vt 0.839603 0.054561
vt 0.837423 0.057115
vt 0.836267 0.060158
vt 0.836259 0.063473
vt 0.837405 0.066801
vt 0.840482 0.074508
vt 0.836754 0.071282
vt 0.845103 0.076873
vt 0.850402 0.078070
vt 0.856117 0.077717
vt 0.861795 0.075321
vt 0.866400 0.070499
vt 0.867679 0.064204
vt 0.866258 0.058452
vt 0.863151 0.053996
vt 0.859060 0.050883
vt 0.854443 0.049027
vt 0.849639 0.048336
vt 0.844935 0.048729
vt 0.840609 0.050132
vt 0.836949 0.052457
vt 0.834255 0.055578
vt 0.832801 0.059305
vt 0.832757 0.063376
vt 0.834117 0.067474
vt 0.838080 0.076464
vt 0.833838 0.072599
vt 0.843327 0.079396
vt 0.849398 0.081073
vt 0.856118 0.081031
vt 0.863236 0.078467
vt 0.869861 0.072030
vt 0.871093 0.063219
vt 0.868867 0.056195
vt 0.864908 0.051194
vt 0.860000 0.047864
vt 0.854608 0.045966
vt 0.849059 0.045352
vt 0.843635 0.045924
vt 0.838618 0.047615
vt 0.834322 0.050351
vt 0.831109 0.054018
vt 0.829342 0.058416
vt 0.829258 0.063235
vt 0.830820 0.068085
vt 0.835563 0.078320
vt 0.830892 0.073846
vt 0.841305 0.081816
vt 0.847951 0.084041
vt 0.855417 0.084530
vt 0.863756 0.082283
vt 0.873533 0.073775
vt 0.874206 0.060939
vt 0.871083 0.053197
vt 0.866286 0.048024
vt 0.860636 0.044688
vt 0.854563 0.042862
vt 0.848367 0.042379
vt 0.842305 0.043145
vt 0.836654 0.045110
vt 0.831744 0.048233
vt 0.827997 0.052428
vt 0.825891 0.057494
vt 0.825768 0.063066
vt 0.827527 0.068656
vt 0.832954 0.080084
vt 0.827934 0.075043
vt 0.839050 0.084124
vt 0.846059 0.086937
vt 0.853902 0.088180
vt 0.862559 0.087267
vt 0.880112 0.065875
vt 0.877284 0.056475
vt 0.872867 0.049409
vt 0.867257 0.044518
vt 0.860962 0.041381
vt 0.854319 0.039732
vt 0.847578 0.039424
vt 0.840968 0.040389
vt 0.834744 0.042609
vt 0.829242 0.046088
vt 0.824936 0.050792
vt 0.822448 0.056540
vt 0.822292 0.062889
vt 0.824255 0.069213
vt 0.830273 0.081766
vt 0.824987 0.076216
vt 0.836588 0.086311
vt 0.843754 0.089717
vt 0.851658 0.091813
vt 0.860167 0.092480
vt 0.884887 0.058064
vt 0.879701 0.050985
vt 0.874106 0.045050
vt 0.867792 0.040750
vt 0.860975 0.037980
vt 0.853882 0.036592
vt 0.846708 0.036493
vt 0.839646 0.037654
vt 0.832922 0.040097
vt 0.826855 0.043890
vt 0.821952 0.049084
vt 0.819010 0.055553
vt 0.818838 0.062733
vt 0.821021 0.069792
vt 0.827542 0.083385
vt 0.822075 0.077400
vt 0.833942 0.088372
vt 0.841079 0.092337
vt 0.848792 0.095274
vt 0.856863 0.097395
vt 0.887932 0.049966
vt 0.881204 0.044931
vt 0.874713 0.040314
vt 0.867866 0.036799
vt 0.860673 0.034519
vt 0.853261 0.033457
vt 0.845774 0.033589
vt 0.838368 0.034932
vt 0.831228 0.037557
vt 0.824635 0.041605
vt 0.819090 0.047258
vt 0.815569 0.054533
vt 0.815415 0.062650
vt 0.817853 0.070447
vt 0.824783 0.084964
vt 0.819227 0.078648
vt 0.831139 0.090308
vt 0.838079 0.094759
vt 0.845396 0.098452
vt 0.852808 0.101786
vt 0.889247 0.041636
vt 0.881674 0.038580
vt 0.874631 0.035355
vt 0.867461 0.032737
vt 0.860052 0.031031
vt 0.852463 0.030340
vt 0.844794 0.030712
vt 0.837163 0.032212
vt 0.829713 0.034960
vt 0.822659 0.039174
vt 0.816425 0.045225
vt 0.812106 0.053473
vt 0.812037 0.062739
vt 0.814785 0.071265
vt 0.822016 0.086536
vt 0.816471 0.080031
vt 0.828200 0.092125
vt 0.834793 0.096959
vt 0.841545 0.101266
vt 0.848121 0.105531
vt 0.888826 0.033286
vt 0.881049 0.032133
vt 0.873820 0.030302
vt 0.866557 0.028630
vt 0.859110 0.027545
vt 0.851496 0.027249
vt 0.843786 0.027858
vt 0.836067 0.029478
vt 0.828442 0.032265
vt 0.821041 0.036506
vt 0.814110 0.042802
vt 0.808578 0.052344
vt 0.808744 0.063228
vt 0.811868 0.072391
vt 0.819256 0.088144
vt 0.813831 0.081644
vt 0.825144 0.093834
vt 0.831254 0.098916
vt 0.837302 0.103659
vt 0.842908 0.108550
vt 0.886685 0.025187
vt 0.879291 0.025776
vt 0.872246 0.025268
vt 0.865136 0.024538
vt 0.857839 0.024086
vt 0.850365 0.024191
vt 0.842768 0.025017
vt 0.835120 0.026704
vt 0.827490 0.029418
vt 0.819938 0.033461
vt 0.812467 0.039593
vt 0.804916 0.050958
vt 0.805737 0.064709
vt 0.809155 0.074055
vt 0.816513 0.089843
vt 0.811318 0.083596
vt 0.821982 0.095455
vt 0.827485 0.100617
vt 0.832717 0.105585
vt 0.837264 0.110780
vt 0.882871 0.017649
vt 0.876381 0.019694
vt 0.869876 0.020365
vt 0.863173 0.020518
vt 0.856228 0.020678
vt 0.849070 0.021164
vt 0.841759 0.022174
vt 0.834362 0.023856
vt 0.826941 0.026354
vt 0.819545 0.029861
vt 0.812214 0.034667
vt 0.799571 0.059463
vt 0.802715 0.068410
vt 0.806633 0.076527
vt 0.813791 0.091687
vt 0.808948 0.085962
vt 0.818720 0.097014
vt 0.823504 0.102054
vt 0.827835 0.107003
vt 0.831287 0.112168
vt 0.877481 0.011009
vt 0.872310 0.014088
vt 0.866674 0.015712
vt 0.860636 0.016630
vt 0.854257 0.017340
vt 0.847610 0.018163
vt 0.840777 0.019304
vt 0.833837 0.020898
vt 0.826865 0.023033
vt 0.819939 0.025737
vt 0.813167 0.028825
vt 0.795760 0.067669
vt 0.800088 0.073403
vt 0.804360 0.079809
vt 0.811090 0.093738
vt 0.806742 0.088797
vt 0.815352 0.098542
vt 0.819318 0.103222
vt 0.822693 0.107875
vt 0.825077 0.112662
vt 0.870684 0.005620
vt 0.867092 0.009191
vt 0.862600 0.011446
vt 0.857476 0.012942
vt 0.851891 0.014091
vt 0.845974 0.015173
vt 0.839838 0.016371
vt 0.833588 0.017787
vt 0.827329 0.019439
vt 0.821180 0.021215
vt 0.815309 0.022715
vt 0.793579 0.075917
vt 0.798145 0.079236
vt 0.802431 0.083836
vt 0.808407 0.096064
vt 0.804736 0.092144
vt 0.811866 0.100084
vt 0.814926 0.104120
vt 0.817331 0.108162
vt 0.818746 0.112222
vt 0.862753 0.001848
vt 0.860771 0.005272
vt 0.857606 0.007735
vt 0.853626 0.009539
vt 0.849075 0.010950
vt 0.844135 0.012168
vt 0.838953 0.013324
vt 0.833663 0.014472
vt 0.828405 0.015574
vt 0.823339 0.016459
vt 0.818673 0.016739
vt 0.793082 0.084142
vt 0.797108 0.085629
vt 0.800963 0.088529
vt 0.805737 0.098743
vt 0.802980 0.096041
vt 0.808235 0.101696
vt 0.810315 0.104760
vt 0.811785 0.107836
vt 0.812418 0.110826
vt 0.854112 0.000003
vt 0.853461 0.002641
vt 0.851647 0.004799
vt 0.848985 0.006533
vt 0.845719 0.007938
vt 0.842044 0.009104
vt 0.838125 0.010085
vt 0.834121 0.010888
vt 0.830188 0.011453
vt 0.826507 0.011638
vt 0.823296 0.011203
vt 0.794233 0.092062
vt 0.797136 0.092342
vt 0.800082 0.093804
vt 0.803069 0.101870
vt 0.801527 0.100521
vt 0.804415 0.103464
vt 0.805460 0.105179
vt 0.806099 0.106901
vt 0.806235 0.108515
vt 0.845311 0.000217
vt 0.845368 0.001601
vt 0.844688 0.002910
vt 0.843406 0.004077
vt 0.841663 0.005076
vt 0.839597 0.005894
vt 0.837343 0.006519
vt 0.835035 0.006927
vt 0.832810 0.007077
vt 0.830811 0.006912
vt 0.829191 0.006367
vt 0.796823 0.099297
vt 0.798288 0.099099
vt 0.799897 0.099551
vt 0.850244 0.063146
vt 0.800341 0.105526
vt 0.828114 0.005393
vt 0.836559 0.002324
vt 0.805796 0.109891
vt 0.820836 0.009838
vt 0.811971 0.113590
vt 0.814697 0.015724
vt 0.818751 0.116270
vt 0.809950 0.022875
vt 0.825924 0.117755
vt 0.806754 0.031109
vt 0.833264 0.117962
vt 0.805140 0.040377
vt 0.840547 0.116866
vt 0.847558 0.114473
vt 0.854091 0.110812
vt 0.859944 0.105925
vt 0.864931 0.099852
vt 0.868883 0.092600
vt 0.871706 0.084063
vn 0.190558 -0.979721 -0.061916
vn 0.162098 -0.979722 -0.117770
vn 0.269869 -0.942723 -0.196070
vn 0.317248 -0.942724 -0.103082
vn 0.117772 -0.979721 -0.162099
vn 0.196071 -0.942723 -0.269868
vn 0.061916 -0.979721 -0.190558
vn 0.103081 -0.942723 -0.317250
vn 0.000000 -0.979721 -0.200365
vn 0.000000 -0.942723 -0.333576
vn -0.061916 -0.979721 -0.190558
vn -0.103081 -0.942723 -0.317250
vn -0.117771 -0.979722 -0.162098
vn -0.196071 -0.942723 -0.269869
vn -0.162097 -0.979722 -0.117772
vn -0.269869 -0.942723 -0.196071
vn -0.190558 -0.979721 -0.061917
vn -0.317251 -0.942723 -0.103081
vn -0.200364 -0.979722 -0.000000
vn -0.333578 -0.942723 0.000000
vn -0.190558 -0.979721 0.061917
vn -0.317251 -0.942723 0.103081
vn -0.162097 -0.979722 0.117771
vn -0.269869 -0.942723 0.196071
vn -0.117771 -0.979722 0.162098
vn -0.196071 -0.942723 0.269869
vn -0.061916 -0.979721 0.190559
vn -0.103080 -0.942723 0.317250
vn 0.000000 -0.979721 0.200365
vn 0.000000 -0.942723 0.333576
vn 0.061916 -0.979721 0.190558
vn 0.103081 -0.942723 0.317250
vn 0.117772 -0.979721 0.162098
vn 0.196071 -0.942723 0.269868
vn 0.162098 -0.979721 0.117770
vn 0.269870 -0.942723 0.196070
vn 0.190558 -0.979721 0.061917
vn 0.317250 -0.942723 0.103082
vn 0.200364 -0.979722 0.000000
vn 0.333576 -0.942723 0.000001
vn 0.380847 -0.882265 -0.276701
vn 0.447712 -0.882265 -0.145472
vn 0.276702 -0.882265 -0.380846
vn 0.145470 -0.882266 -0.447712
vn 0.000000 -0.882266 -0.470752
vn -0.145470 -0.882266 -0.447712
vn -0.276701 -0.882266 -0.380846
vn -0.380847 -0.882265 -0.276701
vn -0.447711 -0.882266 -0.145470
vn -0.470752 -0.882266 0.000000
vn -0.447711 -0.882266 0.145471
vn -0.380847 -0.882265 0.276701
vn -0.276701 -0.882265 0.380846
vn -0.145469 -0.882266 0.447712
vn 0.000000 -0.882266 0.470752
vn 0.145470 -0.882266 0.447712
vn 0.276702 -0.882265 0.380846
vn 0.380849 -0.882265 0.276699
vn 0.447713 -0.882265 0.145472
vn 0.470754 -0.882265 0.000002
vn 0.485139 -0.800251 -0.352475
vn 0.570316 -0.800251 -0.185307
vn 0.352475 -0.800251 -0.485139
vn 0.185307 -0.800251 -0.570316
vn 0.000000 -0.800250 -0.599666
vn -0.185307 -0.800251 -0.570316
vn -0.352476 -0.800250 -0.485139
vn -0.485139 -0.800251 -0.352475
vn -0.570316 -0.800251 -0.185306
vn -0.599666 -0.800251 -0.000000
vn -0.570316 -0.800251 0.185306
vn -0.485139 -0.800251 0.352475
vn -0.352476 -0.800250 0.485140
vn -0.185306 -0.800251 0.570316
vn 0.000000 -0.800251 0.599666
vn 0.185308 -0.800250 0.570317
vn 0.352476 -0.800249 0.485141
vn 0.485141 -0.800251 0.352474
vn 0.570316 -0.800251 0.185307
vn 0.599667 -0.800250 0.000003
vn 0.578712 -0.698790 -0.420459
vn 0.680318 -0.698789 -0.221046
vn 0.420459 -0.698789 -0.578712
vn 0.221049 -0.698789 -0.680317
vn 0.000000 -0.698789 -0.715328
vn -0.221048 -0.698789 -0.680317
vn -0.420459 -0.698789 -0.578713
vn -0.578713 -0.698789 -0.420459
vn -0.680319 -0.698788 -0.221047
vn -0.715330 -0.698787 -0.000000
vn -0.680319 -0.698787 0.221048
vn -0.578714 -0.698788 0.420460
vn -0.420460 -0.698788 0.578713
vn -0.221048 -0.698789 0.680317
vn 0.000000 -0.698789 0.715328
vn 0.221049 -0.698789 0.680317
vn 0.420459 -0.698789 0.578713
vn 0.578712 -0.698789 0.420459
vn 0.680317 -0.698790 0.221048
vn 0.715328 -0.698789 0.000002
vn 0.658805 -0.580404 -0.478651
vn 0.774474 -0.580403 -0.251639
vn 0.478650 -0.580403 -0.658807
vn 0.251642 -0.580403 -0.774473
vn -0.000000 -0.580404 -0.814329
vn -0.251642 -0.580404 -0.774473
vn -0.478651 -0.580403 -0.658806
vn -0.658807 -0.580403 -0.478650
vn -0.774473 -0.580404 -0.251640
vn -0.814328 -0.580406 -0.000000
vn -0.774472 -0.580404 0.251642
vn -0.658806 -0.580404 0.478651
vn -0.478651 -0.580404 0.658806
vn -0.251642 -0.580403 0.774473
vn 0.000000 -0.580403 0.814330
vn 0.251643 -0.580404 0.774472
vn 0.478650 -0.580405 0.658805
vn 0.658804 -0.580405 0.478651
vn 0.774472 -0.580405 0.251640
vn 0.814329 -0.580404 0.000001
vn 0.723292 -0.447994 -0.525501
vn 0.850281 -0.447992 -0.276271
vn 0.525500 -0.447995 -0.723291
vn 0.276273 -0.447995 -0.850279
vn -0.000000 -0.447995 -0.894036
vn -0.276272 -0.447995 -0.850279
vn -0.525502 -0.447995 -0.723290
vn -0.723292 -0.447993 -0.525501
vn -0.850280 -0.447993 -0.276273
vn -0.894036 -0.447995 -0.000000
vn -0.850279 -0.447994 0.276273
vn -0.723291 -0.447995 0.525500
vn -0.525502 -0.447995 0.723290
vn -0.276271 -0.447995 0.850279
vn 0.000000 -0.447994 0.894036
vn 0.276273 -0.447994 0.850279
vn 0.525501 -0.447994 0.723291
vn 0.723291 -0.447994 0.525501
vn 0.850280 -0.447993 0.276272
vn 0.894037 -0.447993 -0.000000
vn 0.770525 -0.304786 -0.559818
vn 0.905806 -0.304786 -0.294313
vn 0.559819 -0.304786 -0.770525
vn 0.294314 -0.304787 -0.905806
vn -0.000000 -0.304786 -0.952421
vn -0.294314 -0.304787 -0.905806
vn -0.559820 -0.304787 -0.770524
vn -0.770525 -0.304788 -0.559818
vn -0.905806 -0.304786 -0.294314
vn -0.952422 -0.304783 -0.000000
vn -0.905806 -0.304786 0.294315
vn -0.770525 -0.304788 0.559818
vn -0.559820 -0.304787 0.770524
vn -0.294313 -0.304787 0.905806
vn -0.000000 -0.304787 0.952420
vn 0.294315 -0.304787 0.905805
vn 0.559818 -0.304786 0.770525
vn 0.770524 -0.304786 0.559820
vn 0.905806 -0.304786 0.294313
vn 0.952421 -0.304786 -0.000000
vn 0.799335 -0.154250 -0.580750
vn 0.939674 -0.154254 -0.305318
vn 0.580750 -0.154248 -0.799335
vn 0.305319 -0.154249 -0.939674
vn -0.000000 -0.154249 -0.988032
vn -0.305318 -0.154248 -0.939675
vn -0.580751 -0.154248 -0.799335
vn -0.799336 -0.154248 -0.580750
vn -0.939675 -0.154249 -0.305317
vn -0.988032 -0.154248 0.000000
vn -0.939675 -0.154249 0.305317
vn -0.799335 -0.154248 0.580750
vn -0.580751 -0.154247 0.799335
vn -0.305318 -0.154248 0.939675
vn -0.000000 -0.154249 0.988032
vn 0.305319 -0.154249 0.939674
vn 0.580751 -0.154249 0.799335
vn 0.799335 -0.154248 0.580751
vn 0.939674 -0.154249 0.305319
vn 0.988031 -0.154253 0.000001
vn 0.809016 0.000000 -0.587787
vn 0.951057 0.000000 -0.309016
vn 0.587785 0.000000 -0.809017
vn 0.309018 0.000000 -0.951056
vn -0.000000 0.000000 -1.000000
vn -0.309017 -0.000000 -0.951057
vn -0.587786 -0.000000 -0.809017
vn -0.809017 0.000000 -0.587786
vn -0.951057 0.000000 -0.309015
vn -1.000000 0.000000 0.000000
vn -0.951057 0.000000 0.309015
vn -0.809016 0.000000 0.587786
vn -0.587786 0.000000 0.809017
vn -0.309017 0.000000 0.951056
vn -0.000000 0.000000 1.000000
vn 0.309018 -0.000000 0.951056
vn 0.587786 0.000000 0.809017
vn 0.809016 0.000000 0.587786
vn 0.951056 0.000000 0.309018
vn 1.000000 0.000000 0.000002
vn 0.799335 0.154250 -0.580751
vn 0.939674 0.154254 -0.305318
vn 0.580750 0.154248 -0.799335
vn 0.305319 0.154249 -0.939674
vn -0.000000 0.154249 -0.988032
vn -0.305318 0.154248 -0.939675
vn -0.580751 0.154247 -0.799335
vn -0.799336 0.154248 -0.580750
vn -0.939675 0.154249 -0.305317
vn -0.988032 0.154248 0.000000
vn -0.939675 0.154249 0.305317
vn -0.799336 0.154248 0.580750
vn -0.580751 0.154247 0.799335
vn -0.305318 0.154248 0.939675
vn -0.000000 0.154249 0.988032
vn 0.305319 0.154249 0.939674
vn 0.580751 0.154249 0.799335
vn 0.799335 0.154248 0.580751
vn 0.939674 0.154249 0.305319
vn 0.988031 0.154253 0.000001
vn 0.770525 0.304788 -0.559818
vn 0.905806 0.304788 -0.294313
vn 0.559819 0.304788 -0.770524
vn 0.294314 0.304788 -0.905805
vn -0.000000 0.304788 -0.952420
vn -0.294314 0.304789 -0.905805
vn -0.559820 0.304789 -0.770523
vn -0.770524 0.304790 -0.559818
vn -0.905805 0.304788 -0.294314
vn -0.952421 0.304785 -0.000000
vn -0.905806 0.304788 0.294314
vn -0.770524 0.304790 0.559818
vn -0.559819 0.304789 0.770523
vn -0.294313 0.304789 0.905805
vn -0.000000 0.304789 0.952420
vn 0.294315 0.304789 0.905805
vn 0.559818 0.304788 0.770525
vn 0.770524 0.304788 0.559819
vn 0.905806 0.304788 0.294313
vn 0.952420 0.304788 -0.000000
vn 0.723292 0.447993 -0.525501
vn 0.850281 0.447991 -0.276271
vn 0.525501 0.447994 -0.723291
vn 0.276273 0.447994 -0.850280
vn 0.000000 0.447993 -0.894037
vn -0.276272 0.447994 -0.850280
vn -0.525502 0.447993 -0.723291
vn -0.723292 0.447992 -0.525501
vn -0.850280 0.447992 -0.276273
vn -0.894037 0.447994 0.000000
vn -0.850279 0.447993 0.276274
vn -0.723292 0.447993 0.525501
vn -0.525502 0.447994 0.723290
vn -0.276271 0.447994 0.850280
vn -0.000000 0.447993 0.894037
vn 0.276273 0.447993 0.850280
vn 0.525502 0.447993 0.723291
vn 0.723291 0.447993 0.525501
vn 0.850281 0.447992 0.276272
vn 0.894038 0.447992 -0.000000
vn 0.658806 0.580403 -0.478651
vn 0.774474 0.580403 -0.251639
vn 0.478650 0.580403 -0.658807
vn 0.251642 0.580403 -0.774473
vn 0.000000 0.580403 -0.814329
vn -0.251642 0.580403 -0.774473
vn -0.478651 0.580403 -0.658806
vn -0.658807 0.580403 -0.478650
vn -0.774473 0.580404 -0.251640
vn -0.814328 0.580405 0.000000
vn -0.774472 0.580404 0.251642
vn -0.658806 0.580403 0.478651
vn -0.478651 0.580403 0.658806
vn -0.251642 0.580403 0.774473
vn -0.000000 0.580402 0.814330
vn 0.251643 0.580403 0.774473
vn 0.478650 0.580404 0.658806
vn 0.658804 0.580405 0.478651
vn 0.774473 0.580405 0.251640
vn 0.814329 0.580404 0.000001
vn 0.578711 0.698790 -0.420459
vn 0.680317 0.698790 -0.221046
vn 0.420459 0.698790 -0.578712
vn 0.221049 0.698790 -0.680317
vn 0.000000 0.698790 -0.715327
vn -0.221048 0.698790 -0.680317
vn -0.420459 0.698790 -0.578712
vn -0.578712 0.698789 -0.420459
vn -0.680319 0.698788 -0.221047
vn -0.715329 0.698787 -0.000000
vn -0.680319 0.698788 0.221048
vn -0.578713 0.698788 0.420460
vn -0.420459 0.698789 0.578712
vn -0.221048 0.698789 0.680317
vn 0.000000 0.698789 0.715328
vn 0.221049 0.698789 0.680317
vn 0.420459 0.698789 0.578713
vn 0.578712 0.698789 0.420459
vn 0.680316 0.698790 0.221047
vn 0.715327 0.698790 0.000002
vn 0.485140 0.800251 -0.352475
vn 0.570317 0.800250 -0.185307
vn 0.352475 0.800250 -0.485140
vn 0.185307 0.800250 -0.570317
vn 0.000000 0.800250 -0.599667
vn -0.185307 0.800250 -0.570317
vn -0.352476 0.800250 -0.485140
vn -0.485140 0.800250 -0.352475
vn -0.570317 0.800250 -0.185306
vn -0.599667 0.800250 0.000000
vn -0.570317 0.800250 0.185306
vn -0.485140 0.800250 0.352475
vn -0.352476 0.800250 0.485140
vn -0.185307 0.800250 0.570317
vn 0.000000 0.800250 0.599666
vn 0.185308 0.800249 0.570317
vn 0.352476 0.800249 0.485142
vn 0.485141 0.800250 0.352474
vn 0.570317 0.800250 0.185307
vn 0.599667 0.800249 0.000003
vn 0.380845 0.882267 -0.276699
vn 0.447709 0.882267 -0.145471
vn 0.276700 0.882267 -0.380844
vn 0.145469 0.882267 -0.447709
vn 0.000000 0.882267 -0.470749
vn -0.145469 0.882267 -0.447709
vn -0.276699 0.882267 -0.380844
vn -0.380844 0.882267 -0.276699
vn -0.447709 0.882267 -0.145469
vn -0.470749 0.882267 0.000000
vn -0.447709 0.882267 0.145470
vn -0.380845 0.882267 0.276699
vn -0.276699 0.882267 0.380844
vn -0.145468 0.882267 0.447709
vn 0.000000 0.882267 0.470749
vn 0.145469 0.882267 0.447709
vn 0.276700 0.882267 0.380844
vn 0.380846 0.882267 0.276698
vn 0.447710 0.882266 0.145471
vn 0.470751 0.882266 0.000003
vn 0.269869 0.942723 -0.196071
vn 0.317248 0.942724 -0.103081
vn 0.196071 0.942723 -0.269868
vn 0.103081 0.942723 -0.317250
vn 0.000000 0.942723 -0.333576
vn -0.103081 0.942723 -0.317250
vn -0.196071 0.942723 -0.269869
vn -0.269869 0.942723 -0.196071
vn -0.317251 0.942723 -0.103081
vn -0.333578 0.942723 0.000000
vn -0.317251 0.942723 0.103081
vn -0.269869 0.942723 0.196071
vn -0.196071 0.942723 0.269869
vn -0.103080 0.942723 0.317250
vn 0.000000 0.942723 0.333576
vn 0.103081 0.942723 0.317250
vn 0.196071 0.942723 0.269868
vn 0.269870 0.942723 0.196070
vn 0.317250 0.942723 0.103082
vn 0.333576 0.942723 0.000001
vn 0.162098 0.979722 -0.117770
vn 0.190558 0.979721 -0.061917
vn 0.117772 0.979721 -0.162098
vn 0.061916 0.979721 -0.190558
vn 0.000000 0.979721 -0.200365
vn -0.061916 0.979721 -0.190558
vn -0.117771 0.979722 -0.162098
vn -0.162097 0.979722 -0.117771
vn -0.190558 0.979721 -0.061917
vn -0.200364 0.979722 0.000000
vn -0.190558 0.979721 0.061918
vn -0.162097 0.979722 0.117772
vn -0.117771 0.979722 0.162098
vn -0.061916 0.979721 0.190559
vn 0.000000 0.979721 0.200365
vn 0.061916 0.979721 0.190559
vn 0.117772 0.979721 0.162099
vn 0.162098 0.979721 0.117770
vn 0.190558 0.979721 0.061917
vn 0.200364 0.979722 0.000000
vn 0.000000 -1.000000 -0.000000
vn 0.000000 1.000000 0.000000
s 1
g group3 pSphere5
usemtl initialShadingGroup
f 4123/4357/4175 4124/4358/4176 4144/4359/4177 4143/4360/4178
f 4124/4358/4176 4125/4361/4179 4145/4362/4180 4144/4359/4177
f 4125/4361/4179 4126/4363/4181 4146/4364/4182 4145/4362/4180
f 4126/4363/4181 4127/4365/4183 4147/4366/4184 4146/4364/4182
f 4127/4365/4183 4128/4367/4185 4148/4368/4186 4147/4366/4184
f 4128/4367/4185 4129/4369/4187 4149/4370/4188 4148/4368/4186
f 4129/4369/4187 4130/4371/4189 4150/4372/4190 4149/4370/4188
f 4130/4371/4189 4131/4373/4191 4151/4374/4192 4150/4372/4190
f 4131/4373/4191 4132/4375/4193 4152/4376/4194 4151/4374/4192
f 4132/4375/4193 4133/4377/4195 4153/4378/4196 4152/4376/4194
f 4133/4377/4195 4134/4379/4197 4154/4380/4198 4153/4378/4196
f 4134/4379/4197 4135/4381/4199 4155/4382/4200 4154/4380/4198
f 4135/4381/4199 4136/4383/4201 4156/4384/4202 4155/4382/4200
f 4136/4383/4201 4137/4385/4203 4157/4386/4204 4156/4384/4202
f 4137/4385/4203 4138/4387/4205 4158/4388/4206 4157/4386/4204
f 4138/4387/4205 4139/4389/4207 4159/4390/4208 4158/4388/4206
f 4139/4389/4207 4140/4391/4209 4160/4392/4210 4159/4390/4208
f 4140/4391/4209 4141/4393/4211 4161/4394/4212 4160/4392/4210
f 4141/4393/4211 4142/4395/4213 4162/4396/4214 4161/4394/4212
f 4142/4395/4213 4123/4357/4175 4143/4360/4178 4162/4396/4214
f 4143/4360/4178 4144/4359/4177 4164/4397/4215 4163/4398/4216
f 4144/4359/4177 4145/4362/4180 4165/4399/4217 4164/4397/4215
f 4145/4362/4180 4146/4364/4182 4166/4400/4218 4165/4399/4217
f 4146/4364/4182 4147/4366/4184 4167/4401/4219 4166/4400/4218
f 4147/4366/4184 4148/4368/4186 4168/4402/4220 4167/4401/4219
f 4148/4368/4186 4149/4370/4188 4169/4403/4221 4168/4402/4220
f 4149/4370/4188 4150/4372/4190 4170/4404/4222 4169/4403/4221
f 4150/4372/4190 4151/4374/4192 4171/4405/4223 4170/4404/4222
f 4151/4374/4192 4152/4376/4194 4172/4406/4224 4171/4405/4223
f 4152/4376/4194 4153/4378/4196 4173/4407/4225 4172/4406/4224
f 4153/4378/4196 4154/4380/4198 4174/4408/4226 4173/4407/4225
f 4154/4380/4198 4155/4382/4200 4175/4409/4227 4174/4408/4226
f 4155/4382/4200 4156/4384/4202 4176/4410/4228 4175/4409/4227
f 4156/4384/4202 4157/4386/4204 4177/4411/4229 4176/4410/4228
f 4157/4386/4204 4158/4388/4206 4178/4412/4230 4177/4411/4229
f 4158/4388/4206 4159/4390/4208 4179/4413/4231 4178/4412/4230
f 4159/4390/4208 4160/4392/4210 4180/4414/4232 4179/4413/4231
f 4160/4392/4210 4161/4394/4212 4181/4415/4233 4180/4414/4232
f 4161/4394/4212 4162/4396/4214 4182/4416/4234 4181/4415/4233
f 4162/4396/4214 4143/4360/4178 4163/4398/4216 4182/4416/4234
f 4163/4398/4216 4164/4397/4215 4184/4417/4235 4183/4418/4236
f 4164/4397/4215 4165/4399/4217 4185/4419/4237 4184/4417/4235
f 4165/4399/4217 4166/4400/4218 4186/4420/4238 4185/4419/4237
f 4166/4400/4218 4167/4401/4219 4187/4421/4239 4186/4420/4238
f 4167/4401/4219 4168/4402/4220 4188/4422/4240 4187/4421/4239
f 4168/4402/4220 4169/4403/4221 4189/4423/4241 4188/4422/4240
f 4169/4403/4221 4170/4404/4222 4190/4424/4242 4189/4423/4241
f 4170/4404/4222 4171/4405/4223 4191/4425/4243 4190/4424/4242
f 4171/4405/4223 4172/4406/4224 4192/4426/4244 4191/4425/4243
f 4172/4406/4224 4173/4407/4225 4193/4427/4245 4192/4426/4244
f 4173/4407/4225 4174/4408/4226 4194/4428/4246 4193/4427/4245
f 4174/4408/4226 4175/4409/4227 4195/4429/4247 4194/4428/4246
f 4175/4409/4227 4176/4410/4228 4196/4430/4248 4195/4429/4247
f 4176/4410/4228 4177/4411/4229 4197/4431/4249 4196/4430/4248
f 4177/4411/4229 4178/4412/4230 4198/4432/4250 4197/4431/4249
f 4178/4412/4230 4179/4413/4231 4199/4433/4251 4198/4432/4250
f 4179/4413/4231 4180/4414/4232 4200/4434/4252 4199/4433/4251
f 4180/4414/4232 4181/4415/4233 4201/4435/4253 4200/4434/4252
f 4181/4415/4233 4182/4416/4234 4202/4436/4254 4201/4435/4253
f 4182/4416/4234 4163/4398/4216 4183/4418/4236 4202/4436/4254
f 4183/4418/4236 4184/4417/4235 4204/4437/4255 4203/4438/4256
f 4184/4417/4235 4185/4419/4237 4205/4439/4257 4204/4437/4255
f 4185/4419/4237 4186/4420/4238 4206/4440/4258 4205/4439/4257
f 4186/4420/4238 4187/4421/4239 4207/4441/4259 4206/4440/4258
f 4187/4421/4239 4188/4422/4240 4208/4442/4260 4207/4441/4259
f 4188/4422/4240 4189/4423/4241 4209/4443/4261 4208/4442/4260
f 4189/4423/4241 4190/4424/4242 4210/4444/4262 4209/4443/4261
f 4190/4424/4242 4191/4425/4243 4211/4445/4263 4210/4444/4262
f 4191/4425/4243 4192/4426/4244 4212/4446/4264 4211/4445/4263
f 4192/4426/4244 4193/4427/4245 4213/4447/4265 4212/4446/4264
f 4193/4427/4245 4194/4428/4246 4214/4448/4266 4213/4447/4265
f 4194/4428/4246 4195/4429/4247 4215/4449/4267 4214/4448/4266
f 4195/4429/4247 4196/4430/4248 4216/4450/4268 4215/4449/4267
f 4196/4430/4248 4197/4431/4249 4217/4451/4269 4216/4450/4268
f 4197/4431/4249 4198/4432/4250 4218/4452/4270 4217/4451/4269
f 4198/4432/4250 4199/4433/4251 4219/4453/4271 4218/4452/4270
f 4199/4433/4251 4200/4434/4252 4220/4454/4272 4219/4453/4271
f 4200/4434/4252 4201/4435/4253 4221/4455/4273 4220/4454/4272
f 4201/4435/4253 4202/4436/4254 4222/4456/4274 4221/4455/4273
f 4202/4436/4254 4183/4418/4236 4203/4438/4256 4222/4456/4274
f 4203/4438/4256 4204/4437/4255 4224/4457/4275 4223/4458/4276
f 4204/4437/4255 4205/4439/4257 4225/4459/4277 4224/4457/4275
f 4205/4439/4257 4206/4440/4258 4226/4460/4278 4225/4459/4277
f 4206/4440/4258 4207/4441/4259 4227/4461/4279 4226/4460/4278
f 4207/4441/4259 4208/4442/4260 4228/4462/4280 4227/4461/4279
f 4208/4442/4260 4209/4443/4261 4229/4463/4281 4228/4462/4280
f 4209/4443/4261 4210/4444/4262 4230/4464/4282 4229/4463/4281
f 4210/4444/4262 4211/4445/4263 4231/4465/4283 4230/4464/4282
f 4211/4445/4263 4212/4446/4264 4232/4466/4284 4231/4465/4283
f 4212/4446/4264 4213/4447/4265 4233/4467/4285 4232/4466/4284
f 4213/4447/4265 4214/4448/4266 4234/4468/4286 4233/4467/4285
f 4214/4448/4266 4215/4449/4267 4235/4469/4287 4234/4468/4286
f 4215/4449/4267 4216/4450/4268 4236/4470/4288 4235/4469/4287
f 4216/4450/4268 4217/4451/4269 4237/4471/4289 4236/4470/4288
f 4217/4451/4269 4218/4452/4270 4238/4472/4290 4237/4471/4289
f 4218/4452/4270 4219/4453/4271 4239/4473/4291 4238/4472/4290
f 4219/4453/4271 4220/4454/4272 4240/4474/4292 4239/4473/4291
f 4220/4454/4272 4221/4455/4273 4241/4475/4293 4240/4474/4292
f 4221/4455/4273 4222/4456/4274 4242/4476/4294 4241/4475/4293
f 4222/4456/4274 4203/4438/4256 4223/4458/4276 4242/4476/4294
f 4223/4458/4276 4224/4457/4275 4244/4477/4295 4243/4478/4296
f 4224/4457/4275 4225/4459/4277 4245/4479/4297 4244/4477/4295
f 4225/4459/4277 4226/4460/4278 4246/4480/4298 4245/4479/4297
f 4226/4460/4278 4227/4461/4279 4247/4481/4299 4246/4480/4298
f 4227/4461/4279 4228/4462/4280 4248/4482/4300 4247/4481/4299
f 4228/4462/4280 4229/4463/4281 4249/4483/4301 4248/4482/4300
f 4229/4463/4281 4230/4464/4282 4250/4484/4302 4249/4483/4301
f 4230/4464/4282 4231/4465/4283 4251/4485/4303 4250/4484/4302
f 4231/4465/4283 4232/4466/4284 4252/4486/4304 4251/4485/4303
f 4232/4466/4284 4233/4467/4285 4253/4487/4305 4252/4486/4304
f 4233/4467/4285 4234/4468/4286 4254/4488/4306 4253/4487/4305
f 4234/4468/4286 4235/4469/4287 4255/4489/4307 4254/4488/4306
f 4235/4469/4287 4236/4470/4288 4256/4490/4308 4255/4489/4307
f 4236/4470/4288 4237/4471/4289 4257/4491/4309 4256/4490/4308
f 4237/4471/4289 4238/4472/4290 4258/4492/4310 4257/4491/4309
f 4238/4472/4290 4239/4473/4291 4259/4493/4311 4258/4492/4310
f 4239/4473/4291 4240/4474/4292 4260/4494/4312 4259/4493/4311
f 4240/4474/4292 4241/4475/4293 4261/4495/4313 4260/4494/4312
f 4241/4475/4293 4242/4476/4294 4262/4496/4314 4261/4495/4313
f 4242/4476/4294 4223/4458/4276 4243/4478/4296 4262/4496/4314
f 4243/4478/4296 4244/4477/4295 4264/4497/4315 4263/4498/4316
f 4244/4477/4295 4245/4479/4297 4265/4499/4317 4264/4497/4315
f 4245/4479/4297 4246/4480/4298 4266/4500/4318 4265/4499/4317
f 4246/4480/4298 4247/4481/4299 4267/4501/4319 4266/4500/4318
f 4247/4481/4299 4248/4482/4300 4268/4502/4320 4267/4501/4319
f 4248/4482/4300 4249/4483/4301 4269/4757/4321 4268/4502/4320
f 4249/4483/4301 4250/4484/4302 4270/4504/4322 4269/4503/4321
f 4250/4484/4302 4251/4485/4303 4271/4505/4323 4270/4504/4322
f 4251/4485/4303 4252/4486/4304 4272/4506/4324 4271/4505/4323
f 4252/4486/4304 4253/4487/4305 4273/4507/4325 4272/4506/4324
f 4253/4487/4305 4254/4488/4306 4274/4508/4326 4273/4507/4325
f 4254/4488/4306 4255/4489/4307 4275/4509/4327 4274/4508/4326
f 4255/4489/4307 4256/4490/4308 4276/4510/4328 4275/4509/4327
f 4256/4490/4308 4257/4491/4309 4277/4511/4329 4276/4510/4328
f 4257/4491/4309 4258/4492/4310 4278/4512/4330 4277/4511/4329
f 4258/4492/4310 4259/4493/4311 4279/4513/4331 4278/4512/4330
f 4259/4493/4311 4260/4494/4312 4280/4514/4332 4279/4513/4331
f 4260/4494/4312 4261/4495/4313 4281/4515/4333 4280/4514/4332
f 4261/4495/4313 4262/4496/4314 4282/4516/4334 4281/4515/4333
f 4262/4496/4314 4243/4478/4296 4263/4498/4316 4282/4516/4334
f 4263/4498/4316 4264/4497/4315 4284/4517/4335 4283/4518/4336
f 4264/4497/4315 4265/4499/4317 4285/4519/4337 4284/4517/4335
f 4265/4499/4317 4266/4500/4318 4286/4520/4338 4285/4519/4337
f 4266/4500/4318 4267/4501/4319 4287/4521/4339 4286/4520/4338
f 4267/4501/4319 4268/4502/4320 4288/4522/4340 4287/4521/4339
f 4268/4502/4320 4269/4757/4321 4289/4756/4341 4288/4522/4340
f 4269/4503/4321 4270/4504/4322 4290/4524/4342 4289/4523/4341
f 4270/4504/4322 4271/4505/4323 4291/4525/4343 4290/4524/4342
f 4271/4505/4323 4272/4506/4324 4292/4526/4344 4291/4525/4343
f 4272/4506/4324 4273/4507/4325 4293/4527/4345 4292/4526/4344
f 4273/4507/4325 4274/4508/4326 4294/4528/4346 4293/4527/4345
f 4274/4508/4326 4275/4509/4327 4295/4529/4347 4294/4528/4346
f 4275/4509/4327 4276/4510/4328 4296/4530/4348 4295/4529/4347
f 4276/4510/4328 4277/4511/4329 4297/4531/4349 4296/4530/4348
f 4277/4511/4329 4278/4512/4330 4298/4532/4350 4297/4531/4349
f 4278/4512/4330 4279/4513/4331 4299/4533/4351 4298/4532/4350
f 4279/4513/4331 4280/4514/4332 4300/4534/4352 4299/4533/4351
f 4280/4514/4332 4281/4515/4333 4301/4535/4353 4300/4534/4352
f 4281/4515/4333 4282/4516/4334 4302/4536/4354 4301/4535/4353
f 4282/4516/4334 4263/4498/4316 4283/4518/4336 4302/4536/4354
f 4283/4518/4336 4284/4517/4335 4304/4537/4355 4303/4538/4356
f 4284/4517/4335 4285/4519/4337 4305/4539/4357 4304/4537/4355
f 4285/4519/4337 4286/4520/4338 4306/4540/4358 4305/4539/4357
f 4286/4520/4338 4287/4521/4339 4307/4541/4359 4306/4540/4358
f 4287/4521/4339 4288/4522/4340 4308/4542/4360 4307/4541/4359
f 4288/4522/4340 4289/4756/4341 4309/4755/4361 4308/4542/4360
f 4289/4523/4341 4290/4524/4342 4310/4544/4362 4309/4543/4361
f 4290/4524/4342 4291/4525/4343 4311/4545/4363 4310/4544/4362
f 4291/4525/4343 4292/4526/4344 4312/4546/4364 4311/4545/4363
f 4292/4526/4344 4293/4527/4345 4313/4547/4365 4312/4546/4364
f 4293/4527/4345 4294/4528/4346 4314/4548/4366 4313/4547/4365
f 4294/4528/4346 4295/4529/4347 4315/4549/4367 4314/4548/4366
f 4295/4529/4347 4296/4530/4348 4316/4550/4368 4315/4549/4367
f 4296/4530/4348 4297/4531/4349 4317/4551/4369 4316/4550/4368
f 4297/4531/4349 4298/4532/4350 4318/4552/4370 4317/4551/4369
f 4298/4532/4350 4299/4533/4351 4319/4553/4371 4318/4552/4370
f 4299/4533/4351 4300/4534/4352 4320/4554/4372 4319/4553/4371
f 4300/4534/4352 4301/4535/4353 4321/4555/4373 4320/4554/4372
f 4301/4535/4353 4302/4536/4354 4322/4556/4374 4321/4555/4373
f 4302/4536/4354 4283/4518/4336 4303/4538/4356 4322/4556/4374
f 4303/4538/4356 4304/4537/4355 4324/4557/4375 4323/4558/4376
f 4304/4537/4355 4305/4539/4357 4325/4559/4377 4324/4557/4375
f 4305/4539/4357 4306/4540/4358 4326/4560/4378 4325/4559/4377
f 4306/4540/4358 4307/4541/4359 4327/4561/4379 4326/4560/4378
f 4307/4541/4359 4308/4542/4360 4328/4562/4380 4327/4561/4379
f 4308/4542/4360 4309/4755/4361 4329/4754/4381 4328/4562/4380
f 4309/4543/4361 4310/4544/4362 4330/4564/4382 4329/4563/4381
f 4310/4544/4362 4311/4545/4363 4331/4565/4383 4330/4564/4382
f 4311/4545/4363 4312/4546/4364 4332/4566/4384 4331/4565/4383
f 4312/4546/4364 4313/4547/4365 4333/4567/4385 4332/4566/4384
f 4313/4547/4365 4314/4548/4366 4334/4568/4386 4333/4567/4385
f 4314/4548/4366 4315/4549/4367 4335/4569/4387 4334/4568/4386
f 4315/4549/4367 4316/4550/4368 4336/4570/4388 4335/4569/4387
f 4316/4550/4368 4317/4551/4369 4337/4571/4389 4336/4570/4388
f 4317/4551/4369 4318/4552/4370 4338/4572/4390 4337/4571/4389
f 4318/4552/4370 4319/4553/4371 4339/4573/4391 4338/4572/4390
f 4319/4553/4371 4320/4554/4372 4340/4574/4392 4339/4573/4391
f 4320/4554/4372 4321/4555/4373 4341/4575/4393 4340/4574/4392
f 4321/4555/4373 4322/4556/4374 4342/4576/4394 4341/4575/4393
f 4322/4556/4374 4303/4538/4356 4323/4558/4376 4342/4576/4394
f 4323/4558/4376 4324/4557/4375 4344/4577/4395 4343/4578/4396
f 4324/4557/4375 4325/4559/4377 4345/4579/4397 4344/4577/4395
f 4325/4559/4377 4326/4560/4378 4346/4580/4398 4345/4579/4397
f 4326/4560/4378 4327/4561/4379 4347/4581/4399 4346/4580/4398
f 4327/4561/4379 4328/4562/4380 4348/4582/4400 4347/4581/4399
f 4328/4562/4380 4329/4754/4381 4349/4753/4401 4348/4582/4400
f 4329/4563/4381 4330/4564/4382 4350/4584/4402 4349/4583/4401
f 4330/4564/4382 4331/4565/4383 4351/4585/4403 4350/4584/4402
f 4331/4565/4383 4332/4566/4384 4352/4586/4404 4351/4585/4403
f 4332/4566/4384 4333/4567/4385 4353/4587/4405 4352/4586/4404
f 4333/4567/4385 4334/4568/4386 4354/4588/4406 4353/4587/4405
f 4334/4568/4386 4335/4569/4387 4355/4589/4407 4354/4588/4406
f 4335/4569/4387 4336/4570/4388 4356/4590/4408 4355/4589/4407
f 4336/4570/4388 4337/4571/4389 4357/4591/4409 4356/4590/4408
f 4337/4571/4389 4338/4572/4390 4358/4592/4410 4357/4591/4409
f 4338/4572/4390 4339/4573/4391 4359/4593/4411 4358/4592/4410
f 4339/4573/4391 4340/4574/4392 4360/4594/4412 4359/4593/4411
f 4340/4574/4392 4341/4575/4393 4361/4595/4413 4360/4594/4412
f 4341/4575/4393 4342/4576/4394 4362/4596/4414 4361/4595/4413
f 4342/4576/4394 4323/4558/4376 4343/4578/4396 4362/4596/4414
f 4343/4578/4396 4344/4577/4395 4364/4597/4415 4363/4598/4416
f 4344/4577/4395 4345/4579/4397 4365/4599/4417 4364/4597/4415
f 4345/4579/4397 4346/4580/4398 4366/4600/4418 4365/4599/4417
f 4346/4580/4398 4347/4581/4399 4367/4601/4419 4366/4600/4418
f 4347/4581/4399 4348/4582/4400 4368/4602/4420 4367/4601/4419
f 4348/4582/4400 4349/4753/4401 4369/4752/4421 4368/4602/4420
f 4349/4583/4401 4350/4584/4402 4370/4604/4422 4369/4603/4421
f 4350/4584/4402 4351/4585/4403 4371/4605/4423 4370/4604/4422
f 4351/4585/4403 4352/4586/4404 4372/4606/4424 4371/4605/4423
f 4352/4586/4404 4353/4587/4405 4373/4607/4425 4372/4606/4424
f 4353/4587/4405 4354/4588/4406 4374/4608/4426 4373/4607/4425
f 4354/4588/4406 4355/4589/4407 4375/4609/4427 4374/4608/4426
f 4355/4589/4407 4356/4590/4408 4376/4610/4428 4375/4609/4427
f 4356/4590/4408 4357/4591/4409 4377/4611/4429 4376/4610/4428
f 4357/4591/4409 4358/4592/4410 4378/4612/4430 4377/4611/4429
f 4358/4592/4410 4359/4593/4411 4379/4613/4431 4378/4612/4430
f 4359/4593/4411 4360/4594/4412 4380/4614/4432 4379/4613/4431
f 4360/4594/4412 4361/4595/4413 4381/4615/4433 4380/4614/4432
f 4361/4595/4413 4362/4596/4414 4382/4616/4434 4381/4615/4433
f 4362/4596/4414 4343/4578/4396 4363/4598/4416 4382/4616/4434
f 4363/4598/4416 4364/4597/4415 4384/4617/4435 4383/4618/4436
f 4364/4597/4415 4365/4599/4417 4385/4619/4437 4384/4617/4435
f 4365/4599/4417 4366/4600/4418 4386/4620/4438 4385/4619/4437
f 4366/4600/4418 4367/4601/4419 4387/4621/4439 4386/4620/4438
f 4367/4601/4419 4368/4602/4420 4388/4622/4440 4387/4621/4439
f 4368/4602/4420 4369/4752/4421 4389/4751/4441 4388/4622/4440
f 4369/4603/4421 4370/4604/4422 4390/4624/4442 4389/4623/4441
f 4370/4604/4422 4371/4605/4423 4391/4625/4443 4390/4624/4442
f 4371/4605/4423 4372/4606/4424 4392/4626/4444 4391/4625/4443
f 4372/4606/4424 4373/4607/4425 4393/4627/4445 4392/4626/4444
f 4373/4607/4425 4374/4608/4426 4394/4628/4446 4393/4627/4445
f 4374/4608/4426 4375/4609/4427 4395/4629/4447 4394/4628/4446
f 4375/4609/4427 4376/4610/4428 4396/4630/4448 4395/4629/4447
f 4376/4610/4428 4377/4611/4429 4397/4631/4449 4396/4630/4448
f 4377/4611/4429 4378/4612/4430 4398/4632/4450 4397/4631/4449
f 4378/4612/4430 4379/4613/4431 4399/4633/4451 4398/4632/4450
f 4379/4613/4431 4380/4614/4432 4400/4750/4452 4399/4633/4451
f 4380/4614/4432 4381/4615/4433 4401/4635/4453 4400/4634/4452
f 4381/4615/4433 4382/4616/4434 4402/4636/4454 4401/4635/4453
f 4382/4616/4434 4363/4598/4416 4383/4618/4436 4402/4636/4454
f 4383/4618/4436 4384/4617/4435 4404/4637/4455 4403/4638/4456
f 4384/4617/4435 4385/4619/4437 4405/4639/4457 4404/4637/4455
f 4385/4619/4437 4386/4620/4438 4406/4640/4458 4405/4639/4457
f 4386/4620/4438 4387/4621/4439 4407/4641/4459 4406/4640/4458
f 4387/4621/4439 4388/4622/4440 4408/4642/4460 4407/4641/4459
f 4388/4622/4440 4389/4751/4441 4409/4749/4461 4408/4642/4460
f 4389/4623/4441 4390/4624/4442 4410/4644/4462 4409/4643/4461
f 4390/4624/4442 4391/4625/4443 4411/4645/4463 4410/4644/4462
f 4391/4625/4443 4392/4626/4444 4412/4646/4464 4411/4645/4463
f 4392/4626/4444 4393/4627/4445 4413/4647/4465 4412/4646/4464
f 4393/4627/4445 4394/4628/4446 4414/4648/4466 4413/4647/4465
f 4394/4628/4446 4395/4629/4447 4415/4649/4467 4414/4648/4466
f 4395/4629/4447 4396/4630/4448 4416/4650/4468 4415/4649/4467
f 4396/4630/4448 4397/4631/4449 4417/4651/4469 4416/4650/4468
f 4397/4631/4449 4398/4632/4450 4418/4652/4470 4417/4651/4469
f 4398/4632/4450 4399/4633/4451 4419/4653/4471 4418/4652/4470
f 4399/4633/4451 4400/4750/4452 4420/4748/4472 4419/4653/4471
f 4400/4634/4452 4401/4635/4453 4421/4655/4473 4420/4654/4472
f 4401/4635/4453 4402/4636/4454 4422/4656/4474 4421/4655/4473
f 4402/4636/4454 4383/4618/4436 4403/4638/4456 4422/4656/4474
f 4403/4638/4456 4404/4637/4455 4424/4657/4475 4423/4658/4476
f 4404/4637/4455 4405/4639/4457 4425/4659/4477 4424/4657/4475
f 4405/4639/4457 4406/4640/4458 4426/4660/4478 4425/4659/4477
f 4406/4640/4458 4407/4641/4459 4427/4661/4479 4426/4660/4478
f 4407/4641/4459 4408/4642/4460 4428/4662/4480 4427/4661/4479
f 4408/4642/4460 4409/4749/4461 4429/4747/4481 4428/4662/4480
f 4409/4643/4461 4410/4644/4462 4430/4664/4482 4429/4663/4481
f 4410/4644/4462 4411/4645/4463 4431/4665/4483 4430/4664/4482
f 4411/4645/4463 4412/4646/4464 4432/4666/4484 4431/4665/4483
f 4412/4646/4464 4413/4647/4465 4433/4667/4485 4432/4666/4484
f 4413/4647/4465 4414/4648/4466 4434/4668/4486 4433/4667/4485
f 4414/4648/4466 4415/4649/4467 4435/4669/4487 4434/4668/4486
f 4415/4649/4467 4416/4650/4468 4436/4670/4488 4435/4669/4487
f 4416/4650/4468 4417/4651/4469 4437/4671/4489 4436/4670/4488
f 4417/4651/4469 4418/4652/4470 4438/4672/4490 4437/4671/4489
f 4418/4652/4470 4419/4653/4471 4439/4673/4491 4438/4672/4490
f 4419/4653/4471 4420/4748/4472 4440/4746/4492 4439/4673/4491
f 4420/4654/4472 4421/4655/4473 4441/4675/4493 4440/4674/4492
f 4421/4655/4473 4422/4656/4474 4442/4676/4494 4441/4675/4493
f 4422/4656/4474 4403/4638/4456 4423/4658/4476 4442/4676/4494
f 4423/4658/4476 4424/4657/4475 4444/4677/4495 4443/4678/4496
f 4424/4657/4475 4425/4659/4477 4445/4679/4497 4444/4677/4495
f 4425/4659/4477 4426/4660/4478 4446/4680/4498 4445/4679/4497
f 4426/4660/4478 4427/4661/4479 4447/4681/4499 4446/4680/4498
f 4427/4661/4479 4428/4662/4480 4448/4682/4500 4447/4681/4499
f 4428/4662/4480 4429/4747/4481 4449/4745/4501 4448/4682/4500
f 4429/4663/4481 4430/4664/4482 4450/4684/4502 4449/4683/4501
f 4430/4664/4482 4431/4665/4483 4451/4685/4503 4450/4684/4502
f 4431/4665/4483 4432/4666/4484 4452/4686/4504 4451/4685/4503
f 4432/4666/4484 4433/4667/4485 4453/4687/4505 4452/4686/4504
f 4433/4667/4485 4434/4668/4486 4454/4688/4506 4453/4687/4505
f 4434/4668/4486 4435/4669/4487 4455/4689/4507 4454/4688/4506
f 4435/4669/4487 4436/4670/4488 4456/4690/4508 4455/4689/4507
f 4436/4670/4488 4437/4671/4489 4457/4691/4509 4456/4690/4508
f 4437/4671/4489 4438/4672/4490 4458/4692/4510 4457/4691/4509
f 4438/4672/4490 4439/4673/4491 4459/4693/4511 4458/4692/4510
f 4439/4673/4491 4440/4746/4492 4460/4744/4512 4459/4693/4511
f 4440/4674/4492 4441/4675/4493 4461/4695/4513 4460/4694/4512
f 4441/4675/4493 4442/4676/4494 4462/4696/4514 4461/4695/4513
f 4442/4676/4494 4423/4658/4476 4443/4678/4496 4462/4696/4514
f 4443/4678/4496 4444/4677/4495 4464/4697/4515 4463/4698/4516
f 4444/4677/4495 4445/4679/4497 4465/4699/4517 4464/4697/4515
f 4445/4679/4497 4446/4680/4498 4466/4700/4518 4465/4699/4517
f 4446/4680/4498 4447/4681/4499 4467/4701/4519 4466/4700/4518
f 4447/4681/4499 4448/4682/4500 4468/4702/4520 4467/4701/4519
f 4448/4682/4500 4449/4745/4501 4469/4743/4521 4468/4702/4520
f 4449/4683/4501 4450/4684/4502 4470/4704/4522 4469/4703/4521
f 4450/4684/4502 4451/4685/4503 4471/4705/4523 4470/4704/4522
f 4451/4685/4503 4452/4686/4504 4472/4706/4524 4471/4705/4523
f 4452/4686/4504 4453/4687/4505 4473/4707/4525 4472/4706/4524
f 4453/4687/4505 4454/4688/4506 4474/4708/4526 4473/4707/4525
f 4454/4688/4506 4455/4689/4507 4475/4709/4527 4474/4708/4526
f 4455/4689/4507 4456/4690/4508 4476/4710/4528 4475/4709/4527
f 4456/4690/4508 4457/4691/4509 4477/4711/4529 4476/4710/4528
f 4457/4691/4509 4458/4692/4510 4478/4712/4530 4477/4711/4529
f 4458/4692/4510 4459/4693/4511 4479/4713/4531 4478/4712/4530
f 4459/4693/4511 4460/4744/4512 4480/4742/4532 4479/4713/4531
f 4460/4694/4512 4461/4695/4513 4481/4715/4533 4480/4714/4532
f 4461/4695/4513 4462/4696/4514 4482/4716/4534 4481/4715/4533
f 4462/4696/4514 4443/4678/4496 4463/4698/4516 4482/4716/4534
f 4463/4698/4516 4464/4697/4515 4484/4717/4535 4483/4718/4536
f 4464/4697/4515 4465/4699/4517 4485/4719/4537 4484/4717/4535
f 4465/4699/4517 4466/4700/4518 4486/4720/4538 4485/4719/4537
f 4466/4700/4518 4467/4701/4519 4487/4721/4539 4486/4720/4538
f 4467/4701/4519 4468/4702/4520 4488/4722/4540 4487/4721/4539
f 4468/4702/4520 4469/4743/4521 4489/4741/4541 4488/4722/4540
f 4469/4703/4521 4470/4704/4522 4490/4724/4542 4489/4723/4541
f 4470/4704/4522 4471/4705/4523 4491/4725/4543 4490/4724/4542
f 4471/4705/4523 4472/4706/4524 4492/4726/4544 4491/4725/4543
f 4472/4706/4524 4473/4707/4525 4493/4727/4545 4492/4726/4544
f 4473/4707/4525 4474/4708/4526 4494/4728/4546 4493/4727/4545
f 4474/4708/4526 4475/4709/4527 4495/4729/4547 4494/4728/4546
f 4475/4709/4527 4476/4710/4528 4496/4730/4548 4495/4729/4547
f 4476/4710/4528 4477/4711/4529 4497/4731/4549 4496/4730/4548
f 4477/4711/4529 4478/4712/4530 4498/4732/4550 4497/4731/4549
f 4478/4712/4530 4479/4713/4531 4499/4733/4551 4498/4732/4550
f 4479/4713/4531 4480/4742/4532 4500/4739/4552 4499/4733/4551
f 4480/4714/4532 4481/4715/4533 4501/4735/4553 4500/4734/4552
f 4481/4715/4533 4482/4716/4534 4502/4736/4554 4501/4735/4553
f 4482/4716/4534 4463/4698/4516 4483/4718/4536 4502/4736/4554
f 4124/4358/4176 4123/4357/4175 4503/4737/4555
f 4125/4361/4179 4124/4358/4176 4503/4737/4555
f 4126/4363/4181 4125/4361/4179 4503/4737/4555
f 4127/4365/4183 4126/4363/4181 4503/4737/4555
f 4128/4367/4185 4127/4365/4183 4503/4737/4555
f 4129/4369/4187 4128/4367/4185 4503/4737/4555
f 4130/4371/4189 4129/4369/4187 4503/4737/4555
f 4131/4373/4191 4130/4371/4189 4503/4737/4555
f 4132/4375/4193 4131/4373/4191 4503/4737/4555
f 4133/4377/4195 4132/4375/4193 4503/4737/4555
f 4134/4379/4197 4133/4377/4195 4503/4737/4555
f 4135/4381/4199 4134/4379/4197 4503/4737/4555
f 4136/4383/4201 4135/4381/4199 4503/4737/4555
f 4137/4385/4203 4136/4383/4201 4503/4737/4555
f 4138/4387/4205 4137/4385/4203 4503/4737/4555
f 4139/4389/4207 4138/4387/4205 4503/4737/4555
f 4140/4391/4209 4139/4389/4207 4503/4737/4555
f 4141/4393/4211 4140/4391/4209 4503/4737/4555
f 4142/4395/4213 4141/4393/4211 4503/4737/4555
f 4123/4357/4175 4142/4395/4213 4503/4737/4555
f 4483/4718/4536 4484/4717/4535 4504/4738/4556
f 4484/4717/4535 4485/4719/4537 4504/4738/4556
f 4485/4719/4537 4486/4720/4538 4504/4738/4556
f 4486/4720/4538 4487/4721/4539 4504/4738/4556
f 4487/4721/4539 4488/4722/4540 4504/4738/4556
f 4488/4722/4540 4489/4741/4541 4504/4738/4556
f 4489/4723/4541 4490/4724/4542 4504/4740/4556
f 4490/4724/4542 4491/4725/4543 4504/4740/4556
f 4491/4725/4543 4492/4726/4544 4504/4740/4556
f 4492/4726/4544 4493/4727/4545 4504/4740/4556
f 4493/4727/4545 4494/4728/4546 4504/4740/4556
f 4494/4728/4546 4495/4729/4547 4504/4740/4556
f 4495/4729/4547 4496/4730/4548 4504/4740/4556
f 4496/4730/4548 4497/4731/4549 4504/4740/4556
f 4497/4731/4549 4498/4732/4550 4504/4740/4556
f 4498/4732/4550 4499/4733/4551 4504/4740/4556
f 4499/4733/4551 4500/4739/4552 4504/4740/4556
f 4500/4734/4552 4501/4735/4553 4504/4738/4556
f 4501/4735/4553 4502/4736/4554 4504/4738/4556
f 4502/4736/4554 4483/4718/4536 4504/4738/4556
g default
v 0.197218 0.499134 -0.501556
v 0.194056 0.499134 -0.507762
v 0.189132 0.499134 -0.512686
v 0.182926 0.499134 -0.515848
v 0.176048 0.499134 -0.516937
v 0.169169 0.499134 -0.515848
v 0.162964 0.499134 -0.512686
v 0.158039 0.499134 -0.507762
v 0.154877 0.499134 -0.501556
v 0.153788 0.499134 -0.494678
v 0.154877 0.499134 -0.487799
v 0.158039 0.499134 -0.481594
v 0.162964 0.499134 -0.476669
v 0.169169 0.499134 -0.473507
v 0.176048 0.499134 -0.472418
v 0.182926 0.499134 -0.473507
v 0.189132 0.499134 -0.476669
v 0.194056 0.499134 -0.481594
v 0.197218 0.499134 -0.487799
v 0.198307 0.499134 -0.494678
v 0.217867 0.504347 -0.508266
v 0.211621 0.504347 -0.520523
v 0.201893 0.504347 -0.530251
v 0.189636 0.504347 -0.536497
v 0.176048 0.504347 -0.538649
v 0.162459 0.504347 -0.536497
v 0.150202 0.504347 -0.530251
v 0.140474 0.504347 -0.520523
v 0.134228 0.504347 -0.508266
v 0.132076 0.504347 -0.494678
v 0.134228 0.504347 -0.481090
v 0.140474 0.504347 -0.468832
v 0.150202 0.504347 -0.459104
v 0.162459 0.504347 -0.452858
v 0.176048 0.504347 -0.450706
v 0.189636 0.504347 -0.452858
v 0.201893 0.504347 -0.459104
v 0.211621 0.504347 -0.468832
v 0.217867 0.504347 -0.481090
v 0.220019 0.504347 -0.494678
v 0.237486 0.512891 -0.514640
v 0.228310 0.512891 -0.532649
v 0.214019 0.512891 -0.546941
v 0.196010 0.512891 -0.556116
v 0.176048 0.512891 -0.559278
v 0.156085 0.512891 -0.556116
v 0.138076 0.512891 -0.546940
v 0.123785 0.512891 -0.532649
v 0.114609 0.512891 -0.514640
v 0.111447 0.512891 -0.494678
v 0.114609 0.512891 -0.474715
v 0.123785 0.512891 -0.456706
v 0.138076 0.512891 -0.442415
v 0.156085 0.512891 -0.433239
v 0.176048 0.512891 -0.430077
v 0.196010 0.512891 -0.433239
v 0.214019 0.512891 -0.442415
v 0.228310 0.512891 -0.456706
v 0.237486 0.512891 -0.474715
v 0.240648 0.512891 -0.494678
v 0.255593 0.524558 -0.520523
v 0.243713 0.524558 -0.543839
v 0.225209 0.524558 -0.562343
v 0.201893 0.524558 -0.574223
v 0.176048 0.524558 -0.578316
v 0.150202 0.524558 -0.574223
v 0.126886 0.524558 -0.562343
v 0.108382 0.524558 -0.543839
v 0.096502 0.524558 -0.520523
v 0.092409 0.524558 -0.494678
v 0.096502 0.524558 -0.468832
v 0.108382 0.524558 -0.445516
v 0.126886 0.524558 -0.427013
v 0.150202 0.524558 -0.415133
v 0.176048 0.524558 -0.411039
v 0.201893 0.524558 -0.415133
v 0.225209 0.524558 -0.427013
v 0.243713 0.524558 -0.445516
v 0.255593 0.524558 -0.468832
v 0.259686 0.524558 -0.494678
v 0.271741 0.539059 -0.525770
v 0.257449 0.539059 -0.553819
v 0.235189 0.539059 -0.576079
v 0.207140 0.539059 -0.590371
v 0.176048 0.539059 -0.595295
v 0.144955 0.539059 -0.590371
v 0.116906 0.539059 -0.576079
v 0.094646 0.539059 -0.553819
v 0.080355 0.539059 -0.525770
v 0.075430 0.539059 -0.494678
v 0.080355 0.539059 -0.463585
v 0.094646 0.539059 -0.435536
v 0.116906 0.539059 -0.413276
v 0.144955 0.539059 -0.398985
v 0.176048 0.539059 -0.394060
v 0.207140 0.539059 -0.398985
v 0.235189 0.539059 -0.413276
v 0.257449 0.539059 -0.435536
v 0.271740 0.539059 -0.463585
v 0.276665 0.539059 -0.494678
v 0.285532 0.556038 -0.530251
v 0.269181 0.556038 -0.562343
v 0.243713 0.556038 -0.587811
v 0.211621 0.556038 -0.604162
v 0.176048 0.556038 -0.609796
v 0.140474 0.556038 -0.604162
v 0.108382 0.556038 -0.587811
v 0.082914 0.556038 -0.562343
v 0.066563 0.556038 -0.530251
v 0.060929 0.556038 -0.494678
v 0.066563 0.556038 -0.459104
v 0.082915 0.556038 -0.427013
v 0.108382 0.556038 -0.401545
v 0.140474 0.556038 -0.385193
v 0.176048 0.556038 -0.379559
v 0.211621 0.556038 -0.385193
v 0.243713 0.556038 -0.401545
v 0.269180 0.556038 -0.427013
v 0.285532 0.556038 -0.459104
v 0.291166 0.556038 -0.494678
v 0.296628 0.575076 -0.533857
v 0.278619 0.575076 -0.569200
v 0.250570 0.575076 -0.597249
v 0.215226 0.575076 -0.615258
v 0.176048 0.575076 -0.621463
v 0.136869 0.575076 -0.615258
v 0.101525 0.575076 -0.597249
v 0.073476 0.575076 -0.569200
v 0.055467 0.575076 -0.533857
v 0.049262 0.575076 -0.494678
v 0.055467 0.575076 -0.455499
v 0.073476 0.575076 -0.420155
v 0.101525 0.575076 -0.392106
v 0.136869 0.575076 -0.374097
v 0.176048 0.575076 -0.367892
v 0.215226 0.575076 -0.374097
v 0.250570 0.575076 -0.392106
v 0.278619 0.575076 -0.420155
v 0.296628 0.575076 -0.455499
v 0.302833 0.575076 -0.494678
v 0.304754 0.595705 -0.536497
v 0.285532 0.595705 -0.574223
v 0.255593 0.595705 -0.604162
v 0.217867 0.595705 -0.623384
v 0.176048 0.595705 -0.630008
v 0.134228 0.595705 -0.623384
v 0.096502 0.595705 -0.604162
v 0.066563 0.595705 -0.574223
v 0.047341 0.595705 -0.536497
v 0.040717 0.595705 -0.494678
v 0.047341 0.595705 -0.452858
v 0.066563 0.595705 -0.415133
v 0.096502 0.595705 -0.385193
v 0.134228 0.595705 -0.365971
v 0.176048 0.595705 -0.359347
v 0.217867 0.595705 -0.365971
v 0.255593 0.595705 -0.385193
v 0.285532 0.595705 -0.415133
v 0.304754 0.595705 -0.452858
v 0.311378 0.595705 -0.494678
v 0.309712 0.617417 -0.538108
v 0.289749 0.617417 -0.577287
v 0.258656 0.617417 -0.608379
v 0.219478 0.617417 -0.628342
v 0.176048 0.617417 -0.635221
v 0.132617 0.617417 -0.628342
v 0.093439 0.617417 -0.608379
v 0.062346 0.617417 -0.577287
v 0.042383 0.617417 -0.538108
v 0.035505 0.617417 -0.494678
v 0.042383 0.617417 -0.451248
v 0.062346 0.617417 -0.412069
v 0.093439 0.617417 -0.380976
v 0.132617 0.617417 -0.361014
v 0.176048 0.617417 -0.354135
v 0.219478 0.617417 -0.361014
v 0.258656 0.617417 -0.380976
v 0.289749 0.617417 -0.412069
v 0.309712 0.617417 -0.451248
v 0.316590 0.617417 -0.494678
v 0.311378 0.639677 -0.538649
v 0.291166 0.639677 -0.578316
v 0.259686 0.639677 -0.609796
v 0.220019 0.639677 -0.630008
v 0.176048 0.639677 -0.636972
v 0.132076 0.639677 -0.630008
v 0.092409 0.639677 -0.609796
v 0.060929 0.639677 -0.578316
v 0.040717 0.639677 -0.538649
v 0.033753 0.639677 -0.494678
v 0.040717 0.639677 -0.450706
v 0.060929 0.639677 -0.411039
v 0.092409 0.639677 -0.379559
v 0.132076 0.639677 -0.359347
v 0.176048 0.639677 -0.352383
v 0.220019 0.639677 -0.359347
v 0.259686 0.639677 -0.379559
v 0.291166 0.639677 -0.411039
v 0.311378 0.639677 -0.450706
v 0.318342 0.639677 -0.494678
v 0.309712 0.661937 -0.538108
v 0.289749 0.661937 -0.577287
v 0.258656 0.661937 -0.608379
v 0.219478 0.661937 -0.628342
v 0.176048 0.661937 -0.635221
v 0.132617 0.661937 -0.628342
v 0.093439 0.661937 -0.608379
v 0.062346 0.661937 -0.577287
v 0.042383 0.661937 -0.538108
v 0.035505 0.661937 -0.494678
v 0.042383 0.661937 -0.451248
v 0.062346 0.661937 -0.412069
v 0.093439 0.661937 -0.380976
v 0.132617 0.661937 -0.361014
v 0.176048 0.661937 -0.354135
v 0.219478 0.661937 -0.361014
v 0.258656 0.661937 -0.380976
v 0.289749 0.661937 -0.412069
v 0.309712 0.661937 -0.451248
v 0.316590 0.661937 -0.494678
v 0.304754 0.683648 -0.536497
v 0.285532 0.683648 -0.574223
v 0.255593 0.683648 -0.604162
v 0.217867 0.683648 -0.623384
v 0.176048 0.683648 -0.630008
v 0.134228 0.683648 -0.623384
v 0.096502 0.683648 -0.604162
v 0.066563 0.683648 -0.574223
v 0.047341 0.683648 -0.536497
v 0.040717 0.683648 -0.494678
v 0.047341 0.683648 -0.452858
v 0.066563 0.683648 -0.415133
v 0.096502 0.683648 -0.385193
v 0.134228 0.683648 -0.365971
v 0.176048 0.683648 -0.359347
v 0.217867 0.683648 -0.365971
v 0.255593 0.683648 -0.385193
v 0.285532 0.683648 -0.415133
v 0.304754 0.683648 -0.452858
v 0.311378 0.683648 -0.494678
v 0.296628 0.704277 -0.533857
v 0.278619 0.704277 -0.569200
v 0.250570 0.704277 -0.597249
v 0.215226 0.704277 -0.615258
v 0.176048 0.704277 -0.621463
v 0.136869 0.704277 -0.615258
v 0.101525 0.704277 -0.597249
v 0.073476 0.704277 -0.569200
v 0.055467 0.704277 -0.533857
v 0.049262 0.704277 -0.494678
v 0.055467 0.704277 -0.455499
v 0.073476 0.704277 -0.420155
v 0.101525 0.704277 -0.392106
v 0.136869 0.704277 -0.374097
v 0.176048 0.704277 -0.367892
v 0.215226 0.704277 -0.374097
v 0.250570 0.704277 -0.392106
v 0.278619 0.704277 -0.420155
v 0.296628 0.704277 -0.455499
v 0.302833 0.704277 -0.494678
v 0.285532 0.723316 -0.530251
v 0.269181 0.723316 -0.562343
v 0.243713 0.723316 -0.587811
v 0.211621 0.723316 -0.604162
v 0.176048 0.723316 -0.609796
v 0.140474 0.723316 -0.604162
v 0.108382 0.723316 -0.587811
v 0.082914 0.723316 -0.562343
v 0.066563 0.723316 -0.530251
v 0.060929 0.723316 -0.494678
v 0.066563 0.723316 -0.459104
v 0.082915 0.723316 -0.427013
v 0.108382 0.723316 -0.401545
v 0.140474 0.723316 -0.385193
v 0.176048 0.723316 -0.379559
v 0.211621 0.723316 -0.385193
v 0.243713 0.723316 -0.401545
v 0.269180 0.723316 -0.427013
v 0.285532 0.723316 -0.459104
v 0.291166 0.723316 -0.494678
v 0.271741 0.740294 -0.525770
v 0.257449 0.740294 -0.553819
v 0.235189 0.740294 -0.576079
v 0.207140 0.740294 -0.590371
v 0.176048 0.740294 -0.595295
v 0.144955 0.740294 -0.590371
v 0.116906 0.740294 -0.576079
v 0.094646 0.740294 -0.553819
v 0.080355 0.740294 -0.525770
v 0.075430 0.740294 -0.494678
v 0.080355 0.740294 -0.463585
v 0.094646 0.740294 -0.435536
v 0.116906 0.740294 -0.413276
v 0.144955 0.740294 -0.398985
v 0.176048 0.740294 -0.394060
v 0.207140 0.740294 -0.398985
v 0.235189 0.740294 -0.413276
v 0.257449 0.740294 -0.435536
v 0.271740 0.740294 -0.463585
v 0.276665 0.740294 -0.494678
v 0.255593 0.754796 -0.520523
v 0.243713 0.754796 -0.543839
v 0.225209 0.754796 -0.562343
v 0.201893 0.754796 -0.574223
v 0.176048 0.754796 -0.578316
v 0.150202 0.754796 -0.574223
v 0.126886 0.754796 -0.562343
v 0.108382 0.754796 -0.543839
v 0.096502 0.754796 -0.520523
v 0.092409 0.754796 -0.494678
v 0.096502 0.754796 -0.468832
v 0.108382 0.754796 -0.445516
v 0.126886 0.754796 -0.427013
v 0.150202 0.754796 -0.415133
v 0.176048 0.754796 -0.411039
v 0.201893 0.754796 -0.415133
v 0.225209 0.754796 -0.427013
v 0.243713 0.754796 -0.445516
v 0.255593 0.754796 -0.468832
v 0.259686 0.754796 -0.494678
v 0.237486 0.766462 -0.514640
v 0.228310 0.766462 -0.532649
v 0.214019 0.766462 -0.546941
v 0.196010 0.766462 -0.556116
v 0.176048 0.766462 -0.559278
v 0.156085 0.766462 -0.556116
v 0.138076 0.766462 -0.546940
v 0.123785 0.766462 -0.532649
v 0.114609 0.766462 -0.514640
v 0.111447 0.766462 -0.494678
v 0.114609 0.766462 -0.474715
v 0.123785 0.766462 -0.456706
v 0.138076 0.766462 -0.442415
v 0.156085 0.766462 -0.433239
v 0.176048 0.766462 -0.430077
v 0.196010 0.766462 -0.433239
v 0.214019 0.766462 -0.442415
v 0.228310 0.766462 -0.456706
v 0.237486 0.766462 -0.474715
v 0.240648 0.766462 -0.494678
v 0.217867 0.775007 -0.508266
v 0.211621 0.775007 -0.520523
v 0.201893 0.775007 -0.530251
v 0.189636 0.775007 -0.536497
v 0.176048 0.775007 -0.538649
v 0.162459 0.775007 -0.536497
v 0.150202 0.775007 -0.530251
v 0.140474 0.775007 -0.520523
v 0.134228 0.775007 -0.508266
v 0.132076 0.775007 -0.494678
v 0.134228 0.775007 -0.481090
v 0.140474 0.775007 -0.468832
v 0.150202 0.775007 -0.459104
v 0.162459 0.775007 -0.452858
v 0.176048 0.775007 -0.450706
v 0.189636 0.775007 -0.452858
v 0.201893 0.775007 -0.459104
v 0.211621 0.775007 -0.468832
v 0.217867 0.775007 -0.481090
v 0.220019 0.775007 -0.494678
v 0.197218 0.780219 -0.501556
v 0.194056 0.780219 -0.507762
v 0.189132 0.780219 -0.512686
v 0.182926 0.780219 -0.515848
v 0.176048 0.780219 -0.516937
v 0.169169 0.780219 -0.515848
v 0.162964 0.780219 -0.512686
v 0.158039 0.780219 -0.507762
v 0.154877 0.780219 -0.501556
v 0.153788 0.780219 -0.494678
v 0.154877 0.780219 -0.487799
v 0.158039 0.780219 -0.481594
v 0.162964 0.780219 -0.476669
v 0.169169 0.780219 -0.473507
v 0.176048 0.780219 -0.472418
v 0.182926 0.780219 -0.473507
v 0.189132 0.780219 -0.476669
v 0.194056 0.780219 -0.481594
v 0.197218 0.780219 -0.487799
v 0.198307 0.780219 -0.494678
v 0.176048 0.497382 -0.494678
v 0.176048 0.781971 -0.494678
vt 0.470818 0.065003
vt 0.471704 0.065612
vt 0.469912 0.067991
vt 0.468205 0.066740
vt 0.472753 0.065985
vt 0.471971 0.068797
vt 0.473867 0.066077
vt 0.474209 0.069048
vt 0.474937 0.065866
vt 0.476409 0.068671
vt 0.475846 0.065364
vt 0.478319 0.067659
vt 0.476490 0.064619
vt 0.479676 0.066097
vt 0.476790 0.063713
vt 0.480276 0.064179
vt 0.476719 0.062749
vt 0.480064 0.062168
vt 0.476292 0.061835
vt 0.479120 0.060318
vt 0.475566 0.061066
vt 0.477604 0.058817
vt 0.474626 0.060512
vt 0.475707 0.057782
vt 0.473568 0.060216
vt 0.473622 0.057269
vt 0.472494 0.060197
vt 0.471535 0.057287
vt 0.471500 0.060447
vt 0.469617 0.057809
vt 0.470675 0.060940
vt 0.468024 0.058783
vt 0.470089 0.061630
vt 0.466886 0.060124
vt 0.469797 0.062456
vt 0.466305 0.061725
vt 0.469824 0.063347
vt 0.466334 0.063459
vt 0.470174 0.064223
vt 0.466982 0.065181
vt 0.467946 0.070262
vt 0.465489 0.068352
vt 0.470952 0.071554
vt 0.474289 0.072041
vt 0.477668 0.071566
vt 0.480698 0.070047
vt 0.482887 0.067568
vt 0.483772 0.064482
vt 0.483320 0.061323
vt 0.481756 0.058534
vt 0.479398 0.056372
vt 0.476552 0.054951
vt 0.473491 0.054300
vt 0.470459 0.054403
vt 0.467680 0.055212
vt 0.465363 0.056650
vt 0.463696 0.058609
vt 0.462826 0.060946
vt 0.462840 0.063484
vt 0.463747 0.066023
vt 0.465818 0.072426
vt 0.462688 0.069850
vt 0.469683 0.074244
vt 0.474055 0.075050
vt 0.478625 0.074573
vt 0.482916 0.072576
vt 0.486140 0.069038
vt 0.487273 0.064546
vt 0.486438 0.060129
vt 0.484150 0.056444
vt 0.480924 0.053729
vt 0.477165 0.052027
vt 0.473194 0.051316
vt 0.469288 0.051544
vt 0.465706 0.052646
vt 0.462702 0.054533
vt 0.460517 0.057082
vt 0.459355 0.060123
vt 0.459340 0.063438
vt 0.460480 0.066768
vt 0.463542 0.074482
vt 0.459820 0.071248
vt 0.468158 0.076855
vt 0.473455 0.078062
vt 0.479171 0.077720
vt 0.484854 0.075336
vt 0.489468 0.070523
vt 0.490760 0.064230
vt 0.489350 0.058476
vt 0.486251 0.054013
vt 0.482166 0.050892
vt 0.477553 0.049028
vt 0.472750 0.048327
vt 0.468045 0.048711
vt 0.463716 0.050105
vt 0.460052 0.052423
vt 0.457352 0.055539
vt 0.455891 0.059263
vt 0.455839 0.063334
vt 0.457191 0.067434
vt 0.461136 0.076433
vt 0.456902 0.072559
vt 0.466378 0.079375
vt 0.472445 0.081063
vt 0.479165 0.081035
vt 0.486288 0.078484
vt 0.492926 0.072061
vt 0.494175 0.063251
vt 0.491962 0.056224
vt 0.488013 0.051215
vt 0.483112 0.047876
vt 0.477723 0.045967
vt 0.472176 0.045341
vt 0.466751 0.045903
vt 0.461730 0.047584
vt 0.457429 0.050312
vt 0.454209 0.053973
vt 0.452433 0.058367
vt 0.452340 0.063186
vt 0.453892 0.068040
vt 0.458616 0.078284
vt 0.453953 0.073801
vt 0.464350 0.081791
vt 0.470993 0.084028
vt 0.478457 0.084532
vt 0.486801 0.082301
vt 0.496594 0.073813
vt 0.497293 0.060977
vt 0.494185 0.053230
vt 0.489397 0.048048
vt 0.483754 0.044700
vt 0.477685 0.042863
vt 0.471489 0.042367
vt 0.465427 0.043121
vt 0.459771 0.045076
vt 0.454855 0.048189
vt 0.451100 0.052377
vt 0.448984 0.057439
vt 0.448850 0.063011
vt 0.450599 0.068604
vt 0.456003 0.080042
vt 0.450993 0.074991
vt 0.462092 0.084095
vt 0.469095 0.086921
vt 0.476935 0.088180
vt 0.485594 0.087283
vt 0.503189 0.065925
vt 0.500380 0.056520
vt 0.495976 0.049446
vt 0.490375 0.044544
vt 0.484086 0.041394
vt 0.477446 0.039732
vt 0.470706 0.039411
vt 0.464094 0.040363
vt 0.457867 0.042571
vt 0.452358 0.046039
vt 0.448042 0.050735
vt 0.445543 0.056478
vt 0.445374 0.062826
vt 0.447325 0.069155
vt 0.453319 0.081720
vt 0.448043 0.076158
vt 0.459625 0.086277
vt 0.466784 0.089697
vt 0.474685 0.091808
vt 0.483192 0.092492
vt 0.507979 0.058123
vt 0.502807 0.051034
vt 0.497223 0.045089
vt 0.490917 0.040777
vt 0.484106 0.037993
vt 0.477016 0.036591
vt 0.469842 0.036479
vt 0.462778 0.037625
vt 0.456049 0.040056
vt 0.449975 0.043837
vt 0.445062 0.049021
vt 0.442107 0.055485
vt 0.441921 0.062664
vt 0.444091 0.069727
vt 0.450585 0.083333
vt 0.445130 0.077337
vt 0.456975 0.088333
vt 0.464104 0.092311
vt 0.471811 0.095264
vt 0.479878 0.097400
vt 0.511039 0.050031
vt 0.504322 0.044984
vt 0.497839 0.040354
vt 0.491000 0.036826
vt 0.483811 0.034532
vt 0.476401 0.033455
vt 0.468914 0.033573
vt 0.461505 0.034901
vt 0.454360 0.037513
vt 0.447759 0.041547
vt 0.442203 0.047190
vt 0.438668 0.054458
vt 0.438498 0.062574
vt 0.440921 0.070376
vt 0.447823 0.084906
vt 0.442279 0.078579
vt 0.454168 0.090263
vt 0.461100 0.094728
vt 0.468409 0.098434
vt 0.475814 0.101783
vt 0.512371 0.041705
vt 0.504804 0.038633
vt 0.497768 0.035395
vt 0.490602 0.032763
vt 0.483197 0.031043
vt 0.475609 0.030336
vt 0.467940 0.030694
vt 0.460305 0.032179
vt 0.452851 0.034912
vt 0.445788 0.039113
vt 0.439542 0.045152
vt 0.435207 0.053391
vt 0.435120 0.062657
vt 0.437851 0.071188
vt 0.445052 0.086473
vt 0.439520 0.079957
vt 0.451226 0.092074
vt 0.457810 0.096921
vt 0.464553 0.101241
vt 0.471121 0.105519
vt 0.511966 0.033353
vt 0.504192 0.032186
vt 0.496966 0.030340
vt 0.489706 0.028654
vt 0.482262 0.027555
vt 0.474648 0.027244
vt 0.466937 0.027838
vt 0.459215 0.029443
vt 0.451584 0.032215
vt 0.444175 0.036442
vt 0.437232 0.042724
vt 0.431681 0.052255
vt 0.431826 0.063139
vt 0.434932 0.072309
vt 0.442289 0.088076
vt 0.436877 0.081565
vt 0.448167 0.093777
vt 0.454266 0.098871
vt 0.460306 0.103626
vt 0.465901 0.108528
vt 0.509841 0.025250
vt 0.502446 0.025825
vt 0.495402 0.025303
vt 0.488293 0.024559
vt 0.480998 0.024093
vt 0.473523 0.024183
vt 0.465924 0.024995
vt 0.458273 0.026666
vt 0.450638 0.029366
vt 0.443078 0.033394
vt 0.435595 0.039512
vt 0.428022 0.050862
vt 0.428816 0.064615
vt 0.432216 0.073968
vt 0.439543 0.089769
vt 0.434361 0.083512
vt 0.445002 0.095392
vt 0.450494 0.100565
vt 0.455717 0.105543
vt 0.460253 0.110747
vt 0.506041 0.017705
vt 0.499548 0.019737
vt 0.493041 0.020396
vt 0.486338 0.020535
vt 0.479393 0.020682
vt 0.472234 0.021154
vt 0.464921 0.022150
vt 0.457521 0.023818
vt 0.450095 0.026301
vt 0.442692 0.029794
vt 0.435352 0.034586
vt 0.422660 0.059357
vt 0.425787 0.068310
vt 0.429689 0.076434
vt 0.436818 0.091608
vt 0.431986 0.085873
vt 0.441736 0.096944
vt 0.446510 0.101994
vt 0.450832 0.106952
vt 0.454273 0.112123
vt 0.500665 0.011054
vt 0.495488 0.014124
vt 0.489848 0.015737
vt 0.483809 0.016642
vt 0.477428 0.017340
vt 0.470780 0.018150
vt 0.463945 0.019278
vt 0.457002 0.020859
vt 0.450025 0.022980
vt 0.443094 0.025670
vt 0.436316 0.028745
vt 0.418833 0.067555
vt 0.423150 0.073298
vt 0.427409 0.079712
vt 0.434113 0.093654
vt 0.429774 0.088704
vt 0.438365 0.098467
vt 0.442322 0.103153
vt 0.445689 0.107813
vt 0.448063 0.112605
vt 0.493878 0.005653
vt 0.490279 0.009216
vt 0.485782 0.011462
vt 0.480656 0.012949
vt 0.475068 0.014086
vt 0.469149 0.015157
vt 0.463011 0.016344
vt 0.456759 0.017747
vt 0.450496 0.019386
vt 0.444344 0.021151
vt 0.438470 0.022639
vt 0.416636 0.075799
vt 0.421196 0.079126
vt 0.425473 0.083735
vt 0.431425 0.095975
vt 0.427762 0.092047
vt 0.434876 0.100001
vt 0.437928 0.104044
vt 0.440325 0.108090
vt 0.441733 0.112153
vt 0.485954 0.001864
vt 0.483966 0.005285
vt 0.480796 0.007742
vt 0.476812 0.009538
vt 0.472259 0.010940
vt 0.467316 0.012149
vt 0.462132 0.013295
vt 0.456840 0.014432
vt 0.451580 0.015524
vt 0.446512 0.016399
vt 0.441846 0.016670
vt 0.416123 0.084023
vt 0.420146 0.085517
vt 0.423995 0.088425
vt 0.428750 0.098648
vt 0.425998 0.095941
vt 0.431242 0.101606
vt 0.433316 0.104674
vt 0.434780 0.107753
vt 0.435408 0.110745
vt 0.477317 0.000003
vt 0.476661 0.002640
vt 0.474842 0.004794
vt 0.472177 0.006523
vt 0.468909 0.007922
vt 0.465231 0.009080
vt 0.461311 0.010053
vt 0.457305 0.010849
vt 0.453371 0.011406
vt 0.449689 0.011584
vt 0.446480 0.011142
vt 0.417259 0.091945
vt 0.420161 0.092231
vt 0.423104 0.093699
vt 0.426075 0.101770
vt 0.424536 0.100419
vt 0.427419 0.103366
vt 0.428461 0.105084
vt 0.429096 0.106807
vt 0.429229 0.108421
vt 0.468516 0.000200
vt 0.468570 0.001584
vt 0.467887 0.002891
vt 0.466603 0.004056
vt 0.464858 0.005052
vt 0.462791 0.005866
vt 0.460536 0.006486
vt 0.458227 0.006890
vt 0.456001 0.007036
vt 0.454003 0.006867
vt 0.452384 0.006318
vt 0.419834 0.099185
vt 0.421300 0.098990
vt 0.422908 0.099445
vt 0.473326 0.063138
vt 0.423340 0.105421
vt 0.451309 0.005342
vt 0.459760 0.002290
vt 0.428787 0.109797
vt 0.444022 0.009773
vt 0.434955 0.113508
vt 0.437872 0.015647
vt 0.441730 0.116201
vt 0.433111 0.022789
vt 0.448900 0.117699
vt 0.429899 0.031016
vt 0.456240 0.117921
vt 0.428267 0.040282
vt 0.463525 0.116839
vt 0.470541 0.114460
vt 0.477080 0.110812
vt 0.482943 0.105936
vt 0.487941 0.099872
vt 0.491908 0.092628
vt 0.494748 0.084097
vn 0.190558 -0.979721 -0.061916
vn 0.162098 -0.979722 -0.117770
vn 0.269869 -0.942723 -0.196070
vn 0.317248 -0.942724 -0.103082
vn 0.117772 -0.979721 -0.162099
vn 0.196071 -0.942723 -0.269868
vn 0.061916 -0.979721 -0.190558
vn 0.103081 -0.942723 -0.317250
vn 0.000000 -0.979721 -0.200365
vn 0.000000 -0.942723 -0.333576
vn -0.061916 -0.979721 -0.190558
vn -0.103081 -0.942723 -0.317250
vn -0.117771 -0.979722 -0.162098
vn -0.196072 -0.942723 -0.269868
vn -0.162097 -0.979722 -0.117772
vn -0.269869 -0.942723 -0.196071
vn -0.190558 -0.979721 -0.061918
vn -0.317251 -0.942723 -0.103081
vn -0.200364 -0.979722 0.000000
vn -0.333578 -0.942723 0.000000
vn -0.190558 -0.979721 0.061917
vn -0.317251 -0.942723 0.103081
vn -0.162097 -0.979722 0.117771
vn -0.269869 -0.942723 0.196071
vn -0.117771 -0.979721 0.162098
vn -0.196071 -0.942723 0.269869
vn -0.061916 -0.979721 0.190558
vn -0.103081 -0.942723 0.317250
vn 0.000000 -0.979721 0.200365
vn 0.000000 -0.942723 0.333576
vn 0.061916 -0.979721 0.190558
vn 0.103081 -0.942723 0.317250
vn 0.117772 -0.979721 0.162098
vn 0.196071 -0.942724 0.269868
vn 0.162098 -0.979722 0.117770
vn 0.269870 -0.942723 0.196070
vn 0.190558 -0.979721 0.061917
vn 0.317250 -0.942723 0.103082
vn 0.200364 -0.979721 0.000000
vn 0.333576 -0.942723 0.000001
vn 0.380847 -0.882265 -0.276701
vn 0.447712 -0.882265 -0.145472
vn 0.276702 -0.882265 -0.380846
vn 0.145470 -0.882266 -0.447712
vn -0.000000 -0.882266 -0.470752
vn -0.145470 -0.882266 -0.447712
vn -0.276701 -0.882266 -0.380846
vn -0.380847 -0.882266 -0.276701
vn -0.447712 -0.882266 -0.145470
vn -0.470752 -0.882266 0.000000
vn -0.447711 -0.882266 0.145470
vn -0.380847 -0.882265 0.276701
vn -0.276701 -0.882266 0.380846
vn -0.145470 -0.882266 0.447712
vn 0.000000 -0.882266 0.470752
vn 0.145470 -0.882266 0.447712
vn 0.276702 -0.882265 0.380847
vn 0.380849 -0.882265 0.276700
vn 0.447713 -0.882265 0.145472
vn 0.470754 -0.882265 0.000002
vn 0.485139 -0.800251 -0.352474
vn 0.570316 -0.800251 -0.185307
vn 0.352475 -0.800251 -0.485139
vn 0.185307 -0.800250 -0.570316
vn -0.000000 -0.800250 -0.599666
vn -0.185306 -0.800251 -0.570316
vn -0.352476 -0.800250 -0.485140
vn -0.485139 -0.800251 -0.352475
vn -0.570316 -0.800251 -0.185306
vn -0.599666 -0.800250 -0.000000
vn -0.570316 -0.800251 0.185306
vn -0.485139 -0.800251 0.352475
vn -0.352476 -0.800250 0.485140
vn -0.185307 -0.800250 0.570316
vn 0.000000 -0.800250 0.599666
vn 0.185308 -0.800250 0.570317
vn 0.352476 -0.800250 0.485141
vn 0.485141 -0.800251 0.352474
vn 0.570316 -0.800250 0.185307
vn 0.599667 -0.800250 0.000003
vn 0.578712 -0.698789 -0.420459
vn 0.680318 -0.698789 -0.221047
vn 0.420460 -0.698789 -0.578712
vn 0.221049 -0.698789 -0.680317
vn -0.000000 -0.698789 -0.715327
vn -0.221048 -0.698790 -0.680317
vn -0.420459 -0.698789 -0.578712
vn -0.578713 -0.698789 -0.420459
vn -0.680319 -0.698788 -0.221047
vn -0.715330 -0.698787 -0.000000
vn -0.680319 -0.698787 0.221048
vn -0.578714 -0.698787 0.420460
vn -0.420459 -0.698789 0.578713
vn -0.221048 -0.698789 0.680317
vn 0.000000 -0.698789 0.715328
vn 0.221048 -0.698789 0.680317
vn 0.420459 -0.698789 0.578713
vn 0.578713 -0.698789 0.420459
vn 0.680317 -0.698790 0.221047
vn 0.715328 -0.698789 0.000002
vn 0.658805 -0.580404 -0.478651
vn 0.774474 -0.580403 -0.251639
vn 0.478650 -0.580403 -0.658807
vn 0.251642 -0.580403 -0.774473
vn 0.000000 -0.580403 -0.814329
vn -0.251642 -0.580403 -0.774473
vn -0.478651 -0.580403 -0.658806
vn -0.658807 -0.580403 -0.478651
vn -0.774473 -0.580404 -0.251640
vn -0.814328 -0.580406 -0.000000
vn -0.774472 -0.580404 0.251641
vn -0.658806 -0.580404 0.478651
vn -0.478651 -0.580403 0.658806
vn -0.251641 -0.580403 0.774473
vn 0.000000 -0.580403 0.814329
vn 0.251643 -0.580404 0.774472
vn 0.478650 -0.580405 0.658805
vn 0.658804 -0.580405 0.478651
vn 0.774472 -0.580405 0.251640
vn 0.814329 -0.580404 0.000001
vn 0.723291 -0.447994 -0.525501
vn 0.850281 -0.447993 -0.276271
vn 0.525500 -0.447996 -0.723291
vn 0.276272 -0.447995 -0.850279
vn 0.000000 -0.447994 -0.894036
vn -0.276272 -0.447995 -0.850279
vn -0.525502 -0.447995 -0.723290
vn -0.723292 -0.447993 -0.525500
vn -0.850280 -0.447993 -0.276273
vn -0.894036 -0.447995 -0.000000
vn -0.850279 -0.447994 0.276273
vn -0.723291 -0.447995 0.525500
vn -0.525502 -0.447995 0.723290
vn -0.276272 -0.447995 0.850279
vn -0.000000 -0.447994 0.894036
vn 0.276273 -0.447994 0.850279
vn 0.525501 -0.447994 0.723291
vn 0.723291 -0.447995 0.525501
vn 0.850280 -0.447993 0.276271
vn 0.894037 -0.447993 0.000000
vn 0.770525 -0.304785 -0.559818
vn 0.905806 -0.304786 -0.294313
vn 0.559819 -0.304786 -0.770525
vn 0.294314 -0.304787 -0.905806
vn -0.000000 -0.304787 -0.952420
vn -0.294313 -0.304787 -0.905806
vn -0.559820 -0.304788 -0.770523
vn -0.770525 -0.304788 -0.559818
vn -0.905806 -0.304786 -0.294315
vn -0.952422 -0.304784 -0.000000
vn -0.905806 -0.304786 0.294314
vn -0.770524 -0.304788 0.559818
vn -0.559820 -0.304787 0.770524
vn -0.294313 -0.304787 0.905806
vn -0.000000 -0.304787 0.952421
vn 0.294315 -0.304787 0.905806
vn 0.559818 -0.304786 0.770525
vn 0.770525 -0.304786 0.559819
vn 0.905806 -0.304786 0.294313
vn 0.952421 -0.304786 -0.000000
vn 0.799335 -0.154249 -0.580751
vn 0.939674 -0.154253 -0.305318
vn 0.580750 -0.154247 -0.799335
vn 0.305319 -0.154248 -0.939674
vn -0.000000 -0.154249 -0.988032
vn -0.305319 -0.154248 -0.939674
vn -0.580751 -0.154247 -0.799335
vn -0.799336 -0.154248 -0.580749
vn -0.939675 -0.154249 -0.305317
vn -0.988032 -0.154248 -0.000000
vn -0.939675 -0.154249 0.305317
vn -0.799335 -0.154249 0.580750
vn -0.580751 -0.154248 0.799335
vn -0.305318 -0.154248 0.939675
vn 0.000000 -0.154248 0.988032
vn 0.305319 -0.154249 0.939674
vn 0.580751 -0.154248 0.799335
vn 0.799335 -0.154248 0.580751
vn 0.939674 -0.154250 0.305319
vn 0.988031 -0.154253 0.000001
vn 0.809016 0.000000 -0.587786
vn 0.951057 0.000000 -0.309016
vn 0.587785 0.000000 -0.809017
vn 0.309019 0.000000 -0.951056
vn 0.000000 0.000000 -1.000000
vn -0.309018 -0.000000 -0.951056
vn -0.587786 -0.000000 -0.809017
vn -0.809017 0.000000 -0.587786
vn -0.951057 0.000000 -0.309015
vn -1.000000 0.000000 0.000000
vn -0.951057 0.000000 0.309015
vn -0.809016 0.000000 0.587786
vn -0.587786 0.000000 0.809017
vn -0.309017 0.000000 0.951056
vn 0.000000 0.000000 1.000000
vn 0.309018 -0.000000 0.951056
vn 0.587785 -0.000000 0.809017
vn 0.809016 -0.000000 0.587786
vn 0.951056 0.000000 0.309018
vn 1.000000 0.000000 0.000002
vn 0.799335 0.154249 -0.580750
vn 0.939674 0.154253 -0.305318
vn 0.580750 0.154247 -0.799335
vn 0.305320 0.154248 -0.939674
vn -0.000000 0.154249 -0.988032
vn -0.305319 0.154248 -0.939674
vn -0.580751 0.154247 -0.799335
vn -0.799336 0.154248 -0.580749
vn -0.939675 0.154249 -0.305317
vn -0.988032 0.154248 -0.000000
vn -0.939675 0.154249 0.305317
vn -0.799335 0.154248 0.580750
vn -0.580751 0.154248 0.799335
vn -0.305318 0.154248 0.939675
vn 0.000000 0.154248 0.988032
vn 0.305319 0.154249 0.939674
vn 0.580751 0.154248 0.799335
vn 0.799335 0.154248 0.580751
vn 0.939674 0.154249 0.305318
vn 0.988031 0.154253 0.000001
vn 0.770525 0.304787 -0.559818
vn 0.905806 0.304788 -0.294313
vn 0.559818 0.304788 -0.770525
vn 0.294314 0.304789 -0.905805
vn 0.000000 0.304789 -0.952420
vn -0.294313 0.304789 -0.905805
vn -0.559819 0.304789 -0.770523
vn -0.770524 0.304790 -0.559817
vn -0.905805 0.304788 -0.294314
vn -0.952421 0.304785 -0.000000
vn -0.905805 0.304788 0.294314
vn -0.770524 0.304790 0.559818
vn -0.559819 0.304789 0.770523
vn -0.294313 0.304789 0.905806
vn -0.000000 0.304789 0.952420
vn 0.294315 0.304789 0.905805
vn 0.559818 0.304788 0.770525
vn 0.770524 0.304788 0.559819
vn 0.905806 0.304788 0.294313
vn 0.952420 0.304788 -0.000000
vn 0.723292 0.447993 -0.525501
vn 0.850281 0.447991 -0.276271
vn 0.525500 0.447995 -0.723291
vn 0.276273 0.447994 -0.850279
vn -0.000000 0.447993 -0.894037
vn -0.276272 0.447994 -0.850280
vn -0.525502 0.447994 -0.723290
vn -0.723293 0.447992 -0.525501
vn -0.850280 0.447992 -0.276273
vn -0.894037 0.447994 0.000000
vn -0.850279 0.447993 0.276273
vn -0.723292 0.447993 0.525501
vn -0.525502 0.447994 0.723290
vn -0.276272 0.447993 0.850280
vn -0.000000 0.447993 0.894037
vn 0.276273 0.447993 0.850280
vn 0.525502 0.447993 0.723291
vn 0.723291 0.447994 0.525501
vn 0.850280 0.447992 0.276272
vn 0.894038 0.447992 0.000000
vn 0.658806 0.580403 -0.478651
vn 0.774474 0.580403 -0.251639
vn 0.478651 0.580403 -0.658807
vn 0.251642 0.580402 -0.774473
vn 0.000000 0.580403 -0.814330
vn -0.251642 0.580403 -0.774473
vn -0.478651 0.580403 -0.658806
vn -0.658807 0.580403 -0.478651
vn -0.774473 0.580404 -0.251640
vn -0.814328 0.580405 0.000000
vn -0.774473 0.580404 0.251641
vn -0.658806 0.580403 0.478651
vn -0.478651 0.580403 0.658806
vn -0.251642 0.580403 0.774473
vn -0.000000 0.580403 0.814330
vn 0.251643 0.580403 0.774473
vn 0.478650 0.580404 0.658806
vn 0.658804 0.580405 0.478651
vn 0.774472 0.580405 0.251640
vn 0.814329 0.580404 0.000001
vn 0.578712 0.698790 -0.420459
vn 0.680317 0.698790 -0.221047
vn 0.420459 0.698789 -0.578712
vn 0.221048 0.698790 -0.680317
vn -0.000000 0.698790 -0.715327
vn -0.221048 0.698790 -0.680316
vn -0.420459 0.698790 -0.578712
vn -0.578712 0.698789 -0.420459
vn -0.680319 0.698788 -0.221047
vn -0.715329 0.698787 -0.000000
vn -0.680319 0.698787 0.221048
vn -0.578714 0.698788 0.420460
vn -0.420459 0.698789 0.578712
vn -0.221048 0.698790 0.680317
vn -0.000000 0.698790 0.715327
vn 0.221048 0.698790 0.680317
vn 0.420458 0.698789 0.578713
vn 0.578712 0.698789 0.420459
vn 0.680316 0.698790 0.221047
vn 0.715327 0.698790 0.000002
vn 0.485140 0.800250 -0.352475
vn 0.570317 0.800250 -0.185307
vn 0.352476 0.800250 -0.485140
vn 0.185307 0.800250 -0.570317
vn -0.000000 0.800250 -0.599667
vn -0.185307 0.800250 -0.570317
vn -0.352476 0.800250 -0.485140
vn -0.485140 0.800250 -0.352475
vn -0.570317 0.800250 -0.185306
vn -0.599667 0.800250 -0.000000
vn -0.570317 0.800250 0.185306
vn -0.485140 0.800250 0.352475
vn -0.352476 0.800250 0.485140
vn -0.185307 0.800250 0.570317
vn 0.000000 0.800250 0.599667
vn 0.185308 0.800249 0.570317
vn 0.352476 0.800249 0.485142
vn 0.485141 0.800250 0.352474
vn 0.570317 0.800250 0.185307
vn 0.599667 0.800250 0.000003
vn 0.380845 0.882267 -0.276699
vn 0.447709 0.882267 -0.145471
vn 0.276700 0.882267 -0.380844
vn 0.145469 0.882267 -0.447709
vn -0.000000 0.882267 -0.470749
vn -0.145469 0.882267 -0.447709
vn -0.276699 0.882267 -0.380844
vn -0.380844 0.882267 -0.276699
vn -0.447709 0.882267 -0.145469
vn -0.470749 0.882267 0.000000
vn -0.447709 0.882267 0.145469
vn -0.380844 0.882267 0.276699
vn -0.276699 0.882267 0.380844
vn -0.145469 0.882267 0.447709
vn 0.000000 0.882267 0.470749
vn 0.145469 0.882267 0.447709
vn 0.276700 0.882267 0.380844
vn 0.380846 0.882267 0.276698
vn 0.447710 0.882266 0.145471
vn 0.470751 0.882266 0.000003
vn 0.269869 0.942723 -0.196071
vn 0.317248 0.942724 -0.103082
vn 0.196071 0.942723 -0.269868
vn 0.103081 0.942723 -0.317250
vn 0.000000 0.942723 -0.333576
vn -0.103081 0.942723 -0.317250
vn -0.196071 0.942723 -0.269868
vn -0.269869 0.942723 -0.196071
vn -0.317251 0.942723 -0.103081
vn -0.333578 0.942723 0.000000
vn -0.317251 0.942723 0.103081
vn -0.269869 0.942723 0.196071
vn -0.196071 0.942723 0.269869
vn -0.103081 0.942723 0.317250
vn 0.000000 0.942723 0.333576
vn 0.103081 0.942723 0.317250
vn 0.196070 0.942723 0.269868
vn 0.269870 0.942723 0.196070
vn 0.317250 0.942723 0.103082
vn 0.333576 0.942723 0.000001
vn 0.162098 0.979721 -0.117771
vn 0.190558 0.979721 -0.061917
vn 0.117772 0.979721 -0.162099
vn 0.061916 0.979721 -0.190558
vn 0.000000 0.979721 -0.200365
vn -0.061916 0.979721 -0.190558
vn -0.117771 0.979722 -0.162097
vn -0.162097 0.979722 -0.117772
vn -0.190558 0.979721 -0.061917
vn -0.200364 0.979722 0.000000
vn -0.190558 0.979721 0.061917
vn -0.162097 0.979722 0.117772
vn -0.117771 0.979721 0.162098
vn -0.061916 0.979721 0.190558
vn 0.000000 0.979721 0.200365
vn 0.061916 0.979721 0.190558
vn 0.117772 0.979721 0.162099
vn 0.162098 0.979721 0.117770
vn 0.190558 0.979721 0.061917
vn 0.200364 0.979721 0.000000
vn 0.000000 -1.000000 -0.000000
vn 0.000000 1.000000 0.000000
s 1
g group3 pSphere6
usemtl initialShadingGroup
f 4505/4758/4557 4506/4759/4558 4526/4760/4559 4525/4761/4560
f 4506/4759/4558 4507/4762/4561 4527/4763/4562 4526/4760/4559
f 4507/4762/4561 4508/4764/4563 4528/4765/4564 4527/4763/4562
f 4508/4764/4563 4509/4766/4565 4529/4767/4566 4528/4765/4564
f 4509/4766/4565 4510/4768/4567 4530/4769/4568 4529/4767/4566
f 4510/4768/4567 4511/4770/4569 4531/4771/4570 4530/4769/4568
f 4511/4770/4569 4512/4772/4571 4532/4773/4572 4531/4771/4570
f 4512/4772/4571 4513/4774/4573 4533/4775/4574 4532/4773/4572
f 4513/4774/4573 4514/4776/4575 4534/4777/4576 4533/4775/4574
f 4514/4776/4575 4515/4778/4577 4535/4779/4578 4534/4777/4576
f 4515/4778/4577 4516/4780/4579 4536/4781/4580 4535/4779/4578
f 4516/4780/4579 4517/4782/4581 4537/4783/4582 4536/4781/4580
f 4517/4782/4581 4518/4784/4583 4538/4785/4584 4537/4783/4582
f 4518/4784/4583 4519/4786/4585 4539/4787/4586 4538/4785/4584
f 4519/4786/4585 4520/4788/4587 4540/4789/4588 4539/4787/4586
f 4520/4788/4587 4521/4790/4589 4541/4791/4590 4540/4789/4588
f 4521/4790/4589 4522/4792/4591 4542/4793/4592 4541/4791/4590
f 4522/4792/4591 4523/4794/4593 4543/4795/4594 4542/4793/4592
f 4523/4794/4593 4524/4796/4595 4544/4797/4596 4543/4795/4594
f 4524/4796/4595 4505/4758/4557 4525/4761/4560 4544/4797/4596
f 4525/4761/4560 4526/4760/4559 4546/4798/4597 4545/4799/4598
f 4526/4760/4559 4527/4763/4562 4547/4800/4599 4546/4798/4597
f 4527/4763/4562 4528/4765/4564 4548/4801/4600 4547/4800/4599
f 4528/4765/4564 4529/4767/4566 4549/4802/4601 4548/4801/4600
f 4529/4767/4566 4530/4769/4568 4550/4803/4602 4549/4802/4601
f 4530/4769/4568 4531/4771/4570 4551/4804/4603 4550/4803/4602
f 4531/4771/4570 4532/4773/4572 4552/4805/4604 4551/4804/4603
f 4532/4773/4572 4533/4775/4574 4553/4806/4605 4552/4805/4604
f 4533/4775/4574 4534/4777/4576 4554/4807/4606 4553/4806/4605
f 4534/4777/4576 4535/4779/4578 4555/4808/4607 4554/4807/4606
f 4535/4779/4578 4536/4781/4580 4556/4809/4608 4555/4808/4607
f 4536/4781/4580 4537/4783/4582 4557/4810/4609 4556/4809/4608
f 4537/4783/4582 4538/4785/4584 4558/4811/4610 4557/4810/4609
f 4538/4785/4584 4539/4787/4586 4559/4812/4611 4558/4811/4610
f 4539/4787/4586 4540/4789/4588 4560/4813/4612 4559/4812/4611
f 4540/4789/4588 4541/4791/4590 4561/4814/4613 4560/4813/4612
f 4541/4791/4590 4542/4793/4592 4562/4815/4614 4561/4814/4613
f 4542/4793/4592 4543/4795/4594 4563/4816/4615 4562/4815/4614
f 4543/4795/4594 4544/4797/4596 4564/4817/4616 4563/4816/4615
f 4544/4797/4596 4525/4761/4560 4545/4799/4598 4564/4817/4616
f 4545/4799/4598 4546/4798/4597 4566/4818/4617 4565/4819/4618
f 4546/4798/4597 4547/4800/4599 4567/4820/4619 4566/4818/4617
f 4547/4800/4599 4548/4801/4600 4568/4821/4620 4567/4820/4619
f 4548/4801/4600 4549/4802/4601 4569/4822/4621 4568/4821/4620
f 4549/4802/4601 4550/4803/4602 4570/4823/4622 4569/4822/4621
f 4550/4803/4602 4551/4804/4603 4571/4824/4623 4570/4823/4622
f 4551/4804/4603 4552/4805/4604 4572/4825/4624 4571/4824/4623
f 4552/4805/4604 4553/4806/4605 4573/4826/4625 4572/4825/4624
f 4553/4806/4605 4554/4807/4606 4574/4827/4626 4573/4826/4625
f 4554/4807/4606 4555/4808/4607 4575/4828/4627 4574/4827/4626
f 4555/4808/4607 4556/4809/4608 4576/4829/4628 4575/4828/4627
f 4556/4809/4608 4557/4810/4609 4577/4830/4629 4576/4829/4628
f 4557/4810/4609 4558/4811/4610 4578/4831/4630 4577/4830/4629
f 4558/4811/4610 4559/4812/4611 4579/4832/4631 4578/4831/4630
f 4559/4812/4611 4560/4813/4612 4580/4833/4632 4579/4832/4631
f 4560/4813/4612 4561/4814/4613 4581/4834/4633 4580/4833/4632
f 4561/4814/4613 4562/4815/4614 4582/4835/4634 4581/4834/4633
f 4562/4815/4614 4563/4816/4615 4583/4836/4635 4582/4835/4634
f 4563/4816/4615 4564/4817/4616 4584/4837/4636 4583/4836/4635
f 4564/4817/4616 4545/4799/4598 4565/4819/4618 4584/4837/4636
f 4565/4819/4618 4566/4818/4617 4586/4838/4637 4585/4839/4638
f 4566/4818/4617 4567/4820/4619 4587/4840/4639 4586/4838/4637
f 4567/4820/4619 4568/4821/4620 4588/4841/4640 4587/4840/4639
f 4568/4821/4620 4569/4822/4621 4589/4842/4641 4588/4841/4640
f 4569/4822/4621 4570/4823/4622 4590/4843/4642 4589/4842/4641
f 4570/4823/4622 4571/4824/4623 4591/4844/4643 4590/4843/4642
f 4571/4824/4623 4572/4825/4624 4592/4845/4644 4591/4844/4643
f 4572/4825/4624 4573/4826/4625 4593/4846/4645 4592/4845/4644
f 4573/4826/4625 4574/4827/4626 4594/4847/4646 4593/4846/4645
f 4574/4827/4626 4575/4828/4627 4595/4848/4647 4594/4847/4646
f 4575/4828/4627 4576/4829/4628 4596/4849/4648 4595/4848/4647
f 4576/4829/4628 4577/4830/4629 4597/4850/4649 4596/4849/4648
f 4577/4830/4629 4578/4831/4630 4598/4851/4650 4597/4850/4649
f 4578/4831/4630 4579/4832/4631 4599/4852/4651 4598/4851/4650
f 4579/4832/4631 4580/4833/4632 4600/4853/4652 4599/4852/4651
f 4580/4833/4632 4581/4834/4633 4601/4854/4653 4600/4853/4652
f 4581/4834/4633 4582/4835/4634 4602/4855/4654 4601/4854/4653
f 4582/4835/4634 4583/4836/4635 4603/4856/4655 4602/4855/4654
f 4583/4836/4635 4584/4837/4636 4604/4857/4656 4603/4856/4655
f 4584/4837/4636 4565/4819/4618 4585/4839/4638 4604/4857/4656
f 4585/4839/4638 4586/4838/4637 4606/4858/4657 4605/4859/4658
f 4586/4838/4637 4587/4840/4639 4607/4860/4659 4606/4858/4657
f 4587/4840/4639 4588/4841/4640 4608/4861/4660 4607/4860/4659
f 4588/4841/4640 4589/4842/4641 4609/4862/4661 4608/4861/4660
f 4589/4842/4641 4590/4843/4642 4610/4863/4662 4609/4862/4661
f 4590/4843/4642 4591/4844/4643 4611/4864/4663 4610/4863/4662
f 4591/4844/4643 4592/4845/4644 4612/4865/4664 4611/4864/4663
f 4592/4845/4644 4593/4846/4645 4613/4866/4665 4612/4865/4664
f 4593/4846/4645 4594/4847/4646 4614/4867/4666 4613/4866/4665
f 4594/4847/4646 4595/4848/4647 4615/4868/4667 4614/4867/4666
f 4595/4848/4647 4596/4849/4648 4616/4869/4668 4615/4868/4667
f 4596/4849/4648 4597/4850/4649 4617/4870/4669 4616/4869/4668
f 4597/4850/4649 4598/4851/4650 4618/4871/4670 4617/4870/4669
f 4598/4851/4650 4599/4852/4651 4619/4872/4671 4618/4871/4670
f 4599/4852/4651 4600/4853/4652 4620/4873/4672 4619/4872/4671
f 4600/4853/4652 4601/4854/4653 4621/4874/4673 4620/4873/4672
f 4601/4854/4653 4602/4855/4654 4622/4875/4674 4621/4874/4673
f 4602/4855/4654 4603/4856/4655 4623/4876/4675 4622/4875/4674
f 4603/4856/4655 4604/4857/4656 4624/4877/4676 4623/4876/4675
f 4604/4857/4656 4585/4839/4638 4605/4859/4658 4624/4877/4676
f 4605/4859/4658 4606/4858/4657 4626/4878/4677 4625/4879/4678
f 4606/4858/4657 4607/4860/4659 4627/4880/4679 4626/4878/4677
f 4607/4860/4659 4608/4861/4660 4628/4881/4680 4627/4880/4679
f 4608/4861/4660 4609/4862/4661 4629/4882/4681 4628/4881/4680
f 4609/4862/4661 4610/4863/4662 4630/4883/4682 4629/4882/4681
f 4610/4863/4662 4611/4864/4663 4631/4884/4683 4630/4883/4682
f 4611/4864/4663 4612/4865/4664 4632/4885/4684 4631/4884/4683
f 4612/4865/4664 4613/4866/4665 4633/4886/4685 4632/4885/4684
f 4613/4866/4665 4614/4867/4666 4634/4887/4686 4633/4886/4685
f 4614/4867/4666 4615/4868/4667 4635/4888/4687 4634/4887/4686
f 4615/4868/4667 4616/4869/4668 4636/4889/4688 4635/4888/4687
f 4616/4869/4668 4617/4870/4669 4637/4890/4689 4636/4889/4688
f 4617/4870/4669 4618/4871/4670 4638/4891/4690 4637/4890/4689
f 4618/4871/4670 4619/4872/4671 4639/4892/4691 4638/4891/4690
f 4619/4872/4671 4620/4873/4672 4640/4893/4692 4639/4892/4691
f 4620/4873/4672 4621/4874/4673 4641/4894/4693 4640/4893/4692
f 4621/4874/4673 4622/4875/4674 4642/4895/4694 4641/4894/4693
f 4622/4875/4674 4623/4876/4675 4643/4896/4695 4642/4895/4694
f 4623/4876/4675 4624/4877/4676 4644/4897/4696 4643/4896/4695
f 4624/4877/4676 4605/4859/4658 4625/4879/4678 4644/4897/4696
f 4625/4879/4678 4626/4878/4677 4646/4898/4697 4645/4899/4698
f 4626/4878/4677 4627/4880/4679 4647/4900/4699 4646/4898/4697
f 4627/4880/4679 4628/4881/4680 4648/4901/4700 4647/4900/4699
f 4628/4881/4680 4629/4882/4681 4649/4902/4701 4648/4901/4700
f 4629/4882/4681 4630/4883/4682 4650/4903/4702 4649/4902/4701
f 4630/4883/4682 4631/4884/4683 4651/5158/4703 4650/4903/4702
f 4631/4884/4683 4632/4885/4684 4652/4905/4704 4651/4904/4703
f 4632/4885/4684 4633/4886/4685 4653/4906/4705 4652/4905/4704
f 4633/4886/4685 4634/4887/4686 4654/4907/4706 4653/4906/4705
f 4634/4887/4686 4635/4888/4687 4655/4908/4707 4654/4907/4706
f 4635/4888/4687 4636/4889/4688 4656/4909/4708 4655/4908/4707
f 4636/4889/4688 4637/4890/4689 4657/4910/4709 4656/4909/4708
f 4637/4890/4689 4638/4891/4690 4658/4911/4710 4657/4910/4709
f 4638/4891/4690 4639/4892/4691 4659/4912/4711 4658/4911/4710
f 4639/4892/4691 4640/4893/4692 4660/4913/4712 4659/4912/4711
f 4640/4893/4692 4641/4894/4693 4661/4914/4713 4660/4913/4712
f 4641/4894/4693 4642/4895/4694 4662/4915/4714 4661/4914/4713
f 4642/4895/4694 4643/4896/4695 4663/4916/4715 4662/4915/4714
f 4643/4896/4695 4644/4897/4696 4664/4917/4716 4663/4916/4715
f 4644/4897/4696 4625/4879/4678 4645/4899/4698 4664/4917/4716
f 4645/4899/4698 4646/4898/4697 4666/4918/4717 4665/4919/4718
f 4646/4898/4697 4647/4900/4699 4667/4920/4719 4666/4918/4717
f 4647/4900/4699 4648/4901/4700 4668/4921/4720 4667/4920/4719
f 4648/4901/4700 4649/4902/4701 4669/4922/4721 4668/4921/4720
f 4649/4902/4701 4650/4903/4702 4670/4923/4722 4669/4922/4721
f 4650/4903/4702 4651/5158/4703 4671/5157/4723 4670/4923/4722
f 4651/4904/4703 4652/4905/4704 4672/4925/4724 4671/4924/4723
f 4652/4905/4704 4653/4906/4705 4673/4926/4725 4672/4925/4724
f 4653/4906/4705 4654/4907/4706 4674/4927/4726 4673/4926/4725
f 4654/4907/4706 4655/4908/4707 4675/4928/4727 4674/4927/4726
f 4655/4908/4707 4656/4909/4708 4676/4929/4728 4675/4928/4727
f 4656/4909/4708 4657/4910/4709 4677/4930/4729 4676/4929/4728
f 4657/4910/4709 4658/4911/4710 4678/4931/4730 4677/4930/4729
f 4658/4911/4710 4659/4912/4711 4679/4932/4731 4678/4931/4730
f 4659/4912/4711 4660/4913/4712 4680/4933/4732 4679/4932/4731
f 4660/4913/4712 4661/4914/4713 4681/4934/4733 4680/4933/4732
f 4661/4914/4713 4662/4915/4714 4682/4935/4734 4681/4934/4733
f 4662/4915/4714 4663/4916/4715 4683/4936/4735 4682/4935/4734
f 4663/4916/4715 4664/4917/4716 4684/4937/4736 4683/4936/4735
f 4664/4917/4716 4645/4899/4698 4665/4919/4718 4684/4937/4736
f 4665/4919/4718 4666/4918/4717 4686/4938/4737 4685/4939/4738
f 4666/4918/4717 4667/4920/4719 4687/4940/4739 4686/4938/4737
f 4667/4920/4719 4668/4921/4720 4688/4941/4740 4687/4940/4739
f 4668/4921/4720 4669/4922/4721 4689/4942/4741 4688/4941/4740
f 4669/4922/4721 4670/4923/4722 4690/4943/4742 4689/4942/4741
f 4670/4923/4722 4671/5157/4723 4691/5156/4743 4690/4943/4742
f 4671/4924/4723 4672/4925/4724 4692/4945/4744 4691/4944/4743
f 4672/4925/4724 4673/4926/4725 4693/4946/4745 4692/4945/4744
f 4673/4926/4725 4674/4927/4726 4694/4947/4746 4693/4946/4745
f 4674/4927/4726 4675/4928/4727 4695/4948/4747 4694/4947/4746
f 4675/4928/4727 4676/4929/4728 4696/4949/4748 4695/4948/4747
f 4676/4929/4728 4677/4930/4729 4697/4950/4749 4696/4949/4748
f 4677/4930/4729 4678/4931/4730 4698/4951/4750 4697/4950/4749
f 4678/4931/4730 4679/4932/4731 4699/4952/4751 4698/4951/4750
f 4679/4932/4731 4680/4933/4732 4700/4953/4752 4699/4952/4751
f 4680/4933/4732 4681/4934/4733 4701/4954/4753 4700/4953/4752
f 4681/4934/4733 4682/4935/4734 4702/4955/4754 4701/4954/4753
f 4682/4935/4734 4683/4936/4735 4703/4956/4755 4702/4955/4754
f 4683/4936/4735 4684/4937/4736 4704/4957/4756 4703/4956/4755
f 4684/4937/4736 4665/4919/4718 4685/4939/4738 4704/4957/4756
f 4685/4939/4738 4686/4938/4737 4706/4958/4757 4705/4959/4758
f 4686/4938/4737 4687/4940/4739 4707/4960/4759 4706/4958/4757
f 4687/4940/4739 4688/4941/4740 4708/4961/4760 4707/4960/4759
f 4688/4941/4740 4689/4942/4741 4709/4962/4761 4708/4961/4760
f 4689/4942/4741 4690/4943/4742 4710/4963/4762 4709/4962/4761
f 4690/4943/4742 4691/5156/4743 4711/5155/4763 4710/4963/4762
f 4691/4944/4743 4692/4945/4744 4712/4965/4764 4711/4964/4763
f 4692/4945/4744 4693/4946/4745 4713/4966/4765 4712/4965/4764
f 4693/4946/4745 4694/4947/4746 4714/4967/4766 4713/4966/4765
f 4694/4947/4746 4695/4948/4747 4715/4968/4767 4714/4967/4766
f 4695/4948/4747 4696/4949/4748 4716/4969/4768 4715/4968/4767
f 4696/4949/4748 4697/4950/4749 4717/4970/4769 4716/4969/4768
f 4697/4950/4749 4698/4951/4750 4718/4971/4770 4717/4970/4769
f 4698/4951/4750 4699/4952/4751 4719/4972/4771 4718/4971/4770
f 4699/4952/4751 4700/4953/4752 4720/4973/4772 4719/4972/4771
f 4700/4953/4752 4701/4954/4753 4721/4974/4773 4720/4973/4772
f 4701/4954/4753 4702/4955/4754 4722/4975/4774 4721/4974/4773
f 4702/4955/4754 4703/4956/4755 4723/4976/4775 4722/4975/4774
f 4703/4956/4755 4704/4957/4756 4724/4977/4776 4723/4976/4775
f 4704/4957/4756 4685/4939/4738 4705/4959/4758 4724/4977/4776
f 4705/4959/4758 4706/4958/4757 4726/4978/4777 4725/4979/4778
f 4706/4958/4757 4707/4960/4759 4727/4980/4779 4726/4978/4777
f 4707/4960/4759 4708/4961/4760 4728/4981/4780 4727/4980/4779
f 4708/4961/4760 4709/4962/4761 4729/4982/4781 4728/4981/4780
f 4709/4962/4761 4710/4963/4762 4730/4983/4782 4729/4982/4781
f 4710/4963/4762 4711/5155/4763 4731/5154/4783 4730/4983/4782
f 4711/4964/4763 4712/4965/4764 4732/4985/4784 4731/4984/4783
f 4712/4965/4764 4713/4966/4765 4733/4986/4785 4732/4985/4784
f 4713/4966/4765 4714/4967/4766 4734/4987/4786 4733/4986/4785
f 4714/4967/4766 4715/4968/4767 4735/4988/4787 4734/4987/4786
f 4715/4968/4767 4716/4969/4768 4736/4989/4788 4735/4988/4787
f 4716/4969/4768 4717/4970/4769 4737/4990/4789 4736/4989/4788
f 4717/4970/4769 4718/4971/4770 4738/4991/4790 4737/4990/4789
f 4718/4971/4770 4719/4972/4771 4739/4992/4791 4738/4991/4790
f 4719/4972/4771 4720/4973/4772 4740/4993/4792 4739/4992/4791
f 4720/4973/4772 4721/4974/4773 4741/4994/4793 4740/4993/4792
f 4721/4974/4773 4722/4975/4774 4742/4995/4794 4741/4994/4793
f 4722/4975/4774 4723/4976/4775 4743/4996/4795 4742/4995/4794
f 4723/4976/4775 4724/4977/4776 4744/4997/4796 4743/4996/4795
f 4724/4977/4776 4705/4959/4758 4725/4979/4778 4744/4997/4796
f 4725/4979/4778 4726/4978/4777 4746/4998/4797 4745/4999/4798
f 4726/4978/4777 4727/4980/4779 4747/5000/4799 4746/4998/4797
f 4727/4980/4779 4728/4981/4780 4748/5001/4800 4747/5000/4799
f 4728/4981/4780 4729/4982/4781 4749/5002/4801 4748/5001/4800
f 4729/4982/4781 4730/4983/4782 4750/5003/4802 4749/5002/4801
f 4730/4983/4782 4731/5154/4783 4751/5153/4803 4750/5003/4802
f 4731/4984/4783 4732/4985/4784 4752/5005/4804 4751/5004/4803
f 4732/4985/4784 4733/4986/4785 4753/5006/4805 4752/5005/4804
f 4733/4986/4785 4734/4987/4786 4754/5007/4806 4753/5006/4805
f 4734/4987/4786 4735/4988/4787 4755/5008/4807 4754/5007/4806
f 4735/4988/4787 4736/4989/4788 4756/5009/4808 4755/5008/4807
f 4736/4989/4788 4737/4990/4789 4757/5010/4809 4756/5009/4808
f 4737/4990/4789 4738/4991/4790 4758/5011/4810 4757/5010/4809
f 4738/4991/4790 4739/4992/4791 4759/5012/4811 4758/5011/4810
f 4739/4992/4791 4740/4993/4792 4760/5013/4812 4759/5012/4811
f 4740/4993/4792 4741/4994/4793 4761/5014/4813 4760/5013/4812
f 4741/4994/4793 4742/4995/4794 4762/5015/4814 4761/5014/4813
f 4742/4995/4794 4743/4996/4795 4763/5016/4815 4762/5015/4814
f 4743/4996/4795 4744/4997/4796 4764/5017/4816 4763/5016/4815
f 4744/4997/4796 4725/4979/4778 4745/4999/4798 4764/5017/4816
f 4745/4999/4798 4746/4998/4797 4766/5018/4817 4765/5019/4818
f 4746/4998/4797 4747/5000/4799 4767/5020/4819 4766/5018/4817
f 4747/5000/4799 4748/5001/4800 4768/5021/4820 4767/5020/4819
f 4748/5001/4800 4749/5002/4801 4769/5022/4821 4768/5021/4820
f 4749/5002/4801 4750/5003/4802 4770/5023/4822 4769/5022/4821
f 4750/5003/4802 4751/5153/4803 4771/5152/4823 4770/5023/4822
f 4751/5004/4803 4752/5005/4804 4772/5025/4824 4771/5024/4823
f 4752/5005/4804 4753/5006/4805 4773/5026/4825 4772/5025/4824
f 4753/5006/4805 4754/5007/4806 4774/5027/4826 4773/5026/4825
f 4754/5007/4806 4755/5008/4807 4775/5028/4827 4774/5027/4826
f 4755/5008/4807 4756/5009/4808 4776/5029/4828 4775/5028/4827
f 4756/5009/4808 4757/5010/4809 4777/5030/4829 4776/5029/4828
f 4757/5010/4809 4758/5011/4810 4778/5031/4830 4777/5030/4829
f 4758/5011/4810 4759/5012/4811 4779/5032/4831 4778/5031/4830
f 4759/5012/4811 4760/5013/4812 4780/5033/4832 4779/5032/4831
f 4760/5013/4812 4761/5014/4813 4781/5034/4833 4780/5033/4832
f 4761/5014/4813 4762/5015/4814 4782/5151/4834 4781/5034/4833
f 4762/5015/4814 4763/5016/4815 4783/5036/4835 4782/5035/4834
f 4763/5016/4815 4764/5017/4816 4784/5037/4836 4783/5036/4835
f 4764/5017/4816 4745/4999/4798 4765/5019/4818 4784/5037/4836
f 4765/5019/4818 4766/5018/4817 4786/5038/4837 4785/5039/4838
f 4766/5018/4817 4767/5020/4819 4787/5040/4839 4786/5038/4837
f 4767/5020/4819 4768/5021/4820 4788/5041/4840 4787/5040/4839
f 4768/5021/4820 4769/5022/4821 4789/5042/4841 4788/5041/4840
f 4769/5022/4821 4770/5023/4822 4790/5043/4842 4789/5042/4841
f 4770/5023/4822 4771/5152/4823 4791/5150/4843 4790/5043/4842
f 4771/5024/4823 4772/5025/4824 4792/5045/4844 4791/5044/4843
f 4772/5025/4824 4773/5026/4825 4793/5046/4845 4792/5045/4844
f 4773/5026/4825 4774/5027/4826 4794/5047/4846 4793/5046/4845
f 4774/5027/4826 4775/5028/4827 4795/5048/4847 4794/5047/4846
f 4775/5028/4827 4776/5029/4828 4796/5049/4848 4795/5048/4847
f 4776/5029/4828 4777/5030/4829 4797/5050/4849 4796/5049/4848
f 4777/5030/4829 4778/5031/4830 4798/5051/4850 4797/5050/4849
f 4778/5031/4830 4779/5032/4831 4799/5052/4851 4798/5051/4850
f 4779/5032/4831 4780/5033/4832 4800/5053/4852 4799/5052/4851
f 4780/5033/4832 4781/5034/4833 4801/5054/4853 4800/5053/4852
f 4781/5034/4833 4782/5151/4834 4802/5149/4854 4801/5054/4853
f 4782/5035/4834 4783/5036/4835 4803/5056/4855 4802/5055/4854
f 4783/5036/4835 4784/5037/4836 4804/5057/4856 4803/5056/4855
f 4784/5037/4836 4765/5019/4818 4785/5039/4838 4804/5057/4856
f 4785/5039/4838 4786/5038/4837 4806/5058/4857 4805/5059/4858
f 4786/5038/4837 4787/5040/4839 4807/5060/4859 4806/5058/4857
f 4787/5040/4839 4788/5041/4840 4808/5061/4860 4807/5060/4859
f 4788/5041/4840 4789/5042/4841 4809/5062/4861 4808/5061/4860
f 4789/5042/4841 4790/5043/4842 4810/5063/4862 4809/5062/4861
f 4790/5043/4842 4791/5150/4843 4811/5148/4863 4810/5063/4862
f 4791/5044/4843 4792/5045/4844 4812/5065/4864 4811/5064/4863
f 4792/5045/4844 4793/5046/4845 4813/5066/4865 4812/5065/4864
f 4793/5046/4845 4794/5047/4846 4814/5067/4866 4813/5066/4865
f 4794/5047/4846 4795/5048/4847 4815/5068/4867 4814/5067/4866
f 4795/5048/4847 4796/5049/4848 4816/5069/4868 4815/5068/4867
f 4796/5049/4848 4797/5050/4849 4817/5070/4869 4816/5069/4868
f 4797/5050/4849 4798/5051/4850 4818/5071/4870 4817/5070/4869
f 4798/5051/4850 4799/5052/4851 4819/5072/4871 4818/5071/4870
f 4799/5052/4851 4800/5053/4852 4820/5073/4872 4819/5072/4871
f 4800/5053/4852 4801/5054/4853 4821/5074/4873 4820/5073/4872
f 4801/5054/4853 4802/5149/4854 4822/5147/4874 4821/5074/4873
f 4802/5055/4854 4803/5056/4855 4823/5076/4875 4822/5075/4874
f 4803/5056/4855 4804/5057/4856 4824/5077/4876 4823/5076/4875
f 4804/5057/4856 4785/5039/4838 4805/5059/4858 4824/5077/4876
f 4805/5059/4858 4806/5058/4857 4826/5078/4877 4825/5079/4878
f 4806/5058/4857 4807/5060/4859 4827/5080/4879 4826/5078/4877
f 4807/5060/4859 4808/5061/4860 4828/5081/4880 4827/5080/4879
f 4808/5061/4860 4809/5062/4861 4829/5082/4881 4828/5081/4880
f 4809/5062/4861 4810/5063/4862 4830/5083/4882 4829/5082/4881
f 4810/5063/4862 4811/5148/4863 4831/5146/4883 4830/5083/4882
f 4811/5064/4863 4812/5065/4864 4832/5085/4884 4831/5084/4883
f 4812/5065/4864 4813/5066/4865 4833/5086/4885 4832/5085/4884
f 4813/5066/4865 4814/5067/4866 4834/5087/4886 4833/5086/4885
f 4814/5067/4866 4815/5068/4867 4835/5088/4887 4834/5087/4886
f 4815/5068/4867 4816/5069/4868 4836/5089/4888 4835/5088/4887
f 4816/5069/4868 4817/5070/4869 4837/5090/4889 4836/5089/4888
f 4817/5070/4869 4818/5071/4870 4838/5091/4890 4837/5090/4889
f 4818/5071/4870 4819/5072/4871 4839/5092/4891 4838/5091/4890
f 4819/5072/4871 4820/5073/4872 4840/5093/4892 4839/5092/4891
f 4820/5073/4872 4821/5074/4873 4841/5094/4893 4840/5093/4892
f 4821/5074/4873 4822/5147/4874 4842/5145/4894 4841/5094/4893
f 4822/5075/4874 4823/5076/4875 4843/5096/4895 4842/5095/4894
f 4823/5076/4875 4824/5077/4876 4844/5097/4896 4843/5096/4895
f 4824/5077/4876 4805/5059/4858 4825/5079/4878 4844/5097/4896
f 4825/5079/4878 4826/5078/4877 4846/5098/4897 4845/5099/4898
f 4826/5078/4877 4827/5080/4879 4847/5100/4899 4846/5098/4897
f 4827/5080/4879 4828/5081/4880 4848/5101/4900 4847/5100/4899
f 4828/5081/4880 4829/5082/4881 4849/5102/4901 4848/5101/4900
f 4829/5082/4881 4830/5083/4882 4850/5103/4902 4849/5102/4901
f 4830/5083/4882 4831/5146/4883 4851/5144/4903 4850/5103/4902
f 4831/5084/4883 4832/5085/4884 4852/5105/4904 4851/5104/4903
f 4832/5085/4884 4833/5086/4885 4853/5106/4905 4852/5105/4904
f 4833/5086/4885 4834/5087/4886 4854/5107/4906 4853/5106/4905
f 4834/5087/4886 4835/5088/4887 4855/5108/4907 4854/5107/4906
f 4835/5088/4887 4836/5089/4888 4856/5109/4908 4855/5108/4907
f 4836/5089/4888 4837/5090/4889 4857/5110/4909 4856/5109/4908
f 4837/5090/4889 4838/5091/4890 4858/5111/4910 4857/5110/4909
f 4838/5091/4890 4839/5092/4891 4859/5112/4911 4858/5111/4910
f 4839/5092/4891 4840/5093/4892 4860/5113/4912 4859/5112/4911
f 4840/5093/4892 4841/5094/4893 4861/5114/4913 4860/5113/4912
f 4841/5094/4893 4842/5145/4894 4862/5143/4914 4861/5114/4913
f 4842/5095/4894 4843/5096/4895 4863/5116/4915 4862/5115/4914
f 4843/5096/4895 4844/5097/4896 4864/5117/4916 4863/5116/4915
f 4844/5097/4896 4825/5079/4878 4845/5099/4898 4864/5117/4916
f 4845/5099/4898 4846/5098/4897 4866/5118/4917 4865/5119/4918
f 4846/5098/4897 4847/5100/4899 4867/5120/4919 4866/5118/4917
f 4847/5100/4899 4848/5101/4900 4868/5121/4920 4867/5120/4919
f 4848/5101/4900 4849/5102/4901 4869/5122/4921 4868/5121/4920
f 4849/5102/4901 4850/5103/4902 4870/5123/4922 4869/5122/4921
f 4850/5103/4902 4851/5144/4903 4871/5142/4923 4870/5123/4922
f 4851/5104/4903 4852/5105/4904 4872/5125/4924 4871/5124/4923
f 4852/5105/4904 4853/5106/4905 4873/5126/4925 4872/5125/4924
f 4853/5106/4905 4854/5107/4906 4874/5127/4926 4873/5126/4925
f 4854/5107/4906 4855/5108/4907 4875/5128/4927 4874/5127/4926
f 4855/5108/4907 4856/5109/4908 4876/5129/4928 4875/5128/4927
f 4856/5109/4908 4857/5110/4909 4877/5130/4929 4876/5129/4928
f 4857/5110/4909 4858/5111/4910 4878/5131/4930 4877/5130/4929
f 4858/5111/4910 4859/5112/4911 4879/5132/4931 4878/5131/4930
f 4859/5112/4911 4860/5113/4912 4880/5133/4932 4879/5132/4931
f 4860/5113/4912 4861/5114/4913 4881/5134/4933 4880/5133/4932
f 4861/5114/4913 4862/5143/4914 4882/5140/4934 4881/5134/4933
f 4862/5115/4914 4863/5116/4915 4883/5136/4935 4882/5135/4934
f 4863/5116/4915 4864/5117/4916 4884/5137/4936 4883/5136/4935
f 4864/5117/4916 4845/5099/4898 4865/5119/4918 4884/5137/4936
f 4506/4759/4558 4505/4758/4557 4885/5138/4937
f 4507/4762/4561 4506/4759/4558 4885/5138/4937
f 4508/4764/4563 4507/4762/4561 4885/5138/4937
f 4509/4766/4565 4508/4764/4563 4885/5138/4937
f 4510/4768/4567 4509/4766/4565 4885/5138/4937
f 4511/4770/4569 4510/4768/4567 4885/5138/4937
f 4512/4772/4571 4511/4770/4569 4885/5138/4937
f 4513/4774/4573 4512/4772/4571 4885/5138/4937
f 4514/4776/4575 4513/4774/4573 4885/5138/4937
f 4515/4778/4577 4514/4776/4575 4885/5138/4937
f 4516/4780/4579 4515/4778/4577 4885/5138/4937
f 4517/4782/4581 4516/4780/4579 4885/5138/4937
f 4518/4784/4583 4517/4782/4581 4885/5138/4937
f 4519/4786/4585 4518/4784/4583 4885/5138/4937
f 4520/4788/4587 4519/4786/4585 4885/5138/4937
f 4521/4790/4589 4520/4788/4587 4885/5138/4937
f 4522/4792/4591 4521/4790/4589 4885/5138/4937
f 4523/4794/4593 4522/4792/4591 4885/5138/4937
f 4524/4796/4595 4523/4794/4593 4885/5138/4937
f 4505/4758/4557 4524/4796/4595 4885/5138/4937
f 4865/5119/4918 4866/5118/4917 4886/5139/4938
f 4866/5118/4917 4867/5120/4919 4886/5139/4938
f 4867/5120/4919 4868/5121/4920 4886/5139/4938
f 4868/5121/4920 4869/5122/4921 4886/5139/4938
f 4869/5122/4921 4870/5123/4922 4886/5139/4938
f 4870/5123/4922 4871/5142/4923 4886/5139/4938
f 4871/5124/4923 4872/5125/4924 4886/5141/4938
f 4872/5125/4924 4873/5126/4925 4886/5141/4938
f 4873/5126/4925 4874/5127/4926 4886/5141/4938
f 4874/5127/4926 4875/5128/4927 4886/5141/4938
f 4875/5128/4927 4876/5129/4928 4886/5141/4938
f 4876/5129/4928 4877/5130/4929 4886/5141/4938
f 4877/5130/4929 4878/5131/4930 4886/5141/4938
f 4878/5131/4930 4879/5132/4931 4886/5141/4938
f 4879/5132/4931 4880/5133/4932 4886/5141/4938
f 4880/5133/4932 4881/5134/4933 4886/5141/4938
f 4881/5134/4933 4882/5140/4934 4886/5141/4938
f 4882/5135/4934 4883/5136/4935 4886/5139/4938
f 4883/5136/4935 4884/5137/4936 4886/5139/4938
f 4884/5137/4936 4865/5119/4918 4886/5139/4938
g default
v -0.246824 1.876385 -0.042354
v -0.248860 1.874532 -0.062163
v -0.252729 1.883300 -0.042354
v -0.254878 1.881579 -0.062163
v -0.259074 1.891835 -0.042354
v -0.261340 1.890272 -0.062163
v -0.264422 1.900148 -0.042354
v -0.266783 1.898733 -0.062163
v -0.269251 1.908794 -0.042354
v -0.271694 1.907525 -0.062163
v -0.273562 1.917729 -0.042354
v -0.276075 1.916606 -0.062163
v -0.277362 1.926914 -0.042354
v -0.279935 1.925932 -0.062163
v -0.280659 1.936309 -0.042354
v -0.283280 1.935467 -0.062163
v -0.283462 1.945879 -0.042354
v -0.286123 1.945173 -0.062163
v -0.285782 1.955591 -0.042354
v -0.288475 1.955017 -0.062163
v -0.287631 1.965412 -0.042354
v -0.290348 1.964967 -0.062163
v -0.289021 1.975316 -0.042354
v -0.291755 1.974995 -0.062163
v -0.289964 1.985275 -0.042354
v -0.292709 1.985076 -0.062163
v -0.290472 1.995267 -0.042354
v -0.293224 1.995186 -0.062163
v -0.290559 2.005269 -0.042354
v -0.293312 2.005302 -0.062163
v -0.290238 2.015262 -0.042354
v -0.292987 2.015406 -0.062163
v -0.289518 2.025227 -0.042354
v -0.292260 2.025478 -0.062163
v -0.288414 2.035146 -0.042354
v -0.291144 2.035503 -0.062163
v -0.286992 2.044710 -0.042354
v -0.289708 2.045161 -0.062163
v -0.285024 2.055434 -0.042354
v -0.287723 2.055975 -0.062163
v -0.282857 2.065523 -0.042354
v -0.285541 2.066135 -0.062163
v -0.280442 2.075574 -0.042354
v -0.283112 2.076246 -0.062163
v -0.277824 2.085590 -0.042354
v -0.280481 2.086309 -0.062163
v -0.275043 2.095573 -0.042354
v -0.277690 2.096330 -0.062163
v -0.272140 2.105530 -0.042354
v -0.274779 2.106313 -0.062163
v -0.269149 2.115464 -0.042354
v -0.271782 2.116266 -0.062163
v -0.266304 2.124729 -0.042354
v -0.268934 2.125542 -0.062163
v -0.263126 2.134980 -0.042354
v -0.265756 2.135797 -0.062163
v -0.260086 2.144730 -0.042354
v -0.262712 2.145556 -0.062163
v -0.257038 2.154260 -0.042354
v -0.259656 2.155114 -0.062163
v -0.253495 2.164802 -0.042354
v -0.256095 2.165706 -0.062163
v -0.249987 2.174517 -0.042354
v -0.252564 2.175486 -0.062163
v -0.246209 2.184123 -0.042354
v -0.248754 2.185172 -0.062163
v -0.242103 2.193584 -0.042354
v -0.244606 2.194729 -0.062163
v -0.237614 2.202862 -0.042354
v -0.240064 2.204117 -0.062163
v -0.232694 2.211911 -0.042354
v -0.235078 2.213287 -0.062163
v -0.227304 2.220682 -0.042354
v -0.229607 2.222189 -0.062163
v -0.221413 2.229121 -0.042354
v -0.223622 2.230765 -0.062163
v -0.215469 2.236631 -0.042354
v -0.217576 2.238404 -0.062163
v -0.208194 2.244685 -0.042354
v -0.210171 2.246601 -0.062163
v -0.200868 2.251807 -0.042354
v -0.202741 2.253825 -0.062163
v -0.193245 2.258766 -0.042354
v -0.195097 2.260803 -0.062163
v -0.185446 2.266021 -0.042354
v -0.187355 2.268005 -0.062163
v -0.177679 2.273782 -0.042354
v -0.179651 2.275703 -0.062163
v -0.170760 2.280951 -0.042354
v -0.172742 2.282861 -0.062163
v -0.163457 2.288423 -0.042354
v -0.165403 2.290370 -0.062163
v -0.155925 2.295630 -0.042354
v -0.157771 2.297671 -0.062163
v -0.147477 2.302587 -0.042354
v -0.149102 2.304809 -0.062163
v -0.139012 2.307821 -0.042354
v -0.140247 2.310281 -0.062163
v -0.129104 2.311562 -0.042354
v -0.129795 2.314227 -0.062163
v -0.119169 2.313084 -0.042354
v -0.119313 2.315833 -0.062163
v -0.109247 2.312712 -0.042354
v -0.108912 2.315444 -0.062163
v -0.099398 2.310758 -0.042354
v -0.098682 2.313417 -0.062163
v -0.089697 2.307540 -0.042354
v -0.088697 2.310105 -0.062163
v -0.080227 2.303379 -0.042354
v -0.079025 2.305856 -0.062163
v -0.071068 2.298604 -0.042354
v -0.069734 2.301012 -0.062163
v -0.062867 2.293882 -0.042354
v -0.061461 2.296249 -0.062163
v -0.053120 2.288020 -0.042354
v -0.051704 2.290381 -0.062163
v -0.044225 2.282864 -0.042354
v -0.042897 2.285275 -0.062163
v -0.035269 2.278345 -0.042354
v -0.034136 2.280854 -0.062163
v -0.024960 2.274466 -0.042354
v -0.024176 2.277105 -0.062163
v -0.014570 2.272256 -0.042354
v -0.014218 2.274986 -0.062163
v -0.003867 2.271757 -0.042354
v -0.003957 2.274508 -0.062163
v 0.006742 2.272861 -0.042354
v 0.006276 2.275574 -0.062163
v -0.241181 1.881204 -0.043384
v -0.243217 1.879351 -0.063194
v -0.249079 1.886202 -0.063194
v -0.246930 1.887923 -0.043384
v -0.255242 1.894493 -0.063194
v -0.252976 1.896056 -0.043384
v -0.260424 1.902549 -0.063194
v -0.258062 1.903965 -0.043384
v -0.265113 1.910946 -0.063194
v -0.262669 1.912216 -0.043384
v -0.269305 1.919637 -0.063194
v -0.266792 1.920760 -0.043384
v -0.273005 1.928580 -0.063194
v -0.270433 1.929561 -0.043384
v -0.276219 1.937739 -0.063194
v -0.273598 1.938581 -0.043385
v -0.278954 1.947078 -0.063194
v -0.276293 1.947784 -0.043385
v -0.281220 1.956565 -0.063194
v -0.278527 1.957139 -0.043385
v -0.283027 1.966169 -0.063194
v -0.280311 1.966614 -0.043385
v -0.284387 1.975860 -0.063194
v -0.281653 1.976181 -0.043385
v -0.285310 1.985615 -0.063194
v -0.282564 1.985814 -0.043385
v -0.285808 1.995407 -0.063194
v -0.283057 1.995488 -0.043385
v -0.285894 2.005215 -0.063194
v -0.283141 2.005182 -0.043385
v -0.285578 2.015019 -0.063194
v -0.282828 2.014875 -0.043385
v -0.284872 2.024801 -0.063194
v -0.282130 2.024549 -0.043385
v -0.283786 2.034547 -0.063194
v -0.281057 2.034190 -0.043385
v -0.282389 2.043945 -0.063194
v -0.279673 2.043494 -0.043385
v -0.280446 2.054527 -0.063194
v -0.277747 2.053986 -0.043385
v -0.278306 2.064490 -0.063194
v -0.275622 2.063877 -0.043385
v -0.275915 2.074440 -0.063194
v -0.273245 2.073769 -0.043385
v -0.273317 2.084375 -0.063194
v -0.270660 2.083656 -0.043385
v -0.270554 2.094296 -0.063194
v -0.267907 2.093539 -0.043385
v -0.267664 2.104205 -0.063194
v -0.265025 2.103421 -0.043385
v -0.264683 2.114108 -0.063194
v -0.262049 2.113305 -0.043385
v -0.261844 2.123354 -0.063194
v -0.259213 2.122542 -0.043385
v -0.258670 2.133593 -0.063195
v -0.256041 2.132777 -0.043385
v -0.255636 2.143321 -0.063195
v -0.253010 2.142495 -0.043385
v -0.252605 2.152802 -0.063195
v -0.249987 2.151948 -0.043385
v -0.249089 2.163264 -0.063194
v -0.246488 2.162360 -0.043385
v -0.245621 2.172868 -0.063194
v -0.243044 2.171899 -0.043385
v -0.241898 2.182337 -0.063194
v -0.239353 2.181288 -0.043385
v -0.237863 2.191635 -0.063194
v -0.235359 2.190490 -0.043385
v -0.233464 2.200728 -0.063194
v -0.231014 2.199474 -0.043385
v -0.228657 2.209572 -0.063194
v -0.226273 2.208196 -0.043384
v -0.223404 2.218123 -0.063194
v -0.221100 2.216615 -0.043384
v -0.217670 2.226339 -0.063194
v -0.215462 2.224695 -0.043384
v -0.211913 2.233614 -0.063194
v -0.209807 2.231841 -0.043384
v -0.204831 2.241454 -0.063194
v -0.202855 2.239538 -0.043384
v -0.197653 2.248424 -0.063194
v -0.195780 2.246406 -0.043385
v -0.190068 2.255346 -0.063194
v -0.188216 2.253310 -0.043385
v -0.182206 2.262663 -0.063194
v -0.180296 2.260680 -0.043385
v -0.174359 2.270501 -0.063194
v -0.172387 2.268580 -0.043385
v -0.167419 2.277691 -0.063194
v -0.165436 2.275781 -0.043385
v -0.160185 2.285096 -0.063194
v -0.158239 2.283149 -0.043385
v -0.152848 2.292126 -0.063194
v -0.151001 2.290084 -0.043384
v -0.144792 2.298789 -0.063192
v -0.143167 2.296566 -0.043383
v -0.136986 2.303653 -0.063190
v -0.135750 2.301193 -0.043380
v -0.127922 2.307087 -0.063189
v -0.127231 2.304422 -0.043379
v -0.118890 2.308457 -0.063190
v -0.118745 2.305708 -0.043380
v -0.109772 2.308096 -0.063191
v -0.110108 2.305364 -0.043382
v -0.100572 2.306255 -0.063192
v -0.101288 2.303597 -0.043383
v -0.091358 2.303186 -0.063193
v -0.092358 2.300621 -0.043384
v -0.082233 2.299169 -0.063194
v -0.083434 2.296692 -0.043384
v -0.073301 2.294507 -0.063194
v -0.074635 2.292098 -0.043385
v -0.065225 2.289854 -0.063194
v -0.066630 2.287487 -0.043385
v -0.055477 2.283991 -0.063194
v -0.056893 2.281630 -0.043385
v -0.046429 2.278753 -0.063194
v -0.047757 2.276341 -0.043384
v -0.037115 2.274069 -0.063193
v -0.038247 2.271560 -0.043383
v -0.026255 2.270003 -0.063192
v -0.027039 2.267364 -0.043382
v -0.015163 2.267650 -0.063191
v -0.015515 2.264920 -0.043382
v -0.003745 2.267111 -0.063192
v -0.003655 2.264360 -0.043382
v 0.007045 2.268194 -0.063192
v 0.007511 2.265480 -0.043382
vt 0.200389 0.002813
vt 0.201902 0.002388
vt 0.202468 0.003743
vt 0.199740 0.003777
vt 0.202024 0.005638
vt 0.198783 0.004722
vt 0.201124 0.007274
vt 0.197845 0.005688
vt 0.199995 0.008777
vt 0.196811 0.006776
vt 0.198767 0.010187
vt 0.195706 0.007948
vt 0.197503 0.011544
vt 0.194553 0.009174
vt 0.196231 0.012873
vt 0.193367 0.010434
vt 0.194960 0.014190
vt 0.192160 0.011716
vt 0.193694 0.015502
vt 0.190936 0.013010
vt 0.192433 0.016815
vt 0.189707 0.014317
vt 0.191177 0.018128
vt 0.188471 0.015626
vt 0.189923 0.019443
vt 0.187230 0.016938
vt 0.188672 0.020758
vt 0.185987 0.018251
vt 0.187423 0.022073
vt 0.184743 0.019564
vt 0.186175 0.023388
vt 0.183499 0.020877
vt 0.184929 0.024702
vt 0.182257 0.022191
vt 0.183682 0.026015
vt 0.181012 0.023500
vt 0.182474 0.027285
vt 0.179808 0.024769
vt 0.181108 0.028722
vt 0.178446 0.026206
vt 0.179815 0.030081
vt 0.177155 0.027566
vt 0.178517 0.031445
vt 0.175860 0.028931
vt 0.177217 0.032812
vt 0.174561 0.030299
vt 0.175913 0.034182
vt 0.173259 0.031670
vt 0.174607 0.035553
vt 0.171954 0.033043
vt 0.173300 0.036926
vt 0.170648 0.034418
vt 0.172077 0.038209
vt 0.169425 0.035705
vt 0.170723 0.039631
vt 0.168070 0.037131
vt 0.169438 0.040986
vt 0.166781 0.038488
vt 0.168183 0.042311
vt 0.165521 0.039814
vt 0.166790 0.043782
vt 0.164124 0.041285
vt 0.165500 0.045146
vt 0.162830 0.042649
vt 0.164214 0.046507
vt 0.161540 0.044009
vt 0.162931 0.047866
vt 0.160254 0.045367
vt 0.161652 0.049223
vt 0.158972 0.046721
vt 0.160376 0.050578
vt 0.157694 0.048071
vt 0.159104 0.051932
vt 0.156419 0.049417
vt 0.157831 0.053283
vt 0.155146 0.050760
vt 0.156648 0.054531
vt 0.153968 0.052001
vt 0.155299 0.055947
vt 0.152633 0.053410
vt 0.154008 0.057271
vt 0.151368 0.054740
vt 0.152684 0.058619
vt 0.150069 0.056112
vt 0.151311 0.060030
vt 0.148706 0.057550
vt 0.149912 0.061496
vt 0.147290 0.059033
vt 0.148654 0.062826
vt 0.146015 0.060370
vt 0.147353 0.064216
vt 0.144690 0.061762
vt 0.146079 0.065598
vt 0.143382 0.063137
vt 0.144775 0.067044
vt 0.142030 0.064554
vt 0.143618 0.068329
vt 0.140848 0.065795
vt 0.142366 0.069671
vt 0.139622 0.067109
vt 0.141175 0.070928
vt 0.138447 0.068336
vt 0.139968 0.072167
vt 0.137278 0.069573
vt 0.138729 0.073435
vt 0.136073 0.070847
vt 0.137458 0.074742
vt 0.134825 0.072163
vt 0.136167 0.076082
vt 0.133546 0.073505
vt 0.134873 0.077431
vt 0.132258 0.074852
vt 0.133684 0.078672
vt 0.131074 0.076089
vt 0.132236 0.080174
vt 0.129642 0.077586
vt 0.130909 0.081542
vt 0.128337 0.078951
vt 0.129590 0.082895
vt 0.127047 0.080303
vt 0.128118 0.084392
vt 0.125622 0.081799
vt 0.126658 0.085845
vt 0.124225 0.083255
vt 0.125154 0.087300
vt 0.122745 0.084697
vt 0.117494 0.084677
vt 0.121049 0.085974
vt 0.199945 0.002558
vt 0.199126 0.002699
vt 0.203458 0.003158
vt 0.202068 0.000841
vt 0.197984 0.003546
vt 0.203367 0.005730
vt 0.196894 0.004575
vt 0.202422 0.007757
vt 0.195796 0.005714
vt 0.201202 0.009466
vt 0.194672 0.006922
vt 0.199902 0.010986
vt 0.193518 0.008175
vt 0.198590 0.012402
vt 0.192338 0.009454
vt 0.197286 0.013764
vt 0.191140 0.010750
vt 0.195995 0.015098
vt 0.189927 0.012057
vt 0.194717 0.016421
vt 0.188701 0.013364
vt 0.193449 0.017739
vt 0.187468 0.014676
vt 0.192188 0.019056
vt 0.186230 0.015990
vt 0.190932 0.020372
vt 0.184988 0.017304
vt 0.189679 0.021689
vt 0.183745 0.018618
vt 0.188428 0.023006
vt 0.182500 0.019931
vt 0.187178 0.024322
vt 0.181255 0.021242
vt 0.185930 0.025639
vt 0.180013 0.022556
vt 0.184681 0.026954
vt 0.178808 0.023829
vt 0.183471 0.028227
vt 0.177447 0.025266
vt 0.182103 0.029663
vt 0.176157 0.026627
vt 0.180809 0.031023
vt 0.174863 0.027992
vt 0.179512 0.032387
vt 0.173565 0.029360
vt 0.178211 0.033754
vt 0.172264 0.030731
vt 0.176908 0.035123
vt 0.170960 0.032104
vt 0.175603 0.036493
vt 0.169656 0.033478
vt 0.174297 0.037864
vt 0.168436 0.034764
vt 0.173076 0.039145
vt 0.167084 0.036187
vt 0.171725 0.040562
vt 0.165797 0.037540
vt 0.170445 0.041912
vt 0.164538 0.038864
vt 0.169192 0.043235
vt 0.163141 0.040334
vt 0.167802 0.044705
vt 0.161847 0.041697
vt 0.166513 0.046067
vt 0.160556 0.043057
vt 0.165227 0.047428
vt 0.159269 0.044414
vt 0.163945 0.048787
vt 0.157985 0.045767
vt 0.162666 0.050144
vt 0.156704 0.047117
vt 0.161389 0.051501
vt 0.155426 0.048464
vt 0.160115 0.052858
vt 0.154149 0.049807
vt 0.158839 0.054217
vt 0.152962 0.051056
vt 0.157652 0.055484
vt 0.151616 0.052473
vt 0.156279 0.056908
vt 0.150354 0.053823
vt 0.154974 0.058240
vt 0.149067 0.055198
vt 0.153653 0.059579
vt 0.147723 0.056622
vt 0.152299 0.060967
vt 0.146329 0.058088
vt 0.150921 0.062410
vt 0.145065 0.059411
vt 0.149680 0.063722
vt 0.143747 0.060789
vt 0.148393 0.065094
vt 0.142444 0.062148
vt 0.147132 0.066461
vt 0.141089 0.063548
vt 0.145836 0.067902
vt 0.139876 0.064798
vt 0.144663 0.069215
vt 0.138602 0.066120
vt 0.143397 0.070617
vt 0.137417 0.067394
vt 0.142147 0.071897
vt 0.136239 0.068655
vt 0.140913 0.073154
vt 0.135034 0.069940
vt 0.139665 0.074428
vt 0.133791 0.071258
vt 0.138394 0.075736
vt 0.132517 0.072598
vt 0.137105 0.077075
vt 0.131232 0.073944
vt 0.135812 0.078424
vt 0.130046 0.075183
vt 0.134619 0.079670
vt 0.128613 0.076683
vt 0.133165 0.081177
vt 0.127312 0.078052
vt 0.131831 0.082547
vt 0.126036 0.079397
vt 0.130509 0.083893
vt 0.124635 0.080873
vt 0.129042 0.085379
vt 0.123302 0.082276
vt 0.127612 0.086829
vt 0.122019 0.083651
vt 0.126127 0.088230
vt 0.120816 0.084747
vt 0.118029 0.083247
vt 0.123742 0.088676
vt 0.124773 0.089610
vt 0.119169 0.081421
vt 0.120511 0.079892
vt 0.121866 0.078453
vt 0.123269 0.076982
vt 0.124545 0.075644
vt 0.125849 0.074274
vt 0.127287 0.072766
vt 0.128475 0.071521
vt 0.129760 0.070172
vt 0.131033 0.068825
vt 0.132281 0.067495
vt 0.133502 0.066183
vt 0.134714 0.064880
vt 0.135954 0.063560
vt 0.137282 0.062179
vt 0.138538 0.060896
vt 0.139910 0.059500
vt 0.141207 0.058167
vt 0.142506 0.056819
vt 0.143743 0.055528
vt 0.145097 0.054102
vt 0.146403 0.052707
vt 0.147673 0.051339
vt 0.148942 0.049975
vt 0.150301 0.048533
vt 0.151500 0.047269
vt 0.152788 0.045915
vt 0.154076 0.044563
vt 0.155363 0.043211
vt 0.156651 0.041856
vt 0.157940 0.040499
vt 0.159232 0.039140
vt 0.160526 0.037779
vt 0.161921 0.036313
vt 0.163177 0.034994
vt 0.164457 0.033647
vt 0.165802 0.032231
vt 0.167016 0.030950
vt 0.168317 0.029579
vt 0.169616 0.028208
vt 0.170915 0.026838
vt 0.172211 0.025471
vt 0.173504 0.024106
vt 0.174793 0.022743
vt 0.176155 0.021303
vt 0.177363 0.020027
vt 0.178609 0.018710
vt 0.179856 0.017393
vt 0.181103 0.016076
vt 0.182348 0.014758
vt 0.183591 0.013439
vt 0.184832 0.012116
vt 0.186070 0.010789
vt 0.187307 0.009454
vt 0.188545 0.008109
vt 0.189794 0.006751
vt 0.191068 0.005379
vt 0.192399 0.004001
vt 0.193838 0.002642
vt 0.195469 0.001376
vt 0.197397 0.000377
vt 0.199842 0.000004
vn 0.752622 0.643918 -0.137586
vn 0.752622 0.643918 -0.137586
vn 0.775652 0.615966 -0.137658
vn 0.775659 0.615958 -0.137658
vn 0.813731 0.564706 -0.137653
vn 0.813726 0.564714 -0.137653
vn 0.849365 0.509539 -0.137657
vn 0.849363 0.509541 -0.137657
vn 0.878860 0.456786 -0.137662
vn 0.878860 0.456788 -0.137662
vn 0.904055 0.404644 -0.137654
vn 0.904054 0.404645 -0.137654
vn 0.925290 0.353400 -0.137649
vn 0.925289 0.353401 -0.137649
vn 0.942927 0.303217 -0.137651
vn 0.942927 0.303218 -0.137651
vn 0.957281 0.254292 -0.137654
vn 0.957281 0.254294 -0.137654
vn 0.968676 0.206681 -0.137655
vn 0.968676 0.206682 -0.137655
vn 0.977403 0.160417 -0.137656
vn 0.977403 0.160418 -0.137656
vn 0.983726 0.115479 -0.137654
vn 0.983725 0.115480 -0.137654
vn 0.987871 0.071847 -0.137654
vn 0.987871 0.071848 -0.137654
vn 0.990041 0.029491 -0.137657
vn 0.990041 0.029492 -0.137657
vn 0.990411 -0.011650 -0.137657
vn 0.990411 -0.011650 -0.137657
vn 0.989133 -0.051641 -0.137654
vn 0.989133 -0.051640 -0.137654
vn 0.986340 -0.090477 -0.137650
vn 0.986340 -0.090476 -0.137650
vn 0.982258 -0.127360 -0.137651
vn 0.982259 -0.127358 -0.137651
vn 0.976920 -0.163337 -0.137654
vn 0.976920 -0.163338 -0.137654
vn 0.971481 -0.193072 -0.137652
vn 0.971482 -0.193069 -0.137652
vn 0.965796 -0.219752 -0.137651
vn 0.965796 -0.219751 -0.137651
vn 0.960703 -0.241045 -0.137652
vn 0.960703 -0.241044 -0.137652
vn 0.956234 -0.258199 -0.137657
vn 0.956234 -0.258198 -0.137657
vn 0.952534 -0.271531 -0.137657
vn 0.952534 -0.271531 -0.137657
vn 0.949655 -0.281437 -0.137653
vn 0.949655 -0.281436 -0.137653
vn 0.947665 -0.288068 -0.137654
vn 0.947665 -0.288067 -0.137654
vn 0.946446 -0.292049 -0.137652
vn 0.946446 -0.292049 -0.137652
vn 0.945826 -0.294050 -0.137653
vn 0.945826 -0.294050 -0.137653
vn 0.944512 -0.298241 -0.137660
vn 0.944511 -0.298242 -0.137660
vn 0.941062 -0.308954 -0.137659
vn 0.941061 -0.308956 -0.137659
vn 0.935456 -0.325535 -0.137655
vn 0.935456 -0.325537 -0.137655
vn 0.926803 -0.349409 -0.137657
vn 0.926802 -0.349412 -0.137657
vn 0.915349 -0.378401 -0.137657
vn 0.915348 -0.378403 -0.137657
vn 0.900344 -0.412835 -0.137651
vn 0.900343 -0.412838 -0.137651
vn 0.881216 -0.452231 -0.137647
vn 0.881214 -0.452234 -0.137647
vn 0.857408 -0.495886 -0.137652
vn 0.857406 -0.495889 -0.137652
vn 0.828465 -0.542859 -0.137656
vn 0.828463 -0.542863 -0.137656
vn 0.795524 -0.590078 -0.137658
vn 0.795525 -0.590076 -0.137658
vn 0.754907 -0.641223 -0.137655
vn 0.754898 -0.641233 -0.137655
vn 0.713458 -0.687041 -0.137667
vn 0.713469 -0.687030 -0.137667
vn 0.678724 -0.721378 -0.137653
vn 0.678737 -0.721365 -0.137653
vn 0.671336 -0.728259 -0.137648
vn 0.671332 -0.728263 -0.137648
vn 0.687682 -0.712842 -0.137659
vn 0.687680 -0.712844 -0.137659
vn 0.705994 -0.694712 -0.137647
vn 0.705999 -0.694707 -0.137647
vn 0.710557 -0.690044 -0.137648
vn 0.710556 -0.690046 -0.137648
vn 0.697128 -0.703609 -0.137646
vn 0.697118 -0.703619 -0.137646
vn 0.658490 -0.739898 -0.137631
vn 0.658450 -0.739933 -0.137631
vn 0.582755 -0.800907 -0.137639
vn 0.582676 -0.800965 -0.137639
vn 0.437636 -0.888551 -0.137667
vn 0.437531 -0.888603 -0.137667
vn 0.254152 -0.957314 -0.137681
vn 0.254198 -0.957302 -0.137681
vn 0.054643 -0.988970 -0.137665
vn 0.054706 -0.988967 -0.137665
vn -0.118602 -0.983356 -0.137642
vn -0.118541 -0.983363 -0.137642
vn -0.255474 -0.956968 -0.137646
vn -0.255427 -0.956980 -0.137646
vn -0.357159 -0.923845 -0.137653
vn -0.357127 -0.923857 -0.137653
vn -0.429202 -0.892657 -0.137656
vn -0.429183 -0.892666 -0.137656
vn -0.475845 -0.868691 -0.137649
vn -0.475832 -0.868698 -0.137649
vn -0.503313 -0.853072 -0.137638
vn -0.503308 -0.853075 -0.137638
vn -0.503673 -0.852859 -0.137641
vn -0.503681 -0.852854 -0.137641
vn -0.470754 -0.871461 -0.137646
vn -0.470788 -0.871443 -0.137646
vn -0.393889 -0.908795 -0.137634
vn -0.393984 -0.908754 -0.137635
vn -0.277793 -0.950726 -0.137664
vn -0.277847 -0.950710 -0.137664
vn -0.126213 -0.982405 -0.137661
vn -0.126215 -0.982405 -0.137661
vn 0.024106 -0.990189 -0.137642
vn 0.024183 -0.990187 -0.137642
vn 0.098864 -0.985577 -0.137345
vn 0.098864 -0.985577 -0.137345
vn -0.753218 -0.643218 0.137598
vn -0.776132 -0.615360 0.137664
vn -0.776124 -0.615370 0.137664
vn -0.753218 -0.643218 0.137598
vn -0.813707 -0.564741 0.137654
vn -0.813713 -0.564733 0.137654
vn -0.849292 -0.509661 0.137653
vn -0.849294 -0.509659 0.137653
vn -0.878814 -0.456876 0.137659
vn -0.878815 -0.456875 0.137659
vn -0.904022 -0.404718 0.137652
vn -0.904023 -0.404716 0.137652
vn -0.925269 -0.353457 0.137646
vn -0.925269 -0.353455 0.137646
vn -0.942903 -0.303292 0.137650
vn -0.942904 -0.303290 0.137650
vn -0.957264 -0.254356 0.137657
vn -0.957264 -0.254355 0.137657
vn -0.968666 -0.206735 0.137651
vn -0.968666 -0.206733 0.137651
vn -0.977398 -0.160456 0.137651
vn -0.977398 -0.160455 0.137651
vn -0.983721 -0.115516 0.137656
vn -0.983721 -0.115515 0.137656
vn -0.987869 -0.071881 0.137652
vn -0.987869 -0.071880 0.137652
vn -0.990040 -0.029515 0.137655
vn -0.990040 -0.029515 0.137655
vn -0.990412 0.011624 0.137654
vn -0.990412 0.011625 0.137654
vn -0.989136 0.051595 0.137652
vn -0.989136 0.051595 0.137652
vn -0.986343 0.090440 0.137651
vn -0.986343 0.090441 0.137651
vn -0.982260 0.127350 0.137652
vn -0.982259 0.127352 0.137652
vn -0.976931 0.163266 0.137656
vn -0.976932 0.163265 0.137656
vn -0.971493 0.193011 0.137655
vn -0.971492 0.193014 0.137655
vn -0.965809 0.219695 0.137649
vn -0.965809 0.219697 0.137649
vn -0.960716 0.240989 0.137652
vn -0.960716 0.240990 0.137652
vn -0.956250 0.258141 0.137655
vn -0.956250 0.258142 0.137655
vn -0.952537 0.271523 0.137652
vn -0.952537 0.271524 0.137652
vn -0.949657 0.281432 0.137649
vn -0.949657 0.281433 0.137649
vn -0.947676 0.288033 0.137649
vn -0.947676 0.288034 0.137649
vn -0.946448 0.292040 0.137654
vn -0.946448 0.292040 0.137654
vn -0.945822 0.294063 0.137655
vn -0.945822 0.294063 0.137655
vn -0.944504 0.298264 0.137662
vn -0.944504 0.298263 0.137662
vn -0.941045 0.309005 0.137659
vn -0.941046 0.309004 0.137659
vn -0.935424 0.325629 0.137652
vn -0.935424 0.325627 0.137652
vn -0.926767 0.349505 0.137656
vn -0.926768 0.349503 0.137656
vn -0.915305 0.378507 0.137653
vn -0.915307 0.378504 0.137653
vn -0.900287 0.412960 0.137650
vn -0.900289 0.412956 0.137650
vn -0.881140 0.452376 0.137651
vn -0.881142 0.452372 0.137651
vn -0.857324 0.496033 0.137647
vn -0.857327 0.496029 0.137647
vn -0.828395 0.542968 0.137648
vn -0.828398 0.542965 0.137648
vn -0.795427 0.590212 0.137647
vn -0.795425 0.590213 0.137647
vn -0.754919 0.641208 0.137658
vn -0.754927 0.641198 0.137658
vn -0.713781 0.686705 0.137672
vn -0.713770 0.686716 0.137672
vn -0.679165 0.720963 0.137650
vn -0.679151 0.720976 0.137650
vn -0.671270 0.728320 0.137649
vn -0.671273 0.728316 0.137649
vn -0.687649 0.712873 0.137663
vn -0.687651 0.712871 0.137663
vn -0.706124 0.694580 0.137652
vn -0.706119 0.694585 0.137652
vn -0.710491 0.690114 0.137644
vn -0.710492 0.690112 0.137644
vn -0.696622 0.704112 0.137635
vn -0.696633 0.704102 0.137635
vn -0.656828 0.741374 0.137629
vn -0.656872 0.741335 0.137629
vn -0.578779 0.803783 0.137650
vn -0.578875 0.803714 0.137650
vn -0.434423 0.890128 0.137652
vn -0.434547 0.890068 0.137652
vn -0.253951 0.957373 0.137647
vn -0.253904 0.957385 0.137647
vn -0.057490 0.988812 0.137647
vn -0.057412 0.988816 0.137647
vn 0.115416 0.983734 0.137644
vn 0.115492 0.983725 0.137644
vn 0.253087 0.957602 0.137644
vn 0.253143 0.957587 0.137644
vn 0.355664 0.924422 0.137646
vn 0.355700 0.924408 0.137646
vn 0.428303 0.893090 0.137648
vn 0.428325 0.893079 0.137648
vn 0.475342 0.868968 0.137643
vn 0.475356 0.868960 0.137643
vn 0.503103 0.853195 0.137643
vn 0.503109 0.853192 0.137643
vn 0.503993 0.852669 0.137649
vn 0.503985 0.852674 0.137649
vn 0.472078 0.870743 0.137656
vn 0.472047 0.870760 0.137656
vn 0.396036 0.907860 0.137645
vn 0.395949 0.907898 0.137645
vn 0.279736 0.950155 0.137673
vn 0.279690 0.950168 0.137673
vn 0.126176 0.982408 0.137671
vn 0.126174 0.982409 0.137671
vn -0.028298 0.990077 0.137651
vn -0.028245 0.990078 0.137651
vn -0.102602 0.985198 0.137324
vn -0.102602 0.985198 0.137324
vn 0.649859 -0.760042 0.004351
vn 0.649859 -0.760042 0.004351
vn 0.649859 -0.760042 0.004351
vn 0.649859 -0.760042 0.004351
vn -0.104650 -0.089444 -0.990479
vn -0.107811 -0.085541 -0.990485
vn -0.107810 -0.085542 -0.990485
vn -0.104650 -0.089444 -0.990479
vn 0.107814 0.085542 0.990484
vn 0.104654 0.089450 0.990478
vn 0.104654 0.089450 0.990478
vn 0.107813 0.085543 0.990484
vn -0.113087 -0.078484 -0.990480
vn -0.113088 -0.078484 -0.990480
vn 0.113087 0.078481 0.990481
vn 0.113087 0.078481 0.990481
vn -0.118039 -0.070831 -0.990480
vn -0.118039 -0.070831 -0.990480
vn 0.118037 0.070828 0.990480
vn 0.118037 0.070828 0.990480
vn -0.122142 -0.063495 -0.990480
vn -0.122142 -0.063495 -0.990480
vn 0.122142 0.063495 0.990480
vn 0.122142 0.063495 0.990480
vn -0.125641 -0.056242 -0.990480
vn -0.125641 -0.056242 -0.990480
vn 0.125642 0.056243 0.990480
vn 0.125642 0.056242 0.990480
vn -0.128589 -0.049119 -0.990481
vn -0.128589 -0.049118 -0.990481
vn 0.128588 0.049115 0.990481
vn 0.128588 0.049114 0.990481
vn -0.131041 -0.042148 -0.990481
vn -0.131041 -0.042148 -0.990481
vn 0.131037 0.042144 0.990481
vn 0.131037 0.042144 0.990481
vn -0.133037 -0.035348 -0.990481
vn -0.133037 -0.035348 -0.990481
vn 0.133034 0.035347 0.990481
vn 0.133034 0.035347 0.990481
vn -0.134624 -0.028730 -0.990480
vn -0.134624 -0.028730 -0.990480
vn 0.134621 0.028729 0.990481
vn 0.134621 0.028729 0.990481
vn -0.135837 -0.022300 -0.990480
vn -0.135837 -0.022300 -0.990480
vn 0.135837 0.022300 0.990480
vn 0.135837 0.022300 0.990480
vn -0.136714 -0.016052 -0.990481
vn -0.136714 -0.016052 -0.990481
vn 0.136718 0.016052 0.990480
vn 0.136718 0.016052 0.990480
vn -0.137290 -0.009987 -0.990481
vn -0.137290 -0.009987 -0.990481
vn 0.137290 0.009987 0.990481
vn 0.137290 0.009987 0.990481
vn -0.137592 -0.004100 -0.990481
vn -0.137592 -0.004100 -0.990481
vn 0.137590 0.004097 0.990481
vn 0.137590 0.004096 0.990481
vn -0.137644 0.001618 -0.990480
vn -0.137644 0.001618 -0.990480
vn 0.137643 -0.001621 0.990481
vn 0.137643 -0.001621 0.990481
vn -0.137465 0.007173 -0.990481
vn -0.137465 0.007173 -0.990481
vn 0.137464 -0.007171 0.990481
vn 0.137464 -0.007171 0.990481
vn -0.137071 0.012570 -0.990481
vn -0.137071 0.012570 -0.990481
vn 0.137070 -0.012569 0.990482
vn 0.137070 -0.012569 0.990482
vn -0.136509 0.017695 -0.990481
vn -0.136509 0.017695 -0.990481
vn 0.136504 -0.017699 0.990481
vn 0.136504 -0.017699 0.990481
vn -0.135771 0.022691 -0.990480
vn -0.135771 0.022691 -0.990480
vn 0.135771 -0.022695 0.990480
vn 0.135771 -0.022695 0.990480
vn -0.135016 0.026828 -0.990480
vn -0.135016 0.026828 -0.990480
vn 0.135014 -0.026828 0.990480
vn 0.135014 -0.026828 0.990480
vn -0.134227 0.030536 -0.990480
vn -0.134227 0.030536 -0.990480
vn 0.134223 -0.030536 0.990481
vn 0.134223 -0.030536 0.990481
vn -0.133516 0.033495 -0.990481
vn -0.133516 0.033495 -0.990481
vn 0.133516 -0.033496 0.990480
vn 0.133516 -0.033496 0.990480
vn -0.132894 0.035878 -0.990481
vn -0.132894 0.035878 -0.990481
vn 0.132894 -0.035879 0.990481
vn 0.132894 -0.035879 0.990481
vn -0.132376 0.037736 -0.990481
vn -0.132376 0.037736 -0.990481
vn 0.132378 -0.037734 0.990481
vn 0.132378 -0.037734 0.990481
vn -0.131977 0.039111 -0.990481
vn -0.131977 0.039111 -0.990481
vn 0.131977 -0.039111 0.990481
vn 0.131977 -0.039111 0.990481
vn -0.131704 0.040028 -0.990481
vn -0.131704 0.040028 -0.990481
vn 0.131702 -0.040033 0.990481
vn 0.131702 -0.040033 0.990481
vn -0.131534 0.040586 -0.990481
vn -0.131534 0.040586 -0.990481
vn 0.131535 -0.040588 0.990480
vn 0.131535 -0.040588 0.990480
vn -0.131452 0.040867 -0.990480
vn -0.131452 0.040867 -0.990480
vn 0.131451 -0.040867 0.990480
vn 0.131451 -0.040867 0.990480
vn -0.131271 0.041451 -0.990480
vn -0.131271 0.041451 -0.990480
vn 0.131272 -0.041450 0.990479
vn 0.131272 -0.041450 0.990479
vn -0.130787 0.042947 -0.990480
vn -0.130787 0.042947 -0.990480
vn 0.130789 -0.042945 0.990480
vn 0.130789 -0.042945 0.990480
vn -0.130005 0.045252 -0.990480
vn -0.130005 0.045252 -0.990480
vn 0.130006 -0.045253 0.990480
vn 0.130006 -0.045253 0.990480
vn -0.128806 0.048568 -0.990480
vn -0.128806 0.048568 -0.990480
vn 0.128807 -0.048567 0.990480
vn 0.128807 -0.048567 0.990480
vn -0.127211 0.052602 -0.990480
vn -0.127211 0.052602 -0.990480
vn 0.127211 -0.052597 0.990480
vn 0.127211 -0.052597 0.990480
vn -0.125117 0.057390 -0.990481
vn -0.125117 0.057390 -0.990481
vn 0.125121 -0.057387 0.990480
vn 0.125121 -0.057386 0.990480
vn -0.122455 0.062862 -0.990481
vn -0.122455 0.062862 -0.990481
vn 0.122460 -0.062859 0.990481
vn 0.122460 -0.062859 0.990481
vn -0.119151 0.068930 -0.990481
vn -0.119151 0.068930 -0.990481
vn 0.119148 -0.068925 0.990481
vn 0.119148 -0.068925 0.990481
vn -0.115127 0.075456 -0.990481
vn -0.115128 0.075456 -0.990481
vn 0.115126 -0.075450 0.990481
vn 0.115126 -0.075449 0.990481
vn -0.110548 0.082018 -0.990481
vn -0.110549 0.082018 -0.990481
vn 0.110550 -0.082014 0.990481
vn 0.110550 -0.082013 0.990481
vn -0.104916 0.089113 -0.990480
vn -0.104916 0.089114 -0.990480
vn 0.104917 -0.089115 0.990480
vn 0.104917 -0.089115 0.990480
vn -0.099180 0.095441 -0.990482
vn -0.099180 0.095441 -0.990482
vn 0.099172 -0.095451 0.990482
vn 0.099172 -0.095452 0.990482
vn -0.094374 0.100219 -0.990479
vn -0.094374 0.100220 -0.990479
vn 0.094362 -0.100228 0.990480
vn 0.094362 -0.100228 0.990480
vn -0.093296 0.101217 -0.990480
vn -0.093296 0.101217 -0.990480
vn 0.093298 -0.101215 0.990480
vn 0.093298 -0.101215 0.990480
vn -0.095562 0.099061 -0.990482
vn -0.095562 0.099061 -0.990482
vn 0.095562 -0.099062 0.990482
vn 0.095562 -0.099062 0.990482
vn -0.098130 0.096537 -0.990480
vn -0.098130 0.096537 -0.990480
vn 0.098126 -0.096540 0.990480
vn 0.098126 -0.096540 0.990480
vn -0.098741 0.095910 -0.990480
vn -0.098741 0.095910 -0.990480
vn 0.098741 -0.095904 0.990481
vn 0.098741 -0.095904 0.990481
vn -0.096832 0.097841 -0.990480
vn -0.096833 0.097840 -0.990480
vn 0.096839 -0.097828 0.990481
vn 0.096839 -0.097827 0.990481
vn -0.091358 0.102998 -0.990477
vn -0.091362 0.102995 -0.990477
vn 0.091390 -0.102966 0.990478
vn 0.091394 -0.102962 0.990478
vn -0.080589 0.111615 -0.990478
vn -0.080601 0.111606 -0.990479
vn 0.080690 -0.111538 0.990479
vn 0.080705 -0.111527 0.990479
vn -0.060459 0.123609 -0.990488
vn -0.060475 0.123601 -0.990488
vn 0.060538 -0.123563 0.990489
vn 0.060558 -0.123553 0.990488
vn -0.035293 0.132992 -0.990489
vn -0.035291 0.132992 -0.990489
vn 0.035294 -0.132983 0.990490
vn 0.035292 -0.132983 0.990490
vn -0.007890 0.137418 -0.990482
vn -0.007876 0.137419 -0.990482
vn 0.007826 -0.137417 0.990482
vn 0.007810 -0.137418 0.990482
vn 0.016153 0.136703 -0.990480
vn 0.016166 0.136701 -0.990480
vn -0.016230 -0.136698 0.990480
vn -0.016245 -0.136696 0.990480
vn 0.035258 0.133061 -0.990481
vn 0.035266 0.133059 -0.990481
vn -0.035316 -0.133054 0.990479
vn -0.035325 -0.133052 0.990479
vn 0.049479 0.128453 -0.990481
vn 0.049483 0.128451 -0.990481
vn -0.049516 -0.128445 0.990480
vn -0.049521 -0.128444 0.990480
vn 0.059555 0.124102 -0.990481
vn 0.059556 0.124102 -0.990481
vn -0.059576 -0.124095 0.990480
vn -0.059578 -0.124094 0.990480
vn 0.066081 0.120754 -0.990481
vn 0.066081 0.120754 -0.990481
vn -0.066091 -0.120748 0.990481
vn -0.066092 -0.120748 0.990481
vn 0.069928 0.118566 -0.990481
vn 0.069928 0.118566 -0.990481
vn -0.069933 -0.118565 0.990481
vn -0.069933 -0.118565 0.990481
vn 0.070033 0.118507 -0.990480
vn 0.070033 0.118507 -0.990480
vn -0.070025 -0.118513 0.990480
vn -0.070026 -0.118513 0.990480
vn 0.065561 0.121041 -0.990480
vn 0.065563 0.121040 -0.990480
vn -0.065534 -0.121055 0.990480
vn -0.065536 -0.121054 0.990480
vn 0.054965 0.126211 -0.990479
vn 0.054972 0.126208 -0.990480
vn -0.054916 -0.126236 0.990479
vn -0.054923 -0.126232 0.990479
vn 0.038795 0.132054 -0.990483
vn 0.038802 0.132052 -0.990483
vn -0.038749 -0.132071 0.990483
vn -0.038758 -0.132069 0.990483
vn 0.017539 0.136514 -0.990483
vn 0.017539 0.136514 -0.990483
vn -0.017540 -0.136514 0.990483
vn -0.017540 -0.136514 0.990483
vn -0.003662 0.137457 -0.990501
vn -0.003676 0.137456 -0.990501
vn 0.003631 -0.137450 0.990502
vn 0.003646 -0.137450 0.990502
vn -0.014014 0.136959 -0.990478
vn -0.014014 0.136959 -0.990478
vn 0.994450 0.104821 -0.009028
vn 0.994450 0.104821 -0.009028
vn 0.994450 0.104821 -0.009028
vn 0.994450 0.104821 -0.009028
vn 0.014010 -0.136948 0.990479
vn 0.014010 -0.136948 0.990479
s 1
g group3 sweep1
usemtl initialShadingGroup
f 5015/5159/4939 5016/5160/4940 5017/5161/4941 5018/5162/4942
f 5018/5162/4942 5017/5161/4941 5019/5163/4943 5020/5164/4944
f 5020/5164/4944 5019/5163/4943 5021/5165/4945 5022/5166/4946
f 5022/5166/4946 5021/5165/4945 5023/5167/4947 5024/5168/4948
f 5024/5168/4948 5023/5167/4947 5025/5169/4949 5026/5170/4950
f 5026/5170/4950 5025/5169/4949 5027/5171/4951 5028/5172/4952
f 5028/5172/4952 5027/5171/4951 5029/5173/4953 5030/5174/4954
f 5030/5174/4954 5029/5173/4953 5031/5175/4955 5032/5176/4956
f 5032/5176/4956 5031/5175/4955 5033/5177/4957 5034/5178/4958
f 5034/5178/4958 5033/5177/4957 5035/5179/4959 5036/5180/4960
f 5036/5180/4960 5035/5179/4959 5037/5181/4961 5038/5182/4962
f 5038/5182/4962 5037/5181/4961 5039/5183/4963 5040/5184/4964
f 5040/5184/4964 5039/5183/4963 5041/5185/4965 5042/5186/4966
f 5042/5186/4966 5041/5185/4965 5043/5187/4967 5044/5188/4968
f 5044/5188/4968 5043/5187/4967 5045/5189/4969 5046/5190/4970
f 5046/5190/4970 5045/5189/4969 5047/5191/4971 5048/5192/4972
f 5048/5192/4972 5047/5191/4971 5049/5193/4973 5050/5194/4974
f 5050/5194/4974 5049/5193/4973 5051/5195/4975 5052/5196/4976
f 5052/5196/4976 5051/5195/4975 5053/5197/4977 5054/5198/4978
f 5054/5198/4978 5053/5197/4977 5055/5199/4979 5056/5200/4980
f 5056/5200/4980 5055/5199/4979 5057/5201/4981 5058/5202/4982
f 5058/5202/4982 5057/5201/4981 5059/5203/4983 5060/5204/4984
f 5060/5204/4984 5059/5203/4983 5061/5205/4985 5062/5206/4986
f 5062/5206/4986 5061/5205/4985 5063/5207/4987 5064/5208/4988
f 5064/5208/4988 5063/5207/4987 5065/5209/4989 5066/5210/4990
f 5066/5210/4990 5065/5209/4989 5067/5211/4991 5068/5212/4992
f 5068/5212/4992 5067/5211/4991 5069/5213/4993 5070/5214/4994
f 5070/5214/4994 5069/5213/4993 5071/5215/4995 5072/5216/4996
f 5072/5216/4996 5071/5215/4995 5073/5217/4997 5074/5218/4998
f 5074/5218/4998 5073/5217/4997 5075/5219/4999 5076/5220/5000
f 5076/5220/5000 5075/5219/4999 5077/5221/5001 5078/5222/5002
f 5078/5222/5002 5077/5221/5001 5079/5223/5003 5080/5224/5004
f 5080/5224/5004 5079/5223/5003 5081/5225/5005 5082/5226/5006
f 5082/5226/5006 5081/5225/5005 5083/5227/5007 5084/5228/5008
f 5084/5228/5008 5083/5227/5007 5085/5229/5009 5086/5230/5010
f 5086/5230/5010 5085/5229/5009 5087/5231/5011 5088/5232/5012
f 5088/5232/5012 5087/5231/5011 5089/5233/5013 5090/5234/5014
f 5090/5234/5014 5089/5233/5013 5091/5235/5015 5092/5236/5016
f 5092/5236/5016 5091/5235/5015 5093/5237/5017 5094/5238/5018
f 5094/5238/5018 5093/5237/5017 5095/5239/5019 5096/5240/5020
f 5096/5240/5020 5095/5239/5019 5097/5241/5021 5098/5242/5022
f 5098/5242/5022 5097/5241/5021 5099/5243/5023 5100/5244/5024
f 5100/5244/5024 5099/5243/5023 5101/5245/5025 5102/5246/5026
f 5102/5246/5026 5101/5245/5025 5103/5247/5027 5104/5248/5028
f 5104/5248/5028 5103/5247/5027 5105/5249/5029 5106/5250/5030
f 5106/5250/5030 5105/5249/5029 5107/5251/5031 5108/5252/5032
f 5108/5252/5032 5107/5251/5031 5109/5253/5033 5110/5254/5034
f 5110/5254/5034 5109/5253/5033 5111/5255/5035 5112/5256/5036
f 5112/5256/5036 5111/5255/5035 5113/5257/5037 5114/5258/5038
f 5114/5258/5038 5113/5257/5037 5115/5259/5039 5116/5260/5040
f 5116/5260/5040 5115/5259/5039 5117/5261/5041 5118/5262/5042
f 5118/5262/5042 5117/5261/5041 5119/5263/5043 5120/5264/5044
f 5120/5264/5044 5119/5263/5043 5121/5265/5045 5122/5266/5046
f 5122/5266/5046 5121/5265/5045 5123/5267/5047 5124/5268/5048
f 5124/5268/5048 5123/5267/5047 5125/5269/5049 5126/5270/5050
f 5126/5270/5050 5125/5269/5049 5127/5271/5051 5128/5272/5052
f 5128/5272/5052 5127/5271/5051 5129/5273/5053 5130/5274/5054
f 5130/5274/5054 5129/5273/5053 5131/5275/5055 5132/5276/5056
f 5132/5276/5056 5131/5275/5055 5133/5277/5057 5134/5278/5058
f 5134/5278/5058 5133/5277/5057 5135/5279/5059 5136/5280/5060
f 5136/5280/5060 5135/5279/5059 5137/5281/5061 5138/5282/5062
f 5138/5282/5062 5137/5281/5061 5139/5283/5063 5140/5284/5064
f 5140/5284/5064 5139/5283/5063 5141/5415/5065 5142/5286/5066
s 2
f 4887/5287/5067 4889/5288/5068 4890/5478/5069 4888/5290/5070
f 4889/5288/5068 4891/5291/5071 4892/5477/5072 4890/5478/5069
f 4891/5291/5071 4893/5293/5073 4894/5476/5074 4892/5477/5072
f 4893/5293/5073 4895/5295/5075 4896/5475/5076 4894/5476/5074
f 4895/5295/5075 4897/5297/5077 4898/5474/5078 4896/5475/5076
f 4897/5297/5077 4899/5299/5079 4900/5473/5080 4898/5474/5078
f 4899/5299/5079 4901/5301/5081 4902/5472/5082 4900/5473/5080
f 4901/5301/5081 4903/5303/5083 4904/5471/5084 4902/5472/5082
f 4903/5303/5083 4905/5305/5085 4906/5470/5086 4904/5471/5084
f 4905/5305/5085 4907/5307/5087 4908/5469/5088 4906/5470/5086
f 4907/5307/5087 4909/5309/5089 4910/5468/5090 4908/5469/5088
f 4909/5309/5089 4911/5311/5091 4912/5467/5092 4910/5468/5090
f 4911/5311/5091 4913/5313/5093 4914/5466/5094 4912/5467/5092
f 4913/5313/5093 4915/5315/5095 4916/5465/5096 4914/5466/5094
f 4915/5315/5095 4917/5317/5097 4918/5464/5098 4916/5465/5096
f 4917/5317/5097 4919/5319/5099 4920/5463/5100 4918/5464/5098
f 4919/5319/5099 4921/5321/5101 4922/5462/5102 4920/5463/5100
f 4921/5321/5101 4923/5323/5103 4924/5461/5104 4922/5462/5102
f 4923/5323/5103 4925/5325/5105 4926/5460/5106 4924/5461/5104
f 4925/5325/5105 4927/5327/5107 4928/5459/5108 4926/5460/5106
f 4927/5327/5107 4929/5329/5109 4930/5458/5110 4928/5459/5108
f 4929/5329/5109 4931/5331/5111 4932/5457/5112 4930/5458/5110
f 4931/5331/5111 4933/5333/5113 4934/5456/5114 4932/5457/5112
f 4933/5333/5113 4935/5335/5115 4936/5455/5116 4934/5456/5114
f 4935/5335/5115 4937/5337/5117 4938/5454/5118 4936/5455/5116
f 4937/5337/5117 4939/5339/5119 4940/5453/5120 4938/5454/5118
f 4939/5339/5119 4941/5341/5121 4942/5452/5122 4940/5453/5120
f 4941/5341/5121 4943/5343/5123 4944/5451/5124 4942/5452/5122
f 4943/5343/5123 4945/5345/5125 4946/5450/5126 4944/5451/5124
f 4945/5345/5125 4947/5347/5127 4948/5449/5128 4946/5450/5126
f 4947/5347/5127 4949/5349/5129 4950/5448/5130 4948/5449/5128
f 4949/5349/5129 4951/5351/5131 4952/5447/5132 4950/5448/5130
f 4951/5351/5131 4953/5353/5133 4954/5446/5134 4952/5447/5132
f 4953/5353/5133 4955/5355/5135 4956/5445/5136 4954/5446/5134
f 4955/5355/5135 4957/5357/5137 4958/5444/5138 4956/5445/5136
f 4957/5357/5137 4959/5359/5139 4960/5443/5140 4958/5444/5138
f 4959/5359/5139 4961/5361/5141 4962/5442/5142 4960/5443/5140
f 4961/5361/5141 4963/5363/5143 4964/5441/5144 4962/5442/5142
f 4963/5363/5143 4965/5365/5145 4966/5440/5146 4964/5441/5144
f 4965/5365/5145 4967/5367/5147 4968/5439/5148 4966/5440/5146
f 4967/5367/5147 4969/5369/5149 4970/5438/5150 4968/5439/5148
f 4969/5369/5149 4971/5371/5151 4972/5437/5152 4970/5438/5150
f 4971/5371/5151 4973/5373/5153 4974/5436/5154 4972/5437/5152
f 4973/5373/5153 4975/5375/5155 4976/5435/5156 4974/5436/5154
f 4975/5375/5155 4977/5377/5157 4978/5434/5158 4976/5435/5156
f 4977/5377/5157 4979/5379/5159 4980/5433/5160 4978/5434/5158
f 4979/5379/5159 4981/5381/5161 4982/5432/5162 4980/5433/5160
f 4981/5381/5161 4983/5383/5163 4984/5431/5164 4982/5432/5162
f 4983/5383/5163 4985/5385/5165 4986/5430/5166 4984/5431/5164
f 4985/5385/5165 4987/5387/5167 4988/5429/5168 4986/5430/5166
f 4987/5387/5167 4989/5389/5169 4990/5428/5170 4988/5429/5168
f 4989/5389/5169 4991/5391/5171 4992/5427/5172 4990/5428/5170
f 4991/5391/5171 4993/5393/5173 4994/5426/5174 4992/5427/5172
f 4993/5393/5173 4995/5395/5175 4996/5425/5176 4994/5426/5174
f 4995/5395/5175 4997/5397/5177 4998/5424/5178 4996/5425/5176
f 4997/5397/5177 4999/5399/5179 5000/5423/5180 4998/5424/5178
f 4999/5399/5179 5001/5401/5181 5002/5422/5182 5000/5423/5180
f 5001/5401/5181 5003/5403/5183 5004/5421/5184 5002/5422/5182
f 5003/5403/5183 5005/5405/5185 5006/5420/5186 5004/5421/5184
f 5005/5405/5185 5007/5407/5187 5008/5419/5188 5006/5420/5186
f 5007/5407/5187 5009/5409/5189 5010/5418/5190 5008/5419/5188
f 5009/5409/5189 5011/5411/5191 5012/5417/5192 5010/5418/5190
f 5011/5411/5191 5013/5413/5193 5014/5414/5194 5012/5417/5192
s off
f 4887/5287/5195 4888/5290/5196 5016/5160/5197 5015/5159/5198
s 3
f 4888/5290/5199 4890/5289/5200 5017/5161/5201 5016/5160/5202
s 4
f 4889/5288/5203 4887/5287/5204 5015/5159/5205 5018/5162/5206
s 3
f 4890/5289/5200 4892/5292/5207 5019/5163/5208 5017/5161/5201
s 4
f 4891/5291/5209 4889/5288/5203 5018/5162/5206 5020/5164/5210
s 3
f 4892/5292/5207 4894/5294/5211 5021/5165/5212 5019/5163/5208
s 4
f 4893/5293/5213 4891/5291/5209 5020/5164/5210 5022/5166/5214
s 3
f 4894/5294/5211 4896/5296/5215 5023/5167/5216 5021/5165/5212
s 4
f 4895/5295/5217 4893/5293/5213 5022/5166/5214 5024/5168/5218
s 3
f 4896/5296/5215 4898/5298/5219 5025/5169/5220 5023/5167/5216
s 4
f 4897/5297/5221 4895/5295/5217 5024/5168/5218 5026/5170/5222
s 3
f 4898/5298/5219 4900/5300/5223 5027/5171/5224 5025/5169/5220
s 4
f 4899/5299/5225 4897/5297/5221 5026/5170/5222 5028/5172/5226
s 3
f 4900/5300/5223 4902/5302/5227 5029/5173/5228 5027/5171/5224
s 4
f 4901/5301/5229 4899/5299/5225 5028/5172/5226 5030/5174/5230
s 3
f 4902/5302/5227 4904/5304/5231 5031/5175/5232 5029/5173/5228
s 4
f 4903/5303/5233 4901/5301/5229 5030/5174/5230 5032/5176/5234
s 3
f 4904/5304/5231 4906/5306/5235 5033/5177/5236 5031/5175/5232
s 4
f 4905/5305/5237 4903/5303/5233 5032/5176/5234 5034/5178/5238
s 3
f 4906/5306/5235 4908/5308/5239 5035/5179/5240 5033/5177/5236
s 4
f 4907/5307/5241 4905/5305/5237 5034/5178/5238 5036/5180/5242
s 3
f 4908/5308/5239 4910/5310/5243 5037/5181/5244 5035/5179/5240
s 4
f 4909/5309/5245 4907/5307/5241 5036/5180/5242 5038/5182/5246
s 3
f 4910/5310/5243 4912/5312/5247 5039/5183/5248 5037/5181/5244
s 4
f 4911/5311/5249 4909/5309/5245 5038/5182/5246 5040/5184/5250
s 3
f 4912/5312/5247 4914/5314/5251 5041/5185/5252 5039/5183/5248
s 4
f 4913/5313/5253 4911/5311/5249 5040/5184/5250 5042/5186/5254
s 3
f 4914/5314/5251 4916/5316/5255 5043/5187/5256 5041/5185/5252
s 4
f 4915/5315/5257 4913/5313/5253 5042/5186/5254 5044/5188/5258
s 3
f 4916/5316/5255 4918/5318/5259 5045/5189/5260 5043/5187/5256
s 4
f 4917/5317/5261 4915/5315/5257 5044/5188/5258 5046/5190/5262
s 3
f 4918/5318/5259 4920/5320/5263 5047/5191/5264 5045/5189/5260
s 4
f 4919/5319/5265 4917/5317/5261 5046/5190/5262 5048/5192/5266
s 3
f 4920/5320/5263 4922/5322/5267 5049/5193/5268 5047/5191/5264
s 4
f 4921/5321/5269 4919/5319/5265 5048/5192/5266 5050/5194/5270
s 3
f 4922/5322/5267 4924/5324/5271 5051/5195/5272 5049/5193/5268
s 4
f 4923/5323/5273 4921/5321/5269 5050/5194/5270 5052/5196/5274
s 3
f 4924/5324/5271 4926/5326/5275 5053/5197/5276 5051/5195/5272
s 4
f 4925/5325/5277 4923/5323/5273 5052/5196/5274 5054/5198/5278
s 3
f 4926/5326/5275 4928/5328/5279 5055/5199/5280 5053/5197/5276
s 4
f 4927/5327/5281 4925/5325/5277 5054/5198/5278 5056/5200/5282
s 3
f 4928/5328/5279 4930/5330/5283 5057/5201/5284 5055/5199/5280
s 4
f 4929/5329/5285 4927/5327/5281 5056/5200/5282 5058/5202/5286
s 3
f 4930/5330/5283 4932/5332/5287 5059/5203/5288 5057/5201/5284
s 4
f 4931/5331/5289 4929/5329/5285 5058/5202/5286 5060/5204/5290
s 3
f 4932/5332/5287 4934/5334/5291 5061/5205/5292 5059/5203/5288
s 4
f 4933/5333/5293 4931/5331/5289 5060/5204/5290 5062/5206/5294
s 3
f 4934/5334/5291 4936/5336/5295 5063/5207/5296 5061/5205/5292
s 4
f 4935/5335/5297 4933/5333/5293 5062/5206/5294 5064/5208/5298
s 3
f 4936/5336/5295 4938/5338/5299 5065/5209/5300 5063/5207/5296
s 4
f 4937/5337/5301 4935/5335/5297 5064/5208/5298 5066/5210/5302
s 3
f 4938/5338/5299 4940/5340/5303 5067/5211/5304 5065/5209/5300
s 4
f 4939/5339/5305 4937/5337/5301 5066/5210/5302 5068/5212/5306
s 3
f 4940/5340/5303 4942/5342/5307 5069/5213/5308 5067/5211/5304
s 4
f 4941/5341/5309 4939/5339/5305 5068/5212/5306 5070/5214/5310
s 3
f 4942/5342/5307 4944/5344/5311 5071/5215/5312 5069/5213/5308
s 4
f 4943/5343/5313 4941/5341/5309 5070/5214/5310 5072/5216/5314
s 3
f 4944/5344/5311 4946/5346/5315 5073/5217/5316 5071/5215/5312
s 4
f 4945/5345/5317 4943/5343/5313 5072/5216/5314 5074/5218/5318
s 3
f 4946/5346/5315 4948/5348/5319 5075/5219/5320 5073/5217/5316
s 4
f 4947/5347/5321 4945/5345/5317 5074/5218/5318 5076/5220/5322
s 3
f 4948/5348/5319 4950/5350/5323 5077/5221/5324 5075/5219/5320
s 4
f 4949/5349/5325 4947/5347/5321 5076/5220/5322 5078/5222/5326
s 3
f 4950/5350/5323 4952/5352/5327 5079/5223/5328 5077/5221/5324
s 4
f 4951/5351/5329 4949/5349/5325 5078/5222/5326 5080/5224/5330
s 3
f 4952/5352/5327 4954/5354/5331 5081/5225/5332 5079/5223/5328
s 4
f 4953/5353/5333 4951/5351/5329 5080/5224/5330 5082/5226/5334
s 3
f 4954/5354/5331 4956/5356/5335 5083/5227/5336 5081/5225/5332
s 4
f 4955/5355/5337 4953/5353/5333 5082/5226/5334 5084/5228/5338
s 3
f 4956/5356/5335 4958/5358/5339 5085/5229/5340 5083/5227/5336
s 4
f 4957/5357/5341 4955/5355/5337 5084/5228/5338 5086/5230/5342
s 3
f 4958/5358/5339 4960/5360/5343 5087/5231/5344 5085/5229/5340
s 4
f 4959/5359/5345 4957/5357/5341 5086/5230/5342 5088/5232/5346
s 3
f 4960/5360/5343 4962/5362/5347 5089/5233/5348 5087/5231/5344
s 4
f 4961/5361/5349 4959/5359/5345 5088/5232/5346 5090/5234/5350
s 3
f 4962/5362/5347 4964/5364/5351 5091/5235/5352 5089/5233/5348
s 4
f 4963/5363/5353 4961/5361/5349 5090/5234/5350 5092/5236/5354
s 3
f 4964/5364/5351 4966/5366/5355 5093/5237/5356 5091/5235/5352
s 4
f 4965/5365/5357 4963/5363/5353 5092/5236/5354 5094/5238/5358
s 3
f 4966/5366/5355 4968/5368/5359 5095/5239/5360 5093/5237/5356
s 4
f 4967/5367/5361 4965/5365/5357 5094/5238/5358 5096/5240/5362
s 3
f 4968/5368/5359 4970/5370/5363 5097/5241/5364 5095/5239/5360
s 4
f 4969/5369/5365 4967/5367/5361 5096/5240/5362 5098/5242/5366
s 3
f 4970/5370/5363 4972/5372/5367 5099/5243/5368 5097/5241/5364
s 4
f 4971/5371/5369 4969/5369/5365 5098/5242/5366 5100/5244/5370
s 3
f 4972/5372/5367 4974/5374/5371 5101/5245/5372 5099/5243/5368
s 4
f 4973/5373/5373 4971/5371/5369 5100/5244/5370 5102/5246/5374
s 3
f 4974/5374/5371 4976/5376/5375 5103/5247/5376 5101/5245/5372
s 4
f 4975/5375/5377 4973/5373/5373 5102/5246/5374 5104/5248/5378
s 3
f 4976/5376/5375 4978/5378/5379 5105/5249/5380 5103/5247/5376
s 4
f 4977/5377/5381 4975/5375/5377 5104/5248/5378 5106/5250/5382
s 3
f 4978/5378/5379 4980/5380/5383 5107/5251/5384 5105/5249/5380
s 4
f 4979/5379/5385 4977/5377/5381 5106/5250/5382 5108/5252/5386
s 3
f 4980/5380/5383 4982/5382/5387 5109/5253/5388 5107/5251/5384
s 4
f 4981/5381/5389 4979/5379/5385 5108/5252/5386 5110/5254/5390
s 3
f 4982/5382/5387 4984/5384/5391 5111/5255/5392 5109/5253/5388
s 4
f 4983/5383/5393 4981/5381/5389 5110/5254/5390 5112/5256/5394
s 3
f 4984/5384/5391 4986/5386/5395 5113/5257/5396 5111/5255/5392
s 4
f 4985/5385/5397 4983/5383/5393 5112/5256/5394 5114/5258/5398
s 3
f 4986/5386/5395 4988/5388/5399 5115/5259/5400 5113/5257/5396
s 4
f 4987/5387/5401 4985/5385/5397 5114/5258/5398 5116/5260/5402
s 3
f 4988/5388/5399 4990/5390/5403 5117/5261/5404 5115/5259/5400
s 4
f 4989/5389/5405 4987/5387/5401 5116/5260/5402 5118/5262/5406
s 3
f 4990/5390/5403 4992/5392/5407 5119/5263/5408 5117/5261/5404
s 4
f 4991/5391/5409 4989/5389/5405 5118/5262/5406 5120/5264/5410
s 3
f 4992/5392/5407 4994/5394/5411 5121/5265/5412 5119/5263/5408
s 4
f 4993/5393/5413 4991/5391/5409 5120/5264/5410 5122/5266/5414
s 3
f 4994/5394/5411 4996/5396/5415 5123/5267/5416 5121/5265/5412
s 4
f 4995/5395/5417 4993/5393/5413 5122/5266/5414 5124/5268/5418
s 3
f 4996/5396/5415 4998/5398/5419 5125/5269/5420 5123/5267/5416
s 4
f 4997/5397/5421 4995/5395/5417 5124/5268/5418 5126/5270/5422
s 3
f 4998/5398/5419 5000/5400/5423 5127/5271/5424 5125/5269/5420
s 4
f 4999/5399/5425 4997/5397/5421 5126/5270/5422 5128/5272/5426
s 3
f 5000/5400/5423 5002/5402/5427 5129/5273/5428 5127/5271/5424
s 4
f 5001/5401/5429 4999/5399/5425 5128/5272/5426 5130/5274/5430
s 3
f 5002/5402/5427 5004/5404/5431 5131/5275/5432 5129/5273/5428
s 4
f 5003/5403/5433 5001/5401/5429 5130/5274/5430 5132/5276/5434
s 3
f 5004/5404/5431 5006/5406/5435 5133/5277/5436 5131/5275/5432
s 4
f 5005/5405/5437 5003/5403/5433 5132/5276/5434 5134/5278/5438
s 3
f 5006/5406/5435 5008/5408/5439 5135/5279/5440 5133/5277/5436
s 4
f 5007/5407/5441 5005/5405/5437 5134/5278/5438 5136/5280/5442
s 3
f 5008/5408/5439 5010/5410/5443 5137/5281/5444 5135/5279/5440
s 4
f 5009/5409/5445 5007/5407/5441 5136/5280/5442 5138/5282/5446
s 3
f 5010/5410/5443 5012/5412/5447 5139/5283/5448 5137/5281/5444
s 4
f 5011/5411/5449 5009/5409/5445 5138/5282/5446 5140/5284/5450
s 3
f 5012/5412/5447 5014/5416/5451 5141/5415/5452 5139/5283/5448
s off
f 5014/5414/5453 5013/5413/5454 5142/5286/5455 5141/5285/5456
s 4
f 5013/5413/5457 5011/5411/5449 5140/5284/5450 5142/5286/5458
