# This file uses centimeters as units for non-parametric coordinates.

mtllib tornadoobj.mtl
g default
v -0.757796 0.000000 1.606967
v -0.224125 0.000000 1.762485
v 0.331482 0.000000 1.745481
v 0.854643 0.000000 1.557619
v 1.294143 0.000000 1.217284
v 1.606966 0.000000 0.757795
v 1.762485 0.000000 0.224125
v 1.745481 0.000000 -0.331482
v 1.557619 0.000000 -0.854643
v 1.217284 0.000000 -1.294143
v 0.757795 0.000000 -1.606966
v 0.224125 0.000000 -1.762484
v -0.331482 0.000000 -1.745480
v -0.854643 0.000000 -1.557619
v -1.294143 0.000000 -1.217283
v -1.606966 0.000000 -0.757795
v -1.762484 0.000000 -0.224125
v -1.745481 0.000000 0.331482
v -1.557619 0.000000 0.854643
v -1.217284 0.000000 1.294143
v -3.978999 11.129603 3.176129
v -2.802784 11.129603 4.250259
v -1.352196 11.129603 4.908336
v 0.230741 11.129603 5.085958
v 1.791100 11.129603 4.765735
v 3.176133 11.129603 3.979002
v 4.250258 11.129603 2.802788
v 4.908339 11.129603 1.352196
v 5.085961 11.129603 -0.230740
v 4.765738 11.129603 -1.791100
v 3.979004 11.129603 -3.176132
v 2.802785 11.129603 -4.250261
v 1.352197 11.129603 -4.908342
v -0.230745 11.129603 -5.085966
v -1.791095 11.129603 -4.765733
v -3.176127 11.129603 -3.978999
v -4.250256 11.129603 -2.802786
v -4.908341 11.129603 -1.352194
v -5.085952 11.129603 0.230739
v -4.765727 11.129603 1.791095
v -3.294400 10.283810 -2.707928
v -2.296365 10.283810 -3.593419
v -1.073551 10.283810 -4.127159
v 0.254359 10.283810 -4.256908
v 1.557370 10.283810 -3.969960
v 2.707926 10.283810 -3.294405
v 3.593419 10.283810 -2.296369
v 4.127157 10.283810 -1.073553
v 4.256905 10.283810 0.254358
v 3.969963 10.283810 1.557365
v 3.294402 10.283810 2.707931
v 2.296366 10.283810 3.593417
v 1.073548 10.283810 4.127154
v -0.254358 10.283810 4.256910
v -1.557371 10.283810 3.969957
v -2.707926 10.283810 3.294400
v -3.593417 10.283810 2.296364
v -4.127157 10.283810 1.073550
v -4.256905 10.283810 -0.254362
v -3.969963 10.283810 -1.557366
v -3.458877 9.645307 -0.806594
v -3.040031 9.645308 -1.835647
v -2.323635 9.645308 -2.684975
v -1.379808 9.645308 -3.271429
v -0.300951 9.645308 -3.537604
v 0.807319 9.645308 -3.457414
v 1.836516 9.645308 -3.038712
v 2.685896 9.645308 -2.322481
v 3.272318 9.645308 -1.378833
v 3.538378 9.645308 -0.300144
v 3.458035 9.645308 0.807983
v 3.039171 9.645308 1.837068
v 2.322787 9.645308 2.686365
v 1.379006 9.645308 3.272758
v 0.300195 9.645308 3.538847
v -0.808037 9.645308 3.458598
v -1.837216 9.645308 3.039870
v -2.686608 9.645308 2.323665
v -3.273070 9.645308 1.380076
v -3.539175 9.645308 0.301466
v -2.929861 9.150705 0.802270
v -3.026176 9.150706 -0.140782
v -2.835767 9.150706 -1.043026
v -2.366731 9.150706 -1.868166
v -1.679968 9.150706 -2.499155
v -0.818541 9.150706 -2.896632
v 0.122925 9.150706 -3.008505
v 1.067882 9.150706 -2.817943
v 1.891566 9.150706 -2.350230
v 2.530013 9.150706 -1.650530
v 2.920701 9.150706 -0.787370
v 3.023907 9.150706 0.181689
v 2.824127 9.150706 1.108764
v 2.346423 9.150706 1.930978
v 1.639707 9.150706 2.564109
v 0.772373 9.150706 2.948302
v -0.190711 9.150706 3.044818
v -1.115855 9.150706 2.840319
v -1.916327 9.150706 2.372403
v -2.548032 9.150706 1.666903
v -1.986368 8.721461 1.854531
v -2.376960 8.721461 1.209632
v -2.575096 8.721461 0.473615
v -2.559282 8.721461 -0.303181
v -2.316653 8.721461 -1.060443
v -1.850639 8.721461 -1.728939
v -1.188191 8.721461 -2.235408
v -0.381928 8.721461 -2.514149
v 0.491427 8.721461 -2.516925
v 1.306517 8.721461 -2.240304
v 2.005825 8.721461 -1.697345
v 2.491115 8.721461 -0.946790
v 2.703008 8.721461 -0.071562
v 2.614886 8.721461 0.827008
v 2.239859 8.721461 1.641609
v 1.630855 8.721461 2.280626
v 0.870469 8.721461 2.680593
v 0.053616 8.721461 2.816441
v -0.747724 8.721461 2.696092
v -1.428293 8.721461 2.365348
v -0.926498 8.304993 2.399398
v -1.358524 8.304993 2.033146
v -1.696735 8.304993 1.575724
v -1.938287 8.304993 1.036526
v -2.063101 8.304993 0.425617
v -2.036255 8.304993 -0.250810
v -1.800069 8.304993 -0.956143
v -1.328390 8.304993 -1.581234
v -0.623576 8.304993 -2.033192
v 0.246476 8.304993 -2.200720
v 1.133929 8.304993 -2.023254
v 1.910505 8.304993 -1.505439
v 2.436800 8.304993 -0.735508
v 2.644657 8.304993 0.157346
v 2.534700 8.304993 1.026511
v 2.140826 8.304993 1.796256
v 1.556439 8.304993 2.354290
v 0.899424 8.304993 2.665110
v 0.239203 8.304993 2.754722
v -0.394095 8.304993 2.653214
v 0.144651 7.870280 2.569084
v -0.234544 7.870279 2.360708
v -0.541445 7.870279 2.082185
v -0.814157 7.870279 1.750354
v -1.072869 7.870279 1.364105
v -1.330949 7.870279 0.882007
v -1.516846 7.870279 0.273839
v -1.510692 7.870279 -0.466142
v -1.178953 7.870279 -1.230129
v -0.477997 7.870279 -1.821681
v 0.461813 7.870279 -2.039394
v 1.421813 7.870279 -1.812479
v 2.191087 7.870279 -1.210829
v 2.649175 7.870279 -0.381831
v 2.762155 7.870279 0.528924
v 2.585741 7.870279 1.319231
v 2.172572 7.870279 1.984505
v 1.671382 7.870279 2.404340
v 1.102856 7.870279 2.638224
v 0.595275 7.870279 2.673507
v 1.063920 7.399669 2.417745
v 0.693733 7.399669 2.326120
v 0.376913 7.399669 2.143423
v 0.090320 7.399669 1.902218
v -0.185577 7.399669 1.625227
v -0.504824 7.399669 1.311228
v -0.862949 7.399669 0.919732
v -1.196474 7.399669 0.363445
v -1.316438 7.399669 -0.401043
v -1.030062 7.399669 -1.218271
v -0.315738 7.399669 -1.830994
v 0.635418 7.399669 -2.030373
v 1.581615 7.399669 -1.778321
v 2.322728 7.399669 -1.166780
v 2.746554 7.399669 -0.393831
v 2.862576 7.399669 0.453152
v 2.720123 7.399669 1.180928
v 2.382666 7.399669 1.778824
v 1.954557 7.399669 2.169935
v 1.506648 7.399669 2.369637
v 1.747708 6.887969 2.047251
v 1.323610 6.887969 2.185495
v 0.907656 6.887969 2.190404
v 0.548503 6.887969 2.078579
v 0.215256 6.887969 1.892931
v -0.101230 6.887969 1.653086
v -0.440770 6.887969 1.366284
v -0.799911 6.887969 1.007635
v -1.134592 6.887969 0.514345
v -1.313585 6.887969 -0.148567
v -1.181617 6.887969 -0.898837
v -0.684658 6.887969 -1.550164
v 0.095747 6.887969 -1.921667
v 0.992682 6.887969 -1.911252
v 1.807803 6.887969 -1.527077
v 2.381099 6.887969 -0.907522
v 2.684478 6.887969 -0.130965
v 2.712129 6.887969 0.596559
v 2.510449 6.887969 1.254202
v 2.177170 6.887969 1.722181
v 2.273154 6.359773 1.702487
v 1.870746 6.359773 2.098295
v 1.412159 6.359773 2.330000
v 0.982168 6.359773 2.384612
v 0.632419 6.359773 2.284365
v 0.341048 6.359773 2.078786
v 0.087121 6.359773 1.814255
v -0.175724 6.359773 1.525372
v -0.459530 6.359773 1.215336
v -0.754223 6.359773 0.851301
v -0.997725 6.359773 0.385518
v -1.090563 6.359773 -0.219457
v -0.897201 6.359773 -0.905606
v -0.321919 6.359773 -1.502818
v 0.542169 6.359773 -1.764761
v 1.445744 6.359773 -1.591219
v 2.165929 6.359773 -1.062530
v 2.590780 6.359773 -0.339585
v 2.711832 6.359773 0.423850
v 2.588562 6.359773 1.108170
v 2.776324 5.829792 0.716383
v 2.577924 5.829792 1.303827
v 2.252066 5.829792 1.739652
v 1.892058 5.829792 1.976472
v 1.500328 5.829792 2.073885
v 1.141073 5.829792 2.025893
v 0.822417 5.829792 1.872394
v 0.520889 5.829792 1.658201
v 0.224123 5.829792 1.413017
v -0.078163 5.829792 1.141693
v -0.396643 5.829792 0.823360
v -0.720778 5.829792 0.400506
v -0.923670 5.829792 -0.204937
v -0.794450 5.829792 -0.931088
v -0.256681 5.829792 -1.543835
v 0.539177 5.829792 -1.825249
v 1.386748 5.829792 -1.712191
v 2.084384 5.829792 -1.293375
v 2.565069 5.829792 -0.655155
v 2.784695 5.829792 0.045043
v 2.456687 5.299811 -0.823011
v 2.605439 5.299811 -0.251760
v 2.575163 5.299811 0.269180
v 2.402234 5.299811 0.714413
v 2.126993 5.299811 1.047295
v 1.794600 5.299811 1.251355
v 1.422835 5.299811 1.353529
v 1.041698 5.299811 1.356061
v 0.653106 5.299811 1.287736
v 0.253106 5.299811 1.163423
v -0.166813 5.299811 0.978476
v -0.600044 5.299811 0.689236
v -0.967352 5.299811 0.226453
v -1.122956 5.299811 -0.410170
v -0.960834 5.299811 -1.093027
v -0.488089 5.299811 -1.655231
v 0.179431 5.299811 -1.970935
v 0.908487 5.299811 -2.003680
v 1.581915 5.299811 -1.776857
v 2.113192 5.299811 -1.355235
v 1.178031 4.769830 -1.752282
v 1.604202 4.769830 -1.399768
v 1.878418 4.769830 -0.969743
v 2.009748 4.769830 -0.485043
v 1.992380 4.769830 -0.010900
v 1.845039 4.769830 0.413974
v 1.587055 4.769830 0.775333
v 1.241501 4.769830 1.052897
v 0.832384 4.769830 1.234730
v 0.374745 4.769830 1.314180
v -0.108911 4.769830 1.274889
v -0.591174 4.769830 1.096244
v -1.018552 4.769830 0.761733
v -1.323478 4.769830 0.276934
v -1.437942 4.769830 -0.304922
v -1.326091 4.769830 -0.908477
v -0.999588 4.769830 -1.434378
v -0.509704 4.769830 -1.806911
v 0.067459 4.769830 -1.982245
v 0.652756 4.769830 -1.955979
v 0.103767 4.239849 -1.721600
v 0.618810 4.239849 -1.635461
v 1.077093 4.239849 -1.394416
v 1.435663 4.239849 -1.029272
v 1.666272 4.239849 -0.573191
v 1.745298 4.239849 -0.078615
v 1.669745 4.239849 0.407872
v 1.453562 4.239849 0.837090
v 1.117177 4.239849 1.182134
v 0.694530 4.239849 1.413323
v 0.221547 4.239849 1.512503
v -0.265381 4.239849 1.468575
v -0.720748 4.239849 1.279249
v -1.104728 4.239849 0.952463
v -1.370317 4.239849 0.521235
v -1.494024 4.239849 0.015668
v -1.452076 4.239849 -0.514492
v -1.240084 4.239849 -1.004813
v -0.880311 4.239849 -1.393411
v -0.421931 4.239849 -1.637645
v -0.376471 3.709867 -1.291969
v 0.118935 3.709867 -1.423244
v 0.635977 3.709867 -1.380456
v 1.112893 3.709867 -1.166356
v 1.492541 3.709867 -0.807285
v 1.733082 3.709867 -0.348649
v 1.813728 3.709867 0.151258
v 1.732639 3.709867 0.645517
v 1.509150 3.709867 1.072975
v 1.177694 3.709867 1.398284
v 0.767189 3.709867 1.607019
v 0.316518 3.709867 1.682306
v -0.117214 3.709867 1.621410
v -0.521593 3.709867 1.437552
v -0.860120 3.709867 1.145256
v -1.106444 3.709867 0.764440
v -1.237334 3.709867 0.323218
v -1.235447 3.709867 -0.148938
v -1.087292 3.709867 -0.609125
v -0.794196 3.709867 -1.006531
v -0.537704 3.179886 -0.963634
v -0.125954 3.179886 -1.224111
v 0.357384 3.179886 -1.328733
v 0.852445 3.179886 -1.261376
v 1.297095 3.179886 -1.031744
v 1.639984 3.179886 -0.671505
v 1.847049 3.179886 -0.223640
v 1.901056 3.179886 0.249530
v 1.805752 3.179886 0.709370
v 1.584998 3.179886 1.096734
v 1.262003 3.179886 1.393261
v 0.869099 3.179886 1.575270
v 0.452803 3.179886 1.627206
v 0.043165 3.179886 1.555180
v -0.328345 3.179886 1.369584
v -0.637555 3.179886 1.085911
v -0.861744 3.179886 0.723667
v -0.981843 3.179886 0.302205
v -0.976396 3.179886 -0.148665
v -0.831846 3.179886 -0.583070
v -0.700098 2.649905 -0.671657
v -0.388314 2.649905 -0.987489
v 0.016936 2.649905 -1.185812
v 0.470062 2.649905 -1.239168
v 0.918660 2.649905 -1.139570
v 1.310722 2.649905 -0.899705
v 1.603728 2.649905 -0.548764
v 1.768821 2.649905 -0.127014
v 1.793429 2.649905 0.315022
v 1.680303 2.649905 0.737674
v 1.447997 2.649905 1.094918
v 1.120613 2.649905 1.360355
v 0.740574 2.649905 1.506925
v 0.328766 2.649905 1.534624
v -0.061579 2.649905 1.438703
v -0.412336 2.649905 1.232759
v -0.691688 2.649905 0.932852
v -0.877742 2.649905 0.559070
v -0.947406 2.649905 0.144495
v -0.890038 2.649905 -0.278635
v -0.886425 2.119924 -0.481776
v -0.639699 2.119924 -0.805127
v -0.299340 2.119924 -1.038034
v 0.097918 2.119924 -1.151822
v 0.512828 2.119924 -1.133833
v 0.902167 2.119924 -0.984937
v 1.224901 2.119924 -0.720513
v 1.447625 2.119924 -0.368907
v 1.548563 2.119924 0.032304
v 1.520890 2.119924 0.438066
v 1.369186 2.119924 0.815383
v 1.108283 2.119924 1.127564
v 0.763762 2.119924 1.343700
v 0.376013 2.119924 1.441234
v -0.020718 2.119924 1.415746
v -0.390459 2.119924 1.271255
v -0.699928 2.119924 1.021453
v -0.920768 2.119924 0.688847
v -1.031767 2.119924 0.303463
v -1.020950 2.119924 -0.097918
v -1.056635 1.603735 -0.482540
v -0.838284 1.603735 -0.802750
v -0.531905 1.603735 -1.040402
v -0.167466 1.603312 -1.171574
v 0.219812 1.602830 -1.182800
v 0.591458 1.602131 -1.073749
v 0.916566 1.601282 -0.849094
v 1.149182 1.600313 -0.542128
v 1.274683 1.599430 -0.178710
v 1.281118 1.598803 0.205831
v 1.168731 1.598803 0.574652
v 0.948580 1.598803 0.892231
v 0.641764 1.598803 1.126741
v 0.278877 1.599354 1.256383
v -0.105481 1.600313 1.267886
v -0.474453 1.601059 1.159216
v -0.792042 1.602131 0.941024
v -1.022003 1.602830 0.641392
v -1.153286 1.603312 0.276710
v -1.165540 1.603735 -0.110836
v -1.117288 1.178752 -0.523842
v -0.898390 1.178752 -0.845221
v -0.590980 1.178752 -1.083381
v -0.225068 1.178565 -1.214717
v 0.163760 1.178565 -1.226364
v 0.537011 1.178046 -1.116852
v 0.857906 1.177686 -0.897908
v 1.095355 1.177686 -0.591085
v 1.225377 1.177104 -0.225947
v 1.236478 1.177104 0.161469
v 1.127249 1.177104 0.533743
v 0.908617 1.177104 0.854645
v 0.601710 1.177104 1.092465
v 0.236845 1.177104 1.224219
v -0.150494 1.177104 1.236796
v -0.522894 1.177686 1.129340
v -0.843911 1.178046 0.911366
v -1.081775 1.178046 0.604144
v -1.213875 1.178565 0.238254
v -1.226191 1.178752 -0.150614
v -1.205358 0.656019 -0.568402
v -0.970713 0.656019 -0.913063
v -0.641047 0.656019 -1.168344
v -0.248628 0.656019 -1.309258
v 0.168139 0.656019 -1.322003
v 0.568450 0.656019 -1.205337
v 0.913118 0.656019 -0.970686
v 1.168398 0.656019 -0.641021
v 1.309297 0.656019 -0.248618
v 1.322039 0.656019 0.168127
v 1.205373 0.656019 0.568417
v 0.970727 0.656019 0.913075
v 0.641062 0.656019 1.168358
v 0.248655 0.656019 1.309285
v -0.168089 0.656019 1.322051
v -0.568374 0.656019 1.205410
v -0.913032 0.656019 0.970767
v -1.168321 0.656019 0.641093
v -1.309247 0.656019 0.248665
v -1.322012 0.656019 -0.168101
v -0.614522 0.335362 1.303146
v -0.987140 0.335362 1.049468
v -1.263129 0.335362 0.693060
v -1.415474 0.335362 0.268810
v -1.429263 0.335362 -0.181751
v -1.303145 0.335362 -0.614522
v -1.049468 0.335362 -0.987140
v -0.693060 0.335362 -1.263129
v -0.268811 0.335362 -1.415474
v 0.181751 0.335362 -1.429263
v 0.614522 0.335362 -1.303146
v 0.987140 0.335362 -1.049468
v 1.263129 0.335362 -0.693060
v 1.415475 0.335362 -0.268811
v 1.429263 0.335362 0.181751
v 1.303146 0.335362 0.614522
v 1.049468 0.335362 0.987140
v 0.693060 0.335362 1.263129
v 0.268811 0.335362 1.415475
v -0.181751 0.335362 1.429264
v -1.157831 0.953196 -0.545808
v -0.932358 0.953196 -0.876985
v -0.615588 0.953196 -1.122288
v -0.238516 0.953196 -1.257691
v 0.162043 0.953196 -1.269852
v 0.546798 0.953196 -1.157657
v 0.878031 0.953196 -0.932140
v 1.123291 0.953196 -0.615402
v 1.258536 0.953196 -0.238480
v 1.270643 0.953196 0.161838
v 1.158425 0.953196 0.546367
v 0.932939 0.953196 0.877532
v 0.616182 0.953196 1.122847
v 0.239235 0.953196 1.258369
v -0.161074 0.953196 1.270765
v -0.545561 0.953196 1.158821
v -0.876704 0.953196 0.933388
v -1.122054 0.953196 0.616566
v -1.257567 0.953196 0.239392
v -1.269923 0.953196 -0.161161
v 2.554811 5.299811 -0.538533
v 2.765370 5.564801 -0.047307
v 2.736397 5.564801 0.561656
v 2.610083 5.299811 0.014808
v 2.549599 5.564801 1.055102
v 2.502935 5.299811 0.509699
v 2.258907 5.564801 1.409724
v 2.277259 5.299811 0.889230
v 1.901706 5.564801 1.630604
v 1.964416 5.299811 1.166787
v 1.536616 5.564801 1.702462
v 1.611344 5.299811 1.315638
v 1.169812 5.564801 1.666559
v 1.233158 5.299811 1.365016
v 0.828622 5.564801 1.538043
v 0.844643 5.299811 1.331788
v 0.482721 5.564801 1.364669
v 0.454914 5.299811 1.232159
v 0.132323 5.564801 1.152712
v 0.048345 5.299811 1.079816
v -0.240829 5.564801 0.893442
v -0.384512 5.299811 0.851334
v -0.623936 5.564801 0.542601
v -0.800331 5.299811 0.482235
v -0.929500 5.564801 0.006741
v -1.080633 5.299811 -0.076379
v -0.962560 5.564801 -0.684500
v -1.083531 5.299811 -0.756627
v -0.617779 5.564801 -1.360551
v -0.760019 5.299811 -1.397887
v 0.029986 5.564801 -1.809460
v -0.172340 5.299811 -1.847524
v 0.827974 5.564801 -1.925703
v 0.542371 5.299811 -2.022727
v 1.581035 5.564801 -1.726146
v 1.256399 5.299811 -1.920604
v 2.196244 5.564801 -1.269041
v 1.864619 5.299811 -1.590431
v 2.590820 5.564801 -0.681249
v 2.311789 5.299811 -1.092851
v 1.413300 4.769830 -1.585814
v 1.867535 5.034821 -1.435134
v 2.181729 5.034821 -0.945268
v 1.763701 4.769830 -1.186088
v 2.310571 5.034821 -0.456674
v 1.962689 4.769830 -0.730793
v 2.288554 5.034821 0.038052
v 2.018551 4.769830 -0.243994
v 2.133940 5.034821 0.452432
v 1.933500 4.769830 0.208822
v 1.873754 5.034821 0.796544
v 1.728736 4.769830 0.603140
v 1.543623 5.034821 1.034103
v 1.423395 4.769830 0.925636
v 1.164984 5.034821 1.179482
v 1.043401 4.769830 1.156237
v 0.750399 5.034821 1.242869
v 0.609615 4.769830 1.287474
v 0.309494 5.034821 1.224511
v 0.134359 4.769830 1.310412
v -0.150214 5.034821 1.114123
v -0.348346 4.769830 1.205632
v -0.612772 5.034821 0.879639
v -0.813686 4.769830 0.950371
v -1.016524 5.034821 0.479739
v -1.191326 4.769830 0.535269
v -1.259853 5.034821 -0.082894
v -1.407347 4.769830 -0.005244
v -1.255338 5.034821 -0.727947
v -1.410558 4.769830 -0.610828
v -0.979339 5.034821 -1.336848
v -1.186778 4.769830 -1.186697
v -0.475135 5.034821 -1.795825
v -0.776783 4.769830 -1.640456
v 0.158867 5.034821 -2.029713
v -0.226170 4.769830 -1.920305
v 0.806774 5.034821 -2.026686
v 0.369099 4.769830 -1.992218
v 1.407274 5.034821 -1.805134
v 0.926402 4.769830 -1.873942
v 0.371956 4.239849 -1.697582
v 0.574646 4.504839 -1.822345
v 1.061404 4.504839 -1.608255
v 0.860860 4.239849 -1.530985
v 1.449688 4.504839 -1.261388
v 1.270256 4.239849 -1.225633
v 1.704916 4.504839 -0.831780
v 1.568630 4.239849 -0.809959
v 1.820745 4.504839 -0.355061
v 1.725718 4.239849 -0.324451
v 1.791684 4.504839 0.128334
v 1.727151 4.239849 0.160123
v 1.623712 4.504839 0.571276
v 1.578899 4.239849 0.628771
v 1.337405 4.504839 0.940491
v 1.300160 4.239849 1.019913
v 0.956130 4.504839 1.215066
v 0.916571 4.239849 1.311633
v 0.507299 4.504839 1.376311
v 0.467282 4.239849 1.478497
v 0.021927 4.504839 1.407995
v -0.015624 4.239849 1.508861
v -0.470869 4.504839 1.295662
v -0.505490 4.239849 1.389512
v -0.916338 4.504839 1.033859
v -0.925420 4.239849 1.131041
v -1.265188 4.504839 0.634911
v -1.253995 4.239849 0.747455
v -1.470886 4.504839 0.123037
v -1.452767 4.239849 0.268487
v -1.491690 4.504839 -0.447007
v -1.493457 4.239849 -0.256567
v -1.317741 4.504839 -0.992702
v -1.366553 4.239849 -0.768646
v -0.965594 4.504839 -1.448267
v -1.074413 4.239849 -1.216395
v -0.498462 4.504839 -1.747152
v -0.658278 4.239849 -1.535601
v 0.030014 4.504839 -1.873484
v -0.164810 4.239849 -1.700994
v -0.135404 3.709867 -1.378457
v -0.208500 3.974858 -1.512099
v 0.308050 3.974858 -1.544700
v 0.378398 3.709867 -1.423943
v 0.809486 3.974858 -1.408265
v 0.883043 3.709867 -1.293715
v 1.242291 3.974858 -1.118602
v 1.317729 3.709867 -1.002577
v 1.560485 3.974858 -0.707089
v 1.631847 3.709867 -0.587088
v 1.730658 3.974858 -0.219620
v 1.793649 3.709867 -0.100370
v 1.737846 3.974858 0.286698
v 1.794956 3.709867 0.393241
v 1.588261 3.974858 0.759220
v 1.637685 3.709867 0.868154
v 1.304199 3.974858 1.153626
v 1.349920 3.709867 1.254719
v 0.923543 3.974858 1.436000
v 0.979168 3.709867 1.518935
v 0.475712 3.974858 1.593173
v 0.547250 3.709867 1.660808
v 0.006800 3.974858 1.609979
v 0.094224 3.709867 1.667743
v -0.452262 3.974858 1.485425
v -0.325580 3.709867 1.544078
v -0.838410 3.974858 1.239305
v -0.700557 3.709867 1.303859
v -1.147911 3.974858 0.882656
v -0.996113 3.709867 0.964455
v -1.345843 3.974858 0.440887
v -1.187162 3.709867 0.549871
v -1.405507 3.974858 -0.052509
v -1.253673 3.709867 0.093067
v -1.312061 3.974858 -0.538323
v -1.179595 3.709867 -0.384391
v -1.063354 3.974858 -0.978698
v -0.960911 3.709867 -0.815295
v -0.683728 3.974858 -1.314955
v -0.598669 3.709867 -1.166139
v -0.343985 3.179887 -1.111372
v -0.472522 3.444877 -1.112024
v -0.011893 3.444877 -1.320044
v 0.110416 3.179887 -1.297373
v 0.498397 3.444877 -1.357566
v 0.607496 3.179887 -1.316411
v 0.993545 3.444877 -1.218946
v 1.084709 3.179887 -1.165094
v 1.413854 3.444877 -0.923201
v 1.483576 3.179887 -0.865499
v 1.715471 3.444877 -0.498515
v 1.760075 3.179887 -0.462716
v 1.860691 3.444877 -0.014462
v 1.892913 3.179887 0.020268
v 1.848906 3.444877 0.464912
v 1.870117 3.179887 0.488914
v 1.687098 3.444877 0.917746
v 1.707516 3.179887 0.916835
v 1.406390 3.444877 1.280490
v 1.428551 3.179887 1.264535
v 1.039608 3.444877 1.532788
v 1.068109 3.179887 1.502328
v 0.619804 3.444877 1.661029
v 0.663306 3.179887 1.616511
v 0.184871 3.444877 1.658363
v 0.244765 3.179887 1.606155
v -0.215453 3.444877 1.531202
v -0.148964 3.179887 1.475575
v -0.571049 3.444877 1.295431
v -0.492185 3.179887 1.238754
v -0.847976 3.444877 0.970367
v -0.761567 3.179887 0.913229
v -1.034377 3.444877 0.569829
v -0.935868 3.179887 0.519074
v -1.103984 3.444877 0.115854
v -0.995751 3.179887 0.080647
v -1.035420 3.444877 -0.344075
v -0.921144 3.179887 -0.371657
v -0.821864 3.444877 -0.770825
v -0.697344 3.179887 -0.789326
v -0.558125 2.649905 -0.841770
v -0.616074 2.914896 -0.812999
v -0.251713 2.914896 -1.110396
v -0.194607 2.649905 -1.103431
v 0.189163 2.914896 -1.268713
v 0.240753 2.649905 -1.231468
v 0.668192 2.914896 -1.267981
v 0.698318 2.649905 -1.208047
v 1.116470 2.914896 -1.112200
v 1.124762 2.649905 -1.035447
v 1.494323 2.914896 -0.811891
v 1.467371 2.649905 -0.744281
v 1.752775 2.914896 -0.410572
v 1.705292 2.649905 -0.334268
v 1.868533 2.914896 0.046151
v 1.798383 2.649905 0.098402
v 1.835552 2.914896 0.506947
v 1.752713 2.649905 0.533550
v 1.667491 2.914896 0.918856
v 1.576638 2.649905 0.927779
v 1.391680 2.914896 1.245774
v 1.290898 2.649905 1.244114
v 1.037147 2.914896 1.467976
v 0.943194 2.649905 1.443427
v 0.637002 2.914896 1.571753
v 0.542254 2.649905 1.534064
v 0.228375 2.914896 1.551960
v 0.127225 2.649905 1.501229
v -0.164983 2.914896 1.413797
v -0.249177 2.649905 1.347665
v -0.494969 2.914896 1.170805
v -0.566477 2.649905 1.091113
v -0.745301 2.914896 0.845436
v -0.799472 2.649905 0.751786
v -0.906675 2.914896 0.446846
v -0.927604 2.649905 0.355306
v -0.946279 2.914896 0.011261
v -0.935126 2.649905 -0.066846
v -0.850497 2.914896 -0.423133
v -0.809569 2.649905 -0.484862
v -0.775729 2.119924 -0.653104
v -0.793834 2.384915 -0.553273
v -0.517271 2.384915 -0.879618
v -0.481401 2.119924 -0.933849
v -0.149625 2.384915 -1.100753
v -0.108530 2.119924 -1.110487
v 0.274504 2.384915 -1.192104
v 0.301957 2.119924 -1.160513
v 0.708068 2.384915 -1.141157
v 0.709295 2.119924 -1.077700
v 1.103255 2.384915 -0.953273
v 1.070822 2.119924 -0.869660
v 1.418529 2.384915 -0.647522
v 1.348457 2.119924 -0.557971
v 1.617996 2.384915 -0.269009
v 1.513595 2.119924 -0.175827
v 1.688684 2.384915 0.156337
v 1.550604 2.119924 0.236275
v 1.621071 2.384915 0.585019
v 1.459794 2.119924 0.632641
v 1.430081 2.384915 0.958114
v 1.250935 2.119924 0.981673
v 1.143659 2.384915 1.244027
v 0.944471 2.119924 1.249106
v 0.781348 2.384915 1.431001
v 0.576941 2.119924 1.406086
v 0.375544 2.384915 1.500050
v 0.181410 2.119924 1.443148
v -0.021210 2.384915 1.442371
v -0.205939 2.119924 1.358436
v -0.384831 2.384915 1.268975
v -0.550223 2.119924 1.160303
v -0.681664 2.384915 0.995275
v -0.819956 2.119924 0.866483
v -0.886222 2.384915 0.644613
v -0.989542 2.119924 0.503283
v -0.979610 2.384915 0.245403
v -1.041450 2.119924 0.105180
v -0.949653 2.384915 -0.164220
v -0.968721 2.119924 -0.295142
v -0.959947 1.603735 -0.651115
v -0.976622 1.854934 -0.468565
v -0.747030 1.854934 -0.789667
v -0.694328 1.603735 -0.933505
v -0.428356 1.854934 -1.024909
v -0.354746 1.603312 -1.120163
v -0.053866 1.854934 -1.149662
v 0.025703 1.603312 -1.192568
v 0.341089 1.854934 -1.152017
v 0.410056 1.602830 -1.143002
v 0.725272 1.854934 -1.026863
v 0.766477 1.601281 -0.971323
v 1.044233 1.854934 -0.794662
v 1.045180 1.601058 -0.704774
v 1.275357 1.854934 -0.475647
v 1.225926 1.599430 -0.365223
v 1.396768 1.854934 -0.090546
v 1.293191 1.599354 0.013235
v 1.392325 1.854934 0.303143
v 1.239282 1.598803 0.394459
v 1.266353 1.854934 0.676747
v 1.070959 1.598803 0.741944
v 1.031493 1.854934 0.994112
v 0.804211 1.598803 1.021409
v 0.710497 1.854934 1.223576
v 0.465314 1.599354 1.205907
v 0.335037 1.854934 1.343258
v 0.087084 1.599430 1.276905
v -0.048392 1.854934 1.341436
v -0.294264 1.601058 1.228372
v -0.422765 1.854934 1.220139
v -0.641609 1.601281 1.062481
v -0.733981 1.854934 0.994045
v -0.915636 1.602830 0.803674
v -0.967993 1.854934 0.676373
v -1.102004 1.603312 0.464317
v -1.092759 1.854934 0.301470
v -1.174450 1.603312 0.083363
v -1.095772 1.854934 -0.092351
v -1.125666 1.603735 -0.300963
v -1.020395 1.178752 -0.693073
v -1.096178 1.369388 -0.507738
v -0.878501 1.369388 -0.827080
v -0.753981 1.178752 -0.976309
v -0.572991 1.369388 -1.063960
v -0.413200 1.178752 -1.163482
v -0.209481 1.368979 -1.194582
v -0.031146 1.178565 -1.235766
v 0.176750 1.368473 -1.205694
v 0.354780 1.178565 -1.186430
v 0.547375 1.367813 -1.096890
v 0.706185 1.178046 -1.020040
v 0.865509 1.367057 -0.879431
v 0.988681 1.177686 -0.753761
v 1.100093 1.366334 -0.574902
v 1.174412 1.177104 -0.413478
v 1.228460 1.365767 -0.213172
v 1.246102 1.177104 -0.032707
v 1.238621 1.365767 0.170659
v 1.196394 1.177104 0.351808
v 1.129135 1.365283 0.539474
v 1.030442 1.177104 0.702703
v 0.912012 1.365283 0.857813
v 0.764417 1.177104 0.985525
v 0.607650 1.365283 1.093885
v 0.424361 1.177104 1.172588
v 0.246356 1.365767 1.225576
v 0.043638 1.177104 1.245680
v -0.137252 1.365767 1.238772
v -0.340785 1.177104 1.197389
v -0.506154 1.366387 1.132786
v -0.691786 1.177686 1.032810
v -0.824401 1.367057 0.917180
v -0.974818 1.178046 0.767102
v -1.060818 1.367884 0.612817
v -1.162350 1.178565 0.426492
v -1.191898 1.368473 0.249371
v -1.235161 1.178565 0.044270
v -1.204304 1.368979 -0.136946
v -1.186361 1.178752 -0.341504
v -1.101514 0.656019 -0.749908
v -1.179588 0.812393 -0.556231
v -1.058044 0.953196 -0.720212
v -0.949952 0.812393 -0.893534
v -0.815863 0.656019 -1.053595
v -0.783564 0.953196 -1.012023
v -0.627322 0.812393 -1.143367
v -0.450349 0.656019 -1.254148
v -0.432355 0.953196 -1.204742
v -0.243277 0.812393 -1.281271
v -0.040744 0.656019 -1.331929
v -0.038724 0.953196 -1.279440
v 0.164627 0.812393 -1.293713
v 0.372857 0.656019 -1.279324
v 0.358808 0.953196 -1.228793
v 0.556430 0.812393 -1.179504
v 0.749961 0.656019 -1.101489
v 0.721241 0.953196 -1.057841
v 0.893763 0.812393 -0.949840
v 1.053652 0.656019 -0.815835
v 1.013063 0.953196 -0.783350
v 1.143590 0.812393 -0.627216
v 1.254194 0.656019 -0.450329
v 1.205667 0.953196 -0.432229
v 1.281431 0.812393 -0.243236
v 1.331966 0.656019 -0.040745
v 1.280247 0.953196 -0.038803
v 1.293862 0.812393 0.164577
v 1.279359 0.656019 0.372833
v 1.229567 0.953196 0.358477
v 1.179650 0.812393 0.556289
v 1.101527 0.656019 0.749921
v 1.058624 0.953196 0.720758
v 0.950007 0.812393 0.893586
v 0.815876 0.656019 1.053608
v 0.784144 0.953196 1.012569
v 0.627384 0.812393 1.143426
v 0.450368 0.656019 1.254167
v 0.432995 0.953196 1.205345
v 0.243389 0.812393 1.281377
v 0.040781 0.656019 1.331965
v 0.039557 0.953196 1.280225
v -0.164421 0.812393 1.293908
v -0.372793 0.656019 1.279385
v -0.357694 0.953196 1.229842
v -0.556111 0.812393 1.179805
v -0.749877 0.656019 1.101568
v -0.719935 0.953196 1.059070
v -0.893409 0.812393 0.950174
v -1.053568 0.656019 0.815914
v -1.011757 0.953196 0.784578
v -1.143271 0.812393 0.627515
v -1.254130 0.656019 0.450390
v -1.204552 0.953196 0.433278
v -1.281225 0.812393 0.243430
v -1.331928 0.656019 0.040780
v -1.279413 0.953196 0.039587
v -1.293749 0.812393 -0.164471
v -1.279339 0.656019 -0.372814
v -1.228926 0.953196 -0.357875
v -0.583723 0.504132 1.237834
v -0.937666 0.504132 0.996870
v -1.199822 0.504132 0.658324
v -1.344532 0.504132 0.255338
v -1.357630 0.504132 -0.172642
v -1.237833 0.504132 -0.583723
v -0.996870 0.504132 -0.937665
v -0.658324 0.504132 -1.199822
v -0.255338 0.504132 -1.344532
v 0.172642 0.504132 -1.357630
v 0.583723 0.504132 -1.237833
v 0.937665 0.504132 -0.996870
v 1.199822 0.504132 -0.658324
v 1.344532 0.504132 -0.255338
v 1.357630 0.504132 0.172642
v 1.237833 0.504132 0.583723
v 0.996870 0.504132 0.937666
v 0.658324 0.504132 1.199822
v 0.255338 0.504132 1.344532
v -0.172642 0.504132 1.357631
v -1.136540 1.057811 -0.535324
v -0.915014 1.057811 -0.860672
v -0.603822 1.057811 -1.101678
v -0.233389 1.057811 -1.234718
v 0.160222 1.057811 -1.246582
v 0.538310 1.057811 -1.136271
v 0.863533 1.057570 -0.914502
v 1.104343 1.057570 -0.603481
v 1.237035 1.057570 -0.233402
v 1.248734 1.057570 0.159613
v 1.138373 1.057570 0.537170
v 0.916879 1.057570 0.862426
v 0.605777 1.057570 1.103395
v 0.235675 1.057570 1.236637
v -0.157321 1.057570 1.248994
v -0.534821 1.057570 1.139180
v -0.859985 1.057570 0.917839
v -1.101227 1.057811 0.606786
v -1.234451 1.057811 0.236151
v -1.246679 1.057811 -0.157449
v -0.497042 0.000000 1.705596
v -0.195942 0.152673 1.540860
v -0.403068 0.335362 1.383129
v -0.662505 0.152673 1.404896
v 0.054343 0.000000 1.775710
v 0.289799 0.152673 1.525994
v 0.044069 0.335362 1.439989
v 0.600409 0.000000 1.672009
v 0.747174 0.152673 1.361755
v 0.486893 0.335362 1.355892
v 1.087702 0.000000 1.404639
v 1.131410 0.152673 1.064215
v 0.882057 0.335362 1.139072
v 1.468523 0.000000 0.999773
v 1.404896 0.152673 0.662505
v 1.190878 0.335362 0.810752
v 1.705595 0.000000 0.497042
v 1.540859 0.152673 0.195942
v 1.383128 0.335362 0.403068
v 1.775710 0.000000 -0.054343
v 1.525994 0.152673 -0.289799
v 1.439988 0.335362 -0.044069
v 1.672009 0.000000 -0.600409
v 1.361754 0.152673 -0.747174
v 1.355892 0.335362 -0.486893
v 1.404638 0.000000 -1.087702
v 1.064215 0.152673 -1.131410
v 1.139072 0.335362 -0.882057
v 0.999772 0.000000 -1.468523
v 0.662505 0.152673 -1.404896
v 0.810751 0.335362 -1.190878
v 0.497042 0.000000 -1.705595
v 0.195942 0.152673 -1.540859
v 0.403068 0.335362 -1.383128
v -0.054344 0.000000 -1.775709
v -0.289799 0.152673 -1.525994
v -0.044069 0.335362 -1.439988
v -0.600410 0.000000 -1.672008
v -0.747174 0.152673 -1.361754
v -0.486893 0.335362 -1.355892
v -1.087702 0.000000 -1.404638
v -1.131410 0.152673 -1.064215
v -0.882057 0.335362 -1.139072
v -1.468523 0.000000 -0.999772
v -1.404896 0.152673 -0.662504
v -1.190878 0.335362 -0.810751
v -1.705595 0.000000 -0.497042
v -1.540859 0.152673 -0.195942
v -1.383128 0.335362 -0.403068
v -1.775710 0.000000 0.054344
v -1.525994 0.152673 0.289799
v -1.439988 0.335362 0.044069
v -1.672009 0.000000 0.600409
v -1.361754 0.152673 0.747175
v -1.355892 0.335362 0.486893
v -1.404638 0.000000 1.087702
v -1.064215 0.152673 1.131410
v -1.139072 0.335362 0.882057
v -0.999773 0.000000 1.468523
v -0.810751 0.335362 1.190878
v -2.830008 10.283811 -3.189699
v -3.112272 10.690885 -3.482543
v -2.514377 11.129603 -4.426529
v -1.883780 10.690885 -4.273835
v -1.705827 10.283811 -3.908109
v -1.023443 11.129603 -4.986872
v -0.470898 10.690885 -4.646791
v -0.414670 10.283811 -4.243959
v 0.567676 11.129603 -5.059056
v 0.988084 10.690885 -4.564869
v 0.917086 10.283811 -4.164385
v 2.103226 11.129603 -4.636032
v 2.350349 10.690885 -4.036116
v 2.159066 10.283811 -3.677174
v 3.432900 11.129603 -3.759192
v 3.482537 10.690885 -3.112280
v 3.189701 10.283811 -2.830008
v 4.426525 11.129603 -2.514376
v 4.273833 10.690885 -1.883782
v 3.908098 10.283811 -1.705828
v 4.986870 11.129603 -1.023438
v 4.646788 10.690885 -0.470899
v 4.243953 10.283811 -0.414668
v 5.059058 11.129603 0.567671
v 4.564870 10.690885 0.988089
v 4.164391 10.283811 0.917080
v 4.636028 11.129603 2.103215
v 4.036118 10.690885 2.350348
v 3.677177 10.283811 2.159062
v 3.759190 11.129603 3.432898
v 3.112281 10.690885 3.482538
v 2.830011 10.283811 3.189704
v 2.514381 11.129603 4.426526
v 1.883783 10.690885 4.273836
v 1.705834 10.283811 3.908111
v 1.023445 11.129603 4.986876
v 0.470899 10.690885 4.646784
v 0.414676 10.283811 4.243960
v -0.567676 11.129603 5.059047
v -0.988085 10.690885 4.564871
v -0.917085 10.283811 4.164383
v -2.103224 11.129603 4.636032
v -2.350347 10.690885 4.036115
v -2.159064 10.283811 3.677173
v -3.432897 11.129603 3.759190
v -3.482540 10.690885 3.112279
v -3.189699 10.283811 2.830008
v -4.426528 11.129603 2.514382
v -4.273833 10.690885 1.883785
v -3.908105 10.283811 1.705821
v -4.986860 11.129603 1.023438
v -4.646781 10.690885 0.470895
v -4.243958 10.283811 0.414669
v -5.059050 11.129603 -0.567678
v -4.564865 10.690885 -0.988084
v -4.164384 10.283811 -0.917088
v -4.636020 11.129603 -2.103221
v -4.036114 10.690885 -2.350346
v -3.677167 10.283811 -2.159064
v -3.759194 11.129603 -3.432898
v -3.289705 9.645308 -1.337488
v -3.459582 9.940030 -1.773048
v -2.742356 9.940030 -2.755336
v -2.715053 9.645308 -2.288314
v -1.756695 9.940030 -3.467916
v -1.874655 9.645308 -3.015099
v -0.599065 9.940030 -3.841037
v -0.850789 9.645308 -3.446698
v 0.617197 9.940030 -3.838163
v 0.256327 9.645308 -3.540844
v 1.773053 9.940030 -3.459579
v 1.338302 9.645308 -3.288307
v 2.755335 9.940030 -2.742356
v 2.289221 9.645308 -2.713812
v 3.467915 9.940030 -1.756693
v 3.016014 9.645308 -1.873590
v 3.841034 9.940030 -0.599067
v 3.447532 9.645308 -0.849895
v 3.838165 9.940030 0.617203
v 3.541544 9.645308 0.257055
v 3.459581 9.940030 1.773050
v 3.288847 9.645308 1.338899
v 2.742355 9.940030 2.755342
v 2.714192 9.645308 2.289732
v 1.756689 9.940030 3.467919
v 1.873832 9.645308 3.016463
v 0.599064 9.940030 3.841035
v 0.850006 9.645308 3.447986
v -0.617202 9.940030 3.838171
v -0.257064 9.645308 3.542052
v -1.773054 9.940030 3.459583
v -1.339006 9.645308 3.289469
v -2.755339 9.940030 2.742352
v -2.289927 9.645308 2.714976
v -3.467917 9.940030 1.756688
v -3.016747 9.645308 1.874801
v -3.841037 9.940030 0.599061
v -3.448315 9.645308 0.851182
v -3.838166 9.940030 -0.617204
v -3.542367 9.645308 -0.255698
v -3.014901 9.150706 0.334608
v -3.268608 9.385408 0.067952
v -3.128124 9.385408 -0.944500
v -2.967841 9.150706 -0.585839
v -2.681494 9.385408 -1.864311
v -2.633457 9.150706 -1.473878
v -1.972447 9.385408 -2.601414
v -2.053617 9.150706 -2.204321
v -1.070399 9.385408 -3.083611
v -1.264721 9.150706 -2.731570
v -0.063670 9.385408 -3.263651
v -0.352107 9.150706 -2.989407
v 0.949182 9.385408 -3.123878
v 0.594890 9.150706 -2.952544
v 1.869012 9.385408 -2.677950
v 1.498070 9.150706 -2.616349
v 2.605791 9.385408 -1.969540
v 2.238183 9.150706 -2.025402
v 3.087406 9.385408 -1.068041
v 2.759127 9.150706 -1.234292
v 3.266715 9.385408 -0.061728
v 3.012628 9.150706 -0.293653
v 3.126188 9.385408 0.950868
v 2.960250 9.150706 0.652980
v 2.679602 9.385408 1.870531
v 2.618005 9.150706 1.537609
v 1.970647 9.385408 2.607339
v 2.017766 9.150706 2.275137
v 1.068710 9.385408 3.089185
v 1.220992 9.150706 2.790082
v 0.062065 9.385408 3.268938
v 0.304587 9.150706 3.034016
v -0.950755 9.385408 3.129043
v -0.661363 9.150706 2.978767
v -1.870619 9.385408 2.683233
v -1.542736 9.150706 2.631999
v -2.607483 9.385408 1.975116
v -2.259819 9.150706 2.044426
v -3.089202 9.385408 1.073965
v -2.773154 9.150706 1.248587
v -2.204258 8.721461 1.545862
v -2.491164 8.931569 1.394317
v -2.767260 8.931569 0.594196
v -2.501436 8.721461 0.849765
v -2.795332 8.931569 -0.255805
v -2.594852 8.721461 0.085965
v -2.568743 8.931569 -1.083447
v -2.466301 8.721461 -0.688625
v -2.100101 8.931569 -1.813687
v -2.114730 8.721461 -1.403678
v -1.416602 8.931569 -2.379044
v -1.539059 8.721461 -2.008273
v -0.593063 8.931569 -2.705260
v -0.806242 8.721461 -2.404071
v 0.289905 8.931569 -2.760408
v 0.052382 8.721461 -2.551887
v 1.164503 8.931569 -2.530664
v 0.902406 8.721461 -2.414856
v 1.920000 8.931569 -2.036313
v 1.683166 8.721461 -1.994497
v 2.483127 8.931569 -1.323098
v 2.279608 8.721461 -1.342985
v 2.791151 8.931569 -0.465813
v 2.633618 8.721461 -0.518395
v 2.810873 8.931569 0.450343
v 2.696388 8.721461 0.381874
v 2.538578 8.931569 1.326068
v 2.461207 8.721461 1.249758
v 2.003878 8.931569 2.068901
v 1.959612 8.721461 1.987926
v 1.266498 8.931569 2.601645
v 1.258722 8.721461 2.515271
v 0.422376 8.931569 2.870673
v 0.465240 8.721461 2.780997
v -0.462172 8.931569 2.864932
v -0.362219 8.721461 2.785906
v -1.300607 8.931569 2.584673
v -1.092083 8.721461 2.558679
v -1.994660 8.931569 2.073169
v -1.726620 8.721461 2.128983
v -1.153668 8.304992 2.228871
v -1.457354 8.513844 2.182214
v -1.897177 8.513844 1.686026
v -1.538372 8.304992 1.815543
v -2.201434 8.513844 1.082002
v -1.829780 8.304992 1.316494
v -2.339286 8.513844 0.432536
v -2.016660 8.304992 0.739842
v -2.307066 8.513844 -0.280425
v -2.071463 8.304992 0.100047
v -2.065216 8.513844 -0.997366
v -1.946862 8.304992 -0.607737
v -1.599677 8.513844 -1.636411
v -1.593271 8.304992 -1.284796
v -0.940830 8.513844 -2.106400
v -1.007853 8.304992 -1.833091
v -0.135901 8.513844 -2.341359
v -0.190379 8.304992 -2.159300
v 0.723876 8.513844 -2.287072
v 0.698138 8.304992 -2.154896
v 1.542765 8.513844 -1.919951
v 1.545519 8.304992 -1.803570
v 2.179618 8.513844 -1.290750
v 2.209868 8.304992 -1.145696
v 2.563088 8.513844 -0.466376
v 2.582029 8.304992 -0.295888
v 2.638588 8.513844 0.433192
v 2.626467 8.304992 0.602226
v 2.402734 8.513844 1.301321
v 2.372497 8.304992 1.425968
v 1.906927 8.513844 2.016671
v 1.851238 8.304992 2.117517
v 1.243992 8.513844 2.504992
v 1.228360 8.304992 2.540796
v 0.494067 8.513844 2.747705
v 0.572318 8.304992 2.734177
v -0.217594 8.513844 2.750144
v -0.086418 8.304992 2.726147
v -0.885122 8.513844 2.551461
v -0.672307 8.304992 2.542443
v -0.056846 7.870279 2.475468
v -0.370674 8.091179 2.530247
v -0.768756 8.091179 2.262047
v -0.394678 7.870279 2.228449
v -1.104471 8.091179 1.914883
v -0.684144 7.870279 1.921101
v -1.378029 8.091179 1.504836
v -0.941484 7.870279 1.566556
v -1.616862 8.091179 0.997390
v -1.203294 7.870279 1.139129
v -1.760756 8.091179 0.411622
v -1.436173 7.870279 0.601817
v -1.756885 8.091179 -0.281845
v -1.547544 7.870279 -0.074611
v -1.514529 8.091179 -1.001092
v -1.389281 7.870279 -0.858861
v -0.960045 8.091179 -1.648766
v -0.870721 7.870279 -1.561922
v -0.157550 8.091179 -2.034931
v -0.024685 7.870279 -1.984943
v 0.774636 8.091179 -2.056302
v 0.953946 7.870279 -1.979942
v 1.658312 8.091179 -1.680855
v 1.840946 7.870279 -1.548918
v 2.322714 8.091179 -0.975610
v 2.461802 7.870279 -0.817131
v 2.658026 8.091179 -0.089002
v 2.748379 7.870279 0.078774
v 2.653325 8.091179 0.799708
v 2.702894 7.870279 0.945458
v 2.366112 8.091179 1.582913
v 2.400944 7.870279 1.677832
v 1.872986 8.091179 2.187453
v 1.921406 7.870279 2.227938
v 1.291680 8.091179 2.558505
v 1.389751 7.870279 2.545737
v 0.663142 8.091179 2.725515
v 0.825505 7.870279 2.681001
v 0.100982 8.091179 2.697780
v 0.370651 7.870279 2.635083
v 0.867427 7.399669 2.386924
v 0.621919 7.640168 2.532405
v 0.264784 7.640168 2.374906
v 0.536714 7.399669 2.242112
v -0.027595 7.640168 2.141994
v 0.230279 7.399669 2.028458
v -0.294718 7.640168 1.860628
v -0.045923 7.399669 1.767082
v -0.573709 7.640168 1.537947
v -0.340261 7.399669 1.474009
v -0.870135 7.640168 1.161280
v -0.675428 7.399669 1.132590
v -1.180194 7.640168 0.666101
v -1.042579 7.399669 0.666499
v -1.382117 7.640168 -0.010330
v -1.298112 7.399669 -0.003710
v -1.282688 7.640168 -0.819790
v -1.228239 7.399669 -0.820898
v -0.761289 7.640168 -1.560790
v -0.718796 7.399669 -1.566752
v 0.102758 7.640168 -1.981918
v 0.145978 7.399669 -1.988125
v 1.100744 7.640168 -1.946266
v 1.117432 7.399669 -1.960749
v 1.981886 7.640168 -1.473430
v 1.989371 7.399669 -1.504747
v 2.569891 7.640168 -0.726046
v 2.574227 7.399669 -0.790599
v 2.823829 7.640168 0.151210
v 2.842793 7.399669 0.040588
v 2.768391 7.640168 0.971784
v 2.823285 7.399669 0.816196
v 2.477853 7.640168 1.662900
v 2.568332 7.399669 1.505035
v 2.047756 7.640168 2.158868
v 2.206481 7.399669 1.964635
v 1.528148 7.640168 2.473931
v 1.723595 7.399669 2.296361
v 1.074922 7.640168 2.567345
v 1.284781 7.399669 2.409948
v 1.541213 6.887968 2.130618
v 1.452292 7.147603 2.230318
v 1.033166 7.147603 2.251531
v 1.107139 6.887968 2.206069
v 0.683682 7.147603 2.144041
v 0.722021 6.887968 2.145842
v 0.352015 7.147603 1.963395
v 0.381516 6.887968 1.993074
v 0.047364 7.147603 1.729939
v 0.057054 6.887968 1.778443
v -0.276099 7.147603 1.459857
v -0.268901 6.887968 1.515984
v -0.635833 7.147603 1.136155
v -0.615416 6.887968 1.200789
v -1.015872 7.147603 0.690000
v -0.973559 6.887968 0.785424
v -1.286606 7.147603 0.049782
v -1.253888 6.887968 0.203681
v -1.255555 7.147603 -0.740732
v -1.293674 6.887968 -0.522096
v -0.808626 7.147603 -1.484490
v -0.980440 6.887968 -1.246045
v -0.025818 7.147603 -1.944334
v -0.314403 6.887968 -1.780587
v 0.904231 7.147603 -1.998080
v 0.542722 6.887968 -1.966251
v 1.771908 7.147603 -1.646126
v 1.419055 6.887968 -1.762785
v 2.399671 7.147603 -1.022212
v 2.126806 6.887968 -1.239877
v 2.743021 7.147603 -0.244195
v 2.570753 6.887968 -0.523691
v 2.801030 7.147603 0.522160
v 2.727797 6.887968 0.249141
v 2.623594 7.147603 1.213827
v 2.629921 6.887968 0.958499
v 2.305146 7.147603 1.713917
v 2.347352 6.887968 1.522818
v 1.874126 7.147603 2.073074
v 1.963657 6.887968 1.911490
v 2.080181 6.359773 1.922368
v 2.014148 6.624763 1.886283
v 1.571068 6.624763 2.170931
v 1.649595 6.359773 2.231579
v 1.128007 6.624763 2.284800
v 1.193143 6.359773 2.376372
v 0.713688 6.624763 2.257943
v 0.791408 6.359773 2.352822
v 0.385936 6.624763 2.108031
v 0.482829 6.359773 2.191239
v 0.085242 6.624763 1.882277
v 0.200145 6.359773 1.952280
v -0.198869 6.624763 1.609224
v -0.040754 6.359773 1.671864
v -0.505785 6.624763 1.299942
v -0.315563 6.359773 1.373896
v -0.829123 6.624763 0.927767
v -0.610662 6.359773 1.041631
v -1.117409 6.624763 0.432596
v -0.885100 6.359773 0.637618
v -1.240509 6.624763 -0.184783
v -1.070782 6.359773 0.101169
v -1.078577 6.624763 -0.878486
v -1.037949 6.359773 -0.559857
v -0.584345 6.624763 -1.478933
v -0.658694 6.359773 -1.230799
v 0.202098 6.624763 -1.822648
v 0.087474 6.359773 -1.686869
v 1.114775 6.624763 -1.770287
v 1.005491 6.359773 -1.730253
v 1.918435 6.624763 -1.330019
v 1.833696 6.359773 -1.368152
v 2.452781 6.624763 -0.649418
v 2.420749 6.359773 -0.704062
v 2.681949 6.624763 0.115902
v 2.686837 6.359773 0.034814
v 2.643398 6.624763 0.815440
v 2.672235 6.359773 0.789625
v 2.382294 6.624763 1.447181
v 2.449078 6.359773 1.425854
v 2.693602 5.829792 1.035857
v 2.566641 6.094782 1.317535
v 2.241855 6.094782 1.821925
v 2.439427 5.829792 1.522081
v 1.827136 6.094782 2.160679
v 2.074107 5.829792 1.879803
v 1.414596 6.094782 2.305988
v 1.676538 5.829792 2.059726
v 1.032350 6.094782 2.290173
v 1.321704 5.829792 2.061535
v 0.707277 6.094782 2.144876
v 0.975815 5.829792 1.960219
v 0.438407 6.094782 1.916035
v 0.672438 5.829792 1.769788
v 0.175792 6.094782 1.651208
v 0.374166 5.829792 1.538138
v -0.100889 6.094782 1.370274
v 0.075441 5.829792 1.281182
v -0.386850 6.094782 1.062231
v -0.234025 5.829792 0.990707
v -0.670369 6.094782 0.688041
v -0.561746 5.829792 0.630679
v -0.903765 6.094782 0.186015
v -0.851024 5.829792 0.122508
v -0.945037 6.094782 -0.481583
v -0.909417 5.829792 -0.567022
v -0.609872 6.094782 -1.190757
v -0.570967 5.829792 -1.268828
v 0.103889 6.094782 -1.673469
v 0.124542 5.829792 -1.732687
v 1.002696 6.094782 -1.744331
v 0.967918 5.829792 -1.817280
v 1.825950 6.094782 -1.407595
v 1.762567 5.829792 -1.531174
v 2.408183 6.094782 -0.808321
v 2.359306 5.829792 -0.986390
v 2.710069 6.094782 -0.089860
v 2.705571 5.829792 -0.307453
v 2.742158 6.094782 0.674084
v 2.804952 5.829792 0.399059
v -0.434541 0.152673 1.491124
v 0.047510 0.152673 1.552422
v 0.524909 0.152673 1.461761
v 0.950928 0.152673 1.228011
v 1.283862 0.152673 0.874055
v 1.491123 0.152673 0.434540
v 1.552422 0.152673 -0.047510
v 1.461760 0.152673 -0.524910
v 1.228010 0.152673 -0.950927
v 0.874055 0.152673 -1.283862
v 0.434540 0.152673 -1.491123
v -0.047510 0.152673 -1.552422
v -0.524910 0.152673 -1.461760
v -0.950927 0.152673 -1.228010
v -1.283862 0.152673 -0.874054
v -1.491123 0.152673 -0.434540
v -1.552422 0.152673 0.047510
v -1.461760 0.152673 0.524910
v -1.228011 0.152673 0.950928
v -0.874055 0.152673 1.283862
v -2.528975 10.690884 -3.926239
v -1.191926 10.690884 -4.515560
v 0.261791 10.690884 -4.662884
v 1.689891 10.690884 -4.353762
v 2.952570 10.690884 -3.618474
v 3.926227 10.690884 -2.528977
v 4.515559 10.690884 -1.191925
v 4.662880 10.690884 0.261793
v 4.353764 10.690884 1.689892
v 3.618464 10.690884 2.952573
v 2.528974 10.690884 3.926229
v 1.191927 10.690884 4.515556
v -0.261792 10.690884 4.662885
v -1.689898 10.690884 4.353764
v -2.952570 10.690884 3.618471
v -3.926233 10.690884 2.528974
v -4.515558 10.690884 1.191926
v -4.662882 10.690884 -0.261796
v -4.353761 10.690884 -1.689895
v -3.618472 10.690884 -2.952573
v -3.139383 9.940029 -2.292242
v -2.277391 9.940029 -3.150171
v -1.192468 9.940029 -3.699751
v 0.009179 9.940029 -3.887162
v 1.209927 9.940029 -3.694076
v 2.292242 9.940029 -3.139381
v 3.150171 9.940029 -2.277392
v 3.699750 9.940029 -1.192467
v 3.887162 9.940029 0.009184
v 3.694077 9.940029 1.209925
v 3.139380 9.940029 2.292240
v 2.277390 9.940029 3.150172
v 1.192467 9.940029 3.699748
v -0.009184 9.940029 3.887164
v -1.209930 9.940029 3.694075
v -2.292237 9.940029 3.139383
v -3.150171 9.940029 2.277388
v -3.699747 9.940029 1.192466
v -3.887161 9.940029 -0.009183
v -3.694073 9.940029 -1.209933
v -3.237977 9.385409 -0.443730
v -2.940783 9.385409 -1.421822
v -2.355787 9.385409 -2.260551
v -1.540264 9.385409 -2.877755
v -0.574048 9.385409 -3.212986
v 0.448254 9.385409 -3.233375
v 1.426568 9.385409 -2.936899
v 2.265129 9.385409 -2.352568
v 2.881869 9.385409 -1.537638
v 3.216423 9.385409 -0.571917
v 3.236053 9.385409 0.450052
v 2.938862 9.385409 1.428150
v 2.353937 9.385409 2.266634
v 1.538512 9.385409 2.883508
v 0.572397 9.385409 3.218397
v -0.449834 9.385409 3.238571
v -1.428150 9.385409 2.942094
v -2.266772 9.385409 2.357984
v -2.883618 9.385409 1.543388
v -3.218277 9.385409 0.577997
v -2.662109 8.931570 0.996325
v -2.812549 8.931570 0.176647
v -2.712189 8.931570 -0.681763
v -2.356724 8.931570 -1.475124
v -1.780305 8.931570 -2.123124
v -1.017454 8.931570 -2.574436
v -0.153633 8.931570 -2.767482
v 0.746325 8.931570 -2.677968
v 1.569910 8.931570 -2.308496
v 2.229883 8.931570 -1.702944
v 2.667475 8.931570 -0.919019
v 2.837929 8.931570 0.005965
v 2.710901 8.931570 0.896185
v 2.292767 8.931570 1.729942
v 1.655421 8.931570 2.365462
v 0.854779 8.931570 2.769244
v -0.020258 8.931570 2.902565
v -0.892418 8.931570 2.757803
v -1.668073 8.931570 2.354928
v -2.265083 8.931570 1.756216
v -1.704721 8.513844 1.938539
v -2.066270 8.513844 1.397620
v -2.288746 8.513844 0.766874
v -2.347126 8.513844 0.080574
v -2.214611 8.513844 -0.640387
v -1.857328 8.513844 -1.335438
v -1.289220 8.513844 -1.898366
v -0.557925 8.513844 -2.255764
v 0.286600 8.513844 -2.352907
v 1.153065 8.513844 -2.138690
v 1.886771 8.513844 -1.636169
v 2.406084 8.513844 -0.900270
v 2.640091 8.513844 -0.021433
v 2.560748 8.513844 0.870493
v 2.187910 8.513844 1.676089
v 1.581482 8.513844 2.297327
v 0.878427 8.513844 2.656134
v 0.132888 8.513844 2.775290
v -0.559873 8.513844 2.674300
v -1.193666 8.513844 2.381564
v -0.581083 8.091179 2.406178
v -0.954564 8.091179 2.092431
v -1.248201 8.091179 1.717295
v -1.512927 8.091179 1.253817
v -1.702483 8.091179 0.715187
v -1.783548 8.091179 0.080048
v -1.673231 8.091179 -0.634322
v -1.283045 8.091179 -1.340208
v -0.586118 8.091179 -1.881113
v 0.306899 8.091179 -2.094797
v 1.240650 8.091179 -1.911788
v 2.026222 8.091179 -1.362207
v 2.534476 8.091179 -0.543893
v 2.694598 8.091179 0.365667
v 2.540259 8.091179 1.210122
v 2.134624 8.091179 1.916510
v 1.582904 8.091179 2.404439
v 0.984760 8.091179 2.665077
v 0.374267 8.091179 2.731836
v -0.134515 8.091179 2.628872
v 0.431758 7.640169 2.465553
v 0.118598 7.640169 2.265325
v -0.155045 7.640169 2.006757
v -0.432372 7.640169 1.704503
v -0.719932 7.640169 1.357952
v -1.030405 7.640169 0.931002
v -1.306481 7.640169 0.350801
v -1.381578 7.640169 -0.406061
v -1.072952 7.640169 -1.217377
v -0.366888 7.640169 -1.821766
v 0.594835 7.640169 -2.025672
v 1.566095 7.640169 -1.759998
v 2.312377 7.640169 -1.132307
v 2.737519 7.640169 -0.310007
v 2.829251 7.640169 0.577226
v 2.649141 7.640169 1.334119
v 2.263272 7.640169 1.949458
v 1.798458 7.640169 2.336956
v 1.309225 7.640169 2.533998
v 0.838577 7.640169 2.567771
v 1.232620 7.147603 2.261025
v 0.838009 7.147603 2.215071
v 0.515754 7.147603 2.061348
v 0.200147 7.147603 1.851299
v -0.107505 7.147603 1.599737
v -0.458261 7.147603 1.304787
v -0.829850 7.147603 0.932930
v -1.176787 7.147603 0.395007
v -1.321379 7.147603 -0.328540
v -1.083295 7.147603 -1.135147
v -0.455240 7.147603 -1.758629
v 0.432648 7.147603 -2.024934
v 1.360165 7.147603 -1.866466
v 2.116726 7.147603 -1.364401
v 2.606404 7.147603 -0.652727
v 2.804723 7.147603 0.133822
v 2.739722 7.147603 0.878205
v 2.470323 7.147603 1.498058
v 2.087603 7.147603 1.926427
v 1.666083 7.147603 2.168457
v 1.794733 6.624763 2.051893
v 1.345763 6.624763 2.248151
v 0.908287 6.624763 2.290101
v 0.523222 6.624763 2.199350
v 0.235807 6.624763 2.002444
v -0.065589 6.624763 1.749613
v -0.349767 6.624763 1.459631
v -0.667309 6.624763 1.124525
v -0.983284 6.624763 0.700651
v -1.205706 6.624763 0.148017
v -1.204031 6.624763 -0.524720
v -0.868410 6.624763 -1.203222
v -0.213752 6.624763 -1.694452
v 0.650608 6.624763 -1.852044
v 1.540631 6.624763 -1.593808
v 2.220255 6.624763 -1.016258
v 2.603799 6.624763 -0.277357
v 2.690947 6.624763 0.479733
v 2.532897 6.624763 1.153855
v 2.205607 6.624763 1.691523
v 2.417474 6.094783 1.591734
v 2.042815 6.094783 2.011791
v 1.628766 6.094783 2.247583
v 1.198996 6.094783 2.326206
v 0.871975 6.094783 2.226999
v 0.570349 6.094783 2.036888
v 0.310071 6.094783 1.785815
v 0.040711 6.094783 1.512711
v -0.247516 6.094783 1.220414
v -0.526372 6.094783 0.889289
v -0.798446 6.094783 0.457712
v -0.961977 6.094783 -0.127470
v -0.826311 6.094783 -0.851338
v -0.297440 6.094783 -1.474428
v 0.546700 6.094783 -1.764846
v 1.436131 6.094783 -1.620449
v 2.147274 6.094783 -1.138841
v 2.596956 6.094783 -0.437734
v 2.759271 6.094783 0.286543
v 2.677087 6.094783 1.009131
v 2.774506 5.564801 0.265062
v 2.659857 5.564801 0.821979
v 2.410052 5.564801 1.258117
v 2.083048 5.564801 1.540951
v 1.733329 5.564801 1.667729
v 1.343985 5.564801 1.703231
v 1.001654 5.564801 1.607744
v 0.654610 5.564801 1.456899
v 0.315001 5.564801 1.261828
v -0.048925 5.564801 1.030717
v -0.431121 5.564801 0.735540
v -0.798579 5.564801 0.301890
v -0.988282 5.564801 -0.332171
v -0.836570 5.564801 -1.039502
v -0.314031 5.564801 -1.623945
v 0.423054 5.564801 -1.911211
v 1.220386 5.564801 -1.859359
v 1.913031 5.564801 -1.522586
v 2.418005 5.564801 -0.994044
v 2.704727 5.564801 -0.365712
v 2.045484 5.034820 -1.200884
v 2.265206 5.034820 -0.703559
v 2.318584 5.034820 -0.200966
v 2.225097 5.034820 0.257536
v 2.013373 5.034820 0.641454
v 1.715596 5.034820 0.927892
v 1.357737 5.034820 1.119332
v 0.956423 5.034820 1.225057
v 0.532171 5.034820 1.244312
v 0.082970 5.034820 1.181946
v -0.382459 5.034820 1.015640
v -0.826908 5.034820 0.702795
v -1.164581 5.034820 0.216612
v -1.291376 5.034820 -0.402813
v -1.145577 5.034820 -1.049274
v -0.748148 5.034820 -1.592109
v -0.166744 5.034820 -1.943075
v 0.490866 5.034820 -2.055236
v 1.122100 5.034820 -1.938625
v 1.657510 5.034820 -1.633674
v 0.832045 4.504839 -1.731937
v 1.268823 4.504839 -1.449989
v 1.592486 4.504839 -1.057154
v 1.779014 4.504839 -0.601716
v 1.824148 4.504839 -0.113255
v 1.723705 4.504839 0.357912
v 1.494021 4.504839 0.765976
v 1.157136 4.504839 1.090502
v 0.738549 4.504839 1.310668
v 0.267331 4.504839 1.409063
v -0.222251 4.504839 1.371344
v -0.703201 4.504839 1.182586
v -1.102766 4.504839 0.853960
v -1.389079 4.504839 0.389622
v -1.506288 4.504839 -0.156387
v -1.428504 4.504839 -0.726723
v -1.163350 4.504839 -1.234460
v -0.740025 4.504839 -1.619892
v -0.235967 4.504839 -1.832517
v 0.308923 4.504839 -1.869309
v 0.047889 3.974858 -1.549613
v 0.569459 3.974858 -1.494920
v 1.043626 3.974858 -1.275868
v 1.421643 3.974858 -0.919990
v 1.662729 3.974858 -0.478747
v 1.754468 3.974858 0.038370
v 1.681847 3.974858 0.528965
v 1.458890 3.974858 0.971519
v 1.129741 3.974858 1.304554
v 0.711977 3.974858 1.528372
v 0.248332 3.974858 1.618069
v -0.222509 3.974858 1.565834
v -0.649621 3.974858 1.378441
v -1.008571 3.974858 1.070116
v -1.262443 3.974858 0.670558
v -1.394599 3.974858 0.196313
v -1.377739 3.974858 -0.299380
v -1.206535 3.974858 -0.767630
v -0.893423 3.974858 -1.157851
v -0.456865 3.974858 -1.432251
v -0.250414 3.444877 -1.236204
v 0.241532 3.444877 -1.360914
v 0.751842 3.444877 -1.309462
v 1.216243 3.444877 -1.088684
v 1.581351 3.444877 -0.725894
v 1.805450 3.444877 -0.278273
v 1.874291 3.444877 0.221332
v 1.787956 3.444877 0.692705
v 1.563938 3.444877 1.105501
v 1.230035 3.444877 1.422744
v 0.836227 3.444877 1.611824
v 0.398647 3.444877 1.676680
v -0.024747 3.444877 1.608852
v -0.401364 3.444877 1.425853
v -0.719073 3.444877 1.143406
v -0.954286 3.444877 0.777979
v -1.085969 3.444877 0.345696
v -1.087528 3.444877 -0.113346
v -0.947627 3.444877 -0.563163
v -0.658693 3.444877 -0.957954
v -0.449108 2.914896 -0.976258
v -0.039988 2.914896 -1.208013
v 0.428207 2.914896 -1.288830
v 0.901895 2.914896 -1.206313
v 1.322369 2.914896 -0.971536
v 1.642240 2.914896 -0.615674
v 1.829352 2.914896 -0.184611
v 1.871650 2.914896 0.269327
v 1.767637 2.914896 0.719515
v 1.547114 2.914896 1.085894
v 1.221185 2.914896 1.371819
v 0.835390 2.914896 1.537919
v 0.424655 2.914896 1.578888
v 0.022729 2.914896 1.497411
v -0.336857 2.914896 1.304376
v -0.633676 2.914896 1.015388
v -0.843714 2.914896 0.648000
v -0.941847 2.914896 0.234623
v -0.915419 2.914896 -0.209765
v -0.747290 2.914896 -0.630046
v -0.672091 2.384915 -0.724634
v -0.337792 2.384915 -1.006649
v 0.058325 2.384915 -1.163756
v 0.493157 2.384915 -1.184379
v 0.913335 2.384915 -1.063191
v 1.274292 2.384915 -0.811557
v 1.534454 2.384915 -0.462211
v 1.670484 2.384915 -0.053223
v 1.670378 2.384915 0.380611
v 1.540197 2.384915 0.779047
v 1.302691 2.384915 1.106382
v 0.964941 2.384915 1.354860
v 0.585044 2.384915 1.479632
v 0.173183 2.384915 1.486363
v -0.209575 2.384915 1.369297
v -0.543287 2.384915 1.143269
v -0.796782 2.384915 0.827768
v -0.945807 2.384915 0.453029
v -0.979902 2.384915 0.043849
v -0.886992 2.384915 -0.364864
v -0.874374 1.854934 -0.638059
v -0.597428 1.854934 -0.919434
v -0.245996 1.854934 -1.101975
v 0.143477 1.854934 -1.166319
v 0.534027 1.854934 -1.106826
v 0.893896 1.854934 -0.923190
v 1.172340 1.854934 -0.644165
v 1.352585 1.854934 -0.282922
v 1.409979 1.854934 0.106424
v 1.343911 1.854934 0.494764
v 1.161264 1.854934 0.844553
v 0.879892 1.854934 1.121355
v 0.527345 1.854934 1.298068
v 0.148346 1.854934 1.356502
v -0.240309 1.854934 1.295488
v -0.591119 1.854934 1.116867
v -0.863361 1.854934 0.844431
v -1.044994 1.854934 0.493823
v -1.109682 1.854934 0.104004
v -1.050940 1.854934 -0.285144
v -0.999799 1.369388 -0.675870
v -0.734963 1.369388 -0.957429
v -0.396271 1.368979 -1.143374
v -0.016825 1.368473 -1.215062
v 0.366306 1.367884 -1.165515
v 0.715255 1.367813 -1.000813
v 0.994594 1.366387 -0.736129
v 1.178763 1.366334 -0.399135
v 1.248599 1.365767 -0.021728
v 1.198030 1.365283 0.359160
v 1.032933 1.365283 0.707049
v 0.768961 1.365283 0.987689
v 0.432107 1.365767 1.174022
v 0.055010 1.365767 1.247225
v -0.325888 1.366334 1.200520
v -0.673503 1.366387 1.037291
v -0.954677 1.367813 0.774559
v -1.140265 1.367884 0.436182
v -1.213016 1.368473 0.056656
v -1.164609 1.368979 -0.326523
v -1.077960 0.812393 -0.733862
v -0.798407 0.812393 -1.031067
v -0.440695 0.812393 -1.227340
v -0.039816 0.812393 -1.303445
v 0.364994 0.812393 -1.251928
v 0.734080 0.812393 -1.077860
v 1.031300 0.812393 -0.798291
v 1.227532 0.812393 -0.440616
v 1.303595 0.812393 -0.039819
v 1.252073 0.812393 0.364895
v 1.078016 0.812393 0.733914
v 0.798462 0.812393 1.031119
v 0.440777 0.812393 1.227417
v 0.039971 0.812393 1.303591
v -0.364728 0.812393 1.252179
v -0.733733 0.812393 1.078186
v -1.030953 0.812393 0.798617
v -1.227265 0.812393 0.440867
v -1.303440 0.812393 0.039964
v -1.251992 0.812393 -0.364818
v -0.770117 0.504132 1.131193
v -1.081983 0.504132 0.837849
v -1.287936 0.504132 0.462490
v -1.367817 0.504132 0.041860
v -1.313807 0.504132 -0.382867
v -1.131193 0.504132 -0.770117
v -0.837849 0.504132 -1.081983
v -0.462490 0.504132 -1.287936
v -0.041860 0.504132 -1.367818
v 0.382867 0.504132 -1.313807
v 0.770117 0.504132 -1.131193
v 1.081983 0.504132 -0.837849
v 1.287936 0.504132 -0.462490
v 1.367818 0.504132 -0.041860
v 1.313807 0.504132 0.382867
v 1.131193 0.504132 0.770117
v 0.837849 0.504132 1.081983
v 0.462490 0.504132 1.287936
v 0.041860 0.504132 1.367818
v -0.382867 0.504132 1.313808
v -1.038497 1.057811 -0.706656
v -0.768838 1.057811 -0.993341
v -0.423823 1.057811 -1.182699
v -0.037071 1.057811 -1.256051
v 0.353583 1.057811 -1.206195
v 0.709542 1.057570 -1.037958
v 0.996129 1.057570 -0.768391
v 1.185187 1.057570 -0.423629
v 1.258264 1.057570 -0.037368
v 1.208306 1.057570 0.352676
v 1.040329 1.057570 0.708441
v 0.770732 1.057570 0.995061
v 0.425905 1.057570 1.184478
v 0.039646 1.057570 1.258195
v -0.350362 1.057570 1.208874
v -0.706039 1.057570 1.041253
v -0.992627 1.057570 0.771685
v -1.182315 1.057811 0.426680
v -1.255967 1.057811 0.039806
v -1.206402 1.057811 -0.350707
vt 0.000000 0.000000
vt 0.666666 0.000000
vt 0.033333 0.000000
vt 0.066667 0.000000
vt 0.100000 0.000000
vt 0.133333 0.000000
vt 0.166667 0.000000
vt 0.200000 0.000000
vt 0.233333 0.000000
vt 0.266666 0.000000
vt 0.300000 0.000000
vt 0.333333 0.000000
vt 0.366666 0.000000
vt 0.400000 0.000000
vt 0.433333 0.000000
vt 0.466666 0.000000
vt 0.500000 0.000000
vt 0.533333 0.000000
vt 0.566666 0.000000
vt 0.599999 0.000000
vt 0.633333 0.000000
vt 0.666666 1.000000
vt 0.000000 1.000000
vt 0.033333 1.000000
vt 0.066667 1.000000
vt 0.100000 1.000000
vt 0.133333 1.000000
vt 0.166667 1.000000
vt 0.200000 1.000000
vt 0.233333 1.000000
vt 0.266666 1.000000
vt 0.300000 1.000000
vt 0.333333 1.000000
vt 0.366666 1.000000
vt 0.400000 1.000000
vt 0.433333 1.000000
vt 0.466666 1.000000
vt 0.500000 1.000000
vt 0.533333 1.000000
vt 0.566666 1.000000
vt 0.599999 1.000000
vt 0.633333 1.000000
vt 0.499999 0.952381
vt 0.466666 0.952381
vt 0.433333 0.952381
vt 0.400000 0.952381
vt 0.366666 0.952381
vt 0.333333 0.952381
vt 0.300000 0.952381
vt 0.266666 0.952381
vt 0.233333 0.952381
vt 0.200000 0.952381
vt 0.166667 0.952381
vt 0.133333 0.952381
vt 0.100000 0.952381
vt 0.066667 0.952381
vt 0.033333 0.952381
vt 0.000000 0.952381
vt 0.666666 0.952381
vt 0.633333 0.952381
vt 0.599999 0.952381
vt 0.566666 0.952381
vt 0.533333 0.952381
vt 0.499999 0.904762
vt 0.466666 0.904762
vt 0.433333 0.904762
vt 0.400000 0.904762
vt 0.366666 0.904762
vt 0.333333 0.904762
vt 0.300000 0.904762
vt 0.266666 0.904762
vt 0.233333 0.904762
vt 0.200000 0.904762
vt 0.166667 0.904762
vt 0.133333 0.904762
vt 0.100000 0.904762
vt 0.066667 0.904762
vt 0.033333 0.904762
vt 0.000000 0.904762
vt 0.666666 0.904762
vt 0.633333 0.904762
vt 0.599999 0.904762
vt 0.566666 0.904762
vt 0.533333 0.904762
vt 0.499999 0.857143
vt 0.466666 0.857143
vt 0.433333 0.857143
vt 0.400000 0.857143
vt 0.366666 0.857143
vt 0.333333 0.857143
vt 0.300000 0.857143
vt 0.266666 0.857143
vt 0.233333 0.857143
vt 0.200000 0.857143
vt 0.166667 0.857143
vt 0.133333 0.857143
vt 0.100000 0.857143
vt 0.066667 0.857143
vt 0.033333 0.857143
vt 0.000000 0.857143
vt 0.666666 0.857143
vt 0.633333 0.857143
vt 0.599999 0.857143
vt 0.566666 0.857143
vt 0.533333 0.857143
vt 0.499999 0.809524
vt 0.466666 0.809524
vt 0.433333 0.809524
vt 0.400000 0.809524
vt 0.366666 0.809524
vt 0.333333 0.809524
vt 0.300000 0.809524
vt 0.266666 0.809524
vt 0.233333 0.809524
vt 0.200000 0.809524
vt 0.166667 0.809524
vt 0.133333 0.809524
vt 0.100000 0.809524
vt 0.066667 0.809524
vt 0.033333 0.809524
vt 0.000000 0.809524
vt 0.666666 0.809524
vt 0.633333 0.809524
vt 0.599999 0.809524
vt 0.566666 0.809524
vt 0.533333 0.809524
vt 0.499999 0.761905
vt 0.466666 0.761905
vt 0.433333 0.761905
vt 0.400000 0.761905
vt 0.366666 0.761905
vt 0.333333 0.761905
vt 0.300000 0.761905
vt 0.266666 0.761905
vt 0.233333 0.761905
vt 0.200000 0.761905
vt 0.166667 0.761905
vt 0.133333 0.761905
vt 0.100000 0.761905
vt 0.066667 0.761905
vt 0.033333 0.761905
vt 0.000000 0.761905
vt 0.666666 0.761905
vt 0.633333 0.761905
vt 0.599999 0.761905
vt 0.566666 0.761905
vt 0.533333 0.761905
vt 0.499999 0.714286
vt 0.466666 0.714286
vt 0.433333 0.714286
vt 0.400000 0.714286
vt 0.366666 0.714286
vt 0.333333 0.714286
vt 0.300000 0.714286
vt 0.266666 0.714286
vt 0.233333 0.714286
vt 0.200000 0.714286
vt 0.166667 0.714286
vt 0.133333 0.714286
vt 0.100000 0.714286
vt 0.066667 0.714286
vt 0.033333 0.714286
vt 0.000000 0.714286
vt 0.666666 0.714286
vt 0.633333 0.714286
vt 0.599999 0.714286
vt 0.566666 0.714286
vt 0.533333 0.714286
vt 0.499999 0.666667
vt 0.466666 0.666667
vt 0.433333 0.666667
vt 0.400000 0.666667
vt 0.366666 0.666667
vt 0.333333 0.666667
vt 0.300000 0.666667
vt 0.266666 0.666667
vt 0.233333 0.666667
vt 0.200000 0.666667
vt 0.166667 0.666667
vt 0.133333 0.666667
vt 0.100000 0.666667
vt 0.066667 0.666667
vt 0.033333 0.666667
vt 0.000000 0.666667
vt 0.666666 0.666667
vt 0.633333 0.666667
vt 0.599999 0.666667
vt 0.566666 0.666667
vt 0.533333 0.666667
vt 0.499999 0.619048
vt 0.466666 0.619048
vt 0.433333 0.619048
vt 0.400000 0.619048
vt 0.366666 0.619048
vt 0.333333 0.619048
vt 0.300000 0.619048
vt 0.266666 0.619048
vt 0.233333 0.619048
vt 0.200000 0.619048
vt 0.166667 0.619048
vt 0.133333 0.619048
vt 0.100000 0.619048
vt 0.066667 0.619048
vt 0.033333 0.619048
vt 0.000000 0.619048
vt 0.666666 0.619048
vt 0.633333 0.619048
vt 0.599999 0.619048
vt 0.566666 0.619048
vt 0.533333 0.619048
vt 0.499999 0.571428
vt 0.466666 0.571428
vt 0.433333 0.571428
vt 0.400000 0.571428
vt 0.366666 0.571428
vt 0.333333 0.571428
vt 0.300000 0.571428
vt 0.266666 0.571428
vt 0.233333 0.571428
vt 0.200000 0.571428
vt 0.166667 0.571428
vt 0.133333 0.571428
vt 0.100000 0.571428
vt 0.066667 0.571428
vt 0.033333 0.571428
vt 0.000000 0.571428
vt 0.666666 0.571428
vt 0.633333 0.571428
vt 0.599999 0.571428
vt 0.566666 0.571428
vt 0.533333 0.571428
vt 0.499999 0.523809
vt 0.466666 0.523809
vt 0.433333 0.523809
vt 0.400000 0.523809
vt 0.366666 0.523809
vt 0.333333 0.523809
vt 0.300000 0.523809
vt 0.266666 0.523809
vt 0.233333 0.523809
vt 0.200000 0.523809
vt 0.166667 0.523809
vt 0.133333 0.523809
vt 0.100000 0.523809
vt 0.066667 0.523809
vt 0.033333 0.523809
vt 0.000000 0.523809
vt 0.666666 0.523809
vt 0.633333 0.523809
vt 0.599999 0.523809
vt 0.566666 0.523809
vt 0.533333 0.523809
vt 0.499999 0.476190
vt 0.466666 0.476190
vt 0.433333 0.476190
vt 0.400000 0.476190
vt 0.366666 0.476190
vt 0.333333 0.476190
vt 0.300000 0.476190
vt 0.266666 0.476190
vt 0.233333 0.476190
vt 0.200000 0.476190
vt 0.166667 0.476190
vt 0.133333 0.476190
vt 0.100000 0.476190
vt 0.066667 0.476190
vt 0.033333 0.476190
vt 0.000000 0.476190
vt 0.666666 0.476190
vt 0.633333 0.476190
vt 0.599999 0.476190
vt 0.566666 0.476190
vt 0.533333 0.476190
vt 0.499999 0.428571
vt 0.466666 0.428571
vt 0.433333 0.428571
vt 0.400000 0.428571
vt 0.366666 0.428571
vt 0.333333 0.428571
vt 0.300000 0.428571
vt 0.266666 0.428571
vt 0.233333 0.428571
vt 0.200000 0.428571
vt 0.166667 0.428571
vt 0.133333 0.428571
vt 0.100000 0.428571
vt 0.066667 0.428571
vt 0.033333 0.428571
vt 0.000000 0.428571
vt 0.666666 0.428571
vt 0.633333 0.428571
vt 0.599999 0.428571
vt 0.566666 0.428571
vt 0.533333 0.428571
vt 0.499999 0.380952
vt 0.466666 0.380952
vt 0.433333 0.380952
vt 0.400000 0.380952
vt 0.366666 0.380952
vt 0.333333 0.380952
vt 0.300000 0.380952
vt 0.266666 0.380952
vt 0.233333 0.380952
vt 0.200000 0.380952
vt 0.166667 0.380952
vt 0.133333 0.380952
vt 0.100000 0.380952
vt 0.066667 0.380952
vt 0.033333 0.380952
vt 0.000000 0.380952
vt 0.666666 0.380952
vt 0.633333 0.380952
vt 0.599999 0.380952
vt 0.566666 0.380952
vt 0.533333 0.380952
vt 0.499999 0.333333
vt 0.466666 0.333333
vt 0.433333 0.333333
vt 0.400000 0.333333
vt 0.366666 0.333333
vt 0.333333 0.333333
vt 0.300000 0.333333
vt 0.266666 0.333333
vt 0.233333 0.333333
vt 0.200000 0.333333
vt 0.166667 0.333333
vt 0.133333 0.333333
vt 0.100000 0.333333
vt 0.066667 0.333333
vt 0.033333 0.333333
vt 0.000000 0.333333
vt 0.666666 0.333333
vt 0.633333 0.333333
vt 0.599999 0.333333
vt 0.566666 0.333333
vt 0.533333 0.333333
vt 0.499999 0.285714
vt 0.466666 0.285714
vt 0.433333 0.285714
vt 0.400000 0.285714
vt 0.366666 0.285714
vt 0.333333 0.285714
vt 0.300000 0.285714
vt 0.266666 0.285714
vt 0.233333 0.285714
vt 0.200000 0.285714
vt 0.166667 0.285714
vt 0.133333 0.285714
vt 0.100000 0.285714
vt 0.066667 0.285714
vt 0.033333 0.285714
vt 0.000000 0.285714
vt 0.666666 0.285714
vt 0.633333 0.285714
vt 0.599999 0.285714
vt 0.566666 0.285714
vt 0.533333 0.285714
vt 0.499999 0.238095
vt 0.466666 0.238095
vt 0.433333 0.238095
vt 0.400000 0.238095
vt 0.366666 0.238095
vt 0.333333 0.238095
vt 0.300000 0.238095
vt 0.266666 0.238095
vt 0.233333 0.238095
vt 0.200000 0.238095
vt 0.166667 0.238095
vt 0.133333 0.238095
vt 0.100000 0.238095
vt 0.066667 0.238095
vt 0.033333 0.238095
vt 0.000000 0.238095
vt 0.666666 0.238095
vt 0.633333 0.238095
vt 0.599999 0.238095
vt 0.566666 0.238095
vt 0.533333 0.238095
vt 0.499999 0.190476
vt 0.466666 0.190476
vt 0.433333 0.190476
vt 0.400000 0.190476
vt 0.366666 0.190476
vt 0.333333 0.190476
vt 0.300000 0.190476
vt 0.266666 0.190476
vt 0.233333 0.190476
vt 0.200000 0.190476
vt 0.166667 0.190476
vt 0.133333 0.190476
vt 0.100000 0.190476
vt 0.066667 0.190476
vt 0.033333 0.190476
vt 0.000000 0.190476
vt 0.666666 0.190476
vt 0.633333 0.190476
vt 0.599999 0.190476
vt 0.566666 0.190476
vt 0.533333 0.190476
vt 0.499999 0.142857
vt 0.466666 0.142857
vt 0.433333 0.142857
vt 0.400000 0.142857
vt 0.366666 0.142857
vt 0.333333 0.142857
vt 0.300000 0.142857
vt 0.266666 0.142857
vt 0.233333 0.142857
vt 0.200000 0.142857
vt 0.166667 0.142857
vt 0.133333 0.142857
vt 0.100000 0.142857
vt 0.066667 0.142857
vt 0.033333 0.142857
vt 0.000000 0.142857
vt 0.666666 0.142857
vt 0.633333 0.142857
vt 0.599999 0.142857
vt 0.566666 0.142857
vt 0.533333 0.142857
vt 0.499999 0.098810
vt 0.466666 0.098810
vt 0.433333 0.098810
vt 0.400000 0.098810
vt 0.366666 0.098810
vt 0.333333 0.098810
vt 0.300000 0.098810
vt 0.266666 0.098810
vt 0.233333 0.098810
vt 0.200000 0.098810
vt 0.166667 0.098810
vt 0.133333 0.098810
vt 0.100000 0.098810
vt 0.066667 0.098810
vt 0.033333 0.098810
vt 0.000000 0.095238
vt 0.666666 0.095238
vt 0.633333 0.098810
vt 0.599999 0.098810
vt 0.566666 0.098810
vt 0.533333 0.098810
vt 0.499999 0.048214
vt 0.466666 0.048214
vt 0.433333 0.048214
vt 0.400000 0.048214
vt 0.366666 0.048214
vt 0.333333 0.048214
vt 0.300000 0.048214
vt 0.266666 0.048214
vt 0.233333 0.048214
vt 0.200000 0.048214
vt 0.166667 0.048214
vt 0.133333 0.048214
vt 0.100000 0.048214
vt 0.066667 0.048214
vt 0.033333 0.048214
vt 0.000000 0.047619
vt 0.666666 0.047619
vt 0.633333 0.048214
vt 0.599999 0.048214
vt 0.566666 0.048214
vt 0.533333 0.048214
vt 0.000000 0.023810
vt 0.666666 0.023810
vt 0.633333 0.023810
vt 0.599999 0.023810
vt 0.566666 0.023810
vt 0.533333 0.023810
vt 0.500000 0.023810
vt 0.466666 0.023810
vt 0.433333 0.023810
vt 0.400000 0.023810
vt 0.366666 0.023810
vt 0.333333 0.023810
vt 0.300000 0.023810
vt 0.266666 0.023810
vt 0.233333 0.023810
vt 0.200000 0.023810
vt 0.166667 0.023810
vt 0.133333 0.023810
vt 0.100000 0.023810
vt 0.066667 0.023810
vt 0.033333 0.023810
vt 0.500000 0.075000
vt 0.466666 0.075000
vt 0.433333 0.075000
vt 0.400000 0.075000
vt 0.366666 0.075000
vt 0.333333 0.075000
vt 0.300000 0.075000
vt 0.266666 0.075000
vt 0.233333 0.075000
vt 0.200000 0.075000
vt 0.166667 0.075000
vt 0.133333 0.075000
vt 0.100000 0.075000
vt 0.066667 0.075000
vt 0.033333 0.075000
vt 0.000000 0.076190
vt 0.666666 0.076190
vt 0.633333 0.075000
vt 0.599999 0.075000
vt 0.566666 0.075000
vt 0.533333 0.075000
vt 0.016667 0.011905
vt 0.050000 0.011905
vt 0.083333 0.011905
vt 0.116666 0.011905
vt 0.150000 0.011905
vt 0.183333 0.011905
vt 0.216666 0.011905
vt 0.250000 0.011905
vt 0.283333 0.011905
vt 0.316666 0.011905
vt 0.350000 0.011905
vt 0.383333 0.011905
vt 0.416666 0.011905
vt 0.449999 0.011905
vt 0.483333 0.011905
vt 0.516666 0.011905
vt 0.550000 0.011905
vt 0.583333 0.011905
vt 0.616666 0.011905
vt 0.649999 0.011905
vt 0.483333 0.976191
vt 0.449999 0.976191
vt 0.416666 0.976191
vt 0.383333 0.976191
vt 0.350000 0.976191
vt 0.316666 0.976191
vt 0.283333 0.976191
vt 0.250000 0.976191
vt 0.216666 0.976191
vt 0.183333 0.976191
vt 0.150000 0.976191
vt 0.116666 0.976191
vt 0.083333 0.976191
vt 0.050000 0.976191
vt 0.016667 0.976191
vt 0.649999 0.976191
vt 0.616666 0.976191
vt 0.583333 0.976191
vt 0.550000 0.976191
vt 0.516666 0.976191
vt 0.483333 0.928572
vt 0.449999 0.928572
vt 0.416666 0.928572
vt 0.383333 0.928572
vt 0.350000 0.928572
vt 0.316666 0.928572
vt 0.283333 0.928572
vt 0.250000 0.928572
vt 0.216666 0.928572
vt 0.183333 0.928572
vt 0.150000 0.928572
vt 0.116666 0.928572
vt 0.083333 0.928572
vt 0.050000 0.928572
vt 0.016667 0.928572
vt 0.649999 0.928572
vt 0.616666 0.928572
vt 0.583333 0.928572
vt 0.550000 0.928572
vt 0.516666 0.928572
vt 0.483333 0.880953
vt 0.449999 0.880953
vt 0.416666 0.880953
vt 0.383333 0.880953
vt 0.350000 0.880953
vt 0.316666 0.880953
vt 0.283333 0.880953
vt 0.250000 0.880953
vt 0.216666 0.880953
vt 0.183333 0.880953
vt 0.150000 0.880953
vt 0.116666 0.880953
vt 0.083333 0.880953
vt 0.050000 0.880953
vt 0.016667 0.880953
vt 0.649999 0.880953
vt 0.616666 0.880953
vt 0.583333 0.880953
vt 0.550000 0.880953
vt 0.516666 0.880953
vt 0.483333 0.833333
vt 0.449999 0.833333
vt 0.416666 0.833333
vt 0.383333 0.833333
vt 0.350000 0.833333
vt 0.316666 0.833333
vt 0.283333 0.833333
vt 0.250000 0.833333
vt 0.216666 0.833333
vt 0.183333 0.833333
vt 0.150000 0.833333
vt 0.116666 0.833333
vt 0.083333 0.833333
vt 0.050000 0.833333
vt 0.016667 0.833333
vt 0.649999 0.833333
vt 0.616666 0.833333
vt 0.583333 0.833333
vt 0.550000 0.833333
vt 0.516666 0.833333
vt 0.483333 0.785714
vt 0.449999 0.785714
vt 0.416666 0.785714
vt 0.383333 0.785714
vt 0.350000 0.785714
vt 0.316666 0.785714
vt 0.283333 0.785714
vt 0.250000 0.785714
vt 0.216666 0.785714
vt 0.183333 0.785714
vt 0.150000 0.785714
vt 0.116666 0.785714
vt 0.083333 0.785714
vt 0.050000 0.785714
vt 0.016667 0.785714
vt 0.649999 0.785714
vt 0.616666 0.785714
vt 0.583333 0.785714
vt 0.550000 0.785714
vt 0.516666 0.785714
vt 0.483333 0.738095
vt 0.449999 0.738095
vt 0.416666 0.738095
vt 0.383333 0.738095
vt 0.350000 0.738095
vt 0.316666 0.738095
vt 0.283333 0.738095
vt 0.250000 0.738095
vt 0.216666 0.738095
vt 0.183333 0.738095
vt 0.150000 0.738095
vt 0.116666 0.738095
vt 0.083333 0.738095
vt 0.050000 0.738095
vt 0.016667 0.738095
vt 0.649999 0.738095
vt 0.616666 0.738095
vt 0.583333 0.738095
vt 0.550000 0.738095
vt 0.516666 0.738095
vt 0.483333 0.690476
vt 0.449999 0.690476
vt 0.416666 0.690476
vt 0.383333 0.690476
vt 0.350000 0.690476
vt 0.316666 0.690476
vt 0.283333 0.690476
vt 0.250000 0.690476
vt 0.216666 0.690476
vt 0.183333 0.690476
vt 0.150000 0.690476
vt 0.116666 0.690476
vt 0.083333 0.690476
vt 0.050000 0.690476
vt 0.016667 0.690476
vt 0.649999 0.690476
vt 0.616666 0.690476
vt 0.583333 0.690476
vt 0.550000 0.690476
vt 0.516666 0.690476
vt 0.483333 0.642857
vt 0.449999 0.642857
vt 0.416666 0.642857
vt 0.383333 0.642857
vt 0.350000 0.642857
vt 0.316666 0.642857
vt 0.283333 0.642857
vt 0.250000 0.642857
vt 0.216666 0.642857
vt 0.183333 0.642857
vt 0.150000 0.642857
vt 0.116666 0.642857
vt 0.083333 0.642857
vt 0.050000 0.642857
vt 0.016667 0.642857
vt 0.649999 0.642857
vt 0.616666 0.642857
vt 0.583333 0.642857
vt 0.550000 0.642857
vt 0.516666 0.642857
vt 0.483333 0.595238
vt 0.449999 0.595238
vt 0.416666 0.595238
vt 0.383333 0.595238
vt 0.350000 0.595238
vt 0.316666 0.595238
vt 0.283333 0.595238
vt 0.250000 0.595238
vt 0.216666 0.595238
vt 0.183333 0.595238
vt 0.150000 0.595238
vt 0.116666 0.595238
vt 0.083333 0.595238
vt 0.050000 0.595238
vt 0.016667 0.595238
vt 0.649999 0.595238
vt 0.616666 0.595238
vt 0.583333 0.595238
vt 0.550000 0.595238
vt 0.516666 0.595238
vt 0.483333 0.547619
vt 0.449999 0.547619
vt 0.416666 0.547619
vt 0.383333 0.547619
vt 0.350000 0.547619
vt 0.316666 0.547619
vt 0.283333 0.547619
vt 0.250000 0.547619
vt 0.216666 0.547619
vt 0.183333 0.547619
vt 0.150000 0.547619
vt 0.116666 0.547619
vt 0.083333 0.547619
vt 0.050000 0.547619
vt 0.016667 0.547619
vt 0.649999 0.547619
vt 0.616666 0.547619
vt 0.583333 0.547619
vt 0.550000 0.547619
vt 0.516666 0.547619
vt 0.483333 0.500000
vt 0.449999 0.500000
vt 0.416666 0.500000
vt 0.383333 0.500000
vt 0.350000 0.500000
vt 0.316666 0.500000
vt 0.283333 0.500000
vt 0.250000 0.500000
vt 0.216666 0.500000
vt 0.183333 0.500000
vt 0.150000 0.500000
vt 0.116666 0.500000
vt 0.083333 0.500000
vt 0.050000 0.500000
vt 0.016667 0.500000
vt 0.649999 0.500000
vt 0.616666 0.500000
vt 0.583333 0.500000
vt 0.550000 0.500000
vt 0.516666 0.500000
vt 0.483333 0.452381
vt 0.449999 0.452381
vt 0.416666 0.452381
vt 0.383333 0.452381
vt 0.350000 0.452381
vt 0.316666 0.452381
vt 0.283333 0.452381
vt 0.250000 0.452381
vt 0.216666 0.452381
vt 0.183333 0.452381
vt 0.150000 0.452381
vt 0.116666 0.452381
vt 0.083333 0.452381
vt 0.050000 0.452381
vt 0.016667 0.452381
vt 0.649999 0.452381
vt 0.616666 0.452381
vt 0.583333 0.452381
vt 0.550000 0.452381
vt 0.516666 0.452381
vt 0.483333 0.404762
vt 0.449999 0.404762
vt 0.416666 0.404762
vt 0.383333 0.404762
vt 0.350000 0.404762
vt 0.316666 0.404762
vt 0.283333 0.404762
vt 0.250000 0.404762
vt 0.216666 0.404762
vt 0.183333 0.404762
vt 0.150000 0.404762
vt 0.116666 0.404762
vt 0.083333 0.404762
vt 0.050000 0.404762
vt 0.016667 0.404762
vt 0.649999 0.404762
vt 0.616666 0.404762
vt 0.583333 0.404762
vt 0.550000 0.404762
vt 0.516666 0.404762
vt 0.483333 0.357143
vt 0.449999 0.357143
vt 0.416666 0.357143
vt 0.383333 0.357143
vt 0.350000 0.357143
vt 0.316666 0.357143
vt 0.283333 0.357143
vt 0.250000 0.357143
vt 0.216666 0.357143
vt 0.183333 0.357143
vt 0.150000 0.357143
vt 0.116666 0.357143
vt 0.083333 0.357143
vt 0.050000 0.357143
vt 0.016667 0.357143
vt 0.649999 0.357143
vt 0.616666 0.357143
vt 0.583333 0.357143
vt 0.550000 0.357143
vt 0.516666 0.357143
vt 0.483333 0.309524
vt 0.449999 0.309524
vt 0.416666 0.309524
vt 0.383333 0.309524
vt 0.350000 0.309524
vt 0.316666 0.309524
vt 0.283333 0.309524
vt 0.250000 0.309524
vt 0.216666 0.309524
vt 0.183333 0.309524
vt 0.150000 0.309524
vt 0.116666 0.309524
vt 0.083333 0.309524
vt 0.050000 0.309524
vt 0.016667 0.309524
vt 0.649999 0.309524
vt 0.616666 0.309524
vt 0.583333 0.309524
vt 0.550000 0.309524
vt 0.516666 0.309524
vt 0.483333 0.261905
vt 0.449999 0.261905
vt 0.416666 0.261905
vt 0.383333 0.261905
vt 0.350000 0.261905
vt 0.316666 0.261905
vt 0.283333 0.261905
vt 0.250000 0.261905
vt 0.216666 0.261905
vt 0.183333 0.261905
vt 0.150000 0.261905
vt 0.116666 0.261905
vt 0.083333 0.261905
vt 0.050000 0.261905
vt 0.016667 0.261905
vt 0.649999 0.261905
vt 0.616666 0.261905
vt 0.583333 0.261905
vt 0.550000 0.261905
vt 0.516666 0.261905
vt 0.483333 0.214286
vt 0.449999 0.214286
vt 0.416666 0.214286
vt 0.383333 0.214286
vt 0.350000 0.214286
vt 0.316666 0.214286
vt 0.283333 0.214286
vt 0.250000 0.214286
vt 0.216666 0.214286
vt 0.183333 0.214286
vt 0.150000 0.214286
vt 0.116666 0.214286
vt 0.083333 0.214286
vt 0.050000 0.214286
vt 0.016667 0.214286
vt 0.649999 0.214286
vt 0.616666 0.214286
vt 0.583333 0.214286
vt 0.550000 0.214286
vt 0.516666 0.214286
vt 0.483333 0.166667
vt 0.449999 0.166667
vt 0.416666 0.166667
vt 0.383333 0.166667
vt 0.350000 0.166667
vt 0.316666 0.166667
vt 0.283333 0.166667
vt 0.250000 0.166667
vt 0.216666 0.166667
vt 0.183333 0.166667
vt 0.150000 0.166667
vt 0.116666 0.166667
vt 0.083333 0.166667
vt 0.050000 0.166667
vt 0.016667 0.166667
vt 0.649999 0.166667
vt 0.616666 0.166667
vt 0.583333 0.166667
vt 0.550000 0.166667
vt 0.516666 0.166667
vt 0.483333 0.119048
vt 0.449999 0.119048
vt 0.416666 0.119048
vt 0.383333 0.119048
vt 0.350000 0.119048
vt 0.316666 0.119048
vt 0.283333 0.119048
vt 0.250000 0.119048
vt 0.216666 0.119048
vt 0.183333 0.119048
vt 0.150000 0.119048
vt 0.116666 0.119048
vt 0.083333 0.119048
vt 0.050000 0.119048
vt 0.016667 0.119048
vt 0.649999 0.119048
vt 0.616666 0.119048
vt 0.583333 0.119048
vt 0.550000 0.119048
vt 0.516666 0.119048
vt 0.483333 0.061905
vt 0.449999 0.061905
vt 0.416666 0.061905
vt 0.383333 0.061905
vt 0.350000 0.061905
vt 0.316666 0.061905
vt 0.283333 0.061905
vt 0.250000 0.061905
vt 0.216666 0.061905
vt 0.183333 0.061905
vt 0.150000 0.061905
vt 0.116666 0.061905
vt 0.083333 0.061905
vt 0.050000 0.061905
vt 0.016667 0.061905
vt 0.649999 0.061905
vt 0.616666 0.061905
vt 0.583333 0.061905
vt 0.550000 0.061905
vt 0.516666 0.061905
vt 0.649999 0.035714
vt 0.616666 0.035714
vt 0.583333 0.035714
vt 0.550000 0.035714
vt 0.516666 0.035714
vt 0.483333 0.035714
vt 0.449999 0.035714
vt 0.416666 0.035714
vt 0.383333 0.035714
vt 0.350000 0.035714
vt 0.316666 0.035714
vt 0.283333 0.035714
vt 0.250000 0.035714
vt 0.216666 0.035714
vt 0.183333 0.035714
vt 0.150000 0.035714
vt 0.116666 0.035714
vt 0.083333 0.035714
vt 0.050000 0.035714
vt 0.016667 0.035714
vt 0.483333 0.085714
vt 0.449999 0.085714
vt 0.416666 0.085714
vt 0.383333 0.085714
vt 0.350000 0.085714
vt 0.316666 0.085714
vt 0.283333 0.085714
vt 0.250000 0.085714
vt 0.216666 0.085714
vt 0.183333 0.085714
vt 0.150000 0.085714
vt 0.116666 0.085714
vt 0.083333 0.085714
vt 0.050000 0.085714
vt 0.016667 0.085714
vt 0.649999 0.085714
vt 0.616666 0.085714
vt 0.583333 0.085714
vt 0.550000 0.085714
vt 0.516666 0.085714
vt 0.016667 0.000000
vt 0.033333 0.011905
vt 0.016667 0.023810
vt 0.000000 0.011905
vt 0.666666 0.011905
vt 0.050000 0.000000
vt 0.066667 0.011905
vt 0.050000 0.023810
vt 0.083333 0.000000
vt 0.100000 0.011905
vt 0.083333 0.023810
vt 0.116667 0.000000
vt 0.133333 0.011905
vt 0.116667 0.023810
vt 0.150000 0.000000
vt 0.166667 0.011905
vt 0.150000 0.023810
vt 0.183333 0.000000
vt 0.200000 0.011905
vt 0.183333 0.023810
vt 0.216666 0.000000
vt 0.233333 0.011905
vt 0.216666 0.023810
vt 0.250000 0.000000
vt 0.266666 0.011905
vt 0.250000 0.023810
vt 0.283333 0.000000
vt 0.300000 0.011905
vt 0.283333 0.023810
vt 0.316666 0.000000
vt 0.333333 0.011905
vt 0.316666 0.023810
vt 0.350000 0.000000
vt 0.366666 0.011905
vt 0.350000 0.023810
vt 0.383333 0.000000
vt 0.400000 0.011905
vt 0.383333 0.023810
vt 0.416666 0.000000
vt 0.433333 0.011905
vt 0.416666 0.023810
vt 0.449999 0.000000
vt 0.466666 0.011905
vt 0.449999 0.023810
vt 0.483333 0.000000
vt 0.500000 0.011905
vt 0.483333 0.023810
vt 0.516666 0.000000
vt 0.533333 0.011905
vt 0.516666 0.023810
vt 0.550000 0.000000
vt 0.566666 0.011905
vt 0.550000 0.023810
vt 0.583333 0.000000
vt 0.599999 0.011905
vt 0.583333 0.023810
vt 0.616666 0.000000
vt 0.633333 0.011905
vt 0.616666 0.023810
vt 0.649999 0.000000
vt 0.649999 0.023810
vt 0.483333 0.952381
vt 0.500000 0.976191
vt 0.483333 1.000000
vt 0.466666 0.976191
vt 0.449999 0.952381
vt 0.449999 1.000000
vt 0.433333 0.976191
vt 0.416666 0.952381
vt 0.416666 1.000000
vt 0.400000 0.976191
vt 0.383333 0.952381
vt 0.383333 1.000000
vt 0.366666 0.976191
vt 0.350000 0.952381
vt 0.350000 1.000000
vt 0.333333 0.976191
vt 0.316666 0.952381
vt 0.316666 1.000000
vt 0.300000 0.976191
vt 0.283333 0.952381
vt 0.283333 1.000000
vt 0.266666 0.976191
vt 0.250000 0.952381
vt 0.250000 1.000000
vt 0.233333 0.976191
vt 0.216666 0.952381
vt 0.216666 1.000000
vt 0.200000 0.976191
vt 0.183333 0.952381
vt 0.183333 1.000000
vt 0.166667 0.976191
vt 0.150000 0.952381
vt 0.150000 1.000000
vt 0.133333 0.976191
vt 0.116667 0.952381
vt 0.116667 1.000000
vt 0.100000 0.976191
vt 0.083333 0.952381
vt 0.083333 1.000000
vt 0.066667 0.976191
vt 0.050000 0.952381
vt 0.050000 1.000000
vt 0.033333 0.976191
vt 0.016667 0.952381
vt 0.016667 1.000000
vt 0.000000 0.976191
vt 0.666666 0.976191
vt 0.649999 0.952381
vt 0.649999 1.000000
vt 0.633333 0.976191
vt 0.616666 0.952381
vt 0.616666 1.000000
vt 0.599999 0.976191
vt 0.583333 0.952381
vt 0.583333 1.000000
vt 0.566666 0.976191
vt 0.550000 0.952381
vt 0.550000 1.000000
vt 0.533333 0.976191
vt 0.516666 0.952381
vt 0.516666 1.000000
vt 0.483333 0.904762
vt 0.500000 0.928572
vt 0.466666 0.928572
vt 0.449999 0.904762
vt 0.433333 0.928572
vt 0.416666 0.904762
vt 0.400000 0.928572
vt 0.383333 0.904762
vt 0.366666 0.928572
vt 0.350000 0.904762
vt 0.333333 0.928572
vt 0.316666 0.904762
vt 0.300000 0.928572
vt 0.283333 0.904762
vt 0.266666 0.928572
vt 0.250000 0.904762
vt 0.233333 0.928572
vt 0.216666 0.904762
vt 0.200000 0.928572
vt 0.183333 0.904762
vt 0.166667 0.928572
vt 0.150000 0.904762
vt 0.133333 0.928572
vt 0.116667 0.904762
vt 0.100000 0.928572
vt 0.083333 0.904762
vt 0.066667 0.928572
vt 0.050000 0.904762
vt 0.033333 0.928572
vt 0.016667 0.904762
vt 0.000000 0.928571
vt 0.666666 0.928571
vt 0.649999 0.904762
vt 0.633333 0.928572
vt 0.616666 0.904762
vt 0.599999 0.928572
vt 0.583333 0.904762
vt 0.566666 0.928572
vt 0.550000 0.904762
vt 0.533333 0.928572
vt 0.516666 0.904762
vt 0.483333 0.857143
vt 0.500000 0.880953
vt 0.466666 0.880953
vt 0.449999 0.857143
vt 0.433333 0.880953
vt 0.416666 0.857143
vt 0.400000 0.880953
vt 0.383333 0.857143
vt 0.366666 0.880953
vt 0.350000 0.857143
vt 0.333333 0.880953
vt 0.316666 0.857143
vt 0.300000 0.880953
vt 0.283333 0.857143
vt 0.266666 0.880953
vt 0.250000 0.857143
vt 0.233333 0.880953
vt 0.216666 0.857143
vt 0.200000 0.880953
vt 0.183333 0.857143
vt 0.166667 0.880953
vt 0.150000 0.857143
vt 0.133333 0.880953
vt 0.116667 0.857143
vt 0.100000 0.880953
vt 0.083333 0.857143
vt 0.066667 0.880953
vt 0.050000 0.857143
vt 0.033333 0.880953
vt 0.016667 0.857143
vt 0.000000 0.880953
vt 0.666666 0.880953
vt 0.649999 0.857143
vt 0.633333 0.880953
vt 0.616666 0.857143
vt 0.599999 0.880953
vt 0.583333 0.857143
vt 0.566666 0.880953
vt 0.550000 0.857143
vt 0.533333 0.880953
vt 0.516666 0.857143
vt 0.483333 0.809524
vt 0.500000 0.833333
vt 0.466666 0.833333
vt 0.449999 0.809524
vt 0.433333 0.833333
vt 0.416666 0.809524
vt 0.400000 0.833333
vt 0.383333 0.809524
vt 0.366666 0.833333
vt 0.350000 0.809524
vt 0.333333 0.833333
vt 0.316666 0.809524
vt 0.300000 0.833333
vt 0.283333 0.809524
vt 0.266666 0.833333
vt 0.250000 0.809524
vt 0.233333 0.833333
vt 0.216666 0.809524
vt 0.200000 0.833333
vt 0.183333 0.809524
vt 0.166667 0.833333
vt 0.150000 0.809524
vt 0.133333 0.833333
vt 0.116667 0.809524
vt 0.100000 0.833333
vt 0.083333 0.809524
vt 0.066667 0.833333
vt 0.050000 0.809524
vt 0.033333 0.833333
vt 0.016667 0.809524
vt 0.000000 0.833333
vt 0.666666 0.833333
vt 0.649999 0.809524
vt 0.633333 0.833333
vt 0.616666 0.809524
vt 0.599999 0.833333
vt 0.583333 0.809524
vt 0.566666 0.833333
vt 0.550000 0.809524
vt 0.533333 0.833333
vt 0.516666 0.809524
vt 0.483333 0.761905
vt 0.500000 0.785714
vt 0.466666 0.785714
vt 0.449999 0.761905
vt 0.433333 0.785714
vt 0.416666 0.761905
vt 0.400000 0.785714
vt 0.383333 0.761905
vt 0.366666 0.785714
vt 0.350000 0.761905
vt 0.333333 0.785714
vt 0.316666 0.761905
vt 0.300000 0.785714
vt 0.283333 0.761905
vt 0.266666 0.785714
vt 0.250000 0.761905
vt 0.233333 0.785714
vt 0.216666 0.761905
vt 0.200000 0.785714
vt 0.183333 0.761905
vt 0.166667 0.785714
vt 0.150000 0.761905
vt 0.133333 0.785714
vt 0.116667 0.761905
vt 0.100000 0.785714
vt 0.083333 0.761905
vt 0.066667 0.785714
vt 0.050000 0.761905
vt 0.033333 0.785714
vt 0.016667 0.761905
vt 0.000000 0.785714
vt 0.666666 0.785714
vt 0.649999 0.761905
vt 0.633333 0.785714
vt 0.616666 0.761905
vt 0.599999 0.785714
vt 0.583333 0.761905
vt 0.566666 0.785714
vt 0.550000 0.761905
vt 0.533333 0.785714
vt 0.516666 0.761905
vt 0.483333 0.714286
vt 0.500000 0.738095
vt 0.466666 0.738095
vt 0.449999 0.714286
vt 0.433333 0.738095
vt 0.416666 0.714286
vt 0.400000 0.738095
vt 0.383333 0.714286
vt 0.366666 0.738095
vt 0.350000 0.714286
vt 0.333333 0.738095
vt 0.316666 0.714286
vt 0.300000 0.738095
vt 0.283333 0.714286
vt 0.266666 0.738095
vt 0.250000 0.714286
vt 0.233333 0.738095
vt 0.216666 0.714286
vt 0.200000 0.738095
vt 0.183333 0.714286
vt 0.166667 0.738095
vt 0.150000 0.714286
vt 0.133333 0.738095
vt 0.116667 0.714286
vt 0.100000 0.738095
vt 0.083333 0.714286
vt 0.066667 0.738095
vt 0.050000 0.714286
vt 0.033333 0.738095
vt 0.016667 0.714286
vt 0.000000 0.738095
vt 0.666666 0.738095
vt 0.649999 0.714286
vt 0.633333 0.738095
vt 0.616666 0.714286
vt 0.599999 0.738095
vt 0.583333 0.714286
vt 0.566666 0.738095
vt 0.550000 0.714286
vt 0.533333 0.738095
vt 0.516666 0.714286
vt 0.483333 0.666667
vt 0.500000 0.690476
vt 0.466666 0.690476
vt 0.449999 0.666667
vt 0.433333 0.690476
vt 0.416666 0.666667
vt 0.400000 0.690476
vt 0.383333 0.666667
vt 0.366666 0.690476
vt 0.350000 0.666667
vt 0.333333 0.690476
vt 0.316666 0.666667
vt 0.300000 0.690476
vt 0.283333 0.666667
vt 0.266666 0.690476
vt 0.250000 0.666667
vt 0.233333 0.690476
vt 0.216666 0.666667
vt 0.200000 0.690476
vt 0.183333 0.666667
vt 0.166667 0.690476
vt 0.150000 0.666667
vt 0.133333 0.690476
vt 0.116667 0.666667
vt 0.100000 0.690476
vt 0.083333 0.666667
vt 0.066667 0.690476
vt 0.050000 0.666667
vt 0.033333 0.690476
vt 0.016667 0.666667
vt 0.000000 0.690476
vt 0.666666 0.690476
vt 0.649999 0.666667
vt 0.633333 0.690476
vt 0.616666 0.666667
vt 0.599999 0.690476
vt 0.583333 0.666667
vt 0.566666 0.690476
vt 0.550000 0.666667
vt 0.533333 0.690476
vt 0.516666 0.666667
vt 0.483333 0.619048
vt 0.500000 0.642857
vt 0.466666 0.642857
vt 0.449999 0.619048
vt 0.433333 0.642857
vt 0.416666 0.619048
vt 0.400000 0.642857
vt 0.383333 0.619048
vt 0.366666 0.642857
vt 0.350000 0.619048
vt 0.333333 0.642857
vt 0.316666 0.619048
vt 0.300000 0.642857
vt 0.283333 0.619048
vt 0.266666 0.642857
vt 0.250000 0.619048
vt 0.233333 0.642857
vt 0.216666 0.619048
vt 0.200000 0.642857
vt 0.183333 0.619048
vt 0.166667 0.642857
vt 0.150000 0.619048
vt 0.133333 0.642857
vt 0.116667 0.619048
vt 0.100000 0.642857
vt 0.083333 0.619048
vt 0.066667 0.642857
vt 0.050000 0.619048
vt 0.033333 0.642857
vt 0.016667 0.619048
vt 0.000000 0.642857
vt 0.666666 0.642857
vt 0.649999 0.619048
vt 0.633333 0.642857
vt 0.616666 0.619048
vt 0.599999 0.642857
vt 0.583333 0.619048
vt 0.566666 0.642857
vt 0.550000 0.619048
vt 0.533333 0.642857
vt 0.516666 0.619048
vt 0.483333 0.571428
vt 0.500000 0.595238
vt 0.466666 0.595238
vt 0.449999 0.571428
vt 0.433333 0.595238
vt 0.416666 0.571428
vt 0.400000 0.595238
vt 0.383333 0.571428
vt 0.366666 0.595238
vt 0.350000 0.571428
vt 0.333333 0.595238
vt 0.316666 0.571428
vt 0.300000 0.595238
vt 0.283333 0.571428
vt 0.266666 0.595238
vt 0.250000 0.571428
vt 0.233333 0.595238
vt 0.216666 0.571428
vt 0.200000 0.595238
vt 0.183333 0.571428
vt 0.166667 0.595238
vt 0.150000 0.571428
vt 0.133333 0.595238
vt 0.116667 0.571428
vt 0.100000 0.595238
vt 0.083333 0.571428
vt 0.066667 0.595238
vt 0.050000 0.571428
vt 0.033333 0.595238
vt 0.016667 0.571428
vt 0.000000 0.595238
vt 0.666666 0.595238
vt 0.649999 0.571428
vt 0.633333 0.595238
vt 0.616666 0.571428
vt 0.599999 0.595238
vt 0.583333 0.571428
vt 0.566666 0.595238
vt 0.550000 0.571428
vt 0.533333 0.595238
vt 0.516666 0.571428
vt 0.483333 0.523809
vt 0.500000 0.547619
vt 0.466666 0.547619
vt 0.449999 0.523809
vt 0.433333 0.547619
vt 0.416666 0.523809
vt 0.400000 0.547619
vt 0.383333 0.523809
vt 0.366666 0.547619
vt 0.350000 0.523809
vt 0.333333 0.547619
vt 0.316666 0.523809
vt 0.300000 0.547619
vt 0.283333 0.523809
vt 0.266666 0.547619
vt 0.250000 0.523809
vt 0.233333 0.547619
vt 0.216666 0.523809
vt 0.200000 0.547619
vt 0.183333 0.523809
vt 0.166667 0.547619
vt 0.150000 0.523809
vt 0.133333 0.547619
vt 0.116667 0.523809
vt 0.100000 0.547619
vt 0.083333 0.523809
vt 0.066667 0.547619
vt 0.050000 0.523809
vt 0.033333 0.547619
vt 0.016667 0.523809
vt 0.000000 0.547619
vt 0.666666 0.547619
vt 0.649999 0.523809
vt 0.633333 0.547619
vt 0.616666 0.523809
vt 0.599999 0.547619
vt 0.583333 0.523809
vt 0.566666 0.547619
vt 0.550000 0.523809
vt 0.533333 0.547619
vt 0.516666 0.523809
vt 0.483333 0.476190
vt 0.500000 0.500000
vt 0.466666 0.500000
vt 0.449999 0.476190
vt 0.433333 0.500000
vt 0.416666 0.476190
vt 0.400000 0.500000
vt 0.383333 0.476190
vt 0.366666 0.500000
vt 0.350000 0.476190
vt 0.333333 0.500000
vt 0.316666 0.476190
vt 0.300000 0.500000
vt 0.283333 0.476190
vt 0.266666 0.500000
vt 0.250000 0.476190
vt 0.233333 0.500000
vt 0.216666 0.476190
vt 0.200000 0.500000
vt 0.183333 0.476190
vt 0.166667 0.500000
vt 0.150000 0.476190
vt 0.133333 0.500000
vt 0.116667 0.476190
vt 0.100000 0.500000
vt 0.083333 0.476190
vt 0.066667 0.500000
vt 0.050000 0.476190
vt 0.033333 0.500000
vt 0.016667 0.476190
vt 0.000000 0.500000
vt 0.666666 0.500000
vt 0.649999 0.476190
vt 0.633333 0.500000
vt 0.616666 0.476190
vt 0.599999 0.500000
vt 0.583333 0.476190
vt 0.566666 0.500000
vt 0.550000 0.476190
vt 0.533333 0.500000
vt 0.516666 0.476190
vt 0.483333 0.428571
vt 0.500000 0.452381
vt 0.466666 0.452381
vt 0.449999 0.428571
vt 0.433333 0.452381
vt 0.416666 0.428571
vt 0.400000 0.452381
vt 0.383333 0.428571
vt 0.366666 0.452381
vt 0.350000 0.428571
vt 0.333333 0.452381
vt 0.316666 0.428571
vt 0.300000 0.452381
vt 0.283333 0.428571
vt 0.266666 0.452381
vt 0.250000 0.428571
vt 0.233333 0.452381
vt 0.216666 0.428571
vt 0.200000 0.452381
vt 0.183333 0.428571
vt 0.166667 0.452381
vt 0.150000 0.428571
vt 0.133333 0.452381
vt 0.116667 0.428571
vt 0.100000 0.452381
vt 0.083333 0.428571
vt 0.066667 0.452381
vt 0.050000 0.428571
vt 0.033333 0.452381
vt 0.016667 0.428571
vt 0.000000 0.452381
vt 0.666666 0.452381
vt 0.649999 0.428571
vt 0.633333 0.452381
vt 0.616666 0.428571
vt 0.599999 0.452381
vt 0.583333 0.428571
vt 0.566666 0.452381
vt 0.550000 0.428571
vt 0.533333 0.452381
vt 0.516666 0.428571
vt 0.483333 0.380952
vt 0.500000 0.404762
vt 0.466666 0.404762
vt 0.449999 0.380952
vt 0.433333 0.404762
vt 0.416666 0.380952
vt 0.400000 0.404762
vt 0.383333 0.380952
vt 0.366666 0.404762
vt 0.350000 0.380952
vt 0.333333 0.404762
vt 0.316666 0.380952
vt 0.300000 0.404762
vt 0.283333 0.380952
vt 0.266666 0.404762
vt 0.250000 0.380952
vt 0.233333 0.404762
vt 0.216666 0.380952
vt 0.200000 0.404762
vt 0.183333 0.380952
vt 0.166667 0.404762
vt 0.150000 0.380952
vt 0.133333 0.404762
vt 0.116667 0.380952
vt 0.100000 0.404762
vt 0.083333 0.380952
vt 0.066667 0.404762
vt 0.050000 0.380952
vt 0.033333 0.404762
vt 0.016667 0.380952
vt 0.000000 0.404762
vt 0.666666 0.404762
vt 0.649999 0.380952
vt 0.633333 0.404762
vt 0.616666 0.380952
vt 0.599999 0.404762
vt 0.583333 0.380952
vt 0.566666 0.404762
vt 0.550000 0.380952
vt 0.533333 0.404762
vt 0.516666 0.380952
vt 0.483333 0.333333
vt 0.500000 0.357143
vt 0.466666 0.357143
vt 0.449999 0.333333
vt 0.433333 0.357143
vt 0.416666 0.333333
vt 0.400000 0.357143
vt 0.383333 0.333333
vt 0.366666 0.357143
vt 0.350000 0.333333
vt 0.333333 0.357143
vt 0.316666 0.333333
vt 0.300000 0.357143
vt 0.283333 0.333333
vt 0.266666 0.357143
vt 0.250000 0.333333
vt 0.233333 0.357143
vt 0.216666 0.333333
vt 0.200000 0.357143
vt 0.183333 0.333333
vt 0.166667 0.357143
vt 0.150000 0.333333
vt 0.133333 0.357143
vt 0.116667 0.333333
vt 0.100000 0.357143
vt 0.083333 0.333333
vt 0.066667 0.357143
vt 0.050000 0.333333
vt 0.033333 0.357143
vt 0.016667 0.333333
vt 0.000000 0.357143
vt 0.666666 0.357143
vt 0.649999 0.333333
vt 0.633333 0.357143
vt 0.616666 0.333333
vt 0.599999 0.357143
vt 0.583333 0.333333
vt 0.566666 0.357143
vt 0.550000 0.333333
vt 0.533333 0.357143
vt 0.516666 0.333333
vt 0.483333 0.285714
vt 0.500000 0.309524
vt 0.466666 0.309524
vt 0.449999 0.285714
vt 0.433333 0.309524
vt 0.416666 0.285714
vt 0.400000 0.309524
vt 0.383333 0.285714
vt 0.366666 0.309524
vt 0.350000 0.285714
vt 0.333333 0.309524
vt 0.316666 0.285714
vt 0.300000 0.309524
vt 0.283333 0.285714
vt 0.266666 0.309524
vt 0.250000 0.285714
vt 0.233333 0.309524
vt 0.216666 0.285714
vt 0.200000 0.309524
vt 0.183333 0.285714
vt 0.166667 0.309524
vt 0.150000 0.285714
vt 0.133333 0.309524
vt 0.116667 0.285714
vt 0.100000 0.309524
vt 0.083333 0.285714
vt 0.066667 0.309524
vt 0.050000 0.285714
vt 0.033333 0.309524
vt 0.016667 0.285714
vt 0.000000 0.309524
vt 0.666666 0.309524
vt 0.649999 0.285714
vt 0.633333 0.309524
vt 0.616666 0.285714
vt 0.599999 0.309524
vt 0.583333 0.285714
vt 0.566666 0.309524
vt 0.550000 0.285714
vt 0.533333 0.309524
vt 0.516666 0.285714
vt 0.483333 0.238095
vt 0.500000 0.261905
vt 0.466666 0.261905
vt 0.449999 0.238095
vt 0.433333 0.261905
vt 0.416666 0.238095
vt 0.400000 0.261905
vt 0.383333 0.238095
vt 0.366666 0.261905
vt 0.350000 0.238095
vt 0.333333 0.261905
vt 0.316666 0.238095
vt 0.300000 0.261905
vt 0.283333 0.238095
vt 0.266666 0.261905
vt 0.250000 0.238095
vt 0.233333 0.261905
vt 0.216666 0.238095
vt 0.200000 0.261905
vt 0.183333 0.238095
vt 0.166667 0.261905
vt 0.150000 0.238095
vt 0.133333 0.261905
vt 0.116667 0.238095
vt 0.100000 0.261905
vt 0.083333 0.238095
vt 0.066667 0.261905
vt 0.050000 0.238095
vt 0.033333 0.261905
vt 0.016667 0.238095
vt 0.000000 0.261905
vt 0.666666 0.261905
vt 0.649999 0.238095
vt 0.633333 0.261905
vt 0.616666 0.238095
vt 0.599999 0.261905
vt 0.583333 0.238095
vt 0.566666 0.261905
vt 0.550000 0.238095
vt 0.533333 0.261905
vt 0.516666 0.238095
vt 0.483333 0.190476
vt 0.500000 0.214286
vt 0.466666 0.214286
vt 0.449999 0.190476
vt 0.433333 0.214286
vt 0.416666 0.190476
vt 0.400000 0.214286
vt 0.383333 0.190476
vt 0.366666 0.214286
vt 0.350000 0.190476
vt 0.333333 0.214286
vt 0.316666 0.190476
vt 0.300000 0.214286
vt 0.283333 0.190476
vt 0.266666 0.214286
vt 0.250000 0.190476
vt 0.233333 0.214286
vt 0.216666 0.190476
vt 0.200000 0.214286
vt 0.183333 0.190476
vt 0.166667 0.214286
vt 0.150000 0.190476
vt 0.133333 0.214286
vt 0.116667 0.190476
vt 0.100000 0.214286
vt 0.083333 0.190476
vt 0.066667 0.214286
vt 0.050000 0.190476
vt 0.033333 0.214286
vt 0.016667 0.190476
vt 0.000000 0.214286
vt 0.666666 0.214286
vt 0.649999 0.190476
vt 0.633333 0.214286
vt 0.616666 0.190476
vt 0.599999 0.214286
vt 0.583333 0.190476
vt 0.566666 0.214286
vt 0.550000 0.190476
vt 0.533333 0.214286
vt 0.516666 0.190476
vt 0.483333 0.142857
vt 0.500000 0.166667
vt 0.466666 0.166667
vt 0.449999 0.142857
vt 0.433333 0.166667
vt 0.416666 0.142857
vt 0.400000 0.166667
vt 0.383333 0.142857
vt 0.366666 0.166667
vt 0.350000 0.142857
vt 0.333333 0.166667
vt 0.316666 0.142857
vt 0.300000 0.166667
vt 0.283333 0.142857
vt 0.266666 0.166667
vt 0.250000 0.142857
vt 0.233333 0.166667
vt 0.216666 0.142857
vt 0.200000 0.166667
vt 0.183333 0.142857
vt 0.166667 0.166667
vt 0.150000 0.142857
vt 0.133333 0.166667
vt 0.116667 0.142857
vt 0.100000 0.166667
vt 0.083333 0.142857
vt 0.066667 0.166667
vt 0.050000 0.142857
vt 0.033333 0.166667
vt 0.016667 0.142857
vt 0.000000 0.166667
vt 0.666666 0.166667
vt 0.649999 0.142857
vt 0.633333 0.166667
vt 0.616666 0.142857
vt 0.599999 0.166667
vt 0.583333 0.142857
vt 0.566666 0.166667
vt 0.550000 0.142857
vt 0.533333 0.166667
vt 0.516666 0.142857
vt 0.483333 0.098810
vt 0.500000 0.119048
vt 0.466666 0.119048
vt 0.449999 0.098810
vt 0.433333 0.119048
vt 0.416666 0.098810
vt 0.400000 0.119048
vt 0.383333 0.098810
vt 0.366666 0.119048
vt 0.350000 0.098810
vt 0.333333 0.119048
vt 0.316666 0.098810
vt 0.300000 0.119048
vt 0.283333 0.098810
vt 0.266666 0.119048
vt 0.250000 0.098810
vt 0.233333 0.119048
vt 0.216666 0.098810
vt 0.200000 0.119048
vt 0.183333 0.098810
vt 0.166667 0.119048
vt 0.150000 0.098810
vt 0.133333 0.119048
vt 0.116667 0.098810
vt 0.100000 0.119048
vt 0.083333 0.098810
vt 0.066667 0.119048
vt 0.050000 0.098810
vt 0.033333 0.119048
vt 0.016667 0.098810
vt 0.000000 0.119048
vt 0.666666 0.119048
vt 0.649999 0.098810
vt 0.633333 0.119048
vt 0.616666 0.098810
vt 0.599999 0.119048
vt 0.583333 0.098810
vt 0.566666 0.119048
vt 0.550000 0.098810
vt 0.533333 0.119048
vt 0.516666 0.098810
vt 0.483333 0.048214
vt 0.500000 0.061905
vt 0.483333 0.075000
vt 0.466666 0.061905
vt 0.449999 0.048214
vt 0.449999 0.075000
vt 0.433333 0.061905
vt 0.416666 0.048214
vt 0.416666 0.075000
vt 0.400000 0.061905
vt 0.383333 0.048214
vt 0.383333 0.075000
vt 0.366666 0.061905
vt 0.350000 0.048214
vt 0.350000 0.075000
vt 0.333333 0.061905
vt 0.316666 0.048214
vt 0.316666 0.075000
vt 0.300000 0.061905
vt 0.283333 0.048214
vt 0.283333 0.075000
vt 0.266666 0.061905
vt 0.250000 0.048214
vt 0.250000 0.075000
vt 0.233333 0.061905
vt 0.216666 0.048214
vt 0.216666 0.075000
vt 0.200000 0.061905
vt 0.183333 0.048214
vt 0.183333 0.075000
vt 0.166667 0.061905
vt 0.150000 0.048214
vt 0.150000 0.075000
vt 0.133333 0.061905
vt 0.116667 0.048214
vt 0.116667 0.075000
vt 0.100000 0.061905
vt 0.083333 0.048214
vt 0.083333 0.075000
vt 0.066667 0.061905
vt 0.050000 0.048214
vt 0.050000 0.075000
vt 0.033333 0.061905
vt 0.016667 0.048214
vt 0.016667 0.075000
vt 0.000000 0.061905
vt 0.666666 0.061905
vt 0.649999 0.048214
vt 0.649999 0.075000
vt 0.633333 0.061905
vt 0.616666 0.048214
vt 0.616666 0.075000
vt 0.599999 0.061905
vt 0.583333 0.048214
vt 0.583333 0.075000
vt 0.566666 0.061905
vt 0.550000 0.048214
vt 0.550000 0.075000
vt 0.533333 0.061905
vt 0.516666 0.048214
vt 0.516666 0.075000
vt 0.666666 0.035714
vt 0.000000 0.035714
vt 0.633333 0.035714
vt 0.599999 0.035714
vt 0.566666 0.035714
vt 0.533333 0.035714
vt 0.500000 0.035714
vt 0.466666 0.035714
vt 0.433333 0.035714
vt 0.400000 0.035714
vt 0.366666 0.035714
vt 0.333333 0.035714
vt 0.300000 0.035714
vt 0.266666 0.035714
vt 0.233333 0.035714
vt 0.200000 0.035714
vt 0.166667 0.035714
vt 0.133333 0.035714
vt 0.100000 0.035714
vt 0.066667 0.035714
vt 0.033333 0.035714
vt 0.500000 0.085714
vt 0.466666 0.085714
vt 0.433333 0.085714
vt 0.400000 0.085714
vt 0.366666 0.085714
vt 0.333333 0.085714
vt 0.300000 0.085714
vt 0.266666 0.085714
vt 0.233333 0.085714
vt 0.200000 0.085714
vt 0.166667 0.085714
vt 0.133333 0.085714
vt 0.100000 0.085714
vt 0.066667 0.085714
vt 0.033333 0.085714
vt 0.000000 0.085714
vt 0.666666 0.085714
vt 0.633333 0.085714
vt 0.599999 0.085714
vt 0.566666 0.085714
vt 0.533333 0.085714
vn -0.240649 0.825630 0.510316
vn -0.157862 0.825610 0.541709
vn -0.194103 0.720192 0.666069
vn -0.295873 0.720278 0.627422
vn -0.071173 0.825629 0.559707
vn -0.087507 0.720276 0.688147
vn -0.111431 0.468753 0.876273
vn -0.247145 0.468708 0.848076
vn -0.376760 0.468755 0.798950
vn 0.017260 0.825608 0.563980
vn 0.021222 0.720190 0.693452
vn 0.105267 0.825629 0.554307
vn 0.129424 0.720276 0.681508
vn 0.164807 0.468753 0.867819
vn 0.027022 0.468706 0.882941
vn 0.190693 0.825609 0.531042
vn 0.234471 0.720192 0.652953
vn 0.271405 0.825630 0.494646
vn 0.333686 0.720277 0.608156
vn 0.424910 0.468754 0.774416
vn 0.298542 0.468708 0.831376
vn 0.345462 0.825610 0.446122
vn 0.424770 0.720192 0.548539
vn 0.410976 0.825629 0.386568
vn 0.505286 0.720276 0.475277
vn 0.643422 0.468752 0.605210
vn 0.540839 0.468707 0.698431
vn 0.466412 0.825610 0.317535
vn 0.573487 0.720192 0.390432
vn 0.510316 0.825630 0.240649
vn 0.627423 0.720278 0.295873
vn 0.798951 0.468754 0.376759
vn 0.730197 0.468707 0.497118
vn 0.541709 0.825610 0.157862
vn 0.666069 0.720192 0.194103
vn 0.559706 0.825629 0.071174
vn 0.688147 0.720276 0.087507
vn 0.876273 0.468752 0.111431
vn 0.848076 0.468708 0.247144
vn 0.563979 0.825609 -0.017260
vn 0.693452 0.720190 -0.021222
vn 0.554307 0.825629 -0.105267
vn 0.681508 0.720276 -0.129423
vn 0.867819 0.468753 -0.164807
vn 0.882941 0.468706 -0.027021
vn 0.531042 0.825610 -0.190692
vn 0.652953 0.720192 -0.234470
vn 0.494645 0.825630 -0.271405
vn 0.608156 0.720278 -0.333686
vn 0.774416 0.468755 -0.424910
vn 0.831376 0.468708 -0.298542
vn 0.446122 0.825610 -0.345462
vn 0.548539 0.720192 -0.424770
vn 0.386568 0.825629 -0.410976
vn 0.475277 0.720276 -0.505286
vn 0.605210 0.468753 -0.643423
vn 0.698432 0.468707 -0.540839
vn 0.317535 0.825610 -0.466412
vn 0.390432 0.720192 -0.573487
vn 0.240649 0.825630 -0.510316
vn 0.295872 0.720278 -0.627423
vn 0.376759 0.468754 -0.798951
vn 0.497118 0.468707 -0.730197
vn 0.157862 0.825610 -0.541709
vn 0.194103 0.720192 -0.666069
vn 0.071173 0.825629 -0.559706
vn 0.087507 0.720276 -0.688146
vn 0.111431 0.468752 -0.876273
vn 0.247145 0.468707 -0.848076
vn -0.017260 0.825608 -0.563979
vn -0.021223 0.720190 -0.693452
vn -0.105267 0.825629 -0.554307
vn -0.129423 0.720275 -0.681508
vn -0.164806 0.468752 -0.867819
vn -0.027021 0.468706 -0.882941
vn -0.190692 0.825609 -0.531042
vn -0.234470 0.720192 -0.652953
vn -0.271405 0.825630 -0.494646
vn -0.333686 0.720277 -0.608156
vn -0.424910 0.468754 -0.774417
vn -0.298542 0.468708 -0.831376
vn -0.345463 0.825610 -0.446121
vn -0.424770 0.720191 -0.548539
vn -0.410976 0.825629 -0.386568
vn -0.505286 0.720276 -0.475277
vn -0.643423 0.468752 -0.605210
vn -0.540840 0.468707 -0.698431
vn -0.466412 0.825610 -0.317536
vn -0.573487 0.720191 -0.390432
vn -0.510316 0.825630 -0.240649
vn -0.627423 0.720278 -0.295872
vn -0.798951 0.468754 -0.376759
vn -0.730197 0.468707 -0.497118
vn -0.541709 0.825610 -0.157862
vn -0.666069 0.720192 -0.194103
vn -0.559706 0.825629 -0.071174
vn -0.688147 0.720276 -0.087507
vn -0.876273 0.468752 -0.111431
vn -0.848076 0.468707 -0.247145
vn -0.563979 0.825609 0.017260
vn -0.693452 0.720190 0.021222
vn -0.554307 0.825629 0.105266
vn -0.681508 0.720276 0.129423
vn -0.867819 0.468753 0.164806
vn -0.882941 0.468706 0.027022
vn -0.531042 0.825610 0.190692
vn -0.652953 0.720192 0.234470
vn -0.494646 0.825630 0.271405
vn -0.608156 0.720278 0.333686
vn -0.774416 0.468755 0.424910
vn -0.831376 0.468708 0.298542
vn -0.446122 0.825610 0.345463
vn -0.548539 0.720192 0.424770
vn -0.386568 0.825629 0.410976
vn -0.475278 0.720276 0.505286
vn -0.605210 0.468752 0.643422
vn -0.698431 0.468708 0.540839
vn -0.317536 0.825610 0.466411
vn -0.390433 0.720192 0.573486
vn -0.497119 0.468707 0.730196
vn -0.373287 -0.721854 -0.582739
vn -0.459866 -0.721816 -0.517209
vn -0.392943 -0.698764 -0.597767
vn -0.294474 -0.698889 -0.651797
vn -0.535095 -0.721853 -0.438865
vn -0.481477 -0.698891 -0.528897
vn -0.453488 -0.692138 -0.561509
vn -0.360271 -0.692054 -0.625512
vn -0.257775 -0.692145 -0.674157
vn -0.174946 -0.721850 -0.669572
vn -0.277535 -0.721811 -0.634005
vn -0.188996 -0.698764 -0.689935
vn -0.078646 -0.698893 -0.710889
vn -0.149350 -0.692059 -0.706222
vn -0.036833 -0.692143 -0.720820
vn 0.040529 -0.721851 -0.690860
vn -0.068031 -0.721815 -0.688734
vn 0.033461 -0.698765 -0.714568
vn 0.144882 -0.698892 -0.700399
vn 0.076201 -0.692058 -0.717808
vn 0.187715 -0.692146 -0.696920
vn 0.252031 -0.721849 -0.644526
vn 0.148130 -0.721813 -0.676050
vn 0.252634 -0.698765 -0.669256
vn 0.354224 -0.698893 -0.621349
vn 0.294281 -0.692062 -0.659127
vn 0.393887 -0.692147 -0.604802
vn 0.438865 -0.721854 -0.535093
vn 0.349790 -0.721816 -0.597184
vn 0.447082 -0.698765 -0.558430
vn 0.528897 -0.698893 -0.481474
vn 0.483564 -0.692059 -0.535929
vn 0.561508 -0.692144 -0.453481
vn 0.582741 -0.721852 -0.373287
vn 0.517210 -0.721815 -0.459865
vn 0.597767 -0.698763 -0.392943
vn 0.651793 -0.698893 -0.294473
vn 0.625508 -0.692058 -0.360271
vn 0.674154 -0.692148 -0.257774
vn 0.669572 -0.721850 -0.174946
vn 0.634005 -0.721812 -0.277534
vn 0.689933 -0.698766 -0.188994
vn 0.710888 -0.698894 -0.078645
vn 0.706222 -0.692060 -0.149346
vn 0.720820 -0.692143 -0.036832
vn 0.690863 -0.721849 0.040525
vn 0.688735 -0.721815 -0.068031
vn 0.714568 -0.698765 0.033459
vn 0.700401 -0.698890 0.144881
vn 0.717808 -0.692058 0.076201
vn 0.696923 -0.692142 0.187717
vn 0.644525 -0.721850 0.252032
vn 0.676052 -0.721812 0.148128
vn 0.669260 -0.698761 0.252636
vn 0.621350 -0.698891 0.354226
vn 0.659133 -0.692055 0.294283
vn 0.604802 -0.692146 0.393890
vn 0.535096 -0.721852 0.438865
vn 0.597184 -0.721816 0.349791
vn 0.558431 -0.698764 0.447083
vn 0.481477 -0.698891 0.528897
vn 0.535930 -0.692060 0.483562
vn 0.453484 -0.692144 0.561506
vn 0.373290 -0.721850 0.582741
vn 0.459866 -0.721815 0.517211
vn 0.392942 -0.698764 0.597767
vn 0.294476 -0.698890 0.651795
vn 0.360272 -0.692058 0.625508
vn 0.257775 -0.692148 0.674153
vn 0.174945 -0.721848 0.669574
vn 0.277532 -0.721813 0.634005
vn 0.188991 -0.698767 0.689933
vn 0.078647 -0.698891 0.710891
vn 0.149344 -0.692064 0.706218
vn 0.036832 -0.692141 0.720822
vn -0.040529 -0.721852 0.690860
vn 0.068035 -0.721813 0.688736
vn -0.033459 -0.698761 0.714573
vn -0.144881 -0.698889 0.700403
vn -0.076200 -0.692050 0.717816
vn -0.187714 -0.692139 0.696927
vn -0.252033 -0.721851 0.644524
vn -0.148129 -0.721811 0.676053
vn -0.252634 -0.698764 0.669257
vn -0.354226 -0.698893 0.621348
vn -0.294283 -0.692059 0.659130
vn -0.393890 -0.692146 0.604802
vn -0.438866 -0.721853 0.535093
vn -0.349791 -0.721814 0.597186
vn -0.447083 -0.698765 0.558430
vn -0.528896 -0.698891 0.481477
vn -0.483564 -0.692057 0.535931
vn -0.561508 -0.692141 0.453487
vn -0.582740 -0.721853 0.373286
vn -0.517209 -0.721817 0.459864
vn -0.597767 -0.698765 0.392942
vn -0.651797 -0.698890 0.294472
vn -0.625512 -0.692056 0.360269
vn -0.674161 -0.692141 0.257774
vn -0.669573 -0.721849 0.174945
vn -0.634005 -0.721812 0.277533
vn -0.689938 -0.698762 0.188993
vn -0.710894 -0.698888 0.078647
vn -0.706228 -0.692054 0.149346
vn -0.720825 -0.692137 0.036834
vn -0.690861 -0.721851 -0.040529
vn -0.688737 -0.721812 0.068033
vn -0.714571 -0.698763 -0.033459
vn -0.700401 -0.698890 -0.144882
vn -0.717812 -0.692055 -0.076199
vn -0.696922 -0.692143 -0.187717
vn -0.644524 -0.721850 -0.252034
vn -0.676054 -0.721809 -0.148127
vn -0.669259 -0.698761 -0.252636
vn -0.621351 -0.698891 -0.354225
vn -0.659133 -0.692056 -0.294284
vn -0.604807 -0.692143 -0.393887
vn -0.597185 -0.721815 -0.349791
vn -0.558430 -0.698766 -0.447082
vn -0.535929 -0.692058 -0.483566
vn -0.562828 -0.749056 -0.349484
vn -0.610925 -0.748698 -0.257337
vn -0.534311 -0.746820 -0.395943
vn -0.465788 -0.746869 -0.474582
vn -0.644268 -0.748153 -0.158701
vn -0.589828 -0.746683 -0.307519
vn -0.426785 -0.749791 -0.505635
vn -0.500796 -0.749546 -0.432880
vn -0.385701 -0.746997 -0.541508
vn -0.296268 -0.747028 -0.595125
vn -0.249537 -0.750194 -0.612323
vn -0.342225 -0.750131 -0.565850
vn -0.199456 -0.747126 -0.634051
vn -0.097861 -0.747118 -0.657448
vn -0.048160 -0.750215 -0.659438
vn -0.150630 -0.750338 -0.643664
vn 0.006226 -0.747176 -0.664597
vn 0.110078 -0.747129 -0.655501
vn 0.158025 -0.749955 -0.642336
vn 0.055619 -0.750202 -0.658865
vn 0.211294 -0.747158 -0.630167
vn 0.307273 -0.747084 -0.589447
vn 0.349036 -0.749560 -0.562435
vn 0.256650 -0.749854 -0.609795
vn 0.395730 -0.747090 -0.534092
vn 0.474449 -0.747004 -0.465707
vn 0.506112 -0.749182 -0.427291
vn 0.432849 -0.749454 -0.500959
vn 0.541485 -0.747006 -0.385715
vn 0.595227 -0.746919 -0.296338
vn 0.613718 -0.748878 -0.250063
vn 0.566830 -0.749107 -0.342845
vn 0.634260 -0.746929 -0.199528
vn 0.657741 -0.746855 -0.097899
vn 0.661202 -0.748661 -0.048152
vn 0.645328 -0.748848 -0.150924
vn 0.664938 -0.746872 0.006241
vn 0.655847 -0.746813 0.110161
vn 0.643882 -0.748508 0.158593
vn 0.660576 -0.748673 0.055932
vn 0.630496 -0.746840 0.211434
vn 0.589735 -0.746782 0.307458
vn 0.563508 -0.748354 0.349893
vn 0.611115 -0.748521 0.257399
vn 0.534332 -0.746806 0.395942
vn 0.465890 -0.746747 0.474674
vn 0.427932 -0.748189 0.507038
vn 0.501793 -0.748371 0.433757
vn 0.385848 -0.746774 0.541710
vn 0.296421 -0.746714 0.595443
vn 0.250435 -0.747947 0.614701
vn 0.343334 -0.748168 0.567773
vn 0.199585 -0.746729 0.634478
vn 0.097925 -0.746662 0.657956
vn 0.048288 -0.747622 0.662367
vn 0.151183 -0.747884 0.646385
vn -0.006246 -0.746674 0.665161
vn -0.110195 -0.746594 0.656090
vn -0.158828 -0.747230 0.645307
vn -0.055955 -0.747522 0.661876
vn -0.211510 -0.746600 0.630755
vn -0.307584 -0.746519 0.590002
vn -0.350662 -0.746861 0.565010
vn -0.257891 -0.747129 0.612610
vn -0.396124 -0.746520 0.534596
vn -0.474911 -0.746440 0.466141
vn -0.508263 -0.746674 0.429124
vn -0.434791 -0.746824 0.503201
vn -0.541995 -0.746454 0.386066
vn -0.595759 -0.746395 0.296592
vn -0.615868 -0.746810 0.250963
vn -0.569061 -0.746783 0.344217
vn -0.634787 -0.746440 0.199684
vn -0.658230 -0.746416 0.097962
vn -0.662695 -0.747333 0.048264
vn -0.647224 -0.747118 0.151379
vn -0.665354 -0.746502 -0.006259
vn -0.656170 -0.746519 -0.110226
vn -0.661548 -0.747808 -0.056021
vn -0.630703 -0.746642 -0.211519
vn -0.699657 -0.713042 -0.045286
vn -0.706303 -0.705118 0.062806
vn -0.675068 -0.730551 -0.102855
vn -0.646984 -0.733943 -0.206734
vn -0.697898 -0.694518 0.174881
vn -0.685647 -0.727923 0.004029
vn -0.640297 -0.726593 -0.249165
vn -0.675773 -0.721700 -0.149934
vn -0.605935 -0.735378 -0.303418
vn -0.549989 -0.736947 -0.392964
vn -0.527157 -0.734749 -0.426906
vn -0.588505 -0.732239 -0.342765
vn -0.480602 -0.738491 -0.472919
vn -0.399411 -0.740093 -0.541048
vn -0.368741 -0.739736 -0.562869
vn -0.450482 -0.739575 -0.500095
vn -0.310534 -0.740405 -0.596128
vn -0.213830 -0.740545 -0.637079
vn -0.177334 -0.739988 -0.648823
vn -0.276364 -0.740375 -0.612754
vn -0.111553 -0.740641 -0.662576
vn -0.006612 -0.740257 -0.672291
vn 0.032075 -0.737091 -0.675032
vn -0.073731 -0.739029 -0.669627
vn 0.098740 -0.739855 -0.665481
vn 0.201880 -0.739071 -0.642666
vn 0.242639 -0.730268 -0.638620
vn 0.138767 -0.735177 -0.663520
vn 0.300237 -0.737831 -0.604535
vn 0.392190 -0.737224 -0.550170
vn 0.434812 -0.723101 -0.536715
vn 0.342868 -0.727869 -0.593842
vn 0.474355 -0.736415 -0.482369
vn 0.545035 -0.735231 -0.402956
vn 0.588441 -0.713608 -0.380133
vn 0.517340 -0.719101 -0.463953
vn 0.602384 -0.734226 -0.313121
vn 0.645278 -0.732941 -0.215438
vn 0.688219 -0.702931 -0.179562
vn 0.645857 -0.708211 -0.285141
vn 0.672209 -0.731853 -0.111924
vn 0.683830 -0.729616 -0.006057
vn 0.723731 -0.688590 0.045358
vn 0.715793 -0.694780 -0.070156
vn 0.676706 -0.729099 0.102393
vn 0.653626 -0.727708 0.207880
vn 0.685216 -0.675108 0.273328
vn 0.712646 -0.682795 0.161018
vn 0.614249 -0.726429 0.308220
vn 0.559872 -0.724837 0.401441
vn 0.577359 -0.659794 0.480965
vn 0.639754 -0.667610 0.380806
vn 0.491295 -0.723385 0.485122
vn 0.410308 -0.721820 0.557336
vn 0.404901 -0.647000 0.646101
vn 0.497136 -0.654010 0.570199
vn 0.318669 -0.720494 0.615904
vn 0.218973 -0.718985 0.659630
vn 0.186497 -0.637609 0.747445
vn 0.300335 -0.641661 0.705741
vn 0.113283 -0.717859 0.686910
vn 0.004520 -0.716690 0.697377
vn -0.055697 -0.634091 0.771250
vn 0.066043 -0.635091 0.769609
vn -0.104390 -0.715282 0.690996
vn -0.212048 -0.715366 0.665798
vn -0.291139 -0.640219 0.710886
vn -0.176849 -0.636356 0.750849
vn -0.313847 -0.715647 0.623979
vn -0.407362 -0.716057 0.566850
vn -0.487909 -0.655142 0.576831
vn -0.395423 -0.646373 0.652566
vn -0.490003 -0.718095 0.494203
vn -0.560089 -0.718842 0.411785
vn -0.626714 -0.674835 0.389651
vn -0.565362 -0.664009 0.489344
vn -0.615725 -0.720776 0.318378
vn -0.655857 -0.722901 0.217408
vn -0.670878 -0.684893 0.284332
vn -0.679068 -0.725554 0.111525
vn -0.671428 -0.688092 0.275162
vn -0.652102 -0.656275 0.379562
vn -0.699485 -0.676422 0.230594
vn -0.707298 -0.696512 0.120837
vn -0.618458 -0.612041 0.492864
vn -0.674755 -0.654290 0.341483
vn -0.674269 -0.734936 0.072321
vn -0.679566 -0.712735 0.173780
vn -0.702312 -0.711685 0.016225
vn -0.683702 -0.724519 -0.087315
vn -0.641041 -0.759231 -0.112404
vn -0.661175 -0.749907 -0.022069
vn -0.652623 -0.734516 -0.185930
vn -0.608986 -0.742693 -0.278465
vn -0.574984 -0.766436 -0.286304
vn -0.611598 -0.765140 -0.201268
vn -0.558407 -0.745441 -0.364005
vn -0.490979 -0.750746 -0.441951
vn -0.467161 -0.762297 -0.447955
vn -0.525014 -0.767001 -0.368878
vn -0.419257 -0.749793 -0.511893
vn -0.335207 -0.748674 -0.571947
vn -0.313292 -0.748974 -0.583855
vn -0.395111 -0.757128 -0.520235
vn -0.242534 -0.746262 -0.619896
vn -0.143410 -0.742085 -0.654785
vn -0.115927 -0.725943 -0.677915
vn -0.219161 -0.739660 -0.636295
vn -0.039560 -0.736098 -0.675717
vn 0.070762 -0.730344 -0.679404
vn 0.115485 -0.691610 -0.712979
vn -0.002093 -0.711418 -0.702766
vn 0.180241 -0.720032 -0.670125
vn 0.290463 -0.711704 -0.639616
vn 0.361473 -0.647192 -0.671178
vn 0.238506 -0.672399 -0.700710
vn 0.394911 -0.699165 -0.595999
vn 0.493432 -0.687136 -0.533262
vn 0.596888 -0.590444 -0.543232
vn 0.482486 -0.621306 -0.617403
vn 0.582812 -0.673414 -0.454801
vn 0.660401 -0.657902 -0.361989
vn 0.786853 -0.519695 -0.332837
vn 0.699676 -0.555586 -0.449197
vn 0.722679 -0.643271 -0.252858
vn 0.770640 -0.622520 -0.136318
vn 0.899779 -0.432440 -0.058265
vn 0.854698 -0.478538 -0.201228
vn 0.797366 -0.603407 -0.010350
vn 0.803263 -0.583252 0.120767
vn 0.902931 -0.348647 0.251320
vn 0.915698 -0.390404 0.095295
vn 0.787331 -0.562600 0.252171
vn 0.748324 -0.541774 0.382742
vn 0.791593 -0.274901 0.545719
vn 0.860457 -0.310303 0.404136
vn 0.686892 -0.522935 0.504696
vn 0.604241 -0.504846 0.616460
vn 0.578798 -0.233737 0.781256
vn 0.695587 -0.250521 0.673348
vn 0.503201 -0.490782 0.711282
vn 0.386315 -0.480355 0.787413
vn 0.300824 -0.238142 0.923468
vn 0.445623 -0.230585 0.865015
vn 0.256595 -0.476228 0.841050
vn 0.119531 -0.478650 0.869831
vn -0.003004 -0.296712 0.954962
vn 0.150360 -0.259561 0.953950
vn -0.018450 -0.485064 0.874284
vn -0.154262 -0.498715 0.852928
vn -0.282048 -0.401059 0.871551
vn -0.149382 -0.346233 0.926179
vn -0.282565 -0.519951 0.806107
vn -0.396771 -0.546064 0.737826
vn -0.490532 -0.512038 0.705121
vn -0.396833 -0.458533 0.795155
vn -0.494166 -0.573612 0.653276
vn -0.573104 -0.601493 0.556559
vn -0.564562 -0.567393 0.599446
vn -0.632982 -0.629546 0.450561
vn -0.509179 -0.725343 0.463264
vn -0.485834 -0.672496 0.558314
vn -0.578137 -0.647186 0.496898
vn -0.600390 -0.697810 0.390631
vn -0.445738 -0.596092 0.667827
vn -0.537973 -0.588264 0.603763
vn -0.532736 -0.791737 0.298905
vn -0.523698 -0.765773 0.373272
vn -0.614257 -0.730485 0.298463
vn -0.621369 -0.755008 0.209438
vn -0.554850 -0.813214 0.175570
vn -0.539469 -0.809643 0.231198
vn -0.620595 -0.774208 0.124357
vn -0.618537 -0.784475 0.044846
vn -0.577262 -0.815364 0.044154
vn -0.565564 -0.817353 0.109872
vn -0.612712 -0.789534 -0.034945
vn -0.601332 -0.790448 -0.116586
vn -0.593547 -0.797600 -0.107406
vn -0.586231 -0.809684 -0.027297
vn -0.584546 -0.786399 -0.199705
vn -0.556539 -0.779428 -0.287675
vn -0.574207 -0.762215 -0.298857
vn -0.591336 -0.781701 -0.198154
vn -0.516186 -0.769245 -0.376581
vn -0.461181 -0.756386 -0.463889
vn -0.485610 -0.707112 -0.513981
vn -0.540695 -0.737289 -0.405035
vn -0.391719 -0.739577 -0.547342
vn -0.304099 -0.720503 -0.623217
vn -0.289804 -0.633753 -0.717197
vn -0.401948 -0.673640 -0.620198
vn -0.201285 -0.696388 -0.688861
vn -0.083105 -0.667933 -0.739567
vn 0.002806 -0.527705 -0.849423
vn -0.155741 -0.583452 -0.797075
vn 0.049449 -0.634230 -0.771562
vn 0.194458 -0.596797 -0.778473
vn 0.353504 -0.386336 -0.851927
vn 0.174340 -0.461864 -0.869648
vn 0.343796 -0.552357 -0.759412
vn 0.491991 -0.499972 -0.712722
vn 0.686543 -0.220617 -0.692811
vn 0.527539 -0.305512 -0.792695
vn 0.632389 -0.444871 -0.634172
vn 0.757855 -0.382923 -0.528228
vn 0.915156 -0.053169 -0.399578
vn 0.818272 -0.134835 -0.558793
vn 0.862454 -0.315711 -0.395601
vn 0.937891 -0.247385 -0.243230
vn 0.994763 0.090421 -0.047652
vn 0.973924 0.023907 -0.225612
vn 0.980968 -0.178431 -0.076574
vn 0.988860 -0.115134 0.094343
vn 0.937033 0.192716 0.291255
vn 0.980897 0.147898 0.126361
vn 0.962519 -0.056385 0.265288
vn 0.904891 -0.013402 0.425432
vn 0.775808 0.235069 0.585546
vn 0.867291 0.223976 0.444568
vn 0.819406 0.021225 0.572821
vn 0.711577 0.036109 0.701679
vn 0.549403 0.206404 0.809663
vn 0.670095 0.228249 0.706311
vn 0.587302 0.035116 0.808606
vn 0.448930 0.021339 0.893312
vn 0.278087 0.088401 0.956480
vn 0.419109 0.157734 0.894130
vn 0.301654 -0.016430 0.953276
vn 0.148190 -0.076702 0.985980
vn -0.019203 -0.111721 0.993554
vn 0.131646 0.000489 0.991297
vn -0.005243 -0.151396 0.988459
vn -0.149254 -0.237623 0.959822
vn -0.288381 -0.377543 0.879942
vn -0.162382 -0.238275 0.957527
vn -0.279419 -0.329787 0.901757
vn -0.390738 -0.423165 0.817469
vn -0.380731 -0.494195 0.781547
vn -0.476871 -0.510796 0.715319
vn -0.387400 -0.759105 0.523145
vn -0.347297 -0.699491 0.624577
vn -0.407273 -0.694939 0.592612
vn -0.433028 -0.750682 0.498963
vn -0.279108 -0.613100 0.739058
vn -0.358480 -0.610229 0.706479
vn -0.421917 -0.819482 0.387860
vn -0.408213 -0.792374 0.453326
vn -0.449555 -0.789065 0.418660
vn -0.459111 -0.816241 0.350668
vn -0.450347 -0.831155 0.326142
vn -0.435135 -0.827502 0.354822
vn -0.468970 -0.830961 0.299285
vn -0.481488 -0.837396 0.258722
vn -0.495393 -0.818240 0.291667
vn -0.469648 -0.826595 0.310114
vn -0.503055 -0.835173 0.222308
vn -0.526244 -0.831606 0.177480
vn -0.583686 -0.774647 0.243377
vn -0.533236 -0.800950 0.272283
vn -0.558781 -0.818722 0.132127
vn -0.591874 -0.802970 0.070170
vn -0.703136 -0.702573 0.109502
vn -0.641815 -0.743027 0.189693
vn -0.625760 -0.779989 -0.006445
vn -0.651919 -0.751145 -0.103842
vn -0.781451 -0.603319 -0.159190
vn -0.755869 -0.654684 -0.007153
vn -0.660409 -0.717340 -0.222001
vn -0.644904 -0.676159 -0.356241
vn -0.705856 -0.478103 -0.522671
vn -0.769960 -0.542732 -0.335564
vn -0.592512 -0.628975 -0.503310
vn -0.501150 -0.575070 -0.646640
vn -0.426215 -0.320881 -0.845799
vn -0.591915 -0.401275 -0.699009
vn -0.371819 -0.510169 -0.775550
vn -0.209303 -0.434816 -0.875858
vn 0.000634 -0.151603 -0.988441
vn -0.221909 -0.238167 -0.945533
vn -0.019264 -0.356210 -0.934207
vn 0.185478 -0.267192 -0.945625
vn 0.433661 0.008784 -0.901033
vn 0.226937 -0.071203 -0.971303
vn 0.387155 -0.177603 -0.904747
vn 0.572046 -0.081913 -0.816121
vn 0.752625 0.148826 -0.641410
vn 0.613274 0.078684 -0.785942
vn 0.727417 0.009577 -0.686129
vn 0.844959 0.094147 -0.526479
vn 0.919475 0.254854 -0.299358
vn 0.855802 0.206097 -0.474475
vn 0.921752 0.166481 -0.350225
vn 0.960073 0.222387 -0.169719
vn 0.951704 0.303446 0.046692
vn 0.951383 0.283280 -0.120923
vn 0.964089 0.265536 0.004747
vn 0.939024 0.298656 0.170409
vn 0.880613 0.309587 0.358716
vn 0.926872 0.314233 0.205346
vn 0.889653 0.320324 0.325438
vn 0.819908 0.325059 0.471261
vn 0.731333 0.254346 0.632820
vn 0.814810 0.289943 0.502013
vn 0.734934 0.313883 0.601124
vn 0.634740 0.284740 0.718351
vn 0.514066 0.118715 0.849496
vn 0.630756 0.199642 0.749860
vn 0.521033 0.232213 0.821341
vn 0.394174 0.156568 0.905601
vn 0.227001 -0.108888 0.967788
vn 0.384180 0.029140 0.922798
vn 0.255591 0.060663 0.964880
vn 0.105685 -0.058121 0.992700
vn -0.074763 -0.409082 0.909430
vn 0.068119 -0.266389 0.961455
vn -0.054079 -0.219978 0.974005
vn -0.187555 -0.379073 0.906161
vn -0.189060 -0.523364 0.830871
vn -0.286768 -0.509715 0.811144
vn -0.282479 -0.629441 0.723885
vn -0.167072 -0.604809 0.778648
vn -0.283421 -0.683358 0.672826
vn -0.351916 -0.738196 0.575519
vn -0.026073 -0.554843 0.831547
vn -0.182796 -0.604142 0.775627
vn -0.436789 -0.634091 0.638079
vn -0.376812 -0.643931 0.665857
vn -0.391922 -0.761772 0.515850
vn -0.424269 -0.776139 0.466480
vn -0.540018 -0.594742 0.595535
vn -0.495125 -0.618035 0.610642
vn -0.448797 -0.780917 0.434454
vn -0.467499 -0.778644 0.418520
vn -0.597949 -0.531710 0.599784
vn -0.573826 -0.570141 0.587931
vn -0.488555 -0.769826 0.410710
vn -0.513300 -0.750053 0.417065
vn -0.653704 -0.423850 0.626915
vn -0.620708 -0.481816 0.618526
vn -0.547401 -0.723474 0.420640
vn -0.593981 -0.688237 0.416552
vn -0.758994 -0.311294 0.571860
vn -0.698299 -0.369486 0.613074
vn -0.657945 -0.639881 0.397064
vn -0.736165 -0.585981 0.338654
vn -0.917487 -0.211018 0.337179
vn -0.837334 -0.258898 0.481501
vn -0.817751 -0.525059 0.235789
vn -0.881874 -0.464549 0.080577
vn -0.987582 -0.131382 -0.086139
vn -0.974730 -0.170318 0.144546
vn -0.910239 -0.397913 -0.114587
vn -0.881957 -0.331571 -0.334983
vn -0.827353 -0.069322 -0.557389
vn -0.939389 -0.098379 -0.328436
vn -0.789627 -0.265196 -0.553317
vn -0.638388 -0.196719 -0.744152
vn -0.448786 -0.023830 -0.893321
vn -0.658266 -0.046692 -0.751336
vn -0.437883 -0.131155 -0.889414
vn -0.210528 -0.068596 -0.975178
vn 0.016481 0.011305 -0.999800
vn -0.218449 -0.004552 -0.975838
vn 0.028458 -0.008561 -0.999558
vn 0.255797 0.048274 -0.965525
vn 0.449365 0.023040 -0.893051
vn 0.242871 0.021012 -0.969831
vn 0.462679 0.092640 -0.881673
vn 0.633186 0.129449 -0.763098
vn 0.763585 0.024563 -0.645241
vn 0.622203 0.026142 -0.782420
vn 0.770831 0.158191 -0.617086
vn 0.870353 0.185675 -0.456081
vn 0.947231 -0.008428 -0.320442
vn 0.869629 0.017557 -0.493394
vn 0.937808 0.203024 -0.281599
vn 0.972071 0.208230 -0.108254
vn 0.999181 -0.038851 0.011293
vn 0.988123 -0.023960 -0.151783
vn 0.977302 0.203914 0.057442
vn 0.957135 0.190194 0.218447
vn 0.935639 -0.123280 0.330728
vn 0.980630 -0.087052 0.175464
vn 0.913297 0.157601 0.375567
vn 0.846224 0.115074 0.520254
vn 0.777208 -0.211318 0.592700
vn 0.866253 -0.165497 0.471398
vn 0.758907 0.062927 0.648152
vn 0.644932 -0.028841 0.763696
vn 0.544290 -0.324262 0.773694
vn 0.655387 -0.292083 0.696531
vn 0.527228 -0.101260 0.843669
vn 0.376580 -0.202698 0.903936
vn 0.239238 -0.466920 0.851323
vn 0.387653 -0.409178 0.826014
vn 0.206182 -0.346549 0.915092
vn 0.066392 -0.450398 0.890356
vn 0.107652 -0.511149 0.852724
vn -0.060070 -0.523233 0.850070
vn 0.172037 0.010762 0.985032
vn 0.321097 -0.045046 0.945974
vn 0.050237 -0.405822 0.912570
vn -0.097339 -0.382742 0.918713
vn 0.463583 -0.092730 0.881188
vn 0.196500 -0.406271 0.892374
vn -0.153067 0.131720 0.979398
vn 0.011303 0.064665 0.997843
vn -0.255434 -0.362707 0.896213
vn -0.379793 -0.317194 0.868991
vn -0.391465 0.231251 0.890662
vn -0.282508 0.192421 0.939768
vn -0.463669 -0.267011 0.844817
vn -0.543839 -0.219393 0.810004
vn -0.564234 0.202697 0.800346
vn -0.500861 0.217394 0.837782
vn -0.600016 -0.160961 0.783628
vn -0.633643 -0.107524 0.766117
vn -0.627452 0.171599 0.759512
vn -0.605144 0.188303 0.773526
vn -0.648569 -0.062369 0.758597
vn -0.657301 -0.023858 0.753251
vn -0.685770 0.078130 0.723613
vn -0.658907 0.121981 0.742268
vn -0.681466 -0.002212 0.731846
vn -0.717966 0.011936 0.695976
vn -0.768646 0.006084 0.639646
vn -0.716856 0.046396 0.695676
vn -0.772135 0.018729 0.635183
vn -0.848292 0.014585 0.529328
vn -0.905416 -0.070386 0.418651
vn -0.835897 -0.034998 0.547769
vn -0.925479 0.007829 0.378719
vn -0.982357 0.001571 0.187010
vn -0.987743 -0.151291 0.038409
vn -0.962734 -0.108854 0.247579
vn -0.998983 -0.014182 -0.042800
vn -0.958957 -0.026806 -0.282280
vn -0.890803 -0.224017 -0.395330
vn -0.965140 -0.189448 -0.180594
vn -0.857515 -0.045150 -0.512473
vn -0.704913 -0.056425 -0.707046
vn -0.596495 -0.300575 -0.744210
vn -0.765807 -0.263780 -0.586480
vn -0.510181 -0.078826 -0.856447
vn -0.292816 -0.098598 -0.951072
vn -0.204266 -0.328055 -0.922310
vn -0.410491 -0.310129 -0.857507
vn -0.067412 -0.117483 -0.990784
vn 0.157272 -0.144132 -0.976981
vn 0.206849 -0.318760 -0.924990
vn 0.004963 -0.328791 -0.944390
vn 0.361172 -0.158408 -0.918946
vn 0.536889 -0.166378 -0.827084
vn 0.561540 -0.301980 -0.770377
vn 0.394628 -0.312279 -0.864148
vn 0.683790 -0.187843 -0.705086
vn 0.800459 -0.201255 -0.564589
vn 0.815985 -0.277243 -0.507253
vn 0.701232 -0.287091 -0.652574
vn 0.886941 -0.228467 -0.401420
vn 0.941296 -0.231157 -0.246026
vn 0.952471 -0.235089 -0.193731
vn 0.900160 -0.248890 -0.357443
vn 0.964239 -0.250519 -0.086505
vn 0.959084 -0.272414 0.077132
vn 0.967944 -0.211862 0.134904
vn 0.975725 -0.216488 -0.033072
vn 0.929361 -0.287634 0.231420
vn 0.877630 -0.303126 0.371323
vn 0.878938 -0.192126 0.436527
vn 0.935502 -0.202661 0.289422
vn 0.802977 -0.325009 0.499597
vn 0.703432 -0.353415 0.616669
vn 0.704693 -0.165683 0.689897
vn 0.799591 -0.189553 0.569845
vn 0.592492 -0.377553 0.711622
vn 0.469004 -0.392642 0.791118
vn 0.595250 -0.133879 0.792309
vn 0.336675 -0.399810 0.852527
vn 0.569297 0.221740 0.791664
vn 0.684253 0.226339 0.693230
vn 0.525030 0.212251 0.824193
vn 0.385020 0.259454 0.885688
vn 0.784357 0.218845 0.580423
vn 0.652607 0.163973 0.739742
vn 0.286813 0.173024 0.942232
vn 0.440465 0.209749 0.872924
vn 0.239401 0.301533 0.922911
vn 0.084539 0.331026 0.939827
vn -0.046758 0.048614 0.997723
vn 0.127484 0.121894 0.984322
vn -0.071676 0.346777 0.935205
vn -0.226322 0.341139 0.912361
vn -0.443483 -0.241131 0.863237
vn -0.262645 -0.087367 0.960929
vn -0.400228 0.277272 0.873463
vn -0.530188 0.201142 0.823676
vn -0.592302 -0.322968 0.738153
vn -0.523961 -0.265932 0.809163
vn -0.593851 0.138311 0.792598
vn -0.639851 0.078621 0.764467
vn -0.662053 -0.436128 0.609491
vn -0.641668 -0.381355 0.665455
vn -0.692400 -0.022262 0.721170
vn -0.705651 -0.098296 0.701708
vn -0.658204 -0.421890 0.623519
vn -0.657364 -0.418204 0.626879
vn -0.705204 -0.139180 0.695210
vn -0.718762 -0.179905 0.671577
vn -0.678204 -0.427725 0.597571
vn -0.663757 -0.424234 0.615997
vn -0.746452 -0.222195 0.627247
vn -0.787599 -0.254549 0.561153
vn -0.743501 -0.468038 0.477646
vn -0.706969 -0.443785 0.550681
vn -0.838613 -0.295530 0.457592
vn -0.886336 -0.332857 0.321891
vn -0.826447 -0.499433 0.259908
vn -0.784471 -0.485431 0.385957
vn -0.912170 -0.379623 0.154377
vn -0.910668 -0.412108 -0.029178
vn -0.871623 -0.485811 -0.065277
vn -0.859527 -0.498803 0.111401
vn -0.869477 -0.442062 -0.220431
vn -0.789730 -0.458306 -0.407778
vn -0.786250 -0.409479 -0.462750
vn -0.852906 -0.452923 -0.259639
vn -0.677752 -0.456601 -0.576340
vn -0.533345 -0.441367 -0.721622
vn -0.489422 -0.290467 -0.822250
vn -0.660838 -0.360464 -0.658300
vn -0.354914 -0.421487 -0.834497
vn -0.156197 -0.387134 -0.908697
vn -0.033251 -0.166147 -0.985540
vn -0.271098 -0.228778 -0.934969
vn 0.058886 -0.347836 -0.935704
vn 0.271172 -0.301089 -0.914227
vn 0.411676 -0.037638 -0.910553
vn 0.198780 -0.095489 -0.975381
vn 0.465979 -0.241555 -0.851184
vn 0.636420 -0.190373 -0.747481
vn 0.748768 0.048578 -0.661049
vn 0.596380 0.013120 -0.802595
vn 0.780385 -0.150464 -0.606926
vn 0.885523 -0.106384 -0.452252
vn 0.937597 0.094786 -0.334555
vn 0.859612 0.081482 -0.504409
vn 0.956045 -0.064792 -0.285971
vn 0.992822 -0.036543 -0.113880
vn 0.991495 0.129618 0.011666
vn 0.979694 0.116877 -0.162910
vn 0.997834 -0.023577 0.061415
vn 0.974001 0.002356 0.226532
vn 0.930836 0.173530 0.321607
vn 0.973889 0.145742 0.174069
vn 0.924508 0.027338 0.380182
vn 0.853564 0.073677 0.515752
vn 0.867098 0.199979 0.456233
vn 0.763259 0.117593 0.635301
vn 0.864738 -0.227135 0.447926
vn 0.941966 -0.118625 0.314051
vn 0.838570 0.096273 0.536219
vn 0.746816 0.025352 0.664547
vn 0.985288 -0.034520 0.167378
vn 0.905546 0.141658 0.399900
vn 0.630270 -0.441261 0.638787
vn 0.752094 -0.354845 0.555373
vn 0.638559 -0.046528 0.768165
vn 0.492320 -0.147851 0.857765
vn 0.324924 -0.644562 0.692073
vn 0.458543 -0.573238 0.679070
vn 0.320021 -0.294059 0.900620
vn 0.176734 -0.376283 0.909492
vn 0.009934 -0.777652 0.628617
vn 0.182138 -0.697241 0.693312
vn -0.031394 -0.507196 0.861259
vn -0.204377 -0.620740 0.756909
vn -0.158859 -0.771022 0.616675
vn -0.071347 -0.778576 0.623481
vn -0.295546 -0.639405 0.709799
vn -0.388713 -0.646039 0.656914
vn -0.339970 -0.752720 0.563767
vn -0.263704 -0.771680 0.578767
vn -0.461950 -0.662181 0.590016
vn -0.511207 -0.657583 0.553400
vn -0.435469 -0.675948 0.594526
vn -0.391333 -0.719680 0.573515
vn -0.539121 -0.623203 0.566538
vn -0.560593 -0.594146 0.576825
vn -0.514476 -0.583629 0.628245
vn -0.477225 -0.630806 0.611833
vn -0.576775 -0.569316 0.585841
vn -0.592789 -0.546417 0.591633
vn -0.589118 -0.477442 0.651912
vn -0.547512 -0.533364 0.644789
vn -0.615772 -0.531306 0.581841
vn -0.647138 -0.525237 0.552575
vn -0.695661 -0.331011 0.637564
vn -0.636932 -0.407887 0.654175
vn -0.687689 -0.507727 0.518939
vn -0.745047 -0.481285 0.461812
vn -0.863688 -0.148672 0.481602
vn -0.773018 -0.243564 0.585764
vn -0.816909 -0.442595 0.369822
vn -0.892002 -0.385728 0.235683
vn -0.997010 0.025105 0.073079
vn -0.949866 -0.057762 0.307276
vn -0.947337 -0.316949 0.045785
vn -0.951808 -0.241322 -0.189276
vn -0.885059 0.173932 -0.431761
vn -0.977446 0.105037 -0.183210
vn -0.886779 -0.160167 -0.433554
vn -0.749652 -0.078131 -0.657205
vn -0.532766 0.249851 -0.808539
vn -0.731237 0.219608 -0.645806
vn -0.551270 -0.002794 -0.834322
vn -0.316693 0.059284 -0.946674
vn -0.091640 0.292289 -0.951929
vn -0.316963 0.281020 -0.905849
vn -0.073459 0.113716 -0.990794
vn 0.160625 0.150736 -0.975438
vn 0.324134 0.284968 -0.902070
vn 0.126659 0.290535 -0.948444
vn 0.373095 0.170143 -0.912059
vn 0.554955 0.181966 -0.811735
vn 0.652813 0.244779 -0.716881
vn 0.492890 0.280196 -0.823741
vn 0.703553 0.196564 -0.682917
vn 0.822050 0.195150 -0.534930
vn 0.869756 0.198162 -0.451947
vn 0.778793 0.218206 -0.588105
vn 0.904021 0.194050 -0.380908
vn 0.959137 0.184230 -0.214746
vn 0.985764 0.097312 -0.137115
vn 0.943789 0.145483 -0.296810
vn 0.982732 0.178751 -0.047805
vn 0.977535 0.182720 0.105067
vn 0.998290 0.057440 0.010829
vn 0.951360 0.169215 0.257448
vn 0.787745 -0.611343 -0.075618
vn 0.816651 -0.536609 -0.212444
vn 0.930917 -0.362406 0.045341
vn 0.869162 -0.461611 0.177408
vn 0.820045 -0.446715 -0.357732
vn 0.963205 -0.245952 -0.108371
vn 0.675696 -0.723198 0.142898
vn 0.735561 -0.676121 0.042552
vn 0.776213 -0.560260 0.289140
vn 0.671467 -0.635931 0.380426
vn 0.529588 -0.790087 0.308707
vn 0.607868 -0.759322 0.232221
vn 0.551097 -0.705680 0.445317
vn 0.429837 -0.759201 0.488728
vn 0.388883 -0.813871 0.431724
vn 0.457279 -0.806995 0.373705
vn 0.334776 -0.782212 0.525424
vn 0.205754 -0.817043 0.538615
vn 0.242802 -0.803016 0.544255
vn 0.306897 -0.816901 0.488352
vn 0.116318 -0.824727 0.553439
vn 0.047962 -0.811940 0.581767
vn 0.086620 -0.752596 0.652760
vn 0.168855 -0.785367 0.595556
vn -0.052704 -0.804218 0.591992
vn -0.148160 -0.783668 0.603253
vn -0.058581 -0.601046 0.797065
vn 0.008451 -0.693179 0.720716
vn -0.218431 -0.742088 0.633714
vn -0.277408 -0.682158 0.676540
vn -0.221803 -0.337611 0.914780
vn -0.140181 -0.485443 0.862957
vn -0.344098 -0.610427 0.713425
vn -0.407806 -0.524025 0.747725
vn -0.344632 0.001357 0.938737
vn -0.285625 -0.165737 0.943901
vn -0.458507 -0.418052 0.784222
vn -0.506332 -0.298755 0.808933
vn -0.453809 0.269928 0.849233
vn -0.399543 0.150017 0.904356
vn -0.557857 -0.169955 0.812349
vn -0.609643 -0.041934 0.791566
vn -0.606611 0.419950 0.675030
vn -0.523504 0.359179 0.772615
vn -0.675731 0.073357 0.733490
vn -0.756364 0.168838 0.631987
vn -0.784857 0.484062 0.386890
vn -0.699706 0.459393 0.547147
vn -0.845579 0.243726 0.474968
vn -0.915187 0.300694 0.268358
vn -0.866541 0.499106 -0.000584
vn -0.844277 0.496962 0.200562
vn -0.938364 0.343621 0.037382
vn -0.905440 0.374509 -0.199806
vn -0.783350 0.473005 -0.403273
vn -0.846552 0.490610 -0.206520
vn -0.817644 0.390991 -0.422593
vn -0.682640 0.398001 -0.612860
vn -0.548797 0.418446 -0.723689
vn -0.680384 0.449483 -0.578829
vn -0.518242 0.395631 -0.758223
vn -0.333123 0.382877 -0.861646
vn -0.215895 0.316895 -0.923562
vn -0.390165 0.368319 -0.843867
vn -0.132881 0.356782 -0.924689
vn 0.064345 0.330852 -0.941487
vn 0.147088 0.178025 -0.972971
vn -0.034365 0.253573 -0.966706
vn 0.247335 0.303013 -0.920331
vn 0.422922 0.253352 -0.870029
vn 0.486246 -0.015473 -0.873685
vn 0.327898 0.080711 -0.941259
vn 0.588882 0.184908 -0.786783
vn 0.719256 0.134889 -0.681524
vn 0.725335 -0.242551 -0.644251
vn 0.619687 -0.125198 -0.774799
vn 0.830520 0.046348 -0.555058
vn 0.909993 -0.040489 -0.412641
vn 0.792286 -0.340153 -0.506536
vn 0.955359 -0.141716 -0.259241
vn 0.581723 -0.642421 -0.498892
vn 0.514949 -0.605957 -0.606336
vn 0.661987 -0.621843 -0.418430
vn 0.681791 -0.669266 -0.295372
vn 0.428352 -0.558113 -0.710651
vn 0.621792 -0.556307 -0.551269
vn 0.668805 -0.685652 -0.287369
vn 0.632524 -0.664792 -0.397449
vn 0.678592 -0.713195 -0.175687
vn 0.666778 -0.742027 -0.069311
vn 0.713919 -0.696065 -0.076246
vn 0.696037 -0.694440 -0.182442
vn 0.648385 -0.760731 0.029754
vn 0.619738 -0.774734 0.125349
vn 0.727886 -0.671252 0.140010
vn 0.725132 -0.687965 0.029802
vn 0.585519 -0.781210 0.216513
vn 0.550747 -0.777968 0.302398
vn 0.706545 -0.602234 0.371630
vn 0.722437 -0.643525 0.252904
vn 0.510233 -0.767002 0.389064
vn 0.462343 -0.745333 0.480330
vn 0.638432 -0.458280 0.618372
vn 0.680028 -0.541640 0.494153
vn 0.415514 -0.706185 0.573281
vn 0.360917 -0.647045 0.671618
vn 0.495604 -0.219432 0.840373
vn 0.577974 -0.350263 0.737063
vn 0.295911 -0.559747 0.774028
vn 0.225765 -0.432867 0.872729
vn 0.276982 0.063519 0.958773
vn 0.394729 -0.078866 0.915407
vn 0.139356 -0.276226 0.950936
vn 0.040373 -0.092898 0.994857
vn 0.037307 0.296123 0.954421
vn 0.158061 0.191660 0.968650
vn -0.047664 0.087865 0.994991
vn -0.138270 0.241208 0.960573
vn -0.194106 0.433621 0.879941
vn -0.080552 0.376641 0.922850
vn -0.222565 0.359025 0.906403
vn -0.305724 0.440762 0.843956
vn -0.419481 0.493877 0.761657
vn -0.306993 0.471808 0.826530
vn -0.395077 0.495535 0.773537
vn -0.490168 0.529412 0.692430
vn -0.641976 0.499071 0.582061
vn -0.533605 0.502177 0.680502
vn -0.590537 0.547665 0.592731
vn -0.686325 0.553315 0.472017
vn -0.826648 0.459167 0.325298
vn -0.742098 0.484138 0.463574
vn -0.769048 0.548857 0.327600
vn -0.828635 0.535352 0.163593
vn -0.925317 0.379186 -0.002532
vn -0.889720 0.424168 0.168757
vn -0.858347 0.512880 -0.013956
vn -0.854821 0.478711 -0.200292
vn -0.895538 0.264862 -0.357575
vn -0.928315 0.324021 -0.182322
vn -0.813768 0.438566 -0.381369
vn -0.737750 0.383551 -0.555530
vn -0.726566 0.116135 -0.677211
vn -0.827016 0.190537 -0.528905
vn -0.628494 0.323532 -0.707335
vn -0.490610 0.246848 -0.835684
vn -0.438871 -0.074067 -0.895492
vn -0.593605 0.019501 -0.804520
vn -0.331468 0.155359 -0.930587
vn -0.155826 0.048055 -0.986615
vn -0.105732 -0.266649 -0.957976
vn -0.272216 -0.171609 -0.946810
vn 0.018914 -0.057417 -0.998171
vn 0.190705 -0.184724 -0.964110
vn 0.198826 -0.435828 -0.877794
vn 0.056945 -0.360278 -0.931105
vn 0.340037 -0.288164 -0.895174
vn 0.465081 -0.394473 -0.792522
vn 0.322944 -0.501087 -0.802882
vn 0.558383 -0.479326 -0.677093
vn 0.276469 -0.518332 -0.809257
vn 0.143127 -0.528561 -0.836743
vn 0.343872 -0.550213 -0.760932
vn 0.451906 -0.565291 -0.690093
vn 0.006854 -0.531297 -0.847158
vn 0.221179 -0.524069 -0.822455
vn 0.528544 -0.474872 -0.703661
vn 0.405023 -0.501464 -0.764520
vn 0.548533 -0.575405 -0.606647
vn 0.634032 -0.574976 -0.517113
vn 0.748833 -0.393978 -0.532945
vn 0.642768 -0.439350 -0.627551
vn 0.709194 -0.568725 -0.416648
vn 0.773582 -0.552098 -0.311062
vn 0.915006 -0.278304 -0.292081
vn 0.840566 -0.340364 -0.421428
vn 0.828053 -0.525099 -0.196464
vn 0.869889 -0.487652 -0.074087
vn 0.991139 -0.132828 0.000910
vn 0.966864 -0.206960 -0.149471
vn 0.896468 -0.439029 0.059993
vn 0.903632 -0.378328 0.200792
vn 0.950898 0.026965 0.308329
vn 0.986251 -0.052672 0.156633
vn 0.889460 -0.300971 0.343916
vn 0.848249 -0.215165 0.483919
vn 0.798722 0.176708 0.575168
vn 0.886188 0.106128 0.451007
vn 0.780204 -0.119449 0.614014
vn 0.688327 -0.021783 0.725073
vn 0.574511 0.286890 0.766572
vn 0.692352 0.238124 0.681136
vn 0.577285 0.074167 0.813167
vn 0.453624 0.160829 0.876561
vn 0.320437 0.351794 0.879523
vn 0.449153 0.326511 0.831656
vn 0.322936 0.236376 0.916427
vn 0.190118 0.296045 0.936062
vn 0.051734 0.369347 0.927850
vn 0.186759 0.367711 0.910994
vn 0.056907 0.342215 0.937897
vn -0.074954 0.373604 0.924555
vn -0.228343 0.338727 0.912756
vn -0.088277 0.360540 0.928557
vn -0.207252 0.392665 0.896025
vn -0.337633 0.398321 0.852845
vn -0.510442 0.255754 0.820998
vn -0.370544 0.304289 0.877556
vn -0.469430 0.390678 0.791838
vn -0.593935 0.371500 0.713603
vn -0.755326 0.133011 0.641709
vn -0.639037 0.198303 0.743174
vn -0.711300 0.340204 0.615072
vn -0.815792 0.299107 0.494994
vn -0.925512 -0.012957 0.378497
vn -0.852869 0.061626 0.518475
vn -0.901343 0.248622 0.354637
vn -0.961489 0.190509 0.198102
vn -0.985672 -0.154174 0.068414
vn -0.970090 -0.081326 0.228716
vn -0.991247 0.128897 0.028552
vn -0.987527 0.065316 -0.143261
vn -0.930260 -0.276834 -0.240790
vn -0.972909 -0.214039 -0.087379
vn -0.950052 0.000460 -0.312092
vn -0.880509 -0.066587 -0.469329
vn -0.767860 -0.385387 -0.511730
vn -0.861681 -0.332572 -0.383278
vn -0.780028 -0.138996 -0.610113
vn -0.650759 -0.214412 -0.728382
vn -0.535751 -0.465099 -0.704737
vn -0.658342 -0.428746 -0.618678
vn -0.509292 -0.279400 -0.813976
vn -0.356228 -0.345393 -0.868220
vn -0.270137 -0.515420 -0.813245
vn -0.404765 -0.495061 -0.768817
vn -0.202235 -0.402011 -0.893022
vn -0.054371 -0.449644 -0.891552
vn -0.130794 -0.528349 -0.838892
vn 0.087528 -0.490453 -0.867061
vn -0.075670 -0.361657 -0.929235
vn -0.228245 -0.409686 -0.883211
vn -0.049646 -0.501330 -0.863831
vn 0.095019 -0.465361 -0.880006
vn -0.365956 -0.450004 -0.814599
vn -0.186938 -0.528233 -0.828266
vn 0.248036 -0.242956 -0.937790
vn 0.084040 -0.306043 -0.948301
vn 0.242854 -0.423182 -0.872891
vn 0.391652 -0.368591 -0.843060
vn 0.557214 -0.107415 -0.823392
vn 0.407316 -0.177159 -0.895940
vn 0.533524 -0.308972 -0.787330
vn 0.667349 -0.239463 -0.705197
vn 0.799082 0.024724 -0.600714
vn 0.689424 -0.040396 -0.723231
vn 0.783284 -0.168116 -0.598501
vn 0.876925 -0.092481 -0.471647
vn 0.940883 0.138590 -0.309084
vn 0.884958 0.083330 -0.458155
vn 0.944937 -0.016144 -0.326855
vn 0.983629 0.057919 -0.170645
vn 0.974253 0.225444 0.002525
vn 0.970973 0.186223 -0.150105
vn 0.991532 0.129563 -0.008771
vn 0.970183 0.193003 0.146608
vn 0.909230 0.280813 0.307319
vn 0.952872 0.257708 0.160068
vn 0.921933 0.249503 0.296292
vn 0.852132 0.295586 0.431857
vn 0.763879 0.299039 0.571895
vn 0.845109 0.294479 0.446177
vn 0.762824 0.332395 0.554629
vn 0.662151 0.357917 0.658370
vn 0.557315 0.280683 0.781420
vn 0.666447 0.294740 0.684819
vn 0.550775 0.372186 0.747077
vn 0.433315 0.374800 0.819612
vn 0.302982 0.218900 0.927515
vn 0.435271 0.255059 0.863414
vn 0.305861 0.366142 0.878857
vn 0.174050 0.345719 0.922055
vn 0.015259 0.115409 0.993201
vn 0.161156 0.168853 0.972377
vn 0.032599 0.311309 0.949750
vn -0.110648 0.266812 0.957376
vn -0.281863 -0.026714 0.959083
vn -0.138551 0.045155 0.989325
vn -0.260444 0.202810 0.943947
vn -0.402867 0.131370 0.905782
vn -0.534708 -0.174634 0.826795
vn -0.417114 -0.105510 0.902709
vn -0.537662 0.052201 0.841543
vn -0.654877 -0.027559 0.755233
vn -0.721069 -0.306854 0.621209
vn -0.636739 -0.242529 0.731945
vn -0.754813 -0.108095 0.646972
vn -0.832322 -0.187869 0.521484
vn -0.830641 -0.408200 0.378692
vn -0.785193 -0.361417 0.502842
vn -0.885002 -0.258571 0.387186
vn -0.913376 -0.324264 0.246167
vn -0.869708 -0.478256 0.121979
vn -0.858441 -0.447562 0.250535
vn -0.918382 -0.382332 0.101968
vn -0.901152 -0.431838 -0.037959
vn -0.844098 -0.518228 -0.137614
vn -0.864806 -0.502040 -0.008140
vn -0.863161 -0.474308 -0.173160
vn -0.806615 -0.508267 -0.301723
vn -0.753850 -0.528453 -0.390444
vn -0.806423 -0.527773 -0.266717
vn -0.733386 -0.533500 -0.421335
vn -0.648131 -0.548467 -0.528309
vn -0.594356 -0.507134 -0.624144
vn -0.683443 -0.520982 -0.511355
vn -0.547991 -0.556865 -0.624185
vn -0.439451 -0.555038 -0.706269
vn -0.489665 -0.482217 -0.726426
vn -0.317051 -0.546237 -0.775309
vn -0.365537 -0.192246 -0.910727
vn -0.514967 -0.214397 -0.829966
vn -0.387049 -0.294905 -0.873627
vn -0.232126 -0.250550 -0.939863
vn -0.649616 -0.230847 -0.724368
vn -0.525296 -0.333324 -0.782917
vn -0.031922 -0.143189 -0.989180
vn -0.202154 -0.167905 -0.964853
vn -0.066054 -0.202648 -0.977021
vn 0.104680 -0.152089 -0.982808
vn 0.305355 -0.095081 -0.947480
vn 0.139118 -0.118757 -0.983129
vn 0.273374 -0.100839 -0.956608
vn 0.433472 -0.050612 -0.899745
vn 0.603986 -0.051012 -0.795361
vn 0.460027 -0.069785 -0.885158
vn 0.579347 -0.002826 -0.815076
vn 0.706877 0.041030 -0.706145
vn 0.827484 -0.016232 -0.561255
vn 0.726631 -0.031155 -0.686322
vn 0.813285 0.079865 -0.576358
vn 0.890768 0.115330 -0.439581
vn 0.964505 -0.000020 -0.264065
vn 0.907813 -0.006187 -0.419329
vn 0.948505 0.139015 -0.284627
vn 0.979088 0.155754 -0.130871
vn 0.998888 -0.000081 0.047146
vn 0.993753 0.002749 -0.111565
vn 0.985257 0.169005 0.026555
vn 0.967955 0.173004 0.182021
vn 0.934988 -0.017547 0.354246
vn 0.978790 -0.008130 0.204704
vn 0.927762 0.169064 0.332679
vn 0.865547 0.159668 0.474695
vn 0.779567 -0.047750 0.624497
vn 0.867773 -0.031585 0.495956
vn 0.782804 0.140294 0.606247
vn 0.682840 0.114792 0.721493
vn 0.550888 -0.091469 0.829552
vn 0.673922 -0.068213 0.735647
vn 0.564547 0.083437 0.821173
vn 0.433951 0.043567 0.899883
vn 0.272511 -0.137328 0.952302
vn 0.416647 -0.113181 0.901995
vn 0.292974 -0.001020 0.956120
vn 0.145574 -0.049889 0.988089
vn -0.022903 -0.187097 0.982074
vn 0.124133 -0.163906 0.978635
vn -0.006188 -0.105072 0.994445
vn -0.154473 -0.158199 0.975249
vn -0.305914 -0.226719 0.924670
vn -0.168915 -0.210235 0.962948
vn -0.292621 -0.207066 0.933540
vn -0.418484 -0.255569 0.871525
vn -0.549783 -0.253187 0.796012
vn -0.431468 -0.238457 0.870043
vn -0.527658 -0.296963 0.795858
vn -0.625608 -0.336034 0.704057
vn -0.742451 -0.271240 0.612532
vn -0.653254 -0.264205 0.709546
vn -0.707730 -0.369321 0.602263
vn -0.774161 -0.394897 0.494703
vn -0.878291 -0.282578 0.385686
vn -0.818267 -0.279891 0.502095
vn -0.826817 -0.415290 0.379351
vn -0.865393 -0.429439 0.258220
vn -0.950411 -0.286128 0.121856
vn -0.922984 -0.285017 0.258583
vn -0.889282 -0.438312 0.130614
vn -0.896935 -0.442157 -0.002148
vn -0.946545 -0.277269 -0.164848
vn -0.959203 -0.282071 -0.019100
vn -0.887857 -0.439024 -0.137723
vn -0.860138 -0.430183 -0.274056
vn -0.847267 -0.260685 -0.462798
vn -0.910305 -0.270188 -0.313597
vn -0.810750 -0.415212 -0.412654
vn -0.737019 -0.395129 -0.548339
vn -0.761499 -0.247946 -0.598867
vn -0.643736 -0.367817 -0.671054
vn -0.575781 -0.071185 -0.814499
vn -0.705343 -0.041396 -0.707656
vn -0.621855 -0.140895 -0.770354
vn -0.480929 -0.147925 -0.864191
vn -0.814560 -0.012158 -0.579952
vn -0.746598 -0.131040 -0.652242
vn -0.272848 -0.129398 -0.953315
vn -0.432119 -0.099383 -0.896324
vn -0.326447 -0.153334 -0.932696
vn -0.161043 -0.158740 -0.974098
vn 0.057522 -0.184530 -0.981142
vn -0.108113 -0.157846 -0.981527
vn 0.007922 -0.162840 -0.986621
vn 0.175095 -0.165964 -0.970463
vn 0.370376 -0.233740 -0.898992
vn 0.217524 -0.209493 -0.953308
vn 0.332171 -0.167453 -0.928236
vn 0.483780 -0.170422 -0.858437
vn 0.630893 -0.272229 -0.726544
vn 0.510591 -0.255031 -0.821131
vn 0.617616 -0.172125 -0.767413
vn 0.733187 -0.171145 -0.658138
vn 0.824128 -0.304962 -0.477295
vn 0.737742 -0.289980 -0.609629
vn 0.830715 -0.176193 -0.528081
vn 0.904554 -0.182106 -0.385511
vn 0.926020 -0.322566 -0.196058
vn 0.886012 -0.313775 -0.341363
vn 0.953686 -0.182003 -0.239494
vn 0.978946 -0.185019 -0.086214
vn 0.938082 -0.330967 0.102295
vn 0.943431 -0.328041 -0.048234
vn 0.979530 -0.188649 0.070235
vn 0.955671 -0.191510 0.223644
vn 0.862924 -0.324983 0.386972
vn 0.911129 -0.330177 0.246631
vn 0.908236 -0.194697 0.370406
vn 0.839086 -0.196677 0.507202
vn 0.707789 -0.300775 0.639194
vn 0.794011 -0.315784 0.519448
vn 0.750876 -0.197393 0.630255
vn 0.645064 -0.196332 0.738476
vn 0.482456 -0.262478 0.835669
vn 0.602058 -0.284251 0.746141
vn 0.522993 -0.193169 0.830159
vn 0.387054 -0.191710 0.901907
vn 0.212617 -0.204737 0.955446
vn 0.353227 -0.235516 0.905408
vn 0.246573 -0.185811 0.951145
vn 0.100873 -0.177777 0.978887
vn -0.080684 -0.130963 0.988099
vn 0.068526 -0.169666 0.983116
vn -0.045722 -0.166258 0.985022
vn -0.191885 -0.152415 0.969510
vn -0.376203 -0.059337 0.924636
vn -0.233511 -0.093634 0.967835
vn -0.331658 -0.139053 0.933096
vn -0.467219 -0.126885 0.874990
vn -0.627208 0.007461 0.778816
vn -0.506761 -0.024446 0.861740
vn -0.587666 -0.115111 0.800873
vn -0.694235 -0.103270 0.712301
vn -0.822917 0.054989 0.565494
vn -0.731887 0.033467 0.680603
vn -0.788700 -0.096033 0.607231
vn -0.865812 -0.088109 0.492551
vn -0.949490 0.072410 0.305330
vn -0.892996 0.068169 0.444873
vn -0.925800 -0.084888 0.368360
vn -0.970039 -0.085660 0.227348
vn -0.997708 0.065650 0.016379
vn -0.983772 0.073051 0.163877
vn -0.992466 -0.088458 0.084774
vn -0.993296 -0.095359 -0.065339
vn -0.956060 0.034514 -0.291132
vn -0.989115 0.052276 -0.137548
vn -0.969982 -0.104085 -0.219778
vn -0.920177 -0.114018 -0.374531
vn -0.897945 0.012399 -0.439933
vn -0.846168 -0.123595 -0.518386
vn -0.677923 0.169814 -0.715250
vn -0.778640 0.198776 -0.595154
vn -0.758464 0.078534 -0.646966
vn -0.642545 0.039379 -0.765235
vn -0.859052 0.220573 -0.461927
vn -0.850665 0.112018 -0.513636
vn -0.422955 0.091019 -0.901568
vn -0.558014 0.134542 -0.818852
vn -0.509598 -0.002950 -0.860407
vn -0.362926 -0.045730 -0.930695
vn -0.114696 -0.012906 -0.993317
vn -0.271917 0.040970 -0.961448
vn -0.202828 -0.092363 -0.974849
vn -0.040944 -0.137147 -0.989704
vn 0.204867 -0.126573 -0.970571
vn 0.047815 -0.068941 -0.996474
vn 0.122391 -0.182513 -0.975556
vn 0.275975 -0.223764 -0.934755
vn 0.491923 -0.238780 -0.837255
vn 0.357406 -0.184133 -0.915618
vn 0.421116 -0.264137 -0.867694
vn 0.548167 -0.299401 -0.780943
vn 0.709764 -0.332375 -0.621097
vn 0.612014 -0.287933 -0.736568
vn 0.660516 -0.333857 -0.672502
vn 0.752623 -0.360595 -0.550936
vn 0.841824 -0.407165 -0.354330
vn 0.787028 -0.371457 -0.492551
vn 0.822339 -0.380704 -0.422874
vn 0.871610 -0.398293 -0.285759
vn 0.887412 -0.455463 -0.071086
vn 0.874849 -0.434598 -0.213925
vn 0.899524 -0.412908 -0.142698
vn 0.907026 -0.421068 0.002491
vn 0.854486 -0.477967 0.203475
vn 0.880335 -0.469460 0.067951
vn 0.894020 -0.423688 0.145658
vn 0.861346 -0.420511 0.285049
vn 0.751682 -0.475948 0.456560
vn 0.811109 -0.480199 0.333934
vn 0.809816 -0.412036 0.417641
vn 0.740108 -0.397723 0.542270
vn 0.585424 -0.443409 0.678725
vn 0.675550 -0.463659 0.573283
vn 0.653964 -0.377416 0.655659
vn 0.552104 -0.350392 0.756575
vn 0.358276 -0.382316 0.851747
vn 0.479245 -0.417279 0.772141
vn 0.431738 -0.313943 0.845602
vn 0.301407 -0.272788 0.913641
vn 0.086717 -0.290242 0.953016
vn 0.227169 -0.338527 0.913123
vn 0.160472 -0.226261 0.960757
vn 0.014688 -0.177408 0.984028
vn -0.212763 -0.176542 0.961023
vn -0.064920 -0.235532 0.969696
vn -0.143490 -0.125938 0.981606
vn -0.290636 -0.071825 0.954134
vn -0.499196 -0.049422 0.865078
vn -0.360885 -0.112430 0.925809
vn -0.429995 -0.019586 0.902619
vn -0.560003 0.028827 0.827989
vn -0.736189 0.067507 0.673400
vn -0.627048 0.012146 0.778886
vn -0.675191 0.072629 0.734059
vn -0.774193 0.109194 0.623460
vn -0.894280 0.158226 0.418603
vn -0.825877 0.116083 0.551772
vn -0.854662 0.138800 0.500287
vn -0.916763 0.158882 0.366473
vn -0.967672 0.216934 0.128648
vn -0.942213 0.192757 0.274005
vn -0.959022 0.172087 0.225084
vn -0.981110 0.175918 0.080473
vn -0.955932 0.237880 -0.172069
vn -0.972441 0.231916 -0.023958
vn -0.982533 0.171523 -0.072179
vn -0.962092 0.159266 -0.221392
vn -0.918047 0.233647 -0.320310
vn -0.918110 0.139109 -0.371111
vn -0.705731 0.241552 -0.666031
vn -0.799098 0.248195 -0.547578
vn -0.781895 0.276270 -0.558851
vn -0.688174 0.261073 -0.676948
vn -0.874600 0.247911 -0.416671
vn -0.857840 0.282835 -0.429087
vn -0.470467 0.208353 -0.857467
vn -0.595649 0.228332 -0.770108
vn -0.576665 0.237334 -0.781748
vn -0.450403 0.205432 -0.868870
vn -0.184867 0.148515 -0.971477
vn -0.332689 0.181488 -0.925408
vn -0.310003 0.165044 -0.936300
vn -0.159998 0.117397 -0.980112
vn 0.126569 0.066378 -0.989735
vn -0.029695 0.109667 -0.993525
vn -0.002407 0.062249 -0.998058
vn 0.154554 0.002764 -0.987980
vn 0.430026 -0.027872 -0.902386
vn 0.281451 0.019671 -0.959374
vn 0.310931 -0.060669 -0.948494
vn 0.455838 -0.126754 -0.880991
vn 0.684618 -0.126731 -0.717800
vn 0.565769 -0.077529 -0.820911
vn 0.582249 -0.188195 -0.790929
vn 0.690302 -0.246588 -0.680204
vn 0.860826 -0.216576 -0.460514
vn 0.783421 -0.173582 -0.596758
vn 0.776634 -0.299991 -0.553936
vn 0.840511 -0.348487 -0.414846
vn 0.943647 -0.285613 -0.167200
vn 0.914038 -0.253582 -0.316591
vn 0.879810 -0.390341 -0.271233
vn 0.896652 -0.424132 -0.126995
vn 0.933528 -0.332971 0.132873
vn 0.949738 -0.312643 -0.015879
vn 0.892435 -0.450918 0.015250
vn 0.868883 -0.470775 0.153018
vn 0.840213 -0.354407 0.410412
vn 0.896406 -0.347102 0.275638
vn 0.828008 -0.483114 0.284610
vn 0.771299 -0.487931 0.408682
vn 0.674422 -0.349199 0.650550
vn 0.765980 -0.355035 0.535933
vn 0.699582 -0.485263 0.524505
vn 0.613065 -0.475174 0.631158
vn 0.446935 -0.317585 0.836295
vn 0.567154 -0.336719 0.751636
vn 0.512415 -0.457487 0.726730
vn 0.399209 -0.431864 0.808780
vn 0.170319 -0.259905 0.950495
vn 0.313993 -0.292277 0.903318
vn 0.272676 -0.397189 0.876293
vn 0.136352 -0.355213 0.924788
vn -0.133996 -0.179414 0.974605
vn 0.018791 -0.221402 0.975002
vn -0.009428 -0.304602 0.952433
vn -0.156283 -0.248009 0.956068
vn -0.437009 -0.084121 0.895515
vn -0.288412 -0.132979 0.948228
vn -0.309669 -0.183511 0.932968
vn -0.455446 -0.117383 0.882491
vn -0.693569 0.016235 0.720207
vn -0.572855 -0.034394 0.818935
vn -0.591525 -0.049667 0.804756
vn -0.708188 0.014854 0.705867
vn -0.875215 0.106191 0.471934
vn -0.794962 0.063365 0.603341
vn -0.806414 0.076481 0.586385
vn -0.881606 0.130201 0.453672
vn -0.967745 0.178054 0.178233
vn -0.933270 0.144640 0.328764
vn -0.934496 0.178258 0.308127
vn -0.963117 0.217368 0.158609
vn -0.965697 0.226471 -0.127042
vn -0.978345 0.205385 0.025668
vn -0.968768 0.247891 0.006199
vn -0.952338 0.269208 -0.143453
vn -0.930533 0.240696 -0.275997
vn -0.914982 0.280639 -0.289914
vn -0.719352 0.157436 -0.676570
vn -0.816126 0.156530 -0.556270
vn -0.814539 0.170282 -0.554554
vn -0.718692 0.168768 -0.674536
vn -0.893395 0.153668 -0.422174
vn -0.891439 0.167831 -0.420915
vn -0.476215 0.152520 -0.866000
vn -0.605274 0.155974 -0.780587
vn -0.605743 0.163258 -0.778731
vn -0.477416 0.154006 -0.865076
vn -0.185133 0.140579 -0.972606
vn -0.335048 0.147300 -0.930616
vn -0.337040 0.141165 -0.930847
vn -0.187434 0.124893 -0.974305
vn 0.124731 0.123737 -0.984445
vn -0.030644 0.132688 -0.990684
vn -0.032050 0.105997 -0.993850
vn 0.123991 0.085331 -0.988608
vn 0.423830 0.102125 -0.899966
vn 0.278022 0.113672 -0.953825
vn 0.277734 0.062455 -0.958626
vn 0.425254 0.038561 -0.904252
vn 0.682965 0.078356 -0.726236
vn 0.560089 0.089589 -0.823574
vn 0.561431 0.014820 -0.827391
vn 0.684948 -0.010110 -0.728522
vn 0.875325 0.057015 -0.480162
vn 0.788376 0.067810 -0.611446
vn 0.790055 -0.034105 -0.612087
vn 0.875583 -0.056203 -0.479787
vn 0.981863 0.039611 -0.185409
vn 0.940486 0.047333 -0.336520
vn 0.939077 -0.076350 -0.335119
vn 0.978590 -0.093697 -0.183258
vn 0.991353 0.028713 0.128045
vn 0.999016 0.033324 -0.029259
vn 0.993785 -0.107978 -0.027058
vn 0.984426 -0.118578 0.129786
vn 0.903803 0.024114 0.427269
vn 0.959201 0.026014 0.281524
vn 0.951192 -0.125687 0.281844
vn 0.895437 -0.130042 0.425773
vn 0.728226 0.022121 0.684980
vn 0.826272 0.022642 0.562816
vn 0.818196 -0.131298 0.559747
vn 0.720891 -0.129485 0.680845
vn 0.481939 0.023952 0.875878
vn 0.612261 0.022715 0.790329
vn 0.606053 -0.124463 0.785626
vn 0.477589 -0.116647 0.870806
vn 0.187976 0.029156 0.981741
vn 0.339531 0.025744 0.940242
vn 0.336628 -0.106438 0.935603
vn 0.185686 -0.092920 0.978206
vn -0.125134 0.041121 0.991287
vn 0.031712 0.034489 0.998902
vn 0.030256 -0.076899 0.996580
vn -0.126127 -0.058866 0.990266
vn -0.425724 0.058828 0.902938
vn -0.278370 0.049034 0.959222
vn -0.280622 -0.038126 0.959061
vn -0.428946 -0.014521 0.903213
vn -0.683124 0.080507 0.725852
vn -0.561654 0.069792 0.824423
vn -0.564700 0.009650 0.825240
vn -0.685568 0.033381 0.727243
vn -0.872229 0.104665 0.477769
vn -0.788029 0.091986 0.608727
vn -0.791513 0.058123 0.608382
vn -0.875013 0.081643 0.477165
vn -0.974661 0.126454 0.184516
vn -0.934810 0.116369 0.335544
vn -0.936505 0.103269 0.335104
vn -0.975232 0.122560 0.184126
vn -0.981796 0.142795 -0.125247
vn -0.990351 0.135247 0.030204
vn -0.989894 0.138589 0.030053
vn -0.980484 0.151657 -0.125108
vn -0.949063 0.149039 -0.277611
vn -0.947167 0.161488 -0.277121
vn -0.712921 0.205101 -0.670580
vn -0.809049 0.205079 -0.550801
vn -0.813924 0.174526 -0.554137
vn -0.717222 0.174566 -0.674626
vn -0.885250 0.205087 -0.417459
vn -0.890592 0.174461 -0.420010
vn -0.887806 0.190890 -0.418762
vn -0.811345 0.191193 -0.552418
vn -0.714952 0.191310 -0.672491
vn -0.470811 0.205087 -0.858065
vn -0.599244 0.205079 -0.773853
vn -0.602872 0.174526 -0.778516
vn -0.473684 0.174461 -0.863242
vn -0.600998 0.191192 -0.776046
vn -0.472268 0.190890 -0.860537
vn -0.182591 0.205078 -0.961563
vn -0.330783 0.205056 -0.921159
vn -0.332812 0.174336 -0.926738
vn -0.183694 0.174251 -0.967416
vn -0.331851 0.190414 -0.923914
vn -0.183135 0.189920 -0.964568
vn 0.123492 0.205113 -0.970916
vn -0.029909 0.205079 -0.978288
vn -0.030059 0.174163 -0.984258
vn 0.124271 0.174077 -0.976859
vn -0.029902 0.189408 -0.981443
vn 0.123983 0.188823 -0.974153
vn 0.417458 0.205055 -0.885258
vn 0.273847 0.205084 -0.939654
vn 0.275529 0.173885 -0.945435
vn 0.420017 0.173624 -0.890753
vn 0.274812 0.188013 -0.942937
vn 0.419047 0.187303 -0.888435
vn 0.670599 0.204872 -0.712969
vn 0.550804 0.204958 -0.809078
vn 0.554200 0.173253 -0.814153
vn 0.674775 0.172859 -0.717494
vn 0.552882 0.186696 -0.812075
vn 0.673106 0.185728 -0.715844
vn 0.858143 0.204663 -0.470853
vn 0.773899 0.204740 -0.599301
vn 0.778775 0.172434 -0.603139
vn 0.863613 0.172092 -0.473874
vn 0.777014 0.184451 -0.601853
vn 0.861828 0.183349 -0.472902
vn 0.961661 0.204616 -0.182593
vn 0.921257 0.204597 -0.330795
vn 0.927177 0.171836 -0.332889
vn 0.967862 0.171735 -0.183711
vn 0.925399 0.182470 -0.332177
vn 0.966090 0.181917 -0.183237
vn 0.971000 0.204697 0.123523
vn 0.978383 0.204627 -0.029905
vn 0.984690 0.171710 -0.030024
vn 0.977246 0.171795 0.124410
vn 0.982912 0.181651 -0.029785
vn 0.975460 0.181666 0.124400
vn 0.885286 0.204832 0.417507
vn 0.939711 0.204749 0.273900
vn 0.945731 0.171908 0.275755
vn 0.890953 0.172041 0.420243
vn 0.943967 0.181806 0.275451
vn 0.889288 0.181965 0.419589
vn 0.712956 0.204873 0.670613
vn 0.809085 0.204847 0.550834
vn 0.814277 0.172082 0.554384
vn 0.717537 0.172104 0.674922
vn 0.812787 0.181999 0.553402
vn 0.716240 0.182004 0.673702
vn 0.470861 0.204832 0.858099
vn 0.599280 0.204847 0.773887
vn 0.603140 0.172081 0.778852
vn 0.473939 0.172040 0.863588
vn 0.602069 0.182000 0.777425
vn 0.473184 0.181965 0.861966
vn 0.182669 0.204697 0.961630
vn 0.330851 0.204749 0.921203
vn 0.333070 0.171908 0.927099
vn 0.183936 0.171795 0.967809
vn 0.332659 0.181806 0.925356
vn 0.183817 0.181666 0.966027
vn -0.123445 0.204617 0.971027
vn 0.029980 0.204628 0.978381
vn 0.030246 0.171710 0.984683
vn -0.124182 0.171735 0.977285
vn 0.030377 0.181651 0.982894
vn -0.123817 0.181917 0.975487
vn -0.417497 0.204664 0.885330
vn -0.273841 0.204598 0.939761
vn -0.275569 0.171835 0.945798
vn -0.420178 0.172091 0.890974
vn -0.274967 0.182470 0.943980
vn -0.419316 0.183349 0.889133
vn -0.670628 0.204872 0.712942
vn -0.550856 0.204740 0.809098
vn -0.554389 0.172433 0.814199
vn -0.674890 0.172859 0.717387
vn -0.553213 0.184452 0.812363
vn -0.673345 0.185728 0.715620
vn -0.858073 0.205056 0.470811
vn -0.773882 0.204958 0.599249
vn -0.778740 0.173253 0.602948
vn -0.863402 0.173624 0.473701
vn -0.776747 0.186696 0.601506
vn -0.861148 0.187302 0.472591
vn -0.961547 0.205114 0.182633
vn -0.921149 0.205084 0.330794
vn -0.926817 0.173885 0.332827
vn -0.967432 0.174077 0.183774
vn -0.924367 0.188013 0.331959
vn -0.964748 0.188823 0.183321
vn -0.970929 0.205078 -0.123450
vn -0.978286 0.205080 0.029970
vn -0.984254 0.174163 0.030185
vn -0.976838 0.174250 -0.124192
vn -0.981435 0.189408 0.030169
vn -0.973962 0.189920 -0.123809
vn -0.939663 0.205057 -0.273834
vn -0.945355 0.174336 -0.275518
vn -0.942478 0.190414 -0.274732
vn -0.532748 0.322249 0.782518
vn -0.648589 0.322309 0.689528
vn -0.403772 0.322267 0.856220
vn -0.748474 0.322293 0.579580
vn -0.829908 0.322347 0.455352
vn -0.890931 0.322318 0.319927
vn -0.929996 0.322358 0.176616
vn -0.946189 0.322318 0.028960
vn -0.939058 0.322352 -0.119414
vn -0.908828 0.322313 -0.264850
vn -0.856196 0.322353 -0.403755
vn -0.782504 0.322318 -0.532728
vn -0.689523 0.322356 -0.648572
vn -0.579581 0.322318 -0.748463
vn -0.455356 0.322353 -0.829903
vn -0.319930 0.322313 -0.890932
vn -0.176614 0.322351 -0.929999
vn -0.028954 0.322317 -0.946189
vn 0.119416 0.322358 -0.939056
vn 0.264848 0.322318 -0.908827
vn 0.403751 0.322346 -0.856200
vn 0.532727 0.322292 -0.782515
vn 0.648577 0.322309 -0.689540
vn 0.748477 0.322248 -0.579602
vn 0.829927 0.322267 -0.455374
vn 0.890962 0.322220 -0.319941
vn 0.930030 0.322257 -0.176619
vn 0.946220 0.322225 -0.028954
vn 0.939084 0.322273 0.119424
vn 0.908847 0.322250 0.264861
vn 0.856210 0.322301 0.403765
vn 0.782517 0.322270 0.532738
vn 0.689534 0.322309 0.648583
vn 0.579592 0.322270 0.748475
vn 0.455367 0.322301 0.829917
vn 0.319942 0.322250 0.890950
vn 0.176626 0.322273 0.930023
vn 0.028962 0.322225 0.946220
vn -0.119417 0.322257 0.939090
vn -0.264860 0.322219 0.908859
vn -0.809469 0.201766 -0.551408
vn -0.713377 0.202219 -0.670970
vn -0.885910 0.200318 -0.418374
vn -0.599947 0.201584 -0.774227
vn -0.471859 0.199942 -0.858704
vn -0.331861 0.197617 -0.922397
vn -0.183443 0.194963 -0.963503
vn -0.030495 0.191639 -0.980992
vn 0.123306 0.187599 -0.974475
vn 0.274571 0.183531 -0.943889
vn 0.419322 0.179610 -0.889893
vn 0.553621 0.175111 -0.814150
vn 0.674440 0.170268 -0.718428
vn 0.779143 0.165151 -0.604700
vn 0.865093 0.160735 -0.475162
vn 0.929364 0.157748 -0.333764
vn 0.970555 0.154979 -0.184403
vn 0.987871 0.152355 -0.029990
vn 0.980627 0.150682 0.125165
vn 0.949110 0.149647 0.277120
vn 0.894260 0.149021 0.422010
vn 0.817441 0.148538 0.556531
vn 0.720344 0.148363 0.677564
vn 0.605466 0.148561 0.781882
vn 0.475882 0.149093 0.866780
vn 0.334606 0.149797 0.930376
vn 0.184853 0.150936 0.971107
vn 0.030433 0.152731 0.987799
vn -0.124731 0.155468 0.979935
vn -0.276301 0.158314 0.947942
vn -0.421341 0.161348 0.892434
vn -0.555708 0.165304 0.814778
vn -0.675898 0.170056 0.717107
vn -0.778887 0.175464 0.602119
vn -0.862457 0.180466 0.472864
vn -0.925177 0.184419 0.331717
vn -0.964944 0.188480 0.182642
vn -0.980903 0.192217 0.029707
vn -0.972873 0.195213 -0.124135
vn -0.940879 0.197951 -0.274884
s 1
g pCylinder1
usemtl initialShadingGroup
f 1/1/1 941/965/2 1421/505/3 944/968/4
f 941/965/2 2/3/5 942/966/6 1421/505/3
f 1421/505/3 942/966/6 460/483/7 943/967/8
f 944/968/4 1421/505/3 943/967/8 441/463/9
f 2/3/5 945/970/10 1422/506/11 942/966/6
f 945/970/10 3/4/12 946/971/13 1422/506/11
f 1422/506/11 946/971/13 459/482/14 947/972/15
f 942/966/6 1422/506/11 947/972/15 460/483/7
f 3/4/12 948/973/16 1423/507/17 946/971/13
f 948/973/16 4/5/18 949/974/19 1423/507/17
f 1423/507/17 949/974/19 458/481/20 950/975/21
f 946/971/13 1423/507/17 950/975/21 459/482/14
f 4/5/18 951/976/22 1424/508/23 949/974/19
f 951/976/22 5/6/24 952/977/25 1424/508/23
f 1424/508/23 952/977/25 457/480/26 953/978/27
f 949/974/19 1424/508/23 953/978/27 458/481/20
f 5/6/24 954/979/28 1425/509/29 952/977/25
f 954/979/28 6/7/30 955/980/31 1425/509/29
f 1425/509/29 955/980/31 456/479/32 956/981/33
f 952/977/25 1425/509/29 956/981/33 457/480/26
f 6/7/30 957/982/34 1426/510/35 955/980/31
f 957/982/34 7/8/36 958/983/37 1426/510/35
f 1426/510/35 958/983/37 455/478/38 959/984/39
f 955/980/31 1426/510/35 959/984/39 456/479/32
f 7/8/36 960/985/40 1427/511/41 958/983/37
f 960/985/40 8/9/42 961/986/43 1427/511/41
f 1427/511/41 961/986/43 454/477/44 962/987/45
f 958/983/37 1427/511/41 962/987/45 455/478/38
f 8/9/42 963/988/46 1428/512/47 961/986/43
f 963/988/46 9/10/48 964/989/49 1428/512/47
f 1428/512/47 964/989/49 453/476/50 965/990/51
f 961/986/43 1428/512/47 965/990/51 454/477/44
f 9/10/48 966/991/52 1429/513/53 964/989/49
f 966/991/52 10/11/54 967/992/55 1429/513/53
f 1429/513/53 967/992/55 452/475/56 968/993/57
f 964/989/49 1429/513/53 968/993/57 453/476/50
f 10/11/54 969/994/58 1430/514/59 967/992/55
f 969/994/58 11/12/60 970/995/61 1430/514/59
f 1430/514/59 970/995/61 451/474/62 971/996/63
f 967/992/55 1430/514/59 971/996/63 452/475/56
f 11/12/60 972/997/64 1431/515/65 970/995/61
f 972/997/64 12/13/66 973/998/67 1431/515/65
f 1431/515/65 973/998/67 450/473/68 974/999/69
f 970/995/61 1431/515/65 974/999/69 451/474/62
f 12/13/66 975/1000/70 1432/516/71 973/998/67
f 975/1000/70 13/14/72 976/1001/73 1432/516/71
f 1432/516/71 976/1001/73 449/472/74 977/1002/75
f 973/998/67 1432/516/71 977/1002/75 450/473/68
f 13/14/72 978/1003/76 1433/517/77 976/1001/73
f 978/1003/76 14/15/78 979/1004/79 1433/517/77
f 1433/517/77 979/1004/79 448/471/80 980/1005/81
f 976/1001/73 1433/517/77 980/1005/81 449/472/74
f 14/15/78 981/1006/82 1434/518/83 979/1004/79
f 981/1006/82 15/16/84 982/1007/85 1434/518/83
f 1434/518/83 982/1007/85 447/470/86 983/1008/87
f 979/1004/79 1434/518/83 983/1008/87 448/471/80
f 15/16/84 984/1009/88 1435/519/89 982/1007/85
f 984/1009/88 16/17/90 985/1010/91 1435/519/89
f 1435/519/89 985/1010/91 446/469/92 986/1011/93
f 982/1007/85 1435/519/89 986/1011/93 447/470/86
f 16/17/90 987/1012/94 1436/520/95 985/1010/91
f 987/1012/94 17/18/96 988/1013/97 1436/520/95
f 1436/520/95 988/1013/97 445/468/98 989/1014/99
f 985/1010/91 1436/520/95 989/1014/99 446/469/92
f 17/18/96 990/1015/100 1437/521/101 988/1013/97
f 990/1015/100 18/19/102 991/1016/103 1437/521/101
f 1437/521/101 991/1016/103 444/467/104 992/1017/105
f 988/1013/97 1437/521/101 992/1017/105 445/468/98
f 18/19/102 993/1018/106 1438/522/107 991/1016/103
f 993/1018/106 19/20/108 994/1019/109 1438/522/107
f 1438/522/107 994/1019/109 443/466/110 995/1020/111
f 991/1016/103 1438/522/107 995/1020/111 444/467/104
f 19/20/108 996/1021/112 1439/523/113 994/1019/109
f 996/1021/112 20/21/114 997/1022/115 1439/523/113
f 1439/523/113 997/1022/115 442/465/116 998/1023/117
f 994/1019/109 1439/523/113 998/1023/117 443/466/110
f 20/21/114 999/1024/118 1440/524/119 997/1022/115
f 999/1024/118 1/2/1 944/969/4 1440/524/119
f 1440/524/119 944/969/4 441/464/9 1000/1025/120
f 997/1022/115 1440/524/119 1000/1025/120 442/465/116
f 42/44/121 1001/1026/122 1441/525/123 1004/1029/124
f 1001/1026/122 41/43/125 1002/1027/126 1441/525/123
f 1441/525/123 1002/1027/126 36/38/127 1003/1028/128
f 1004/1029/124 1441/525/123 1003/1028/128 35/37/129
f 43/45/130 1005/1030/131 1442/526/132 1007/1032/133
f 1005/1030/131 42/44/121 1004/1029/124 1442/526/132
f 1442/526/132 1004/1029/124 35/37/129 1006/1031/134
f 1007/1032/133 1442/526/132 1006/1031/134 34/36/135
f 44/46/136 1008/1033/137 1443/527/138 1010/1035/139
f 1008/1033/137 43/45/130 1007/1032/133 1443/527/138
f 1443/527/138 1007/1032/133 34/36/135 1009/1034/140
f 1010/1035/139 1443/527/138 1009/1034/140 33/35/141
f 45/47/142 1011/1036/143 1444/528/144 1013/1038/145
f 1011/1036/143 44/46/136 1010/1035/139 1444/528/144
f 1444/528/144 1010/1035/139 33/35/141 1012/1037/146
f 1013/1038/145 1444/528/144 1012/1037/146 32/34/147
f 46/48/148 1014/1039/149 1445/529/150 1016/1041/151
f 1014/1039/149 45/47/142 1013/1038/145 1445/529/150
f 1445/529/150 1013/1038/145 32/34/147 1015/1040/152
f 1016/1041/151 1445/529/150 1015/1040/152 31/33/153
f 47/49/154 1017/1042/155 1446/530/156 1019/1044/157
f 1017/1042/155 46/48/148 1016/1041/151 1446/530/156
f 1446/530/156 1016/1041/151 31/33/153 1018/1043/158
f 1019/1044/157 1446/530/156 1018/1043/158 30/32/159
f 48/50/160 1020/1045/161 1447/531/162 1022/1047/163
f 1020/1045/161 47/49/154 1019/1044/157 1447/531/162
f 1447/531/162 1019/1044/157 30/32/159 1021/1046/164
f 1022/1047/163 1447/531/162 1021/1046/164 29/31/165
f 49/51/166 1023/1048/167 1448/532/168 1025/1050/169
f 1023/1048/167 48/50/160 1022/1047/163 1448/532/168
f 1448/532/168 1022/1047/163 29/31/165 1024/1049/170
f 1025/1050/169 1448/532/168 1024/1049/170 28/30/171
f 50/52/172 1026/1051/173 1449/533/174 1028/1053/175
f 1026/1051/173 49/51/166 1025/1050/169 1449/533/174
f 1449/533/174 1025/1050/169 28/30/171 1027/1052/176
f 1028/1053/175 1449/533/174 1027/1052/176 27/29/177
f 51/53/178 1029/1054/179 1450/534/180 1031/1056/181
f 1029/1054/179 50/52/172 1028/1053/175 1450/534/180
f 1450/534/180 1028/1053/175 27/29/177 1030/1055/182
f 1031/1056/181 1450/534/180 1030/1055/182 26/28/183
f 52/54/184 1032/1057/185 1451/535/186 1034/1059/187
f 1032/1057/185 51/53/178 1031/1056/181 1451/535/186
f 1451/535/186 1031/1056/181 26/28/183 1033/1058/188
f 1034/1059/187 1451/535/186 1033/1058/188 25/27/189
f 53/55/190 1035/1060/191 1452/536/192 1037/1062/193
f 1035/1060/191 52/54/184 1034/1059/187 1452/536/192
f 1452/536/192 1034/1059/187 25/27/189 1036/1061/194
f 1037/1062/193 1452/536/192 1036/1061/194 24/26/195
f 54/56/196 1038/1063/197 1453/537/198 1040/1065/199
f 1038/1063/197 53/55/190 1037/1062/193 1453/537/198
f 1453/537/198 1037/1062/193 24/26/195 1039/1064/200
f 1040/1065/199 1453/537/198 1039/1064/200 23/25/201
f 55/57/202 1041/1066/203 1454/538/204 1043/1068/205
f 1041/1066/203 54/56/196 1040/1065/199 1454/538/204
f 1454/538/204 1040/1065/199 23/25/201 1042/1067/206
f 1043/1068/205 1454/538/204 1042/1067/206 22/24/207
f 56/58/208 1044/1069/209 1455/539/210 1046/1071/211
f 1044/1069/209 55/57/202 1043/1068/205 1455/539/210
f 1455/539/210 1043/1068/205 22/24/207 1045/1070/212
f 1046/1071/211 1455/539/210 1045/1070/212 21/23/213
f 57/60/214 1047/1073/215 1456/540/216 1049/1075/217
f 1047/1073/215 56/59/208 1046/1072/211 1456/540/216
f 1456/540/216 1046/1072/211 21/22/213 1048/1074/218
f 1049/1075/217 1456/540/216 1048/1074/218 40/42/219
f 58/61/220 1050/1076/221 1457/541/222 1052/1078/223
f 1050/1076/221 57/60/214 1049/1075/217 1457/541/222
f 1457/541/222 1049/1075/217 40/42/219 1051/1077/224
f 1052/1078/223 1457/541/222 1051/1077/224 39/41/225
f 59/62/226 1053/1079/227 1458/542/228 1055/1081/229
f 1053/1079/227 58/61/220 1052/1078/223 1458/542/228
f 1458/542/228 1052/1078/223 39/41/225 1054/1080/230
f 1055/1081/229 1458/542/228 1054/1080/230 38/40/231
f 60/63/232 1056/1082/233 1459/543/234 1058/1084/235
f 1056/1082/233 59/62/226 1055/1081/229 1459/543/234
f 1459/543/234 1055/1081/229 38/40/231 1057/1083/236
f 1058/1084/235 1459/543/234 1057/1083/236 37/39/237
f 41/43/125 1059/1085/238 1460/544/239 1002/1027/126
f 1059/1085/238 60/63/232 1058/1084/235 1460/544/239
f 1460/544/239 1058/1084/235 37/39/237 1060/1086/240
f 1002/1027/126 1460/544/239 1060/1086/240 36/38/127
f 62/65/241 1061/1087/242 1461/545/243 1063/1089/244
f 1061/1087/242 61/64/245 1062/1088/246 1461/545/243
f 1461/545/243 1062/1088/246 41/43/125 1001/1026/122
f 1063/1089/244 1461/545/243 1001/1026/122 42/44/121
f 63/66/247 1064/1090/248 1462/546/249 1065/1091/250
f 1064/1090/248 62/65/241 1063/1089/244 1462/546/249
f 1462/546/249 1063/1089/244 42/44/121 1005/1030/131
f 1065/1091/250 1462/546/249 1005/1030/131 43/45/130
f 64/67/251 1066/1092/252 1463/547/253 1067/1093/254
f 1066/1092/252 63/66/247 1065/1091/250 1463/547/253
f 1463/547/253 1065/1091/250 43/45/130 1008/1033/137
f 1067/1093/254 1463/547/253 1008/1033/137 44/46/136
f 65/68/255 1068/1094/256 1464/548/257 1069/1095/258
f 1068/1094/256 64/67/251 1067/1093/254 1464/548/257
f 1464/548/257 1067/1093/254 44/46/136 1011/1036/143
f 1069/1095/258 1464/548/257 1011/1036/143 45/47/142
f 66/69/259 1070/1096/260 1465/549/261 1071/1097/262
f 1070/1096/260 65/68/255 1069/1095/258 1465/549/261
f 1465/549/261 1069/1095/258 45/47/142 1014/1039/149
f 1071/1097/262 1465/549/261 1014/1039/149 46/48/148
f 67/70/263 1072/1098/264 1466/550/265 1073/1099/266
f 1072/1098/264 66/69/259 1071/1097/262 1466/550/265
f 1466/550/265 1071/1097/262 46/48/148 1017/1042/155
f 1073/1099/266 1466/550/265 1017/1042/155 47/49/154
f 68/71/267 1074/1100/268 1467/551/269 1075/1101/270
f 1074/1100/268 67/70/263 1073/1099/266 1467/551/269
f 1467/551/269 1073/1099/266 47/49/154 1020/1045/161
f 1075/1101/270 1467/551/269 1020/1045/161 48/50/160
f 69/72/271 1076/1102/272 1468/552/273 1077/1103/274
f 1076/1102/272 68/71/267 1075/1101/270 1468/552/273
f 1468/552/273 1075/1101/270 48/50/160 1023/1048/167
f 1077/1103/274 1468/552/273 1023/1048/167 49/51/166
f 70/73/275 1078/1104/276 1469/553/277 1079/1105/278
f 1078/1104/276 69/72/271 1077/1103/274 1469/553/277
f 1469/553/277 1077/1103/274 49/51/166 1026/1051/173
f 1079/1105/278 1469/553/277 1026/1051/173 50/52/172
f 71/74/279 1080/1106/280 1470/554/281 1081/1107/282
f 1080/1106/280 70/73/275 1079/1105/278 1470/554/281
f 1470/554/281 1079/1105/278 50/52/172 1029/1054/179
f 1081/1107/282 1470/554/281 1029/1054/179 51/53/178
f 72/75/283 1082/1108/284 1471/555/285 1083/1109/286
f 1082/1108/284 71/74/279 1081/1107/282 1471/555/285
f 1471/555/285 1081/1107/282 51/53/178 1032/1057/185
f 1083/1109/286 1471/555/285 1032/1057/185 52/54/184
f 73/76/287 1084/1110/288 1472/556/289 1085/1111/290
f 1084/1110/288 72/75/283 1083/1109/286 1472/556/289
f 1472/556/289 1083/1109/286 52/54/184 1035/1060/191
f 1085/1111/290 1472/556/289 1035/1060/191 53/55/190
f 74/77/291 1086/1112/292 1473/557/293 1087/1113/294
f 1086/1112/292 73/76/287 1085/1111/290 1473/557/293
f 1473/557/293 1085/1111/290 53/55/190 1038/1063/197
f 1087/1113/294 1473/557/293 1038/1063/197 54/56/196
f 75/78/295 1088/1114/296 1474/558/297 1089/1115/298
f 1088/1114/296 74/77/291 1087/1113/294 1474/558/297
f 1474/558/297 1087/1113/294 54/56/196 1041/1066/203
f 1089/1115/298 1474/558/297 1041/1066/203 55/57/202
f 76/79/299 1090/1116/300 1475/559/301 1091/1117/302
f 1090/1116/300 75/78/295 1089/1115/298 1475/559/301
f 1475/559/301 1089/1115/298 55/57/202 1044/1069/209
f 1091/1117/302 1475/559/301 1044/1069/209 56/58/208
f 77/81/303 1092/1119/304 1476/560/305 1093/1120/306
f 1092/1119/304 76/80/299 1091/1118/302 1476/560/305
f 1476/560/305 1091/1118/302 56/59/208 1047/1073/215
f 1093/1120/306 1476/560/305 1047/1073/215 57/60/214
f 78/82/307 1094/1121/308 1477/561/309 1095/1122/310
f 1094/1121/308 77/81/303 1093/1120/306 1477/561/309
f 1477/561/309 1093/1120/306 57/60/214 1050/1076/221
f 1095/1122/310 1477/561/309 1050/1076/221 58/61/220
f 79/83/311 1096/1123/312 1478/562/313 1097/1124/314
f 1096/1123/312 78/82/307 1095/1122/310 1478/562/313
f 1478/562/313 1095/1122/310 58/61/220 1053/1079/227
f 1097/1124/314 1478/562/313 1053/1079/227 59/62/226
f 80/84/315 1098/1125/316 1479/563/317 1099/1126/318
f 1098/1125/316 79/83/311 1097/1124/314 1479/563/317
f 1479/563/317 1097/1124/314 59/62/226 1056/1082/233
f 1099/1126/318 1479/563/317 1056/1082/233 60/63/232
f 61/64/245 1100/1127/319 1480/564/320 1062/1088/246
f 1100/1127/319 80/84/315 1099/1126/318 1480/564/320
f 1480/564/320 1099/1126/318 60/63/232 1059/1085/238
f 1062/1088/246 1480/564/320 1059/1085/238 41/43/125
f 82/86/321 1101/1128/322 1481/565/323 1103/1130/324
f 1101/1128/322 81/85/325 1102/1129/326 1481/565/323
f 1481/565/323 1102/1129/326 61/64/245 1061/1087/242
f 1103/1130/324 1481/565/323 1061/1087/242 62/65/241
f 83/87/327 1104/1131/328 1482/566/329 1105/1132/330
f 1104/1131/328 82/86/321 1103/1130/324 1482/566/329
f 1482/566/329 1103/1130/324 62/65/241 1064/1090/248
f 1105/1132/330 1482/566/329 1064/1090/248 63/66/247
f 84/88/331 1106/1133/332 1483/567/333 1107/1134/334
f 1106/1133/332 83/87/327 1105/1132/330 1483/567/333
f 1483/567/333 1105/1132/330 63/66/247 1066/1092/252
f 1107/1134/334 1483/567/333 1066/1092/252 64/67/251
f 85/89/335 1108/1135/336 1484/568/337 1109/1136/338
f 1108/1135/336 84/88/331 1107/1134/334 1484/568/337
f 1484/568/337 1107/1134/334 64/67/251 1068/1094/256
f 1109/1136/338 1484/568/337 1068/1094/256 65/68/255
f 86/90/339 1110/1137/340 1485/569/341 1111/1138/342
f 1110/1137/340 85/89/335 1109/1136/338 1485/569/341
f 1485/569/341 1109/1136/338 65/68/255 1070/1096/260
f 1111/1138/342 1485/569/341 1070/1096/260 66/69/259
f 87/91/343 1112/1139/344 1486/570/345 1113/1140/346
f 1112/1139/344 86/90/339 1111/1138/342 1486/570/345
f 1486/570/345 1111/1138/342 66/69/259 1072/1098/264
f 1113/1140/346 1486/570/345 1072/1098/264 67/70/263
f 88/92/347 1114/1141/348 1487/571/349 1115/1142/350
f 1114/1141/348 87/91/343 1113/1140/346 1487/571/349
f 1487/571/349 1113/1140/346 67/70/263 1074/1100/268
f 1115/1142/350 1487/571/349 1074/1100/268 68/71/267
f 89/93/351 1116/1143/352 1488/572/353 1117/1144/354
f 1116/1143/352 88/92/347 1115/1142/350 1488/572/353
f 1488/572/353 1115/1142/350 68/71/267 1076/1102/272
f 1117/1144/354 1488/572/353 1076/1102/272 69/72/271
f 90/94/355 1118/1145/356 1489/573/357 1119/1146/358
f 1118/1145/356 89/93/351 1117/1144/354 1489/573/357
f 1489/573/357 1117/1144/354 69/72/271 1078/1104/276
f 1119/1146/358 1489/573/357 1078/1104/276 70/73/275
f 91/95/359 1120/1147/360 1490/574/361 1121/1148/362
f 1120/1147/360 90/94/355 1119/1146/358 1490/574/361
f 1490/574/361 1119/1146/358 70/73/275 1080/1106/280
f 1121/1148/362 1490/574/361 1080/1106/280 71/74/279
f 92/96/363 1122/1149/364 1491/575/365 1123/1150/366
f 1122/1149/364 91/95/359 1121/1148/362 1491/575/365
f 1491/575/365 1121/1148/362 71/74/279 1082/1108/284
f 1123/1150/366 1491/575/365 1082/1108/284 72/75/283
f 93/97/367 1124/1151/368 1492/576/369 1125/1152/370
f 1124/1151/368 92/96/363 1123/1150/366 1492/576/369
f 1492/576/369 1123/1150/366 72/75/283 1084/1110/288
f 1125/1152/370 1492/576/369 1084/1110/288 73/76/287
f 94/98/371 1126/1153/372 1493/577/373 1127/1154/374
f 1126/1153/372 93/97/367 1125/1152/370 1493/577/373
f 1493/577/373 1125/1152/370 73/76/287 1086/1112/292
f 1127/1154/374 1493/577/373 1086/1112/292 74/77/291
f 95/99/375 1128/1155/376 1494/578/377 1129/1156/378
f 1128/1155/376 94/98/371 1127/1154/374 1494/578/377
f 1494/578/377 1127/1154/374 74/77/291 1088/1114/296
f 1129/1156/378 1494/578/377 1088/1114/296 75/78/295
f 96/100/379 1130/1157/380 1495/579/381 1131/1158/382
f 1130/1157/380 95/99/375 1129/1156/378 1495/579/381
f 1495/579/381 1129/1156/378 75/78/295 1090/1116/300
f 1131/1158/382 1495/579/381 1090/1116/300 76/79/299
f 97/102/383 1132/1160/384 1496/580/385 1133/1161/386
f 1132/1160/384 96/101/379 1131/1159/382 1496/580/385
f 1496/580/385 1131/1159/382 76/80/299 1092/1119/304
f 1133/1161/386 1496/580/385 1092/1119/304 77/81/303
f 98/103/387 1134/1162/388 1497/581/389 1135/1163/390
f 1134/1162/388 97/102/383 1133/1161/386 1497/581/389
f 1497/581/389 1133/1161/386 77/81/303 1094/1121/308
f 1135/1163/390 1497/581/389 1094/1121/308 78/82/307
f 99/104/391 1136/1164/392 1498/582/393 1137/1165/394
f 1136/1164/392 98/103/387 1135/1163/390 1498/582/393
f 1498/582/393 1135/1163/390 78/82/307 1096/1123/312
f 1137/1165/394 1498/582/393 1096/1123/312 79/83/311
f 100/105/395 1138/1166/396 1499/583/397 1139/1167/398
f 1138/1166/396 99/104/391 1137/1165/394 1499/583/397
f 1499/583/397 1137/1165/394 79/83/311 1098/1125/316
f 1139/1167/398 1499/583/397 1098/1125/316 80/84/315
f 81/85/325 1140/1168/399 1500/584/400 1102/1129/326
f 1140/1168/399 100/105/395 1139/1167/398 1500/584/400
f 1500/584/400 1139/1167/398 80/84/315 1100/1127/319
f 1102/1129/326 1500/584/400 1100/1127/319 61/64/245
f 102/107/401 1141/1169/402 1501/585/403 1143/1171/404
f 1141/1169/402 101/106/405 1142/1170/406 1501/585/403
f 1501/585/403 1142/1170/406 81/85/325 1101/1128/322
f 1143/1171/404 1501/585/403 1101/1128/322 82/86/321
f 103/108/407 1144/1172/408 1502/586/409 1145/1173/410
f 1144/1172/408 102/107/401 1143/1171/404 1502/586/409
f 1502/586/409 1143/1171/404 82/86/321 1104/1131/328
f 1145/1173/410 1502/586/409 1104/1131/328 83/87/327
f 104/109/411 1146/1174/412 1503/587/413 1147/1175/414
f 1146/1174/412 103/108/407 1145/1173/410 1503/587/413
f 1503/587/413 1145/1173/410 83/87/327 1106/1133/332
f 1147/1175/414 1503/587/413 1106/1133/332 84/88/331
f 105/110/415 1148/1176/416 1504/588/417 1149/1177/418
f 1148/1176/416 104/109/411 1147/1175/414 1504/588/417
f 1504/588/417 1147/1175/414 84/88/331 1108/1135/336
f 1149/1177/418 1504/588/417 1108/1135/336 85/89/335
f 106/111/419 1150/1178/420 1505/589/421 1151/1179/422
f 1150/1178/420 105/110/415 1149/1177/418 1505/589/421
f 1505/589/421 1149/1177/418 85/89/335 1110/1137/340
f 1151/1179/422 1505/589/421 1110/1137/340 86/90/339
f 107/112/423 1152/1180/424 1506/590/425 1153/1181/426
f 1152/1180/424 106/111/419 1151/1179/422 1506/590/425
f 1506/590/425 1151/1179/422 86/90/339 1112/1139/344
f 1153/1181/426 1506/590/425 1112/1139/344 87/91/343
f 108/113/427 1154/1182/428 1507/591/429 1155/1183/430
f 1154/1182/428 107/112/423 1153/1181/426 1507/591/429
f 1507/591/429 1153/1181/426 87/91/343 1114/1141/348
f 1155/1183/430 1507/591/429 1114/1141/348 88/92/347
f 109/114/431 1156/1184/432 1508/592/433 1157/1185/434
f 1156/1184/432 108/113/427 1155/1183/430 1508/592/433
f 1508/592/433 1155/1183/430 88/92/347 1116/1143/352
f 1157/1185/434 1508/592/433 1116/1143/352 89/93/351
f 110/115/435 1158/1186/436 1509/593/437 1159/1187/438
f 1158/1186/436 109/114/431 1157/1185/434 1509/593/437
f 1509/593/437 1157/1185/434 89/93/351 1118/1145/356
f 1159/1187/438 1509/593/437 1118/1145/356 90/94/355
f 111/116/439 1160/1188/440 1510/594/441 1161/1189/442
f 1160/1188/440 110/115/435 1159/1187/438 1510/594/441
f 1510/594/441 1159/1187/438 90/94/355 1120/1147/360
f 1161/1189/442 1510/594/441 1120/1147/360 91/95/359
f 112/117/443 1162/1190/444 1511/595/445 1163/1191/446
f 1162/1190/444 111/116/439 1161/1189/442 1511/595/445
f 1511/595/445 1161/1189/442 91/95/359 1122/1149/364
f 1163/1191/446 1511/595/445 1122/1149/364 92/96/363
f 113/118/447 1164/1192/448 1512/596/449 1165/1193/450
f 1164/1192/448 112/117/443 1163/1191/446 1512/596/449
f 1512/596/449 1163/1191/446 92/96/363 1124/1151/368
f 1165/1193/450 1512/596/449 1124/1151/368 93/97/367
f 114/119/451 1166/1194/452 1513/597/453 1167/1195/454
f 1166/1194/452 113/118/447 1165/1193/450 1513/597/453
f 1513/597/453 1165/1193/450 93/97/367 1126/1153/372
f 1167/1195/454 1513/597/453 1126/1153/372 94/98/371
f 115/120/455 1168/1196/456 1514/598/457 1169/1197/458
f 1168/1196/456 114/119/451 1167/1195/454 1514/598/457
f 1514/598/457 1167/1195/454 94/98/371 1128/1155/376
f 1169/1197/458 1514/598/457 1128/1155/376 95/99/375
f 116/121/459 1170/1198/460 1515/599/461 1171/1199/462
f 1170/1198/460 115/120/455 1169/1197/458 1515/599/461
f 1515/599/461 1169/1197/458 95/99/375 1130/1157/380
f 1171/1199/462 1515/599/461 1130/1157/380 96/100/379
f 117/123/463 1172/1201/464 1516/600/465 1173/1202/466
f 1172/1201/464 116/122/459 1171/1200/462 1516/600/465
f 1516/600/465 1171/1200/462 96/101/379 1132/1160/384
f 1173/1202/466 1516/600/465 1132/1160/384 97/102/383
f 118/124/467 1174/1203/468 1517/601/469 1175/1204/470
f 1174/1203/468 117/123/463 1173/1202/466 1517/601/469
f 1517/601/469 1173/1202/466 97/102/383 1134/1162/388
f 1175/1204/470 1517/601/469 1134/1162/388 98/103/387
f 119/125/471 1176/1205/472 1518/602/473 1177/1206/474
f 1176/1205/472 118/124/467 1175/1204/470 1518/602/473
f 1518/602/473 1175/1204/470 98/103/387 1136/1164/392
f 1177/1206/474 1518/602/473 1136/1164/392 99/104/391
f 120/126/475 1178/1207/476 1519/603/477 1179/1208/478
f 1178/1207/476 119/125/471 1177/1206/474 1519/603/477
f 1519/603/477 1177/1206/474 99/104/391 1138/1166/396
f 1179/1208/478 1519/603/477 1138/1166/396 100/105/395
f 101/106/405 1180/1209/479 1520/604/480 1142/1170/406
f 1180/1209/479 120/126/475 1179/1208/478 1520/604/480
f 1520/604/480 1179/1208/478 100/105/395 1140/1168/399
f 1142/1170/406 1520/604/480 1140/1168/399 81/85/325
f 122/128/481 1181/1210/482 1521/605/483 1183/1212/484
f 1181/1210/482 121/127/485 1182/1211/486 1521/605/483
f 1521/605/483 1182/1211/486 101/106/405 1141/1169/402
f 1183/1212/484 1521/605/483 1141/1169/402 102/107/401
f 123/129/487 1184/1213/488 1522/606/489 1185/1214/490
f 1184/1213/488 122/128/481 1183/1212/484 1522/606/489
f 1522/606/489 1183/1212/484 102/107/401 1144/1172/408
f 1185/1214/490 1522/606/489 1144/1172/408 103/108/407
f 124/130/491 1186/1215/492 1523/607/493 1187/1216/494
f 1186/1215/492 123/129/487 1185/1214/490 1523/607/493
f 1523/607/493 1185/1214/490 103/108/407 1146/1174/412
f 1187/1216/494 1523/607/493 1146/1174/412 104/109/411
f 125/131/495 1188/1217/496 1524/608/497 1189/1218/498
f 1188/1217/496 124/130/491 1187/1216/494 1524/608/497
f 1524/608/497 1187/1216/494 104/109/411 1148/1176/416
f 1189/1218/498 1524/608/497 1148/1176/416 105/110/415
f 126/132/499 1190/1219/500 1525/609/501 1191/1220/502
f 1190/1219/500 125/131/495 1189/1218/498 1525/609/501
f 1525/609/501 1189/1218/498 105/110/415 1150/1178/420
f 1191/1220/502 1525/609/501 1150/1178/420 106/111/419
f 127/133/503 1192/1221/504 1526/610/505 1193/1222/506
f 1192/1221/504 126/132/499 1191/1220/502 1526/610/505
f 1526/610/505 1191/1220/502 106/111/419 1152/1180/424
f 1193/1222/506 1526/610/505 1152/1180/424 107/112/423
f 128/134/507 1194/1223/508 1527/611/509 1195/1224/510
f 1194/1223/508 127/133/503 1193/1222/506 1527/611/509
f 1527/611/509 1193/1222/506 107/112/423 1154/1182/428
f 1195/1224/510 1527/611/509 1154/1182/428 108/113/427
f 129/135/511 1196/1225/512 1528/612/513 1197/1226/514
f 1196/1225/512 128/134/507 1195/1224/510 1528/612/513
f 1528/612/513 1195/1224/510 108/113/427 1156/1184/432
f 1197/1226/514 1528/612/513 1156/1184/432 109/114/431
f 130/136/515 1198/1227/516 1529/613/517 1199/1228/518
f 1198/1227/516 129/135/511 1197/1226/514 1529/613/517
f 1529/613/517 1197/1226/514 109/114/431 1158/1186/436
f 1199/1228/518 1529/613/517 1158/1186/436 110/115/435
f 131/137/519 1200/1229/520 1530/614/521 1201/1230/522
f 1200/1229/520 130/136/515 1199/1228/518 1530/614/521
f 1530/614/521 1199/1228/518 110/115/435 1160/1188/440
f 1201/1230/522 1530/614/521 1160/1188/440 111/116/439
f 132/138/523 1202/1231/524 1531/615/525 1203/1232/526
f 1202/1231/524 131/137/519 1201/1230/522 1531/615/525
f 1531/615/525 1201/1230/522 111/116/439 1162/1190/444
f 1203/1232/526 1531/615/525 1162/1190/444 112/117/443
f 133/139/527 1204/1233/528 1532/616/529 1205/1234/530
f 1204/1233/528 132/138/523 1203/1232/526 1532/616/529
f 1532/616/529 1203/1232/526 112/117/443 1164/1192/448
f 1205/1234/530 1532/616/529 1164/1192/448 113/118/447
f 134/140/531 1206/1235/532 1533/617/533 1207/1236/534
f 1206/1235/532 133/139/527 1205/1234/530 1533/617/533
f 1533/617/533 1205/1234/530 113/118/447 1166/1194/452
f 1207/1236/534 1533/617/533 1166/1194/452 114/119/451
f 135/141/535 1208/1237/536 1534/618/537 1209/1238/538
f 1208/1237/536 134/140/531 1207/1236/534 1534/618/537
f 1534/618/537 1207/1236/534 114/119/451 1168/1196/456
f 1209/1238/538 1534/618/537 1168/1196/456 115/120/455
f 136/142/539 1210/1239/540 1535/619/541 1211/1240/542
f 1210/1239/540 135/141/535 1209/1238/538 1535/619/541
f 1535/619/541 1209/1238/538 115/120/455 1170/1198/460
f 1211/1240/542 1535/619/541 1170/1198/460 116/121/459
f 137/144/543 1212/1242/544 1536/620/545 1213/1243/546
f 1212/1242/544 136/143/539 1211/1241/542 1536/620/545
f 1536/620/545 1211/1241/542 116/122/459 1172/1201/464
f 1213/1243/546 1536/620/545 1172/1201/464 117/123/463
f 138/145/547 1214/1244/548 1537/621/549 1215/1245/550
f 1214/1244/548 137/144/543 1213/1243/546 1537/621/549
f 1537/621/549 1213/1243/546 117/123/463 1174/1203/468
f 1215/1245/550 1537/621/549 1174/1203/468 118/124/467
f 139/146/551 1216/1246/552 1538/622/553 1217/1247/554
f 1216/1246/552 138/145/547 1215/1245/550 1538/622/553
f 1538/622/553 1215/1245/550 118/124/467 1176/1205/472
f 1217/1247/554 1538/622/553 1176/1205/472 119/125/471
f 140/147/555 1218/1248/556 1539/623/557 1219/1249/558
f 1218/1248/556 139/146/551 1217/1247/554 1539/623/557
f 1539/623/557 1217/1247/554 119/125/471 1178/1207/476
f 1219/1249/558 1539/623/557 1178/1207/476 120/126/475
f 121/127/485 1220/1250/559 1540/624/560 1182/1211/486
f 1220/1250/559 140/147/555 1219/1249/558 1540/624/560
f 1540/624/560 1219/1249/558 120/126/475 1180/1209/479
f 1182/1211/486 1540/624/560 1180/1209/479 101/106/405
f 142/149/561 1221/1251/562 1541/625/563 1223/1253/564
f 1221/1251/562 141/148/565 1222/1252/566 1541/625/563
f 1541/625/563 1222/1252/566 121/127/485 1181/1210/482
f 1223/1253/564 1541/625/563 1181/1210/482 122/128/481
f 143/150/567 1224/1254/568 1542/626/569 1225/1255/570
f 1224/1254/568 142/149/561 1223/1253/564 1542/626/569
f 1542/626/569 1223/1253/564 122/128/481 1184/1213/488
f 1225/1255/570 1542/626/569 1184/1213/488 123/129/487
f 144/151/571 1226/1256/572 1543/627/573 1227/1257/574
f 1226/1256/572 143/150/567 1225/1255/570 1543/627/573
f 1543/627/573 1225/1255/570 123/129/487 1186/1215/492
f 1227/1257/574 1543/627/573 1186/1215/492 124/130/491
f 145/152/575 1228/1258/576 1544/628/577 1229/1259/578
f 1228/1258/576 144/151/571 1227/1257/574 1544/628/577
f 1544/628/577 1227/1257/574 124/130/491 1188/1217/496
f 1229/1259/578 1544/628/577 1188/1217/496 125/131/495
f 146/153/579 1230/1260/580 1545/629/581 1231/1261/582
f 1230/1260/580 145/152/575 1229/1259/578 1545/629/581
f 1545/629/581 1229/1259/578 125/131/495 1190/1219/500
f 1231/1261/582 1545/629/581 1190/1219/500 126/132/499
f 147/154/583 1232/1262/584 1546/630/585 1233/1263/586
f 1232/1262/584 146/153/579 1231/1261/582 1546/630/585
f 1546/630/585 1231/1261/582 126/132/499 1192/1221/504
f 1233/1263/586 1546/630/585 1192/1221/504 127/133/503
f 148/155/587 1234/1264/588 1547/631/589 1235/1265/590
f 1234/1264/588 147/154/583 1233/1263/586 1547/631/589
f 1547/631/589 1233/1263/586 127/133/503 1194/1223/508
f 1235/1265/590 1547/631/589 1194/1223/508 128/134/507
f 149/156/591 1236/1266/592 1548/632/593 1237/1267/594
f 1236/1266/592 148/155/587 1235/1265/590 1548/632/593
f 1548/632/593 1235/1265/590 128/134/507 1196/1225/512
f 1237/1267/594 1548/632/593 1196/1225/512 129/135/511
f 150/157/595 1238/1268/596 1549/633/597 1239/1269/598
f 1238/1268/596 149/156/591 1237/1267/594 1549/633/597
f 1549/633/597 1237/1267/594 129/135/511 1198/1227/516
f 1239/1269/598 1549/633/597 1198/1227/516 130/136/515
f 151/158/599 1240/1270/600 1550/634/601 1241/1271/602
f 1240/1270/600 150/157/595 1239/1269/598 1550/634/601
f 1550/634/601 1239/1269/598 130/136/515 1200/1229/520
f 1241/1271/602 1550/634/601 1200/1229/520 131/137/519
f 152/159/603 1242/1272/604 1551/635/605 1243/1273/606
f 1242/1272/604 151/158/599 1241/1271/602 1551/635/605
f 1551/635/605 1241/1271/602 131/137/519 1202/1231/524
f 1243/1273/606 1551/635/605 1202/1231/524 132/138/523
f 153/160/607 1244/1274/608 1552/636/609 1245/1275/610
f 1244/1274/608 152/159/603 1243/1273/606 1552/636/609
f 1552/636/609 1243/1273/606 132/138/523 1204/1233/528
f 1245/1275/610 1552/636/609 1204/1233/528 133/139/527
f 154/161/611 1246/1276/612 1553/637/613 1247/1277/614
f 1246/1276/612 153/160/607 1245/1275/610 1553/637/613
f 1553/637/613 1245/1275/610 133/139/527 1206/1235/532
f 1247/1277/614 1553/637/613 1206/1235/532 134/140/531
f 155/162/615 1248/1278/616 1554/638/617 1249/1279/618
f 1248/1278/616 154/161/611 1247/1277/614 1554/638/617
f 1554/638/617 1247/1277/614 134/140/531 1208/1237/536
f 1249/1279/618 1554/638/617 1208/1237/536 135/141/535
f 156/163/619 1250/1280/620 1555/639/621 1251/1281/622
f 1250/1280/620 155/162/615 1249/1279/618 1555/639/621
f 1555/639/621 1249/1279/618 135/141/535 1210/1239/540
f 1251/1281/622 1555/639/621 1210/1239/540 136/142/539
f 157/165/623 1252/1283/624 1556/640/625 1253/1284/626
f 1252/1283/624 156/164/619 1251/1282/622 1556/640/625
f 1556/640/625 1251/1282/622 136/143/539 1212/1242/544
f 1253/1284/626 1556/640/625 1212/1242/544 137/144/543
f 158/166/627 1254/1285/628 1557/641/629 1255/1286/630
f 1254/1285/628 157/165/623 1253/1284/626 1557/641/629
f 1557/641/629 1253/1284/626 137/144/543 1214/1244/548
f 1255/1286/630 1557/641/629 1214/1244/548 138/145/547
f 159/167/631 1256/1287/632 1558/642/633 1257/1288/634
f 1256/1287/632 158/166/627 1255/1286/630 1558/642/633
f 1558/642/633 1255/1286/630 138/145/547 1216/1246/552
f 1257/1288/634 1558/642/633 1216/1246/552 139/146/551
f 160/168/635 1258/1289/636 1559/643/637 1259/1290/638
f 1258/1289/636 159/167/631 1257/1288/634 1559/643/637
f 1559/643/637 1257/1288/634 139/146/551 1218/1248/556
f 1259/1290/638 1559/643/637 1218/1248/556 140/147/555
f 141/148/565 1260/1291/639 1560/644/640 1222/1252/566
f 1260/1291/639 160/168/635 1259/1290/638 1560/644/640
f 1560/644/640 1259/1290/638 140/147/555 1220/1250/559
f 1222/1252/566 1560/644/640 1220/1250/559 121/127/485
f 162/170/641 1261/1292/642 1561/645/643 1263/1294/644
f 1261/1292/642 161/169/645 1262/1293/646 1561/645/643
f 1561/645/643 1262/1293/646 141/148/565 1221/1251/562
f 1263/1294/644 1561/645/643 1221/1251/562 142/149/561
f 163/171/647 1264/1295/648 1562/646/649 1265/1296/650
f 1264/1295/648 162/170/641 1263/1294/644 1562/646/649
f 1562/646/649 1263/1294/644 142/149/561 1224/1254/568
f 1265/1296/650 1562/646/649 1224/1254/568 143/150/567
f 164/172/651 1266/1297/652 1563/647/653 1267/1298/654
f 1266/1297/652 163/171/647 1265/1296/650 1563/647/653
f 1563/647/653 1265/1296/650 143/150/567 1226/1256/572
f 1267/1298/654 1563/647/653 1226/1256/572 144/151/571
f 165/173/655 1268/1299/656 1564/648/657 1269/1300/658
f 1268/1299/656 164/172/651 1267/1298/654 1564/648/657
f 1564/648/657 1267/1298/654 144/151/571 1228/1258/576
f 1269/1300/658 1564/648/657 1228/1258/576 145/152/575
f 166/174/659 1270/1301/660 1565/649/661 1271/1302/662
f 1270/1301/660 165/173/655 1269/1300/658 1565/649/661
f 1565/649/661 1269/1300/658 145/152/575 1230/1260/580
f 1271/1302/662 1565/649/661 1230/1260/580 146/153/579
f 167/175/663 1272/1303/664 1566/650/665 1273/1304/666
f 1272/1303/664 166/174/659 1271/1302/662 1566/650/665
f 1566/650/665 1271/1302/662 146/153/579 1232/1262/584
f 1273/1304/666 1566/650/665 1232/1262/584 147/154/583
f 168/176/667 1274/1305/668 1567/651/669 1275/1306/670
f 1274/1305/668 167/175/663 1273/1304/666 1567/651/669
f 1567/651/669 1273/1304/666 147/154/583 1234/1264/588
f 1275/1306/670 1567/651/669 1234/1264/588 148/155/587
f 169/177/671 1276/1307/672 1568/652/673 1277/1308/674
f 1276/1307/672 168/176/667 1275/1306/670 1568/652/673
f 1568/652/673 1275/1306/670 148/155/587 1236/1266/592
f 1277/1308/674 1568/652/673 1236/1266/592 149/156/591
f 170/178/675 1278/1309/676 1569/653/677 1279/1310/678
f 1278/1309/676 169/177/671 1277/1308/674 1569/653/677
f 1569/653/677 1277/1308/674 149/156/591 1238/1268/596
f 1279/1310/678 1569/653/677 1238/1268/596 150/157/595
f 171/179/679 1280/1311/680 1570/654/681 1281/1312/682
f 1280/1311/680 170/178/675 1279/1310/678 1570/654/681
f 1570/654/681 1279/1310/678 150/157/595 1240/1270/600
f 1281/1312/682 1570/654/681 1240/1270/600 151/158/599
f 172/180/683 1282/1313/684 1571/655/685 1283/1314/686
f 1282/1313/684 171/179/679 1281/1312/682 1571/655/685
f 1571/655/685 1281/1312/682 151/158/599 1242/1272/604
f 1283/1314/686 1571/655/685 1242/1272/604 152/159/603
f 173/181/687 1284/1315/688 1572/656/689 1285/1316/690
f 1284/1315/688 172/180/683 1283/1314/686 1572/656/689
f 1572/656/689 1283/1314/686 152/159/603 1244/1274/608
f 1285/1316/690 1572/656/689 1244/1274/608 153/160/607
f 174/182/691 1286/1317/692 1573/657/693 1287/1318/694
f 1286/1317/692 173/181/687 1285/1316/690 1573/657/693
f 1573/657/693 1285/1316/690 153/160/607 1246/1276/612
f 1287/1318/694 1573/657/693 1246/1276/612 154/161/611
f 175/183/695 1288/1319/696 1574/658/697 1289/1320/698
f 1288/1319/696 174/182/691 1287/1318/694 1574/658/697
f 1574/658/697 1287/1318/694 154/161/611 1248/1278/616
f 1289/1320/698 1574/658/697 1248/1278/616 155/162/615
f 176/184/699 1290/1321/700 1575/659/701 1291/1322/702
f 1290/1321/700 175/183/695 1289/1320/698 1575/659/701
f 1575/659/701 1289/1320/698 155/162/615 1250/1280/620
f 1291/1322/702 1575/659/701 1250/1280/620 156/163/619
f 177/186/703 1292/1324/704 1576/660/705 1293/1325/706
f 1292/1324/704 176/185/699 1291/1323/702 1576/660/705
f 1576/660/705 1291/1323/702 156/164/619 1252/1283/624
f 1293/1325/706 1576/660/705 1252/1283/624 157/165/623
f 178/187/707 1294/1326/708 1577/661/709 1295/1327/710
f 1294/1326/708 177/186/703 1293/1325/706 1577/661/709
f 1577/661/709 1293/1325/706 157/165/623 1254/1285/628
f 1295/1327/710 1577/661/709 1254/1285/628 158/166/627
f 179/188/711 1296/1328/712 1578/662/713 1297/1329/714
f 1296/1328/712 178/187/707 1295/1327/710 1578/662/713
f 1578/662/713 1295/1327/710 158/166/627 1256/1287/632
f 1297/1329/714 1578/662/713 1256/1287/632 159/167/631
f 180/189/715 1298/1330/716 1579/663/717 1299/1331/718
f 1298/1330/716 179/188/711 1297/1329/714 1579/663/717
f 1579/663/717 1297/1329/714 159/167/631 1258/1289/636
f 1299/1331/718 1579/663/717 1258/1289/636 160/168/635
f 161/169/645 1300/1332/719 1580/664/720 1262/1293/646
f 1300/1332/719 180/189/715 1299/1331/718 1580/664/720
f 1580/664/720 1299/1331/718 160/168/635 1260/1291/639
f 1262/1293/646 1580/664/720 1260/1291/639 141/148/565
f 182/191/721 1301/1333/722 1581/665/723 1303/1335/724
f 1301/1333/722 181/190/725 1302/1334/726 1581/665/723
f 1581/665/723 1302/1334/726 161/169/645 1261/1292/642
f 1303/1335/724 1581/665/723 1261/1292/642 162/170/641
f 183/192/727 1304/1336/728 1582/666/729 1305/1337/730
f 1304/1336/728 182/191/721 1303/1335/724 1582/666/729
f 1582/666/729 1303/1335/724 162/170/641 1264/1295/648
f 1305/1337/730 1582/666/729 1264/1295/648 163/171/647
f 184/193/731 1306/1338/732 1583/667/733 1307/1339/734
f 1306/1338/732 183/192/727 1305/1337/730 1583/667/733
f 1583/667/733 1305/1337/730 163/171/647 1266/1297/652
f 1307/1339/734 1583/667/733 1266/1297/652 164/172/651
f 185/194/735 1308/1340/736 1584/668/737 1309/1341/738
f 1308/1340/736 184/193/731 1307/1339/734 1584/668/737
f 1584/668/737 1307/1339/734 164/172/651 1268/1299/656
f 1309/1341/738 1584/668/737 1268/1299/656 165/173/655
f 186/195/739 1310/1342/740 1585/669/741 1311/1343/742
f 1310/1342/740 185/194/735 1309/1341/738 1585/669/741
f 1585/669/741 1309/1341/738 165/173/655 1270/1301/660
f 1311/1343/742 1585/669/741 1270/1301/660 166/174/659
f 187/196/743 1312/1344/744 1586/670/745 1313/1345/746
f 1312/1344/744 186/195/739 1311/1343/742 1586/670/745
f 1586/670/745 1311/1343/742 166/174/659 1272/1303/664
f 1313/1345/746 1586/670/745 1272/1303/664 167/175/663
f 188/197/747 1314/1346/748 1587/671/749 1315/1347/750
f 1314/1346/748 187/196/743 1313/1345/746 1587/671/749
f 1587/671/749 1313/1345/746 167/175/663 1274/1305/668
f 1315/1347/750 1587/671/749 1274/1305/668 168/176/667
f 189/198/751 1316/1348/752 1588/672/753 1317/1349/754
f 1316/1348/752 188/197/747 1315/1347/750 1588/672/753
f 1588/672/753 1315/1347/750 168/176/667 1276/1307/672
f 1317/1349/754 1588/672/753 1276/1307/672 169/177/671
f 190/199/755 1318/1350/756 1589/673/757 1319/1351/758
f 1318/1350/756 189/198/751 1317/1349/754 1589/673/757
f 1589/673/757 1317/1349/754 169/177/671 1278/1309/676
f 1319/1351/758 1589/673/757 1278/1309/676 170/178/675
f 191/200/759 1320/1352/760 1590/674/761 1321/1353/762
f 1320/1352/760 190/199/755 1319/1351/758 1590/674/761
f 1590/674/761 1319/1351/758 170/178/675 1280/1311/680
f 1321/1353/762 1590/674/761 1280/1311/680 171/179/679
f 192/201/763 1322/1354/764 1591/675/765 1323/1355/766
f 1322/1354/764 191/200/759 1321/1353/762 1591/675/765
f 1591/675/765 1321/1353/762 171/179/679 1282/1313/684
f 1323/1355/766 1591/675/765 1282/1313/684 172/180/683
f 193/202/767 1324/1356/768 1592/676/769 1325/1357/770
f 1324/1356/768 192/201/763 1323/1355/766 1592/676/769
f 1592/676/769 1323/1355/766 172/180/683 1284/1315/688
f 1325/1357/770 1592/676/769 1284/1315/688 173/181/687
f 194/203/771 1326/1358/772 1593/677/773 1327/1359/774
f 1326/1358/772 193/202/767 1325/1357/770 1593/677/773
f 1593/677/773 1325/1357/770 173/181/687 1286/1317/692
f 1327/1359/774 1593/677/773 1286/1317/692 174/182/691
f 195/204/775 1328/1360/776 1594/678/777 1329/1361/778
f 1328/1360/776 194/203/771 1327/1359/774 1594/678/777
f 1594/678/777 1327/1359/774 174/182/691 1288/1319/696
f 1329/1361/778 1594/678/777 1288/1319/696 175/183/695
f 196/205/779 1330/1362/780 1595/679/781 1331/1363/782
f 1330/1362/780 195/204/775 1329/1361/778 1595/679/781
f 1595/679/781 1329/1361/778 175/183/695 1290/1321/700
f 1331/1363/782 1595/679/781 1290/1321/700 176/184/699
f 197/207/783 1332/1365/784 1596/680/785 1333/1366/786
f 1332/1365/784 196/206/779 1331/1364/782 1596/680/785
f 1596/680/785 1331/1364/782 176/185/699 1292/1324/704
f 1333/1366/786 1596/680/785 1292/1324/704 177/186/703
f 198/208/787 1334/1367/788 1597/681/789 1335/1368/790
f 1334/1367/788 197/207/783 1333/1366/786 1597/681/789
f 1597/681/789 1333/1366/786 177/186/703 1294/1326/708
f 1335/1368/790 1597/681/789 1294/1326/708 178/187/707
f 199/209/791 1336/1369/792 1598/682/793 1337/1370/794
f 1336/1369/792 198/208/787 1335/1368/790 1598/682/793
f 1598/682/793 1335/1368/790 178/187/707 1296/1328/712
f 1337/1370/794 1598/682/793 1296/1328/712 179/188/711
f 200/210/795 1338/1371/796 1599/683/797 1339/1372/798
f 1338/1371/796 199/209/791 1337/1370/794 1599/683/797
f 1599/683/797 1337/1370/794 179/188/711 1298/1330/716
f 1339/1372/798 1599/683/797 1298/1330/716 180/189/715
f 181/190/725 1340/1373/799 1600/684/800 1302/1334/726
f 1340/1373/799 200/210/795 1339/1372/798 1600/684/800
f 1600/684/800 1339/1372/798 180/189/715 1300/1332/719
f 1302/1334/726 1600/684/800 1300/1332/719 161/169/645
f 202/212/801 1341/1374/802 1601/685/803 1343/1376/804
f 1341/1374/802 201/211/805 1342/1375/806 1601/685/803
f 1601/685/803 1342/1375/806 181/190/725 1301/1333/722
f 1343/1376/804 1601/685/803 1301/1333/722 182/191/721
f 203/213/807 1344/1377/808 1602/686/809 1345/1378/810
f 1344/1377/808 202/212/801 1343/1376/804 1602/686/809
f 1602/686/809 1343/1376/804 182/191/721 1304/1336/728
f 1345/1378/810 1602/686/809 1304/1336/728 183/192/727
f 204/214/811 1346/1379/812 1603/687/813 1347/1380/814
f 1346/1379/812 203/213/807 1345/1378/810 1603/687/813
f 1603/687/813 1345/1378/810 183/192/727 1306/1338/732
f 1347/1380/814 1603/687/813 1306/1338/732 184/193/731
f 205/215/815 1348/1381/816 1604/688/817 1349/1382/818
f 1348/1381/816 204/214/811 1347/1380/814 1604/688/817
f 1604/688/817 1347/1380/814 184/193/731 1308/1340/736
f 1349/1382/818 1604/688/817 1308/1340/736 185/194/735
f 206/216/819 1350/1383/820 1605/689/821 1351/1384/822
f 1350/1383/820 205/215/815 1349/1382/818 1605/689/821
f 1605/689/821 1349/1382/818 185/194/735 1310/1342/740
f 1351/1384/822 1605/689/821 1310/1342/740 186/195/739
f 207/217/823 1352/1385/824 1606/690/825 1353/1386/826
f 1352/1385/824 206/216/819 1351/1384/822 1606/690/825
f 1606/690/825 1351/1384/822 186/195/739 1312/1344/744
f 1353/1386/826 1606/690/825 1312/1344/744 187/196/743
f 208/218/827 1354/1387/828 1607/691/829 1355/1388/830
f 1354/1387/828 207/217/823 1353/1386/826 1607/691/829
f 1607/691/829 1353/1386/826 187/196/743 1314/1346/748
f 1355/1388/830 1607/691/829 1314/1346/748 188/197/747
f 209/219/831 1356/1389/832 1608/692/833 1357/1390/834
f 1356/1389/832 208/218/827 1355/1388/830 1608/692/833
f 1608/692/833 1355/1388/830 188/197/747 1316/1348/752
f 1357/1390/834 1608/692/833 1316/1348/752 189/198/751
f 210/220/835 1358/1391/836 1609/693/837 1359/1392/838
f 1358/1391/836 209/219/831 1357/1390/834 1609/693/837
f 1609/693/837 1357/1390/834 189/198/751 1318/1350/756
f 1359/1392/838 1609/693/837 1318/1350/756 190/199/755
f 211/221/839 1360/1393/840 1610/694/841 1361/1394/842
f 1360/1393/840 210/220/835 1359/1392/838 1610/694/841
f 1610/694/841 1359/1392/838 190/199/755 1320/1352/760
f 1361/1394/842 1610/694/841 1320/1352/760 191/200/759
f 212/222/843 1362/1395/844 1611/695/845 1363/1396/846
f 1362/1395/844 211/221/839 1361/1394/842 1611/695/845
f 1611/695/845 1361/1394/842 191/200/759 1322/1354/764
f 1363/1396/846 1611/695/845 1322/1354/764 192/201/763
f 213/223/847 1364/1397/848 1612/696/849 1365/1398/850
f 1364/1397/848 212/222/843 1363/1396/846 1612/696/849
f 1612/696/849 1363/1396/846 192/201/763 1324/1356/768
f 1365/1398/850 1612/696/849 1324/1356/768 193/202/767
f 214/224/851 1366/1399/852 1613/697/853 1367/1400/854
f 1366/1399/852 213/223/847 1365/1398/850 1613/697/853
f 1613/697/853 1365/1398/850 193/202/767 1326/1358/772
f 1367/1400/854 1613/697/853 1326/1358/772 194/203/771
f 215/225/855 1368/1401/856 1614/698/857 1369/1402/858
f 1368/1401/856 214/224/851 1367/1400/854 1614/698/857
f 1614/698/857 1367/1400/854 194/203/771 1328/1360/776
f 1369/1402/858 1614/698/857 1328/1360/776 195/204/775
f 216/226/859 1370/1403/860 1615/699/861 1371/1404/862
f 1370/1403/860 215/225/855 1369/1402/858 1615/699/861
f 1615/699/861 1369/1402/858 195/204/775 1330/1362/780
f 1371/1404/862 1615/699/861 1330/1362/780 196/205/779
f 217/228/863 1372/1406/864 1616/700/865 1373/1407/866
f 1372/1406/864 216/227/859 1371/1405/862 1616/700/865
f 1616/700/865 1371/1405/862 196/206/779 1332/1365/784
f 1373/1407/866 1616/700/865 1332/1365/784 197/207/783
f 218/229/867 1374/1408/868 1617/701/869 1375/1409/870
f 1374/1408/868 217/228/863 1373/1407/866 1617/701/869
f 1617/701/869 1373/1407/866 197/207/783 1334/1367/788
f 1375/1409/870 1617/701/869 1334/1367/788 198/208/787
f 219/230/871 1376/1410/872 1618/702/873 1377/1411/874
f 1376/1410/872 218/229/867 1375/1409/870 1618/702/873
f 1618/702/873 1375/1409/870 198/208/787 1336/1369/792
f 1377/1411/874 1618/702/873 1336/1369/792 199/209/791
f 220/231/875 1378/1412/876 1619/703/877 1379/1413/878
f 1378/1412/876 219/230/871 1377/1411/874 1619/703/877
f 1619/703/877 1377/1411/874 199/209/791 1338/1371/796
f 1379/1413/878 1619/703/877 1338/1371/796 200/210/795
f 201/211/805 1380/1414/879 1620/704/880 1342/1375/806
f 1380/1414/879 220/231/875 1379/1413/878 1620/704/880
f 1620/704/880 1379/1413/878 200/210/795 1340/1373/799
f 1342/1375/806 1620/704/880 1340/1373/799 181/190/725
f 222/233/881 1381/1415/882 1621/705/883 1383/1417/884
f 1381/1415/882 221/232/885 1382/1416/886 1621/705/883
f 1621/705/883 1382/1416/886 201/211/805 1341/1374/802
f 1383/1417/884 1621/705/883 1341/1374/802 202/212/801
f 223/234/887 1384/1418/888 1622/706/889 1385/1419/890
f 1384/1418/888 222/233/881 1383/1417/884 1622/706/889
f 1622/706/889 1383/1417/884 202/212/801 1344/1377/808
f 1385/1419/890 1622/706/889 1344/1377/808 203/213/807
f 224/235/891 1386/1420/892 1623/707/893 1387/1421/894
f 1386/1420/892 223/234/887 1385/1419/890 1623/707/893
f 1623/707/893 1385/1419/890 203/213/807 1346/1379/812
f 1387/1421/894 1623/707/893 1346/1379/812 204/214/811
f 225/236/895 1388/1422/896 1624/708/897 1389/1423/898
f 1388/1422/896 224/235/891 1387/1421/894 1624/708/897
f 1624/708/897 1387/1421/894 204/214/811 1348/1381/816
f 1389/1423/898 1624/708/897 1348/1381/816 205/215/815
f 226/237/899 1390/1424/900 1625/709/901 1391/1425/902
f 1390/1424/900 225/236/895 1389/1423/898 1625/709/901
f 1625/709/901 1389/1423/898 205/215/815 1350/1383/820
f 1391/1425/902 1625/709/901 1350/1383/820 206/216/819
f 227/238/903 1392/1426/904 1626/710/905 1393/1427/906
f 1392/1426/904 226/237/899 1391/1425/902 1626/710/905
f 1626/710/905 1391/1425/902 206/216/819 1352/1385/824
f 1393/1427/906 1626/710/905 1352/1385/824 207/217/823
f 228/239/907 1394/1428/908 1627/711/909 1395/1429/910
f 1394/1428/908 227/238/903 1393/1427/906 1627/711/909
f 1627/711/909 1393/1427/906 207/217/823 1354/1387/828
f 1395/1429/910 1627/711/909 1354/1387/828 208/218/827
f 229/240/911 1396/1430/912 1628/712/913 1397/1431/914
f 1396/1430/912 228/239/907 1395/1429/910 1628/712/913
f 1628/712/913 1395/1429/910 208/218/827 1356/1389/832
f 1397/1431/914 1628/712/913 1356/1389/832 209/219/831
f 230/241/915 1398/1432/916 1629/713/917 1399/1433/918
f 1398/1432/916 229/240/911 1397/1431/914 1629/713/917
f 1629/713/917 1397/1431/914 209/219/831 1358/1391/836
f 1399/1433/918 1629/713/917 1358/1391/836 210/220/835
f 231/242/919 1400/1434/920 1630/714/921 1401/1435/922
f 1400/1434/920 230/241/915 1399/1433/918 1630/714/921
f 1630/714/921 1399/1433/918 210/220/835 1360/1393/840
f 1401/1435/922 1630/714/921 1360/1393/840 211/221/839
f 232/243/923 1402/1436/924 1631/715/925 1403/1437/926
f 1402/1436/924 231/242/919 1401/1435/922 1631/715/925
f 1631/715/925 1401/1435/922 211/221/839 1362/1395/844
f 1403/1437/926 1631/715/925 1362/1395/844 212/222/843
f 233/244/927 1404/1438/928 1632/716/929 1405/1439/930
f 1404/1438/928 232/243/923 1403/1437/926 1632/716/929
f 1632/716/929 1403/1437/926 212/222/843 1364/1397/848
f 1405/1439/930 1632/716/929 1364/1397/848 213/223/847
f 234/245/931 1406/1440/932 1633/717/933 1407/1441/934
f 1406/1440/932 233/244/927 1405/1439/930 1633/717/933
f 1633/717/933 1405/1439/930 213/223/847 1366/1399/852
f 1407/1441/934 1633/717/933 1366/1399/852 214/224/851
f 235/246/935 1408/1442/936 1634/718/937 1409/1443/938
f 1408/1442/936 234/245/931 1407/1441/934 1634/718/937
f 1634/718/937 1407/1441/934 214/224/851 1368/1401/856
f 1409/1443/938 1634/718/937 1368/1401/856 215/225/855
f 236/247/939 1410/1444/940 1635/719/941 1411/1445/942
f 1410/1444/940 235/246/935 1409/1443/938 1635/719/941
f 1635/719/941 1409/1443/938 215/225/855 1370/1403/860
f 1411/1445/942 1635/719/941 1370/1403/860 216/226/859
f 237/249/943 1412/1447/944 1636/720/945 1413/1448/946
f 1412/1447/944 236/248/939 1411/1446/942 1636/720/945
f 1636/720/945 1411/1446/942 216/227/859 1372/1406/864
f 1413/1448/946 1636/720/945 1372/1406/864 217/228/863
f 238/250/947 1414/1449/948 1637/721/949 1415/1450/950
f 1414/1449/948 237/249/943 1413/1448/946 1637/721/949
f 1637/721/949 1413/1448/946 217/228/863 1374/1408/868
f 1415/1450/950 1637/721/949 1374/1408/868 218/229/867
f 239/251/951 1416/1451/952 1638/722/953 1417/1452/954
f 1416/1451/952 238/250/947 1415/1450/950 1638/722/953
f 1638/722/953 1415/1450/950 218/229/867 1376/1410/872
f 1417/1452/954 1638/722/953 1376/1410/872 219/230/871
f 240/252/955 1418/1453/956 1639/723/957 1419/1454/958
f 1418/1453/956 239/251/951 1417/1452/954 1639/723/957
f 1639/723/957 1417/1452/954 219/230/871 1378/1412/876
f 1419/1454/958 1639/723/957 1378/1412/876 220/231/875
f 221/232/885 1420/1455/959 1640/724/960 1382/1416/886
f 1420/1455/959 240/252/955 1419/1454/958 1640/724/960
f 1640/724/960 1419/1454/958 220/231/875 1380/1414/879
f 1382/1416/886 1640/724/960 1380/1414/879 201/211/805
f 242/254/961 481/1456/962 1641/725/963 483/1458/964
f 481/1456/962 241/253/965 482/1457/966 1641/725/963
f 1641/725/963 482/1457/966 221/232/885 1381/1415/882
f 483/1458/964 1641/725/963 1381/1415/882 222/233/881
f 243/255/967 484/1459/968 1642/726/969 485/1460/970
f 484/1459/968 242/254/961 483/1458/964 1642/726/969
f 1642/726/969 483/1458/964 222/233/881 1384/1418/888
f 485/1460/970 1642/726/969 1384/1418/888 223/234/887
f 244/256/971 486/1461/972 1643/727/973 487/1462/974
f 486/1461/972 243/255/967 485/1460/970 1643/727/973
f 1643/727/973 485/1460/970 223/234/887 1386/1420/892
f 487/1462/974 1643/727/973 1386/1420/892 224/235/891
f 245/257/975 488/1463/976 1644/728/977 489/1464/978
f 488/1463/976 244/256/971 487/1462/974 1644/728/977
f 1644/728/977 487/1462/974 224/235/891 1388/1422/896
f 489/1464/978 1644/728/977 1388/1422/896 225/236/895
f 246/258/979 490/1465/980 1645/729/981 491/1466/982
f 490/1465/980 245/257/975 489/1464/978 1645/729/981
f 1645/729/981 489/1464/978 225/236/895 1390/1424/900
f 491/1466/982 1645/729/981 1390/1424/900 226/237/899
f 247/259/983 492/1467/984 1646/730/985 493/1468/986
f 492/1467/984 246/258/979 491/1466/982 1646/730/985
f 1646/730/985 491/1466/982 226/237/899 1392/1426/904
f 493/1468/986 1646/730/985 1392/1426/904 227/238/903
f 248/260/987 494/1469/988 1647/731/989 495/1470/990
f 494/1469/988 247/259/983 493/1468/986 1647/731/989
f 1647/731/989 493/1468/986 227/238/903 1394/1428/908
f 495/1470/990 1647/731/989 1394/1428/908 228/239/907
f 249/261/991 496/1471/992 1648/732/993 497/1472/994
f 496/1471/992 248/260/987 495/1470/990 1648/732/993
f 1648/732/993 495/1470/990 228/239/907 1396/1430/912
f 497/1472/994 1648/732/993 1396/1430/912 229/240/911
f 250/262/995 498/1473/996 1649/733/997 499/1474/998
f 498/1473/996 249/261/991 497/1472/994 1649/733/997
f 1649/733/997 497/1472/994 229/240/911 1398/1432/916
f 499/1474/998 1649/733/997 1398/1432/916 230/241/915
f 251/263/999 500/1475/1000 1650/734/1001 501/1476/1002
f 500/1475/1000 250/262/995 499/1474/998 1650/734/1001
f 1650/734/1001 499/1474/998 230/241/915 1400/1434/920
f 501/1476/1002 1650/734/1001 1400/1434/920 231/242/919
f 252/264/1003 502/1477/1004 1651/735/1005 503/1478/1006
f 502/1477/1004 251/263/999 501/1476/1002 1651/735/1005
f 1651/735/1005 501/1476/1002 231/242/919 1402/1436/924
f 503/1478/1006 1651/735/1005 1402/1436/924 232/243/923
f 253/265/1007 504/1479/1008 1652/736/1009 505/1480/1010
f 504/1479/1008 252/264/1003 503/1478/1006 1652/736/1009
f 1652/736/1009 503/1478/1006 232/243/923 1404/1438/928
f 505/1480/1010 1652/736/1009 1404/1438/928 233/244/927
f 254/266/1011 506/1481/1012 1653/737/1013 507/1482/1014
f 506/1481/1012 253/265/1007 505/1480/1010 1653/737/1013
f 1653/737/1013 505/1480/1010 233/244/927 1406/1440/932
f 507/1482/1014 1653/737/1013 1406/1440/932 234/245/931
f 255/267/1015 508/1483/1016 1654/738/1017 509/1484/1018
f 508/1483/1016 254/266/1011 507/1482/1014 1654/738/1017
f 1654/738/1017 507/1482/1014 234/245/931 1408/1442/936
f 509/1484/1018 1654/738/1017 1408/1442/936 235/246/935
f 256/268/1019 510/1485/1020 1655/739/1021 511/1486/1022
f 510/1485/1020 255/267/1015 509/1484/1018 1655/739/1021
f 1655/739/1021 509/1484/1018 235/246/935 1410/1444/940
f 511/1486/1022 1655/739/1021 1410/1444/940 236/247/939
f 257/270/1023 512/1488/1024 1656/740/1025 513/1489/1026
f 512/1488/1024 256/269/1019 511/1487/1022 1656/740/1025
f 1656/740/1025 511/1487/1022 236/248/939 1412/1447/944
f 513/1489/1026 1656/740/1025 1412/1447/944 237/249/943
f 258/271/1027 514/1490/1028 1657/741/1029 515/1491/1030
f 514/1490/1028 257/270/1023 513/1489/1026 1657/741/1029
f 1657/741/1029 513/1489/1026 237/249/943 1414/1449/948
f 515/1491/1030 1657/741/1029 1414/1449/948 238/250/947
f 259/272/1031 516/1492/1032 1658/742/1033 517/1493/1034
f 516/1492/1032 258/271/1027 515/1491/1030 1658/742/1033
f 1658/742/1033 515/1491/1030 238/250/947 1416/1451/952
f 517/1493/1034 1658/742/1033 1416/1451/952 239/251/951
f 260/273/1035 518/1494/1036 1659/743/1037 519/1495/1038
f 518/1494/1036 259/272/1031 517/1493/1034 1659/743/1037
f 1659/743/1037 517/1493/1034 239/251/951 1418/1453/956
f 519/1495/1038 1659/743/1037 1418/1453/956 240/252/955
f 241/253/965 520/1496/1039 1660/744/1040 482/1457/966
f 520/1496/1039 260/273/1035 519/1495/1038 1660/744/1040
f 1660/744/1040 519/1495/1038 240/252/955 1420/1455/959
f 482/1457/966 1660/744/1040 1420/1455/959 221/232/885
f 262/275/1041 521/1497/1042 1661/745/1043 523/1499/1044
f 521/1497/1042 261/274/1045 522/1498/1046 1661/745/1043
f 1661/745/1043 522/1498/1046 241/253/965 481/1456/962
f 523/1499/1044 1661/745/1043 481/1456/962 242/254/961
f 263/276/1047 524/1500/1048 1662/746/1049 525/1501/1050
f 524/1500/1048 262/275/1041 523/1499/1044 1662/746/1049
f 1662/746/1049 523/1499/1044 242/254/961 484/1459/968
f 525/1501/1050 1662/746/1049 484/1459/968 243/255/967
f 264/277/1051 526/1502/1052 1663/747/1053 527/1503/1054
f 526/1502/1052 263/276/1047 525/1501/1050 1663/747/1053
f 1663/747/1053 525/1501/1050 243/255/967 486/1461/972
f 527/1503/1054 1663/747/1053 486/1461/972 244/256/971
f 265/278/1055 528/1504/1056 1664/748/1057 529/1505/1058
f 528/1504/1056 264/277/1051 527/1503/1054 1664/748/1057
f 1664/748/1057 527/1503/1054 244/256/971 488/1463/976
f 529/1505/1058 1664/748/1057 488/1463/976 245/257/975
f 266/279/1059 530/1506/1060 1665/749/1061 531/1507/1062
f 530/1506/1060 265/278/1055 529/1505/1058 1665/749/1061
f 1665/749/1061 529/1505/1058 245/257/975 490/1465/980
f 531/1507/1062 1665/749/1061 490/1465/980 246/258/979
f 267/280/1063 532/1508/1064 1666/750/1065 533/1509/1066
f 532/1508/1064 266/279/1059 531/1507/1062 1666/750/1065
f 1666/750/1065 531/1507/1062 246/258/979 492/1467/984
f 533/1509/1066 1666/750/1065 492/1467/984 247/259/983
f 268/281/1067 534/1510/1068 1667/751/1069 535/1511/1070
f 534/1510/1068 267/280/1063 533/1509/1066 1667/751/1069
f 1667/751/1069 533/1509/1066 247/259/983 494/1469/988
f 535/1511/1070 1667/751/1069 494/1469/988 248/260/987
f 269/282/1071 536/1512/1072 1668/752/1073 537/1513/1074
f 536/1512/1072 268/281/1067 535/1511/1070 1668/752/1073
f 1668/752/1073 535/1511/1070 248/260/987 496/1471/992
f 537/1513/1074 1668/752/1073 496/1471/992 249/261/991
f 270/283/1075 538/1514/1076 1669/753/1077 539/1515/1078
f 538/1514/1076 269/282/1071 537/1513/1074 1669/753/1077
f 1669/753/1077 537/1513/1074 249/261/991 498/1473/996
f 539/1515/1078 1669/753/1077 498/1473/996 250/262/995
f 271/284/1079 540/1516/1080 1670/754/1081 541/1517/1082
f 540/1516/1080 270/283/1075 539/1515/1078 1670/754/1081
f 1670/754/1081 539/1515/1078 250/262/995 500/1475/1000
f 541/1517/1082 1670/754/1081 500/1475/1000 251/263/999
f 272/285/1083 542/1518/1084 1671/755/1085 543/1519/1086
f 542/1518/1084 271/284/1079 541/1517/1082 1671/755/1085
f 1671/755/1085 541/1517/1082 251/263/999 502/1477/1004
f 543/1519/1086 1671/755/1085 502/1477/1004 252/264/1003
f 273/286/1087 544/1520/1088 1672/756/1089 545/1521/1090
f 544/1520/1088 272/285/1083 543/1519/1086 1672/756/1089
f 1672/756/1089 543/1519/1086 252/264/1003 504/1479/1008
f 545/1521/1090 1672/756/1089 504/1479/1008 253/265/1007
f 274/287/1091 546/1522/1092 1673/757/1093 547/1523/1094
f 546/1522/1092 273/286/1087 545/1521/1090 1673/757/1093
f 1673/757/1093 545/1521/1090 253/265/1007 506/1481/1012
f 547/1523/1094 1673/757/1093 506/1481/1012 254/266/1011
f 275/288/1095 548/1524/1096 1674/758/1097 549/1525/1098
f 548/1524/1096 274/287/1091 547/1523/1094 1674/758/1097
f 1674/758/1097 547/1523/1094 254/266/1011 508/1483/1016
f 549/1525/1098 1674/758/1097 508/1483/1016 255/267/1015
f 276/289/1099 550/1526/1100 1675/759/1101 551/1527/1102
f 550/1526/1100 275/288/1095 549/1525/1098 1675/759/1101
f 1675/759/1101 549/1525/1098 255/267/1015 510/1485/1020
f 551/1527/1102 1675/759/1101 510/1485/1020 256/268/1019
f 277/291/1103 552/1529/1104 1676/760/1105 553/1530/1106
f 552/1529/1104 276/290/1099 551/1528/1102 1676/760/1105
f 1676/760/1105 551/1528/1102 256/269/1019 512/1488/1024
f 553/1530/1106 1676/760/1105 512/1488/1024 257/270/1023
f 278/292/1107 554/1531/1108 1677/761/1109 555/1532/1110
f 554/1531/1108 277/291/1103 553/1530/1106 1677/761/1109
f 1677/761/1109 553/1530/1106 257/270/1023 514/1490/1028
f 555/1532/1110 1677/761/1109 514/1490/1028 258/271/1027
f 279/293/1111 556/1533/1112 1678/762/1113 557/1534/1114
f 556/1533/1112 278/292/1107 555/1532/1110 1678/762/1113
f 1678/762/1113 555/1532/1110 258/271/1027 516/1492/1032
f 557/1534/1114 1678/762/1113 516/1492/1032 259/272/1031
f 280/294/1115 558/1535/1116 1679/763/1117 559/1536/1118
f 558/1535/1116 279/293/1111 557/1534/1114 1679/763/1117
f 1679/763/1117 557/1534/1114 259/272/1031 518/1494/1036
f 559/1536/1118 1679/763/1117 518/1494/1036 260/273/1035
f 261/274/1045 560/1537/1119 1680/764/1120 522/1498/1046
f 560/1537/1119 280/294/1115 559/1536/1118 1680/764/1120
f 1680/764/1120 559/1536/1118 260/273/1035 520/1496/1039
f 522/1498/1046 1680/764/1120 520/1496/1039 241/253/965
f 282/296/1121 561/1538/1122 1681/765/1123 563/1540/1124
f 561/1538/1122 281/295/1125 562/1539/1126 1681/765/1123
f 1681/765/1123 562/1539/1126 261/274/1045 521/1497/1042
f 563/1540/1124 1681/765/1123 521/1497/1042 262/275/1041
f 283/297/1127 564/1541/1128 1682/766/1129 565/1542/1130
f 564/1541/1128 282/296/1121 563/1540/1124 1682/766/1129
f 1682/766/1129 563/1540/1124 262/275/1041 524/1500/1048
f 565/1542/1130 1682/766/1129 524/1500/1048 263/276/1047
f 284/298/1131 566/1543/1132 1683/767/1133 567/1544/1134
f 566/1543/1132 283/297/1127 565/1542/1130 1683/767/1133
f 1683/767/1133 565/1542/1130 263/276/1047 526/1502/1052
f 567/1544/1134 1683/767/1133 526/1502/1052 264/277/1051
f 285/299/1135 568/1545/1136 1684/768/1137 569/1546/1138
f 568/1545/1136 284/298/1131 567/1544/1134 1684/768/1137
f 1684/768/1137 567/1544/1134 264/277/1051 528/1504/1056
f 569/1546/1138 1684/768/1137 528/1504/1056 265/278/1055
f 286/300/1139 570/1547/1140 1685/769/1141 571/1548/1142
f 570/1547/1140 285/299/1135 569/1546/1138 1685/769/1141
f 1685/769/1141 569/1546/1138 265/278/1055 530/1506/1060
f 571/1548/1142 1685/769/1141 530/1506/1060 266/279/1059
f 287/301/1143 572/1549/1144 1686/770/1145 573/1550/1146
f 572/1549/1144 286/300/1139 571/1548/1142 1686/770/1145
f 1686/770/1145 571/1548/1142 266/279/1059 532/1508/1064
f 573/1550/1146 1686/770/1145 532/1508/1064 267/280/1063
f 288/302/1147 574/1551/1148 1687/771/1149 575/1552/1150
f 574/1551/1148 287/301/1143 573/1550/1146 1687/771/1149
f 1687/771/1149 573/1550/1146 267/280/1063 534/1510/1068
f 575/1552/1150 1687/771/1149 534/1510/1068 268/281/1067
f 289/303/1151 576/1553/1152 1688/772/1153 577/1554/1154
f 576/1553/1152 288/302/1147 575/1552/1150 1688/772/1153
f 1688/772/1153 575/1552/1150 268/281/1067 536/1512/1072
f 577/1554/1154 1688/772/1153 536/1512/1072 269/282/1071
f 290/304/1155 578/1555/1156 1689/773/1157 579/1556/1158
f 578/1555/1156 289/303/1151 577/1554/1154 1689/773/1157
f 1689/773/1157 577/1554/1154 269/282/1071 538/1514/1076
f 579/1556/1158 1689/773/1157 538/1514/1076 270/283/1075
f 291/305/1159 580/1557/1160 1690/774/1161 581/1558/1162
f 580/1557/1160 290/304/1155 579/1556/1158 1690/774/1161
f 1690/774/1161 579/1556/1158 270/283/1075 540/1516/1080
f 581/1558/1162 1690/774/1161 540/1516/1080 271/284/1079
f 292/306/1163 582/1559/1164 1691/775/1165 583/1560/1166
f 582/1559/1164 291/305/1159 581/1558/1162 1691/775/1165
f 1691/775/1165 581/1558/1162 271/284/1079 542/1518/1084
f 583/1560/1166 1691/775/1165 542/1518/1084 272/285/1083
f 293/307/1167 584/1561/1168 1692/776/1169 585/1562/1170
f 584/1561/1168 292/306/1163 583/1560/1166 1692/776/1169
f 1692/776/1169 583/1560/1166 272/285/1083 544/1520/1088
f 585/1562/1170 1692/776/1169 544/1520/1088 273/286/1087
f 294/308/1171 586/1563/1172 1693/777/1173 587/1564/1174
f 586/1563/1172 293/307/1167 585/1562/1170 1693/777/1173
f 1693/777/1173 585/1562/1170 273/286/1087 546/1522/1092
f 587/1564/1174 1693/777/1173 546/1522/1092 274/287/1091
f 295/309/1175 588/1565/1176 1694/778/1177 589/1566/1178
f 588/1565/1176 294/308/1171 587/1564/1174 1694/778/1177
f 1694/778/1177 587/1564/1174 274/287/1091 548/1524/1096
f 589/1566/1178 1694/778/1177 548/1524/1096 275/288/1095
f 296/310/1179 590/1567/1180 1695/779/1181 591/1568/1182
f 590/1567/1180 295/309/1175 589/1566/1178 1695/779/1181
f 1695/779/1181 589/1566/1178 275/288/1095 550/1526/1100
f 591/1568/1182 1695/779/1181 550/1526/1100 276/289/1099
f 297/312/1183 592/1570/1184 1696/780/1185 593/1571/1186
f 592/1570/1184 296/311/1179 591/1569/1182 1696/780/1185
f 1696/780/1185 591/1569/1182 276/290/1099 552/1529/1104
f 593/1571/1186 1696/780/1185 552/1529/1104 277/291/1103
f 298/313/1187 594/1572/1188 1697/781/1189 595/1573/1190
f 594/1572/1188 297/312/1183 593/1571/1186 1697/781/1189
f 1697/781/1189 593/1571/1186 277/291/1103 554/1531/1108
f 595/1573/1190 1697/781/1189 554/1531/1108 278/292/1107
f 299/314/1191 596/1574/1192 1698/782/1193 597/1575/1194
f 596/1574/1192 298/313/1187 595/1573/1190 1698/782/1193
f 1698/782/1193 595/1573/1190 278/292/1107 556/1533/1112
f 597/1575/1194 1698/782/1193 556/1533/1112 279/293/1111
f 300/315/1195 598/1576/1196 1699/783/1197 599/1577/1198
f 598/1576/1196 299/314/1191 597/1575/1194 1699/783/1197
f 1699/783/1197 597/1575/1194 279/293/1111 558/1535/1116
f 599/1577/1198 1699/783/1197 558/1535/1116 280/294/1115
f 281/295/1125 600/1578/1199 1700/784/1200 562/1539/1126
f 600/1578/1199 300/315/1195 599/1577/1198 1700/784/1200
f 1700/784/1200 599/1577/1198 280/294/1115 560/1537/1119
f 562/1539/1126 1700/784/1200 560/1537/1119 261/274/1045
f 302/317/1201 601/1579/1202 1701/785/1203 603/1581/1204
f 601/1579/1202 301/316/1205 602/1580/1206 1701/785/1203
f 1701/785/1203 602/1580/1206 281/295/1125 561/1538/1122
f 603/1581/1204 1701/785/1203 561/1538/1122 282/296/1121
f 303/318/1207 604/1582/1208 1702/786/1209 605/1583/1210
f 604/1582/1208 302/317/1201 603/1581/1204 1702/786/1209
f 1702/786/1209 603/1581/1204 282/296/1121 564/1541/1128
f 605/1583/1210 1702/786/1209 564/1541/1128 283/297/1127
f 304/319/1211 606/1584/1212 1703/787/1213 607/1585/1214
f 606/1584/1212 303/318/1207 605/1583/1210 1703/787/1213
f 1703/787/1213 605/1583/1210 283/297/1127 566/1543/1132
f 607/1585/1214 1703/787/1213 566/1543/1132 284/298/1131
f 305/320/1215 608/1586/1216 1704/788/1217 609/1587/1218
f 608/1586/1216 304/319/1211 607/1585/1214 1704/788/1217
f 1704/788/1217 607/1585/1214 284/298/1131 568/1545/1136
f 609/1587/1218 1704/788/1217 568/1545/1136 285/299/1135
f 306/321/1219 610/1588/1220 1705/789/1221 611/1589/1222
f 610/1588/1220 305/320/1215 609/1587/1218 1705/789/1221
f 1705/789/1221 609/1587/1218 285/299/1135 570/1547/1140
f 611/1589/1222 1705/789/1221 570/1547/1140 286/300/1139
f 307/322/1223 612/1590/1224 1706/790/1225 613/1591/1226
f 612/1590/1224 306/321/1219 611/1589/1222 1706/790/1225
f 1706/790/1225 611/1589/1222 286/300/1139 572/1549/1144
f 613/1591/1226 1706/790/1225 572/1549/1144 287/301/1143
f 308/323/1227 614/1592/1228 1707/791/1229 615/1593/1230
f 614/1592/1228 307/322/1223 613/1591/1226 1707/791/1229
f 1707/791/1229 613/1591/1226 287/301/1143 574/1551/1148
f 615/1593/1230 1707/791/1229 574/1551/1148 288/302/1147
f 309/324/1231 616/1594/1232 1708/792/1233 617/1595/1234
f 616/1594/1232 308/323/1227 615/1593/1230 1708/792/1233
f 1708/792/1233 615/1593/1230 288/302/1147 576/1553/1152
f 617/1595/1234 1708/792/1233 576/1553/1152 289/303/1151
f 310/325/1235 618/1596/1236 1709/793/1237 619/1597/1238
f 618/1596/1236 309/324/1231 617/1595/1234 1709/793/1237
f 1709/793/1237 617/1595/1234 289/303/1151 578/1555/1156
f 619/1597/1238 1709/793/1237 578/1555/1156 290/304/1155
f 311/326/1239 620/1598/1240 1710/794/1241 621/1599/1242
f 620/1598/1240 310/325/1235 619/1597/1238 1710/794/1241
f 1710/794/1241 619/1597/1238 290/304/1155 580/1557/1160
f 621/1599/1242 1710/794/1241 580/1557/1160 291/305/1159
f 312/327/1243 622/1600/1244 1711/795/1245 623/1601/1246
f 622/1600/1244 311/326/1239 621/1599/1242 1711/795/1245
f 1711/795/1245 621/1599/1242 291/305/1159 582/1559/1164
f 623/1601/1246 1711/795/1245 582/1559/1164 292/306/1163
f 313/328/1247 624/1602/1248 1712/796/1249 625/1603/1250
f 624/1602/1248 312/327/1243 623/1601/1246 1712/796/1249
f 1712/796/1249 623/1601/1246 292/306/1163 584/1561/1168
f 625/1603/1250 1712/796/1249 584/1561/1168 293/307/1167
f 314/329/1251 626/1604/1252 1713/797/1253 627/1605/1254
f 626/1604/1252 313/328/1247 625/1603/1250 1713/797/1253
f 1713/797/1253 625/1603/1250 293/307/1167 586/1563/1172
f 627/1605/1254 1713/797/1253 586/1563/1172 294/308/1171
f 315/330/1255 628/1606/1256 1714/798/1257 629/1607/1258
f 628/1606/1256 314/329/1251 627/1605/1254 1714/798/1257
f 1714/798/1257 627/1605/1254 294/308/1171 588/1565/1176
f 629/1607/1258 1714/798/1257 588/1565/1176 295/309/1175
f 316/331/1259 630/1608/1260 1715/799/1261 631/1609/1262
f 630/1608/1260 315/330/1255 629/1607/1258 1715/799/1261
f 1715/799/1261 629/1607/1258 295/309/1175 590/1567/1180
f 631/1609/1262 1715/799/1261 590/1567/1180 296/310/1179
f 317/333/1263 632/1611/1264 1716/800/1265 633/1612/1266
f 632/1611/1264 316/332/1259 631/1610/1262 1716/800/1265
f 1716/800/1265 631/1610/1262 296/311/1179 592/1570/1184
f 633/1612/1266 1716/800/1265 592/1570/1184 297/312/1183
f 318/334/1267 634/1613/1268 1717/801/1269 635/1614/1270
f 634/1613/1268 317/333/1263 633/1612/1266 1717/801/1269
f 1717/801/1269 633/1612/1266 297/312/1183 594/1572/1188
f 635/1614/1270 1717/801/1269 594/1572/1188 298/313/1187
f 319/335/1271 636/1615/1272 1718/802/1273 637/1616/1274
f 636/1615/1272 318/334/1267 635/1614/1270 1718/802/1273
f 1718/802/1273 635/1614/1270 298/313/1187 596/1574/1192
f 637/1616/1274 1718/802/1273 596/1574/1192 299/314/1191
f 320/336/1275 638/1617/1276 1719/803/1277 639/1618/1278
f 638/1617/1276 319/335/1271 637/1616/1274 1719/803/1277
f 1719/803/1277 637/1616/1274 299/314/1191 598/1576/1196
f 639/1618/1278 1719/803/1277 598/1576/1196 300/315/1195
f 301/316/1205 640/1619/1279 1720/804/1280 602/1580/1206
f 640/1619/1279 320/336/1275 639/1618/1278 1720/804/1280
f 1720/804/1280 639/1618/1278 300/315/1195 600/1578/1199
f 602/1580/1206 1720/804/1280 600/1578/1199 281/295/1125
f 322/338/1281 641/1620/1282 1721/805/1283 643/1622/1284
f 641/1620/1282 321/337/1285 642/1621/1286 1721/805/1283
f 1721/805/1283 642/1621/1286 301/316/1205 601/1579/1202
f 643/1622/1284 1721/805/1283 601/1579/1202 302/317/1201
f 323/339/1287 644/1623/1288 1722/806/1289 645/1624/1290
f 644/1623/1288 322/338/1281 643/1622/1284 1722/806/1289
f 1722/806/1289 643/1622/1284 302/317/1201 604/1582/1208
f 645/1624/1290 1722/806/1289 604/1582/1208 303/318/1207
f 324/340/1291 646/1625/1292 1723/807/1293 647/1626/1294
f 646/1625/1292 323/339/1287 645/1624/1290 1723/807/1293
f 1723/807/1293 645/1624/1290 303/318/1207 606/1584/1212
f 647/1626/1294 1723/807/1293 606/1584/1212 304/319/1211
f 325/341/1295 648/1627/1296 1724/808/1297 649/1628/1298
f 648/1627/1296 324/340/1291 647/1626/1294 1724/808/1297
f 1724/808/1297 647/1626/1294 304/319/1211 608/1586/1216
f 649/1628/1298 1724/808/1297 608/1586/1216 305/320/1215
f 326/342/1299 650/1629/1300 1725/809/1301 651/1630/1302
f 650/1629/1300 325/341/1295 649/1628/1298 1725/809/1301
f 1725/809/1301 649/1628/1298 305/320/1215 610/1588/1220
f 651/1630/1302 1725/809/1301 610/1588/1220 306/321/1219
f 327/343/1303 652/1631/1304 1726/810/1305 653/1632/1306
f 652/1631/1304 326/342/1299 651/1630/1302 1726/810/1305
f 1726/810/1305 651/1630/1302 306/321/1219 612/1590/1224
f 653/1632/1306 1726/810/1305 612/1590/1224 307/322/1223
f 328/344/1307 654/1633/1308 1727/811/1309 655/1634/1310
f 654/1633/1308 327/343/1303 653/1632/1306 1727/811/1309
f 1727/811/1309 653/1632/1306 307/322/1223 614/1592/1228
f 655/1634/1310 1727/811/1309 614/1592/1228 308/323/1227
f 329/345/1311 656/1635/1312 1728/812/1313 657/1636/1314
f 656/1635/1312 328/344/1307 655/1634/1310 1728/812/1313
f 1728/812/1313 655/1634/1310 308/323/1227 616/1594/1232
f 657/1636/1314 1728/812/1313 616/1594/1232 309/324/1231
f 330/346/1315 658/1637/1316 1729/813/1317 659/1638/1318
f 658/1637/1316 329/345/1311 657/1636/1314 1729/813/1317
f 1729/813/1317 657/1636/1314 309/324/1231 618/1596/1236
f 659/1638/1318 1729/813/1317 618/1596/1236 310/325/1235
f 331/347/1319 660/1639/1320 1730/814/1321 661/1640/1322
f 660/1639/1320 330/346/1315 659/1638/1318 1730/814/1321
f 1730/814/1321 659/1638/1318 310/325/1235 620/1598/1240
f 661/1640/1322 1730/814/1321 620/1598/1240 311/326/1239
f 332/348/1323 662/1641/1324 1731/815/1325 663/1642/1326
f 662/1641/1324 331/347/1319 661/1640/1322 1731/815/1325
f 1731/815/1325 661/1640/1322 311/326/1239 622/1600/1244
f 663/1642/1326 1731/815/1325 622/1600/1244 312/327/1243
f 333/349/1327 664/1643/1328 1732/816/1329 665/1644/1330
f 664/1643/1328 332/348/1323 663/1642/1326 1732/816/1329
f 1732/816/1329 663/1642/1326 312/327/1243 624/1602/1248
f 665/1644/1330 1732/816/1329 624/1602/1248 313/328/1247
f 334/350/1331 666/1645/1332 1733/817/1333 667/1646/1334
f 666/1645/1332 333/349/1327 665/1644/1330 1733/817/1333
f 1733/817/1333 665/1644/1330 313/328/1247 626/1604/1252
f 667/1646/1334 1733/817/1333 626/1604/1252 314/329/1251
f 335/351/1335 668/1647/1336 1734/818/1337 669/1648/1338
f 668/1647/1336 334/350/1331 667/1646/1334 1734/818/1337
f 1734/818/1337 667/1646/1334 314/329/1251 628/1606/1256
f 669/1648/1338 1734/818/1337 628/1606/1256 315/330/1255
f 336/352/1339 670/1649/1340 1735/819/1341 671/1650/1342
f 670/1649/1340 335/351/1335 669/1648/1338 1735/819/1341
f 1735/819/1341 669/1648/1338 315/330/1255 630/1608/1260
f 671/1650/1342 1735/819/1341 630/1608/1260 316/331/1259
f 337/354/1343 672/1652/1344 1736/820/1345 673/1653/1346
f 672/1652/1344 336/353/1339 671/1651/1342 1736/820/1345
f 1736/820/1345 671/1651/1342 316/332/1259 632/1611/1264
f 673/1653/1346 1736/820/1345 632/1611/1264 317/333/1263
f 338/355/1347 674/1654/1348 1737/821/1349 675/1655/1350
f 674/1654/1348 337/354/1343 673/1653/1346 1737/821/1349
f 1737/821/1349 673/1653/1346 317/333/1263 634/1613/1268
f 675/1655/1350 1737/821/1349 634/1613/1268 318/334/1267
f 339/356/1351 676/1656/1352 1738/822/1353 677/1657/1354
f 676/1656/1352 338/355/1347 675/1655/1350 1738/822/1353
f 1738/822/1353 675/1655/1350 318/334/1267 636/1615/1272
f 677/1657/1354 1738/822/1353 636/1615/1272 319/335/1271
f 340/357/1355 678/1658/1356 1739/823/1357 679/1659/1358
f 678/1658/1356 339/356/1351 677/1657/1354 1739/823/1357
f 1739/823/1357 677/1657/1354 319/335/1271 638/1617/1276
f 679/1659/1358 1739/823/1357 638/1617/1276 320/336/1275
f 321/337/1285 680/1660/1359 1740/824/1360 642/1621/1286
f 680/1660/1359 340/357/1355 679/1659/1358 1740/824/1360
f 1740/824/1360 679/1659/1358 320/336/1275 640/1619/1279
f 642/1621/1286 1740/824/1360 640/1619/1279 301/316/1205
f 342/359/1361 681/1661/1362 1741/825/1363 683/1663/1364
f 681/1661/1362 341/358/1365 682/1662/1366 1741/825/1363
f 1741/825/1363 682/1662/1366 321/337/1285 641/1620/1282
f 683/1663/1364 1741/825/1363 641/1620/1282 322/338/1281
f 343/360/1367 684/1664/1368 1742/826/1369 685/1665/1370
f 684/1664/1368 342/359/1361 683/1663/1364 1742/826/1369
f 1742/826/1369 683/1663/1364 322/338/1281 644/1623/1288
f 685/1665/1370 1742/826/1369 644/1623/1288 323/339/1287
f 344/361/1371 686/1666/1372 1743/827/1373 687/1667/1374
f 686/1666/1372 343/360/1367 685/1665/1370 1743/827/1373
f 1743/827/1373 685/1665/1370 323/339/1287 646/1625/1292
f 687/1667/1374 1743/827/1373 646/1625/1292 324/340/1291
f 345/362/1375 688/1668/1376 1744/828/1377 689/1669/1378
f 688/1668/1376 344/361/1371 687/1667/1374 1744/828/1377
f 1744/828/1377 687/1667/1374 324/340/1291 648/1627/1296
f 689/1669/1378 1744/828/1377 648/1627/1296 325/341/1295
f 346/363/1379 690/1670/1380 1745/829/1381 691/1671/1382
f 690/1670/1380 345/362/1375 689/1669/1378 1745/829/1381
f 1745/829/1381 689/1669/1378 325/341/1295 650/1629/1300
f 691/1671/1382 1745/829/1381 650/1629/1300 326/342/1299
f 347/364/1383 692/1672/1384 1746/830/1385 693/1673/1386
f 692/1672/1384 346/363/1379 691/1671/1382 1746/830/1385
f 1746/830/1385 691/1671/1382 326/342/1299 652/1631/1304
f 693/1673/1386 1746/830/1385 652/1631/1304 327/343/1303
f 348/365/1387 694/1674/1388 1747/831/1389 695/1675/1390
f 694/1674/1388 347/364/1383 693/1673/1386 1747/831/1389
f 1747/831/1389 693/1673/1386 327/343/1303 654/1633/1308
f 695/1675/1390 1747/831/1389 654/1633/1308 328/344/1307
f 349/366/1391 696/1676/1392 1748/832/1393 697/1677/1394
f 696/1676/1392 348/365/1387 695/1675/1390 1748/832/1393
f 1748/832/1393 695/1675/1390 328/344/1307 656/1635/1312
f 697/1677/1394 1748/832/1393 656/1635/1312 329/345/1311
f 350/367/1395 698/1678/1396 1749/833/1397 699/1679/1398
f 698/1678/1396 349/366/1391 697/1677/1394 1749/833/1397
f 1749/833/1397 697/1677/1394 329/345/1311 658/1637/1316
f 699/1679/1398 1749/833/1397 658/1637/1316 330/346/1315
f 351/368/1399 700/1680/1400 1750/834/1401 701/1681/1402
f 700/1680/1400 350/367/1395 699/1679/1398 1750/834/1401
f 1750/834/1401 699/1679/1398 330/346/1315 660/1639/1320
f 701/1681/1402 1750/834/1401 660/1639/1320 331/347/1319
f 352/369/1403 702/1682/1404 1751/835/1405 703/1683/1406
f 702/1682/1404 351/368/1399 701/1681/1402 1751/835/1405
f 1751/835/1405 701/1681/1402 331/347/1319 662/1641/1324
f 703/1683/1406 1751/835/1405 662/1641/1324 332/348/1323
f 353/370/1407 704/1684/1408 1752/836/1409 705/1685/1410
f 704/1684/1408 352/369/1403 703/1683/1406 1752/836/1409
f 1752/836/1409 703/1683/1406 332/348/1323 664/1643/1328
f 705/1685/1410 1752/836/1409 664/1643/1328 333/349/1327
f 354/371/1411 706/1686/1412 1753/837/1413 707/1687/1414
f 706/1686/1412 353/370/1407 705/1685/1410 1753/837/1413
f 1753/837/1413 705/1685/1410 333/349/1327 666/1645/1332
f 707/1687/1414 1753/837/1413 666/1645/1332 334/350/1331
f 355/372/1415 708/1688/1416 1754/838/1417 709/1689/1418
f 708/1688/1416 354/371/1411 707/1687/1414 1754/838/1417
f 1754/838/1417 707/1687/1414 334/350/1331 668/1647/1336
f 709/1689/1418 1754/838/1417 668/1647/1336 335/351/1335
f 356/373/1419 710/1690/1420 1755/839/1421 711/1691/1422
f 710/1690/1420 355/372/1415 709/1689/1418 1755/839/1421
f 1755/839/1421 709/1689/1418 335/351/1335 670/1649/1340
f 711/1691/1422 1755/839/1421 670/1649/1340 336/352/1339
f 357/375/1423 712/1693/1424 1756/840/1425 713/1694/1426
f 712/1693/1424 356/374/1419 711/1692/1422 1756/840/1425
f 1756/840/1425 711/1692/1422 336/353/1339 672/1652/1344
f 713/1694/1426 1756/840/1425 672/1652/1344 337/354/1343
f 358/376/1427 714/1695/1428 1757/841/1429 715/1696/1430
f 714/1695/1428 357/375/1423 713/1694/1426 1757/841/1429
f 1757/841/1429 713/1694/1426 337/354/1343 674/1654/1348
f 715/1696/1430 1757/841/1429 674/1654/1348 338/355/1347
f 359/377/1431 716/1697/1432 1758/842/1433 717/1698/1434
f 716/1697/1432 358/376/1427 715/1696/1430 1758/842/1433
f 1758/842/1433 715/1696/1430 338/355/1347 676/1656/1352
f 717/1698/1434 1758/842/1433 676/1656/1352 339/356/1351
f 360/378/1435 718/1699/1436 1759/843/1437 719/1700/1438
f 718/1699/1436 359/377/1431 717/1698/1434 1759/843/1437
f 1759/843/1437 717/1698/1434 339/356/1351 678/1658/1356
f 719/1700/1438 1759/843/1437 678/1658/1356 340/357/1355
f 341/358/1365 720/1701/1439 1760/844/1440 682/1662/1366
f 720/1701/1439 360/378/1435 719/1700/1438 1760/844/1440
f 1760/844/1440 719/1700/1438 340/357/1355 680/1660/1359
f 682/1662/1366 1760/844/1440 680/1660/1359 321/337/1285
f 362/380/1441 721/1702/1442 1761/845/1443 723/1704/1444
f 721/1702/1442 361/379/1445 722/1703/1446 1761/845/1443
f 1761/845/1443 722/1703/1446 341/358/1365 681/1661/1362
f 723/1704/1444 1761/845/1443 681/1661/1362 342/359/1361
f 363/381/1447 724/1705/1448 1762/846/1449 725/1706/1450
f 724/1705/1448 362/380/1441 723/1704/1444 1762/846/1449
f 1762/846/1449 723/1704/1444 342/359/1361 684/1664/1368
f 725/1706/1450 1762/846/1449 684/1664/1368 343/360/1367
f 364/382/1451 726/1707/1452 1763/847/1453 727/1708/1454
f 726/1707/1452 363/381/1447 725/1706/1450 1763/847/1453
f 1763/847/1453 725/1706/1450 343/360/1367 686/1666/1372
f 727/1708/1454 1763/847/1453 686/1666/1372 344/361/1371
f 365/383/1455 728/1709/1456 1764/848/1457 729/1710/1458
f 728/1709/1456 364/382/1451 727/1708/1454 1764/848/1457
f 1764/848/1457 727/1708/1454 344/361/1371 688/1668/1376
f 729/1710/1458 1764/848/1457 688/1668/1376 345/362/1375
f 366/384/1459 730/1711/1460 1765/849/1461 731/1712/1462
f 730/1711/1460 365/383/1455 729/1710/1458 1765/849/1461
f 1765/849/1461 729/1710/1458 345/362/1375 690/1670/1380
f 731/1712/1462 1765/849/1461 690/1670/1380 346/363/1379
f 367/385/1463 732/1713/1464 1766/850/1465 733/1714/1466
f 732/1713/1464 366/384/1459 731/1712/1462 1766/850/1465
f 1766/850/1465 731/1712/1462 346/363/1379 692/1672/1384
f 733/1714/1466 1766/850/1465 692/1672/1384 347/364/1383
f 368/386/1467 734/1715/1468 1767/851/1469 735/1716/1470
f 734/1715/1468 367/385/1463 733/1714/1466 1767/851/1469
f 1767/851/1469 733/1714/1466 347/364/1383 694/1674/1388
f 735/1716/1470 1767/851/1469 694/1674/1388 348/365/1387
f 369/387/1471 736/1717/1472 1768/852/1473 737/1718/1474
f 736/1717/1472 368/386/1467 735/1716/1470 1768/852/1473
f 1768/852/1473 735/1716/1470 348/365/1387 696/1676/1392
f 737/1718/1474 1768/852/1473 696/1676/1392 349/366/1391
f 370/388/1475 738/1719/1476 1769/853/1477 739/1720/1478
f 738/1719/1476 369/387/1471 737/1718/1474 1769/853/1477
f 1769/853/1477 737/1718/1474 349/366/1391 698/1678/1396
f 739/1720/1478 1769/853/1477 698/1678/1396 350/367/1395
f 371/389/1479 740/1721/1480 1770/854/1481 741/1722/1482
f 740/1721/1480 370/388/1475 739/1720/1478 1770/854/1481
f 1770/854/1481 739/1720/1478 350/367/1395 700/1680/1400
f 741/1722/1482 1770/854/1481 700/1680/1400 351/368/1399
f 372/390/1483 742/1723/1484 1771/855/1485 743/1724/1486
f 742/1723/1484 371/389/1479 741/1722/1482 1771/855/1485
f 1771/855/1485 741/1722/1482 351/368/1399 702/1682/1404
f 743/1724/1486 1771/855/1485 702/1682/1404 352/369/1403
f 373/391/1487 744/1725/1488 1772/856/1489 745/1726/1490
f 744/1725/1488 372/390/1483 743/1724/1486 1772/856/1489
f 1772/856/1489 743/1724/1486 352/369/1403 704/1684/1408
f 745/1726/1490 1772/856/1489 704/1684/1408 353/370/1407
f 374/392/1491 746/1727/1492 1773/857/1493 747/1728/1494
f 746/1727/1492 373/391/1487 745/1726/1490 1773/857/1493
f 1773/857/1493 745/1726/1490 353/370/1407 706/1686/1412
f 747/1728/1494 1773/857/1493 706/1686/1412 354/371/1411
f 375/393/1495 748/1729/1496 1774/858/1497 749/1730/1498
f 748/1729/1496 374/392/1491 747/1728/1494 1774/858/1497
f 1774/858/1497 747/1728/1494 354/371/1411 708/1688/1416
f 749/1730/1498 1774/858/1497 708/1688/1416 355/372/1415
f 376/394/1499 750/1731/1500 1775/859/1501 751/1732/1502
f 750/1731/1500 375/393/1495 749/1730/1498 1775/859/1501
f 1775/859/1501 749/1730/1498 355/372/1415 710/1690/1420
f 751/1732/1502 1775/859/1501 710/1690/1420 356/373/1419
f 377/396/1503 752/1734/1504 1776/860/1505 753/1735/1506
f 752/1734/1504 376/395/1499 751/1733/1502 1776/860/1505
f 1776/860/1505 751/1733/1502 356/374/1419 712/1693/1424
f 753/1735/1506 1776/860/1505 712/1693/1424 357/375/1423
f 378/397/1507 754/1736/1508 1777/861/1509 755/1737/1510
f 754/1736/1508 377/396/1503 753/1735/1506 1777/861/1509
f 1777/861/1509 753/1735/1506 357/375/1423 714/1695/1428
f 755/1737/1510 1777/861/1509 714/1695/1428 358/376/1427
f 379/398/1511 756/1738/1512 1778/862/1513 757/1739/1514
f 756/1738/1512 378/397/1507 755/1737/1510 1778/862/1513
f 1778/862/1513 755/1737/1510 358/376/1427 716/1697/1432
f 757/1739/1514 1778/862/1513 716/1697/1432 359/377/1431
f 380/399/1515 758/1740/1516 1779/863/1517 759/1741/1518
f 758/1740/1516 379/398/1511 757/1739/1514 1779/863/1517
f 1779/863/1517 757/1739/1514 359/377/1431 718/1699/1436
f 759/1741/1518 1779/863/1517 718/1699/1436 360/378/1435
f 361/379/1445 760/1742/1519 1780/864/1520 722/1703/1446
f 760/1742/1519 380/399/1515 759/1741/1518 1780/864/1520
f 1780/864/1520 759/1741/1518 360/378/1435 720/1701/1439
f 722/1703/1446 1780/864/1520 720/1701/1439 341/358/1365
f 382/401/1521 761/1743/1522 1781/865/1523 763/1745/1524
f 761/1743/1522 381/400/1525 762/1744/1526 1781/865/1523
f 1781/865/1523 762/1744/1526 361/379/1445 721/1702/1442
f 763/1745/1524 1781/865/1523 721/1702/1442 362/380/1441
f 383/402/1527 764/1746/1528 1782/866/1529 765/1747/1530
f 764/1746/1528 382/401/1521 763/1745/1524 1782/866/1529
f 1782/866/1529 763/1745/1524 362/380/1441 724/1705/1448
f 765/1747/1530 1782/866/1529 724/1705/1448 363/381/1447
f 384/403/1531 766/1748/1532 1783/867/1533 767/1749/1534
f 766/1748/1532 383/402/1527 765/1747/1530 1783/867/1533
f 1783/867/1533 765/1747/1530 363/381/1447 726/1707/1452
f 767/1749/1534 1783/867/1533 726/1707/1452 364/382/1451
f 385/404/1535 768/1750/1536 1784/868/1537 769/1751/1538
f 768/1750/1536 384/403/1531 767/1749/1534 1784/868/1537
f 1784/868/1537 767/1749/1534 364/382/1451 728/1709/1456
f 769/1751/1538 1784/868/1537 728/1709/1456 365/383/1455
f 386/405/1539 770/1752/1540 1785/869/1541 771/1753/1542
f 770/1752/1540 385/404/1535 769/1751/1538 1785/869/1541
f 1785/869/1541 769/1751/1538 365/383/1455 730/1711/1460
f 771/1753/1542 1785/869/1541 730/1711/1460 366/384/1459
f 387/406/1543 772/1754/1544 1786/870/1545 773/1755/1546
f 772/1754/1544 386/405/1539 771/1753/1542 1786/870/1545
f 1786/870/1545 771/1753/1542 366/384/1459 732/1713/1464
f 773/1755/1546 1786/870/1545 732/1713/1464 367/385/1463
f 388/407/1547 774/1756/1548 1787/871/1549 775/1757/1550
f 774/1756/1548 387/406/1543 773/1755/1546 1787/871/1549
f 1787/871/1549 773/1755/1546 367/385/1463 734/1715/1468
f 775/1757/1550 1787/871/1549 734/1715/1468 368/386/1467
f 389/408/1551 776/1758/1552 1788/872/1553 777/1759/1554
f 776/1758/1552 388/407/1547 775/1757/1550 1788/872/1553
f 1788/872/1553 775/1757/1550 368/386/1467 736/1717/1472
f 777/1759/1554 1788/872/1553 736/1717/1472 369/387/1471
f 390/409/1555 778/1760/1556 1789/873/1557 779/1761/1558
f 778/1760/1556 389/408/1551 777/1759/1554 1789/873/1557
f 1789/873/1557 777/1759/1554 369/387/1471 738/1719/1476
f 779/1761/1558 1789/873/1557 738/1719/1476 370/388/1475
f 391/410/1559 780/1762/1560 1790/874/1561 781/1763/1562
f 780/1762/1560 390/409/1555 779/1761/1558 1790/874/1561
f 1790/874/1561 779/1761/1558 370/388/1475 740/1721/1480
f 781/1763/1562 1790/874/1561 740/1721/1480 371/389/1479
f 392/411/1563 782/1764/1564 1791/875/1565 783/1765/1566
f 782/1764/1564 391/410/1559 781/1763/1562 1791/875/1565
f 1791/875/1565 781/1763/1562 371/389/1479 742/1723/1484
f 783/1765/1566 1791/875/1565 742/1723/1484 372/390/1483
f 393/412/1567 784/1766/1568 1792/876/1569 785/1767/1570
f 784/1766/1568 392/411/1563 783/1765/1566 1792/876/1569
f 1792/876/1569 783/1765/1566 372/390/1483 744/1725/1488
f 785/1767/1570 1792/876/1569 744/1725/1488 373/391/1487
f 394/413/1571 786/1768/1572 1793/877/1573 787/1769/1574
f 786/1768/1572 393/412/1567 785/1767/1570 1793/877/1573
f 1793/877/1573 785/1767/1570 373/391/1487 746/1727/1492
f 787/1769/1574 1793/877/1573 746/1727/1492 374/392/1491
f 395/414/1575 788/1770/1576 1794/878/1577 789/1771/1578
f 788/1770/1576 394/413/1571 787/1769/1574 1794/878/1577
f 1794/878/1577 787/1769/1574 374/392/1491 748/1729/1496
f 789/1771/1578 1794/878/1577 748/1729/1496 375/393/1495
f 396/415/1579 790/1772/1580 1795/879/1581 791/1773/1582
f 790/1772/1580 395/414/1575 789/1771/1578 1795/879/1581
f 1795/879/1581 789/1771/1578 375/393/1495 750/1731/1500
f 791/1773/1582 1795/879/1581 750/1731/1500 376/394/1499
f 397/417/1583 792/1775/1584 1796/880/1585 793/1776/1586
f 792/1775/1584 396/416/1579 791/1774/1582 1796/880/1585
f 1796/880/1585 791/1774/1582 376/395/1499 752/1734/1504
f 793/1776/1586 1796/880/1585 752/1734/1504 377/396/1503
f 398/418/1587 794/1777/1588 1797/881/1589 795/1778/1590
f 794/1777/1588 397/417/1583 793/1776/1586 1797/881/1589
f 1797/881/1589 793/1776/1586 377/396/1503 754/1736/1508
f 795/1778/1590 1797/881/1589 754/1736/1508 378/397/1507
f 399/419/1591 796/1779/1592 1798/882/1593 797/1780/1594
f 796/1779/1592 398/418/1587 795/1778/1590 1798/882/1593
f 1798/882/1593 795/1778/1590 378/397/1507 756/1738/1512
f 797/1780/1594 1798/882/1593 756/1738/1512 379/398/1511
f 400/420/1595 798/1781/1596 1799/883/1597 799/1782/1598
f 798/1781/1596 399/419/1591 797/1780/1594 1799/883/1597
f 1799/883/1597 797/1780/1594 379/398/1511 758/1740/1516
f 799/1782/1598 1799/883/1597 758/1740/1516 380/399/1515
f 381/400/1525 800/1783/1599 1800/884/1600 762/1744/1526
f 800/1783/1599 400/420/1595 799/1782/1598 1800/884/1600
f 1800/884/1600 799/1782/1598 380/399/1515 760/1742/1519
f 762/1744/1526 1800/884/1600 760/1742/1519 361/379/1445
f 402/422/1601 801/1784/1602 1801/885/1603 803/1786/1604
f 801/1784/1602 401/421/1605 802/1785/1606 1801/885/1603
f 1801/885/1603 802/1785/1606 381/400/1525 761/1743/1522
f 803/1786/1604 1801/885/1603 761/1743/1522 382/401/1521
f 403/423/1607 804/1787/1608 1802/886/1609 805/1788/1610
f 804/1787/1608 402/422/1601 803/1786/1604 1802/886/1609
f 1802/886/1609 803/1786/1604 382/401/1521 764/1746/1528
f 805/1788/1610 1802/886/1609 764/1746/1528 383/402/1527
f 404/424/1611 806/1789/1612 1803/887/1613 807/1790/1614
f 806/1789/1612 403/423/1607 805/1788/1610 1803/887/1613
f 1803/887/1613 805/1788/1610 383/402/1527 766/1748/1532
f 807/1790/1614 1803/887/1613 766/1748/1532 384/403/1531
f 405/425/1615 808/1791/1616 1804/888/1617 809/1792/1618
f 808/1791/1616 404/424/1611 807/1790/1614 1804/888/1617
f 1804/888/1617 807/1790/1614 384/403/1531 768/1750/1536
f 809/1792/1618 1804/888/1617 768/1750/1536 385/404/1535
f 406/426/1619 810/1793/1620 1805/889/1621 811/1794/1622
f 810/1793/1620 405/425/1615 809/1792/1618 1805/889/1621
f 1805/889/1621 809/1792/1618 385/404/1535 770/1752/1540
f 811/1794/1622 1805/889/1621 770/1752/1540 386/405/1539
f 407/427/1623 812/1795/1624 1806/890/1625 813/1796/1626
f 812/1795/1624 406/426/1619 811/1794/1622 1806/890/1625
f 1806/890/1625 811/1794/1622 386/405/1539 772/1754/1544
f 813/1796/1626 1806/890/1625 772/1754/1544 387/406/1543
f 408/428/1627 814/1797/1628 1807/891/1629 815/1798/1630
f 814/1797/1628 407/427/1623 813/1796/1626 1807/891/1629
f 1807/891/1629 813/1796/1626 387/406/1543 774/1756/1548
f 815/1798/1630 1807/891/1629 774/1756/1548 388/407/1547
f 409/429/1631 816/1799/1632 1808/892/1633 817/1800/1634
f 816/1799/1632 408/428/1627 815/1798/1630 1808/892/1633
f 1808/892/1633 815/1798/1630 388/407/1547 776/1758/1552
f 817/1800/1634 1808/892/1633 776/1758/1552 389/408/1551
f 410/430/1635 818/1801/1636 1809/893/1637 819/1802/1638
f 818/1801/1636 409/429/1631 817/1800/1634 1809/893/1637
f 1809/893/1637 817/1800/1634 389/408/1551 778/1760/1556
f 819/1802/1638 1809/893/1637 778/1760/1556 390/409/1555
f 411/431/1639 820/1803/1640 1810/894/1641 821/1804/1642
f 820/1803/1640 410/430/1635 819/1802/1638 1810/894/1641
f 1810/894/1641 819/1802/1638 390/409/1555 780/1762/1560
f 821/1804/1642 1810/894/1641 780/1762/1560 391/410/1559
f 412/432/1643 822/1805/1644 1811/895/1645 823/1806/1646
f 822/1805/1644 411/431/1639 821/1804/1642 1811/895/1645
f 1811/895/1645 821/1804/1642 391/410/1559 782/1764/1564
f 823/1806/1646 1811/895/1645 782/1764/1564 392/411/1563
f 413/433/1647 824/1807/1648 1812/896/1649 825/1808/1650
f 824/1807/1648 412/432/1643 823/1806/1646 1812/896/1649
f 1812/896/1649 823/1806/1646 392/411/1563 784/1766/1568
f 825/1808/1650 1812/896/1649 784/1766/1568 393/412/1567
f 414/434/1651 826/1809/1652 1813/897/1653 827/1810/1654
f 826/1809/1652 413/433/1647 825/1808/1650 1813/897/1653
f 1813/897/1653 825/1808/1650 393/412/1567 786/1768/1572
f 827/1810/1654 1813/897/1653 786/1768/1572 394/413/1571
f 415/435/1655 828/1811/1656 1814/898/1657 829/1812/1658
f 828/1811/1656 414/434/1651 827/1810/1654 1814/898/1657
f 1814/898/1657 827/1810/1654 394/413/1571 788/1770/1576
f 829/1812/1658 1814/898/1657 788/1770/1576 395/414/1575
f 416/436/1659 830/1813/1660 1815/899/1661 831/1814/1662
f 830/1813/1660 415/435/1655 829/1812/1658 1815/899/1661
f 1815/899/1661 829/1812/1658 395/414/1575 790/1772/1580
f 831/1814/1662 1815/899/1661 790/1772/1580 396/415/1579
f 417/438/1663 832/1816/1664 1816/900/1665 833/1817/1666
f 832/1816/1664 416/437/1659 831/1815/1662 1816/900/1665
f 1816/900/1665 831/1815/1662 396/416/1579 792/1775/1584
f 833/1817/1666 1816/900/1665 792/1775/1584 397/417/1583
f 418/439/1667 834/1818/1668 1817/901/1669 835/1819/1670
f 834/1818/1668 417/438/1663 833/1817/1666 1817/901/1669
f 1817/901/1669 833/1817/1666 397/417/1583 794/1777/1588
f 835/1819/1670 1817/901/1669 794/1777/1588 398/418/1587
f 419/440/1671 836/1820/1672 1818/902/1673 837/1821/1674
f 836/1820/1672 418/439/1667 835/1819/1670 1818/902/1673
f 1818/902/1673 835/1819/1670 398/418/1587 796/1779/1592
f 837/1821/1674 1818/902/1673 796/1779/1592 399/419/1591
f 420/441/1675 838/1822/1676 1819/903/1677 839/1823/1678
f 838/1822/1676 419/440/1671 837/1821/1674 1819/903/1677
f 1819/903/1677 837/1821/1674 399/419/1591 798/1781/1596
f 839/1823/1678 1819/903/1677 798/1781/1596 400/420/1595
f 401/421/1605 840/1824/1679 1820/904/1680 802/1785/1606
f 840/1824/1679 420/441/1675 839/1823/1678 1820/904/1680
f 1820/904/1680 839/1823/1678 400/420/1595 800/1783/1599
f 802/1785/1606 1820/904/1680 800/1783/1599 381/400/1525
f 422/443/1681 841/1825/1682 1821/905/1683 844/1828/1684
f 841/1825/1682 421/442/1685 842/1826/1686 1821/905/1683
f 1821/905/1683 842/1826/1686 461/484/1687 843/1827/1688
f 844/1828/1684 1821/905/1683 843/1827/1688 462/485/1689
f 423/444/1690 845/1829/1691 1822/906/1692 847/1831/1693
f 845/1829/1691 422/443/1681 844/1828/1684 1822/906/1692
f 1822/906/1692 844/1828/1684 462/485/1689 846/1830/1694
f 847/1831/1693 1822/906/1692 846/1830/1694 463/486/1695
f 424/445/1696 848/1832/1697 1823/907/1698 850/1834/1699
f 848/1832/1697 423/444/1690 847/1831/1693 1823/907/1698
f 1823/907/1698 847/1831/1693 463/486/1695 849/1833/1700
f 850/1834/1699 1823/907/1698 849/1833/1700 464/487/1701
f 425/446/1702 851/1835/1703 1824/908/1704 853/1837/1705
f 851/1835/1703 424/445/1696 850/1834/1699 1824/908/1704
f 1824/908/1704 850/1834/1699 464/487/1701 852/1836/1706
f 853/1837/1705 1824/908/1704 852/1836/1706 465/488/1707
f 426/447/1708 854/1838/1709 1825/909/1710 856/1840/1711
f 854/1838/1709 425/446/1702 853/1837/1705 1825/909/1710
f 1825/909/1710 853/1837/1705 465/488/1707 855/1839/1712
f 856/1840/1711 1825/909/1710 855/1839/1712 466/489/1713
f 427/448/1714 857/1841/1715 1826/910/1716 859/1843/1717
f 857/1841/1715 426/447/1708 856/1840/1711 1826/910/1716
f 1826/910/1716 856/1840/1711 466/489/1713 858/1842/1718
f 859/1843/1717 1826/910/1716 858/1842/1718 467/490/1719
f 428/449/1720 860/1844/1721 1827/911/1722 862/1846/1723
f 860/1844/1721 427/448/1714 859/1843/1717 1827/911/1722
f 1827/911/1722 859/1843/1717 467/490/1719 861/1845/1724
f 862/1846/1723 1827/911/1722 861/1845/1724 468/491/1725
f 429/450/1726 863/1847/1727 1828/912/1728 865/1849/1729
f 863/1847/1727 428/449/1720 862/1846/1723 1828/912/1728
f 1828/912/1728 862/1846/1723 468/491/1725 864/1848/1730
f 865/1849/1729 1828/912/1728 864/1848/1730 469/492/1731
f 430/451/1732 866/1850/1733 1829/913/1734 868/1852/1735
f 866/1850/1733 429/450/1726 865/1849/1729 1829/913/1734
f 1829/913/1734 865/1849/1729 469/492/1731 867/1851/1736
f 868/1852/1735 1829/913/1734 867/1851/1736 470/493/1737
f 431/452/1738 869/1853/1739 1830/914/1740 871/1855/1741
f 869/1853/1739 430/451/1732 868/1852/1735 1830/914/1740
f 1830/914/1740 868/1852/1735 470/493/1737 870/1854/1742
f 871/1855/1741 1830/914/1740 870/1854/1742 471/494/1743
f 432/453/1744 872/1856/1745 1831/915/1746 874/1858/1747
f 872/1856/1745 431/452/1738 871/1855/1741 1831/915/1746
f 1831/915/1746 871/1855/1741 471/494/1743 873/1857/1748
f 874/1858/1747 1831/915/1746 873/1857/1748 472/495/1749
f 433/454/1750 875/1859/1751 1832/916/1752 877/1861/1753
f 875/1859/1751 432/453/1744 874/1858/1747 1832/916/1752
f 1832/916/1752 874/1858/1747 472/495/1749 876/1860/1754
f 877/1861/1753 1832/916/1752 876/1860/1754 473/496/1755
f 434/455/1756 878/1862/1757 1833/917/1758 880/1864/1759
f 878/1862/1757 433/454/1750 877/1861/1753 1833/917/1758
f 1833/917/1758 877/1861/1753 473/496/1755 879/1863/1760
f 880/1864/1759 1833/917/1758 879/1863/1760 474/497/1761
f 435/456/1762 881/1865/1763 1834/918/1764 883/1867/1765
f 881/1865/1763 434/455/1756 880/1864/1759 1834/918/1764
f 1834/918/1764 880/1864/1759 474/497/1761 882/1866/1766
f 883/1867/1765 1834/918/1764 882/1866/1766 475/498/1767
f 436/457/1768 884/1868/1769 1835/919/1770 886/1870/1771
f 884/1868/1769 435/456/1762 883/1867/1765 1835/919/1770
f 1835/919/1770 883/1867/1765 475/498/1767 885/1869/1772
f 886/1870/1771 1835/919/1770 885/1869/1772 476/499/1773
f 437/459/1774 887/1872/1775 1836/920/1776 889/1874/1777
f 887/1872/1775 436/458/1768 886/1871/1771 1836/920/1776
f 1836/920/1776 886/1871/1771 476/500/1773 888/1873/1778
f 889/1874/1777 1836/920/1776 888/1873/1778 477/501/1779
f 438/460/1780 890/1875/1781 1837/921/1782 892/1877/1783
f 890/1875/1781 437/459/1774 889/1874/1777 1837/921/1782
f 1837/921/1782 889/1874/1777 477/501/1779 891/1876/1784
f 892/1877/1783 1837/921/1782 891/1876/1784 478/502/1785
f 439/461/1786 893/1878/1787 1838/922/1788 895/1880/1789
f 893/1878/1787 438/460/1780 892/1877/1783 1838/922/1788
f 1838/922/1788 892/1877/1783 478/502/1785 894/1879/1790
f 895/1880/1789 1838/922/1788 894/1879/1790 479/503/1791
f 440/462/1792 896/1881/1793 1839/923/1794 898/1883/1795
f 896/1881/1793 439/461/1786 895/1880/1789 1839/923/1794
f 1839/923/1794 895/1880/1789 479/503/1791 897/1882/1796
f 898/1883/1795 1839/923/1794 897/1882/1796 480/504/1797
f 421/442/1685 899/1884/1798 1840/924/1799 842/1826/1686
f 899/1884/1798 440/462/1792 898/1883/1795 1840/924/1799
f 1840/924/1799 898/1883/1795 480/504/1797 900/1885/1800
f 842/1826/1686 1840/924/1799 900/1885/1800 461/484/1687
f 442/465/116 1000/1025/120 1841/925/1801 902/1888/1802
f 1000/1025/120 441/464/9 901/1886/1803 1841/925/1801
f 1841/925/1801 901/1886/1803 436/458/1768 887/1872/1775
f 902/1888/1802 1841/925/1801 887/1872/1775 437/459/1774
f 443/466/110 998/1023/117 1842/926/1804 903/1889/1805
f 998/1023/117 442/465/116 902/1888/1802 1842/926/1804
f 1842/926/1804 902/1888/1802 437/459/1774 890/1875/1781
f 903/1889/1805 1842/926/1804 890/1875/1781 438/460/1780
f 444/467/104 995/1020/111 1843/927/1806 904/1890/1807
f 995/1020/111 443/466/110 903/1889/1805 1843/927/1806
f 1843/927/1806 903/1889/1805 438/460/1780 893/1878/1787
f 904/1890/1807 1843/927/1806 893/1878/1787 439/461/1786
f 445/468/98 992/1017/105 1844/928/1808 905/1891/1809
f 992/1017/105 444/467/104 904/1890/1807 1844/928/1808
f 1844/928/1808 904/1890/1807 439/461/1786 896/1881/1793
f 905/1891/1809 1844/928/1808 896/1881/1793 440/462/1792
f 446/469/92 989/1014/99 1845/929/1810 906/1892/1811
f 989/1014/99 445/468/98 905/1891/1809 1845/929/1810
f 1845/929/1810 905/1891/1809 440/462/1792 899/1884/1798
f 906/1892/1811 1845/929/1810 899/1884/1798 421/442/1685
f 447/470/86 986/1011/93 1846/930/1812 907/1893/1813
f 986/1011/93 446/469/92 906/1892/1811 1846/930/1812
f 1846/930/1812 906/1892/1811 421/442/1685 841/1825/1682
f 907/1893/1813 1846/930/1812 841/1825/1682 422/443/1681
f 448/471/80 983/1008/87 1847/931/1814 908/1894/1815
f 983/1008/87 447/470/86 907/1893/1813 1847/931/1814
f 1847/931/1814 907/1893/1813 422/443/1681 845/1829/1691
f 908/1894/1815 1847/931/1814 845/1829/1691 423/444/1690
f 449/472/74 980/1005/81 1848/932/1816 909/1895/1817
f 980/1005/81 448/471/80 908/1894/1815 1848/932/1816
f 1848/932/1816 908/1894/1815 423/444/1690 848/1832/1697
f 909/1895/1817 1848/932/1816 848/1832/1697 424/445/1696
f 450/473/68 977/1002/75 1849/933/1818 910/1896/1819
f 977/1002/75 449/472/74 909/1895/1817 1849/933/1818
f 1849/933/1818 909/1895/1817 424/445/1696 851/1835/1703
f 910/1896/1819 1849/933/1818 851/1835/1703 425/446/1702
f 451/474/62 974/999/69 1850/934/1820 911/1897/1821
f 974/999/69 450/473/68 910/1896/1819 1850/934/1820
f 1850/934/1820 910/1896/1819 425/446/1702 854/1838/1709
f 911/1897/1821 1850/934/1820 854/1838/1709 426/447/1708
f 452/475/56 971/996/63 1851/935/1822 912/1898/1823
f 971/996/63 451/474/62 911/1897/1821 1851/935/1822
f 1851/935/1822 911/1897/1821 426/447/1708 857/1841/1715
f 912/1898/1823 1851/935/1822 857/1841/1715 427/448/1714
f 453/476/50 968/993/57 1852/936/1824 913/1899/1825
f 968/993/57 452/475/56 912/1898/1823 1852/936/1824
f 1852/936/1824 912/1898/1823 427/448/1714 860/1844/1721
f 913/1899/1825 1852/936/1824 860/1844/1721 428/449/1720
f 454/477/44 965/990/51 1853/937/1826 914/1900/1827
f 965/990/51 453/476/50 913/1899/1825 1853/937/1826
f 1853/937/1826 913/1899/1825 428/449/1720 863/1847/1727
f 914/1900/1827 1853/937/1826 863/1847/1727 429/450/1726
f 455/478/38 962/987/45 1854/938/1828 915/1901/1829
f 962/987/45 454/477/44 914/1900/1827 1854/938/1828
f 1854/938/1828 914/1900/1827 429/450/1726 866/1850/1733
f 915/1901/1829 1854/938/1828 866/1850/1733 430/451/1732
f 456/479/32 959/984/39 1855/939/1830 916/1902/1831
f 959/984/39 455/478/38 915/1901/1829 1855/939/1830
f 1855/939/1830 915/1901/1829 430/451/1732 869/1853/1739
f 916/1902/1831 1855/939/1830 869/1853/1739 431/452/1738
f 457/480/26 956/981/33 1856/940/1832 917/1903/1833
f 956/981/33 456/479/32 916/1902/1831 1856/940/1832
f 1856/940/1832 916/1902/1831 431/452/1738 872/1856/1745
f 917/1903/1833 1856/940/1832 872/1856/1745 432/453/1744
f 458/481/20 953/978/27 1857/941/1834 918/1904/1835
f 953/978/27 457/480/26 917/1903/1833 1857/941/1834
f 1857/941/1834 917/1903/1833 432/453/1744 875/1859/1751
f 918/1904/1835 1857/941/1834 875/1859/1751 433/454/1750
f 459/482/14 950/975/21 1858/942/1836 919/1905/1837
f 950/975/21 458/481/20 918/1904/1835 1858/942/1836
f 1858/942/1836 918/1904/1835 433/454/1750 878/1862/1757
f 919/1905/1837 1858/942/1836 878/1862/1757 434/455/1756
f 460/483/7 947/972/15 1859/943/1838 920/1906/1839
f 947/972/15 459/482/14 919/1905/1837 1859/943/1838
f 1859/943/1838 919/1905/1837 434/455/1756 881/1865/1763
f 920/1906/1839 1859/943/1838 881/1865/1763 435/456/1762
f 441/463/9 943/967/8 1860/944/1840 901/1887/1803
f 943/967/8 460/483/7 920/1906/1839 1860/944/1840
f 1860/944/1840 920/1906/1839 435/456/1762 884/1868/1769
f 901/1887/1803 1860/944/1840 884/1868/1769 436/457/1768
f 462/485/1689 843/1827/1688 1861/945/1841 922/1908/1842
f 843/1827/1688 461/484/1687 921/1907/1843 1861/945/1841
f 1861/945/1841 921/1907/1843 401/421/1605 801/1784/1602
f 922/1908/1842 1861/945/1841 801/1784/1602 402/422/1601
f 463/486/1695 846/1830/1694 1862/946/1844 923/1909/1845
f 846/1830/1694 462/485/1689 922/1908/1842 1862/946/1844
f 1862/946/1844 922/1908/1842 402/422/1601 804/1787/1608
f 923/1909/1845 1862/946/1844 804/1787/1608 403/423/1607
f 464/487/1701 849/1833/1700 1863/947/1846 924/1910/1847
f 849/1833/1700 463/486/1695 923/1909/1845 1863/947/1846
f 1863/947/1846 923/1909/1845 403/423/1607 806/1789/1612
f 924/1910/1847 1863/947/1846 806/1789/1612 404/424/1611
f 465/488/1707 852/1836/1706 1864/948/1848 925/1911/1849
f 852/1836/1706 464/487/1701 924/1910/1847 1864/948/1848
f 1864/948/1848 924/1910/1847 404/424/1611 808/1791/1616
f 925/1911/1849 1864/948/1848 808/1791/1616 405/425/1615
f 466/489/1713 855/1839/1712 1865/949/1850 926/1912/1851
f 855/1839/1712 465/488/1707 925/1911/1849 1865/949/1850
f 1865/949/1850 925/1911/1849 405/425/1615 810/1793/1620
f 926/1912/1851 1865/949/1850 810/1793/1620 406/426/1619
f 467/490/1719 858/1842/1718 1866/950/1852 927/1913/1853
f 858/1842/1718 466/489/1713 926/1912/1851 1866/950/1852
f 1866/950/1852 926/1912/1851 406/426/1619 812/1795/1624
f 927/1913/1853 1866/950/1852 812/1795/1624 407/427/1623
f 468/491/1725 861/1845/1724 1867/951/1854 928/1914/1855
f 861/1845/1724 467/490/1719 927/1913/1853 1867/951/1854
f 1867/951/1854 927/1913/1853 407/427/1623 814/1797/1628
f 928/1914/1855 1867/951/1854 814/1797/1628 408/428/1627
f 469/492/1731 864/1848/1730 1868/952/1856 929/1915/1857
f 864/1848/1730 468/491/1725 928/1914/1855 1868/952/1856
f 1868/952/1856 928/1914/1855 408/428/1627 816/1799/1632
f 929/1915/1857 1868/952/1856 816/1799/1632 409/429/1631
f 470/493/1737 867/1851/1736 1869/953/1858 930/1916/1859
f 867/1851/1736 469/492/1731 929/1915/1857 1869/953/1858
f 1869/953/1858 929/1915/1857 409/429/1631 818/1801/1636
f 930/1916/1859 1869/953/1858 818/1801/1636 410/430/1635
f 471/494/1743 870/1854/1742 1870/954/1860 931/1917/1861
f 870/1854/1742 470/493/1737 930/1916/1859 1870/954/1860
f 1870/954/1860 930/1916/1859 410/430/1635 820/1803/1640
f 931/1917/1861 1870/954/1860 820/1803/1640 411/431/1639
f 472/495/1749 873/1857/1748 1871/955/1862 932/1918/1863
f 873/1857/1748 471/494/1743 931/1917/1861 1871/955/1862
f 1871/955/1862 931/1917/1861 411/431/1639 822/1805/1644
f 932/1918/1863 1871/955/1862 822/1805/1644 412/432/1643
f 473/496/1755 876/1860/1754 1872/956/1864 933/1919/1865
f 876/1860/1754 472/495/1749 932/1918/1863 1872/956/1864
f 1872/956/1864 932/1918/1863 412/432/1643 824/1807/1648
f 933/1919/1865 1872/956/1864 824/1807/1648 413/433/1647
f 474/497/1761 879/1863/1760 1873/957/1866 934/1920/1867
f 879/1863/1760 473/496/1755 933/1919/1865 1873/957/1866
f 1873/957/1866 933/1919/1865 413/433/1647 826/1809/1652
f 934/1920/1867 1873/957/1866 826/1809/1652 414/434/1651
f 475/498/1767 882/1866/1766 1874/958/1868 935/1921/1869
f 882/1866/1766 474/497/1761 934/1920/1867 1874/958/1868
f 1874/958/1868 934/1920/1867 414/434/1651 828/1811/1656
f 935/1921/1869 1874/958/1868 828/1811/1656 415/435/1655
f 476/499/1773 885/1869/1772 1875/959/1870 936/1922/1871
f 885/1869/1772 475/498/1767 935/1921/1869 1875/959/1870
f 1875/959/1870 935/1921/1869 415/435/1655 830/1813/1660
f 936/1922/1871 1875/959/1870 830/1813/1660 416/436/1659
f 477/501/1779 888/1873/1778 1876/960/1872 937/1924/1873
f 888/1873/1778 476/500/1773 936/1923/1871 1876/960/1872
f 1876/960/1872 936/1923/1871 416/437/1659 832/1816/1664
f 937/1924/1873 1876/960/1872 832/1816/1664 417/438/1663
f 478/502/1785 891/1876/1784 1877/961/1874 938/1925/1875
f 891/1876/1784 477/501/1779 937/1924/1873 1877/961/1874
f 1877/961/1874 937/1924/1873 417/438/1663 834/1818/1668
f 938/1925/1875 1877/961/1874 834/1818/1668 418/439/1667
f 479/503/1791 894/1879/1790 1878/962/1876 939/1926/1877
f 894/1879/1790 478/502/1785 938/1925/1875 1878/962/1876
f 1878/962/1876 938/1925/1875 418/439/1667 836/1820/1672
f 939/1926/1877 1878/962/1876 836/1820/1672 419/440/1671
f 480/504/1797 897/1882/1796 1879/963/1878 940/1927/1879
f 897/1882/1796 479/503/1791 939/1926/1877 1879/963/1878
f 1879/963/1878 939/1926/1877 419/440/1671 838/1822/1676
f 940/1927/1879 1879/963/1878 838/1822/1676 420/441/1675
f 461/484/1687 900/1885/1800 1880/964/1880 921/1907/1843
f 900/1885/1800 480/504/1797 940/1927/1879 1880/964/1880
f 1880/964/1880 940/1927/1879 420/441/1675 840/1824/1679
f 921/1907/1843 1880/964/1880 840/1824/1679 401/421/1605
