# This file uses centimeters as units for non-parametric coordinates.

mtllib WormDeathLure.mtl
g default
v -3.607449 19.745100 0.951057
v -3.329419 19.724821 0.809018
v -3.108773 19.708729 0.587786
v -2.967110 19.698397 0.309017
v -2.918296 19.694836 0.000000
v -2.967110 19.698397 -0.309017
v -3.108773 19.708729 -0.587785
v -3.329419 19.724821 -0.809017
v -3.607449 19.745100 -0.951057
v -3.915648 19.767578 -1.000000
v -4.223846 19.790058 -0.951057
v -4.501875 19.810335 -0.809017
v -4.722521 19.826429 -0.587785
v -4.864184 19.836761 -0.309017
v -4.912998 19.840322 -0.000000
v -4.864184 19.836761 0.309017
v -4.722521 19.826429 0.587785
v -4.501875 19.810335 0.809017
v -4.223846 19.790058 0.951057
v -3.915648 19.767578 1.000000
v -3.565615 20.174732 0.951057
v -3.289147 20.138990 0.809017
v -3.069741 20.110626 0.587786
v -2.928874 20.092415 0.309017
v -2.880335 20.086140 0.000000
v -2.928874 20.092415 -0.309017
v -3.069741 20.110626 -0.587785
v -3.289148 20.138990 -0.809017
v -3.565615 20.174732 -0.951057
v -3.872082 20.214352 -1.000000
v -4.178548 20.253971 -0.951057
v -4.455016 20.289713 -0.809017
v -4.674422 20.318077 -0.587785
v -4.815289 20.336288 -0.309017
v -4.863829 20.342564 -0.000000
v -4.815289 20.336288 0.309017
v -4.674422 20.318077 0.587785
v -4.455016 20.289713 0.809017
v -4.178548 20.253971 0.951056
v -3.872082 20.214352 1.000000
v -3.492292 20.584223 0.951057
v -3.221123 20.519579 0.809018
v -3.005921 20.468277 0.587786
v -2.867753 20.435339 0.309017
v -2.820144 20.423988 0.000000
v -2.867753 20.435339 -0.309017
v -3.005921 20.468277 -0.587785
v -3.221123 20.519579 -0.809017
v -3.492292 20.584223 -0.951057
v -3.792886 20.655882 -1.000000
v -4.093480 20.727541 -0.951057
v -4.364649 20.792185 -0.809017
v -4.579850 20.843487 -0.587785
v -4.718018 20.876425 -0.309017
v -4.765627 20.887774 -0.000000
v -4.718018 20.876425 0.309017
v -4.579850 20.843487 0.587785
v -4.364649 20.792185 0.809017
v -4.093480 20.727541 0.951057
v -3.792886 20.655882 1.000000
v -3.374768 20.980993 0.951057
v -3.112455 20.886633 0.809018
v -2.904282 20.811749 0.587786
v -2.770627 20.763670 0.309017
v -2.724573 20.747103 0.000000
v -2.770627 20.763670 -0.309017
v -2.904282 20.811749 -0.587786
v -3.112455 20.886633 -0.809017
v -3.374768 20.980993 -0.951057
v -3.665544 21.085592 -1.000000
v -3.956319 21.190191 -0.951057
v -4.218632 21.284552 -0.809017
v -4.426805 21.359438 -0.587785
v -4.560460 21.407516 -0.309017
v -4.606514 21.424084 -0.000000
v -4.560460 21.407516 0.309017
v -4.426805 21.359438 0.587785
v -4.218632 21.284552 0.809017
v -3.956319 21.190191 0.951057
v -3.665544 21.085592 1.000000
v -3.213692 21.352875 0.951057
v -2.965507 21.225927 0.809018
v -2.768545 21.125179 0.587786
v -2.642089 21.060497 0.309017
v -2.598515 21.038208 0.000000
v -2.642089 21.060497 -0.309017
v -2.768546 21.125179 -0.587785
v -2.965507 21.225927 -0.809017
v -3.213692 21.352875 -0.951057
v -3.488807 21.493599 -1.000000
v -3.763923 21.634321 -0.951057
v -4.012108 21.761269 -0.809017
v -4.209069 21.862017 -0.587785
v -4.335526 21.926699 -0.309017
v -4.379100 21.948988 -0.000000
v -4.335526 21.926699 0.309017
v -4.209069 21.862017 0.587785
v -4.012108 21.761269 0.809017
v -3.763923 21.634321 0.951057
v -3.488807 21.493599 1.000000
v -3.004197 21.708826 0.951057
v -2.772283 21.554140 0.809017
v -2.588235 21.431379 0.587786
v -2.470069 21.352564 0.309017
v -2.429352 21.325405 0.000000
v -2.470069 21.352564 -0.309017
v -2.588235 21.431379 -0.587785
v -2.772283 21.554140 -0.809017
v -3.004197 21.708826 -0.951057
v -3.261275 21.880297 -1.000000
v -3.518353 22.051767 -0.951057
v -3.750267 22.206453 -0.809017
v -3.934315 22.329214 -0.587785
v -4.052481 22.408030 -0.309017
v -4.093198 22.435188 -0.000000
v -4.052481 22.408030 0.309017
v -3.934315 22.329214 0.587785
v -3.750267 22.206453 0.809017
v -3.518353 22.051767 0.951056
v -3.261275 21.880297 1.000000
v -2.754790 22.043543 0.951057
v -2.539924 21.865934 0.809018
v -2.369405 21.724985 0.587786
v -2.259925 21.634491 0.309017
v -2.222201 21.603308 0.000000
v -2.259925 21.634491 -0.309017
v -2.369405 21.724985 -0.587785
v -2.539924 21.865934 -0.809017
v -2.754790 22.043543 -0.951057
v -2.992971 22.240421 -1.000000
v -3.231153 22.437300 -0.951057
v -3.446019 22.614908 -0.809017
v -3.616538 22.755857 -0.587785
v -3.726017 22.846352 -0.309017
v -3.763741 22.877535 -0.000000
v -3.726017 22.846352 0.309017
v -3.616537 22.755857 0.587785
v -3.446019 22.614906 0.809017
v -3.231152 22.437300 0.951057
v -2.992971 22.240421 1.000000
v -2.472826 22.354219 0.951057
v -2.274897 22.157913 0.809018
v -2.117820 22.002123 0.587786
v -2.016970 21.902102 0.309017
v -1.982220 21.867636 0.000000
v -2.016970 21.902102 -0.309017
v -2.117820 22.002125 -0.587785
v -2.274897 22.157913 -0.809017
v -2.472826 22.354219 -0.951057
v -2.692232 22.571825 -1.000000
v -2.911638 22.789433 -0.951057
v -3.109566 22.985739 -0.809017
v -3.266644 23.141527 -0.587785
v -3.367493 23.241550 -0.309017
v -3.402244 23.276016 -0.000000
v -3.367493 23.241550 0.309017
v -3.266644 23.141527 0.587785
v -3.109566 22.985739 0.809017
v -2.911638 22.789433 0.951057
v -2.692232 22.571825 1.000000
v -2.166401 22.636375 0.951057
v -1.987608 22.422495 0.809017
v -1.845718 22.252758 0.587786
v -1.754619 22.143780 0.309017
v -1.723228 22.106228 0.000000
v -1.754619 22.143780 -0.309017
v -1.845718 22.252758 -0.587785
v -1.987608 22.422495 -0.809017
v -2.166401 22.636375 -0.951057
v -2.364594 22.873465 -1.000000
v -2.562787 23.110554 -0.951057
v -2.741579 23.324434 -0.809017
v -2.883470 23.494171 -0.587785
v -2.974569 23.603149 -0.309017
v -3.005959 23.640699 -0.000000
v -2.974569 23.603149 0.309017
v -2.883469 23.494171 0.587785
v -2.741579 23.324434 0.809017
v -2.562787 23.110554 0.951056
v -2.364594 22.873465 1.000000
v -1.832686 22.888456 0.951057
v -1.675734 22.658070 0.809018
v -1.551176 22.475235 0.587786
v -1.471205 22.357847 0.309017
v -1.443649 22.317398 0.000000
v -1.471205 22.357847 -0.309017
v -1.551176 22.475235 -0.587785
v -1.675734 22.658070 -0.809017
v -1.832686 22.888456 -0.951057
v -2.006668 23.143841 -1.000000
v -2.180651 23.399227 -0.951057
v -2.337603 23.629614 -0.809017
v -2.462161 23.812449 -0.587785
v -2.542132 23.929836 -0.309017
v -2.569688 23.970285 -0.000000
v -2.542132 23.929836 0.309017
v -2.462161 23.812449 0.587785
v -2.337603 23.629614 0.809017
v -2.180651 23.399227 0.951057
v -2.006668 23.143841 1.000000
v -1.478378 23.102859 0.951057
v -1.347965 22.856476 0.809017
v -1.244468 22.660946 0.587786
v -1.178020 22.535408 0.309017
v -1.155123 22.492151 0.000000
v -1.178020 22.535408 -0.309017
v -1.244468 22.660946 -0.587785
v -1.347965 22.856478 -0.809017
v -1.478378 23.102859 -0.951057
v -1.622942 23.375977 -1.000000
v -1.767505 23.649094 -0.951057
v -1.897918 23.895475 -0.809017
v -2.001415 24.091005 -0.587785
v -2.067863 24.216543 -0.309017
v -2.090760 24.259800 -0.000000
v -2.067863 24.216543 0.309017
v -2.001415 24.091005 0.587785
v -1.897918 23.895475 0.809017
v -1.767505 23.649094 0.951056
v -1.622942 23.375977 1.000000
v -1.102027 23.275492 0.951057
v -0.999768 23.016157 0.809018
v -0.918615 22.810347 0.587786
v -0.866512 22.678209 0.309017
v -0.848558 22.632677 0.000000
v -0.866512 22.678209 -0.309017
v -0.918615 22.810347 -0.587785
v -0.999768 23.016157 -0.809017
v -1.102027 23.275492 -0.951057
v -1.215382 23.562967 -1.000000
v -1.328737 23.850443 -0.951057
v -1.430996 24.109779 -0.809017
v -1.512149 24.315588 -0.587785
v -1.564252 24.447727 -0.309017
v -1.582206 24.493258 -0.000000
v -1.564252 24.447727 0.309017
v -1.512149 24.315588 0.587785
v -1.430996 24.109779 0.809017
v -1.328737 23.850443 0.951057
v -1.215382 23.562967 1.000000
v -0.711421 23.405821 0.951057
v -0.637838 23.136938 0.809018
v -0.579443 22.923553 0.587786
v -0.541951 22.786551 0.309017
v -0.529032 22.739344 0.000000
v -0.541951 22.786551 -0.309017
v -0.579443 22.923553 -0.587785
v -0.637839 23.136938 -0.809017
v -0.711421 23.405821 -0.951057
v -0.792988 23.703878 -1.000000
v -0.874555 24.001936 -0.951057
v -0.948137 24.270817 -0.809017
v -1.006533 24.484203 -0.587785
v -1.044025 24.621206 -0.309017
v -1.056944 24.668413 -0.000000
v -1.044025 24.621206 0.309017
v -1.006533 24.484203 0.587785
v -0.948137 24.270817 0.809017
v -0.874555 24.001936 0.951057
v -0.792988 23.703878 1.000000
v -0.305169 23.493849 0.951057
v -0.261009 23.218601 0.809018
v -0.225963 23.000162 0.587786
v -0.203462 22.859917 0.309017
v -0.195709 22.811590 0.000000
v -0.203462 22.859917 -0.309017
v -0.225963 23.000162 -0.587785
v -0.261009 23.218601 -0.809017
v -0.305169 23.493849 -0.951057
v -0.354121 23.798964 -1.000000
v -0.403073 24.104080 -0.951057
v -0.447233 24.379328 -0.809017
v -0.482279 24.597767 -0.587785
v -0.504780 24.738012 -0.309017
v -0.512533 24.786337 -0.000000
v -0.504780 24.738012 0.309017
v -0.482279 24.597767 0.587785
v -0.447233 24.379328 0.809017
v -0.403073 24.104080 0.951057
v -0.354121 23.798964 1.000000
v 0.108352 23.537680 0.951057
v 0.123705 23.259335 0.809018
v 0.135889 23.038439 0.587786
v 0.143712 22.896614 0.309017
v 0.146407 22.847746 0.000000
v 0.143712 22.896614 -0.309017
v 0.135889 23.038439 -0.587785
v 0.123705 23.259335 -0.809017
v 0.108352 23.537680 -0.951057
v 0.091333 23.846228 -1.000000
v 0.074314 24.154776 -0.951057
v 0.058961 24.433121 -0.809017
v 0.046777 24.654016 -0.587785
v 0.038954 24.795841 -0.309017
v 0.036258 24.844709 -0.000000
v 0.038954 24.795841 0.309017
v 0.046777 24.654016 0.587785
v 0.058961 24.433121 0.809017
v 0.074314 24.154776 0.951057
v 0.091333 23.846228 1.000000
v 0.530404 23.542555 0.951057
v 0.521841 23.263918 0.809018
v 0.515045 23.042789 0.587786
v 0.510682 22.900818 0.309017
v 0.509178 22.851896 0.000000
v 0.510682 22.900818 -0.309017
v 0.515045 23.042789 -0.587785
v 0.521841 23.263918 -0.809017
v 0.530404 23.542555 -0.951057
v 0.539896 23.851425 -1.000000
v 0.549388 24.160297 -0.951057
v 0.557952 24.438934 -0.809017
v 0.564747 24.660061 -0.587785
v 0.569110 24.802034 -0.309017
v 0.570614 24.850954 -0.000000
v 0.569110 24.802034 0.309017
v 0.564747 24.660061 0.587785
v 0.557952 24.438934 0.809017
v 0.549388 24.160297 0.951057
v 0.539896 23.851425 1.000000
v 0.950318 23.512487 0.951057
v 0.919264 23.235455 0.809018
v 0.894620 23.015600 0.587786
v 0.878797 22.874445 0.309017
v 0.873345 22.825806 0.000000
v 0.878797 22.874445 -0.309017
v 0.894620 23.015600 -0.587785
v 0.919264 23.235455 -0.809017
v 0.950318 23.512487 -0.951057
v 0.984741 23.819582 -1.000000
v 1.019165 24.126677 -0.951057
v 1.050218 24.403709 -0.809017
v 1.074863 24.623564 -0.587785
v 1.090685 24.764719 -0.309017
v 1.096138 24.813358 -0.000000
v 1.090685 24.764719 0.309017
v 1.074863 24.623564 0.587785
v 1.050218 24.403709 0.809017
v 1.019165 24.126677 0.951057
v 0.984741 23.819582 1.000000
v 1.366822 23.448257 0.951057
v 1.312406 23.174850 0.809017
v 1.269221 22.957874 0.587786
v 1.241495 22.818567 0.309017
v 1.231941 22.770565 0.000000
v 1.241495 22.818567 -0.309017
v 1.269221 22.957874 -0.587785
v 1.312406 23.174850 -0.809017
v 1.366822 23.448257 -0.951057
v 1.427142 23.751329 -1.000000
v 1.487462 24.054401 -0.951057
v 1.541878 24.327808 -0.809017
v 1.585063 24.544785 -0.587785
v 1.612789 24.684092 -0.309017
v 1.622343 24.732094 -0.000000
v 1.612789 24.684092 0.309017
v 1.585063 24.544785 0.587785
v 1.541878 24.327808 0.809017
v 1.487462 24.054401 0.951056
v 1.427142 23.751329 1.000000
v 1.776696 23.348076 0.951057
v 1.699053 23.080339 0.809017
v 1.637435 22.867861 0.587786
v 1.597874 22.731441 0.309017
v 1.584242 22.684435 0.000000
v 1.597874 22.731441 -0.309017
v 1.637435 22.867861 -0.587785
v 1.699053 23.080339 -0.809017
v 1.776697 23.348076 -0.951057
v 1.862765 23.644865 -1.000000
v 1.948833 23.941654 -0.951057
v 2.026476 24.209393 -0.809017
v 2.088094 24.421869 -0.587785
v 2.127655 24.558289 -0.309017
v 2.141287 24.605295 -0.000000
v 2.127655 24.558289 0.309017
v 2.088094 24.421869 0.587785
v 2.026476 24.209393 0.809017
v 1.948833 23.941654 0.951056
v 1.862765 23.644865 1.000000
v 2.175413 23.213243 0.951057
v 2.074159 22.953514 0.809018
v 1.993805 22.747391 0.587786
v 1.942214 22.615053 0.309017
v 1.924436 22.569452 0.000000
v 1.942214 22.615053 -0.309017
v 1.993805 22.747391 -0.587785
v 2.074160 22.953514 -0.809017
v 2.175413 23.213243 -0.951057
v 2.287652 23.501158 -1.000000
v 2.399892 23.789070 -0.951057
v 2.501146 24.048800 -0.809017
v 2.581500 24.254923 -0.587785
v 2.633091 24.387260 -0.309017
v 2.650868 24.432861 -0.000000
v 2.633091 24.387260 0.309017
v 2.581500 24.254923 0.587785
v 2.501145 24.048800 0.809017
v 2.399892 23.789070 0.951057
v 2.287652 23.501158 1.000000
v 2.551990 23.044413 0.951057
v 2.424211 22.796654 0.809017
v 2.322804 22.600031 0.587786
v 2.257698 22.473793 0.309017
v 2.235264 22.430294 0.000000
v 2.257698 22.473793 -0.309017
v 2.322804 22.600031 -0.587785
v 2.424211 22.796654 -0.809017
v 2.551990 23.044413 -0.951057
v 2.693634 23.319056 -1.000000
v 2.835278 23.593697 -0.951057
v 2.963057 23.841455 -0.809017
v 3.064463 24.038078 -0.587785
v 3.129570 24.164318 -0.309017
v 3.152004 24.207817 -0.000000
v 3.129570 24.164318 0.309017
v 3.064463 24.038078 0.587785
v 2.963057 23.841455 0.809017
v 2.835278 23.593697 0.951056
v 2.693634 23.319056 1.000000
v 2.908358 22.833923 0.951057
v 2.753604 22.602055 0.809018
v 2.630790 22.418043 0.587786
v 2.551939 22.299900 0.309017
v 2.524769 22.259192 0.000000
v 2.551939 22.299900 -0.309017
v 2.630790 22.418043 -0.587786
v 2.753604 22.602055 -0.809017
v 2.908359 22.833923 -0.951057
v 3.079905 23.090952 -1.000000
v 3.251452 23.347979 -0.951057
v 3.406206 23.579847 -0.809017
v 3.529020 23.763859 -0.587785
v 3.607871 23.882002 -0.309017
v 3.635041 23.922710 -0.000000
v 3.607871 23.882002 0.309017
v 3.529020 23.763859 0.587785
v 3.406206 23.579847 0.809017
v 3.251452 23.347979 0.951057
v 3.079905 23.090952 1.000000
v 3.239520 22.586147 0.951057
v 3.059825 22.373024 0.809018
v 2.917219 22.203888 0.587786
v 2.825660 22.095297 0.309017
v 2.794111 22.057878 0.000000
v 2.825660 22.095297 -0.309017
v 2.917219 22.203888 -0.587785
v 3.059826 22.373024 -0.809017
v 3.239520 22.586147 -0.951057
v 3.438713 22.822397 -1.000000
v 3.637906 23.058645 -0.951057
v 3.817601 23.271769 -0.809017
v 3.960207 23.440905 -0.587785
v 4.051766 23.549498 -0.309017
v 4.083315 23.586914 -0.000000
v 4.051766 23.549498 0.309017
v 3.960207 23.440905 0.587785
v 3.817601 23.271769 0.809017
v 3.637906 23.058645 0.951057
v 3.438713 22.822397 1.000000
v 3.530424 22.303986 0.951057
v 3.322635 22.118149 0.809017
v 3.157732 21.970669 0.587786
v 3.051858 21.875980 0.309017
v 3.015376 21.843353 0.000000
v 3.051858 21.875980 -0.309017
v 3.157732 21.970669 -0.587785
v 3.322635 22.118149 -0.809017
v 3.530425 22.303986 -0.951057
v 3.760761 22.509987 -1.000000
v 3.991098 22.715988 -0.951057
v 4.198887 22.901825 -0.809017
v 4.363790 23.049307 -0.587785
v 4.469664 23.143995 -0.309017
v 4.506146 23.176622 -0.000000
v 4.469664 23.143995 0.309017
v 4.363790 23.049307 0.587785
v 4.198887 22.901825 0.809017
v 3.991098 22.715988 0.951056
v 3.760761 22.509987 1.000000
v 3.784141 21.982883 0.951057
v 3.556216 21.822380 0.809018
v 3.375332 21.695004 0.587786
v 3.259198 21.613222 0.309017
v 3.219182 21.585043 0.000000
v 3.259199 21.613222 -0.309017
v 3.375333 21.695004 -0.587785
v 3.556216 21.822380 -0.809017
v 3.784141 21.982883 -0.951057
v 4.036799 22.160805 -1.000000
v 4.289457 22.338724 -0.951057
v 4.517383 22.499229 -0.809017
v 4.698266 22.626606 -0.587785
v 4.814399 22.708387 -0.309017
v 4.854416 22.736567 -0.000000
v 4.814399 22.708387 0.309017
v 4.698266 22.626606 0.587785
v 4.517383 22.499229 0.809017
v 4.289457 22.338724 0.951057
v 4.036799 22.160805 1.000000
v 4.007950 21.629511 0.951057
v 3.765454 21.492008 0.809018
v 3.573007 21.382885 0.587786
v 3.449449 21.312824 0.309017
v 3.406874 21.288683 0.000000
v 3.449449 21.312824 -0.309017
v 3.573007 21.382885 -0.587786
v 3.765454 21.492008 -0.809017
v 4.007951 21.629511 -0.951057
v 4.276760 21.781935 -1.000000
v 4.545570 21.934359 -0.951057
v 4.788067 22.071861 -0.809017
v 4.980513 22.180984 -0.587785
v 5.104071 22.251047 -0.309017
v 5.146646 22.275188 -0.000000
v 5.104071 22.251047 0.309017
v 4.980513 22.180984 0.587785
v 4.788066 22.071861 0.809017
v 4.545570 21.934359 0.951057
v 4.276760 21.781935 1.000000
v 4.197179 21.254919 0.951057
v 3.942953 21.140549 0.809018
v 3.741198 21.049784 0.587786
v 3.611663 20.991508 0.309017
v 3.567028 20.971428 0.000000
v 3.611663 20.991508 -0.309017
v 3.741198 21.049784 -0.587785
v 3.942953 21.140549 -0.809017
v 4.197179 21.254919 -0.951057
v 4.478992 21.381701 -1.000000
v 4.760804 21.508482 -0.951057
v 5.015030 21.622852 -0.809017
v 5.216785 21.713619 -0.587785
v 5.346320 21.771893 -0.309017
v 5.390955 21.791973 -0.000000
v 5.346320 21.771893 0.309017
v 5.216785 21.713619 0.587785
v 5.015030 21.622852 0.809017
v 4.760804 21.508482 0.951057
v 4.478992 21.381701 1.000000
v 4.354831 20.862396 0.951057
v 4.092166 20.769020 0.809017
v 3.883715 20.694914 0.587786
v 3.749881 20.647337 0.309017
v 3.703765 20.630941 0.000000
v 3.749881 20.647337 -0.309017
v 3.883715 20.694914 -0.587785
v 4.092167 20.769020 -0.809017
v 4.354831 20.862396 -0.951057
v 4.645997 20.965906 -1.000000
v 4.937162 21.069416 -0.951057
v 5.199826 21.162794 -0.809017
v 5.408277 21.236898 -0.587785
v 5.542111 21.284475 -0.309017
v 5.588227 21.300871 -0.000000
v 5.542111 21.284475 0.309017
v 5.408277 21.236898 0.587785
v 5.199826 21.162794 0.809017
v 4.937162 21.069416 0.951056
v 4.645997 20.965906 1.000000
v 4.478308 20.462389 0.951057
v 4.208473 20.392382 0.809018
v 3.994330 20.336824 0.587786
v 3.856843 20.301155 0.309017
v 3.809468 20.288864 0.000000
v 3.856843 20.301155 -0.309017
v 3.994331 20.336824 -0.587785
v 4.208473 20.392382 -0.809017
v 4.478308 20.462389 -0.951057
v 4.777422 20.539991 -1.000000
v 5.076537 20.617594 -0.951057
v 5.346372 20.687601 -0.809017
v 5.560513 20.743158 -0.587785
v 5.698001 20.778828 -0.309017
v 5.745377 20.791119 -0.000000
v 5.698001 20.778828 0.309017
v 5.560513 20.743158 0.587785
v 5.346371 20.687601 0.809017
v 5.076537 20.617594 0.951057
v 4.777422 20.539991 1.000000
v 4.561587 20.056257 0.951057
v 4.285729 20.016081 0.809018
v 4.066807 19.984198 0.587786
v 3.926250 19.963726 0.309017
v 3.877818 19.956673 0.000000
v 3.926250 19.963726 -0.309017
v 4.066807 19.984198 -0.587786
v 4.285729 20.016081 -0.809017
v 4.561587 20.056257 -0.951057
v 4.867378 20.100794 -1.000000
v 5.173169 20.145329 -0.951057
v 5.449028 20.185505 -0.809017
v 5.667950 20.217390 -0.587785
v 5.808506 20.237860 -0.309017
v 5.856939 20.244913 -0.000000
v 5.808506 20.237860 0.309017
v 5.667950 20.217390 0.587785
v 5.449028 20.185505 0.809017
v 5.173169 20.145329 0.951057
v 4.867378 20.100794 1.000000
v 4.593410 19.650858 0.951057
v 4.314654 19.648190 0.809018
v 4.093432 19.646070 0.587786
v 3.951400 19.644711 0.309017
v 3.902458 19.644241 0.000000
v 3.951400 19.644711 -0.309017
v 4.093433 19.646070 -0.587785
v 4.314654 19.648190 -0.809017
v 4.593410 19.650858 -0.951057
v 4.902413 19.653816 -1.000000
v 5.211416 19.656775 -0.951057
v 5.490171 19.659443 -0.809017
v 5.711393 19.661562 -0.587785
v 5.853426 19.662922 -0.309017
v 5.902367 19.663391 -0.000000
v 5.853426 19.662922 0.309017
v 5.711393 19.661562 0.587785
v 5.490171 19.659443 0.809017
v 5.211416 19.656775 0.951057
v 4.902413 19.653816 1.000000
v 4.568770 19.248699 0.951057
v 4.292573 19.286476 0.809017
v 4.073382 19.316456 0.587786
v 3.932653 19.335705 0.309017
v 3.884161 19.342337 0.000000
v 3.932653 19.335705 -0.309017
v 4.073382 19.316456 -0.587785
v 4.292573 19.286476 -0.809017
v 4.568770 19.248699 -0.951057
v 4.874937 19.206823 -1.000000
v 5.181103 19.164948 -0.951057
v 5.457300 19.127171 -0.809017
v 5.676491 19.097191 -0.587785
v 5.817220 19.077942 -0.309017
v 5.865712 19.071310 -0.000000
v 5.817220 19.077942 0.309017
v 5.676491 19.097191 0.587785
v 5.457300 19.127171 0.809017
v 5.181103 19.164948 0.951056
v 4.874937 19.206823 1.000000
v 4.484852 18.856703 0.951057
v 4.216976 18.933867 0.809018
v 4.004388 18.995104 0.587786
v 3.867899 19.034420 0.309017
v 3.820868 19.047968 0.000000
v 3.867899 19.034420 -0.309017
v 4.004388 18.995104 -0.587786
v 4.216976 18.933867 -0.809017
v 4.484852 18.856703 -0.951057
v 4.781795 18.771166 -1.000000
v 5.078738 18.685631 -0.951057
v 5.346614 18.608467 -0.809017
v 5.559202 18.547230 -0.587785
v 5.695692 18.507914 -0.309017
v 5.742723 18.494366 -0.000000
v 5.695692 18.507914 0.309017
v 5.559202 18.547230 0.587785
v 5.346614 18.608467 0.809017
v 5.078738 18.685631 0.951057
v 4.781795 18.771166 1.000000
v 4.347088 18.466208 0.951057
v 4.089426 18.572613 0.809018
v 3.884944 18.657055 0.587786
v 3.753658 18.711269 0.309017
v 3.708420 18.729952 0.000000
v 3.753658 18.711269 -0.309017
v 3.884944 18.657055 -0.587786
v 4.089426 18.572613 -0.809017
v 4.347089 18.466208 -0.951057
v 4.632710 18.348259 -1.000000
v 4.918331 18.230309 -0.951057
v 5.175993 18.123905 -0.809017
v 5.380476 18.039463 -0.587785
v 5.511761 17.985247 -0.309017
v 5.556999 17.966566 -0.000000
v 5.511761 17.985247 0.309017
v 5.380476 18.039463 0.587785
v 5.175993 18.123905 0.809017
v 4.918331 18.230309 0.951057
v 4.632710 18.348259 1.000000
v 4.168937 18.082151 0.951057
v 3.920867 18.209324 0.809017
v 3.723997 18.310247 0.587786
v 3.597599 18.375046 0.309017
v 3.554045 18.397373 0.000000
v 3.597599 18.375046 -0.309017
v 3.723997 18.310247 -0.587785
v 3.920867 18.209324 -0.809017
v 4.168938 18.082151 -0.951057
v 4.443926 17.941179 -1.000000
v 4.718914 17.800207 -0.951057
v 4.966985 17.673035 -0.809017
v 5.163855 17.572111 -0.587785
v 5.290253 17.507313 -0.309017
v 5.333807 17.484985 -0.000000
v 5.290253 17.507313 0.309017
v 5.163854 17.572111 0.587785
v 4.966984 17.673035 0.809017
v 4.718914 17.800207 0.951056
v 4.443926 17.941179 1.000000
v 3.960921 17.709372 0.951057
v 3.722356 17.853588 0.809018
v 3.533029 17.968039 0.587786
v 3.411474 18.041519 0.309017
v 3.369589 18.066839 0.000000
v 3.411474 18.041519 -0.309017
v 3.533029 17.968039 -0.587785
v 3.722356 17.853586 -0.809017
v 3.960921 17.709372 -0.951057
v 4.225373 17.549505 -1.000000
v 4.489825 17.389641 -0.951057
v 4.728390 17.245424 -0.809017
v 4.917717 17.130974 -0.587785
v 5.039272 17.057493 -0.309017
v 5.081157 17.032173 -0.000000
v 5.039272 17.057493 0.309017
v 4.917717 17.130974 0.587785
v 4.728390 17.245424 0.809017
v 4.489825 17.389641 0.951057
v 4.225373 17.549505 1.000000
v 3.728460 17.352436 0.951057
v 3.499816 17.511915 0.809018
v 3.318363 17.638477 0.587786
v 3.201863 17.719736 0.309017
v 3.161720 17.747736 0.000000
v 3.201863 17.719736 -0.309017
v 3.318363 17.638477 -0.587785
v 3.499816 17.511915 -0.809017
v 3.728461 17.352436 -0.951057
v 3.981915 17.175652 -1.000000
v 4.235369 16.998867 -0.951057
v 4.464013 16.839388 -0.809017
v 4.645466 16.712826 -0.587785
v 4.761966 16.631567 -0.309017
v 4.802109 16.603567 -0.000000
v 4.761966 16.631567 0.309017
v 4.645466 16.712826 0.587785
v 4.464013 16.839388 0.809017
v 4.235369 16.998867 0.951057
v 3.981915 17.175652 1.000000
v 3.471409 17.002180 0.951057
v 3.249785 17.171282 0.809018
v 3.073904 17.305479 0.587786
v 2.960982 17.391642 0.309017
v 2.922071 17.421329 0.000000
v 2.960982 17.391642 -0.309017
v 3.073905 17.305479 -0.587786
v 3.249786 17.171280 -0.809017
v 3.471409 17.002180 -0.951057
v 3.717080 16.814732 -1.000000
v 3.962751 16.627281 -0.951057
v 4.184374 16.458181 -0.809017
v 4.360256 16.323982 -0.587785
v 4.473178 16.237822 -0.309017
v 4.512089 16.208132 -0.000000
v 4.473178 16.237822 0.309017
v 4.360255 16.323982 0.587785
v 4.184374 16.458181 0.809017
v 3.962751 16.627281 0.951057
v 3.717080 16.814732 1.000000
v 3.199468 16.656246 0.951057
v 2.982725 16.831558 0.809018
v 2.810717 16.970688 0.587786
v 2.700282 17.060013 0.309017
v 2.662228 17.090794 0.000000
v 2.700282 17.060013 -0.309017
v 2.810718 16.970688 -0.587785
v 2.982725 16.831558 -0.809017
v 3.199468 16.656246 -0.951057
v 3.439728 16.461910 -1.000000
v 3.679989 16.267574 -0.951057
v 3.896731 16.092262 -0.809017
v 4.068739 15.953133 -0.587785
v 4.179175 15.863807 -0.309017
v 4.217228 15.833027 -0.000000
v 4.179175 15.863807 0.309017
v 4.068739 15.953133 0.587785
v 3.896731 16.092262 0.809017
v 3.679989 16.267574 0.951057
v 3.439728 16.461910 1.000000
v 2.917675 16.316721 0.951057
v 2.705319 16.497322 0.809017
v 2.536793 16.640648 0.587786
v 2.428591 16.732668 0.309017
v 2.391308 16.764378 0.000000
v 2.428592 16.732668 -0.309017
v 2.536793 16.640648 -0.587785
v 2.705319 16.497322 -0.809017
v 2.917675 16.316721 -0.951057
v 3.153074 16.116524 -1.000000
v 3.388473 15.916327 -0.951057
v 3.600829 15.735725 -0.809017
v 3.769355 15.592400 -0.587785
v 3.877556 15.500380 -0.309017
v 3.914840 15.468671 -0.000000
v 3.877556 15.500380 0.309017
v 3.769355 15.592400 0.587785
v 3.600829 15.735725 0.809017
v 3.388473 15.916327 0.951056
v 3.153074 16.116524 1.000000
v 2.629648 15.985185 0.951057
v 2.421013 16.170073 0.809018
v 2.255440 16.316799 0.587786
v 2.149135 16.411005 0.309017
v 2.112505 16.443466 0.000000
v 2.149135 16.411005 -0.309017
v 2.255440 16.316799 -0.587785
v 2.421014 16.170073 -0.809017
v 2.629648 15.985185 -0.951057
v 2.860922 15.780236 -1.000000
v 3.092195 15.575287 -0.951057
v 3.300830 15.390399 -0.809017
v 3.466403 15.243672 -0.587785
v 3.572708 15.149467 -0.309017
v 3.609338 15.117006 -0.000000
v 3.572708 15.149467 0.309017
v 3.466403 15.243672 0.587785
v 3.300830 15.390399 0.809017
v 3.092195 15.575287 0.951057
v 2.860922 15.780236 1.000000
v 2.332811 15.655796 0.951057
v 2.127140 15.843975 0.809018
v 1.963918 15.993314 0.587786
v 1.859123 16.089195 0.309017
v 1.823013 16.122234 0.000000
v 1.859123 16.089195 -0.309017
v 1.963918 15.993314 -0.587785
v 2.127140 15.843974 -0.809017
v 2.332811 15.655796 -0.951057
v 2.560800 15.447199 -1.000000
v 2.788788 15.238602 -0.951057
v 2.994459 15.050424 -0.809017
v 3.157681 14.901084 -0.587785
v 3.262476 14.805202 -0.309017
v 3.298585 14.772163 -0.000000
v 3.262475 14.805202 0.309017
v 3.157681 14.901084 0.587785
v 2.994459 15.050424 0.809017
v 2.788788 15.238602 0.951057
v 2.560800 15.447199 1.000000
v 2.030440 15.329333 0.951057
v 1.826991 15.519913 0.809018
v 1.665533 15.671157 0.587786
v 1.561871 15.768261 0.309017
v 1.526151 15.801722 0.000000
v 1.561871 15.768261 -0.309017
v 1.665533 15.671157 -0.587785
v 1.826991 15.519913 -0.809017
v 2.030440 15.329333 -0.951057
v 2.255965 15.118075 -1.000000
v 2.481490 14.906816 -0.951057
v 2.684939 14.716238 -0.809017
v 2.846397 14.564994 -0.587785
v 2.950059 14.467889 -0.309017
v 2.985779 14.434429 -0.000000
v 2.950059 14.467889 0.309017
v 2.846397 14.564994 0.587785
v 2.684939 14.716238 0.809017
v 2.481490 14.906816 0.951057
v 2.255965 15.118075 1.000000
v 1.724016 15.005254 0.951057
v 1.522252 15.197616 0.809017
v 1.362131 15.350274 0.587786
v 1.259327 15.448288 0.309017
v 1.223904 15.482060 0.000000
v 1.259327 15.448288 -0.309017
v 1.362131 15.350274 -0.587785
v 1.522252 15.197615 -0.809017
v 1.724016 15.005254 -0.951057
v 1.947673 14.792019 -1.000000
v 2.171331 14.578784 -0.951057
v 2.373095 14.386422 -0.809017
v 2.533216 14.233764 -0.587785
v 2.636019 14.135750 -0.309017
v 2.671443 14.101977 -0.000000
v 2.636019 14.135750 0.309017
v 2.533216 14.233764 0.587785
v 2.373095 14.386422 0.809017
v 2.171331 14.578784 0.951056
v 1.947673 14.792019 1.000000
v 1.416871 14.685021 0.951057
v 1.216152 14.878473 0.809018
v 1.056860 15.031997 0.587786
v 0.954588 15.130566 0.309017
v 0.919348 15.164530 0.000000
v 0.954588 15.130566 -0.309017
v 1.056860 15.031997 -0.587785
v 1.216152 14.878473 -0.809017
v 1.416871 14.685021 -0.951057
v 1.639371 14.470579 -1.000000
v 1.861870 14.256136 -0.951057
v 2.062589 14.062685 -0.809017
v 2.221881 13.909161 -0.587785
v 2.324153 13.810593 -0.309017
v 2.359393 13.776628 -0.000000
v 2.324153 13.810593 0.309017
v 2.221881 13.909161 0.587785
v 2.062589 14.062685 0.809017
v 1.861870 14.256136 0.951057
v 1.639371 14.470579 1.000000
v 1.105825 14.363068 0.951057
v 0.905451 14.556877 0.809017
v 0.746433 14.710685 0.587786
v 0.644337 14.809435 0.309017
v 0.609158 14.843462 0.000000
v 0.644337 14.809435 -0.309017
v 0.746433 14.710685 -0.587785
v 0.905451 14.556876 -0.809017
v 1.105825 14.363068 -0.951057
v 1.327942 14.148229 -1.000000
v 1.550058 13.933390 -0.951057
v 1.750432 13.739580 -0.809017
v 1.909450 13.585773 -0.587785
v 2.011546 13.487022 -0.309017
v 2.046726 13.452995 -0.000000
v 2.011546 13.487022 0.309017
v 1.909450 13.585773 0.587785
v 1.750432 13.739580 0.809017
v 1.550058 13.933390 0.951056
v 1.327942 14.148229 1.000000
v 0.793547 14.039691 0.951057
v 0.592720 14.233031 0.809018
v 0.433343 14.386467 0.587786
v 0.331016 14.484979 0.309017
v 0.295757 14.518923 0.000000
v 0.331016 14.484979 -0.309017
v 0.433343 14.386467 -0.587785
v 0.592720 14.233031 -0.809017
v 0.793547 14.039691 -0.951057
v 1.016165 13.825373 -1.000000
v 1.238784 13.611053 -0.951057
v 1.439610 13.417713 -0.809017
v 1.598988 13.264278 -0.587785
v 1.701314 13.165767 -0.309017
v 1.736573 13.131822 -0.000000
v 1.701314 13.165767 0.309017
v 1.598988 13.264278 0.587785
v 1.439610 13.417713 0.809017
v 1.238783 13.611053 0.951057
v 1.016165 13.825373 1.000000
v 0.481981 13.714148 0.951057
v 0.279888 13.906163 0.809017
v 0.119505 14.058548 0.587786
v 0.016533 14.156384 0.309017
v -0.018948 14.190097 0.000000
v 0.016533 14.156384 -0.309017
v 0.119505 14.058548 -0.587785
v 0.279888 13.906163 -0.809017
v 0.481981 13.714148 -0.951057
v 0.706003 13.501297 -1.000000
v 0.930026 13.288445 -0.951057
v 1.132119 13.096430 -0.809017
v 1.292502 12.944046 -0.587785
v 1.395473 12.846209 -0.309017
v 1.430955 12.812496 -0.000000
v 1.395473 12.846209 0.309017
v 1.292502 12.944046 0.587785
v 1.132119 13.096430 0.809017
v 0.930026 13.288445 0.951056
v 0.706003 13.501297 1.000000
v 0.174502 13.387379 0.951057
v -0.029550 13.577312 0.809018
v -0.191487 13.728044 0.587786
v -0.295457 13.824820 0.309017
v -0.331283 13.858166 0.000000
v -0.295457 13.824820 -0.309017
v -0.191487 13.728044 -0.587785
v -0.029550 13.577312 -0.809017
v 0.174502 13.387379 -0.951057
v 0.400696 13.176837 -1.000000
v 0.626889 12.966294 -0.951057
v 0.830941 12.776361 -0.809017
v 0.992878 12.625630 -0.587785
v 1.096848 12.528854 -0.309017
v 1.132673 12.495508 -0.000000
v 1.096848 12.528854 0.309017
v 0.992878 12.625630 0.587785
v 0.830941 12.776361 0.809017
v 0.626889 12.966294 0.951057
v 0.400696 13.176837 1.000000
v -0.131683 13.054151 0.951057
v -0.338262 13.241331 0.809018
v -0.502205 13.389879 0.587786
v -0.607462 13.485252 0.309017
v -0.643732 13.518116 0.000000
v -0.607462 13.485252 -0.309017
v -0.502205 13.389879 -0.587785
v -0.338262 13.241331 -0.809017
v -0.131683 13.054151 -0.951057
v 0.097313 12.846659 -1.000000
v 0.326308 12.639168 -0.951057
v 0.532887 12.451986 -0.809017
v 0.696830 12.303439 -0.587785
v 0.802087 12.208066 -0.309017
v 0.838357 12.175202 -0.000000
v 0.802087 12.208066 0.309017
v 0.696830 12.303439 0.587785
v 0.532887 12.451986 0.809017
v 0.326308 12.639168 0.951057
v 0.097313 12.846659 1.000000
v -0.433987 12.714556 0.951057
v -0.644033 12.897838 0.809018
v -0.810727 13.043291 0.587786
v -0.917751 13.136678 0.309017
v -0.954629 13.168857 0.000000
v -0.917751 13.136678 -0.309017
v -0.810727 13.043291 -0.587785
v -0.644033 12.897838 -0.809017
v -0.433986 12.714556 -0.951057
v -0.201148 12.511386 -1.000000
v 0.031690 12.308216 -0.951057
v 0.241736 12.124934 -0.809017
v 0.408430 11.979481 -0.587785
v 0.515454 11.886094 -0.309017
v 0.552332 11.853915 -0.000000
v 0.515454 11.886094 0.309017
v 0.408430 11.979481 0.587785
v 0.241736 12.124934 0.809017
v 0.031690 12.308216 0.951057
v -0.201148 12.511386 1.000000
v -0.729859 12.367282 0.951057
v -0.944334 12.545362 0.809018
v -1.114542 12.686687 0.587786
v -1.223823 12.777422 0.309017
v -1.261478 12.808688 0.000000
v -1.223823 12.777422 -0.309017
v -1.114542 12.686687 -0.587785
v -0.944334 12.545362 -0.809017
v -0.729859 12.367282 -0.951057
v -0.492111 12.169880 -1.000000
v -0.254364 11.972477 -0.951057
v -0.039889 11.794398 -0.809017
v 0.130319 11.653073 -0.587785
v 0.239600 11.562337 -0.309017
v 0.277255 11.531072 -0.000000
v 0.239600 11.562337 0.309017
v 0.130319 11.653073 0.587785
v -0.039889 11.794398 0.809017
v -0.254364 11.972477 0.951057
v -0.492111 12.169880 1.000000
v -1.015160 12.013685 0.951057
v -1.234668 12.185522 0.809018
v -1.408870 12.321893 0.587786
v -1.520715 12.409449 0.309017
v -1.559254 12.439618 0.000000
v -1.520715 12.409449 -0.309017
v -1.408870 12.321893 -0.587785
v -1.234668 12.185522 -0.809017
v -1.015159 12.013685 -0.951057
v -0.771833 11.823202 -1.000000
v -0.528506 11.632719 -0.951057
v -0.308998 11.460882 -0.809017
v -0.134796 11.324512 -0.587785
v -0.022951 11.236956 -0.309017
v 0.015588 11.206786 -0.000000
v -0.022951 11.236956 0.309017
v -0.134796 11.324512 0.587785
v -0.308998 11.460882 0.809017
v -0.528506 11.632719 0.951057
v -0.771833 11.823202 1.000000
v -1.291808 11.648517 0.951057
v -1.516733 11.813200 0.809017
v -1.695234 11.943893 0.587786
v -1.809839 12.027804 0.309017
v -1.849329 12.056718 0.000000
v -1.809839 12.027804 -0.309017
v -1.695234 11.943893 -0.587785
v -1.516733 11.813200 -0.809017
v -1.291808 11.648516 -0.951057
v -1.042477 11.465963 -1.000000
v -0.793147 11.283410 -0.951057
v -0.568222 11.118726 -0.809017
v -0.389721 10.988032 -0.587785
v -0.275116 10.904122 -0.309017
v -0.235626 10.875208 -0.000000
v -0.275116 10.904122 0.309017
v -0.389721 10.988032 0.587785
v -0.568222 11.118726 0.809017
v -0.793147 11.283410 0.951056
v -1.042477 11.465963 1.000000
v -1.556860 11.273267 0.951057
v -1.787321 11.430109 0.809018
v -1.970216 11.554580 0.587786
v -2.087642 11.634495 0.309017
v -2.128104 11.662031 0.000000
v -2.087642 11.634495 -0.309017
v -1.970216 11.554580 -0.587785
v -1.787321 11.430109 -0.809017
v -1.556859 11.273267 -0.951057
v -1.301391 11.099406 -1.000000
v -1.045923 10.925546 -0.951057
v -0.815462 10.768703 -0.809017
v -0.632567 10.644234 -0.587785
v -0.515141 10.564319 -0.309017
v -0.474679 10.536781 -0.000000
v -0.515141 10.564319 0.309017
v -0.632567 10.644234 0.587785
v -0.815462 10.768703 0.809017
v -1.045923 10.925546 0.951057
v -1.301391 11.099406 1.000000
v -1.809370 10.883163 0.951057
v -2.047527 11.028053 0.809018
v -2.236530 11.143039 0.587786
v -2.357877 11.216864 0.309017
v -2.399690 11.242302 0.000000
v -2.357877 11.216864 -0.309017
v -2.236530 11.143038 -0.587785
v -2.047527 11.028053 -0.809017
v -1.809370 10.883163 -0.951057
v -1.545371 10.722552 -1.000000
v -1.281372 10.561941 -0.951057
v -1.043215 10.417051 -0.809017
v -0.854212 10.302067 -0.587785
v -0.732865 10.228242 -0.309017
v -0.691052 10.202804 -0.000000
v -0.732865 10.228242 0.309017
v -0.854212 10.302067 0.587785
v -1.043215 10.417051 0.809017
v -1.281372 10.561941 0.951057
v -1.545371 10.722552 1.000000
v -2.038476 10.472148 0.951057
v -2.287647 10.597151 0.809018
v -2.485390 10.696354 0.587786
v -2.612349 10.760045 0.309017
v -2.656096 10.781992 0.000000
v -2.612349 10.760045 -0.309017
v -2.485390 10.696353 -0.587785
v -2.287647 10.597151 -0.809017
v -2.038476 10.472148 -0.951057
v -1.762268 10.333582 -1.000000
v -1.486060 10.195015 -0.951057
v -1.236889 10.070013 -0.809017
v -1.039146 9.970810 -0.587785
v -0.912187 9.907118 -0.309017
v -0.868440 9.885171 -0.000000
v -0.912187 9.907118 0.309017
v -1.039146 9.970810 0.587785
v -1.236889 10.070013 0.809017
v -1.486060 10.195015 0.951057
v -1.762268 10.333582 1.000000
v -2.231185 10.032134 0.951057
v -2.491934 10.130734 0.809018
v -2.698865 10.208983 0.587786
v -2.831723 10.259223 0.309017
v -2.877503 10.276534 0.000000
v -2.831723 10.259222 -0.309017
v -2.698865 10.208983 -0.587785
v -2.491933 10.130734 -0.809017
v -2.231185 10.032134 -0.951057
v -1.942143 9.922835 -1.000000
v -1.653101 9.813537 -0.951057
v -1.392352 9.714937 -0.809017
v -1.185421 9.636688 -0.587785
v -1.052563 9.586449 -0.309017
v -1.006783 9.569138 -0.000000
v -1.052563 9.586449 0.309017
v -1.185421 9.636688 0.587785
v -1.392352 9.714937 0.809017
v -1.653101 9.813537 0.951057
v -1.942143 9.922835 1.000000
v -2.378926 9.579161 0.951057
v -2.647516 9.653799 0.809017
v -2.860671 9.713032 0.587786
v -2.997525 9.751061 0.309017
v -3.044682 9.764165 0.000000
v -2.997525 9.751061 -0.309017
v -2.860671 9.713031 -0.587785
v -2.647516 9.653798 -0.809017
v -2.378925 9.579161 -0.951057
v -2.081190 9.496425 -1.000000
v -1.783455 9.413689 -0.951057
v -1.514864 9.339050 -0.809017
v -1.301710 9.279818 -0.587785
v -1.164856 9.241788 -0.309017
v -1.117699 9.228684 -0.000000
v -1.164856 9.241788 0.309017
v -1.301710 9.279818 0.587785
v -1.514864 9.339050 0.809017
v -1.783455 9.413689 0.951056
v -2.081190 9.496425 1.000000
v -2.487233 9.118350 0.951057
v -2.760933 9.171271 0.809018
v -2.978142 9.213269 0.587786
v -3.117598 9.240233 0.309017
v -3.165652 9.249525 0.000000
v -3.117598 9.240233 -0.309017
v -2.978141 9.213269 -0.587785
v -2.760932 9.171271 -0.809017
v -2.487233 9.118350 -0.951057
v -2.183836 9.059688 -1.000000
v -1.880438 9.001024 -0.951057
v -1.606739 8.948104 -0.809017
v -1.389530 8.906106 -0.587785
v -1.250073 8.879142 -0.309017
v -1.202020 8.869850 -0.000000
v -1.250073 8.879142 0.309017
v -1.389530 8.906106 0.587785
v -1.606739 8.948104 0.809017
v -1.880438 9.001024 0.951057
v -2.183836 9.059688 1.000000
v -2.558338 8.653798 0.951057
v -2.835337 8.685164 0.809018
v -3.055164 8.710056 0.587786
v -3.196301 8.726038 0.309017
v -3.244934 8.731545 0.000000
v -3.196301 8.726038 -0.309017
v -3.055164 8.710056 -0.587785
v -2.835336 8.685164 -0.809017
v -2.558338 8.653798 -0.951057
v -2.251284 8.619029 -1.000000
v -1.944229 8.584260 -0.951057
v -1.667231 8.552894 -0.809017
v -1.447404 8.528002 -0.587785
v -1.306266 8.512020 -0.309017
v -1.257634 8.506513 -0.000000
v -1.306266 8.512020 0.309017
v -1.447404 8.528002 0.587785
v -1.667231 8.552894 0.809017
v -1.944229 8.584260 0.951057
v -2.251284 8.619029 1.000000
v -2.593211 8.183199 0.951057
v -2.871807 8.193011 0.809017
v -3.092902 8.200798 0.587786
v -3.234853 8.205798 0.309017
v -3.283766 8.207521 0.000000
v -3.234853 8.205798 -0.309017
v -3.092901 8.200798 -0.587785
v -2.871807 8.193011 -0.809017
v -2.593211 8.183199 -0.951057
v -2.284385 8.172321 -1.000000
v -1.975560 8.161444 -0.951057
v -1.696965 8.151631 -0.809017
v -1.475870 8.143845 -0.587785
v -1.333918 8.138844 -0.309017
v -1.285005 8.137121 -0.000000
v -1.333918 8.138844 0.309017
v -1.475870 8.143845 0.587785
v -1.696965 8.151631 0.809017
v -1.975560 8.161444 0.951056
v -2.284385 8.172321 1.000000
v -2.591726 7.710093 0.951057
v -2.870255 7.698535 0.809018
v -3.091296 7.689363 0.587786
v -3.233214 7.683475 0.309017
v -3.282115 7.681445 0.000000
v -3.233214 7.683475 -0.309017
v -3.091296 7.689363 -0.587785
v -2.870254 7.698535 -0.809017
v -2.591726 7.710093 -0.951057
v -2.282974 7.722904 -1.000000
v -1.974223 7.735715 -0.951057
v -1.695694 7.747273 -0.809017
v -1.474653 7.756445 -0.587785
v -1.332735 7.762334 -0.309017
v -1.283834 7.764363 -0.000000
v -1.332735 7.762334 0.309017
v -1.474653 7.756445 0.587785
v -1.695694 7.747273 0.809017
v -1.974223 7.735715 0.951057
v -2.282974 7.722904 1.000000
v -2.554461 7.240645 0.951057
v -2.831321 7.208090 0.809018
v -3.051040 7.182254 0.587786
v -3.192107 7.165666 0.309017
v -3.240716 7.159950 0.000000
v -3.192107 7.165666 -0.309017
v -3.051039 7.182254 -0.587785
v -2.831321 7.208090 -0.809017
v -2.554461 7.240645 -0.951057
v -2.247558 7.276733 -1.000000
v -1.940655 7.312821 -0.951057
v -1.663794 7.345377 -0.809017
v -1.444076 7.371213 -0.587785
v -1.303009 7.387801 -0.309017
v -1.254400 7.393517 -0.000000
v -1.303009 7.387801 0.309017
v -1.444077 7.371213 0.587785
v -1.663795 7.345377 0.809017
v -1.940655 7.312821 0.951057
v -2.247558 7.276733 1.000000
v -2.482384 6.777925 0.951057
v -2.756056 6.724862 0.809018
v -2.973243 6.682751 0.587786
v -3.112685 6.655714 0.309017
v -3.160734 6.646397 0.000000
v -3.112685 6.655714 -0.309017
v -2.973243 6.682751 -0.587785
v -2.756056 6.724862 -0.809017
v -2.482384 6.777925 -0.951057
v -2.179017 6.836746 -1.000000
v -1.875650 6.895566 -0.951057
v -1.601978 6.948630 -0.809017
v -1.384791 6.990741 -0.587785
v -1.245349 7.017778 -0.309017
v -1.197300 7.027094 -0.000000
v -1.245349 7.017778 0.309017
v -1.384791 6.990741 0.587785
v -1.601978 6.948630 0.809017
v -1.875650 6.895566 0.951057
v -2.179017 6.836746 1.000000
v -2.377591 6.320887 0.951057
v -2.647195 6.249995 0.809018
v -2.861153 6.193735 0.587786
v -2.998523 6.157613 0.309017
v -3.045858 6.145167 0.000000
v -2.998523 6.157614 -0.309017
v -2.861153 6.193735 -0.587785
v -2.647194 6.249995 -0.809017
v -2.377591 6.320887 -0.951057
v -2.078733 6.399471 -1.000000
v -1.779875 6.478056 -0.951057
v -1.510271 6.548948 -0.809017
v -1.296313 6.605208 -0.587785
v -1.158943 6.641329 -0.309017
v -1.111609 6.653776 -0.000000
v -1.158943 6.641329 0.309017
v -1.296313 6.605208 0.587785
v -1.510272 6.548948 0.809017
v -1.779875 6.478056 0.951057
v -2.078733 6.399471 1.000000
v -2.248219 5.875748 0.951057
v -2.514061 5.791847 0.809018
v -2.725035 5.725262 0.587786
v -2.860489 5.682512 0.309017
v -2.907163 5.667782 0.000000
v -2.860489 5.682512 -0.309017
v -2.725035 5.725263 -0.587785
v -2.514061 5.791847 -0.809017
v -2.248219 5.875749 -0.951057
v -1.953530 5.968754 -1.000000
v -1.658841 6.061759 -0.951057
v -1.392998 6.145661 -0.809017
v -1.182024 6.212245 -0.587785
v -1.046571 6.254995 -0.309017
v -0.999896 6.269726 -0.000000
v -1.046571 6.254995 0.309017
v -1.182024 6.212245 0.587785
v -1.392998 6.145661 0.809017
v -1.658841 6.061759 0.951057
v -1.953530 5.968754 1.000000
v -2.102203 5.440379 0.951057
v -2.365045 5.347502 0.809018
v -2.573637 5.273794 0.587786
v -2.707562 5.226471 0.309017
v -2.753709 5.210165 0.000000
v -2.707561 5.226471 -0.309017
v -2.573637 5.273794 -0.587785
v -2.365045 5.347502 -0.809017
v -2.102203 5.440379 -0.951057
v -1.810841 5.543334 -1.000000
v -1.519479 5.646288 -0.951057
v -1.256637 5.739165 -0.809017
v -1.048045 5.812872 -0.587785
v -0.914121 5.860196 -0.309017
v -0.867974 5.876502 -0.000000
v -0.914121 5.860196 0.309017
v -1.048045 5.812872 0.587785
v -1.256638 5.739165 0.809017
v -1.519479 5.646288 0.951057
v -1.810841 5.543334 1.000000
v -1.945752 5.014865 0.951057
v -2.206285 4.915695 0.809018
v -2.413044 4.836994 0.587786
v -2.545792 4.786465 0.309017
v -2.591534 4.769053 0.000000
v -2.545792 4.786465 -0.309017
v -2.413044 4.836994 -0.587785
v -2.206284 4.915695 -0.809017
v -1.945752 5.014865 -0.951057
v -1.656949 5.124795 -1.000000
v -1.368147 5.234725 -0.951057
v -1.107614 5.333895 -0.809017
v -0.900855 5.412596 -0.587785
v -0.768107 5.463125 -0.309017
v -0.722365 5.480536 -0.000000
v -0.768107 5.463125 0.309017
v -0.900855 5.412596 0.587785
v -1.107614 5.333895 0.809017
v -1.368147 5.234725 0.951057
v -1.656949 5.124795 1.000000
v -1.780674 4.592570 0.951057
v -2.039491 4.489007 0.809018
v -2.244890 4.406819 0.587786
v -2.376764 4.354051 0.309017
v -2.422205 4.335868 0.000000
v -2.376764 4.354051 -0.309017
v -2.244890 4.406819 -0.587785
v -2.039491 4.489007 -0.809017
v -1.780674 4.592570 -0.951057
v -1.493773 4.707371 -1.000000
v -1.206871 4.822171 -0.951057
v -0.948054 4.925735 -0.809017
v -0.742655 5.007923 -0.587785
v -0.610781 5.060690 -0.309017
v -0.565340 5.078873 -0.000000
v -0.610781 5.060690 0.309017
v -0.742655 5.007923 0.587785
v -0.948054 4.925735 0.809017
v -1.206871 4.822171 0.951057
v -1.493773 4.707371 1.000000
v -1.610286 4.173867 0.951057
v -1.867997 4.067581 0.809018
v -2.072518 3.983232 0.587786
v -2.203828 3.929076 0.309017
v -2.249074 3.910416 0.000000
v -2.203828 3.929076 -0.309017
v -2.072518 3.983232 -0.587785
v -1.867997 4.067581 -0.809017
v -1.610286 4.173867 -0.951057
v -1.324611 4.291687 -1.000000
v -1.038936 4.409505 -0.951057
v -0.781224 4.515791 -0.809017
v -0.576704 4.600141 -0.587785
v -0.445393 4.654296 -0.309017
v -0.400147 4.672957 -0.000000
v -0.445393 4.654296 0.309017
v -0.576704 4.600141 0.587785
v -0.781224 4.515791 0.809017
v -1.038936 4.409505 0.951057
v -1.324611 4.291687 1.000000
v -1.438095 3.758791 0.951057
v -1.695513 3.651798 0.809018
v -1.899802 3.566888 0.587786
v -2.030963 3.512372 0.309017
v -2.076158 3.493587 0.000000
v -2.030963 3.512372 -0.309017
v -1.899801 3.566888 -0.587785
v -1.695513 3.651798 -0.809017
v -1.438095 3.758791 -0.951057
v -1.152744 3.877394 -1.000000
v -0.867394 3.995997 -0.951057
v -0.609975 4.102990 -0.809017
v -0.405687 4.187901 -0.587785
v -0.274526 4.242416 -0.309017
v -0.229331 4.261201 -0.000000
v -0.274526 4.242416 0.309017
v -0.405687 4.187901 0.587785
v -0.609975 4.102990 0.809017
v -0.867394 3.995997 0.951057
v -1.152744 3.877394 1.000000
v -1.268726 3.348829 0.951057
v -1.526740 3.243280 0.809018
v -1.731501 3.159516 0.587786
v -1.862966 3.105736 0.309017
v -1.908266 3.087205 0.000000
v -1.862966 3.105736 -0.309017
v -1.731501 3.159516 -0.587786
v -1.526740 3.243280 -0.809017
v -1.268726 3.348829 -0.951057
v -0.982715 3.465831 -1.000000
v -0.696705 3.582833 -0.951057
v -0.438691 3.688381 -0.809017
v -0.233929 3.772146 -0.587785
v -0.102465 3.825925 -0.309017
v -0.057165 3.844457 -0.000000
v -0.102465 3.825925 0.309017
v -0.233930 3.772146 0.587785
v -0.438691 3.688381 0.809017
v -0.696705 3.582833 0.951057
v -0.982715 3.465831 1.000000
v -1.102824 2.936329 0.951057
v -1.362202 2.834179 0.809018
v -1.568046 2.753112 0.587786
v -1.700206 2.701064 0.309017
v -1.745745 2.683129 0.000000
v -1.700206 2.701064 -0.309017
v -1.568046 2.753112 -0.587785
v -1.362202 2.834179 -0.809017
v -1.102824 2.936329 -0.951057
v -0.815301 3.049564 -1.000000
v -0.527778 3.162798 -0.951057
v -0.268400 3.264948 -0.809017
v -0.062556 3.346015 -0.587785
v 0.069604 3.398063 -0.309017
v 0.115143 3.415998 -0.000000
v 0.069604 3.398063 0.309017
v -0.062556 3.346015 0.587785
v -0.268400 3.264948 0.809017
v -0.527778 3.162798 0.951057
v -0.815301 3.049564 1.000000
v -0.944854 2.523375 0.951057
v -1.206329 2.426717 0.809018
v -1.413836 2.350009 0.587786
v -1.547065 2.300760 0.309017
v -1.592972 2.283789 0.000000
v -1.547065 2.300760 -0.309017
v -1.413836 2.350009 -0.587785
v -1.206329 2.426717 -0.809017
v -0.944854 2.523375 -0.951057
v -0.655007 2.630521 -1.000000
v -0.365160 2.737667 -0.951057
v -0.103685 2.834324 -0.809017
v 0.103823 2.911032 -0.587785
v 0.237051 2.960282 -0.309017
v 0.282958 2.977252 -0.000000
v 0.237051 2.960282 0.309017
v 0.103823 2.911032 0.587785
v -0.103685 2.834324 0.809017
v -0.365160 2.737666 0.951057
v -0.655007 2.630521 1.000000
v -0.798885 2.110239 0.951057
v -1.063283 2.021891 0.809018
v -1.273111 1.951778 0.587786
v -1.407829 1.906763 0.309017
v -1.454249 1.891252 0.000000
v -1.407829 1.906763 -0.309017
v -1.273111 1.951778 -0.587785
v -1.063283 2.021892 -0.809017
v -0.798885 2.110239 -0.951057
v -0.505797 2.208173 -1.000000
v -0.212709 2.306108 -0.951057
v 0.051689 2.394455 -0.809017
v 0.261517 2.464568 -0.587785
v 0.396234 2.509584 -0.309017
v 0.442655 2.525095 -0.000000
v 0.396234 2.509584 0.309017
v 0.261517 2.464568 0.587785
v 0.051689 2.394455 0.809017
v -0.212709 2.306108 0.951057
v -0.505797 2.208173 1.000000
v -0.671048 1.698086 0.951057
v -0.939122 1.621613 0.809018
v -1.151867 1.560923 0.587786
v -1.288457 1.521958 0.309017
v -1.335523 1.508531 0.000000
v -1.288457 1.521958 -0.309017
v -1.151866 1.560923 -0.587785
v -0.939122 1.621613 -0.809017
v -0.671048 1.698086 -0.951057
v -0.373886 1.782857 -1.000000
v -0.076723 1.867629 -0.951057
v 0.191350 1.944102 -0.809017
v 0.404095 2.004792 -0.587785
v 0.540685 2.043757 -0.309017
v 0.587751 2.057184 -0.000000
v 0.540685 2.043757 0.309017
v 0.404095 2.004792 0.587785
v 0.191350 1.944102 0.809017
v -0.076724 1.867629 0.951057
v -0.373886 1.782857 1.000000
v -0.561305 1.277691 0.951057
v -0.832588 1.213521 0.809018
v -1.047879 1.162597 0.587786
v -1.186104 1.129901 0.309017
v -1.233733 1.118635 0.000000
v -1.186104 1.129901 -0.309017
v -1.047879 1.162597 -0.587785
v -0.832588 1.213521 -0.809017
v -0.561305 1.277691 -0.951057
v -0.260586 1.348823 -1.000000
v 0.040132 1.419955 -0.951057
v 0.311415 1.484124 -0.809017
v 0.526706 1.535048 -0.587785
v 0.664931 1.567744 -0.309017
v 0.712560 1.579010 -0.000000
v 0.664931 1.567744 0.309017
v 0.526706 1.535048 0.587785
v 0.311415 1.484124 0.809017
v 0.040132 1.419955 0.951057
v -0.260586 1.348823 1.000000
v -0.472632 0.854111 0.951057
v -0.746828 0.803827 0.809018
v -0.964431 0.763922 0.587786
v -1.104141 0.738301 0.309017
v -1.152281 0.729473 0.000000
v -1.104141 0.738301 -0.309017
v -0.964431 0.763922 -0.587785
v -0.746828 0.803827 -0.809017
v -0.472632 0.854111 -0.951057
v -0.168683 0.909851 -1.000000
v 0.135265 0.965591 -0.951057
v 0.409461 1.015874 -0.809017
v 0.627064 1.055779 -0.587785
v 0.766774 1.081400 -0.309017
v 0.814914 1.090228 -0.000000
v 0.766773 1.081400 0.309017
v 0.627064 1.055779 0.587785
v 0.409461 1.015874 0.809017
v 0.135265 0.965591 0.951057
v -0.168683 0.909851 1.000000
v -0.402512 0.422244 0.951057
v -0.678436 0.382522 0.809018
v -0.897410 0.350999 0.587786
v -1.038000 0.330759 0.309017
v -1.086444 0.323786 0.000000
v -1.038000 0.330759 -0.309017
v -0.897410 0.350999 -0.587785
v -0.678435 0.382522 -0.809017
v -0.402511 0.422244 -0.951057
v -0.096648 0.466276 -1.000000
v 0.209216 0.510307 -0.951057
v 0.485140 0.550029 -0.809017
v 0.704115 0.581552 -0.587785
v 0.844705 0.601792 -0.309017
v 0.893149 0.608766 -0.000000
v 0.844705 0.601792 0.309017
v 0.704115 0.581552 0.587785
v 0.485140 0.550029 0.809017
v 0.209216 0.510307 0.951057
v -0.096648 0.466276 1.000000
v -0.346414 -0.008549 0.951057
v -0.623257 -0.041251 0.809018
v -0.842962 -0.067204 0.587786
v -0.984021 -0.083867 0.309017
v -1.032626 -0.089609 0.000000
v -0.984020 -0.083867 -0.309017
v -0.842962 -0.067204 -0.587785
v -0.623257 -0.041251 -0.809017
v -0.346414 -0.008549 -0.951057
v -0.039530 0.027702 -1.000000
v 0.267353 0.063953 -0.951057
v 0.544196 0.096656 -0.809017
v 0.763901 0.122609 -0.587785
v 0.904959 0.139272 -0.309017
v 0.953565 0.145014 -0.000000
v 0.904959 0.139272 0.309017
v 0.763901 0.122609 0.587785
v 0.544196 0.096656 0.809017
v 0.267353 0.063953 0.951057
v -0.039530 0.027702 1.000000
v -3.915648 19.767578 0.000000
v -0.346414 -113.619362 0.951057
v -0.623257 -113.652061 0.809018
v -0.039530 -113.583107 0.000000
v -0.842962 -113.678017 0.587786
v -0.984021 -113.694679 0.309017
v -1.032626 -113.700417 0.000000
v -0.984020 -113.694679 -0.309017
v -0.842962 -113.678017 -0.587785
v -0.623257 -113.652061 -0.809017
v -0.346414 -113.619362 -0.951057
v -0.039530 -113.583107 -1.000000
v 0.267353 -113.546852 -0.951057
v 0.544196 -113.514153 -0.809017
v 0.763901 -113.488197 -0.587785
v 0.904959 -113.471535 -0.309017
v 0.953565 -113.465797 -0.000000
v 0.904959 -113.471535 0.309017
v 0.763901 -113.488197 0.587785
v 0.544196 -113.514153 0.809017
v 0.267353 -113.546852 0.951057
v -0.039530 -113.583107 1.000000
vt 0.183637 0.021554
vt 0.187130 0.021306
vt 0.187465 0.027341
vt 0.183347 0.027355
vt 0.190525 0.020328
vt 0.191567 0.026647
vt 0.193711 0.018443
vt 0.195704 0.025316
vt 0.196401 0.015354
vt 0.122750 0.006909
vt 0.130403 0.005053
vt 0.125451 0.010450
vt 0.132346 0.008109
vt 0.128383 0.013434
vt 0.134861 0.010402
vt 0.131674 0.015772
vt 0.137809 0.012049
vt 0.135315 0.017475
vt 0.141122 0.013128
vt 0.139248 0.018590
vt 0.144760 0.013681
vt 0.143397 0.019182
vt 0.148691 0.013720
vt 0.147677 0.019333
vt 0.152883 0.013254
vt 0.151995 0.019171
vt 0.157333 0.012337
vt 0.156232 0.018933
vt 0.162127 0.011002
vt 0.160079 0.019232
vt 0.165641 0.014068
vt 0.163737 0.020807
vt 0.169289 0.016559
vt 0.167468 0.022465
vt 0.172886 0.018606
vt 0.171293 0.024189
vt 0.176484 0.020158
vt 0.175227 0.025678
vt 0.180078 0.021155
vt 0.179255 0.026771
vt 0.187081 0.033067
vt 0.182658 0.032992
vt 0.191536 0.032642
vt 0.195951 0.031710
vt 0.118597 0.013308
vt 0.122071 0.016289
vt 0.125582 0.019005
vt 0.129320 0.021247
vt 0.133313 0.022958
vt 0.137494 0.024166
vt 0.141780 0.024944
vt 0.146083 0.025409
vt 0.150315 0.025724
vt 0.154379 0.026130
vt 0.158271 0.026828
vt 0.162103 0.027966
vt 0.165988 0.029149
vt 0.169967 0.030401
vt 0.174074 0.031555
vt 0.178311 0.032459
vt 0.186313 0.038828
vt 0.181710 0.038717
vt 0.190983 0.038580
vt 0.195687 0.038028
vt 0.115590 0.019941
vt 0.119458 0.022497
vt 0.123313 0.024930
vt 0.127355 0.027010
vt 0.131548 0.028688
vt 0.135831 0.029976
vt 0.140138 0.030935
vt 0.144408 0.031674
vt 0.148589 0.032327
vt 0.152649 0.033060
vt 0.156575 0.033930
vt 0.160489 0.034928
vt 0.164500 0.035822
vt 0.168603 0.036736
vt 0.172836 0.037587
vt 0.177208 0.038278
vt 0.186047 0.044502
vt 0.181426 0.044486
vt 0.190705 0.044281
vt 0.195356 0.043895
vt 0.113379 0.026172
vt 0.117399 0.028511
vt 0.121511 0.030777
vt 0.125738 0.032795
vt 0.130038 0.034527
vt 0.134366 0.035967
vt 0.138675 0.037147
vt 0.142942 0.038151
vt 0.147120 0.039056
vt 0.151144 0.040091
vt 0.155254 0.041007
vt 0.159450 0.041842
vt 0.163704 0.042576
vt 0.168015 0.043240
vt 0.172400 0.043811
vt 0.176871 0.044242
vt 0.185650 0.050500
vt 0.181014 0.050502
vt 0.190297 0.050345
vt 0.194940 0.050077
vt 0.111278 0.032564
vt 0.115319 0.034785
vt 0.119455 0.036818
vt 0.123708 0.038703
vt 0.128008 0.040420
vt 0.132328 0.041949
vt 0.136649 0.043297
vt 0.140962 0.044441
vt 0.145205 0.045605
vt 0.149580 0.046622
vt 0.153952 0.047559
vt 0.158375 0.048358
vt 0.162832 0.049033
vt 0.167318 0.049596
vt 0.171841 0.050035
vt 0.176408 0.050342
vt 0.185141 0.056727
vt 0.180504 0.056671
vt 0.189777 0.056670
vt 0.194419 0.056511
vt 0.109153 0.039321
vt 0.113348 0.041347
vt 0.117517 0.043272
vt 0.121804 0.044959
vt 0.126129 0.046571
vt 0.130497 0.048071
vt 0.134903 0.049458
vt 0.139337 0.050736
vt 0.143858 0.051789
vt 0.148278 0.052904
vt 0.152819 0.053794
vt 0.157399 0.054567
vt 0.161997 0.055234
vt 0.166612 0.055783
vt 0.171239 0.056195
vt 0.175870 0.056494
vt 0.184536 0.063117
vt 0.179924 0.062948
vt 0.189135 0.063199
vt 0.193718 0.063169
vt 0.107199 0.046401
vt 0.111445 0.048233
vt 0.115699 0.049990
vt 0.120005 0.051482
vt 0.124332 0.052906
vt 0.128712 0.054250
vt 0.133159 0.055505
vt 0.137682 0.056677
vt 0.142285 0.057793
vt 0.146998 0.058795
vt 0.151730 0.059690
vt 0.156480 0.060482
vt 0.161255 0.061159
vt 0.165966 0.061788
vt 0.170646 0.062290
vt 0.175296 0.062675
vt 0.183167 0.069399
vt 0.178472 0.069129
vt 0.187878 0.069592
vt 0.192608 0.069721
vt 0.105576 0.053552
vt 0.109934 0.055177
vt 0.114348 0.056743
vt 0.118778 0.058148
vt 0.123228 0.059456
vt 0.127712 0.060674
vt 0.132239 0.061796
vt 0.136811 0.062828
vt 0.141413 0.063812
vt 0.146047 0.064745
vt 0.150688 0.065608
vt 0.155305 0.066401
vt 0.159855 0.067190
vt 0.164481 0.067758
vt 0.169125 0.068306
vt 0.173791 0.068767
vt 0.182422 0.075706
vt 0.177781 0.075401
vt 0.187067 0.075949
vt 0.191681 0.076135
vt 0.104294 0.060630
vt 0.108749 0.062066
vt 0.113214 0.063490
vt 0.117726 0.064796
vt 0.122250 0.066015
vt 0.126791 0.067146
vt 0.131352 0.068188
vt 0.135933 0.069149
vt 0.140546 0.070042
vt 0.145188 0.070930
vt 0.149821 0.071802
vt 0.154498 0.072601
vt 0.159185 0.073361
vt 0.163854 0.073988
vt 0.168503 0.074544
vt 0.173142 0.075017
vt 0.180963 0.081840
vt 0.176243 0.081545
vt 0.185690 0.082054
vt 0.190435 0.082310
vt 0.103263 0.067283
vt 0.107743 0.068658
vt 0.112290 0.070011
vt 0.116846 0.071300
vt 0.121408 0.072508
vt 0.125974 0.073635
vt 0.130531 0.074684
vt 0.135071 0.075649
vt 0.139596 0.076483
vt 0.144023 0.077412
vt 0.148527 0.078186
vt 0.152999 0.078984
vt 0.157563 0.079583
vt 0.162179 0.080173
vt 0.166837 0.080709
vt 0.171531 0.081173
vt 0.180274 0.088023
vt 0.175613 0.087745
vt 0.184889 0.088179
vt 0.189519 0.088406
vt 0.102133 0.073799
vt 0.106521 0.075197
vt 0.110976 0.076438
vt 0.115436 0.077674
vt 0.119918 0.078852
vt 0.124421 0.079962
vt 0.128953 0.081013
vt 0.133518 0.082014
vt 0.138113 0.082979
vt 0.142772 0.083852
vt 0.147405 0.084681
vt 0.152066 0.085401
vt 0.156747 0.085987
vt 0.161458 0.086500
vt 0.166217 0.086934
vt 0.170923 0.087385
vt 0.179033 0.094126
vt 0.174290 0.093875
vt 0.183813 0.094328
vt 0.188551 0.094428
vt 0.101080 0.080432
vt 0.105592 0.081727
vt 0.110084 0.082992
vt 0.114601 0.084214
vt 0.119130 0.085383
vt 0.123678 0.086479
vt 0.128242 0.087509
vt 0.132816 0.088477
vt 0.137389 0.089386
vt 0.141976 0.090266
vt 0.146551 0.091082
vt 0.151161 0.091762
vt 0.155784 0.092319
vt 0.160397 0.092788
vt 0.164953 0.093263
vt 0.169597 0.093569
vt 0.178429 0.100300
vt 0.173707 0.100133
vt 0.183148 0.100439
vt 0.187838 0.100533
vt 0.100170 0.086941
vt 0.104678 0.088246
vt 0.109248 0.089514
vt 0.113828 0.090755
vt 0.118418 0.091929
vt 0.123005 0.093031
vt 0.127594 0.094074
vt 0.132128 0.095106
vt 0.136668 0.095970
vt 0.141131 0.096903
vt 0.145712 0.097635
vt 0.150336 0.098267
vt 0.154978 0.098816
vt 0.159622 0.099295
vt 0.164301 0.099666
vt 0.168997 0.099920
vt 0.177861 0.106562
vt 0.173152 0.106423
vt 0.182557 0.106673
vt 0.187238 0.106739
vt 0.099014 0.093371
vt 0.103402 0.094742
vt 0.107905 0.095898
vt 0.112427 0.097084
vt 0.117004 0.098292
vt 0.121571 0.099436
vt 0.126135 0.100452
vt 0.130648 0.101522
vt 0.135271 0.102478
vt 0.140011 0.103294
vt 0.144756 0.104020
vt 0.149496 0.104659
vt 0.154229 0.105212
vt 0.158963 0.105667
vt 0.163699 0.106005
vt 0.168430 0.106243
vt 0.177310 0.113056
vt 0.172625 0.112845
vt 0.181980 0.113228
vt 0.186648 0.113330
vt 0.097791 0.100419
vt 0.102310 0.101619
vt 0.106823 0.102707
vt 0.111277 0.103840
vt 0.115768 0.104833
vt 0.120330 0.105862
vt 0.124963 0.106879
vt 0.129728 0.107780
vt 0.134492 0.108644
vt 0.139268 0.109440
vt 0.144056 0.110163
vt 0.148847 0.110816
vt 0.153632 0.111399
vt 0.158413 0.111896
vt 0.163178 0.112280
vt 0.167915 0.112590
vt 0.176777 0.119614
vt 0.172139 0.119303
vt 0.181398 0.119881
vt 0.185990 0.120060
vt 0.096831 0.107510
vt 0.101370 0.108579
vt 0.105904 0.109616
vt 0.110488 0.110595
vt 0.115092 0.111484
vt 0.119730 0.112344
vt 0.124401 0.113193
vt 0.129111 0.114006
vt 0.133861 0.114783
vt 0.138644 0.115518
vt 0.143459 0.116208
vt 0.148305 0.116849
vt 0.153184 0.117427
vt 0.157993 0.118024
vt 0.162756 0.118523
vt 0.167469 0.118942
vt 0.175487 0.126118
vt 0.170792 0.125712
vt 0.180185 0.126446
vt 0.184912 0.126777
vt 0.096025 0.114519
vt 0.100591 0.115478
vt 0.105179 0.116410
vt 0.109797 0.117279
vt 0.114437 0.118081
vt 0.119094 0.118845
vt 0.123773 0.119589
vt 0.128476 0.120308
vt 0.133202 0.121003
vt 0.137941 0.121676
vt 0.142675 0.122328
vt 0.147379 0.122962
vt 0.151995 0.123657
vt 0.156671 0.124188
vt 0.161375 0.124744
vt 0.166088 0.125249
vt 0.174973 0.132711
vt 0.170385 0.132216
vt 0.179517 0.133085
vt 0.184113 0.133473
vt 0.095343 0.121452
vt 0.099930 0.122323
vt 0.104535 0.123168
vt 0.109167 0.123945
vt 0.113821 0.124663
vt 0.118489 0.125346
vt 0.123172 0.126005
vt 0.127874 0.126644
vt 0.132597 0.127270
vt 0.137334 0.127913
vt 0.142066 0.128586
vt 0.146786 0.129283
vt 0.151556 0.129924
vt 0.156363 0.130449
vt 0.161084 0.131070
vt 0.165757 0.131664
vt 0.173798 0.139243
vt 0.169149 0.138669
vt 0.178479 0.139772
vt 0.183100 0.140136
vt 0.094753 0.128221
vt 0.099350 0.129058
vt 0.103964 0.129854
vt 0.108622 0.130556
vt 0.113288 0.131212
vt 0.117955 0.131837
vt 0.122624 0.132437
vt 0.127301 0.133011
vt 0.131995 0.133561
vt 0.136705 0.134169
vt 0.141398 0.134828
vt 0.146130 0.135465
vt 0.150792 0.136149
vt 0.155355 0.136847
vt 0.159932 0.137418
vt 0.164529 0.138055
vt 0.172458 0.145488
vt 0.167782 0.144951
vt 0.177164 0.145990
vt 0.181893 0.146446
vt 0.094194 0.134531
vt 0.098811 0.135409
vt 0.103485 0.136216
vt 0.108168 0.136943
vt 0.112844 0.137619
vt 0.117506 0.138265
vt 0.122145 0.138889
vt 0.126751 0.139485
vt 0.131324 0.139993
vt 0.135797 0.140658
vt 0.140330 0.141235
vt 0.144798 0.141938
vt 0.149339 0.142531
vt 0.153903 0.143197
vt 0.158514 0.143813
vt 0.163135 0.144385
vt 0.171951 0.151818
vt 0.167369 0.151344
vt 0.176547 0.152275
vt 0.181114 0.152702
vt 0.093345 0.140729
vt 0.097814 0.141721
vt 0.102361 0.142463
vt 0.106927 0.143196
vt 0.111502 0.143895
vt 0.116084 0.144568
vt 0.120682 0.145224
vt 0.125311 0.145876
vt 0.129978 0.146542
vt 0.134718 0.147139
vt 0.139443 0.147777
vt 0.144201 0.148398
vt 0.148884 0.149068
vt 0.153541 0.149712
vt 0.158179 0.150288
vt 0.162782 0.150827
vt 0.170632 0.158181
vt 0.165999 0.157685
vt 0.175221 0.158543
vt 0.179867 0.158990
vt 0.092619 0.147208
vt 0.097228 0.148105
vt 0.101845 0.148894
vt 0.106446 0.149655
vt 0.111040 0.150382
vt 0.115627 0.151074
vt 0.120208 0.151729
vt 0.124785 0.152348
vt 0.129349 0.152964
vt 0.133904 0.153551
vt 0.138444 0.154170
vt 0.142874 0.154903
vt 0.147405 0.155429
vt 0.152003 0.155990
vt 0.156686 0.156531
vt 0.161347 0.157140
vt 0.169552 0.164164
vt 0.164831 0.163840
vt 0.174336 0.164451
vt 0.179095 0.164647
vt 0.092110 0.152907
vt 0.096726 0.153914
vt 0.101343 0.154874
vt 0.105959 0.155797
vt 0.110567 0.156694
vt 0.115160 0.157553
vt 0.119731 0.158369
vt 0.124269 0.159142
vt 0.128775 0.159876
vt 0.133242 0.160513
vt 0.137614 0.161299
vt 0.142105 0.161866
vt 0.146622 0.162308
vt 0.151137 0.162712
vt 0.155607 0.163175
vt 0.160183 0.163488
vt 0.169205 0.170356
vt 0.164524 0.170141
vt 0.173889 0.170564
vt 0.178555 0.170741
vt 0.091049 0.158961
vt 0.095540 0.159979
vt 0.100035 0.160976
vt 0.104558 0.161930
vt 0.109084 0.162867
vt 0.113613 0.163778
vt 0.118151 0.164653
vt 0.122709 0.165486
vt 0.127306 0.166272
vt 0.131948 0.167095
vt 0.136622 0.167801
vt 0.141290 0.168393
vt 0.145934 0.168884
vt 0.150557 0.169313
vt 0.155203 0.169656
vt 0.159858 0.169904
vt 0.168778 0.176883
vt 0.164138 0.176623
vt 0.173410 0.177125
vt 0.178045 0.177317
vt 0.090148 0.165579
vt 0.094732 0.166578
vt 0.099335 0.167550
vt 0.103932 0.168486
vt 0.108529 0.169395
vt 0.113131 0.170279
vt 0.117735 0.171132
vt 0.122333 0.171938
vt 0.126928 0.172618
vt 0.131447 0.173456
vt 0.136081 0.174125
vt 0.140751 0.174721
vt 0.145431 0.175244
vt 0.150118 0.175682
vt 0.154807 0.176043
vt 0.159482 0.176346
vt 0.168326 0.183529
vt 0.163733 0.183176
vt 0.172909 0.183849
vt 0.177513 0.184095
vt 0.089055 0.172197
vt 0.093500 0.173249
vt 0.097999 0.174069
vt 0.102509 0.174903
vt 0.107048 0.175719
vt 0.111626 0.176516
vt 0.116257 0.177299
vt 0.120954 0.178078
vt 0.125716 0.178868
vt 0.130570 0.179558
vt 0.135402 0.180236
vt 0.140204 0.180881
vt 0.144980 0.181463
vt 0.149733 0.181952
vt 0.154445 0.182394
vt 0.159110 0.182799
vt 0.167819 0.190368
vt 0.163312 0.189851
vt 0.172312 0.190850
vt 0.176797 0.191237
vt 0.088142 0.179387
vt 0.092743 0.180217
vt 0.097325 0.180948
vt 0.101903 0.181646
vt 0.106500 0.182314
vt 0.111134 0.182953
vt 0.115813 0.183568
vt 0.120544 0.184170
vt 0.125317 0.184802
vt 0.130138 0.185445
vt 0.135008 0.186099
vt 0.139914 0.186753
vt 0.144743 0.187453
vt 0.149495 0.188105
vt 0.154166 0.188720
vt 0.158767 0.189301
vt 0.166382 0.197011
vt 0.161838 0.196351
vt 0.170942 0.197624
vt 0.175566 0.198260
vt 0.087552 0.186291
vt 0.092169 0.186993
vt 0.096782 0.187644
vt 0.101396 0.188243
vt 0.106021 0.188798
vt 0.110661 0.189317
vt 0.115321 0.189814
vt 0.119998 0.190308
vt 0.124699 0.190823
vt 0.129421 0.191364
vt 0.134149 0.191954
vt 0.138807 0.192701
vt 0.143466 0.193403
vt 0.148101 0.194162
vt 0.152707 0.194917
vt 0.157284 0.195650
vt 0.164863 0.203403
vt 0.160309 0.202715
vt 0.169425 0.204044
vt 0.174001 0.204623
vt 0.087109 0.192728
vt 0.091730 0.193390
vt 0.096356 0.194040
vt 0.100983 0.194646
vt 0.105598 0.195208
vt 0.110201 0.195729
vt 0.114794 0.196221
vt 0.119381 0.196699
vt 0.123966 0.197185
vt 0.128540 0.197707
vt 0.133083 0.198321
vt 0.137572 0.199081
vt 0.142146 0.199706
vt 0.146685 0.200468
vt 0.151226 0.201239
vt 0.155765 0.201992
vt 0.163386 0.209451
vt 0.158790 0.208904
vt 0.168027 0.209991
vt 0.172675 0.210480
vt 0.086758 0.198518
vt 0.091368 0.199253
vt 0.096005 0.200013
vt 0.100616 0.200777
vt 0.105194 0.201504
vt 0.109738 0.202181
vt 0.114250 0.202809
vt 0.118740 0.203392
vt 0.123217 0.203946
vt 0.127690 0.204507
vt 0.132156 0.205161
vt 0.136607 0.205835
vt 0.140956 0.206562
vt 0.145343 0.207128
vt 0.149770 0.207741
vt 0.154250 0.208336
vt 0.161872 0.215275
vt 0.157199 0.214975
vt 0.166612 0.215592
vt 0.171395 0.215970
vt 0.086424 0.203811
vt 0.091049 0.204763
vt 0.095664 0.205773
vt 0.100249 0.206781
vt 0.104795 0.207755
vt 0.109294 0.208674
vt 0.113739 0.209527
vt 0.118123 0.210304
vt 0.122448 0.210997
vt 0.126725 0.211593
vt 0.130895 0.212339
vt 0.135021 0.213077
vt 0.139288 0.213554
vt 0.143652 0.213976
vt 0.148087 0.214333
vt 0.152603 0.214665
vt 0.161368 0.221122
vt 0.156694 0.221103
vt 0.166079 0.221174
vt 0.170781 0.221345
vt 0.085438 0.208872
vt 0.089930 0.210064
vt 0.094413 0.211303
vt 0.098881 0.212551
vt 0.103324 0.213778
vt 0.107737 0.214955
vt 0.112127 0.216065
vt 0.116500 0.217095
vt 0.120860 0.218025
vt 0.125220 0.218833
vt 0.129542 0.219667
vt 0.133962 0.220257
vt 0.138438 0.220626
vt 0.142949 0.220863
vt 0.147489 0.221001
vt 0.152068 0.221073
vt 0.160800 0.227306
vt 0.156124 0.227408
vt 0.165479 0.227258
vt 0.170148 0.227335
vt 0.084087 0.214737
vt 0.088537 0.216024
vt 0.092970 0.217351
vt 0.097382 0.218703
vt 0.101780 0.220039
vt 0.106171 0.221333
vt 0.110568 0.222553
vt 0.114989 0.223688
vt 0.119433 0.224734
vt 0.123895 0.225606
vt 0.128372 0.226433
vt 0.132958 0.226960
vt 0.137570 0.227296
vt 0.142191 0.227479
vt 0.146820 0.227537
vt 0.151463 0.227501
vt 0.160152 0.233724
vt 0.155473 0.233829
vt 0.164822 0.233673
vt 0.169484 0.233730
vt 0.082678 0.221282
vt 0.087073 0.222588
vt 0.091463 0.223827
vt 0.095837 0.225157
vt 0.100225 0.226482
vt 0.104621 0.227777
vt 0.109039 0.228990
vt 0.113508 0.230076
vt 0.118050 0.231099
vt 0.122644 0.232028
vt 0.127347 0.232759
vt 0.132050 0.233318
vt 0.136739 0.233693
vt 0.141424 0.233898
vt 0.146108 0.233963
vt 0.150791 0.233926
vt 0.159457 0.240188
vt 0.154769 0.240277
vt 0.164135 0.240149
vt 0.168803 0.240204
vt 0.081559 0.228121
vt 0.086124 0.229303
vt 0.090690 0.230524
vt 0.095247 0.231842
vt 0.099759 0.233184
vt 0.104243 0.234491
vt 0.108706 0.235703
vt 0.113160 0.236711
vt 0.117572 0.237716
vt 0.122109 0.238486
vt 0.126713 0.239174
vt 0.131325 0.239738
vt 0.135985 0.240108
vt 0.140672 0.240312
vt 0.145371 0.240385
vt 0.150072 0.240359
vt 0.158773 0.246585
vt 0.154071 0.246678
vt 0.163460 0.246540
vt 0.168133 0.246590
vt 0.080463 0.234601
vt 0.084986 0.235803
vt 0.089448 0.237083
vt 0.093901 0.238299
vt 0.098372 0.239609
vt 0.102882 0.240914
vt 0.107441 0.242171
vt 0.112047 0.243355
vt 0.116701 0.244301
vt 0.121312 0.245029
vt 0.125846 0.245786
vt 0.130497 0.246261
vt 0.135192 0.246576
vt 0.139908 0.246751
vt 0.144633 0.246805
vt 0.149356 0.246767
vt 0.158075 0.253139
vt 0.153371 0.253177
vt 0.162760 0.253141
vt 0.167429 0.253222
vt 0.079040 0.241467
vt 0.083427 0.242723
vt 0.087874 0.243850
vt 0.092338 0.245009
vt 0.096810 0.246181
vt 0.101317 0.247355
vt 0.105877 0.248486
vt 0.110500 0.249536
vt 0.115200 0.250500
vt 0.119960 0.251384
vt 0.124789 0.252044
vt 0.129595 0.252545
vt 0.134381 0.252892
vt 0.139151 0.253101
vt 0.143907 0.253198
vt 0.148648 0.253211
vt 0.157345 0.259773
vt 0.152644 0.259736
vt 0.162028 0.259837
vt 0.166696 0.259959
vt 0.077917 0.248941
vt 0.082501 0.249933
vt 0.087071 0.250944
vt 0.091632 0.251986
vt 0.096195 0.253039
vt 0.100777 0.254081
vt 0.105390 0.255079
vt 0.110037 0.256007
vt 0.114720 0.256851
vt 0.119425 0.257633
vt 0.124159 0.258292
vt 0.128915 0.258808
vt 0.133678 0.259188
vt 0.138438 0.259447
vt 0.143188 0.259607
vt 0.147924 0.259693
vt 0.156615 0.266383
vt 0.151918 0.266296
vt 0.161298 0.266489
vt 0.165967 0.266638
vt 0.077170 0.256177
vt 0.081773 0.257027
vt 0.086374 0.257938
vt 0.090974 0.258885
vt 0.095578 0.259845
vt 0.100194 0.260792
vt 0.104827 0.261701
vt 0.109477 0.262554
vt 0.114141 0.263343
vt 0.118826 0.264061
vt 0.123535 0.264681
vt 0.128263 0.265186
vt 0.133001 0.265577
vt 0.137742 0.265865
vt 0.142478 0.266065
vt 0.147205 0.266200
vt 0.155905 0.272934
vt 0.151211 0.272813
vt 0.160586 0.273069
vt 0.165254 0.273237
vt 0.076527 0.263178
vt 0.081133 0.263965
vt 0.085742 0.264807
vt 0.090354 0.265683
vt 0.094972 0.266573
vt 0.099598 0.267453
vt 0.104235 0.268302
vt 0.108882 0.269105
vt 0.113541 0.269850
vt 0.118218 0.270523
vt 0.122913 0.271108
vt 0.127624 0.271597
vt 0.132344 0.271988
vt 0.137068 0.272289
vt 0.141790 0.272514
vt 0.146506 0.272681
vt 0.155198 0.279530
vt 0.150510 0.279383
vt 0.159876 0.279685
vt 0.164544 0.279867
vt 0.075909 0.270113
vt 0.080515 0.270871
vt 0.085125 0.271668
vt 0.089740 0.272493
vt 0.094361 0.273329
vt 0.098988 0.274158
vt 0.103623 0.274961
vt 0.108268 0.275723
vt 0.112925 0.276429
vt 0.117596 0.277067
vt 0.122282 0.277625
vt 0.126980 0.278098
vt 0.131686 0.278486
vt 0.136396 0.278794
vt 0.141106 0.279036
vt 0.145812 0.279225
vt 0.154502 0.286133
vt 0.149818 0.285968
vt 0.159177 0.286304
vt 0.163844 0.286495
vt 0.075300 0.276980
vt 0.079907 0.277721
vt 0.084518 0.278490
vt 0.089133 0.279279
vt 0.093753 0.280077
vt 0.098379 0.280866
vt 0.103012 0.281633
vt 0.107654 0.282360
vt 0.112308 0.283034
vt 0.116974 0.283644
vt 0.121652 0.284181
vt 0.126339 0.284641
vt 0.131033 0.285024
vt 0.135732 0.285336
vt 0.140430 0.285587
vt 0.145127 0.285792
vt 0.153817 0.292734
vt 0.149137 0.292561
vt 0.158490 0.292913
vt 0.163156 0.293108
vt 0.074698 0.283787
vt 0.079305 0.284517
vt 0.083916 0.285268
vt 0.088530 0.286035
vt 0.093149 0.286807
vt 0.097772 0.287572
vt 0.102402 0.288312
vt 0.107042 0.289015
vt 0.111692 0.289666
vt 0.116353 0.290256
vt 0.121023 0.290778
vt 0.125701 0.291226
vt 0.130385 0.291603
vt 0.135073 0.291913
vt 0.139763 0.292166
vt 0.144451 0.292377
vt 0.153151 0.299289
vt 0.148475 0.299112
vt 0.157823 0.299470
vt 0.162488 0.299668
vt 0.074108 0.290504
vt 0.078716 0.291223
vt 0.083327 0.291962
vt 0.087940 0.292716
vt 0.092556 0.293473
vt 0.097177 0.294221
vt 0.101804 0.294943
vt 0.106441 0.295628
vt 0.111088 0.296264
vt 0.115744 0.296840
vt 0.120407 0.297350
vt 0.125077 0.297790
vt 0.129752 0.298160
vt 0.134431 0.298465
vt 0.139113 0.298716
vt 0.143795 0.298927
vt 0.152488 0.305890
vt 0.147815 0.305714
vt 0.157157 0.306072
vt 0.161821 0.306272
vt 0.073521 0.297232
vt 0.078130 0.297942
vt 0.082741 0.298673
vt 0.087352 0.299419
vt 0.091965 0.300168
vt 0.096582 0.300904
vt 0.101206 0.301613
vt 0.105841 0.302285
vt 0.110485 0.302910
vt 0.115136 0.303479
vt 0.119791 0.303983
vt 0.124452 0.304416
vt 0.129118 0.304778
vt 0.133789 0.305077
vt 0.138463 0.305323
vt 0.143139 0.305530
vt 0.151828 0.312508
vt 0.147159 0.312333
vt 0.156495 0.312690
vt 0.161157 0.312891
vt 0.072946 0.303946
vt 0.077556 0.304647
vt 0.082166 0.305373
vt 0.086775 0.306116
vt 0.091383 0.306861
vt 0.095996 0.307589
vt 0.100617 0.308284
vt 0.105252 0.308944
vt 0.109893 0.309565
vt 0.114535 0.310134
vt 0.119179 0.310636
vt 0.123829 0.311064
vt 0.128486 0.311419
vt 0.133149 0.311711
vt 0.137817 0.311950
vt 0.142488 0.312152
vt 0.151170 0.319130
vt 0.146504 0.318957
vt 0.155834 0.319312
vt 0.160496 0.319513
vt 0.072385 0.310627
vt 0.076996 0.311322
vt 0.081607 0.312047
vt 0.086216 0.312792
vt 0.090821 0.313541
vt 0.095429 0.314266
vt 0.100050 0.314942
vt 0.104686 0.315595
vt 0.109315 0.316225
vt 0.113937 0.316800
vt 0.118566 0.317300
vt 0.123206 0.317720
vt 0.127855 0.318067
vt 0.132512 0.318351
vt 0.137174 0.318583
vt 0.141838 0.318780
vt 0.150519 0.325708
vt 0.145857 0.325541
vt 0.155181 0.325886
vt 0.159841 0.326087
vt 0.071839 0.317216
vt 0.076452 0.317911
vt 0.081070 0.318638
vt 0.085688 0.319390
vt 0.090299 0.320156
vt 0.094905 0.320895
vt 0.099532 0.321540
vt 0.104155 0.322214
vt 0.108734 0.322877
vt 0.113334 0.323449
vt 0.117953 0.323937
vt 0.122587 0.324347
vt 0.127231 0.324685
vt 0.131881 0.324959
vt 0.136537 0.325183
vt 0.141196 0.325371
vt 0.149860 0.332321
vt 0.145201 0.332168
vt 0.154521 0.332489
vt 0.159180 0.332686
vt 0.071267 0.323784
vt 0.075884 0.324485
vt 0.080520 0.325209
vt 0.085182 0.325960
vt 0.089876 0.326732
vt 0.094507 0.327540
vt 0.099063 0.328218
vt 0.103538 0.329002
vt 0.108106 0.329616
vt 0.112705 0.330163
vt 0.117325 0.330639
vt 0.121957 0.331040
vt 0.126597 0.331367
vt 0.131242 0.331630
vt 0.135891 0.331840
vt 0.140544 0.332013
vt 0.149198 0.338948
vt 0.144542 0.338810
vt 0.153857 0.339105
vt 0.158516 0.339295
vt 0.070631 0.330361
vt 0.075235 0.331052
vt 0.079822 0.331761
vt 0.084379 0.332493
vt 0.088841 0.333351
vt 0.093409 0.334074
vt 0.098050 0.334892
vt 0.102738 0.335612
vt 0.107401 0.336265
vt 0.112047 0.336837
vt 0.116687 0.337325
vt 0.121326 0.337730
vt 0.125965 0.338058
vt 0.130603 0.338314
vt 0.135245 0.338513
vt 0.139891 0.338671
vt 0.148531 0.345576
vt 0.143876 0.345455
vt 0.153191 0.345718
vt 0.157851 0.345899
vt 0.070074 0.336979
vt 0.074680 0.337654
vt 0.079264 0.338396
vt 0.083826 0.339195
vt 0.088435 0.339970
vt 0.093047 0.340694
vt 0.097639 0.341475
vt 0.102234 0.342232
vt 0.106842 0.342913
vt 0.111460 0.343503
vt 0.116085 0.344003
vt 0.120713 0.344419
vt 0.125337 0.344753
vt 0.129962 0.345006
vt 0.134591 0.345194
vt 0.139229 0.345335
vt 0.147874 0.352142
vt 0.143215 0.352048
vt 0.152538 0.352263
vt 0.157202 0.352429
vt 0.069620 0.343468
vt 0.074232 0.344133
vt 0.078824 0.344894
vt 0.083421 0.345687
vt 0.088028 0.346481
vt 0.092614 0.347277
vt 0.097180 0.348088
vt 0.101742 0.348868
vt 0.106312 0.349568
vt 0.110899 0.350163
vt 0.115504 0.350673
vt 0.120107 0.351104
vt 0.124706 0.351441
vt 0.129312 0.351683
vt 0.133931 0.351847
vt 0.138566 0.351958
vt 0.147229 0.358713
vt 0.142558 0.358658
vt 0.151903 0.358805
vt 0.156575 0.358951
vt 0.069252 0.349754
vt 0.073861 0.350471
vt 0.078445 0.351295
vt 0.083043 0.352135
vt 0.087624 0.353010
vt 0.092179 0.353900
vt 0.096715 0.354783
vt 0.101242 0.355618
vt 0.105772 0.356353
vt 0.110324 0.356943
vt 0.114899 0.357469
vt 0.119455 0.357919
vt 0.124032 0.358240
vt 0.128628 0.358445
vt 0.133251 0.358557
vt 0.137897 0.358616
vt 0.146631 0.365237
vt 0.141943 0.365235
vt 0.151318 0.365290
vt 0.155999 0.365414
vt 0.068867 0.355599
vt 0.073500 0.356525
vt 0.078092 0.357516
vt 0.082664 0.358526
vt 0.087210 0.359540
vt 0.091736 0.360550
vt 0.096250 0.361536
vt 0.100755 0.362464
vt 0.105244 0.363282
vt 0.109711 0.363874
vt 0.114154 0.364465
vt 0.118724 0.364851
vt 0.123297 0.365127
vt 0.127922 0.365250
vt 0.132581 0.365276
vt 0.137258 0.365258
vt 0.146086 0.371812
vt 0.141391 0.371818
vt 0.150776 0.371860
vt 0.155462 0.371998
vt 0.067425 0.361289
vt 0.071820 0.362588
vt 0.076332 0.363635
vt 0.080858 0.364720
vt 0.085398 0.365801
vt 0.089954 0.366871
vt 0.094533 0.367917
vt 0.099146 0.368917
vt 0.103804 0.369840
vt 0.108508 0.370662
vt 0.113220 0.371135
vt 0.117823 0.371624
vt 0.122524 0.371834
vt 0.127245 0.371905
vt 0.131970 0.371896
vt 0.136686 0.371855
vt 0.145547 0.378506
vt 0.140872 0.378425
vt 0.150218 0.378610
vt 0.154889 0.378841
vt 0.065505 0.368142
vt 0.069924 0.369350
vt 0.074444 0.370252
vt 0.078974 0.371181
vt 0.083541 0.372137
vt 0.088151 0.373101
vt 0.092806 0.374053
vt 0.097510 0.374968
vt 0.102274 0.375816
vt 0.107106 0.376570
vt 0.112016 0.377235
vt 0.116955 0.377704
vt 0.121830 0.378025
vt 0.126662 0.378187
vt 0.131440 0.378285
vt 0.136174 0.378356
vt 0.144974 0.385388
vt 0.140356 0.385133
vt 0.149548 0.385574
vt 0.154039 0.386011
vt 0.064475 0.375926
vt 0.069116 0.376709
vt 0.073750 0.377442
vt 0.078372 0.378182
vt 0.082998 0.378935
vt 0.087645 0.379690
vt 0.092326 0.380434
vt 0.097051 0.381149
vt 0.101824 0.381817
vt 0.106646 0.382424
vt 0.111504 0.383009
vt 0.116434 0.383501
vt 0.121345 0.383964
vt 0.126184 0.384319
vt 0.130960 0.384611
vt 0.135683 0.384875
vt 0.143216 0.391869
vt 0.138533 0.391523
vt 0.147929 0.392242
vt 0.152683 0.392542
vt 0.063914 0.383095
vt 0.068547 0.383753
vt 0.073186 0.384395
vt 0.077828 0.385032
vt 0.082477 0.385668
vt 0.087141 0.386299
vt 0.091827 0.386916
vt 0.096538 0.387513
vt 0.101266 0.388081
vt 0.105991 0.388622
vt 0.110692 0.389140
vt 0.115281 0.389721
vt 0.119919 0.390073
vt 0.124571 0.390470
vt 0.129224 0.390841
vt 0.133875 0.391187
vt 0.142762 0.398296
vt 0.138092 0.398028
vt 0.147426 0.398578
vt 0.152086 0.398848
vt 0.063386 0.389922
vt 0.068012 0.390554
vt 0.072648 0.391163
vt 0.077292 0.391758
vt 0.081944 0.392343
vt 0.086609 0.392917
vt 0.091288 0.393480
vt 0.095981 0.394033
vt 0.100679 0.394579
vt 0.105369 0.395129
vt 0.110040 0.395698
vt 0.114749 0.396211
vt 0.119440 0.396620
vt 0.124108 0.397020
vt 0.128768 0.397392
vt 0.133428 0.397729
vt 0.142362 0.404760
vt 0.137698 0.404509
vt 0.147023 0.404991
vt 0.151685 0.405194
vt 0.062834 0.396594
vt 0.067457 0.397227
vt 0.072090 0.397827
vt 0.076733 0.398401
vt 0.081385 0.398955
vt 0.086049 0.399493
vt 0.090726 0.400022
vt 0.095415 0.400546
vt 0.100112 0.401076
vt 0.104815 0.401617
vt 0.109532 0.402158
vt 0.114261 0.402662
vt 0.118973 0.403110
vt 0.123665 0.403525
vt 0.128348 0.403899
vt 0.133025 0.404226
vt 0.142045 0.411311
vt 0.137364 0.411062
vt 0.146722 0.411521
vt 0.151397 0.411688
vt 0.062238 0.403246
vt 0.066859 0.403888
vt 0.071490 0.404487
vt 0.076133 0.405050
vt 0.080787 0.405583
vt 0.085455 0.406094
vt 0.090139 0.406591
vt 0.094841 0.407086
vt 0.099561 0.407588
vt 0.104299 0.408104
vt 0.109052 0.408626
vt 0.113804 0.409136
vt 0.118541 0.409614
vt 0.123262 0.410048
vt 0.127973 0.410434
vt 0.132674 0.410771
vt 0.141809 0.417955
vt 0.137108 0.417681
vt 0.146503 0.418177
vt 0.151195 0.418356
vt 0.061598 0.409903
vt 0.066216 0.410556
vt 0.070847 0.411156
vt 0.075491 0.411708
vt 0.080150 0.412221
vt 0.084829 0.412702
vt 0.089531 0.413163
vt 0.094258 0.413618
vt 0.099015 0.414082
vt 0.103796 0.414567
vt 0.108591 0.415077
vt 0.113382 0.415603
vt 0.118155 0.416112
vt 0.122916 0.416570
vt 0.127665 0.416983
vt 0.132396 0.417355
vt 0.141638 0.424671
vt 0.136936 0.424328
vt 0.146333 0.424941
vt 0.151026 0.425209
vt 0.060915 0.416545
vt 0.065531 0.417210
vt 0.070162 0.417808
vt 0.074811 0.418345
vt 0.079480 0.418829
vt 0.084174 0.419269
vt 0.088899 0.419679
vt 0.093660 0.420079
vt 0.098459 0.420489
vt 0.103294 0.420932
vt 0.108151 0.421426
vt 0.113004 0.421972
vt 0.117840 0.422521
vt 0.122666 0.423012
vt 0.127457 0.423484
vt 0.132212 0.423927
vt 0.141519 0.431495
vt 0.136863 0.431009
vt 0.146112 0.431865
vt 0.150669 0.432342
vt 0.060188 0.423193
vt 0.064803 0.423869
vt 0.069437 0.424461
vt 0.074095 0.424973
vt 0.078778 0.425413
vt 0.083492 0.425794
vt 0.088241 0.426133
vt 0.093032 0.426456
vt 0.097868 0.426791
vt 0.102755 0.427168
vt 0.107701 0.427619
vt 0.112703 0.428146
vt 0.117671 0.428753
vt 0.122560 0.429348
vt 0.127383 0.429927
vt 0.132149 0.430483
vt 0.140320 0.438187
vt 0.135596 0.437591
vt 0.145046 0.438820
vt 0.149709 0.439330
vt 0.059406 0.429845
vt 0.064021 0.430538
vt 0.068661 0.431131
vt 0.073330 0.431627
vt 0.078029 0.432035
vt 0.082760 0.432371
vt 0.087525 0.432656
vt 0.092324 0.432918
vt 0.097156 0.433187
vt 0.102015 0.433493
vt 0.106891 0.433871
vt 0.111704 0.434448
vt 0.116531 0.435020
vt 0.121336 0.435680
vt 0.126113 0.436340
vt 0.130862 0.436977
vt 0.139067 0.444730
vt 0.134389 0.444132
vt 0.143682 0.445249
vt 0.148269 0.445880
vt 0.058571 0.436363
vt 0.063184 0.437085
vt 0.067831 0.437700
vt 0.072510 0.438212
vt 0.077223 0.438629
vt 0.081967 0.438969
vt 0.086739 0.439254
vt 0.091533 0.439513
vt 0.096338 0.439779
vt 0.101134 0.440088
vt 0.105893 0.440487
vt 0.110609 0.441044
vt 0.115403 0.441534
vt 0.120206 0.442207
vt 0.124969 0.442881
vt 0.129697 0.443532
vt 0.138195 0.451169
vt 0.133516 0.450736
vt 0.142876 0.451689
vt 0.147624 0.452020
vt 0.057649 0.442777
vt 0.062259 0.443541
vt 0.066909 0.444200
vt 0.071599 0.444755
vt 0.076327 0.445216
vt 0.081087 0.445599
vt 0.085875 0.445929
vt 0.090680 0.446234
vt 0.095487 0.446553
vt 0.100280 0.446921
vt 0.105048 0.447367
vt 0.109837 0.447826
vt 0.114546 0.448375
vt 0.119282 0.448869
vt 0.124052 0.449538
vt 0.128793 0.450161
vt 0.137901 0.457586
vt 0.133015 0.457186
vt 0.142773 0.457871
vt 0.147545 0.458114
vt 0.056612 0.449096
vt 0.061218 0.449915
vt 0.065873 0.450632
vt 0.070577 0.451247
vt 0.075328 0.451768
vt 0.080121 0.452211
vt 0.084948 0.452602
vt 0.089799 0.452970
vt 0.094662 0.453348
vt 0.099527 0.453765
vt 0.104392 0.454228
vt 0.109233 0.454733
vt 0.114052 0.455232
vt 0.118760 0.455803
vt 0.123444 0.456287
vt 0.128197 0.456783
vt 0.138464 0.464033
vt 0.133714 0.463700
vt 0.143208 0.464272
vt 0.147903 0.464441
vt 0.055409 0.455408
vt 0.060008 0.456298
vt 0.064670 0.457087
vt 0.069399 0.457770
vt 0.074190 0.458357
vt 0.079040 0.458863
vt 0.083940 0.459313
vt 0.088880 0.459736
vt 0.093851 0.460161
vt 0.098846 0.460609
vt 0.103859 0.461093
vt 0.108882 0.461607
vt 0.113899 0.462145
vt 0.118929 0.462646
vt 0.123946 0.463022
vt 0.128899 0.463416
vt 0.138914 0.470689
vt 0.134046 0.470488
vt 0.143661 0.470910
vt 0.148366 0.470968
vt 0.053997 0.461687
vt 0.058586 0.462665
vt 0.063263 0.463536
vt 0.068030 0.464295
vt 0.072885 0.464948
vt 0.077822 0.465512
vt 0.082831 0.466012
vt 0.087899 0.466476
vt 0.093016 0.466928
vt 0.098173 0.467390
vt 0.103361 0.467869
vt 0.108572 0.468364
vt 0.113800 0.468854
vt 0.119018 0.469312
vt 0.124118 0.469793
vt 0.129087 0.470119
vt 0.139253 0.477439
vt 0.134292 0.477255
vt 0.144134 0.477576
vt 0.148927 0.477523
vt 0.052324 0.467882
vt 0.056900 0.468971
vt 0.061599 0.469941
vt 0.066423 0.470784
vt 0.071370 0.471508
vt 0.076428 0.472131
vt 0.081583 0.472678
vt 0.086816 0.473177
vt 0.092111 0.473652
vt 0.097451 0.474122
vt 0.102819 0.474596
vt 0.108195 0.475071
vt 0.113552 0.475547
vt 0.118830 0.476088
vt 0.124063 0.476533
vt 0.129246 0.476963
vt 0.140017 0.484160
vt 0.134932 0.484036
vt 0.144992 0.484198
vt 0.149859 0.484021
vt 0.050329 0.473924
vt 0.054887 0.475151
vt 0.059615 0.476239
vt 0.064519 0.477180
vt 0.069591 0.477981
vt 0.074812 0.478666
vt 0.080157 0.479262
vt 0.085600 0.479799
vt 0.091114 0.480303
vt 0.096674 0.480794
vt 0.102255 0.481287
vt 0.107828 0.481789
vt 0.113366 0.482308
vt 0.118858 0.482845
vt 0.124300 0.483282
vt 0.129670 0.483704
vt 0.141301 0.491000
vt 0.135928 0.490805
vt 0.146401 0.490890
vt 0.151264 0.490669
vt 0.047868 0.479900
vt 0.052398 0.481298
vt 0.057169 0.482523
vt 0.062186 0.483568
vt 0.067432 0.484451
vt 0.072874 0.485197
vt 0.078472 0.485843
vt 0.084186 0.486421
vt 0.089980 0.486962
vt 0.095822 0.487490
vt 0.101681 0.488024
vt 0.107525 0.488578
vt 0.113335 0.489138
vt 0.119105 0.489667
vt 0.124798 0.490108
vt 0.130411 0.490497
vt 0.142754 0.497757
vt 0.137174 0.497614
vt 0.148118 0.497725
vt 0.153137 0.497274
vt 0.044825 0.485749
vt 0.049314 0.487350
vt 0.054147 0.488728
vt 0.059326 0.489885
vt 0.064813 0.490848
vt 0.070551 0.491657
vt 0.076480 0.492356
vt 0.082542 0.492982
vt 0.088693 0.493569
vt 0.094897 0.494142
vt 0.101133 0.494720
vt 0.107382 0.495312
vt 0.113558 0.495964
vt 0.119618 0.496586
vt 0.125576 0.497029
vt 0.131424 0.497370
vt 0.144711 0.504636
vt 0.138883 0.504544
vt 0.150238 0.504407
vt 0.155425 0.503877
vt 0.041063 0.491422
vt 0.045494 0.493258
vt 0.050418 0.494803
vt 0.055819 0.496076
vt 0.061631 0.497126
vt 0.067762 0.498009
vt 0.074117 0.498775
vt 0.080616 0.499469
vt 0.087194 0.500122
vt 0.093798 0.500761
vt 0.100381 0.501401
vt 0.106882 0.502117
vt 0.113402 0.502746
vt 0.119941 0.503406
vt 0.126474 0.503961
vt 0.132839 0.504394
vt 0.148343 0.511415
vt 0.141998 0.511499
vt 0.154206 0.511026
vt 0.159489 0.510230
vt 0.036458 0.496859
vt 0.040810 0.498954
vt 0.045847 0.500673
vt 0.051534 0.502066
vt 0.057765 0.503213
vt 0.064399 0.504187
vt 0.071307 0.505047
vt 0.078383 0.505840
vt 0.085549 0.506605
vt 0.092749 0.507379
vt 0.099940 0.508172
vt 0.107142 0.508917
vt 0.114311 0.509585
vt 0.121417 0.510208
vt 0.128402 0.510791
vt 0.135276 0.511210
vt 0.153174 0.518373
vt 0.146290 0.518317
vt 0.159458 0.518043
vt 0.164977 0.517151
vt 0.030554 0.502338
vt 0.034814 0.504688
vt 0.040025 0.506544
vt 0.046128 0.508001
vt 0.052946 0.509196
vt 0.060276 0.510216
vt 0.067932 0.511130
vt 0.075770 0.511994
vt 0.083700 0.512839
vt 0.091661 0.513729
vt 0.099629 0.514617
vt 0.107617 0.515442
vt 0.115586 0.516210
vt 0.123501 0.516929
vt 0.131323 0.517544
vt 0.138955 0.518002
vt 0.159214 0.525541
vt 0.151580 0.525264
vt 0.166122 0.525427
vt 0.172073 0.524667
vt 0.023108 0.507852
vt 0.027343 0.510392
vt 0.032772 0.512316
vt 0.039361 0.513789
vt 0.047001 0.514962
vt 0.055302 0.515975
vt 0.063949 0.516907
vt 0.072742 0.517836
vt 0.081570 0.518739
vt 0.090377 0.519790
vt 0.099304 0.520723
vt 0.108263 0.521624
vt 0.117209 0.522499
vt 0.126097 0.523330
vt 0.134864 0.524089
vt 0.143405 0.524746
vt 0.166833 0.533067
vt 0.158153 0.532298
vt 0.174687 0.533554
vt 0.181521 0.533484
vt 0.012960 0.513995
vt 0.016982 0.516348
vt 0.022521 0.517879
vt 0.029655 0.519111
vt 0.038709 0.520101
vt 0.048540 0.521043
vt 0.058620 0.521987
vt 0.068657 0.522906
vt 0.078650 0.524078
vt 0.088794 0.525066
vt 0.098931 0.526094
vt 0.109046 0.527145
vt 0.119126 0.528209
vt 0.129144 0.529274
vt 0.139061 0.530327
vt 0.148814 0.531357
vt 0.176025 0.540617
vt 0.166031 0.539059
vt 0.185021 0.542249
vt 0.193674 0.543928
vt 0.000000 0.523219
vt 0.004633 0.523418
vt 0.009232 0.523649
vt 0.016738 0.524075
vt 0.029219 0.524703
vt 0.041567 0.525503
vt 0.053701 0.526383
vt 0.064942 0.527328
vt 0.076186 0.528368
vt 0.087445 0.529475
vt 0.098710 0.530650
vt 0.109968 0.531895
vt 0.121203 0.533207
vt 0.132404 0.534582
vt 0.143573 0.536009
vt 0.155046 0.537531
vt 0.180028 0.006518
vt 0.022820 0.981822
vt 0.021932 0.984417
vt 0.020350 0.984358
vt 0.020804 0.987655
vt 0.019043 0.992559
vt 0.016143 1.000000
vt 0.017865 0.993589
vt 0.018853 0.988611
vt 0.020134 0.984794
vt 0.020146 0.981876
vt 0.020202 0.979188
vt 0.020376 0.976382
vt 0.020618 0.973256
vt 0.021588 0.971287
vt 0.022716 0.969894
vt 0.023926 0.969209
vt 0.025050 0.969493
vt 0.025647 0.971078
vt 0.024964 0.973960
vt 0.024267 0.976918
vt 0.023529 0.979546
vt 0.200647 0.545589
vt 0.147950 0.000005
vt 0.129354 0.001100
vt 0.186655 0.532061
vt 0.176734 0.522830
vt 0.169564 0.515450
vt 0.164112 0.508834
vt 0.160166 0.502867
vt 0.157807 0.496753
vt 0.155984 0.490203
vt 0.154567 0.483724
vt 0.153630 0.477341
vt 0.153040 0.470887
vt 0.152575 0.464445
vt 0.152241 0.458230
vt 0.152312 0.452313
vt 0.152929 0.446392
vt 0.154247 0.440027
vt 0.155312 0.432721
vt 0.155689 0.425423
vt 0.155872 0.418469
vt 0.156065 0.411800
vt 0.156348 0.405353
vt 0.156746 0.399094
vt 0.157362 0.392911
vt 0.158639 0.386420
vt 0.159525 0.379175
vt 0.160131 0.372222
vt 0.160666 0.365615
vt 0.161237 0.359163
vt 0.161860 0.352654
vt 0.162508 0.346131
vt 0.163172 0.339529
vt 0.163837 0.332919
vt 0.164498 0.326318
vt 0.165153 0.319742
vt 0.165814 0.313117
vt 0.166479 0.306496
vt 0.167146 0.299891
vt 0.167815 0.293329
vt 0.168502 0.286716
vt 0.169203 0.280086
vt 0.169912 0.273452
vt 0.170626 0.266849
vt 0.171354 0.260162
vt 0.172087 0.253411
vt 0.172792 0.246765
vt 0.173462 0.240379
vt 0.174142 0.233910
vt 0.174805 0.227540
vt 0.175443 0.221633
vt 0.176123 0.216392
vt 0.177265 0.211149
vt 0.178640 0.205397
vt 0.180121 0.198786
vt 0.181376 0.191616
vt 0.182164 0.184261
vt 0.182704 0.177411
vt 0.183217 0.170859
vt 0.183781 0.164858
vt 0.184549 0.159319
vt 0.185674 0.153181
vt 0.186590 0.146840
vt 0.187711 0.140572
vt 0.188759 0.133772
vt 0.189596 0.127001
vt 0.190602 0.120280
vt 0.191322 0.113382
vt 0.191911 0.106738
vt 0.192509 0.100574
vt 0.193233 0.094548
vt 0.194167 0.088596
vt 0.195114 0.082542
vt 0.196290 0.076419
vt 0.197298 0.069841
vt 0.198341 0.063221
vt 0.199078 0.056340
vt 0.199586 0.049764
vt 0.199985 0.043485
vt 0.200304 0.037464
vt 0.200598 0.030788
vt 0.199798 0.023433
vn 0.302652 -0.029460 0.952646
vn 0.581479 -0.056536 0.811595
vn 0.576694 -0.078553 0.813175
vn 0.298457 -0.040872 0.953548
vn 0.803356 -0.078025 0.590365
vn 0.798613 -0.108188 0.592041
vn 0.946092 -0.091820 0.310612
vn 0.941649 -0.127067 0.311689
vn 0.995326 -0.096573 -0.000001
vn 0.991043 -0.133543 -0.000000
vn 0.946091 -0.091821 -0.310612
vn 0.941649 -0.127067 -0.311689
vn 0.803355 -0.078025 -0.590366
vn 0.798612 -0.108188 -0.592042
vn 0.581478 -0.056536 -0.811595
vn 0.576694 -0.078553 -0.813175
vn 0.302653 -0.029461 -0.952645
vn 0.298459 -0.040872 -0.953547
vn -0.005443 0.000542 -0.999985
vn -0.008292 0.001253 -0.999965
vn -0.312498 0.030521 -0.949428
vn -0.313411 0.043669 -0.948613
vn -0.588590 0.057538 -0.806382
vn -0.587349 0.082125 -0.805157
vn -0.807078 0.078956 -0.585143
vn -0.803900 0.112745 -0.583981
vn -0.947061 0.092695 -0.307380
vn -0.942552 0.132442 -0.306684
vn -0.995243 0.097427 -0.000000
vn -0.990259 0.139235 0.000000
vn -0.947062 0.092696 0.307379
vn -0.942552 0.132442 0.306684
vn -0.807078 0.078957 0.585142
vn -0.803900 0.112745 0.583980
vn -0.588590 0.057539 0.806382
vn -0.587349 0.082125 0.805157
vn -0.312497 0.030521 0.949428
vn -0.313411 0.043669 0.948613
vn -0.005443 0.000542 0.999985
vn -0.008293 0.001253 0.999965
vn 0.564105 -0.133311 0.814870
vn 0.290229 -0.068683 0.954489
vn 0.783040 -0.184802 0.593883
vn 0.924441 -0.217961 0.312892
vn 0.973331 -0.229406 0.000000
vn 0.924441 -0.217961 -0.312892
vn 0.783040 -0.184801 -0.593883
vn 0.564105 -0.133311 -0.814870
vn 0.290230 -0.068684 -0.954489
vn -0.011093 0.002648 -0.999935
vn -0.310316 0.073673 -0.947774
vn -0.578634 0.137495 -0.803914
vn -0.790566 0.187979 -0.582812
vn -0.926192 0.220318 -0.305988
vn -0.972848 0.231447 0.000000
vn -0.926192 0.220317 0.305989
vn -0.790566 0.187979 0.582811
vn -0.578634 0.137495 0.803914
vn -0.310317 0.073673 0.947774
vn -0.011094 0.002648 0.999935
vn 0.544232 -0.196934 0.815493
vn 0.279371 -0.101213 0.954834
vn 0.756182 -0.273280 0.594565
vn 0.893206 -0.322491 0.313340
vn 0.940611 -0.339486 0.000000
vn 0.893206 -0.322491 -0.313341
vn 0.756182 -0.273280 -0.594565
vn 0.544232 -0.196934 -0.815493
vn 0.279372 -0.101213 -0.954834
vn -0.011758 0.004324 -0.999922
vn -0.300636 0.109307 -0.947455
vn -0.559517 0.203564 -0.803431
vn -0.763901 0.278076 -0.582348
vn -0.894655 0.325783 -0.305708
vn -0.939628 0.342198 0.000000
vn -0.894655 0.325783 0.305709
vn -0.763901 0.278076 0.582348
vn -0.559517 0.203564 0.803432
vn -0.300636 0.109307 0.947454
vn -0.011758 0.004324 0.999922
vn 0.515493 -0.262716 0.815627
vn 0.264573 -0.134743 0.954906
vn 0.716169 -0.365263 0.594714
vn 0.845838 -0.431641 0.313440
vn 0.890685 -0.454622 0.000000
vn 0.845837 -0.431641 -0.313441
vn 0.716168 -0.365262 -0.594716
vn 0.515493 -0.262715 -0.815627
vn 0.264574 -0.134743 -0.954906
vn -0.011388 0.005748 -0.999919
vn -0.285342 0.145012 -0.947392
vn -0.530936 0.269723 -0.803341
vn -0.724879 0.368131 -0.582262
vn -0.848973 0.431067 -0.305657
vn -0.891657 0.452711 -0.000000
vn -0.848972 0.431067 0.305659
vn -0.724878 0.368130 0.582264
vn -0.530936 0.269722 0.803341
vn -0.285343 0.145012 0.947392
vn -0.011388 0.005748 0.999919
vn 0.482747 -0.321022 0.814801
vn 0.248480 -0.165135 0.954457
vn 0.669865 -0.445740 0.593799
vn 0.790630 -0.526347 0.312832
vn 0.832365 -0.554228 0.000000
vn 0.790630 -0.526346 -0.312833
vn 0.669864 -0.445739 -0.593801
vn 0.482745 -0.321020 -0.814803
vn 0.248480 -0.165135 -0.954457
vn -0.009454 0.006232 -0.999936
vn -0.265742 0.176282 -0.947790
vn -0.495652 0.328676 -0.803929
vn -0.677296 0.448993 -0.582817
vn -0.793556 0.525965 -0.305988
vn -0.833552 0.552440 -0.000001
vn -0.793556 0.525965 0.305989
vn -0.677295 0.448992 0.582818
vn -0.495652 0.328676 0.803929
vn -0.265742 0.176282 0.947790
vn -0.009455 0.006233 0.999936
vn 0.448196 -0.369232 0.814118
vn 0.231256 -0.190432 0.954074
vn 0.621324 -0.512086 0.593063
vn 0.732976 -0.604303 0.312353
vn 0.771545 -0.636175 0.000000
vn 0.732976 -0.604302 -0.312354
vn 0.621324 -0.512085 -0.593064
vn 0.448194 -0.369231 -0.814119
vn 0.231256 -0.190432 -0.954073
vn -0.007793 0.006374 -0.999949
vn -0.245484 0.201874 -0.948148
vn -0.458834 0.377225 -0.804470
vn -0.627471 0.515750 -0.583337
vn -0.735438 0.604409 -0.306303
vn -0.772587 0.634909 -0.000001
vn -0.735438 0.604409 0.306303
vn -0.627471 0.515751 0.583336
vn -0.458835 0.377225 0.804470
vn -0.245484 0.201875 0.948148
vn -0.007794 0.006374 0.999949
vn 0.412505 -0.409356 0.813798
vn 0.213031 -0.211426 0.953896
vn 0.571719 -0.567297 0.592715
vn 0.674407 -0.669143 0.312126
vn 0.709880 -0.704322 0.000000
vn 0.674406 -0.669143 -0.312127
vn 0.571718 -0.567297 -0.592716
vn 0.412505 -0.409357 -0.813798
vn 0.213032 -0.211427 -0.953895
vn -0.006734 0.006695 -0.999955
vn -0.225215 0.223588 -0.948307
vn -0.421295 0.418278 -0.804708
vn -0.576263 0.572167 -0.583563
vn -0.675473 0.670693 -0.306441
vn -0.709609 0.704596 -0.000001
vn -0.675474 0.670694 0.306440
vn -0.576264 0.572167 0.583562
vn -0.421296 0.418278 0.804707
vn -0.225215 0.223587 0.948307
vn -0.006735 0.006695 0.999955
vn 0.372120 -0.445776 0.814132
vn 0.191948 -0.229984 0.954077
vn 0.516019 -0.618043 0.593082
vn 0.608882 -0.729170 0.312368
vn 0.640973 -0.767563 0.000000
vn 0.608882 -0.729170 -0.312368
vn 0.516019 -0.618045 -0.593081
vn 0.372121 -0.445778 -0.814131
vn 0.191949 -0.229984 -0.954077
vn -0.006441 0.007737 -0.999949
vn -0.203580 0.244055 -0.948152
vn -0.380452 0.456143 -0.804481
vn -0.520209 0.623764 -0.583354
vn -0.609669 0.731076 -0.306318
vn -0.640449 0.768001 -0.000001
vn -0.609670 0.731077 0.306316
vn -0.520209 0.623764 0.583353
vn -0.380452 0.456143 0.804481
vn -0.203580 0.244055 0.948152
vn -0.006441 0.007738 0.999949
vn 0.325726 -0.480069 0.814516
vn 0.167733 -0.247340 0.954300
vn 0.452057 -0.665897 0.593486
vn 0.533663 -0.785791 0.312628
vn 0.561882 -0.827218 0.000000
vn 0.533663 -0.785791 -0.312628
vn 0.452057 -0.665896 -0.593487
vn 0.325727 -0.480069 -0.814516
vn 0.167734 -0.247341 -0.954300
vn -0.006041 0.008979 -0.999942
vn -0.178550 0.263723 -0.947929
vn -0.333197 0.492289 -0.804134
vn -0.455317 0.672894 -0.583010
vn -0.533453 0.788498 -0.306104
vn -0.560330 0.828269 -0.000000
vn -0.533453 0.788497 0.306105
vn -0.455316 0.672893 0.583011
vn -0.333196 0.492289 0.804134
vn -0.178550 0.263722 0.947930
vn -0.006041 0.008980 0.999942
vn 0.271220 -0.511985 0.815053
vn 0.139458 -0.263272 0.954589
vn 0.376569 -0.710816 0.594085
vn 0.444623 -0.839242 0.313024
vn 0.468155 -0.883646 0.000000
vn 0.444623 -0.839242 -0.313024
vn 0.376568 -0.710815 -0.594087
vn 0.271220 -0.511985 -0.815053
vn 0.139458 -0.263273 -0.954588
vn -0.005486 0.010357 -0.999931
vn -0.149403 0.282079 -0.947687
vn -0.278445 0.525736 -0.803785
vn -0.380364 0.718191 -0.582687
vn -0.445584 0.841351 -0.305915
vn -0.468019 0.883718 -0.000000
vn -0.445584 0.841350 0.305916
vn -0.380364 0.718190 0.582689
vn -0.278444 0.525734 0.803787
vn -0.149403 0.282079 0.947687
vn -0.005486 0.010358 0.999931
vn 0.212943 -0.539173 0.814830
vn 0.109586 -0.277435 0.954474
vn 0.295516 -0.748355 0.593830
vn 0.348818 -0.883430 0.312852
vn 0.367241 -0.930126 0.000001
vn 0.348819 -0.883431 -0.312850
vn 0.295516 -0.748356 -0.593830
vn 0.212942 -0.539174 -0.814830
vn 0.109586 -0.277436 -0.954474
vn -0.004189 0.010585 -0.999935
vn -0.117217 0.296629 -0.947772
vn -0.218596 0.553139 -0.803899
vn -0.298684 0.755743 -0.582787
vn -0.349939 0.885395 -0.305972
vn -0.367572 0.929995 -0.000000
vn -0.349939 0.885395 0.305972
vn -0.298684 0.755742 0.582788
vn -0.218596 0.553138 0.803899
vn -0.117217 0.296629 0.947772
vn -0.004190 0.010586 0.999935
vn 0.153216 -0.559118 0.814808
vn 0.078845 -0.287737 0.954458
vn 0.212656 -0.775994 0.593811
vn 0.251038 -0.916029 0.312843
vn 0.264307 -0.964439 -0.000001
vn 0.251038 -0.916029 -0.312843
vn 0.212655 -0.775993 -0.593812
vn 0.153216 -0.559117 -0.814809
vn 0.078845 -0.287739 -0.954458
vn -0.002993 0.010912 -0.999936
vn -0.084270 0.307541 -0.947796
vn -0.157157 0.573567 -0.803942
vn -0.214730 0.783707 -0.582833
vn -0.251574 0.918191 -0.306000
vn -0.264248 0.964455 -0.000000
vn -0.251574 0.918191 0.306000
vn -0.214730 0.783707 0.582834
vn -0.157157 0.573566 0.803942
vn -0.084270 0.307541 0.947796
vn -0.002993 0.010913 0.999936
vn 0.092012 -0.572517 0.814713
vn 0.047398 -0.294734 0.954403
vn 0.127605 -0.794496 0.593711
vn 0.150554 -0.937819 0.312778
vn 0.158480 -0.987362 -0.000002
vn 0.150553 -0.937819 -0.312778
vn 0.127605 -0.794497 -0.593710
vn 0.092012 -0.572516 -0.814714
vn 0.047398 -0.294735 -0.954403
vn -0.001779 0.010984 -0.999938
vn -0.050692 0.314655 -0.947851
vn -0.094607 0.587015 -0.804029
vn -0.129323 0.802173 -0.582919
vn -0.151552 0.939876 -0.306049
vn -0.159200 0.987246 -0.000001
vn -0.151552 0.939875 0.306049
vn -0.129323 0.802172 0.582920
vn -0.094607 0.587014 0.804030
vn -0.050692 0.314655 0.947852
vn -0.001780 0.010985 0.999938
vn 0.033556 -0.579903 0.813994
vn 0.017408 -0.299283 0.954006
vn 0.046268 -0.803925 0.592928
vn 0.054370 -0.948438 0.312265
vn 0.057149 -0.998366 0.000002
vn 0.054370 -0.948439 -0.312262
vn 0.046268 -0.803925 -0.592928
vn 0.033556 -0.579902 -0.813995
vn 0.017408 -0.299283 -0.954006
vn -0.000623 0.009836 -0.999951
vn -0.018753 0.317104 -0.948205
vn -0.035169 0.592837 -0.804554
vn -0.048227 0.810741 -0.583416
vn -0.056620 0.950235 -0.306345
vn -0.059514 0.998228 0.000001
vn -0.056620 0.950235 0.306345
vn -0.048227 0.810741 0.583415
vn -0.035169 0.592837 0.804554
vn -0.018753 0.317104 0.948205
vn -0.000623 0.009837 0.999951
vn -0.017457 -0.581474 0.813377
vn -0.009008 -0.300774 0.953653
vn -0.024238 -0.805374 0.592272
vn -0.028632 -0.949703 0.311841
vn -0.030154 -0.999545 0.000002
vn -0.028632 -0.949703 -0.311839
vn -0.024238 -0.805372 -0.592273
vn -0.017457 -0.581474 -0.813378
vn -0.009008 -0.300775 -0.953653
vn 0.000249 0.008685 -0.999962
vn 0.009405 0.316515 -0.948541
vn 0.017589 0.592921 -0.805068
vn 0.024039 0.811460 -0.583913
vn 0.028160 0.951406 -0.306650
vn 0.029576 0.999563 0.000003
vn 0.028160 0.951406 0.306651
vn 0.024039 0.811462 0.583911
vn 0.017589 0.592922 0.805068
vn 0.009405 0.316515 0.948541
vn 0.000249 0.008686 0.999962
vn -0.065134 -0.578156 0.813322
vn -0.033715 -0.299110 0.953623
vn -0.090160 -0.800724 0.592209
vn -0.106273 -0.944186 0.311800
vn -0.111834 -0.993727 0.000000
vn -0.106273 -0.944185 -0.311802
vn -0.090160 -0.800723 -0.592211
vn -0.065134 -0.578156 -0.813322
vn -0.033715 -0.299111 -0.953623
vn 0.000972 0.008539 -0.999963
vn 0.035518 0.314580 -0.948566
vn 0.066569 0.589384 -0.805106
vn 0.091136 0.806661 -0.583946
vn 0.106875 0.945797 -0.306670
vn 0.112293 0.993675 0.000000
vn 0.106875 0.945796 0.306671
vn 0.091136 0.806661 0.583946
vn 0.066569 0.589385 0.805105
vn 0.035518 0.314580 0.948566
vn 0.000972 0.008540 0.999963
vn -0.113452 -0.570342 0.813534
vn -0.058660 -0.294853 0.953740
vn -0.157152 -0.790139 0.592439
vn -0.185320 -0.931848 0.311954
vn -0.195047 -0.980794 0.000000
vn -0.185320 -0.931848 -0.311956
vn -0.157152 -0.790137 -0.592442
vn -0.113452 -0.570341 -0.813535
vn -0.058661 -0.294854 -0.953740
vn 0.001752 0.008791 -0.999960
vn 0.061854 0.310786 -0.948465
vn 0.115827 0.581918 -0.804957
vn 0.158505 0.796269 -0.583808
vn 0.185836 0.933524 -0.306589
vn 0.195242 0.980755 0.000000
vn 0.185836 0.933524 0.306590
vn 0.158505 0.796269 0.583808
vn 0.115827 0.581918 0.804957
vn 0.061854 0.310786 0.948465
vn 0.001752 0.008792 0.999960
vn -0.162237 -0.558363 0.813578
vn -0.083873 -0.288599 0.953770
vn -0.224727 -0.773604 0.592482
vn -0.264999 -0.912384 0.311979
vn -0.278905 -0.960319 0.000000
vn -0.264999 -0.912384 -0.311978
vn -0.224727 -0.773603 -0.592483
vn -0.162236 -0.558362 -0.813579
vn -0.083873 -0.288600 -0.953769
vn 0.002542 0.008714 -0.999959
vn 0.088520 0.304382 -0.948428
vn 0.165734 0.569807 -0.804893
vn 0.226789 0.779623 -0.583741
vn 0.265889 0.913965 -0.306548
vn 0.279344 0.960191 -0.000000
vn 0.265889 0.913965 0.306547
vn 0.226789 0.779624 0.583741
vn 0.165734 0.569806 0.804893
vn 0.088520 0.304381 0.948428
vn 0.002542 0.008715 0.999959
vn -0.211559 -0.540818 0.814100
vn -0.109233 -0.278975 0.954066
vn -0.293082 -0.749938 0.593040
vn -0.345579 -0.884885 0.312335
vn -0.363698 -0.931517 0.000000
vn -0.345580 -0.884886 -0.312333
vn -0.293082 -0.749939 -0.593038
vn -0.211559 -0.540818 -0.814100
vn -0.109233 -0.278975 -0.954066
vn 0.003707 0.009345 -0.999949
vn 0.116160 0.295839 -0.948149
vn 0.217206 0.552861 -0.804467
vn 0.297134 0.755935 -0.583330
vn 0.348331 0.885916 -0.306298
vn 0.365951 0.930634 0.000000
vn 0.348331 0.885916 0.306298
vn 0.297134 0.755935 0.583330
vn 0.217206 0.552861 0.804467
vn 0.116160 0.295838 0.948149
vn 0.003707 0.009345 0.999950
vn -0.266273 -0.514774 0.814928
vn -0.137023 -0.264803 0.954518
vn -0.369503 -0.714625 0.593951
vn -0.436128 -0.843721 0.312934
vn -0.459152 -0.888358 0.000000
vn -0.436128 -0.843722 -0.312933
vn -0.369504 -0.714627 -0.593949
vn -0.266273 -0.514773 -0.814928
vn -0.137024 -0.264804 -0.954518
vn 0.005300 0.010189 -0.999934
vn 0.146737 0.283248 -0.947755
vn 0.273638 0.528095 -0.803889
vn 0.373915 0.721488 -0.582789
vn 0.438103 0.845248 -0.305977
vn 0.460187 0.887822 0.000000
vn 0.438103 0.845248 0.305978
vn 0.373914 0.721487 0.582790
vn 0.273638 0.528095 0.803889
vn 0.146736 0.283248 0.947755
vn 0.005300 0.010190 0.999934
vn -0.321446 -0.482298 0.814900
vn -0.165366 -0.248096 0.954517
vn -0.446175 -0.669487 0.593899
vn -0.526707 -0.790364 0.312896
vn -0.554546 -0.832153 0.000000
vn -0.526708 -0.790364 -0.312895
vn -0.446175 -0.669487 -0.593899
vn -0.321446 -0.482298 -0.814899
vn -0.165367 -0.248097 -0.954516
vn 0.006397 0.009599 -0.999933
vn 0.176990 0.265504 -0.947725
vn 0.329969 0.494962 -0.803824
vn 0.450800 0.676187 -0.582710
vn 0.528121 0.792149 -0.305921
vn 0.554718 0.832038 0.000000
vn 0.528120 0.792149 0.305924
vn 0.450799 0.676186 0.582712
vn 0.329969 0.494962 0.803824
vn 0.176990 0.265504 0.947725
vn 0.006398 0.009600 0.999934
vn -0.374572 -0.440502 0.815876
vn -0.192190 -0.225722 0.955046
vn -0.520221 -0.612667 0.594987
vn -0.614212 -0.724144 0.313621
vn -0.646695 -0.762749 -0.000000
vn -0.614213 -0.724145 -0.313620
vn -0.520222 -0.612667 -0.594986
vn -0.374573 -0.440502 -0.815876
vn -0.192191 -0.225723 -0.955045
vn 0.008654 0.009996 -0.999913
vn 0.208245 0.243600 -0.947256
vn 0.387301 0.452747 -0.803130
vn 0.528764 0.617754 -0.582055
vn 0.619301 0.723269 -0.305530
vn 0.650447 0.759552 0.000000
vn 0.619301 0.723268 0.305531
vn 0.528764 0.617753 0.582056
vn 0.387302 0.452747 0.803130
vn 0.208245 0.243600 0.947255
vn 0.008656 0.009997 0.999913
vn -0.429266 -0.386943 0.816092
vn -0.219830 -0.198371 0.955157
vn -0.597177 -0.537656 0.595236
vn -0.705923 -0.634987 0.313789
vn -0.743587 -0.668639 -0.000000
vn -0.705924 -0.634987 -0.313788
vn -0.597178 -0.537657 -0.595234
vn -0.429267 -0.386944 -0.816091
vn -0.219831 -0.198372 -0.955156
vn 0.010001 0.009151 -0.999908
vn 0.237761 0.215269 -0.947169
vn 0.441678 0.400118 -0.803011
vn 0.602562 0.546125 -0.581951
vn 0.705446 0.639558 -0.305470
vn 0.740825 0.671698 0.000001
vn 0.705446 0.639558 0.305470
vn 0.602563 0.546125 0.581950
vn 0.441678 0.400119 0.803010
vn 0.237762 0.215270 0.947169
vn 0.010002 0.009152 0.999908
vn -0.473542 -0.334880 0.814624
vn -0.243768 -0.172534 0.954363
vn -0.657254 -0.464388 0.593600
vn -0.775918 -0.547878 0.312699
vn -0.816948 -0.576711 0.000001
vn -0.775919 -0.547878 -0.312699
vn -0.657253 -0.464388 -0.593601
vn -0.473542 -0.334880 -0.814624
vn -0.243770 -0.172535 -0.954363
vn 0.008973 0.006424 -0.999939
vn 0.259888 0.184411 -0.947866
vn 0.484826 0.344193 -0.804037
vn 0.662454 0.470492 -0.582916
vn 0.776108 0.551355 -0.306046
vn 0.815202 0.579177 0.000001
vn 0.776108 0.551355 0.306046
vn 0.662455 0.470493 0.582915
vn 0.484826 0.344193 0.804037
vn 0.259888 0.184411 0.947867
vn 0.008973 0.006425 0.999939
vn -0.505132 -0.286509 0.814098
vn -0.260599 -0.147849 0.954059
vn -0.700400 -0.397161 0.593045
vn -0.826396 -0.468519 0.312344
vn -0.869934 -0.493169 0.000002
vn -0.826397 -0.468520 -0.312343
vn -0.700400 -0.397161 -0.593045
vn -0.505131 -0.286509 -0.814098
vn -0.260599 -0.147849 -0.954059
vn 0.008699 0.004951 -0.999950
vn 0.276338 0.156894 -0.948168
vn 0.516482 0.293287 -0.804506
vn 0.706250 0.401102 -0.583376
vn 0.827730 0.470135 -0.306327
vn 0.869526 0.493888 -0.000000
vn 0.827730 0.470135 0.306328
vn 0.706249 0.401103 0.583377
vn 0.516482 0.293287 0.804506
vn 0.276338 0.156894 0.948168
vn 0.008700 0.004951 0.999950
vn -0.529906 -0.239452 0.813549
vn -0.273899 -0.123829 0.953754
vn -0.734197 -0.331598 0.592451
vn -0.865932 -0.390954 0.311958
vn -0.911435 -0.411443 0.000001
vn -0.865932 -0.390954 -0.311957
vn -0.734196 -0.331599 -0.592451
vn -0.529906 -0.239452 -0.813549
vn -0.273900 -0.123830 -0.953753
vn 0.008213 0.003746 -0.999959
vn 0.288730 0.130742 -0.948442
vn 0.540525 0.244839 -0.804914
vn 0.739554 0.335084 -0.583762
vn 0.866984 0.392888 -0.306559
vn 0.910830 0.412782 -0.000001
vn 0.866984 0.392889 0.306558
vn 0.739554 0.335084 0.583762
vn 0.540526 0.244839 0.804914
vn 0.288730 0.130743 0.948442
vn 0.008214 0.003746 0.999959
vn -0.548216 -0.194563 0.813390
vn -0.283561 -0.100599 0.953663
vn -0.759297 -0.269577 0.592281
vn -0.895348 -0.317967 0.311847
vn -0.942330 -0.334684 -0.000000
vn -0.895348 -0.317967 -0.311848
vn -0.759296 -0.269578 -0.592282
vn -0.548216 -0.194563 -0.813390
vn -0.283563 -0.100599 -0.953663
vn 0.008234 0.002903 -0.999962
vn 0.298512 0.105781 -0.948526
vn 0.559166 0.198096 -0.805041
vn 0.765253 0.271049 -0.583884
vn 0.897224 0.317751 -0.306632
vn 0.942637 0.333819 -0.000001
vn 0.897224 0.317751 0.306632
vn 0.765253 0.271049 0.583884
vn 0.559166 0.198096 0.805041
vn 0.298512 0.105781 0.948526
vn 0.008234 0.002903 0.999962
vn -0.562313 -0.144573 0.814189
vn -0.290036 -0.074435 0.954117
vn -0.779655 -0.200824 0.593133
vn -0.919847 -0.237253 0.312397
vn -0.968280 -0.249867 -0.000000
vn -0.919847 -0.237252 -0.312399
vn -0.779655 -0.200824 -0.593134
vn -0.562313 -0.144573 -0.814189
vn -0.290037 -0.074435 -0.954116
vn 0.009917 0.002481 -0.999948
vn 0.308096 0.078641 -0.948099
vn 0.575685 0.146777 -0.804390
vn 0.787153 0.200503 -0.583256
vn 0.922527 0.234847 -0.306252
vn 0.969103 0.246656 -0.000000
vn 0.922527 0.234847 0.306252
vn 0.787153 0.200503 0.583257
vn 0.575684 0.146777 0.804391
vn 0.308096 0.078641 0.948099
vn 0.009917 0.002481 0.999948
vn -0.572752 -0.081742 0.815643
vn -0.293919 -0.041757 0.954918
vn -0.795784 -0.114126 0.594730
vn -0.939919 -0.135285 0.313448
vn -0.989773 -0.142651 -0.000000
vn -0.939919 -0.135285 -0.313449
vn -0.795784 -0.114126 -0.594729
vn -0.572752 -0.081742 -0.815643
vn -0.293920 -0.041757 -0.954917
vn 0.012691 0.001705 -0.999918
vn 0.317029 0.044437 -0.947374
vn 0.589826 0.082465 -0.803309
vn 0.805227 0.112344 -0.582227
vn 0.943038 0.131400 -0.305636
vn 0.990440 0.137944 -0.000000
vn 0.943038 0.131399 0.305635
vn 0.805227 0.112344 0.582227
vn 0.589825 0.082465 0.803309
vn 0.317028 0.044437 0.947375
vn 0.012692 0.001706 0.999918
vn -0.577112 -0.005425 0.816647
vn -0.295096 -0.002658 0.955464
vn -0.803060 -0.007885 0.595846
vn -0.949311 -0.009622 0.314192
vn -0.999947 -0.010255 -0.000000
vn -0.949310 -0.009622 -0.314193
vn -0.803060 -0.007884 -0.595846
vn -0.577112 -0.005425 -0.816647
vn -0.295097 -0.002658 -0.955464
vn 0.014574 0.000084 -0.999894
vn 0.321595 0.002571 -0.946874
vn 0.596551 0.004650 -0.802562
vn 0.813511 0.006210 -0.581516
vn 0.952259 0.007177 -0.305207
vn 0.999972 0.007504 0.000000
vn 0.952259 0.007177 0.305207
vn 0.813511 0.006210 0.581516
vn 0.596551 0.004649 0.802562
vn 0.321595 0.002571 0.946874
vn 0.014575 0.000084 0.999894
vn -0.571107 0.078095 0.817153
vn -0.291572 0.039859 0.955718
vn -0.795252 0.108779 0.596440
vn -0.940462 0.128672 0.314603
vn -0.990768 0.135567 0.000000
vn -0.940462 0.128672 -0.314604
vn -0.795252 0.108779 -0.596441
vn -0.571107 0.078095 -0.817153
vn -0.291573 0.039859 -0.955718
vn 0.015189 -0.002073 -0.999883
vn 0.319215 -0.043609 -0.946678
vn 0.591436 -0.080786 -0.802295
vn 0.806219 -0.110110 -0.581280
vn 0.943571 -0.128861 -0.305071
vn 0.990804 -0.135308 0.000000
vn 0.943571 -0.128861 0.305071
vn 0.806219 -0.110111 0.581280
vn 0.591436 -0.080786 0.802295
vn 0.319215 -0.043609 0.946678
vn 0.015190 -0.002073 0.999883
vn -0.556049 0.158269 0.815942
vn -0.285089 0.080865 0.955084
vn -0.772769 0.220771 0.595053
vn -0.912815 0.261506 0.313661
vn -0.961253 0.275669 0.000000
vn -0.912815 0.261507 -0.313661
vn -0.772769 0.220771 -0.595054
vn -0.556049 0.158269 -0.815942
vn -0.285091 0.080865 -0.955083
vn 0.012886 -0.003516 -0.999911
vn 0.308661 -0.086684 -0.947214
vn 0.573778 -0.160842 -0.803062
vn 0.783103 -0.219182 -0.581987
vn 0.917020 -0.256422 -0.305488
vn 0.963080 -0.269217 0.000000
vn 0.917019 -0.256422 0.305489
vn 0.783103 -0.219182 0.581988
vn 0.573778 -0.160842 0.803062
vn 0.308661 -0.086684 0.947214
vn 0.012887 -0.003516 0.999911
vn -0.537605 0.219733 0.814063
vn -0.277440 0.113224 0.954048
vn -0.745184 0.305054 0.592995
vn -0.879024 0.360253 0.312307
vn -0.925251 0.379356 0.000000
vn -0.879024 0.360253 -0.312307
vn -0.745184 0.305054 -0.592995
vn -0.537605 0.219733 -0.814063
vn -0.277441 0.113225 -0.954047
vn 0.009294 -0.003704 -0.999950
vn 0.294437 -0.119591 -0.948159
vn 0.550396 -0.223343 -0.804476
vn 0.752713 -0.305193 -0.583336
vn 0.882242 -0.357532 -0.306299
vn 0.926810 -0.375530 0.000000
vn 0.882242 -0.357532 0.306300
vn 0.752712 -0.305193 0.583336
vn 0.550396 -0.223343 0.804477
vn 0.294437 -0.119592 0.948159
vn 0.009295 -0.003704 0.999950
vn -0.518674 0.264797 0.812933
vn -0.268738 0.137142 0.953400
vn -0.717877 0.366644 0.591798
vn -0.846201 0.432307 0.311537
vn -0.890499 0.454985 -0.000000
vn -0.846201 0.432307 -0.311537
vn -0.717877 0.366644 -0.591798
vn -0.518674 0.264796 -0.812933
vn -0.268738 0.137143 -0.953400
vn 0.007016 -0.003551 -0.999969
vn 0.281506 -0.143468 -0.948774
vn 0.528107 -0.269072 -0.805421
vn 0.723160 -0.368363 -0.584251
vn 0.848097 -0.431939 -0.306854
vn 0.891096 -0.453816 -0.000000
vn 0.848097 -0.431939 0.306854
vn 0.723159 -0.368364 0.584251
vn 0.528107 -0.269072 0.805421
vn 0.281506 -0.143468 0.948774
vn 0.007018 -0.003552 0.999969
vn -0.499006 0.301271 0.812545
vn -0.258912 0.156295 0.953172
vn -0.690301 0.416819 0.591394
vn -0.813495 0.491253 0.311282
vn -0.856017 0.516948 0.000000
vn -0.813495 0.491253 -0.311281
vn -0.690301 0.416819 -0.591394
vn -0.499005 0.301270 -0.812545
vn -0.258913 0.156295 -0.953172
vn 0.006080 -0.003660 -0.999975
vn 0.269948 -0.162885 -0.948998
vn 0.507084 -0.305941 -0.805770
vn 0.694699 -0.419100 -0.584592
vn 0.814896 -0.491586 -0.307063
vn 0.856267 -0.516534 -0.000001
vn 0.814896 -0.491586 0.307063
vn 0.694700 -0.419100 0.584592
vn 0.507085 -0.305941 0.805770
vn 0.269949 -0.162885 0.948997
vn 0.006081 -0.003660 0.999975
vn -0.479991 0.332457 0.811838
vn -0.249718 0.172886 0.952760
vn -0.663251 0.459590 0.590657
vn -0.781163 0.541460 0.310813
vn -0.821841 0.569718 0.000000
vn -0.781163 0.541460 -0.310813
vn -0.663251 0.459589 -0.590657
vn -0.479991 0.332456 -0.811838
vn -0.249718 0.172886 -0.952760
vn 0.004735 -0.003235 -0.999984
vn 0.258384 -0.178607 -0.949388
vn 0.486548 -0.336211 -0.806371
vn 0.667191 -0.460899 -0.585174
vn 0.782977 -0.540779 -0.307415
vn 0.822840 -0.568274 0.000001
vn 0.782977 -0.540780 0.307416
vn 0.667192 -0.460899 0.585173
vn 0.486548 -0.336211 0.806370
vn 0.258385 -0.178608 0.949388
vn 0.004735 -0.003235 0.999984
vn -0.466057 0.354222 0.810752
vn -0.243428 0.184980 0.952116
vn -0.643040 0.488825 0.589534
vn -0.756815 0.575384 0.310104
vn -0.796046 0.605237 0.000000
vn -0.756815 0.575384 -0.310104
vn -0.643040 0.488825 -0.589534
vn -0.466057 0.354222 -0.810752
vn -0.243428 0.184980 -0.952116
vn 0.002868 -0.002162 -0.999994
vn 0.248662 -0.188833 -0.950005
vn 0.469976 -0.356840 -0.807334
vn 0.645333 -0.489914 -0.586114
vn 0.757791 -0.575236 -0.307987
vn 0.796518 -0.604615 0.000002
vn 0.757791 -0.575236 0.307988
vn 0.645333 -0.489914 0.586114
vn 0.469976 -0.356840 0.807334
vn 0.248662 -0.188833 0.950005
vn 0.002868 -0.002162 0.999994
vn -0.455789 0.368216 0.810354
vn -0.238415 0.192601 0.951874
vn -0.628545 0.507794 0.589132
vn -0.739577 0.597508 0.309853
vn -0.777858 0.628440 -0.000000
vn -0.739577 0.597509 -0.309852
vn -0.628545 0.507795 -0.589131
vn -0.455789 0.368216 -0.810354
vn -0.238415 0.192601 -0.951873
vn 0.002153 -0.001736 -0.999996
vn 0.242319 -0.195732 -0.950248
vn 0.458639 -0.370453 -0.807722
vn 0.630089 -0.508925 -0.586500
vn 0.740067 -0.597745 -0.308225
vn 0.777944 -0.628334 -0.000000
vn 0.740067 -0.597745 0.308224
vn 0.630090 -0.508926 0.586499
vn 0.458640 -0.370454 0.807721
vn 0.242319 -0.195732 0.950248
vn 0.002153 -0.001736 0.999996
vn -0.446847 0.379449 0.810152
vn -0.233915 0.198627 0.951752
vn -0.616034 0.523132 0.588927
vn -0.724755 0.615468 0.309725
vn -0.762234 0.647301 -0.000001
vn -0.724754 0.615468 -0.309726
vn -0.616035 0.523132 -0.588927
vn -0.446847 0.379449 -0.810152
vn -0.233915 0.198627 -0.951752
vn 0.001796 -0.001522 -0.999997
vn 0.237173 -0.201371 -0.950368
vn 0.449229 -0.381407 -0.807912
vn 0.617331 -0.524118 -0.586688
vn 0.725174 -0.615668 -0.308341
vn 0.762320 -0.647201 -0.000001
vn 0.725175 -0.615669 0.308340
vn 0.617332 -0.524119 0.586686
vn 0.449230 -0.381408 0.807911
vn 0.237173 -0.201372 0.950367
vn 0.001797 -0.001523 0.999997
vn -0.439234 0.388701 0.809929
vn -0.230123 0.203642 0.951616
vn -0.605344 0.535714 0.588702
vn -0.712067 0.630171 0.309587
vn -0.748856 0.662733 -0.000000
vn -0.712067 0.630171 -0.309587
vn -0.605344 0.535714 -0.588702
vn -0.439234 0.388701 -0.809929
vn -0.230123 0.203642 -0.951616
vn 0.001422 -0.001255 -0.999998
vn 0.232704 -0.205906 -0.950501
vn 0.441123 -0.390314 -0.808124
vn 0.606379 -0.536523 -0.586897
vn 0.712411 -0.630331 -0.308470
vn 0.748935 -0.662644 -0.000001
vn 0.712411 -0.630331 0.308470
vn 0.606379 -0.536523 0.586897
vn 0.441124 -0.390315 0.808124
vn 0.232704 -0.205906 0.950501
vn 0.001423 -0.001257 0.999998
vn -0.433240 0.395833 0.809703
vn -0.227175 0.207557 0.951479
vn -0.596891 0.545363 0.588473
vn -0.702016 0.641419 0.309445
vn -0.738250 0.674527 0.000000
vn -0.702015 0.641419 -0.309445
vn -0.596890 0.545362 -0.588474
vn -0.433240 0.395833 -0.809704
vn -0.227175 0.207556 -0.951479
vn 0.001059 -0.000965 -0.999999
vn 0.229097 -0.209298 -0.950636
vn 0.434645 -0.397076 -0.808340
vn 0.597658 -0.545990 -0.587111
vn 0.702267 -0.641550 -0.308602
vn 0.738304 -0.674469 -0.000001
vn 0.702267 -0.641550 0.308601
vn 0.597657 -0.545990 0.587112
vn 0.434645 -0.397076 0.808341
vn 0.229097 -0.209298 0.950636
vn 0.001060 -0.000966 0.999999
vn -0.428651 0.401148 0.809530
vn -0.224916 0.210483 0.951373
vn -0.590423 0.552545 0.588298
vn -0.694326 0.649787 0.309335
vn -0.730137 0.683301 -0.000001
vn -0.694326 0.649787 -0.309336
vn -0.590422 0.552545 -0.588299
vn -0.428650 0.401148 -0.809530
vn -0.224916 0.210483 -0.951373
vn 0.000784 -0.000732 -0.999999
vn 0.226338 -0.211806 -0.950742
vn 0.429688 -0.402097 -0.808509
vn 0.590983 -0.553030 -0.587280
vn 0.694502 -0.649898 -0.308705
vn 0.730166 -0.683270 -0.000001
vn 0.694503 -0.649898 0.308704
vn 0.590982 -0.553029 0.587281
vn 0.429687 -0.402096 0.808510
vn 0.226337 -0.211806 0.950742
vn 0.000785 -0.000733 0.999999
vn -0.425301 0.405012 0.809373
vn -0.223291 0.212638 0.951276
vn -0.585676 0.557740 0.588142
vn -0.688670 0.655824 0.309239
vn -0.724164 0.689627 0.000000
vn -0.688670 0.655824 -0.309239
vn -0.585675 0.557739 -0.588142
vn -0.425301 0.405012 -0.809373
vn -0.223292 0.212639 -0.951276
vn 0.000539 -0.000513 -1.000000
vn 0.224271 -0.213565 -0.950838
vn 0.426017 -0.405677 -0.808663
vn 0.586064 -0.558078 -0.587433
vn 0.688794 -0.655901 -0.308799
vn 0.724187 -0.689603 0.000000
vn 0.688794 -0.655901 0.308799
vn 0.586064 -0.558078 0.587433
vn 0.426016 -0.405676 0.808664
vn 0.224271 -0.213564 0.950838
vn 0.000541 -0.000514 1.000000
vn -0.423283 0.407470 0.809197
vn -0.222380 0.214071 0.951168
vn -0.582750 0.560981 0.587965
vn -0.685147 0.659555 0.309128
vn -0.720434 0.693524 0.000000
vn -0.685147 0.659555 -0.309129
vn -0.582749 0.560980 -0.587967
vn -0.423283 0.407470 -0.809197
vn -0.222381 0.214072 -0.951168
vn 0.000272 -0.000261 -1.000000
vn 0.222875 -0.214544 -0.950946
vn 0.423645 -0.407808 -0.808837
vn 0.582946 -0.561153 -0.587606
vn 0.685211 -0.659593 -0.308906
vn 0.720446 -0.693511 0.000000
vn 0.685211 -0.659593 0.308904
vn 0.582946 -0.561153 0.587606
vn 0.423644 -0.407807 0.808838
vn 0.222875 -0.214544 0.950946
vn 0.000273 -0.000262 1.000000
vn -0.422785 0.408368 0.809005
vn -0.222281 0.214701 0.951049
vn -0.581904 0.562061 0.587771
vn -0.684063 0.660736 0.309008
vn -0.719264 0.694737 0.000001
vn -0.684063 0.660736 -0.309008
vn -0.581903 0.562060 -0.587773
vn -0.422785 0.408368 -0.809005
vn -0.222282 0.214702 -0.951049
vn -0.000019 0.000019 -1.000000
vn 0.222248 -0.214669 -0.951064
vn 0.422760 -0.408345 -0.809029
vn 0.581890 -0.562049 -0.587797
vn 0.684058 -0.660733 -0.309025
vn 0.719263 -0.694738 -0.000001
vn 0.684058 -0.660733 0.309023
vn 0.581890 -0.562049 0.587796
vn 0.422760 -0.408345 0.809029
vn 0.222248 -0.214669 0.951064
vn -0.000018 0.000018 1.000000
vn -0.423954 0.407568 0.808796
vn -0.223073 0.214452 0.950920
vn -0.583339 0.560789 0.587564
vn -0.685653 0.659146 0.308880
vn -0.720904 0.693035 0.000000
vn -0.685653 0.659146 -0.308879
vn -0.583339 0.560790 -0.587564
vn -0.423954 0.407568 -0.808796
vn -0.223074 0.214453 -0.950919
vn -0.000336 0.000323 -1.000000
vn 0.222464 -0.213871 -0.951194
vn 0.423508 -0.407153 -0.809238
vn 0.583094 -0.560579 -0.588007
vn 0.685571 -0.659101 -0.309156
vn 0.720886 -0.693053 -0.000001
vn 0.685571 -0.659102 0.309155
vn 0.583094 -0.560579 0.588007
vn 0.423508 -0.407154 0.809238
vn 0.222464 -0.213871 0.951194
vn -0.000335 0.000322 1.000000
vn -0.426776 0.405006 0.808599
vn -0.224726 0.213264 0.950798
vn -0.587055 0.557103 0.587369
vn -0.689930 0.654725 0.308759
vn -0.725371 0.688358 -0.000000
vn -0.689930 0.654726 -0.308758
vn -0.587055 0.557103 -0.587369
vn -0.426776 0.405005 -0.808600
vn -0.224727 0.213265 -0.950798
vn -0.000640 0.000607 -1.000000
vn 0.223565 -0.212171 -0.951316
vn 0.425927 -0.404223 -0.809438
vn 0.586592 -0.556705 -0.588208
vn 0.689779 -0.654639 -0.309279
vn 0.725340 -0.688390 0.000000
vn 0.689779 -0.654639 0.309279
vn 0.586592 -0.556705 0.588209
vn 0.425927 -0.404222 0.809439
vn 0.223565 -0.212170 0.951316
vn -0.000639 0.000606 1.000000
vn -0.431054 0.400787 0.808432
vn -0.227124 0.211179 0.950693
vn -0.592797 0.551167 0.587203
vn -0.696598 0.647675 0.308656
vn -0.732357 0.680920 0.000001
vn -0.696598 0.647675 -0.308656
vn -0.592797 0.551167 -0.587203
vn -0.431054 0.400786 -0.808432
vn -0.227125 0.211179 -0.950693
vn -0.000908 0.000843 -0.999999
vn 0.225479 -0.209658 -0.951421
vn 0.429853 -0.399697 -0.809610
vn 0.592146 -0.550610 -0.588381
vn 0.696392 -0.647549 -0.309385
vn 0.732321 -0.680960 -0.000000
vn 0.696392 -0.647549 0.309385
vn 0.592146 -0.550610 0.588382
vn 0.429853 -0.399696 0.809611
vn 0.225479 -0.209658 0.951421
vn -0.000907 0.000842 0.999999
vn -0.436751 0.394975 0.808234
vn -0.230299 0.208276 0.950570
vn -0.600465 0.543017 0.587005
vn -0.705516 0.638007 0.308536
vn -0.741703 0.670729 0.000000
vn -0.705516 0.638007 -0.308536
vn -0.600465 0.543017 -0.587005
vn -0.436752 0.394975 -0.808234
vn -0.230300 0.208276 -0.950570
vn -0.001233 0.001112 -0.999999
vn 0.228062 -0.206273 -0.951546
vn 0.435110 -0.393551 -0.809813
vn 0.599559 -0.542306 -0.588585
vn 0.705207 -0.637876 -0.309513
vn 0.741622 -0.670818 -0.000000
vn 0.705207 -0.637876 0.309513
vn 0.599559 -0.542306 0.588586
vn 0.435109 -0.393550 0.809814
vn 0.228062 -0.206273 0.951546
vn -0.001232 0.001112 0.999999
vn -0.444369 0.386969 0.807955
vn -0.234566 0.204274 0.950395
vn -0.610694 0.531791 0.586730
vn -0.717400 0.624697 0.308368
vn -0.754155 0.656697 -0.000000
vn -0.717400 0.624697 -0.308367
vn -0.610694 0.531791 -0.586730
vn -0.444368 0.386968 -0.807956
vn -0.234567 0.204275 -0.950395
vn -0.001706 0.001482 -0.999997
vn 0.231468 -0.201607 -0.951723
vn 0.442093 -0.385075 -0.810106
vn 0.609436 -0.530856 -0.588880
vn 0.716966 -0.624538 -0.309697
vn 0.754035 -0.656834 -0.000001
vn 0.716966 -0.624538 0.309697
vn 0.609435 -0.530856 0.588881
vn 0.442093 -0.385075 0.810106
vn 0.231468 -0.201607 0.951724
vn -0.001706 0.001481 0.999997
vn -0.453854 0.376324 0.807711
vn -0.239799 0.198842 0.950241
vn -0.623509 0.516980 0.586488
vn -0.732333 0.607199 0.308219
vn -0.769812 0.638270 -0.000001
vn -0.732332 0.607199 -0.308219
vn -0.623509 0.516980 -0.586488
vn -0.453854 0.376323 -0.807711
vn -0.239800 0.198843 -0.950241
vn -0.002149 0.001778 -0.999996
vn 0.235900 -0.195638 -0.951881
vn 0.451000 -0.374040 -0.810366
vn 0.621949 -0.515838 -0.589144
vn 0.731821 -0.606980 -0.309860
vn 0.769702 -0.638404 -0.000000
vn 0.731821 -0.606979 0.309862
vn 0.621949 -0.515837 0.589145
vn 0.451001 -0.374041 0.810365
vn 0.235901 -0.195638 0.951881
vn -0.002148 0.001777 0.999996
vn -0.464680 0.363282 0.807526
vn -0.245695 0.192088 0.950125
vn -0.638209 0.498933 0.586306
vn -0.749504 0.585930 0.308107
vn -0.787833 0.615889 -0.000000
vn -0.749504 0.585930 -0.308108
vn -0.638209 0.498933 -0.586307
vn -0.464680 0.363282 -0.807526
vn -0.245696 0.192088 -0.950124
vn -0.002516 0.001963 -0.999995
vn 0.241135 -0.188547 -0.952000
vn 0.461353 -0.360750 -0.810563
vn 0.636409 -0.497650 -0.589345
vn 0.748940 -0.585659 -0.309988
vn 0.787742 -0.616006 0.000000
vn 0.748940 -0.585659 0.309988
vn 0.636409 -0.497649 0.589346
vn 0.461353 -0.360750 0.810563
vn 0.241135 -0.188547 0.952000
vn -0.002515 0.001963 0.999995
vn -0.476185 0.348372 0.807394
vn -0.251907 0.184297 0.950041
vn -0.653884 0.478364 0.586177
vn -0.767843 0.561726 0.308028
vn -0.807087 0.590433 0.000000
vn -0.767842 0.561726 -0.308029
vn -0.653884 0.478364 -0.586177
vn -0.476185 0.348372 -0.807394
vn -0.251908 0.184297 -0.950040
vn -0.002809 0.002053 -0.999994
vn 0.246819 -0.180591 -0.952086
vn 0.472482 -0.345713 -0.810706
vn 0.651896 -0.477003 -0.589491
vn 0.767244 -0.561415 -0.310080
vn 0.807020 -0.590524 -0.000000
vn 0.767245 -0.561415 0.310079
vn 0.651896 -0.477002 0.589492
vn 0.472481 -0.345713 0.810706
vn 0.246819 -0.180591 0.952086
vn -0.002808 0.002052 0.999994
vn -0.489255 0.330751 0.806990
vn -0.259203 0.175265 0.949787
vn -0.671477 0.453856 0.585775
vn -0.788312 0.532762 0.307781
vn -0.828542 0.559927 0.000000
vn -0.788312 0.532761 -0.307782
vn -0.671477 0.453855 -0.585776
vn -0.489255 0.330751 -0.806990
vn -0.259204 0.175266 -0.949787
vn -0.003605 0.002417 -0.999991
vn 0.252625 -0.170972 -0.952339
vn 0.484334 -0.327872 -0.811123
vn 0.668608 -0.452730 -0.589915
vn 0.787106 -0.533058 -0.310343
vn 0.827973 -0.560768 -0.000000
vn 0.787106 -0.533058 0.310343
vn 0.668608 -0.452730 0.589915
vn 0.484333 -0.327872 0.811124
vn 0.252625 -0.170972 0.952339
vn -0.003605 0.002416 0.999991
vn -0.507615 0.304885 0.805836
vn -0.270107 0.162332 0.949047
vn -0.695581 0.417557 0.584648
vn -0.816024 0.489693 0.307094
vn -0.857483 0.514513 0.000000
vn -0.816023 0.489692 -0.307095
vn -0.695580 0.417556 -0.584649
vn -0.507616 0.304885 -0.805836
vn -0.270108 0.162333 -0.949047
vn -0.005941 0.003513 -0.999976
vn 0.259200 -0.156217 -0.953106
vn 0.499270 -0.301161 -0.812423
vn 0.690418 -0.416814 -0.591260
vn 0.813451 -0.491381 -0.311194
vn 0.855904 -0.517135 -0.000000
vn 0.813451 -0.491381 0.311193
vn 0.690418 -0.416814 0.591260
vn 0.499270 -0.301161 0.812423
vn 0.259200 -0.156217 0.953106
vn -0.005941 0.003512 0.999976
vn -0.532156 0.263536 0.804586
vn -0.284594 0.141012 0.948220
vn -0.727858 0.360285 0.583453
vn -0.853165 0.422190 0.306375
vn -0.896283 0.443484 0.000001
vn -0.853165 0.422190 -0.306376
vn -0.727857 0.360285 -0.583454
vn -0.532156 0.263536 -0.804586
vn -0.284595 0.141012 -0.948220
vn -0.008831 0.004322 -0.999952
vn 0.268471 -0.133397 -0.954006
vn 0.520091 -0.258640 -0.814009
vn 0.720877 -0.358807 -0.592953
vn 0.850356 -0.423524 -0.312286
vn 0.895081 -0.445904 0.000000
vn 0.850356 -0.423524 0.312286
vn 0.720877 -0.358807 0.592954
vn 0.520091 -0.258640 0.814009
vn 0.268471 -0.133397 0.954006
vn -0.008830 0.004321 0.999952
vn -0.555011 0.211737 0.804444
vn -0.297020 0.113267 0.948130
vn -0.758863 0.289609 0.583313
vn -0.889348 0.339482 0.306289
vn -0.934240 0.356645 0.000000
vn -0.889347 0.339482 -0.306289
vn -0.758862 0.289609 -0.583313
vn -0.555012 0.211737 -0.804444
vn -0.297020 0.113267 -0.948129
vn -0.009460 0.003639 -0.999949
vn 0.279923 -0.106518 -0.954095
vn 0.542726 -0.206382 -0.814159
vn 0.752615 -0.285995 -0.593109
vn 0.888059 -0.337293 -0.312384
vn 0.934865 -0.355004 0.000000
vn 0.888060 -0.337293 0.312384
vn 0.752615 -0.285995 0.593109
vn 0.542726 -0.206382 0.814159
vn 0.279923 -0.106517 0.954095
vn -0.009459 0.003639 0.999949
vn -0.571253 0.160167 0.804995
vn -0.305039 0.085493 0.948495
vn -0.781704 0.219246 0.583840
vn -0.916458 0.257094 0.306606
vn -0.962826 0.270121 -0.000000
vn -0.916458 0.257094 -0.306607
vn -0.781704 0.219246 -0.583840
vn -0.571253 0.160167 -0.804995
vn -0.305039 0.085494 -0.948495
vn -0.008511 0.002407 -0.999961
vn 0.289646 -0.081022 -0.953698
vn 0.560150 -0.156597 -0.813455
vn 0.775963 -0.216798 -0.592352
vn 0.915102 -0.255562 -0.311893
vn 0.963157 -0.268940 0.000000
vn 0.915102 -0.255562 0.311893
vn 0.775963 -0.216799 0.592351
vn 0.560151 -0.156597 0.813455
vn 0.289647 -0.081022 0.953698
vn -0.008510 0.002407 0.999961
vn -0.582083 0.112868 0.805258
vn -0.310500 0.060204 0.948665
vn -0.796841 0.154519 0.584096
vn -0.934380 0.181196 0.306762
vn -0.981711 0.190377 -0.000000
vn -0.934379 0.181196 -0.306763
vn -0.796841 0.154519 -0.584096
vn -0.582083 0.112868 -0.805258
vn -0.310501 0.060204 -0.948665
vn -0.008104 0.001574 -0.999966
vn 0.295820 -0.057338 -0.953521
vn 0.571422 -0.110747 -0.813149
vn 0.791196 -0.153327 -0.592030
vn 0.932832 -0.180763 -0.311687
vn 0.981739 -0.190235 0.000000
vn 0.932832 -0.180763 0.311687
vn 0.791196 -0.153327 0.592030
vn 0.571422 -0.110747 0.813150
vn 0.295820 -0.057338 0.953521
vn -0.008103 0.001574 0.999966
vn -0.589083 0.066766 0.805310
vn -0.314170 0.035605 0.948699
vn -0.806484 0.091412 0.584146
vn -0.945720 0.107198 0.306793
vn -0.993637 0.112630 -0.000000
vn -0.945720 0.107198 -0.306794
vn -0.806484 0.091412 -0.584147
vn -0.589083 0.066766 -0.805310
vn -0.314171 0.035605 -0.948699
vn -0.008087 0.000918 -0.999967
vn 0.299520 -0.033933 -0.953486
vn 0.578440 -0.065526 -0.813089
vn 0.800841 -0.090711 -0.591967
vn 0.944161 -0.106937 -0.311647
vn 0.993648 -0.112538 0.000000
vn 0.944162 -0.106936 0.311647
vn 0.800842 -0.090710 0.591967
vn 0.578440 -0.065526 0.813089
vn 0.299520 -0.033933 0.953487
vn -0.008086 0.000918 0.999967
vn -0.592425 0.020967 0.805353
vn -0.315899 0.011178 0.948727
vn -0.811110 0.028713 0.584188
vn -0.951172 0.033675 0.306818
vn -0.999374 0.035383 -0.000000
vn -0.951172 0.033675 -0.306818
vn -0.811110 0.028713 -0.584189
vn -0.592424 0.020967 -0.805353
vn -0.315899 0.011178 -0.948727
vn -0.008034 0.000286 -0.999968
vn 0.301345 -0.010650 -0.953456
vn 0.581851 -0.020557 -0.813035
vn 0.805502 -0.028449 -0.591909
vn 0.949618 -0.033530 -0.311610
vn 0.999377 -0.035284 0.000000
vn 0.949618 -0.033530 0.311610
vn 0.805502 -0.028449 0.591909
vn 0.581851 -0.020557 0.813035
vn 0.301345 -0.010650 0.953456
vn -0.008033 0.000286 0.999968
vn -0.592234 -0.024343 0.805398
vn -0.315741 -0.012979 0.948757
vn -0.810902 -0.033328 0.584232
vn -0.950957 -0.039082 0.306844
vn -0.999157 -0.041062 0.000000
vn -0.950957 -0.039082 -0.306845
vn -0.810902 -0.033329 -0.584232
vn -0.592234 -0.024343 -0.805398
vn -0.315742 -0.012979 -0.948756
vn -0.007929 -0.000324 -0.999969
vn 0.301377 0.012398 -0.953425
vn 0.581798 0.023936 -0.812981
vn 0.805366 0.033140 -0.591852
vn 0.949419 0.039072 -0.311573
vn 0.999154 0.041121 -0.000000
vn 0.949419 0.039072 0.311573
vn 0.805365 0.033140 0.591852
vn 0.581798 0.023936 0.812981
vn 0.301377 0.012397 0.953425
vn -0.007928 -0.000324 0.999969
vn -0.588650 -0.069040 0.805435
vn -0.313787 -0.036805 0.948780
vn -0.806037 -0.094531 0.584268
vn -0.945275 -0.110856 0.306866
vn -0.993194 -0.116474 -0.000000
vn -0.945274 -0.110856 -0.306867
vn -0.806036 -0.094531 -0.584269
vn -0.588649 -0.069040 -0.805435
vn -0.313788 -0.036805 -0.948780
vn -0.007804 -0.000914 -0.999969
vn 0.299649 0.035159 -0.953402
vn 0.578376 0.067870 -0.812942
vn 0.800581 0.093954 -0.591812
vn 0.943753 0.110764 -0.311548
vn 0.993183 0.116569 0.000000
vn 0.943753 0.110764 0.311548
vn 0.800581 0.093954 0.591813
vn 0.578375 0.067869 0.812943
vn 0.299648 0.035159 0.953402
vn -0.007803 -0.000914 0.999969
vn -0.581741 -0.111794 0.805655
vn -0.309835 -0.059567 0.948923
vn -0.796838 -0.153070 0.584481
vn -0.934631 -0.179496 0.306996
vn -0.982056 -0.188589 -0.000000
vn -0.934631 -0.179496 -0.306996
vn -0.796838 -0.153070 -0.584481
vn -0.581741 -0.111793 -0.805655
vn -0.309835 -0.059568 -0.948922
vn -0.007230 -0.001374 -0.999973
vn 0.296722 0.057164 -0.953251
vn 0.572172 0.110299 -0.812683
vn 0.791682 0.152709 -0.591540
vn 0.933072 0.180061 -0.311374
vn 0.981879 0.189510 0.000000
vn 0.933072 0.180062 0.311374
vn 0.791682 0.152710 0.591540
vn 0.572172 0.110299 0.812683
vn 0.296722 0.057164 0.953251
vn -0.007229 -0.001374 0.999973
vn -0.572613 -0.148509 0.806263
vn -0.304239 -0.078946 0.949319
vn -0.785034 -0.203509 0.585069
vn -0.921164 -0.238730 0.307352
vn -0.968026 -0.250850 0.000000
vn -0.921164 -0.238730 -0.307352
vn -0.785034 -0.203509 -0.585069
vn -0.572612 -0.148509 -0.806263
vn -0.304240 -0.078946 -0.949318
vn -0.005787 -0.001477 -0.999982
vn 0.293729 0.076398 -0.952831
vn 0.564895 0.147027 -0.811959
vn 0.780785 0.203353 -0.590781
vn 0.919736 0.239654 -0.310890
vn 0.967678 0.252188 0.000000
vn 0.919736 0.239654 0.310890
vn 0.780786 0.203353 0.590780
vn 0.564895 0.147027 0.811959
vn 0.293729 0.076398 0.952831
vn -0.005786 -0.001477 0.999982
vn -0.563617 -0.176200 0.807025
vn -0.298577 -0.093369 0.949807
vn -0.773546 -0.241767 0.585812
vn -0.908142 -0.283787 0.307804
vn -0.954487 -0.298252 0.000000
vn -0.908142 -0.283787 -0.307805
vn -0.773546 -0.241767 -0.585812
vn -0.563617 -0.176200 -0.807025
vn -0.298577 -0.093369 -0.949807
vn -0.004087 -0.001262 -0.999991
vn 0.291156 0.091164 -0.952322
vn 0.558170 0.174831 -0.811099
vn 0.770544 0.241433 -0.589891
vn 0.907123 0.284294 -0.310329
vn 0.954228 0.299082 0.000000
vn 0.907124 0.284294 0.310328
vn 0.770544 0.241433 0.589891
vn 0.558170 0.174830 0.811099
vn 0.291155 0.091164 0.952322
vn -0.004086 -0.001262 0.999991
vn -0.556395 -0.195449 0.807604
vn -0.294098 -0.103323 0.950174
vn -0.764263 -0.268438 0.586382
vn -0.897587 -0.315244 0.308153
vn -0.943504 -0.331362 0.000000
vn -0.897587 -0.315243 -0.308154
vn -0.764262 -0.268438 -0.586382
vn -0.556395 -0.195449 -0.807604
vn -0.294098 -0.103323 -0.950174
vn -0.002849 -0.000993 -0.999996
vn 0.288931 0.101563 -0.951948
vn 0.552617 0.194280 -0.810475
vn 0.762203 0.268000 -0.589255
vn 0.896921 0.315398 -0.309931
vn 0.943370 0.331743 0.000000
vn 0.896921 0.315398 0.309931
vn 0.762203 0.268000 0.589255
vn 0.552617 0.194280 0.810475
vn 0.288931 0.101563 0.951948
vn -0.002848 -0.000993 0.999996
vn -0.550884 -0.208902 0.808014
vn -0.290727 -0.110254 0.950432
vn -0.757136 -0.287098 0.586788
vn -0.889462 -0.337262 0.308402
vn -0.935041 -0.354540 -0.000000
vn -0.889462 -0.337262 -0.308403
vn -0.757136 -0.287098 -0.586788
vn -0.550884 -0.208902 -0.808015
vn -0.290728 -0.110254 -0.950432
vn -0.001995 -0.000752 -0.999998
vn 0.287112 0.108912 -0.951685
vn 0.548246 0.207984 -0.810042
vn 0.755708 0.286707 -0.588816
vn 0.889013 0.337296 -0.309656
vn 0.934966 0.354737 0.000000
vn 0.889013 0.337296 0.309657
vn 0.755708 0.286707 0.588816
vn 0.548246 0.207984 0.810042
vn 0.287112 0.108912 0.951685
vn -0.001994 -0.000752 0.999998
vn -0.546824 -0.218111 0.808338
vn -0.288227 -0.114969 0.950635
vn -0.751906 -0.299902 0.587109
vn -0.883511 -0.352385 0.308600
vn -0.928847 -0.370464 0.000000
vn -0.883511 -0.352385 -0.308600
vn -0.751906 -0.299901 -0.587109
vn -0.546824 -0.218111 -0.808338
vn -0.288228 -0.114969 -0.950635
vn -0.001337 -0.000531 -0.999999
vn 0.285806 0.114021 -0.951480
vn 0.545059 0.217457 -0.809706
vn 0.750952 0.299612 -0.588476
vn 0.883213 0.352389 -0.309445
vn 0.928800 0.370581 0.000000
vn 0.883213 0.352389 0.309445
vn 0.750952 0.299611 0.588477
vn 0.545059 0.217457 0.809706
vn 0.285806 0.114021 0.951480
vn -0.001336 -0.000530 0.999999
vn -0.544107 -0.223553 0.808685
vn -0.286414 -0.117679 0.950852
vn -0.748543 -0.307542 0.587453
vn -0.879766 -0.361451 0.308812
vn -0.924977 -0.380024 0.000000
vn -0.879766 -0.361451 -0.308812
vn -0.748543 -0.307542 -0.587454
vn -0.544107 -0.223553 -0.808685
vn -0.286415 -0.117680 -0.950851
vn -0.000647 -0.000264 -1.000000
vn 0.285242 0.117208 -0.951262
vn 0.543251 0.223231 -0.809349
vn 0.748078 0.307404 -0.588118
vn 0.879617 0.361462 -0.309223
vn 0.924949 0.380092 0.000000
vn 0.879617 0.361462 0.309223
vn 0.748078 0.307404 0.588118
vn 0.543251 0.223231 0.809350
vn 0.285242 0.117208 0.951262
vn -0.000646 -0.000264 1.000000
vn -0.542995 -0.224797 0.809087
vn -0.285391 -0.118150 0.951101
vn -0.747444 -0.309440 0.587855
vn -0.878716 -0.363787 0.309060
vn -0.923950 -0.382514 0.000000
vn -0.878715 -0.363787 -0.309061
vn -0.747444 -0.309440 -0.587856
vn -0.542995 -0.224797 -0.809088
vn -0.285392 -0.118150 -0.951101
vn 0.000139 0.000057 -1.000000
vn 0.285644 0.118253 -0.951012
vn 0.543179 0.224867 -0.808944
vn 0.747545 0.309469 -0.587712
vn 0.878748 0.363784 -0.308972
vn 0.923956 0.382499 0.000000
vn 0.878748 0.363784 0.308972
vn 0.747545 0.309470 0.587712
vn 0.543179 0.224867 0.808944
vn 0.285644 0.118253 0.951012
vn 0.000140 0.000058 1.000000
vn -0.543698 -0.221645 0.809485
vn -0.285330 -0.116314 0.951345
vn -0.748839 -0.305282 0.588254
vn -0.880595 -0.359002 0.309307
vn -0.926003 -0.377517 0.000000
vn -0.880594 -0.359002 -0.309308
vn -0.748839 -0.305281 -0.588255
vn -0.543698 -0.221644 -0.809485
vn -0.285330 -0.116314 -0.951345
vn 0.000909 0.000369 -1.000000
vn 0.286979 0.116972 -0.950768
vn 0.544901 0.222094 -0.808552
vn 0.749492 0.305475 -0.587321
vn 0.880803 0.358987 -0.308731
vn 0.926041 0.377422 0.000000
vn 0.880803 0.358987 0.308731
vn 0.749493 0.305475 0.587321
vn 0.544901 0.222094 0.808552
vn 0.286979 0.116972 0.950769
vn 0.000910 0.000369 1.000000
vn -0.546072 -0.214275 0.809872
vn -0.286157 -0.112279 0.951582
vn -0.752526 -0.295303 0.588644
vn -0.885164 -0.347367 0.309549
vn -0.930884 -0.365314 0.000000
vn -0.885164 -0.347367 -0.309549
vn -0.752525 -0.295303 -0.588644
vn -0.546072 -0.214275 -0.809872
vn -0.286157 -0.112279 -0.951581
vn 0.001660 0.000647 -0.999998
vn 0.289167 0.113432 -0.950534
vn 0.548270 0.215059 -0.808177
vn 0.753720 0.295631 -0.586949
vn 0.885547 0.347325 -0.308501
vn 0.930956 0.365131 0.000000
vn 0.885547 0.347325 0.308501
vn 0.753720 0.295631 0.586949
vn 0.548270 0.215059 0.808177
vn 0.289167 0.113432 0.950534
vn 0.001661 0.000647 0.999998
vn -0.549922 -0.202372 0.810328
vn -0.287679 -0.105851 0.951859
vn -0.758325 -0.279103 0.589105
vn -0.892264 -0.328430 0.309837
vn -0.938441 -0.345439 0.000000
vn -0.892264 -0.328430 -0.309837
vn -0.758324 -0.279103 -0.589106
vn -0.549921 -0.202372 -0.810328
vn -0.287680 -0.105851 -0.951859
vn 0.002555 0.000932 -0.999996
vn 0.292317 0.107500 -0.950260
vn 0.553318 0.203458 -0.807740
vn 0.760187 0.279492 -0.586516
vn 0.892883 0.328255 -0.308235
vn 0.938585 0.345048 0.000000
vn 0.892883 0.328255 0.308236
vn 0.760186 0.279492 0.586516
vn 0.553318 0.203458 0.807740
vn 0.292317 0.107500 0.950260
vn 0.002556 0.000933 0.999996
vn -0.555295 -0.184302 0.810975
vn -0.289792 -0.096156 0.952247
vn -0.766441 -0.254447 0.589766
vn -0.902219 -0.299576 0.310251
vn -0.949044 -0.315144 -0.000000
vn -0.902219 -0.299576 -0.310251
vn -0.766441 -0.254447 -0.589767
vn -0.555295 -0.184301 -0.810975
vn -0.289792 -0.096156 -0.952247
vn 0.003821 0.001253 -0.999992
vn 0.296728 0.098360 -0.949883
vn 0.560380 0.185715 -0.807146
vn 0.769233 0.254880 -0.585932
vn 0.903151 0.299214 -0.307879
vn 0.949265 0.314478 0.000000
vn 0.903151 0.299214 0.307879
vn 0.769233 0.254880 0.585932
vn 0.560380 0.185715 0.807146
vn 0.296728 0.098360 0.949883
vn 0.003821 0.001253 0.999992
vn -0.562142 -0.160427 0.811332
vn -0.292970 -0.083604 0.952460
vn -0.776308 -0.221558 0.590133
vn -0.914078 -0.260887 0.310482
vn -0.961600 -0.274453 -0.000000
vn -0.914078 -0.260887 -0.310482
vn -0.776308 -0.221558 -0.590134
vn -0.562142 -0.160427 -0.811332
vn -0.292970 -0.083604 -0.952459
vn 0.004548 0.001297 -0.999989
vn 0.301205 0.085941 -0.949679
vn 0.568118 0.162089 -0.806826
vn 0.779483 0.222384 -0.585620
vn 0.914980 0.261035 -0.307688
vn 0.961632 0.274342 0.000000
vn 0.914980 0.261035 0.307689
vn 0.779483 0.222384 0.585620
vn 0.568118 0.162089 0.806826
vn 0.301205 0.085941 0.949679
vn 0.004549 0.001297 0.999989
vn -0.568832 -0.133757 0.811504
vn -0.296267 -0.069657 0.952562
vn -0.785740 -0.184785 0.590312
vn -0.925295 -0.217624 0.310594
vn -0.973437 -0.228954 -0.000000
vn -0.925295 -0.217624 -0.310594
vn -0.785739 -0.184785 -0.590312
vn -0.568832 -0.133757 -0.811504
vn -0.296268 -0.069657 -0.952561
vn 0.004936 0.001153 -0.999987
vn 0.305209 0.071722 -0.949581
vn 0.575328 0.135186 -0.806673
vn 0.789203 0.185424 -0.585471
vn 0.926296 0.217621 -0.307598
vn 0.973496 0.228706 0.000000
vn 0.926296 0.217621 0.307598
vn 0.789203 0.185424 0.585471
vn 0.575328 0.135186 0.806674
vn 0.305209 0.071722 0.949581
vn 0.004937 0.001154 0.999987
vn -0.574809 -0.106624 0.811312
vn -0.299586 -0.055599 0.952448
vn -0.793793 -0.147173 0.590112
vn -0.934666 -0.173234 0.310468
vn -0.983258 -0.182219 -0.000000
vn -0.934665 -0.173234 -0.310468
vn -0.793793 -0.147173 -0.590113
vn -0.574808 -0.106624 -0.811312
vn -0.299587 -0.055599 -0.952448
vn 0.004611 0.000872 -0.999989
vn 0.307919 0.057248 -0.949689
vn 0.580808 0.108025 -0.806841
vn 0.796900 0.148269 -0.585634
vn 0.935424 0.174081 -0.307697
vn 0.983118 0.182971 0.000000
vn 0.935424 0.174081 0.307697
vn 0.796899 0.148268 0.585634
vn 0.580808 0.108025 0.806842
vn 0.307918 0.057248 0.949689
vn 0.004611 0.000872 0.999989
vn -0.579407 -0.084720 0.810623
vn -0.302759 -0.044289 0.952038
vn -0.799345 -0.116828 0.589406
vn -0.940740 -0.137453 0.310024
vn -0.989496 -0.144562 -0.000000
vn -0.940740 -0.137453 -0.310024
vn -0.799345 -0.116828 -0.589406
vn -0.579407 -0.084720 -0.810623
vn -0.302760 -0.044289 -0.952037
vn 0.003283 0.000492 -0.999995
vn 0.308694 0.045232 -0.950085
vn 0.583681 0.085557 -0.807463
vn 0.801564 0.117536 -0.586243
vn 0.941294 0.138056 -0.308068
vn 0.989414 0.145124 0.000000
vn 0.941294 0.138055 0.308068
vn 0.801564 0.117536 0.586243
vn 0.583681 0.085557 0.807463
vn 0.308694 0.045232 0.950085
vn 0.003284 0.000492 0.999995
vn -0.581184 -0.075674 0.810246
vn -0.304104 -0.039600 0.951815
vn -0.801358 -0.104334 0.589015
vn -0.942852 -0.122750 0.309778
vn -0.991632 -0.129098 -0.000000
vn -0.942852 -0.122750 -0.309778
vn -0.801358 -0.104334 -0.589016
vn -0.581183 -0.075674 -0.810247
vn -0.304105 -0.039600 -0.951815
vn 0.002571 0.000336 -0.999997
vn 0.308756 0.040216 -0.950291
vn 0.584547 0.076143 -0.807779
vn 0.803129 0.104622 -0.586547
vn 0.943334 0.122892 -0.308252
vn 0.991621 0.129184 0.000000
vn 0.943334 0.122892 0.308252
vn 0.803129 0.104622 0.586547
vn 0.584546 0.076143 0.807780
vn 0.308756 0.040216 0.950291
vn 0.002572 0.000336 0.999997
vn -0.072743 -0.997351 0.000000
vn -0.072742 -0.997351 0.000000
vn -0.072743 -0.997351 -0.000000
vn -0.072741 -0.997351 0.000000
vn -0.072742 -0.997351 0.000000
vn -0.072742 -0.997351 0.000006
vn -0.072742 -0.997351 0.000000
vn -0.072741 -0.997351 -0.000006
vn -0.072742 -0.997351 0.000000
vn -0.072742 -0.997351 0.000000
vn -0.072744 -0.997351 0.000000
vn -0.072743 -0.997351 -0.000006
vn -0.072743 -0.997351 -0.000000
vn -0.072744 -0.997351 0.000006
vn -0.072744 -0.997351 0.000000
vn -0.072744 -0.997351 0.000000
vn -0.072744 -0.997351 0.000000
vn -0.072744 -0.997351 -0.000006
vn -0.072743 -0.997351 -0.000002
vn -0.072743 -0.997351 0.000005
vn -0.072744 -0.997351 0.000000
vn 0.117313 -0.993095 0.000000
vn 0.117310 -0.993095 0.000000
vn 0.117313 -0.993095 0.000001
vn 0.117315 -0.993095 0.000000
vn 0.117311 -0.993095 0.000000
vn 0.117310 -0.993095 0.000000
vn 0.117311 -0.993095 0.000025
vn 0.117315 -0.993095 0.000025
vn 0.117311 -0.993095 -0.000025
vn 0.117313 -0.993095 -0.000025
vn 0.117323 -0.993094 0.000000
vn 0.117313 -0.993095 0.000012
vn 0.117311 -0.993095 -0.000012
vn 0.117315 -0.993095 -0.000025
vn 0.117311 -0.993095 -0.000025
vn 0.117310 -0.993095 -0.000000
vn 0.117311 -0.993095 0.000025
vn 0.117315 -0.993095 0.000025
vn 0.117311 -0.993095 0.000025
vn 0.117313 -0.993095 0.000000
vn 0.117323 -0.993094 0.000000
vn -0.456491 0.000000 0.889728
vn -0.456491 0.000000 0.889728
vn -0.456491 0.000000 0.889728
vn -0.456491 0.000000 0.889728
vn -0.709552 0.000000 0.704653
vn -0.709552 0.000000 0.704653
vn -0.709552 0.000000 0.704653
vn -0.709552 0.000000 0.704653
vn -0.892273 0.000000 0.451496
vn -0.892273 0.000000 0.451496
vn -0.892273 0.000000 0.451496
vn -0.892273 0.000000 0.451496
vn -0.987855 0.000000 0.155380
vn -0.987855 0.000000 0.155380
vn -0.987855 0.000000 0.155380
vn -0.987855 0.000000 0.155380
vn -0.987855 0.000000 -0.155381
vn -0.987855 0.000000 -0.155381
vn -0.987855 0.000000 -0.155381
vn -0.987855 0.000000 -0.155381
vn -0.892273 0.000000 -0.451497
vn -0.892273 0.000000 -0.451497
vn -0.892273 0.000000 -0.451497
vn -0.892273 0.000000 -0.451497
vn -0.709552 0.000000 -0.704653
vn -0.709552 0.000000 -0.704653
vn -0.709552 0.000000 -0.704653
vn -0.709552 0.000000 -0.704653
vn -0.456491 0.000000 -0.889728
vn -0.456491 0.000000 -0.889728
vn -0.456491 0.000000 -0.889728
vn -0.456491 0.000000 -0.889728
vn -0.157495 0.000000 -0.987520
vn -0.157495 0.000000 -0.987520
vn -0.157495 0.000000 -0.987520
vn -0.157495 0.000000 -0.987520
vn 0.157495 0.000000 -0.987520
vn 0.157495 0.000000 -0.987520
vn 0.157495 0.000000 -0.987520
vn 0.157495 0.000000 -0.987520
vn 0.456491 0.000000 -0.889728
vn 0.456491 0.000000 -0.889728
vn 0.456491 0.000000 -0.889728
vn 0.456491 0.000000 -0.889728
vn 0.709552 0.000000 -0.704653
vn 0.709552 0.000000 -0.704653
vn 0.709552 0.000000 -0.704653
vn 0.709552 0.000000 -0.704653
vn 0.892273 0.000000 -0.451497
vn 0.892273 0.000000 -0.451497
vn 0.892273 0.000000 -0.451497
vn 0.892273 0.000000 -0.451497
vn 0.987855 0.000000 -0.155380
vn 0.987855 0.000000 -0.155380
vn 0.987855 0.000000 -0.155380
vn 0.987855 0.000000 -0.155380
vn 0.987855 0.000000 0.155381
vn 0.987855 0.000000 0.155381
vn 0.987855 0.000000 0.155381
vn 0.987855 0.000000 0.155381
vn 0.892273 0.000000 0.451497
vn 0.892273 0.000000 0.451497
vn 0.892273 0.000000 0.451497
vn 0.892273 0.000000 0.451497
vn 0.709552 0.000000 0.704653
vn 0.709552 0.000000 0.704653
vn 0.709552 0.000000 0.704653
vn 0.709552 0.000000 0.704653
vn 0.456491 0.000000 0.889728
vn 0.456491 0.000000 0.889728
vn 0.456491 0.000000 0.889728
vn 0.456491 0.000000 0.889728
vn 0.157495 0.000000 0.987520
vn 0.157495 0.000000 0.987520
vn 0.157495 0.000000 0.987520
vn 0.157495 0.000000 0.987520
vn -0.157493 0.000000 0.987520
vn -0.157493 0.000000 0.987520
vn -0.157493 0.000000 0.987520
vn -0.157493 0.000000 0.987520
s 1
g pCylinder1
usemtl initialShadingGroup
f 1/1/1 2/2/2 22/3/3 21/4/4
f 2/2/2 3/5/5 23/6/6 22/3/3
f 3/5/5 4/7/7 24/8/8 23/6/6
f 4/7/7 5/9/9 25/1724/10 24/8/8
f 5/1645/9 6/11/11 26/12/12 25/10/10
f 6/11/11 7/13/13 27/14/14 26/12/12
f 7/13/13 8/15/15 28/16/16 27/14/14
f 8/15/15 9/17/17 29/18/18 28/16/16
f 9/17/17 10/19/19 30/20/20 29/18/18
f 10/19/19 11/21/21 31/22/22 30/20/20
f 11/21/21 12/23/23 32/24/24 31/22/22
f 12/23/23 13/25/25 33/26/26 32/24/24
f 13/25/25 14/27/27 34/28/28 33/26/26
f 14/27/27 15/29/29 35/30/30 34/28/28
f 15/29/29 16/31/31 36/32/32 35/30/30
f 16/31/31 17/33/33 37/34/34 36/32/32
f 17/33/33 18/35/35 38/36/36 37/34/34
f 18/35/35 19/37/37 39/38/38 38/36/36
f 19/37/37 20/39/39 40/40/40 39/38/38
f 20/39/39 1/1/1 21/4/4 40/40/40
f 21/4/4 22/3/3 42/41/41 41/42/42
f 22/3/3 23/6/6 43/43/43 42/41/41
f 23/6/6 24/8/8 44/44/44 43/43/43
f 24/8/8 25/1724/10 45/1723/45 44/44/44
f 25/10/10 26/12/12 46/46/46 45/45/45
f 26/12/12 27/14/14 47/47/47 46/46/46
f 27/14/14 28/16/16 48/48/48 47/47/47
f 28/16/16 29/18/18 49/49/49 48/48/48
f 29/18/18 30/20/20 50/50/50 49/49/49
f 30/20/20 31/22/22 51/51/51 50/50/50
f 31/22/22 32/24/24 52/52/52 51/51/51
f 32/24/24 33/26/26 53/53/53 52/52/52
f 33/26/26 34/28/28 54/54/54 53/53/53
f 34/28/28 35/30/30 55/55/55 54/54/54
f 35/30/30 36/32/32 56/56/56 55/55/55
f 36/32/32 37/34/34 57/57/57 56/56/56
f 37/34/34 38/36/36 58/58/58 57/57/57
f 38/36/36 39/38/38 59/59/59 58/58/58
f 39/38/38 40/40/40 60/60/60 59/59/59
f 40/40/40 21/4/4 41/42/42 60/60/60
f 41/42/42 42/41/41 62/61/61 61/62/62
f 42/41/41 43/43/43 63/63/63 62/61/61
f 43/43/43 44/44/44 64/64/64 63/63/63
f 44/44/44 45/1723/45 65/1722/65 64/64/64
f 45/45/45 46/46/46 66/66/66 65/65/65
f 46/46/46 47/47/47 67/67/67 66/66/66
f 47/47/47 48/48/48 68/68/68 67/67/67
f 48/48/48 49/49/49 69/69/69 68/68/68
f 49/49/49 50/50/50 70/70/70 69/69/69
f 50/50/50 51/51/51 71/71/71 70/70/70
f 51/51/51 52/52/52 72/72/72 71/71/71
f 52/52/52 53/53/53 73/73/73 72/72/72
f 53/53/53 54/54/54 74/74/74 73/73/73
f 54/54/54 55/55/55 75/75/75 74/74/74
f 55/55/55 56/56/56 76/76/76 75/75/75
f 56/56/56 57/57/57 77/77/77 76/76/76
f 57/57/57 58/58/58 78/78/78 77/77/77
f 58/58/58 59/59/59 79/79/79 78/78/78
f 59/59/59 60/60/60 80/80/80 79/79/79
f 60/60/60 41/42/42 61/62/62 80/80/80
f 61/62/62 62/61/61 82/81/81 81/82/82
f 62/61/61 63/63/63 83/83/83 82/81/81
f 63/63/63 64/64/64 84/84/84 83/83/83
f 64/64/64 65/1722/65 85/1721/85 84/84/84
f 65/65/65 66/66/66 86/86/86 85/85/85
f 66/66/66 67/67/67 87/87/87 86/86/86
f 67/67/67 68/68/68 88/88/88 87/87/87
f 68/68/68 69/69/69 89/89/89 88/88/88
f 69/69/69 70/70/70 90/90/90 89/89/89
f 70/70/70 71/71/71 91/91/91 90/90/90
f 71/71/71 72/72/72 92/92/92 91/91/91
f 72/72/72 73/73/73 93/93/93 92/92/92
f 73/73/73 74/74/74 94/94/94 93/93/93
f 74/74/74 75/75/75 95/95/95 94/94/94
f 75/75/75 76/76/76 96/96/96 95/95/95
f 76/76/76 77/77/77 97/97/97 96/96/96
f 77/77/77 78/78/78 98/98/98 97/97/97
f 78/78/78 79/79/79 99/99/99 98/98/98
f 79/79/79 80/80/80 100/100/100 99/99/99
f 80/80/80 61/62/62 81/82/82 100/100/100
f 81/82/82 82/81/81 102/101/101 101/102/102
f 82/81/81 83/83/83 103/103/103 102/101/101
f 83/83/83 84/84/84 104/104/104 103/103/103
f 84/84/84 85/1721/85 105/1720/105 104/104/104
f 85/85/85 86/86/86 106/106/106 105/105/105
f 86/86/86 87/87/87 107/107/107 106/106/106
f 87/87/87 88/88/88 108/108/108 107/107/107
f 88/88/88 89/89/89 109/109/109 108/108/108
f 89/89/89 90/90/90 110/110/110 109/109/109
f 90/90/90 91/91/91 111/111/111 110/110/110
f 91/91/91 92/92/92 112/112/112 111/111/111
f 92/92/92 93/93/93 113/113/113 112/112/112
f 93/93/93 94/94/94 114/114/114 113/113/113
f 94/94/94 95/95/95 115/115/115 114/114/114
f 95/95/95 96/96/96 116/116/116 115/115/115
f 96/96/96 97/97/97 117/117/117 116/116/116
f 97/97/97 98/98/98 118/118/118 117/117/117
f 98/98/98 99/99/99 119/119/119 118/118/118
f 99/99/99 100/100/100 120/120/120 119/119/119
f 100/100/100 81/82/82 101/102/102 120/120/120
f 101/102/102 102/101/101 122/121/121 121/122/122
f 102/101/101 103/103/103 123/123/123 122/121/121
f 103/103/103 104/104/104 124/124/124 123/123/123
f 104/104/104 105/1720/105 125/1719/125 124/124/124
f 105/105/105 106/106/106 126/126/126 125/125/125
f 106/106/106 107/107/107 127/127/127 126/126/126
f 107/107/107 108/108/108 128/128/128 127/127/127
f 108/108/108 109/109/109 129/129/129 128/128/128
f 109/109/109 110/110/110 130/130/130 129/129/129
f 110/110/110 111/111/111 131/131/131 130/130/130
f 111/111/111 112/112/112 132/132/132 131/131/131
f 112/112/112 113/113/113 133/133/133 132/132/132
f 113/113/113 114/114/114 134/134/134 133/133/133
f 114/114/114 115/115/115 135/135/135 134/134/134
f 115/115/115 116/116/116 136/136/136 135/135/135
f 116/116/116 117/117/117 137/137/137 136/136/136
f 117/117/117 118/118/118 138/138/138 137/137/137
f 118/118/118 119/119/119 139/139/139 138/138/138
f 119/119/119 120/120/120 140/140/140 139/139/139
f 120/120/120 101/102/102 121/122/122 140/140/140
f 121/122/122 122/121/121 142/141/141 141/142/142
f 122/121/121 123/123/123 143/143/143 142/141/141
f 123/123/123 124/124/124 144/144/144 143/143/143
f 124/124/124 125/1719/125 145/1718/145 144/144/144
f 125/125/125 126/126/126 146/146/146 145/145/145
f 126/126/126 127/127/127 147/147/147 146/146/146
f 127/127/127 128/128/128 148/148/148 147/147/147
f 128/128/128 129/129/129 149/149/149 148/148/148
f 129/129/129 130/130/130 150/150/150 149/149/149
f 130/130/130 131/131/131 151/151/151 150/150/150
f 131/131/131 132/132/132 152/152/152 151/151/151
f 132/132/132 133/133/133 153/153/153 152/152/152
f 133/133/133 134/134/134 154/154/154 153/153/153
f 134/134/134 135/135/135 155/155/155 154/154/154
f 135/135/135 136/136/136 156/156/156 155/155/155
f 136/136/136 137/137/137 157/157/157 156/156/156
f 137/137/137 138/138/138 158/158/158 157/157/157
f 138/138/138 139/139/139 159/159/159 158/158/158
f 139/139/139 140/140/140 160/160/160 159/159/159
f 140/140/140 121/122/122 141/142/142 160/160/160
f 141/142/142 142/141/141 162/161/161 161/162/162
f 142/141/141 143/143/143 163/163/163 162/161/161
f 143/143/143 144/144/144 164/164/164 163/163/163
f 144/144/144 145/1718/145 165/1717/165 164/164/164
f 145/145/145 146/146/146 166/166/166 165/165/165
f 146/146/146 147/147/147 167/167/167 166/166/166
f 147/147/147 148/148/148 168/168/168 167/167/167
f 148/148/148 149/149/149 169/169/169 168/168/168
f 149/149/149 150/150/150 170/170/170 169/169/169
f 150/150/150 151/151/151 171/171/171 170/170/170
f 151/151/151 152/152/152 172/172/172 171/171/171
f 152/152/152 153/153/153 173/173/173 172/172/172
f 153/153/153 154/154/154 174/174/174 173/173/173
f 154/154/154 155/155/155 175/175/175 174/174/174
f 155/155/155 156/156/156 176/176/176 175/175/175
f 156/156/156 157/157/157 177/177/177 176/176/176
f 157/157/157 158/158/158 178/178/178 177/177/177
f 158/158/158 159/159/159 179/179/179 178/178/178
f 159/159/159 160/160/160 180/180/180 179/179/179
f 160/160/160 141/142/142 161/162/162 180/180/180
f 161/162/162 162/161/161 182/181/181 181/182/182
f 162/161/161 163/163/163 183/183/183 182/181/181
f 163/163/163 164/164/164 184/184/184 183/183/183
f 164/164/164 165/1717/165 185/1716/185 184/184/184
f 165/165/165 166/166/166 186/186/186 185/185/185
f 166/166/166 167/167/167 187/187/187 186/186/186
f 167/167/167 168/168/168 188/188/188 187/187/187
f 168/168/168 169/169/169 189/189/189 188/188/188
f 169/169/169 170/170/170 190/190/190 189/189/189
f 170/170/170 171/171/171 191/191/191 190/190/190
f 171/171/171 172/172/172 192/192/192 191/191/191
f 172/172/172 173/173/173 193/193/193 192/192/192
f 173/173/173 174/174/174 194/194/194 193/193/193
f 174/174/174 175/175/175 195/195/195 194/194/194
f 175/175/175 176/176/176 196/196/196 195/195/195
f 176/176/176 177/177/177 197/197/197 196/196/196
f 177/177/177 178/178/178 198/198/198 197/197/197
f 178/178/178 179/179/179 199/199/199 198/198/198
f 179/179/179 180/180/180 200/200/200 199/199/199
f 180/180/180 161/162/162 181/182/182 200/200/200
f 181/182/182 182/181/181 202/201/201 201/202/202
f 182/181/181 183/183/183 203/203/203 202/201/201
f 183/183/183 184/184/184 204/204/204 203/203/203
f 184/184/184 185/1716/185 205/1715/205 204/204/204
f 185/185/185 186/186/186 206/206/206 205/205/205
f 186/186/186 187/187/187 207/207/207 206/206/206
f 187/187/187 188/188/188 208/208/208 207/207/207
f 188/188/188 189/189/189 209/209/209 208/208/208
f 189/189/189 190/190/190 210/210/210 209/209/209
f 190/190/190 191/191/191 211/211/211 210/210/210
f 191/191/191 192/192/192 212/212/212 211/211/211
f 192/192/192 193/193/193 213/213/213 212/212/212
f 193/193/193 194/194/194 214/214/214 213/213/213
f 194/194/194 195/195/195 215/215/215 214/214/214
f 195/195/195 196/196/196 216/216/216 215/215/215
f 196/196/196 197/197/197 217/217/217 216/216/216
f 197/197/197 198/198/198 218/218/218 217/217/217
f 198/198/198 199/199/199 219/219/219 218/218/218
f 199/199/199 200/200/200 220/220/220 219/219/219
f 200/200/200 181/182/182 201/202/202 220/220/220
f 201/202/202 202/201/201 222/221/221 221/222/222
f 202/201/201 203/203/203 223/223/223 222/221/221
f 203/203/203 204/204/204 224/224/224 223/223/223
f 204/204/204 205/1715/205 225/1714/225 224/224/224
f 205/205/205 206/206/206 226/226/226 225/225/225
f 206/206/206 207/207/207 227/227/227 226/226/226
f 207/207/207 208/208/208 228/228/228 227/227/227
f 208/208/208 209/209/209 229/229/229 228/228/228
f 209/209/209 210/210/210 230/230/230 229/229/229
f 210/210/210 211/211/211 231/231/231 230/230/230
f 211/211/211 212/212/212 232/232/232 231/231/231
f 212/212/212 213/213/213 233/233/233 232/232/232
f 213/213/213 214/214/214 234/234/234 233/233/233
f 214/214/214 215/215/215 235/235/235 234/234/234
f 215/215/215 216/216/216 236/236/236 235/235/235
f 216/216/216 217/217/217 237/237/237 236/236/236
f 217/217/217 218/218/218 238/238/238 237/237/237
f 218/218/218 219/219/219 239/239/239 238/238/238
f 219/219/219 220/220/220 240/240/240 239/239/239
f 220/220/220 201/202/202 221/222/222 240/240/240
f 221/222/222 222/221/221 242/241/241 241/242/242
f 222/221/221 223/223/223 243/243/243 242/241/241
f 223/223/223 224/224/224 244/244/244 243/243/243
f 224/224/224 225/1714/225 245/1713/245 244/244/244
f 225/225/225 226/226/226 246/246/246 245/245/245
f 226/226/226 227/227/227 247/247/247 246/246/246
f 227/227/227 228/228/228 248/248/248 247/247/247
f 228/228/228 229/229/229 249/249/249 248/248/248
f 229/229/229 230/230/230 250/250/250 249/249/249
f 230/230/230 231/231/231 251/251/251 250/250/250
f 231/231/231 232/232/232 252/252/252 251/251/251
f 232/232/232 233/233/233 253/253/253 252/252/252
f 233/233/233 234/234/234 254/254/254 253/253/253
f 234/234/234 235/235/235 255/255/255 254/254/254
f 235/235/235 236/236/236 256/256/256 255/255/255
f 236/236/236 237/237/237 257/257/257 256/256/256
f 237/237/237 238/238/238 258/258/258 257/257/257
f 238/238/238 239/239/239 259/259/259 258/258/258
f 239/239/239 240/240/240 260/260/260 259/259/259
f 240/240/240 221/222/222 241/242/242 260/260/260
f 241/242/242 242/241/241 262/261/261 261/262/262
f 242/241/241 243/243/243 263/263/263 262/261/261
f 243/243/243 244/244/244 264/264/264 263/263/263
f 244/244/244 245/1713/245 265/1712/265 264/264/264
f 245/245/245 246/246/246 266/266/266 265/265/265
f 246/246/246 247/247/247 267/267/267 266/266/266
f 247/247/247 248/248/248 268/268/268 267/267/267
f 248/248/248 249/249/249 269/269/269 268/268/268
f 249/249/249 250/250/250 270/270/270 269/269/269
f 250/250/250 251/251/251 271/271/271 270/270/270
f 251/251/251 252/252/252 272/272/272 271/271/271
f 252/252/252 253/253/253 273/273/273 272/272/272
f 253/253/253 254/254/254 274/274/274 273/273/273
f 254/254/254 255/255/255 275/275/275 274/274/274
f 255/255/255 256/256/256 276/276/276 275/275/275
f 256/256/256 257/257/257 277/277/277 276/276/276
f 257/257/257 258/258/258 278/278/278 277/277/277
f 258/258/258 259/259/259 279/279/279 278/278/278
f 259/259/259 260/260/260 280/280/280 279/279/279
f 260/260/260 241/242/242 261/262/262 280/280/280
f 261/262/262 262/261/261 282/281/281 281/282/282
f 262/261/261 263/263/263 283/283/283 282/281/281
f 263/263/263 264/264/264 284/284/284 283/283/283
f 264/264/264 265/1712/265 285/1711/285 284/284/284
f 265/265/265 266/266/266 286/286/286 285/285/285
f 266/266/266 267/267/267 287/287/287 286/286/286
f 267/267/267 268/268/268 288/288/288 287/287/287
f 268/268/268 269/269/269 289/289/289 288/288/288
f 269/269/269 270/270/270 290/290/290 289/289/289
f 270/270/270 271/271/271 291/291/291 290/290/290
f 271/271/271 272/272/272 292/292/292 291/291/291
f 272/272/272 273/273/273 293/293/293 292/292/292
f 273/273/273 274/274/274 294/294/294 293/293/293
f 274/274/274 275/275/275 295/295/295 294/294/294
f 275/275/275 276/276/276 296/296/296 295/295/295
f 276/276/276 277/277/277 297/297/297 296/296/296
f 277/277/277 278/278/278 298/298/298 297/297/297
f 278/278/278 279/279/279 299/299/299 298/298/298
f 279/279/279 280/280/280 300/300/300 299/299/299
f 280/280/280 261/262/262 281/282/282 300/300/300
f 281/282/282 282/281/281 302/301/301 301/302/302
f 282/281/281 283/283/283 303/303/303 302/301/301
f 283/283/283 284/284/284 304/304/304 303/303/303
f 284/284/284 285/1711/285 305/1710/305 304/304/304
f 285/285/285 286/286/286 306/306/306 305/305/305
f 286/286/286 287/287/287 307/307/307 306/306/306
f 287/287/287 288/288/288 308/308/308 307/307/307
f 288/288/288 289/289/289 309/309/309 308/308/308
f 289/289/289 290/290/290 310/310/310 309/309/309
f 290/290/290 291/291/291 311/311/311 310/310/310
f 291/291/291 292/292/292 312/312/312 311/311/311
f 292/292/292 293/293/293 313/313/313 312/312/312
f 293/293/293 294/294/294 314/314/314 313/313/313
f 294/294/294 295/295/295 315/315/315 314/314/314
f 295/295/295 296/296/296 316/316/316 315/315/315
f 296/296/296 297/297/297 317/317/317 316/316/316
f 297/297/297 298/298/298 318/318/318 317/317/317
f 298/298/298 299/299/299 319/319/319 318/318/318
f 299/299/299 300/300/300 320/320/320 319/319/319
f 300/300/300 281/282/282 301/302/302 320/320/320
f 301/302/302 302/301/301 322/321/321 321/322/322
f 302/301/301 303/303/303 323/323/323 322/321/321
f 303/303/303 304/304/304 324/324/324 323/323/323
f 304/304/304 305/1710/305 325/1709/325 324/324/324
f 305/305/305 306/306/306 326/326/326 325/325/325
f 306/306/306 307/307/307 327/327/327 326/326/326
f 307/307/307 308/308/308 328/328/328 327/327/327
f 308/308/308 309/309/309 329/329/329 328/328/328
f 309/309/309 310/310/310 330/330/330 329/329/329
f 310/310/310 311/311/311 331/331/331 330/330/330
f 311/311/311 312/312/312 332/332/332 331/331/331
f 312/312/312 313/313/313 333/333/333 332/332/332
f 313/313/313 314/314/314 334/334/334 333/333/333
f 314/314/314 315/315/315 335/335/335 334/334/334
f 315/315/315 316/316/316 336/336/336 335/335/335
f 316/316/316 317/317/317 337/337/337 336/336/336
f 317/317/317 318/318/318 338/338/338 337/337/337
f 318/318/318 319/319/319 339/339/339 338/338/338
f 319/319/319 320/320/320 340/340/340 339/339/339
f 320/320/320 301/302/302 321/322/322 340/340/340
f 321/322/322 322/321/321 342/341/341 341/342/342
f 322/321/321 323/323/323 343/343/343 342/341/341
f 323/323/323 324/324/324 344/344/344 343/343/343
f 324/324/324 325/1709/325 345/1708/345 344/344/344
f 325/325/325 326/326/326 346/346/346 345/345/345
f 326/326/326 327/327/327 347/347/347 346/346/346
f 327/327/327 328/328/328 348/348/348 347/347/347
f 328/328/328 329/329/329 349/349/349 348/348/348
f 329/329/329 330/330/330 350/350/350 349/349/349
f 330/330/330 331/331/331 351/351/351 350/350/350
f 331/331/331 332/332/332 352/352/352 351/351/351
f 332/332/332 333/333/333 353/353/353 352/352/352
f 333/333/333 334/334/334 354/354/354 353/353/353
f 334/334/334 335/335/335 355/355/355 354/354/354
f 335/335/335 336/336/336 356/356/356 355/355/355
f 336/336/336 337/337/337 357/357/357 356/356/356
f 337/337/337 338/338/338 358/358/358 357/357/357
f 338/338/338 339/339/339 359/359/359 358/358/358
f 339/339/339 340/340/340 360/360/360 359/359/359
f 340/340/340 321/322/322 341/342/342 360/360/360
f 341/342/342 342/341/341 362/361/361 361/362/362
f 342/341/341 343/343/343 363/363/363 362/361/361
f 343/343/343 344/344/344 364/364/364 363/363/363
f 344/344/344 345/1708/345 365/1707/365 364/364/364
f 345/345/345 346/346/346 366/366/366 365/365/365
f 346/346/346 347/347/347 367/367/367 366/366/366
f 347/347/347 348/348/348 368/368/368 367/367/367
f 348/348/348 349/349/349 369/369/369 368/368/368
f 349/349/349 350/350/350 370/370/370 369/369/369
f 350/350/350 351/351/351 371/371/371 370/370/370
f 351/351/351 352/352/352 372/372/372 371/371/371
f 352/352/352 353/353/353 373/373/373 372/372/372
f 353/353/353 354/354/354 374/374/374 373/373/373
f 354/354/354 355/355/355 375/375/375 374/374/374
f 355/355/355 356/356/356 376/376/376 375/375/375
f 356/356/356 357/357/357 377/377/377 376/376/376
f 357/357/357 358/358/358 378/378/378 377/377/377
f 358/358/358 359/359/359 379/379/379 378/378/378
f 359/359/359 360/360/360 380/380/380 379/379/379
f 360/360/360 341/342/342 361/362/362 380/380/380
f 361/362/362 362/361/361 382/381/381 381/382/382
f 362/361/361 363/363/363 383/383/383 382/381/381
f 363/363/363 364/364/364 384/384/384 383/383/383
f 364/364/364 365/1707/365 385/1706/385 384/384/384
f 365/365/365 366/366/366 386/386/386 385/385/385
f 366/366/366 367/367/367 387/387/387 386/386/386
f 367/367/367 368/368/368 388/388/388 387/387/387
f 368/368/368 369/369/369 389/389/389 388/388/388
f 369/369/369 370/370/370 390/390/390 389/389/389
f 370/370/370 371/371/371 391/391/391 390/390/390
f 371/371/371 372/372/372 392/392/392 391/391/391
f 372/372/372 373/373/373 393/393/393 392/392/392
f 373/373/373 374/374/374 394/394/394 393/393/393
f 374/374/374 375/375/375 395/395/395 394/394/394
f 375/375/375 376/376/376 396/396/396 395/395/395
f 376/376/376 377/377/377 397/397/397 396/396/396
f 377/377/377 378/378/378 398/398/398 397/397/397
f 378/378/378 379/379/379 399/399/399 398/398/398
f 379/379/379 380/380/380 400/400/400 399/399/399
f 380/380/380 361/362/362 381/382/382 400/400/400
f 381/382/382 382/381/381 402/401/401 401/402/402
f 382/381/381 383/383/383 403/403/403 402/401/401
f 383/383/383 384/384/384 404/404/404 403/403/403
f 384/384/384 385/1706/385 405/1705/405 404/404/404
f 385/385/385 386/386/386 406/406/406 405/405/405
f 386/386/386 387/387/387 407/407/407 406/406/406
f 387/387/387 388/388/388 408/408/408 407/407/407
f 388/388/388 389/389/389 409/409/409 408/408/408
f 389/389/389 390/390/390 410/410/410 409/409/409
f 390/390/390 391/391/391 411/411/411 410/410/410
f 391/391/391 392/392/392 412/412/412 411/411/411
f 392/392/392 393/393/393 413/413/413 412/412/412
f 393/393/393 394/394/394 414/414/414 413/413/413
f 394/394/394 395/395/395 415/415/415 414/414/414
f 395/395/395 396/396/396 416/416/416 415/415/415
f 396/396/396 397/397/397 417/417/417 416/416/416
f 397/397/397 398/398/398 418/418/418 417/417/417
f 398/398/398 399/399/399 419/419/419 418/418/418
f 399/399/399 400/400/400 420/420/420 419/419/419
f 400/400/400 381/382/382 401/402/402 420/420/420
f 401/402/402 402/401/401 422/421/421 421/422/422
f 402/401/401 403/403/403 423/423/423 422/421/421
f 403/403/403 404/404/404 424/424/424 423/423/423
f 404/404/404 405/1705/405 425/1704/425 424/424/424
f 405/405/405 406/406/406 426/426/426 425/425/425
f 406/406/406 407/407/407 427/427/427 426/426/426
f 407/407/407 408/408/408 428/428/428 427/427/427
f 408/408/408 409/409/409 429/429/429 428/428/428
f 409/409/409 410/410/410 430/430/430 429/429/429
f 410/410/410 411/411/411 431/431/431 430/430/430
f 411/411/411 412/412/412 432/432/432 431/431/431
f 412/412/412 413/413/413 433/433/433 432/432/432
f 413/413/413 414/414/414 434/434/434 433/433/433
f 414/414/414 415/415/415 435/435/435 434/434/434
f 415/415/415 416/416/416 436/436/436 435/435/435
f 416/416/416 417/417/417 437/437/437 436/436/436
f 417/417/417 418/418/418 438/438/438 437/437/437
f 418/418/418 419/419/419 439/439/439 438/438/438
f 419/419/419 420/420/420 440/440/440 439/439/439
f 420/420/420 401/402/402 421/422/422 440/440/440
f 421/422/422 422/421/421 442/441/441 441/442/442
f 422/421/421 423/423/423 443/443/443 442/441/441
f 423/423/423 424/424/424 444/444/444 443/443/443
f 424/424/424 425/1704/425 445/1703/445 444/444/444
f 425/425/425 426/426/426 446/446/446 445/445/445
f 426/426/426 427/427/427 447/447/447 446/446/446
f 427/427/427 428/428/428 448/448/448 447/447/447
f 428/428/428 429/429/429 449/449/449 448/448/448
f 429/429/429 430/430/430 450/450/450 449/449/449
f 430/430/430 431/431/431 451/451/451 450/450/450
f 431/431/431 432/432/432 452/452/452 451/451/451
f 432/432/432 433/433/433 453/453/453 452/452/452
f 433/433/433 434/434/434 454/454/454 453/453/453
f 434/434/434 435/435/435 455/455/455 454/454/454
f 435/435/435 436/436/436 456/456/456 455/455/455
f 436/436/436 437/437/437 457/457/457 456/456/456
f 437/437/437 438/438/438 458/458/458 457/457/457
f 438/438/438 439/439/439 459/459/459 458/458/458
f 439/439/439 440/440/440 460/460/460 459/459/459
f 440/440/440 421/422/422 441/442/442 460/460/460
f 441/442/442 442/441/441 462/461/461 461/462/462
f 442/441/441 443/443/443 463/463/463 462/461/461
f 443/443/443 444/444/444 464/464/464 463/463/463
f 444/444/444 445/1703/445 465/1702/465 464/464/464
f 445/445/445 446/446/446 466/466/466 465/465/465
f 446/446/446 447/447/447 467/467/467 466/466/466
f 447/447/447 448/448/448 468/468/468 467/467/467
f 448/448/448 449/449/449 469/469/469 468/468/468
f 449/449/449 450/450/450 470/470/470 469/469/469
f 450/450/450 451/451/451 471/471/471 470/470/470
f 451/451/451 452/452/452 472/472/472 471/471/471
f 452/452/452 453/453/453 473/473/473 472/472/472
f 453/453/453 454/454/454 474/474/474 473/473/473
f 454/454/454 455/455/455 475/475/475 474/474/474
f 455/455/455 456/456/456 476/476/476 475/475/475
f 456/456/456 457/457/457 477/477/477 476/476/476
f 457/457/457 458/458/458 478/478/478 477/477/477
f 458/458/458 459/459/459 479/479/479 478/478/478
f 459/459/459 460/460/460 480/480/480 479/479/479
f 460/460/460 441/442/442 461/462/462 480/480/480
f 461/462/462 462/461/461 482/481/481 481/482/482
f 462/461/461 463/463/463 483/483/483 482/481/481
f 463/463/463 464/464/464 484/484/484 483/483/483
f 464/464/464 465/1702/465 485/1701/485 484/484/484
f 465/465/465 466/466/466 486/486/486 485/485/485
f 466/466/466 467/467/467 487/487/487 486/486/486
f 467/467/467 468/468/468 488/488/488 487/487/487
f 468/468/468 469/469/469 489/489/489 488/488/488
f 469/469/469 470/470/470 490/490/490 489/489/489
f 470/470/470 471/471/471 491/491/491 490/490/490
f 471/471/471 472/472/472 492/492/492 491/491/491
f 472/472/472 473/473/473 493/493/493 492/492/492
f 473/473/473 474/474/474 494/494/494 493/493/493
f 474/474/474 475/475/475 495/495/495 494/494/494
f 475/475/475 476/476/476 496/496/496 495/495/495
f 476/476/476 477/477/477 497/497/497 496/496/496
f 477/477/477 478/478/478 498/498/498 497/497/497
f 478/478/478 479/479/479 499/499/499 498/498/498
f 479/479/479 480/480/480 500/500/500 499/499/499
f 480/480/480 461/462/462 481/482/482 500/500/500
f 481/482/482 482/481/481 502/501/501 501/502/502
f 482/481/481 483/483/483 503/503/503 502/501/501
f 483/483/483 484/484/484 504/504/504 503/503/503
f 484/484/484 485/1701/485 505/1700/505 504/504/504
f 485/485/485 486/486/486 506/506/506 505/505/505
f 486/486/486 487/487/487 507/507/507 506/506/506
f 487/487/487 488/488/488 508/508/508 507/507/507
f 488/488/488 489/489/489 509/509/509 508/508/508
f 489/489/489 490/490/490 510/510/510 509/509/509
f 490/490/490 491/491/491 511/511/511 510/510/510
f 491/491/491 492/492/492 512/512/512 511/511/511
f 492/492/492 493/493/493 513/513/513 512/512/512
f 493/493/493 494/494/494 514/514/514 513/513/513
f 494/494/494 495/495/495 515/515/515 514/514/514
f 495/495/495 496/496/496 516/516/516 515/515/515
f 496/496/496 497/497/497 517/517/517 516/516/516
f 497/497/497 498/498/498 518/518/518 517/517/517
f 498/498/498 499/499/499 519/519/519 518/518/518
f 499/499/499 500/500/500 520/520/520 519/519/519
f 500/500/500 481/482/482 501/502/502 520/520/520
f 501/502/502 502/501/501 522/521/521 521/522/522
f 502/501/501 503/503/503 523/523/523 522/521/521
f 503/503/503 504/504/504 524/524/524 523/523/523
f 504/504/504 505/1700/505 525/1699/525 524/524/524
f 505/505/505 506/506/506 526/526/526 525/525/525
f 506/506/506 507/507/507 527/527/527 526/526/526
f 507/507/507 508/508/508 528/528/528 527/527/527
f 508/508/508 509/509/509 529/529/529 528/528/528
f 509/509/509 510/510/510 530/530/530 529/529/529
f 510/510/510 511/511/511 531/531/531 530/530/530
f 511/511/511 512/512/512 532/532/532 531/531/531
f 512/512/512 513/513/513 533/533/533 532/532/532
f 513/513/513 514/514/514 534/534/534 533/533/533
f 514/514/514 515/515/515 535/535/535 534/534/534
f 515/515/515 516/516/516 536/536/536 535/535/535
f 516/516/516 517/517/517 537/537/537 536/536/536
f 517/517/517 518/518/518 538/538/538 537/537/537
f 518/518/518 519/519/519 539/539/539 538/538/538
f 519/519/519 520/520/520 540/540/540 539/539/539
f 520/520/520 501/502/502 521/522/522 540/540/540
f 521/522/522 522/521/521 542/541/541 541/542/542
f 522/521/521 523/523/523 543/543/543 542/541/541
f 523/523/523 524/524/524 544/544/544 543/543/543
f 524/524/524 525/1699/525 545/1698/545 544/544/544
f 525/525/525 526/526/526 546/546/546 545/545/545
f 526/526/526 527/527/527 547/547/547 546/546/546
f 527/527/527 528/528/528 548/548/548 547/547/547
f 528/528/528 529/529/529 549/549/549 548/548/548
f 529/529/529 530/530/530 550/550/550 549/549/549
f 530/530/530 531/531/531 551/551/551 550/550/550
f 531/531/531 532/532/532 552/552/552 551/551/551
f 532/532/532 533/533/533 553/553/553 552/552/552
f 533/533/533 534/534/534 554/554/554 553/553/553
f 534/534/534 535/535/535 555/555/555 554/554/554
f 535/535/535 536/536/536 556/556/556 555/555/555
f 536/536/536 537/537/537 557/557/557 556/556/556
f 537/537/537 538/538/538 558/558/558 557/557/557
f 538/538/538 539/539/539 559/559/559 558/558/558
f 539/539/539 540/540/540 560/560/560 559/559/559
f 540/540/540 521/522/522 541/542/542 560/560/560
f 541/542/542 542/541/541 562/561/561 561/562/562
f 542/541/541 543/543/543 563/563/563 562/561/561
f 543/543/543 544/544/544 564/564/564 563/563/563
f 544/544/544 545/1698/545 565/1697/565 564/564/564
f 545/545/545 546/546/546 566/566/566 565/565/565
f 546/546/546 547/547/547 567/567/567 566/566/566
f 547/547/547 548/548/548 568/568/568 567/567/567
f 548/548/548 549/549/549 569/569/569 568/568/568
f 549/549/549 550/550/550 570/570/570 569/569/569
f 550/550/550 551/551/551 571/571/571 570/570/570
f 551/551/551 552/552/552 572/572/572 571/571/571
f 552/552/552 553/553/553 573/573/573 572/572/572
f 553/553/553 554/554/554 574/574/574 573/573/573
f 554/554/554 555/555/555 575/575/575 574/574/574
f 555/555/555 556/556/556 576/576/576 575/575/575
f 556/556/556 557/557/557 577/577/577 576/576/576
f 557/557/557 558/558/558 578/578/578 577/577/577
f 558/558/558 559/559/559 579/579/579 578/578/578
f 559/559/559 560/560/560 580/580/580 579/579/579
f 560/560/560 541/542/542 561/562/562 580/580/580
f 561/562/562 562/561/561 582/581/581 581/582/582
f 562/561/561 563/563/563 583/583/583 582/581/581
f 563/563/563 564/564/564 584/584/584 583/583/583
f 564/564/564 565/1697/565 585/1696/585 584/584/584
f 565/565/565 566/566/566 586/586/586 585/585/585
f 566/566/566 567/567/567 587/587/587 586/586/586
f 567/567/567 568/568/568 588/588/588 587/587/587
f 568/568/568 569/569/569 589/589/589 588/588/588
f 569/569/569 570/570/570 590/590/590 589/589/589
f 570/570/570 571/571/571 591/591/591 590/590/590
f 571/571/571 572/572/572 592/592/592 591/591/591
f 572/572/572 573/573/573 593/593/593 592/592/592
f 573/573/573 574/574/574 594/594/594 593/593/593
f 574/574/574 575/575/575 595/595/595 594/594/594
f 575/575/575 576/576/576 596/596/596 595/595/595
f 576/576/576 577/577/577 597/597/597 596/596/596
f 577/577/577 578/578/578 598/598/598 597/597/597
f 578/578/578 579/579/579 599/599/599 598/598/598
f 579/579/579 580/580/580 600/600/600 599/599/599
f 580/580/580 561/562/562 581/582/582 600/600/600
f 581/582/582 582/581/581 602/601/601 601/602/602
f 582/581/581 583/583/583 603/603/603 602/601/601
f 583/583/583 584/584/584 604/604/604 603/603/603
f 584/584/584 585/1696/585 605/1695/605 604/604/604
f 585/585/585 586/586/586 606/606/606 605/605/605
f 586/586/586 587/587/587 607/607/607 606/606/606
f 587/587/587 588/588/588 608/608/608 607/607/607
f 588/588/588 589/589/589 609/609/609 608/608/608
f 589/589/589 590/590/590 610/610/610 609/609/609
f 590/590/590 591/591/591 611/611/611 610/610/610
f 591/591/591 592/592/592 612/612/612 611/611/611
f 592/592/592 593/593/593 613/613/613 612/612/612
f 593/593/593 594/594/594 614/614/614 613/613/613
f 594/594/594 595/595/595 615/615/615 614/614/614
f 595/595/595 596/596/596 616/616/616 615/615/615
f 596/596/596 597/597/597 617/617/617 616/616/616
f 597/597/597 598/598/598 618/618/618 617/617/617
f 598/598/598 599/599/599 619/619/619 618/618/618
f 599/599/599 600/600/600 620/620/620 619/619/619
f 600/600/600 581/582/582 601/602/602 620/620/620
f 601/602/602 602/601/601 622/621/621 621/622/622
f 602/601/601 603/603/603 623/623/623 622/621/621
f 603/603/603 604/604/604 624/624/624 623/623/623
f 604/604/604 605/1695/605 625/1694/625 624/624/624
f 605/605/605 606/606/606 626/626/626 625/625/625
f 606/606/606 607/607/607 627/627/627 626/626/626
f 607/607/607 608/608/608 628/628/628 627/627/627
f 608/608/608 609/609/609 629/629/629 628/628/628
f 609/609/609 610/610/610 630/630/630 629/629/629
f 610/610/610 611/611/611 631/631/631 630/630/630
f 611/611/611 612/612/612 632/632/632 631/631/631
f 612/612/612 613/613/613 633/633/633 632/632/632
f 613/613/613 614/614/614 634/634/634 633/633/633
f 614/614/614 615/615/615 635/635/635 634/634/634
f 615/615/615 616/616/616 636/636/636 635/635/635
f 616/616/616 617/617/617 637/637/637 636/636/636
f 617/617/617 618/618/618 638/638/638 637/637/637
f 618/618/618 619/619/619 639/639/639 638/638/638
f 619/619/619 620/620/620 640/640/640 639/639/639
f 620/620/620 601/602/602 621/622/622 640/640/640
f 621/622/622 622/621/621 642/641/641 641/642/642
f 622/621/621 623/623/623 643/643/643 642/641/641
f 623/623/623 624/624/624 644/644/644 643/643/643
f 624/624/624 625/1694/625 645/1693/645 644/644/644
f 625/625/625 626/626/626 646/646/646 645/645/645
f 626/626/626 627/627/627 647/647/647 646/646/646
f 627/627/627 628/628/628 648/648/648 647/647/647
f 628/628/628 629/629/629 649/649/649 648/648/648
f 629/629/629 630/630/630 650/650/650 649/649/649
f 630/630/630 631/631/631 651/651/651 650/650/650
f 631/631/631 632/632/632 652/652/652 651/651/651
f 632/632/632 633/633/633 653/653/653 652/652/652
f 633/633/633 634/634/634 654/654/654 653/653/653
f 634/634/634 635/635/635 655/655/655 654/654/654
f 635/635/635 636/636/636 656/656/656 655/655/655
f 636/636/636 637/637/637 657/657/657 656/656/656
f 637/637/637 638/638/638 658/658/658 657/657/657
f 638/638/638 639/639/639 659/659/659 658/658/658
f 639/639/639 640/640/640 660/660/660 659/659/659
f 640/640/640 621/622/622 641/642/642 660/660/660
f 641/642/642 642/641/641 662/661/661 661/662/662
f 642/641/641 643/643/643 663/663/663 662/661/661
f 643/643/643 644/644/644 664/664/664 663/663/663
f 644/644/644 645/1693/645 665/1692/665 664/664/664
f 645/645/645 646/646/646 666/666/666 665/665/665
f 646/646/646 647/647/647 667/667/667 666/666/666
f 647/647/647 648/648/648 668/668/668 667/667/667
f 648/648/648 649/649/649 669/669/669 668/668/668
f 649/649/649 650/650/650 670/670/670 669/669/669
f 650/650/650 651/651/651 671/671/671 670/670/670
f 651/651/651 652/652/652 672/672/672 671/671/671
f 652/652/652 653/653/653 673/673/673 672/672/672
f 653/653/653 654/654/654 674/674/674 673/673/673
f 654/654/654 655/655/655 675/675/675 674/674/674
f 655/655/655 656/656/656 676/676/676 675/675/675
f 656/656/656 657/657/657 677/677/677 676/676/676
f 657/657/657 658/658/658 678/678/678 677/677/677
f 658/658/658 659/659/659 679/679/679 678/678/678
f 659/659/659 660/660/660 680/680/680 679/679/679
f 660/660/660 641/642/642 661/662/662 680/680/680
f 661/662/662 662/661/661 682/681/681 681/682/682
f 662/661/661 663/663/663 683/683/683 682/681/681
f 663/663/663 664/664/664 684/684/684 683/683/683
f 664/664/664 665/1692/665 685/1691/685 684/684/684
f 665/665/665 666/666/666 686/686/686 685/685/685
f 666/666/666 667/667/667 687/687/687 686/686/686
f 667/667/667 668/668/668 688/688/688 687/687/687
f 668/668/668 669/669/669 689/689/689 688/688/688
f 669/669/669 670/670/670 690/690/690 689/689/689
f 670/670/670 671/671/671 691/691/691 690/690/690
f 671/671/671 672/672/672 692/692/692 691/691/691
f 672/672/672 673/673/673 693/693/693 692/692/692
f 673/673/673 674/674/674 694/694/694 693/693/693
f 674/674/674 675/675/675 695/695/695 694/694/694
f 675/675/675 676/676/676 696/696/696 695/695/695
f 676/676/676 677/677/677 697/697/697 696/696/696
f 677/677/677 678/678/678 698/698/698 697/697/697
f 678/678/678 679/679/679 699/699/699 698/698/698
f 679/679/679 680/680/680 700/700/700 699/699/699
f 680/680/680 661/662/662 681/682/682 700/700/700
f 681/682/682 682/681/681 702/701/701 701/702/702
f 682/681/681 683/683/683 703/703/703 702/701/701
f 683/683/683 684/684/684 704/704/704 703/703/703
f 684/684/684 685/1691/685 705/1690/705 704/704/704
f 685/685/685 686/686/686 706/706/706 705/705/705
f 686/686/686 687/687/687 707/707/707 706/706/706
f 687/687/687 688/688/688 708/708/708 707/707/707
f 688/688/688 689/689/689 709/709/709 708/708/708
f 689/689/689 690/690/690 710/710/710 709/709/709
f 690/690/690 691/691/691 711/711/711 710/710/710
f 691/691/691 692/692/692 712/712/712 711/711/711
f 692/692/692 693/693/693 713/713/713 712/712/712
f 693/693/693 694/694/694 714/714/714 713/713/713
f 694/694/694 695/695/695 715/715/715 714/714/714
f 695/695/695 696/696/696 716/716/716 715/715/715
f 696/696/696 697/697/697 717/717/717 716/716/716
f 697/697/697 698/698/698 718/718/718 717/717/717
f 698/698/698 699/699/699 719/719/719 718/718/718
f 699/699/699 700/700/700 720/720/720 719/719/719
f 700/700/700 681/682/682 701/702/702 720/720/720
f 701/702/702 702/701/701 722/721/721 721/722/722
f 702/701/701 703/703/703 723/723/723 722/721/721
f 703/703/703 704/704/704 724/724/724 723/723/723
f 704/704/704 705/1690/705 725/1689/725 724/724/724
f 705/705/705 706/706/706 726/726/726 725/725/725
f 706/706/706 707/707/707 727/727/727 726/726/726
f 707/707/707 708/708/708 728/728/728 727/727/727
f 708/708/708 709/709/709 729/729/729 728/728/728
f 709/709/709 710/710/710 730/730/730 729/729/729
f 710/710/710 711/711/711 731/731/731 730/730/730
f 711/711/711 712/712/712 732/732/732 731/731/731
f 712/712/712 713/713/713 733/733/733 732/732/732
f 713/713/713 714/714/714 734/734/734 733/733/733
f 714/714/714 715/715/715 735/735/735 734/734/734
f 715/715/715 716/716/716 736/736/736 735/735/735
f 716/716/716 717/717/717 737/737/737 736/736/736
f 717/717/717 718/718/718 738/738/738 737/737/737
f 718/718/718 719/719/719 739/739/739 738/738/738
f 719/719/719 720/720/720 740/740/740 739/739/739
f 720/720/720 701/702/702 721/722/722 740/740/740
f 721/722/722 722/721/721 742/741/741 741/742/742
f 722/721/721 723/723/723 743/743/743 742/741/741
f 723/723/723 724/724/724 744/744/744 743/743/743
f 724/724/724 725/1689/725 745/1688/745 744/744/744
f 725/725/725 726/726/726 746/746/746 745/745/745
f 726/726/726 727/727/727 747/747/747 746/746/746
f 727/727/727 728/728/728 748/748/748 747/747/747
f 728/728/728 729/729/729 749/749/749 748/748/748
f 729/729/729 730/730/730 750/750/750 749/749/749
f 730/730/730 731/731/731 751/751/751 750/750/750
f 731/731/731 732/732/732 752/752/752 751/751/751
f 732/732/732 733/733/733 753/753/753 752/752/752
f 733/733/733 734/734/734 754/754/754 753/753/753
f 734/734/734 735/735/735 755/755/755 754/754/754
f 735/735/735 736/736/736 756/756/756 755/755/755
f 736/736/736 737/737/737 757/757/757 756/756/756
f 737/737/737 738/738/738 758/758/758 757/757/757
f 738/738/738 739/739/739 759/759/759 758/758/758
f 739/739/739 740/740/740 760/760/760 759/759/759
f 740/740/740 721/722/722 741/742/742 760/760/760
f 741/742/742 742/741/741 762/761/761 761/762/762
f 742/741/741 743/743/743 763/763/763 762/761/761
f 743/743/743 744/744/744 764/764/764 763/763/763
f 744/744/744 745/1688/745 765/1687/765 764/764/764
f 745/745/745 746/746/746 766/766/766 765/765/765
f 746/746/746 747/747/747 767/767/767 766/766/766
f 747/747/747 748/748/748 768/768/768 767/767/767
f 748/748/748 749/749/749 769/769/769 768/768/768
f 749/749/749 750/750/750 770/770/770 769/769/769
f 750/750/750 751/751/751 771/771/771 770/770/770
f 751/751/751 752/752/752 772/772/772 771/771/771
f 752/752/752 753/753/753 773/773/773 772/772/772
f 753/753/753 754/754/754 774/774/774 773/773/773
f 754/754/754 755/755/755 775/775/775 774/774/774
f 755/755/755 756/756/756 776/776/776 775/775/775
f 756/756/756 757/757/757 777/777/777 776/776/776
f 757/757/757 758/758/758 778/778/778 777/777/777
f 758/758/758 759/759/759 779/779/779 778/778/778
f 759/759/759 760/760/760 780/780/780 779/779/779
f 760/760/760 741/742/742 761/762/762 780/780/780
f 761/762/762 762/761/761 782/781/781 781/782/782
f 762/761/761 763/763/763 783/783/783 782/781/781
f 763/763/763 764/764/764 784/784/784 783/783/783
f 764/764/764 765/1687/765 785/1686/785 784/784/784
f 765/765/765 766/766/766 786/786/786 785/785/785
f 766/766/766 767/767/767 787/787/787 786/786/786
f 767/767/767 768/768/768 788/788/788 787/787/787
f 768/768/768 769/769/769 789/789/789 788/788/788
f 769/769/769 770/770/770 790/790/790 789/789/789
f 770/770/770 771/771/771 791/791/791 790/790/790
f 771/771/771 772/772/772 792/792/792 791/791/791
f 772/772/772 773/773/773 793/793/793 792/792/792
f 773/773/773 774/774/774 794/794/794 793/793/793
f 774/774/774 775/775/775 795/795/795 794/794/794
f 775/775/775 776/776/776 796/796/796 795/795/795
f 776/776/776 777/777/777 797/797/797 796/796/796
f 777/777/777 778/778/778 798/798/798 797/797/797
f 778/778/778 779/779/779 799/799/799 798/798/798
f 779/779/779 780/780/780 800/800/800 799/799/799
f 780/780/780 761/762/762 781/782/782 800/800/800
f 781/782/782 782/781/781 802/801/801 801/802/802
f 782/781/781 783/783/783 803/803/803 802/801/801
f 783/783/783 784/784/784 804/804/804 803/803/803
f 784/784/784 785/1686/785 805/1685/805 804/804/804
f 785/785/785 786/786/786 806/806/806 805/805/805
f 786/786/786 787/787/787 807/807/807 806/806/806
f 787/787/787 788/788/788 808/808/808 807/807/807
f 788/788/788 789/789/789 809/809/809 808/808/808
f 789/789/789 790/790/790 810/810/810 809/809/809
f 790/790/790 791/791/791 811/811/811 810/810/810
f 791/791/791 792/792/792 812/812/812 811/811/811
f 792/792/792 793/793/793 813/813/813 812/812/812
f 793/793/793 794/794/794 814/814/814 813/813/813
f 794/794/794 795/795/795 815/815/815 814/814/814
f 795/795/795 796/796/796 816/816/816 815/815/815
f 796/796/796 797/797/797 817/817/817 816/816/816
f 797/797/797 798/798/798 818/818/818 817/817/817
f 798/798/798 799/799/799 819/819/819 818/818/818
f 799/799/799 800/800/800 820/820/820 819/819/819
f 800/800/800 781/782/782 801/802/802 820/820/820
f 801/802/802 802/801/801 822/821/821 821/822/822
f 802/801/801 803/803/803 823/823/823 822/821/821
f 803/803/803 804/804/804 824/824/824 823/823/823
f 804/804/804 805/1685/805 825/1684/825 824/824/824
f 805/805/805 806/806/806 826/826/826 825/825/825
f 806/806/806 807/807/807 827/827/827 826/826/826
f 807/807/807 808/808/808 828/828/828 827/827/827
f 808/808/808 809/809/809 829/829/829 828/828/828
f 809/809/809 810/810/810 830/830/830 829/829/829
f 810/810/810 811/811/811 831/831/831 830/830/830
f 811/811/811 812/812/812 832/832/832 831/831/831
f 812/812/812 813/813/813 833/833/833 832/832/832
f 813/813/813 814/814/814 834/834/834 833/833/833
f 814/814/814 815/815/815 835/835/835 834/834/834
f 815/815/815 816/816/816 836/836/836 835/835/835
f 816/816/816 817/817/817 837/837/837 836/836/836
f 817/817/817 818/818/818 838/838/838 837/837/837
f 818/818/818 819/819/819 839/839/839 838/838/838
f 819/819/819 820/820/820 840/840/840 839/839/839
f 820/820/820 801/802/802 821/822/822 840/840/840
f 821/822/822 822/821/821 842/841/841 841/842/842
f 822/821/821 823/823/823 843/843/843 842/841/841
f 823/823/823 824/824/824 844/844/844 843/843/843
f 824/824/824 825/1684/825 845/1683/845 844/844/844
f 825/825/825 826/826/826 846/846/846 845/845/845
f 826/826/826 827/827/827 847/847/847 846/846/846
f 827/827/827 828/828/828 848/848/848 847/847/847
f 828/828/828 829/829/829 849/849/849 848/848/848
f 829/829/829 830/830/830 850/850/850 849/849/849
f 830/830/830 831/831/831 851/851/851 850/850/850
f 831/831/831 832/832/832 852/852/852 851/851/851
f 832/832/832 833/833/833 853/853/853 852/852/852
f 833/833/833 834/834/834 854/854/854 853/853/853
f 834/834/834 835/835/835 855/855/855 854/854/854
f 835/835/835 836/836/836 856/856/856 855/855/855
f 836/836/836 837/837/837 857/857/857 856/856/856
f 837/837/837 838/838/838 858/858/858 857/857/857
f 838/838/838 839/839/839 859/859/859 858/858/858
f 839/839/839 840/840/840 860/860/860 859/859/859
f 840/840/840 821/822/822 841/842/842 860/860/860
f 841/842/842 842/841/841 862/861/861 861/862/862
f 842/841/841 843/843/843 863/863/863 862/861/861
f 843/843/843 844/844/844 864/864/864 863/863/863
f 844/844/844 845/1683/845 865/1682/865 864/864/864
f 845/845/845 846/846/846 866/866/866 865/865/865
f 846/846/846 847/847/847 867/867/867 866/866/866
f 847/847/847 848/848/848 868/868/868 867/867/867
f 848/848/848 849/849/849 869/869/869 868/868/868
f 849/849/849 850/850/850 870/870/870 869/869/869
f 850/850/850 851/851/851 871/871/871 870/870/870
f 851/851/851 852/852/852 872/872/872 871/871/871
f 852/852/852 853/853/853 873/873/873 872/872/872
f 853/853/853 854/854/854 874/874/874 873/873/873
f 854/854/854 855/855/855 875/875/875 874/874/874
f 855/855/855 856/856/856 876/876/876 875/875/875
f 856/856/856 857/857/857 877/877/877 876/876/876
f 857/857/857 858/858/858 878/878/878 877/877/877
f 858/858/858 859/859/859 879/879/879 878/878/878
f 859/859/859 860/860/860 880/880/880 879/879/879
f 860/860/860 841/842/842 861/862/862 880/880/880
f 861/862/862 862/861/861 882/881/881 881/882/882
f 862/861/861 863/863/863 883/883/883 882/881/881
f 863/863/863 864/864/864 884/884/884 883/883/883
f 864/864/864 865/1682/865 885/1681/885 884/884/884
f 865/865/865 866/866/866 886/886/886 885/885/885
f 866/866/866 867/867/867 887/887/887 886/886/886
f 867/867/867 868/868/868 888/888/888 887/887/887
f 868/868/868 869/869/869 889/889/889 888/888/888
f 869/869/869 870/870/870 890/890/890 889/889/889
f 870/870/870 871/871/871 891/891/891 890/890/890
f 871/871/871 872/872/872 892/892/892 891/891/891
f 872/872/872 873/873/873 893/893/893 892/892/892
f 873/873/873 874/874/874 894/894/894 893/893/893
f 874/874/874 875/875/875 895/895/895 894/894/894
f 875/875/875 876/876/876 896/896/896 895/895/895
f 876/876/876 877/877/877 897/897/897 896/896/896
f 877/877/877 878/878/878 898/898/898 897/897/897
f 878/878/878 879/879/879 899/899/899 898/898/898
f 879/879/879 880/880/880 900/900/900 899/899/899
f 880/880/880 861/862/862 881/882/882 900/900/900
f 881/882/882 882/881/881 902/901/901 901/902/902
f 882/881/881 883/883/883 903/903/903 902/901/901
f 883/883/883 884/884/884 904/904/904 903/903/903
f 884/884/884 885/1681/885 905/1680/905 904/904/904
f 885/885/885 886/886/886 906/906/906 905/905/905
f 886/886/886 887/887/887 907/907/907 906/906/906
f 887/887/887 888/888/888 908/908/908 907/907/907
f 888/888/888 889/889/889 909/909/909 908/908/908
f 889/889/889 890/890/890 910/910/910 909/909/909
f 890/890/890 891/891/891 911/911/911 910/910/910
f 891/891/891 892/892/892 912/912/912 911/911/911
f 892/892/892 893/893/893 913/913/913 912/912/912
f 893/893/893 894/894/894 914/914/914 913/913/913
f 894/894/894 895/895/895 915/915/915 914/914/914
f 895/895/895 896/896/896 916/916/916 915/915/915
f 896/896/896 897/897/897 917/917/917 916/916/916
f 897/897/897 898/898/898 918/918/918 917/917/917
f 898/898/898 899/899/899 919/919/919 918/918/918
f 899/899/899 900/900/900 920/920/920 919/919/919
f 900/900/900 881/882/882 901/902/902 920/920/920
f 901/902/902 902/901/901 922/921/921 921/922/922
f 902/901/901 903/903/903 923/923/923 922/921/921
f 903/903/903 904/904/904 924/924/924 923/923/923
f 904/904/904 905/1680/905 925/1679/925 924/924/924
f 905/905/905 906/906/906 926/926/926 925/925/925
f 906/906/906 907/907/907 927/927/927 926/926/926
f 907/907/907 908/908/908 928/928/928 927/927/927
f 908/908/908 909/909/909 929/929/929 928/928/928
f 909/909/909 910/910/910 930/930/930 929/929/929
f 910/910/910 911/911/911 931/931/931 930/930/930
f 911/911/911 912/912/912 932/932/932 931/931/931
f 912/912/912 913/913/913 933/933/933 932/932/932
f 913/913/913 914/914/914 934/934/934 933/933/933
f 914/914/914 915/915/915 935/935/935 934/934/934
f 915/915/915 916/916/916 936/936/936 935/935/935
f 916/916/916 917/917/917 937/937/937 936/936/936
f 917/917/917 918/918/918 938/938/938 937/937/937
f 918/918/918 919/919/919 939/939/939 938/938/938
f 919/919/919 920/920/920 940/940/940 939/939/939
f 920/920/920 901/902/902 921/922/922 940/940/940
f 921/922/922 922/921/921 942/941/941 941/942/942
f 922/921/921 923/923/923 943/943/943 942/941/941
f 923/923/923 924/924/924 944/944/944 943/943/943
f 924/924/924 925/1679/925 945/1678/945 944/944/944
f 925/925/925 926/926/926 946/946/946 945/945/945
f 926/926/926 927/927/927 947/947/947 946/946/946
f 927/927/927 928/928/928 948/948/948 947/947/947
f 928/928/928 929/929/929 949/949/949 948/948/948
f 929/929/929 930/930/930 950/950/950 949/949/949
f 930/930/930 931/931/931 951/951/951 950/950/950
f 931/931/931 932/932/932 952/952/952 951/951/951
f 932/932/932 933/933/933 953/953/953 952/952/952
f 933/933/933 934/934/934 954/954/954 953/953/953
f 934/934/934 935/935/935 955/955/955 954/954/954
f 935/935/935 936/936/936 956/956/956 955/955/955
f 936/936/936 937/937/937 957/957/957 956/956/956
f 937/937/937 938/938/938 958/958/958 957/957/957
f 938/938/938 939/939/939 959/959/959 958/958/958
f 939/939/939 940/940/940 960/960/960 959/959/959
f 940/940/940 921/922/922 941/942/942 960/960/960
f 941/942/942 942/941/941 962/961/961 961/962/962
f 942/941/941 943/943/943 963/963/963 962/961/961
f 943/943/943 944/944/944 964/964/964 963/963/963
f 944/944/944 945/1678/945 965/1677/965 964/964/964
f 945/945/945 946/946/946 966/966/966 965/965/965
f 946/946/946 947/947/947 967/967/967 966/966/966
f 947/947/947 948/948/948 968/968/968 967/967/967
f 948/948/948 949/949/949 969/969/969 968/968/968
f 949/949/949 950/950/950 970/970/970 969/969/969
f 950/950/950 951/951/951 971/971/971 970/970/970
f 951/951/951 952/952/952 972/972/972 971/971/971
f 952/952/952 953/953/953 973/973/973 972/972/972
f 953/953/953 954/954/954 974/974/974 973/973/973
f 954/954/954 955/955/955 975/975/975 974/974/974
f 955/955/955 956/956/956 976/976/976 975/975/975
f 956/956/956 957/957/957 977/977/977 976/976/976
f 957/957/957 958/958/958 978/978/978 977/977/977
f 958/958/958 959/959/959 979/979/979 978/978/978
f 959/959/959 960/960/960 980/980/980 979/979/979
f 960/960/960 941/942/942 961/962/962 980/980/980
f 961/962/962 962/961/961 982/981/981 981/982/982
f 962/961/961 963/963/963 983/983/983 982/981/981
f 963/963/963 964/964/964 984/984/984 983/983/983
f 964/964/964 965/1677/965 985/1676/985 984/984/984
f 965/965/965 966/966/966 986/986/986 985/985/985
f 966/966/966 967/967/967 987/987/987 986/986/986
f 967/967/967 968/968/968 988/988/988 987/987/987
f 968/968/968 969/969/969 989/989/989 988/988/988
f 969/969/969 970/970/970 990/990/990 989/989/989
f 970/970/970 971/971/971 991/991/991 990/990/990
f 971/971/971 972/972/972 992/992/992 991/991/991
f 972/972/972 973/973/973 993/993/993 992/992/992
f 973/973/973 974/974/974 994/994/994 993/993/993
f 974/974/974 975/975/975 995/995/995 994/994/994
f 975/975/975 976/976/976 996/996/996 995/995/995
f 976/976/976 977/977/977 997/997/997 996/996/996
f 977/977/977 978/978/978 998/998/998 997/997/997
f 978/978/978 979/979/979 999/999/999 998/998/998
f 979/979/979 980/980/980 1000/1000/1000 999/999/999
f 980/980/980 961/962/962 981/982/982 1000/1000/1000
f 981/982/982 982/981/981 1002/1001/1001 1001/1002/1002
f 982/981/981 983/983/983 1003/1003/1003 1002/1001/1001
f 983/983/983 984/984/984 1004/1004/1004 1003/1003/1003
f 984/984/984 985/1676/985 1005/1675/1005 1004/1004/1004
f 985/985/985 986/986/986 1006/1006/1006 1005/1005/1005
f 986/986/986 987/987/987 1007/1007/1007 1006/1006/1006
f 987/987/987 988/988/988 1008/1008/1008 1007/1007/1007
f 988/988/988 989/989/989 1009/1009/1009 1008/1008/1008
f 989/989/989 990/990/990 1010/1010/1010 1009/1009/1009
f 990/990/990 991/991/991 1011/1011/1011 1010/1010/1010
f 991/991/991 992/992/992 1012/1012/1012 1011/1011/1011
f 992/992/992 993/993/993 1013/1013/1013 1012/1012/1012
f 993/993/993 994/994/994 1014/1014/1014 1013/1013/1013
f 994/994/994 995/995/995 1015/1015/1015 1014/1014/1014
f 995/995/995 996/996/996 1016/1016/1016 1015/1015/1015
f 996/996/996 997/997/997 1017/1017/1017 1016/1016/1016
f 997/997/997 998/998/998 1018/1018/1018 1017/1017/1017
f 998/998/998 999/999/999 1019/1019/1019 1018/1018/1018
f 999/999/999 1000/1000/1000 1020/1020/1020 1019/1019/1019
f 1000/1000/1000 981/982/982 1001/1002/1002 1020/1020/1020
f 1001/1002/1002 1002/1001/1001 1022/1021/1021 1021/1022/1022
f 1002/1001/1001 1003/1003/1003 1023/1023/1023 1022/1021/1021
f 1003/1003/1003 1004/1004/1004 1024/1024/1024 1023/1023/1023
f 1004/1004/1004 1005/1675/1005 1025/1674/1025 1024/1024/1024
f 1005/1005/1005 1006/1006/1006 1026/1026/1026 1025/1025/1025
f 1006/1006/1006 1007/1007/1007 1027/1027/1027 1026/1026/1026
f 1007/1007/1007 1008/1008/1008 1028/1028/1028 1027/1027/1027
f 1008/1008/1008 1009/1009/1009 1029/1029/1029 1028/1028/1028
f 1009/1009/1009 1010/1010/1010 1030/1030/1030 1029/1029/1029
f 1010/1010/1010 1011/1011/1011 1031/1031/1031 1030/1030/1030
f 1011/1011/1011 1012/1012/1012 1032/1032/1032 1031/1031/1031
f 1012/1012/1012 1013/1013/1013 1033/1033/1033 1032/1032/1032
f 1013/1013/1013 1014/1014/1014 1034/1034/1034 1033/1033/1033
f 1014/1014/1014 1015/1015/1015 1035/1035/1035 1034/1034/1034
f 1015/1015/1015 1016/1016/1016 1036/1036/1036 1035/1035/1035
f 1016/1016/1016 1017/1017/1017 1037/1037/1037 1036/1036/1036
f 1017/1017/1017 1018/1018/1018 1038/1038/1038 1037/1037/1037
f 1018/1018/1018 1019/1019/1019 1039/1039/1039 1038/1038/1038
f 1019/1019/1019 1020/1020/1020 1040/1040/1040 1039/1039/1039
f 1020/1020/1020 1001/1002/1002 1021/1022/1022 1040/1040/1040
f 1021/1022/1022 1022/1021/1021 1042/1041/1041 1041/1042/1042
f 1022/1021/1021 1023/1023/1023 1043/1043/1043 1042/1041/1041
f 1023/1023/1023 1024/1024/1024 1044/1044/1044 1043/1043/1043
f 1024/1024/1024 1025/1674/1025 1045/1673/1045 1044/1044/1044
f 1025/1025/1025 1026/1026/1026 1046/1046/1046 1045/1045/1045
f 1026/1026/1026 1027/1027/1027 1047/1047/1047 1046/1046/1046
f 1027/1027/1027 1028/1028/1028 1048/1048/1048 1047/1047/1047
f 1028/1028/1028 1029/1029/1029 1049/1049/1049 1048/1048/1048
f 1029/1029/1029 1030/1030/1030 1050/1050/1050 1049/1049/1049
f 1030/1030/1030 1031/1031/1031 1051/1051/1051 1050/1050/1050
f 1031/1031/1031 1032/1032/1032 1052/1052/1052 1051/1051/1051
f 1032/1032/1032 1033/1033/1033 1053/1053/1053 1052/1052/1052
f 1033/1033/1033 1034/1034/1034 1054/1054/1054 1053/1053/1053
f 1034/1034/1034 1035/1035/1035 1055/1055/1055 1054/1054/1054
f 1035/1035/1035 1036/1036/1036 1056/1056/1056 1055/1055/1055
f 1036/1036/1036 1037/1037/1037 1057/1057/1057 1056/1056/1056
f 1037/1037/1037 1038/1038/1038 1058/1058/1058 1057/1057/1057
f 1038/1038/1038 1039/1039/1039 1059/1059/1059 1058/1058/1058
f 1039/1039/1039 1040/1040/1040 1060/1060/1060 1059/1059/1059
f 1040/1040/1040 1021/1022/1022 1041/1042/1042 1060/1060/1060
f 1041/1042/1042 1042/1041/1041 1062/1061/1061 1061/1062/1062
f 1042/1041/1041 1043/1043/1043 1063/1063/1063 1062/1061/1061
f 1043/1043/1043 1044/1044/1044 1064/1064/1064 1063/1063/1063
f 1044/1044/1044 1045/1673/1045 1065/1672/1065 1064/1064/1064
f 1045/1045/1045 1046/1046/1046 1066/1066/1066 1065/1065/1065
f 1046/1046/1046 1047/1047/1047 1067/1067/1067 1066/1066/1066
f 1047/1047/1047 1048/1048/1048 1068/1068/1068 1067/1067/1067
f 1048/1048/1048 1049/1049/1049 1069/1069/1069 1068/1068/1068
f 1049/1049/1049 1050/1050/1050 1070/1070/1070 1069/1069/1069
f 1050/1050/1050 1051/1051/1051 1071/1071/1071 1070/1070/1070
f 1051/1051/1051 1052/1052/1052 1072/1072/1072 1071/1071/1071
f 1052/1052/1052 1053/1053/1053 1073/1073/1073 1072/1072/1072
f 1053/1053/1053 1054/1054/1054 1074/1074/1074 1073/1073/1073
f 1054/1054/1054 1055/1055/1055 1075/1075/1075 1074/1074/1074
f 1055/1055/1055 1056/1056/1056 1076/1076/1076 1075/1075/1075
f 1056/1056/1056 1057/1057/1057 1077/1077/1077 1076/1076/1076
f 1057/1057/1057 1058/1058/1058 1078/1078/1078 1077/1077/1077
f 1058/1058/1058 1059/1059/1059 1079/1079/1079 1078/1078/1078
f 1059/1059/1059 1060/1060/1060 1080/1080/1080 1079/1079/1079
f 1060/1060/1060 1041/1042/1042 1061/1062/1062 1080/1080/1080
f 1061/1062/1062 1062/1061/1061 1082/1081/1081 1081/1082/1082
f 1062/1061/1061 1063/1063/1063 1083/1083/1083 1082/1081/1081
f 1063/1063/1063 1064/1064/1064 1084/1084/1084 1083/1083/1083
f 1064/1064/1064 1065/1672/1065 1085/1671/1085 1084/1084/1084
f 1065/1065/1065 1066/1066/1066 1086/1086/1086 1085/1085/1085
f 1066/1066/1066 1067/1067/1067 1087/1087/1087 1086/1086/1086
f 1067/1067/1067 1068/1068/1068 1088/1088/1088 1087/1087/1087
f 1068/1068/1068 1069/1069/1069 1089/1089/1089 1088/1088/1088
f 1069/1069/1069 1070/1070/1070 1090/1090/1090 1089/1089/1089
f 1070/1070/1070 1071/1071/1071 1091/1091/1091 1090/1090/1090
f 1071/1071/1071 1072/1072/1072 1092/1092/1092 1091/1091/1091
f 1072/1072/1072 1073/1073/1073 1093/1093/1093 1092/1092/1092
f 1073/1073/1073 1074/1074/1074 1094/1094/1094 1093/1093/1093
f 1074/1074/1074 1075/1075/1075 1095/1095/1095 1094/1094/1094
f 1075/1075/1075 1076/1076/1076 1096/1096/1096 1095/1095/1095
f 1076/1076/1076 1077/1077/1077 1097/1097/1097 1096/1096/1096
f 1077/1077/1077 1078/1078/1078 1098/1098/1098 1097/1097/1097
f 1078/1078/1078 1079/1079/1079 1099/1099/1099 1098/1098/1098
f 1079/1079/1079 1080/1080/1080 1100/1100/1100 1099/1099/1099
f 1080/1080/1080 1061/1062/1062 1081/1082/1082 1100/1100/1100
f 1081/1082/1082 1082/1081/1081 1102/1101/1101 1101/1102/1102
f 1082/1081/1081 1083/1083/1083 1103/1103/1103 1102/1101/1101
f 1083/1083/1083 1084/1084/1084 1104/1104/1104 1103/1103/1103
f 1084/1084/1084 1085/1671/1085 1105/1670/1105 1104/1104/1104
f 1085/1085/1085 1086/1086/1086 1106/1106/1106 1105/1105/1105
f 1086/1086/1086 1087/1087/1087 1107/1107/1107 1106/1106/1106
f 1087/1087/1087 1088/1088/1088 1108/1108/1108 1107/1107/1107
f 1088/1088/1088 1089/1089/1089 1109/1109/1109 1108/1108/1108
f 1089/1089/1089 1090/1090/1090 1110/1110/1110 1109/1109/1109
f 1090/1090/1090 1091/1091/1091 1111/1111/1111 1110/1110/1110
f 1091/1091/1091 1092/1092/1092 1112/1112/1112 1111/1111/1111
f 1092/1092/1092 1093/1093/1093 1113/1113/1113 1112/1112/1112
f 1093/1093/1093 1094/1094/1094 1114/1114/1114 1113/1113/1113
f 1094/1094/1094 1095/1095/1095 1115/1115/1115 1114/1114/1114
f 1095/1095/1095 1096/1096/1096 1116/1116/1116 1115/1115/1115
f 1096/1096/1096 1097/1097/1097 1117/1117/1117 1116/1116/1116
f 1097/1097/1097 1098/1098/1098 1118/1118/1118 1117/1117/1117
f 1098/1098/1098 1099/1099/1099 1119/1119/1119 1118/1118/1118
f 1099/1099/1099 1100/1100/1100 1120/1120/1120 1119/1119/1119
f 1100/1100/1100 1081/1082/1082 1101/1102/1102 1120/1120/1120
f 1101/1102/1102 1102/1101/1101 1122/1121/1121 1121/1122/1122
f 1102/1101/1101 1103/1103/1103 1123/1123/1123 1122/1121/1121
f 1103/1103/1103 1104/1104/1104 1124/1124/1124 1123/1123/1123
f 1104/1104/1104 1105/1670/1105 1125/1669/1125 1124/1124/1124
f 1105/1105/1105 1106/1106/1106 1126/1126/1126 1125/1125/1125
f 1106/1106/1106 1107/1107/1107 1127/1127/1127 1126/1126/1126
f 1107/1107/1107 1108/1108/1108 1128/1128/1128 1127/1127/1127
f 1108/1108/1108 1109/1109/1109 1129/1129/1129 1128/1128/1128
f 1109/1109/1109 1110/1110/1110 1130/1130/1130 1129/1129/1129
f 1110/1110/1110 1111/1111/1111 1131/1131/1131 1130/1130/1130
f 1111/1111/1111 1112/1112/1112 1132/1132/1132 1131/1131/1131
f 1112/1112/1112 1113/1113/1113 1133/1133/1133 1132/1132/1132
f 1113/1113/1113 1114/1114/1114 1134/1134/1134 1133/1133/1133
f 1114/1114/1114 1115/1115/1115 1135/1135/1135 1134/1134/1134
f 1115/1115/1115 1116/1116/1116 1136/1136/1136 1135/1135/1135
f 1116/1116/1116 1117/1117/1117 1137/1137/1137 1136/1136/1136
f 1117/1117/1117 1118/1118/1118 1138/1138/1138 1137/1137/1137
f 1118/1118/1118 1119/1119/1119 1139/1139/1139 1138/1138/1138
f 1119/1119/1119 1120/1120/1120 1140/1140/1140 1139/1139/1139
f 1120/1120/1120 1101/1102/1102 1121/1122/1122 1140/1140/1140
f 1121/1122/1122 1122/1121/1121 1142/1141/1141 1141/1142/1142
f 1122/1121/1121 1123/1123/1123 1143/1143/1143 1142/1141/1141
f 1123/1123/1123 1124/1124/1124 1144/1144/1144 1143/1143/1143
f 1124/1124/1124 1125/1669/1125 1145/1668/1145 1144/1144/1144
f 1125/1125/1125 1126/1126/1126 1146/1146/1146 1145/1145/1145
f 1126/1126/1126 1127/1127/1127 1147/1147/1147 1146/1146/1146
f 1127/1127/1127 1128/1128/1128 1148/1148/1148 1147/1147/1147
f 1128/1128/1128 1129/1129/1129 1149/1149/1149 1148/1148/1148
f 1129/1129/1129 1130/1130/1130 1150/1150/1150 1149/1149/1149
f 1130/1130/1130 1131/1131/1131 1151/1151/1151 1150/1150/1150
f 1131/1131/1131 1132/1132/1132 1152/1152/1152 1151/1151/1151
f 1132/1132/1132 1133/1133/1133 1153/1153/1153 1152/1152/1152
f 1133/1133/1133 1134/1134/1134 1154/1154/1154 1153/1153/1153
f 1134/1134/1134 1135/1135/1135 1155/1155/1155 1154/1154/1154
f 1135/1135/1135 1136/1136/1136 1156/1156/1156 1155/1155/1155
f 1136/1136/1136 1137/1137/1137 1157/1157/1157 1156/1156/1156
f 1137/1137/1137 1138/1138/1138 1158/1158/1158 1157/1157/1157
f 1138/1138/1138 1139/1139/1139 1159/1159/1159 1158/1158/1158
f 1139/1139/1139 1140/1140/1140 1160/1160/1160 1159/1159/1159
f 1140/1140/1140 1121/1122/1122 1141/1142/1142 1160/1160/1160
f 1141/1142/1142 1142/1141/1141 1162/1161/1161 1161/1162/1162
f 1142/1141/1141 1143/1143/1143 1163/1163/1163 1162/1161/1161
f 1143/1143/1143 1144/1144/1144 1164/1164/1164 1163/1163/1163
f 1144/1144/1144 1145/1668/1145 1165/1667/1165 1164/1164/1164
f 1145/1145/1145 1146/1146/1146 1166/1166/1166 1165/1165/1165
f 1146/1146/1146 1147/1147/1147 1167/1167/1167 1166/1166/1166
f 1147/1147/1147 1148/1148/1148 1168/1168/1168 1167/1167/1167
f 1148/1148/1148 1149/1149/1149 1169/1169/1169 1168/1168/1168
f 1149/1149/1149 1150/1150/1150 1170/1170/1170 1169/1169/1169
f 1150/1150/1150 1151/1151/1151 1171/1171/1171 1170/1170/1170
f 1151/1151/1151 1152/1152/1152 1172/1172/1172 1171/1171/1171
f 1152/1152/1152 1153/1153/1153 1173/1173/1173 1172/1172/1172
f 1153/1153/1153 1154/1154/1154 1174/1174/1174 1173/1173/1173
f 1154/1154/1154 1155/1155/1155 1175/1175/1175 1174/1174/1174
f 1155/1155/1155 1156/1156/1156 1176/1176/1176 1175/1175/1175
f 1156/1156/1156 1157/1157/1157 1177/1177/1177 1176/1176/1176
f 1157/1157/1157 1158/1158/1158 1178/1178/1178 1177/1177/1177
f 1158/1158/1158 1159/1159/1159 1179/1179/1179 1178/1178/1178
f 1159/1159/1159 1160/1160/1160 1180/1180/1180 1179/1179/1179
f 1160/1160/1160 1141/1142/1142 1161/1162/1162 1180/1180/1180
f 1161/1162/1162 1162/1161/1161 1182/1181/1181 1181/1182/1182
f 1162/1161/1161 1163/1163/1163 1183/1183/1183 1182/1181/1181
f 1163/1163/1163 1164/1164/1164 1184/1184/1184 1183/1183/1183
f 1164/1164/1164 1165/1667/1165 1185/1666/1185 1184/1184/1184
f 1165/1165/1165 1166/1166/1166 1186/1186/1186 1185/1185/1185
f 1166/1166/1166 1167/1167/1167 1187/1187/1187 1186/1186/1186
f 1167/1167/1167 1168/1168/1168 1188/1188/1188 1187/1187/1187
f 1168/1168/1168 1169/1169/1169 1189/1189/1189 1188/1188/1188
f 1169/1169/1169 1170/1170/1170 1190/1190/1190 1189/1189/1189
f 1170/1170/1170 1171/1171/1171 1191/1191/1191 1190/1190/1190
f 1171/1171/1171 1172/1172/1172 1192/1192/1192 1191/1191/1191
f 1172/1172/1172 1173/1173/1173 1193/1193/1193 1192/1192/1192
f 1173/1173/1173 1174/1174/1174 1194/1194/1194 1193/1193/1193
f 1174/1174/1174 1175/1175/1175 1195/1195/1195 1194/1194/1194
f 1175/1175/1175 1176/1176/1176 1196/1196/1196 1195/1195/1195
f 1176/1176/1176 1177/1177/1177 1197/1197/1197 1196/1196/1196
f 1177/1177/1177 1178/1178/1178 1198/1198/1198 1197/1197/1197
f 1178/1178/1178 1179/1179/1179 1199/1199/1199 1198/1198/1198
f 1179/1179/1179 1180/1180/1180 1200/1200/1200 1199/1199/1199
f 1180/1180/1180 1161/1162/1162 1181/1182/1182 1200/1200/1200
f 1181/1182/1182 1182/1181/1181 1202/1201/1201 1201/1202/1202
f 1182/1181/1181 1183/1183/1183 1203/1203/1203 1202/1201/1201
f 1183/1183/1183 1184/1184/1184 1204/1204/1204 1203/1203/1203
f 1184/1184/1184 1185/1666/1185 1205/1665/1205 1204/1204/1204
f 1185/1185/1185 1186/1186/1186 1206/1206/1206 1205/1205/1205
f 1186/1186/1186 1187/1187/1187 1207/1207/1207 1206/1206/1206
f 1187/1187/1187 1188/1188/1188 1208/1208/1208 1207/1207/1207
f 1188/1188/1188 1189/1189/1189 1209/1209/1209 1208/1208/1208
f 1189/1189/1189 1190/1190/1190 1210/1210/1210 1209/1209/1209
f 1190/1190/1190 1191/1191/1191 1211/1211/1211 1210/1210/1210
f 1191/1191/1191 1192/1192/1192 1212/1212/1212 1211/1211/1211
f 1192/1192/1192 1193/1193/1193 1213/1213/1213 1212/1212/1212
f 1193/1193/1193 1194/1194/1194 1214/1214/1214 1213/1213/1213
f 1194/1194/1194 1195/1195/1195 1215/1215/1215 1214/1214/1214
f 1195/1195/1195 1196/1196/1196 1216/1216/1216 1215/1215/1215
f 1196/1196/1196 1197/1197/1197 1217/1217/1217 1216/1216/1216
f 1197/1197/1197 1198/1198/1198 1218/1218/1218 1217/1217/1217
f 1198/1198/1198 1199/1199/1199 1219/1219/1219 1218/1218/1218
f 1199/1199/1199 1200/1200/1200 1220/1220/1220 1219/1219/1219
f 1200/1200/1200 1181/1182/1182 1201/1202/1202 1220/1220/1220
f 1201/1202/1202 1202/1201/1201 1222/1221/1221 1221/1222/1222
f 1202/1201/1201 1203/1203/1203 1223/1223/1223 1222/1221/1221
f 1203/1203/1203 1204/1204/1204 1224/1224/1224 1223/1223/1223
f 1204/1204/1204 1205/1665/1205 1225/1664/1225 1224/1224/1224
f 1205/1205/1205 1206/1206/1206 1226/1226/1226 1225/1225/1225
f 1206/1206/1206 1207/1207/1207 1227/1227/1227 1226/1226/1226
f 1207/1207/1207 1208/1208/1208 1228/1228/1228 1227/1227/1227
f 1208/1208/1208 1209/1209/1209 1229/1229/1229 1228/1228/1228
f 1209/1209/1209 1210/1210/1210 1230/1230/1230 1229/1229/1229
f 1210/1210/1210 1211/1211/1211 1231/1231/1231 1230/1230/1230
f 1211/1211/1211 1212/1212/1212 1232/1232/1232 1231/1231/1231
f 1212/1212/1212 1213/1213/1213 1233/1233/1233 1232/1232/1232
f 1213/1213/1213 1214/1214/1214 1234/1234/1234 1233/1233/1233
f 1214/1214/1214 1215/1215/1215 1235/1235/1235 1234/1234/1234
f 1215/1215/1215 1216/1216/1216 1236/1236/1236 1235/1235/1235
f 1216/1216/1216 1217/1217/1217 1237/1237/1237 1236/1236/1236
f 1217/1217/1217 1218/1218/1218 1238/1238/1238 1237/1237/1237
f 1218/1218/1218 1219/1219/1219 1239/1239/1239 1238/1238/1238
f 1219/1219/1219 1220/1220/1220 1240/1240/1240 1239/1239/1239
f 1220/1220/1220 1201/1202/1202 1221/1222/1222 1240/1240/1240
f 1221/1222/1222 1222/1221/1221 1242/1241/1241 1241/1242/1242
f 1222/1221/1221 1223/1223/1223 1243/1243/1243 1242/1241/1241
f 1223/1223/1223 1224/1224/1224 1244/1244/1244 1243/1243/1243
f 1224/1224/1224 1225/1664/1225 1245/1663/1245 1244/1244/1244
f 1225/1225/1225 1226/1226/1226 1246/1246/1246 1245/1245/1245
f 1226/1226/1226 1227/1227/1227 1247/1247/1247 1246/1246/1246
f 1227/1227/1227 1228/1228/1228 1248/1248/1248 1247/1247/1247
f 1228/1228/1228 1229/1229/1229 1249/1249/1249 1248/1248/1248
f 1229/1229/1229 1230/1230/1230 1250/1250/1250 1249/1249/1249
f 1230/1230/1230 1231/1231/1231 1251/1251/1251 1250/1250/1250
f 1231/1231/1231 1232/1232/1232 1252/1252/1252 1251/1251/1251
f 1232/1232/1232 1233/1233/1233 1253/1253/1253 1252/1252/1252
f 1233/1233/1233 1234/1234/1234 1254/1254/1254 1253/1253/1253
f 1234/1234/1234 1235/1235/1235 1255/1255/1255 1254/1254/1254
f 1235/1235/1235 1236/1236/1236 1256/1256/1256 1255/1255/1255
f 1236/1236/1236 1237/1237/1237 1257/1257/1257 1256/1256/1256
f 1237/1237/1237 1238/1238/1238 1258/1258/1258 1257/1257/1257
f 1238/1238/1238 1239/1239/1239 1259/1259/1259 1258/1258/1258
f 1239/1239/1239 1240/1240/1240 1260/1260/1260 1259/1259/1259
f 1240/1240/1240 1221/1222/1222 1241/1242/1242 1260/1260/1260
f 1241/1242/1242 1242/1241/1241 1262/1261/1261 1261/1262/1262
f 1242/1241/1241 1243/1243/1243 1263/1263/1263 1262/1261/1261
f 1243/1243/1243 1244/1244/1244 1264/1264/1264 1263/1263/1263
f 1244/1244/1244 1245/1663/1245 1265/1662/1265 1264/1264/1264
f 1245/1245/1245 1246/1246/1246 1266/1266/1266 1265/1265/1265
f 1246/1246/1246 1247/1247/1247 1267/1267/1267 1266/1266/1266
f 1247/1247/1247 1248/1248/1248 1268/1268/1268 1267/1267/1267
f 1248/1248/1248 1249/1249/1249 1269/1269/1269 1268/1268/1268
f 1249/1249/1249 1250/1250/1250 1270/1270/1270 1269/1269/1269
f 1250/1250/1250 1251/1251/1251 1271/1271/1271 1270/1270/1270
f 1251/1251/1251 1252/1252/1252 1272/1272/1272 1271/1271/1271
f 1252/1252/1252 1253/1253/1253 1273/1273/1273 1272/1272/1272
f 1253/1253/1253 1254/1254/1254 1274/1274/1274 1273/1273/1273
f 1254/1254/1254 1255/1255/1255 1275/1275/1275 1274/1274/1274
f 1255/1255/1255 1256/1256/1256 1276/1276/1276 1275/1275/1275
f 1256/1256/1256 1257/1257/1257 1277/1277/1277 1276/1276/1276
f 1257/1257/1257 1258/1258/1258 1278/1278/1278 1277/1277/1277
f 1258/1258/1258 1259/1259/1259 1279/1279/1279 1278/1278/1278
f 1259/1259/1259 1260/1260/1260 1280/1280/1280 1279/1279/1279
f 1260/1260/1260 1241/1242/1242 1261/1262/1262 1280/1280/1280
f 1261/1262/1262 1262/1261/1261 1282/1281/1281 1281/1282/1282
f 1262/1261/1261 1263/1263/1263 1283/1283/1283 1282/1281/1281
f 1263/1263/1263 1264/1264/1264 1284/1284/1284 1283/1283/1283
f 1264/1264/1264 1265/1662/1265 1285/1661/1285 1284/1284/1284
f 1265/1265/1265 1266/1266/1266 1286/1286/1286 1285/1285/1285
f 1266/1266/1266 1267/1267/1267 1287/1287/1287 1286/1286/1286
f 1267/1267/1267 1268/1268/1268 1288/1288/1288 1287/1287/1287
f 1268/1268/1268 1269/1269/1269 1289/1289/1289 1288/1288/1288
f 1269/1269/1269 1270/1270/1270 1290/1290/1290 1289/1289/1289
f 1270/1270/1270 1271/1271/1271 1291/1291/1291 1290/1290/1290
f 1271/1271/1271 1272/1272/1272 1292/1292/1292 1291/1291/1291
f 1272/1272/1272 1273/1273/1273 1293/1293/1293 1292/1292/1292
f 1273/1273/1273 1274/1274/1274 1294/1294/1294 1293/1293/1293
f 1274/1274/1274 1275/1275/1275 1295/1295/1295 1294/1294/1294
f 1275/1275/1275 1276/1276/1276 1296/1296/1296 1295/1295/1295
f 1276/1276/1276 1277/1277/1277 1297/1297/1297 1296/1296/1296
f 1277/1277/1277 1278/1278/1278 1298/1298/1298 1297/1297/1297
f 1278/1278/1278 1279/1279/1279 1299/1299/1299 1298/1298/1298
f 1279/1279/1279 1280/1280/1280 1300/1300/1300 1299/1299/1299
f 1280/1280/1280 1261/1262/1262 1281/1282/1282 1300/1300/1300
f 1281/1282/1282 1282/1281/1281 1302/1301/1301 1301/1302/1302
f 1282/1281/1281 1283/1283/1283 1303/1303/1303 1302/1301/1301
f 1283/1283/1283 1284/1284/1284 1304/1304/1304 1303/1303/1303
f 1284/1284/1284 1285/1661/1285 1305/1660/1305 1304/1304/1304
f 1285/1285/1285 1286/1286/1286 1306/1306/1306 1305/1305/1305
f 1286/1286/1286 1287/1287/1287 1307/1307/1307 1306/1306/1306
f 1287/1287/1287 1288/1288/1288 1308/1308/1308 1307/1307/1307
f 1288/1288/1288 1289/1289/1289 1309/1309/1309 1308/1308/1308
f 1289/1289/1289 1290/1290/1290 1310/1310/1310 1309/1309/1309
f 1290/1290/1290 1291/1291/1291 1311/1311/1311 1310/1310/1310
f 1291/1291/1291 1292/1292/1292 1312/1312/1312 1311/1311/1311
f 1292/1292/1292 1293/1293/1293 1313/1313/1313 1312/1312/1312
f 1293/1293/1293 1294/1294/1294 1314/1314/1314 1313/1313/1313
f 1294/1294/1294 1295/1295/1295 1315/1315/1315 1314/1314/1314
f 1295/1295/1295 1296/1296/1296 1316/1316/1316 1315/1315/1315
f 1296/1296/1296 1297/1297/1297 1317/1317/1317 1316/1316/1316
f 1297/1297/1297 1298/1298/1298 1318/1318/1318 1317/1317/1317
f 1298/1298/1298 1299/1299/1299 1319/1319/1319 1318/1318/1318
f 1299/1299/1299 1300/1300/1300 1320/1320/1320 1319/1319/1319
f 1300/1300/1300 1281/1282/1282 1301/1302/1302 1320/1320/1320
f 1301/1302/1302 1302/1301/1301 1322/1321/1321 1321/1322/1322
f 1302/1301/1301 1303/1303/1303 1323/1323/1323 1322/1321/1321
f 1303/1303/1303 1304/1304/1304 1324/1324/1324 1323/1323/1323
f 1304/1304/1304 1305/1660/1305 1325/1659/1325 1324/1324/1324
f 1305/1305/1305 1306/1306/1306 1326/1326/1326 1325/1325/1325
f 1306/1306/1306 1307/1307/1307 1327/1327/1327 1326/1326/1326
f 1307/1307/1307 1308/1308/1308 1328/1328/1328 1327/1327/1327
f 1308/1308/1308 1309/1309/1309 1329/1329/1329 1328/1328/1328
f 1309/1309/1309 1310/1310/1310 1330/1330/1330 1329/1329/1329
f 1310/1310/1310 1311/1311/1311 1331/1331/1331 1330/1330/1330
f 1311/1311/1311 1312/1312/1312 1332/1332/1332 1331/1331/1331
f 1312/1312/1312 1313/1313/1313 1333/1333/1333 1332/1332/1332
f 1313/1313/1313 1314/1314/1314 1334/1334/1334 1333/1333/1333
f 1314/1314/1314 1315/1315/1315 1335/1335/1335 1334/1334/1334
f 1315/1315/1315 1316/1316/1316 1336/1336/1336 1335/1335/1335
f 1316/1316/1316 1317/1317/1317 1337/1337/1337 1336/1336/1336
f 1317/1317/1317 1318/1318/1318 1338/1338/1338 1337/1337/1337
f 1318/1318/1318 1319/1319/1319 1339/1339/1339 1338/1338/1338
f 1319/1319/1319 1320/1320/1320 1340/1340/1340 1339/1339/1339
f 1320/1320/1320 1301/1302/1302 1321/1322/1322 1340/1340/1340
f 1321/1322/1322 1322/1321/1321 1342/1341/1341 1341/1342/1342
f 1322/1321/1321 1323/1323/1323 1343/1343/1343 1342/1341/1341
f 1323/1323/1323 1324/1324/1324 1344/1344/1344 1343/1343/1343
f 1324/1324/1324 1325/1659/1325 1345/1658/1345 1344/1344/1344
f 1325/1325/1325 1326/1326/1326 1346/1346/1346 1345/1345/1345
f 1326/1326/1326 1327/1327/1327 1347/1347/1347 1346/1346/1346
f 1327/1327/1327 1328/1328/1328 1348/1348/1348 1347/1347/1347
f 1328/1328/1328 1329/1329/1329 1349/1349/1349 1348/1348/1348
f 1329/1329/1329 1330/1330/1330 1350/1350/1350 1349/1349/1349
f 1330/1330/1330 1331/1331/1331 1351/1351/1351 1350/1350/1350
f 1331/1331/1331 1332/1332/1332 1352/1352/1352 1351/1351/1351
f 1332/1332/1332 1333/1333/1333 1353/1353/1353 1352/1352/1352
f 1333/1333/1333 1334/1334/1334 1354/1354/1354 1353/1353/1353
f 1334/1334/1334 1335/1335/1335 1355/1355/1355 1354/1354/1354
f 1335/1335/1335 1336/1336/1336 1356/1356/1356 1355/1355/1355
f 1336/1336/1336 1337/1337/1337 1357/1357/1357 1356/1356/1356
f 1337/1337/1337 1338/1338/1338 1358/1358/1358 1357/1357/1357
f 1338/1338/1338 1339/1339/1339 1359/1359/1359 1358/1358/1358
f 1339/1339/1339 1340/1340/1340 1360/1360/1360 1359/1359/1359
f 1340/1340/1340 1321/1322/1322 1341/1342/1342 1360/1360/1360
f 1341/1342/1342 1342/1341/1341 1362/1361/1361 1361/1362/1362
f 1342/1341/1341 1343/1343/1343 1363/1363/1363 1362/1361/1361
f 1343/1343/1343 1344/1344/1344 1364/1364/1364 1363/1363/1363
f 1344/1344/1344 1345/1658/1345 1365/1657/1365 1364/1364/1364
f 1345/1345/1345 1346/1346/1346 1366/1366/1366 1365/1365/1365
f 1346/1346/1346 1347/1347/1347 1367/1367/1367 1366/1366/1366
f 1347/1347/1347 1348/1348/1348 1368/1368/1368 1367/1367/1367
f 1348/1348/1348 1349/1349/1349 1369/1369/1369 1368/1368/1368
f 1349/1349/1349 1350/1350/1350 1370/1370/1370 1369/1369/1369
f 1350/1350/1350 1351/1351/1351 1371/1371/1371 1370/1370/1370
f 1351/1351/1351 1352/1352/1352 1372/1372/1372 1371/1371/1371
f 1352/1352/1352 1353/1353/1353 1373/1373/1373 1372/1372/1372
f 1353/1353/1353 1354/1354/1354 1374/1374/1374 1373/1373/1373
f 1354/1354/1354 1355/1355/1355 1375/1375/1375 1374/1374/1374
f 1355/1355/1355 1356/1356/1356 1376/1376/1376 1375/1375/1375
f 1356/1356/1356 1357/1357/1357 1377/1377/1377 1376/1376/1376
f 1357/1357/1357 1358/1358/1358 1378/1378/1378 1377/1377/1377
f 1358/1358/1358 1359/1359/1359 1379/1379/1379 1378/1378/1378
f 1359/1359/1359 1360/1360/1360 1380/1380/1380 1379/1379/1379
f 1360/1360/1360 1341/1342/1342 1361/1362/1362 1380/1380/1380
f 1361/1362/1362 1362/1361/1361 1382/1381/1381 1381/1382/1382
f 1362/1361/1361 1363/1363/1363 1383/1383/1383 1382/1381/1381
f 1363/1363/1363 1364/1364/1364 1384/1384/1384 1383/1383/1383
f 1364/1364/1364 1365/1657/1365 1385/1656/1385 1384/1384/1384
f 1365/1365/1365 1366/1366/1366 1386/1386/1386 1385/1385/1385
f 1366/1366/1366 1367/1367/1367 1387/1387/1387 1386/1386/1386
f 1367/1367/1367 1368/1368/1368 1388/1388/1388 1387/1387/1387
f 1368/1368/1368 1369/1369/1369 1389/1389/1389 1388/1388/1388
f 1369/1369/1369 1370/1370/1370 1390/1390/1390 1389/1389/1389
f 1370/1370/1370 1371/1371/1371 1391/1391/1391 1390/1390/1390
f 1371/1371/1371 1372/1372/1372 1392/1392/1392 1391/1391/1391
f 1372/1372/1372 1373/1373/1373 1393/1393/1393 1392/1392/1392
f 1373/1373/1373 1374/1374/1374 1394/1394/1394 1393/1393/1393
f 1374/1374/1374 1375/1375/1375 1395/1395/1395 1394/1394/1394
f 1375/1375/1375 1376/1376/1376 1396/1396/1396 1395/1395/1395
f 1376/1376/1376 1377/1377/1377 1397/1397/1397 1396/1396/1396
f 1377/1377/1377 1378/1378/1378 1398/1398/1398 1397/1397/1397
f 1378/1378/1378 1379/1379/1379 1399/1399/1399 1398/1398/1398
f 1379/1379/1379 1380/1380/1380 1400/1400/1400 1399/1399/1399
f 1380/1380/1380 1361/1362/1362 1381/1382/1382 1400/1400/1400
f 1381/1382/1382 1382/1381/1381 1402/1401/1401 1401/1402/1402
f 1382/1381/1381 1383/1383/1383 1403/1403/1403 1402/1401/1401
f 1383/1383/1383 1384/1384/1384 1404/1404/1404 1403/1403/1403
f 1384/1384/1384 1385/1656/1385 1405/1655/1405 1404/1404/1404
f 1385/1385/1385 1386/1386/1386 1406/1406/1406 1405/1405/1405
f 1386/1386/1386 1387/1387/1387 1407/1407/1407 1406/1406/1406
f 1387/1387/1387 1388/1388/1388 1408/1408/1408 1407/1407/1407
f 1388/1388/1388 1389/1389/1389 1409/1409/1409 1408/1408/1408
f 1389/1389/1389 1390/1390/1390 1410/1410/1410 1409/1409/1409
f 1390/1390/1390 1391/1391/1391 1411/1411/1411 1410/1410/1410
f 1391/1391/1391 1392/1392/1392 1412/1412/1412 1411/1411/1411
f 1392/1392/1392 1393/1393/1393 1413/1413/1413 1412/1412/1412
f 1393/1393/1393 1394/1394/1394 1414/1414/1414 1413/1413/1413
f 1394/1394/1394 1395/1395/1395 1415/1415/1415 1414/1414/1414
f 1395/1395/1395 1396/1396/1396 1416/1416/1416 1415/1415/1415
f 1396/1396/1396 1397/1397/1397 1417/1417/1417 1416/1416/1416
f 1397/1397/1397 1398/1398/1398 1418/1418/1418 1417/1417/1417
f 1398/1398/1398 1399/1399/1399 1419/1419/1419 1418/1418/1418
f 1399/1399/1399 1400/1400/1400 1420/1420/1420 1419/1419/1419
f 1400/1400/1400 1381/1382/1382 1401/1402/1402 1420/1420/1420
f 1401/1402/1402 1402/1401/1401 1422/1421/1421 1421/1422/1422
f 1402/1401/1401 1403/1403/1403 1423/1423/1423 1422/1421/1421
f 1403/1403/1403 1404/1404/1404 1424/1424/1424 1423/1423/1423
f 1404/1404/1404 1405/1655/1405 1425/1654/1425 1424/1424/1424
f 1405/1405/1405 1406/1406/1406 1426/1426/1426 1425/1425/1425
f 1406/1406/1406 1407/1407/1407 1427/1427/1427 1426/1426/1426
f 1407/1407/1407 1408/1408/1408 1428/1428/1428 1427/1427/1427
f 1408/1408/1408 1409/1409/1409 1429/1429/1429 1428/1428/1428
f 1409/1409/1409 1410/1410/1410 1430/1430/1430 1429/1429/1429
f 1410/1410/1410 1411/1411/1411 1431/1431/1431 1430/1430/1430
f 1411/1411/1411 1412/1412/1412 1432/1432/1432 1431/1431/1431
f 1412/1412/1412 1413/1413/1413 1433/1433/1433 1432/1432/1432
f 1413/1413/1413 1414/1414/1414 1434/1434/1434 1433/1433/1433
f 1414/1414/1414 1415/1415/1415 1435/1435/1435 1434/1434/1434
f 1415/1415/1415 1416/1416/1416 1436/1436/1436 1435/1435/1435
f 1416/1416/1416 1417/1417/1417 1437/1437/1437 1436/1436/1436
f 1417/1417/1417 1418/1418/1418 1438/1438/1438 1437/1437/1437
f 1418/1418/1418 1419/1419/1419 1439/1439/1439 1438/1438/1438
f 1419/1419/1419 1420/1420/1420 1440/1440/1440 1439/1439/1439
f 1420/1420/1420 1401/1402/1402 1421/1422/1422 1440/1440/1440
f 1421/1422/1422 1422/1421/1421 1442/1441/1441 1441/1442/1442
f 1422/1421/1421 1423/1423/1423 1443/1443/1443 1442/1441/1441
f 1423/1423/1423 1424/1424/1424 1444/1444/1444 1443/1443/1443
f 1424/1424/1424 1425/1654/1425 1445/1653/1445 1444/1444/1444
f 1425/1425/1425 1426/1426/1426 1446/1446/1446 1445/1445/1445
f 1426/1426/1426 1427/1427/1427 1447/1447/1447 1446/1446/1446
f 1427/1427/1427 1428/1428/1428 1448/1448/1448 1447/1447/1447
f 1428/1428/1428 1429/1429/1429 1449/1449/1449 1448/1448/1448
f 1429/1429/1429 1430/1430/1430 1450/1450/1450 1449/1449/1449
f 1430/1430/1430 1431/1431/1431 1451/1451/1451 1450/1450/1450
f 1431/1431/1431 1432/1432/1432 1452/1452/1452 1451/1451/1451
f 1432/1432/1432 1433/1433/1433 1453/1453/1453 1452/1452/1452
f 1433/1433/1433 1434/1434/1434 1454/1454/1454 1453/1453/1453
f 1434/1434/1434 1435/1435/1435 1455/1455/1455 1454/1454/1454
f 1435/1435/1435 1436/1436/1436 1456/1456/1456 1455/1455/1455
f 1436/1436/1436 1437/1437/1437 1457/1457/1457 1456/1456/1456
f 1437/1437/1437 1438/1438/1438 1458/1458/1458 1457/1457/1457
f 1438/1438/1438 1439/1439/1439 1459/1459/1459 1458/1458/1458
f 1439/1439/1439 1440/1440/1440 1460/1460/1460 1459/1459/1459
f 1440/1440/1440 1421/1422/1422 1441/1442/1442 1460/1460/1460
f 1441/1442/1442 1442/1441/1441 1462/1461/1461 1461/1462/1462
f 1442/1441/1441 1443/1443/1443 1463/1463/1463 1462/1461/1461
f 1443/1443/1443 1444/1444/1444 1464/1464/1464 1463/1463/1463
f 1444/1444/1444 1445/1653/1445 1465/1652/1465 1464/1464/1464
f 1445/1445/1445 1446/1446/1446 1466/1466/1466 1465/1465/1465
f 1446/1446/1446 1447/1447/1447 1467/1467/1467 1466/1466/1466
f 1447/1447/1447 1448/1448/1448 1468/1468/1468 1467/1467/1467
f 1448/1448/1448 1449/1449/1449 1469/1469/1469 1468/1468/1468
f 1449/1449/1449 1450/1450/1450 1470/1470/1470 1469/1469/1469
f 1450/1450/1450 1451/1451/1451 1471/1471/1471 1470/1470/1470
f 1451/1451/1451 1452/1452/1452 1472/1472/1472 1471/1471/1471
f 1452/1452/1452 1453/1453/1453 1473/1473/1473 1472/1472/1472
f 1453/1453/1453 1454/1454/1454 1474/1474/1474 1473/1473/1473
f 1454/1454/1454 1455/1455/1455 1475/1475/1475 1474/1474/1474
f 1455/1455/1455 1456/1456/1456 1476/1476/1476 1475/1475/1475
f 1456/1456/1456 1457/1457/1457 1477/1477/1477 1476/1476/1476
f 1457/1457/1457 1458/1458/1458 1478/1478/1478 1477/1477/1477
f 1458/1458/1458 1459/1459/1459 1479/1479/1479 1478/1478/1478
f 1459/1459/1459 1460/1460/1460 1480/1480/1480 1479/1479/1479
f 1460/1460/1460 1441/1442/1442 1461/1462/1462 1480/1480/1480
f 1461/1462/1462 1462/1461/1461 1482/1481/1481 1481/1482/1482
f 1462/1461/1461 1463/1463/1463 1483/1483/1483 1482/1481/1481
f 1463/1463/1463 1464/1464/1464 1484/1484/1484 1483/1483/1483
f 1464/1464/1464 1465/1652/1465 1485/1651/1485 1484/1484/1484
f 1465/1465/1465 1466/1466/1466 1486/1486/1486 1485/1485/1485
f 1466/1466/1466 1467/1467/1467 1487/1487/1487 1486/1486/1486
f 1467/1467/1467 1468/1468/1468 1488/1488/1488 1487/1487/1487
f 1468/1468/1468 1469/1469/1469 1489/1489/1489 1488/1488/1488
f 1469/1469/1469 1470/1470/1470 1490/1490/1490 1489/1489/1489
f 1470/1470/1470 1471/1471/1471 1491/1491/1491 1490/1490/1490
f 1471/1471/1471 1472/1472/1472 1492/1492/1492 1491/1491/1491
f 1472/1472/1472 1473/1473/1473 1493/1493/1493 1492/1492/1492
f 1473/1473/1473 1474/1474/1474 1494/1494/1494 1493/1493/1493
f 1474/1474/1474 1475/1475/1475 1495/1495/1495 1494/1494/1494
f 1475/1475/1475 1476/1476/1476 1496/1496/1496 1495/1495/1495
f 1476/1476/1476 1477/1477/1477 1497/1497/1497 1496/1496/1496
f 1477/1477/1477 1478/1478/1478 1498/1498/1498 1497/1497/1497
f 1478/1478/1478 1479/1479/1479 1499/1499/1499 1498/1498/1498
f 1479/1479/1479 1480/1480/1480 1500/1500/1500 1499/1499/1499
f 1480/1480/1480 1461/1462/1462 1481/1482/1482 1500/1500/1500
f 1481/1482/1482 1482/1481/1481 1502/1501/1501 1501/1502/1502
f 1482/1481/1481 1483/1483/1483 1503/1503/1503 1502/1501/1501
f 1483/1483/1483 1484/1484/1484 1504/1504/1504 1503/1503/1503
f 1484/1484/1484 1485/1651/1485 1505/1650/1505 1504/1504/1504
f 1485/1485/1485 1486/1486/1486 1506/1506/1506 1505/1505/1505
f 1486/1486/1486 1487/1487/1487 1507/1507/1507 1506/1506/1506
f 1487/1487/1487 1488/1488/1488 1508/1508/1508 1507/1507/1507
f 1488/1488/1488 1489/1489/1489 1509/1509/1509 1508/1508/1508
f 1489/1489/1489 1490/1490/1490 1510/1510/1510 1509/1509/1509
f 1490/1490/1490 1491/1491/1491 1511/1511/1511 1510/1510/1510
f 1491/1491/1491 1492/1492/1492 1512/1512/1512 1511/1511/1511
f 1492/1492/1492 1493/1493/1493 1513/1513/1513 1512/1512/1512
f 1493/1493/1493 1494/1494/1494 1514/1514/1514 1513/1513/1513
f 1494/1494/1494 1495/1495/1495 1515/1515/1515 1514/1514/1514
f 1495/1495/1495 1496/1496/1496 1516/1516/1516 1515/1515/1515
f 1496/1496/1496 1497/1497/1497 1517/1517/1517 1516/1516/1516
f 1497/1497/1497 1498/1498/1498 1518/1518/1518 1517/1517/1517
f 1498/1498/1498 1499/1499/1499 1519/1519/1519 1518/1518/1518
f 1499/1499/1499 1500/1500/1500 1520/1520/1520 1519/1519/1519
f 1500/1500/1500 1481/1482/1482 1501/1502/1502 1520/1520/1520
f 1501/1502/1502 1502/1501/1501 1522/1521/1521 1521/1522/1522
f 1502/1501/1501 1503/1503/1503 1523/1523/1523 1522/1521/1521
f 1503/1503/1503 1504/1504/1504 1524/1524/1524 1523/1523/1523
f 1504/1504/1504 1505/1650/1505 1525/1649/1525 1524/1524/1524
f 1505/1505/1505 1506/1506/1506 1526/1526/1526 1525/1525/1525
f 1506/1506/1506 1507/1507/1507 1527/1527/1527 1526/1526/1526
f 1507/1507/1507 1508/1508/1508 1528/1528/1528 1527/1527/1527
f 1508/1508/1508 1509/1509/1509 1529/1529/1529 1528/1528/1528
f 1509/1509/1509 1510/1510/1510 1530/1530/1530 1529/1529/1529
f 1510/1510/1510 1511/1511/1511 1531/1531/1531 1530/1530/1530
f 1511/1511/1511 1512/1512/1512 1532/1532/1532 1531/1531/1531
f 1512/1512/1512 1513/1513/1513 1533/1533/1533 1532/1532/1532
f 1513/1513/1513 1514/1514/1514 1534/1534/1534 1533/1533/1533
f 1514/1514/1514 1515/1515/1515 1535/1535/1535 1534/1534/1534
f 1515/1515/1515 1516/1516/1516 1536/1536/1536 1535/1535/1535
f 1516/1516/1516 1517/1517/1517 1537/1537/1537 1536/1536/1536
f 1517/1517/1517 1518/1518/1518 1538/1538/1538 1537/1537/1537
f 1518/1518/1518 1519/1519/1519 1539/1539/1539 1538/1538/1538
f 1519/1519/1519 1520/1520/1520 1540/1540/1540 1539/1539/1539
f 1520/1520/1520 1501/1502/1502 1521/1522/1522 1540/1540/1540
f 1521/1522/1522 1522/1521/1521 1542/1541/1541 1541/1542/1542
f 1522/1521/1521 1523/1523/1523 1543/1543/1543 1542/1541/1541
f 1523/1523/1523 1524/1524/1524 1544/1544/1544 1543/1543/1543
f 1524/1524/1524 1525/1649/1525 1545/1648/1545 1544/1544/1544
f 1525/1525/1525 1526/1526/1526 1546/1546/1546 1545/1545/1545
f 1526/1526/1526 1527/1527/1527 1547/1547/1547 1546/1546/1546
f 1527/1527/1527 1528/1528/1528 1548/1548/1548 1547/1547/1547
f 1528/1528/1528 1529/1529/1529 1549/1549/1549 1548/1548/1548
f 1529/1529/1529 1530/1530/1530 1550/1550/1550 1549/1549/1549
f 1530/1530/1530 1531/1531/1531 1551/1551/1551 1550/1550/1550
f 1531/1531/1531 1532/1532/1532 1552/1552/1552 1551/1551/1551
f 1532/1532/1532 1533/1533/1533 1553/1553/1553 1552/1552/1552
f 1533/1533/1533 1534/1534/1534 1554/1554/1554 1553/1553/1553
f 1534/1534/1534 1535/1535/1535 1555/1555/1555 1554/1554/1554
f 1535/1535/1535 1536/1536/1536 1556/1556/1556 1555/1555/1555
f 1536/1536/1536 1537/1537/1537 1557/1557/1557 1556/1556/1556
f 1537/1537/1537 1538/1538/1538 1558/1558/1558 1557/1557/1557
f 1538/1538/1538 1539/1539/1539 1559/1559/1559 1558/1558/1558
f 1539/1539/1539 1540/1540/1540 1560/1560/1560 1559/1559/1559
f 1540/1540/1540 1521/1522/1522 1541/1542/1542 1560/1560/1560
f 1541/1542/1542 1542/1541/1541 1562/1561/1561 1561/1562/1562
f 1542/1541/1541 1543/1543/1543 1563/1563/1563 1562/1561/1561
f 1543/1543/1543 1544/1544/1544 1564/1564/1564 1563/1563/1563
f 1544/1544/1544 1545/1648/1545 1565/1647/1565 1564/1564/1564
f 1545/1545/1545 1546/1546/1546 1566/1566/1566 1565/1565/1565
f 1546/1546/1546 1547/1547/1547 1567/1567/1567 1566/1566/1566
f 1547/1547/1547 1548/1548/1548 1568/1568/1568 1567/1567/1567
f 1548/1548/1548 1549/1549/1549 1569/1569/1569 1568/1568/1568
f 1549/1549/1549 1550/1550/1550 1570/1570/1570 1569/1569/1569
f 1550/1550/1550 1551/1551/1551 1571/1571/1571 1570/1570/1570
f 1551/1551/1551 1552/1552/1552 1572/1572/1572 1571/1571/1571
f 1552/1552/1552 1553/1553/1553 1573/1573/1573 1572/1572/1572
f 1553/1553/1553 1554/1554/1554 1574/1574/1574 1573/1573/1573
f 1554/1554/1554 1555/1555/1555 1575/1575/1575 1574/1574/1574
f 1555/1555/1555 1556/1556/1556 1576/1576/1576 1575/1575/1575
f 1556/1556/1556 1557/1557/1557 1577/1577/1577 1576/1576/1576
f 1557/1557/1557 1558/1558/1558 1578/1578/1578 1577/1577/1577
f 1558/1558/1558 1559/1559/1559 1579/1579/1579 1578/1578/1578
f 1559/1559/1559 1560/1560/1560 1580/1580/1580 1579/1579/1579
f 1560/1560/1560 1541/1542/1542 1561/1562/1562 1580/1580/1580
f 1561/1562/1562 1562/1561/1561 1582/1581/1581 1581/1582/1582
f 1562/1561/1561 1563/1563/1563 1583/1583/1583 1582/1581/1581
f 1563/1563/1563 1564/1564/1564 1584/1584/1584 1583/1583/1583
f 1564/1564/1564 1565/1647/1565 1585/1646/1585 1584/1584/1584
f 1565/1565/1565 1566/1566/1566 1586/1586/1586 1585/1585/1585
f 1566/1566/1566 1567/1567/1567 1587/1587/1587 1586/1586/1586
f 1567/1567/1567 1568/1568/1568 1588/1588/1588 1587/1587/1587
f 1568/1568/1568 1569/1569/1569 1589/1589/1589 1588/1588/1588
f 1569/1569/1569 1570/1570/1570 1590/1590/1590 1589/1589/1589
f 1570/1570/1570 1571/1571/1571 1591/1591/1591 1590/1590/1590
f 1571/1571/1571 1572/1572/1572 1592/1592/1592 1591/1591/1591
f 1572/1572/1572 1573/1573/1573 1593/1593/1593 1592/1592/1592
f 1573/1573/1573 1574/1574/1574 1594/1594/1594 1593/1593/1593
f 1574/1574/1574 1575/1575/1575 1595/1595/1595 1594/1594/1594
f 1575/1575/1575 1576/1576/1576 1596/1596/1596 1595/1595/1595
f 1576/1576/1576 1577/1577/1577 1597/1597/1597 1596/1596/1596
f 1577/1577/1577 1578/1578/1578 1598/1598/1598 1597/1597/1597
f 1578/1578/1578 1579/1579/1579 1599/1599/1599 1598/1598/1598
f 1579/1579/1579 1580/1580/1580 1600/1600/1600 1599/1599/1599
f 1580/1580/1580 1561/1562/1562 1581/1582/1582 1600/1600/1600
f 1581/1582/1582 1582/1581/1581 1602/1601/1601 1601/1602/1602
f 1582/1581/1581 1583/1583/1583 1603/1603/1603 1602/1601/1601
f 1583/1583/1583 1584/1584/1584 1604/1604/1604 1603/1603/1603
f 1584/1584/1584 1585/1646/1585 1605/1643/1605 1604/1604/1604
f 1585/1585/1585 1586/1586/1586 1606/1606/1606 1605/1605/1605
f 1586/1586/1586 1587/1587/1587 1607/1607/1607 1606/1606/1606
f 1587/1587/1587 1588/1588/1588 1608/1608/1608 1607/1607/1607
f 1588/1588/1588 1589/1589/1589 1609/1609/1609 1608/1608/1608
f 1589/1589/1589 1590/1590/1590 1610/1610/1610 1609/1609/1609
f 1590/1590/1590 1591/1591/1591 1611/1611/1611 1610/1610/1610
f 1591/1591/1591 1592/1592/1592 1612/1612/1612 1611/1611/1611
f 1592/1592/1592 1593/1593/1593 1613/1613/1613 1612/1612/1612
f 1593/1593/1593 1594/1594/1594 1614/1614/1614 1613/1613/1613
f 1594/1594/1594 1595/1595/1595 1615/1615/1615 1614/1614/1614
f 1595/1595/1595 1596/1596/1596 1616/1616/1616 1615/1615/1615
f 1596/1596/1596 1597/1597/1597 1617/1617/1617 1616/1616/1616
f 1597/1597/1597 1598/1598/1598 1618/1618/1618 1617/1617/1617
f 1598/1598/1598 1599/1599/1599 1619/1619/1619 1618/1618/1618
f 1599/1599/1599 1600/1600/1600 1620/1620/1620 1619/1619/1619
f 1600/1600/1600 1581/1582/1582 1601/1602/1602 1620/1620/1620
s 2
f 2/2/1621 1/1/1622 1621/1621/1623
f 3/5/1624 2/2/1621 1621/1621/1623
f 4/7/1625 3/5/1624 1621/1621/1623
f 5/9/1626 4/7/1625 1621/1621/1623
f 6/11/1627 5/1645/1626 1621/1644/1623
f 7/13/1628 6/11/1627 1621/1644/1623
f 8/15/1629 7/13/1628 1621/1644/1623
f 9/17/1630 8/15/1629 1621/1644/1623
f 10/19/1631 9/17/1630 1621/1644/1623
f 11/21/1632 10/19/1631 1621/1644/1623
f 12/23/1633 11/21/1632 1621/1644/1623
f 13/25/1634 12/23/1633 1621/1644/1623
f 14/27/1635 13/25/1634 1621/1644/1623
f 15/29/1636 14/27/1635 1621/1644/1623
f 16/31/1637 15/29/1636 1621/1621/1623
f 17/33/1638 16/31/1637 1621/1621/1623
f 18/35/1639 17/33/1638 1621/1621/1623
f 19/37/1640 18/35/1639 1621/1621/1623
f 20/39/1641 19/37/1640 1621/1621/1623
f 1/1/1622 20/39/1641 1621/1621/1623
s 3
f 1622/1622/1642 1623/1623/1643 1624/1624/1644
f 1623/1623/1643 1625/1625/1645 1624/1624/1644
f 1625/1625/1645 1626/1626/1646 1624/1624/1644
f 1626/1626/1646 1627/1627/1647 1624/1624/1644
f 1627/1627/1647 1628/1628/1648 1624/1624/1644
f 1628/1628/1648 1629/1629/1649 1624/1624/1644
f 1629/1629/1649 1630/1630/1650 1624/1624/1644
f 1630/1630/1650 1631/1631/1651 1624/1624/1644
f 1631/1631/1651 1632/1632/1652 1624/1624/1644
f 1632/1632/1652 1633/1633/1653 1624/1624/1644
f 1633/1633/1653 1634/1634/1654 1624/1624/1644
f 1634/1634/1654 1635/1635/1655 1624/1624/1644
f 1635/1635/1655 1636/1636/1656 1624/1624/1644
f 1636/1636/1656 1637/1637/1657 1624/1624/1644
f 1637/1637/1657 1638/1638/1658 1624/1624/1644
f 1638/1638/1658 1639/1639/1659 1624/1624/1644
f 1639/1639/1659 1640/1640/1660 1624/1624/1644
f 1640/1640/1660 1641/1641/1661 1624/1624/1644
f 1641/1641/1661 1642/1642/1662 1624/1624/1644
f 1642/1642/1662 1622/1622/1642 1624/1624/1644
s off
f 1601/1602/1663 1602/1601/1664 1623/1623/1665 1622/1622/1666
f 1602/1601/1667 1603/1603/1668 1625/1625/1669 1623/1623/1670
f 1603/1603/1671 1604/1604/1672 1626/1626/1673 1625/1625/1674
f 1604/1604/1675 1605/1643/1676 1627/1627/1677 1626/1626/1678
f 1605/1605/1679 1606/1606/1680 1628/1628/1681 1627/1627/1682
f 1606/1606/1683 1607/1607/1684 1629/1629/1685 1628/1628/1686
f 1607/1607/1687 1608/1608/1688 1630/1630/1689 1629/1629/1690
f 1608/1608/1691 1609/1609/1692 1631/1631/1693 1630/1630/1694
f 1609/1609/1695 1610/1610/1696 1632/1632/1697 1631/1631/1698
f 1610/1610/1699 1611/1611/1700 1633/1633/1701 1632/1632/1702
f 1611/1611/1703 1612/1612/1704 1634/1634/1705 1633/1633/1706
f 1612/1612/1707 1613/1613/1708 1635/1635/1709 1634/1634/1710
f 1613/1613/1711 1614/1614/1712 1636/1636/1713 1635/1635/1714
f 1614/1614/1715 1615/1615/1716 1637/1637/1717 1636/1636/1718
f 1615/1615/1719 1616/1616/1720 1638/1638/1721 1637/1637/1722
f 1616/1616/1723 1617/1617/1724 1639/1639/1725 1638/1638/1726
f 1617/1617/1727 1618/1618/1728 1640/1640/1729 1639/1639/1730
f 1618/1618/1731 1619/1619/1732 1641/1641/1733 1640/1640/1734
f 1619/1619/1735 1620/1620/1736 1642/1642/1737 1641/1641/1738
f 1620/1620/1739 1601/1602/1740 1622/1622/1741 1642/1642/1742
g default
v -4.067977 15.599875 -0.132987
v -4.128545 15.608122 -0.252956
v -4.222883 15.620961 -0.348164
v -4.341756 15.637145 -0.409291
v -4.473527 15.655080 -0.430354
v -4.605300 15.673017 -0.409291
v -4.724172 15.689198 -0.348164
v -4.818510 15.702039 -0.252956
v -4.879079 15.710284 -0.132987
v -4.899949 15.713125 0.000000
v -4.879079 15.710284 0.132987
v -4.818510 15.702039 0.252956
v -4.724172 15.689198 0.348164
v -4.605300 15.673017 0.409291
v -4.473527 15.655080 0.430354
v -4.341756 15.637145 0.409291
v -4.222884 15.620961 0.348163
v -4.128546 15.608122 0.252956
v -4.067977 15.599875 0.132987
v -4.047106 15.597035 0.000000
v -3.658820 15.645885 -0.262699
v -3.778466 15.662173 -0.499683
v -3.964819 15.687539 -0.687754
v -4.199637 15.719502 -0.808504
v -4.459936 15.754934 -0.850111
v -4.720234 15.790365 -0.808504
v -4.955052 15.822330 -0.687754
v -5.141406 15.847696 -0.499683
v -5.261051 15.863983 -0.262699
v -5.302278 15.869595 0.000000
v -5.261051 15.863983 0.262699
v -5.141405 15.847695 0.499683
v -4.955052 15.822330 0.687754
v -4.720234 15.790365 0.808503
v -4.459936 15.754934 0.850111
v -4.199637 15.719502 0.808503
v -3.964819 15.687539 0.687754
v -3.778466 15.662173 0.499683
v -3.658820 15.645885 0.262699
v -3.617593 15.640273 0.000000
v -3.260699 15.758415 -0.385942
v -3.436476 15.782343 -0.734106
v -3.710256 15.819610 -1.010410
v -4.055238 15.866568 -1.187809
v -4.437654 15.918622 -1.248936
v -4.820070 15.970678 -1.187808
v -5.165053 16.017636 -1.010410
v -5.438831 16.054905 -0.734106
v -5.614609 16.078830 -0.385942
v -5.675177 16.087075 0.000000
v -5.614609 16.078830 0.385942
v -5.438831 16.054905 0.734106
v -5.165052 16.017636 1.010410
v -4.820070 15.970678 1.187808
v -4.437654 15.918622 1.248935
v -4.055238 15.866568 1.187808
v -3.710256 15.819610 1.010410
v -3.436478 15.782343 0.734106
v -3.260700 15.758415 0.385942
v -3.200131 15.750170 0.000000
v -2.883419 15.934693 -0.499683
v -3.110999 15.965673 -0.950453
v -3.465464 16.013923 -1.308187
v -3.912115 16.074722 -1.537865
v -4.407232 16.142115 -1.617007
v -4.902349 16.209512 -1.537865
v -5.349000 16.270312 -1.308186
v -5.703465 16.318562 -0.950453
v -5.931045 16.349537 -0.499683
v -6.009463 16.360213 0.000000
v -5.931045 16.349537 0.499683
v -5.703465 16.318562 0.950453
v -5.349000 16.270312 1.308186
v -4.902349 16.209512 1.537865
v -4.407232 16.142115 1.617007
v -3.912116 16.074722 1.537865
v -3.465464 16.013923 1.308186
v -3.111000 15.965673 0.950453
v -2.883420 15.934694 0.499683
v -2.805001 15.924020 0.000000
v -2.536268 16.170383 -0.601119
v -2.810048 16.207649 -1.143397
v -3.236470 16.265694 -1.573751
v -3.773792 16.338834 -1.850055
v -4.369418 16.419911 -1.945263
v -4.965045 16.500988 -1.850055
v -5.502367 16.574129 -1.573751
v -5.928788 16.632172 -1.143397
v -6.202568 16.669442 -0.601119
v -6.296906 16.682282 0.000000
v -6.202568 16.669442 0.601119
v -5.928788 16.632172 1.143397
v -5.502367 16.574129 1.573750
v -4.965045 16.500988 1.850054
v -4.369418 16.419911 1.945262
v -3.773792 16.338834 1.850054
v -3.236470 16.265694 1.573750
v -2.810049 16.207649 1.143396
v -2.536269 16.170383 0.601119
v -2.441932 16.157541 0.000000
v -2.227795 16.459674 -0.687754
v -2.541033 16.502312 -1.308187
v -3.028912 16.568723 -1.800564
v -3.643675 16.652405 -2.116690
v -4.325145 16.745167 -2.225620
v -5.006615 16.837927 -2.116690
v -5.621376 16.921612 -1.800564
v -6.109255 16.988022 -1.308186
v -6.422493 17.030660 -0.687754
v -6.530426 17.045352 0.000000
v -6.422493 17.030660 0.687754
v -6.109255 16.988022 1.308186
v -5.621376 16.921612 1.800564
v -5.006615 16.837927 2.116690
v -4.325145 16.745167 2.225619
v -3.643675 16.652405 2.116690
v -3.028912 16.568723 1.800563
v -2.541034 16.502313 1.308186
v -2.227797 16.459675 0.687754
v -2.119863 16.444984 0.000000
v -1.965596 16.795450 -0.757455
v -2.310578 16.842409 -1.440764
v -2.847901 16.915549 -1.983042
v -3.524967 17.007713 -2.331205
v -4.275500 17.109876 -2.451174
v -5.026033 17.212038 -2.331205
v -5.703099 17.304200 -1.983041
v -6.240421 17.377342 -1.440764
v -6.585404 17.424301 -0.757454
v -6.704276 17.440482 0.000000
v -6.585404 17.424301 0.757454
v -6.240421 17.377342 1.440764
v -5.703099 17.304202 1.983041
v -5.026033 17.212038 2.331205
v -4.275500 17.109876 2.451174
v -3.524967 17.007713 2.331205
v -2.847902 16.915549 1.983041
v -2.310580 16.842409 1.440764
v -1.965597 16.795450 0.757454
v -1.846725 16.779269 0.000000
v -1.756126 17.169439 -0.808504
v -2.124359 17.219563 -1.537866
v -2.697895 17.297633 -2.116691
v -3.420592 17.396007 -2.488319
v -4.221708 17.505056 -2.616373
v -5.022824 17.614105 -2.488319
v -5.745521 17.712478 -2.116690
v -6.319057 17.790548 -1.537865
v -6.687288 17.840670 -0.808504
v -6.814172 17.857945 0.000000
v -6.687288 17.840670 0.808504
v -6.319057 17.790548 1.537865
v -5.745521 17.712478 2.116690
v -5.022824 17.614105 2.488318
v -4.221708 17.505056 2.616372
v -3.420593 17.396007 2.488318
v -2.697896 17.297634 2.116690
v -2.124361 17.219564 1.537865
v -1.756128 17.169440 0.808503
v -1.629244 17.152168 0.000000
v -1.604544 17.572434 -0.839645
v -1.986960 17.624489 -1.597100
v -2.582587 17.705566 -2.198219
v -3.333120 17.807730 -2.584161
v -4.165092 17.920979 -2.717148
v -4.997065 18.034225 -2.584161
v -5.747598 18.136388 -2.198218
v -6.343224 18.217466 -1.597099
v -6.725640 18.269519 -0.839645
v -6.857412 18.287457 0.000000
v -6.725640 18.269519 0.839645
v -6.343224 18.217466 1.597099
v -5.747598 18.136388 2.198218
v -4.997065 18.034225 2.584160
v -4.165093 17.920979 2.717147
v -3.333121 17.807730 2.584160
v -2.582588 17.705566 2.198218
v -1.986962 17.624488 1.597099
v -1.604546 17.572434 0.839644
v -1.472774 17.554499 0.000000
v -1.514582 17.994510 -0.850111
v -1.901765 18.047213 -1.617008
v -2.504816 18.129302 -2.225620
v -3.264705 18.232737 -2.616373
v -4.107048 18.347398 -2.751018
v -4.949392 18.462058 -2.616373
v -5.709279 18.565494 -2.225620
v -6.312330 18.647583 -1.617007
v -6.699513 18.700287 -0.850111
v -6.832927 18.718447 0.000000
v -6.699513 18.700287 0.850111
v -6.312330 18.647583 1.617007
v -5.709279 18.565494 2.225619
v -4.949391 18.462058 2.616372
v -4.107048 18.347398 2.751016
v -3.264705 18.232737 2.616372
v -2.504817 18.129302 2.225619
v -1.901766 18.047214 1.617007
v -1.514584 17.994510 0.850111
v -1.381170 17.976350 0.000000
v -1.488455 18.425275 -0.839645
v -1.870871 18.477331 -1.597100
v -2.466497 18.558409 -2.198219
v -3.217031 18.660572 -2.584161
v -4.049003 18.773818 -2.717148
v -4.880976 18.887068 -2.584161
v -5.631509 18.989231 -2.198218
v -6.227135 19.070309 -1.597099
v -6.609551 19.122362 -0.839645
v -6.741323 19.140298 0.000000
v -6.609551 19.122362 0.839645
v -6.227135 19.070309 1.597099
v -5.631509 18.989231 2.198218
v -4.880976 18.887068 2.584160
v -4.049003 18.773818 2.717147
v -3.217031 18.660572 2.584160
v -2.466498 18.558409 2.198218
v -1.870872 18.477331 1.597099
v -1.488457 18.425277 0.839644
v -1.356685 18.407341 0.000000
v -1.526806 18.854126 -0.808504
v -1.895039 18.904249 -1.537866
v -2.468575 18.982317 -2.116691
v -3.191272 19.080691 -2.488319
v -3.992388 19.189741 -2.616373
v -4.793504 19.298789 -2.488319
v -5.516201 19.397163 -2.116690
v -6.089736 19.475233 -1.537865
v -6.457968 19.525358 -0.808504
v -6.584853 19.542629 0.000000
v -6.457968 19.525358 0.808504
v -6.089736 19.475233 1.537865
v -5.516200 19.397163 2.116690
v -4.793504 19.298789 2.488318
v -3.992388 19.189741 2.616372
v -3.191272 19.080691 2.488318
v -2.468576 18.982317 2.116690
v -1.895040 18.904249 1.537865
v -1.526808 18.854126 0.808503
v -1.399924 18.836852 0.000000
v -1.628692 19.270495 -0.757455
v -1.973674 19.317455 -1.440764
v -2.510996 19.390596 -1.983042
v -3.188063 19.482759 -2.331205
v -3.938596 19.584920 -2.451174
v -4.689129 19.687083 -2.331205
v -5.366194 19.779247 -1.983041
v -5.903517 19.852388 -1.440764
v -6.248499 19.899347 -0.757454
v -6.367371 19.915528 0.000000
v -6.248499 19.899347 0.757454
v -5.903517 19.852388 1.440764
v -5.366194 19.779247 1.983041
v -4.689129 19.687083 2.331205
v -3.938596 19.584920 2.451174
v -3.188063 19.482759 2.331205
v -2.510997 19.390596 1.983041
v -1.973675 19.317454 1.440764
v -1.628693 19.270495 0.757454
v -1.509820 19.254317 0.000000
v -1.791603 19.664136 -0.687754
v -2.104840 19.706774 -1.308187
v -2.592719 19.773185 -1.800564
v -3.207481 19.856869 -2.116690
v -3.888952 19.949631 -2.225620
v -4.570421 20.042392 -2.116690
v -5.185184 20.126074 -1.800564
v -5.673062 20.192484 -1.308186
v -5.986299 20.235122 -0.687754
v -6.094234 20.249811 0.000000
v -5.986299 20.235122 0.687754
v -5.673062 20.192484 1.308186
v -5.185184 20.126074 1.800564
v -4.570421 20.042392 2.116690
v -3.888952 19.949631 2.225619
v -3.207481 19.856869 2.116690
v -2.592719 19.773185 1.800563
v -2.104841 19.706775 1.308186
v -1.791604 19.664136 0.687754
v -1.683670 19.649446 0.000000
v -2.011527 20.025356 -0.601119
v -2.285307 20.062623 -1.143397
v -2.711728 20.120669 -1.573751
v -3.249052 20.193808 -1.850055
v -3.844677 20.274885 -1.945263
v -4.440304 20.355962 -1.850055
v -4.977626 20.429103 -1.573751
v -5.404047 20.487148 -1.143397
v -5.677827 20.524413 -0.601119
v -5.772165 20.537256 0.000000
v -5.677827 20.524413 0.601119
v -5.404047 20.487148 1.143397
v -4.977626 20.429103 1.573750
v -4.440304 20.355962 1.850054
v -3.844677 20.274885 1.945262
v -3.249052 20.193808 1.850054
v -2.711729 20.120668 1.573750
v -2.285308 20.062623 1.143396
v -2.011529 20.025355 0.601119
v -1.917191 20.012515 0.000000
v -2.283051 20.345259 -0.499683
v -2.510631 20.376235 -0.950453
v -2.865096 20.424485 -1.308187
v -3.311747 20.485284 -1.537865
v -3.806863 20.552681 -1.617007
v -4.301981 20.620074 -1.537865
v -4.748632 20.680874 -1.308186
v -5.103096 20.729124 -0.950453
v -5.330676 20.760103 -0.499683
v -5.409095 20.770776 0.000000
v -5.330676 20.760103 0.499683
v -5.103096 20.729124 0.950453
v -4.748632 20.680874 1.308186
v -4.301981 20.620074 1.537865
v -3.806863 20.552681 1.617007
v -3.311748 20.485284 1.537865
v -2.865096 20.424485 1.308186
v -2.510632 20.376235 0.950453
v -2.283051 20.345259 0.499683
v -2.204633 20.334583 0.000000
v -2.599487 20.615966 -0.385942
v -2.775264 20.639892 -0.734106
v -3.049044 20.677159 -1.010410
v -3.394026 20.724118 -1.187809
v -3.776441 20.776174 -1.248936
v -4.158858 20.828227 -1.187808
v -4.503840 20.875186 -1.010410
v -4.777619 20.912455 -0.734106
v -4.953396 20.936382 -0.385942
v -5.013965 20.944626 0.000000
v -4.953396 20.936382 0.385942
v -4.777619 20.912455 0.734106
v -4.503840 20.875186 1.010410
v -4.158857 20.828227 1.187808
v -3.776441 20.776174 1.248935
v -3.394026 20.724118 1.187808
v -3.049044 20.677159 1.010410
v -2.775265 20.639892 0.734106
v -2.599487 20.615966 0.385942
v -2.538919 20.607722 0.000000
v -2.953044 20.830815 -0.262699
v -3.072690 20.847101 -0.499683
v -3.259044 20.872466 -0.687754
v -3.493862 20.904430 -0.808504
v -3.754160 20.939863 -0.850111
v -4.014459 20.975294 -0.808504
v -4.249277 21.007259 -0.687754
v -4.435630 21.032625 -0.499683
v -4.555276 21.048911 -0.262699
v -4.596503 21.054523 0.000000
v -4.555276 21.048911 0.262699
v -4.435630 21.032625 0.499683
v -4.249277 21.007259 0.687754
v -4.014459 20.975294 0.808503
v -3.754160 20.939863 0.850111
v -3.493862 20.904430 0.808503
v -3.259044 20.872466 0.687754
v -3.072690 20.847101 0.499683
v -2.953045 20.830815 0.262699
v -2.911817 20.825203 0.000000
v -3.335017 20.984512 -0.132987
v -3.395586 20.992757 -0.252956
v -3.489923 21.005600 -0.348164
v -3.608797 21.021779 -0.409291
v -3.740568 21.039716 -0.430354
v -3.872340 21.057653 -0.409291
v -3.991213 21.073834 -0.348164
v -4.085551 21.086674 -0.252956
v -4.146119 21.094921 -0.132987
v -4.166989 21.097761 0.000000
v -4.146119 21.094921 0.132987
v -4.085551 21.086674 0.252956
v -3.991212 21.073834 0.348164
v -3.872340 21.057653 0.409291
v -3.740568 21.039716 0.430354
v -3.608797 21.021779 0.409291
v -3.489923 21.005600 0.348163
v -3.395586 20.992757 0.252956
v -3.335017 20.984512 0.132987
v -3.314147 20.981672 0.000000
v -4.478096 15.621521 0.000000
v -3.736000 21.073276 0.000000
vt 0.246027 0.067291
vt 0.244889 0.067658
vt 0.243842 0.064602
vt 0.246092 0.063947
vt 0.243863 0.068313
vt 0.241771 0.065831
vt 0.243051 0.069201
vt 0.240088 0.067564
vt 0.242545 0.070245
vt 0.238994 0.069669
vt 0.242410 0.071340
vt 0.238663 0.071940
vt 0.242670 0.072365
vt 0.239192 0.074102
vt 0.243305 0.073203
vt 0.240546 0.075852
vt 0.244238 0.073760
vt 0.242528 0.076970
vt 0.245363 0.073980
vt 0.244856 0.077356
vt 0.246554 0.073851
vt 0.247252 0.077019
vt 0.247690 0.073398
vt 0.249477 0.076048
vt 0.248664 0.072678
vt 0.251344 0.074576
vt 0.249391 0.071768
vt 0.252714 0.072762
vt 0.249812 0.070756
vt 0.253492 0.070775
vt 0.249894 0.069735
vt 0.253624 0.068789
vt 0.249633 0.068798
vt 0.253104 0.066972
vt 0.249054 0.068027
vt 0.251977 0.065474
vt 0.248207 0.067490
vt 0.250338 0.064417
vt 0.247167 0.067236
vt 0.248320 0.063890
vt 0.243000 0.061456
vt 0.246320 0.060590
vt 0.239890 0.063165
vt 0.237287 0.065664
vt 0.235512 0.068821
vt 0.234895 0.072368
vt 0.235692 0.075837
vt 0.237904 0.078599
vt 0.241084 0.080268
vt 0.244686 0.080738
vt 0.248263 0.080107
vt 0.251496 0.078561
vt 0.254160 0.076321
vt 0.256092 0.073618
vt 0.257174 0.070692
vt 0.257335 0.067783
vt 0.256561 0.065128
vt 0.254910 0.062939
vt 0.252518 0.061381
vt 0.249577 0.060575
vt 0.242360 0.058230
vt 0.246690 0.057225
vt 0.238242 0.060311
vt 0.234693 0.063461
vt 0.232139 0.067613
vt 0.231108 0.072534
vt 0.232151 0.077579
vt 0.235449 0.081490
vt 0.240014 0.083671
vt 0.244921 0.084115
vt 0.249603 0.083098
vt 0.253731 0.080934
vt 0.257088 0.077926
vt 0.259507 0.074360
vt 0.260854 0.070526
vt 0.261032 0.066727
vt 0.260007 0.063263
vt 0.257847 0.060409
vt 0.254731 0.058371
vt 0.250915 0.057285
vt 0.241915 0.054935
vt 0.247182 0.053860
vt 0.236846 0.057272
vt 0.232352 0.060918
vt 0.228929 0.065930
vt 0.227305 0.072275
vt 0.228533 0.079348
vt 0.233314 0.084602
vt 0.239459 0.087197
vt 0.245625 0.087469
vt 0.251279 0.085977
vt 0.256165 0.083168
vt 0.260106 0.079404
vt 0.262943 0.075007
vt 0.264522 0.070299
vt 0.264712 0.065631
vt 0.263442 0.061376
vt 0.260778 0.057878
vt 0.256957 0.055379
vt 0.252309 0.054018
vt 0.241657 0.051583
vt 0.247776 0.050498
vt 0.235715 0.054057
vt 0.230315 0.058008
vt 0.225955 0.063635
vt 0.223503 0.071294
vt 0.224765 0.081160
vt 0.231786 0.088083
vt 0.239602 0.090865
vt 0.246850 0.090782
vt 0.253286 0.088730
vt 0.258776 0.085263
vt 0.263192 0.080770
vt 0.266382 0.075582
vt 0.268170 0.070032
vt 0.268374 0.064510
vt 0.266865 0.059467
vt 0.263692 0.055337
vt 0.259176 0.052396
vt 0.253735 0.050772
vt 0.241576 0.048187
vt 0.248449 0.047145
vt 0.234861 0.050680
vt 0.228628 0.054722
vt 0.223313 0.060592
vt 0.219746 0.069048
vt 0.220653 0.082972
vt 0.231566 0.092174
vt 0.240629 0.094703
vt 0.248625 0.094030
vt 0.255610 0.091341
vt 0.261542 0.087219
vt 0.266325 0.082039
vt 0.269809 0.076110
vt 0.271788 0.069753
vt 0.272014 0.063381
vt 0.270274 0.057536
vt 0.266577 0.052780
vt 0.261365 0.049417
vt 0.255168 0.047545
vt 0.241659 0.044759
vt 0.249181 0.043806
vt 0.234287 0.047163
vt 0.227331 0.051083
vt 0.221118 0.056729
vt 0.216152 0.064523
vt 0.223036 0.093718
vt 0.233243 0.097714
vt 0.242605 0.098718
vt 0.250939 0.097172
vt 0.258229 0.093791
vt 0.264441 0.089038
vt 0.269486 0.083227
vt 0.273208 0.076619
vt 0.275364 0.069496
vt 0.275629 0.062270
vt 0.273667 0.055583
vt 0.269412 0.050195
vt 0.263493 0.046433
vt 0.256579 0.044334
vt 0.241891 0.041311
vt 0.249946 0.040483
vt 0.233993 0.043534
vt 0.226451 0.047153
vt 0.219470 0.052236
vt 0.213228 0.058793
vt 0.226418 0.102946
vt 0.236213 0.103419
vt 0.245416 0.102677
vt 0.253748 0.100140
vt 0.261114 0.096060
vt 0.267451 0.090723
vt 0.272657 0.084354
vt 0.276561 0.077144
vt 0.278887 0.069310
vt 0.279218 0.061218
vt 0.277047 0.053603
vt 0.272169 0.047563
vt 0.265517 0.043428
vt 0.257930 0.041135
vt 0.242257 0.037852
vt 0.250713 0.037176
vt 0.233975 0.039822
vt 0.226003 0.043004
vt 0.218443 0.047314
vt 0.211248 0.052467
vt 0.231128 0.110969
vt 0.240245 0.108770
vt 0.248950 0.106388
vt 0.257000 0.102870
vt 0.264237 0.098130
vt 0.270552 0.092280
vt 0.275819 0.085446
vt 0.279852 0.077733
vt 0.282342 0.069264
vt 0.282781 0.060295
vt 0.280418 0.051590
vt 0.274801 0.044849
vt 0.267377 0.040381
vt 0.259175 0.037939
vt 0.242737 0.034390
vt 0.251449 0.033881
vt 0.234227 0.036050
vt 0.225998 0.038702
vt 0.218077 0.042126
vt 0.210304 0.045848
vt 0.237151 0.117753
vt 0.245198 0.113499
vt 0.253118 0.109705
vt 0.260649 0.105302
vt 0.267572 0.099985
vt 0.273727 0.093719
vt 0.278958 0.086532
vt 0.283064 0.078447
vt 0.285717 0.069464
vt 0.286326 0.059629
vt 0.283799 0.049527
vt 0.277222 0.041984
vt 0.268977 0.037251
vt 0.260254 0.034727
vt 0.243312 0.030925
vt 0.252113 0.030584
vt 0.234741 0.032242
vt 0.226441 0.034307
vt 0.218396 0.036800
vt 0.210421 0.039137
vt 0.244337 0.123160
vt 0.250952 0.117422
vt 0.257841 0.112517
vt 0.264653 0.107388
vt 0.271098 0.101613
vt 0.276963 0.095052
vt 0.282062 0.087654
vt 0.286182 0.079368
vt 0.289000 0.070069
vt 0.289877 0.059482
vt 0.287240 0.047402
vt 0.279227 0.038824
vt 0.270165 0.033971
vt 0.261087 0.031469
vt 0.243958 0.027454
vt 0.252657 0.027265
vt 0.235510 0.028413
vt 0.227337 0.029868
vt 0.219416 0.031439
vt 0.211600 0.032492
vt 0.252464 0.127026
vt 0.257386 0.120396
vt 0.263051 0.114727
vt 0.268977 0.109081
vt 0.274799 0.103003
vt 0.280252 0.096296
vt 0.285123 0.088859
vt 0.289198 0.080597
vt 0.292183 0.071316
vt 0.293494 0.060419
vt 0.290938 0.045291
vt 0.280203 0.035071
vt 0.270720 0.030412
vt 0.261578 0.028116
vt 0.244649 0.023964
vt 0.253028 0.023894
vt 0.236527 0.024570
vt 0.228694 0.025427
vt 0.221151 0.026132
vt 0.213833 0.026059
vt 0.261262 0.129195
vt 0.264371 0.122288
vt 0.268685 0.116246
vt 0.273594 0.110334
vt 0.278666 0.104145
vt 0.283593 0.097472
vt 0.288141 0.090202
vt 0.292108 0.082249
vt 0.295272 0.073494
vt 0.297350 0.063747
vt 0.288539 0.033932
vt 0.279438 0.029548
vt 0.270434 0.026370
vt 0.261630 0.024602
vt 0.245357 0.020432
vt 0.253170 0.020432
vt 0.237787 0.020715
vt 0.230523 0.021019
vt 0.223615 0.020960
vt 0.217105 0.019977
vt 0.270408 0.129530
vt 0.271758 0.122966
vt 0.274677 0.116976
vt 0.278482 0.111097
vt 0.282700 0.105029
vt 0.286995 0.098604
vt 0.291124 0.091741
vt 0.294908 0.084407
vt 0.298220 0.076635
vt 0.301071 0.068656
vt 0.284851 0.024177
vt 0.277250 0.023368
vt 0.269235 0.021917
vt 0.261159 0.020894
vt 0.246050 0.016823
vt 0.253024 0.016839
vt 0.239287 0.016836
vt 0.232842 0.016671
vt 0.226829 0.016006
vt 0.221393 0.014392
vt 0.279524 0.127940
vt 0.279368 0.122301
vt 0.280955 0.116812
vt 0.283627 0.111306
vt 0.286914 0.105637
vt 0.290480 0.099720
vt 0.294088 0.093534
vt 0.297586 0.087130
vt 0.300920 0.080681
vt 0.304228 0.074626
vt 0.279611 0.015848
vt 0.273728 0.017167
vt 0.267073 0.017212
vt 0.260086 0.016986
vt 0.246692 0.013083
vt 0.252516 0.013070
vt 0.241027 0.012907
vt 0.235679 0.012405
vt 0.230819 0.011355
vt 0.226666 0.009460
vt 0.288161 0.124412
vt 0.286974 0.120166
vt 0.287432 0.115625
vt 0.289020 0.110879
vt 0.291338 0.105946
vt 0.294087 0.100847
vt 0.297057 0.095641
vt 0.300118 0.090460
vt 0.303241 0.085555
vt 0.306531 0.081385
vt 0.272885 0.009082
vt 0.268902 0.011389
vt 0.263892 0.012447
vt 0.258324 0.012896
vt 0.247234 0.009136
vt 0.251553 0.009068
vt 0.243011 0.008878
vt 0.239072 0.008235
vt 0.235615 0.007098
vt 0.232871 0.005343
vt 0.295816 0.119078
vt 0.294282 0.116465
vt 0.293988 0.113268
vt 0.294655 0.109704
vt 0.296026 0.105915
vt 0.297887 0.102013
vt 0.300073 0.098129
vt 0.302475 0.094439
vt 0.305041 0.091193
vt 0.307770 0.088744
vt 0.264983 0.004128
vt 0.262827 0.006410
vt 0.259623 0.007841
vt 0.255763 0.008666
vt 0.247609 0.004855
vt 0.250006 0.004759
vt 0.245244 0.004651
vt 0.243070 0.004142
vt 0.241242 0.003320
vt 0.239918 0.002186
vt 0.302030 0.112304
vt 0.300938 0.111208
vt 0.300454 0.109601
vt 0.300528 0.107644
vt 0.301074 0.105480
vt 0.302000 0.103245
vt 0.303215 0.101075
vt 0.304637 0.099120
vt 0.306191 0.097542
vt 0.307808 0.096519
vt 0.256423 0.001154
vt 0.255667 0.002562
vt 0.254218 0.003631
vt 0.252268 0.004357
vt 0.246127 0.070626
vt 0.247730 0.000005
vt 0.309402 0.096218
vt 0.306669 0.104592
vt 0.239246 0.000776
vt 0.310688 0.087544
vt 0.231134 0.002871
vt 0.310282 0.078697
vt 0.223552 0.006394
vt 0.308100 0.069972
vt 0.216783 0.011255
vt 0.304145 0.061576
vt 0.211064 0.017281
vt 0.298434 0.053498
vt 0.206579 0.024267
vt 0.203478 0.031996
vt 0.201884 0.040245
vt 0.201904 0.048788
vt 0.203636 0.057412
vt 0.207195 0.065942
vt 0.212752 0.074334
vn 0.056669 -0.996471 -0.061918
vn 0.028474 -0.992632 -0.117772
vn 0.140253 -0.970507 -0.196074
vn 0.187200 -0.976898 -0.103083
vn -0.015448 -0.986654 -0.162094
vn 0.067131 -0.960554 -0.269870
vn -0.070793 -0.979121 -0.190555
vn -0.025011 -0.948012 -0.317251
vn -0.132140 -0.970771 -0.200359
vn -0.127152 -0.934108 -0.333578
vn -0.193492 -0.962419 -0.190553
vn -0.229292 -0.920205 -0.317252
vn -0.248835 -0.954885 -0.162096
vn -0.321432 -0.907663 -0.269871
vn -0.292756 -0.948907 -0.117769
vn -0.394556 -0.897709 -0.196072
vn -0.320956 -0.945068 -0.061914
vn -0.441504 -0.891319 -0.103081
vn -0.330673 -0.943745 0.000000
vn -0.457680 -0.889117 0.000000
vn -0.320956 -0.945068 0.061914
vn -0.441504 -0.891319 0.103081
vn -0.292756 -0.948907 0.117769
vn -0.394556 -0.897709 0.196072
vn -0.248835 -0.954885 0.162096
vn -0.321432 -0.907663 0.269870
vn -0.193492 -0.962419 0.190553
vn -0.229292 -0.920205 0.317251
vn -0.132140 -0.970771 0.200359
vn -0.127152 -0.934108 0.333578
vn -0.070793 -0.979121 0.190555
vn -0.025011 -0.948012 0.317251
vn -0.015448 -0.986654 0.162094
vn 0.067131 -0.960554 0.269869
vn 0.028473 -0.992632 0.117772
vn 0.140253 -0.970507 0.196074
vn 0.056669 -0.996471 0.061918
vn 0.187200 -0.976898 0.103083
vn 0.066389 -0.997794 -0.000000
vn 0.203379 -0.979100 0.000000
vn 0.258368 -0.925571 -0.276702
vn 0.324623 -0.934590 -0.145471
vn 0.155176 -0.911525 -0.380846
vn 0.025145 -0.893824 -0.447712
vn -0.118997 -0.874204 -0.470752
vn -0.263139 -0.854583 -0.447711
vn -0.393171 -0.836883 -0.380847
vn -0.496364 -0.822836 -0.276702
vn -0.562617 -0.813819 -0.145471
vn -0.585447 -0.810711 0.000000
vn -0.562617 -0.813819 0.145471
vn -0.496363 -0.822836 0.276702
vn -0.393170 -0.836883 0.380847
vn -0.263139 -0.854583 0.447711
vn -0.118997 -0.874204 0.470752
vn 0.025146 -0.893824 0.447712
vn 0.155176 -0.911525 0.380846
vn 0.258368 -0.925571 0.276702
vn 0.324623 -0.934590 0.145471
vn 0.347454 -0.937697 0.000001
vn 0.372770 -0.858373 -0.352474
vn 0.457168 -0.869861 -0.185306
vn 0.241317 -0.840480 -0.485138
vn 0.075678 -0.817933 -0.570314
vn -0.107935 -0.792940 -0.599663
vn -0.291549 -0.767946 -0.570314
vn -0.457188 -0.745400 -0.485138
vn -0.588640 -0.727506 -0.352473
vn -0.673038 -0.716017 -0.185307
vn -0.702121 -0.712058 0.000000
vn -0.673038 -0.716017 0.185307
vn -0.588640 -0.727506 0.352474
vn -0.457188 -0.745400 0.485138
vn -0.291549 -0.767946 0.570314
vn -0.107935 -0.792940 0.599664
vn 0.075679 -0.817933 0.570314
vn 0.241317 -0.840480 0.485138
vn 0.372770 -0.858374 0.352473
vn 0.457168 -0.869861 0.185307
vn 0.486250 -0.873820 0.000001
vn 0.479174 -0.770459 -0.420459
vn 0.579851 -0.784162 -0.221048
vn 0.322366 -0.749114 -0.578712
vn 0.124778 -0.722218 -0.680317
vn -0.094250 -0.692404 -0.715328
vn -0.313280 -0.662590 -0.680317
vn -0.510868 -0.635693 -0.578712
vn -0.667675 -0.614348 -0.420460
vn -0.768352 -0.600644 -0.221049
vn -0.803043 -0.595921 0.000000
vn -0.768352 -0.600644 0.221049
vn -0.667675 -0.614348 0.420460
vn -0.510868 -0.635693 0.578712
vn -0.313279 -0.662590 0.680317
vn -0.094250 -0.692404 0.715328
vn 0.124778 -0.722218 0.680317
vn 0.322367 -0.749114 0.578712
vn 0.479174 -0.770459 0.420459
vn 0.579851 -0.784162 0.221048
vn 0.614542 -0.788884 0.000001
vn 0.574505 -0.663955 -0.478652
vn 0.689115 -0.679556 -0.251641
vn 0.395995 -0.639656 -0.658808
vn 0.171060 -0.609037 -0.774475
vn -0.078282 -0.575097 -0.814332
vn -0.327625 -0.541157 -0.774475
vn -0.552561 -0.510538 -0.658808
vn -0.731071 -0.486239 -0.478652
vn -0.845681 -0.470638 -0.251642
vn -0.885173 -0.465263 0.000000
vn -0.845681 -0.470638 0.251642
vn -0.731070 -0.486239 0.478652
vn -0.552561 -0.510538 0.658808
vn -0.327626 -0.541156 0.774475
vn -0.078282 -0.575097 0.814331
vn 0.171060 -0.609037 0.774475
vn 0.395996 -0.639656 0.658808
vn 0.574505 -0.663955 0.478652
vn 0.689115 -0.679556 0.251642
vn 0.728607 -0.684932 0.000001
vn 0.656258 -0.541455 -0.525502
vn 0.782086 -0.558583 -0.276272
vn 0.460276 -0.514778 -0.723291
vn 0.213324 -0.481163 -0.850280
vn -0.060424 -0.443900 -0.894037
vn -0.334172 -0.406637 -0.850280
vn -0.581124 -0.373022 -0.723291
vn -0.777106 -0.346345 -0.525501
vn -0.902934 -0.329217 -0.276272
vn -0.946291 -0.323315 -0.000000
vn -0.902934 -0.329217 0.276272
vn -0.777105 -0.346345 0.525502
vn -0.581124 -0.373022 0.723291
vn -0.334172 -0.406637 0.850280
vn -0.060424 -0.443899 0.894037
vn 0.213324 -0.481162 0.850280
vn 0.460276 -0.514777 0.723291
vn 0.656258 -0.541455 0.525502
vn 0.782086 -0.558583 0.276272
vn 0.825444 -0.564485 0.000001
vn 0.722374 -0.405929 -0.559819
vn 0.856420 -0.424175 -0.294313
vn 0.513594 -0.377510 -0.770524
vn 0.250516 -0.341700 -0.905805
vn -0.041109 -0.302004 -0.952420
vn -0.332734 -0.262308 -0.905805
vn -0.595812 -0.226497 -0.770524
vn -0.804592 -0.198078 -0.559818
vn -0.938637 -0.179832 -0.294314
vn -0.984826 -0.173545 0.000000
vn -0.938637 -0.179832 0.294314
vn -0.804592 -0.198078 0.559818
vn -0.595812 -0.226498 0.770524
vn -0.332733 -0.262308 0.905805
vn -0.041108 -0.302003 0.952420
vn 0.250516 -0.341699 0.905805
vn 0.513594 -0.377510 0.770524
vn 0.722374 -0.405929 0.559819
vn 0.856420 -0.424175 0.294314
vn 0.902609 -0.430462 0.000001
vn 0.771226 -0.260651 -0.580751
vn 0.910284 -0.279579 -0.305318
vn 0.554639 -0.231169 -0.799335
vn 0.281724 -0.194020 -0.939674
vn -0.020805 -0.152839 -0.988032
vn -0.323333 -0.111659 -0.939674
vn -0.596249 -0.074509 -0.799334
vn -0.812836 -0.045027 -0.580750
vn -0.951893 -0.026100 -0.305319
vn -0.999808 -0.019577 0.000000
vn -0.951893 -0.026099 0.305319
vn -0.812835 -0.045027 0.580751
vn -0.596249 -0.074510 0.799335
vn -0.323333 -0.111659 0.939674
vn -0.020804 -0.152839 0.988032
vn 0.281724 -0.194020 0.939674
vn 0.554639 -0.231169 0.799335
vn 0.771226 -0.260651 0.580751
vn 0.910283 -0.279580 0.305319
vn 0.958199 -0.286102 0.000001
vn 0.801624 -0.109118 -0.587785
vn 0.942366 -0.128275 -0.309016
vn 0.582414 -0.079278 -0.809017
vn 0.306193 -0.041679 -0.951057
vn -0.000000 0.000000 -1.000000
vn -0.306194 0.041679 -0.951056
vn -0.582415 0.079279 -0.809017
vn -0.801625 0.109118 -0.587785
vn -0.942366 0.128275 -0.309017
vn -0.990862 0.134877 0.000000
vn -0.942366 0.128275 0.309017
vn -0.801624 0.109117 0.587785
vn -0.582414 0.079278 0.809017
vn -0.306193 0.041679 0.951057
vn 0.000000 -0.000000 1.000000
vn 0.306194 -0.041679 0.951056
vn 0.582414 -0.079278 0.809017
vn 0.801624 -0.109118 0.587785
vn 0.942366 -0.128275 0.309017
vn 0.990862 -0.134877 0.000001
vn 0.812835 0.045028 -0.580751
vn 0.951893 0.026099 -0.305318
vn 0.596248 0.074510 -0.799335
vn 0.323333 0.111659 -0.939674
vn 0.020804 0.152839 -0.988032
vn -0.281724 0.194020 -0.939674
vn -0.554640 0.231169 -0.799335
vn -0.771226 0.260651 -0.580751
vn -0.910284 0.279579 -0.305319
vn -0.958199 0.286102 0.000000
vn -0.910283 0.279579 0.305319
vn -0.771226 0.260651 0.580751
vn -0.554639 0.231169 0.799335
vn -0.281724 0.194019 0.939674
vn 0.020805 0.152839 0.988032
vn 0.323333 0.111659 0.939674
vn 0.596249 0.074509 0.799335
vn 0.812835 0.045027 0.580751
vn 0.951893 0.026099 0.305319
vn 0.999808 0.019577 0.000001
vn 0.804592 0.198078 -0.559819
vn 0.938638 0.179831 -0.294313
vn 0.595812 0.226497 -0.770524
vn 0.332733 0.262308 -0.905805
vn 0.041109 0.302004 -0.952420
vn -0.250516 0.341700 -0.905805
vn -0.513594 0.377510 -0.770524
vn -0.722374 0.405929 -0.559818
vn -0.856420 0.424176 -0.294314
vn -0.902608 0.430463 -0.000000
vn -0.856420 0.424175 0.294314
vn -0.722374 0.405929 0.559819
vn -0.513594 0.377510 0.770524
vn -0.250516 0.341700 0.905805
vn 0.041109 0.302003 0.952420
vn 0.332734 0.262307 0.905805
vn 0.595812 0.226497 0.770524
vn 0.804592 0.198078 0.559818
vn 0.938637 0.179832 0.294314
vn 0.984826 0.173544 0.000001
vn 0.777106 0.346345 -0.525502
vn 0.902934 0.329217 -0.276272
vn 0.581124 0.373022 -0.723291
vn 0.334172 0.406637 -0.850280
vn 0.060424 0.443899 -0.894037
vn -0.213324 0.481162 -0.850280
vn -0.460276 0.514778 -0.723291
vn -0.656258 0.541455 -0.525502
vn -0.782086 0.558584 -0.276272
vn -0.825443 0.564486 -0.000000
vn -0.782086 0.558583 0.276272
vn -0.656258 0.541455 0.525502
vn -0.460276 0.514778 0.723291
vn -0.213324 0.481162 0.850280
vn 0.060424 0.443899 0.894037
vn 0.334172 0.406636 0.850280
vn 0.581124 0.373022 0.723291
vn 0.777106 0.346345 0.525502
vn 0.902934 0.329217 0.276273
vn 0.946291 0.323315 0.000001
vn 0.731070 0.486240 -0.478651
vn 0.845681 0.470639 -0.251642
vn 0.552561 0.510538 -0.658808
vn 0.327625 0.541156 -0.774475
vn 0.078282 0.575097 -0.814331
vn -0.171061 0.609037 -0.774475
vn -0.395996 0.639656 -0.658808
vn -0.574505 0.663955 -0.478651
vn -0.689115 0.679557 -0.251641
vn -0.728607 0.684932 0.000000
vn -0.689115 0.679557 0.251641
vn -0.574505 0.663956 0.478651
vn -0.395995 0.639656 0.658808
vn -0.171061 0.609037 0.774475
vn 0.078282 0.575097 0.814332
vn 0.327626 0.541156 0.774475
vn 0.552561 0.510538 0.658807
vn 0.731071 0.486239 0.478652
vn 0.845680 0.470639 0.251642
vn 0.885172 0.465264 0.000001
vn 0.667675 0.614348 -0.420460
vn 0.768352 0.600644 -0.221048
vn 0.510868 0.635694 -0.578712
vn 0.313279 0.662590 -0.680317
vn 0.094250 0.692404 -0.715327
vn -0.124779 0.722218 -0.680317
vn -0.322367 0.749114 -0.578712
vn -0.479174 0.770459 -0.420459
vn -0.579851 0.784162 -0.221048
vn -0.614542 0.788884 -0.000000
vn -0.579851 0.784162 0.221048
vn -0.479174 0.770459 0.420459
vn -0.322367 0.749114 0.578712
vn -0.124778 0.722218 0.680317
vn 0.094250 0.692404 0.715327
vn 0.313280 0.662590 0.680317
vn 0.510868 0.635693 0.578712
vn 0.667675 0.614348 0.420460
vn 0.768352 0.600644 0.221049
vn 0.803043 0.595922 0.000001
vn 0.588640 0.727506 -0.352474
vn 0.673038 0.716018 -0.185306
vn 0.457188 0.745400 -0.485137
vn 0.291549 0.767946 -0.570314
vn 0.107935 0.792940 -0.599664
vn -0.075678 0.817933 -0.570314
vn -0.241317 0.840480 -0.485138
vn -0.372770 0.858373 -0.352474
vn -0.457169 0.869861 -0.185307
vn -0.486250 0.873820 -0.000000
vn -0.457169 0.869861 0.185307
vn -0.372770 0.858373 0.352474
vn -0.241317 0.840480 0.485138
vn -0.075678 0.817933 0.570314
vn 0.107935 0.792940 0.599664
vn 0.291550 0.767946 0.570314
vn 0.457188 0.745399 0.485138
vn 0.588640 0.727506 0.352474
vn 0.673039 0.716017 0.185307
vn 0.702121 0.712058 0.000001
vn 0.496363 0.822836 -0.276703
vn 0.562617 0.813818 -0.145471
vn 0.393170 0.836883 -0.380847
vn 0.263140 0.854583 -0.447711
vn 0.118997 0.874205 -0.470751
vn -0.025145 0.893824 -0.447712
vn -0.155175 0.911524 -0.380847
vn -0.258369 0.925571 -0.276702
vn -0.324623 0.934590 -0.145470
vn -0.347453 0.937697 0.000000
vn -0.324623 0.934590 0.145471
vn -0.258369 0.925571 0.276702
vn -0.155174 0.911524 0.380848
vn -0.025145 0.893824 0.447712
vn 0.118997 0.874204 0.470751
vn 0.263140 0.854583 0.447711
vn 0.393170 0.836883 0.380847
vn 0.496363 0.822836 0.276703
vn 0.562617 0.813818 0.145471
vn 0.585447 0.810710 0.000000
vn 0.394555 0.897709 -0.196074
vn 0.441504 0.891319 -0.103082
vn 0.321431 0.907662 -0.269872
vn 0.229292 0.920205 -0.317252
vn 0.127151 0.934108 -0.333578
vn 0.025011 0.948011 -0.317252
vn -0.067129 0.960554 -0.269871
vn -0.140253 0.970507 -0.196073
vn -0.187201 0.976898 -0.103082
vn -0.203379 0.979100 0.000000
vn -0.187201 0.976898 0.103082
vn -0.140252 0.970507 0.196074
vn -0.067129 0.960553 0.269872
vn 0.025011 0.948011 0.317253
vn 0.127151 0.934108 0.333578
vn 0.229292 0.920204 0.317252
vn 0.321432 0.907662 0.269872
vn 0.394556 0.897709 0.196074
vn 0.441504 0.891319 0.103082
vn 0.457681 0.889117 0.000000
vn 0.292756 0.948907 -0.117768
vn 0.320954 0.945069 -0.061914
vn 0.248834 0.954885 -0.162096
vn 0.193491 0.962419 -0.190556
vn 0.132142 0.970770 -0.200361
vn 0.070792 0.979121 -0.190555
vn 0.015449 0.986654 -0.162094
vn -0.028471 0.992633 -0.117770
vn -0.056669 0.996471 -0.061916
vn -0.066389 0.997794 0.000000
vn -0.056669 0.996471 0.061917
vn -0.028471 0.992633 0.117771
vn 0.015449 0.986654 0.162094
vn 0.070792 0.979121 0.190555
vn 0.132142 0.970770 0.200361
vn 0.193491 0.962419 0.190557
vn 0.248834 0.954885 0.162097
vn 0.292757 0.948907 0.117768
vn 0.320954 0.945069 0.061914
vn 0.330671 0.943746 -0.000000
vn -0.134877 -0.990862 -0.000000
vn 0.134876 0.990862 0.000000
s 1
g pSphere1
usemtl initialShadingGroup
f 1643/1725/1743 1644/1726/1744 1664/1727/1745 1663/1728/1746
f 1644/1726/1744 1645/1729/1747 1665/1730/1748 1664/1727/1745
f 1645/1729/1747 1646/1731/1749 1666/1732/1750 1665/1730/1748
f 1646/1731/1749 1647/1733/1751 1667/1734/1752 1666/1732/1750
f 1647/1733/1751 1648/1735/1753 1668/1736/1754 1667/1734/1752
f 1648/1735/1753 1649/1737/1755 1669/1738/1756 1668/1736/1754
f 1649/1737/1755 1650/1739/1757 1670/1740/1758 1669/1738/1756
f 1650/1739/1757 1651/1741/1759 1671/1742/1760 1670/1740/1758
f 1651/1741/1759 1652/1743/1761 1672/1744/1762 1671/1742/1760
f 1652/1743/1761 1653/1745/1763 1673/1746/1764 1672/1744/1762
f 1653/1745/1763 1654/1747/1765 1674/1748/1766 1673/1746/1764
f 1654/1747/1765 1655/1749/1767 1675/1750/1768 1674/1748/1766
f 1655/1749/1767 1656/1751/1769 1676/1752/1770 1675/1750/1768
f 1656/1751/1769 1657/1753/1771 1677/1754/1772 1676/1752/1770
f 1657/1753/1771 1658/1755/1773 1678/1756/1774 1677/1754/1772
f 1658/1755/1773 1659/1757/1775 1679/1758/1776 1678/1756/1774
f 1659/1757/1775 1660/1759/1777 1680/1760/1778 1679/1758/1776
f 1660/1759/1777 1661/1761/1779 1681/1762/1780 1680/1760/1778
f 1661/1761/1779 1662/1763/1781 1682/1764/1782 1681/1762/1780
f 1662/1763/1781 1643/1725/1743 1663/1728/1746 1682/1764/1782
f 1663/1728/1746 1664/1727/1745 1684/1765/1783 1683/1766/1784
f 1664/1727/1745 1665/1730/1748 1685/1767/1785 1684/1765/1783
f 1665/1730/1748 1666/1732/1750 1686/1768/1786 1685/1767/1785
f 1666/1732/1750 1667/1734/1752 1687/1769/1787 1686/1768/1786
f 1667/1734/1752 1668/1736/1754 1688/1770/1788 1687/1769/1787
f 1668/1736/1754 1669/1738/1756 1689/1771/1789 1688/1770/1788
f 1669/1738/1756 1670/1740/1758 1690/1772/1790 1689/1771/1789
f 1670/1740/1758 1671/1742/1760 1691/1773/1791 1690/1772/1790
f 1671/1742/1760 1672/1744/1762 1692/1774/1792 1691/1773/1791
f 1672/1744/1762 1673/1746/1764 1693/1775/1793 1692/1774/1792
f 1673/1746/1764 1674/1748/1766 1694/1776/1794 1693/1775/1793
f 1674/1748/1766 1675/1750/1768 1695/1777/1795 1694/1776/1794
f 1675/1750/1768 1676/1752/1770 1696/1778/1796 1695/1777/1795
f 1676/1752/1770 1677/1754/1772 1697/1779/1797 1696/1778/1796
f 1677/1754/1772 1678/1756/1774 1698/1780/1798 1697/1779/1797
f 1678/1756/1774 1679/1758/1776 1699/1781/1799 1698/1780/1798
f 1679/1758/1776 1680/1760/1778 1700/1782/1800 1699/1781/1799
f 1680/1760/1778 1681/1762/1780 1701/1783/1801 1700/1782/1800
f 1681/1762/1780 1682/1764/1782 1702/1784/1802 1701/1783/1801
f 1682/1764/1782 1663/1728/1746 1683/1766/1784 1702/1784/1802
f 1683/1766/1784 1684/1765/1783 1704/1785/1803 1703/1786/1804
f 1684/1765/1783 1685/1767/1785 1705/1787/1805 1704/1785/1803
f 1685/1767/1785 1686/1768/1786 1706/1788/1806 1705/1787/1805
f 1686/1768/1786 1687/1769/1787 1707/1789/1807 1706/1788/1806
f 1687/1769/1787 1688/1770/1788 1708/1790/1808 1707/1789/1807
f 1688/1770/1788 1689/1771/1789 1709/1791/1809 1708/1790/1808
f 1689/1771/1789 1690/1772/1790 1710/1792/1810 1709/1791/1809
f 1690/1772/1790 1691/1773/1791 1711/1793/1811 1710/1792/1810
f 1691/1773/1791 1692/1774/1792 1712/1794/1812 1711/1793/1811
f 1692/1774/1792 1693/1775/1793 1713/1795/1813 1712/1794/1812
f 1693/1775/1793 1694/1776/1794 1714/1796/1814 1713/1795/1813
f 1694/1776/1794 1695/1777/1795 1715/1797/1815 1714/1796/1814
f 1695/1777/1795 1696/1778/1796 1716/1798/1816 1715/1797/1815
f 1696/1778/1796 1697/1779/1797 1717/1799/1817 1716/1798/1816
f 1697/1779/1797 1698/1780/1798 1718/1800/1818 1717/1799/1817
f 1698/1780/1798 1699/1781/1799 1719/1801/1819 1718/1800/1818
f 1699/1781/1799 1700/1782/1800 1720/1802/1820 1719/1801/1819
f 1700/1782/1800 1701/1783/1801 1721/1803/1821 1720/1802/1820
f 1701/1783/1801 1702/1784/1802 1722/1804/1822 1721/1803/1821
f 1702/1784/1802 1683/1766/1784 1703/1786/1804 1722/1804/1822
f 1703/1786/1804 1704/1785/1803 1724/1805/1823 1723/1806/1824
f 1704/1785/1803 1705/1787/1805 1725/1807/1825 1724/1805/1823
f 1705/1787/1805 1706/1788/1806 1726/1808/1826 1725/1807/1825
f 1706/1788/1806 1707/1789/1807 1727/1809/1827 1726/1808/1826
f 1707/1789/1807 1708/1790/1808 1728/1810/1828 1727/1809/1827
f 1708/1790/1808 1709/1791/1809 1729/1811/1829 1728/1810/1828
f 1709/1791/1809 1710/1792/1810 1730/1812/1830 1729/1811/1829
f 1710/1792/1810 1711/1793/1811 1731/1813/1831 1730/1812/1830
f 1711/1793/1811 1712/1794/1812 1732/1814/1832 1731/1813/1831
f 1712/1794/1812 1713/1795/1813 1733/1815/1833 1732/1814/1832
f 1713/1795/1813 1714/1796/1814 1734/1816/1834 1733/1815/1833
f 1714/1796/1814 1715/1797/1815 1735/1817/1835 1734/1816/1834
f 1715/1797/1815 1716/1798/1816 1736/1818/1836 1735/1817/1835
f 1716/1798/1816 1717/1799/1817 1737/1819/1837 1736/1818/1836
f 1717/1799/1817 1718/1800/1818 1738/1820/1838 1737/1819/1837
f 1718/1800/1818 1719/1801/1819 1739/1821/1839 1738/1820/1838
f 1719/1801/1819 1720/1802/1820 1740/1822/1840 1739/1821/1839
f 1720/1802/1820 1721/1803/1821 1741/1823/1841 1740/1822/1840
f 1721/1803/1821 1722/1804/1822 1742/1824/1842 1741/1823/1841
f 1722/1804/1822 1703/1786/1804 1723/1806/1824 1742/1824/1842
f 1723/1806/1824 1724/1805/1823 1744/1825/1843 1743/1826/1844
f 1724/1805/1823 1725/1807/1825 1745/1827/1845 1744/1825/1843
f 1725/1807/1825 1726/1808/1826 1746/1828/1846 1745/1827/1845
f 1726/1808/1826 1727/1809/1827 1747/1829/1847 1746/1828/1846
f 1727/1809/1827 1728/1810/1828 1748/1830/1848 1747/1829/1847
f 1728/1810/1828 1729/1811/1829 1749/1831/1849 1748/1830/1848
f 1729/1811/1829 1730/1812/1830 1750/1832/1850 1749/1831/1849
f 1730/1812/1830 1731/1813/1831 1751/1833/1851 1750/1832/1850
f 1731/1813/1831 1732/1814/1832 1752/1834/1852 1751/1833/1851
f 1732/1814/1832 1733/1815/1833 1753/1835/1853 1752/1834/1852
f 1733/1815/1833 1734/1816/1834 1754/1836/1854 1753/1835/1853
f 1734/1816/1834 1735/1817/1835 1755/1837/1855 1754/1836/1854
f 1735/1817/1835 1736/1818/1836 1756/1838/1856 1755/1837/1855
f 1736/1818/1836 1737/1819/1837 1757/1839/1857 1756/1838/1856
f 1737/1819/1837 1738/1820/1838 1758/1840/1858 1757/1839/1857
f 1738/1820/1838 1739/1821/1839 1759/1841/1859 1758/1840/1858
f 1739/1821/1839 1740/1822/1840 1760/1842/1860 1759/1841/1859
f 1740/1822/1840 1741/1823/1841 1761/1843/1861 1760/1842/1860
f 1741/1823/1841 1742/1824/1842 1762/1844/1862 1761/1843/1861
f 1742/1824/1842 1723/1806/1824 1743/1826/1844 1762/1844/1862
f 1743/1826/1844 1744/1825/1843 1764/1845/1863 1763/1846/1864
f 1744/1825/1843 1745/1827/1845 1765/1847/1865 1764/1845/1863
f 1745/1827/1845 1746/1828/1846 1766/1848/1866 1765/1847/1865
f 1746/1828/1846 1747/1829/1847 1767/1849/1867 1766/1848/1866
f 1747/1829/1847 1748/1830/1848 1768/1850/1868 1767/1849/1867
f 1748/1830/1848 1749/1831/1849 1769/1851/1869 1768/1850/1868
f 1749/1831/1849 1750/1832/1850 1770/1852/1870 1769/1851/1869
f 1750/1832/1850 1751/1833/1851 1771/1853/1871 1770/1852/1870
f 1751/1833/1851 1752/1834/1852 1772/1854/1872 1771/1853/1871
f 1752/1834/1852 1753/1835/1853 1773/1855/1873 1772/1854/1872
f 1753/1835/1853 1754/1836/1854 1774/1856/1874 1773/1855/1873
f 1754/1836/1854 1755/1837/1855 1775/1857/1875 1774/1856/1874
f 1755/1837/1855 1756/1838/1856 1776/1858/1876 1775/1857/1875
f 1756/1838/1856 1757/1839/1857 1777/1859/1877 1776/1858/1876
f 1757/1839/1857 1758/1840/1858 1778/1860/1878 1777/1859/1877
f 1758/1840/1858 1759/1841/1859 1779/1861/1879 1778/1860/1878
f 1759/1841/1859 1760/1842/1860 1780/1862/1880 1779/1861/1879
f 1760/1842/1860 1761/1843/1861 1781/1863/1881 1780/1862/1880
f 1761/1843/1861 1762/1844/1862 1782/1864/1882 1781/1863/1881
f 1762/1844/1862 1743/1826/1844 1763/1846/1864 1782/1864/1882
f 1763/1846/1864 1764/1845/1863 1784/1865/1883 1783/1866/1884
f 1764/1845/1863 1765/1847/1865 1785/1867/1885 1784/1865/1883
f 1765/1847/1865 1766/1848/1866 1786/1868/1886 1785/1867/1885
f 1766/1848/1866 1767/1849/1867 1787/1869/1887 1786/1868/1886
f 1767/1849/1867 1768/1850/1868 1788/1870/1888 1787/1869/1887
f 1768/1850/1868 1769/1851/1869 1789/2125/1889 1788/1870/1888
f 1769/1851/1869 1770/1852/1870 1790/1872/1890 1789/1871/1889
f 1770/1852/1870 1771/1853/1871 1791/1873/1891 1790/1872/1890
f 1771/1853/1871 1772/1854/1872 1792/1874/1892 1791/1873/1891
f 1772/1854/1872 1773/1855/1873 1793/1875/1893 1792/1874/1892
f 1773/1855/1873 1774/1856/1874 1794/1876/1894 1793/1875/1893
f 1774/1856/1874 1775/1857/1875 1795/1877/1895 1794/1876/1894
f 1775/1857/1875 1776/1858/1876 1796/1878/1896 1795/1877/1895
f 1776/1858/1876 1777/1859/1877 1797/1879/1897 1796/1878/1896
f 1777/1859/1877 1778/1860/1878 1798/1880/1898 1797/1879/1897
f 1778/1860/1878 1779/1861/1879 1799/1881/1899 1798/1880/1898
f 1779/1861/1879 1780/1862/1880 1800/1882/1900 1799/1881/1899
f 1780/1862/1880 1781/1863/1881 1801/1883/1901 1800/1882/1900
f 1781/1863/1881 1782/1864/1882 1802/1884/1902 1801/1883/1901
f 1782/1864/1882 1763/1846/1864 1783/1866/1884 1802/1884/1902
f 1783/1866/1884 1784/1865/1883 1804/1885/1903 1803/1886/1904
f 1784/1865/1883 1785/1867/1885 1805/1887/1905 1804/1885/1903
f 1785/1867/1885 1786/1868/1886 1806/1888/1906 1805/1887/1905
f 1786/1868/1886 1787/1869/1887 1807/1889/1907 1806/1888/1906
f 1787/1869/1887 1788/1870/1888 1808/1890/1908 1807/1889/1907
f 1788/1870/1888 1789/2125/1889 1809/2124/1909 1808/1890/1908
f 1789/1871/1889 1790/1872/1890 1810/1892/1910 1809/1891/1909
f 1790/1872/1890 1791/1873/1891 1811/1893/1911 1810/1892/1910
f 1791/1873/1891 1792/1874/1892 1812/1894/1912 1811/1893/1911
f 1792/1874/1892 1793/1875/1893 1813/1895/1913 1812/1894/1912
f 1793/1875/1893 1794/1876/1894 1814/1896/1914 1813/1895/1913
f 1794/1876/1894 1795/1877/1895 1815/1897/1915 1814/1896/1914
f 1795/1877/1895 1796/1878/1896 1816/1898/1916 1815/1897/1915
f 1796/1878/1896 1797/1879/1897 1817/1899/1917 1816/1898/1916
f 1797/1879/1897 1798/1880/1898 1818/1900/1918 1817/1899/1917
f 1798/1880/1898 1799/1881/1899 1819/1901/1919 1818/1900/1918
f 1799/1881/1899 1800/1882/1900 1820/1902/1920 1819/1901/1919
f 1800/1882/1900 1801/1883/1901 1821/1903/1921 1820/1902/1920
f 1801/1883/1901 1802/1884/1902 1822/1904/1922 1821/1903/1921
f 1802/1884/1902 1783/1866/1884 1803/1886/1904 1822/1904/1922
f 1803/1886/1904 1804/1885/1903 1824/1905/1923 1823/1906/1924
f 1804/1885/1903 1805/1887/1905 1825/1907/1925 1824/1905/1923
f 1805/1887/1905 1806/1888/1906 1826/1908/1926 1825/1907/1925
f 1806/1888/1906 1807/1889/1907 1827/1909/1927 1826/1908/1926
f 1807/1889/1907 1808/1890/1908 1828/1910/1928 1827/1909/1927
f 1808/1890/1908 1809/2124/1909 1829/2123/1929 1828/1910/1928
f 1809/1891/1909 1810/1892/1910 1830/1912/1930 1829/1911/1929
f 1810/1892/1910 1811/1893/1911 1831/1913/1931 1830/1912/1930
f 1811/1893/1911 1812/1894/1912 1832/1914/1932 1831/1913/1931
f 1812/1894/1912 1813/1895/1913 1833/1915/1933 1832/1914/1932
f 1813/1895/1913 1814/1896/1914 1834/1916/1934 1833/1915/1933
f 1814/1896/1914 1815/1897/1915 1835/1917/1935 1834/1916/1934
f 1815/1897/1915 1816/1898/1916 1836/1918/1936 1835/1917/1935
f 1816/1898/1916 1817/1899/1917 1837/1919/1937 1836/1918/1936
f 1817/1899/1917 1818/1900/1918 1838/1920/1938 1837/1919/1937
f 1818/1900/1918 1819/1901/1919 1839/1921/1939 1838/1920/1938
f 1819/1901/1919 1820/1902/1920 1840/1922/1940 1839/1921/1939
f 1820/1902/1920 1821/1903/1921 1841/1923/1941 1840/1922/1940
f 1821/1903/1921 1822/1904/1922 1842/1924/1942 1841/1923/1941
f 1822/1904/1922 1803/1886/1904 1823/1906/1924 1842/1924/1942
f 1823/1906/1924 1824/1905/1923 1844/1925/1943 1843/1926/1944
f 1824/1905/1923 1825/1907/1925 1845/1927/1945 1844/1925/1943
f 1825/1907/1925 1826/1908/1926 1846/1928/1946 1845/1927/1945
f 1826/1908/1926 1827/1909/1927 1847/1929/1947 1846/1928/1946
f 1827/1909/1927 1828/1910/1928 1848/1930/1948 1847/1929/1947
f 1828/1910/1928 1829/2123/1929 1849/2122/1949 1848/1930/1948
f 1829/1911/1929 1830/1912/1930 1850/1932/1950 1849/1931/1949
f 1830/1912/1930 1831/1913/1931 1851/1933/1951 1850/1932/1950
f 1831/1913/1931 1832/1914/1932 1852/1934/1952 1851/1933/1951
f 1832/1914/1932 1833/1915/1933 1853/1935/1953 1852/1934/1952
f 1833/1915/1933 1834/1916/1934 1854/1936/1954 1853/1935/1953
f 1834/1916/1934 1835/1917/1935 1855/1937/1955 1854/1936/1954
f 1835/1917/1935 1836/1918/1936 1856/1938/1956 1855/1937/1955
f 1836/1918/1936 1837/1919/1937 1857/1939/1957 1856/1938/1956
f 1837/1919/1937 1838/1920/1938 1858/1940/1958 1857/1939/1957
f 1838/1920/1938 1839/1921/1939 1859/1941/1959 1858/1940/1958
f 1839/1921/1939 1840/1922/1940 1860/1942/1960 1859/1941/1959
f 1840/1922/1940 1841/1923/1941 1861/1943/1961 1860/1942/1960
f 1841/1923/1941 1842/1924/1942 1862/1944/1962 1861/1943/1961
f 1842/1924/1942 1823/1906/1924 1843/1926/1944 1862/1944/1962
f 1843/1926/1944 1844/1925/1943 1864/1945/1963 1863/1946/1964
f 1844/1925/1943 1845/1927/1945 1865/1947/1965 1864/1945/1963
f 1845/1927/1945 1846/1928/1946 1866/1948/1966 1865/1947/1965
f 1846/1928/1946 1847/1929/1947 1867/1949/1967 1866/1948/1966
f 1847/1929/1947 1848/1930/1948 1868/1950/1968 1867/1949/1967
f 1848/1930/1948 1849/2122/1949 1869/2121/1969 1868/1950/1968
f 1849/1931/1949 1850/1932/1950 1870/1952/1970 1869/1951/1969
f 1850/1932/1950 1851/1933/1951 1871/1953/1971 1870/1952/1970
f 1851/1933/1951 1852/1934/1952 1872/1954/1972 1871/1953/1971
f 1852/1934/1952 1853/1935/1953 1873/1955/1973 1872/1954/1972
f 1853/1935/1953 1854/1936/1954 1874/1956/1974 1873/1955/1973
f 1854/1936/1954 1855/1937/1955 1875/1957/1975 1874/1956/1974
f 1855/1937/1955 1856/1938/1956 1876/1958/1976 1875/1957/1975
f 1856/1938/1956 1857/1939/1957 1877/1959/1977 1876/1958/1976
f 1857/1939/1957 1858/1940/1958 1878/1960/1978 1877/1959/1977
f 1858/1940/1958 1859/1941/1959 1879/1961/1979 1878/1960/1978
f 1859/1941/1959 1860/1942/1960 1880/1962/1980 1879/1961/1979
f 1860/1942/1960 1861/1943/1961 1881/1963/1981 1880/1962/1980
f 1861/1943/1961 1862/1944/1962 1882/1964/1982 1881/1963/1981
f 1862/1944/1962 1843/1926/1944 1863/1946/1964 1882/1964/1982
f 1863/1946/1964 1864/1945/1963 1884/1965/1983 1883/1966/1984
f 1864/1945/1963 1865/1947/1965 1885/1967/1985 1884/1965/1983
f 1865/1947/1965 1866/1948/1966 1886/1968/1986 1885/1967/1985
f 1866/1948/1966 1867/1949/1967 1887/1969/1987 1886/1968/1986
f 1867/1949/1967 1868/1950/1968 1888/1970/1988 1887/1969/1987
f 1868/1950/1968 1869/2121/1969 1889/2120/1989 1888/1970/1988
f 1869/1951/1969 1870/1952/1970 1890/1972/1990 1889/1971/1989
f 1870/1952/1970 1871/1953/1971 1891/1973/1991 1890/1972/1990
f 1871/1953/1971 1872/1954/1972 1892/1974/1992 1891/1973/1991
f 1872/1954/1972 1873/1955/1973 1893/1975/1993 1892/1974/1992
f 1873/1955/1973 1874/1956/1974 1894/1976/1994 1893/1975/1993
f 1874/1956/1974 1875/1957/1975 1895/1977/1995 1894/1976/1994
f 1875/1957/1975 1876/1958/1976 1896/1978/1996 1895/1977/1995
f 1876/1958/1976 1877/1959/1977 1897/1979/1997 1896/1978/1996
f 1877/1959/1977 1878/1960/1978 1898/1980/1998 1897/1979/1997
f 1878/1960/1978 1879/1961/1979 1899/1981/1999 1898/1980/1998
f 1879/1961/1979 1880/1962/1980 1900/1982/2000 1899/1981/1999
f 1880/1962/1980 1881/1963/1981 1901/1983/2001 1900/1982/2000
f 1881/1963/1981 1882/1964/1982 1902/1984/2002 1901/1983/2001
f 1882/1964/1982 1863/1946/1964 1883/1966/1984 1902/1984/2002
f 1883/1966/1984 1884/1965/1983 1904/1985/2003 1903/1986/2004
f 1884/1965/1983 1885/1967/1985 1905/1987/2005 1904/1985/2003
f 1885/1967/1985 1886/1968/1986 1906/1988/2006 1905/1987/2005
f 1886/1968/1986 1887/1969/1987 1907/1989/2007 1906/1988/2006
f 1887/1969/1987 1888/1970/1988 1908/1990/2008 1907/1989/2007
f 1888/1970/1988 1889/2120/1989 1909/2119/2009 1908/1990/2008
f 1889/1971/1989 1890/1972/1990 1910/1992/2010 1909/1991/2009
f 1890/1972/1990 1891/1973/1991 1911/1993/2011 1910/1992/2010
f 1891/1973/1991 1892/1974/1992 1912/1994/2012 1911/1993/2011
f 1892/1974/1992 1893/1975/1993 1913/1995/2013 1912/1994/2012
f 1893/1975/1993 1894/1976/1994 1914/1996/2014 1913/1995/2013
f 1894/1976/1994 1895/1977/1995 1915/1997/2015 1914/1996/2014
f 1895/1977/1995 1896/1978/1996 1916/1998/2016 1915/1997/2015
f 1896/1978/1996 1897/1979/1997 1917/1999/2017 1916/1998/2016
f 1897/1979/1997 1898/1980/1998 1918/2000/2018 1917/1999/2017
f 1898/1980/1998 1899/1981/1999 1919/2118/2019 1918/2000/2018
f 1899/1981/1999 1900/1982/2000 1920/2002/2020 1919/2001/2019
f 1900/1982/2000 1901/1983/2001 1921/2003/2021 1920/2002/2020
f 1901/1983/2001 1902/1984/2002 1922/2004/2022 1921/2003/2021
f 1902/1984/2002 1883/1966/1984 1903/1986/2004 1922/2004/2022
f 1903/1986/2004 1904/1985/2003 1924/2005/2023 1923/2006/2024
f 1904/1985/2003 1905/1987/2005 1925/2007/2025 1924/2005/2023
f 1905/1987/2005 1906/1988/2006 1926/2008/2026 1925/2007/2025
f 1906/1988/2006 1907/1989/2007 1927/2009/2027 1926/2008/2026
f 1907/1989/2007 1908/1990/2008 1928/2010/2028 1927/2009/2027
f 1908/1990/2008 1909/2119/2009 1929/2117/2029 1928/2010/2028
f 1909/1991/2009 1910/1992/2010 1930/2012/2030 1929/2011/2029
f 1910/1992/2010 1911/1993/2011 1931/2013/2031 1930/2012/2030
f 1911/1993/2011 1912/1994/2012 1932/2014/2032 1931/2013/2031
f 1912/1994/2012 1913/1995/2013 1933/2015/2033 1932/2014/2032
f 1913/1995/2013 1914/1996/2014 1934/2016/2034 1933/2015/2033
f 1914/1996/2014 1915/1997/2015 1935/2017/2035 1934/2016/2034
f 1915/1997/2015 1916/1998/2016 1936/2018/2036 1935/2017/2035
f 1916/1998/2016 1917/1999/2017 1937/2019/2037 1936/2018/2036
f 1917/1999/2017 1918/2000/2018 1938/2020/2038 1937/2019/2037
f 1918/2000/2018 1919/2118/2019 1939/2116/2039 1938/2020/2038
f 1919/2001/2019 1920/2002/2020 1940/2022/2040 1939/2021/2039
f 1920/2002/2020 1921/2003/2021 1941/2023/2041 1940/2022/2040
f 1921/2003/2021 1922/2004/2022 1942/2024/2042 1941/2023/2041
f 1922/2004/2022 1903/1986/2004 1923/2006/2024 1942/2024/2042
f 1923/2006/2024 1924/2005/2023 1944/2025/2043 1943/2026/2044
f 1924/2005/2023 1925/2007/2025 1945/2027/2045 1944/2025/2043
f 1925/2007/2025 1926/2008/2026 1946/2028/2046 1945/2027/2045
f 1926/2008/2026 1927/2009/2027 1947/2029/2047 1946/2028/2046
f 1927/2009/2027 1928/2010/2028 1948/2030/2048 1947/2029/2047
f 1928/2010/2028 1929/2117/2029 1949/2115/2049 1948/2030/2048
f 1929/2011/2029 1930/2012/2030 1950/2032/2050 1949/2031/2049
f 1930/2012/2030 1931/2013/2031 1951/2033/2051 1950/2032/2050
f 1931/2013/2031 1932/2014/2032 1952/2034/2052 1951/2033/2051
f 1932/2014/2032 1933/2015/2033 1953/2035/2053 1952/2034/2052
f 1933/2015/2033 1934/2016/2034 1954/2036/2054 1953/2035/2053
f 1934/2016/2034 1935/2017/2035 1955/2037/2055 1954/2036/2054
f 1935/2017/2035 1936/2018/2036 1956/2038/2056 1955/2037/2055
f 1936/2018/2036 1937/2019/2037 1957/2039/2057 1956/2038/2056
f 1937/2019/2037 1938/2020/2038 1958/2040/2058 1957/2039/2057
f 1938/2020/2038 1939/2116/2039 1959/2114/2059 1958/2040/2058
f 1939/2021/2039 1940/2022/2040 1960/2042/2060 1959/2041/2059
f 1940/2022/2040 1941/2023/2041 1961/2043/2061 1960/2042/2060
f 1941/2023/2041 1942/2024/2042 1962/2044/2062 1961/2043/2061
f 1942/2024/2042 1923/2006/2024 1943/2026/2044 1962/2044/2062
f 1943/2026/2044 1944/2025/2043 1964/2045/2063 1963/2046/2064
f 1944/2025/2043 1945/2027/2045 1965/2047/2065 1964/2045/2063
f 1945/2027/2045 1946/2028/2046 1966/2048/2066 1965/2047/2065
f 1946/2028/2046 1947/2029/2047 1967/2049/2067 1966/2048/2066
f 1947/2029/2047 1948/2030/2048 1968/2050/2068 1967/2049/2067
f 1948/2030/2048 1949/2115/2049 1969/2113/2069 1968/2050/2068
f 1949/2031/2049 1950/2032/2050 1970/2052/2070 1969/2051/2069
f 1950/2032/2050 1951/2033/2051 1971/2053/2071 1970/2052/2070
f 1951/2033/2051 1952/2034/2052 1972/2054/2072 1971/2053/2071
f 1952/2034/2052 1953/2035/2053 1973/2055/2073 1972/2054/2072
f 1953/2035/2053 1954/2036/2054 1974/2056/2074 1973/2055/2073
f 1954/2036/2054 1955/2037/2055 1975/2057/2075 1974/2056/2074
f 1955/2037/2055 1956/2038/2056 1976/2058/2076 1975/2057/2075
f 1956/2038/2056 1957/2039/2057 1977/2059/2077 1976/2058/2076
f 1957/2039/2057 1958/2040/2058 1978/2060/2078 1977/2059/2077
f 1958/2040/2058 1959/2114/2059 1979/2112/2079 1978/2060/2078
f 1959/2041/2059 1960/2042/2060 1980/2062/2080 1979/2061/2079
f 1960/2042/2060 1961/2043/2061 1981/2063/2081 1980/2062/2080
f 1961/2043/2061 1962/2044/2062 1982/2064/2082 1981/2063/2081
f 1962/2044/2062 1943/2026/2044 1963/2046/2064 1982/2064/2082
f 1963/2046/2064 1964/2045/2063 1984/2065/2083 1983/2066/2084
f 1964/2045/2063 1965/2047/2065 1985/2067/2085 1984/2065/2083
f 1965/2047/2065 1966/2048/2066 1986/2068/2086 1985/2067/2085
f 1966/2048/2066 1967/2049/2067 1987/2069/2087 1986/2068/2086
f 1967/2049/2067 1968/2050/2068 1988/2070/2088 1987/2069/2087
f 1968/2050/2068 1969/2113/2069 1989/2111/2089 1988/2070/2088
f 1969/2051/2069 1970/2052/2070 1990/2072/2090 1989/2071/2089
f 1970/2052/2070 1971/2053/2071 1991/2073/2091 1990/2072/2090
f 1971/2053/2071 1972/2054/2072 1992/2074/2092 1991/2073/2091
f 1972/2054/2072 1973/2055/2073 1993/2075/2093 1992/2074/2092
f 1973/2055/2073 1974/2056/2074 1994/2076/2094 1993/2075/2093
f 1974/2056/2074 1975/2057/2075 1995/2077/2095 1994/2076/2094
f 1975/2057/2075 1976/2058/2076 1996/2078/2096 1995/2077/2095
f 1976/2058/2076 1977/2059/2077 1997/2079/2097 1996/2078/2096
f 1977/2059/2077 1978/2060/2078 1998/2080/2098 1997/2079/2097
f 1978/2060/2078 1979/2112/2079 1999/2110/2099 1998/2080/2098
f 1979/2061/2079 1980/2062/2080 2000/2082/2100 1999/2081/2099
f 1980/2062/2080 1981/2063/2081 2001/2083/2101 2000/2082/2100
f 1981/2063/2081 1982/2064/2082 2002/2084/2102 2001/2083/2101
f 1982/2064/2082 1963/2046/2064 1983/2066/2084 2002/2084/2102
f 1983/2066/2084 1984/2065/2083 2004/2085/2103 2003/2086/2104
f 1984/2065/2083 1985/2067/2085 2005/2087/2105 2004/2085/2103
f 1985/2067/2085 1986/2068/2086 2006/2088/2106 2005/2087/2105
f 1986/2068/2086 1987/2069/2087 2007/2089/2107 2006/2088/2106
f 1987/2069/2087 1988/2070/2088 2008/2090/2108 2007/2089/2107
f 1988/2070/2088 1989/2111/2089 2009/2109/2109 2008/2090/2108
f 1989/2071/2089 1990/2072/2090 2010/2092/2110 2009/2091/2109
f 1990/2072/2090 1991/2073/2091 2011/2093/2111 2010/2092/2110
f 1991/2073/2091 1992/2074/2092 2012/2094/2112 2011/2093/2111
f 1992/2074/2092 1993/2075/2093 2013/2095/2113 2012/2094/2112
f 1993/2075/2093 1994/2076/2094 2014/2096/2114 2013/2095/2113
f 1994/2076/2094 1995/2077/2095 2015/2097/2115 2014/2096/2114
f 1995/2077/2095 1996/2078/2096 2016/2098/2116 2015/2097/2115
f 1996/2078/2096 1997/2079/2097 2017/2099/2117 2016/2098/2116
f 1997/2079/2097 1998/2080/2098 2018/2100/2118 2017/2099/2117
f 1998/2080/2098 1999/2110/2099 2019/2107/2119 2018/2100/2118
f 1999/2081/2099 2000/2082/2100 2020/2102/2120 2019/2101/2119
f 2000/2082/2100 2001/2083/2101 2021/2103/2121 2020/2102/2120
f 2001/2083/2101 2002/2084/2102 2022/2104/2122 2021/2103/2121
f 2002/2084/2102 1983/2066/2084 2003/2086/2104 2022/2104/2122
f 1644/1726/1744 1643/1725/1743 2023/2105/2123
f 1645/1729/1747 1644/1726/1744 2023/2105/2123
f 1646/1731/1749 1645/1729/1747 2023/2105/2123
f 1647/1733/1751 1646/1731/1749 2023/2105/2123
f 1648/1735/1753 1647/1733/1751 2023/2105/2123
f 1649/1737/1755 1648/1735/1753 2023/2105/2123
f 1650/1739/1757 1649/1737/1755 2023/2105/2123
f 1651/1741/1759 1650/1739/1757 2023/2105/2123
f 1652/1743/1761 1651/1741/1759 2023/2105/2123
f 1653/1745/1763 1652/1743/1761 2023/2105/2123
f 1654/1747/1765 1653/1745/1763 2023/2105/2123
f 1655/1749/1767 1654/1747/1765 2023/2105/2123
f 1656/1751/1769 1655/1749/1767 2023/2105/2123
f 1657/1753/1771 1656/1751/1769 2023/2105/2123
f 1658/1755/1773 1657/1753/1771 2023/2105/2123
f 1659/1757/1775 1658/1755/1773 2023/2105/2123
f 1660/1759/1777 1659/1757/1775 2023/2105/2123
f 1661/1761/1779 1660/1759/1777 2023/2105/2123
f 1662/1763/1781 1661/1761/1779 2023/2105/2123
f 1643/1725/1743 1662/1763/1781 2023/2105/2123
f 2003/2086/2104 2004/2085/2103 2024/2106/2124
f 2004/2085/2103 2005/2087/2105 2024/2106/2124
f 2005/2087/2105 2006/2088/2106 2024/2106/2124
f 2006/2088/2106 2007/2089/2107 2024/2106/2124
f 2007/2089/2107 2008/2090/2108 2024/2106/2124
f 2008/2090/2108 2009/2109/2109 2024/2106/2124
f 2009/2091/2109 2010/2092/2110 2024/2108/2124
f 2010/2092/2110 2011/2093/2111 2024/2108/2124
f 2011/2093/2111 2012/2094/2112 2024/2108/2124
f 2012/2094/2112 2013/2095/2113 2024/2108/2124
f 2013/2095/2113 2014/2096/2114 2024/2108/2124
f 2014/2096/2114 2015/2097/2115 2024/2108/2124
f 2015/2097/2115 2016/2098/2116 2024/2108/2124
f 2016/2098/2116 2017/2099/2117 2024/2108/2124
f 2017/2099/2117 2018/2100/2118 2024/2108/2124
f 2018/2100/2118 2019/2107/2119 2024/2108/2124
f 2019/2101/2119 2020/2102/2120 2024/2106/2124
f 2020/2102/2120 2021/2103/2121 2024/2106/2124
f 2021/2103/2121 2022/2104/2122 2024/2106/2124
f 2022/2104/2122 2003/2086/2104 2024/2106/2124
g default
v -3.318563 6.156530 4.901124
v -1.315407 6.156530 4.901124
v -2.316985 7.765597 0.659243
v -2.316985 5.629774 5.426632
v -1.028228 7.851459 2.282701
v -3.605742 7.851458 2.282701
v -2.316985 7.634970 2.994575
v -3.412820 6.665695 4.310247
v -3.061049 5.770918 5.285823
v -2.316985 6.156530 4.901124
v -2.961364 7.743214 2.638638
v -3.013921 6.419908 4.638369
v -1.572921 5.770918 5.285823
v -1.221150 6.665694 4.310247
v -1.672607 7.743215 2.638638
v -1.620049 6.419909 4.638369
v -1.572921 7.774359 0.858422
v -3.061049 7.774359 0.858422
v -2.316985 7.798298 1.402588
v -3.283553 7.797337 2.460670
v -3.754407 7.700312 2.657940
v -3.213370 6.551598 4.506992
v -2.961364 7.495907 2.984381
v -3.333396 7.594627 2.826723
v -3.388847 6.410618 4.647639
v -3.206757 5.938341 5.118797
v -3.037485 6.095413 4.962096
v -3.201588 6.257661 4.800233
v -2.891369 5.665672 5.390820
v -2.316985 5.893152 5.163878
v -2.861600 6.288220 4.769747
v -2.873382 5.994283 5.062987
v -2.316985 7.298466 3.299698
v -2.639174 7.689092 2.816607
v -2.639174 7.397187 3.142039
v -1.742601 5.665672 5.390820
v -1.596485 6.095413 4.962096
v -1.772370 6.288220 4.769747
v -1.760588 5.994283 5.062987
v -1.427213 5.938341 5.118797
v -1.245123 6.410618 4.647639
v -1.420600 6.551598 4.506992
v -1.432382 6.257661 4.800233
v -0.879563 7.700312 2.657940
v -1.350417 7.797337 2.460670
v -1.672607 7.495907 2.984381
v -1.300574 7.594628 2.826722
v -1.994796 7.689092 2.816606
v -1.994796 7.397187 3.142039
v -1.264719 7.813927 1.757828
v -1.944953 7.786329 1.130505
v -1.994796 7.835647 2.251568
v -1.647685 7.825574 2.022608
v -1.931829 7.767826 0.709900
v -2.702141 7.767826 0.709900
v -2.689017 7.786329 1.130505
v -2.316985 7.778154 0.944669
v -3.369251 7.813927 1.757828
v -2.639174 7.835647 2.251568
v -2.986285 7.825575 2.022609
v -2.316985 7.843822 2.437405
v -2.961364 7.596986 3.047673
v -2.961364 7.857314 2.673338
v -3.283553 7.911437 2.495369
v -3.333396 7.695706 2.890014
v -3.605742 7.965559 2.317401
v -3.754407 7.801392 2.721233
v -3.412820 6.766773 4.373540
v -3.213370 6.635827 4.591421
v -3.013921 6.504137 4.722799
v -3.388847 6.494847 4.732067
v -3.201588 6.341890 4.884662
v -3.318563 6.240760 4.985553
v -3.206757 6.022569 5.203226
v -3.061049 5.855148 5.370252
v -3.037485 6.179642 5.046525
v -2.891369 5.749901 5.475249
v -2.873382 6.078512 5.147416
v -2.316985 5.714004 5.511062
v -2.316985 5.977382 5.248307
v -2.316985 6.240760 4.985553
v -2.861600 6.372449 4.854176
v -2.316985 7.399544 3.362990
v -2.639174 7.498266 3.205332
v -2.316985 7.749070 3.029274
v -2.639174 7.803192 2.851306
v -1.772370 6.372449 4.854176
v -1.760588 6.078512 5.147416
v -1.742601 5.749901 5.475249
v -1.572921 5.855148 5.370252
v -1.596485 6.179642 5.046525
v -1.620049 6.504138 4.722799
v -1.427213 6.022569 5.203226
v -1.432382 6.341890 4.884662
v -1.315407 6.240760 4.985553
v -1.245123 6.494847 4.732067
v -1.221150 6.766774 4.373539
v -1.420600 6.635827 4.591421
v -0.879563 7.801392 2.721232
v -1.300574 7.695706 2.890014
v -1.028228 7.965559 2.317400
v -1.350417 7.911437 2.495369
v -1.672607 7.857314 2.673337
v -1.672607 7.596986 3.047673
v -1.994796 7.803192 2.851306
v -1.994796 7.498266 3.205332
v -1.994796 7.954792 2.246327
v -1.647685 7.944719 2.017367
v -1.264719 7.933071 1.752587
v -1.572921 7.893504 0.853180
v -1.944953 7.905474 1.125264
v -2.316985 7.917443 1.397347
v -1.931829 7.886970 0.704660
v -2.316985 7.897299 0.939427
v -2.316985 7.884742 0.654002
v -2.702141 7.886970 0.704660
v -3.061049 7.893504 0.853180
v -2.689017 7.905474 1.125264
v -3.369251 7.933070 1.752587
v -2.986285 7.944719 2.017367
v -2.639174 7.954792 2.246327
v -2.316985 7.962967 2.432164
vt 0.594826 0.034429
vt 0.595268 0.039940
vt 0.592370 0.042560
vt 0.591079 0.036900
vt 0.589392 0.045225
vt 0.644159 0.039893
vt 0.639990 0.016802
vt 0.594529 0.013212
vt 0.596964 0.011338
vt 0.639126 0.011508
vt 0.595616 0.008461
vt 0.637470 0.007356
vt 0.635260 0.003904
vt 0.632647 0.001485
vt 0.598010 0.006166
vt 0.629860 0.000276
vt 0.600243 0.004932
vt 0.622760 0.000970
vt 0.606818 0.004802
vt 0.605096 0.008627
vt 0.598962 0.009497
vt 0.601373 0.029884
vt 0.598068 0.032064
vt 0.601151 0.035040
vt 0.598201 0.037390
vt 0.609953 0.012041
vt 0.611763 0.008072
vt 0.615564 0.003997
vt 0.615261 0.006441
vt 0.612547 0.010037
vt 0.611113 0.014226
vt 0.615059 0.008975
vt 0.613369 0.012596
vt 0.614910 0.011797
vt 0.614757 0.014883
vt 0.614558 0.018928
vt 0.612860 0.016320
vt 0.614214 0.036191
vt 0.610626 0.034802
vt 0.614139 0.039461
vt 0.610771 0.038775
vt 0.607496 0.037767
vt 0.607266 0.033351
vt 0.604325 0.036493
vt 0.604325 0.031697
vt 0.605611 0.042665
vt 0.609560 0.043568
vt 0.614294 0.044085
vt 0.614793 0.051225
vt 0.611110 0.051976
vt 0.606795 0.052002
vt 0.614908 0.054009
vt 0.611124 0.055798
vt 0.615257 0.057211
vt 0.621207 0.059918
vt 0.626881 0.060293
vt 0.605972 0.056421
vt 0.636563 0.052032
vt 0.597091 0.048046
vt 0.599577 0.044482
vt 0.602138 0.041674
vt 0.635043 0.034803
vt 0.638683 0.037344
vt 0.637522 0.042389
vt 0.634578 0.039730
vt 0.642915 0.039982
vt 0.640631 0.045071
vt 0.636470 0.014453
vt 0.638746 0.016993
vt 0.634115 0.012574
vt 0.635529 0.009737
vt 0.637943 0.011943
vt 0.634306 0.004713
vt 0.636354 0.007927
vt 0.633236 0.007484
vt 0.632001 0.002545
vt 0.631083 0.006288
vt 0.629752 0.001498
vt 0.624726 0.005906
vt 0.623210 0.002161
vt 0.632203 0.010755
vt 0.626120 0.009740
vt 0.631865 0.032412
vt 0.628597 0.030218
vt 0.631615 0.037195
vt 0.628633 0.034889
vt 0.620965 0.012707
vt 0.619622 0.008800
vt 0.616898 0.004702
vt 0.618575 0.010528
vt 0.616405 0.006629
vt 0.619636 0.014725
vt 0.617495 0.012903
vt 0.616215 0.009077
vt 0.615910 0.015030
vt 0.616055 0.011881
vt 0.617742 0.016659
vt 0.615867 0.018924
vt 0.618968 0.034911
vt 0.615300 0.036266
vt 0.618745 0.038661
vt 0.615250 0.039516
vt 0.622429 0.033488
vt 0.622112 0.037534
vt 0.625493 0.031908
vt 0.625378 0.036262
vt 0.624258 0.041862
vt 0.620274 0.042947
vt 0.615591 0.043992
vt 0.619532 0.051214
vt 0.615753 0.051125
vt 0.623839 0.050752
vt 0.620301 0.054727
vt 0.616115 0.053825
vt 0.621739 0.058771
vt 0.616993 0.056605
vt 0.625101 0.054914
vt 0.626495 0.059159
vt 0.633164 0.046942
vt 0.635708 0.051128
vt 0.630485 0.043519
vt 0.627773 0.040859
vt 0.594671 0.052312
vt 0.641830 0.045525
vt 0.604758 0.060942
vt 0.609937 0.059934
vt 0.608536 0.001226
vt 0.601713 0.000001
vt 0.599309 0.001163
vt 0.596918 0.003424
vt 0.594787 0.006675
vt 0.593107 0.010676
vt 0.592113 0.016005
vt 0.586652 0.039480
vn 0.027246 0.833337 0.552093
vn -0.060676 0.935705 0.347526
vn -0.001410 0.969163 0.246418
vn 0.004697 0.853372 0.521281
vn 0.026242 0.982799 0.182802
vn -0.006669 0.869416 0.494036
vn -0.009503 0.844989 0.534699
vn 0.038390 0.831614 0.554026
vn 0.056404 0.818480 0.571760
vn -0.068001 0.745782 0.662711
vn -0.009759 0.712297 0.701811
vn 0.000000 0.706268 0.707944
vn 0.000001 0.706268 0.707945
vn -0.000000 0.706268 0.707944
vn -0.000000 0.706268 0.707945
vn -0.000000 0.706268 0.707944
vn -0.000001 0.706268 0.707945
vn 0.000000 0.706268 0.707944
vn 0.000000 0.706268 0.707944
vn 0.000000 0.790694 0.612212
vn 0.027575 0.801526 0.597324
vn 0.000000 0.812052 0.583585
vn 0.003376 0.810360 0.585923
vn 0.000000 0.830540 0.556958
vn -0.086652 0.891157 0.445343
vn -0.027575 0.801526 0.597324
vn 0.000001 0.706268 0.707944
vn 0.000000 0.706268 0.707944
vn 0.000001 0.706268 0.707944
vn 0.000000 0.706268 0.707945
vn -0.056404 0.818480 0.571759
vn -0.000001 0.706268 0.707945
vn 0.009759 0.712296 0.701811
vn 0.000000 0.706268 0.707945
vn 0.068000 0.745782 0.662711
vn 0.009503 0.844989 0.534699
vn -0.038390 0.831614 0.554026
vn 0.006669 0.869416 0.494036
vn -0.004698 0.853372 0.521281
vn -0.026243 0.982799 0.182802
vn 0.001410 0.969163 0.246418
vn 0.060676 0.935705 0.347526
vn -0.027246 0.833337 0.552093
vn 0.086652 0.891157 0.445342
vn -0.003376 0.810360 0.585923
vn 0.016034 0.998903 0.043991
vn -0.006371 0.999979 -0.000750
vn -0.013528 0.999628 -0.023664
vn 0.000001 0.999034 -0.043950
vn 0.000000 0.999034 -0.043950
vn -0.000000 0.999034 -0.043949
vn 0.000000 0.999034 -0.043950
vn 0.000000 0.999034 -0.043950
vn 0.000000 0.999034 -0.043951
vn -0.000000 0.999034 -0.043950
vn -0.000001 0.999034 -0.043950
vn -0.000000 0.999034 -0.043950
vn 0.013528 0.999628 -0.023663
vn 0.006371 0.999979 -0.000750
vn -0.016034 0.998903 0.043991
vn 0.000000 0.991588 0.129433
vn -0.027962 -0.832465 -0.553372
vn -0.002320 -0.852720 -0.522362
vn 0.000562 -0.969596 -0.244712
vn 0.064216 -0.933523 -0.352720
vn 0.010030 -0.868250 -0.496025
vn -0.028171 -0.982868 -0.182146
vn -0.037891 -0.832644 -0.552510
vn 0.014256 -0.844828 -0.534848
vn -0.057058 -0.818872 -0.571132
vn 0.009309 -0.712021 -0.702096
vn 0.066389 -0.744911 -0.663852
vn 0.000000 -0.706267 -0.707945
vn 0.000000 -0.706267 -0.707945
vn 0.000001 -0.706268 -0.707945
vn 0.000001 -0.706268 -0.707945
vn 0.000000 -0.706268 -0.707945
vn 0.000000 -0.706268 -0.707945
vn -0.000000 -0.706268 -0.707945
vn 0.000000 -0.706268 -0.707945
vn -0.027887 -0.801730 -0.597035
vn -0.000000 -0.790779 -0.612102
vn -0.003457 -0.809149 -0.587594
vn -0.000000 -0.811769 -0.583979
vn 0.093252 -0.884449 -0.457224
vn -0.000000 -0.819662 -0.572848
vn 0.027887 -0.801730 -0.597035
vn 0.000000 -0.706268 -0.707945
vn 0.000000 -0.706268 -0.707945
vn -0.000001 -0.706268 -0.707945
vn -0.000001 -0.706268 -0.707945
vn 0.057059 -0.818872 -0.571132
vn -0.009309 -0.712021 -0.702096
vn -0.000000 -0.706267 -0.707945
vn -0.066390 -0.744912 -0.663851
vn 0.000000 -0.706267 -0.707946
vn 0.037890 -0.832644 -0.552511
vn -0.014259 -0.844828 -0.534848
vn 0.002319 -0.852720 -0.522363
vn -0.010032 -0.868250 -0.496026
vn -0.000561 -0.969596 -0.244712
vn 0.028172 -0.982868 -0.182146
vn 0.027963 -0.832465 -0.553372
vn -0.064216 -0.933523 -0.352720
vn 0.003457 -0.809149 -0.587594
vn -0.093252 -0.884449 -0.457224
vn -0.016593 -0.998956 -0.042560
vn 0.006564 -0.999974 0.003131
vn 0.014298 -0.999558 0.026064
vn 0.000000 -0.999034 0.043950
vn 0.000000 -0.999034 0.043950
vn -0.000000 -0.999034 0.043949
vn 0.000000 -0.999034 0.043949
vn -0.000001 -0.999034 0.043950
vn 0.000001 -0.999034 0.043950
vn 0.000000 -0.999034 0.043950
vn -0.000000 -0.999034 0.043950
vn 0.000000 -0.999034 0.043950
vn -0.006564 -0.999974 0.003131
vn -0.014297 -0.999558 0.026064
vn 0.016593 -0.998956 -0.042560
vn 0.000000 -0.991423 -0.130695
vn -0.927983 0.085764 -0.362618
vn -0.942649 0.138334 -0.303770
vn -0.942649 0.138334 -0.303770
vn -0.930219 0.092602 -0.355129
vn -0.984994 -0.091594 0.146278
vn -0.988603 -0.080887 0.126973
vn -0.988303 -0.081837 0.128685
vn -0.984994 -0.091594 0.146278
vn -0.993378 -0.078818 0.083594
vn -0.992662 -0.083289 0.087669
vn -0.964709 -0.186416 0.185975
vn -0.964709 -0.186415 0.185975
vn -0.904058 -0.302582 0.301866
vn -0.904058 -0.302583 0.301866
vn -0.773700 -0.448519 0.447459
vn -0.773700 -0.448519 0.447458
vn -0.658992 -0.532479 0.531221
vn -0.658992 -0.532479 0.531221
vn -0.087938 -0.705202 0.703532
vn 0.000000 -0.707945 0.706268
vn 0.000000 -0.707945 0.706268
vn -0.087938 -0.705202 0.703532
vn 0.087938 -0.705202 0.703532
vn 0.087938 -0.705202 0.703532
vn 0.658991 -0.532480 0.531221
vn 0.773699 -0.448520 0.447459
vn 0.773700 -0.448519 0.447458
vn 0.658991 -0.532480 0.531221
vn 0.904058 -0.302582 0.301866
vn 0.904058 -0.302583 0.301866
vn 0.964708 -0.186416 0.185975
vn 0.964708 -0.186416 0.185975
vn 0.993378 -0.078817 0.083594
vn 0.992662 -0.083288 0.087669
vn 0.988603 -0.080886 0.126973
vn 0.988303 -0.081836 0.128685
vn 0.984994 -0.091594 0.146278
vn 0.984994 -0.091594 0.146278
vn 0.942649 0.138335 -0.303770
vn 0.927983 0.085764 -0.362618
vn 0.930219 0.092603 -0.355129
vn 0.942649 0.138335 -0.303770
vn 0.935662 0.010011 -0.352756
vn 0.935494 0.010376 -0.353191
vn 0.946096 -0.014235 -0.323575
vn 0.946096 -0.014235 -0.323575
vn 0.382683 -0.040602 -0.922987
vn 0.258819 -0.042450 -0.964993
vn 0.258819 -0.042450 -0.964993
vn 0.382683 -0.040602 -0.922987
vn -0.000000 -0.043947 -0.999034
vn -0.000000 -0.043947 -0.999034
vn -0.258819 -0.042450 -0.964992
vn -0.258820 -0.042450 -0.964992
vn -0.382684 -0.040602 -0.922987
vn -0.382684 -0.040602 -0.922987
vn -0.946096 -0.014234 -0.323574
vn -0.935662 0.010012 -0.352756
vn -0.935494 0.010377 -0.353191
vn -0.946096 -0.014234 -0.323574
s 1
g pDisc1
usemtl initialShadingGroup
f 2086/2126/2125 2087/2127/2126 2088/2128/2127 2089/2129/2128
f 2088/2128/2127 2090/2130/2129 2091/2259/2130 2089/2129/2128
f 2091/2259/2130 2092/2258/2131 2093/2133/2132 2089/2129/2128
f 2093/2133/2132 2094/2134/2133 2086/2126/2125 2089/2129/2128
f 2093/2133/2132 2092/2258/2131 2095/2257/2134 2096/2136/2135
f 2095/2257/2134 2097/2256/2136 2098/2255/2137 2096/2136/2135
f 2098/2255/2137 2099/2254/2138 2100/2140/2139 2096/2136/2135
f 2100/2140/2139 2094/2134/2133 2093/2133/2132 2096/2136/2135
f 2100/2140/2139 2099/2254/2138 2101/2253/2140 2102/2142/2141
f 2101/2253/2140 2103/2252/2142 2104/2144/2143 2102/2142/2141
f 2104/2144/2143 2105/2145/2144 2106/2146/2145 2102/2142/2141
f 2106/2146/2145 2094/2134/2133 2100/2140/2139 2102/2142/2141
f 2106/2146/2145 2105/2145/2144 2107/2147/2146 2108/2148/2147
f 2107/2147/2146 2109/2149/2148 2110/2150/2149 2108/2148/2147
f 2110/2150/2149 2087/2127/2126 2086/2126/2125 2108/2148/2147
f 2086/2126/2125 2094/2134/2133 2106/2146/2145 2108/2148/2147
f 2111/2151/2150 2105/2145/2144 2104/2144/2143 2112/2152/2151
f 2104/2144/2143 2103/2252/2142 2113/2153/2152 2112/2152/2151
f 2113/2153/2152 2114/2154/2153 2115/2155/2154 2112/2152/2151
f 2115/2155/2154 2116/2156/2155 2111/2151/2150 2112/2152/2151
f 2115/2155/2154 2114/2154/2153 2117/2157/2156 2118/2158/2157
f 2117/2157/2156 2119/2159/2158 2120/2160/2159 2118/2158/2157
f 2120/2160/2159 2121/2161/2160 2122/2162/2161 2118/2158/2157
f 2122/2162/2161 2116/2156/2155 2115/2155/2154 2118/2158/2157
f 2122/2162/2161 2121/2161/2160 2123/2163/2162 2124/2164/2163
f 2123/2163/2162 2125/2165/2164 2126/2166/2165 2124/2164/2163
f 2126/2166/2165 2127/2167/2166 2128/2168/2167 2124/2164/2163
f 2128/2168/2167 2116/2156/2155 2122/2162/2161 2124/2164/2163
f 2128/2168/2167 2127/2167/2166 2129/2169/2168 2130/2170/2169
f 2129/2169/2168 2109/2149/2148 2107/2147/2146 2130/2170/2169
f 2107/2147/2146 2105/2145/2144 2111/2151/2150 2130/2170/2169
f 2111/2151/2150 2116/2156/2155 2128/2168/2167 2130/2170/2169
f 2131/2171/2170 2127/2167/2166 2126/2166/2165 2132/2172/2171
f 2126/2166/2165 2125/2165/2164 2133/2173/2172 2132/2172/2171
f 2133/2173/2172 2134/2174/2173 2135/2175/2174 2132/2172/2171
f 2135/2175/2174 2136/2176/2175 2131/2171/2170 2132/2172/2171
f 2135/2175/2174 2134/2174/2173 2137/2177/2176 2138/2178/2177
f 2137/2177/2176 2139/2179/2178 2140/2251/2179 2138/2178/2177
f 2140/2251/2179 2141/2250/2180 2142/2182/2181 2138/2178/2177
f 2142/2182/2181 2136/2176/2175 2135/2175/2174 2138/2178/2177
f 2142/2182/2181 2141/2250/2180 2143/2248/2182 2144/2184/2183
f 2143/2248/2182 2090/2130/2129 2088/2128/2127 2144/2184/2183
f 2088/2128/2127 2087/2127/2126 2145/2185/2184 2144/2184/2183
f 2145/2185/2184 2136/2176/2175 2142/2182/2181 2144/2184/2183
f 2145/2185/2184 2087/2127/2126 2110/2150/2149 2146/2186/2185
f 2110/2150/2149 2109/2149/2148 2129/2169/2168 2146/2186/2185
f 2129/2169/2168 2127/2167/2166 2131/2171/2170 2146/2186/2185
f 2131/2171/2170 2136/2176/2175 2145/2185/2184 2146/2186/2185
s 2
f 2047/2187/2186 2048/2188/2187 2044/2189/2188 2035/2190/2189
f 2044/2189/2188 2048/2188/2187 2045/2191/2190 2030/2192/2191
f 2045/2191/2190 2048/2188/2187 2046/2193/2192 2032/2194/2193
f 2046/2193/2192 2048/2188/2187 2047/2187/2186 2036/2195/2194
f 2046/2193/2192 2052/2196/2195 2049/2197/2196 2032/2194/2193
f 2049/2197/2196 2052/2196/2195 2050/2198/2197 2025/2199/2198
f 2050/2198/2197 2052/2196/2195 2051/2200/2199 2033/2201/2200
f 2051/2200/2199 2052/2196/2195 2046/2193/2192 2036/2195/2194
f 2051/2200/2199 2056/2202/2201 2053/2203/2202 2033/2201/2200
f 2053/2203/2202 2056/2202/2201 2054/2204/2203 2028/2205/2204
f 2054/2204/2203 2056/2202/2201 2055/2206/2205 2034/2207/2206
f 2055/2206/2205 2056/2202/2201 2051/2200/2199 2036/2195/2194
f 2055/2206/2205 2059/2208/2207 2057/2209/2208 2034/2207/2206
f 2057/2209/2208 2059/2208/2207 2058/2210/2209 2031/2211/2210
f 2058/2210/2209 2059/2208/2207 2047/2187/2186 2035/2190/2189
f 2047/2187/2186 2059/2208/2207 2055/2206/2205 2036/2195/2194
f 2062/2212/2211 2063/2213/2212 2054/2204/2203 2034/2207/2206
f 2054/2204/2203 2063/2213/2212 2060/2214/2213 2028/2205/2204
f 2060/2214/2213 2063/2213/2212 2061/2215/2214 2037/2216/2215
f 2061/2215/2214 2063/2213/2212 2062/2212/2211 2040/2217/2216
f 2061/2215/2214 2067/2218/2217 2064/2219/2218 2037/2216/2215
f 2064/2219/2218 2067/2218/2217 2065/2220/2219 2026/2221/2220
f 2065/2220/2219 2067/2218/2217 2066/2222/2221 2038/2223/2222
f 2066/2222/2221 2067/2218/2217 2061/2215/2214 2040/2217/2216
f 2066/2222/2221 2071/2224/2223 2068/2225/2224 2038/2223/2222
f 2068/2225/2224 2071/2224/2223 2069/2226/2225 2029/2227/2226
f 2069/2226/2225 2071/2224/2223 2070/2228/2227 2039/2229/2228
f 2070/2228/2227 2071/2224/2223 2066/2222/2221 2040/2217/2216
f 2070/2228/2227 2073/2230/2229 2072/2231/2230 2039/2229/2228
f 2072/2231/2230 2073/2230/2229 2057/2209/2208 2031/2211/2210
f 2057/2209/2208 2073/2230/2229 2062/2212/2211 2034/2207/2206
f 2062/2212/2211 2073/2230/2229 2070/2228/2227 2040/2217/2216
f 2076/2232/2231 2077/2233/2232 2069/2226/2225 2039/2229/2228
f 2069/2226/2225 2077/2233/2232 2074/2234/2233 2029/2227/2226
f 2074/2234/2233 2077/2233/2232 2075/2235/2234 2041/2236/2235
f 2075/2235/2234 2077/2233/2232 2076/2232/2231 2043/2237/2236
f 2075/2235/2234 2081/2238/2237 2078/2239/2238 2041/2236/2235
f 2078/2239/2238 2081/2238/2237 2079/2240/2239 2027/2241/2240
f 2079/2240/2239 2081/2238/2237 2080/2242/2241 2042/2243/2242
f 2080/2242/2241 2081/2238/2237 2075/2235/2234 2043/2237/2236
f 2080/2242/2241 2084/2244/2243 2082/2245/2244 2042/2243/2242
f 2082/2245/2244 2084/2244/2243 2044/2189/2188 2030/2192/2191
f 2044/2189/2188 2084/2244/2243 2083/2246/2245 2035/2190/2189
f 2083/2246/2245 2084/2244/2243 2080/2242/2241 2043/2237/2236
f 2083/2246/2245 2085/2247/2246 2058/2210/2209 2035/2190/2189
f 2058/2210/2209 2085/2247/2246 2072/2231/2230 2031/2211/2210
f 2072/2231/2230 2085/2247/2246 2076/2232/2231 2039/2229/2228
f 2076/2232/2231 2085/2247/2246 2083/2246/2245 2043/2237/2236
s 3
f 2030/2192/2247 2045/2191/2248 2091/2131/2249 2090/2249/2250
s 4
f 2045/2191/2251 2032/2194/2252 2092/2132/2253 2091/2131/2254
f 2032/2194/2252 2049/2197/2255 2095/2135/2256 2092/2132/2253
f 2049/2197/2255 2025/2199/2257 2097/2137/2258 2095/2135/2256
f 2025/2199/2257 2050/2198/2259 2098/2138/2260 2097/2137/2258
f 2050/2198/2259 2033/2201/2261 2099/2139/2262 2098/2138/2260
f 2033/2201/2261 2053/2203/2263 2101/2141/2264 2099/2139/2262
s 5
f 2053/2203/2265 2028/2205/2266 2103/2143/2267 2101/2141/2268
f 2028/2205/2266 2060/2214/2269 2113/2153/2270 2103/2143/2267
s 6
f 2060/2214/2271 2037/2216/2272 2114/2154/2273 2113/2153/2274
f 2037/2216/2272 2064/2219/2275 2117/2157/2276 2114/2154/2273
f 2064/2219/2275 2026/2221/2277 2119/2159/2278 2117/2157/2276
f 2026/2221/2277 2065/2220/2279 2120/2160/2280 2119/2159/2278
f 2065/2220/2279 2038/2223/2281 2121/2161/2282 2120/2160/2280
f 2038/2223/2281 2068/2225/2283 2123/2163/2284 2121/2161/2282
s 7
f 2068/2225/2285 2029/2227/2286 2125/2165/2287 2123/2163/2288
f 2029/2227/2286 2074/2234/2289 2133/2173/2290 2125/2165/2287
f 2074/2234/2289 2041/2236/2291 2134/2174/2292 2133/2173/2290
s 8
f 2041/2236/2293 2078/2239/2294 2137/2177/2295 2134/2174/2296
f 2078/2239/2294 2027/2241/2297 2139/2179/2298 2137/2177/2295
f 2027/2241/2297 2079/2240/2299 2140/2180/2300 2139/2179/2298
f 2079/2240/2299 2042/2243/2301 2141/2181/2302 2140/2180/2300
s 3
f 2042/2243/2303 2082/2245/2304 2143/2183/2305 2141/2181/2306
f 2082/2245/2304 2030/2192/2247 2090/2249/2250 2143/2183/2305
g default
v 3.926317 11.763081 -2.880982
v 2.514176 12.266205 -4.209650
v 0.335767 12.879667 -0.152064
v 3.555200 11.594826 -4.060284
v 0.579190 13.542344 -2.102830
v 2.396230 12.894962 -0.393198
v 1.975446 13.124615 -1.802001
v 3.610462 12.132078 -2.263450
v 3.989983 11.520431 -3.428770
v 3.220247 12.014643 -3.545316
v 2.185838 13.009788 -1.097600
v 3.544081 12.049504 -2.825564
v 2.940915 11.894200 -4.415827
v 2.065426 12.682549 -3.717157
v 1.277318 13.333481 -1.952415
v 2.561460 12.399598 -3.750101
v -0.047558 13.106448 -0.780564
v 1.001510 12.732682 0.206493
v 0.862764 13.028566 -0.655785
v 2.291034 12.952374 -0.745399
v 2.755592 12.772690 -0.597304
v 3.600946 12.104365 -2.564529
v 2.412999 12.828364 -1.407731
v 2.570719 12.804232 -1.023607
v 3.814295 11.947931 -2.585963
v 3.986241 11.617269 -3.168448
v 3.767032 11.784969 -3.127167
v 3.779548 11.873061 -2.859703
v 3.937289 11.479169 -3.644208
v 3.387724 11.804734 -3.802800
v 3.520438 11.982808 -3.055338
v 3.715653 11.745586 -3.334881
v 2.167831 12.851584 -2.109861
v 2.080642 13.067201 -1.449801
v 2.290415 12.839973 -1.758796
v 3.127456 11.767701 -4.406171
v 2.751188 12.146898 -4.082965
v 2.752578 12.256388 -3.777810
v 2.931180 12.025082 -4.072984
v 2.731737 12.064229 -4.348798
v 2.303060 12.486361 -4.007868
v 2.337118 12.554647 -3.753651
v 2.532332 12.317424 -4.033195
v 0.728948 13.494752 -2.504151
v 0.928254 13.437912 -2.027623
v 1.504479 13.152054 -2.262548
v 1.137665 13.314806 -2.371951
v 1.626382 13.229047 -1.877208
v 1.836155 13.001819 -2.186204
v 0.372809 13.364018 -1.594465
v 0.407602 13.067507 -0.718175
v 1.237521 13.279548 -1.444793
v 0.830500 13.320867 -1.519875
v 0.100162 12.986553 -0.441861
v 0.643200 12.793076 0.069077
v 0.932137 12.880624 -0.224647
v 0.538120 12.936842 -0.345480
v 1.856416 12.835433 -0.198556
v 1.691780 13.117703 -1.017385
v 1.774157 12.984657 -0.631999
v 1.596399 13.235850 -1.357020
v 2.464592 12.934904 -1.422223
v 2.218138 13.124237 -1.088590
v 2.323333 13.066823 -0.736389
v 2.622313 12.910772 -1.038098
v 2.428529 13.009409 -0.384188
v 2.807186 12.879232 -0.611795
v 3.662056 12.238619 -2.277942
v 3.666309 12.198162 -2.598481
v 3.609444 12.143301 -2.859515
v 3.879658 12.041728 -2.619914
v 3.844911 11.966858 -2.893654
v 3.991680 11.856878 -2.914934
v 4.051604 11.711066 -3.202399
v 4.055347 11.614229 -3.462721
v 3.832395 11.878765 -3.161118
v 4.002653 11.572967 -3.678159
v 3.781016 11.839383 -3.368833
v 3.620563 11.688623 -4.094235
v 3.453086 11.898532 -3.836752
v 3.285609 12.108439 -3.579267
v 3.585802 12.076606 -3.089289
v 2.219425 12.958124 -2.124352
v 2.342009 12.946514 -1.773288
v 2.007745 13.239064 -1.792992
v 2.112942 13.181650 -1.440791
v 2.817941 12.350183 -3.811762
v 2.996543 12.118879 -4.106936
v 3.192820 11.861497 -4.440122
v 3.006278 11.987994 -4.449779
v 2.816550 12.240695 -4.116915
v 2.626822 12.493394 -3.784052
v 2.797099 12.158025 -4.382749
v 2.597695 12.411222 -4.067147
v 2.579539 12.360001 -4.243601
v 2.368423 12.580158 -4.041819
v 2.117020 12.789090 -3.731649
v 2.402481 12.648445 -3.787603
v 0.780542 13.601292 -2.518643
v 1.189260 13.421347 -2.386443
v 0.611490 13.656793 -2.093821
v 0.960553 13.552361 -2.018614
v 1.309617 13.447927 -1.943406
v 1.556073 13.258594 -2.277039
v 1.658682 13.343496 -1.868199
v 1.887748 13.108359 -2.200696
v 1.241969 13.392491 -1.406754
v 0.834948 13.433810 -1.481835
v 0.377257 13.476959 -1.556426
v -0.043110 13.219390 -0.742525
v 0.412051 13.180450 -0.680135
v 0.867212 13.141509 -0.617746
v 0.104611 13.099495 -0.403821
v 0.542569 13.049785 -0.307440
v 0.340216 12.992609 -0.114024
v 0.647649 12.906019 0.107117
v 1.005958 12.845625 0.244533
v 0.936585 12.993567 -0.186607
v 1.860864 12.948374 -0.160516
v 1.778605 13.097600 -0.593959
v 1.696229 13.230644 -0.979345
v 1.600848 13.348792 -1.318980
vt 0.535839 0.033742
vt 0.535823 0.039271
vt 0.532717 0.041641
vt 0.531900 0.035894
vt 0.529529 0.044051
vt 0.584549 0.043276
vt 0.582309 0.019919
vt 0.537301 0.012574
vt 0.539884 0.010909
vt 0.581886 0.014572
vt 0.538779 0.007929
vt 0.580580 0.010296
vt 0.578664 0.006674
vt 0.576260 0.004047
vt 0.541355 0.005841
vt 0.573583 0.002610
vt 0.543682 0.004795
vt 0.566450 0.002714
vt 0.550245 0.005211
vt 0.548212 0.008880
vt 0.542027 0.009239
vt 0.542740 0.029756
vt 0.539266 0.031654
vt 0.542091 0.034875
vt 0.538957 0.036973
vt 0.552769 0.012685
vt 0.554902 0.008879
vt 0.559027 0.005134
vt 0.558523 0.007545
vt 0.555520 0.010903
vt 0.553744 0.014958
vt 0.558112 0.010054
vt 0.556128 0.013521
vt 0.557729 0.012853
vt 0.557321 0.015916
vt 0.556787 0.019930
vt 0.555311 0.017190
vt 0.555014 0.037105
vt 0.551553 0.035423
vt 0.554668 0.040358
vt 0.551369 0.039395
vt 0.548188 0.038119
vt 0.548325 0.033699
vt 0.545134 0.036586
vt 0.545532 0.031807
vt 0.545904 0.042844
vt 0.549764 0.044071
vt 0.554440 0.044979
vt 0.554345 0.052136
vt 0.550613 0.052579
vt 0.546310 0.052247
vt 0.554229 0.054920
vt 0.550310 0.056388
vt 0.554311 0.058139
vt 0.560016 0.061330
vt 0.565640 0.062174
vt 0.545124 0.056583
vt 0.575973 0.054744
vt 0.536967 0.047500
vt 0.539740 0.044155
vt 0.542525 0.041568
vt 0.575887 0.037448
vt 0.579303 0.040282
vt 0.577728 0.045214
vt 0.575015 0.042320
vt 0.583302 0.043261
vt 0.580604 0.048144
vt 0.578996 0.017286
vt 0.581052 0.020006
vt 0.576804 0.015219
vt 0.578448 0.012509
vt 0.580671 0.014908
vt 0.577646 0.007401
vt 0.579421 0.010773
vt 0.576349 0.010073
vt 0.575528 0.005049
vt 0.574304 0.008703
vt 0.573374 0.003819
vt 0.568000 0.007795
vt 0.566800 0.003938
vt 0.575049 0.013247
vt 0.569071 0.011732
vt 0.572917 0.034802
vt 0.569842 0.032345
vt 0.572272 0.039548
vt 0.569492 0.037003
vt 0.563688 0.014261
vt 0.562674 0.010256
vt 0.560298 0.005947
vt 0.561487 0.011892
vt 0.559648 0.007826
vt 0.562197 0.016163
vt 0.560214 0.014169
vt 0.559255 0.010250
vt 0.558458 0.016157
vt 0.558863 0.013031
vt 0.560148 0.017933
vt 0.558093 0.020034
vt 0.559858 0.036224
vt 0.556090 0.037270
vt 0.559325 0.039942
vt 0.555771 0.040505
vt 0.563424 0.035092
vt 0.562774 0.039098
vt 0.566609 0.033772
vt 0.566134 0.038101
vt 0.564553 0.043589
vt 0.560493 0.044340
vt 0.555740 0.044993
vt 0.559069 0.052517
vt 0.555310 0.052115
vt 0.563399 0.052414
vt 0.559544 0.056082
vt 0.555447 0.054836
vt 0.560642 0.060232
vt 0.556091 0.057679
vt 0.564311 0.056666
vt 0.565349 0.061011
vt 0.573007 0.049389
vt 0.575196 0.053772
vt 0.570621 0.045756
vt 0.568139 0.042881
vt 0.534202 0.051551
vt 0.581761 0.048696
vt 0.543539 0.060988
vt 0.548784 0.060412
vt 0.552253 0.001790
vt 0.545556 0.000004
vt 0.543063 0.000963
vt 0.540493 0.003018
vt 0.538100 0.006081
vt 0.536094 0.009928
vt 0.534662 0.015157
vt 0.527274 0.038099
vn 0.427534 0.890003 -0.158456
vn 0.352103 0.933290 0.070661
vn 0.241236 0.964119 0.110817
vn 0.423048 0.898594 -0.116440
vn 0.177766 0.974015 0.140332
vn 0.412925 0.906747 -0.085457
vn 0.441958 0.889147 -0.118706
vn 0.420925 0.891463 -0.167680
vn 0.419846 0.886253 -0.195665
vn 0.566784 0.799982 -0.196939
vn 0.551034 0.788827 -0.272238
vn 0.548073 0.786493 -0.284685
vn 0.548071 0.786493 -0.284688
vn 0.548073 0.786492 -0.284686
vn 0.548073 0.786492 -0.284686
vn 0.548073 0.786492 -0.284686
vn 0.548073 0.786492 -0.284686
vn 0.548073 0.786492 -0.284687
vn 0.548073 0.786492 -0.284687
vn 0.486265 0.851957 -0.194206
vn 0.457056 0.866870 -0.199089
vn 0.467517 0.867820 -0.168274
vn 0.466672 0.867422 -0.172616
vn 0.449985 0.881260 -0.144551
vn 0.436422 0.899711 0.007492
vn 0.495935 0.853018 -0.162508
vn 0.548073 0.786492 -0.284687
vn 0.548073 0.786491 -0.284689
vn 0.548072 0.786492 -0.284689
vn 0.548072 0.786492 -0.284688
vn 0.499372 0.857919 -0.120839
vn 0.548072 0.786491 -0.284689
vn 0.537276 0.793728 -0.285184
vn 0.548070 0.786492 -0.284692
vn 0.470902 0.834143 -0.287152
vn 0.428557 0.893921 -0.131315
vn 0.475052 0.872178 -0.116751
vn 0.403521 0.910097 -0.094307
vn 0.429671 0.896235 -0.110209
vn 0.214764 0.960834 0.175143
vn 0.239247 0.964827 0.108944
vn 0.266556 0.963769 -0.009831
vn 0.465951 0.876316 -0.122310
vn 0.314250 0.943239 -0.107460
vn 0.471432 0.865726 -0.168137
vn 0.088071 0.964855 0.247583
vn 0.072353 0.953173 0.293642
vn 0.061198 0.947414 0.314106
vn 0.037300 0.947032 0.318965
vn 0.037300 0.947032 0.318965
vn 0.037302 0.947032 0.318965
vn 0.037299 0.947032 0.318965
vn 0.037300 0.947032 0.318966
vn 0.037296 0.947030 0.318971
vn 0.037300 0.947031 0.318967
vn 0.037302 0.947032 0.318965
vn 0.037302 0.947032 0.318965
vn 0.042127 0.954209 0.296160
vn 0.063371 0.956374 0.285190
vn 0.110677 0.956801 0.268853
vn 0.159190 0.967368 0.197121
vn -0.427873 -0.889553 0.160066
vn -0.425444 -0.897546 0.115798
vn -0.239463 -0.964476 -0.111554
vn -0.358117 -0.931139 -0.068793
vn -0.416620 -0.905104 0.084939
vn -0.175946 -0.974462 -0.139520
vn -0.420279 -0.892081 0.166003
vn -0.445403 -0.887823 0.115703
vn -0.418967 -0.886693 0.195555
vn -0.550901 -0.788722 0.272811
vn -0.566393 -0.799737 0.199048
vn -0.548075 -0.786491 0.284686
vn -0.548072 -0.786493 0.284686
vn -0.548072 -0.786492 0.284687
vn -0.548074 -0.786491 0.284688
vn -0.548073 -0.786492 0.284686
vn -0.548074 -0.786491 0.284685
vn -0.548073 -0.786492 0.284686
vn -0.548073 -0.786492 0.284686
vn -0.456648 -0.867097 0.199037
vn -0.486195 -0.852020 0.194105
vn -0.467711 -0.866550 0.174174
vn -0.467777 -0.867611 0.168626
vn -0.449003 -0.893529 -0.001728
vn -0.460458 -0.873387 0.158663
vn -0.495966 -0.853088 0.162044
vn -0.548074 -0.786491 0.284687
vn -0.548072 -0.786493 0.284686
vn -0.548073 -0.786492 0.284688
vn -0.548075 -0.786491 0.284684
vn -0.499416 -0.858031 0.119860
vn -0.537774 -0.793399 0.285162
vn -0.548073 -0.786492 0.284685
vn -0.472785 -0.833088 0.287119
vn -0.548072 -0.786493 0.284686
vn -0.473698 -0.873049 0.115741
vn -0.425303 -0.894984 0.134614
vn -0.428714 -0.896381 0.112721
vn -0.402479 -0.910142 0.098244
vn -0.238671 -0.964758 -0.110810
vn -0.215668 -0.960310 -0.176896
vn -0.467296 -0.875507 0.122973
vn -0.267577 -0.963397 0.016397
vn -0.472586 -0.864814 0.169586
vn -0.317528 -0.940371 0.121977
vn -0.086669 -0.964820 -0.248215
vn -0.070808 -0.952742 -0.295412
vn -0.060044 -0.946773 -0.316253
vn -0.037302 -0.947032 -0.318966
vn -0.037302 -0.947032 -0.318966
vn -0.037302 -0.947032 -0.318966
vn -0.037302 -0.947032 -0.318966
vn -0.037300 -0.947032 -0.318966
vn -0.037301 -0.947032 -0.318967
vn -0.037299 -0.947031 -0.318968
vn -0.037301 -0.947032 -0.318965
vn -0.037301 -0.947032 -0.318964
vn -0.061554 -0.956040 -0.286704
vn -0.039883 -0.953956 -0.297284
vn -0.110065 -0.956485 -0.270227
vn -0.160071 -0.967410 -0.196201
vn 0.404067 -0.208584 0.890630
vn 0.459545 -0.152750 0.874921
vn 0.459545 -0.152750 0.874921
vn 0.411398 -0.201429 0.888920
vn 0.791379 -0.311705 0.525889
vn 0.781027 -0.305443 0.544703
vn 0.781959 -0.306004 0.543048
vn 0.791379 -0.311705 0.525889
vn 0.753913 -0.311532 0.578415
vn 0.755979 -0.314976 0.573835
vn 0.798617 -0.390871 0.457635
vn 0.798618 -0.390871 0.457635
vn 0.829729 -0.468222 0.303840
vn 0.829729 -0.468222 0.303840
vn 0.830631 -0.551789 0.074702
vn 0.830631 -0.551789 0.074703
vn 0.803156 -0.589893 -0.083464
vn 0.803156 -0.589893 -0.083464
vn 0.510417 -0.584121 -0.631092
vn 0.450168 -0.564220 -0.692101
vn 0.450168 -0.564221 -0.692101
vn 0.510417 -0.584121 -0.631092
vn 0.386431 -0.539948 -0.747748
vn 0.386431 -0.539948 -0.747748
vn -0.125970 -0.258864 -0.957664
vn -0.260223 -0.163139 -0.951667
vn -0.260222 -0.163140 -0.951667
vn -0.125970 -0.258864 -0.957664
vn -0.444918 -0.014086 -0.895460
vn -0.444918 -0.014086 -0.895461
vn -0.561541 0.093732 -0.822123
vn -0.561541 0.093731 -0.822123
vn -0.646668 0.187472 -0.739375
vn -0.643592 0.183668 -0.743005
vn -0.612819 0.191165 -0.766752
vn -0.611464 0.190454 -0.768010
vn -0.597379 0.183090 -0.780779
vn -0.597379 0.183090 -0.780779
vn -0.869511 0.320773 -0.375574
vn -0.904311 0.257571 -0.340409
vn -0.900133 0.265849 -0.345086
vn -0.869511 0.320773 -0.375574
vn -0.907944 0.188723 -0.374195
vn -0.908107 0.188960 -0.373678
vn -0.896357 0.172810 -0.408266
vn -0.896357 0.172810 -0.408266
vn -0.924129 -0.088766 0.371625
vn -0.866591 -0.128291 0.482247
vn -0.866591 -0.128291 0.482247
vn -0.924129 -0.088766 0.371625
vn -0.708268 -0.200116 0.676986
vn -0.708267 -0.200116 0.676987
vn -0.501676 -0.258304 0.825591
vn -0.501676 -0.258304 0.825591
vn -0.384578 -0.281000 0.879283
vn -0.384578 -0.281000 0.879283
vn 0.437559 -0.302443 0.846800
vn 0.411261 -0.281289 0.867030
vn 0.410860 -0.280967 0.867324
vn 0.437559 -0.302443 0.846800
s 1
g pDisc2
usemtl initialShadingGroup
f 2208/2260/2307 2209/2261/2308 2210/2262/2309 2211/2263/2310
f 2210/2262/2309 2212/2264/2311 2213/2393/2312 2211/2263/2310
f 2213/2393/2312 2214/2392/2313 2215/2267/2314 2211/2263/2310
f 2215/2267/2314 2216/2268/2315 2208/2260/2307 2211/2263/2310
f 2215/2267/2314 2214/2392/2313 2217/2391/2316 2218/2270/2317
f 2217/2391/2316 2219/2390/2318 2220/2389/2319 2218/2270/2317
f 2220/2389/2319 2221/2388/2320 2222/2274/2321 2218/2270/2317
f 2222/2274/2321 2216/2268/2315 2215/2267/2314 2218/2270/2317
f 2222/2274/2321 2221/2388/2320 2223/2387/2322 2224/2276/2323
f 2223/2387/2322 2225/2386/2324 2226/2278/2325 2224/2276/2323
f 2226/2278/2325 2227/2279/2326 2228/2280/2327 2224/2276/2323
f 2228/2280/2327 2216/2268/2315 2222/2274/2321 2224/2276/2323
f 2228/2280/2327 2227/2279/2326 2229/2281/2328 2230/2282/2329
f 2229/2281/2328 2231/2283/2330 2232/2284/2331 2230/2282/2329
f 2232/2284/2331 2209/2261/2308 2208/2260/2307 2230/2282/2329
f 2208/2260/2307 2216/2268/2315 2228/2280/2327 2230/2282/2329
f 2233/2285/2332 2227/2279/2326 2226/2278/2325 2234/2286/2333
f 2226/2278/2325 2225/2386/2324 2235/2287/2334 2234/2286/2333
f 2235/2287/2334 2236/2288/2335 2237/2289/2336 2234/2286/2333
f 2237/2289/2336 2238/2290/2337 2233/2285/2332 2234/2286/2333
f 2237/2289/2336 2236/2288/2335 2239/2291/2338 2240/2292/2339
f 2239/2291/2338 2241/2293/2340 2242/2294/2341 2240/2292/2339
f 2242/2294/2341 2243/2295/2342 2244/2296/2343 2240/2292/2339
f 2244/2296/2343 2238/2290/2337 2237/2289/2336 2240/2292/2339
f 2244/2296/2343 2243/2295/2342 2245/2297/2344 2246/2298/2345
f 2245/2297/2344 2247/2299/2346 2248/2300/2347 2246/2298/2345
f 2248/2300/2347 2249/2301/2348 2250/2302/2349 2246/2298/2345
f 2250/2302/2349 2238/2290/2337 2244/2296/2343 2246/2298/2345
f 2250/2302/2349 2249/2301/2348 2251/2303/2350 2252/2304/2351
f 2251/2303/2350 2231/2283/2330 2229/2281/2328 2252/2304/2351
f 2229/2281/2328 2227/2279/2326 2233/2285/2332 2252/2304/2351
f 2233/2285/2332 2238/2290/2337 2250/2302/2349 2252/2304/2351
f 2253/2305/2352 2249/2301/2348 2248/2300/2347 2254/2306/2353
f 2248/2300/2347 2247/2299/2346 2255/2307/2354 2254/2306/2353
f 2255/2307/2354 2256/2308/2355 2257/2309/2356 2254/2306/2353
f 2257/2309/2356 2258/2310/2357 2253/2305/2352 2254/2306/2353
f 2257/2309/2356 2256/2308/2355 2259/2311/2358 2260/2312/2359
f 2259/2311/2358 2261/2313/2360 2262/2385/2361 2260/2312/2359
f 2262/2385/2361 2263/2384/2362 2264/2316/2363 2260/2312/2359
f 2264/2316/2363 2258/2310/2357 2257/2309/2356 2260/2312/2359
f 2264/2316/2363 2263/2384/2362 2265/2382/2364 2266/2318/2365
f 2265/2382/2364 2212/2264/2311 2210/2262/2309 2266/2318/2365
f 2210/2262/2309 2209/2261/2308 2267/2319/2366 2266/2318/2365
f 2267/2319/2366 2258/2310/2357 2264/2316/2363 2266/2318/2365
f 2267/2319/2366 2209/2261/2308 2232/2284/2331 2268/2320/2367
f 2232/2284/2331 2231/2283/2330 2251/2303/2350 2268/2320/2367
f 2251/2303/2350 2249/2301/2348 2253/2305/2352 2268/2320/2367
f 2253/2305/2352 2258/2310/2357 2267/2319/2366 2268/2320/2367
s 2
f 2169/2321/2368 2170/2322/2369 2166/2323/2370 2157/2324/2371
f 2166/2323/2370 2170/2322/2369 2167/2325/2372 2152/2326/2373
f 2167/2325/2372 2170/2322/2369 2168/2327/2374 2154/2328/2375
f 2168/2327/2374 2170/2322/2369 2169/2321/2368 2158/2329/2376
f 2168/2327/2374 2174/2330/2377 2171/2331/2378 2154/2328/2375
f 2171/2331/2378 2174/2330/2377 2172/2332/2379 2147/2333/2380
f 2172/2332/2379 2174/2330/2377 2173/2334/2381 2155/2335/2382
f 2173/2334/2381 2174/2330/2377 2168/2327/2374 2158/2329/2376
f 2173/2334/2381 2178/2336/2383 2175/2337/2384 2155/2335/2382
f 2175/2337/2384 2178/2336/2383 2176/2338/2385 2150/2339/2386
f 2176/2338/2385 2178/2336/2383 2177/2340/2387 2156/2341/2388
f 2177/2340/2387 2178/2336/2383 2173/2334/2381 2158/2329/2376
f 2177/2340/2387 2181/2342/2389 2179/2343/2390 2156/2341/2388
f 2179/2343/2390 2181/2342/2389 2180/2344/2391 2153/2345/2392
f 2180/2344/2391 2181/2342/2389 2169/2321/2368 2157/2324/2371
f 2169/2321/2368 2181/2342/2389 2177/2340/2387 2158/2329/2376
f 2184/2346/2393 2185/2347/2394 2176/2338/2385 2156/2341/2388
f 2176/2338/2385 2185/2347/2394 2182/2348/2395 2150/2339/2386
f 2182/2348/2395 2185/2347/2394 2183/2349/2396 2159/2350/2397
f 2183/2349/2396 2185/2347/2394 2184/2346/2393 2162/2351/2398
f 2183/2349/2396 2189/2352/2399 2186/2353/2400 2159/2350/2397
f 2186/2353/2400 2189/2352/2399 2187/2354/2401 2148/2355/2402
f 2187/2354/2401 2189/2352/2399 2188/2356/2403 2160/2357/2404
f 2188/2356/2403 2189/2352/2399 2183/2349/2396 2162/2351/2398
f 2188/2356/2403 2193/2358/2405 2190/2359/2406 2160/2357/2404
f 2190/2359/2406 2193/2358/2405 2191/2360/2407 2151/2361/2408
f 2191/2360/2407 2193/2358/2405 2192/2362/2409 2161/2363/2410
f 2192/2362/2409 2193/2358/2405 2188/2356/2403 2162/2351/2398
f 2192/2362/2409 2195/2364/2411 2194/2365/2412 2161/2363/2410
f 2194/2365/2412 2195/2364/2411 2179/2343/2390 2153/2345/2392
f 2179/2343/2390 2195/2364/2411 2184/2346/2393 2156/2341/2388
f 2184/2346/2393 2195/2364/2411 2192/2362/2409 2162/2351/2398
f 2198/2366/2413 2199/2367/2414 2191/2360/2407 2161/2363/2410
f 2191/2360/2407 2199/2367/2414 2196/2368/2415 2151/2361/2408
f 2196/2368/2415 2199/2367/2414 2197/2369/2416 2163/2370/2417
f 2197/2369/2416 2199/2367/2414 2198/2366/2413 2165/2371/2418
f 2197/2369/2416 2203/2372/2419 2200/2373/2420 2163/2370/2417
f 2200/2373/2420 2203/2372/2419 2201/2374/2421 2149/2375/2422
f 2201/2374/2421 2203/2372/2419 2202/2376/2423 2164/2377/2424
f 2202/2376/2423 2203/2372/2419 2197/2369/2416 2165/2371/2418
f 2202/2376/2423 2206/2378/2425 2204/2379/2426 2164/2377/2424
f 2204/2379/2426 2206/2378/2425 2166/2323/2370 2152/2326/2373
f 2166/2323/2370 2206/2378/2425 2205/2380/2427 2157/2324/2371
f 2205/2380/2427 2206/2378/2425 2202/2376/2423 2165/2371/2418
f 2205/2380/2427 2207/2381/2428 2180/2344/2391 2157/2324/2371
f 2180/2344/2391 2207/2381/2428 2194/2365/2412 2153/2345/2392
f 2194/2365/2412 2207/2381/2428 2198/2366/2413 2161/2363/2410
f 2198/2366/2413 2207/2381/2428 2205/2380/2427 2165/2371/2418
s 3
f 2152/2326/2429 2167/2325/2430 2213/2265/2431 2212/2383/2432
s 4
f 2167/2325/2433 2154/2328/2434 2214/2266/2435 2213/2265/2436
f 2154/2328/2434 2171/2331/2437 2217/2269/2438 2214/2266/2435
f 2171/2331/2437 2147/2333/2439 2219/2271/2440 2217/2269/2438
f 2147/2333/2439 2172/2332/2441 2220/2272/2442 2219/2271/2440
f 2172/2332/2441 2155/2335/2443 2221/2273/2444 2220/2272/2442
f 2155/2335/2443 2175/2337/2445 2223/2275/2446 2221/2273/2444
s 5
f 2175/2337/2447 2150/2339/2448 2225/2277/2449 2223/2275/2450
f 2150/2339/2448 2182/2348/2451 2235/2287/2452 2225/2277/2449
s 6
f 2182/2348/2453 2159/2350/2454 2236/2288/2455 2235/2287/2456
f 2159/2350/2454 2186/2353/2457 2239/2291/2458 2236/2288/2455
f 2186/2353/2457 2148/2355/2459 2241/2293/2460 2239/2291/2458
f 2148/2355/2459 2187/2354/2461 2242/2294/2462 2241/2293/2460
f 2187/2354/2461 2160/2357/2463 2243/2295/2464 2242/2294/2462
f 2160/2357/2463 2190/2359/2465 2245/2297/2466 2243/2295/2464
s 7
f 2190/2359/2467 2151/2361/2468 2247/2299/2469 2245/2297/2470
f 2151/2361/2468 2196/2368/2471 2255/2307/2472 2247/2299/2469
f 2196/2368/2471 2163/2370/2473 2256/2308/2474 2255/2307/2472
s 8
f 2163/2370/2475 2200/2373/2476 2259/2311/2477 2256/2308/2478
f 2200/2373/2476 2149/2375/2479 2261/2313/2480 2259/2311/2477
f 2149/2375/2479 2201/2374/2481 2262/2314/2482 2261/2313/2480
f 2201/2374/2481 2164/2377/2483 2263/2315/2484 2262/2314/2482
s 3
f 2164/2377/2485 2204/2379/2486 2265/2317/2487 2263/2315/2488
f 2204/2379/2486 2152/2326/2429 2212/2383/2432 2265/2317/2487
g default
v -4.844751 19.267123 4.031993
v -2.841596 19.267123 4.031993
v -3.843174 20.876188 -0.209889
v -3.843174 18.740365 4.557501
v -2.554417 20.962050 1.413569
v -5.131931 20.962051 1.413570
v -3.843174 20.745561 2.125443
v -4.939009 19.776285 3.441116
v -4.587238 18.881509 4.416691
v -3.843174 19.267123 4.031993
v -4.487552 20.853805 1.769507
v -4.540110 19.530499 3.769238
v -3.099110 18.881509 4.416691
v -2.747339 19.776287 3.441115
v -3.198795 20.853805 1.769507
v -3.146238 19.530499 3.769238
v -3.099110 20.884949 -0.010709
v -4.587238 20.884949 -0.010709
v -3.843174 20.908889 0.533457
v -4.809742 20.907929 1.591539
v -5.280595 20.810903 1.788809
v -4.739559 19.662190 3.637861
v -4.487552 20.606498 2.115249
v -4.859584 20.705220 1.957591
v -4.915036 19.521209 3.778507
v -4.732946 19.048933 4.249665
v -4.563674 19.206005 4.092965
v -4.727777 19.368253 3.931101
v -4.417557 18.776264 4.521689
v -3.843174 19.003745 4.294747
v -4.387789 19.398810 3.900615
v -4.399571 19.104873 4.193856
v -3.843174 20.409058 2.430567
v -4.165363 20.799685 1.947475
v -4.165363 20.507777 2.272907
v -3.268790 18.776264 4.521689
v -3.122673 19.206005 4.092965
v -3.298559 19.398810 3.900615
v -3.286777 19.104873 4.193856
v -2.953401 19.048933 4.249665
v -2.771312 19.521209 3.778507
v -2.946788 19.662190 3.637861
v -2.958571 19.368253 3.931101
v -2.405752 20.810905 1.788808
v -2.876606 20.907929 1.591538
v -3.198795 20.606498 2.115249
v -2.826763 20.705220 1.957591
v -3.520984 20.799685 1.947475
v -3.520984 20.507777 2.272907
v -2.790908 20.924519 0.888697
v -3.471142 20.896920 0.261373
v -3.520985 20.946240 1.382437
v -3.173874 20.936167 1.153477
v -3.458018 20.878417 -0.159231
v -4.228330 20.878417 -0.159231
v -4.215206 20.896920 0.261373
v -3.843174 20.888746 0.075537
v -4.895440 20.924519 0.888697
v -4.165363 20.946240 1.382437
v -4.512474 20.936166 1.153478
v -3.843174 20.954414 1.568274
v -4.487552 20.707577 2.178541
v -4.487552 20.967908 1.804206
v -4.809742 21.022028 1.626238
v -4.859584 20.806298 2.020883
v -5.131931 21.076151 1.448269
v -5.280595 20.911983 1.852101
v -4.939009 19.877365 3.504408
v -4.739559 19.746418 3.722290
v -4.540110 19.614729 3.853668
v -4.915036 19.605437 3.862936
v -4.727777 19.452483 4.015530
v -4.844751 19.351351 4.116422
v -4.732946 19.133161 4.334095
v -4.587238 18.965738 4.501121
v -4.563674 19.290233 4.177394
v -4.417557 18.860493 4.606118
v -4.399571 19.189104 4.278285
v -3.843174 18.824594 4.641931
v -3.843174 19.087973 4.379176
v -3.843174 19.351351 4.116422
v -4.387789 19.483039 3.985044
v -3.843174 20.510137 2.493859
v -4.165363 20.608855 2.336200
v -3.843174 20.859662 2.160143
v -4.165363 20.913784 1.982174
v -3.298559 19.483039 3.985044
v -3.286777 19.189104 4.278285
v -3.268790 18.860493 4.606118
v -3.099110 18.965738 4.501121
v -3.122673 19.290233 4.177394
v -3.146238 19.614729 3.853667
v -2.953401 19.133161 4.334095
v -2.958571 19.452483 4.015530
v -2.841596 19.351351 4.116422
v -2.771312 19.605437 3.862936
v -2.747339 19.877365 3.504408
v -2.946788 19.746418 3.722290
v -2.405752 20.911983 1.852100
v -2.826763 20.806298 2.020883
v -2.554417 21.076151 1.448269
v -2.876606 21.022027 1.626237
v -3.198795 20.967908 1.804206
v -3.198795 20.707577 2.178541
v -3.520984 20.913784 1.982174
v -3.520984 20.608855 2.336200
v -3.520985 21.065382 1.377196
v -3.173874 21.055311 1.148235
v -2.790908 21.043662 0.883455
v -3.099110 21.004095 -0.015951
v -3.471142 21.016066 0.256133
v -3.843174 21.028034 0.528215
v -3.458018 20.997563 -0.164471
v -3.843174 21.007889 0.070296
v -3.843174 20.995333 -0.215130
v -4.228330 20.997563 -0.164471
v -4.587238 21.004095 -0.015951
v -4.215206 21.016066 0.256133
v -4.895440 21.043662 0.883455
v -4.512474 21.055311 1.148236
v -4.165363 21.065382 1.377196
v -3.843174 21.073558 1.563032
vt 0.475710 0.036445
vt 0.476524 0.041914
vt 0.473810 0.044724
vt 0.472139 0.039164
vt 0.471019 0.047584
vt 0.525300 0.038561
vt 0.519579 0.015804
vt 0.473979 0.015297
vt 0.476282 0.013263
vt 0.518359 0.010582
vt 0.474743 0.010483
vt 0.516426 0.006550
vt 0.513988 0.003256
vt 0.511217 0.001020
vt 0.476976 0.008032
vt 0.508355 0.000001
vt 0.479120 0.006649
vt 0.501318 0.001174
vt 0.485671 0.006075
vt 0.484212 0.010008
vt 0.478151 0.011290
vt 0.481935 0.031468
vt 0.478785 0.033866
vt 0.482062 0.036627
vt 0.479278 0.039171
vt 0.489288 0.013086
vt 0.490826 0.009003
vt 0.494342 0.004681
vt 0.494206 0.007140
vt 0.491741 0.010911
vt 0.490593 0.015187
vt 0.494176 0.009682
vt 0.492735 0.013408
vt 0.494217 0.012507
vt 0.494274 0.015597
vt 0.494348 0.019646
vt 0.492478 0.017158
vt 0.495174 0.036893
vt 0.491499 0.035749
vt 0.495319 0.040160
vt 0.491913 0.039703
vt 0.488577 0.038919
vt 0.488049 0.034528
vt 0.485328 0.037862
vt 0.485003 0.033078
vt 0.487028 0.043933
vt 0.491028 0.044567
vt 0.495787 0.044763
vt 0.496767 0.051853
vt 0.493144 0.052851
vt 0.488840 0.053169
vt 0.497070 0.054623
vt 0.493416 0.056663
vt 0.497635 0.057794
vt 0.503754 0.060092
vt 0.509441 0.060082
vt 0.488318 0.057634
vt 0.518542 0.051185
vt 0.478891 0.049878
vt 0.481130 0.046154
vt 0.483495 0.043179
vt 0.515861 0.034099
vt 0.519664 0.036388
vt 0.518846 0.041500
vt 0.515730 0.039046
vt 0.524065 0.038734
vt 0.522130 0.043966
vt 0.515909 0.013699
vt 0.518350 0.016079
vt 0.513431 0.011983
vt 0.514651 0.009058
vt 0.517208 0.011095
vt 0.513090 0.004128
vt 0.515351 0.007196
vt 0.512210 0.006965
vt 0.510644 0.002120
vt 0.509982 0.005917
vt 0.508330 0.001228
vt 0.503613 0.005966
vt 0.501848 0.002332
vt 0.511401 0.010298
vt 0.505263 0.009696
vt 0.512528 0.031928
vt 0.509119 0.029961
vt 0.512602 0.036717
vt 0.509471 0.034618
vt 0.500320 0.013005
vt 0.498717 0.009198
vt 0.495721 0.005294
vt 0.497789 0.010993
vt 0.495360 0.007249
vt 0.499131 0.015109
vt 0.496872 0.013435
vt 0.495336 0.009705
vt 0.495434 0.015665
vt 0.495366 0.012514
vt 0.497372 0.017166
vt 0.495655 0.019553
vt 0.499830 0.035294
vt 0.496262 0.036894
vt 0.499861 0.039050
vt 0.496432 0.040140
vt 0.503186 0.033640
vt 0.503144 0.037699
vt 0.506137 0.031857
vt 0.506316 0.036208
vt 0.505577 0.041871
vt 0.501676 0.043223
vt 0.497074 0.044582
vt 0.501495 0.051521
vt 0.497718 0.051688
vt 0.505761 0.050769
vt 0.502499 0.054974
vt 0.498263 0.054358
vt 0.504208 0.058912
vt 0.499326 0.057072
vt 0.507301 0.054837
vt 0.508979 0.058977
vt 0.514806 0.046337
vt 0.517628 0.050341
vt 0.511902 0.043103
vt 0.509017 0.040633
vt 0.476765 0.054298
vt 0.523357 0.044338
vt 0.487413 0.062226
vt 0.492512 0.060871
vt 0.487143 0.002391
vt 0.480253 0.001630
vt 0.477933 0.002953
vt 0.475700 0.005371
vt 0.473795 0.008758
vt 0.472389 0.012863
vt 0.471758 0.018247
vt 0.467896 0.042038
vn 0.027249 0.833337 0.552094
vn -0.060675 0.935705 0.347525
vn -0.001411 0.969163 0.246418
vn 0.004697 0.853372 0.521281
vn 0.026241 0.982800 0.182802
vn -0.006671 0.869416 0.494036
vn -0.009505 0.844989 0.534699
vn 0.038391 0.831614 0.554026
vn 0.056409 0.818480 0.571760
vn -0.068006 0.745780 0.662712
vn -0.009760 0.712296 0.701811
vn -0.000006 0.706268 0.707944
vn 0.000004 0.706268 0.707945
vn -0.000005 0.706269 0.707944
vn 0.000001 0.706268 0.707944
vn 0.000000 0.706268 0.707944
vn -0.000001 0.706269 0.707943
vn 0.000000 0.706268 0.707944
vn 0.000000 0.706269 0.707944
vn -0.000000 0.790694 0.612211
vn 0.027573 0.801526 0.597323
vn 0.000000 0.812052 0.583585
vn 0.003376 0.810360 0.585923
vn 0.000000 0.830540 0.556958
vn -0.086651 0.891157 0.445343
vn -0.027573 0.801526 0.597323
vn 0.000000 0.706269 0.707944
vn -0.000000 0.706268 0.707944
vn 0.000005 0.706268 0.707944
vn -0.000001 0.706268 0.707944
vn -0.056409 0.818480 0.571759
vn -0.000003 0.706268 0.707945
vn 0.009760 0.712296 0.701811
vn 0.000006 0.706268 0.707945
vn 0.068006 0.745780 0.662712
vn 0.009505 0.844989 0.534699
vn -0.038391 0.831614 0.554026
vn 0.006670 0.869416 0.494036
vn -0.004697 0.853372 0.521281
vn -0.026243 0.982799 0.182803
vn 0.001411 0.969163 0.246418
vn 0.060676 0.935705 0.347525
vn -0.027249 0.833337 0.552094
vn 0.086651 0.891157 0.445343
vn -0.003376 0.810360 0.585923
vn 0.016032 0.998903 0.043991
vn -0.006372 0.999979 -0.000750
vn -0.013527 0.999629 -0.023663
vn 0.000001 0.999034 -0.043950
vn -0.000000 0.999034 -0.043950
vn -0.000000 0.999034 -0.043948
vn -0.000001 0.999034 -0.043950
vn -0.000000 0.999034 -0.043950
vn 0.000000 0.999034 -0.043948
vn 0.000001 0.999034 -0.043950
vn -0.000001 0.999034 -0.043950
vn 0.000000 0.999034 -0.043949
vn 0.013526 0.999628 -0.023664
vn 0.006372 0.999979 -0.000750
vn -0.016032 0.998903 0.043991
vn 0.000000 0.991588 0.129431
vn -0.027965 -0.832464 -0.553372
vn -0.002320 -0.852720 -0.522363
vn 0.000561 -0.969595 -0.244713
vn 0.064216 -0.933522 -0.352722
vn 0.010033 -0.868249 -0.496026
vn -0.028172 -0.982868 -0.182147
vn -0.037892 -0.832644 -0.552511
vn 0.014260 -0.844828 -0.534848
vn -0.057062 -0.818872 -0.571132
vn 0.009309 -0.712022 -0.702096
vn 0.066392 -0.744911 -0.663852
vn -0.000003 -0.706267 -0.707945
vn -0.000001 -0.706269 -0.707943
vn -0.000002 -0.706268 -0.707945
vn 0.000000 -0.706268 -0.707945
vn 0.000001 -0.706268 -0.707945
vn 0.000000 -0.706268 -0.707945
vn 0.000000 -0.706268 -0.707945
vn 0.000000 -0.706268 -0.707945
vn -0.027884 -0.801730 -0.597035
vn -0.000000 -0.790779 -0.612102
vn -0.003456 -0.809148 -0.587594
vn 0.000000 -0.811769 -0.583979
vn 0.093253 -0.884448 -0.457225
vn 0.000000 -0.819661 -0.572849
vn 0.027884 -0.801730 -0.597035
vn -0.000001 -0.706268 -0.707945
vn -0.000000 -0.706268 -0.707945
vn 0.000002 -0.706268 -0.707945
vn -0.000001 -0.706268 -0.707945
vn 0.057062 -0.818872 -0.571132
vn -0.009308 -0.712022 -0.702096
vn 0.000003 -0.706268 -0.707945
vn -0.066391 -0.744911 -0.663853
vn 0.000001 -0.706269 -0.707944
vn 0.037893 -0.832644 -0.552511
vn -0.014256 -0.844828 -0.534848
vn 0.002322 -0.852720 -0.522362
vn -0.010030 -0.868250 -0.496025
vn -0.000562 -0.969596 -0.244712
vn 0.028171 -0.982868 -0.182146
vn 0.027965 -0.832465 -0.553372
vn -0.064216 -0.933522 -0.352722
vn 0.003456 -0.809148 -0.587594
vn -0.093253 -0.884448 -0.457225
vn -0.016594 -0.998956 -0.042560
vn 0.006564 -0.999974 0.003132
vn 0.014298 -0.999558 0.026065
vn -0.000000 -0.999034 0.043951
vn -0.000001 -0.999034 0.043951
vn 0.000000 -0.999034 0.043950
vn 0.000000 -0.999034 0.043950
vn -0.000002 -0.999034 0.043951
vn 0.000002 -0.999034 0.043951
vn 0.000000 -0.999034 0.043954
vn 0.000000 -0.999034 0.043951
vn 0.000000 -0.999034 0.043951
vn -0.006564 -0.999974 0.003132
vn -0.014298 -0.999558 0.026065
vn 0.016594 -0.998956 -0.042560
vn -0.000000 -0.991423 -0.130696
vn -0.927983 0.085763 -0.362618
vn -0.942649 0.138334 -0.303770
vn -0.942649 0.138334 -0.303770
vn -0.930219 0.092602 -0.355129
vn -0.984994 -0.091594 0.146278
vn -0.988603 -0.080887 0.126973
vn -0.988303 -0.081837 0.128685
vn -0.984994 -0.091594 0.146278
vn -0.993378 -0.078818 0.083593
vn -0.992662 -0.083289 0.087669
vn -0.964708 -0.186417 0.185973
vn -0.964708 -0.186418 0.185974
vn -0.904058 -0.302584 0.301864
vn -0.904058 -0.302585 0.301864
vn -0.773700 -0.448521 0.447456
vn -0.773700 -0.448521 0.447457
vn -0.658991 -0.532482 0.531219
vn -0.658991 -0.532482 0.531219
vn -0.087939 -0.705205 0.703529
vn 0.000000 -0.707948 0.706265
vn 0.000000 -0.707948 0.706265
vn -0.087939 -0.705205 0.703529
vn 0.087939 -0.705205 0.703529
vn 0.087939 -0.705205 0.703529
vn 0.658990 -0.532482 0.531220
vn 0.773700 -0.448521 0.447457
vn 0.773699 -0.448522 0.447457
vn 0.658991 -0.532482 0.531220
vn 0.904058 -0.302584 0.301864
vn 0.904058 -0.302584 0.301865
vn 0.964709 -0.186417 0.185973
vn 0.964708 -0.186418 0.185974
vn 0.993378 -0.078818 0.083593
vn 0.992662 -0.083289 0.087669
vn 0.988603 -0.080888 0.126972
vn 0.988303 -0.081838 0.128684
vn 0.984994 -0.091595 0.146277
vn 0.984994 -0.091595 0.146277
vn 0.942649 0.138335 -0.303770
vn 0.927983 0.085764 -0.362618
vn 0.930219 0.092603 -0.355130
vn 0.942649 0.138335 -0.303770
vn 0.935662 0.010011 -0.352756
vn 0.935494 0.010376 -0.353191
vn 0.946096 -0.014235 -0.323575
vn 0.946096 -0.014235 -0.323575
vn 0.382684 -0.040599 -0.922987
vn 0.258820 -0.042448 -0.964992
vn 0.258820 -0.042448 -0.964992
vn 0.382684 -0.040599 -0.922987
vn 0.000000 -0.043946 -0.999034
vn 0.000000 -0.043946 -0.999034
vn -0.258820 -0.042448 -0.964992
vn -0.258820 -0.042448 -0.964992
vn -0.382684 -0.040599 -0.922987
vn -0.382684 -0.040599 -0.922987
vn -0.946096 -0.014234 -0.323575
vn -0.935662 0.010011 -0.352756
vn -0.935494 0.010376 -0.353191
vn -0.946096 -0.014234 -0.323575
s 1
g pDisc3
usemtl initialShadingGroup
f 2330/2394/2489 2331/2395/2490 2332/2396/2491 2333/2397/2492
f 2332/2396/2491 2334/2398/2493 2335/2527/2494 2333/2397/2492
f 2335/2527/2494 2336/2526/2495 2337/2401/2496 2333/2397/2492
f 2337/2401/2496 2338/2402/2497 2330/2394/2489 2333/2397/2492
f 2337/2401/2496 2336/2526/2495 2339/2525/2498 2340/2404/2499
f 2339/2525/2498 2341/2524/2500 2342/2523/2501 2340/2404/2499
f 2342/2523/2501 2343/2522/2502 2344/2408/2503 2340/2404/2499
f 2344/2408/2503 2338/2402/2497 2337/2401/2496 2340/2404/2499
f 2344/2408/2503 2343/2522/2502 2345/2521/2504 2346/2410/2505
f 2345/2521/2504 2347/2520/2506 2348/2412/2507 2346/2410/2505
f 2348/2412/2507 2349/2413/2508 2350/2414/2509 2346/2410/2505
f 2350/2414/2509 2338/2402/2497 2344/2408/2503 2346/2410/2505
f 2350/2414/2509 2349/2413/2508 2351/2415/2510 2352/2416/2511
f 2351/2415/2510 2353/2417/2512 2354/2418/2513 2352/2416/2511
f 2354/2418/2513 2331/2395/2490 2330/2394/2489 2352/2416/2511
f 2330/2394/2489 2338/2402/2497 2350/2414/2509 2352/2416/2511
f 2355/2419/2514 2349/2413/2508 2348/2412/2507 2356/2420/2515
f 2348/2412/2507 2347/2520/2506 2357/2421/2516 2356/2420/2515
f 2357/2421/2516 2358/2422/2517 2359/2423/2518 2356/2420/2515
f 2359/2423/2518 2360/2424/2519 2355/2419/2514 2356/2420/2515
f 2359/2423/2518 2358/2422/2517 2361/2425/2520 2362/2426/2521
f 2361/2425/2520 2363/2427/2522 2364/2428/2523 2362/2426/2521
f 2364/2428/2523 2365/2429/2524 2366/2430/2525 2362/2426/2521
f 2366/2430/2525 2360/2424/2519 2359/2423/2518 2362/2426/2521
f 2366/2430/2525 2365/2429/2524 2367/2431/2526 2368/2432/2527
f 2367/2431/2526 2369/2433/2528 2370/2434/2529 2368/2432/2527
f 2370/2434/2529 2371/2435/2530 2372/2436/2531 2368/2432/2527
f 2372/2436/2531 2360/2424/2519 2366/2430/2525 2368/2432/2527
f 2372/2436/2531 2371/2435/2530 2373/2437/2532 2374/2438/2533
f 2373/2437/2532 2353/2417/2512 2351/2415/2510 2374/2438/2533
f 2351/2415/2510 2349/2413/2508 2355/2419/2514 2374/2438/2533
f 2355/2419/2514 2360/2424/2519 2372/2436/2531 2374/2438/2533
f 2375/2439/2534 2371/2435/2530 2370/2434/2529 2376/2440/2535
f 2370/2434/2529 2369/2433/2528 2377/2441/2536 2376/2440/2535
f 2377/2441/2536 2378/2442/2537 2379/2443/2538 2376/2440/2535
f 2379/2443/2538 2380/2444/2539 2375/2439/2534 2376/2440/2535
f 2379/2443/2538 2378/2442/2537 2381/2445/2540 2382/2446/2541
f 2381/2445/2540 2383/2447/2542 2384/2519/2543 2382/2446/2541
f 2384/2519/2543 2385/2518/2544 2386/2450/2545 2382/2446/2541
f 2386/2450/2545 2380/2444/2539 2379/2443/2538 2382/2446/2541
f 2386/2450/2545 2385/2518/2544 2387/2516/2546 2388/2452/2547
f 2387/2516/2546 2334/2398/2493 2332/2396/2491 2388/2452/2547
f 2332/2396/2491 2331/2395/2490 2389/2453/2548 2388/2452/2547
f 2389/2453/2548 2380/2444/2539 2386/2450/2545 2388/2452/2547
f 2389/2453/2548 2331/2395/2490 2354/2418/2513 2390/2454/2549
f 2354/2418/2513 2353/2417/2512 2373/2437/2532 2390/2454/2549
f 2373/2437/2532 2371/2435/2530 2375/2439/2534 2390/2454/2549
f 2375/2439/2534 2380/2444/2539 2389/2453/2548 2390/2454/2549
s 2
f 2291/2455/2550 2292/2456/2551 2288/2457/2552 2279/2458/2553
f 2288/2457/2552 2292/2456/2551 2289/2459/2554 2274/2460/2555
f 2289/2459/2554 2292/2456/2551 2290/2461/2556 2276/2462/2557
f 2290/2461/2556 2292/2456/2551 2291/2455/2550 2280/2463/2558
f 2290/2461/2556 2296/2464/2559 2293/2465/2560 2276/2462/2557
f 2293/2465/2560 2296/2464/2559 2294/2466/2561 2269/2467/2562
f 2294/2466/2561 2296/2464/2559 2295/2468/2563 2277/2469/2564
f 2295/2468/2563 2296/2464/2559 2290/2461/2556 2280/2463/2558
f 2295/2468/2563 2300/2470/2565 2297/2471/2566 2277/2469/2564
f 2297/2471/2566 2300/2470/2565 2298/2472/2567 2272/2473/2568
f 2298/2472/2567 2300/2470/2565 2299/2474/2569 2278/2475/2570
f 2299/2474/2569 2300/2470/2565 2295/2468/2563 2280/2463/2558
f 2299/2474/2569 2303/2476/2571 2301/2477/2572 2278/2475/2570
f 2301/2477/2572 2303/2476/2571 2302/2478/2573 2275/2479/2574
f 2302/2478/2573 2303/2476/2571 2291/2455/2550 2279/2458/2553
f 2291/2455/2550 2303/2476/2571 2299/2474/2569 2280/2463/2558
f 2306/2480/2575 2307/2481/2576 2298/2472/2567 2278/2475/2570
f 2298/2472/2567 2307/2481/2576 2304/2482/2577 2272/2473/2568
f 2304/2482/2577 2307/2481/2576 2305/2483/2578 2281/2484/2579
f 2305/2483/2578 2307/2481/2576 2306/2480/2575 2284/2485/2580
f 2305/2483/2578 2311/2486/2581 2308/2487/2582 2281/2484/2579
f 2308/2487/2582 2311/2486/2581 2309/2488/2583 2270/2489/2584
f 2309/2488/2583 2311/2486/2581 2310/2490/2585 2282/2491/2586
f 2310/2490/2585 2311/2486/2581 2305/2483/2578 2284/2485/2580
f 2310/2490/2585 2315/2492/2587 2312/2493/2588 2282/2491/2586
f 2312/2493/2588 2315/2492/2587 2313/2494/2589 2273/2495/2590
f 2313/2494/2589 2315/2492/2587 2314/2496/2591 2283/2497/2592
f 2314/2496/2591 2315/2492/2587 2310/2490/2585 2284/2485/2580
f 2314/2496/2591 2317/2498/2593 2316/2499/2594 2283/2497/2592
f 2316/2499/2594 2317/2498/2593 2301/2477/2572 2275/2479/2574
f 2301/2477/2572 2317/2498/2593 2306/2480/2575 2278/2475/2570
f 2306/2480/2575 2317/2498/2593 2314/2496/2591 2284/2485/2580
f 2320/2500/2595 2321/2501/2596 2313/2494/2589 2283/2497/2592
f 2313/2494/2589 2321/2501/2596 2318/2502/2597 2273/2495/2590
f 2318/2502/2597 2321/2501/2596 2319/2503/2598 2285/2504/2599
f 2319/2503/2598 2321/2501/2596 2320/2500/2595 2287/2505/2600
f 2319/2503/2598 2325/2506/2601 2322/2507/2602 2285/2504/2599
f 2322/2507/2602 2325/2506/2601 2323/2508/2603 2271/2509/2604
f 2323/2508/2603 2325/2506/2601 2324/2510/2605 2286/2511/2606
f 2324/2510/2605 2325/2506/2601 2319/2503/2598 2287/2505/2600
f 2324/2510/2605 2328/2512/2607 2326/2513/2608 2286/2511/2606
f 2326/2513/2608 2328/2512/2607 2288/2457/2552 2274/2460/2555
f 2288/2457/2552 2328/2512/2607 2327/2514/2609 2279/2458/2553
f 2327/2514/2609 2328/2512/2607 2324/2510/2605 2287/2505/2600
f 2327/2514/2609 2329/2515/2610 2302/2478/2573 2279/2458/2553
f 2302/2478/2573 2329/2515/2610 2316/2499/2594 2275/2479/2574
f 2316/2499/2594 2329/2515/2610 2320/2500/2595 2283/2497/2592
f 2320/2500/2595 2329/2515/2610 2327/2514/2609 2287/2505/2600
s 3
f 2274/2460/2611 2289/2459/2612 2335/2399/2613 2334/2517/2614
s 4
f 2289/2459/2615 2276/2462/2616 2336/2400/2617 2335/2399/2618
f 2276/2462/2616 2293/2465/2619 2339/2403/2620 2336/2400/2617
f 2293/2465/2619 2269/2467/2621 2341/2405/2622 2339/2403/2620
f 2269/2467/2621 2294/2466/2623 2342/2406/2624 2341/2405/2622
f 2294/2466/2623 2277/2469/2625 2343/2407/2626 2342/2406/2624
f 2277/2469/2625 2297/2471/2627 2345/2409/2628 2343/2407/2626
s 5
f 2297/2471/2629 2272/2473/2630 2347/2411/2631 2345/2409/2632
f 2272/2473/2630 2304/2482/2633 2357/2421/2634 2347/2411/2631
s 6
f 2304/2482/2635 2281/2484/2636 2358/2422/2637 2357/2421/2638
f 2281/2484/2636 2308/2487/2639 2361/2425/2640 2358/2422/2637
f 2308/2487/2639 2270/2489/2641 2363/2427/2642 2361/2425/2640
f 2270/2489/2641 2309/2488/2643 2364/2428/2644 2363/2427/2642
f 2309/2488/2643 2282/2491/2645 2365/2429/2646 2364/2428/2644
f 2282/2491/2645 2312/2493/2647 2367/2431/2648 2365/2429/2646
s 7
f 2312/2493/2649 2273/2495/2650 2369/2433/2651 2367/2431/2652
f 2273/2495/2650 2318/2502/2653 2377/2441/2654 2369/2433/2651
f 2318/2502/2653 2285/2504/2655 2378/2442/2656 2377/2441/2654
s 8
f 2285/2504/2657 2322/2507/2658 2381/2445/2659 2378/2442/2660
f 2322/2507/2658 2271/2509/2661 2383/2447/2662 2381/2445/2659
f 2271/2509/2661 2323/2508/2663 2384/2448/2664 2383/2447/2662
f 2323/2508/2663 2286/2511/2665 2385/2449/2666 2384/2448/2664
s 3
f 2286/2511/2667 2326/2513/2668 2387/2451/2669 2385/2449/2670
f 2326/2513/2668 2274/2460/2611 2334/2517/2614 2387/2451/2669
g default
v -8.378757 20.270736 -0.119049
v -7.821456 19.710918 1.721781
v -3.752286 20.649288 -0.314669
v -8.730241 19.601844 0.873843
v -4.861643 20.695927 1.437769
v -5.578739 21.416261 -0.930876
v -5.934879 20.995863 0.451498
v -7.719691 20.656410 -0.303858
v -8.768406 19.914013 0.170654
v -8.100106 19.990828 0.801367
v -5.756809 21.206060 -0.239688
v -7.978935 20.380091 0.124669
v -8.354389 19.498132 1.538191
v -7.109942 20.043909 1.710209
v -5.398262 20.845897 0.944633
v -7.591143 19.990549 1.405589
v -3.725868 20.489594 0.438445
v -4.139883 20.905476 -0.929093
v -4.426255 20.829346 -0.055870
v -5.667774 21.311160 -0.585282
v -6.007171 21.391290 -0.970537
v -7.876890 20.533077 -0.076737
v -6.143648 21.043331 -0.172063
v -6.074681 21.208315 -0.547609
v -8.094358 20.478010 -0.218596
v -8.608663 20.078367 0.013718
v -8.373670 20.147053 0.147661
v -8.225236 20.312727 -0.025467
v -8.847099 19.788873 0.341065
v -8.415175 19.796335 0.837605
v -8.094092 20.240277 0.282766
v -8.448993 20.026512 0.312381
v -6.309318 20.741227 0.487419
v -5.845845 21.100962 0.105904
v -6.226484 20.892279 0.157679
v -8.527498 19.467830 1.396741
v -7.972767 19.744339 1.471890
v -7.791054 19.935871 1.283729
v -8.139401 19.715521 1.334999
v -8.113572 19.581044 1.649056
v -7.497949 19.878908 1.751411
v -7.378120 20.032055 1.570756
v -7.733021 19.818291 1.600371
v -5.207355 20.587861 1.671341
v -5.129952 20.770911 1.191201
v -5.785101 20.683167 1.012259
v -5.509126 20.640205 1.320483
v -5.666570 20.920879 0.698065
v -6.047210 20.712196 0.749839
v -4.455587 20.621321 1.034803
v -4.076062 20.659470 0.191288
v -5.106363 20.944951 0.535786
v -4.802201 20.792485 0.775055
v -3.691061 20.553921 0.056913
v -3.905371 20.769197 -0.650976
v -4.283069 20.867412 -0.492481
v -4.011073 20.718426 -0.215297
v -5.041093 21.209468 -0.899187
v -5.285636 21.125032 -0.056375
v -5.174616 21.166581 -0.455071
v -5.364493 21.080005 0.304405
v -6.173564 21.150952 -0.130279
v -5.756810 21.320162 -0.204990
v -5.667774 21.425260 -0.550584
v -6.104595 21.315933 -0.505823
v -5.578739 21.530360 -0.896177
v -6.037086 21.498909 -0.928753
v -7.749606 20.764030 -0.262073
v -7.930937 20.629124 -0.031165
v -8.032983 20.476138 0.170241
v -8.148406 20.574056 -0.173025
v -8.279283 20.408773 0.020104
v -8.432805 20.366782 -0.073477
v -8.662712 20.174414 0.059289
v -8.822453 20.010059 0.216225
v -8.427718 20.243100 0.193233
v -8.901148 19.884922 0.386636
v -8.503040 20.122556 0.357952
v -8.784290 19.697891 0.919415
v -8.469222 19.892382 0.883175
v -8.154154 20.086875 0.846938
v -8.148139 20.336323 0.328338
v -6.339234 20.848847 0.529205
v -6.256399 20.999899 0.199463
v -5.934879 21.109961 0.486197
v -5.845845 21.215061 0.140604
v -7.845103 20.031917 1.329301
v -8.193448 19.811568 1.380570
v -8.581546 19.563877 1.442313
v -8.408437 19.594175 1.583763
v -8.026815 19.840385 1.517462
v -7.645191 20.086596 1.451160
v -8.167621 19.677087 1.694628
v -7.787070 19.914335 1.645942
v -7.875504 19.806965 1.767353
v -7.551997 19.974955 1.796982
v -7.139857 20.151529 1.751994
v -7.432168 20.128102 1.616328
v -5.237270 20.695483 1.713127
v -5.539040 20.747827 1.362268
v -4.861644 20.810026 1.472468
v -5.129952 20.885012 1.225900
v -5.398262 20.959995 0.979332
v -5.815016 20.790784 1.054044
v -5.666571 21.034978 0.732765
v -6.077125 20.819815 0.791625
v -5.068249 21.055761 0.557946
v -4.764088 20.903295 0.797215
v -4.417474 20.732132 1.056964
v -3.687754 20.600405 0.460605
v -4.037948 20.770282 0.213448
v -4.388141 20.940157 -0.033710
v -3.652947 20.664732 0.079074
v -3.972959 20.829236 -0.193137
v -3.714172 20.760100 -0.292508
v -3.867258 20.880008 -0.628816
v -4.101769 21.016289 -0.906932
v -4.244955 20.978224 -0.470321
v -5.002980 21.320281 -0.877026
v -5.136502 21.277389 -0.432910
v -5.247523 21.235843 -0.034215
v -5.326379 21.190817 0.326566
vt 0.430227 0.027609
vt 0.431176 0.023295
vt 0.434575 0.022828
vt 0.433784 0.026720
vt 0.438014 0.022687
vt 0.437560 0.025928
vt 0.435055 0.042992
vt 0.432951 0.045303
vt 0.430883 0.047097
vt 0.434588 0.047027
vt 0.432842 0.049073
vt 0.434229 0.050112
vt 0.433921 0.052932
vt 0.433707 0.055480
vt 0.431613 0.051477
vt 0.433628 0.057939
vt 0.430520 0.053296
vt 0.440328 0.062069
vt 0.425097 0.055711
vt 0.424025 0.051652
vt 0.429380 0.049072
vt 0.423841 0.030069
vt 0.427052 0.028763
vt 0.424466 0.024950
vt 0.427837 0.024037
vt 0.418110 0.049771
vt 0.418616 0.054484
vt 0.447243 0.063820
vt 0.450145 0.063044
vt 0.416617 0.052891
vt 0.416443 0.047619
vt 0.453066 0.061086
vt 0.414634 0.050225
vt 0.455770 0.058067
vt 0.458066 0.054278
vt 0.459804 0.049218
vt 0.414348 0.045360
vt 0.467713 0.027102
vt 0.414836 0.021444
vt 0.466355 0.021129
vt 0.417035 0.016084
vt 0.419463 0.019149
vt 0.418127 0.024505
vt 0.421940 0.022149
vt 0.420937 0.027374
vt 0.424449 0.015388
vt 0.422577 0.011466
vt 0.462186 0.013769
vt 0.453787 0.004080
vt 0.432666 0.004664
vt 0.432768 0.009163
vt 0.448137 0.003633
vt 0.437628 0.006113
vt 0.441913 0.005367
vt 0.441080 0.008494
vt 0.440539 0.011231
vt 0.437019 0.009894
vt 0.438922 0.018154
vt 0.434156 0.017913
vt 0.430110 0.018165
vt 0.426521 0.018575
vt 0.445225 0.029890
vt 0.442042 0.027935
vt 0.442436 0.024206
vt 0.445579 0.025849
vt 0.438643 0.026014
vt 0.439121 0.022810
vt 0.437825 0.045750
vt 0.436350 0.043214
vt 0.439378 0.047958
vt 0.436966 0.049419
vt 0.435746 0.047069
vt 0.435089 0.052995
vt 0.435381 0.050199
vt 0.437648 0.051936
vt 0.434911 0.055436
vt 0.438408 0.053810
vt 0.435077 0.057453
vt 0.442985 0.057472
vt 0.440934 0.060959
vt 0.440358 0.050160
vt 0.444966 0.053902
vt 0.447989 0.031936
vt 0.450774 0.034098
vt 0.448595 0.027621
vt 0.451583 0.029494
vt 0.451135 0.053866
vt 0.449320 0.058087
vt 0.447280 0.062604
vt 0.451629 0.057250
vt 0.449655 0.061918
vt 0.453318 0.052390
vt 0.454248 0.055411
vt 0.452253 0.060147
vt 0.456985 0.053652
vt 0.454772 0.057328
vt 0.455948 0.050934
vt 0.458606 0.048818
vt 0.461900 0.028703
vt 0.466506 0.026801
vt 0.461584 0.023516
vt 0.465095 0.021375
vt 0.457892 0.030615
vt 0.458246 0.025666
vt 0.454362 0.032459
vt 0.454906 0.027695
vt 0.454824 0.021261
vt 0.458019 0.018297
vt 0.461182 0.014548
vt 0.451274 0.009154
vt 0.453274 0.005167
vt 0.449396 0.013072
vt 0.446507 0.008601
vt 0.448514 0.004835
vt 0.442227 0.008815
vt 0.443510 0.006251
vt 0.445214 0.011938
vt 0.441480 0.011420
vt 0.444643 0.020225
vt 0.440185 0.018463
vt 0.448406 0.021918
vt 0.451713 0.023462
vt 0.437134 0.001835
vt 0.432206 0.000002
vt 0.420892 0.006855
vt 0.414541 0.012957
vt 0.410894 0.018159
vt 0.412423 0.042198
vt 0.412526 0.047616
vt 0.413518 0.051842
vt 0.415079 0.055406
vt 0.417061 0.058038
vt 0.419241 0.059589
vt 0.426194 0.059521
vn -0.266883 0.885731 0.379808
vn -0.074743 0.965314 0.250165
vn 0.044009 0.959849 0.277045
vn -0.239242 0.904653 0.352656
vn 0.113973 0.952142 0.283613
vn -0.212884 0.917418 0.336190
vn -0.257867 0.903447 0.342474
vn -0.266041 0.881387 0.390357
vn -0.280996 0.867585 0.410291
vn -0.419506 0.852370 0.312218
vn -0.448593 0.812511 0.372278
vn -0.453200 0.805356 0.382115
vn -0.453200 0.805355 0.382117
vn -0.453197 0.805355 0.382121
vn -0.453198 0.805354 0.382121
vn -0.453194 0.805357 0.382121
vn -0.453197 0.805355 0.382121
vn -0.453195 0.805356 0.382121
vn -0.453196 0.805355 0.382121
vn -0.341628 0.865387 0.366601
vn -0.317248 0.864860 0.389065
vn -0.309351 0.879688 0.361179
vn -0.311033 0.877626 0.364734
vn -0.279715 0.891697 0.355859
vn -0.184311 0.950401 0.250535
vn -0.332590 0.880272 0.338386
vn -0.453198 0.805354 0.382121
vn -0.453197 0.805354 0.382122
vn -0.453199 0.805352 0.382124
vn -0.453198 0.805353 0.382124
vn -0.312381 0.899112 0.306621
vn -0.453197 0.805351 0.382128
vn -0.443161 0.807054 0.390221
vn -0.453201 0.805355 0.382116
vn -0.381669 0.814362 0.437199
vn -0.252578 0.898133 0.359945
vn -0.287402 0.902845 0.319797
vn -0.209172 0.913690 0.348451
vn -0.241855 0.907278 0.344023
vn 0.099372 0.966810 0.235379
vn 0.044793 0.959061 0.279635
vn -0.040985 0.931400 0.361682
vn -0.282045 0.900961 0.329727
vn -0.136097 0.901967 0.409795
vn -0.312911 0.879513 0.358529
vn 0.243195 0.942226 0.230361
vn 0.278378 0.940508 0.194807
vn 0.297346 0.937575 0.180386
vn 0.319585 0.929160 0.185814
vn 0.319585 0.929160 0.185814
vn 0.319585 0.929160 0.185815
vn 0.319584 0.929161 0.185813
vn 0.319585 0.929160 0.185815
vn 0.319580 0.929162 0.185816
vn 0.319588 0.929158 0.185817
vn 0.319586 0.929159 0.185817
vn 0.319586 0.929159 0.185817
vn 0.304873 0.930013 0.205253
vn 0.281924 0.936946 0.206520
vn 0.234275 0.951187 0.200894
vn 0.158173 0.957005 0.243150
vn 0.268103 -0.884969 -0.380724
vn 0.241079 -0.904922 -0.350709
vn -0.045932 -0.959675 -0.277334
vn 0.081114 -0.965297 -0.248237
vn 0.215973 -0.917663 -0.333543
vn -0.115133 -0.951535 -0.285175
vn 0.264498 -0.882190 -0.389592
vn 0.259371 -0.904653 -0.338126
vn 0.280127 -0.867644 -0.410758
vn 0.448806 -0.812184 -0.372734
vn 0.420347 -0.851333 -0.313913
vn 0.453202 -0.805354 -0.382116
vn 0.453205 -0.805355 -0.382111
vn 0.453199 -0.805355 -0.382119
vn 0.453202 -0.805354 -0.382117
vn 0.453198 -0.805354 -0.382121
vn 0.453199 -0.805354 -0.382121
vn 0.453197 -0.805354 -0.382121
vn 0.453198 -0.805354 -0.382121
vn 0.316838 -0.864906 -0.389295
vn 0.341502 -0.865445 -0.366581
vn 0.312885 -0.876802 -0.365131
vn 0.309793 -0.879501 -0.361256
vn 0.198941 -0.948335 -0.247151
vn 0.297357 -0.884676 -0.359064
vn 0.332355 -0.880493 -0.338042
vn 0.453197 -0.805355 -0.382120
vn 0.453198 -0.805354 -0.382121
vn 0.453198 -0.805357 -0.382116
vn 0.453199 -0.805356 -0.382116
vn 0.311877 -0.899537 -0.305886
vn 0.443624 -0.806979 -0.389849
vn 0.453198 -0.805357 -0.382115
vn 0.383405 -0.814225 -0.435934
vn 0.453196 -0.805349 -0.382134
vn 0.285581 -0.903368 -0.319954
vn 0.251437 -0.896685 -0.364329
vn 0.242370 -0.906218 -0.346446
vn 0.210392 -0.912056 -0.351978
vn -0.046244 -0.959361 -0.278366
vn -0.099455 -0.967282 -0.233398
vn 0.283662 -0.900598 -0.329333
vn 0.045383 -0.929404 -0.366262
vn 0.314810 -0.878734 -0.358777
vn 0.147055 -0.896213 -0.418542
vn -0.244680 -0.941832 -0.230401
vn -0.280512 -0.940078 -0.193822
vn -0.299318 -0.937241 -0.178851
vn -0.319586 -0.929160 -0.185814
vn -0.319586 -0.929160 -0.185815
vn -0.319586 -0.929160 -0.185815
vn -0.319587 -0.929159 -0.185814
vn -0.319586 -0.929160 -0.185814
vn -0.319589 -0.929159 -0.185813
vn -0.319588 -0.929159 -0.185812
vn -0.319587 -0.929160 -0.185814
vn -0.319587 -0.929160 -0.185812
vn -0.284164 -0.936409 -0.205886
vn -0.307274 -0.929250 -0.205126
vn -0.235448 -0.951106 -0.199906
vn -0.156965 -0.957104 -0.243544
vn 0.099026 0.267006 -0.958594
vn 0.055557 0.332286 -0.941541
vn 0.055557 0.332286 -0.941541
vn 0.093433 0.275556 -0.956734
vn -0.434058 0.218665 -0.873945
vn -0.414329 0.225847 -0.881660
vn -0.416084 0.225216 -0.880995
vn -0.434058 0.218665 -0.873945
vn -0.375215 0.220410 -0.900351
vn -0.380011 0.216831 -0.899209
vn -0.491394 0.131946 -0.860884
vn -0.491394 0.131946 -0.860885
vn -0.613486 0.029212 -0.789165
vn -0.613486 0.029212 -0.789165
vn -0.751798 -0.114988 -0.649290
vn -0.751798 -0.114987 -0.649290
vn -0.820323 -0.209045 -0.532326
vn -0.820323 -0.209045 -0.532326
vn -0.868066 -0.496183 0.016215
vn -0.846882 -0.522785 0.097404
vn -0.846882 -0.522785 0.097404
vn -0.868066 -0.496183 0.016215
vn -0.819135 -0.545336 0.177839
vn -0.819135 -0.545336 0.177839
vn -0.453641 -0.577381 0.678853
vn -0.321289 -0.547443 0.772709
vn -0.321289 -0.547443 0.772709
vn -0.453641 -0.577381 0.678853
vn -0.110442 -0.476107 0.872425
vn -0.110443 -0.476107 0.872424
vn 0.045394 -0.407267 0.912180
vn 0.045394 -0.407267 0.912180
vn 0.177523 -0.334823 0.925408
vn 0.172329 -0.338001 0.925234
vn 0.135752 -0.326716 0.935323
vn 0.133830 -0.327180 0.935437
vn 0.114015 -0.331881 0.936406
vn 0.114015 -0.331881 0.936406
vn 0.580071 -0.194591 0.790982
vn 0.615377 -0.251676 0.746974
vn 0.611029 -0.244375 0.752944
vn 0.580071 -0.194591 0.790982
vn 0.587281 -0.322962 0.742157
vn 0.587736 -0.322660 0.741928
vn 0.556592 -0.342778 0.756775
vn 0.556592 -0.342778 0.756775
vn 0.943312 -0.330519 0.030332
vn 0.946937 -0.306077 -0.098120
vn 0.946937 -0.306077 -0.098119
vn 0.943312 -0.330519 0.030332
vn 0.905795 -0.241990 -0.347817
vn 0.905795 -0.241990 -0.347816
vn 0.802925 -0.161412 -0.573810
vn 0.802924 -0.161411 -0.573811
vn 0.730379 -0.116621 -0.673013
vn 0.730379 -0.116621 -0.673013
vn 0.030161 0.186027 -0.982082
vn 0.066656 0.200012 -0.977524
vn 0.067205 0.200220 -0.977443
vn 0.030161 0.186027 -0.982082
s 1
g pDisc4
usemtl initialShadingGroup
f 2452/2528/2671 2453/2529/2672 2454/2530/2673 2455/2531/2674
f 2454/2530/2673 2456/2532/2675 2457/2533/2676 2455/2531/2674
f 2457/2533/2676 2458/2534/2677 2459/2535/2678 2455/2531/2674
f 2459/2535/2678 2460/2536/2679 2452/2528/2671 2455/2531/2674
f 2459/2535/2678 2458/2534/2677 2461/2537/2680 2462/2538/2681
f 2461/2537/2680 2463/2539/2682 2464/2540/2683 2462/2538/2681
f 2464/2540/2683 2465/2541/2684 2466/2542/2685 2462/2538/2681
f 2466/2542/2685 2460/2536/2679 2459/2535/2678 2462/2538/2681
f 2466/2542/2685 2465/2541/2684 2467/2543/2686 2468/2544/2687
f 2467/2543/2686 2469/2661/2688 2470/2546/2689 2468/2544/2687
f 2470/2546/2689 2471/2547/2690 2472/2548/2691 2468/2544/2687
f 2472/2548/2691 2460/2536/2679 2466/2542/2685 2468/2544/2687
f 2472/2548/2691 2471/2547/2690 2473/2549/2692 2474/2550/2693
f 2473/2549/2692 2475/2551/2694 2476/2552/2695 2474/2550/2693
f 2476/2552/2695 2453/2529/2672 2452/2528/2671 2474/2550/2693
f 2452/2528/2671 2460/2536/2679 2472/2548/2691 2474/2550/2693
f 2477/2553/2696 2471/2547/2690 2470/2546/2689 2478/2554/2697
f 2470/2546/2689 2469/2661/2688 2479/2660/2698 2478/2554/2697
f 2479/2660/2698 2480/2659/2699 2481/2557/2700 2478/2554/2697
f 2481/2557/2700 2482/2558/2701 2477/2553/2696 2478/2554/2697
f 2481/2557/2700 2480/2659/2699 2483/2658/2702 2484/2560/2703
f 2483/2658/2702 2485/2657/2704 2486/2656/2705 2484/2560/2703
f 2486/2656/2705 2487/2655/2706 2488/2564/2707 2484/2560/2703
f 2488/2564/2707 2482/2558/2701 2481/2557/2700 2484/2560/2703
f 2488/2564/2707 2487/2655/2706 2489/2654/2708 2490/2566/2709
f 2489/2654/2708 2491/2653/2710 2492/2568/2711 2490/2566/2709
f 2492/2568/2711 2493/2569/2712 2494/2570/2713 2490/2566/2709
f 2494/2570/2713 2482/2558/2701 2488/2564/2707 2490/2566/2709
f 2494/2570/2713 2493/2569/2712 2495/2571/2714 2496/2572/2715
f 2495/2571/2714 2475/2551/2694 2473/2549/2692 2496/2572/2715
f 2473/2549/2692 2471/2547/2690 2477/2553/2696 2496/2572/2715
f 2477/2553/2696 2482/2558/2701 2494/2570/2713 2496/2572/2715
f 2497/2573/2716 2493/2569/2712 2492/2568/2711 2498/2574/2717
f 2492/2568/2711 2491/2653/2710 2499/2652/2718 2498/2574/2717
f 2499/2652/2718 2500/2651/2719 2501/2577/2720 2498/2574/2717
f 2501/2577/2720 2502/2578/2721 2497/2573/2716 2498/2574/2717
f 2501/2577/2720 2500/2651/2719 2503/2650/2722 2504/2580/2723
f 2503/2650/2722 2505/2581/2724 2506/2582/2725 2504/2580/2723
f 2506/2582/2725 2507/2583/2726 2508/2584/2727 2504/2580/2723
f 2508/2584/2727 2502/2578/2721 2501/2577/2720 2504/2580/2723
f 2508/2584/2727 2507/2583/2726 2509/2585/2728 2510/2586/2729
f 2509/2585/2728 2456/2532/2675 2454/2530/2673 2510/2586/2729
f 2454/2530/2673 2453/2529/2672 2511/2587/2730 2510/2586/2729
f 2511/2587/2730 2502/2578/2721 2508/2584/2727 2510/2586/2729
f 2511/2587/2730 2453/2529/2672 2476/2552/2695 2512/2588/2731
f 2476/2552/2695 2475/2551/2694 2495/2571/2714 2512/2588/2731
f 2495/2571/2714 2493/2569/2712 2497/2573/2716 2512/2588/2731
f 2497/2573/2716 2502/2578/2721 2511/2587/2730 2512/2588/2731
s 2
f 2413/2589/2732 2414/2590/2733 2410/2591/2734 2401/2592/2735
f 2410/2591/2734 2414/2590/2733 2411/2593/2736 2396/2594/2737
f 2411/2593/2736 2414/2590/2733 2412/2595/2738 2398/2596/2739
f 2412/2595/2738 2414/2590/2733 2413/2589/2732 2402/2597/2740
f 2412/2595/2738 2418/2598/2741 2415/2599/2742 2398/2596/2739
f 2415/2599/2742 2418/2598/2741 2416/2600/2743 2391/2601/2744
f 2416/2600/2743 2418/2598/2741 2417/2602/2745 2399/2603/2746
f 2417/2602/2745 2418/2598/2741 2412/2595/2738 2402/2597/2740
f 2417/2602/2745 2422/2604/2747 2419/2605/2748 2399/2603/2746
f 2419/2605/2748 2422/2604/2747 2420/2606/2749 2394/2607/2750
f 2420/2606/2749 2422/2604/2747 2421/2608/2751 2400/2609/2752
f 2421/2608/2751 2422/2604/2747 2417/2602/2745 2402/2597/2740
f 2421/2608/2751 2425/2610/2753 2423/2611/2754 2400/2609/2752
f 2423/2611/2754 2425/2610/2753 2424/2612/2755 2397/2613/2756
f 2424/2612/2755 2425/2610/2753 2413/2589/2732 2401/2592/2735
f 2413/2589/2732 2425/2610/2753 2421/2608/2751 2402/2597/2740
f 2428/2614/2757 2429/2615/2758 2420/2606/2749 2400/2609/2752
f 2420/2606/2749 2429/2615/2758 2426/2616/2759 2394/2607/2750
f 2426/2616/2759 2429/2615/2758 2427/2617/2760 2403/2618/2761
f 2427/2617/2760 2429/2615/2758 2428/2614/2757 2406/2619/2762
f 2427/2617/2760 2433/2620/2763 2430/2621/2764 2403/2618/2761
f 2430/2621/2764 2433/2620/2763 2431/2622/2765 2392/2623/2766
f 2431/2622/2765 2433/2620/2763 2432/2624/2767 2404/2625/2768
f 2432/2624/2767 2433/2620/2763 2427/2617/2760 2406/2619/2762
f 2432/2624/2767 2437/2626/2769 2434/2627/2770 2404/2625/2768
f 2434/2627/2770 2437/2626/2769 2435/2628/2771 2395/2629/2772
f 2435/2628/2771 2437/2626/2769 2436/2630/2773 2405/2631/2774
f 2436/2630/2773 2437/2626/2769 2432/2624/2767 2406/2619/2762
f 2436/2630/2773 2439/2632/2775 2438/2633/2776 2405/2631/2774
f 2438/2633/2776 2439/2632/2775 2423/2611/2754 2397/2613/2756
f 2423/2611/2754 2439/2632/2775 2428/2614/2757 2400/2609/2752
f 2428/2614/2757 2439/2632/2775 2436/2630/2773 2406/2619/2762
f 2442/2634/2777 2443/2635/2778 2435/2628/2771 2405/2631/2774
f 2435/2628/2771 2443/2635/2778 2440/2636/2779 2395/2629/2772
f 2440/2636/2779 2443/2635/2778 2441/2637/2780 2407/2638/2781
f 2441/2637/2780 2443/2635/2778 2442/2634/2777 2409/2639/2782
f 2441/2637/2780 2447/2640/2783 2444/2641/2784 2407/2638/2781
f 2444/2641/2784 2447/2640/2783 2445/2642/2785 2393/2643/2786
f 2445/2642/2785 2447/2640/2783 2446/2644/2787 2408/2645/2788
f 2446/2644/2787 2447/2640/2783 2441/2637/2780 2409/2639/2782
f 2446/2644/2787 2450/2646/2789 2448/2647/2790 2408/2645/2788
f 2448/2647/2790 2450/2646/2789 2410/2591/2734 2396/2594/2737
f 2410/2591/2734 2450/2646/2789 2449/2648/2791 2401/2592/2735
f 2449/2648/2791 2450/2646/2789 2446/2644/2787 2409/2639/2782
f 2449/2648/2791 2451/2649/2792 2424/2612/2755 2401/2592/2735
f 2424/2612/2755 2451/2649/2792 2438/2633/2776 2397/2613/2756
f 2438/2633/2776 2451/2649/2792 2442/2634/2777 2405/2631/2774
f 2442/2634/2777 2451/2649/2792 2449/2648/2791 2409/2639/2782
s 3
f 2396/2594/2793 2411/2593/2794 2457/2533/2795 2456/2532/2796
s 4
f 2411/2593/2797 2398/2596/2798 2458/2534/2799 2457/2533/2800
f 2398/2596/2798 2415/2599/2801 2461/2537/2802 2458/2534/2799
f 2415/2599/2801 2391/2601/2803 2463/2539/2804 2461/2537/2802
f 2391/2601/2803 2416/2600/2805 2464/2540/2806 2463/2539/2804
f 2416/2600/2805 2399/2603/2807 2465/2541/2808 2464/2540/2806
f 2399/2603/2807 2419/2605/2809 2467/2543/2810 2465/2541/2808
s 5
f 2419/2605/2811 2394/2607/2812 2469/2545/2813 2467/2543/2814
f 2394/2607/2812 2426/2616/2815 2479/2555/2816 2469/2545/2813
s 6
f 2426/2616/2817 2403/2618/2818 2480/2556/2819 2479/2555/2820
f 2403/2618/2818 2430/2621/2821 2483/2559/2822 2480/2556/2819
f 2430/2621/2821 2392/2623/2823 2485/2561/2824 2483/2559/2822
f 2392/2623/2823 2431/2622/2825 2486/2562/2826 2485/2561/2824
f 2431/2622/2825 2404/2625/2827 2487/2563/2828 2486/2562/2826
f 2404/2625/2827 2434/2627/2829 2489/2565/2830 2487/2563/2828
s 7
f 2434/2627/2831 2395/2629/2832 2491/2567/2833 2489/2565/2834
f 2395/2629/2832 2440/2636/2835 2499/2575/2836 2491/2567/2833
f 2440/2636/2835 2407/2638/2837 2500/2576/2838 2499/2575/2836
s 8
f 2407/2638/2839 2444/2641/2840 2503/2579/2841 2500/2576/2842
f 2444/2641/2840 2393/2643/2843 2505/2581/2844 2503/2579/2841
f 2393/2643/2843 2445/2642/2845 2506/2582/2846 2505/2581/2844
f 2445/2642/2845 2408/2645/2847 2507/2583/2848 2506/2582/2846
s 3
f 2408/2645/2849 2448/2647/2850 2509/2585/2851 2507/2583/2852
f 2448/2647/2850 2396/2594/2793 2456/2532/2796 2509/2585/2851
g default
v -5.913420 19.201786 -3.994520
v -7.368190 19.417925 -2.634534
v -3.591917 20.758752 -0.283417
v -7.052250 18.805060 -3.674422
v -5.622447 21.040432 -0.601989
v -3.750556 20.762322 -2.351919
v -5.192650 20.711423 -1.988190
v -5.390905 19.676626 -3.649886
v -6.401636 18.860036 -4.083151
v -6.640805 19.309855 -3.314527
v -4.471603 20.736872 -2.170054
v -5.928940 19.487056 -3.607744
v -7.482372 19.020601 -3.072827
v -6.982581 19.913106 -2.161914
v -5.407549 20.875928 -1.295089
v -6.941224 19.637454 -2.661414
v -4.266761 20.854774 0.075397
v -3.186023 20.694207 -0.934926
v -4.093784 20.817487 -0.829596
v -4.111079 20.749598 -2.260987
v -3.913203 20.609363 -2.720565
v -5.681231 19.591735 -3.653182
v -4.732075 20.503371 -2.411571
v -4.344563 20.555746 -2.553350
v -5.663912 19.437699 -3.868638
v -6.165044 19.004757 -4.067687
v -6.165288 19.173547 -3.845448
v -5.919380 19.311323 -3.846008
v -6.607071 18.777486 -4.039858
v -6.846527 19.057458 -3.494475
v -6.142423 19.377292 -3.594304
v -6.363458 19.094339 -3.803130
v -5.434703 20.387869 -2.195692
v -4.832127 20.724149 -2.079123
v -5.083390 20.445619 -2.303631
v -7.441350 18.901436 -3.259935
v -7.211798 19.329027 -2.867121
v -6.933464 19.494817 -2.854802
v -7.171613 19.214408 -3.047629
v -7.457419 19.196767 -2.859515
v -7.220768 19.669002 -2.413216
v -6.983211 19.785173 -2.436030
v -7.204246 19.502221 -2.644856
v -6.001027 20.919553 -0.768770
v -5.514998 20.958181 -0.948539
v -5.668021 20.642426 -1.536605
v -5.820877 20.775084 -1.173223
v -5.300099 20.793675 -1.641640
v -5.551362 20.515147 -1.866149
v -5.097819 20.959093 -0.376204
v -4.180272 20.836130 -0.377100
v -4.900956 20.919333 -1.234649
v -4.998460 20.938694 -0.830757
v -3.905834 20.804314 -0.059147
v -3.346403 20.721197 -0.582129
v -3.639903 20.755846 -0.882261
v -3.784621 20.781304 -0.493135
v -3.569427 20.732020 -1.805018
v -4.432984 20.849806 -1.672132
v -4.026317 20.794260 -1.739562
v -4.792437 20.899253 -1.589935
v -4.764680 20.606033 -2.462764
v -4.483432 20.851461 -2.200920
v -4.122908 20.864185 -2.291852
v -4.377168 20.658406 -2.604543
v -3.762385 20.876911 -2.382785
v -3.945808 20.712021 -2.771758
v -5.423510 19.779289 -3.701079
v -5.729938 19.678401 -3.719057
v -5.977647 19.573722 -3.673620
v -5.712619 19.524364 -3.934513
v -5.968086 19.397988 -3.911883
v -5.962127 19.288452 -4.060395
v -6.213751 19.091422 -4.133562
v -6.450343 18.946702 -4.149025
v -6.213995 19.260211 -3.911323
v -6.655778 18.864152 -4.105733
v -6.412165 19.181005 -3.869005
v -7.100958 18.891727 -3.740298
v -6.895235 19.144123 -3.560349
v -6.689511 19.396521 -3.380402
v -6.191131 19.463957 -3.660179
v -5.467308 20.490527 -2.246885
v -5.115994 20.548280 -2.354824
v -5.204479 20.826011 -2.019055
v -4.843956 20.838734 -2.109988
v -6.982171 19.581483 -2.920677
v -7.220320 19.301072 -3.113505
v -7.490058 18.988102 -3.325809
v -7.531079 19.107267 -3.138702
v -7.260505 19.415693 -2.932996
v -6.989931 19.724118 -2.727289
v -7.506126 19.283432 -2.925390
v -7.252953 19.588884 -2.710731
v -7.416897 19.504590 -2.700409
v -7.269474 19.755668 -2.479092
v -7.015184 20.015765 -2.213106
v -7.031918 19.871837 -2.501904
v -6.033632 21.022215 -0.819963
v -5.853483 20.877743 -1.224416
v -5.634276 21.155021 -0.632853
v -5.526827 21.072767 -0.979404
v -5.419378 20.990515 -1.325954
v -5.700625 20.745086 -1.587799
v -5.311928 20.908264 -1.672504
v -5.583967 20.617807 -1.917342
v -4.885119 21.037523 -1.236491
v -4.982622 21.056883 -0.832600
v -5.081982 21.077282 -0.378047
v -4.250923 20.972962 0.073555
v -4.164435 20.954321 -0.378942
v -4.077947 20.935675 -0.831438
v -3.889996 20.922502 -0.060990
v -3.768784 20.899493 -0.494978
v -3.576080 20.876941 -0.285259
v -3.330566 20.839388 -0.583971
v -3.170186 20.812395 -0.936768
v -3.624066 20.874035 -0.884103
v -3.553589 20.850207 -1.806859
v -4.010479 20.912449 -1.741405
v -4.417146 20.967994 -1.673974
v -4.776599 21.017442 -1.591778
vt 0.050561 0.039250
vt 0.053229 0.034407
vt 0.057091 0.033818
vt 0.055050 0.039253
vt 0.061044 0.033234
vt 0.012401 0.007511
vt 0.003158 0.029079
vt 0.039121 0.057120
vt 0.036056 0.057342
vt 0.000963 0.033972
vt 0.035595 0.060486
vt 0.000057 0.038351
vt 0.000000 0.042449
vt 0.000849 0.045907
vt 0.032333 0.061082
vt 0.002508 0.048451
vt 0.029790 0.060883
vt 0.008815 0.051784
vt 0.024231 0.057369
vt 0.027776 0.055126
vt 0.033374 0.057779
vt 0.042593 0.039436
vt 0.046553 0.039438
vt 0.045620 0.035256
vt 0.049376 0.034919
vt 0.025603 0.049600
vt 0.021906 0.051916
vt 0.016489 0.053222
vt 0.018088 0.051349
vt 0.022334 0.049844
vt 0.025839 0.047138
vt 0.019653 0.049345
vt 0.023058 0.047255
vt 0.021332 0.047073
vt 0.023160 0.044581
vt 0.025555 0.041316
vt 0.025534 0.044428
vt 0.035352 0.027098
vt 0.037581 0.030234
vt 0.037216 0.024410
vt 0.039649 0.026838
vt 0.041827 0.029484
vt 0.039586 0.033297
vt 0.043771 0.032294
vt 0.041129 0.036297
vt 0.046098 0.026435
vt 0.043300 0.023506
vt 0.039634 0.020466
vt 0.043151 0.014232
vt 0.046638 0.015634
vt 0.050254 0.017990
vt 0.044589 0.011845
vt 0.048732 0.012437
vt 0.046062 0.008982
vt 0.042588 0.003445
vt 0.038058 0.000005
vt 0.053376 0.014756
vt 0.025428 0.001566
vt 0.056173 0.026638
vt 0.052135 0.028242
vt 0.048451 0.029175
vt 0.017204 0.016781
vt 0.015567 0.012655
vt 0.019315 0.009085
vt 0.020307 0.012925
vt 0.013488 0.008123
vt 0.018198 0.005134
vt 0.004802 0.032978
vt 0.004302 0.029605
vt 0.005732 0.035844
vt 0.002989 0.037432
vt 0.002190 0.034261
vt 0.001242 0.042299
vt 0.001303 0.038488
vt 0.003662 0.040576
vt 0.001971 0.045378
vt 0.004799 0.042760
vt 0.003271 0.047491
vt 0.009894 0.046582
vt 0.009096 0.050542
vt 0.006326 0.038415
vt 0.010843 0.042614
vt 0.018539 0.020528
vt 0.020058 0.024159
vt 0.021383 0.016674
vt 0.022601 0.020241
vt 0.016780 0.042978
vt 0.015748 0.046978
vt 0.015764 0.051899
vt 0.017574 0.046113
vt 0.017237 0.050563
vt 0.019001 0.042025
vt 0.019783 0.044726
vt 0.018744 0.048624
vt 0.022278 0.043824
vt 0.020423 0.046372
vt 0.021647 0.041455
vt 0.024459 0.040598
vt 0.030679 0.025547
vt 0.034487 0.026437
vt 0.032931 0.022541
vt 0.036319 0.023752
vt 0.027007 0.024828
vt 0.029500 0.021626
vt 0.023579 0.024459
vt 0.026074 0.020889
vt 0.030094 0.016832
vt 0.034017 0.018122
vt 0.038501 0.019830
vt 0.039190 0.011631
vt 0.042295 0.013788
vt 0.035341 0.009643
vt 0.040484 0.008276
vt 0.043480 0.011334
vt 0.041512 0.004108
vt 0.044279 0.008531
vt 0.036582 0.005475
vt 0.037756 0.001164
vt 0.025460 0.007686
vt 0.025643 0.002791
vt 0.025810 0.012019
vt 0.026608 0.015732
vt 0.060543 0.024411
vt 0.017448 0.004094
vt 0.056879 0.011651
vt 0.052002 0.009639
vt 0.020828 0.059407
vt 0.025847 0.064188
vt 0.028493 0.064542
vt 0.031735 0.063972
vt 0.035304 0.062433
vt 0.038910 0.060020
vt 0.042675 0.056120
vt 0.060166 0.039538
vn -0.309182 0.850382 -0.425743
vn -0.095739 0.935380 -0.340439
vn -0.066613 0.971445 -0.227721
vn -0.269796 0.866767 -0.419435
vn -0.042054 0.985731 -0.162988
vn -0.241370 0.880518 -0.407957
vn -0.269466 0.857379 -0.438509
vn -0.318764 0.849940 -0.419514
vn -0.345255 0.839461 -0.419647
vn -0.324214 0.757019 -0.567282
vn -0.396533 0.731416 -0.554790
vn -0.408414 0.726698 -0.552367
vn -0.408410 0.726697 -0.552370
vn -0.408409 0.726697 -0.552371
vn -0.408411 0.726697 -0.552369
vn -0.408412 0.726698 -0.552367
vn -0.408412 0.726698 -0.552367
vn -0.408412 0.726699 -0.552366
vn -0.408412 0.726699 -0.552366
vn -0.334647 0.807197 -0.486255
vn -0.343439 0.820409 -0.457142
vn -0.312990 0.827406 -0.466300
vn -0.317207 0.826172 -0.465639
vn -0.292987 0.844835 -0.447674
vn -0.147950 0.891770 -0.427618
vn -0.303386 0.814458 -0.494585
vn -0.408412 0.726698 -0.552367
vn -0.408412 0.726699 -0.552366
vn -0.408417 0.726697 -0.552365
vn -0.408413 0.726697 -0.552367
vn -0.263327 0.827290 -0.496237
vn -0.408415 0.726696 -0.552368
vn -0.410710 0.733523 -0.541535
vn -0.408418 0.726696 -0.552366
vn -0.422982 0.771696 -0.474944
vn -0.283270 0.859430 -0.425604
vn -0.263003 0.841656 -0.471641
vn -0.251057 0.881957 -0.398902
vn -0.262973 0.865753 -0.425813
vn -0.003935 0.980068 -0.198624
vn -0.068662 0.971749 -0.225808
vn -0.183872 0.948473 -0.258052
vn -0.269606 0.844502 -0.462741
vn -0.273810 0.910469 -0.309958
vn -0.312302 0.825443 -0.470224
vn 0.061367 0.995728 -0.068988
vn 0.108158 0.992800 -0.051470
vn 0.128892 0.990871 -0.039523
vn 0.132794 0.991023 -0.015446
vn 0.132795 0.991023 -0.015448
vn 0.132797 0.991023 -0.015450
vn 0.132797 0.991023 -0.015447
vn 0.132795 0.991023 -0.015451
vn 0.132793 0.991023 -0.015449
vn 0.132792 0.991023 -0.015453
vn 0.132794 0.991023 -0.015450
vn 0.132795 0.991023 -0.015450
vn 0.109243 0.993790 -0.021155
vn 0.098905 0.994175 -0.042818
vn 0.084656 0.992268 -0.090758
vn 0.014186 0.989747 -0.142124
vn 0.310659 -0.849638 0.426154
vn 0.268874 -0.865901 0.421808
vn 0.066027 -0.971907 0.225916
vn 0.096924 -0.933012 0.346547
vn 0.240404 -0.879068 0.411638
vn 0.043004 -0.985984 0.161202
vn 0.317266 -0.850857 0.418790
vn 0.266135 -0.856712 0.441835
vn 0.345261 -0.839900 0.418763
vn 0.397081 -0.731202 0.554681
vn 0.326248 -0.756371 0.566978
vn 0.408410 -0.726696 0.552371
vn 0.408410 -0.726695 0.552372
vn 0.408411 -0.726697 0.552369
vn 0.408411 -0.726696 0.552371
vn 0.408413 -0.726698 0.552367
vn 0.408414 -0.726696 0.552369
vn 0.408413 -0.726698 0.552368
vn 0.408414 -0.726696 0.552368
vn 0.343447 -0.820635 0.456729
vn 0.334564 -0.807278 0.486178
vn 0.318524 -0.825036 0.466752
vn 0.313288 -0.827139 0.466575
vn 0.151922 -0.884812 0.440485
vn 0.304909 -0.834588 0.458795
vn 0.302943 -0.814617 0.494595
vn 0.408412 -0.726698 0.552367
vn 0.408414 -0.726696 0.552368
vn 0.408411 -0.726696 0.552371
vn 0.408417 -0.726696 0.552365
vn 0.262382 -0.827586 0.496242
vn 0.410608 -0.733212 0.542035
vn 0.408409 -0.726694 0.552374
vn 0.422681 -0.770698 0.476828
vn 0.408426 -0.726697 0.552358
vn 0.262231 -0.842680 0.470239
vn 0.286840 -0.859788 0.422477
vn 0.265503 -0.865400 0.424960
vn 0.254972 -0.881232 0.398020
vn 0.066843 -0.972028 0.225153
vn 0.002083 -0.979905 0.199454
vn 0.270044 -0.843603 0.464122
vn 0.190199 -0.946869 0.259351
vn 0.313503 -0.824290 0.471446
vn 0.287371 -0.904936 0.313862
vn -0.061938 -0.995791 0.067562
vn -0.109915 -0.992690 0.049855
vn -0.131076 -0.990633 0.038284
vn -0.132795 -0.991023 0.015449
vn -0.132794 -0.991023 0.015449
vn -0.132797 -0.991023 0.015449
vn -0.132796 -0.991023 0.015450
vn -0.132795 -0.991023 0.015451
vn -0.132794 -0.991023 0.015450
vn -0.132796 -0.991023 0.015451
vn -0.132794 -0.991023 0.015448
vn -0.132791 -0.991024 0.015447
vn -0.100382 -0.994106 0.040943
vn -0.110305 -0.993719 0.018869
vn -0.086041 -0.992210 0.090094
vn -0.013309 -0.989627 0.143041
vn 0.929237 -0.027725 -0.368442
vn 0.905307 0.025002 -0.424022
vn 0.905307 0.025002 -0.424022
vn 0.926476 -0.020907 -0.375773
vn 0.606482 -0.192116 -0.771538
vn 0.623328 -0.182549 -0.760354
vn 0.621848 -0.183400 -0.761360
vn 0.606482 -0.192116 -0.771538
vn 0.656494 -0.182541 -0.731912
vn 0.652743 -0.186762 -0.734198
vn 0.555002 -0.282736 -0.782325
vn 0.555002 -0.282736 -0.782325
vn 0.420218 -0.387516 -0.820517
vn 0.420217 -0.387517 -0.820517
vn 0.211554 -0.513303 -0.831724
vn 0.211555 -0.513303 -0.831724
vn 0.062668 -0.581384 -0.811212
vn 0.062668 -0.581384 -0.811212
vn -0.486967 -0.685287 -0.541520
vn -0.552973 -0.678427 -0.483692
vn -0.552973 -0.678427 -0.483691
vn -0.486967 -0.685287 -0.541520
vn -0.614695 -0.666310 -0.422115
vn -0.614695 -0.666310 -0.422115
vn -0.894503 -0.439178 0.083591
vn -0.912228 -0.346340 0.218835
vn -0.912228 -0.346339 0.218835
vn -0.894503 -0.439178 0.083591
vn -0.892908 -0.192421 0.407050
vn -0.892908 -0.192421 0.407050
vn -0.846217 -0.074554 0.527597
vn -0.846217 -0.074554 0.527597
vn -0.786367 0.031831 0.616939
vn -0.789078 0.027455 0.613680
vn -0.812597 0.030792 0.582012
vn -0.813641 0.029876 0.580600
vn -0.824201 0.020446 0.565929
vn -0.824201 0.020446 0.565929
vn -0.463870 0.228424 0.855948
vn -0.418638 0.172533 0.891614
vn -0.424647 0.179833 0.887319
vn -0.463870 0.228424 0.855948
vn -0.438722 0.098448 0.893214
vn -0.438266 0.098777 0.893401
vn -0.468632 0.076515 0.880074
vn -0.468632 0.076515 0.880074
vn 0.345232 -0.031642 0.937984
vn 0.463547 -0.048324 0.884754
vn 0.463547 -0.048324 0.884753
vn 0.345232 -0.031642 0.937984
vn 0.674495 -0.078938 0.734047
vn 0.674495 -0.078938 0.734047
vn 0.839476 -0.104174 0.533319
vn 0.839476 -0.104174 0.533318
vn 0.901070 -0.114222 0.418361
vn 0.901070 -0.114222 0.418361
vn 0.905551 -0.127651 -0.404576
vn 0.920306 -0.103467 -0.377268
vn 0.920517 -0.103102 -0.376853
vn 0.905551 -0.127651 -0.404576
s 1
g pDisc5
usemtl initialShadingGroup
f 2574/2662/2853 2575/2663/2854 2576/2664/2855 2577/2665/2856
f 2576/2664/2855 2578/2666/2857 2579/2795/2858 2577/2665/2856
f 2579/2795/2858 2580/2794/2859 2581/2669/2860 2577/2665/2856
f 2581/2669/2860 2582/2670/2861 2574/2662/2853 2577/2665/2856
f 2581/2669/2860 2580/2794/2859 2583/2793/2862 2584/2672/2863
f 2583/2793/2862 2585/2792/2864 2586/2791/2865 2584/2672/2863
f 2586/2791/2865 2587/2790/2866 2588/2676/2867 2584/2672/2863
f 2588/2676/2867 2582/2670/2861 2581/2669/2860 2584/2672/2863
f 2588/2676/2867 2587/2790/2866 2589/2789/2868 2590/2678/2869
f 2589/2789/2868 2591/2788/2870 2592/2680/2871 2590/2678/2869
f 2592/2680/2871 2593/2681/2872 2594/2682/2873 2590/2678/2869
f 2594/2682/2873 2582/2670/2861 2588/2676/2867 2590/2678/2869
f 2594/2682/2873 2593/2681/2872 2595/2683/2874 2596/2684/2875
f 2595/2683/2874 2597/2685/2876 2598/2686/2877 2596/2684/2875
f 2598/2686/2877 2575/2663/2854 2574/2662/2853 2596/2684/2875
f 2574/2662/2853 2582/2670/2861 2594/2682/2873 2596/2684/2875
f 2599/2687/2878 2593/2681/2872 2592/2680/2871 2600/2688/2879
f 2592/2680/2871 2591/2788/2870 2601/2689/2880 2600/2688/2879
f 2601/2689/2880 2602/2690/2881 2603/2691/2882 2600/2688/2879
f 2603/2691/2882 2604/2692/2883 2599/2687/2878 2600/2688/2879
f 2603/2691/2882 2602/2690/2881 2605/2693/2884 2606/2694/2885
f 2605/2693/2884 2607/2695/2886 2608/2696/2887 2606/2694/2885
f 2608/2696/2887 2609/2697/2888 2610/2698/2889 2606/2694/2885
f 2610/2698/2889 2604/2692/2883 2603/2691/2882 2606/2694/2885
f 2610/2698/2889 2609/2697/2888 2611/2699/2890 2612/2700/2891
f 2611/2699/2890 2613/2701/2892 2614/2702/2893 2612/2700/2891
f 2614/2702/2893 2615/2703/2894 2616/2704/2895 2612/2700/2891
f 2616/2704/2895 2604/2692/2883 2610/2698/2889 2612/2700/2891
f 2616/2704/2895 2615/2703/2894 2617/2705/2896 2618/2706/2897
f 2617/2705/2896 2597/2685/2876 2595/2683/2874 2618/2706/2897
f 2595/2683/2874 2593/2681/2872 2599/2687/2878 2618/2706/2897
f 2599/2687/2878 2604/2692/2883 2616/2704/2895 2618/2706/2897
f 2619/2707/2898 2615/2703/2894 2614/2702/2893 2620/2708/2899
f 2614/2702/2893 2613/2701/2892 2621/2709/2900 2620/2708/2899
f 2621/2709/2900 2622/2710/2901 2623/2711/2902 2620/2708/2899
f 2623/2711/2902 2624/2712/2903 2619/2707/2898 2620/2708/2899
f 2623/2711/2902 2622/2710/2901 2625/2713/2904 2626/2714/2905
f 2625/2713/2904 2627/2715/2906 2628/2787/2907 2626/2714/2905
f 2628/2787/2907 2629/2786/2908 2630/2718/2909 2626/2714/2905
f 2630/2718/2909 2624/2712/2903 2623/2711/2902 2626/2714/2905
f 2630/2718/2909 2629/2786/2908 2631/2784/2910 2632/2720/2911
f 2631/2784/2910 2578/2666/2857 2576/2664/2855 2632/2720/2911
f 2576/2664/2855 2575/2663/2854 2633/2721/2912 2632/2720/2911
f 2633/2721/2912 2624/2712/2903 2630/2718/2909 2632/2720/2911
f 2633/2721/2912 2575/2663/2854 2598/2686/2877 2634/2722/2913
f 2598/2686/2877 2597/2685/2876 2617/2705/2896 2634/2722/2913
f 2617/2705/2896 2615/2703/2894 2619/2707/2898 2634/2722/2913
f 2619/2707/2898 2624/2712/2903 2633/2721/2912 2634/2722/2913
s 2
f 2535/2723/2914 2536/2724/2915 2532/2725/2916 2523/2726/2917
f 2532/2725/2916 2536/2724/2915 2533/2727/2918 2518/2728/2919
f 2533/2727/2918 2536/2724/2915 2534/2729/2920 2520/2730/2921
f 2534/2729/2920 2536/2724/2915 2535/2723/2914 2524/2731/2922
f 2534/2729/2920 2540/2732/2923 2537/2733/2924 2520/2730/2921
f 2537/2733/2924 2540/2732/2923 2538/2734/2925 2513/2735/2926
f 2538/2734/2925 2540/2732/2923 2539/2736/2927 2521/2737/2928
f 2539/2736/2927 2540/2732/2923 2534/2729/2920 2524/2731/2922
f 2539/2736/2927 2544/2738/2929 2541/2739/2930 2521/2737/2928
f 2541/2739/2930 2544/2738/2929 2542/2740/2931 2516/2741/2932
f 2542/2740/2931 2544/2738/2929 2543/2742/2933 2522/2743/2934
f 2543/2742/2933 2544/2738/2929 2539/2736/2927 2524/2731/2922
f 2543/2742/2933 2547/2744/2935 2545/2745/2936 2522/2743/2934
f 2545/2745/2936 2547/2744/2935 2546/2746/2937 2519/2747/2938
f 2546/2746/2937 2547/2744/2935 2535/2723/2914 2523/2726/2917
f 2535/2723/2914 2547/2744/2935 2543/2742/2933 2524/2731/2922
f 2550/2748/2939 2551/2749/2940 2542/2740/2931 2522/2743/2934
f 2542/2740/2931 2551/2749/2940 2548/2750/2941 2516/2741/2932
f 2548/2750/2941 2551/2749/2940 2549/2751/2942 2525/2752/2943
f 2549/2751/2942 2551/2749/2940 2550/2748/2939 2528/2753/2944
f 2549/2751/2942 2555/2754/2945 2552/2755/2946 2525/2752/2943
f 2552/2755/2946 2555/2754/2945 2553/2756/2947 2514/2757/2948
f 2553/2756/2947 2555/2754/2945 2554/2758/2949 2526/2759/2950
f 2554/2758/2949 2555/2754/2945 2549/2751/2942 2528/2753/2944
f 2554/2758/2949 2559/2760/2951 2556/2761/2952 2526/2759/2950
f 2556/2761/2952 2559/2760/2951 2557/2762/2953 2517/2763/2954
f 2557/2762/2953 2559/2760/2951 2558/2764/2955 2527/2765/2956
f 2558/2764/2955 2559/2760/2951 2554/2758/2949 2528/2753/2944
f 2558/2764/2955 2561/2766/2957 2560/2767/2958 2527/2765/2956
f 2560/2767/2958 2561/2766/2957 2545/2745/2936 2519/2747/2938
f 2545/2745/2936 2561/2766/2957 2550/2748/2939 2522/2743/2934
f 2550/2748/2939 2561/2766/2957 2558/2764/2955 2528/2753/2944
f 2564/2768/2959 2565/2769/2960 2557/2762/2953 2527/2765/2956
f 2557/2762/2953 2565/2769/2960 2562/2770/2961 2517/2763/2954
f 2562/2770/2961 2565/2769/2960 2563/2771/2962 2529/2772/2963
f 2563/2771/2962 2565/2769/2960 2564/2768/2959 2531/2773/2964
f 2563/2771/2962 2569/2774/2965 2566/2775/2966 2529/2772/2963
f 2566/2775/2966 2569/2774/2965 2567/2776/2967 2515/2777/2968
f 2567/2776/2967 2569/2774/2965 2568/2778/2969 2530/2779/2970
f 2568/2778/2969 2569/2774/2965 2563/2771/2962 2531/2773/2964
f 2568/2778/2969 2572/2780/2971 2570/2781/2972 2530/2779/2970
f 2570/2781/2972 2572/2780/2971 2532/2725/2916 2518/2728/2919
f 2532/2725/2916 2572/2780/2971 2571/2782/2973 2523/2726/2917
f 2571/2782/2973 2572/2780/2971 2568/2778/2969 2531/2773/2964
f 2571/2782/2973 2573/2783/2974 2546/2746/2937 2523/2726/2917
f 2546/2746/2937 2573/2783/2974 2560/2767/2958 2519/2747/2938
f 2560/2767/2958 2573/2783/2974 2564/2768/2959 2527/2765/2956
f 2564/2768/2959 2573/2783/2974 2571/2782/2973 2531/2773/2964
s 3
f 2518/2728/2975 2533/2727/2976 2579/2667/2977 2578/2785/2978
s 4
f 2533/2727/2979 2520/2730/2980 2580/2668/2981 2579/2667/2982
f 2520/2730/2980 2537/2733/2983 2583/2671/2984 2580/2668/2981
f 2537/2733/2983 2513/2735/2985 2585/2673/2986 2583/2671/2984
f 2513/2735/2985 2538/2734/2987 2586/2674/2988 2585/2673/2986
f 2538/2734/2987 2521/2737/2989 2587/2675/2990 2586/2674/2988
f 2521/2737/2989 2541/2739/2991 2589/2677/2992 2587/2675/2990
s 5
f 2541/2739/2993 2516/2741/2994 2591/2679/2995 2589/2677/2996
f 2516/2741/2994 2548/2750/2997 2601/2689/2998 2591/2679/2995
s 6
f 2548/2750/2999 2525/2752/3000 2602/2690/3001 2601/2689/3002
f 2525/2752/3000 2552/2755/3003 2605/2693/3004 2602/2690/3001
f 2552/2755/3003 2514/2757/3005 2607/2695/3006 2605/2693/3004
f 2514/2757/3005 2553/2756/3007 2608/2696/3008 2607/2695/3006
f 2553/2756/3007 2526/2759/3009 2609/2697/3010 2608/2696/3008
f 2526/2759/3009 2556/2761/3011 2611/2699/3012 2609/2697/3010
s 7
f 2556/2761/3013 2517/2763/3014 2613/2701/3015 2611/2699/3016
f 2517/2763/3014 2562/2770/3017 2621/2709/3018 2613/2701/3015
f 2562/2770/3017 2529/2772/3019 2622/2710/3020 2621/2709/3018
s 8
f 2529/2772/3021 2566/2775/3022 2625/2713/3023 2622/2710/3024
f 2566/2775/3022 2515/2777/3025 2627/2715/3026 2625/2713/3023
f 2515/2777/3025 2567/2776/3027 2628/2716/3028 2627/2715/3026
f 2567/2776/3027 2530/2779/3029 2629/2717/3030 2628/2716/3028
s 3
f 2530/2779/3031 2570/2781/3032 2631/2719/3033 2629/2717/3034
f 2570/2781/3032 2518/2728/2975 2578/2785/2978 2631/2719/3033
g default
v -0.145464 19.812116 -2.511908
v -1.679561 19.331815 -3.707102
v -3.818652 20.494542 0.249938
v -0.460888 19.143451 -3.516986
v -3.889690 20.505855 -1.823395
v -1.915726 21.123871 -0.285507
v -2.429978 20.711423 -1.619657
v -0.557828 20.236770 -1.995291
v -0.012066 19.436676 -2.963852
v -0.912512 19.571966 -3.109505
v -2.172852 20.917648 -0.952582
v -0.604583 19.953330 -2.489934
v -1.151735 19.079862 -3.851752
v -2.236298 19.711269 -3.302963
v -3.159835 20.608638 -1.721526
v -1.672066 19.619118 -3.321595
v -4.275615 20.353735 -0.353998
v -3.135946 20.710546 0.533903
v -3.397412 20.634863 -0.347137
v -2.044288 21.020757 -0.619044
v -1.542330 21.069455 -0.493749
v -0.564743 20.108281 -2.269061
v -1.903486 20.730973 -1.223311
v -1.737469 20.891814 -0.877510
v -0.309484 20.035669 -2.273419
v -0.044020 19.607813 -2.747402
v -0.308324 19.695002 -2.726893
v -0.321754 19.866341 -2.503471
v -0.051780 19.310375 -3.146508
v -0.686700 19.357709 -3.313246
v -0.608331 19.809678 -2.682687
v -0.347295 19.573386 -2.903037
v -2.159178 20.433195 -1.855435
v -2.301415 20.814535 -1.286120
v -2.031332 20.582085 -1.539373
v -0.931552 19.034931 -3.831926
v -1.411901 19.349491 -3.586674
v -1.442507 19.548511 -3.332582
v -1.199518 19.306570 -3.566992
v -1.406867 19.181124 -3.809177
v -1.951234 19.521663 -3.552484
v -1.937719 19.678424 -3.338727
v -1.676684 19.442132 -3.559077
v -3.744001 20.380147 -2.209040
v -3.524762 20.557246 -1.772460
v -2.890469 20.421966 -1.992255
v -3.294285 20.404400 -2.090404
v -2.794907 20.660032 -1.670591
v -2.524823 20.427582 -1.923846
v -4.001971 20.449617 -1.260315
v -3.836513 20.494299 -0.350568
v -3.163056 20.717875 -1.221296
v -3.558634 20.591424 -1.244495
v -4.084913 20.411755 -0.020557
v -3.494977 20.596454 0.439054
v -3.266679 20.672704 0.093383
v -3.656906 20.548421 0.020677
v -2.390236 20.954224 -0.004634
v -2.669565 20.872377 -0.836824
v -2.533481 20.912384 -0.445812
v -2.811000 20.830205 -1.178328
v -1.895118 20.837255 -1.276762
v -2.184681 21.032236 -0.983447
v -2.056118 21.135347 -0.649909
v -1.729100 20.998095 -0.930961
v -1.927555 21.238459 -0.316371
v -1.533961 21.175735 -0.547201
v -0.549460 20.343052 -2.048743
v -0.539423 20.201490 -2.339017
v -0.579262 20.046540 -2.559891
v -0.284164 20.128877 -2.343376
v -0.296434 19.959549 -2.573427
v -0.120144 19.905325 -2.581865
v -0.018699 19.701018 -2.817358
v 0.013254 19.529886 -3.033809
v -0.283004 19.788212 -2.796850
v -0.026459 19.403582 -3.216464
v -0.321975 19.666596 -2.972994
v -0.435568 19.236657 -3.586943
v -0.661380 19.450916 -3.383202
v -0.887192 19.665174 -3.179462
v -0.583010 19.902887 -2.752644
v -2.150810 20.539476 -1.908887
v -2.022964 20.688365 -1.592824
v -2.441808 20.826012 -1.650522
v -2.313244 20.929122 -1.316984
v -1.417186 19.641718 -3.402539
v -1.174197 19.399777 -3.636948
v -0.906231 19.128141 -3.901883
v -1.126415 19.173073 -3.921709
v -1.386580 19.442699 -3.656630
v -1.646746 19.712326 -3.391552
v -1.381547 19.274334 -3.879134
v -1.651363 19.535340 -3.629034
v -1.654241 19.425022 -3.777058
v -1.925914 19.614872 -3.622441
v -2.227929 19.817550 -3.356415
v -1.912399 19.771632 -3.408684
v -3.735633 20.486426 -2.262492
v -3.285917 20.510682 -2.143856
v -3.901519 20.620441 -1.854259
v -3.536592 20.671836 -1.803326
v -3.171663 20.723226 -1.752391
v -2.882100 20.528247 -2.045707
v -2.806735 20.774619 -1.701456
v -2.516455 20.533862 -1.977297
v -3.199421 20.831449 -1.220260
v -3.595000 20.704999 -1.243459
v -4.038337 20.563191 -1.259279
v -4.311981 20.467309 -0.352962
v -3.872879 20.607872 -0.349531
v -3.433777 20.748437 -0.346101
v -4.121278 20.525329 -0.019521
v -3.693272 20.661997 0.021712
v -3.855017 20.608116 0.250974
v -3.531342 20.710030 0.440089
v -3.172311 20.824121 0.534938
v -3.303044 20.786279 0.094418
v -2.426601 21.067802 -0.003599
v -2.569846 21.025959 -0.444776
v -2.705931 20.985952 -0.835787
v -2.847365 20.943781 -1.177293
vt 0.387643 0.033715
vt 0.388481 0.038053
vt 0.385545 0.039828
vt 0.384730 0.035941
vt 0.382444 0.041320
vt 0.381576 0.038165
vt 0.377115 0.021505
vt 0.378131 0.018549
vt 0.379320 0.016083
vt 0.375945 0.017615
vt 0.376738 0.015045
vt 0.375052 0.014640
vt 0.374218 0.011929
vt 0.373405 0.009505
vt 0.376913 0.012350
vt 0.372502 0.007216
vt 0.377196 0.010247
vt 0.364715 0.006079
vt 0.381218 0.005881
vt 0.383811 0.009183
vt 0.379916 0.013674
vt 0.392532 0.028927
vt 0.390101 0.031398
vt 0.393986 0.033874
vt 0.391253 0.036048
vt 0.389986 0.008566
vt 0.387654 0.004440
vt 0.357672 0.007211
vt 0.355315 0.009074
vt 0.390121 0.005110
vt 0.392370 0.009881
vt 0.353409 0.012029
vt 0.392998 0.006772
vt 0.352122 0.015872
vt 0.351516 0.020260
vt 0.351925 0.025595
vt 0.395189 0.011125
vt 0.353427 0.049034
vt 0.404217 0.033277
vt 0.357040 0.053980
vt 0.404322 0.039070
vt 0.400878 0.037218
vt 0.399983 0.031770
vt 0.397416 0.035445
vt 0.396266 0.030250
vt 0.397791 0.042647
vt 0.401064 0.045506
vt 0.363785 0.059087
vt 0.375335 0.064654
vt 0.394496 0.055749
vt 0.392619 0.051659
vt 0.380700 0.062826
vt 0.389366 0.056385
vt 0.385727 0.058768
vt 0.385253 0.055567
vt 0.384665 0.052839
vt 0.388426 0.052672
vt 0.383407 0.045842
vt 0.387877 0.044175
vt 0.391493 0.042340
vt 0.394626 0.040542
vt 0.372970 0.037564
vt 0.376666 0.038098
vt 0.377782 0.041678
vt 0.374245 0.041415
vt 0.380548 0.038514
vt 0.381379 0.041646
vt 0.373479 0.020070
vt 0.375838 0.021814
vt 0.371179 0.018658
vt 0.372813 0.016361
vt 0.374865 0.018036
vt 0.373120 0.012334
vt 0.373960 0.015017
vt 0.371190 0.014321
vt 0.372317 0.010022
vt 0.369750 0.012901
vt 0.371365 0.008236
vt 0.364097 0.011352
vt 0.364598 0.007338
vt 0.369405 0.017025
vt 0.363693 0.015415
vt 0.369621 0.036781
vt 0.366207 0.035900
vt 0.370774 0.040983
vt 0.367289 0.040447
vt 0.358043 0.017892
vt 0.358037 0.013298
vt 0.358119 0.008342
vt 0.356248 0.014981
vt 0.356211 0.009913
vt 0.356623 0.020113
vt 0.354572 0.017708
vt 0.354527 0.012569
vt 0.352757 0.020407
vt 0.353332 0.016155
vt 0.354785 0.022492
vt 0.353183 0.025488
vt 0.358130 0.045261
vt 0.354654 0.048832
vt 0.360475 0.049899
vt 0.358100 0.053256
vt 0.361052 0.041918
vt 0.362687 0.046602
vt 0.363563 0.038826
vt 0.364950 0.043416
vt 0.367575 0.049290
vt 0.365816 0.053278
vt 0.364398 0.057974
vt 0.375631 0.059000
vt 0.375375 0.063453
vt 0.375803 0.054658
vt 0.380228 0.057618
vt 0.379877 0.061872
vt 0.384073 0.055726
vt 0.383911 0.058589
vt 0.380092 0.054042
vt 0.383727 0.053038
vt 0.377333 0.046207
vt 0.382124 0.046059
vt 0.373208 0.046144
vt 0.369559 0.046037
vt 0.391515 0.060116
vt 0.396765 0.059847
vt 0.404438 0.049071
vt 0.407851 0.040953
vt 0.409139 0.034731
vt 0.398209 0.013266
vt 0.395968 0.008332
vt 0.393383 0.004846
vt 0.390537 0.002192
vt 0.387674 0.000560
vt 0.385058 0.000000
vt 0.378701 0.002818
vn 0.065661 0.874134 -0.481227
vn -0.014084 0.963479 -0.267414
vn -0.127372 0.966560 -0.222571
vn 0.059485 0.894253 -0.443592
vn -0.189198 0.963694 -0.188411
vn 0.047926 0.908382 -0.415386
vn 0.080473 0.891578 -0.445659
vn 0.058729 0.870092 -0.489378
vn 0.058871 0.855766 -0.514003
vn 0.227146 0.829155 -0.510790
vn 0.214552 0.788786 -0.576008
vn 0.212316 0.781557 -0.586592
vn 0.212320 0.781560 -0.586587
vn 0.212313 0.781558 -0.586592
vn 0.212315 0.781559 -0.586591
vn 0.212312 0.781557 -0.586594
vn 0.212311 0.781558 -0.586593
vn 0.212313 0.781558 -0.586592
vn 0.212312 0.781558 -0.586592
vn 0.133265 0.848553 -0.512054
vn 0.100496 0.850155 -0.516853
vn 0.110716 0.864855 -0.489661
vn 0.109957 0.862764 -0.493507
vn 0.090129 0.878697 -0.468796
vn 0.074907 0.941289 -0.329186
vn 0.142733 0.863378 -0.483948
vn 0.212311 0.781559 -0.586591
vn 0.212313 0.781559 -0.586590
vn 0.212309 0.781559 -0.586592
vn 0.212312 0.781559 -0.586591
vn 0.145269 0.882815 -0.446693
vn 0.212312 0.781559 -0.586591
vn 0.199599 0.784105 -0.587656
vn 0.212309 0.781556 -0.586596
vn 0.122995 0.796548 -0.591932
vn 0.065920 0.887022 -0.456998
vn 0.117531 0.888501 -0.443567
vn 0.037712 0.905184 -0.423343
vn 0.066681 0.896505 -0.437986
vn -0.149007 0.976278 -0.157093
vn -0.129534 0.965884 -0.224253
vn -0.107019 0.934382 -0.339818
vn 0.107396 0.887200 -0.448712
vn -0.057816 0.899736 -0.432588
vn 0.115129 0.864383 -0.489477
vn -0.266254 0.961254 -0.071410
vn -0.275302 0.961102 -0.022186
vn -0.282989 0.959123 0.000471
vn -0.304927 0.952336 0.008685
vn -0.304928 0.952336 0.008685
vn -0.304928 0.952336 0.008685
vn -0.304928 0.952336 0.008683
vn -0.304928 0.952336 0.008684
vn -0.304931 0.952335 0.008687
vn -0.304926 0.952336 0.008684
vn -0.304928 0.952336 0.008683
vn -0.304928 0.952336 0.008684
vn -0.303711 0.952635 -0.015675
vn -0.285061 0.958046 -0.029790
vn -0.241696 0.968943 -0.052278
vn -0.202458 0.970600 -0.130178
vn -0.066099 -0.873313 0.482655
vn -0.062112 -0.894355 0.443025
vn 0.129131 -0.966522 0.221720
vn 0.007752 -0.962995 0.269409
vn -0.051975 -0.908360 0.414947
vn 0.191076 -0.963201 0.189036
vn -0.057944 -0.870978 0.487894
vn -0.084243 -0.892585 0.442940
vn -0.057901 -0.855895 0.513899
vn -0.214446 -0.788455 0.576499
vn -0.226816 -0.828103 0.512641
vn -0.212307 -0.781556 0.586598
vn -0.212327 -0.781561 0.586583
vn -0.212309 -0.781557 0.586595
vn -0.212311 -0.781559 0.586591
vn -0.212312 -0.781560 0.586590
vn -0.212312 -0.781560 0.586590
vn -0.212312 -0.781559 0.586591
vn -0.212312 -0.781558 0.586592
vn -0.100035 -0.850234 0.516813
vn -0.133179 -0.848618 0.511967
vn -0.111203 -0.861827 0.494862
vn -0.111024 -0.864641 0.489970
vn -0.088718 -0.938175 0.334599
vn -0.102372 -0.870585 0.481250
vn -0.142749 -0.863606 0.483536
vn -0.212311 -0.781558 0.586593
vn -0.212311 -0.781557 0.586594
vn -0.212309 -0.781557 0.586595
vn -0.212308 -0.781555 0.586598
vn -0.145294 -0.883256 0.445812
vn -0.200186 -0.783990 0.587609
vn -0.212309 -0.781555 0.586597
vn -0.125134 -0.796265 0.591864
vn -0.212317 -0.781559 0.586589
vn -0.115982 -0.889148 0.442677
vn -0.062416 -0.885751 0.459944
vn -0.065672 -0.895469 0.440252
vn -0.036622 -0.903553 0.426908
vn 0.129989 -0.966254 0.222389
vn 0.147920 -0.976712 0.155415
vn -0.108925 -0.886721 0.449289
vn 0.106114 -0.932199 0.346041
vn -0.116497 -0.863485 0.490737
vn 0.054115 -0.893457 0.445876
vn 0.267526 -0.960961 0.070600
vn 0.276531 -0.960793 0.020163
vn 0.283767 -0.958889 -0.002856
vn 0.304928 -0.952336 -0.008685
vn 0.304927 -0.952336 -0.008684
vn 0.304928 -0.952336 -0.008685
vn 0.304927 -0.952336 -0.008685
vn 0.304927 -0.952336 -0.008686
vn 0.304926 -0.952337 -0.008683
vn 0.304927 -0.952336 -0.008684
vn 0.304926 -0.952336 -0.008686
vn 0.304926 -0.952336 -0.008686
vn 0.286583 -0.957646 0.027993
vn 0.305667 -0.952033 0.014204
vn 0.242109 -0.968918 0.050798
vn 0.201680 -0.970626 0.131188
vn 0.476743 0.251667 0.842247
vn 0.507339 0.314263 0.802400
vn 0.507339 0.314263 0.802400
vn 0.480878 0.259864 0.837393
vn 0.864665 0.169708 0.472815
vn 0.853256 0.178020 0.490167
vn 0.854283 0.177287 0.488640
vn 0.864665 0.169708 0.472815
vn 0.831218 0.174793 0.527754
vn 0.834280 0.170928 0.524176
vn 0.898640 0.079661 0.431394
vn 0.898640 0.079661 0.431394
vn 0.951788 -0.029384 0.305344
vn 0.951789 -0.029385 0.305343
vn 0.977077 -0.179362 0.114672
vn 0.977077 -0.179361 0.114673
vn 0.961215 -0.275166 -0.018717
vn 0.961215 -0.275166 -0.018717
vn 0.671964 -0.552602 -0.493047
vn 0.606969 -0.575916 -0.547640
vn 0.606968 -0.575916 -0.547640
vn 0.671964 -0.552602 -0.493047
vn 0.537271 -0.594768 -0.597989
vn 0.537271 -0.594768 -0.597989
vn -0.048145 -0.591176 -0.805104
vn -0.207981 -0.550378 -0.808596
vn -0.207982 -0.550378 -0.808596
vn -0.048145 -0.591176 -0.805104
vn -0.432937 -0.462915 -0.773482
vn -0.432938 -0.462915 -0.773482
vn -0.578985 -0.382958 -0.719805
vn -0.578985 -0.382959 -0.719805
vn -0.690320 -0.301576 -0.657655
vn -0.686161 -0.305098 -0.660377
vn -0.660968 -0.296060 -0.689543
vn -0.659482 -0.296649 -0.690712
vn -0.644031 -0.302642 -0.702589
vn -0.644031 -0.302642 -0.702589
vn -0.936497 -0.137777 -0.322475
vn -0.944631 -0.193340 -0.265127
vn -0.943921 -0.186215 -0.272649
vn -0.936497 -0.137777 -0.322475
vn -0.923609 -0.266437 -0.275603
vn -0.923835 -0.266110 -0.275164
vn -0.907921 -0.287931 -0.304589
vn -0.907921 -0.287931 -0.304589
vn -0.816114 -0.265990 0.513038
vn -0.745058 -0.244221 0.620681
vn -0.745057 -0.244221 0.620682
vn -0.816114 -0.265990 0.513038
vn -0.566134 -0.188588 0.802451
vn -0.566134 -0.188588 0.802451
vn -0.348630 -0.120102 0.929534
vn -0.348630 -0.120102 0.929534
vn -0.229967 -0.082472 0.969698
vn -0.229967 -0.082472 0.969698
vn 0.541195 0.165765 0.824397
vn 0.509526 0.182254 0.840932
vn 0.509043 0.182500 0.841171
vn 0.541195 0.165765 0.824397
s 1
g pDisc6
usemtl initialShadingGroup
f 2696/2796/3035 2697/2797/3036 2698/2798/3037 2699/2799/3038
f 2698/2798/3037 2700/2800/3039 2701/2801/3040 2699/2799/3038
f 2701/2801/3040 2702/2802/3041 2703/2803/3042 2699/2799/3038
f 2703/2803/3042 2704/2804/3043 2696/2796/3035 2699/2799/3038
f 2703/2803/3042 2702/2802/3041 2705/2805/3044 2706/2806/3045
f 2705/2805/3044 2707/2807/3046 2708/2808/3047 2706/2806/3045
f 2708/2808/3047 2709/2809/3048 2710/2810/3049 2706/2806/3045
f 2710/2810/3049 2704/2804/3043 2703/2803/3042 2706/2806/3045
f 2710/2810/3049 2709/2809/3048 2711/2811/3050 2712/2812/3051
f 2711/2811/3050 2713/2929/3052 2714/2814/3053 2712/2812/3051
f 2714/2814/3053 2715/2815/3054 2716/2816/3055 2712/2812/3051
f 2716/2816/3055 2704/2804/3043 2710/2810/3049 2712/2812/3051
f 2716/2816/3055 2715/2815/3054 2717/2817/3056 2718/2818/3057
f 2717/2817/3056 2719/2819/3058 2720/2820/3059 2718/2818/3057
f 2720/2820/3059 2697/2797/3036 2696/2796/3035 2718/2818/3057
f 2696/2796/3035 2704/2804/3043 2716/2816/3055 2718/2818/3057
f 2721/2821/3060 2715/2815/3054 2714/2814/3053 2722/2822/3061
f 2714/2814/3053 2713/2929/3052 2723/2928/3062 2722/2822/3061
f 2723/2928/3062 2724/2927/3063 2725/2825/3064 2722/2822/3061
f 2725/2825/3064 2726/2826/3065 2721/2821/3060 2722/2822/3061
f 2725/2825/3064 2724/2927/3063 2727/2926/3066 2728/2828/3067
f 2727/2926/3066 2729/2925/3068 2730/2924/3069 2728/2828/3067
f 2730/2924/3069 2731/2923/3070 2732/2832/3071 2728/2828/3067
f 2732/2832/3071 2726/2826/3065 2725/2825/3064 2728/2828/3067
f 2732/2832/3071 2731/2923/3070 2733/2922/3072 2734/2834/3073
f 2733/2922/3072 2735/2921/3074 2736/2836/3075 2734/2834/3073
f 2736/2836/3075 2737/2837/3076 2738/2838/3077 2734/2834/3073
f 2738/2838/3077 2726/2826/3065 2732/2832/3071 2734/2834/3073
f 2738/2838/3077 2737/2837/3076 2739/2839/3078 2740/2840/3079
f 2739/2839/3078 2719/2819/3058 2717/2817/3056 2740/2840/3079
f 2717/2817/3056 2715/2815/3054 2721/2821/3060 2740/2840/3079
f 2721/2821/3060 2726/2826/3065 2738/2838/3077 2740/2840/3079
f 2741/2841/3080 2737/2837/3076 2736/2836/3075 2742/2842/3081
f 2736/2836/3075 2735/2921/3074 2743/2920/3082 2742/2842/3081
f 2743/2920/3082 2744/2919/3083 2745/2845/3084 2742/2842/3081
f 2745/2845/3084 2746/2846/3085 2741/2841/3080 2742/2842/3081
f 2745/2845/3084 2744/2919/3083 2747/2918/3086 2748/2848/3087
f 2747/2918/3086 2749/2849/3088 2750/2850/3089 2748/2848/3087
f 2750/2850/3089 2751/2851/3090 2752/2852/3091 2748/2848/3087
f 2752/2852/3091 2746/2846/3085 2745/2845/3084 2748/2848/3087
f 2752/2852/3091 2751/2851/3090 2753/2853/3092 2754/2854/3093
f 2753/2853/3092 2700/2800/3039 2698/2798/3037 2754/2854/3093
f 2698/2798/3037 2697/2797/3036 2755/2855/3094 2754/2854/3093
f 2755/2855/3094 2746/2846/3085 2752/2852/3091 2754/2854/3093
f 2755/2855/3094 2697/2797/3036 2720/2820/3059 2756/2856/3095
f 2720/2820/3059 2719/2819/3058 2739/2839/3078 2756/2856/3095
f 2739/2839/3078 2737/2837/3076 2741/2841/3080 2756/2856/3095
f 2741/2841/3080 2746/2846/3085 2755/2855/3094 2756/2856/3095
s 2
f 2657/2857/3096 2658/2858/3097 2654/2859/3098 2645/2860/3099
f 2654/2859/3098 2658/2858/3097 2655/2861/3100 2640/2862/3101
f 2655/2861/3100 2658/2858/3097 2656/2863/3102 2642/2864/3103
f 2656/2863/3102 2658/2858/3097 2657/2857/3096 2646/2865/3104
f 2656/2863/3102 2662/2866/3105 2659/2867/3106 2642/2864/3103
f 2659/2867/3106 2662/2866/3105 2660/2868/3107 2635/2869/3108
f 2660/2868/3107 2662/2866/3105 2661/2870/3109 2643/2871/3110
f 2661/2870/3109 2662/2866/3105 2656/2863/3102 2646/2865/3104
f 2661/2870/3109 2666/2872/3111 2663/2873/3112 2643/2871/3110
f 2663/2873/3112 2666/2872/3111 2664/2874/3113 2638/2875/3114
f 2664/2874/3113 2666/2872/3111 2665/2876/3115 2644/2877/3116
f 2665/2876/3115 2666/2872/3111 2661/2870/3109 2646/2865/3104
f 2665/2876/3115 2669/2878/3117 2667/2879/3118 2644/2877/3116
f 2667/2879/3118 2669/2878/3117 2668/2880/3119 2641/2881/3120
f 2668/2880/3119 2669/2878/3117 2657/2857/3096 2645/2860/3099
f 2657/2857/3096 2669/2878/3117 2665/2876/3115 2646/2865/3104
f 2672/2882/3121 2673/2883/3122 2664/2874/3113 2644/2877/3116
f 2664/2874/3113 2673/2883/3122 2670/2884/3123 2638/2875/3114
f 2670/2884/3123 2673/2883/3122 2671/2885/3124 2647/2886/3125
f 2671/2885/3124 2673/2883/3122 2672/2882/3121 2650/2887/3126
f 2671/2885/3124 2677/2888/3127 2674/2889/3128 2647/2886/3125
f 2674/2889/3128 2677/2888/3127 2675/2890/3129 2636/2891/3130
f 2675/2890/3129 2677/2888/3127 2676/2892/3131 2648/2893/3132
f 2676/2892/3131 2677/2888/3127 2671/2885/3124 2650/2887/3126
f 2676/2892/3131 2681/2894/3133 2678/2895/3134 2648/2893/3132
f 2678/2895/3134 2681/2894/3133 2679/2896/3135 2639/2897/3136
f 2679/2896/3135 2681/2894/3133 2680/2898/3137 2649/2899/3138
f 2680/2898/3137 2681/2894/3133 2676/2892/3131 2650/2887/3126
f 2680/2898/3137 2683/2900/3139 2682/2901/3140 2649/2899/3138
f 2682/2901/3140 2683/2900/3139 2667/2879/3118 2641/2881/3120
f 2667/2879/3118 2683/2900/3139 2672/2882/3121 2644/2877/3116
f 2672/2882/3121 2683/2900/3139 2680/2898/3137 2650/2887/3126
f 2686/2902/3141 2687/2903/3142 2679/2896/3135 2649/2899/3138
f 2679/2896/3135 2687/2903/3142 2684/2904/3143 2639/2897/3136
f 2684/2904/3143 2687/2903/3142 2685/2905/3144 2651/2906/3145
f 2685/2905/3144 2687/2903/3142 2686/2902/3141 2653/2907/3146
f 2685/2905/3144 2691/2908/3147 2688/2909/3148 2651/2906/3145
f 2688/2909/3148 2691/2908/3147 2689/2910/3149 2637/2911/3150
f 2689/2910/3149 2691/2908/3147 2690/2912/3151 2652/2913/3152
f 2690/2912/3151 2691/2908/3147 2685/2905/3144 2653/2907/3146
f 2690/2912/3151 2694/2914/3153 2692/2915/3154 2652/2913/3152
f 2692/2915/3154 2694/2914/3153 2654/2859/3098 2640/2862/3101
f 2654/2859/3098 2694/2914/3153 2693/2916/3155 2645/2860/3099
f 2693/2916/3155 2694/2914/3153 2690/2912/3151 2653/2907/3146
f 2693/2916/3155 2695/2917/3156 2668/2880/3119 2645/2860/3099
f 2668/2880/3119 2695/2917/3156 2682/2901/3140 2641/2881/3120
f 2682/2901/3140 2695/2917/3156 2686/2902/3141 2649/2899/3138
f 2686/2902/3141 2695/2917/3156 2693/2916/3155 2653/2907/3146
s 3
f 2640/2862/3157 2655/2861/3158 2701/2801/3159 2700/2800/3160
s 4
f 2655/2861/3161 2642/2864/3162 2702/2802/3163 2701/2801/3164
f 2642/2864/3162 2659/2867/3165 2705/2805/3166 2702/2802/3163
f 2659/2867/3165 2635/2869/3167 2707/2807/3168 2705/2805/3166
f 2635/2869/3167 2660/2868/3169 2708/2808/3170 2707/2807/3168
f 2660/2868/3169 2643/2871/3171 2709/2809/3172 2708/2808/3170
f 2643/2871/3171 2663/2873/3173 2711/2811/3174 2709/2809/3172
s 5
f 2663/2873/3175 2638/2875/3176 2713/2813/3177 2711/2811/3178
f 2638/2875/3176 2670/2884/3179 2723/2823/3180 2713/2813/3177
s 6
f 2670/2884/3181 2647/2886/3182 2724/2824/3183 2723/2823/3184
f 2647/2886/3182 2674/2889/3185 2727/2827/3186 2724/2824/3183
f 2674/2889/3185 2636/2891/3187 2729/2829/3188 2727/2827/3186
f 2636/2891/3187 2675/2890/3189 2730/2830/3190 2729/2829/3188
f 2675/2890/3189 2648/2893/3191 2731/2831/3192 2730/2830/3190
f 2648/2893/3191 2678/2895/3193 2733/2833/3194 2731/2831/3192
s 7
f 2678/2895/3195 2639/2897/3196 2735/2835/3197 2733/2833/3198
f 2639/2897/3196 2684/2904/3199 2743/2843/3200 2735/2835/3197
f 2684/2904/3199 2651/2906/3201 2744/2844/3202 2743/2843/3200
s 8
f 2651/2906/3203 2688/2909/3204 2747/2847/3205 2744/2844/3206
f 2688/2909/3204 2637/2911/3207 2749/2849/3208 2747/2847/3205
f 2637/2911/3207 2689/2910/3209 2750/2850/3210 2749/2849/3208
f 2689/2910/3209 2652/2913/3211 2751/2851/3212 2750/2850/3210
s 3
f 2652/2913/3213 2692/2915/3214 2753/2853/3215 2751/2851/3216
f 2692/2915/3214 2640/2862/3157 2700/2800/3160 2753/2853/3215
g default
v 1.077445 19.413330 1.808612
v 1.427805 19.608261 -0.154009
v -3.015871 20.916219 0.204896
v 1.801859 19.011168 0.875725
v -1.200598 21.201360 -0.758102
v -1.651414 20.950537 1.767255
v -0.713007 20.893324 0.613720
v 0.448591 19.883302 1.839234
v 1.524553 19.072636 1.591758
v 1.252625 19.510795 0.827301
v -1.182210 20.921930 1.190488
v 0.856112 19.692789 1.485923
v 1.784832 19.217448 0.133742
v 0.831923 20.096578 -0.308087
v -0.956802 21.047342 -0.072191
v 1.099904 19.828430 0.120257
v -2.690562 21.006459 -0.487500
v -2.950842 20.861646 0.970516
v -2.287494 20.982781 0.341534
v -1.416812 20.936234 1.478872
v -1.299274 20.802991 1.967199
v 0.683918 19.798289 1.669231
v -0.827051 20.691896 1.231042
v -1.053197 20.746618 1.575822
v 0.800223 19.647493 1.854116
v 1.324501 19.217257 1.719127
v 1.190332 19.382710 1.538840
v 0.992459 19.520636 1.684708
v 1.663968 18.989322 1.435186
v 1.527242 19.260980 0.851513
v 1.020061 19.582704 1.348790
v 1.324480 19.302760 1.387355
v -0.392196 20.572748 0.639150
v -0.947608 20.907629 0.902104
v -0.609623 20.632323 0.935096
v 1.864892 19.101112 0.309664
v 1.442369 19.522938 0.126999
v 1.210571 19.688700 0.281601
v 1.519112 19.411048 0.297079
v 1.635750 19.390428 -0.024408
v 1.175168 19.856102 -0.246229
v 0.997480 19.972746 -0.087263
v 1.301899 19.692801 -0.048698
v -0.796453 21.082745 -0.849472
v -1.078700 21.124349 -0.415147
v -0.601643 20.817307 -0.031637
v -0.697649 20.944435 -0.415865
v -0.834905 20.970333 0.270764
v -0.496919 20.695030 0.303756
v -1.755363 21.116988 -0.624141
v -2.489029 20.994620 -0.072983
v -1.399258 21.090155 0.181919
v -1.562897 21.103431 -0.200254
v -2.898867 20.958235 -0.163154
v -3.033598 20.883275 0.591570
v -2.619169 20.922212 0.656025
v -2.736192 20.941777 0.257361
v -2.123453 20.912192 1.437805
v -1.511963 21.027449 0.813258
v -1.797024 20.973170 1.111259
v -1.273517 21.075442 0.531748
v -0.771167 20.795286 1.251287
v -1.155234 21.036959 1.206728
v -1.389836 21.051262 1.495112
v -0.997313 20.850011 1.596067
v -1.624438 21.065565 1.783496
v -1.243389 20.906382 1.987444
v 0.504476 19.986693 1.859479
v 0.761623 19.885895 1.691804
v 0.933817 19.780398 1.508496
v 0.877929 19.735101 1.876690
v 1.070164 19.608243 1.707281
v 1.155151 19.500939 1.831185
v 1.402206 19.304865 1.741700
v 1.602258 19.160244 1.614331
v 1.268038 19.470320 1.561414
v 1.741673 19.076929 1.457759
v 1.402186 19.390368 1.409928
v 1.879565 19.098775 0.898298
v 1.604948 19.348590 0.874086
v 1.330330 19.598404 0.849874
v 1.097767 19.670314 1.371363
v -0.336311 20.676141 0.659395
v -0.553739 20.735713 0.955341
v -0.686030 21.008353 0.629960
v -0.920632 21.022656 0.918344
v 1.288277 19.776308 0.304174
v 1.596818 19.498656 0.319651
v 1.942597 19.188720 0.332237
v 1.862537 19.305055 0.156315
v 1.520074 19.610547 0.149572
v 1.177610 19.916038 0.142830
v 1.713455 19.478035 -0.001836
v 1.379605 19.780407 -0.026125
v 1.505510 19.695871 -0.131436
v 1.252873 19.943711 -0.223656
v 0.887807 20.199968 -0.287842
v 1.075186 20.060354 -0.064689
v -0.740568 21.186138 -0.829227
v -0.641764 21.047828 -0.395619
v -1.173621 21.316388 -0.741862
v -1.051724 21.239378 -0.398907
v -0.929826 21.162369 -0.055951
v -0.545759 20.920698 -0.011392
v -0.807928 21.085360 0.287005
v -0.441035 20.798420 0.324002
v -1.411844 21.208367 0.191413
v -1.575481 21.221645 -0.190759
v -1.767947 21.235201 -0.614646
v -2.703147 21.124672 -0.478005
v -2.501612 21.112833 -0.063489
v -2.300078 21.100993 0.351028
v -2.911451 21.076447 -0.153660
v -2.748776 21.059989 0.266856
v -3.028454 21.034431 0.214391
v -3.046182 21.001487 0.601065
v -2.963426 20.979861 0.980011
v -2.631752 21.040426 0.665519
v -2.136037 21.030406 1.447300
v -1.809607 21.091380 1.120754
v -1.524547 21.145663 0.822753
v -1.286101 21.193656 0.541243
vt 0.329625 0.030763
vt 0.332025 0.034472
vt 0.329966 0.037217
vt 0.327755 0.033917
vt 0.327648 0.039761
vt 0.325663 0.037159
vt 0.315292 0.023378
vt 0.315129 0.020257
vt 0.315309 0.017525
vt 0.312752 0.020209
vt 0.312526 0.017528
vt 0.310811 0.017784
vt 0.309023 0.015582
vt 0.307362 0.013638
vt 0.311680 0.014964
vt 0.305669 0.011852
vt 0.311156 0.012908
vt 0.298022 0.013711
vt 0.313253 0.007354
vt 0.316892 0.009446
vt 0.314961 0.015068
vt 0.332367 0.024493
vt 0.331037 0.027695
vt 0.335566 0.028537
vt 0.333845 0.031576
vt 0.322389 0.006564
vt 0.318682 0.003609
vt 0.291914 0.017396
vt 0.290425 0.020006
vt 0.321221 0.003308
vt 0.325092 0.006891
vt 0.289763 0.023459
vt 0.324511 0.003773
vt 0.290007 0.027505
vt 0.291087 0.031801
vt 0.293462 0.036595
vt 0.328171 0.006991
vt 0.303624 0.057771
vt 0.344831 0.024156
vt 0.308825 0.061006
vt 0.347096 0.029489
vt 0.343209 0.029060
vt 0.340341 0.024343
vt 0.339335 0.028712
vt 0.336324 0.024324
vt 0.342377 0.035250
vt 0.346482 0.036677
vt 0.316990 0.063218
vt 0.329784 0.064060
vt 0.344223 0.048633
vt 0.340952 0.045542
vt 0.334076 0.060358
vt 0.339703 0.051142
vt 0.337220 0.054713
vt 0.335583 0.051922
vt 0.334017 0.049612
vt 0.337443 0.048050
vt 0.330232 0.043594
vt 0.333755 0.040375
vt 0.336421 0.037321
vt 0.338654 0.034481
vt 0.317456 0.039822
vt 0.321084 0.038934
vt 0.323458 0.041837
vt 0.320080 0.042916
vt 0.324840 0.037868
vt 0.326782 0.040462
vt 0.311384 0.023408
vt 0.314224 0.024142
vt 0.308722 0.022959
vt 0.309379 0.020217
vt 0.311908 0.021003
vt 0.308157 0.016368
vt 0.309940 0.018542
vt 0.307110 0.018932
vt 0.306547 0.014524
vt 0.305243 0.018155
vt 0.304996 0.013224
vt 0.299421 0.018833
vt 0.298385 0.014923
vt 0.306467 0.022108
vt 0.300567 0.022752
vt 0.314058 0.040349
vt 0.310562 0.040809
vt 0.316699 0.043814
vt 0.313266 0.044621
vt 0.296254 0.027163
vt 0.294530 0.022905
vt 0.292752 0.018278
vt 0.293501 0.025134
vt 0.291570 0.020449
vt 0.295768 0.029753
vt 0.292966 0.028290
vt 0.291002 0.023541
vt 0.292292 0.031473
vt 0.291235 0.027315
vt 0.294954 0.032647
vt 0.294589 0.036025
vt 0.306573 0.052512
vt 0.304687 0.057124
vt 0.310483 0.055936
vt 0.309537 0.059937
vt 0.308033 0.048319
vt 0.311302 0.052051
vt 0.309204 0.044512
vt 0.312209 0.048249
vt 0.316840 0.052715
vt 0.316700 0.057071
vt 0.317143 0.061956
vt 0.327944 0.058705
vt 0.329373 0.062931
vt 0.326479 0.054615
vt 0.331690 0.055705
vt 0.332956 0.059780
vt 0.334548 0.052511
vt 0.335469 0.055227
vt 0.330226 0.052439
vt 0.333221 0.050148
vt 0.324736 0.046205
vt 0.329124 0.044275
vt 0.320887 0.047690
vt 0.317463 0.048956
vt 0.343092 0.053798
vt 0.347860 0.051584
vt 0.350945 0.038721
vt 0.351072 0.029915
vt 0.349939 0.023664
vt 0.331772 0.007846
vt 0.327848 0.004108
vt 0.324147 0.001843
vt 0.320515 0.000446
vt 0.317249 0.000004
vt 0.314614 0.000463
vt 0.309773 0.005455
vn 0.495262 0.856444 0.145665
vn 0.272487 0.940292 0.203964
vn 0.181415 0.974692 0.130632
vn 0.459792 0.872758 0.163969
vn 0.122892 0.988026 0.093284
vn 0.430032 0.886354 0.171610
vn 0.471016 0.863656 0.179565
vn 0.499217 0.855904 0.134943
vn 0.520612 0.845412 0.119335
vn 0.592759 0.765198 0.251217
vn 0.643454 0.739363 0.198263
vn 0.651565 0.734600 0.189276
vn 0.651565 0.734601 0.189274
vn 0.651566 0.734600 0.189276
vn 0.651565 0.734600 0.189276
vn 0.651565 0.734599 0.189278
vn 0.651565 0.734600 0.189277
vn 0.651564 0.734600 0.189278
vn 0.651565 0.734600 0.189277
vn 0.552229 0.814151 0.179445
vn 0.541747 0.826922 0.150698
vn 0.522768 0.834074 0.176165
vn 0.525761 0.832827 0.173130
vn 0.495451 0.851235 0.172992
vn 0.366840 0.897955 0.243115
vn 0.532102 0.821555 0.204731
vn 0.651565 0.734601 0.189275
vn 0.651564 0.734601 0.189276
vn 0.651565 0.734602 0.189269
vn 0.651566 0.734600 0.189273
vn 0.500882 0.834434 0.229862
vn 0.651565 0.734600 0.189275
vn 0.646869 0.741262 0.179141
vn 0.651560 0.734600 0.189294
vn 0.616546 0.778430 0.117977
vn 0.474341 0.865506 0.160937
vn 0.485788 0.848432 0.210172
vn 0.432365 0.887652 0.158538
vn 0.458148 0.871844 0.173173
vn 0.113713 0.982918 0.144709
vn 0.181910 0.974966 0.127870
vn 0.293712 0.952101 0.085068
vn 0.485730 0.851142 0.199058
vn 0.397150 0.914821 0.073317
vn 0.524580 0.832170 0.179744
vn -0.016294 0.996684 0.079719
vn -0.064243 0.993524 0.093713
vn -0.087988 0.991430 0.096570
vn -0.105519 0.991225 0.079612
vn -0.105519 0.991225 0.079613
vn -0.105519 0.991225 0.079616
vn -0.105518 0.991225 0.079613
vn -0.105518 0.991225 0.079614
vn -0.105516 0.991225 0.079614
vn -0.105515 0.991226 0.079613
vn -0.105516 0.991226 0.079611
vn -0.105517 0.991225 0.079613
vn -0.083254 0.994063 0.070058
vn -0.062016 0.994764 0.081228
vn -0.021904 0.993564 0.111137
vn 0.065313 0.991765 0.110161
vn -0.496698 -0.855705 -0.145118
vn -0.460479 -0.871928 -0.166435
vn -0.179862 -0.975126 -0.129532
vn -0.277109 -0.938016 -0.208177
vn -0.431471 -0.884959 -0.175156
vn -0.122581 -0.988252 -0.091284
vn -0.497577 -0.856811 -0.135251
vn -0.470340 -0.863040 -0.184232
vn -0.520087 -0.845837 -0.118614
vn -0.643832 -0.739146 -0.197848
vn -0.594216 -0.764539 -0.249776
vn -0.651566 -0.734601 -0.189268
vn -0.651565 -0.734599 -0.189281
vn -0.651565 -0.734601 -0.189274
vn -0.651564 -0.734600 -0.189280
vn -0.651564 -0.734601 -0.189277
vn -0.651564 -0.734601 -0.189277
vn -0.651564 -0.734601 -0.189277
vn -0.651563 -0.734602 -0.189277
vn -0.541506 -0.827142 -0.150357
vn -0.552116 -0.814231 -0.179433
vn -0.527494 -0.831707 -0.173243
vn -0.523173 -0.833810 -0.176211
vn -0.377778 -0.891189 -0.251131
vn -0.511743 -0.841148 -0.174898
vn -0.531751 -0.821714 -0.205004
vn -0.651564 -0.734601 -0.189277
vn -0.651563 -0.734602 -0.189277
vn -0.651565 -0.734601 -0.189276
vn -0.651565 -0.734601 -0.189272
vn -0.500127 -0.834732 -0.230423
vn -0.647087 -0.740958 -0.179607
vn -0.651565 -0.734600 -0.189279
vn -0.617439 -0.777460 -0.119684
vn -0.651567 -0.734600 -0.189273
vn -0.484322 -0.849436 -0.209499
vn -0.475326 -0.865815 -0.156300
vn -0.459666 -0.871477 -0.170984
vn -0.434979 -0.886911 -0.155506
vn -0.180059 -0.975235 -0.128432
vn -0.112728 -0.982768 -0.146488
vn -0.486916 -0.850264 -0.199910
vn -0.299572 -0.950514 -0.082341
vn -0.526284 -0.831035 -0.180019
vn -0.410397 -0.909338 -0.068402
vn 0.017605 -0.996726 -0.078917
vn 0.066616 -0.993391 -0.093472
vn 0.090476 -0.991175 -0.096886
vn 0.105518 -0.991225 -0.079613
vn 0.105518 -0.991225 -0.079613
vn 0.105518 -0.991225 -0.079614
vn 0.105516 -0.991225 -0.079615
vn 0.105515 -0.991226 -0.079613
vn 0.105513 -0.991226 -0.079617
vn 0.105515 -0.991226 -0.079614
vn 0.105518 -0.991225 -0.079614
vn 0.105518 -0.991225 -0.079614
vn 0.064321 -0.994668 -0.080611
vn 0.085476 -0.993957 -0.068870
vn 0.023410 -0.993496 -0.111433
vn -0.066565 -0.991658 -0.110376
vn -0.523970 -0.021648 0.851462
vn -0.471990 0.031887 0.881027
vn -0.471990 0.031887 0.881027
vn -0.517429 -0.014723 0.855600
vn -0.022831 -0.180215 0.983362
vn -0.043100 -0.170805 0.984362
vn -0.041306 -0.171642 0.984293
vn -0.022831 -0.180215 0.983362
vn -0.086689 -0.171200 0.981415
vn -0.082280 -0.175388 0.981055
vn 0.025640 -0.270692 0.962324
vn 0.025640 -0.270692 0.962325
vn 0.157372 -0.374974 0.913580
vn 0.157372 -0.374974 0.913580
vn 0.332336 -0.500711 0.799275
vn 0.332335 -0.500711 0.799276
vn 0.439941 -0.569187 0.694607
vn 0.439941 -0.569186 0.694607
vn 0.719910 -0.677446 0.150984
vn 0.738151 -0.671489 0.065077
vn 0.738151 -0.671489 0.065077
vn 0.719910 -0.677446 0.150984
vn 0.750673 -0.660329 -0.021333
vn 0.750673 -0.660329 -0.021333
vn 0.670464 -0.440934 -0.596704
vn 0.602982 -0.350134 -0.716812
vn 0.602982 -0.350134 -0.716811
vn 0.670464 -0.440934 -0.596704
vn 0.473617 -0.199023 -0.857949
vn 0.473617 -0.199023 -0.857949
vn 0.363103 -0.082937 -0.928050
vn 0.363103 -0.082936 -0.928051
vn 0.260803 0.022136 -0.965138
vn 0.264961 0.017808 -0.964095
vn 0.302720 0.021600 -0.952835
vn 0.304410 0.020705 -0.952316
vn 0.321727 0.011488 -0.946763
vn 0.321727 0.011488 -0.946763
vn -0.142245 0.215347 -0.966122
vn -0.199355 0.158958 -0.966949
vn -0.192032 0.166318 -0.967193
vn -0.142246 0.215347 -0.966122
vn -0.183595 0.084844 -0.979334
vn -0.184074 0.085170 -0.979215
vn -0.151583 0.063090 -0.986429
vn -0.151583 0.063090 -0.986429
vn -0.837467 -0.045411 -0.544597
vn -0.900291 -0.061223 -0.430962
vn -0.900291 -0.061223 -0.430962
vn -0.837467 -0.045411 -0.544597
vn -0.978915 -0.089455 -0.183638
vn -0.978915 -0.089455 -0.183638
vn -0.990828 -0.111594 0.076204
vn -0.990828 -0.111594 0.076204
vn -0.971332 -0.119887 0.205282
vn -0.971332 -0.119887 0.205282
vn -0.482534 -0.121039 0.867473
vn -0.510896 -0.097256 0.854123
vn -0.511317 -0.096897 0.853912
vn -0.482534 -0.121039 0.867473
s 1
g pDisc7
usemtl initialShadingGroup
f 2818/2930/3217 2819/2931/3218 2820/2932/3219 2821/2933/3220
f 2820/2932/3219 2822/2934/3221 2823/2935/3222 2821/2933/3220
f 2823/2935/3222 2824/2936/3223 2825/2937/3224 2821/2933/3220
f 2825/2937/3224 2826/2938/3225 2818/2930/3217 2821/2933/3220
f 2825/2937/3224 2824/2936/3223 2827/2939/3226 2828/2940/3227
f 2827/2939/3226 2829/2941/3228 2830/2942/3229 2828/2940/3227
f 2830/2942/3229 2831/2943/3230 2832/2944/3231 2828/2940/3227
f 2832/2944/3231 2826/2938/3225 2825/2937/3224 2828/2940/3227
f 2832/2944/3231 2831/2943/3230 2833/2945/3232 2834/2946/3233
f 2833/2945/3232 2835/3063/3234 2836/2948/3235 2834/2946/3233
f 2836/2948/3235 2837/2949/3236 2838/2950/3237 2834/2946/3233
f 2838/2950/3237 2826/2938/3225 2832/2944/3231 2834/2946/3233
f 2838/2950/3237 2837/2949/3236 2839/2951/3238 2840/2952/3239
f 2839/2951/3238 2841/2953/3240 2842/2954/3241 2840/2952/3239
f 2842/2954/3241 2819/2931/3218 2818/2930/3217 2840/2952/3239
f 2818/2930/3217 2826/2938/3225 2838/2950/3237 2840/2952/3239
f 2843/2955/3242 2837/2949/3236 2836/2948/3235 2844/2956/3243
f 2836/2948/3235 2835/3063/3234 2845/3062/3244 2844/2956/3243
f 2845/3062/3244 2846/3061/3245 2847/2959/3246 2844/2956/3243
f 2847/2959/3246 2848/2960/3247 2843/2955/3242 2844/2956/3243
f 2847/2959/3246 2846/3061/3245 2849/3060/3248 2850/2962/3249
f 2849/3060/3248 2851/3059/3250 2852/3058/3251 2850/2962/3249
f 2852/3058/3251 2853/3057/3252 2854/2966/3253 2850/2962/3249
f 2854/2966/3253 2848/2960/3247 2847/2959/3246 2850/2962/3249
f 2854/2966/3253 2853/3057/3252 2855/3056/3254 2856/2968/3255
f 2855/3056/3254 2857/3055/3256 2858/2970/3257 2856/2968/3255
f 2858/2970/3257 2859/2971/3258 2860/2972/3259 2856/2968/3255
f 2860/2972/3259 2848/2960/3247 2854/2966/3253 2856/2968/3255
f 2860/2972/3259 2859/2971/3258 2861/2973/3260 2862/2974/3261
f 2861/2973/3260 2841/2953/3240 2839/2951/3238 2862/2974/3261
f 2839/2951/3238 2837/2949/3236 2843/2955/3242 2862/2974/3261
f 2843/2955/3242 2848/2960/3247 2860/2972/3259 2862/2974/3261
f 2863/2975/3262 2859/2971/3258 2858/2970/3257 2864/2976/3263
f 2858/2970/3257 2857/3055/3256 2865/3054/3264 2864/2976/3263
f 2865/3054/3264 2866/3053/3265 2867/2979/3266 2864/2976/3263
f 2867/2979/3266 2868/2980/3267 2863/2975/3262 2864/2976/3263
f 2867/2979/3266 2866/3053/3265 2869/3052/3268 2870/2982/3269
f 2869/3052/3268 2871/2983/3270 2872/2984/3271 2870/2982/3269
f 2872/2984/3271 2873/2985/3272 2874/2986/3273 2870/2982/3269
f 2874/2986/3273 2868/2980/3267 2867/2979/3266 2870/2982/3269
f 2874/2986/3273 2873/2985/3272 2875/2987/3274 2876/2988/3275
f 2875/2987/3274 2822/2934/3221 2820/2932/3219 2876/2988/3275
f 2820/2932/3219 2819/2931/3218 2877/2989/3276 2876/2988/3275
f 2877/2989/3276 2868/2980/3267 2874/2986/3273 2876/2988/3275
f 2877/2989/3276 2819/2931/3218 2842/2954/3241 2878/2990/3277
f 2842/2954/3241 2841/2953/3240 2861/2973/3260 2878/2990/3277
f 2861/2973/3260 2859/2971/3258 2863/2975/3262 2878/2990/3277
f 2863/2975/3262 2868/2980/3267 2877/2989/3276 2878/2990/3277
s 2
f 2779/2991/3278 2780/2992/3279 2776/2993/3280 2767/2994/3281
f 2776/2993/3280 2780/2992/3279 2777/2995/3282 2762/2996/3283
f 2777/2995/3282 2780/2992/3279 2778/2997/3284 2764/2998/3285
f 2778/2997/3284 2780/2992/3279 2779/2991/3278 2768/2999/3286
f 2778/2997/3284 2784/3000/3287 2781/3001/3288 2764/2998/3285
f 2781/3001/3288 2784/3000/3287 2782/3002/3289 2757/3003/3290
f 2782/3002/3289 2784/3000/3287 2783/3004/3291 2765/3005/3292
f 2783/3004/3291 2784/3000/3287 2778/2997/3284 2768/2999/3286
f 2783/3004/3291 2788/3006/3293 2785/3007/3294 2765/3005/3292
f 2785/3007/3294 2788/3006/3293 2786/3008/3295 2760/3009/3296
f 2786/3008/3295 2788/3006/3293 2787/3010/3297 2766/3011/3298
f 2787/3010/3297 2788/3006/3293 2783/3004/3291 2768/2999/3286
f 2787/3010/3297 2791/3012/3299 2789/3013/3300 2766/3011/3298
f 2789/3013/3300 2791/3012/3299 2790/3014/3301 2763/3015/3302
f 2790/3014/3301 2791/3012/3299 2779/2991/3278 2767/2994/3281
f 2779/2991/3278 2791/3012/3299 2787/3010/3297 2768/2999/3286
f 2794/3016/3303 2795/3017/3304 2786/3008/3295 2766/3011/3298
f 2786/3008/3295 2795/3017/3304 2792/3018/3305 2760/3009/3296
f 2792/3018/3305 2795/3017/3304 2793/3019/3306 2769/3020/3307
f 2793/3019/3306 2795/3017/3304 2794/3016/3303 2772/3021/3308
f 2793/3019/3306 2799/3022/3309 2796/3023/3310 2769/3020/3307
f 2796/3023/3310 2799/3022/3309 2797/3024/3311 2758/3025/3312
f 2797/3024/3311 2799/3022/3309 2798/3026/3313 2770/3027/3314
f 2798/3026/3313 2799/3022/3309 2793/3019/3306 2772/3021/3308
f 2798/3026/3313 2803/3028/3315 2800/3029/3316 2770/3027/3314
f 2800/3029/3316 2803/3028/3315 2801/3030/3317 2761/3031/3318
f 2801/3030/3317 2803/3028/3315 2802/3032/3319 2771/3033/3320
f 2802/3032/3319 2803/3028/3315 2798/3026/3313 2772/3021/3308
f 2802/3032/3319 2805/3034/3321 2804/3035/3322 2771/3033/3320
f 2804/3035/3322 2805/3034/3321 2789/3013/3300 2763/3015/3302
f 2789/3013/3300 2805/3034/3321 2794/3016/3303 2766/3011/3298
f 2794/3016/3303 2805/3034/3321 2802/3032/3319 2772/3021/3308
f 2808/3036/3323 2809/3037/3324 2801/3030/3317 2771/3033/3320
f 2801/3030/3317 2809/3037/3324 2806/3038/3325 2761/3031/3318
f 2806/3038/3325 2809/3037/3324 2807/3039/3326 2773/3040/3327
f 2807/3039/3326 2809/3037/3324 2808/3036/3323 2775/3041/3328
f 2807/3039/3326 2813/3042/3329 2810/3043/3330 2773/3040/3327
f 2810/3043/3330 2813/3042/3329 2811/3044/3331 2759/3045/3332
f 2811/3044/3331 2813/3042/3329 2812/3046/3333 2774/3047/3334
f 2812/3046/3333 2813/3042/3329 2807/3039/3326 2775/3041/3328
f 2812/3046/3333 2816/3048/3335 2814/3049/3336 2774/3047/3334
f 2814/3049/3336 2816/3048/3335 2776/2993/3280 2762/2996/3283
f 2776/2993/3280 2816/3048/3335 2815/3050/3337 2767/2994/3281
f 2815/3050/3337 2816/3048/3335 2812/3046/3333 2775/3041/3328
f 2815/3050/3337 2817/3051/3338 2790/3014/3301 2767/2994/3281
f 2790/3014/3301 2817/3051/3338 2804/3035/3322 2763/3015/3302
f 2804/3035/3322 2817/3051/3338 2808/3036/3323 2771/3033/3320
f 2808/3036/3323 2817/3051/3338 2815/3050/3337 2775/3041/3328
s 3
f 2762/2996/3339 2777/2995/3340 2823/2935/3341 2822/2934/3342
s 4
f 2777/2995/3343 2764/2998/3344 2824/2936/3345 2823/2935/3346
f 2764/2998/3344 2781/3001/3347 2827/2939/3348 2824/2936/3345
f 2781/3001/3347 2757/3003/3349 2829/2941/3350 2827/2939/3348
f 2757/3003/3349 2782/3002/3351 2830/2942/3352 2829/2941/3350
f 2782/3002/3351 2765/3005/3353 2831/2943/3354 2830/2942/3352
f 2765/3005/3353 2785/3007/3355 2833/2945/3356 2831/2943/3354
s 5
f 2785/3007/3357 2760/3009/3358 2835/2947/3359 2833/2945/3360
f 2760/3009/3358 2792/3018/3361 2845/2957/3362 2835/2947/3359
s 6
f 2792/3018/3363 2769/3020/3364 2846/2958/3365 2845/2957/3366
f 2769/3020/3364 2796/3023/3367 2849/2961/3368 2846/2958/3365
f 2796/3023/3367 2758/3025/3369 2851/2963/3370 2849/2961/3368
f 2758/3025/3369 2797/3024/3371 2852/2964/3372 2851/2963/3370
f 2797/3024/3371 2770/3027/3373 2853/2965/3374 2852/2964/3372
f 2770/3027/3373 2800/3029/3375 2855/2967/3376 2853/2965/3374
s 7
f 2800/3029/3377 2761/3031/3378 2857/2969/3379 2855/2967/3380
f 2761/3031/3378 2806/3038/3381 2865/2977/3382 2857/2969/3379
f 2806/3038/3381 2773/3040/3383 2866/2978/3384 2865/2977/3382
s 8
f 2773/3040/3385 2810/3043/3386 2869/2981/3387 2866/2978/3388
f 2810/3043/3386 2759/3045/3389 2871/2983/3390 2869/2981/3387
f 2759/3045/3389 2811/3044/3391 2872/2984/3392 2871/2983/3390
f 2811/3044/3391 2774/3047/3393 2873/2985/3394 2872/2984/3392
s 3
f 2774/3047/3395 2814/3049/3396 2875/2987/3397 2873/2985/3398
f 2814/3049/3396 2762/2996/3339 2822/2934/3342 2875/2987/3397
