# This file uses centimeters as units for non-parametric coordinates.

mtllib meatpattyhigh.mtl
g default
v 0.102646 -0.202896 -0.341005
v -0.281906 -0.214478 -0.222599
v -0.303035 -0.209721 0.205624
v 0.178703 -0.178598 -0.567364
v -0.005130 -0.187940 -0.606940
v -0.475046 -0.177176 -0.378572
v -0.582087 -0.181015 -0.163075
v -0.499035 -0.190803 0.334639
v -0.338159 -0.178278 0.499047
v 0.345449 -0.186945 0.482508
v 0.482173 -0.184867 0.337423
v 0.744795 -0.143026 -0.225882
v 0.262742 0.012614 -0.868565
v -0.703309 0.009655 0.517441
v 0.256050 0.086538 -0.831350
v -0.663100 0.101903 -0.536114
v -0.692146 0.095843 0.494406
v 0.800379 0.102623 -0.251198
v 0.781723 0.130203 -0.235181
v 0.217072 0.154706 -0.688918
v -0.000128 0.164283 -0.708061
v -0.684075 0.171186 -0.194816
v -0.593389 0.166537 0.402319
v -0.391033 0.177252 0.588206
v 0.416778 0.162317 0.582876
v 0.574770 0.165508 0.400128
v 0.098338 0.210613 -0.314587
v -0.010120 0.215547 -0.343339
v -0.271174 0.226321 -0.208796
v -0.327963 0.196003 -0.097814
v -0.277504 0.226759 0.184338
v -0.183408 0.203871 0.281011
v 0.200257 0.215590 0.285919
v 0.276695 0.215661 0.194782
v -0.299815 -0.207900 -0.300499
v -0.458861 0.179194 -0.458184
v -0.294012 0.209135 -0.299696
v -0.364493 -0.196768 0.029397
v 0.317468 -0.219487 0.180689
v 0.344115 -0.217334 -0.058408
v 0.831555 -0.058320 -0.141691
v 0.833656 -0.021704 -0.142254
v 0.761863 0.017589 -0.393301
v 0.365034 -0.007062 -0.815932
v -0.138921 0.011117 -0.904583
v -0.852292 0.022034 0.084188
v -0.383147 0.015885 0.816960
v 0.368453 0.015797 0.817502
v 0.730752 0.007398 0.462914
v 0.837674 0.027541 -0.143766
v -0.830400 0.102216 0.084561
v 0.716906 0.100828 0.433176
v 0.831642 0.101757 -0.136938
v 0.513122 0.202616 -0.153075
v -0.128217 -0.231597 -0.000256
v 0.402596 -0.170270 -0.498293
v -0.028746 -0.172984 0.667167
v 0.776368 -0.068220 -0.318987
v -0.461686 -0.080685 0.734400
v 0.780058 -0.030662 -0.325250
v -0.463383 -0.038820 0.752136
v -0.588238 0.186291 0.123072
v -0.332808 0.194343 -0.080031
v 0.237662 -0.225423 -0.097032
v 0.326330 -0.208603 -0.130363
v 0.181190 -0.226603 -0.185538
v 0.033481 -0.210477 -0.258242
v -0.188850 -0.207897 0.190262
v -0.153015 -0.223936 0.235225
v -0.203078 -0.231764 0.313050
v 0.033776 -0.215203 0.261253
v 0.254927 -0.219831 -0.044282
v 0.389014 -0.223446 -0.156405
v -0.241308 -0.208472 0.355118
v 0.471085 -0.182024 -0.454321
v -0.647165 -0.162035 -0.090382
v 0.473643 -0.170310 0.449761
v 0.641447 -0.176389 0.062756
v -0.761694 -0.131100 0.163613
v 0.672346 -0.124074 -0.470272
v 0.249284 -0.130756 -0.785759
v -0.000655 -0.122772 -0.825661
v -0.502052 -0.129898 -0.664065
v -0.645763 -0.115828 -0.511682
v -0.793127 -0.115452 -0.223052
v -0.784468 -0.112090 0.218563
v -0.672818 -0.121015 0.470275
v -0.453310 -0.109221 0.698131
v -0.370484 -0.112975 0.748286
v -0.033346 -0.107381 0.844904
v 0.264749 -0.124652 0.791231
v 0.481510 -0.118117 0.671747
v 0.672535 -0.128997 0.471215
v 0.782146 -0.111785 0.241723
v 0.818422 -0.124597 0.017266
v -0.603433 -0.079195 -0.626143
v -0.661458 -0.070873 -0.541723
v -0.835366 -0.069515 0.082340
v 0.720949 -0.079929 0.445392
v 0.690156 -0.031598 -0.512046
v 0.257360 -0.042492 -0.853883
v -0.664235 -0.032073 -0.554422
v -0.688378 -0.043793 0.508276
v 0.754472 -0.038550 -0.388805
v 0.788090 0.020748 -0.329294
v 0.361393 -0.057479 -0.810888
v -0.137191 -0.041006 -0.898104
v -0.378171 -0.034673 0.802664
v -0.466666 0.009276 0.753503
v 0.364969 -0.041054 0.812622
v 0.778333 0.100555 -0.314260
v -0.462765 0.109292 0.726687
v -0.820662 0.099643 0.179152
v -0.798733 0.129375 0.169347
v -0.573525 0.131890 0.581973
v -0.368691 0.133144 0.739223
v 0.568443 0.207047 -0.170288
v -0.540669 0.217422 0.111293
v 0.187412 0.198545 -0.266569
v -0.124839 0.207670 -0.317199
v -0.207378 0.220364 -0.270090
v -0.347071 0.210381 0.003689
v -0.318785 0.216544 0.087407
v -0.101513 0.200270 0.326017
v -0.016601 0.205266 0.347769
v 0.108174 0.199982 0.327983
v 0.320923 0.208931 0.095794
v 0.324644 0.197670 0.001225
v 0.349551 -0.220219 -0.243884
v -0.257422 -0.210322 -0.340357
v -0.361123 -0.195954 0.237123
v -0.287309 -0.203471 0.315530
v 0.131965 -0.224575 0.405034
v 0.412213 -0.213966 0.125814
v 0.421798 -0.224844 0.010369
v 0.400020 -0.226092 -0.127003
v 0.459124 -0.173478 -0.378012
v 0.171567 -0.191710 -0.458711
v 0.215687 -0.193663 -0.452901
v 0.301409 -0.178553 -0.528930
v 0.043892 -0.193284 -0.507282
v 0.062316 -0.195022 -0.505366
v -0.493527 -0.185274 -0.071936
v -0.545631 -0.189125 0.231846
v -0.332393 -0.187313 0.365096
v -0.229621 -0.205592 0.445185
v 0.034952 -0.178350 0.616875
v 0.259062 -0.209838 0.424302
v 0.589929 -0.175061 -0.093030
v 0.210529 -0.180174 -0.557416
v 0.254420 -0.179382 -0.542608
v 0.053800 -0.187443 -0.606342
v 0.077020 -0.186261 -0.601920
v -0.589825 -0.176378 -0.085303
v -0.400044 -0.180542 0.446975
v -0.268865 -0.184361 0.541897
v 0.318195 -0.182660 0.504889
v 0.624862 -0.156333 -0.302362
v 0.251406 -0.170847 -0.650493
v 0.299991 -0.170872 -0.638314
v 0.065556 -0.170687 -0.700611
v 0.092324 -0.165194 -0.696098
v -0.696237 -0.159760 -0.097859
v -0.466412 -0.151905 0.518171
v -0.315175 -0.150006 0.629855
v 0.376332 -0.159608 0.594145
v 0.694500 0.017033 -0.517102
v -0.516153 0.007313 -0.728379
v -0.560251 0.017307 0.674851
v 0.275707 0.013067 0.862942
v 0.807550 0.007352 0.263833
v 0.847156 0.017434 0.015933
v 0.815212 0.024226 -0.263645
v 0.549950 0.168677 -0.450167
v 0.568496 0.154751 -0.466357
v 0.532606 0.158252 -0.512913
v 0.350263 0.142934 -0.614801
v 0.364560 0.140118 -0.637295
v 0.314095 0.153021 -0.666167
v 0.099389 0.147952 -0.740536
v -0.338931 0.155672 -0.658231
v -0.649929 0.163125 -0.348192
v -0.658909 0.159637 0.280725
v -0.685811 0.164413 0.289968
v -0.518302 0.156593 0.519055
v 0.042411 0.152458 0.711014
v 0.043642 0.156798 0.740864
v 0.111578 0.154979 0.718781
v 0.702909 0.164742 -0.108731
v 0.728367 0.167704 -0.113244
v 0.527521 0.170450 -0.374236
v -0.389498 0.179884 -0.514121
v -0.628208 0.194298 -0.176771
v -0.657966 0.182178 0.004290
v -0.599944 0.173785 0.262643
v -0.536776 0.174835 0.369341
v -0.430190 0.176493 0.481779
v -0.197460 0.175240 0.620697
v 0.212598 0.168723 0.611735
v 0.525892 0.175548 0.364565
v 0.619599 0.182283 0.186978
v 0.652698 0.170206 0.015984
v 0.612644 0.175810 -0.186943
v 0.000396 0.202300 -0.421071
v -0.249705 0.204870 -0.328862
v -0.417408 0.204302 0.004243
v -0.390460 0.209632 0.157603
v -0.125084 0.187035 0.392623
v 0.133299 0.200443 0.400908
v 0.241042 0.223345 0.349887
v 0.330096 0.207107 0.234330
v 0.392451 0.216325 0.118220
v 0.408367 0.201719 0.011483
v 0.254920 0.214472 -0.122466
v 0.147156 0.220646 -0.121618
v 0.095087 0.222056 -0.261502
v 0.120265 0.212192 -0.251160
v 0.016824 0.220937 -0.297354
v 0.031112 0.228904 -0.280112
v -0.011671 0.217750 -0.299117
v -0.053476 0.216590 -0.287154
v -0.126041 0.214963 -0.162409
v -0.185745 0.213156 -0.231101
v -0.212150 0.215634 -0.203682
v -0.278212 0.215547 -0.047044
v -0.284473 0.205545 -0.002643
v -0.263590 0.225319 0.108037
v -0.172163 0.218691 0.104100
v -0.191378 0.230303 0.217241
v -0.135685 0.220025 0.143223
v -0.132335 0.203799 0.258516
v -0.089308 0.200645 0.279415
v 0.062475 0.209502 0.190175
v 0.089017 0.208309 0.284053
v 0.152642 0.223446 0.245340
v 0.120346 0.221179 0.280678
v 0.166233 0.219889 0.234907
v 0.223228 0.219650 0.159572
v 0.177006 0.228764 0.052929
v 0.266814 0.199065 0.074244
v 0.178916 0.232517 -0.007872
v 0.274290 0.210816 -0.002010
v 0.172634 0.215927 -0.067445
v 0.000302 -0.228375 -0.130172
v -0.077181 -0.237723 -0.103972
v -0.105607 -0.210644 0.072714
v -0.086792 -0.212525 0.098467
v 0.042150 -0.239555 0.122047
v 0.018238 -0.233957 0.047052
v 0.106349 -0.236144 0.075416
v 0.125426 -0.225518 0.001690
v 0.119966 -0.223023 -0.037966
v -0.063615 0.213950 0.033306
v -0.111262 0.212961 0.115618
v -0.007003 0.219616 0.044058
v 0.137702 0.234107 -0.057262
v -0.002758 -0.210443 -0.354296
v -0.218290 -0.215941 -0.293089
v -0.269271 -0.211338 -0.002390
v -0.371708 -0.200100 0.001365
v -0.246502 -0.210970 0.100112
v -0.327930 -0.208133 0.140622
v -0.081304 -0.228070 0.271004
v -0.110893 -0.230097 0.355349
v 0.112075 -0.228742 0.345159
v 0.205605 -0.202931 0.287198
v 0.214346 -0.220486 0.148923
v 0.289598 -0.221306 0.202257
v 0.355711 -0.219151 0.109082
v 0.358876 -0.235456 0.011848
v 0.377649 -0.221409 -0.184517
v 0.262091 -0.204697 -0.326182
v 0.301265 -0.214651 -0.293639
v 0.175634 -0.203402 -0.383973
v 0.055134 -0.196088 -0.425286
v -0.066605 -0.211837 -0.412346
v -0.197336 -0.217157 -0.379923
v -0.370685 -0.202496 -0.198764
v -0.430403 -0.188636 -0.063290
v -0.433002 -0.185937 0.005181
v -0.430513 -0.193197 0.040506
v -0.386768 -0.208331 0.166155
v -0.374602 -0.200797 0.208921
v -0.305939 -0.202083 0.298366
v -0.197407 -0.211764 0.390005
v -0.130446 -0.224144 0.413160
v -0.016227 -0.203836 0.437344
v -0.068807 -0.213744 0.430999
v 0.065239 -0.217893 0.431689
v 0.177685 -0.214302 0.391230
v 0.301148 -0.201260 0.292763
v 0.342063 -0.202220 0.236706
v 0.360643 -0.208544 0.211363
v 0.422118 -0.218119 0.046694
v 0.408848 -0.209245 -0.065727
v 0.466196 -0.197296 -0.146349
v 0.489431 -0.172781 -0.341559
v 0.341645 -0.184665 -0.486791
v 0.373238 -0.196084 -0.362900
v 0.067925 -0.195979 -0.536780
v -0.212348 -0.178033 -0.556289
v -0.357584 -0.189291 -0.475689
v -0.238105 -0.187126 -0.465586
v -0.599461 -0.168541 0.009734
v -0.588070 -0.179056 -0.129590
v -0.478256 -0.204319 0.105696
v -0.574342 -0.181100 0.160646
v -0.383726 -0.185285 0.367805
v -0.184238 -0.188156 0.576679
v -0.023988 -0.183442 0.616847
v 0.190918 -0.179765 0.570078
v 0.082215 -0.195112 0.531258
v 0.568577 -0.185674 0.173265
v 0.591038 -0.175858 0.012001
v 0.517033 -0.190879 -0.083576
v 0.568061 -0.183780 -0.173013
v 0.528844 -0.178251 -0.373173
v -0.395489 -0.172198 -0.522662
v -0.579187 -0.174412 0.124643
v -0.538433 -0.175602 0.368006
v -0.434663 -0.174816 0.484912
v 0.209311 -0.182518 0.615867
v 0.619369 -0.170627 0.189212
v 0.646780 -0.169667 0.017543
v 0.620248 -0.161905 -0.189448
v 0.672339 -0.150577 -0.204814
v 0.699503 -0.143157 -0.337301
v 0.282757 -0.145709 -0.726312
v 0.336204 -0.155428 -0.706002
v 0.073358 -0.140092 -0.777871
v 0.104633 -0.139962 -0.778317
v -0.123852 -0.143976 -0.775415
v -0.779677 -0.137954 -0.106854
v -0.685247 -0.156022 0.147152
v -0.773239 -0.141813 0.073562
v -0.518380 -0.128020 0.590789
v -0.555232 -0.134282 0.555066
v -0.352156 -0.132072 0.708172
v -0.121982 -0.146108 0.794451
v 0.417704 -0.141660 0.660083
v 0.336090 -0.141211 0.705951
v 0.671304 -0.133941 0.394242
v 0.769046 -0.128489 -0.123146
v 0.254651 -0.085671 -0.833262
v -0.003684 -0.077710 -0.886071
v -0.511450 -0.087555 -0.704165
v -0.833941 -0.070551 0.013653
v -0.763912 -0.070788 0.350807
v -0.690218 -0.077208 0.501801
v -0.259743 -0.076706 0.845458
v 0.270065 -0.080226 0.831000
v 0.490299 -0.081711 0.709564
v 0.684188 -0.081745 0.495892
v 0.795867 -0.079243 0.257364
v 0.832712 -0.079563 0.017815
v -0.003061 -0.042191 -0.911465
v -0.517378 -0.043188 -0.719227
v -0.839195 -0.031618 0.016449
v -0.768986 -0.033021 0.356993
v -0.261947 -0.040198 0.866581
v 0.269610 -0.040502 0.851828
v 0.497124 -0.045635 0.731593
v 0.693732 -0.045723 0.516771
v 0.798674 -0.041766 0.262292
v 0.841522 -0.037697 0.014257
v -0.002524 0.012082 -0.916915
v -0.602765 -0.039217 -0.637500
v -0.851865 0.021472 0.018061
v -0.779137 0.020744 0.359989
v -0.265174 0.010335 0.878629
v 0.500754 0.004969 0.739074
v 0.695599 0.007112 0.521224
v 0.540130 0.003786 -0.707464
v 0.607921 0.013636 -0.623547
v 0.115146 0.011262 -0.902298
v -0.386235 0.009404 -0.812698
v -0.606843 0.013290 -0.642669
v -0.746123 0.017960 -0.429480
v -0.845964 0.021435 -0.131295
v -0.729334 0.013426 0.454640
v -0.597207 0.016688 0.641196
v -0.035266 0.017941 0.920178
v -0.133949 0.008246 0.907706
v 0.130906 0.015064 0.914267
v 0.608882 -0.001851 0.629700
v 0.848082 0.008647 0.089323
v -0.004044 0.089863 -0.872592
v -0.508967 0.092369 -0.691089
v -0.834169 0.104035 0.016502
v -0.769981 0.097174 0.341065
v -0.260803 0.101956 0.835814
v 0.271938 0.088639 0.821318
v 0.490358 0.088886 0.699995
v 0.684449 0.094079 0.494137
v 0.802258 0.102263 0.251562
v 0.847732 0.099339 0.017457
v 0.755629 0.100835 -0.376740
v 0.299024 0.081735 -0.802493
v 0.362282 0.075838 -0.782737
v 0.078621 0.094998 -0.869250
v 0.111561 0.086941 -0.863593
v -0.129786 0.099114 -0.855024
v -0.592291 0.096167 -0.609839
v -0.838757 0.100610 -0.126513
v -0.555403 0.109156 0.651030
v -0.378723 0.100681 0.777332
v 0.450985 0.093220 0.728699
v 0.363412 0.092637 0.778661
v 0.735056 0.126380 -0.357534
v 0.299239 0.120939 -0.774485
v 0.353314 0.111460 -0.739831
v 0.076057 0.130396 -0.827895
v 0.111251 0.120163 -0.828061
v -0.126558 0.125058 -0.816026
v -0.817608 0.126388 -0.120767
v -0.543235 0.139468 0.620032
v 0.439359 0.125982 0.694553
v 0.356089 0.119394 0.742459
v 0.700170 0.139691 -0.339391
v 0.586444 0.170944 -0.404851
v 0.406671 0.159348 -0.572140
v 0.424412 0.159710 -0.590191
v 0.340689 0.140046 -0.707470
v -0.121634 0.138457 -0.770389
v -0.246403 0.162799 -0.668747
v -0.254199 0.150320 -0.692419
v -0.428617 0.161550 -0.563144
v -0.554496 0.145157 -0.552218
v -0.560664 0.172886 -0.439952
v -0.721982 0.168998 0.005536
v -0.748978 0.154599 0.005604
v -0.698912 0.166678 -0.159796
v -0.725201 0.158524 -0.165500
v -0.688305 0.165834 0.190187
v -0.351869 0.144167 0.699749
v -0.216340 0.165285 0.684284
v -0.224989 0.160098 0.709073
v -0.026582 0.162869 0.717406
v 0.231521 0.150562 0.669636
v 0.339150 0.139576 0.708284
v 0.680235 0.168069 0.204746
v 0.713653 0.143909 0.014604
v 0.603689 0.184978 -0.232449
v 0.578963 0.180567 -0.279195
v 0.397552 0.179745 -0.498409
v 0.453166 0.183501 -0.442873
v 0.274568 0.168372 -0.590387
v 0.085786 0.173505 -0.632502
v -0.103111 0.170912 -0.641197
v -0.301410 0.170244 -0.578836
v -0.574788 0.178836 -0.307754
v -0.652941 0.195497 -0.100602
v -0.646399 0.176895 0.052837
v -0.565944 0.170260 0.332274
v -0.460727 0.171936 0.455287
v -0.294899 0.176630 0.582185
v -0.025705 0.166092 0.652660
v -0.098655 0.167360 0.650865
v 0.100933 0.173202 0.640472
v 0.280504 0.171305 0.584752
v 0.462544 0.170608 0.448080
v 0.551843 0.176656 0.322048
v 0.646865 0.172098 0.065441
v 0.638847 0.173831 -0.098215
v 0.476465 0.189997 -0.233302
v 0.211369 0.177510 -0.552529
v 0.192381 0.195787 -0.497859
v 0.255987 0.177321 -0.541069
v 0.231594 0.188886 -0.485970
v 0.057631 0.185617 -0.581245
v 0.046573 0.205805 -0.541688
v 0.078581 0.185608 -0.577149
v 0.069312 0.210584 -0.533331
v -0.083082 0.192372 -0.535924
v -0.375196 0.188764 -0.375516
v -0.603873 0.203057 -0.091330
v -0.541686 0.214068 -0.078962
v -0.391039 0.191769 0.442039
v -0.350809 0.200833 0.396146
v -0.270280 0.184646 0.532574
v -0.243387 0.190569 0.492368
v 0.319281 0.186394 0.510332
v 0.290568 0.183916 0.461249
v 0.234252 0.180605 0.485926
v 0.371045 0.209040 -0.149509
v 0.249136 0.216948 -0.211821
v 0.119265 0.212157 -0.391581
v 0.160008 0.211968 -0.281032
v 0.036689 0.213314 -0.339262
v -0.327604 0.213366 -0.252834
v -0.412058 0.199807 0.042034
v -0.350923 0.200961 0.226012
v -0.305617 0.222115 0.130822
v -0.237051 0.213968 0.237025
v -0.230228 0.183348 0.335638
v 0.016338 0.209089 0.352011
v 0.353203 0.221697 0.208422
v 0.405810 0.200255 -0.065502
v 0.325935 0.213761 -0.053807
v 0.263657 0.214609 -0.102775
v 0.274685 0.226818 -0.083392
v 0.162511 0.217531 -0.095702
v 0.111241 0.225870 -0.160471
v 0.128206 0.222377 -0.145855
v 0.079110 0.227499 -0.267772
v 0.073568 0.228066 -0.184846
v 0.016334 0.224951 -0.203766
v -0.099932 0.222767 -0.180881
v -0.231284 0.217435 -0.177541
v -0.181398 0.216467 -0.098726
v -0.200601 0.232273 -0.034122
v -0.282244 0.215013 0.020931
v -0.280966 0.226573 0.054493
v -0.238174 0.223081 0.152692
v -0.179362 0.215337 0.091521
v -0.144772 0.224918 0.134479
v -0.160431 0.211809 0.243655
v -0.096195 0.223364 0.172356
v -0.011900 0.210619 0.215712
v -0.033657 0.207596 0.208734
v 0.030618 0.208156 0.199172
v 0.085355 0.209792 0.183022
v 0.144840 0.229719 0.144558
v 0.236587 0.222376 0.138884
v 0.162561 0.222955 0.098006
v 0.178387 0.233338 0.007410
v 0.278269 0.222422 -0.049106
v 0.178552 0.219259 -0.042223
v -0.043158 -0.230927 0.002081
v 0.117382 -0.223277 -0.048330
v 0.058694 -0.230185 -0.069473
v 0.091202 -0.227784 -0.093840
v 0.057395 -0.226922 -0.118872
v 0.021425 -0.231131 -0.068095
v 0.018502 -0.225521 -0.132041
v -0.131203 -0.232001 -0.021421
v -0.072354 -0.225758 0.000426
v -0.057707 -0.236885 0.038539
v -0.093347 -0.211695 0.093551
v -0.071711 -0.227036 0.111908
v 0.020240 -0.240058 0.131272
v 0.058521 -0.236574 0.119882
v 0.094497 -0.233426 0.091970
v 0.127372 -0.229036 0.012124
v 0.127200 -0.222454 -0.021543
v 0.032004 0.226732 -0.052548
v 0.088713 0.225929 -0.134417
v 0.010531 0.230978 -0.170150
v -0.165570 0.227239 -0.030160
v 0.168433 -0.220913 -0.110626
v 0.215188 -0.224857 -0.141664
v 0.125576 -0.231346 -0.160681
v 0.143002 -0.230169 -0.145031
v 0.078415 -0.216262 -0.247604
v 0.092850 -0.220423 -0.241973
v -0.002785 -0.207836 -0.260506
v 0.022297 -0.210848 -0.263529
v -0.050860 -0.215802 -0.202592
v -0.064359 -0.215081 -0.257151
v -0.096361 -0.219829 -0.186106
v -0.211835 -0.218201 -0.167682
v -0.191477 -0.219989 -0.102523
v -0.217397 -0.216593 -0.015829
v -0.271948 -0.210676 -0.018665
v -0.257292 -0.217163 0.065964
v -0.260843 -0.219552 0.050877
v -0.187077 -0.220682 0.098987
v -0.151039 -0.218863 0.142525
v -0.086439 -0.226179 0.201851
v -0.098764 -0.231168 0.262539
v 0.029152 -0.231245 0.206505
v 0.147359 -0.218217 0.206261
v 0.134481 -0.221947 0.215102
v 0.144475 -0.218987 0.139684
v 0.188458 -0.216675 0.079430
v 0.253815 -0.219784 0.103449
v 0.205222 -0.225313 0.020517
v 0.193709 -0.226192 -0.044668
v 0.252415 -0.222540 -0.054027
v 0.298210 -0.225050 -0.186201
v 0.455062 -0.199772 -0.180216
v 0.440033 -0.200100 -0.214235
v 0.218004 -0.215522 -0.276012
v 0.247033 -0.207060 -0.246626
v 0.111657 -0.197639 -0.479343
v -0.082833 -0.224160 -0.344128
v -0.077350 -0.192363 -0.487537
v -0.165960 -0.218721 -0.320982
v -0.351570 -0.195923 -0.350837
v -0.314428 -0.216146 -0.171545
v -0.411451 -0.188571 -0.276549
v -0.362977 -0.203109 -0.023062
v -0.495222 -0.178115 0.049388
v -0.317605 -0.207117 0.182101
v -0.253854 -0.216288 0.254796
v -0.379240 -0.195153 0.314870
v -0.137742 -0.235514 0.343938
v -0.059083 -0.224809 0.363874
v -0.076150 -0.207485 0.501888
v 0.051140 -0.218347 0.366413
v 0.208979 -0.204268 0.452444
v 0.255797 -0.205005 0.249983
v 0.321612 -0.207154 0.377788
v 0.341809 -0.218191 0.139242
v 0.422437 -0.192118 0.245416
v 0.356750 -0.227819 0.037279
v 0.473639 -0.195825 0.094457
v 0.342389 -0.212211 -0.071248
v 0.486271 -0.187663 -0.036897
v 0.449648 -0.198504 -0.275214
v 0.404899 -0.193637 -0.331516
v 0.301787 -0.201597 -0.430945
v 0.267164 -0.205042 -0.464798
v 0.153561 -0.200678 -0.498276
v 0.191943 -0.193410 -0.495549
v 0.117672 -0.194164 -0.515322
v -0.004168 -0.195139 -0.540657
v 0.046470 -0.189208 -0.538500
v -0.122889 -0.201319 -0.508320
v -0.185315 -0.193112 -0.487487
v -0.415804 -0.188338 -0.332564
v -0.438278 -0.186705 -0.296162
v -0.512130 -0.186581 -0.145896
v -0.515314 -0.183943 -0.117681
v -0.528688 -0.171823 -0.022872
v -0.507874 -0.194499 0.139742
v -0.510950 -0.196572 0.111034
v -0.409331 -0.188082 0.332095
v -0.207097 -0.203006 0.492793
v 0.030648 -0.192994 0.540854
v 0.304480 -0.207509 0.427473
v 0.279202 -0.207166 0.445643
v 0.339651 -0.203104 0.401917
v 0.479228 -0.190828 0.199723
v 0.505198 -0.197781 0.102189
v 0.525434 -0.187729 -0.038528
v 0.511083 -0.190841 -0.103914
v 0.650363 -0.156866 -0.256778
v 0.501556 -0.174014 -0.412873
v 0.377859 -0.177029 -0.535024
v 0.324260 -0.176829 -0.571946
v 0.146156 -0.179028 -0.638769
v 0.158930 -0.165247 -0.685516
v -0.110363 -0.168659 -0.690295
v -0.223384 -0.172975 -0.602776
v -0.497692 -0.162703 -0.498522
v -0.544447 -0.160838 -0.365390
v -0.585627 -0.154579 -0.391408
v -0.635520 -0.160823 -0.175203
v -0.644984 -0.160319 -0.139054
v -0.689222 -0.155886 0.067200
v -0.498256 -0.170956 0.416280
v -0.530031 -0.152665 0.454590
v -0.108504 -0.163983 0.711788
v 0.038401 -0.162632 0.666326
v 0.299630 -0.171273 0.631541
v 0.429071 -0.171680 0.495678
v 0.452524 -0.161045 0.532857
v 0.597604 -0.155181 0.353246
v 0.632198 -0.170229 0.128989
v 0.680378 -0.159563 0.136538
v 0.647221 -0.180782 -0.052579
v 0.700420 -0.163955 -0.055771
v 0.604780 -0.144078 -0.492509
v 0.453169 -0.145865 -0.634929
v 0.392497 -0.155786 -0.679361
v 0.179062 -0.136196 -0.764553
v -0.266741 -0.132494 -0.724970
v -0.650824 -0.130991 -0.434704
v -0.749938 -0.135450 -0.212935
v -0.772216 -0.135887 -0.167768
v -0.742115 -0.143365 0.204870
v -0.593652 -0.126546 0.508076
v -0.031869 -0.128380 0.801020
v 0.046843 -0.131183 0.797518
v 0.506736 -0.141690 0.593621
v 0.761861 -0.132774 0.154494
v 0.774930 -0.139974 -0.060689
v 0.631803 -0.129576 -0.523413
v 0.471263 -0.125077 -0.668937
v 0.410414 -0.135727 -0.719176
v 0.189897 -0.122500 -0.809136
v -0.285042 -0.119667 -0.773056
v -0.683308 -0.112900 -0.459745
v -0.811407 -0.116252 -0.177398
v -0.623610 -0.112982 0.536561
v 0.049085 -0.106002 0.846195
v 0.532221 -0.117382 0.629516
v 0.800178 -0.115966 0.160706
v 0.814875 -0.109964 -0.064859
v 0.696719 -0.125034 -0.428913
v 0.514765 -0.125818 -0.642786
v -0.191164 -0.125879 -0.809186
v -0.371795 -0.123150 -0.734769
v -0.715218 -0.114188 -0.385807
v -0.817794 -0.104588 -0.036695
v -0.312796 -0.118373 0.773896
v 0.126828 -0.112898 0.833493
v 0.587761 -0.132212 0.571123
v 0.755498 -0.113616 0.317509
v 0.812747 -0.125698 0.081932
v 0.803941 -0.104840 -0.163534
v 0.708472 -0.079264 -0.454981
v 0.529390 -0.084707 -0.684308
v 0.597677 -0.077273 -0.600642
v -0.197580 -0.077755 -0.850207
v -0.381294 -0.079238 -0.779372
v -0.739028 -0.071812 -0.414220
v -0.838034 -0.062080 -0.040027
v -0.719612 -0.075737 0.438541
v -0.593345 -0.074074 0.626933
v -0.320250 -0.076224 0.820876
v -0.132998 -0.088335 0.878656
v 0.128778 -0.072680 0.883432
v 0.599066 -0.092014 0.606131
v 0.766737 -0.080178 0.332969
v 0.833562 -0.080529 0.086007
v 0.819267 -0.058740 -0.173219
v 0.715288 -0.033412 -0.467650
v 0.302784 -0.049476 -0.835148
v 0.080558 -0.039514 -0.889079
v -0.196905 -0.036371 -0.873718
v -0.845643 -0.022049 -0.037103
v -0.825151 -0.029337 0.186837
v -0.321172 -0.037754 0.838340
v 0.457286 -0.041883 0.761037
v 0.767549 -0.040029 0.339422
v 0.830324 -0.024352 -0.174097
v 0.778396 0.063938 -0.322496
v 0.749100 0.061091 -0.383902
v 0.191573 0.046696 -0.869336
v -0.133691 0.057091 -0.884528
v -0.593226 0.057653 -0.626832
v -0.699789 0.064094 -0.495830
v -0.837628 0.066480 0.085333
v -0.633928 0.055477 0.578242
v -0.378150 0.061134 0.800435
v -0.131067 0.045338 0.884291
v 0.360106 0.056942 0.796909
v 0.538546 0.053574 0.671496
v 0.722603 0.059460 0.453094
v 0.815167 0.059421 0.175746
v 0.837536 0.063964 -0.069670
v 0.716935 0.059024 -0.467685
v 0.301326 0.045571 -0.828707
v 0.077685 0.054381 -0.887818
v -0.196572 0.056787 -0.860821
v -0.652764 0.062632 -0.546624
v -0.842640 0.066192 -0.038558
v -0.816608 0.067968 0.239192
v -0.816441 0.065413 0.187866
v -0.317891 0.057704 0.823406
v 0.453309 0.053393 0.752331
v 0.774863 0.068680 0.340598
v 0.819810 0.066507 -0.175046
v 0.669150 0.130798 -0.469721
v 0.628012 0.121660 -0.519912
v 0.472093 0.112237 -0.663719
v 0.410170 0.115988 -0.714639
v 0.188812 0.119641 -0.817115
v -0.287918 0.125973 -0.772870
v -0.681540 0.133787 -0.459023
v -0.794821 0.130755 -0.231198
v -0.803430 0.126477 -0.184390
v -0.789375 0.122025 0.216255
v -0.617809 0.127311 0.531121
v -0.033419 0.129386 0.829513
v 0.050392 0.136652 0.829220
v 0.531869 0.128724 0.629365
v 0.803283 0.130490 0.159758
v 0.817188 0.129947 -0.062864
v 0.630577 0.167596 -0.382429
v 0.658184 0.135827 -0.402520
v 0.638463 0.142323 -0.446392
v 0.604242 0.136727 -0.496082
v 0.450947 0.130483 -0.630240
v 0.390576 0.132406 -0.676668
v 0.225353 0.148873 -0.714175
v 0.262531 0.148871 -0.698983
v 0.283586 0.132666 -0.739477
v 0.179124 0.147160 -0.772841
v 0.000397 0.157530 -0.736197
v 0.067160 0.152466 -0.733309
v 0.073312 0.137191 -0.786970
v -0.173116 0.155736 -0.720299
v -0.185670 0.133709 -0.768831
v -0.273283 0.143079 -0.735633
v -0.581143 0.164558 -0.456551
v -0.651022 0.151418 -0.435684
v -0.757129 0.149481 -0.219258
v -0.769110 0.139975 -0.175411
v -0.749255 0.160302 -0.036948
v -0.788481 0.143814 -0.039216
v -0.712083 0.153839 0.195708
v -0.718428 0.157601 0.153691
v -0.754226 0.143401 0.205130
v -0.769203 0.147724 0.159491
v -0.596138 0.148071 0.505571
v -0.408169 0.164826 0.607191
v -0.277138 0.165855 0.694415
v -0.298971 0.152738 0.730670
v 0.047598 0.145110 0.789892
v 0.433683 0.159586 0.602691
v 0.394667 0.160874 0.626324
v 0.418367 0.138230 0.661291
v 0.507947 0.143896 0.598589
v 0.668791 0.158382 0.279902
v 0.714249 0.148228 0.297448
v 0.769570 0.149857 0.153315
v 0.779541 0.145396 -0.059532
v 0.718395 0.154482 -0.141862
v 0.764135 0.149923 -0.151541
v 0.606515 0.171107 -0.368418
v 0.546550 0.208835 -0.213157
v 0.529014 0.176587 -0.258527
v 0.440824 0.162014 -0.549939
v 0.513780 0.162422 -0.493621
v 0.136183 0.183097 -0.574073
v -0.164991 0.160651 -0.693328
v -0.093256 0.177818 -0.590786
v -0.326992 0.159383 -0.634146
v -0.419156 0.183071 -0.417975
v -0.625591 0.166682 -0.336653
v -0.493424 0.191652 -0.329525
v -0.724905 0.171237 -0.036423
v -0.601710 0.196549 0.051401
v -0.622432 0.160569 0.356805
v -0.499995 0.161997 0.502059
v -0.453962 0.176575 0.387845
v -0.267201 0.162633 0.665816
v -0.091204 0.175798 0.598978
v 0.107368 0.164225 0.692365
v 0.258521 0.172284 0.536554
v 0.512877 0.170020 0.494627
v 0.387346 0.187743 0.461953
v 0.645592 0.169240 0.270747
v 0.505129 0.188016 0.295410
v 0.706356 0.147634 0.071416
v 0.578168 0.179070 0.116260
v 0.694529 0.160241 -0.136734
v 0.596069 0.175698 -0.046186
v 0.455347 0.200156 -0.179524
v 0.438079 0.208269 -0.214934
v 0.442352 0.191350 -0.308176
v 0.410571 0.186552 -0.337069
v 0.310276 0.189577 -0.436604
v 0.264971 0.190704 -0.462128
v 0.120109 0.196868 -0.517709
v 0.109991 0.199716 -0.478200
v -0.073738 0.202032 -0.489722
v -0.194846 0.193576 -0.505592
v -0.354623 0.207847 -0.356554
v -0.451912 0.203586 -0.298912
v -0.419994 0.210508 -0.275957
v -0.527938 0.210385 -0.149189
v -0.529540 0.212760 -0.120282
v -0.502590 0.198705 0.045022
v -0.530558 0.217590 0.141216
v -0.413172 0.203720 0.348107
v -0.382037 0.202022 0.316111
v -0.220809 0.191273 0.450241
v -0.080858 0.194528 0.497942
v -0.025208 0.181707 0.543460
v 0.032743 0.189936 0.554017
v 0.215709 0.183585 0.450875
v 0.351371 0.196952 0.414856
v 0.326832 0.200627 0.386826
v 0.418142 0.201911 0.248745
v 0.524424 0.183867 0.104485
v 0.483677 0.198570 0.097103
v 0.546417 0.189886 -0.040645
v 0.503269 0.195764 -0.036778
v 0.422377 0.219381 -0.254701
v 0.339257 0.210915 -0.212150
v 0.307187 0.204081 -0.380717
v 0.351984 0.195733 -0.337733
v 0.139659 0.216267 -0.382225
v 0.038433 0.210059 -0.418983
v -0.119392 0.198974 -0.477806
v -0.101220 0.208604 -0.396476
v -0.232671 0.203192 -0.437272
v -0.447770 0.214073 -0.237507
v -0.497919 0.206494 -0.023875
v -0.416164 0.213412 -0.018780
v -0.404099 0.205423 0.089780
v -0.444433 0.206285 0.252493
v -0.185321 0.181467 0.460183
v -0.153281 0.187045 0.378964
v 0.077760 0.188232 0.498165
v 0.223145 0.220720 0.359461
v 0.361471 0.200462 0.351209
v 0.453022 0.190341 0.186044
v 0.374497 0.208304 0.153927
v 0.491693 0.198473 0.050033
v 0.484319 0.200699 -0.092292
v 0.400711 0.202417 -0.081286
v 0.278483 0.204088 -0.173916
v 0.134424 0.232102 -0.069409
v 0.131038 0.224210 -0.082318
v 0.138144 0.223114 -0.134176
v 0.201244 0.210920 -0.253691
v 0.232390 0.222604 -0.230184
v 0.102285 0.226064 -0.167148
v 0.086842 0.228386 -0.177733
v 0.034670 0.223725 -0.199929
v 0.025427 0.231154 -0.167061
v -0.085297 0.208133 -0.328157
v -0.034899 0.224624 -0.168608
v -0.076372 0.224594 -0.189606
v -0.160580 0.203775 -0.304012
v -0.121990 0.215536 -0.120689
v -0.169402 0.216003 -0.113183
v -0.301147 0.209431 -0.162481
v -0.140918 0.214890 -0.095138
v -0.194180 0.229337 -0.059280
v -0.197582 0.231645 -0.048756
v -0.344256 0.207178 -0.018858
v -0.167305 0.229330 0.008215
v -0.286214 0.225183 0.162453
v -0.154742 0.226736 0.122673
v -0.126578 0.215135 0.099311
v -0.123117 0.200711 0.317651
v -0.024498 0.212761 0.165859
v 0.012861 0.211358 0.201261
v 0.045260 0.204250 0.341642
v 0.072038 0.213508 0.153160
v 0.131178 0.224591 0.157455
v 0.242121 0.212726 0.238534
v 0.107883 0.218180 0.129901
v 0.304593 0.207335 0.129733
v 0.134639 0.220734 0.082284
v 0.182175 0.229418 0.034876
v 0.322572 0.201915 0.024217
v 0.076925 0.229305 0.004080
v 0.179389 0.226415 -0.027332
v 0.325857 0.217654 -0.065614
v 0.144573 0.235371 -0.023858
v 0.183593 -0.224754 -0.078798
v 0.177726 -0.222862 -0.093316
v 0.043362 -0.230580 -0.027773
v 0.043263 -0.229548 -0.044476
v 0.102182 -0.226983 -0.074730
v 0.095906 -0.229615 -0.084715
v 0.045859 -0.214722 -0.200417
v -0.034526 -0.218945 -0.204670
v -0.044775 -0.229960 -0.122525
v -0.154836 -0.215219 -0.150621
v -0.178160 -0.215913 -0.119933
v -0.107042 -0.235296 -0.073553
v -0.049520 -0.226262 -0.009640
v -0.074482 -0.225599 -0.007653
v -0.214482 -0.217096 0.012112
v -0.072265 -0.230518 0.014652
v -0.161862 -0.216596 0.129640
v -0.098572 -0.210781 0.084490
v -0.033914 -0.228051 0.222215
v -0.009078 -0.238551 0.128276
v 0.004626 -0.238826 0.126559
v 0.084206 -0.226431 0.181720
v 0.129608 -0.221470 0.152515
v 0.084899 -0.232016 0.099931
v 0.177211 -0.225446 0.105939
v 0.204918 -0.220009 0.041970
v 0.089582 -0.238728 0.011898
v 0.202177 -0.227176 -0.020017
v 0.085086 -0.228680 -0.010724
v 0.049468 0.233442 -0.038215
v 0.123053 0.223202 -0.095215
v -0.008427 0.209364 -0.068513
v 0.003895 0.223503 -0.089021
v -0.046715 0.222447 -0.165201
v -0.133679 0.215787 -0.105527
v -0.075090 0.211566 0.009138
v -0.089514 0.220841 0.004906
v -0.048335 0.216369 0.050232
v -0.075188 0.211113 0.145773
v 0.106374 0.222447 0.140324
v 0.068365 0.218669 0.143035
v 0.061911 0.214382 0.026933
v 0.071948 0.230933 -0.019497
v 0.188522 -0.225226 -0.063879
v 0.206984 -0.228634 -0.154357
v 0.228612 -0.219109 -0.116400
v 0.194528 -0.225939 -0.170697
v 0.159698 -0.228308 -0.205278
v 0.288739 -0.226301 -0.203798
v 0.271540 -0.221309 -0.226452
v 0.146958 -0.219230 -0.211567
v 0.127287 -0.219093 -0.223839
v 0.072603 -0.225336 -0.191514
v 0.086942 -0.227564 -0.185475
v 0.110325 -0.225735 -0.234189
v 0.201793 -0.212349 -0.288393
v 0.172404 -0.206076 -0.307186
v 0.058828 -0.213326 -0.253467
v 0.017699 -0.209720 -0.206085
v 0.025673 -0.209511 -0.205216
v 0.077479 -0.205361 -0.347552
v -0.045183 -0.208660 -0.261242
v -0.092911 -0.218633 -0.247575
v -0.163045 -0.221911 -0.211812
v -0.123201 -0.213630 -0.234780
v -0.124903 -0.214760 -0.336423
v -0.191548 -0.216299 -0.188757
v -0.223006 -0.222877 -0.152068
v -0.232797 -0.223198 -0.129192
v -0.297676 -0.213313 -0.200583
v -0.262312 -0.217638 -0.080121
v -0.267409 -0.209311 -0.066106
v -0.215541 -0.219960 -0.036004
v -0.271857 -0.204990 -0.046479
v -0.353548 -0.199623 -0.104326
v -0.359260 -0.196552 -0.084505
v -0.208980 -0.215755 0.035844
v -0.265731 -0.212288 0.018973
v -0.221151 -0.214904 0.147560
v -0.232033 -0.213075 0.128551
v -0.341800 -0.214699 0.095067
v -0.201903 -0.212797 0.172749
v -0.142040 -0.218515 0.151920
v -0.178862 -0.209497 0.204256
v -0.284896 -0.210448 0.234352
v -0.103165 -0.220963 0.198096
v -0.126851 -0.227419 0.254648
v -0.013046 -0.222482 0.271124
v -0.040539 -0.222893 0.273451
v 0.009618 -0.215691 0.266121
v 0.076626 -0.223906 0.252113
v -0.016832 -0.215074 0.367723
v 0.018235 -0.216497 0.367161
v 0.106387 -0.223381 0.169816
v 0.107331 -0.215959 0.232117
v 0.166546 -0.210805 0.195608
v 0.186072 -0.208387 0.181403
v 0.230158 -0.203945 0.273225
v 0.249378 -0.219418 0.076848
v 0.236450 -0.216978 0.134877
v 0.258422 -0.219573 0.053004
v 0.262723 -0.218810 0.009659
v 0.261493 -0.217917 0.029262
v 0.358630 -0.218295 0.075965
v 0.257825 -0.221820 -0.023926
v 0.243895 -0.225887 -0.078278
v 0.358274 -0.226080 -0.022235
v 0.333249 -0.212220 -0.104582
v 0.315467 -0.205799 -0.156093
v 0.406351 -0.208756 -0.282111
v 0.362767 -0.222891 -0.223336
v 0.330444 -0.217248 -0.270489
v 0.282646 -0.206062 -0.408763
v 0.377885 -0.205140 -0.311457
v 0.242652 -0.205649 -0.341427
v 0.206083 -0.198157 -0.367318
v 0.121851 -0.202222 -0.335856
v 0.146930 -0.206717 -0.325028
v 0.125428 -0.193040 -0.399641
v 0.145991 -0.191399 -0.468200
v 0.147427 -0.193631 -0.392672
v 0.248827 -0.200830 -0.437043
v 0.094367 -0.198850 -0.408881
v 0.030627 -0.207495 -0.354757
v 0.044381 -0.204385 -0.353158
v -0.003550 -0.197697 -0.415677
v -0.003953 -0.199644 -0.507241
v 0.039980 -0.194528 -0.426765
v -0.055876 -0.224532 -0.348648
v -0.172027 -0.202408 -0.456530
v -0.098338 -0.212768 -0.406713
v -0.151007 -0.217070 -0.395480
v -0.298921 -0.202507 -0.390635
v -0.255416 -0.218732 -0.262605
v -0.387739 -0.192694 -0.305464
v -0.334438 -0.197483 -0.262312
v -0.354811 -0.203627 -0.236313
v -0.477596 -0.190288 -0.139704
v -0.415473 -0.186301 -0.121296
v -0.421521 -0.186203 -0.097687
v -0.363904 -0.202086 -0.058730
v -0.493095 -0.173655 0.007088
v -0.426495 -0.187134 -0.022730
v -0.485818 -0.184433 -0.110368
v -0.347794 -0.211333 0.074829
v -0.474960 -0.199122 0.131362
v -0.407856 -0.220063 0.112982
v -0.413346 -0.209461 0.089509
v -0.405908 -0.195772 0.272868
v -0.450624 -0.194906 0.190849
v -0.327742 -0.201644 0.272775
v -0.238684 -0.217157 0.269486
v -0.281940 -0.195852 0.414207
v -0.165368 -0.238221 0.340700
v -0.156325 -0.212472 0.472999
v -0.166612 -0.213898 0.402875
v -0.020339 -0.196505 0.511090
v 0.023878 -0.213587 0.439358
v 0.155090 -0.214745 0.474001
v 0.027776 -0.199434 0.507113
v 0.188895 -0.211363 0.306839
v 0.150976 -0.219205 0.329042
v 0.243387 -0.199072 0.352978
v 0.282656 -0.209304 0.408205
v 0.223432 -0.202885 0.367740
v 0.273224 -0.195152 0.321446
v 0.399266 -0.194637 0.278317
v 0.475430 -0.207303 0.141848
v 0.398081 -0.212441 0.163051
v 0.416919 -0.214244 0.086603
v 0.483288 -0.187173 0.011133
v 0.417115 -0.217841 -0.030512
v 0.405392 -0.210052 -0.082034
v 0.482009 -0.193028 -0.076981
v 0.486813 -0.196943 -0.193408
v 0.470783 -0.202140 -0.229733
v 0.422249 -0.190994 -0.258311
v 0.429382 -0.200391 -0.301677
v 0.554528 -0.185050 -0.217639
v 0.532787 -0.190329 -0.258388
v 0.305183 -0.198935 -0.385212
v 0.351488 -0.199988 -0.340491
v 0.324808 -0.190561 -0.405296
v 0.229343 -0.194565 -0.480322
v 0.135231 -0.186492 -0.585131
v -0.084701 -0.190078 -0.520805
v -0.114627 -0.207324 -0.474965
v -0.095880 -0.180316 -0.590229
v -0.226301 -0.194678 -0.436282
v -0.320983 -0.196009 -0.417797
v -0.375446 -0.194560 -0.374649
v -0.430088 -0.168483 -0.427311
v -0.432704 -0.195866 -0.232424
v -0.462384 -0.190434 -0.249586
v -0.498015 -0.174469 -0.336346
v -0.493903 -0.175921 -0.022439
v -0.522729 -0.181808 -0.076483
v -0.525657 -0.173947 0.007762
v -0.530254 -0.180274 0.053032
v -0.600404 -0.174427 0.059697
v -0.482336 -0.187336 0.203317
v -0.436205 -0.192011 0.240186
v -0.458608 -0.190652 0.258754
v -0.436942 -0.193763 0.291553
v -0.359948 -0.191119 0.343997
v -0.355339 -0.180358 0.390947
v -0.460930 -0.184253 0.381466
v -0.301451 -0.181255 0.438593
v -0.244299 -0.197641 0.475007
v -0.194766 -0.213073 0.461046
v -0.161908 -0.200080 0.508981
v -0.080974 -0.200497 0.536084
v -0.021694 -0.191943 0.544510
v -0.094802 -0.187593 0.603863
v 0.076630 -0.207332 0.497540
v 0.167711 -0.211373 0.505888
v 0.222585 -0.211916 0.478203
v 0.255516 -0.188762 0.536711
v 0.353186 -0.202667 0.338121
v 0.379158 -0.196814 0.363549
v 0.395009 -0.184354 0.454608
v 0.425647 -0.198975 0.296634
v 0.450684 -0.197197 0.262802
v 0.458524 -0.195846 0.187990
v 0.504060 -0.197286 0.151703
v 0.510432 -0.183791 0.299543
v 0.481825 -0.195288 0.047772
v 0.516911 -0.189286 0.011944
v 0.514384 -0.192997 0.051541
v 0.576543 -0.185811 0.117328
v 0.476537 -0.199406 -0.095979
v 0.501996 -0.190887 -0.151877
v 0.596206 -0.181422 -0.040698
v 0.601303 -0.167062 -0.236401
v 0.575146 -0.173099 -0.279034
v 0.507477 -0.185306 -0.309788
v 0.572307 -0.175903 -0.396990
v 0.552398 -0.179073 -0.338806
v 0.368610 -0.183065 -0.459835
v 0.431357 -0.188392 -0.417540
v 0.407692 -0.168377 -0.573713
v 0.541250 -0.158586 -0.445916
v 0.275458 -0.176424 -0.590047
v 0.211829 -0.169341 -0.663830
v 0.195034 -0.177862 -0.619610
v 0.232003 -0.169729 -0.605478
v 0.344207 -0.171649 -0.609568
v 0.086569 -0.177198 -0.645690
v -0.001818 -0.172171 -0.700761
v -0.003166 -0.179812 -0.651154
v 0.062484 -0.184272 -0.652941
v -0.101332 -0.177062 -0.638105
v -0.137691 -0.178948 -0.586730
v -0.240285 -0.162775 -0.649435
v -0.150365 -0.167472 -0.621492
v -0.302779 -0.179243 -0.583595
v -0.276568 -0.187232 -0.531055
v -0.427721 -0.165083 -0.560459
v -0.465748 -0.167542 -0.463039
v -0.555302 -0.153706 -0.435733
v -0.517344 -0.160810 -0.410417
v -0.525294 -0.174715 -0.282874
v -0.682352 -0.155947 -0.189240
v -0.569697 -0.169853 -0.306766
v -0.598580 -0.166918 -0.025830
v -0.695711 -0.163542 0.010140
v -0.649506 -0.157647 -0.027796
v -0.693051 -0.153917 -0.149828
v -0.648505 -0.165370 0.010287
v -0.647449 -0.171092 0.063250
v -0.667808 -0.158277 0.185095
v -0.624251 -0.175106 0.173928
v -0.642072 -0.177823 0.140468
v -0.589862 -0.176365 0.255012
v -0.563596 -0.177588 0.325789
v -0.518470 -0.187796 0.296095
v -0.576462 -0.167570 0.398405
v -0.636676 -0.158363 0.275901
v -0.458977 -0.173875 0.453329
v -0.423501 -0.182627 0.420362
v -0.388899 -0.147447 0.588838
v -0.365850 -0.164022 0.545973
v -0.292652 -0.166069 0.585592
v -0.225881 -0.194685 0.565123
v -0.212801 -0.146031 0.685282
v -0.244524 -0.168026 0.616048
v -0.198170 -0.166983 0.636593
v -0.103532 -0.175225 0.655797
v -0.029783 -0.159477 0.719916
v 0.101666 -0.172260 0.656082
v 0.093415 -0.182579 0.604178
v 0.225801 -0.173080 0.661865
v 0.040904 -0.158842 0.712295
v 0.279611 -0.180908 0.584229
v 0.409442 -0.166519 0.570053
v 0.347891 -0.169164 0.557739
v 0.376185 -0.182479 0.527436
v 0.434118 -0.191077 0.412274
v 0.566924 -0.159143 0.397617
v 0.525716 -0.170525 0.368069
v 0.555948 -0.172580 0.327289
v 0.548054 -0.172379 0.227536
v 0.664823 -0.153104 0.204071
v 0.596046 -0.168164 0.247436
v 0.587295 -0.191531 0.060308
v 0.696969 -0.170771 0.018377
v 0.638579 -0.175929 -0.100452
v 0.586470 -0.169693 -0.116779
v 0.635752 -0.160483 -0.126195
v 0.685468 -0.161437 -0.108636
v 0.732878 -0.136846 -0.288852
v 0.597108 -0.167230 -0.364020
v 0.664002 -0.138977 -0.404861
v 0.638122 -0.139697 -0.443288
v 0.435811 -0.160314 -0.537586
v 0.502047 -0.167775 -0.485452
v 0.486534 -0.141172 -0.603881
v 0.554030 -0.145752 -0.541790
v 0.236605 -0.146957 -0.736829
v -0.001339 -0.139520 -0.779482
v -0.159740 -0.165616 -0.678161
v -0.178171 -0.140928 -0.761561
v -0.323698 -0.160699 -0.626006
v -0.356721 -0.136993 -0.691880
v -0.474394 -0.144300 -0.622265
v -0.553783 -0.141016 -0.556100
v -0.617901 -0.134778 -0.488592
v -0.614101 -0.156353 -0.329454
v -0.683622 -0.133801 -0.367086
v -0.698731 -0.163256 -0.032008
v -0.777993 -0.126970 -0.035726
v -0.774101 -0.133742 0.013670
v -0.721708 -0.128492 0.309323
v -0.606073 -0.165440 0.349705
v -0.669521 -0.128352 0.393316
v -0.637620 -0.134040 0.442289
v -0.493851 -0.157977 0.488928
v -0.433261 -0.123759 0.658165
v -0.264596 -0.152710 0.658706
v -0.297444 -0.130090 0.733023
v -0.240553 -0.121118 0.763800
v 0.108491 -0.154067 0.702483
v 0.120406 -0.133162 0.788027
v 0.251368 -0.140875 0.742642
v 0.456520 -0.140333 0.635118
v 0.504201 -0.155485 0.485431
v 0.558356 -0.144984 0.538880
v 0.640381 -0.140295 0.445646
v 0.642668 -0.159630 0.266553
v 0.720372 -0.126845 0.300638
v 0.742101 -0.128053 0.227509
v 0.694960 -0.168035 0.069504
v 0.776051 -0.133199 0.076328
v 0.782873 -0.132546 0.014817
v 0.683016 -0.145612 -0.135492
v 0.762379 -0.125351 -0.152758
v 0.764004 -0.119837 -0.300425
v 0.734497 -0.125334 -0.357903
v 0.586193 -0.130306 -0.571825
v 0.349514 -0.133223 -0.747801
v 0.113613 -0.129750 -0.822995
v -0.128693 -0.125538 -0.823422
v -0.589222 -0.126434 -0.593572
v -0.815758 -0.110748 0.013943
v -0.815649 -0.114628 0.079200
v -0.757076 -0.111073 0.326100
v -0.703910 -0.119958 0.412752
v -0.579117 -0.117348 0.592525
v -0.253391 -0.114092 0.801288
v -0.131012 -0.129545 0.835377
v 0.353340 -0.123943 0.749142
v 0.705034 -0.123746 0.417532
v 0.811741 -0.102179 -0.131012
v 0.784206 -0.121912 -0.239558
v 0.687139 -0.074844 -0.500850
v 0.643195 -0.083786 -0.553250
v 0.484700 -0.089401 -0.710413
v 0.420095 -0.086877 -0.762125
v 0.292243 -0.134735 -0.772228
v 0.194877 -0.090470 -0.859825
v 0.080050 -0.121794 -0.819942
v -0.290519 -0.082846 -0.819086
v -0.700041 -0.069765 -0.488124
v -0.808297 -0.071865 -0.236250
v -0.818942 -0.073648 -0.189794
v -0.820781 -0.111049 -0.114817
v -0.799638 -0.113486 0.174103
v -0.802201 -0.068403 0.233371
v -0.640490 -0.079070 0.573443
v -0.544389 -0.113912 0.625234
v -0.032941 -0.076306 0.894128
v 0.049419 -0.061451 0.890103
v 0.439828 -0.123079 0.700292
v 0.541566 -0.079799 0.664598
v 0.818104 -0.074215 0.169966
v 0.842082 -0.064434 -0.072666
v 0.806570 -0.077572 -0.254592
v 0.754254 -0.079819 -0.379898
v 0.643889 -0.044664 -0.564589
v 0.490075 -0.048899 -0.726465
v 0.421759 -0.055764 -0.779860
v 0.300499 -0.089751 -0.815572
v 0.358616 -0.089300 -0.785112
v 0.196056 -0.049441 -0.876285
v 0.082636 -0.073777 -0.865204
v 0.115465 -0.086780 -0.869438
v -0.134205 -0.077934 -0.873118
v -0.292245 -0.044185 -0.839214
v -0.699520 -0.031293 -0.498197
v -0.812413 -0.032535 -0.242029
v -0.827488 -0.035696 -0.196226
v -0.833948 -0.066761 -0.123587
v -0.817770 -0.068813 0.182435
v -0.847436 -0.029363 0.081963
v -0.809360 -0.028405 0.239484
v -0.633500 -0.040011 0.587996
v -0.551871 -0.068536 0.661306
v -0.377134 -0.073118 0.787279
v -0.032583 -0.037764 0.912849
v 0.048067 -0.025781 0.902723
v 0.451493 -0.076321 0.740101
v 0.363602 -0.081600 0.795013
v 0.543574 -0.039956 0.680013
v 0.725294 -0.044724 0.458164
v 0.821505 -0.041004 0.174857
v 0.847591 -0.026549 -0.074168
v 0.536776 -0.045215 -0.700921
v 0.601552 -0.037748 -0.617922
v 0.651651 0.007752 -0.572383
v 0.494780 0.000875 -0.734218
v 0.429861 -0.004150 -0.787009
v 0.114470 -0.040586 -0.889888
v 0.194693 0.004583 -0.884358
v -0.384400 -0.042074 -0.804574
v -0.293997 0.007124 -0.848420
v -0.744201 -0.032044 -0.424699
v -0.706601 0.019444 -0.504948
v -0.844399 -0.029300 -0.129800
v -0.827147 0.017489 -0.252558
v -0.844334 0.015848 -0.204805
v -0.723506 -0.038183 0.448225
v -0.553819 -0.033251 0.673989
v -0.594374 -0.035222 0.638801
v -0.639581 0.011453 0.589562
v -0.131812 -0.049609 0.898480
v 0.126537 -0.033805 0.898851
v 0.047771 0.021001 0.910135
v 0.602709 -0.052819 0.621389
v 0.547149 0.010886 0.687656
v 0.842881 -0.043146 0.088497
v 0.825380 0.008756 0.176676
v 0.814553 -0.027921 -0.260459
v 0.848654 0.021257 -0.070609
v 0.690702 0.063178 -0.510273
v 0.721935 0.014855 -0.473878
v 0.488181 0.044231 -0.716289
v 0.644815 0.052421 -0.562081
v 0.602138 0.058722 -0.612473
v 0.257737 0.054869 -0.853222
v 0.307100 0.002460 -0.847662
v 0.423170 0.039391 -0.769717
v 0.367461 0.040741 -0.807230
v -0.004783 0.053271 -0.885157
v 0.080786 0.008224 -0.904719
v 0.114408 0.055479 -0.884092
v -0.290008 0.058369 -0.831333
v -0.200077 0.013554 -0.879412
v -0.666049 0.018346 -0.559340
v -0.820574 0.062876 -0.249999
v -0.835867 0.066298 0.018166
v -0.851083 0.028262 -0.037227
v -0.832046 0.060725 -0.200510
v -0.820703 0.024183 0.243663
v -0.835107 0.022851 0.191506
v -0.693292 0.055882 0.509729
v -0.772088 0.062422 0.351657
v -0.460039 0.058362 0.741268
v -0.261693 0.055654 0.860182
v -0.322787 0.015663 0.846063
v 0.049265 0.057127 0.890743
v 0.130687 0.059912 0.895405
v 0.491589 0.049753 0.720635
v 0.461160 0.006064 0.770854
v 0.686292 0.054685 0.510583
v 0.779933 0.010212 0.345160
v 0.840365 0.027443 -0.178501
v 0.826584 0.067448 -0.141207
v 0.525552 0.044431 -0.685732
v 0.690705 0.099207 -0.497140
v 0.643316 0.090211 -0.546060
v 0.494915 0.084357 -0.704363
v 0.422272 0.077631 -0.753100
v 0.192736 0.082438 -0.848563
v -0.507526 0.053137 -0.709494
v -0.381695 0.053665 -0.797134
v -0.293555 0.096615 -0.811895
v -0.739728 0.062268 -0.421825
v -0.701140 0.102576 -0.483455
v -0.839896 0.063198 -0.129267
v -0.819212 0.100077 -0.243681
v -0.828875 0.097416 -0.194736
v -0.723662 0.057651 0.445405
v -0.814636 0.104242 0.229952
v -0.554935 0.067682 0.667681
v -0.591684 0.060972 0.630593
v -0.636003 0.095234 0.560493
v -0.035175 0.058308 0.902249
v 0.272384 0.050492 0.842210
v -0.034835 0.092692 0.877179
v 0.050277 0.103727 0.871516
v 0.601203 0.041448 0.617550
v 0.541780 0.092268 0.656415
v 0.796994 0.065091 0.259239
v 0.839326 0.063487 0.016632
v 0.832473 0.056749 0.087489
v 0.824267 0.095392 0.168381
v 0.799712 0.067432 -0.258785
v 0.841187 0.101527 -0.067926
v 0.716257 0.097326 -0.454699
v 0.526331 0.082225 -0.667967
v 0.602482 0.096590 -0.596528
v -0.193037 0.095562 -0.844503
v -0.377967 0.092721 -0.771715
v -0.742355 0.099920 -0.411284
v -0.837282 0.103845 -0.035782
v -0.725732 0.102477 0.435751
v -0.590429 0.098135 0.614494
v -0.318626 0.107105 0.804660
v -0.131567 0.085545 0.864454
v 0.133583 0.104622 0.867404
v 0.601869 0.079983 0.601753
v 0.774635 0.107076 0.332096
v 0.833482 0.093877 0.085408
v 0.818771 0.102195 -0.169230
v 0.757957 0.131378 -0.298305
v 0.688005 0.122104 -0.423618
v 0.514610 0.120677 -0.637493
v 0.592661 0.130317 -0.570682
v 0.251459 0.122767 -0.789471
v -0.006570 0.114784 -0.826310
v -0.194866 0.123473 -0.810537
v -0.373907 0.121323 -0.737859
v -0.494823 0.120386 -0.656714
v -0.646844 0.134004 -0.509585
v -0.579021 0.127739 -0.580277
v -0.722731 0.132412 -0.390857
v -0.818196 0.127154 -0.039109
v -0.823453 0.141477 0.015342
v -0.808717 0.132935 0.077061
v -0.757766 0.134914 0.323260
v -0.667107 0.125778 0.468058
v -0.709777 0.136509 0.412328
v -0.449546 0.139577 0.682235
v -0.313141 0.140841 0.770616
v -0.252764 0.132423 0.792700
v -0.128499 0.116111 0.822870
v 0.128800 0.133301 0.819178
v 0.265776 0.116094 0.778317
v 0.480139 0.127711 0.669721
v 0.585476 0.113601 0.570792
v 0.664045 0.127909 0.466641
v 0.697279 0.131818 0.412995
v 0.750646 0.138022 0.314426
v 0.783954 0.136764 0.240148
v 0.813403 0.125070 0.081321
v 0.827855 0.133097 0.017367
v 0.807863 0.132576 -0.129689
v 0.800382 0.134944 -0.161698
v 0.726185 0.140704 -0.284012
v 0.604537 0.158088 -0.419084
v 0.662800 0.168420 -0.255827
v 0.681240 0.155465 -0.266533
v 0.630364 0.162944 -0.304450
v 0.654317 0.160828 -0.316658
v 0.460719 0.159505 -0.567336
v 0.493152 0.146783 -0.608448
v 0.568256 0.148698 -0.543378
v 0.239955 0.132231 -0.758901
v 0.106483 0.136826 -0.787843
v 0.163126 0.157599 -0.696323
v 0.167911 0.156370 -0.722480
v -0.005095 0.139894 -0.785265
v -0.114936 0.152941 -0.701959
v -0.118653 0.148299 -0.727939
v -0.443714 0.153507 -0.583993
v -0.359589 0.139898 -0.700994
v -0.472173 0.135703 -0.622215
v -0.618864 0.151300 -0.484976
v -0.505690 0.160254 -0.502635
v -0.524532 0.157214 -0.520291
v -0.714280 0.159523 -0.205495
v -0.688297 0.145942 -0.370084
v -0.586615 0.178640 -0.394205
v -0.608291 0.168128 -0.409514
v -0.741579 0.156957 -0.111413
v -0.782319 0.138636 -0.116218
v -0.787956 0.156672 0.014458
v -0.774464 0.149156 0.071999
v -0.701700 0.158330 0.063929
v -0.725232 0.154464 0.070174
v -0.724631 0.152762 0.306672
v -0.645758 0.144614 0.443986
v -0.613423 0.166328 0.414960
v -0.681523 0.146202 0.388957
v -0.641466 0.152984 0.369015
v -0.487646 0.159481 0.548158
v -0.517182 0.153592 0.587761
v -0.549655 0.148314 0.545624
v -0.536535 0.163914 0.452603
v -0.559077 0.160001 0.474413
v -0.433964 0.157071 0.652162
v -0.330600 0.154810 0.661743
v -0.239900 0.148987 0.752204
v -0.027792 0.160151 0.743380
v -0.031110 0.147589 0.787903
v -0.123035 0.136295 0.782177
v -0.113546 0.163334 0.707364
v -0.116831 0.160131 0.735963
v 0.240584 0.149046 0.696732
v 0.120112 0.145916 0.771597
v 0.253757 0.136359 0.738332
v 0.307233 0.153750 0.638565
v 0.318616 0.149595 0.666099
v 0.459876 0.143443 0.635170
v 0.593482 0.159461 0.414975
v 0.531785 0.163142 0.512691
v 0.562604 0.138936 0.541899
v 0.461127 0.155883 0.541694
v 0.477343 0.155201 0.562421
v 0.634542 0.146208 0.442415
v 0.670419 0.147009 0.392031
v 0.704693 0.156971 0.212453
v 0.606412 0.162001 0.354047
v 0.629143 0.157969 0.367186
v 0.753228 0.155721 0.228280
v 0.741022 0.148482 0.016401
v 0.730762 0.141363 0.071233
v 0.786814 0.140381 0.017718
v 0.778468 0.145255 0.076879
v 0.697795 0.155707 0.139794
v 0.723631 0.157239 0.145318
v 0.772241 0.145695 -0.121588
v 0.708646 0.154740 -0.214944
v 0.749670 0.140937 -0.225508
v 0.712735 0.156614 -0.054977
v 0.737126 0.157016 -0.056279
v 0.680209 0.157075 -0.206654
v 0.486875 0.174007 -0.344845
v 0.550706 0.167936 -0.337553
v 0.499423 0.188325 -0.412536
v 0.342646 0.177805 -0.483021
v 0.451910 0.180458 -0.377637
v 0.371385 0.170767 -0.529667
v 0.323539 0.169898 -0.564607
v 0.255153 0.164557 -0.676650
v 0.303299 0.157412 -0.642532
v 0.195720 0.170385 -0.612864
v 0.178885 0.176880 -0.559822
v 0.229294 0.174018 -0.612630
v 0.294282 0.179621 -0.519175
v 0.143493 0.169584 -0.627338
v 0.065967 0.156422 -0.701626
v 0.091253 0.165530 -0.705526
v -0.001410 0.172747 -0.641766
v -0.004389 0.179475 -0.600479
v 0.062357 0.170909 -0.631320
v -0.215034 0.186914 -0.558254
v -0.154717 0.177407 -0.625615
v -0.228338 0.170618 -0.605252
v -0.360321 0.183638 -0.477151
v -0.466934 0.195944 -0.368452
v -0.507159 0.190644 -0.399074
v -0.538341 0.184241 -0.358921
v -0.580061 0.204457 -0.162719
v -0.638972 0.183621 -0.145011
v -0.719413 0.170999 -0.107772
v -0.600783 0.191177 0.002797
v -0.663194 0.191997 -0.036674
v -0.590389 0.200360 -0.131298
v -0.682149 0.160518 0.150861
v -0.577612 0.185444 0.159007
v -0.619908 0.178915 0.179510
v -0.627051 0.172286 0.139964
v -0.492441 0.177962 0.344652
v -0.553392 0.190273 0.242615
v -0.494787 0.175771 0.419435
v -0.469106 0.160823 0.529286
v -0.359210 0.181057 0.539362
v -0.330824 0.192073 0.497446
v -0.319204 0.167345 0.638355
v -0.178187 0.180472 0.573881
v -0.243054 0.169164 0.603639
v -0.026011 0.177080 0.603465
v 0.034394 0.163106 0.642313
v 0.195657 0.174855 0.565644
v 0.030609 0.178913 0.594359
v 0.380072 0.158703 0.602092
v 0.380360 0.177898 0.536283
v 0.349121 0.187564 0.493888
v 0.347380 0.170379 0.548954
v 0.424564 0.177590 0.501798
v 0.485549 0.183846 0.338056
v 0.564687 0.180343 0.172415
v 0.594220 0.181311 0.247223
v 0.632712 0.160084 0.126693
v 0.600661 0.180785 0.016676
v 0.649459 0.172799 -0.049005
v 0.633905 0.170780 -0.122964
v 0.589514 0.188988 -0.093199
v 0.491234 0.186972 -0.192075
v 0.505093 0.172412 -0.315079
v 0.458429 0.194198 -0.281590
v 0.397189 0.202678 -0.279585
v 0.367021 0.191010 -0.458723
v 0.333342 0.190010 -0.410925
v 0.417278 0.178578 -0.412707
v 0.382322 0.191070 -0.366550
v 0.289537 0.208796 -0.400962
v 0.375541 0.187449 -0.309403
v 0.163752 0.185912 -0.508694
v 0.151125 0.215251 -0.472908
v 0.242311 0.207053 -0.426907
v 0.210327 0.210533 -0.445313
v -0.004281 0.193427 -0.505912
v 0.065293 0.202175 -0.494025
v -0.003181 0.193529 -0.548543
v -0.138553 0.183757 -0.572692
v -0.120921 0.189433 -0.523171
v -0.174132 0.190462 -0.464981
v -0.275885 0.186228 -0.524703
v -0.242963 0.197134 -0.470794
v -0.303042 0.197887 -0.402358
v -0.330385 0.186713 -0.434983
v -0.423184 0.205517 -0.333321
v -0.388876 0.207916 -0.303828
v -0.528171 0.188772 -0.284039
v -0.482475 0.205936 -0.257602
v -0.483942 0.215926 -0.140613
v -0.609176 0.202057 -0.034419
v -0.551810 0.204283 -0.030833
v -0.507850 0.202219 0.002631
v -0.491536 0.218590 -0.109344
v -0.543839 0.192717 0.000962
v -0.539931 0.204303 0.047499
v -0.492743 0.219974 0.129048
v -0.505244 0.194144 0.213462
v -0.520510 0.186664 0.306851
v -0.446089 0.193437 0.309788
v -0.476254 0.198188 0.277178
v -0.414740 0.205259 0.282098
v -0.468811 0.198877 0.193346
v -0.414482 0.185951 0.418102
v -0.382376 0.205576 0.379486
v -0.280315 0.190280 0.410895
v -0.357573 0.196470 0.339415
v -0.297056 0.195803 0.452480
v -0.223140 0.180911 0.556889
v -0.197508 0.187112 0.509688
v -0.147824 0.187544 0.480531
v -0.159260 0.186955 0.524483
v -0.083317 0.188552 0.545579
v -0.023113 0.187063 0.501602
v 0.093463 0.180938 0.598314
v 0.085560 0.195435 0.547493
v 0.160462 0.182766 0.469919
v 0.028686 0.191645 0.503376
v 0.175706 0.178465 0.510065
v 0.293086 0.200799 0.415540
v 0.317092 0.187712 0.444175
v 0.424954 0.179432 0.409794
v 0.388658 0.194880 0.376925
v 0.401437 0.204843 0.282588
v 0.440561 0.193594 0.306051
v 0.451765 0.192235 0.267097
v 0.544055 0.180049 0.223755
v 0.490371 0.188167 0.201731
v 0.470012 0.187257 0.141373
v 0.513606 0.195007 0.154390
v 0.589790 0.184448 0.061161
v 0.536142 0.192825 0.053465
v 0.499714 0.197723 0.012859
v 0.546378 0.191944 0.013053
v 0.533436 0.194274 -0.083761
v 0.582972 0.188426 -0.114199
v 0.525414 0.197700 -0.100569
v 0.489786 0.204203 -0.073885
v 0.473459 0.200076 -0.141087
v 0.362528 0.224153 -0.177207
v 0.305394 0.224752 -0.120242
v 0.299191 0.220409 -0.146076
v 0.325667 0.212531 -0.231442
v 0.305165 0.208254 -0.256985
v 0.249377 0.199815 -0.314469
v 0.280939 0.204196 -0.279593
v 0.265147 0.206009 -0.189504
v 0.238633 0.204832 -0.333106
v 0.204643 0.205118 -0.355676
v 0.176624 0.210890 -0.462705
v 0.173492 0.217845 -0.374677
v 0.087149 0.205840 -0.395634
v 0.045404 0.198305 -0.505100
v 0.048249 0.205734 -0.408091
v 0.073014 0.211824 -0.326667
v -0.069206 0.204904 -0.399727
v -0.061023 0.213054 -0.330991
v -0.151626 0.205413 -0.387019
v -0.190111 0.199669 -0.366961
v -0.246660 0.221573 -0.238241
v -0.348481 0.209173 -0.229234
v -0.371084 0.218316 -0.196070
v -0.286424 0.216492 -0.188494
v -0.400898 0.207763 -0.120482
v -0.408680 0.209265 -0.091900
v -0.500703 0.232038 -0.071053
v -0.411990 0.209881 -0.060349
v -0.501209 0.216336 0.102124
v -0.342323 0.211766 0.031811
v -0.408206 0.204513 0.106258
v -0.369178 0.201769 0.204271
v -0.317693 0.203014 0.248979
v -0.329774 0.194554 0.359179
v -0.280261 0.187405 0.299655
v -0.294739 0.200188 0.278730
v -0.257744 0.213715 0.217393
v -0.180611 0.190316 0.371827
v -0.151270 0.203169 0.303439
v -0.061521 0.204285 0.421381
v -0.054314 0.199227 0.335038
v -0.015610 0.204414 0.424571
v 0.024313 0.197600 0.424321
v 0.065818 0.194279 0.415897
v 0.268099 0.196187 0.426014
v 0.175418 0.207449 0.377683
v 0.144009 0.213633 0.321125
v 0.266597 0.214899 0.318358
v 0.298669 0.204252 0.289110
v 0.219964 0.211737 0.261154
v 0.289274 0.212966 0.172778
v 0.403596 0.217755 0.085329
v 0.403001 0.208159 0.041647
v 0.316461 0.202540 0.053531
v 0.408500 0.201150 -0.025873
v 0.383249 0.214252 -0.119758
v 0.328625 0.217648 -0.028950
v 0.315902 0.221900 -0.096512
v 0.168067 0.216894 -0.081783
v 0.230487 0.211758 -0.148407
v 0.153419 0.219237 -0.112117
v 0.221426 0.213568 -0.162306
v 0.209250 0.214341 -0.178702
v 0.172122 0.216822 -0.215814
v 0.195363 0.216526 -0.194547
v 0.081030 0.227498 -0.139851
v 0.110041 0.223472 -0.112862
v 0.160985 0.219039 -0.224284
v 0.139095 0.212703 -0.240934
v 0.116850 0.218343 -0.300548
v 0.139442 0.218003 -0.290530
v 0.049073 0.223252 -0.195121
v 0.037228 0.228227 -0.163105
v 0.059284 0.229164 -0.190313
v 0.068463 0.228531 -0.149296
v 0.057574 0.230407 -0.274858
v 0.023673 0.211911 -0.341300
v -0.010241 0.226402 -0.205061
v -0.010492 0.232071 -0.169665
v 0.008807 0.225412 -0.204490
v -0.040323 0.224345 -0.202010
v -0.075188 0.214677 -0.284169
v -0.064693 0.219909 -0.158432
v -0.054915 0.223032 -0.197960
v -0.109988 0.215204 -0.273614
v -0.140245 0.211195 -0.263207
v -0.103670 0.208971 -0.134707
v -0.143723 0.213951 -0.143222
v -0.159230 0.216408 -0.125333
v -0.235424 0.217878 -0.159146
v -0.253664 0.218558 -0.137771
v -0.158715 0.210555 -0.049845
v -0.278756 0.204057 -0.085502
v -0.273966 0.202795 -0.067932
v -0.283599 0.209161 -0.019469
v -0.338695 0.201736 -0.055532
v -0.166602 0.228755 -0.004823
v -0.202122 0.233548 -0.014988
v -0.162228 0.221886 -0.041630
v -0.201692 0.231266 -0.003734
v -0.202254 0.230831 0.011553
v -0.336507 0.213050 0.071539
v -0.197180 0.219162 0.045654
v -0.198466 0.217520 0.035049
v -0.278656 0.224528 0.071501
v -0.191176 0.219403 0.069952
v -0.247279 0.225335 0.134417
v -0.136547 0.219788 0.085772
v -0.080421 0.215105 0.032311
v -0.227661 0.223904 0.185011
v -0.222311 0.206884 0.254505
v -0.203294 0.233471 0.205087
v -0.093805 0.216090 0.129756
v -0.114591 0.217980 0.160170
v -0.109024 0.203194 0.270750
v -0.054748 0.215672 0.149346
v -0.082398 0.223954 0.178643
v -0.067639 0.221913 0.183744
v -0.050293 0.206329 0.284897
v -0.014192 0.213532 0.303524
v 0.010664 0.211109 0.300336
v 0.037579 0.209876 0.295143
v 0.052286 0.210705 0.157597
v 0.009648 0.212125 0.167283
v 0.182327 0.217349 0.304346
v 0.107807 0.221897 0.172901
v 0.182964 0.222415 0.221300
v 0.117835 0.224565 0.166360
v 0.203085 0.222389 0.202018
v 0.129208 0.222600 0.095048
v 0.155972 0.227602 0.112849
v 0.253894 0.200902 0.101757
v 0.170583 0.221201 0.070973
v 0.269777 0.207711 0.043956
v 0.272970 0.209509 0.017429
v 0.144535 0.232849 -0.007604
v 0.274909 0.207493 -0.029658
v 0.278751 0.224200 -0.058522
v 0.177229 0.218111 -0.049517
v 0.143672 0.234973 -0.036467
v 0.162175 -0.222147 -0.120426
v 0.107840 -0.224565 -0.068564
v 0.115009 -0.224158 -0.059035
v 0.061467 -0.227327 -0.030064
v 0.058395 -0.226048 -0.016013
v 0.116156 -0.229659 -0.167694
v 0.153159 -0.225597 -0.133062
v 0.039805 -0.226710 -0.122798
v 0.061391 -0.215935 -0.195610
v 0.047476 -0.226687 -0.120937
v 0.100271 -0.228345 -0.178154
v 0.029761 -0.234586 -0.040697
v 0.031125 -0.229973 -0.070952
v 0.050836 -0.229040 -0.071126
v 0.046668 -0.228862 -0.085544
v -0.002642 -0.210925 -0.206456
v 0.013470 -0.226973 -0.131670
v 0.014966 -0.233269 -0.081471
v 0.030233 -0.226003 -0.127496
v -0.073795 -0.215665 -0.195351
v -0.030117 -0.227729 -0.128421
v -0.020308 -0.230197 -0.132660
v 0.000414 -0.233647 -0.062169
v -0.131957 -0.219649 -0.168562
v -0.059808 -0.234936 -0.119724
v -0.170461 -0.216745 -0.132682
v -0.093090 -0.236737 -0.095158
v -0.100648 -0.235734 -0.082045
v -0.207102 -0.223237 -0.061373
v -0.116880 -0.233495 -0.064723
v -0.217241 -0.217707 -0.003734
v -0.128835 -0.231841 -0.008253
v -0.212141 -0.221371 -0.051422
v -0.125106 -0.231510 -0.037578
v -0.128976 -0.230339 -0.030837
v -0.205691 -0.212698 0.047632
v -0.085761 -0.230780 0.010663
v -0.129600 -0.227321 0.009999
v -0.173634 -0.215556 0.112961
v -0.112509 -0.215870 0.064826
v -0.196730 -0.224169 0.076142
v -0.076318 -0.230236 0.036310
v -0.120031 -0.220674 0.173122
v -0.056821 -0.238539 0.055344
v -0.063811 -0.227585 0.217243
v -0.053248 -0.231050 0.128071
v -0.062581 -0.230398 0.124306
v -0.033459 -0.243267 0.057148
v -0.012355 -0.229104 0.212966
v -0.024115 -0.229463 0.137055
v -0.043601 -0.225350 0.131630
v 0.062489 -0.229546 0.193590
v 0.007409 -0.231080 0.213474
v 0.118899 -0.221875 0.164563
v 0.069711 -0.231305 0.110810
v 0.165553 -0.227754 0.117112
v 0.075499 -0.230850 0.105339
v 0.195332 -0.217824 0.059658
v 0.072042 -0.233298 0.034403
v 0.115342 -0.235678 0.069682
v 0.050291 -0.228254 0.032170
v 0.201597 -0.224748 0.000014
v 0.066444 -0.227210 0.018464
v 0.125680 -0.221333 -0.026164
v 0.126672 -0.225460 -0.011848
v 0.195330 -0.226431 -0.036613
v 0.078129 -0.229454 0.002719
v 0.032453 0.226634 -0.036049
v 0.117370 0.222962 -0.102552
v 0.102685 0.224078 -0.122656
v 0.019546 0.216326 -0.049761
v 0.057728 0.230250 -0.155459
v 0.011353 0.215338 -0.075531
v 0.020486 0.215507 -0.079068
v 0.046348 0.226666 -0.160415
v 0.004476 0.231000 -0.170316
v -0.081949 0.219262 -0.151768
v -0.151061 0.214679 -0.082656
v -0.049187 0.199048 -0.012215
v -0.166502 0.228059 -0.014648
v -0.033782 0.202125 0.003271
v -0.074257 0.207760 -0.010388
v -0.072608 0.207526 -0.002715
v -0.150673 0.219207 0.074158
v -0.118347 0.211960 0.109171
v -0.062914 0.216829 0.050524
v -0.077518 0.210103 0.140502
v -0.005952 0.209702 0.166300
v 0.025242 0.211402 0.166984
v 0.120305 0.220690 0.120791
v 0.044794 0.213832 0.027855
v 0.056772 0.218958 0.010626
v 0.144672 0.228483 0.005437
v 0.066081 0.230586 -0.005874
v 0.046877 0.233711 -0.024358
v 0.142364 0.234635 -0.042544
vt 0.907931 0.246352
vt 0.909162 0.254564
vt 0.890738 0.246232
vt 0.888697 0.236492
vt 0.910528 0.262908
vt 0.893316 0.257433
vt 0.914118 0.279883
vt 0.898522 0.280401
vt 0.896620 0.272396
vt 0.912694 0.273529
vt 0.872016 0.276720
vt 0.869853 0.267592
vt 0.864675 0.249728
vt 0.858389 0.225313
vt 0.861265 0.237236
vt 0.916058 0.288584
vt 0.901183 0.291091
vt 0.918222 0.297560
vt 0.903884 0.301440
vt 0.923748 0.316816
vt 0.910662 0.324747
vt 0.907821 0.316462
vt 0.921821 0.310364
vt 0.888483 0.335390
vt 0.885993 0.325616
vt 0.880924 0.305919
vt 0.875593 0.290071
vt 0.926904 0.327083
vt 0.914214 0.336367
vt 0.929438 0.335070
vt 0.917321 0.346856
vt 0.934889 0.350798
vt 0.922526 0.364837
vt 0.920242 0.356773
vt 0.932295 0.343030
vt 0.901318 0.389701
vt 0.898678 0.380694
vt 0.895658 0.367473
vt 0.892764 0.352240
vt 0.937830 0.358870
vt 0.925691 0.374979
vt 0.941686 0.369374
vt 0.929988 0.387242
vt 0.947829 0.381450
vt 0.936450 0.403457
vt 0.931093 0.393903
vt 0.943357 0.372947
vt 0.914764 0.437353
vt 0.910200 0.423282
vt 0.908481 0.416981
vt 0.904408 0.401715
vt 0.955486 0.394403
vt 0.943739 0.422394
vt 0.965840 0.408657
vt 0.955235 0.440187
vt 0.948027 0.430190
vt 0.959370 0.401253
vt 0.931262 0.489044
vt 0.925802 0.470601
vt 0.922017 0.459679
vt 0.973023 0.415212
vt 0.963547 0.450161
vt 0.985309 0.424901
vt 0.976961 0.461333
vt 0.950865 0.524279
vt 0.938716 0.505037
vt 0.995633 0.428432
vt 0.141934 0.742968
vt 0.120163 0.709742
vt 0.148378 0.734470
vt 0.199423 0.766776
vt 0.196559 0.784528
vt 0.122446 0.704639
vt 0.150960 0.727748
vt 0.126714 0.697925
vt 0.151359 0.717696
vt 0.128575 0.680249
vt 0.156612 0.698375
vt 0.202651 0.717554
vt 0.201323 0.744784
vt 0.201309 0.757364
vt 0.129848 0.676344
vt 0.157103 0.691988
vt 0.129763 0.669452
vt 0.156263 0.683515
vt 0.127602 0.654062
vt 0.148874 0.662519
vt 0.152078 0.670346
vt 0.128758 0.659987
vt 0.189033 0.674207
vt 0.189666 0.683482
vt 0.196886 0.698611
vt 0.200775 0.709472
vt 0.125334 0.645898
vt 0.145078 0.652096
vt 0.119877 0.627147
vt 0.137573 0.628254
vt 0.140145 0.635970
vt 0.121705 0.633648
vt 0.165235 0.630097
vt 0.169491 0.639637
vt 0.182110 0.661671
vt 0.115005 0.610291
vt 0.131716 0.610240
vt 0.110931 0.596783
vt 0.125541 0.594180
vt 0.105921 0.586116
vt 0.121358 0.583093
vt 0.146357 0.576995
vt 0.151637 0.589579
vt 0.157125 0.608512
vt 0.101787 0.574950
vt 0.114972 0.567081
vt 0.098114 0.565682
vt 0.111084 0.555672
vt 0.088500 0.541951
vt 0.101365 0.525056
vt 0.108303 0.546912
vt 0.095170 0.558590
vt 0.120012 0.508895
vt 0.127779 0.535991
vt 0.131669 0.545683
vt 0.140735 0.561377
vt 0.084464 0.525241
vt 0.095254 0.508671
vt 0.074228 0.502425
vt 0.084701 0.486075
vt 0.088396 0.495759
vt 0.079519 0.517444
vt 0.102697 0.464170
vt 0.107066 0.477546
vt 0.113046 0.487614
vt 0.066346 0.488875
vt 0.074823 0.469794
vt 0.059121 0.484473
vt 0.067894 0.460034
vt 0.085675 0.424202
vt 0.093096 0.442475
vt 0.053488 0.476342
vt 0.061550 0.452388
vt 0.046345 0.470391
vt 0.054986 0.444418
vt 0.034888 0.461957
vt 0.043450 0.430007
vt 0.059610 0.377353
vt 0.073829 0.396764
vt 0.079345 0.410291
vt 0.026456 0.457912
vt 0.031755 0.424541
vt 0.013140 0.450959
vt 0.016056 0.418125
vt 0.021304 0.420219
vt 0.017785 0.453894
vt 0.028926 0.353276
vt 0.037733 0.354530
vt 0.049451 0.364756
vt 0.007449 0.452172
vt 0.008532 0.413562
vt 0.000262 0.452080
vt 0.901033 0.123106
vt 0.916912 0.164624
vt 0.889900 0.135215
vt 0.843100 0.094749
vt 0.850946 0.073853
vt 0.020945 0.346616
vt 0.911882 0.167041
vt 0.880393 0.137688
vt 0.905404 0.185354
vt 0.880352 0.163231
vt 0.875669 0.149490
vt 0.907764 0.177390
vt 0.828915 0.128626
vt 0.829634 0.117109
vt 0.833202 0.101136
vt 0.901768 0.191431
vt 0.878401 0.172639
vt 0.902071 0.202161
vt 0.878840 0.183166
vt 0.903680 0.212941
vt 0.879533 0.191894
vt 0.841333 0.171297
vt 0.839310 0.160464
vt 0.832933 0.142917
vt 0.903535 0.222191
vt 0.882762 0.208428
vt 0.905951 0.231891
vt 0.884280 0.218306
vt 0.885483 0.223478
vt 0.906446 0.236054
vt 0.853744 0.210008
vt 0.852442 0.204036
vt 0.844937 0.185988
vt 0.841500 0.234809
vt 0.837234 0.221598
vt 0.845599 0.247788
vt 0.853054 0.276167
vt 0.849976 0.265450
vt 0.835955 0.277199
vt 0.830593 0.264500
vt 0.825865 0.246059
vt 0.815182 0.217344
vt 0.820432 0.231398
vt 0.857006 0.290495
vt 0.863031 0.306415
vt 0.872826 0.340395
vt 0.869950 0.329323
vt 0.855924 0.349805
vt 0.853394 0.335917
vt 0.846835 0.309392
vt 0.842014 0.293341
vt 0.877318 0.360871
vt 0.880654 0.376442
vt 0.886511 0.399866
vt 0.884148 0.389795
vt 0.870424 0.411558
vt 0.868456 0.400080
vt 0.862265 0.383761
vt 0.858788 0.368429
vt 0.889551 0.414474
vt 0.890938 0.434694
vt 0.899002 0.456500
vt 0.892246 0.441302
vt 0.875041 0.479504
vt 0.872232 0.460146
vt 0.871357 0.452426
vt 0.872418 0.427230
vt 0.904600 0.483592
vt 0.912113 0.519353
vt 0.907516 0.496761
vt 0.889478 0.544734
vt 0.886317 0.521048
vt 0.881990 0.506711
vt 0.917033 0.538777
vt 0.929612 0.561700
vt 0.901874 0.597394
vt 0.892114 0.568736
vt 0.235567 0.802487
vt 0.241659 0.784368
vt 0.286870 0.797567
vt 0.287931 0.818485
vt 0.242278 0.772660
vt 0.237268 0.757021
vt 0.233639 0.726370
vt 0.263957 0.732249
vt 0.277885 0.766789
vt 0.286544 0.784498
vt 0.229918 0.717249
vt 0.224911 0.703996
vt 0.211890 0.677414
vt 0.214806 0.687955
vt 0.233140 0.679049
vt 0.239389 0.689825
vt 0.250984 0.707459
vt 0.258394 0.721406
vt 0.204240 0.663335
vt 0.185631 0.631343
vt 0.190679 0.641765
vt 0.206194 0.630909
vt 0.209899 0.640760
vt 0.225932 0.663832
vt 0.174495 0.607651
vt 0.168583 0.589132
vt 0.163796 0.575876
vt 0.176189 0.570546
vt 0.186210 0.586863
vt 0.193225 0.606570
vt 0.153618 0.555886
vt 0.147923 0.541591
vt 0.133901 0.504702
vt 0.143598 0.530794
vt 0.148656 0.494960
vt 0.158035 0.523502
vt 0.164244 0.536784
vt 0.168697 0.550833
vt 0.126633 0.479908
vt 0.114787 0.450796
vt 0.121359 0.466058
vt 0.128670 0.439968
vt 0.134471 0.455545
vt 0.140027 0.470717
vt 0.106445 0.422791
vt 0.099504 0.400239
vt 0.116222 0.380031
vt 0.121050 0.404029
vt 0.094353 0.383577
vt 0.087738 0.368863
vt 0.074000 0.347954
vt 0.093412 0.316705
vt 0.104116 0.344743
vt 0.110555 0.362190
vt 0.066308 0.330242
vt 0.048888 0.308704
vt 0.055357 0.314090
vt 0.070976 0.270585
vt 0.076724 0.278580
vt 0.085823 0.296820
vt 0.035225 0.303850
vt 0.812940 0.047290
vt 0.806156 0.071500
vt 0.762862 0.051543
vt 0.766368 0.024887
vt 0.059332 0.257717
vt 0.803848 0.082291
vt 0.800631 0.115714
vt 0.798376 0.101029
vt 0.769699 0.106082
vt 0.763310 0.087772
vt 0.762015 0.065101
vt 0.806609 0.131845
vt 0.811910 0.147790
vt 0.818054 0.162775
vt 0.792016 0.155850
vt 0.787045 0.141871
vt 0.781016 0.124517
vt 0.823907 0.179766
vt 0.829738 0.195295
vt 0.832260 0.202307
vt 0.808749 0.197277
vt 0.804560 0.189144
vt 0.797857 0.173563
vt 0.811098 0.231090
vt 0.804032 0.214252
vt 0.816746 0.246337
vt 0.828478 0.278356
vt 0.822816 0.265547
vt 0.809697 0.280527
vt 0.805897 0.266943
vt 0.798998 0.246642
vt 0.784799 0.214446
vt 0.791276 0.230560
vt 0.833208 0.293805
vt 0.839553 0.311102
vt 0.849033 0.351102
vt 0.846473 0.336648
vt 0.833030 0.356098
vt 0.830682 0.341724
vt 0.820654 0.315076
vt 0.816054 0.296988
vt 0.851278 0.370555
vt 0.855219 0.386867
vt 0.863326 0.416964
vt 0.858505 0.403052
vt 0.845553 0.424849
vt 0.843527 0.412298
vt 0.840043 0.395246
vt 0.834331 0.378193
vt 0.863846 0.434014
vt 0.863413 0.457211
vt 0.866098 0.486651
vt 0.864362 0.466232
vt 0.847968 0.498923
vt 0.846749 0.476530
vt 0.846628 0.467191
vt 0.846605 0.443460
vt 0.871869 0.516844
vt 0.876858 0.557330
vt 0.875288 0.531527
vt 0.848701 0.580058
vt 0.848120 0.550654
vt 0.850049 0.533187
vt 0.878824 0.580194
vt 0.885148 0.614818
vt 0.849650 0.641753
vt 0.846542 0.607180
vt 0.313154 0.823239
vt 0.313823 0.803193
vt 0.365832 0.804480
vt 0.373980 0.827063
vt 0.307572 0.788016
vt 0.297766 0.769755
vt 0.278860 0.732575
vt 0.308881 0.731574
vt 0.338130 0.771018
vt 0.353359 0.789419
vt 0.271334 0.722891
vt 0.262592 0.708422
vt 0.243974 0.679066
vt 0.251581 0.689731
vt 0.267546 0.677097
vt 0.275298 0.688497
vt 0.287543 0.707854
vt 0.299937 0.721413
vt 0.236490 0.663062
vt 0.215847 0.630628
vt 0.220180 0.641058
vt 0.234638 0.627095
vt 0.240813 0.639555
vt 0.257771 0.660849
vt 0.202326 0.605499
vt 0.192146 0.583272
vt 0.184927 0.568785
vt 0.201936 0.562930
vt 0.208236 0.577826
vt 0.219210 0.601683
vt 0.177237 0.550179
vt 0.171519 0.533243
vt 0.156231 0.491941
vt 0.165402 0.519624
vt 0.170186 0.481708
vt 0.180010 0.510703
vt 0.184255 0.523480
vt 0.192202 0.542230
vt 0.146802 0.465476
vt 0.135926 0.430634
vt 0.141443 0.449449
vt 0.151192 0.418859
vt 0.155696 0.434497
vt 0.160934 0.452451
vt 0.128580 0.396018
vt 0.123945 0.371646
vt 0.141639 0.355630
vt 0.144685 0.383536
vt 0.118910 0.352220
vt 0.113609 0.333367
vt 0.103319 0.302989
vt 0.126901 0.277512
vt 0.134193 0.312723
vt 0.138675 0.333197
vt 0.095413 0.283670
vt 0.080192 0.253934
vt 0.085911 0.262541
vt 0.109840 0.218848
vt 0.115891 0.228392
vt 0.120037 0.254107
vt 0.071744 0.240857
vt 0.739984 0.014696
vt 0.742232 0.044821
vt 0.696303 0.034432
vt 0.684947 0.002734
vt 0.105355 0.197157
vt 0.742209 0.058945
vt 0.754765 0.101541
vt 0.750398 0.083124
vt 0.722567 0.096044
vt 0.711245 0.076353
vt 0.699807 0.050021
vt 0.766608 0.120132
vt 0.773889 0.138407
vt 0.779889 0.152818
vt 0.753594 0.150207
vt 0.745721 0.133499
vt 0.735503 0.114519
vt 0.784692 0.170850
vt 0.793341 0.188008
vt 0.797467 0.195897
vt 0.773133 0.193948
vt 0.769719 0.185636
vt 0.760849 0.167770
vt 0.777191 0.231723
vt 0.768647 0.215298
vt 0.786254 0.247921
vt 0.797962 0.283395
vt 0.792915 0.269312
vt 0.785652 0.283678
vt 0.779564 0.270996
vt 0.771576 0.249787
vt 0.753486 0.217292
vt 0.763343 0.233992
vt 0.803035 0.299737
vt 0.807607 0.317408
vt 0.819101 0.359781
vt 0.818319 0.344232
vt 0.807251 0.362256
vt 0.805964 0.347005
vt 0.796711 0.320195
vt 0.789988 0.302683
vt 0.823206 0.382409
vt 0.828014 0.400008
vt 0.832736 0.430760
vt 0.831014 0.416308
vt 0.821086 0.433886
vt 0.819419 0.419657
vt 0.815230 0.403595
vt 0.813425 0.385815
vt 0.833201 0.450083
vt 0.835162 0.471453
vt 0.835716 0.504758
vt 0.834649 0.481237
vt 0.821818 0.510104
vt 0.821799 0.486848
vt 0.821859 0.477226
vt 0.820843 0.454080
vt 0.835494 0.541273
vt 0.830532 0.589023
vt 0.835070 0.560064
vt 0.811207 0.598613
vt 0.816630 0.567766
vt 0.819307 0.549541
vt 0.820328 0.622274
vt 0.814968 0.663651
vt 0.785371 0.677394
vt 0.798134 0.633039
vt 0.413819 0.823387
vt 0.402945 0.800090
vt 0.432065 0.792673
vt 0.452158 0.816322
vt 0.387088 0.785576
vt 0.364729 0.768672
vt 0.330804 0.728207
vt 0.348722 0.724533
vt 0.389895 0.763441
vt 0.414655 0.779338
vt 0.321357 0.717675
vt 0.307096 0.704250
vt 0.282458 0.674569
vt 0.291700 0.685803
vt 0.296579 0.671498
vt 0.306941 0.682761
vt 0.323183 0.700503
vt 0.338239 0.713806
vt 0.271550 0.658265
vt 0.248189 0.624206
vt 0.257317 0.635012
vt 0.260621 0.620665
vt 0.270300 0.631971
vt 0.283874 0.655322
vt 0.230961 0.597109
vt 0.220419 0.572557
vt 0.213098 0.556702
vt 0.223724 0.551387
vt 0.232185 0.568378
vt 0.243675 0.592811
vt 0.203467 0.536453
vt 0.195012 0.519211
vt 0.182048 0.474048
vt 0.191071 0.505613
vt 0.192648 0.466867
vt 0.202320 0.500708
vt 0.206362 0.513738
vt 0.213856 0.528702
vt 0.172214 0.446352
vt 0.164990 0.407916
vt 0.168441 0.425933
vt 0.177158 0.400896
vt 0.179669 0.420849
vt 0.183743 0.440229
vt 0.157272 0.374668
vt 0.154243 0.346913
vt 0.167989 0.337743
vt 0.170739 0.365072
vt 0.152648 0.322341
vt 0.149530 0.300270
vt 0.143235 0.262339
vt 0.160343 0.249835
vt 0.164227 0.290763
vt 0.165065 0.314412
vt 0.140808 0.235545
vt 0.135546 0.196303
vt 0.143810 0.205831
vt 0.164115 0.175511
vt 0.166009 0.188963
vt 0.161773 0.221549
vt 0.134617 0.172468
vt 0.639157 -0.000000
vt 0.660510 0.031648
vt 0.627440 0.032447
vt 0.599887 0.001332
vt 0.161023 0.157083
vt 0.667855 0.047832
vt 0.697992 0.094225
vt 0.685489 0.075224
vt 0.676245 0.095313
vt 0.661458 0.076151
vt 0.638249 0.048760
vt 0.711688 0.113187
vt 0.726178 0.133831
vt 0.733868 0.148106
vt 0.717866 0.149355
vt 0.707232 0.134565
vt 0.693189 0.114814
vt 0.746060 0.170056
vt 0.754586 0.185415
vt 0.758005 0.194854
vt 0.743612 0.196378
vt 0.740515 0.187121
vt 0.729067 0.171357
vt 0.739702 0.239280
vt 0.733709 0.221458
vt 0.750484 0.254204
vt 0.764292 0.288851
vt 0.758743 0.275852
vt 0.769998 0.305969
vt 0.778159 0.325894
vt 0.787650 0.366488
vt 0.785207 0.352789
vt 0.792618 0.388840
vt 0.796392 0.407375
vt 0.801534 0.439203
vt 0.798663 0.424991
vt 0.798958 0.459661
vt 0.799490 0.483631
vt 0.799055 0.517525
vt 0.800009 0.493333
vt 0.791844 0.558105
vt 0.779781 0.609313
vt 0.787861 0.576852
vt 0.763954 0.642820
vt 0.737985 0.692604
vt 0.517359 0.793491
vt 0.483429 0.774010
vt 0.456473 0.764076
vt 0.425957 0.751511
vt 0.374252 0.716342
vt 0.363881 0.704130
vt 0.348100 0.690478
vt 0.319080 0.662289
vt 0.331555 0.673601
vt 0.306202 0.647906
vt 0.279749 0.613648
vt 0.290897 0.623925
vt 0.267344 0.584026
vt 0.250779 0.558841
vt 0.242054 0.543047
vt 0.233925 0.520387
vt 0.226663 0.503496
vt 0.212072 0.457589
vt 0.221740 0.488649
vt 0.203923 0.429953
vt 0.198249 0.392056
vt 0.199512 0.412274
vt 0.190946 0.355169
vt 0.190951 0.326169
vt 0.190065 0.301552
vt 0.190608 0.277705
vt 0.192007 0.233544
vt 0.197587 0.201607
vt 0.210815 0.152878
vt 0.206105 0.169652
vt 0.213087 0.130541
vt 0.539592 0.011194
vt 0.575139 0.043431
vt 0.593084 0.057857
vt 0.643276 0.101281
vt 0.621423 0.083777
vt 0.661965 0.119462
vt 0.679089 0.139841
vt 0.690389 0.156133
vt 0.706045 0.175778
vt 0.715392 0.192728
vt 0.720370 0.200871
vt 0.729915 0.241717
vt 0.722106 0.224883
vt 0.739663 0.257952
vt 0.752949 0.292473
vt 0.748453 0.279526
vt 0.760171 0.310369
vt 0.766418 0.328343
vt 0.777226 0.370343
vt 0.772926 0.356347
vt 0.781312 0.392838
vt 0.784588 0.411976
vt 0.788000 0.442886
vt 0.787012 0.429778
vt 0.786556 0.461908
vt 0.787586 0.484882
vt 0.785717 0.520008
vt 0.787473 0.495174
vt 0.776757 0.560162
vt 0.760674 0.612546
vt 0.771436 0.580128
vt 0.745689 0.644108
vt 0.708887 0.695944
vt 0.561400 0.769512
vt 0.505634 0.762539
vt 0.476780 0.754193
vt 0.442082 0.743973
vt 0.387419 0.708482
vt 0.376181 0.697792
vt 0.361790 0.684217
vt 0.331453 0.656470
vt 0.343661 0.667251
vt 0.318399 0.641361
vt 0.292674 0.607204
vt 0.301070 0.618407
vt 0.277168 0.578834
vt 0.260166 0.554591
vt 0.252357 0.537512
vt 0.243683 0.515346
vt 0.236301 0.496268
vt 0.222652 0.451478
vt 0.232109 0.483379
vt 0.215245 0.424664
vt 0.208227 0.388243
vt 0.210235 0.407352
vt 0.202120 0.351732
vt 0.204102 0.321452
vt 0.205602 0.296126
vt 0.205529 0.272502
vt 0.210238 0.227795
vt 0.217512 0.195746
vt 0.238834 0.144037
vt 0.230079 0.162200
vt 0.246971 0.121048
vt 0.503498 0.023969
vt 0.551578 0.050476
vt 0.572157 0.063650
vt 0.626663 0.105964
vt 0.604741 0.088294
vt 0.648436 0.124278
vt 0.667485 0.142756
vt 0.679533 0.158479
vt 0.692322 0.179717
vt 0.701386 0.197094
vt 0.707564 0.205241
vt 0.717288 0.249017
vt 0.710111 0.230529
vt 0.727435 0.264665
vt 0.739990 0.300488
vt 0.736938 0.287084
vt 0.748099 0.317755
vt 0.752086 0.335242
vt 0.763974 0.376933
vt 0.759612 0.363666
vt 0.765982 0.399481
vt 0.770105 0.416836
vt 0.771225 0.448457
vt 0.771213 0.434863
vt 0.771318 0.466376
vt 0.770918 0.488449
vt 0.765000 0.523329
vt 0.769101 0.498260
vt 0.756675 0.560702
vt 0.742328 0.610052
vt 0.751992 0.580488
vt 0.724882 0.640871
vt 0.687012 0.690134
vt 0.617527 0.735127
vt 0.535287 0.745499
vt 0.500642 0.741750
vt 0.463972 0.733695
vt 0.402702 0.702393
vt 0.389843 0.693150
vt 0.374787 0.678077
vt 0.342648 0.650458
vt 0.356113 0.660577
vt 0.330034 0.634545
vt 0.302861 0.598887
vt 0.311815 0.611232
vt 0.284487 0.569031
vt 0.270665 0.545270
vt 0.262836 0.527602
vt 0.253644 0.505811
vt 0.247991 0.487286
vt 0.232461 0.443728
vt 0.243896 0.473152
vt 0.228083 0.416644
vt 0.222248 0.381191
vt 0.224875 0.398845
vt 0.217329 0.345458
vt 0.219763 0.316488
vt 0.224006 0.292300
vt 0.223987 0.269617
vt 0.230059 0.225397
vt 0.240667 0.193803
vt 0.263888 0.143391
vt 0.257078 0.159865
vt 0.279349 0.119541
vt 0.458503 0.041442
vt 0.520913 0.060368
vt 0.544838 0.071103
vt 0.611514 0.108762
vt 0.588352 0.092115
vt 0.632713 0.128664
vt 0.652729 0.147497
vt 0.666612 0.163228
vt 0.679054 0.186247
vt 0.689280 0.203306
vt 0.694990 0.211233
vt 0.707936 0.253156
vt 0.697732 0.235513
vt 0.717717 0.269700
vt 0.729478 0.305270
vt 0.725485 0.292144
vt 0.738624 0.322355
vt 0.741807 0.340105
vt 0.752952 0.380405
vt 0.748983 0.367099
vt 0.757424 0.403013
vt 0.759925 0.420698
vt 0.758599 0.450956
vt 0.759646 0.437719
vt 0.759752 0.468404
vt 0.757399 0.491030
vt 0.752897 0.523309
vt 0.757100 0.500061
vt 0.744249 0.560178
vt 0.728950 0.607566
vt 0.738213 0.578319
vt 0.711773 0.636460
vt 0.670756 0.684583
vt 0.613862 0.721140
vt 0.548563 0.732372
vt 0.513899 0.731063
vt 0.476717 0.724195
vt 0.413684 0.695578
vt 0.400216 0.686980
vt 0.384976 0.672390
vt 0.351540 0.643747
vt 0.365151 0.653051
vt 0.340032 0.628769
vt 0.311884 0.592653
vt 0.320759 0.605171
vt 0.293027 0.563636
vt 0.279138 0.539435
vt 0.270078 0.522624
vt 0.261619 0.498019
vt 0.256791 0.481554
vt 0.242941 0.437695
vt 0.252431 0.467991
vt 0.238138 0.411812
vt 0.232723 0.376877
vt 0.235141 0.394171
vt 0.228733 0.341476
vt 0.231444 0.313680
vt 0.235175 0.290870
vt 0.235868 0.268925
vt 0.244443 0.225557
vt 0.256200 0.193906
vt 0.282792 0.144407
vt 0.273362 0.160521
vt 0.304849 0.119685
vt 0.425907 0.060170
vt 0.497984 0.070414
vt 0.527936 0.078206
vt 0.598771 0.114046
vt 0.573335 0.098551
vt 0.621783 0.132467
vt 0.641817 0.151861
vt 0.655814 0.169048
vt 0.669158 0.190657
vt 0.679584 0.207282
vt 0.685249 0.214470
vt 0.717120 0.309076
vt 0.713156 0.296182
vt 0.703410 0.274312
vt 0.684781 0.241381
vt 0.694547 0.257934
vt 0.739586 0.382920
vt 0.736619 0.369688
vt 0.728109 0.343222
vt 0.724938 0.325951
vt 0.743490 0.452204
vt 0.745423 0.439386
vt 0.746584 0.422148
vt 0.743815 0.404020
vt 0.738072 0.522767
vt 0.742781 0.500678
vt 0.742748 0.491700
vt 0.745335 0.470282
vt 0.712805 0.604413
vt 0.722730 0.576709
vt 0.729384 0.559162
vt 0.657005 0.675260
vt 0.695705 0.631767
vt 0.553469 0.715277
vt 0.605460 0.706315
vt 0.426723 0.685423
vt 0.487813 0.710776
vt 0.522547 0.715515
vt 0.363694 0.634180
vt 0.376594 0.643831
vt 0.396314 0.662878
vt 0.413050 0.677192
vt 0.324336 0.584830
vt 0.332605 0.596969
vt 0.351347 0.620230
vt 0.283388 0.516870
vt 0.291323 0.532761
vt 0.305969 0.557212
vt 0.255054 0.434244
vt 0.265313 0.464383
vt 0.269512 0.476716
vt 0.274433 0.493506
vt 0.246052 0.373459
vt 0.249163 0.390136
vt 0.251455 0.407224
vt 0.246836 0.311859
vt 0.244404 0.338457
vt 0.262720 0.223764
vt 0.250837 0.267203
vt 0.249356 0.289480
vt 0.304997 0.145463
vt 0.292532 0.161889
vt 0.277073 0.193931
vt 0.479436 0.086550
vt 0.385917 0.087591
vt 0.332127 0.122887
vt 0.584915 0.123009
vt 0.557844 0.109030
vt 0.511327 0.091832
vt 0.641072 0.175853
vt 0.628109 0.159028
vt 0.607778 0.140631
vt 0.672367 0.220971
vt 0.666876 0.213168
vt 0.656287 0.195632
vt 0.705060 0.311480
vt 0.701513 0.298844
vt 0.691363 0.277556
vt 0.673212 0.246271
vt 0.682778 0.261653
vt 0.726966 0.383556
vt 0.724232 0.371185
vt 0.715802 0.344903
vt 0.712678 0.327986
vt 0.731712 0.452878
vt 0.732645 0.439690
vt 0.733603 0.421867
vt 0.731462 0.404729
vt 0.723710 0.522288
vt 0.728892 0.500683
vt 0.729704 0.490939
vt 0.733211 0.470577
vt 0.696281 0.600706
vt 0.708715 0.574534
vt 0.715489 0.556720
vt 0.642018 0.667212
vt 0.681144 0.627520
vt 0.553714 0.700102
vt 0.597249 0.691889
vt 0.435309 0.674599
vt 0.493405 0.697484
vt 0.525193 0.701273
vt 0.373896 0.625590
vt 0.385327 0.636607
vt 0.404675 0.654033
vt 0.421718 0.666885
vt 0.334820 0.579056
vt 0.343143 0.589874
vt 0.361238 0.611745
vt 0.294786 0.511890
vt 0.302648 0.528641
vt 0.316499 0.552715
vt 0.268072 0.430694
vt 0.278010 0.459963
vt 0.281017 0.473329
vt 0.286150 0.489939
vt 0.258639 0.371646
vt 0.261674 0.388598
vt 0.264024 0.405052
vt 0.258959 0.310683
vt 0.256444 0.336889
vt 0.277104 0.223316
vt 0.264888 0.265858
vt 0.261540 0.288087
vt 0.324864 0.148497
vt 0.311959 0.163960
vt 0.293394 0.195589
vt 0.471246 0.101783
vt 0.392938 0.102375
vt 0.351315 0.129240
vt 0.570683 0.135282
vt 0.544430 0.123262
vt 0.501051 0.106987
vt 0.629459 0.182355
vt 0.615315 0.167057
vt 0.594368 0.149606
vt 0.661279 0.226083
vt 0.656198 0.218193
vt 0.645249 0.201441
vt 0.695049 0.311484
vt 0.690539 0.299502
vt 0.680393 0.279192
vt 0.663484 0.248522
vt 0.672535 0.263740
vt 0.716003 0.382167
vt 0.713289 0.370171
vt 0.705146 0.344194
vt 0.701416 0.327824
vt 0.721778 0.451785
vt 0.720777 0.438423
vt 0.722126 0.421185
vt 0.720543 0.404024
vt 0.713199 0.520818
vt 0.716817 0.499099
vt 0.719411 0.490385
vt 0.722220 0.468938
vt 0.682809 0.598994
vt 0.696653 0.571381
vt 0.701233 0.553992
vt 0.628504 0.660974
vt 0.666603 0.623283
vt 0.547665 0.688647
vt 0.587478 0.681159
vt 0.440102 0.664890
vt 0.494754 0.685409
vt 0.523650 0.688951
vt 0.381969 0.618815
vt 0.392782 0.628500
vt 0.411447 0.645672
vt 0.427297 0.657617
vt 0.344174 0.575161
vt 0.352099 0.585985
vt 0.369111 0.605155
vt 0.305703 0.510137
vt 0.314182 0.525256
vt 0.325756 0.549892
vt 0.281766 0.429413
vt 0.289438 0.458841
vt 0.291629 0.472039
vt 0.297657 0.489168
vt 0.272012 0.371164
vt 0.275333 0.387730
vt 0.275903 0.405162
vt 0.270691 0.310068
vt 0.268717 0.336387
vt 0.291574 0.223517
vt 0.280233 0.264407
vt 0.276134 0.287161
vt 0.342354 0.151639
vt 0.329416 0.166046
vt 0.307895 0.195173
vt 0.471790 0.114515
vt 0.403629 0.114711
vt 0.367490 0.134432
vt 0.564694 0.144851
vt 0.539068 0.133603
vt 0.499001 0.120864
vt 0.620880 0.188158
vt 0.606869 0.174274
vt 0.587899 0.158457
vt 0.651583 0.229328
vt 0.646915 0.221329
vt 0.635644 0.206367
vt 0.661705 0.266316
vt 0.653420 0.250498
vt 0.670228 0.280735
vt 0.682933 0.312701
vt 0.677345 0.300796
vt 0.689294 0.328425
vt 0.693830 0.343709
vt 0.701862 0.382539
vt 0.700008 0.369530
vt 0.705859 0.403234
vt 0.707069 0.419474
vt 0.707424 0.449322
vt 0.708351 0.436246
vt 0.709257 0.467436
vt 0.706329 0.487856
vt 0.698692 0.519205
vt 0.702524 0.496776
vt 0.688232 0.551162
vt 0.668208 0.595101
vt 0.683725 0.569916
vt 0.652859 0.619067
vt 0.616135 0.651875
vt 0.578543 0.668902
vt 0.543643 0.675295
vt 0.522499 0.675232
vt 0.496323 0.672039
vt 0.445196 0.654114
vt 0.433012 0.647345
vt 0.416862 0.637654
vt 0.389625 0.611622
vt 0.399636 0.622763
vt 0.378105 0.599024
vt 0.352558 0.571490
vt 0.361204 0.580860
vt 0.336822 0.546513
vt 0.325410 0.523045
vt 0.317501 0.506427
vt 0.309928 0.486828
vt 0.304681 0.470103
vt 0.295968 0.429133
vt 0.300845 0.458050
vt 0.289374 0.404283
vt 0.285724 0.370684
vt 0.287571 0.387625
vt 0.282858 0.336251
vt 0.287278 0.310082
vt 0.291329 0.287172
vt 0.296331 0.265073
vt 0.308323 0.224787
vt 0.323437 0.197217
vt 0.359182 0.158675
vt 0.345899 0.171182
vt 0.381303 0.143867
vt 0.413621 0.129362
vt 0.471920 0.129343
vt 0.495905 0.133561
vt 0.558013 0.154921
vt 0.533434 0.145189
vt 0.579742 0.167785
vt 0.598370 0.181788
vt 0.612190 0.194549
vt 0.626144 0.211560
vt 0.637097 0.226256
vt 0.641738 0.233766
vt 0.652748 0.270141
vt 0.644917 0.255043
vt 0.659852 0.284915
vt 0.672935 0.315524
vt 0.667526 0.303845
vt 0.654583 0.320529
vt 0.649499 0.310256
vt 0.656024 0.307345
vt 0.661236 0.318641
vt 0.639830 0.294049
vt 0.646334 0.290982
vt 0.627784 0.265475
vt 0.634638 0.261369
vt 0.640682 0.276279
vt 0.634540 0.278744
vt 0.679353 0.330266
vt 0.683363 0.345441
vt 0.690394 0.383702
vt 0.688369 0.370722
vt 0.669604 0.386763
vt 0.668249 0.375611
vt 0.674698 0.373223
vt 0.675743 0.384634
vt 0.664617 0.350513
vt 0.671424 0.348985
vt 0.666593 0.333884
vt 0.659448 0.335712
vt 0.693907 0.403604
vt 0.695167 0.419249
vt 0.698473 0.449281
vt 0.697805 0.436546
vt 0.678155 0.448390
vt 0.678002 0.437054
vt 0.685223 0.437766
vt 0.685292 0.448752
vt 0.675190 0.421092
vt 0.682136 0.421265
vt 0.681496 0.405065
vt 0.674614 0.405832
vt 0.695392 0.466102
vt 0.694427 0.486259
vt 0.685893 0.515978
vt 0.691597 0.494985
vt 0.665090 0.508411
vt 0.668508 0.489949
vt 0.676788 0.492298
vt 0.672633 0.510605
vt 0.671038 0.482964
vt 0.681399 0.484319
vt 0.681928 0.464390
vt 0.675085 0.463147
vt 0.675323 0.547123
vt 0.656884 0.588480
vt 0.671822 0.565320
vt 0.638498 0.575244
vt 0.650633 0.553756
vt 0.657673 0.558209
vt 0.645402 0.579851
vt 0.656684 0.540197
vt 0.663548 0.543341
vt 0.641194 0.612073
vt 0.607030 0.640862
vt 0.593329 0.619490
vt 0.623100 0.596407
vt 0.629237 0.602244
vt 0.597997 0.626999
vt 0.573589 0.656208
vt 0.542446 0.662284
vt 0.540583 0.637666
vt 0.566470 0.633691
vt 0.568711 0.641966
vt 0.541618 0.646528
vt 0.523113 0.661889
vt 0.499102 0.659000
vt 0.451144 0.642808
vt 0.460458 0.621303
vt 0.503331 0.635870
vt 0.501637 0.644274
vt 0.456875 0.630658
vt 0.524528 0.645034
vt 0.524526 0.635919
vt 0.438638 0.637685
vt 0.423455 0.629078
vt 0.396451 0.604069
vt 0.406632 0.615456
vt 0.410501 0.591246
vt 0.418833 0.599677
vt 0.414166 0.605679
vt 0.405151 0.597727
vt 0.434931 0.612073
vt 0.431032 0.618592
vt 0.445873 0.625350
vt 0.449790 0.618120
vt 0.386302 0.591658
vt 0.361976 0.564721
vt 0.369339 0.575369
vt 0.376254 0.551484
vt 0.385374 0.557111
vt 0.379041 0.564869
vt 0.370903 0.556577
vt 0.400526 0.576650
vt 0.395264 0.580978
vt 0.346277 0.541236
vt 0.334673 0.519587
vt 0.326977 0.503911
vt 0.344107 0.496326
vt 0.350045 0.509956
vt 0.344568 0.512966
vt 0.338768 0.499337
vt 0.355890 0.534872
vt 0.361601 0.529900
vt 0.319923 0.484112
vt 0.316700 0.468128
vt 0.305680 0.427711
vt 0.311622 0.455069
vt 0.325509 0.422581
vt 0.330185 0.449660
vt 0.323878 0.452194
vt 0.318805 0.425340
vt 0.332813 0.460723
vt 0.326664 0.463353
vt 0.331946 0.478791
vt 0.339629 0.475958
vt 0.300918 0.402783
vt 0.297522 0.369236
vt 0.298671 0.386443
vt 0.316431 0.367395
vt 0.317246 0.382684
vt 0.309543 0.383050
vt 0.309583 0.367989
vt 0.319721 0.399055
vt 0.312416 0.400112
vt 0.295275 0.336175
vt 0.299665 0.310634
vt 0.319169 0.312348
vt 0.316981 0.337379
vt 0.309340 0.336641
vt 0.312154 0.311516
vt 0.302451 0.288488
vt 0.310139 0.267959
vt 0.322460 0.228537
vt 0.343453 0.237569
vt 0.332586 0.274294
vt 0.324945 0.271892
vt 0.335556 0.233733
vt 0.316095 0.291033
vt 0.324154 0.292549
vt 0.336003 0.203193
vt 0.370886 0.167506
vt 0.356956 0.179107
vt 0.385115 0.186039
vt 0.375133 0.196059
vt 0.368594 0.189640
vt 0.380173 0.179002
vt 0.357410 0.215861
vt 0.349228 0.210785
vt 0.390311 0.154822
vt 0.420055 0.143418
vt 0.470147 0.142769
vt 0.467885 0.167216
vt 0.427397 0.167829
vt 0.424801 0.159122
vt 0.467853 0.159282
vt 0.399019 0.168429
vt 0.403628 0.176020
vt 0.493198 0.145010
vt 0.551541 0.164152
vt 0.526995 0.156281
vt 0.538914 0.183857
vt 0.516136 0.177268
vt 0.519580 0.169707
vt 0.543196 0.176782
vt 0.487073 0.168276
vt 0.488905 0.160031
vt 0.571573 0.176360
vt 0.589414 0.190071
vt 0.602792 0.201199
vt 0.587747 0.215377
vt 0.574496 0.205431
vt 0.579979 0.200572
vt 0.593213 0.209877
vt 0.562243 0.186883
vt 0.557799 0.193288
vt 0.616675 0.218139
vt 0.627645 0.231332
vt 0.631785 0.238908
vt 0.615365 0.249816
vt 0.621092 0.246165
vt 0.610705 0.242833
vt 0.616352 0.238677
vt 0.606860 0.225663
vt 0.601543 0.230053
vt 0.619434 0.286959
vt 0.611652 0.275829
vt 0.625782 0.300904
vt 0.639473 0.328711
vt 0.634691 0.317409
vt 0.627428 0.333596
vt 0.623464 0.324428
vt 0.614536 0.309645
vt 0.599759 0.284122
vt 0.605570 0.296200
vt 0.643852 0.342091
vt 0.644799 0.357413
vt 0.655527 0.389814
vt 0.650872 0.378884
vt 0.641564 0.390707
vt 0.638089 0.380765
vt 0.633616 0.361369
vt 0.629864 0.347469
vt 0.658457 0.406427
vt 0.659641 0.422098
vt 0.657338 0.445496
vt 0.660221 0.436563
vt 0.643254 0.443377
vt 0.644392 0.433762
vt 0.646038 0.420606
vt 0.644688 0.407857
vt 0.656268 0.460985
vt 0.652586 0.477207
vt 0.648013 0.502369
vt 0.650542 0.483630
vt 0.637359 0.498660
vt 0.637531 0.479109
vt 0.638353 0.472790
vt 0.642386 0.456752
vt 0.640657 0.531116
vt 0.622292 0.563906
vt 0.632645 0.544320
vt 0.610316 0.554208
vt 0.620042 0.533698
vt 0.628273 0.522880
vt 0.609474 0.582714
vt 0.583315 0.600338
vt 0.576443 0.586421
vt 0.596659 0.568033
vt 0.560312 0.612463
vt 0.537953 0.615169
vt 0.535642 0.598566
vt 0.554697 0.594479
vt 0.523226 0.616611
vt 0.505137 0.617092
vt 0.466565 0.603545
vt 0.470944 0.588957
vt 0.506705 0.600231
vt 0.522490 0.599084
vt 0.457205 0.600776
vt 0.445304 0.594529
vt 0.421306 0.576486
vt 0.429850 0.585050
vt 0.430459 0.562981
vt 0.437952 0.571812
vt 0.451282 0.581220
vt 0.462192 0.585799
vt 0.412303 0.565320
vt 0.388778 0.536997
vt 0.395915 0.545857
vt 0.398940 0.530273
vt 0.405267 0.539126
vt 0.419858 0.554015
vt 0.373779 0.518547
vt 0.362867 0.499814
vt 0.358514 0.487142
vt 0.369178 0.479436
vt 0.374651 0.492004
vt 0.384698 0.509992
vt 0.352177 0.469832
vt 0.347915 0.456462
vt 0.339781 0.419531
vt 0.345506 0.445099
vt 0.352257 0.416697
vt 0.358951 0.439557
vt 0.361552 0.449142
vt 0.363742 0.463736
vt 0.335360 0.397701
vt 0.333728 0.367113
vt 0.334143 0.381412
vt 0.346537 0.366118
vt 0.347260 0.380409
vt 0.349229 0.396107
vt 0.332362 0.337019
vt 0.336213 0.315952
vt 0.349186 0.319889
vt 0.346120 0.339098
vt 0.342107 0.299013
vt 0.346579 0.279505
vt 0.360301 0.247252
vt 0.372425 0.256479
vt 0.357668 0.284849
vt 0.354985 0.303993
vt 0.372737 0.228754
vt 0.396618 0.202668
vt 0.388870 0.211235
vt 0.406066 0.217624
vt 0.398322 0.224575
vt 0.385063 0.240271
vt 0.412240 0.193343
vt 0.433689 0.189691
vt 0.468136 0.187224
vt 0.468288 0.203180
vt 0.439324 0.206922
vt 0.419606 0.210379
vt 0.484021 0.188665
vt 0.529820 0.200792
vt 0.510943 0.194200
vt 0.523147 0.216217
vt 0.507170 0.210696
vt 0.482556 0.206337
vt 0.547248 0.209631
vt 0.562987 0.219880
vt 0.574692 0.228626
vt 0.564870 0.239824
vt 0.553074 0.233426
vt 0.538693 0.224386
vt 0.588013 0.242181
vt 0.596666 0.253932
vt 0.601376 0.259537
vt 0.590239 0.269436
vt 0.586753 0.264159
vt 0.577955 0.252977
vt 0.593262 0.305796
vt 0.587498 0.292934
vt 0.600875 0.316466
vt 0.612940 0.338411
vt 0.608883 0.329985
vt 0.600730 0.344765
vt 0.597008 0.333878
vt 0.590826 0.322638
vt 0.579342 0.300123
vt 0.585353 0.311808
vt 0.615745 0.351056
vt 0.618925 0.362939
vt 0.627120 0.391926
vt 0.623562 0.382126
vt 0.615869 0.392153
vt 0.613329 0.384392
vt 0.608928 0.366149
vt 0.605557 0.355469
vt 0.628194 0.407350
vt 0.630528 0.419382
vt 0.629958 0.440890
vt 0.629066 0.431339
vt 0.618417 0.438825
vt 0.618633 0.430588
vt 0.617894 0.419257
vt 0.617002 0.408178
vt 0.626931 0.453729
vt 0.625706 0.469705
vt 0.624118 0.491995
vt 0.625973 0.476899
vt 0.613491 0.487012
vt 0.616912 0.472882
vt 0.616052 0.465735
vt 0.616379 0.451444
vt 0.614831 0.513130
vt 0.598359 0.541636
vt 0.608782 0.522512
vt 0.590023 0.529984
vt 0.597411 0.515681
vt 0.603892 0.504312
vt 0.585389 0.550723
vt 0.568536 0.571395
vt 0.562687 0.557890
vt 0.577744 0.542720
vt 0.549156 0.574911
vt 0.532353 0.579995
vt 0.529151 0.565098
vt 0.545612 0.564403
vt 0.520539 0.581843
vt 0.506778 0.582408
vt 0.475493 0.573388
vt 0.479687 0.560517
vt 0.506464 0.569135
vt 0.518923 0.568724
vt 0.468804 0.568400
vt 0.457836 0.563775
vt 0.438985 0.549387
vt 0.445397 0.557303
vt 0.443570 0.539671
vt 0.450645 0.541770
vt 0.461807 0.551665
vt 0.471740 0.556705
vt 0.429556 0.539572
vt 0.410759 0.520731
vt 0.415798 0.528190
vt 0.417830 0.513452
vt 0.422731 0.520085
vt 0.435272 0.530677
vt 0.397085 0.502663
vt 0.386718 0.485104
vt 0.382680 0.472418
vt 0.392616 0.468324
vt 0.395880 0.480577
vt 0.405997 0.496315
vt 0.378150 0.457793
vt 0.374219 0.445457
vt 0.365643 0.412896
vt 0.373452 0.434782
vt 0.376663 0.413486
vt 0.383872 0.434067
vt 0.385856 0.444378
vt 0.388574 0.454514
vt 0.360934 0.393268
vt 0.359915 0.365884
vt 0.360554 0.378343
vt 0.371329 0.367491
vt 0.373237 0.380607
vt 0.372622 0.392080
vt 0.360279 0.341941
vt 0.364497 0.325073
vt 0.375124 0.328909
vt 0.372192 0.346287
vt 0.365923 0.307021
vt 0.370950 0.291977
vt 0.386427 0.268247
vt 0.396036 0.277657
vt 0.383253 0.299393
vt 0.378529 0.313496
vt 0.397404 0.253481
vt 0.416675 0.233902
vt 0.409208 0.239540
vt 0.422662 0.245590
vt 0.417103 0.251357
vt 0.405224 0.263478
vt 0.428887 0.228304
vt 0.443724 0.223479
vt 0.469748 0.221501
vt 0.470223 0.236807
vt 0.447239 0.235683
vt 0.433846 0.239882
vt 0.481367 0.225749
vt 0.518604 0.232234
vt 0.503446 0.228375
vt 0.514640 0.245198
vt 0.501515 0.240913
vt 0.481001 0.238489
vt 0.532385 0.239355
vt 0.545682 0.247313
vt 0.556289 0.252995
vt 0.548940 0.263992
vt 0.539343 0.258566
vt 0.527326 0.251120
vt 0.568280 0.263500
vt 0.575637 0.274933
vt 0.578021 0.280140
vt 0.570208 0.288276
vt 0.566823 0.283425
vt 0.560583 0.272789
vt 0.568050 0.326785
vt 0.562795 0.318329
vt 0.573466 0.335111
vt 0.581552 0.354545
vt 0.578715 0.347773
vt 0.565365 0.362300
vt 0.563360 0.356201
vt 0.559119 0.344897
vt 0.549919 0.331618
vt 0.553933 0.338738
vt 0.585047 0.364232
vt 0.587632 0.374313
vt 0.595300 0.394330
vt 0.592113 0.388341
vt 0.575324 0.397155
vt 0.573129 0.390577
vt 0.570829 0.378319
vt 0.568606 0.370813
vt 0.596938 0.406859
vt 0.598118 0.418682
vt 0.596901 0.435976
vt 0.596621 0.428917
vt 0.577469 0.429828
vt 0.575732 0.422177
vt 0.575707 0.414557
vt 0.575604 0.407350
vt 0.595023 0.445532
vt 0.594450 0.458017
vt 0.593379 0.473778
vt 0.596045 0.462570
vt 0.574099 0.464387
vt 0.576729 0.454723
vt 0.577346 0.450735
vt 0.577874 0.438681
vt 0.582524 0.490026
vt 0.572640 0.511629
vt 0.579056 0.498599
vt 0.558374 0.492723
vt 0.564309 0.483293
vt 0.566968 0.476698
vt 0.564463 0.519488
vt 0.549885 0.530408
vt 0.539602 0.507991
vt 0.552265 0.500764
vt 0.538493 0.537828
vt 0.523895 0.538890
vt 0.519604 0.515117
vt 0.528707 0.513563
vt 0.516139 0.540561
vt 0.505793 0.540891
vt 0.484916 0.534720
vt 0.487745 0.511015
vt 0.505588 0.515501
vt 0.513094 0.515876
vt 0.477497 0.531512
vt 0.469979 0.526541
vt 0.454351 0.515967
vt 0.460040 0.519953
vt 0.462294 0.497537
vt 0.467786 0.500898
vt 0.476780 0.506083
vt 0.483218 0.509104
vt 0.446499 0.507832
vt 0.432637 0.495383
vt 0.436775 0.497207
vt 0.446337 0.474949
vt 0.448069 0.482526
vt 0.456441 0.491119
vt 0.423094 0.481896
vt 0.414753 0.468592
vt 0.411747 0.460207
vt 0.428989 0.447139
vt 0.432944 0.453177
vt 0.437986 0.463787
vt 0.409983 0.447568
vt 0.405580 0.436680
vt 0.398119 0.409895
vt 0.401689 0.428874
vt 0.415120 0.404951
vt 0.417654 0.420082
vt 0.420565 0.427210
vt 0.422925 0.436125
vt 0.394259 0.390889
vt 0.393912 0.372316
vt 0.394789 0.382141
vt 0.411596 0.374946
vt 0.411771 0.382338
vt 0.412764 0.392442
vt 0.392306 0.349722
vt 0.395030 0.336111
vt 0.413369 0.347135
vt 0.413241 0.360008
vt 0.397937 0.324266
vt 0.403071 0.313032
vt 0.412178 0.295305
vt 0.427909 0.313551
vt 0.419720 0.329876
vt 0.414995 0.336928
vt 0.421654 0.286200
vt 0.435040 0.271250
vt 0.430959 0.274957
vt 0.447079 0.293191
vt 0.440862 0.295392
vt 0.433271 0.303889
vt 0.445467 0.268627
vt 0.456225 0.264110
vt 0.473098 0.265183
vt 0.476938 0.287303
vt 0.462697 0.289065
vt 0.455024 0.291576
vt 0.482844 0.264110
vt 0.509431 0.270461
vt 0.498648 0.268097
vt 0.505668 0.293261
vt 0.495765 0.291442
vt 0.483641 0.287716
vt 0.518502 0.273766
vt 0.528656 0.282324
vt 0.536373 0.286770
vt 0.527923 0.309990
vt 0.522421 0.306315
vt 0.515018 0.302534
vt 0.544793 0.293902
vt 0.553521 0.301998
vt 0.556417 0.306274
vt 0.544281 0.323312
vt 0.541643 0.320873
vt 0.536318 0.315839
vt 0.545842 0.347312
vt 0.542350 0.339962
vt 0.549326 0.353078
vt 0.531184 0.368470
vt 0.528503 0.364394
vt 0.533726 0.372613
vt 0.554598 0.369199
vt 0.552485 0.364254
vt 0.537975 0.381688
vt 0.536474 0.378192
vt 0.530898 0.386371
vt 0.529792 0.383450
vt 0.527630 0.378881
vt 0.521981 0.372158
vt 0.524464 0.375264
vt 0.556956 0.375378
vt 0.559044 0.381934
vt 0.539906 0.386519
vt 0.541594 0.391349
vt 0.562352 0.396387
vt 0.561552 0.391864
vt 0.543950 0.402363
vt 0.543271 0.398713
vt 0.535849 0.403333
vt 0.535348 0.400171
vt 0.534017 0.394125
vt 0.532517 0.390289
vt 0.564368 0.405388
vt 0.564874 0.412219
vt 0.544902 0.408523
vt 0.545337 0.413445
vt 0.564521 0.426830
vt 0.564690 0.421219
vt 0.545416 0.422491
vt 0.545280 0.418360
vt 0.537205 0.419900
vt 0.537410 0.416847
vt 0.537356 0.412654
vt 0.536878 0.408525
vt 0.564088 0.433901
vt 0.563002 0.442035
vt 0.545214 0.427358
vt 0.544478 0.433208
vt 0.563747 0.457610
vt 0.565772 0.449325
vt 0.542402 0.440901
vt 0.543983 0.435472
vt 0.534402 0.434621
vt 0.535899 0.430532
vt 0.536395 0.428799
vt 0.537009 0.424049
vt 0.557427 0.467333
vt 0.539110 0.448816
vt 0.549409 0.480994
vt 0.554887 0.472996
vt 0.533163 0.456776
vt 0.536930 0.452236
vt 0.527018 0.447966
vt 0.530143 0.444166
vt 0.531958 0.441461
vt 0.544372 0.487917
vt 0.529129 0.461878
vt 0.532680 0.494898
vt 0.522426 0.465978
vt 0.518013 0.454639
vt 0.524101 0.451599
vt 0.523948 0.497542
vt 0.516501 0.467569
vt 0.516141 0.498366
vt 0.511032 0.468800
vt 0.508896 0.458000
vt 0.513233 0.457463
vt 0.511571 0.496219
vt 0.504978 0.497449
vt 0.507355 0.469494
vt 0.502969 0.470278
vt 0.490378 0.495699
vt 0.492312 0.466830
vt 0.494337 0.454649
vt 0.502321 0.458917
vt 0.505951 0.458227
vt 0.486775 0.491509
vt 0.481059 0.487749
vt 0.489499 0.465845
vt 0.485851 0.464104
vt 0.470197 0.482138
vt 0.474133 0.484766
vt 0.478777 0.459141
vt 0.481359 0.461193
vt 0.482182 0.449716
vt 0.484370 0.451349
vt 0.487898 0.453731
vt 0.490994 0.454579
vt 0.464970 0.476717
vt 0.475278 0.456588
vt 0.453793 0.466584
vt 0.457361 0.470115
vt 0.467228 0.448610
vt 0.469523 0.450903
vt 0.486319 0.420756
vt 0.485722 0.426686
vt 0.479109 0.447688
vt 0.447136 0.456266
vt 0.442861 0.447354
vt 0.462383 0.442799
vt 0.458640 0.435804
vt 0.439663 0.441741
vt 0.456460 0.431615
vt 0.463689 0.424727
vt 0.465037 0.430710
vt 0.480688 0.418243
vt 0.433402 0.433578
vt 0.431512 0.423211
vt 0.453688 0.423357
vt 0.451980 0.418501
vt 0.425763 0.404311
vt 0.429836 0.417999
vt 0.448944 0.405205
vt 0.450930 0.414091
vt 0.457683 0.404759
vt 0.459356 0.412097
vt 0.460179 0.415175
vt 0.461609 0.419318
vt 0.424532 0.393780
vt 0.447621 0.397828
vt 0.423391 0.378268
vt 0.423750 0.385265
vt 0.447633 0.387958
vt 0.447425 0.392946
vt 0.456725 0.389917
vt 0.455855 0.396467
vt 0.456797 0.398102
vt 0.425428 0.366271
vt 0.444526 0.373658
vt 0.424188 0.352905
vt 0.444765 0.366288
vt 0.456621 0.373174
vt 0.455257 0.378521
vt 0.426898 0.346157
vt 0.430316 0.339221
vt 0.450194 0.361629
vt 0.452186 0.356793
vt 0.437219 0.325988
vt 0.457033 0.349217
vt 0.463726 0.357590
vt 0.459146 0.363850
vt 0.457742 0.368376
vt 0.441284 0.317044
vt 0.460723 0.343878
vt 0.456349 0.311526
vt 0.452594 0.313751
vt 0.468216 0.337141
vt 0.465730 0.338879
vt 0.473265 0.344997
vt 0.468937 0.355371
vt 0.466435 0.352657
vt 0.461187 0.309148
vt 0.467626 0.306755
vt 0.471495 0.334941
vt 0.475866 0.333229
vt 0.479589 0.308455
vt 0.484227 0.335796
vt 0.485931 0.346626
vt 0.479189 0.344590
vt 0.475977 0.346546
vt 0.485739 0.308559
vt 0.488414 0.336703
vt 0.504790 0.311767
vt 0.497202 0.310477
vt 0.500486 0.341396
vt 0.495421 0.339506
vt 0.498614 0.382202
vt 0.495254 0.377872
vt 0.489405 0.347492
vt 0.512106 0.316999
vt 0.518400 0.321063
vt 0.505134 0.343269
vt 0.511145 0.349354
vt 0.522899 0.324379
vt 0.514698 0.351987
vt 0.511478 0.361350
vt 0.508387 0.358893
vt 0.502604 0.377775
vt 0.529275 0.329075
vt 0.535118 0.332647
vt 0.519497 0.355217
vt 0.523338 0.358025
vt 0.537282 0.334302
vt 0.524876 0.359754
vt 0.519159 0.368216
vt 0.517930 0.366753
vt 0.515193 0.364236
vt 0.935418 0.275265
vt 0.936920 0.280219
vt 0.933615 0.268478
vt 0.933128 0.257161
vt 0.933451 0.262766
vt 0.997114 0.294270
vt 0.961379 0.279011
vt 0.954723 0.273442
vt 0.957010 0.267648
vt 0.951947 0.293613
vt 0.954311 0.297355
vt 0.938864 0.292908
vt 0.938199 0.287125
vt 0.964879 0.290356
vt 0.959637 0.287105
vt 0.949126 0.321781
vt 0.951116 0.325674
vt 0.946507 0.316911
vt 0.953919 0.305622
vt 0.964182 0.306925
vt 0.960699 0.304623
vt 0.957393 0.340285
vt 0.961323 0.344872
vt 0.955839 0.338469
vt 0.953198 0.331661
vt 0.972025 0.311741
vt 0.964485 0.315760
vt 0.970285 0.356634
vt 0.975539 0.359684
vt 0.966710 0.354379
vt 0.980580 0.364419
vt 0.988760 0.363296
vt 0.995185 0.365047
vt 0.080448 0.667811
vt 0.087174 0.662105
vt 0.089646 0.649287
vt 0.083004 0.664544
vt 0.054189 0.608428
vt 0.089993 0.634423
vt 0.089447 0.630065
vt 0.091553 0.642058
vt 0.091048 0.646593
vt 0.065057 0.612133
vt 0.065916 0.616554
vt 0.071459 0.611786
vt 0.066016 0.605896
vt 0.089864 0.624722
vt 0.084282 0.591626
vt 0.082200 0.585605
vt 0.069484 0.597139
vt 0.063081 0.590973
vt 0.076450 0.568181
vt 0.069926 0.554958
vt 0.078525 0.572378
vt 0.080141 0.578160
vt 0.059676 0.577070
vt 0.064692 0.582587
vt 0.063090 0.540355
vt 0.059947 0.534193
vt 0.066412 0.545346
vt 0.054230 0.523736
vt 0.047900 0.521124
vt 0.038263 0.508097
vt 0.029520 0.503820
vt 0.043145 0.516534
vt 0.033472 0.549681
vt 0.017270 0.498071
vt 0.961794 0.203002
vt 0.023170 0.498257
vt 0.005707 0.496163
vt 0.944702 0.205985
vt 0.956966 0.202438
vt 0.964612 0.246242
vt 0.956065 0.237157
vt 0.957367 0.247071
vt 0.940175 0.205641
vt 0.932023 0.231073
vt 0.932490 0.236906
vt 0.946826 0.243133
vt 0.951358 0.251460
vt 0.931527 0.249835
vt 0.931144 0.247172
vt 0.931664 0.242676
vt 0.947648 0.255730
vt 0.492544 0.409706
vt 0.506580 0.390967
vt 0.509867 0.392579
vt 0.507971 0.397503
vt 0.511701 0.400423
vt 0.509812 0.404597
vt 0.516535 0.409568
vt 0.514910 0.411472
vt 0.517857 0.416269
vt 0.511222 0.416022
vt 0.494088 0.417560
vt 0.491323 0.424289
vt 0.489772 0.422392
vt 0.482072 0.413412
vt 0.478138 0.410342
vt 0.479423 0.406468
vt 0.484085 0.393263
vt 0.493614 0.382575
vt 0.503835 0.382473
vt 0.507514 0.383244
vt 0.951373 0.202189
vt 0.010252 0.496298
vt 0.014155 0.498484
vt 0.048043 0.598606
vt 0.926052 0.157929
vt 1.000000 0.360294
vt 0.077747 0.673150
vt 0.114316 0.716151
vt 0.322859 0.091320
vt 0.282185 0.093216
vt 0.239145 0.095793
vt 0.672678 0.735096
vt 0.205772 0.106167
vt 0.718169 0.728571
vt 0.153689 0.133681
vt 0.781767 0.711827
vt 0.122347 0.154238
vt 0.090590 0.183981
vt 0.815673 0.697657
vt 0.848655 0.678705
vt 0.056780 0.227518
vt 0.042096 0.251805
vt 0.894791 0.639294
vt 0.912417 0.620355
vt 0.021745 0.299222
vt 0.009197 0.343603
vt 0.944994 0.575906
vt 0.965259 0.534615
vt 0.000000 0.411098
vt 0.989175 0.466165
vn -0.018595 -0.999593 -0.021620
vn -0.018595 -0.999593 -0.021620
vn -0.018595 -0.999593 -0.021620
vn -0.018595 -0.999593 -0.021620
vn -0.054843 -0.975700 -0.212139
vn -0.054843 -0.975700 -0.212139
vn -0.054843 -0.975700 -0.212139
vn -0.054843 -0.975700 -0.212139
vn 0.029700 -0.979524 0.199124
vn 0.029700 -0.979524 0.199124
vn 0.029700 -0.979524 0.199124
vn 0.029700 -0.979524 0.199124
vn 0.036549 -0.996915 0.069456
vn 0.036549 -0.996915 0.069456
vn 0.036549 -0.996915 0.069456
vn 0.036549 -0.996915 0.069456
vn 0.079956 -0.989831 0.117652
vn 0.079956 -0.989831 0.117652
vn 0.079956 -0.989831 0.117652
vn 0.079956 -0.989831 0.117652
vn 0.219424 -0.929049 0.297861
vn 0.219424 -0.929049 0.297861
vn 0.219424 -0.929049 0.297861
vn 0.219424 -0.929049 0.297861
vn 0.125838 -0.983847 -0.127318
vn 0.125838 -0.983847 -0.127318
vn 0.125838 -0.983847 -0.127318
vn 0.125838 -0.983847 -0.127318
vn 0.071813 -0.971003 -0.228028
vn 0.071813 -0.971003 -0.228028
vn 0.071813 -0.971003 -0.228028
vn 0.071813 -0.971003 -0.228028
vn -0.035589 -0.997993 0.052376
vn -0.035589 -0.997993 0.052376
vn -0.035589 -0.997993 0.052376
vn -0.035589 -0.997993 0.052376
vn 0.123459 -0.988711 0.084902
vn 0.123459 -0.988711 0.084902
vn 0.123459 -0.988711 0.084902
vn 0.123459 -0.988711 0.084902
vn -0.249977 -0.912993 -0.322422
vn -0.249977 -0.912993 -0.322422
vn -0.249977 -0.912993 -0.322422
vn -0.249977 -0.912993 -0.322422
vn 0.081310 -0.996655 -0.008253
vn 0.081310 -0.996655 -0.008253
vn 0.081310 -0.996655 -0.008253
vn 0.081310 -0.996655 -0.008253
vn -0.210896 -0.934649 -0.286275
vn -0.210896 -0.934649 -0.286275
vn -0.210896 -0.934649 -0.286275
vn -0.210896 -0.934649 -0.286275
vn 0.223617 -0.974265 -0.028335
vn 0.223617 -0.974265 -0.028335
vn 0.223617 -0.974265 -0.028335
vn 0.223617 -0.974265 -0.028335
vn -0.056932 -0.986855 -0.151246
vn -0.056932 -0.986855 -0.151246
vn -0.056932 -0.986855 -0.151246
vn -0.056932 -0.986855 -0.151246
vn -0.075028 -0.954334 -0.289168
vn -0.075028 -0.954334 -0.289168
vn -0.075028 -0.954334 -0.289168
vn -0.075028 -0.954334 -0.289168
vn 0.069349 -0.982792 -0.171204
vn 0.069349 -0.982792 -0.171204
vn 0.069349 -0.982792 -0.171204
vn 0.069349 -0.982792 -0.171204
vn 0.195873 -0.980573 -0.010530
vn 0.195873 -0.980573 -0.010530
vn 0.195873 -0.980573 -0.010530
vn 0.195873 -0.980573 -0.010530
vn -0.402973 -0.895966 -0.186701
vn -0.402973 -0.895966 -0.186701
vn -0.402973 -0.895966 -0.186701
vn -0.402973 -0.895966 -0.186701
vn -0.169873 -0.975321 -0.141038
vn -0.169873 -0.975321 -0.141038
vn -0.169873 -0.975321 -0.141038
vn -0.169873 -0.975321 -0.141038
vn -0.044724 -0.982943 -0.178389
vn -0.044724 -0.982943 -0.178389
vn -0.044724 -0.982943 -0.178389
vn -0.044724 -0.982943 -0.178389
vn -0.118805 -0.964342 -0.236497
vn -0.118805 -0.964342 -0.236497
vn -0.118805 -0.964342 -0.236497
vn -0.118805 -0.964342 -0.236497
vn -0.036845 -0.988627 -0.145807
vn -0.036845 -0.988627 -0.145807
vn -0.036845 -0.988627 -0.145807
vn -0.036845 -0.988627 -0.145807
vn 0.217930 -0.972947 -0.076692
vn 0.217930 -0.972947 -0.076692
vn 0.217930 -0.972947 -0.076692
vn 0.217930 -0.972947 -0.076692
vn -0.105192 -0.993641 -0.040147
vn -0.105192 -0.993641 -0.040147
vn -0.105192 -0.993641 -0.040147
vn -0.105192 -0.993641 -0.040147
vn -0.166711 -0.985325 -0.036648
vn -0.166711 -0.985325 -0.036648
vn -0.166711 -0.985325 -0.036648
vn -0.166711 -0.985325 -0.036648
vn -0.040862 -0.998980 -0.019203
vn -0.040862 -0.998980 -0.019203
vn -0.040862 -0.998980 -0.019203
vn -0.040862 -0.998980 -0.019203
vn 0.023330 -0.999495 0.021566
vn 0.023330 -0.999495 0.021566
vn 0.023330 -0.999495 0.021566
vn 0.023330 -0.999495 0.021566
vn -0.001339 -0.999991 -0.004092
vn -0.001339 -0.999991 -0.004092
vn -0.001339 -0.999991 -0.004092
vn -0.001339 -0.999991 -0.004092
vn 0.147610 -0.988430 -0.034904
vn 0.147610 -0.988430 -0.034904
vn 0.147610 -0.988430 -0.034904
vn 0.147610 -0.988430 -0.034904
vn 0.019650 -0.993893 -0.108585
vn 0.019650 -0.993893 -0.108585
vn 0.019650 -0.993893 -0.108585
vn 0.019650 -0.993893 -0.108585
vn -0.050588 -0.995353 -0.081939
vn -0.050588 -0.995353 -0.081939
vn -0.050588 -0.995353 -0.081939
vn -0.050588 -0.995353 -0.081939
vn 0.115400 -0.984733 -0.130319
vn 0.115400 -0.984733 -0.130319
vn 0.115400 -0.984733 -0.130319
vn 0.115400 -0.984733 -0.130319
vn 0.066413 -0.997792 0.000712
vn 0.066413 -0.997792 0.000712
vn 0.066413 -0.997792 0.000712
vn 0.066413 -0.997792 0.000712
vn 0.071717 -0.990920 -0.113725
vn 0.071717 -0.990920 -0.113725
vn 0.071717 -0.990920 -0.113725
vn 0.071717 -0.990920 -0.113725
vn -0.070341 -0.996285 0.049689
vn -0.070341 -0.996285 0.049689
vn -0.070341 -0.996285 0.049689
vn -0.070341 -0.996285 0.049689
vn 0.150278 -0.981891 0.115355
vn 0.150278 -0.981891 0.115355
vn 0.150278 -0.981891 0.115355
vn 0.150278 -0.981891 0.115355
vn 0.158187 -0.983211 0.090960
vn 0.158187 -0.983211 0.090960
vn 0.158187 -0.983211 0.090960
vn 0.158187 -0.983211 0.090960
vn -0.024549 -0.999482 -0.020825
vn -0.024549 -0.999482 -0.020825
vn -0.024549 -0.999482 -0.020825
vn -0.024549 -0.999482 -0.020825
vn 0.062710 -0.994648 -0.082118
vn 0.062710 -0.994648 -0.082118
vn 0.062710 -0.994648 -0.082118
vn 0.062710 -0.994648 -0.082118
vn 0.042865 -0.998621 -0.030325
vn 0.042865 -0.998621 -0.030325
vn 0.042865 -0.998621 -0.030325
vn 0.042865 -0.998621 -0.030325
vn -0.010136 -0.999885 0.011286
vn -0.010136 -0.999885 0.011286
vn -0.010136 -0.999885 0.011286
vn -0.010136 -0.999885 0.011286
vn -0.096544 -0.987947 0.120996
vn -0.096544 -0.987947 0.120996
vn -0.096544 -0.987947 0.120996
vn -0.096544 -0.987947 0.120996
vn 0.061488 -0.997625 -0.031057
vn 0.061488 -0.997625 -0.031057
vn 0.061488 -0.997625 -0.031057
vn 0.061488 -0.997625 -0.031057
vn -0.026854 -0.999479 0.017921
vn -0.026854 -0.999479 0.017921
vn -0.026854 -0.999479 0.017921
vn -0.026854 -0.999479 0.017921
vn -0.037838 -0.999264 0.006270
vn -0.037838 -0.999264 0.006270
vn -0.037838 -0.999264 0.006270
vn -0.037838 -0.999264 0.006270
vn 0.132524 -0.990111 -0.046020
vn 0.132524 -0.990111 -0.046020
vn 0.132524 -0.990111 -0.046020
vn 0.132524 -0.990111 -0.046020
vn 0.137014 -0.990131 -0.029477
vn 0.137014 -0.990131 -0.029477
vn 0.137014 -0.990131 -0.029477
vn 0.137014 -0.990130 -0.029477
vn -0.029786 -0.999499 0.010711
vn -0.029786 -0.999499 0.010711
vn -0.029786 -0.999499 0.010711
vn -0.029786 -0.999499 0.010711
vn -0.174381 -0.981140 0.083394
vn -0.174381 -0.981141 0.083394
vn -0.174381 -0.981141 0.083394
vn -0.174381 -0.981140 0.083394
vn -0.016527 -0.994376 -0.104612
vn -0.016527 -0.994376 -0.104612
vn -0.016527 -0.994376 -0.104612
vn -0.016527 -0.994376 -0.104612
vn -0.054426 -0.994610 -0.088254
vn -0.054426 -0.994610 -0.088254
vn -0.054426 -0.994610 -0.088254
vn -0.054426 -0.994610 -0.088254
vn -0.236898 -0.926084 0.293681
vn -0.236898 -0.926083 0.293681
vn -0.236898 -0.926083 0.293681
vn -0.236898 -0.926083 0.293681
vn -0.255503 -0.961616 0.100066
vn -0.255503 -0.961616 0.100066
vn -0.255503 -0.961616 0.100066
vn -0.255503 -0.961616 0.100066
vn -0.113667 -0.992221 -0.050764
vn -0.113667 -0.992221 -0.050764
vn -0.113667 -0.992221 -0.050764
vn -0.113667 -0.992221 -0.050764
vn -0.178514 -0.982415 -0.054716
vn -0.178515 -0.982415 -0.054716
vn -0.178515 -0.982415 -0.054716
vn -0.178515 -0.982415 -0.054716
vn -0.096796 -0.994377 0.042942
vn -0.096796 -0.994377 0.042942
vn -0.096796 -0.994377 0.042942
vn -0.096796 -0.994377 0.042942
vn -0.047328 -0.993412 -0.104364
vn -0.047328 -0.993412 -0.104364
vn -0.047328 -0.993412 -0.104364
vn -0.047328 -0.993412 -0.104364
vn -0.216575 -0.944025 0.248819
vn -0.216575 -0.944026 0.248819
vn -0.216575 -0.944026 0.248819
vn -0.216575 -0.944026 0.248819
vn -0.077806 -0.996075 -0.042193
vn -0.077806 -0.996075 -0.042193
vn -0.077806 -0.996075 -0.042193
vn -0.077806 -0.996075 -0.042193
vn -0.106879 -0.994231 0.009036
vn -0.106879 -0.994231 0.009036
vn -0.106879 -0.994231 0.009036
vn -0.106879 -0.994231 0.009036
vn 0.131180 -0.977580 0.164712
vn 0.131180 -0.977580 0.164712
vn 0.131180 -0.977580 0.164712
vn 0.131180 -0.977580 0.164712
vn -0.031002 -0.994496 -0.100085
vn -0.031002 -0.994496 -0.100085
vn -0.031002 -0.994496 -0.100084
vn -0.031002 -0.994496 -0.100085
vn -0.065254 -0.997819 -0.009965
vn -0.065254 -0.997819 -0.009965
vn -0.065254 -0.997819 -0.009965
vn -0.065254 -0.997819 -0.009965
vn -0.164437 -0.960343 -0.225169
vn -0.164437 -0.960343 -0.225169
vn -0.164437 -0.960343 -0.225169
vn -0.164437 -0.960343 -0.225169
vn -0.126250 -0.989145 0.075189
vn -0.126250 -0.989145 0.075189
vn -0.126250 -0.989145 0.075189
vn -0.126250 -0.989145 0.075189
vn -0.106461 -0.993054 -0.050091
vn -0.106461 -0.993054 -0.050091
vn -0.106461 -0.993054 -0.050091
vn -0.106461 -0.993054 -0.050091
vn -0.158603 -0.982156 0.101067
vn -0.158603 -0.982156 0.101067
vn -0.158603 -0.982156 0.101067
vn -0.158603 -0.982156 0.101067
vn -0.013120 -0.993952 0.109033
vn -0.013120 -0.993952 0.109033
vn -0.013120 -0.993952 0.109033
vn -0.013120 -0.993952 0.109033
vn -0.096665 -0.994263 -0.045783
vn -0.096665 -0.994264 -0.045783
vn -0.096665 -0.994264 -0.045783
vn -0.096665 -0.994263 -0.045783
vn 0.030804 -0.988403 0.148695
vn 0.030804 -0.988403 0.148694
vn 0.030804 -0.988403 0.148694
vn 0.030804 -0.988403 0.148694
vn -0.051142 -0.998688 0.002580
vn -0.051142 -0.998688 0.002580
vn -0.051142 -0.998688 0.002580
vn -0.051142 -0.998688 0.002580
vn -0.017009 -0.999131 0.038065
vn -0.017009 -0.999131 0.038065
vn -0.017009 -0.999131 0.038065
vn -0.017009 -0.999130 0.038065
vn -0.045825 -0.991487 0.121874
vn -0.045825 -0.991487 0.121874
vn -0.045825 -0.991487 0.121874
vn -0.045825 -0.991487 0.121874
vn -0.233482 -0.967832 -0.093741
vn -0.233482 -0.967832 -0.093741
vn -0.233482 -0.967832 -0.093741
vn -0.233482 -0.967832 -0.093741
vn -0.159990 -0.984095 0.077199
vn -0.159990 -0.984095 0.077199
vn -0.159990 -0.984095 0.077199
vn -0.159990 -0.984095 0.077199
vn -0.169201 -0.957490 -0.233632
vn -0.169201 -0.957490 -0.233632
vn -0.169201 -0.957490 -0.233632
vn -0.169201 -0.957490 -0.233632
vn 0.020341 -0.994428 -0.103438
vn 0.020341 -0.994428 -0.103438
vn 0.020341 -0.994428 -0.103438
vn 0.020341 -0.994428 -0.103438
vn -0.018015 -0.999113 0.038064
vn -0.018015 -0.999113 0.038064
vn -0.018015 -0.999113 0.038064
vn -0.018015 -0.999113 0.038064
vn 0.009901 -0.999294 -0.036249
vn 0.009901 -0.999294 -0.036249
vn 0.009901 -0.999294 -0.036249
vn 0.009901 -0.999294 -0.036249
vn -0.002107 -0.996578 -0.082628
vn -0.002107 -0.996578 -0.082628
vn -0.002107 -0.996578 -0.082628
vn -0.002107 -0.996578 -0.082628
vn 0.061039 -0.997628 -0.031813
vn 0.061039 -0.997628 -0.031813
vn 0.061039 -0.997628 -0.031813
vn 0.061039 -0.997628 -0.031813
vn -0.158033 -0.976892 -0.143905
vn -0.158033 -0.976892 -0.143905
vn -0.158033 -0.976892 -0.143905
vn -0.158033 -0.976892 -0.143905
vn 0.173847 -0.984183 0.034077
vn 0.173847 -0.984183 0.034077
vn 0.173847 -0.984183 0.034077
vn 0.173847 -0.984183 0.034077
vn -0.000577 -0.995909 -0.090359
vn -0.000577 -0.995909 -0.090359
vn -0.000577 -0.995909 -0.090359
vn -0.000577 -0.995909 -0.090359
vn -0.050802 -0.988865 -0.139877
vn -0.050802 -0.988865 -0.139877
vn -0.050802 -0.988865 -0.139877
vn -0.050802 -0.988865 -0.139877
vn 0.060324 -0.996480 0.058206
vn 0.060324 -0.996480 0.058206
vn 0.060324 -0.996480 0.058206
vn 0.060324 -0.996480 0.058206
vn 0.012449 -0.994086 0.107880
vn 0.012449 -0.994086 0.107880
vn 0.012449 -0.994086 0.107880
vn 0.012449 -0.994086 0.107880
vn 0.142822 -0.988675 0.046086
vn 0.142822 -0.988675 0.046086
vn 0.142822 -0.988675 0.046086
vn 0.142822 -0.988675 0.046086
vn 0.111359 -0.993746 0.008250
vn 0.111359 -0.993746 0.008250
vn 0.111359 -0.993746 0.008250
vn 0.111359 -0.993746 0.008250
vn 0.130678 -0.972765 0.191446
vn 0.130678 -0.972765 0.191446
vn 0.130678 -0.972765 0.191446
vn 0.130678 -0.972765 0.191446
vn 0.077782 -0.958157 0.275472
vn 0.077782 -0.958157 0.275472
vn 0.077782 -0.958157 0.275472
vn 0.077782 -0.958157 0.275472
vn -0.034170 -0.980535 0.193351
vn -0.034170 -0.980534 0.193351
vn -0.034170 -0.980535 0.193351
vn -0.034170 -0.980534 0.193351
vn -0.178703 -0.983871 0.008004
vn -0.178703 -0.983871 0.008004
vn -0.178703 -0.983871 0.008004
vn -0.178703 -0.983871 0.008004
vn 0.095492 -0.994950 0.030901
vn 0.095492 -0.994950 0.030901
vn 0.095492 -0.994951 0.030901
vn 0.095492 -0.994950 0.030901
vn -0.025427 -0.999550 -0.015944
vn -0.025427 -0.999550 -0.015944
vn -0.025427 -0.999550 -0.015944
vn -0.025427 -0.999550 -0.015944
vn 0.241295 -0.968550 0.060724
vn 0.241295 -0.968550 0.060724
vn 0.241295 -0.968550 0.060724
vn 0.241295 -0.968550 0.060724
vn 0.172515 -0.983493 -0.054591
vn 0.172515 -0.983493 -0.054591
vn 0.172515 -0.983493 -0.054591
vn 0.172515 -0.983493 -0.054591
vn 0.010118 -0.992946 0.118138
vn 0.010118 -0.992946 0.118138
vn 0.010118 -0.992946 0.118138
vn 0.010118 -0.992946 0.118138
vn 0.322041 -0.944234 -0.068648
vn 0.322041 -0.944234 -0.068648
vn 0.322041 -0.944234 -0.068648
vn 0.322041 -0.944234 -0.068648
vn 0.039509 -0.999051 0.018323
vn 0.039509 -0.999051 0.018323
vn 0.039509 -0.999051 0.018323
vn 0.039509 -0.999051 0.018323
vn 0.183861 -0.975836 -0.118065
vn 0.183861 -0.975836 -0.118065
vn 0.183861 -0.975836 -0.118065
vn 0.183861 -0.975836 -0.118065
vn 0.238638 -0.970901 -0.020052
vn 0.238638 -0.970901 -0.020052
vn 0.238638 -0.970902 -0.020052
vn 0.238638 -0.970901 -0.020052
vn 0.192410 -0.979004 0.067297
vn 0.192410 -0.979004 0.067297
vn 0.192410 -0.979004 0.067297
vn 0.192410 -0.979004 0.067297
vn -0.060800 -0.950203 0.305643
vn -0.060800 -0.950203 0.305643
vn -0.060800 -0.950203 0.305643
vn -0.060800 -0.950203 0.305643
vn -0.163381 -0.962957 0.214524
vn -0.163381 -0.962957 0.214524
vn -0.163381 -0.962957 0.214524
vn -0.163380 -0.962957 0.214524
vn 0.155057 -0.987727 0.018790
vn 0.155057 -0.987727 0.018790
vn 0.155057 -0.987727 0.018790
vn 0.155057 -0.987727 0.018790
vn 0.050117 -0.998449 0.024239
vn 0.050117 -0.998449 0.024239
vn 0.050117 -0.998449 0.024239
vn 0.050117 -0.998449 0.024239
vn 0.155152 -0.987687 -0.020070
vn 0.155152 -0.987687 -0.020070
vn 0.155152 -0.987687 -0.020070
vn 0.155152 -0.987687 -0.020070
vn -0.044361 -0.998910 0.014535
vn -0.044361 -0.998910 0.014535
vn -0.044361 -0.998910 0.014535
vn -0.044361 -0.998910 0.014535
vn 0.071372 -0.995183 -0.067214
vn 0.071372 -0.995183 -0.067214
vn 0.071372 -0.995183 -0.067214
vn 0.071372 -0.995183 -0.067214
vn 0.005582 -0.999920 0.011395
vn 0.005582 -0.999920 0.011395
vn 0.005582 -0.999920 0.011395
vn 0.005582 -0.999919 0.011395
vn -0.012083 -0.999832 0.013802
vn -0.012083 -0.999832 0.013802
vn -0.012083 -0.999832 0.013802
vn -0.012083 -0.999832 0.013802
vn 0.038731 -0.994776 -0.094447
vn 0.038731 -0.994776 -0.094447
vn 0.038731 -0.994776 -0.094447
vn 0.038731 -0.994776 -0.094447
vn -0.022832 -0.998679 0.046026
vn -0.022832 -0.998679 0.046026
vn -0.022832 -0.998679 0.046026
vn -0.022832 -0.998679 0.046026
vn 0.055761 -0.994865 0.084466
vn 0.055761 -0.994865 0.084466
vn 0.055761 -0.994865 0.084466
vn 0.055761 -0.994865 0.084466
vn 0.112638 -0.993635 0.001400
vn 0.112638 -0.993635 0.001400
vn 0.112638 -0.993635 0.001400
vn 0.112638 -0.993635 0.001400
vn -0.144376 -0.974148 0.173757
vn -0.144376 -0.974148 0.173757
vn -0.144376 -0.974148 0.173757
vn -0.144376 -0.974148 0.173757
vn 0.010196 -0.999896 -0.010164
vn 0.010196 -0.999896 -0.010164
vn 0.010196 -0.999896 -0.010164
vn 0.010196 -0.999896 -0.010164
vn -0.063282 -0.990312 0.123605
vn -0.063282 -0.990312 0.123605
vn -0.063282 -0.990312 0.123605
vn -0.063282 -0.990312 0.123605
vn 0.091312 -0.991451 0.093205
vn 0.091312 -0.991451 0.093205
vn 0.091312 -0.991451 0.093205
vn 0.091312 -0.991451 0.093205
vn 0.092967 -0.990852 -0.097829
vn 0.092967 -0.990852 -0.097829
vn 0.092967 -0.990852 -0.097829
vn 0.092967 -0.990852 -0.097829
vn 0.035253 -0.998428 0.043579
vn 0.035253 -0.998428 0.043579
vn 0.035253 -0.998428 0.043579
vn 0.035253 -0.998428 0.043579
vn 0.101976 -0.988295 0.113463
vn 0.101976 -0.988295 0.113463
vn 0.101976 -0.988295 0.113463
vn 0.101976 -0.988295 0.113463
vn 0.136401 -0.990526 0.015896
vn 0.136401 -0.990526 0.015896
vn 0.136401 -0.990526 0.015896
vn 0.136401 -0.990526 0.015896
vn 0.050797 -0.992001 -0.115561
vn 0.050797 -0.992001 -0.115561
vn 0.050797 -0.992001 -0.115561
vn 0.050797 -0.992001 -0.115561
vn -0.103705 -0.990987 -0.084800
vn -0.103705 -0.990987 -0.084800
vn -0.103705 -0.990987 -0.084800
vn -0.103705 -0.990987 -0.084800
vn -0.020972 -0.983367 -0.180415
vn -0.020972 -0.983367 -0.180415
vn -0.020972 -0.983367 -0.180415
vn -0.020972 -0.983367 -0.180415
vn -0.229217 -0.972712 -0.035942
vn -0.229217 -0.972712 -0.035942
vn -0.229217 -0.972712 -0.035942
vn -0.229217 -0.972712 -0.035942
vn -0.233274 -0.972371 0.008878
vn -0.233274 -0.972371 0.008878
vn -0.233274 -0.972371 0.008878
vn -0.233274 -0.972371 0.008878
vn 0.031252 -0.997955 -0.055764
vn 0.031252 -0.997955 -0.055764
vn 0.031252 -0.997955 -0.055764
vn 0.031252 -0.997955 -0.055764
vn 0.038325 -0.961701 0.271407
vn 0.038325 -0.961701 0.271407
vn 0.038325 -0.961701 0.271407
vn 0.038325 -0.961701 0.271407
vn 0.382883 -0.921696 0.062261
vn 0.382883 -0.921696 0.062261
vn 0.382883 -0.921696 0.062261
vn 0.382883 -0.921697 0.062261
vn 0.298975 -0.932297 -0.203561
vn 0.298975 -0.932297 -0.203561
vn 0.298975 -0.932297 -0.203561
vn 0.298975 -0.932297 -0.203561
vn 0.332474 -0.935593 -0.118857
vn 0.332474 -0.935593 -0.118857
vn 0.332474 -0.935593 -0.118857
vn 0.332474 -0.935593 -0.118857
vn 0.273772 -0.951185 -0.142465
vn 0.273772 -0.951185 -0.142465
vn 0.273772 -0.951185 -0.142465
vn 0.273772 -0.951185 -0.142465
vn -0.018811 -0.989101 -0.146029
vn -0.018811 -0.989101 -0.146029
vn -0.018811 -0.989101 -0.146029
vn -0.018811 -0.989101 -0.146029
vn -0.167320 -0.971090 -0.170257
vn -0.167320 -0.971090 -0.170257
vn -0.167320 -0.971090 -0.170257
vn -0.167320 -0.971090 -0.170257
vn 0.041888 -0.990142 -0.133657
vn 0.041888 -0.990142 -0.133657
vn 0.041888 -0.990142 -0.133657
vn 0.041888 -0.990142 -0.133657
vn 0.004345 -0.999574 -0.028867
vn 0.004345 -0.999574 -0.028867
vn 0.004345 -0.999574 -0.028867
vn 0.004345 -0.999574 -0.028867
vn 0.142388 -0.988456 0.051780
vn 0.142388 -0.988456 0.051780
vn 0.142388 -0.988456 0.051780
vn 0.142388 -0.988456 0.051780
vn 0.025010 -0.985460 -0.168057
vn 0.025010 -0.985460 -0.168057
vn 0.025010 -0.985460 -0.168057
vn 0.025010 -0.985460 -0.168057
vn 0.081334 -0.979468 -0.184466
vn 0.081334 -0.979468 -0.184466
vn 0.081334 -0.979468 -0.184466
vn 0.081333 -0.979468 -0.184466
vn 0.069892 -0.973229 -0.218953
vn 0.069892 -0.973229 -0.218953
vn 0.069892 -0.973229 -0.218953
vn 0.069892 -0.973229 -0.218953
vn -0.082122 -0.980103 -0.180703
vn -0.082122 -0.980103 -0.180703
vn -0.082122 -0.980103 -0.180703
vn -0.082122 -0.980103 -0.180703
vn 0.122543 -0.992028 -0.029391
vn 0.122543 -0.992028 -0.029391
vn 0.122543 -0.992028 -0.029391
vn 0.122543 -0.992028 -0.029391
vn 0.043160 -0.989213 -0.139979
vn 0.043160 -0.989213 -0.139979
vn 0.043160 -0.989213 -0.139979
vn 0.043160 -0.989213 -0.139979
vn -0.189199 -0.963805 -0.187842
vn -0.189199 -0.963805 -0.187842
vn -0.189199 -0.963805 -0.187842
vn -0.189199 -0.963805 -0.187842
vn -0.008790 -0.999530 -0.029371
vn -0.008790 -0.999530 -0.029371
vn -0.008790 -0.999530 -0.029371
vn -0.008790 -0.999530 -0.029371
vn -0.129607 -0.980703 -0.146368
vn -0.129607 -0.980703 -0.146368
vn -0.129607 -0.980703 -0.146368
vn -0.129607 -0.980703 -0.146368
vn -0.133809 -0.989279 -0.058501
vn -0.133809 -0.989279 -0.058501
vn -0.133809 -0.989279 -0.058501
vn -0.133809 -0.989279 -0.058501
vn -0.003189 -0.998600 -0.052795
vn -0.003189 -0.998600 -0.052795
vn -0.003189 -0.998600 -0.052795
vn -0.003189 -0.998600 -0.052795
vn 0.166802 -0.982826 -0.078931
vn 0.166802 -0.982826 -0.078931
vn 0.166802 -0.982826 -0.078931
vn 0.166802 -0.982826 -0.078931
vn -0.016740 -0.993375 -0.113689
vn -0.016740 -0.993375 -0.113689
vn -0.016740 -0.993375 -0.113689
vn -0.016740 -0.993375 -0.113689
vn 0.050121 -0.981282 -0.185942
vn 0.050121 -0.981282 -0.185942
vn 0.050121 -0.981282 -0.185942
vn 0.050121 -0.981282 -0.185942
vn 0.067516 -0.988352 -0.136391
vn 0.067516 -0.988352 -0.136391
vn 0.067516 -0.988352 -0.136391
vn 0.067516 -0.988352 -0.136391
vn 0.104466 -0.994509 0.006193
vn 0.104466 -0.994509 0.006193
vn 0.104466 -0.994509 0.006193
vn 0.104466 -0.994509 0.006193
vn -0.095632 -0.995197 -0.020921
vn -0.095632 -0.995197 -0.020921
vn -0.095632 -0.995197 -0.020921
vn -0.095632 -0.995197 -0.020921
vn 0.173029 -0.984549 0.026915
vn 0.173029 -0.984549 0.026915
vn 0.173029 -0.984549 0.026915
vn 0.173029 -0.984549 0.026915
vn -0.049546 -0.998503 -0.023157
vn -0.049546 -0.998503 -0.023157
vn -0.049546 -0.998503 -0.023157
vn -0.049546 -0.998503 -0.023157
vn 0.215046 -0.952950 -0.213638
vn 0.215046 -0.952950 -0.213638
vn 0.215046 -0.952950 -0.213638
vn 0.215046 -0.952950 -0.213638
vn -0.064115 -0.996562 -0.052474
vn -0.064115 -0.996562 -0.052474
vn -0.064115 -0.996562 -0.052474
vn -0.064115 -0.996562 -0.052474
vn -0.022270 -0.982889 -0.182848
vn -0.022270 -0.982889 -0.182848
vn -0.022270 -0.982889 -0.182848
vn -0.022270 -0.982889 -0.182848
vn -0.043580 -0.989019 -0.141215
vn -0.043580 -0.989019 -0.141215
vn -0.043580 -0.989019 -0.141215
vn -0.043580 -0.989019 -0.141215
vn 0.169588 -0.965088 -0.199610
vn 0.169588 -0.965088 -0.199610
vn 0.169588 -0.965088 -0.199610
vn 0.169588 -0.965088 -0.199610
vn 0.031961 -0.993789 -0.106590
vn 0.031961 -0.993789 -0.106590
vn 0.031961 -0.993789 -0.106590
vn 0.031961 -0.993789 -0.106590
vn 0.041371 -0.999048 -0.013837
vn 0.041371 -0.999048 -0.013837
vn 0.041371 -0.999048 -0.013837
vn 0.041371 -0.999048 -0.013837
vn -0.089820 -0.995928 -0.007727
vn -0.089820 -0.995928 -0.007727
vn -0.089820 -0.995928 -0.007727
vn -0.089820 -0.995928 -0.007727
vn -0.119500 -0.973002 -0.197452
vn -0.119500 -0.973002 -0.197452
vn -0.119500 -0.973002 -0.197452
vn -0.119500 -0.973002 -0.197452
vn -0.157011 -0.958866 -0.236481
vn -0.157011 -0.958866 -0.236481
vn -0.157011 -0.958866 -0.236481
vn -0.157011 -0.958866 -0.236481
vn -0.088170 -0.990570 -0.104870
vn -0.088170 -0.990570 -0.104870
vn -0.088170 -0.990570 -0.104870
vn -0.088170 -0.990570 -0.104870
vn -0.259689 -0.965446 -0.021822
vn -0.259689 -0.965446 -0.021822
vn -0.259689 -0.965446 -0.021822
vn -0.259689 -0.965446 -0.021822
vn -0.171259 -0.985100 0.015783
vn -0.171259 -0.985100 0.015783
vn -0.171259 -0.985100 0.015783
vn -0.171259 -0.985100 0.015783
vn -0.144318 -0.987679 -0.060526
vn -0.144318 -0.987679 -0.060526
vn -0.144318 -0.987679 -0.060526
vn -0.144318 -0.987679 -0.060526
vn -0.110636 -0.976577 -0.184548
vn -0.110636 -0.976577 -0.184548
vn -0.110636 -0.976577 -0.184548
vn -0.110636 -0.976577 -0.184548
vn -0.148241 -0.984105 -0.097789
vn -0.148241 -0.984105 -0.097789
vn -0.148241 -0.984105 -0.097789
vn -0.148241 -0.984105 -0.097789
vn -0.248257 -0.965831 0.074432
vn -0.248257 -0.965831 0.074432
vn -0.248257 -0.965831 0.074432
vn -0.248257 -0.965831 0.074432
vn -0.060990 -0.993609 0.094979
vn -0.060990 -0.993609 0.094979
vn -0.060990 -0.993609 0.094979
vn -0.060990 -0.993609 0.094979
vn -0.093827 -0.989299 -0.111734
vn -0.093827 -0.989299 -0.111734
vn -0.093827 -0.989299 -0.111734
vn -0.093827 -0.989299 -0.111734
vn -0.104433 -0.987025 -0.121964
vn -0.104433 -0.987025 -0.121964
vn -0.104433 -0.987025 -0.121964
vn -0.104433 -0.987025 -0.121964
vn -0.191806 -0.981236 0.019662
vn -0.191806 -0.981236 0.019662
vn -0.191806 -0.981236 0.019662
vn -0.191806 -0.981236 0.019662
vn -0.157346 -0.973780 -0.164302
vn -0.157346 -0.973780 -0.164302
vn -0.157346 -0.973780 -0.164302
vn -0.157346 -0.973780 -0.164302
vn -0.234400 -0.972090 0.009875
vn -0.234400 -0.972090 0.009875
vn -0.234400 -0.972090 0.009875
vn -0.234400 -0.972090 0.009875
vn -0.221313 -0.974994 0.020164
vn -0.221313 -0.974994 0.020164
vn -0.221313 -0.974994 0.020164
vn -0.221313 -0.974994 0.020164
vn -0.180377 -0.982728 0.041352
vn -0.180377 -0.982728 0.041352
vn -0.180377 -0.982728 0.041352
vn -0.180377 -0.982728 0.041352
vn -0.117918 -0.985327 0.123391
vn -0.117918 -0.985327 0.123391
vn -0.117918 -0.985327 0.123391
vn -0.117918 -0.985327 0.123391
vn -0.009428 -0.993973 0.109218
vn -0.009428 -0.993973 0.109218
vn -0.009428 -0.993973 0.109218
vn -0.009428 -0.993973 0.109218
vn -0.031490 -0.998148 -0.052045
vn -0.031490 -0.998148 -0.052045
vn -0.031490 -0.998148 -0.052045
vn -0.031490 -0.998148 -0.052045
vn -0.142396 -0.989021 -0.039507
vn -0.142396 -0.989021 -0.039507
vn -0.142396 -0.989021 -0.039507
vn -0.142396 -0.989021 -0.039507
vn -0.047173 -0.955014 -0.292784
vn -0.047173 -0.955014 -0.292784
vn -0.047173 -0.955014 -0.292784
vn -0.047173 -0.955014 -0.292784
vn -0.094094 -0.955872 -0.278308
vn -0.094094 -0.955872 -0.278308
vn -0.094094 -0.955872 -0.278308
vn -0.094094 -0.955872 -0.278308
vn -0.210857 -0.975040 -0.069548
vn -0.210857 -0.975040 -0.069548
vn -0.210857 -0.975040 -0.069548
vn -0.210857 -0.975040 -0.069548
vn -0.204584 -0.929020 -0.308330
vn -0.204584 -0.929020 -0.308330
vn -0.204584 -0.929020 -0.308330
vn -0.204584 -0.929020 -0.308330
vn -0.223826 -0.963861 -0.144482
vn -0.223826 -0.963861 -0.144482
vn -0.223826 -0.963861 -0.144482
vn -0.223826 -0.963861 -0.144482
vn 0.095527 -0.984273 0.148598
vn 0.095527 -0.984273 0.148598
vn 0.095527 -0.984273 0.148598
vn 0.095528 -0.984273 0.148598
vn -0.006197 -0.994703 0.102606
vn -0.006197 -0.994703 0.102606
vn -0.006197 -0.994703 0.102606
vn -0.006197 -0.994703 0.102606
vn -0.118181 -0.987230 0.106820
vn -0.118181 -0.987230 0.106820
vn -0.118181 -0.987230 0.106820
vn -0.118181 -0.987230 0.106820
vn -0.050179 -0.997290 0.053802
vn -0.050179 -0.997290 0.053802
vn -0.050179 -0.997290 0.053802
vn -0.050179 -0.997290 0.053802
vn -0.183047 -0.960464 0.209766
vn -0.183047 -0.960465 0.209766
vn -0.183047 -0.960464 0.209766
vn -0.183047 -0.960464 0.209766
vn -0.110255 -0.983535 0.143192
vn -0.110255 -0.983535 0.143192
vn -0.110255 -0.983535 0.143192
vn -0.110255 -0.983535 0.143192
vn -0.184805 -0.981499 0.050060
vn -0.184805 -0.981499 0.050060
vn -0.184805 -0.981499 0.050060
vn -0.184805 -0.981499 0.050060
vn -0.177539 -0.981627 0.069912
vn -0.177539 -0.981627 0.069912
vn -0.177539 -0.981627 0.069912
vn -0.177539 -0.981627 0.069912
vn -0.314947 -0.945186 0.086212
vn -0.314947 -0.945186 0.086212
vn -0.314947 -0.945186 0.086212
vn -0.314947 -0.945186 0.086212
vn -0.171173 -0.978823 0.112276
vn -0.171173 -0.978823 0.112276
vn -0.171173 -0.978823 0.112276
vn -0.171173 -0.978823 0.112276
vn -0.216382 -0.972438 0.086857
vn -0.216382 -0.972438 0.086857
vn -0.216382 -0.972438 0.086857
vn -0.216382 -0.972438 0.086857
vn -0.096575 -0.979198 0.178450
vn -0.096575 -0.979198 0.178450
vn -0.096575 -0.979198 0.178450
vn -0.096575 -0.979198 0.178450
vn -0.074918 -0.997164 -0.007184
vn -0.074918 -0.997164 -0.007184
vn -0.074918 -0.997164 -0.007184
vn -0.074918 -0.997164 -0.007184
vn -0.067598 -0.990961 0.115875
vn -0.067598 -0.990961 0.115875
vn -0.067598 -0.990961 0.115875
vn -0.067598 -0.990961 0.115875
vn -0.308883 -0.914732 0.260494
vn -0.308883 -0.914732 0.260494
vn -0.308883 -0.914732 0.260494
vn -0.308883 -0.914732 0.260494
vn -0.134801 -0.975401 0.174421
vn -0.134801 -0.975400 0.174421
vn -0.134801 -0.975401 0.174421
vn -0.134801 -0.975400 0.174421
vn -0.090502 -0.928066 0.361251
vn -0.090502 -0.928066 0.361251
vn -0.090502 -0.928066 0.361251
vn -0.090502 -0.928066 0.361251
vn -0.140015 -0.989314 0.040658
vn -0.140015 -0.989314 0.040658
vn -0.140015 -0.989314 0.040658
vn -0.140015 -0.989314 0.040658
vn -0.139300 -0.990164 -0.013066
vn -0.139300 -0.990164 -0.013066
vn -0.139300 -0.990164 -0.013066
vn -0.139300 -0.990164 -0.013066
vn -0.169903 -0.984007 0.053511
vn -0.169903 -0.984007 0.053511
vn -0.169903 -0.984007 0.053511
vn -0.169903 -0.984007 0.053511
vn 0.099359 -0.982568 0.157122
vn 0.099359 -0.982568 0.157122
vn 0.099359 -0.982568 0.157122
vn 0.099359 -0.982568 0.157122
vn 0.182309 -0.968415 0.170104
vn 0.182309 -0.968415 0.170104
vn 0.182309 -0.968415 0.170104
vn 0.182309 -0.968415 0.170104
vn 0.173522 -0.979137 0.105743
vn 0.173522 -0.979137 0.105743
vn 0.173522 -0.979137 0.105743
vn 0.173522 -0.979137 0.105743
vn 0.057655 -0.986999 0.150031
vn 0.057655 -0.986999 0.150031
vn 0.057655 -0.986999 0.150031
vn 0.057655 -0.986999 0.150031
vn -0.148200 -0.983406 0.104635
vn -0.148200 -0.983406 0.104635
vn -0.148200 -0.983406 0.104635
vn -0.148200 -0.983406 0.104635
vn -0.078541 -0.996273 0.035658
vn -0.078541 -0.996273 0.035658
vn -0.078541 -0.996273 0.035658
vn -0.078541 -0.996273 0.035658
vn -0.107946 -0.991967 0.065944
vn -0.107946 -0.991967 0.065944
vn -0.107946 -0.991967 0.065944
vn -0.107946 -0.991967 0.065944
vn -0.040588 -0.986351 0.159575
vn -0.040588 -0.986351 0.159575
vn -0.040588 -0.986351 0.159575
vn -0.040588 -0.986351 0.159575
vn -0.137455 -0.979316 0.148481
vn -0.137455 -0.979316 0.148481
vn -0.137455 -0.979316 0.148481
vn -0.137455 -0.979316 0.148481
vn -0.095518 -0.976811 0.191618
vn -0.095518 -0.976811 0.191618
vn -0.095518 -0.976811 0.191618
vn -0.095518 -0.976811 0.191618
vn 0.223582 -0.974599 -0.012936
vn 0.223582 -0.974599 -0.012936
vn 0.223582 -0.974599 -0.012936
vn 0.223582 -0.974599 -0.012936
vn 0.266475 -0.962069 -0.058432
vn 0.266475 -0.962069 -0.058432
vn 0.266475 -0.962069 -0.058432
vn 0.266475 -0.962069 -0.058432
vn 0.222003 -0.975036 -0.004467
vn 0.222003 -0.975036 -0.004467
vn 0.222003 -0.975036 -0.004467
vn 0.222003 -0.975036 -0.004467
vn -0.006111 -0.988978 -0.147938
vn -0.006111 -0.988978 -0.147938
vn -0.006111 -0.988978 -0.147938
vn -0.006111 -0.988978 -0.147938
vn 0.057408 -0.998330 -0.006505
vn 0.057408 -0.998330 -0.006505
vn 0.057408 -0.998330 -0.006505
vn 0.057408 -0.998330 -0.006505
vn 0.222475 -0.973356 0.055522
vn 0.222475 -0.973356 0.055522
vn 0.222475 -0.973356 0.055522
vn 0.222475 -0.973356 0.055522
vn 0.091328 -0.994775 0.045633
vn 0.091328 -0.994775 0.045633
vn 0.091328 -0.994775 0.045633
vn 0.091328 -0.994775 0.045633
vn -0.000132 -0.990624 0.136615
vn -0.000132 -0.990624 0.136615
vn -0.000132 -0.990624 0.136615
vn -0.000132 -0.990624 0.136615
vn 0.063535 -0.976047 0.208075
vn 0.063535 -0.976047 0.208075
vn 0.063535 -0.976047 0.208075
vn 0.063535 -0.976047 0.208075
vn 0.065643 -0.997776 -0.011597
vn 0.065643 -0.997776 -0.011597
vn 0.065643 -0.997776 -0.011597
vn 0.065643 -0.997776 -0.011597
vn -0.052702 -0.986479 -0.155183
vn -0.052702 -0.986479 -0.155184
vn -0.052702 -0.986479 -0.155183
vn -0.052702 -0.986479 -0.155183
vn -0.083337 -0.995319 -0.048939
vn -0.083337 -0.995319 -0.048939
vn -0.083337 -0.995319 -0.048939
vn -0.083337 -0.995319 -0.048939
vn 0.142801 -0.961751 0.233757
vn 0.142801 -0.961751 0.233757
vn 0.142801 -0.961751 0.233757
vn 0.142801 -0.961751 0.233757
vn 0.072466 -0.995129 0.066834
vn 0.072466 -0.995129 0.066834
vn 0.072466 -0.995129 0.066834
vn 0.072466 -0.995129 0.066834
vn 0.109108 -0.988601 0.103744
vn 0.109108 -0.988601 0.103744
vn 0.109108 -0.988601 0.103744
vn 0.109108 -0.988601 0.103744
vn 0.118288 -0.973522 0.195609
vn 0.118288 -0.973522 0.195609
vn 0.118288 -0.973522 0.195609
vn 0.118288 -0.973522 0.195609
vn 0.170430 -0.967219 0.188257
vn 0.170430 -0.967219 0.188257
vn 0.170430 -0.967219 0.188257
vn 0.170430 -0.967219 0.188257
vn 0.108291 -0.983939 0.141905
vn 0.108291 -0.983939 0.141905
vn 0.108291 -0.983939 0.141905
vn 0.108291 -0.983939 0.141905
vn 0.080087 -0.996788 0.000477
vn 0.080087 -0.996788 0.000477
vn 0.080087 -0.996788 0.000477
vn 0.080087 -0.996788 0.000477
vn 0.081488 -0.981923 0.170841
vn 0.081488 -0.981923 0.170841
vn 0.081488 -0.981923 0.170841
vn 0.081488 -0.981923 0.170841
vn 0.138470 -0.963723 0.228174
vn 0.138470 -0.963723 0.228174
vn 0.138470 -0.963723 0.228174
vn 0.138470 -0.963723 0.228174
vn 0.446743 -0.894606 -0.010045
vn 0.446743 -0.894606 -0.010045
vn 0.446743 -0.894606 -0.010045
vn 0.446743 -0.894606 -0.010045
vn 0.225644 -0.967101 -0.117477
vn 0.225644 -0.967101 -0.117477
vn 0.225644 -0.967101 -0.117477
vn 0.225644 -0.967101 -0.117477
vn 0.326776 -0.941109 0.086788
vn 0.326776 -0.941109 0.086788
vn 0.326776 -0.941109 0.086788
vn 0.326776 -0.941109 0.086788
vn 0.131956 -0.966429 -0.220460
vn 0.131956 -0.966429 -0.220460
vn 0.131956 -0.966429 -0.220460
vn 0.131956 -0.966429 -0.220460
vn 0.093728 -0.960307 -0.262727
vn 0.093728 -0.960307 -0.262727
vn 0.093728 -0.960307 -0.262727
vn 0.093728 -0.960307 -0.262727
vn -0.035295 -0.977718 0.206935
vn -0.035295 -0.977718 0.206935
vn -0.035295 -0.977718 0.206935
vn -0.035295 -0.977718 0.206935
vn 0.056980 -0.986089 -0.156148
vn 0.056980 -0.986089 -0.156148
vn 0.056980 -0.986089 -0.156148
vn 0.056980 -0.986089 -0.156148
vn 0.295105 -0.951184 0.090341
vn 0.295105 -0.951184 0.090341
vn 0.295105 -0.951184 0.090341
vn 0.295105 -0.951184 0.090341
vn 0.205491 -0.967857 0.145005
vn 0.205491 -0.967857 0.145005
vn 0.205491 -0.967857 0.145005
vn 0.205491 -0.967857 0.145005
vn 0.457138 -0.886340 -0.073668
vn 0.457137 -0.886340 -0.073668
vn 0.457137 -0.886340 -0.073668
vn 0.457137 -0.886340 -0.073668
vn 0.298524 -0.950108 -0.090440
vn 0.298524 -0.950108 -0.090440
vn 0.298524 -0.950108 -0.090440
vn 0.298524 -0.950108 -0.090440
vn 0.151255 -0.986740 0.058864
vn 0.151255 -0.986741 0.058864
vn 0.151255 -0.986741 0.058864
vn 0.151255 -0.986740 0.058864
vn 0.040367 -0.997351 0.060512
vn 0.040367 -0.997351 0.060512
vn 0.040367 -0.997351 0.060512
vn 0.040367 -0.997351 0.060512
vn 0.187851 -0.953071 0.237421
vn 0.187851 -0.953071 0.237421
vn 0.187851 -0.953070 0.237421
vn 0.187851 -0.953071 0.237421
vn -0.192078 -0.979785 -0.055930
vn -0.192078 -0.979785 -0.055930
vn -0.192078 -0.979785 -0.055930
vn -0.192078 -0.979785 -0.055930
vn 0.154713 -0.948879 -0.275123
vn 0.154713 -0.948879 -0.275123
vn 0.154713 -0.948879 -0.275123
vn 0.154713 -0.948879 -0.275123
vn 0.126455 -0.980826 -0.148287
vn 0.126455 -0.980826 -0.148287
vn 0.126455 -0.980826 -0.148287
vn 0.126455 -0.980826 -0.148287
vn 0.151647 -0.987868 0.033456
vn 0.151647 -0.987868 0.033456
vn 0.151647 -0.987868 0.033456
vn 0.151647 -0.987868 0.033456
vn 0.194553 -0.980160 0.037882
vn 0.194553 -0.980160 0.037882
vn 0.194553 -0.980160 0.037882
vn 0.194553 -0.980160 0.037882
vn 0.142901 -0.945230 -0.293461
vn 0.142901 -0.945230 -0.293461
vn 0.142901 -0.945230 -0.293461
vn 0.142901 -0.945230 -0.293461
vn 0.146538 -0.971880 -0.184327
vn 0.146538 -0.971880 -0.184327
vn 0.146538 -0.971880 -0.184327
vn 0.146538 -0.971880 -0.184327
vn 0.342807 -0.938952 0.029198
vn 0.342807 -0.938952 0.029198
vn 0.342807 -0.938952 0.029198
vn 0.342807 -0.938952 0.029198
vn 0.101255 -0.977714 -0.183912
vn 0.101255 -0.977714 -0.183912
vn 0.101255 -0.977714 -0.183912
vn 0.101255 -0.977714 -0.183912
vn 0.260798 -0.965262 -0.015953
vn 0.260798 -0.965262 -0.015953
vn 0.260798 -0.965262 -0.015953
vn 0.260798 -0.965262 -0.015953
vn 0.004852 -0.991059 -0.133337
vn 0.004852 -0.991059 -0.133337
vn 0.004852 -0.991059 -0.133337
vn 0.004852 -0.991059 -0.133337
vn 0.203089 -0.945576 -0.254247
vn 0.203089 -0.945576 -0.254247
vn 0.203089 -0.945576 -0.254247
vn 0.203089 -0.945576 -0.254247
vn 0.257843 -0.965971 0.020407
vn 0.257843 -0.965971 0.020407
vn 0.257843 -0.965971 0.020407
vn 0.257843 -0.965971 0.020407
vn -0.012791 -0.999811 -0.014665
vn -0.012791 -0.999811 -0.014665
vn -0.012791 -0.999811 -0.014665
vn -0.012791 -0.999811 -0.014665
vn -0.224451 -0.973668 -0.039899
vn -0.224451 -0.973668 -0.039899
vn -0.224451 -0.973668 -0.039899
vn -0.224451 -0.973668 -0.039899
vn 0.070229 -0.979268 0.190005
vn 0.070228 -0.979268 0.190005
vn 0.070228 -0.979268 0.190005
vn 0.070228 -0.979268 0.190005
vn -0.042689 -0.998929 0.017841
vn -0.042689 -0.998929 0.017841
vn -0.042689 -0.998929 0.017841
vn -0.042689 -0.998929 0.017841
vn 0.118459 -0.967943 -0.221480
vn 0.118459 -0.967943 -0.221480
vn 0.118459 -0.967943 -0.221480
vn 0.118459 -0.967943 -0.221480
vn 0.069299 -0.977470 -0.199374
vn 0.069299 -0.977470 -0.199374
vn 0.069299 -0.977470 -0.199374
vn 0.069299 -0.977470 -0.199374
vn 0.194663 -0.954653 -0.225265
vn 0.194663 -0.954653 -0.225265
vn 0.194663 -0.954653 -0.225265
vn 0.194663 -0.954653 -0.225265
vn -0.000212 -0.949702 -0.313156
vn -0.000212 -0.949702 -0.313156
vn -0.000212 -0.949702 -0.313156
vn -0.000212 -0.949702 -0.313156
vn -0.036046 -0.996134 0.080113
vn -0.036046 -0.996134 0.080113
vn -0.036046 -0.996134 0.080113
vn -0.036046 -0.996134 0.080113
vn 0.009055 -0.999319 -0.035776
vn 0.009055 -0.999319 -0.035776
vn 0.009055 -0.999319 -0.035776
vn 0.009055 -0.999319 -0.035776
vn 0.125521 -0.984050 -0.126057
vn 0.125521 -0.984050 -0.126057
vn 0.125521 -0.984050 -0.126057
vn 0.125521 -0.984050 -0.126057
vn -0.201542 -0.976606 -0.074979
vn -0.201541 -0.976606 -0.074979
vn -0.201542 -0.976606 -0.074979
vn -0.201542 -0.976606 -0.074979
vn 0.060044 -0.996160 -0.063726
vn 0.060044 -0.996160 -0.063726
vn 0.060044 -0.996160 -0.063726
vn 0.060044 -0.996160 -0.063726
vn -0.110114 -0.988976 -0.098998
vn -0.110114 -0.988976 -0.098998
vn -0.110114 -0.988976 -0.098998
vn -0.110114 -0.988976 -0.098998
vn 0.096052 -0.978936 -0.180161
vn 0.096052 -0.978936 -0.180161
vn 0.096052 -0.978936 -0.180161
vn 0.096052 -0.978936 -0.180161
vn 0.055906 -0.991588 -0.116737
vn 0.055906 -0.991588 -0.116737
vn 0.055906 -0.991588 -0.116737
vn 0.055906 -0.991588 -0.116737
vn -0.102375 -0.990733 -0.089264
vn -0.102375 -0.990733 -0.089264
vn -0.102375 -0.990733 -0.089264
vn -0.102375 -0.990733 -0.089264
vn -0.163974 -0.970640 -0.175987
vn -0.163974 -0.970639 -0.175987
vn -0.163974 -0.970640 -0.175987
vn -0.163974 -0.970640 -0.175987
vn 0.268532 -0.946177 -0.180665
vn 0.268532 -0.946177 -0.180665
vn 0.268532 -0.946177 -0.180665
vn 0.268532 -0.946177 -0.180665
vn -0.141519 -0.968244 -0.206099
vn -0.141519 -0.968244 -0.206099
vn -0.141519 -0.968244 -0.206099
vn -0.141519 -0.968244 -0.206099
vn 0.075078 -0.971605 -0.224381
vn 0.075078 -0.971605 -0.224381
vn 0.075078 -0.971605 -0.224381
vn 0.075078 -0.971605 -0.224381
vn -0.097721 -0.988569 -0.114811
vn -0.097721 -0.988569 -0.114811
vn -0.097721 -0.988569 -0.114811
vn -0.097721 -0.988569 -0.114811
vn -0.196939 -0.962403 -0.187069
vn -0.196939 -0.962403 -0.187069
vn -0.196939 -0.962403 -0.187069
vn -0.196939 -0.962403 -0.187069
vn -0.030100 -0.974052 -0.224313
vn -0.030100 -0.974052 -0.224313
vn -0.030100 -0.974052 -0.224313
vn -0.030100 -0.974052 -0.224313
vn 0.023819 -0.997404 -0.067953
vn 0.023819 -0.997404 -0.067953
vn 0.023819 -0.997404 -0.067953
vn 0.023819 -0.997404 -0.067953
vn -0.014514 -0.994490 -0.103819
vn -0.014514 -0.994490 -0.103819
vn -0.014514 -0.994490 -0.103819
vn -0.014514 -0.994490 -0.103819
vn -0.113618 -0.992234 -0.050626
vn -0.113618 -0.992234 -0.050626
vn -0.113618 -0.992234 -0.050626
vn -0.113618 -0.992234 -0.050626
vn -0.115509 -0.993287 0.006267
vn -0.115509 -0.993287 0.006267
vn -0.115509 -0.993287 0.006267
vn -0.115509 -0.993287 0.006267
vn -0.162324 -0.970388 -0.178880
vn -0.162324 -0.970388 -0.178880
vn -0.162324 -0.970388 -0.178880
vn -0.162324 -0.970388 -0.178880
vn -0.236019 -0.967367 -0.092170
vn -0.236019 -0.967367 -0.092170
vn -0.236019 -0.967367 -0.092169
vn -0.236019 -0.967368 -0.092170
vn -0.116780 -0.993145 0.004944
vn -0.116780 -0.993146 0.004944
vn -0.116780 -0.993146 0.004944
vn -0.116780 -0.993145 0.004944
vn -0.037369 -0.989592 -0.138966
vn -0.037369 -0.989592 -0.138966
vn -0.037369 -0.989592 -0.138966
vn -0.037369 -0.989592 -0.138966
vn -0.134699 -0.990735 -0.017332
vn -0.134699 -0.990735 -0.017332
vn -0.134699 -0.990735 -0.017332
vn -0.134699 -0.990735 -0.017332
vn -0.130628 -0.988733 -0.073097
vn -0.130628 -0.988733 -0.073097
vn -0.130628 -0.988733 -0.073097
vn -0.130628 -0.988733 -0.073097
vn -0.164395 -0.985558 -0.040613
vn -0.164395 -0.985558 -0.040613
vn -0.164395 -0.985558 -0.040613
vn -0.164395 -0.985558 -0.040613
vn -0.153162 -0.981173 -0.117648
vn -0.153162 -0.981173 -0.117648
vn -0.153162 -0.981173 -0.117648
vn -0.153162 -0.981173 -0.117648
vn -0.091642 -0.987586 0.127580
vn -0.091642 -0.987586 0.127580
vn -0.091642 -0.987585 0.127580
vn -0.091642 -0.987586 0.127580
vn -0.067910 -0.997686 0.003315
vn -0.067910 -0.997686 0.003315
vn -0.067910 -0.997686 0.003315
vn -0.067910 -0.997686 0.003315
vn -0.056401 -0.998390 0.005956
vn -0.056401 -0.998391 0.005956
vn -0.056401 -0.998390 0.005956
vn -0.056401 -0.998391 0.005956
vn -0.129012 -0.976055 0.175134
vn -0.129012 -0.976055 0.175134
vn -0.129012 -0.976055 0.175134
vn -0.129012 -0.976055 0.175134
vn -0.071098 -0.996003 -0.054067
vn -0.071098 -0.996003 -0.054067
vn -0.071098 -0.996003 -0.054067
vn -0.071098 -0.996003 -0.054067
vn -0.087765 -0.983578 0.157708
vn -0.087765 -0.983578 0.157708
vn -0.087765 -0.983578 0.157708
vn -0.087765 -0.983578 0.157708
vn -0.085356 -0.994456 0.061411
vn -0.085356 -0.994456 0.061411
vn -0.085356 -0.994456 0.061411
vn -0.085356 -0.994456 0.061411
vn -0.080477 -0.995628 0.047423
vn -0.080477 -0.995628 0.047423
vn -0.080477 -0.995628 0.047423
vn -0.080477 -0.995628 0.047423
vn 0.028314 -0.992362 -0.120066
vn 0.028314 -0.992362 -0.120066
vn 0.028314 -0.992362 -0.120066
vn 0.028314 -0.992362 -0.120066
vn -0.153137 -0.976973 0.148571
vn -0.153137 -0.976973 0.148571
vn -0.153137 -0.976973 0.148571
vn -0.153137 -0.976973 0.148571
vn -0.119209 -0.942386 -0.312568
vn -0.119209 -0.942386 -0.312568
vn -0.119209 -0.942386 -0.312568
vn -0.119209 -0.942386 -0.312568
vn -0.263785 -0.963892 -0.036453
vn -0.263785 -0.963892 -0.036453
vn -0.263785 -0.963892 -0.036453
vn -0.263785 -0.963892 -0.036453
vn -0.206599 -0.976508 -0.061237
vn -0.206599 -0.976508 -0.061237
vn -0.206599 -0.976508 -0.061237
vn -0.206599 -0.976508 -0.061237
vn -0.085101 -0.987642 -0.131609
vn -0.085101 -0.987642 -0.131609
vn -0.085101 -0.987642 -0.131609
vn -0.085101 -0.987642 -0.131609
vn -0.137612 -0.979614 0.146351
vn -0.137612 -0.979614 0.146351
vn -0.137612 -0.979614 0.146351
vn -0.137612 -0.979614 0.146351
vn -0.136953 -0.989514 0.045887
vn -0.136953 -0.989514 0.045887
vn -0.136953 -0.989514 0.045887
vn -0.136953 -0.989514 0.045887
vn -0.087293 -0.995560 -0.035209
vn -0.087293 -0.995560 -0.035209
vn -0.087293 -0.995560 -0.035209
vn -0.087293 -0.995560 -0.035209
vn -0.075261 -0.996276 -0.042077
vn -0.075261 -0.996276 -0.042077
vn -0.075261 -0.996276 -0.042077
vn -0.075261 -0.996276 -0.042077
vn -0.079410 -0.996514 0.025590
vn -0.079410 -0.996514 0.025590
vn -0.079410 -0.996514 0.025590
vn -0.079410 -0.996514 0.025590
vn -0.014291 -0.999843 -0.010523
vn -0.014291 -0.999843 -0.010523
vn -0.014291 -0.999843 -0.010523
vn -0.014291 -0.999843 -0.010523
vn -0.074023 -0.989493 0.124197
vn -0.074023 -0.989493 0.124197
vn -0.074023 -0.989493 0.124197
vn -0.074023 -0.989493 0.124197
vn -0.102154 -0.979445 0.173929
vn -0.102154 -0.979445 0.173929
vn -0.102154 -0.979445 0.173929
vn -0.102154 -0.979445 0.173929
vn -0.259349 -0.947452 0.187279
vn -0.259349 -0.947452 0.187279
vn -0.259349 -0.947452 0.187279
vn -0.259349 -0.947452 0.187279
vn -0.026556 -0.973811 0.225805
vn -0.026556 -0.973811 0.225805
vn -0.026556 -0.973810 0.225805
vn -0.026556 -0.973811 0.225805
vn -0.005520 -0.999783 0.020114
vn -0.005520 -0.999782 0.020114
vn -0.005520 -0.999783 0.020114
vn -0.005520 -0.999783 0.020114
vn 0.064607 -0.995242 0.072940
vn 0.064607 -0.995241 0.072940
vn 0.064607 -0.995241 0.072940
vn 0.064607 -0.995242 0.072940
vn 0.033349 -0.992930 0.113918
vn 0.033349 -0.992930 0.113918
vn 0.033349 -0.992930 0.113918
vn 0.033349 -0.992930 0.113918
vn -0.002498 -0.998117 0.061284
vn -0.002498 -0.998117 0.061284
vn -0.002498 -0.998117 0.061284
vn -0.002498 -0.998117 0.061284
vn -0.330367 -0.927060 0.177251
vn -0.330367 -0.927060 0.177251
vn -0.330367 -0.927060 0.177251
vn -0.330367 -0.927060 0.177251
vn -0.060683 -0.952111 0.299671
vn -0.060683 -0.952111 0.299671
vn -0.060683 -0.952111 0.299671
vn -0.060683 -0.952111 0.299671
vn -0.249221 -0.953463 0.169701
vn -0.249221 -0.953463 0.169701
vn -0.249221 -0.953463 0.169701
vn -0.249221 -0.953463 0.169701
vn 0.056494 -0.985646 0.159091
vn 0.056494 -0.985646 0.159091
vn 0.056494 -0.985646 0.159091
vn 0.056494 -0.985646 0.159091
vn -0.230108 -0.969966 0.078846
vn -0.230108 -0.969966 0.078846
vn -0.230108 -0.969966 0.078846
vn -0.230108 -0.969966 0.078846
vn -0.194132 -0.980461 0.031757
vn -0.194132 -0.980461 0.031757
vn -0.194132 -0.980461 0.031757
vn -0.194132 -0.980461 0.031757
vn -0.062006 -0.964387 0.257125
vn -0.062006 -0.964387 0.257125
vn -0.062006 -0.964387 0.257125
vn -0.062006 -0.964387 0.257125
vn 0.137920 -0.974134 0.179002
vn 0.137920 -0.974134 0.179002
vn 0.137920 -0.974134 0.179002
vn 0.137920 -0.974134 0.179002
vn 0.070094 -0.984865 0.158520
vn 0.070094 -0.984865 0.158520
vn 0.070094 -0.984865 0.158520
vn 0.070094 -0.984865 0.158520
vn -0.052215 -0.984655 0.166516
vn -0.052215 -0.984655 0.166516
vn -0.052215 -0.984655 0.166516
vn -0.052215 -0.984655 0.166516
vn -0.026756 -0.986396 0.162192
vn -0.026756 -0.986396 0.162192
vn -0.026756 -0.986396 0.162192
vn -0.026756 -0.986396 0.162192
vn -0.044074 -0.961437 0.271471
vn -0.044074 -0.961437 0.271471
vn -0.044074 -0.961437 0.271471
vn -0.044074 -0.961437 0.271471
vn -0.065606 -0.966556 0.247923
vn -0.065606 -0.966556 0.247923
vn -0.065606 -0.966556 0.247923
vn -0.065606 -0.966556 0.247923
vn 0.027454 -0.953517 0.300085
vn 0.027454 -0.953517 0.300085
vn 0.027454 -0.953517 0.300085
vn 0.027454 -0.953517 0.300085
vn 0.040856 -0.987308 0.153474
vn 0.040856 -0.987308 0.153474
vn 0.040856 -0.987308 0.153474
vn 0.040856 -0.987308 0.153474
vn -0.019946 -0.983193 0.181477
vn -0.019946 -0.983193 0.181478
vn -0.019946 -0.983193 0.181477
vn -0.019946 -0.983193 0.181477
vn 0.047616 -0.994298 -0.095418
vn 0.047616 -0.994298 -0.095418
vn 0.047616 -0.994298 -0.095418
vn 0.047616 -0.994298 -0.095418
vn 0.046850 -0.997022 0.061261
vn 0.046850 -0.997022 0.061261
vn 0.046850 -0.997022 0.061261
vn 0.046850 -0.997022 0.061261
vn -0.047982 -0.996330 -0.070881
vn -0.047982 -0.996330 -0.070881
vn -0.047982 -0.996330 -0.070881
vn -0.047982 -0.996330 -0.070881
vn 0.133481 -0.950270 0.281370
vn 0.133481 -0.950270 0.281370
vn 0.133481 -0.950270 0.281370
vn 0.133481 -0.950270 0.281370
vn 0.219571 -0.943601 0.247801
vn 0.219571 -0.943601 0.247801
vn 0.219571 -0.943601 0.247801
vn 0.219571 -0.943601 0.247801
vn 0.111179 -0.925455 0.362177
vn 0.111179 -0.925455 0.362177
vn 0.111179 -0.925455 0.362177
vn 0.111179 -0.925455 0.362177
vn 0.111508 -0.993269 0.031353
vn 0.111508 -0.993269 0.031353
vn 0.111508 -0.993269 0.031353
vn 0.111508 -0.993269 0.031353
vn 0.184523 -0.982293 0.032420
vn 0.184523 -0.982293 0.032420
vn 0.184523 -0.982293 0.032420
vn 0.184523 -0.982293 0.032420
vn 0.041959 -0.998997 -0.015617
vn 0.041959 -0.998997 -0.015617
vn 0.041959 -0.998997 -0.015617
vn 0.041959 -0.998997 -0.015617
vn 0.129538 -0.989870 0.058117
vn 0.129538 -0.989870 0.058117
vn 0.129538 -0.989870 0.058117
vn 0.129538 -0.989870 0.058117
vn 0.192918 -0.964649 0.179539
vn 0.192918 -0.964649 0.179539
vn 0.192918 -0.964649 0.179539
vn 0.192918 -0.964649 0.179539
vn 0.112995 -0.986875 0.115369
vn 0.112995 -0.986875 0.115369
vn 0.112995 -0.986875 0.115369
vn 0.112995 -0.986875 0.115369
vn -0.087455 -0.988065 -0.126800
vn -0.087455 -0.988065 -0.126800
vn -0.087455 -0.988066 -0.126800
vn -0.087455 -0.988065 -0.126800
vn 0.176195 -0.949727 0.258792
vn 0.176195 -0.949727 0.258792
vn 0.176195 -0.949727 0.258792
vn 0.176195 -0.949727 0.258792
vn 0.008937 -0.999814 -0.017118
vn 0.008937 -0.999813 -0.017118
vn 0.008937 -0.999814 -0.017118
vn 0.008937 -0.999814 -0.017118
vn 0.127186 -0.961870 0.242136
vn 0.127186 -0.961870 0.242136
vn 0.127186 -0.961870 0.242136
vn 0.127186 -0.961870 0.242136
vn 0.244258 -0.969677 -0.007997
vn 0.244258 -0.969677 -0.007997
vn 0.244258 -0.969677 -0.007997
vn 0.244258 -0.969677 -0.007997
vn 0.172613 -0.980938 0.089246
vn 0.172613 -0.980938 0.089246
vn 0.172613 -0.980938 0.089246
vn 0.172613 -0.980938 0.089246
vn 0.164036 -0.980055 -0.112182
vn 0.164036 -0.980055 -0.112182
vn 0.164036 -0.980055 -0.112182
vn 0.164036 -0.980055 -0.112182
vn 0.014543 -0.998542 -0.051993
vn 0.014543 -0.998542 -0.051993
vn 0.014543 -0.998542 -0.051993
vn 0.014543 -0.998542 -0.051993
vn 0.013218 -0.988200 -0.152601
vn 0.013218 -0.988199 -0.152601
vn 0.013218 -0.988200 -0.152601
vn 0.013218 -0.988199 -0.152601
vn 0.110863 -0.972153 -0.206464
vn 0.110863 -0.972153 -0.206464
vn 0.110863 -0.972153 -0.206464
vn 0.110863 -0.972153 -0.206464
vn 0.165678 -0.985973 0.020213
vn 0.165678 -0.985973 0.020213
vn 0.165678 -0.985973 0.020213
vn 0.165678 -0.985973 0.020213
vn 0.088591 -0.995753 0.025061
vn 0.088591 -0.995753 0.025061
vn 0.088591 -0.995753 0.025061
vn 0.088591 -0.995753 0.025061
vn -0.030082 -0.999445 -0.014340
vn -0.030082 -0.999445 -0.014340
vn -0.030082 -0.999445 -0.014340
vn -0.030082 -0.999445 -0.014340
vn 0.038334 -0.994852 0.093804
vn 0.038334 -0.994852 0.093804
vn 0.038334 -0.994852 0.093804
vn 0.038334 -0.994852 0.093804
vn 0.196932 -0.978613 -0.059449
vn 0.196932 -0.978613 -0.059449
vn 0.196932 -0.978613 -0.059449
vn 0.196932 -0.978613 -0.059449
vn 0.173220 -0.979000 0.107492
vn 0.173220 -0.979000 0.107492
vn 0.173220 -0.979000 0.107492
vn 0.173220 -0.979000 0.107492
vn 0.212841 -0.974130 0.075962
vn 0.212841 -0.974129 0.075962
vn 0.212841 -0.974129 0.075962
vn 0.212841 -0.974129 0.075962
vn 0.215306 -0.962678 -0.163995
vn 0.215306 -0.962678 -0.163995
vn 0.215306 -0.962678 -0.163995
vn 0.215306 -0.962678 -0.163995
vn 0.135545 -0.989164 0.056405
vn 0.135545 -0.989164 0.056405
vn 0.135545 -0.989164 0.056405
vn 0.135545 -0.989164 0.056405
vn 0.147644 -0.987520 -0.054817
vn 0.147644 -0.987520 -0.054817
vn 0.147644 -0.987520 -0.054817
vn 0.147644 -0.987520 -0.054817
vn 0.354458 -0.933131 -0.060220
vn 0.354458 -0.933131 -0.060220
vn 0.354458 -0.933131 -0.060220
vn 0.354458 -0.933131 -0.060220
vn 0.340368 -0.937812 -0.068248
vn 0.340368 -0.937812 -0.068248
vn 0.340368 -0.937812 -0.068248
vn 0.340368 -0.937812 -0.068248
vn -0.092340 -0.985717 -0.140841
vn -0.092340 -0.985717 -0.140841
vn -0.092340 -0.985717 -0.140841
vn -0.092340 -0.985716 -0.140841
vn 0.213785 -0.973255 -0.084091
vn 0.213785 -0.973255 -0.084091
vn 0.213785 -0.973255 -0.084091
vn 0.213785 -0.973255 -0.084091
vn 0.159289 -0.987232 0.000718
vn 0.159289 -0.987232 0.000718
vn 0.159289 -0.987232 0.000718
vn 0.159289 -0.987232 0.000718
vn 0.294736 -0.955525 0.010178
vn 0.294736 -0.955525 0.010178
vn 0.294736 -0.955525 0.010178
vn 0.294736 -0.955525 0.010178
vn 0.216036 -0.976101 0.023575
vn 0.216036 -0.976101 0.023575
vn 0.216036 -0.976101 0.023575
vn 0.216036 -0.976101 0.023575
vn 0.231537 -0.969926 -0.075068
vn 0.231537 -0.969926 -0.075068
vn 0.231537 -0.969926 -0.075068
vn 0.231537 -0.969926 -0.075068
vn -0.068683 -0.997623 0.005571
vn -0.068683 -0.997623 0.005571
vn -0.068683 -0.997623 0.005571
vn -0.068683 -0.997623 0.005571
vn 0.189863 -0.971977 0.138613
vn 0.189863 -0.971977 0.138613
vn 0.189863 -0.971977 0.138613
vn 0.189863 -0.971977 0.138613
vn 0.220409 -0.974069 -0.051083
vn 0.220409 -0.974069 -0.051083
vn 0.220409 -0.974069 -0.051083
vn 0.220409 -0.974069 -0.051083
vn 0.022074 -0.973786 -0.226392
vn 0.022074 -0.973786 -0.226392
vn 0.022074 -0.973786 -0.226392
vn 0.022074 -0.973786 -0.226392
vn 0.276907 -0.960882 -0.005408
vn 0.276907 -0.960882 -0.005408
vn 0.276907 -0.960882 -0.005408
vn 0.276907 -0.960882 -0.005408
vn 0.059634 -0.959470 -0.275429
vn 0.059634 -0.959470 -0.275429
vn 0.059634 -0.959470 -0.275429
vn 0.059634 -0.959470 -0.275429
vn 0.031629 -0.966210 -0.255807
vn 0.031629 -0.966210 -0.255807
vn 0.031629 -0.966210 -0.255807
vn 0.031629 -0.966210 -0.255807
vn 0.324329 -0.942653 -0.078838
vn 0.324329 -0.942653 -0.078838
vn 0.324329 -0.942653 -0.078838
vn 0.324329 -0.942653 -0.078838
vn 0.012342 -0.995484 -0.094125
vn 0.012342 -0.995484 -0.094125
vn 0.012342 -0.995484 -0.094125
vn 0.012342 -0.995484 -0.094125
vn 0.018583 -0.998916 -0.042688
vn 0.018583 -0.998916 -0.042688
vn 0.018583 -0.998916 -0.042688
vn 0.018583 -0.998916 -0.042688
vn 0.117588 -0.990858 -0.066130
vn 0.117588 -0.990858 -0.066130
vn 0.117588 -0.990858 -0.066130
vn 0.117588 -0.990858 -0.066130
vn -0.016280 -0.989141 -0.146067
vn -0.016280 -0.989141 -0.146067
vn -0.016280 -0.989141 -0.146067
vn -0.016280 -0.989141 -0.146067
vn 0.100955 -0.994025 -0.041512
vn 0.100955 -0.994025 -0.041512
vn 0.100955 -0.994025 -0.041512
vn 0.100955 -0.994025 -0.041512
vn -0.051280 -0.996121 -0.071501
vn -0.051280 -0.996122 -0.071501
vn -0.051280 -0.996121 -0.071501
vn -0.051280 -0.996122 -0.071501
vn 0.097694 -0.988498 -0.115445
vn 0.097694 -0.988498 -0.115445
vn 0.097694 -0.988498 -0.115445
vn 0.097694 -0.988498 -0.115445
vn 0.039587 -0.993823 -0.103679
vn 0.039587 -0.993823 -0.103679
vn 0.039587 -0.993823 -0.103679
vn 0.039587 -0.993823 -0.103679
vn 0.116104 -0.992127 -0.046946
vn 0.116104 -0.992127 -0.046946
vn 0.116104 -0.992127 -0.046946
vn 0.116104 -0.992127 -0.046946
vn 0.015760 -0.986329 -0.164036
vn 0.015760 -0.986329 -0.164036
vn 0.015760 -0.986329 -0.164036
vn 0.015760 -0.986329 -0.164036
vn -0.032749 -0.991339 -0.127183
vn -0.032749 -0.991338 -0.127183
vn -0.032749 -0.991339 -0.127183
vn -0.032749 -0.991339 -0.127183
vn 0.193452 -0.976674 -0.093189
vn 0.193452 -0.976674 -0.093189
vn 0.193452 -0.976674 -0.093189
vn 0.193452 -0.976674 -0.093189
vn -0.024481 -0.976487 -0.214183
vn -0.024481 -0.976487 -0.214183
vn -0.024481 -0.976487 -0.214183
vn -0.024481 -0.976487 -0.214183
vn 0.281443 -0.934381 -0.218454
vn 0.281443 -0.934381 -0.218454
vn 0.281443 -0.934381 -0.218454
vn 0.281443 -0.934381 -0.218454
vn 0.059975 -0.973823 -0.219254
vn 0.059975 -0.973823 -0.219254
vn 0.059975 -0.973823 -0.219254
vn 0.059975 -0.973823 -0.219254
vn 0.020628 -0.967302 -0.252788
vn 0.020628 -0.967302 -0.252788
vn 0.020628 -0.967302 -0.252788
vn 0.020628 -0.967302 -0.252788
vn -0.073212 -0.990119 -0.119602
vn -0.073212 -0.990119 -0.119602
vn -0.073212 -0.990119 -0.119602
vn -0.073212 -0.990119 -0.119602
vn -0.032796 -0.981216 -0.190105
vn -0.032796 -0.981216 -0.190105
vn -0.032796 -0.981216 -0.190105
vn -0.032796 -0.981216 -0.190105
vn -0.149402 -0.978576 -0.141658
vn -0.149402 -0.978577 -0.141658
vn -0.149402 -0.978576 -0.141658
vn -0.149402 -0.978576 -0.141658
vn -0.017238 -0.993610 -0.111548
vn -0.017238 -0.993610 -0.111548
vn -0.017238 -0.993610 -0.111548
vn -0.017238 -0.993610 -0.111548
vn -0.146607 -0.986840 -0.068212
vn -0.146607 -0.986840 -0.068212
vn -0.146607 -0.986840 -0.068212
vn -0.146607 -0.986840 -0.068212
vn -0.047202 -0.987247 -0.152035
vn -0.047202 -0.987247 -0.152035
vn -0.047202 -0.987247 -0.152035
vn -0.047202 -0.987247 -0.152035
vn 0.059170 -0.986571 -0.152238
vn 0.059170 -0.986571 -0.152238
vn 0.059170 -0.986571 -0.152238
vn 0.059170 -0.986571 -0.152238
vn -0.134892 -0.977927 -0.159574
vn -0.134892 -0.977927 -0.159574
vn -0.134892 -0.977927 -0.159574
vn -0.134892 -0.977927 -0.159574
vn -0.148515 -0.966208 -0.210680
vn -0.148515 -0.966208 -0.210680
vn -0.148515 -0.966208 -0.210680
vn -0.148515 -0.966208 -0.210680
vn -0.050543 -0.956529 -0.287223
vn -0.050543 -0.956529 -0.287223
vn -0.050543 -0.956529 -0.287223
vn -0.050543 -0.956529 -0.287223
vn -0.200915 -0.978992 -0.034762
vn -0.200915 -0.978992 -0.034762
vn -0.200915 -0.978992 -0.034762
vn -0.200915 -0.978992 -0.034762
vn -0.110841 -0.985989 -0.124660
vn -0.110841 -0.985989 -0.124660
vn -0.110841 -0.985989 -0.124660
vn -0.110841 -0.985989 -0.124660
vn -0.156766 -0.987540 -0.013749
vn -0.156766 -0.987540 -0.013749
vn -0.156766 -0.987540 -0.013749
vn -0.156766 -0.987540 -0.013749
vn -0.108021 -0.991875 -0.067201
vn -0.108021 -0.991875 -0.067201
vn -0.108021 -0.991875 -0.067201
vn -0.108021 -0.991875 -0.067201
vn -0.247928 -0.962197 -0.112736
vn -0.247928 -0.962197 -0.112736
vn -0.247928 -0.962197 -0.112736
vn -0.247928 -0.962197 -0.112736
vn -0.120047 -0.983202 -0.137484
vn -0.120047 -0.983202 -0.137484
vn -0.120047 -0.983202 -0.137484
vn -0.120047 -0.983202 -0.137484
vn -0.214358 -0.972221 -0.094006
vn -0.214358 -0.972221 -0.094006
vn -0.214358 -0.972221 -0.094006
vn -0.214358 -0.972221 -0.094006
vn -0.176621 -0.982851 -0.053007
vn -0.176621 -0.982851 -0.053007
vn -0.176621 -0.982851 -0.053007
vn -0.176621 -0.982851 -0.053007
vn -0.113420 -0.990084 -0.082881
vn -0.113420 -0.990084 -0.082881
vn -0.113420 -0.990084 -0.082881
vn -0.113420 -0.990084 -0.082881
vn -0.140484 -0.978630 -0.150158
vn -0.140484 -0.978630 -0.150158
vn -0.140484 -0.978630 -0.150158
vn -0.140484 -0.978630 -0.150158
vn -0.325674 -0.944684 -0.038831
vn -0.325674 -0.944684 -0.038831
vn -0.325674 -0.944684 -0.038831
vn -0.325674 -0.944684 -0.038831
vn -0.277893 -0.960610 -0.001825
vn -0.277893 -0.960610 -0.001825
vn -0.277893 -0.960610 -0.001825
vn -0.277893 -0.960610 -0.001825
vn -0.120802 -0.984803 -0.124777
vn -0.120802 -0.984803 -0.124777
vn -0.120802 -0.984803 -0.124777
vn -0.120802 -0.984803 -0.124777
vn -0.217842 -0.971784 0.090449
vn -0.217842 -0.971784 0.090449
vn -0.217842 -0.971784 0.090449
vn -0.217842 -0.971784 0.090449
vn 0.043553 -0.993892 -0.101398
vn 0.043553 -0.993892 -0.101398
vn 0.043553 -0.993892 -0.101398
vn 0.043553 -0.993892 -0.101398
vn 0.032925 -0.999424 0.008181
vn 0.032925 -0.999424 0.008181
vn 0.032925 -0.999424 0.008181
vn 0.032925 -0.999424 0.008181
vn -0.118448 -0.992959 0.001693
vn -0.118448 -0.992959 0.001693
vn -0.118448 -0.992959 0.001693
vn -0.118448 -0.992959 0.001693
vn -0.074032 -0.994152 -0.078617
vn -0.074032 -0.994152 -0.078617
vn -0.074032 -0.994152 -0.078617
vn -0.074032 -0.994152 -0.078617
vn -0.071881 -0.991139 -0.111702
vn -0.071881 -0.991139 -0.111702
vn -0.071881 -0.991139 -0.111702
vn -0.071881 -0.991139 -0.111702
vn -0.034671 -0.998351 -0.045760
vn -0.034671 -0.998351 -0.045760
vn -0.034671 -0.998351 -0.045760
vn -0.034671 -0.998351 -0.045760
vn -0.007384 -0.998923 -0.045809
vn -0.007384 -0.998923 -0.045809
vn -0.007384 -0.998923 -0.045809
vn -0.007384 -0.998923 -0.045809
vn -0.367251 -0.911079 0.187250
vn -0.367251 -0.911079 0.187250
vn -0.367251 -0.911079 0.187250
vn -0.367251 -0.911079 0.187250
vn -0.401036 -0.915920 -0.016155
vn -0.401036 -0.915920 -0.016155
vn -0.401036 -0.915920 -0.016155
vn -0.401036 -0.915920 -0.016155
vn -0.186699 -0.981957 0.030064
vn -0.186699 -0.981957 0.030064
vn -0.186699 -0.981957 0.030064
vn -0.186699 -0.981957 0.030064
vn -0.188537 -0.981896 0.018261
vn -0.188537 -0.981896 0.018261
vn -0.188537 -0.981896 0.018261
vn -0.188537 -0.981896 0.018261
vn -0.202885 -0.975843 0.081044
vn -0.202885 -0.975843 0.081044
vn -0.202885 -0.975843 0.081044
vn -0.202885 -0.975843 0.081044
vn -0.213272 -0.971281 0.105494
vn -0.213272 -0.971281 0.105494
vn -0.213272 -0.971281 0.105494
vn -0.213272 -0.971281 0.105494
vn -0.175228 -0.979018 0.104017
vn -0.175228 -0.979018 0.104017
vn -0.175228 -0.979018 0.104017
vn -0.175228 -0.979018 0.104017
vn -0.321413 -0.939910 0.115162
vn -0.321413 -0.939910 0.115162
vn -0.321413 -0.939910 0.115162
vn -0.321413 -0.939910 0.115162
vn -0.292130 -0.954488 0.060111
vn -0.292130 -0.954488 0.060111
vn -0.292130 -0.954488 0.060111
vn -0.292130 -0.954488 0.060111
vn -0.148035 -0.960668 0.234952
vn -0.148035 -0.960668 0.234952
vn -0.148035 -0.960668 0.234952
vn -0.148035 -0.960668 0.234952
vn -0.160360 -0.976298 0.145349
vn -0.160360 -0.976298 0.145349
vn -0.160360 -0.976298 0.145349
vn -0.160360 -0.976298 0.145349
vn -0.062306 -0.980728 0.185177
vn -0.062306 -0.980728 0.185177
vn -0.062306 -0.980728 0.185177
vn -0.062306 -0.980728 0.185177
vn -0.100925 -0.989621 0.102300
vn -0.100925 -0.989621 0.102300
vn -0.100925 -0.989621 0.102300
vn -0.100925 -0.989621 0.102300
vn -0.202766 -0.921263 0.331904
vn -0.202766 -0.921263 0.331904
vn -0.202766 -0.921263 0.331904
vn -0.202766 -0.921263 0.331904
vn -0.244216 -0.926601 0.285952
vn -0.244216 -0.926601 0.285952
vn -0.244216 -0.926601 0.285952
vn -0.244216 -0.926601 0.285952
vn -0.101861 -0.959137 0.263970
vn -0.101861 -0.959137 0.263970
vn -0.101861 -0.959137 0.263970
vn -0.101861 -0.959137 0.263970
vn -0.278063 -0.942531 0.185249
vn -0.278063 -0.942531 0.185249
vn -0.278063 -0.942531 0.185249
vn -0.278063 -0.942531 0.185249
vn -0.190080 -0.953366 0.234440
vn -0.190080 -0.953366 0.234440
vn -0.190080 -0.953366 0.234440
vn -0.190080 -0.953366 0.234440
vn -0.059488 -0.922769 0.380734
vn -0.059488 -0.922769 0.380734
vn -0.059488 -0.922769 0.380734
vn -0.059488 -0.922769 0.380734
vn -0.297572 -0.907156 0.297522
vn -0.297572 -0.907156 0.297522
vn -0.297572 -0.907156 0.297522
vn -0.297572 -0.907156 0.297522
vn -0.088694 -0.936860 0.338271
vn -0.088694 -0.936860 0.338271
vn -0.088694 -0.936860 0.338271
vn -0.088694 -0.936860 0.338271
vn -0.193694 -0.949259 0.247770
vn -0.193694 -0.949259 0.247770
vn -0.193694 -0.949259 0.247770
vn -0.193694 -0.949259 0.247770
vn -0.174630 -0.948583 0.263998
vn -0.174630 -0.948583 0.263998
vn -0.174630 -0.948583 0.263998
vn -0.174630 -0.948583 0.263998
vn -0.106918 -0.958120 0.265658
vn -0.106918 -0.958120 0.265658
vn -0.106918 -0.958120 0.265658
vn -0.106918 -0.958120 0.265658
vn 0.006265 -0.975784 0.218649
vn 0.006265 -0.975784 0.218649
vn 0.006265 -0.975784 0.218649
vn 0.006265 -0.975784 0.218649
vn 0.014562 -0.974786 0.222664
vn 0.014562 -0.974786 0.222664
vn 0.014562 -0.974786 0.222664
vn 0.014562 -0.974786 0.222664
vn -0.184028 -0.948649 0.257292
vn -0.184028 -0.948649 0.257292
vn -0.184028 -0.948649 0.257292
vn -0.184028 -0.948649 0.257292
vn 0.119219 -0.959980 0.253425
vn 0.119219 -0.959980 0.253426
vn 0.119219 -0.959980 0.253426
vn 0.119219 -0.959980 0.253426
vn -0.061785 -0.964960 0.255020
vn -0.061785 -0.964960 0.255020
vn -0.061785 -0.964960 0.255020
vn -0.061785 -0.964960 0.255020
vn -0.007467 -0.996828 0.079237
vn -0.007467 -0.996828 0.079237
vn -0.007467 -0.996828 0.079237
vn -0.007467 -0.996828 0.079237
vn -0.019877 -0.956502 0.291048
vn -0.019877 -0.956502 0.291048
vn -0.019877 -0.956502 0.291048
vn -0.019877 -0.956502 0.291048
vn 0.088700 -0.981335 0.170629
vn 0.088700 -0.981335 0.170629
vn 0.088700 -0.981335 0.170629
vn 0.088700 -0.981335 0.170629
vn -0.000585 -0.972816 0.231578
vn -0.000585 -0.972816 0.231578
vn -0.000585 -0.972816 0.231578
vn -0.000585 -0.972816 0.231578
vn -0.023247 -0.997606 0.065123
vn -0.023247 -0.997606 0.065123
vn -0.023247 -0.997606 0.065123
vn -0.023247 -0.997606 0.065123
vn -0.087108 -0.968851 0.231817
vn -0.087108 -0.968851 0.231817
vn -0.087108 -0.968851 0.231817
vn -0.087108 -0.968851 0.231817
vn 0.182209 -0.977067 0.110186
vn 0.182209 -0.977067 0.110186
vn 0.182209 -0.977067 0.110186
vn 0.182209 -0.977066 0.110186
vn -0.024236 -0.945655 0.324268
vn -0.024236 -0.945655 0.324268
vn -0.024236 -0.945655 0.324268
vn -0.024236 -0.945655 0.324268
vn 0.203564 -0.973383 0.105300
vn 0.203563 -0.973383 0.105300
vn 0.203563 -0.973383 0.105300
vn 0.203563 -0.973383 0.105300
vn 0.093796 -0.981987 0.164024
vn 0.093796 -0.981987 0.164024
vn 0.093796 -0.981987 0.164024
vn 0.093796 -0.981987 0.164024
vn 0.168641 -0.983266 0.068904
vn 0.168641 -0.983266 0.068904
vn 0.168641 -0.983266 0.068904
vn 0.168641 -0.983266 0.068904
vn 0.184882 -0.954688 0.233216
vn 0.184882 -0.954688 0.233216
vn 0.184882 -0.954688 0.233216
vn 0.184882 -0.954688 0.233216
vn 0.282442 -0.948363 0.144337
vn 0.282442 -0.948363 0.144337
vn 0.282442 -0.948363 0.144337
vn 0.282442 -0.948363 0.144337
vn 0.205777 -0.965195 0.161414
vn 0.205777 -0.965195 0.161414
vn 0.205777 -0.965195 0.161414
vn 0.205777 -0.965195 0.161414
vn 0.258978 -0.956442 0.134718
vn 0.258978 -0.956442 0.134718
vn 0.258978 -0.956442 0.134718
vn 0.258978 -0.956442 0.134718
vn 0.229307 -0.959228 0.165230
vn 0.229307 -0.959228 0.165230
vn 0.229307 -0.959228 0.165230
vn 0.229307 -0.959228 0.165230
vn 0.182175 -0.972130 0.147563
vn 0.182175 -0.972130 0.147563
vn 0.182175 -0.972130 0.147563
vn 0.182175 -0.972130 0.147563
vn 0.123148 -0.975071 0.184584
vn 0.123148 -0.975071 0.184584
vn 0.123148 -0.975071 0.184584
vn 0.123148 -0.975071 0.184584
vn 0.170420 -0.985250 -0.015472
vn 0.170420 -0.985250 -0.015472
vn 0.170420 -0.985250 -0.015472
vn 0.170420 -0.985250 -0.015472
vn 0.250570 -0.966119 0.061886
vn 0.250570 -0.966119 0.061886
vn 0.250570 -0.966119 0.061886
vn 0.250570 -0.966119 0.061886
vn 0.225283 -0.967436 0.115389
vn 0.225283 -0.967436 0.115389
vn 0.225283 -0.967436 0.115389
vn 0.225283 -0.967436 0.115389
vn 0.235344 -0.960756 0.146834
vn 0.235344 -0.960757 0.146834
vn 0.235344 -0.960757 0.146834
vn 0.235344 -0.960756 0.146834
vn 0.265358 -0.963083 0.045340
vn 0.265358 -0.963083 0.045340
vn 0.265358 -0.963083 0.045340
vn 0.265358 -0.963083 0.045340
vn 0.251147 -0.958745 0.133166
vn 0.251147 -0.958745 0.133166
vn 0.251147 -0.958745 0.133166
vn 0.251147 -0.958745 0.133166
vn 0.200998 -0.956897 -0.209638
vn 0.200998 -0.956897 -0.209638
vn 0.200998 -0.956897 -0.209638
vn 0.200998 -0.956897 -0.209638
vn 0.072297 -0.996743 -0.035730
vn 0.072297 -0.996743 -0.035730
vn 0.072297 -0.996743 -0.035730
vn 0.072297 -0.996743 -0.035730
vn 0.263783 -0.958948 0.104100
vn 0.263783 -0.958948 0.104100
vn 0.263783 -0.958948 0.104100
vn 0.263783 -0.958948 0.104100
vn 0.163546 -0.977044 0.136520
vn 0.163546 -0.977044 0.136520
vn 0.163546 -0.977044 0.136520
vn 0.163546 -0.977044 0.136520
vn 0.071374 -0.987938 0.137421
vn 0.071374 -0.987938 0.137421
vn 0.071374 -0.987938 0.137421
vn 0.071374 -0.987938 0.137421
vn -0.023149 -0.993905 -0.107782
vn -0.023149 -0.993905 -0.107782
vn -0.023149 -0.993905 -0.107782
vn -0.023149 -0.993905 -0.107782
vn 0.301554 -0.952689 0.038068
vn 0.301554 -0.952689 0.038068
vn 0.301554 -0.952689 0.038068
vn 0.301554 -0.952689 0.038068
vn 0.011606 -0.921210 -0.388892
vn 0.011606 -0.921210 -0.388892
vn 0.011606 -0.921210 -0.388892
vn 0.011606 -0.921210 -0.388892
vn 0.254140 -0.967161 -0.003593
vn 0.254140 -0.967161 -0.003593
vn 0.254140 -0.967161 -0.003593
vn 0.254140 -0.967161 -0.003593
vn 0.166189 -0.840196 -0.516190
vn 0.166189 -0.840196 -0.516190
vn 0.166189 -0.840196 -0.516190
vn 0.166188 -0.840196 -0.516190
vn 0.151012 -0.987964 0.033514
vn 0.151012 -0.987964 0.033514
vn 0.151012 -0.987964 0.033514
vn 0.151012 -0.987964 0.033514
vn 0.281820 -0.949850 -0.135506
vn 0.281820 -0.949850 -0.135506
vn 0.281820 -0.949850 -0.135506
vn 0.281820 -0.949850 -0.135506
vn 0.159617 -0.986100 -0.046134
vn 0.159617 -0.986100 -0.046134
vn 0.159617 -0.986100 -0.046134
vn 0.159617 -0.986100 -0.046134
vn 0.183915 -0.981411 -0.054849
vn 0.183915 -0.981411 -0.054849
vn 0.183915 -0.981411 -0.054849
vn 0.183915 -0.981411 -0.054849
vn 0.360232 -0.923151 -0.134260
vn 0.360232 -0.923151 -0.134260
vn 0.360232 -0.923151 -0.134260
vn 0.360232 -0.923151 -0.134260
vn 0.245559 -0.966855 -0.069948
vn 0.245559 -0.966855 -0.069948
vn 0.245559 -0.966855 -0.069948
vn 0.245559 -0.966855 -0.069948
vn 0.191815 -0.948814 -0.250915
vn 0.191815 -0.948814 -0.250915
vn 0.191815 -0.948814 -0.250915
vn 0.191815 -0.948814 -0.250915
vn 0.217018 -0.970924 -0.101042
vn 0.217018 -0.970924 -0.101042
vn 0.217018 -0.970924 -0.101042
vn 0.217018 -0.970924 -0.101043
vn 0.294382 -0.951558 -0.088750
vn 0.294382 -0.951558 -0.088750
vn 0.294382 -0.951558 -0.088750
vn 0.294382 -0.951558 -0.088750
vn 0.110812 -0.966475 -0.231617
vn 0.110812 -0.966475 -0.231617
vn 0.110812 -0.966475 -0.231617
vn 0.110812 -0.966475 -0.231617
vn 0.196062 -0.969990 -0.143801
vn 0.196062 -0.969990 -0.143801
vn 0.196062 -0.969990 -0.143801
vn 0.196062 -0.969990 -0.143801
vn 0.083727 -0.981524 -0.172049
vn 0.083727 -0.981524 -0.172049
vn 0.083727 -0.981524 -0.172049
vn 0.083727 -0.981524 -0.172049
vn 0.074408 -0.957759 -0.277778
vn 0.074408 -0.957759 -0.277778
vn 0.074408 -0.957759 -0.277778
vn 0.074408 -0.957759 -0.277778
vn -0.004561 -0.961690 -0.274102
vn -0.004561 -0.961690 -0.274102
vn -0.004561 -0.961690 -0.274102
vn -0.004561 -0.961690 -0.274102
vn 0.014115 -0.948424 -0.316691
vn 0.014115 -0.948424 -0.316691
vn 0.014115 -0.948424 -0.316691
vn 0.014115 -0.948424 -0.316691
vn 0.077482 -0.949503 -0.304040
vn 0.077482 -0.949503 -0.304040
vn 0.077482 -0.949503 -0.304040
vn 0.077482 -0.949503 -0.304040
vn 0.010601 -0.926861 -0.375254
vn 0.010601 -0.926861 -0.375254
vn 0.010601 -0.926862 -0.375254
vn 0.010601 -0.926862 -0.375254
vn 0.113376 -0.942127 -0.315502
vn 0.113376 -0.942127 -0.315502
vn 0.113376 -0.942127 -0.315502
vn 0.113376 -0.942127 -0.315502
vn -0.016840 -0.944159 -0.329059
vn -0.016840 -0.944159 -0.329059
vn -0.016840 -0.944159 -0.329059
vn -0.016840 -0.944159 -0.329059
vn -0.170644 -0.945103 -0.278678
vn -0.170644 -0.945103 -0.278678
vn -0.170644 -0.945103 -0.278678
vn -0.170644 -0.945103 -0.278678
vn -0.120944 -0.958566 -0.257921
vn -0.120944 -0.958566 -0.257921
vn -0.120944 -0.958566 -0.257921
vn -0.120944 -0.958566 -0.257921
vn -0.091567 -0.942532 -0.321324
vn -0.091567 -0.942532 -0.321324
vn -0.091567 -0.942532 -0.321324
vn -0.091567 -0.942532 -0.321324
vn -0.110817 -0.957963 -0.264624
vn -0.110817 -0.957963 -0.264624
vn -0.110817 -0.957963 -0.264624
vn -0.110817 -0.957963 -0.264624
vn -0.190466 -0.965163 -0.179399
vn -0.190466 -0.965163 -0.179399
vn -0.190466 -0.965163 -0.179399
vn -0.190466 -0.965163 -0.179399
vn -0.233242 -0.966748 -0.104865
vn -0.233242 -0.966748 -0.104865
vn -0.233242 -0.966748 -0.104865
vn -0.233242 -0.966748 -0.104865
vn -0.230898 -0.965544 -0.120048
vn -0.230898 -0.965544 -0.120048
vn -0.230898 -0.965544 -0.120048
vn -0.230898 -0.965544 -0.120048
vn -0.240042 -0.959498 -0.147456
vn -0.240042 -0.959498 -0.147456
vn -0.240042 -0.959498 -0.147456
vn -0.240042 -0.959498 -0.147456
vn -0.249077 -0.961278 -0.117923
vn -0.249077 -0.961278 -0.117923
vn -0.249077 -0.961278 -0.117923
vn -0.249077 -0.961278 -0.117923
vn -0.233848 -0.969535 -0.072915
vn -0.233848 -0.969535 -0.072915
vn -0.233848 -0.969535 -0.072915
vn -0.233848 -0.969535 -0.072915
vn -0.223062 -0.970727 -0.089060
vn -0.223062 -0.970727 -0.089060
vn -0.223062 -0.970727 -0.089060
vn -0.223062 -0.970727 -0.089060
vn -0.386215 -0.921457 -0.041883
vn -0.386215 -0.921457 -0.041883
vn -0.386215 -0.921457 -0.041883
vn -0.386215 -0.921457 -0.041883
vn -0.339263 -0.939397 0.049346
vn -0.339263 -0.939396 0.049346
vn -0.339263 -0.939396 0.049346
vn -0.339263 -0.939396 0.049346
vn -0.260039 -0.965512 0.012919
vn -0.260039 -0.965512 0.012919
vn -0.260039 -0.965512 0.012919
vn -0.260039 -0.965512 0.012919
vn -0.266734 -0.962379 -0.051765
vn -0.266734 -0.962379 -0.051765
vn -0.266734 -0.962379 -0.051765
vn -0.266734 -0.962379 -0.051765
vn -0.224486 -0.971112 0.080913
vn -0.224486 -0.971113 0.080913
vn -0.224486 -0.971113 0.080913
vn -0.224486 -0.971113 0.080913
vn -0.226790 -0.964830 0.132929
vn -0.226790 -0.964830 0.132929
vn -0.226790 -0.964830 0.132929
vn -0.226790 -0.964830 0.132929
vn -0.345527 -0.927832 0.140496
vn -0.345527 -0.927832 0.140496
vn -0.345527 -0.927832 0.140496
vn -0.345527 -0.927832 0.140496
vn -0.390504 -0.904092 0.173564
vn -0.390504 -0.904092 0.173564
vn -0.390504 -0.904092 0.173564
vn -0.390504 -0.904092 0.173564
vn -0.196815 -0.928022 0.316290
vn -0.196815 -0.928022 0.316290
vn -0.196815 -0.928022 0.316290
vn -0.196815 -0.928022 0.316290
vn -0.280509 -0.954177 0.104219
vn -0.280509 -0.954177 0.104219
vn -0.280509 -0.954177 0.104219
vn -0.280509 -0.954177 0.104219
vn -0.141150 -0.963576 0.227153
vn -0.141150 -0.963576 0.227153
vn -0.141150 -0.963576 0.227153
vn -0.141150 -0.963576 0.227153
vn -0.081446 -0.961322 0.263109
vn -0.081446 -0.961322 0.263109
vn -0.081446 -0.961322 0.263109
vn -0.081446 -0.961322 0.263109
vn -0.172660 -0.968768 0.177978
vn -0.172660 -0.968768 0.177978
vn -0.172660 -0.968768 0.177978
vn -0.172660 -0.968768 0.177978
vn -0.015912 -0.956535 0.291182
vn -0.015912 -0.956536 0.291182
vn -0.015912 -0.956535 0.291182
vn -0.015912 -0.956536 0.291182
vn -0.112192 -0.971907 0.206903
vn -0.112192 -0.971907 0.206903
vn -0.112192 -0.971907 0.206903
vn -0.112192 -0.971907 0.206903
vn -0.233209 -0.953013 0.193337
vn -0.233209 -0.953013 0.193337
vn -0.233209 -0.953013 0.193337
vn -0.233209 -0.953013 0.193337
vn 0.099625 -0.950676 0.293753
vn 0.099625 -0.950676 0.293753
vn 0.099625 -0.950676 0.293753
vn 0.099625 -0.950676 0.293753
vn 0.011097 -0.942920 0.332835
vn 0.011097 -0.942920 0.332835
vn 0.011097 -0.942920 0.332835
vn 0.011097 -0.942920 0.332835
vn 0.055667 -0.961885 0.267728
vn 0.055667 -0.961885 0.267728
vn 0.055667 -0.961885 0.267728
vn 0.055667 -0.961885 0.267728
vn 0.002622 -0.952779 0.303653
vn 0.002622 -0.952779 0.303653
vn 0.002622 -0.952779 0.303653
vn 0.002622 -0.952779 0.303653
vn 0.143374 -0.936969 0.318642
vn 0.143374 -0.936969 0.318642
vn 0.143374 -0.936969 0.318642
vn 0.143374 -0.936969 0.318642
vn 0.100150 -0.961403 0.256271
vn 0.100150 -0.961403 0.256271
vn 0.100150 -0.961403 0.256271
vn 0.100150 -0.961403 0.256271
vn 0.185722 -0.956669 0.224261
vn 0.185722 -0.956669 0.224261
vn 0.185722 -0.956668 0.224261
vn 0.185722 -0.956669 0.224261
vn 0.200145 -0.961760 0.186975
vn 0.200145 -0.961760 0.186975
vn 0.200145 -0.961760 0.186975
vn 0.200145 -0.961760 0.186975
vn 0.142136 -0.982310 0.121921
vn 0.142136 -0.982310 0.121921
vn 0.142136 -0.982310 0.121921
vn 0.142136 -0.982310 0.121921
vn 0.141098 -0.984174 0.107203
vn 0.141098 -0.984174 0.107203
vn 0.141098 -0.984174 0.107203
vn 0.141098 -0.984174 0.107203
vn 0.235880 -0.970637 0.047171
vn 0.235880 -0.970637 0.047171
vn 0.235880 -0.970637 0.047171
vn 0.235880 -0.970637 0.047171
vn 0.326342 -0.942757 0.068635
vn 0.326342 -0.942757 0.068635
vn 0.326342 -0.942757 0.068635
vn 0.326342 -0.942756 0.068635
vn 0.275486 -0.952495 0.129846
vn 0.275486 -0.952495 0.129846
vn 0.275486 -0.952495 0.129846
vn 0.275486 -0.952495 0.129846
vn 0.272967 -0.951148 0.144247
vn 0.272967 -0.951148 0.144247
vn 0.272967 -0.951148 0.144247
vn 0.272967 -0.951148 0.144247
vn 0.335193 -0.934000 0.123650
vn 0.335193 -0.934000 0.123650
vn 0.335193 -0.934000 0.123650
vn 0.335193 -0.934000 0.123650
vn 0.399563 -0.915435 0.048255
vn 0.399563 -0.915435 0.048255
vn 0.399563 -0.915435 0.048255
vn 0.399563 -0.915435 0.048255
vn 0.361219 -0.932454 -0.007029
vn 0.361219 -0.932454 -0.007029
vn 0.361219 -0.932454 -0.007029
vn 0.361219 -0.932454 -0.007029
vn 0.315264 -0.933594 -0.170323
vn 0.315264 -0.933594 -0.170323
vn 0.315264 -0.933594 -0.170323
vn 0.315264 -0.933594 -0.170323
vn 0.206674 -0.971810 0.113453
vn 0.206674 -0.971810 0.113453
vn 0.206674 -0.971810 0.113453
vn 0.206674 -0.971810 0.113453
vn 0.230471 -0.910616 -0.343020
vn 0.230471 -0.910616 -0.343020
vn 0.230471 -0.910616 -0.343020
vn 0.230471 -0.910616 -0.343020
vn 0.421252 -0.891123 -0.168661
vn 0.421252 -0.891123 -0.168661
vn 0.421252 -0.891123 -0.168661
vn 0.421252 -0.891123 -0.168661
vn 0.406882 -0.902544 -0.140930
vn 0.406882 -0.902544 -0.140930
vn 0.406882 -0.902544 -0.140930
vn 0.406882 -0.902544 -0.140930
vn 0.279961 -0.943144 -0.179170
vn 0.279961 -0.943144 -0.179170
vn 0.279961 -0.943144 -0.179170
vn 0.279961 -0.943144 -0.179170
vn 0.309150 -0.931101 -0.193589
vn 0.309150 -0.931101 -0.193589
vn 0.309150 -0.931101 -0.193589
vn 0.309150 -0.931101 -0.193589
vn 0.324120 -0.935043 -0.143672
vn 0.324120 -0.935043 -0.143672
vn 0.324120 -0.935043 -0.143672
vn 0.324120 -0.935043 -0.143672
vn 0.248549 -0.942846 -0.221956
vn 0.248549 -0.942846 -0.221956
vn 0.248549 -0.942846 -0.221956
vn 0.248549 -0.942846 -0.221956
vn 0.262662 -0.920470 -0.289383
vn 0.262662 -0.920470 -0.289383
vn 0.262662 -0.920471 -0.289383
vn 0.262662 -0.920471 -0.289383
vn 0.186817 -0.947465 -0.259635
vn 0.186817 -0.947465 -0.259635
vn 0.186817 -0.947465 -0.259635
vn 0.186817 -0.947465 -0.259635
vn 0.380718 -0.875177 -0.298528
vn 0.380718 -0.875177 -0.298528
vn 0.380718 -0.875177 -0.298528
vn 0.380718 -0.875177 -0.298528
vn 0.167604 -0.900160 -0.402022
vn 0.167604 -0.900160 -0.402022
vn 0.167604 -0.900160 -0.402022
vn 0.167604 -0.900160 -0.402022
vn 0.042282 -0.963033 -0.266044
vn 0.042282 -0.963033 -0.266044
vn 0.042282 -0.963033 -0.266044
vn 0.042282 -0.963033 -0.266044
vn 0.066879 -0.938857 -0.337750
vn 0.066879 -0.938857 -0.337750
vn 0.066879 -0.938857 -0.337750
vn 0.066879 -0.938857 -0.337750
vn -0.019633 -0.950879 -0.308941
vn -0.019633 -0.950879 -0.308941
vn -0.019633 -0.950879 -0.308941
vn -0.019633 -0.950879 -0.308941
vn 0.113382 -0.965725 -0.233493
vn 0.113382 -0.965725 -0.233493
vn 0.113382 -0.965725 -0.233493
vn 0.113382 -0.965725 -0.233493
vn 0.019768 -0.929780 -0.367584
vn 0.019768 -0.929780 -0.367584
vn 0.019768 -0.929780 -0.367584
vn 0.019768 -0.929780 -0.367584
vn -0.130659 -0.934623 -0.330768
vn -0.130659 -0.934623 -0.330768
vn -0.130659 -0.934623 -0.330768
vn -0.130659 -0.934623 -0.330768
vn 0.018165 -0.936348 -0.350603
vn 0.018165 -0.936348 -0.350603
vn 0.018165 -0.936348 -0.350603
vn 0.018165 -0.936348 -0.350603
vn -0.166768 -0.959966 -0.225064
vn -0.166768 -0.959966 -0.225064
vn -0.166768 -0.959966 -0.225064
vn -0.166768 -0.959966 -0.225064
vn -0.097121 -0.944859 -0.312745
vn -0.097121 -0.944859 -0.312745
vn -0.097121 -0.944859 -0.312745
vn -0.097121 -0.944859 -0.312745
vn -0.061465 -0.963662 -0.259956
vn -0.061465 -0.963662 -0.259956
vn -0.061465 -0.963662 -0.259956
vn -0.061465 -0.963662 -0.259956
vn -0.098402 -0.957872 -0.269812
vn -0.098402 -0.957872 -0.269812
vn -0.098402 -0.957872 -0.269812
vn -0.098402 -0.957872 -0.269812
vn -0.197923 -0.960872 -0.193783
vn -0.197923 -0.960872 -0.193783
vn -0.197923 -0.960872 -0.193783
vn -0.197923 -0.960872 -0.193783
vn -0.333811 -0.928094 -0.164959
vn -0.333811 -0.928094 -0.164959
vn -0.333811 -0.928094 -0.164959
vn -0.333812 -0.928094 -0.164959
vn -0.389828 -0.898329 -0.202581
vn -0.389828 -0.898329 -0.202581
vn -0.389828 -0.898329 -0.202581
vn -0.389828 -0.898329 -0.202581
vn -0.389255 -0.898270 -0.203941
vn -0.389256 -0.898270 -0.203941
vn -0.389256 -0.898270 -0.203941
vn -0.389256 -0.898270 -0.203941
vn -0.401022 -0.895990 -0.190742
vn -0.401022 -0.895990 -0.190742
vn -0.401022 -0.895990 -0.190742
vn -0.401022 -0.895990 -0.190742
vn -0.389364 -0.902075 -0.186165
vn -0.389364 -0.902075 -0.186165
vn -0.389364 -0.902075 -0.186165
vn -0.389364 -0.902075 -0.186165
vn -0.493519 -0.868559 -0.045221
vn -0.493519 -0.868559 -0.045221
vn -0.493519 -0.868559 -0.045221
vn -0.493519 -0.868559 -0.045221
vn -0.484377 -0.870830 -0.083873
vn -0.484377 -0.870830 -0.083873
vn -0.484377 -0.870829 -0.083873
vn -0.484377 -0.870830 -0.083873
vn -0.526034 -0.842659 0.114956
vn -0.526034 -0.842659 0.114956
vn -0.526034 -0.842659 0.114956
vn -0.526034 -0.842659 0.114956
vn -0.515004 -0.853675 -0.077525
vn -0.515004 -0.853675 -0.077525
vn -0.515004 -0.853675 -0.077525
vn -0.515004 -0.853675 -0.077525
vn -0.497406 -0.862597 0.092266
vn -0.497406 -0.862597 0.092266
vn -0.497406 -0.862597 0.092266
vn -0.497406 -0.862597 0.092266
vn -0.463809 -0.877027 0.125317
vn -0.463809 -0.877028 0.125317
vn -0.463809 -0.877028 0.125317
vn -0.463809 -0.877028 0.125317
vn -0.473869 -0.863716 0.171588
vn -0.473869 -0.863716 0.171588
vn -0.473869 -0.863716 0.171588
vn -0.473869 -0.863716 0.171588
vn -0.285330 -0.949914 0.127477
vn -0.285330 -0.949914 0.127477
vn -0.285330 -0.949914 0.127477
vn -0.285330 -0.949914 0.127477
vn -0.241845 -0.966860 0.081816
vn -0.241845 -0.966860 0.081816
vn -0.241845 -0.966860 0.081816
vn -0.241845 -0.966860 0.081816
vn -0.181214 -0.953717 0.239967
vn -0.181214 -0.953718 0.239967
vn -0.181214 -0.953718 0.239967
vn -0.181214 -0.953718 0.239967
vn -0.332494 -0.929693 0.158487
vn -0.332494 -0.929693 0.158487
vn -0.332494 -0.929693 0.158487
vn -0.332494 -0.929693 0.158487
vn -0.162775 -0.950378 0.265115
vn -0.162775 -0.950378 0.265115
vn -0.162775 -0.950378 0.265115
vn -0.162775 -0.950378 0.265115
vn -0.156956 -0.941691 0.297630
vn -0.156956 -0.941691 0.297630
vn -0.156956 -0.941691 0.297630
vn -0.156956 -0.941691 0.297630
vn -0.237809 -0.930961 0.277054
vn -0.237809 -0.930961 0.277054
vn -0.237809 -0.930961 0.277054
vn -0.237809 -0.930961 0.277054
vn -0.004682 -0.972935 0.231030
vn -0.004682 -0.972935 0.231030
vn -0.004682 -0.972935 0.231030
vn -0.004682 -0.972935 0.231030
vn -0.159865 -0.942881 0.292265
vn -0.159865 -0.942881 0.292265
vn -0.159865 -0.942881 0.292265
vn -0.159865 -0.942881 0.292265
vn -0.219643 -0.949431 0.224360
vn -0.219643 -0.949431 0.224360
vn -0.219643 -0.949431 0.224360
vn -0.219643 -0.949431 0.224360
vn 0.154704 -0.896090 0.416040
vn 0.154704 -0.896090 0.416040
vn 0.154704 -0.896090 0.416040
vn 0.154704 -0.896090 0.416040
vn -0.001781 -0.894808 0.446447
vn -0.001781 -0.894808 0.446447
vn -0.001781 -0.894808 0.446447
vn -0.001781 -0.894808 0.446447
vn 0.010798 -0.900900 0.433892
vn 0.010798 -0.900900 0.433892
vn 0.010798 -0.900900 0.433892
vn 0.010798 -0.900900 0.433892
vn 0.047273 -0.934579 0.352600
vn 0.047273 -0.934579 0.352600
vn 0.047273 -0.934579 0.352600
vn 0.047273 -0.934579 0.352600
vn 0.137774 -0.944373 0.298626
vn 0.137774 -0.944373 0.298626
vn 0.137774 -0.944373 0.298626
vn 0.137774 -0.944373 0.298626
vn 0.278226 -0.908508 0.311774
vn 0.278226 -0.908508 0.311774
vn 0.278226 -0.908508 0.311774
vn 0.278226 -0.908508 0.311774
vn 0.180057 -0.931694 0.315477
vn 0.180057 -0.931694 0.315477
vn 0.180057 -0.931694 0.315477
vn 0.180057 -0.931694 0.315477
vn 0.294890 -0.884291 0.362034
vn 0.294890 -0.884291 0.362034
vn 0.294890 -0.884291 0.362034
vn 0.294890 -0.884291 0.362034
vn 0.201403 -0.919327 0.338044
vn 0.201403 -0.919327 0.338044
vn 0.201403 -0.919328 0.338044
vn 0.201403 -0.919327 0.338044
vn 0.227847 -0.960883 0.157448
vn 0.227847 -0.960883 0.157448
vn 0.227847 -0.960883 0.157448
vn 0.227847 -0.960883 0.157448
vn 0.270910 -0.960892 0.057386
vn 0.270910 -0.960893 0.057386
vn 0.270910 -0.960893 0.057386
vn 0.270910 -0.960892 0.057386
vn 0.326490 -0.939667 0.102133
vn 0.326490 -0.939667 0.102133
vn 0.326490 -0.939667 0.102133
vn 0.326490 -0.939667 0.102133
vn 0.288212 -0.955482 0.063148
vn 0.288212 -0.955482 0.063148
vn 0.288212 -0.955482 0.063148
vn 0.288212 -0.955482 0.063148
vn 0.353776 -0.924756 0.140244
vn 0.353776 -0.924756 0.140244
vn 0.353776 -0.924756 0.140244
vn 0.353776 -0.924756 0.140244
vn 0.290502 -0.950410 0.111041
vn 0.290502 -0.950410 0.111041
vn 0.290502 -0.950410 0.111041
vn 0.290502 -0.950410 0.111041
vn 0.208371 -0.978025 0.007042
vn 0.208371 -0.978025 0.007042
vn 0.208371 -0.978025 0.007042
vn 0.208371 -0.978025 0.007042
vn 0.446676 -0.891687 -0.073316
vn 0.446676 -0.891687 -0.073316
vn 0.446676 -0.891687 -0.073316
vn 0.446676 -0.891687 -0.073316
vn 0.539575 -0.826276 -0.161638
vn 0.539575 -0.826276 -0.161638
vn 0.539575 -0.826276 -0.161638
vn 0.539575 -0.826276 -0.161638
vn 0.475706 -0.875494 0.084936
vn 0.475706 -0.875494 0.084936
vn 0.475706 -0.875494 0.084936
vn 0.475706 -0.875494 0.084936
vn 0.463050 -0.878897 -0.114562
vn 0.463050 -0.878897 -0.114562
vn 0.463050 -0.878897 -0.114562
vn 0.463050 -0.878897 -0.114562
vn 0.824211 -0.428082 -0.370704
vn 0.824211 -0.428082 -0.370704
vn 0.824211 -0.428082 -0.370704
vn 0.824211 -0.428082 -0.370704
vn 0.854993 -0.413472 -0.313094
vn 0.854993 -0.413472 -0.313094
vn 0.854993 -0.413472 -0.313094
vn 0.854993 -0.413472 -0.313094
vn 0.768485 -0.472208 -0.431798
vn 0.768485 -0.472208 -0.431798
vn 0.768486 -0.472208 -0.431798
vn 0.768485 -0.472208 -0.431798
vn 0.755534 -0.489835 -0.435006
vn 0.755534 -0.489835 -0.435006
vn 0.755534 -0.489835 -0.435006
vn 0.755534 -0.489835 -0.435006
vn 0.704758 -0.508657 -0.494555
vn 0.704758 -0.508657 -0.494555
vn 0.704758 -0.508657 -0.494555
vn 0.704758 -0.508657 -0.494555
vn 0.610425 -0.503979 -0.611053
vn 0.610425 -0.503979 -0.611053
vn 0.610425 -0.503979 -0.611053
vn 0.610425 -0.503979 -0.611053
vn 0.366320 -0.741487 -0.562145
vn 0.366320 -0.741487 -0.562145
vn 0.366320 -0.741487 -0.562145
vn 0.366320 -0.741487 -0.562145
vn 0.612423 -0.575096 -0.542405
vn 0.612423 -0.575096 -0.542405
vn 0.612423 -0.575096 -0.542405
vn 0.612423 -0.575096 -0.542405
vn 0.488502 -0.679879 -0.546927
vn 0.488502 -0.679879 -0.546927
vn 0.488502 -0.679879 -0.546927
vn 0.488502 -0.679879 -0.546927
vn 0.291948 -0.658883 -0.693282
vn 0.291948 -0.658883 -0.693282
vn 0.291948 -0.658883 -0.693282
vn 0.291948 -0.658883 -0.693282
vn 0.174414 -0.712209 -0.679955
vn 0.174414 -0.712209 -0.679955
vn 0.174414 -0.712209 -0.679955
vn 0.174414 -0.712209 -0.679955
vn 0.328526 -0.668987 -0.666729
vn 0.328526 -0.668987 -0.666729
vn 0.328526 -0.668987 -0.666729
vn 0.328526 -0.668987 -0.666729
vn 0.223581 -0.777855 -0.587327
vn 0.223581 -0.777855 -0.587327
vn 0.223581 -0.777855 -0.587328
vn 0.223581 -0.777855 -0.587327
vn 0.108936 -0.790489 -0.602710
vn 0.108936 -0.790489 -0.602710
vn 0.108936 -0.790489 -0.602710
vn 0.108936 -0.790489 -0.602710
vn 0.126295 -0.744133 -0.655984
vn 0.126295 -0.744133 -0.655984
vn 0.126295 -0.744133 -0.655984
vn 0.126295 -0.744133 -0.655984
vn -0.287260 -0.672974 -0.681607
vn -0.287260 -0.672974 -0.681607
vn -0.287260 -0.672974 -0.681607
vn -0.287260 -0.672974 -0.681607
vn -0.028885 -0.765882 -0.642332
vn -0.028885 -0.765882 -0.642332
vn -0.028885 -0.765882 -0.642332
vn -0.028885 -0.765882 -0.642332
vn -0.242031 -0.710754 -0.660492
vn -0.242031 -0.710754 -0.660492
vn -0.242031 -0.710754 -0.660492
vn -0.242031 -0.710754 -0.660492
vn -0.205017 -0.686581 -0.697549
vn -0.205017 -0.686581 -0.697549
vn -0.205017 -0.686581 -0.697549
vn -0.205017 -0.686581 -0.697549
vn -0.270727 -0.740613 -0.614980
vn -0.270727 -0.740613 -0.614980
vn -0.270727 -0.740613 -0.614980
vn -0.270727 -0.740613 -0.614980
vn -0.318470 -0.698780 -0.640534
vn -0.318470 -0.698780 -0.640534
vn -0.318470 -0.698780 -0.640534
vn -0.318470 -0.698780 -0.640534
vn -0.526973 -0.614853 -0.586733
vn -0.526973 -0.614853 -0.586733
vn -0.526973 -0.614853 -0.586733
vn -0.526973 -0.614853 -0.586733
vn -0.724141 -0.532515 -0.438232
vn -0.724141 -0.532515 -0.438232
vn -0.724141 -0.532515 -0.438232
vn -0.724141 -0.532515 -0.438233
vn -0.680831 -0.562074 -0.469619
vn -0.680831 -0.562074 -0.469619
vn -0.680831 -0.562074 -0.469619
vn -0.680831 -0.562074 -0.469619
vn -0.726394 -0.584510 -0.361524
vn -0.726394 -0.584510 -0.361524
vn -0.726394 -0.584510 -0.361524
vn -0.726394 -0.584510 -0.361524
vn -0.783401 -0.520008 -0.340404
vn -0.783401 -0.520008 -0.340404
vn -0.783401 -0.520008 -0.340404
vn -0.783401 -0.520008 -0.340404
vn -0.900057 -0.323724 -0.291720
vn -0.900057 -0.323724 -0.291720
vn -0.900057 -0.323724 -0.291720
vn -0.900057 -0.323724 -0.291720
vn -0.951768 -0.264594 -0.155334
vn -0.951768 -0.264594 -0.155334
vn -0.951768 -0.264594 -0.155334
vn -0.951768 -0.264594 -0.155334
vn -0.906795 -0.421531 -0.005844
vn -0.906795 -0.421531 -0.005844
vn -0.906795 -0.421531 -0.005844
vn -0.906795 -0.421531 -0.005844
vn -0.933955 -0.356924 0.018249
vn -0.933955 -0.356924 0.018249
vn -0.933955 -0.356924 0.018249
vn -0.933955 -0.356924 0.018249
vn -0.913950 -0.405445 -0.017588
vn -0.913950 -0.405445 -0.017588
vn -0.913950 -0.405445 -0.017588
vn -0.913950 -0.405445 -0.017588
vn -0.859801 -0.423648 0.285070
vn -0.859801 -0.423648 0.285070
vn -0.859801 -0.423648 0.285070
vn -0.859801 -0.423648 0.285070
vn -0.902258 -0.400697 0.159289
vn -0.902258 -0.400697 0.159289
vn -0.902258 -0.400697 0.159289
vn -0.902258 -0.400697 0.159289
vn -0.888217 -0.380818 0.256999
vn -0.888217 -0.380818 0.256999
vn -0.888217 -0.380818 0.256999
vn -0.888217 -0.380818 0.256999
vn -0.792432 -0.454452 0.406847
vn -0.792432 -0.454452 0.406847
vn -0.792432 -0.454452 0.406847
vn -0.792432 -0.454452 0.406847
vn -0.763326 -0.528724 0.371194
vn -0.763326 -0.528724 0.371194
vn -0.763326 -0.528724 0.371194
vn -0.763326 -0.528724 0.371194
vn -0.593910 -0.663045 0.455678
vn -0.593910 -0.663045 0.455678
vn -0.593910 -0.663045 0.455678
vn -0.593910 -0.663045 0.455678
vn -0.566966 -0.670485 0.478539
vn -0.566966 -0.670485 0.478539
vn -0.566966 -0.670485 0.478539
vn -0.566966 -0.670485 0.478539
vn -0.486338 -0.662241 0.570012
vn -0.486338 -0.662241 0.570012
vn -0.486338 -0.662241 0.570012
vn -0.486338 -0.662241 0.570012
vn -0.478875 -0.615187 0.626277
vn -0.478875 -0.615187 0.626277
vn -0.478875 -0.615187 0.626277
vn -0.478875 -0.615187 0.626277
vn -0.347621 -0.727418 0.591627
vn -0.347621 -0.727418 0.591627
vn -0.347621 -0.727418 0.591627
vn -0.347621 -0.727418 0.591627
vn -0.243482 -0.748776 0.616483
vn -0.243482 -0.748776 0.616483
vn -0.243482 -0.748776 0.616483
vn -0.243482 -0.748776 0.616483
vn -0.367229 -0.702395 0.609741
vn -0.367229 -0.702395 0.609741
vn -0.367229 -0.702395 0.609741
vn -0.367229 -0.702395 0.609741
vn -0.250727 -0.731758 0.633772
vn -0.250727 -0.731758 0.633771
vn -0.250727 -0.731758 0.633771
vn -0.250727 -0.731758 0.633771
vn 0.058154 -0.786138 0.615309
vn 0.058154 -0.786138 0.615309
vn 0.058154 -0.786138 0.615309
vn 0.058154 -0.786138 0.615309
vn 0.086632 -0.773710 0.627589
vn 0.086632 -0.773710 0.627589
vn 0.086632 -0.773710 0.627589
vn 0.086632 -0.773710 0.627589
vn -0.002947 -0.742048 0.670340
vn -0.002947 -0.742048 0.670340
vn -0.002947 -0.742048 0.670340
vn -0.002947 -0.742048 0.670340
vn 0.176541 -0.723011 0.667898
vn 0.176541 -0.723011 0.667898
vn 0.176541 -0.723011 0.667898
vn 0.176541 -0.723011 0.667898
vn 0.279442 -0.699424 0.657813
vn 0.279442 -0.699424 0.657813
vn 0.279442 -0.699424 0.657813
vn 0.279442 -0.699424 0.657813
vn 0.437666 -0.668694 0.601079
vn 0.437666 -0.668694 0.601079
vn 0.437666 -0.668694 0.601079
vn 0.437666 -0.668694 0.601079
vn 0.389584 -0.686383 0.614087
vn 0.389584 -0.686383 0.614087
vn 0.389584 -0.686383 0.614087
vn 0.389584 -0.686383 0.614087
vn 0.493024 -0.668930 0.556291
vn 0.493024 -0.668930 0.556291
vn 0.493024 -0.668930 0.556291
vn 0.493024 -0.668930 0.556291
vn 0.458642 -0.658973 0.596156
vn 0.458642 -0.658973 0.596156
vn 0.458642 -0.658973 0.596156
vn 0.458642 -0.658973 0.596156
vn 0.676696 -0.527919 0.513210
vn 0.676696 -0.527919 0.513210
vn 0.676696 -0.527919 0.513210
vn 0.676696 -0.527919 0.513210
vn 0.741146 -0.489444 0.459508
vn 0.741146 -0.489444 0.459508
vn 0.741146 -0.489444 0.459508
vn 0.741146 -0.489444 0.459508
vn 0.836838 -0.457963 0.299955
vn 0.836838 -0.457963 0.299955
vn 0.836838 -0.457963 0.299955
vn 0.836838 -0.457963 0.299955
vn 0.808605 -0.477195 0.344156
vn 0.808605 -0.477195 0.344156
vn 0.808605 -0.477195 0.344156
vn 0.808605 -0.477195 0.344156
vn 0.873285 -0.441241 0.206589
vn 0.873285 -0.441241 0.206589
vn 0.873285 -0.441241 0.206589
vn 0.873285 -0.441241 0.206589
vn 0.884579 -0.424053 0.194161
vn 0.884579 -0.424053 0.194161
vn 0.884579 -0.424053 0.194161
vn 0.884579 -0.424053 0.194161
vn 0.931056 -0.363789 0.028153
vn 0.931056 -0.363789 0.028153
vn 0.931056 -0.363789 0.028153
vn 0.931056 -0.363789 0.028153
vn 0.907052 -0.418955 -0.041639
vn 0.907052 -0.418955 -0.041639
vn 0.907052 -0.418955 -0.041639
vn 0.907052 -0.418955 -0.041639
vn 0.864710 -0.483207 -0.137071
vn 0.864710 -0.483207 -0.137071
vn 0.864710 -0.483207 -0.137071
vn 0.864710 -0.483207 -0.137071
vn 0.909390 -0.404948 -0.095009
vn 0.909390 -0.404948 -0.095009
vn 0.909390 -0.404948 -0.095009
vn 0.909390 -0.404948 -0.095009
vn 0.879228 -0.401495 -0.256439
vn 0.879228 -0.401495 -0.256439
vn 0.879228 -0.401495 -0.256439
vn 0.879228 -0.401495 -0.256439
vn 0.875902 -0.179532 -0.447843
vn 0.875902 -0.179532 -0.447843
vn 0.875902 -0.179532 -0.447843
vn 0.875902 -0.179532 -0.447843
vn 0.933647 -0.111778 -0.340308
vn 0.933647 -0.111778 -0.340308
vn 0.933647 -0.111778 -0.340308
vn 0.933647 -0.111778 -0.340308
vn 0.861546 -0.217900 -0.458540
vn 0.861546 -0.217900 -0.458540
vn 0.861546 -0.217900 -0.458540
vn 0.861546 -0.217900 -0.458540
vn 0.856903 -0.188048 -0.479953
vn 0.856903 -0.188048 -0.479953
vn 0.856903 -0.188048 -0.479953
vn 0.856903 -0.188048 -0.479953
vn 0.763222 -0.202276 -0.613659
vn 0.763222 -0.202276 -0.613659
vn 0.763222 -0.202276 -0.613659
vn 0.763222 -0.202276 -0.613659
vn 0.705158 -0.278282 -0.652159
vn 0.705158 -0.278282 -0.652159
vn 0.705158 -0.278282 -0.652159
vn 0.705158 -0.278282 -0.652159
vn 0.478995 -0.396262 -0.783288
vn 0.478995 -0.396262 -0.783288
vn 0.478995 -0.396262 -0.783288
vn 0.478995 -0.396262 -0.783288
vn 0.747304 -0.349034 -0.565431
vn 0.747304 -0.349034 -0.565431
vn 0.747304 -0.349034 -0.565431
vn 0.747304 -0.349034 -0.565431
vn 0.577977 -0.393973 -0.714652
vn 0.577977 -0.393973 -0.714652
vn 0.577977 -0.393973 -0.714652
vn 0.577977 -0.393973 -0.714652
vn 0.354346 -0.548581 -0.757297
vn 0.354346 -0.548581 -0.757297
vn 0.354346 -0.548581 -0.757297
vn 0.354346 -0.548581 -0.757297
vn 0.289367 -0.429386 -0.855509
vn 0.289367 -0.429386 -0.855509
vn 0.289367 -0.429385 -0.855509
vn 0.289367 -0.429385 -0.855509
vn 0.335250 -0.518400 -0.786682
vn 0.335250 -0.518400 -0.786682
vn 0.335250 -0.518400 -0.786682
vn 0.335250 -0.518400 -0.786682
vn 0.377670 -0.387710 -0.840860
vn 0.377670 -0.387710 -0.840860
vn 0.377670 -0.387710 -0.840860
vn 0.377670 -0.387710 -0.840860
vn 0.101875 -0.387866 -0.916069
vn 0.101875 -0.387866 -0.916068
vn 0.101875 -0.387866 -0.916068
vn 0.101875 -0.387866 -0.916069
vn 0.224892 -0.558862 -0.798184
vn 0.224892 -0.558862 -0.798184
vn 0.224892 -0.558862 -0.798184
vn 0.224892 -0.558862 -0.798184
vn -0.166424 -0.480674 -0.860962
vn -0.166424 -0.480674 -0.860962
vn -0.166424 -0.480674 -0.860962
vn -0.166424 -0.480674 -0.860962
vn -0.083293 -0.570773 -0.816872
vn -0.083292 -0.570773 -0.816872
vn -0.083292 -0.570773 -0.816872
vn -0.083292 -0.570773 -0.816872
vn -0.262916 -0.464486 -0.845652
vn -0.262916 -0.464486 -0.845652
vn -0.262916 -0.464486 -0.845652
vn -0.262916 -0.464486 -0.845652
vn -0.326806 -0.504541 -0.799147
vn -0.326806 -0.504541 -0.799147
vn -0.326806 -0.504541 -0.799147
vn -0.326806 -0.504541 -0.799147
vn -0.339762 -0.498454 -0.797562
vn -0.339762 -0.498454 -0.797562
vn -0.339762 -0.498454 -0.797562
vn -0.339762 -0.498454 -0.797562
vn -0.457884 -0.433923 -0.775921
vn -0.457884 -0.433924 -0.775921
vn -0.457884 -0.433923 -0.775920
vn -0.457884 -0.433924 -0.775921
vn -0.655762 -0.262604 -0.707825
vn -0.655762 -0.262604 -0.707825
vn -0.655762 -0.262604 -0.707825
vn -0.655762 -0.262604 -0.707825
vn -0.807214 -0.192047 -0.558143
vn -0.807214 -0.192047 -0.558143
vn -0.807214 -0.192047 -0.558143
vn -0.807214 -0.192047 -0.558143
vn -0.816940 -0.184843 -0.546298
vn -0.816940 -0.184844 -0.546298
vn -0.816940 -0.184843 -0.546298
vn -0.816940 -0.184843 -0.546298
vn -0.854153 -0.179034 -0.488231
vn -0.854153 -0.179034 -0.488231
vn -0.854153 -0.179034 -0.488231
vn -0.854153 -0.179034 -0.488231
vn -0.919054 -0.179999 -0.350628
vn -0.919054 -0.179999 -0.350628
vn -0.919054 -0.179999 -0.350628
vn -0.919054 -0.179999 -0.350628
vn -0.941526 -0.197404 -0.273058
vn -0.941526 -0.197404 -0.273058
vn -0.941526 -0.197404 -0.273058
vn -0.941526 -0.197404 -0.273058
vn -0.941764 -0.270690 -0.199518
vn -0.941764 -0.270690 -0.199518
vn -0.941764 -0.270690 -0.199518
vn -0.941764 -0.270690 -0.199518
vn -0.983840 -0.165258 0.068910
vn -0.983840 -0.165258 0.068910
vn -0.983840 -0.165258 0.068910
vn -0.983840 -0.165258 0.068910
vn -0.973673 -0.227517 -0.014042
vn -0.973673 -0.227517 -0.014042
vn -0.973673 -0.227517 -0.014042
vn -0.973673 -0.227517 -0.014042
vn -0.975183 -0.211629 -0.065049
vn -0.975183 -0.211629 -0.065049
vn -0.975183 -0.211629 -0.065049
vn -0.975183 -0.211629 -0.065049
vn -0.935224 -0.208919 0.285848
vn -0.935224 -0.208919 0.285848
vn -0.935224 -0.208919 0.285848
vn -0.935224 -0.208919 0.285848
vn -0.952250 -0.242019 0.186140
vn -0.952249 -0.242019 0.186140
vn -0.952250 -0.242019 0.186140
vn -0.952250 -0.242019 0.186140
vn -0.931792 -0.195000 0.306167
vn -0.931792 -0.195000 0.306167
vn -0.931792 -0.195000 0.306167
vn -0.931792 -0.195000 0.306167
vn -0.880941 -0.195673 0.430878
vn -0.880941 -0.195673 0.430878
vn -0.880941 -0.195673 0.430878
vn -0.880941 -0.195673 0.430878
vn -0.881669 -0.128873 0.453929
vn -0.881669 -0.128873 0.453929
vn -0.881669 -0.128873 0.453929
vn -0.881669 -0.128873 0.453929
vn -0.820544 -0.064800 0.567898
vn -0.820544 -0.064800 0.567898
vn -0.820544 -0.064800 0.567898
vn -0.820544 -0.064800 0.567898
vn -0.753410 -0.158748 0.638101
vn -0.753410 -0.158748 0.638101
vn -0.753410 -0.158748 0.638101
vn -0.753410 -0.158748 0.638101
vn -0.627912 -0.310972 0.713459
vn -0.627912 -0.310972 0.713459
vn -0.627912 -0.310972 0.713459
vn -0.627912 -0.310972 0.713459
vn -0.607892 -0.271505 0.746158
vn -0.607892 -0.271505 0.746158
vn -0.607892 -0.271505 0.746158
vn -0.607892 -0.271505 0.746158
vn -0.469518 -0.350239 0.810485
vn -0.469518 -0.350239 0.810485
vn -0.469518 -0.350239 0.810485
vn -0.469518 -0.350239 0.810485
vn -0.371981 -0.436978 0.818951
vn -0.371981 -0.436978 0.818951
vn -0.371981 -0.436978 0.818951
vn -0.371981 -0.436978 0.818951
vn -0.500504 -0.350777 0.791487
vn -0.500504 -0.350777 0.791487
vn -0.500504 -0.350777 0.791487
vn -0.500504 -0.350777 0.791487
vn -0.253069 -0.465123 0.848302
vn -0.253069 -0.465123 0.848302
vn -0.253069 -0.465123 0.848302
vn -0.253069 -0.465123 0.848302
vn -0.080505 -0.443651 0.892577
vn -0.080505 -0.443651 0.892577
vn -0.080505 -0.443651 0.892577
vn -0.080505 -0.443651 0.892577
vn 0.142350 -0.383466 0.912519
vn 0.142350 -0.383466 0.912519
vn 0.142350 -0.383466 0.912519
vn 0.142350 -0.383466 0.912519
vn 0.019696 -0.351155 0.936110
vn 0.019696 -0.351155 0.936110
vn 0.019696 -0.351155 0.936110
vn 0.019696 -0.351155 0.936110
vn 0.285941 -0.393187 0.873866
vn 0.285941 -0.393187 0.873866
vn 0.285941 -0.393187 0.873866
vn 0.285941 -0.393187 0.873866
vn 0.333677 -0.410214 0.848755
vn 0.333677 -0.410214 0.848755
vn 0.333677 -0.410214 0.848755
vn 0.333677 -0.410214 0.848755
vn 0.480076 -0.517497 0.708325
vn 0.480076 -0.517497 0.708325
vn 0.480076 -0.517497 0.708325
vn 0.480076 -0.517497 0.708325
vn 0.465024 -0.439458 0.768524
vn 0.465025 -0.439458 0.768524
vn 0.465025 -0.439458 0.768524
vn 0.465024 -0.439458 0.768524
vn 0.661774 -0.392142 0.638968
vn 0.661774 -0.392142 0.638968
vn 0.661774 -0.392142 0.638968
vn 0.661774 -0.392142 0.638968
vn 0.636745 -0.318110 0.702397
vn 0.636745 -0.318110 0.702397
vn 0.636745 -0.318110 0.702397
vn 0.636745 -0.318110 0.702397
vn 0.725156 -0.397326 0.562388
vn 0.725156 -0.397326 0.562388
vn 0.725156 -0.397326 0.562388
vn 0.725156 -0.397326 0.562388
vn 0.787677 -0.381969 0.483389
vn 0.787677 -0.381969 0.483389
vn 0.787677 -0.381969 0.483389
vn 0.787677 -0.381969 0.483389
vn 0.925689 -0.096773 0.365699
vn 0.925689 -0.096773 0.365699
vn 0.925689 -0.096773 0.365699
vn 0.925689 -0.096773 0.365699
vn 0.924574 -0.152370 0.349209
vn 0.924574 -0.152370 0.349209
vn 0.924574 -0.152370 0.349209
vn 0.924574 -0.152370 0.349209
vn 0.962469 -0.118444 0.244180
vn 0.962469 -0.118444 0.244180
vn 0.962469 -0.118444 0.244180
vn 0.962469 -0.118444 0.244180
vn 0.956595 -0.195005 0.216560
vn 0.956595 -0.195005 0.216560
vn 0.956595 -0.195005 0.216560
vn 0.956595 -0.195005 0.216560
vn 0.974436 -0.223249 -0.025168
vn 0.974436 -0.223249 -0.025168
vn 0.974436 -0.223249 -0.025168
vn 0.974436 -0.223249 -0.025168
vn 0.983169 -0.172750 0.059472
vn 0.983169 -0.172750 0.059472
vn 0.983169 -0.172750 0.059472
vn 0.983169 -0.172750 0.059472
vn 0.977538 -0.104917 -0.182789
vn 0.977538 -0.104917 -0.182789
vn 0.977538 -0.104917 -0.182789
vn 0.977538 -0.104917 -0.182789
vn 0.964257 -0.229140 -0.133052
vn 0.964257 -0.229140 -0.133052
vn 0.964257 -0.229140 -0.133052
vn 0.964257 -0.229140 -0.133052
vn 0.956751 -0.181907 -0.227019
vn 0.956751 -0.181907 -0.227019
vn 0.956751 -0.181907 -0.227019
vn 0.956751 -0.181907 -0.227019
vn 0.843940 -0.155515 -0.513401
vn 0.843940 -0.155515 -0.513401
vn 0.843940 -0.155515 -0.513401
vn 0.843940 -0.155515 -0.513401
vn 0.882666 -0.163925 -0.440489
vn 0.882665 -0.163925 -0.440489
vn 0.882665 -0.163925 -0.440489
vn 0.882665 -0.163925 -0.440489
vn 0.901120 -0.104996 -0.420664
vn 0.901120 -0.104996 -0.420664
vn 0.901120 -0.104996 -0.420664
vn 0.901120 -0.104996 -0.420664
vn 0.919262 -0.160373 -0.359497
vn 0.919262 -0.160373 -0.359497
vn 0.919262 -0.160373 -0.359497
vn 0.919262 -0.160373 -0.359497
vn 0.496153 -0.163884 -0.852628
vn 0.496153 -0.163884 -0.852628
vn 0.496153 -0.163884 -0.852628
vn 0.496153 -0.163884 -0.852628
vn 0.781796 -0.149110 -0.605443
vn 0.781796 -0.149110 -0.605443
vn 0.781796 -0.149110 -0.605443
vn 0.781796 -0.149110 -0.605443
vn 0.776594 -0.170180 -0.606581
vn 0.776594 -0.170180 -0.606581
vn 0.776594 -0.170180 -0.606581
vn 0.776594 -0.170180 -0.606581
vn 0.747479 -0.184267 -0.638217
vn 0.747479 -0.184267 -0.638217
vn 0.747479 -0.184267 -0.638217
vn 0.747479 -0.184267 -0.638217
vn 0.347933 -0.260348 -0.900645
vn 0.347933 -0.260348 -0.900645
vn 0.347933 -0.260348 -0.900645
vn 0.347933 -0.260348 -0.900645
vn 0.402808 -0.185082 -0.896376
vn 0.402808 -0.185082 -0.896376
vn 0.402808 -0.185082 -0.896376
vn 0.402808 -0.185082 -0.896377
vn 0.622202 -0.190211 -0.759398
vn 0.622202 -0.190211 -0.759397
vn 0.622202 -0.190211 -0.759398
vn 0.622202 -0.190211 -0.759397
vn 0.431304 -0.155836 -0.888646
vn 0.431304 -0.155836 -0.888646
vn 0.431304 -0.155836 -0.888646
vn 0.431304 -0.155836 -0.888646
vn 0.197408 -0.199896 -0.959725
vn 0.197408 -0.199896 -0.959725
vn 0.197408 -0.199896 -0.959725
vn 0.197408 -0.199896 -0.959725
vn 0.030526 -0.271247 -0.962026
vn 0.030526 -0.271247 -0.962026
vn 0.030526 -0.271247 -0.962026
vn 0.030526 -0.271247 -0.962026
vn 0.298951 -0.205326 -0.931917
vn 0.298951 -0.205326 -0.931917
vn 0.298951 -0.205326 -0.931917
vn 0.298951 -0.205326 -0.931917
vn 0.171451 -0.186062 -0.967464
vn 0.171451 -0.186062 -0.967464
vn 0.171451 -0.186062 -0.967464
vn 0.171451 -0.186062 -0.967464
vn -0.312859 -0.153182 -0.937366
vn -0.312859 -0.153182 -0.937366
vn -0.312859 -0.153182 -0.937366
vn -0.312859 -0.153182 -0.937366
vn -0.382636 -0.127534 -0.915055
vn -0.382636 -0.127534 -0.915055
vn -0.382636 -0.127534 -0.915055
vn -0.382636 -0.127534 -0.915055
vn -0.094044 -0.111968 -0.989252
vn -0.094044 -0.111968 -0.989252
vn -0.094044 -0.111968 -0.989252
vn -0.094044 -0.111968 -0.989252
vn -0.535344 -0.144189 -0.832235
vn -0.535344 -0.144189 -0.832235
vn -0.535344 -0.144189 -0.832236
vn -0.535344 -0.144189 -0.832235
vn -0.354957 -0.167460 -0.919762
vn -0.354957 -0.167460 -0.919762
vn -0.354957 -0.167460 -0.919763
vn -0.354957 -0.167460 -0.919762
vn -0.808805 -0.103041 -0.578979
vn -0.808805 -0.103041 -0.578979
vn -0.808805 -0.103041 -0.578979
vn -0.808805 -0.103041 -0.578979
vn -0.687750 -0.118619 -0.716191
vn -0.687750 -0.118619 -0.716191
vn -0.687750 -0.118619 -0.716191
vn -0.687750 -0.118619 -0.716191
vn -0.903246 -0.207866 -0.375417
vn -0.903247 -0.207866 -0.375417
vn -0.903246 -0.207866 -0.375417
vn -0.903246 -0.207866 -0.375417
vn -0.818152 -0.136380 -0.558594
vn -0.818152 -0.136380 -0.558594
vn -0.818152 -0.136380 -0.558594
vn -0.818152 -0.136380 -0.558594
vn -0.861957 -0.133033 -0.489217
vn -0.861957 -0.133033 -0.489217
vn -0.861957 -0.133033 -0.489217
vn -0.861957 -0.133033 -0.489217
vn -0.984630 -0.172814 0.025283
vn -0.984630 -0.172814 0.025283
vn -0.984630 -0.172814 0.025283
vn -0.984630 -0.172814 0.025283
vn -0.997162 -0.069586 -0.028727
vn -0.997162 -0.069586 -0.028727
vn -0.997162 -0.069586 -0.028727
vn -0.997162 -0.069586 -0.028727
vn -0.885018 -0.335833 -0.322428
vn -0.885017 -0.335833 -0.322428
vn -0.885017 -0.335833 -0.322428
vn -0.885017 -0.335833 -0.322428
vn -0.975840 -0.186818 -0.113297
vn -0.975840 -0.186818 -0.113297
vn -0.975840 -0.186818 -0.113297
vn -0.975840 -0.186818 -0.113297
vn -0.937463 -0.213769 0.274710
vn -0.937463 -0.213769 0.274710
vn -0.937463 -0.213769 0.274710
vn -0.937463 -0.213769 0.274710
vn -0.971752 -0.151023 0.181356
vn -0.971752 -0.151023 0.181356
vn -0.971752 -0.151023 0.181356
vn -0.971752 -0.151023 0.181356
vn -0.984730 -0.162921 -0.061354
vn -0.984730 -0.162921 -0.061354
vn -0.984730 -0.162921 -0.061354
vn -0.984730 -0.162921 -0.061354
vn -0.877116 -0.235399 0.418634
vn -0.877116 -0.235399 0.418634
vn -0.877116 -0.235399 0.418634
vn -0.877116 -0.235399 0.418634
vn -0.925237 -0.208379 0.317042
vn -0.925237 -0.208379 0.317042
vn -0.925237 -0.208379 0.317042
vn -0.925237 -0.208379 0.317042
vn -0.881157 -0.172922 0.440069
vn -0.881157 -0.172922 0.440069
vn -0.881157 -0.172922 0.440069
vn -0.881157 -0.172922 0.440069
vn -0.649893 -0.081072 0.755690
vn -0.649893 -0.081072 0.755690
vn -0.649893 -0.081072 0.755690
vn -0.649893 -0.081072 0.755690
vn -0.660190 -0.083421 0.746452
vn -0.660190 -0.083421 0.746452
vn -0.660190 -0.083421 0.746452
vn -0.660190 -0.083421 0.746452
vn -0.765728 -0.215352 0.606040
vn -0.765728 -0.215352 0.606039
vn -0.765728 -0.215352 0.606039
vn -0.765728 -0.215352 0.606039
vn -0.774968 -0.090791 0.625445
vn -0.774968 -0.090791 0.625445
vn -0.774968 -0.090791 0.625445
vn -0.774968 -0.090791 0.625445
vn -0.463299 -0.186364 0.866385
vn -0.463299 -0.186364 0.866385
vn -0.463299 -0.186364 0.866385
vn -0.463299 -0.186364 0.866385
vn -0.476916 -0.210930 0.853264
vn -0.476916 -0.210930 0.853264
vn -0.476916 -0.210930 0.853264
vn -0.476916 -0.210930 0.853264
vn -0.543341 -0.175818 0.820895
vn -0.543341 -0.175818 0.820895
vn -0.543341 -0.175818 0.820895
vn -0.543341 -0.175818 0.820895
vn -0.117060 -0.148129 0.982016
vn -0.117060 -0.148129 0.982016
vn -0.117060 -0.148129 0.982016
vn -0.117060 -0.148129 0.982016
vn -0.230956 -0.198388 0.952524
vn -0.230956 -0.198388 0.952524
vn -0.230956 -0.198388 0.952524
vn -0.230956 -0.198388 0.952524
vn 0.304225 -0.267840 0.914171
vn 0.304225 -0.267840 0.914171
vn 0.304225 -0.267840 0.914171
vn 0.304225 -0.267840 0.914171
vn 0.133553 -0.137287 0.981486
vn 0.133553 -0.137287 0.981486
vn 0.133553 -0.137287 0.981487
vn 0.133553 -0.137287 0.981486
vn -0.021540 -0.231218 0.972664
vn -0.021540 -0.231218 0.972664
vn -0.021540 -0.231218 0.972664
vn -0.021540 -0.231218 0.972664
vn 0.593172 -0.182786 0.784052
vn 0.593172 -0.182786 0.784052
vn 0.593172 -0.182786 0.784052
vn 0.593172 -0.182786 0.784052
vn 0.456353 -0.154922 0.876208
vn 0.456353 -0.154922 0.876208
vn 0.456353 -0.154922 0.876208
vn 0.456353 -0.154922 0.876208
vn 0.406298 -0.165420 0.898642
vn 0.406298 -0.165420 0.898642
vn 0.406298 -0.165420 0.898642
vn 0.406298 -0.165420 0.898642
vn 0.765776 -0.136588 0.628435
vn 0.765776 -0.136588 0.628435
vn 0.765776 -0.136588 0.628435
vn 0.765776 -0.136588 0.628435
vn 0.742701 -0.150041 0.652597
vn 0.742701 -0.150041 0.652597
vn 0.742701 -0.150041 0.652597
vn 0.742701 -0.150041 0.652597
vn 0.663483 -0.177427 0.726849
vn 0.663483 -0.177427 0.726849
vn 0.663483 -0.177427 0.726849
vn 0.663483 -0.177427 0.726849
vn 0.912466 -0.220491 0.344659
vn 0.912466 -0.220491 0.344659
vn 0.912466 -0.220491 0.344659
vn 0.912466 -0.220491 0.344659
vn 0.916793 -0.195480 0.348251
vn 0.916793 -0.195480 0.348251
vn 0.916793 -0.195480 0.348251
vn 0.916793 -0.195480 0.348251
vn 0.864374 -0.103474 0.492089
vn 0.864374 -0.103474 0.492089
vn 0.864374 -0.103474 0.492089
vn 0.864374 -0.103474 0.492089
vn 0.994651 -0.100206 -0.025058
vn 0.994651 -0.100206 -0.025058
vn 0.994651 -0.100206 -0.025058
vn 0.994651 -0.100206 -0.025058
vn 0.965758 -0.132130 0.223278
vn 0.965758 -0.132130 0.223278
vn 0.965758 -0.132130 0.223278
vn 0.965758 -0.132130 0.223278
vn 0.964829 -0.092635 0.246016
vn 0.964829 -0.092635 0.246016
vn 0.964829 -0.092635 0.246016
vn 0.964829 -0.092635 0.246016
vn 0.967144 -0.116075 -0.226183
vn 0.967144 -0.116075 -0.226183
vn 0.967144 -0.116075 -0.226183
vn 0.967144 -0.116075 -0.226183
vn 0.990420 -0.138036 -0.003843
vn 0.990420 -0.138036 -0.003843
vn 0.990420 -0.138036 -0.003843
vn 0.990420 -0.138036 -0.003843
vn 0.997067 -0.066771 0.037408
vn 0.997067 -0.066771 0.037408
vn 0.997067 -0.066771 0.037408
vn 0.997067 -0.066771 0.037408
vn 0.983023 -0.047729 -0.177164
vn 0.983023 -0.047729 -0.177164
vn 0.983023 -0.047729 -0.177164
vn 0.983023 -0.047729 -0.177164
vn 0.842556 0.156392 -0.515404
vn 0.842556 0.156392 -0.515404
vn 0.842556 0.156392 -0.515404
vn 0.842556 0.156392 -0.515404
vn 0.884138 0.249401 -0.395094
vn 0.884138 0.249401 -0.395094
vn 0.884138 0.249401 -0.395094
vn 0.884138 0.249401 -0.395094
vn 0.886226 0.305431 -0.348303
vn 0.886226 0.305431 -0.348303
vn 0.886226 0.305431 -0.348303
vn 0.886226 0.305431 -0.348303
vn 0.867171 0.299038 -0.398236
vn 0.867171 0.299038 -0.398236
vn 0.867171 0.299038 -0.398236
vn 0.867171 0.299038 -0.398236
vn 0.490632 0.470098 -0.733682
vn 0.490632 0.470098 -0.733682
vn 0.490632 0.470098 -0.733682
vn 0.490632 0.470098 -0.733682
vn 0.642667 0.402169 -0.652104
vn 0.642667 0.402169 -0.652104
vn 0.642667 0.402169 -0.652104
vn 0.642667 0.402169 -0.652104
vn 0.733704 0.207939 -0.646869
vn 0.733704 0.207939 -0.646869
vn 0.733704 0.207940 -0.646869
vn 0.733704 0.207939 -0.646869
vn 0.751915 0.250907 -0.609648
vn 0.751915 0.250907 -0.609648
vn 0.751915 0.250907 -0.609648
vn 0.751915 0.250907 -0.609648
vn 0.489449 0.377611 -0.786034
vn 0.489449 0.377611 -0.786034
vn 0.489449 0.377611 -0.786034
vn 0.489449 0.377611 -0.786034
vn 0.405553 0.279666 -0.870238
vn 0.405553 0.279666 -0.870238
vn 0.405553 0.279666 -0.870238
vn 0.405553 0.279666 -0.870238
vn 0.567248 0.382390 -0.729388
vn 0.567248 0.382390 -0.729388
vn 0.567248 0.382390 -0.729388
vn 0.567248 0.382390 -0.729388
vn 0.463166 0.262512 -0.846501
vn 0.463166 0.262512 -0.846501
vn 0.463166 0.262512 -0.846501
vn 0.463166 0.262512 -0.846501
vn 0.058172 0.488561 -0.870589
vn 0.058172 0.488560 -0.870589
vn 0.058172 0.488560 -0.870589
vn 0.058172 0.488560 -0.870589
vn 0.059234 0.363651 -0.929650
vn 0.059234 0.363651 -0.929650
vn 0.059234 0.363651 -0.929650
vn 0.059234 0.363651 -0.929650
vn 0.176789 0.348340 -0.920546
vn 0.176789 0.348340 -0.920546
vn 0.176789 0.348340 -0.920546
vn 0.176789 0.348340 -0.920546
vn 0.224432 0.358762 -0.906046
vn 0.224432 0.358762 -0.906046
vn 0.224432 0.358762 -0.906046
vn 0.224432 0.358762 -0.906046
vn -0.295220 0.357942 -0.885846
vn -0.295220 0.357942 -0.885846
vn -0.295220 0.357942 -0.885846
vn -0.295220 0.357942 -0.885846
vn -0.329649 0.402291 -0.854104
vn -0.329649 0.402291 -0.854104
vn -0.329649 0.402291 -0.854104
vn -0.329649 0.402291 -0.854104
vn -0.036435 0.511554 -0.858478
vn -0.036435 0.511554 -0.858478
vn -0.036435 0.511554 -0.858478
vn -0.036435 0.511554 -0.858478
vn -0.520928 0.370256 -0.769119
vn -0.520928 0.370256 -0.769119
vn -0.520928 0.370256 -0.769119
vn -0.520928 0.370256 -0.769119
vn -0.339093 0.331298 -0.880487
vn -0.339093 0.331298 -0.880487
vn -0.339093 0.331298 -0.880487
vn -0.339093 0.331298 -0.880487
vn -0.729774 0.400040 -0.554435
vn -0.729774 0.400040 -0.554435
vn -0.729774 0.400040 -0.554435
vn -0.729774 0.400040 -0.554435
vn -0.616663 0.410670 -0.671623
vn -0.616663 0.410670 -0.671623
vn -0.616663 0.410670 -0.671623
vn -0.616663 0.410670 -0.671623
vn -0.892826 0.176283 -0.414471
vn -0.892826 0.176283 -0.414471
vn -0.892826 0.176283 -0.414471
vn -0.892826 0.176283 -0.414471
vn -0.725797 0.314242 -0.611940
vn -0.725797 0.314242 -0.611940
vn -0.725797 0.314242 -0.611940
vn -0.725797 0.314242 -0.611940
vn -0.864468 0.214097 -0.454817
vn -0.864468 0.214097 -0.454817
vn -0.864468 0.214097 -0.454817
vn -0.864468 0.214097 -0.454817
vn -0.956548 0.283515 0.068079
vn -0.956548 0.283515 0.068079
vn -0.956548 0.283515 0.068079
vn -0.956548 0.283515 0.068079
vn -0.982448 0.179336 -0.051339
vn -0.982447 0.179336 -0.051339
vn -0.982447 0.179336 -0.051339
vn -0.982448 0.179336 -0.051339
vn -0.938714 0.216514 -0.268213
vn -0.938714 0.216514 -0.268213
vn -0.938714 0.216514 -0.268213
vn -0.938714 0.216514 -0.268213
vn -0.974351 0.211951 -0.075613
vn -0.974351 0.211951 -0.075613
vn -0.974351 0.211951 -0.075613
vn -0.974351 0.211951 -0.075613
vn -0.956898 0.263674 0.121744
vn -0.956898 0.263674 0.121744
vn -0.956898 0.263674 0.121744
vn -0.956898 0.263674 0.121744
vn -0.918863 0.356817 0.168442
vn -0.918863 0.356817 0.168442
vn -0.918863 0.356817 0.168442
vn -0.918863 0.356817 0.168442
vn -0.945552 0.325008 -0.017335
vn -0.945552 0.325008 -0.017335
vn -0.945552 0.325008 -0.017335
vn -0.945552 0.325008 -0.017335
vn -0.886018 0.229194 0.403042
vn -0.886018 0.229194 0.403042
vn -0.886018 0.229194 0.403042
vn -0.886018 0.229194 0.403042
vn -0.919610 0.172765 0.352802
vn -0.919610 0.172765 0.352802
vn -0.919610 0.172765 0.352802
vn -0.919610 0.172765 0.352802
vn -0.858756 0.221640 0.461967
vn -0.858756 0.221640 0.461967
vn -0.858756 0.221640 0.461967
vn -0.858756 0.221640 0.461967
vn -0.600222 0.221992 0.768410
vn -0.600222 0.221992 0.768410
vn -0.600222 0.221992 0.768410
vn -0.600222 0.221992 0.768410
vn -0.687881 0.209259 0.695004
vn -0.687881 0.209259 0.695004
vn -0.687881 0.209259 0.695004
vn -0.687881 0.209259 0.695004
vn -0.727840 0.260171 0.634476
vn -0.727840 0.260171 0.634476
vn -0.727840 0.260171 0.634476
vn -0.727840 0.260171 0.634476
vn -0.764246 0.244841 0.596642
vn -0.764246 0.244841 0.596642
vn -0.764246 0.244841 0.596642
vn -0.764246 0.244841 0.596642
vn -0.453714 0.414649 0.788803
vn -0.453714 0.414649 0.788803
vn -0.453714 0.414649 0.788803
vn -0.453714 0.414649 0.788803
vn -0.349720 0.416353 0.839254
vn -0.349720 0.416352 0.839254
vn -0.349720 0.416352 0.839254
vn -0.349720 0.416352 0.839254
vn -0.578690 0.302239 0.757476
vn -0.578690 0.302239 0.757476
vn -0.578690 0.302239 0.757476
vn -0.578690 0.302239 0.757476
vn -0.189508 0.467995 0.863173
vn -0.189508 0.467995 0.863173
vn -0.189508 0.467995 0.863173
vn -0.189508 0.467995 0.863173
vn -0.156224 0.456888 0.875698
vn -0.156224 0.456888 0.875698
vn -0.156224 0.456888 0.875698
vn -0.156224 0.456888 0.875698
vn 0.325585 0.421364 0.846432
vn 0.325585 0.421364 0.846432
vn 0.325585 0.421364 0.846432
vn 0.325585 0.421364 0.846432
vn 0.110181 0.433978 0.894161
vn 0.110181 0.433978 0.894161
vn 0.110181 0.433978 0.894161
vn 0.110181 0.433978 0.894161
vn -0.040081 0.427327 0.903208
vn -0.040081 0.427327 0.903208
vn -0.040081 0.427327 0.903208
vn -0.040081 0.427327 0.903208
vn 0.595567 0.391489 0.701453
vn 0.595567 0.391489 0.701453
vn 0.595567 0.391489 0.701453
vn 0.595567 0.391490 0.701453
vn 0.422275 0.430094 0.797937
vn 0.422275 0.430094 0.797937
vn 0.422275 0.430094 0.797937
vn 0.422275 0.430094 0.797937
vn 0.376052 0.474472 0.795903
vn 0.376052 0.474472 0.795903
vn 0.376052 0.474472 0.795903
vn 0.376052 0.474472 0.795903
vn 0.733108 0.291185 0.614625
vn 0.733108 0.291185 0.614625
vn 0.733108 0.291185 0.614625
vn 0.733108 0.291185 0.614625
vn 0.656041 0.389064 0.646714
vn 0.656041 0.389064 0.646714
vn 0.656042 0.389064 0.646714
vn 0.656041 0.389064 0.646714
vn 0.665037 0.344142 0.662791
vn 0.665037 0.344142 0.662791
vn 0.665037 0.344142 0.662791
vn 0.665037 0.344142 0.662791
vn 0.947155 0.149712 0.283697
vn 0.947155 0.149712 0.283697
vn 0.947155 0.149712 0.283697
vn 0.947155 0.149712 0.283697
vn 0.900163 0.160348 0.404964
vn 0.900163 0.160348 0.404964
vn 0.900163 0.160348 0.404964
vn 0.900163 0.160348 0.404964
vn 0.819151 0.249571 0.516437
vn 0.819150 0.249571 0.516437
vn 0.819151 0.249571 0.516437
vn 0.819151 0.249571 0.516437
vn 0.968095 0.241791 0.065802
vn 0.968095 0.241791 0.065802
vn 0.968095 0.241791 0.065802
vn 0.968095 0.241791 0.065802
vn 0.960809 0.194164 0.197854
vn 0.960809 0.194164 0.197854
vn 0.960809 0.194164 0.197854
vn 0.960809 0.194164 0.197854
vn 0.944215 0.252766 0.211111
vn 0.944215 0.252766 0.211111
vn 0.944215 0.252766 0.211111
vn 0.944215 0.252766 0.211111
vn 0.879649 0.409892 -0.241258
vn 0.879649 0.409892 -0.241258
vn 0.879649 0.409892 -0.241258
vn 0.879649 0.409892 -0.241258
vn 0.924926 0.375261 -0.060758
vn 0.924926 0.375261 -0.060758
vn 0.924926 0.375261 -0.060758
vn 0.924926 0.375261 -0.060758
vn 0.977972 0.208706 0.003540
vn 0.977972 0.208706 0.003540
vn 0.977972 0.208706 0.003540
vn 0.977972 0.208706 0.003540
vn 0.956500 0.262511 -0.127260
vn 0.956501 0.262511 -0.127260
vn 0.956501 0.262511 -0.127260
vn 0.956501 0.262511 -0.127260
vn 0.845241 0.183975 -0.501717
vn 0.845241 0.183975 -0.501717
vn 0.845241 0.183975 -0.501717
vn 0.845241 0.183975 -0.501717
vn 0.913482 0.036141 -0.405271
vn 0.913482 0.036141 -0.405271
vn 0.913482 0.036141 -0.405271
vn 0.913482 0.036141 -0.405271
vn 0.943395 0.063787 -0.325481
vn 0.943395 0.063787 -0.325481
vn 0.943395 0.063787 -0.325481
vn 0.943395 0.063787 -0.325481
vn 0.922068 -0.000034 -0.387028
vn 0.922068 -0.000034 -0.387028
vn 0.922068 -0.000034 -0.387028
vn 0.922068 -0.000034 -0.387028
vn 0.686240 0.200281 -0.699258
vn 0.686240 0.200281 -0.699258
vn 0.686240 0.200281 -0.699258
vn 0.686240 0.200281 -0.699258
vn 0.622290 0.310844 -0.718423
vn 0.622290 0.310844 -0.718423
vn 0.622290 0.310844 -0.718423
vn 0.622290 0.310844 -0.718423
vn 0.675545 0.282642 -0.680994
vn 0.675545 0.282642 -0.680994
vn 0.675545 0.282642 -0.680994
vn 0.675545 0.282642 -0.680994
vn 0.759085 0.263162 -0.595429
vn 0.759085 0.263162 -0.595429
vn 0.759085 0.263162 -0.595429
vn 0.759085 0.263162 -0.595429
vn 0.508552 0.517655 -0.688047
vn 0.508552 0.517655 -0.688047
vn 0.508552 0.517655 -0.688047
vn 0.508552 0.517655 -0.688047
vn 0.291338 0.574736 -0.764723
vn 0.291338 0.574736 -0.764723
vn 0.291338 0.574736 -0.764723
vn 0.291338 0.574736 -0.764723
vn 0.564442 0.245069 -0.788256
vn 0.564442 0.245069 -0.788256
vn 0.564442 0.245069 -0.788255
vn 0.564442 0.245069 -0.788256
vn 0.442780 0.466070 -0.765980
vn 0.442780 0.466070 -0.765979
vn 0.442780 0.466070 -0.765980
vn 0.442780 0.466070 -0.765980
vn -0.010325 0.374145 -0.927313
vn -0.010325 0.374145 -0.927313
vn -0.010325 0.374145 -0.927313
vn -0.010325 0.374145 -0.927313
vn 0.163864 0.473424 -0.865458
vn 0.163864 0.473424 -0.865458
vn 0.163864 0.473424 -0.865458
vn 0.163864 0.473425 -0.865458
vn 0.164344 0.528260 -0.833026
vn 0.164344 0.528260 -0.833026
vn 0.164344 0.528260 -0.833026
vn 0.164344 0.528260 -0.833026
vn 0.199968 0.516386 -0.832682
vn 0.199968 0.516386 -0.832682
vn 0.199968 0.516386 -0.832682
vn 0.199968 0.516386 -0.832682
vn -0.273798 0.404949 -0.872382
vn -0.273798 0.404949 -0.872382
vn -0.273798 0.404949 -0.872382
vn -0.273798 0.404949 -0.872382
vn -0.241570 0.495435 -0.834379
vn -0.241570 0.495435 -0.834379
vn -0.241570 0.495435 -0.834379
vn -0.241570 0.495435 -0.834379
vn -0.038599 0.473239 -0.880088
vn -0.038599 0.473239 -0.880088
vn -0.038599 0.473239 -0.880088
vn -0.038599 0.473239 -0.880088
vn -0.494353 0.435548 -0.752272
vn -0.494353 0.435548 -0.752272
vn -0.494353 0.435548 -0.752272
vn -0.494353 0.435548 -0.752272
vn -0.363095 0.468283 -0.805527
vn -0.363095 0.468283 -0.805527
vn -0.363095 0.468283 -0.805527
vn -0.363095 0.468283 -0.805527
vn -0.751163 0.137498 -0.645638
vn -0.751163 0.137498 -0.645638
vn -0.751163 0.137498 -0.645638
vn -0.751163 0.137498 -0.645638
vn -0.653983 0.309949 -0.690100
vn -0.653983 0.309949 -0.690100
vn -0.653983 0.309949 -0.690100
vn -0.653983 0.309949 -0.690100
vn -0.903967 0.079357 -0.420173
vn -0.903967 0.079357 -0.420173
vn -0.903967 0.079357 -0.420174
vn -0.903967 0.079357 -0.420173
vn -0.769742 0.071023 -0.634392
vn -0.769742 0.071023 -0.634392
vn -0.769742 0.071023 -0.634392
vn -0.769742 0.071023 -0.634392
vn -0.871275 0.099158 -0.480674
vn -0.871275 0.099158 -0.480674
vn -0.871275 0.099158 -0.480674
vn -0.871275 0.099158 -0.480674
vn -0.991758 0.091498 0.089695
vn -0.991758 0.091498 0.089695
vn -0.991758 0.091498 0.089695
vn -0.991758 0.091498 0.089695
vn -0.996163 0.086955 -0.009952
vn -0.996163 0.086955 -0.009952
vn -0.996163 0.086955 -0.009952
vn -0.996163 0.086955 -0.009952
vn -0.974382 0.093264 -0.204652
vn -0.974382 0.093264 -0.204652
vn -0.974382 0.093264 -0.204652
vn -0.974382 0.093264 -0.204652
vn -0.989043 0.072336 -0.128688
vn -0.989043 0.072336 -0.128688
vn -0.989043 0.072336 -0.128688
vn -0.989043 0.072336 -0.128688
vn -0.998146 -0.016955 0.058452
vn -0.998146 -0.016955 0.058452
vn -0.998146 -0.016955 0.058452
vn -0.998146 -0.016955 0.058452
vn -0.985743 0.063490 0.155817
vn -0.985743 0.063490 0.155817
vn -0.985744 0.063490 0.155817
vn -0.985743 0.063490 0.155817
vn -0.992506 0.121117 0.016204
vn -0.992506 0.121117 0.016204
vn -0.992506 0.121117 0.016204
vn -0.992506 0.121117 0.016204
vn -0.876395 0.127276 0.464471
vn -0.876395 0.127276 0.464471
vn -0.876395 0.127276 0.464471
vn -0.876395 0.127276 0.464471
vn -0.914278 0.156802 0.373510
vn -0.914278 0.156801 0.373510
vn -0.914278 0.156802 0.373510
vn -0.914278 0.156801 0.373510
vn -0.891832 0.111926 0.438302
vn -0.891832 0.111926 0.438302
vn -0.891832 0.111926 0.438302
vn -0.891832 0.111926 0.438302
vn -0.597624 0.238111 0.765603
vn -0.597624 0.238111 0.765603
vn -0.597624 0.238111 0.765603
vn -0.597624 0.238111 0.765603
vn -0.720917 0.272575 0.637167
vn -0.720917 0.272575 0.637167
vn -0.720917 0.272575 0.637167
vn -0.720917 0.272575 0.637167
vn -0.733192 0.253273 0.631096
vn -0.733192 0.253273 0.631096
vn -0.733192 0.253273 0.631096
vn -0.733192 0.253273 0.631096
vn -0.755003 0.257345 0.603112
vn -0.755003 0.257345 0.603112
vn -0.755003 0.257345 0.603112
vn -0.755003 0.257345 0.603112
vn -0.459273 0.365478 0.809626
vn -0.459273 0.365478 0.809626
vn -0.459273 0.365478 0.809626
vn -0.459273 0.365478 0.809626
vn -0.362979 0.392312 0.845185
vn -0.362979 0.392312 0.845185
vn -0.362979 0.392312 0.845185
vn -0.362979 0.392312 0.845185
vn -0.516442 0.313130 0.797018
vn -0.516442 0.313130 0.797018
vn -0.516442 0.313130 0.797018
vn -0.516442 0.313130 0.797018
vn -0.186975 0.506392 0.841789
vn -0.186975 0.506392 0.841789
vn -0.186975 0.506392 0.841789
vn -0.186975 0.506392 0.841789
vn -0.132675 0.451475 0.882365
vn -0.132675 0.451475 0.882365
vn -0.132675 0.451475 0.882365
vn -0.132675 0.451475 0.882365
vn 0.332296 0.472020 0.816564
vn 0.332296 0.472020 0.816564
vn 0.332296 0.472020 0.816564
vn 0.332296 0.472020 0.816564
vn 0.060925 0.478212 0.876129
vn 0.060925 0.478212 0.876129
vn 0.060925 0.478212 0.876129
vn 0.060925 0.478212 0.876129
vn -0.013237 0.459820 0.887914
vn -0.013237 0.459820 0.887914
vn -0.013237 0.459820 0.887914
vn -0.013237 0.459820 0.887914
vn 0.584388 0.416719 0.696301
vn 0.584388 0.416719 0.696301
vn 0.584388 0.416719 0.696301
vn 0.584388 0.416719 0.696301
vn 0.422815 0.435271 0.794837
vn 0.422815 0.435271 0.794837
vn 0.422815 0.435271 0.794837
vn 0.422815 0.435271 0.794837
vn 0.379588 0.421757 0.823429
vn 0.379588 0.421757 0.823429
vn 0.379588 0.421757 0.823429
vn 0.379588 0.421757 0.823429
vn 0.743022 0.265422 0.614385
vn 0.743022 0.265422 0.614385
vn 0.743022 0.265422 0.614385
vn 0.743022 0.265422 0.614385
vn 0.640863 0.306536 0.703798
vn 0.640863 0.306536 0.703797
vn 0.640863 0.306536 0.703797
vn 0.640863 0.306536 0.703797
vn 0.669248 0.246469 0.700971
vn 0.669248 0.246469 0.700971
vn 0.669248 0.246469 0.700971
vn 0.669248 0.246469 0.700971
vn 0.955865 -0.000799 0.293804
vn 0.955865 -0.000799 0.293804
vn 0.955865 -0.000799 0.293804
vn 0.955865 -0.000799 0.293804
vn 0.858969 0.227283 0.458819
vn 0.858969 0.227283 0.458819
vn 0.858969 0.227283 0.458819
vn 0.858969 0.227283 0.458819
vn 0.811660 0.301143 0.500521
vn 0.811660 0.301143 0.500521
vn 0.811660 0.301143 0.500521
vn 0.811660 0.301143 0.500521
vn 0.982530 -0.124373 0.138443
vn 0.982530 -0.124373 0.138443
vn 0.982530 -0.124373 0.138443
vn 0.982530 -0.124373 0.138443
vn 0.960303 -0.138830 0.241957
vn 0.960304 -0.138830 0.241957
vn 0.960303 -0.138830 0.241957
vn 0.960303 -0.138830 0.241957
vn 0.981151 -0.115683 0.154794
vn 0.981150 -0.115683 0.154794
vn 0.981150 -0.115683 0.154794
vn 0.981150 -0.115683 0.154794
vn 0.973042 0.047772 -0.225626
vn 0.973042 0.047772 -0.225626
vn 0.973042 0.047772 -0.225626
vn 0.973042 0.047772 -0.225626
vn 0.958533 -0.014026 -0.284637
vn 0.958533 -0.014026 -0.284637
vn 0.958533 -0.014026 -0.284637
vn 0.958533 -0.014026 -0.284637
vn 0.985810 -0.160138 -0.050345
vn 0.985810 -0.160138 -0.050345
vn 0.985810 -0.160138 -0.050345
vn 0.985810 -0.160138 -0.050345
vn 0.983452 -0.106932 -0.146248
vn 0.983452 -0.106932 -0.146248
vn 0.983452 -0.106932 -0.146248
vn 0.983452 -0.106932 -0.146248
vn 0.726627 0.632487 -0.268279
vn 0.726627 0.632487 -0.268279
vn 0.726627 0.632487 -0.268279
vn 0.726627 0.632487 -0.268279
vn 0.683798 0.672847 -0.282306
vn 0.683798 0.672847 -0.282306
vn 0.683798 0.672847 -0.282306
vn 0.683798 0.672847 -0.282306
vn 0.610310 0.762420 -0.215028
vn 0.610310 0.762420 -0.215028
vn 0.610310 0.762420 -0.215028
vn 0.610310 0.762420 -0.215028
vn 0.486259 0.806901 -0.335356
vn 0.486259 0.806901 -0.335356
vn 0.486259 0.806901 -0.335356
vn 0.486259 0.806901 -0.335356
vn 0.450193 0.716277 -0.533173
vn 0.450193 0.716277 -0.533173
vn 0.450193 0.716277 -0.533173
vn 0.450193 0.716277 -0.533173
vn 0.679898 0.599259 -0.422643
vn 0.679898 0.599259 -0.422643
vn 0.679898 0.599259 -0.422643
vn 0.679898 0.599259 -0.422643
vn 0.380076 0.761243 -0.525406
vn 0.380076 0.761243 -0.525406
vn 0.380076 0.761243 -0.525406
vn 0.380076 0.761243 -0.525406
vn 0.463710 0.626906 -0.626068
vn 0.463710 0.626906 -0.626068
vn 0.463710 0.626906 -0.626068
vn 0.463710 0.626906 -0.626068
vn 0.355100 0.787962 -0.503011
vn 0.355100 0.787962 -0.503011
vn 0.355100 0.787962 -0.503011
vn 0.355100 0.787962 -0.503011
vn 0.248421 0.747859 -0.615626
vn 0.248421 0.747859 -0.615626
vn 0.248421 0.747859 -0.615625
vn 0.248421 0.747859 -0.615626
vn 0.370839 0.642652 -0.670430
vn 0.370839 0.642652 -0.670430
vn 0.370839 0.642652 -0.670430
vn 0.370839 0.642652 -0.670430
vn 0.386057 0.657942 -0.646586
vn 0.386057 0.657942 -0.646586
vn 0.386057 0.657942 -0.646586
vn 0.386057 0.657942 -0.646586
vn 0.202211 0.703646 -0.681171
vn 0.202211 0.703646 -0.681171
vn 0.202211 0.703646 -0.681171
vn 0.202211 0.703646 -0.681171
vn 0.138496 0.686879 -0.713453
vn 0.138496 0.686879 -0.713453
vn 0.138496 0.686879 -0.713453
vn 0.138496 0.686879 -0.713453
vn -0.096543 0.817266 -0.568117
vn -0.096543 0.817266 -0.568117
vn -0.096543 0.817266 -0.568117
vn -0.096543 0.817266 -0.568117
vn 0.246890 0.727549 -0.640092
vn 0.246890 0.727549 -0.640092
vn 0.246890 0.727549 -0.640092
vn 0.246890 0.727549 -0.640092
vn 0.010170 0.858755 -0.512286
vn 0.010170 0.858755 -0.512286
vn 0.010170 0.858755 -0.512286
vn 0.010170 0.858755 -0.512286
vn -0.202824 0.775502 -0.597880
vn -0.202824 0.775501 -0.597880
vn -0.202824 0.775501 -0.597880
vn -0.202824 0.775501 -0.597880
vn -0.103014 0.801233 -0.589418
vn -0.103014 0.801233 -0.589418
vn -0.103014 0.801233 -0.589418
vn -0.103014 0.801233 -0.589418
vn -0.290685 0.767342 -0.571567
vn -0.290685 0.767342 -0.571567
vn -0.290685 0.767342 -0.571567
vn -0.290685 0.767342 -0.571567
vn -0.351114 0.764453 -0.540677
vn -0.351114 0.764453 -0.540677
vn -0.351114 0.764453 -0.540677
vn -0.351114 0.764453 -0.540677
vn -0.430284 0.744954 -0.509802
vn -0.430284 0.744954 -0.509802
vn -0.430284 0.744954 -0.509802
vn -0.430284 0.744954 -0.509802
vn -0.490492 0.692951 -0.528428
vn -0.490492 0.692951 -0.528428
vn -0.490492 0.692951 -0.528428
vn -0.490492 0.692951 -0.528428
vn -0.597856 0.680107 -0.424291
vn -0.597856 0.680107 -0.424291
vn -0.597856 0.680107 -0.424291
vn -0.597856 0.680107 -0.424291
vn -0.655214 0.660998 -0.365755
vn -0.655214 0.660998 -0.365755
vn -0.655214 0.660998 -0.365755
vn -0.655214 0.660998 -0.365755
vn -0.694835 0.647351 -0.313274
vn -0.694835 0.647351 -0.313274
vn -0.694835 0.647351 -0.313274
vn -0.694835 0.647351 -0.313274
vn -0.746339 0.658797 -0.094678
vn -0.746339 0.658797 -0.094678
vn -0.746339 0.658797 -0.094678
vn -0.746339 0.658797 -0.094678
vn -0.731519 0.665305 -0.149160
vn -0.731519 0.665305 -0.149160
vn -0.731519 0.665305 -0.149160
vn -0.731519 0.665305 -0.149160
vn -0.897360 0.434511 -0.077107
vn -0.897360 0.434511 -0.077107
vn -0.897360 0.434511 -0.077107
vn -0.897360 0.434511 -0.077107
vn -0.773091 0.634204 -0.010742
vn -0.773091 0.634204 -0.010742
vn -0.773091 0.634204 -0.010742
vn -0.773091 0.634204 -0.010742
vn -0.883273 0.440313 0.161099
vn -0.883273 0.440313 0.161099
vn -0.883273 0.440313 0.161099
vn -0.883273 0.440313 0.161099
vn -0.671898 0.729789 0.126337
vn -0.671898 0.729789 0.126337
vn -0.671898 0.729789 0.126337
vn -0.671898 0.729789 0.126337
vn -0.792363 0.601232 0.103353
vn -0.792363 0.601231 0.103353
vn -0.792363 0.601231 0.103353
vn -0.792363 0.601232 0.103353
vn -0.735839 0.633052 0.240388
vn -0.735839 0.633052 0.240388
vn -0.735839 0.633052 0.240388
vn -0.735839 0.633052 0.240388
vn -0.773440 0.515471 0.368889
vn -0.773440 0.515471 0.368889
vn -0.773440 0.515472 0.368889
vn -0.773440 0.515471 0.368889
vn -0.536105 0.704918 0.464415
vn -0.536105 0.704918 0.464415
vn -0.536105 0.704918 0.464415
vn -0.536105 0.704918 0.464415
vn -0.521922 0.741974 0.420800
vn -0.521922 0.741974 0.420800
vn -0.521922 0.741974 0.420800
vn -0.521922 0.741974 0.420800
vn -0.562249 0.705458 0.431516
vn -0.562249 0.705458 0.431516
vn -0.562249 0.705458 0.431516
vn -0.562249 0.705458 0.431516
vn -0.372297 0.780765 0.501797
vn -0.372297 0.780765 0.501797
vn -0.372297 0.780765 0.501797
vn -0.372297 0.780765 0.501797
vn -0.632822 0.670721 0.386871
vn -0.632822 0.670721 0.386871
vn -0.632822 0.670721 0.386871
vn -0.632822 0.670721 0.386871
vn -0.274033 0.801292 0.531824
vn -0.274033 0.801292 0.531824
vn -0.274033 0.801292 0.531824
vn -0.274033 0.801292 0.531824
vn -0.185811 0.771070 0.609037
vn -0.185811 0.771070 0.609037
vn -0.185811 0.771070 0.609037
vn -0.185811 0.771070 0.609037
vn -0.381900 0.720456 0.578875
vn -0.381900 0.720456 0.578875
vn -0.381900 0.720456 0.578875
vn -0.381900 0.720456 0.578875
vn -0.030044 0.812804 0.581763
vn -0.030044 0.812804 0.581763
vn -0.030044 0.812804 0.581763
vn -0.030044 0.812804 0.581763
vn -0.144176 0.793737 0.590927
vn -0.144176 0.793737 0.590927
vn -0.144176 0.793737 0.590927
vn -0.144176 0.793737 0.590927
vn -0.064051 0.789750 0.610075
vn -0.064051 0.789750 0.610075
vn -0.064051 0.789751 0.610075
vn -0.064051 0.789750 0.610075
vn 0.061514 0.826625 0.559381
vn 0.061514 0.826625 0.559381
vn 0.061514 0.826625 0.559381
vn 0.061514 0.826625 0.559381
vn 0.253937 0.837066 0.484599
vn 0.253937 0.837066 0.484599
vn 0.253937 0.837066 0.484599
vn 0.253937 0.837066 0.484599
vn 0.196196 0.824420 0.530886
vn 0.196196 0.824420 0.530886
vn 0.196196 0.824420 0.530886
vn 0.196196 0.824420 0.530886
vn 0.425510 0.673633 0.604285
vn 0.425510 0.673633 0.604285
vn 0.425510 0.673633 0.604285
vn 0.425510 0.673633 0.604285
vn 0.294250 0.767241 0.569876
vn 0.294250 0.767241 0.569876
vn 0.294250 0.767241 0.569876
vn 0.294250 0.767241 0.569876
vn 0.485284 0.608137 0.628226
vn 0.485284 0.608137 0.628226
vn 0.485284 0.608137 0.628226
vn 0.485284 0.608137 0.628226
vn 0.621470 0.624690 0.472797
vn 0.621471 0.624690 0.472797
vn 0.621471 0.624690 0.472797
vn 0.621470 0.624690 0.472797
vn 0.516375 0.704135 0.487392
vn 0.516375 0.704135 0.487392
vn 0.516375 0.704135 0.487392
vn 0.516375 0.704135 0.487392
vn 0.608301 0.678539 0.411770
vn 0.608301 0.678539 0.411770
vn 0.608301 0.678539 0.411770
vn 0.608301 0.678539 0.411770
vn 0.749040 0.604519 0.271101
vn 0.749040 0.604519 0.271101
vn 0.749040 0.604519 0.271101
vn 0.749040 0.604519 0.271101
vn 0.623995 0.677448 0.389479
vn 0.623995 0.677448 0.389479
vn 0.623995 0.677448 0.389479
vn 0.623995 0.677448 0.389479
vn 0.836534 0.521026 0.169539
vn 0.836534 0.521026 0.169539
vn 0.836534 0.521026 0.169539
vn 0.836534 0.521026 0.169539
vn 0.840809 0.535726 0.077702
vn 0.840810 0.535726 0.077702
vn 0.840809 0.535726 0.077702
vn 0.840809 0.535726 0.077702
vn 0.821762 0.520450 0.232034
vn 0.821762 0.520450 0.232034
vn 0.821762 0.520450 0.232034
vn 0.821762 0.520450 0.232034
vn 0.810601 0.579009 -0.087608
vn 0.810601 0.579009 -0.087608
vn 0.810601 0.579009 -0.087608
vn 0.810601 0.579009 -0.087608
vn 0.765488 0.636703 -0.092938
vn 0.765488 0.636703 -0.092938
vn 0.765488 0.636703 -0.092938
vn 0.765488 0.636703 -0.092938
vn 0.796153 0.569113 -0.205550
vn 0.796153 0.569113 -0.205550
vn 0.796153 0.569113 -0.205550
vn 0.796154 0.569113 -0.205550
vn 0.787309 0.574379 -0.224127
vn 0.787309 0.574379 -0.224127
vn 0.787309 0.574379 -0.224127
vn 0.787309 0.574379 -0.224127
vn 0.265565 0.959328 -0.095739
vn 0.265565 0.959327 -0.095739
vn 0.265565 0.959328 -0.095739
vn 0.265565 0.959327 -0.095739
vn 0.248602 0.955921 -0.156243
vn 0.248602 0.955921 -0.156243
vn 0.248602 0.955921 -0.156243
vn 0.248602 0.955921 -0.156243
vn 0.380642 0.924695 -0.007086
vn 0.380642 0.924695 -0.007086
vn 0.380642 0.924695 -0.007086
vn 0.380642 0.924695 -0.007086
vn 0.251521 0.939511 -0.232502
vn 0.251521 0.939511 -0.232502
vn 0.251521 0.939511 -0.232502
vn 0.251521 0.939511 -0.232502
vn 0.199462 0.947169 -0.251169
vn 0.199462 0.947169 -0.251169
vn 0.199462 0.947169 -0.251169
vn 0.199462 0.947169 -0.251169
vn 0.148073 0.987197 0.059298
vn 0.148073 0.987197 0.059298
vn 0.148073 0.987197 0.059298
vn 0.148072 0.987197 0.059298
vn 0.440744 0.852076 -0.282332
vn 0.440745 0.852076 -0.282332
vn 0.440744 0.852076 -0.282332
vn 0.440745 0.852076 -0.282332
vn 0.479452 0.848137 -0.225364
vn 0.479452 0.848137 -0.225364
vn 0.479452 0.848137 -0.225364
vn 0.479452 0.848137 -0.225364
vn 0.302543 0.952917 -0.020412
vn 0.302543 0.952917 -0.020412
vn 0.302543 0.952917 -0.020412
vn 0.302543 0.952917 -0.020412
vn 0.276384 0.953079 -0.123500
vn 0.276384 0.953079 -0.123500
vn 0.276384 0.953079 -0.123500
vn 0.276384 0.953079 -0.123500
vn 0.255620 0.954312 -0.154750
vn 0.255620 0.954312 -0.154750
vn 0.255620 0.954312 -0.154750
vn 0.255620 0.954312 -0.154750
vn 0.318208 0.940280 -0.120897
vn 0.318208 0.940280 -0.120897
vn 0.318208 0.940280 -0.120897
vn 0.318208 0.940280 -0.120897
vn 0.203809 0.934565 -0.291634
vn 0.203809 0.934565 -0.291634
vn 0.203809 0.934565 -0.291634
vn 0.203809 0.934565 -0.291634
vn 0.454867 0.878494 -0.146099
vn 0.454867 0.878494 -0.146099
vn 0.454867 0.878494 -0.146099
vn 0.454867 0.878494 -0.146099
vn 0.066245 0.834585 -0.546881
vn 0.066245 0.834585 -0.546881
vn 0.066245 0.834585 -0.546881
vn 0.066245 0.834585 -0.546881
vn 0.302865 0.852325 -0.426398
vn 0.302865 0.852325 -0.426398
vn 0.302865 0.852325 -0.426398
vn 0.302865 0.852325 -0.426398
vn 0.002261 0.998310 -0.058065
vn 0.002261 0.998310 -0.058065
vn 0.002261 0.998310 -0.058065
vn 0.002261 0.998310 -0.058065
vn 0.079626 0.992136 -0.096576
vn 0.079626 0.992135 -0.096576
vn 0.079626 0.992135 -0.096576
vn 0.079626 0.992136 -0.096576
vn 0.056830 0.903163 -0.425520
vn 0.056830 0.903163 -0.425520
vn 0.056830 0.903163 -0.425520
vn 0.056830 0.903163 -0.425520
vn 0.136673 0.975299 -0.173528
vn 0.136673 0.975299 -0.173528
vn 0.136673 0.975299 -0.173528
vn 0.136673 0.975299 -0.173528
vn 0.359345 0.871291 -0.334250
vn 0.359345 0.871291 -0.334250
vn 0.359345 0.871291 -0.334250
vn 0.359345 0.871291 -0.334250
vn 0.240389 0.935112 -0.260342
vn 0.240389 0.935112 -0.260342
vn 0.240389 0.935112 -0.260342
vn 0.240389 0.935112 -0.260342
vn 0.243993 0.943504 -0.224203
vn 0.243993 0.943505 -0.224203
vn 0.243993 0.943504 -0.224203
vn 0.243993 0.943504 -0.224203
vn 0.303193 0.949926 -0.075598
vn 0.303193 0.949926 -0.075598
vn 0.303193 0.949926 -0.075598
vn 0.303193 0.949926 -0.075598
vn 0.272974 0.917444 -0.289452
vn 0.272974 0.917444 -0.289452
vn 0.272974 0.917444 -0.289452
vn 0.272974 0.917444 -0.289452
vn 0.253934 0.863328 -0.436099
vn 0.253934 0.863328 -0.436099
vn 0.253934 0.863328 -0.436099
vn 0.253934 0.863328 -0.436099
vn 0.113469 0.958198 -0.262644
vn 0.113469 0.958198 -0.262644
vn 0.113469 0.958198 -0.262644
vn 0.113469 0.958198 -0.262644
vn 0.263263 0.872513 -0.411600
vn 0.263263 0.872513 -0.411599
vn 0.263263 0.872513 -0.411600
vn 0.263263 0.872513 -0.411599
vn 0.027848 0.914233 -0.404230
vn 0.027848 0.914233 -0.404230
vn 0.027848 0.914233 -0.404230
vn 0.027848 0.914233 -0.404230
vn 0.235348 0.921360 -0.309365
vn 0.235348 0.921360 -0.309365
vn 0.235348 0.921360 -0.309365
vn 0.235348 0.921360 -0.309365
vn 0.127641 0.942209 -0.309757
vn 0.127641 0.942209 -0.309757
vn 0.127641 0.942209 -0.309757
vn 0.127641 0.942209 -0.309757
vn 0.075405 0.952274 -0.295786
vn 0.075405 0.952274 -0.295786
vn 0.075405 0.952274 -0.295786
vn 0.075405 0.952274 -0.295786
vn -0.158440 0.970089 -0.183911
vn -0.158440 0.970089 -0.183911
vn -0.158440 0.970089 -0.183911
vn -0.158440 0.970090 -0.183911
vn 0.131822 0.929302 -0.344994
vn 0.131822 0.929302 -0.344994
vn 0.131822 0.929302 -0.344994
vn 0.131822 0.929302 -0.344994
vn 0.271875 0.962330 -0.002457
vn 0.271875 0.962329 -0.002457
vn 0.271875 0.962330 -0.002457
vn 0.271875 0.962330 -0.002457
vn 0.248346 0.964893 -0.085468
vn 0.248346 0.964894 -0.085468
vn 0.248346 0.964894 -0.085468
vn 0.248346 0.964893 -0.085468
vn 0.214883 0.898376 -0.383074
vn 0.214883 0.898376 -0.383074
vn 0.214883 0.898376 -0.383074
vn 0.214883 0.898376 -0.383074
vn 0.021558 0.887462 -0.460377
vn 0.021558 0.887462 -0.460377
vn 0.021558 0.887462 -0.460377
vn 0.021558 0.887462 -0.460377
vn -0.081827 0.928343 -0.362606
vn -0.081827 0.928343 -0.362606
vn -0.081827 0.928344 -0.362606
vn -0.081827 0.928344 -0.362606
vn 0.143922 0.954136 -0.262510
vn 0.143922 0.954136 -0.262510
vn 0.143922 0.954136 -0.262510
vn 0.143922 0.954136 -0.262510
vn 0.107345 0.979193 -0.172215
vn 0.107345 0.979193 -0.172215
vn 0.107345 0.979193 -0.172215
vn 0.107345 0.979193 -0.172215
vn -0.137065 0.936877 -0.321673
vn -0.137065 0.936878 -0.321673
vn -0.137065 0.936877 -0.321673
vn -0.137065 0.936877 -0.321673
vn 0.053365 0.951065 -0.304347
vn 0.053365 0.951065 -0.304347
vn 0.053365 0.951065 -0.304347
vn 0.053365 0.951065 -0.304347
vn 0.041540 0.967958 -0.247651
vn 0.041540 0.967958 -0.247651
vn 0.041540 0.967958 -0.247651
vn 0.041540 0.967958 -0.247651
vn 0.107477 0.988277 -0.108432
vn 0.107477 0.988277 -0.108432
vn 0.107477 0.988277 -0.108432
vn 0.107477 0.988277 -0.108432
vn 0.218747 0.955011 -0.200259
vn 0.218747 0.955011 -0.200259
vn 0.218747 0.955011 -0.200259
vn 0.218747 0.955011 -0.200259
vn 0.051722 0.957577 -0.283500
vn 0.051722 0.957577 -0.283500
vn 0.051722 0.957577 -0.283500
vn 0.051722 0.957577 -0.283500
vn -0.078365 0.972960 -0.217275
vn -0.078365 0.972960 -0.217275
vn -0.078365 0.972960 -0.217275
vn -0.078365 0.972960 -0.217275
vn -0.008975 0.914084 -0.405425
vn -0.008975 0.914084 -0.405425
vn -0.008975 0.914084 -0.405425
vn -0.008975 0.914084 -0.405425
vn -0.059506 0.948673 -0.310611
vn -0.059506 0.948673 -0.310611
vn -0.059506 0.948673 -0.310611
vn -0.059506 0.948673 -0.310611
vn -0.059628 0.965954 -0.251748
vn -0.059628 0.965954 -0.251748
vn -0.059628 0.965954 -0.251748
vn -0.059628 0.965954 -0.251748
vn -0.112991 0.950089 -0.290799
vn -0.112991 0.950089 -0.290799
vn -0.112991 0.950089 -0.290799
vn -0.112991 0.950089 -0.290799
vn 0.109909 0.973552 -0.200294
vn 0.109909 0.973551 -0.200294
vn 0.109909 0.973551 -0.200294
vn 0.109909 0.973552 -0.200294
vn -0.078347 0.957275 -0.278363
vn -0.078347 0.957275 -0.278363
vn -0.078347 0.957275 -0.278363
vn -0.078347 0.957275 -0.278363
vn -0.004189 0.943991 -0.329944
vn -0.004189 0.943991 -0.329944
vn -0.004189 0.943991 -0.329944
vn -0.004189 0.943991 -0.329944
vn -0.098022 0.974979 -0.199517
vn -0.098022 0.974979 -0.199517
vn -0.098022 0.974979 -0.199517
vn -0.098022 0.974979 -0.199517
vn -0.070916 0.957139 -0.280812
vn -0.070916 0.957139 -0.280812
vn -0.070916 0.957139 -0.280812
vn -0.070916 0.957139 -0.280812
vn -0.189018 0.911584 -0.365086
vn -0.189018 0.911584 -0.365086
vn -0.189018 0.911584 -0.365086
vn -0.189018 0.911584 -0.365086
vn -0.235679 0.919501 -0.314600
vn -0.235679 0.919501 -0.314600
vn -0.235679 0.919501 -0.314600
vn -0.235679 0.919501 -0.314600
vn -0.126163 0.975670 -0.179309
vn -0.126163 0.975670 -0.179309
vn -0.126163 0.975670 -0.179309
vn -0.126163 0.975670 -0.179309
vn -0.211896 0.941553 -0.261873
vn -0.211896 0.941553 -0.261873
vn -0.211896 0.941553 -0.261873
vn -0.211896 0.941553 -0.261873
vn -0.105318 0.954216 -0.279966
vn -0.105318 0.954216 -0.279966
vn -0.105318 0.954216 -0.279966
vn -0.105318 0.954216 -0.279966
vn -0.077836 0.971460 -0.224069
vn -0.077836 0.971460 -0.224069
vn -0.077836 0.971460 -0.224069
vn -0.077836 0.971460 -0.224069
vn -0.199128 0.921929 -0.332259
vn -0.199128 0.921929 -0.332259
vn -0.199128 0.921928 -0.332259
vn -0.199128 0.921928 -0.332259
vn -0.263448 0.905047 -0.333893
vn -0.263448 0.905047 -0.333893
vn -0.263448 0.905047 -0.333893
vn -0.263448 0.905047 -0.333893
vn -0.083089 0.970421 -0.226672
vn -0.083089 0.970421 -0.226672
vn -0.083089 0.970421 -0.226672
vn -0.083089 0.970420 -0.226672
vn -0.148606 0.960289 -0.236136
vn -0.148606 0.960290 -0.236136
vn -0.148606 0.960289 -0.236136
vn -0.148606 0.960290 -0.236136
vn -0.121856 0.977201 -0.173865
vn -0.121856 0.977201 -0.173865
vn -0.121856 0.977201 -0.173865
vn -0.121856 0.977201 -0.173865
vn -0.151206 0.948639 -0.277885
vn -0.151206 0.948639 -0.277885
vn -0.151206 0.948639 -0.277885
vn -0.151206 0.948639 -0.277885
vn -0.350171 0.907103 -0.233546
vn -0.350171 0.907103 -0.233546
vn -0.350171 0.907103 -0.233546
vn -0.350171 0.907103 -0.233546
vn -0.341269 0.927482 -0.152683
vn -0.341269 0.927482 -0.152683
vn -0.341269 0.927482 -0.152683
vn -0.341269 0.927482 -0.152683
vn -0.341359 0.926120 -0.160549
vn -0.341359 0.926120 -0.160549
vn -0.341359 0.926120 -0.160549
vn -0.341359 0.926120 -0.160549
vn -0.228694 0.968161 -0.101798
vn -0.228694 0.968161 -0.101798
vn -0.228694 0.968161 -0.101798
vn -0.228694 0.968161 -0.101798
vn -0.267300 0.955976 -0.121080
vn -0.267300 0.955976 -0.121080
vn -0.267300 0.955976 -0.121080
vn -0.267300 0.955976 -0.121080
vn -0.243562 0.941241 -0.233974
vn -0.243562 0.941241 -0.233974
vn -0.243562 0.941241 -0.233974
vn -0.243562 0.941241 -0.233974
vn -0.233524 0.955479 -0.180353
vn -0.233524 0.955479 -0.180353
vn -0.233524 0.955479 -0.180353
vn -0.233524 0.955479 -0.180353
vn -0.268220 0.962325 -0.044588
vn -0.268220 0.962325 -0.044588
vn -0.268220 0.962325 -0.044588
vn -0.268220 0.962325 -0.044588
vn -0.320477 0.939407 -0.121695
vn -0.320477 0.939407 -0.121695
vn -0.320477 0.939407 -0.121695
vn -0.320477 0.939407 -0.121695
vn -0.418433 0.907233 0.042907
vn -0.418433 0.907233 0.042907
vn -0.418433 0.907233 0.042907
vn -0.418433 0.907233 0.042907
vn -0.335255 0.939963 -0.063830
vn -0.335255 0.939963 -0.063830
vn -0.335255 0.939963 -0.063830
vn -0.335255 0.939963 -0.063830
vn -0.429239 0.871318 -0.237822
vn -0.429239 0.871318 -0.237822
vn -0.429239 0.871318 -0.237822
vn -0.429239 0.871318 -0.237822
vn -0.402873 0.913813 -0.051375
vn -0.402873 0.913813 -0.051375
vn -0.402873 0.913813 -0.051375
vn -0.402873 0.913813 -0.051375
vn -0.440950 0.891886 0.100512
vn -0.440950 0.891886 0.100512
vn -0.440950 0.891886 0.100512
vn -0.440950 0.891886 0.100512
vn -0.467656 0.881598 -0.063895
vn -0.467656 0.881598 -0.063895
vn -0.467656 0.881598 -0.063895
vn -0.467656 0.881598 -0.063895
vn -0.186615 0.979842 -0.071302
vn -0.186615 0.979842 -0.071302
vn -0.186615 0.979842 -0.071302
vn -0.186615 0.979842 -0.071302
vn -0.391099 0.916200 -0.087285
vn -0.391099 0.916200 -0.087285
vn -0.391099 0.916200 -0.087285
vn -0.391099 0.916200 -0.087285
vn -0.320260 0.946464 -0.040486
vn -0.320260 0.946464 -0.040486
vn -0.320260 0.946464 -0.040486
vn -0.320260 0.946464 -0.040486
vn -0.320480 0.946745 0.031082
vn -0.320480 0.946745 0.031082
vn -0.320480 0.946745 0.031082
vn -0.320480 0.946745 0.031082
vn -0.385943 0.908939 -0.157726
vn -0.385943 0.908939 -0.157726
vn -0.385943 0.908939 -0.157726
vn -0.385943 0.908939 -0.157726
vn -0.386781 0.918914 -0.077448
vn -0.386781 0.918914 -0.077448
vn -0.386781 0.918914 -0.077448
vn -0.386781 0.918914 -0.077448
vn -0.386213 0.897651 0.212280
vn -0.386213 0.897651 0.212280
vn -0.386213 0.897651 0.212280
vn -0.386213 0.897651 0.212280
vn -0.454743 0.860902 0.228160
vn -0.454743 0.860902 0.228160
vn -0.454743 0.860902 0.228160
vn -0.454743 0.860902 0.228160
vn -0.463944 0.883559 0.063876
vn -0.463944 0.883559 0.063876
vn -0.463944 0.883559 0.063876
vn -0.463944 0.883559 0.063876
vn -0.243293 0.969786 -0.017962
vn -0.243293 0.969786 -0.017962
vn -0.243293 0.969787 -0.017962
vn -0.243293 0.969787 -0.017962
vn -0.114667 0.993315 -0.013302
vn -0.114667 0.993315 -0.013302
vn -0.114667 0.993315 -0.013302
vn -0.114667 0.993315 -0.013302
vn -0.190296 0.972266 0.135966
vn -0.190296 0.972266 0.135966
vn -0.190296 0.972266 0.135966
vn -0.190296 0.972266 0.135966
vn -0.150064 0.988676 0.000730
vn -0.150064 0.988676 0.000730
vn -0.150064 0.988676 0.000730
vn -0.150064 0.988676 0.000730
vn -0.312064 0.930156 0.193457
vn -0.312064 0.930156 0.193457
vn -0.312064 0.930156 0.193457
vn -0.312064 0.930156 0.193457
vn -0.027971 0.997084 0.071003
vn -0.027971 0.997084 0.071003
vn -0.027971 0.997084 0.071003
vn -0.027971 0.997084 0.071003
vn -0.482683 0.874459 0.048361
vn -0.482683 0.874459 0.048361
vn -0.482683 0.874459 0.048361
vn -0.482683 0.874459 0.048361
vn -0.298849 0.935999 0.185999
vn -0.298849 0.935999 0.185999
vn -0.298849 0.935999 0.185999
vn -0.298849 0.935999 0.185999
vn -0.257968 0.923054 0.285348
vn -0.257968 0.923054 0.285348
vn -0.257968 0.923054 0.285348
vn -0.257968 0.923054 0.285348
vn -0.231980 0.970855 -0.060205
vn -0.231980 0.970855 -0.060205
vn -0.231980 0.970855 -0.060205
vn -0.231980 0.970855 -0.060205
vn -0.312965 0.945710 0.087665
vn -0.312965 0.945710 0.087665
vn -0.312965 0.945710 0.087665
vn -0.312965 0.945710 0.087665
vn -0.135998 0.990555 0.017505
vn -0.135998 0.990555 0.017505
vn -0.135998 0.990555 0.017505
vn -0.135998 0.990555 0.017505
vn -0.269489 0.962772 -0.021130
vn -0.269489 0.962772 -0.021130
vn -0.269489 0.962772 -0.021130
vn -0.269489 0.962772 -0.021130
vn -0.023683 0.996532 0.079772
vn -0.023683 0.996532 0.079772
vn -0.023683 0.996532 0.079772
vn -0.023683 0.996532 0.079772
vn -0.141304 0.972520 0.185035
vn -0.141304 0.972520 0.185035
vn -0.141304 0.972520 0.185035
vn -0.141304 0.972520 0.185035
vn -0.428872 0.849844 0.306322
vn -0.428872 0.849844 0.306322
vn -0.428872 0.849844 0.306322
vn -0.428872 0.849845 0.306322
vn -0.337631 0.895618 0.289611
vn -0.337630 0.895618 0.289611
vn -0.337631 0.895618 0.289611
vn -0.337631 0.895618 0.289611
vn -0.238828 0.921050 0.307618
vn -0.238828 0.921050 0.307618
vn -0.238828 0.921050 0.307618
vn -0.238828 0.921050 0.307618
vn -0.368426 0.918898 0.141031
vn -0.368426 0.918898 0.141031
vn -0.368426 0.918898 0.141031
vn -0.368426 0.918898 0.141031
vn -0.231950 0.963742 0.131910
vn -0.231950 0.963742 0.131910
vn -0.231950 0.963742 0.131910
vn -0.231950 0.963742 0.131910
vn -0.102191 0.991422 0.081485
vn -0.102191 0.991422 0.081485
vn -0.102191 0.991422 0.081485
vn -0.102191 0.991422 0.081485
vn -0.116821 0.989659 0.083230
vn -0.116821 0.989659 0.083230
vn -0.116821 0.989659 0.083230
vn -0.116821 0.989659 0.083230
vn -0.178863 0.982805 0.045844
vn -0.178863 0.982805 0.045844
vn -0.178863 0.982805 0.045844
vn -0.178863 0.982805 0.045844
vn -0.016851 0.995021 0.098228
vn -0.016851 0.995021 0.098228
vn -0.016851 0.995021 0.098228
vn -0.016851 0.995021 0.098228
vn -0.249797 0.938890 0.236826
vn -0.249797 0.938890 0.236826
vn -0.249797 0.938890 0.236826
vn -0.249797 0.938890 0.236826
vn -0.096545 0.986113 0.135129
vn -0.096545 0.986113 0.135129
vn -0.096545 0.986113 0.135129
vn -0.096545 0.986113 0.135129
vn -0.137533 0.974353 0.178106
vn -0.137533 0.974353 0.178106
vn -0.137533 0.974353 0.178106
vn -0.137533 0.974353 0.178106
vn -0.104137 0.936302 0.335400
vn -0.104137 0.936302 0.335400
vn -0.104137 0.936302 0.335400
vn -0.104137 0.936302 0.335400
vn -0.022993 0.944889 0.326582
vn -0.022993 0.944889 0.326582
vn -0.022993 0.944889 0.326582
vn -0.022993 0.944889 0.326582
vn -0.245771 0.952653 0.179021
vn -0.245771 0.952653 0.179021
vn -0.245771 0.952653 0.179021
vn -0.245771 0.952653 0.179021
vn 0.016446 0.998961 0.042493
vn 0.016446 0.998961 0.042493
vn 0.016446 0.998961 0.042493
vn 0.016446 0.998961 0.042493
vn -0.129324 0.983920 0.123192
vn -0.129324 0.983920 0.123192
vn -0.129324 0.983920 0.123192
vn -0.129324 0.983920 0.123192
vn -0.011508 0.957860 0.287005
vn -0.011508 0.957860 0.287005
vn -0.011508 0.957860 0.287005
vn -0.011508 0.957860 0.287005
vn -0.265616 0.952258 0.150510
vn -0.265616 0.952258 0.150510
vn -0.265616 0.952258 0.150510
vn -0.265616 0.952258 0.150510
vn -0.169915 0.894864 0.412731
vn -0.169915 0.894864 0.412731
vn -0.169915 0.894864 0.412731
vn -0.169915 0.894864 0.412731
vn 0.001226 0.976142 0.217130
vn 0.001226 0.976142 0.217130
vn 0.001226 0.976142 0.217130
vn 0.001226 0.976142 0.217130
vn 0.006370 0.910466 0.413536
vn 0.006370 0.910466 0.413536
vn 0.006370 0.910466 0.413536
vn 0.006370 0.910466 0.413536
vn -0.145397 0.901831 0.406891
vn -0.145397 0.901831 0.406891
vn -0.145397 0.901831 0.406891
vn -0.145397 0.901831 0.406891
vn -0.008120 0.994205 0.107199
vn -0.008120 0.994204 0.107199
vn -0.008120 0.994204 0.107199
vn -0.008120 0.994204 0.107199
vn -0.084397 0.927830 0.363331
vn -0.084397 0.927830 0.363331
vn -0.084397 0.927830 0.363331
vn -0.084397 0.927830 0.363331
vn -0.026409 0.988420 0.149428
vn -0.026409 0.988420 0.149428
vn -0.026409 0.988420 0.149428
vn -0.026409 0.988420 0.149428
vn -0.037518 0.933613 0.356313
vn -0.037518 0.933613 0.356313
vn -0.037518 0.933613 0.356313
vn -0.037518 0.933613 0.356313
vn -0.031226 0.949279 0.312880
vn -0.031226 0.949279 0.312880
vn -0.031226 0.949279 0.312880
vn -0.031226 0.949279 0.312880
vn 0.059168 0.971899 0.227841
vn 0.059168 0.971899 0.227841
vn 0.059168 0.971899 0.227841
vn 0.059168 0.971899 0.227841
vn 0.177053 0.934436 0.309001
vn 0.177053 0.934436 0.309001
vn 0.177053 0.934436 0.309001
vn 0.177053 0.934436 0.309001
vn 0.106022 0.979600 0.170714
vn 0.106022 0.979600 0.170714
vn 0.106022 0.979600 0.170714
vn 0.106022 0.979600 0.170714
vn 0.099899 0.974382 0.201494
vn 0.099899 0.974382 0.201494
vn 0.099899 0.974382 0.201494
vn 0.099899 0.974382 0.201494
vn 0.095688 0.994990 -0.028946
vn 0.095688 0.994990 -0.028946
vn 0.095688 0.994990 -0.028946
vn 0.095688 0.994990 -0.028946
vn 0.038455 0.967355 0.250492
vn 0.038455 0.967355 0.250492
vn 0.038455 0.967355 0.250492
vn 0.038455 0.967355 0.250492
vn -0.046501 0.994743 0.091231
vn -0.046501 0.994743 0.091231
vn -0.046501 0.994744 0.091231
vn -0.046501 0.994744 0.091231
vn 0.062242 0.979433 0.191929
vn 0.062242 0.979433 0.191929
vn 0.062242 0.979433 0.191929
vn 0.062242 0.979433 0.191929
vn 0.130155 0.890929 0.435092
vn 0.130155 0.890929 0.435092
vn 0.130155 0.890929 0.435092
vn 0.130155 0.890929 0.435092
vn 0.116982 0.941133 0.317149
vn 0.116982 0.941133 0.317149
vn 0.116982 0.941133 0.317149
vn 0.116982 0.941133 0.317149
vn 0.172549 0.922091 0.346374
vn 0.172549 0.922091 0.346374
vn 0.172549 0.922091 0.346374
vn 0.172549 0.922091 0.346374
vn -0.016739 0.999555 0.024679
vn -0.016739 0.999555 0.024679
vn -0.016739 0.999555 0.024679
vn -0.016739 0.999555 0.024679
vn -0.070744 0.994774 0.073628
vn -0.070744 0.994773 0.073628
vn -0.070744 0.994773 0.073628
vn -0.070744 0.994774 0.073628
vn 0.190483 0.905285 0.379705
vn 0.190483 0.905285 0.379705
vn 0.190483 0.905285 0.379705
vn 0.190483 0.905285 0.379705
vn 0.122519 0.937212 0.326533
vn 0.122519 0.937212 0.326533
vn 0.122519 0.937212 0.326533
vn 0.122519 0.937212 0.326533
vn 0.015015 0.995105 0.097679
vn 0.015015 0.995105 0.097679
vn 0.015015 0.995105 0.097679
vn 0.015015 0.995105 0.097679
vn 0.065436 0.969450 0.236399
vn 0.065436 0.969450 0.236399
vn 0.065436 0.969450 0.236399
vn 0.065436 0.969450 0.236399
vn 0.214177 0.931005 0.295566
vn 0.214177 0.931005 0.295566
vn 0.214177 0.931005 0.295566
vn 0.214177 0.931005 0.295565
vn 0.429281 0.867272 0.252104
vn 0.429281 0.867272 0.252104
vn 0.429281 0.867272 0.252104
vn 0.429281 0.867272 0.252104
vn 0.357990 0.863169 0.356064
vn 0.357990 0.863169 0.356064
vn 0.357990 0.863169 0.356064
vn 0.357990 0.863169 0.356064
vn 0.235373 0.965640 0.110180
vn 0.235373 0.965640 0.110180
vn 0.235373 0.965640 0.110180
vn 0.235373 0.965640 0.110180
vn 0.305710 0.925395 0.224020
vn 0.305710 0.925395 0.224020
vn 0.305710 0.925395 0.224020
vn 0.305710 0.925395 0.224020
vn 0.113624 0.993481 -0.009190
vn 0.113624 0.993481 -0.009190
vn 0.113624 0.993481 -0.009190
vn 0.113624 0.993481 -0.009190
vn 0.213151 0.955151 0.205553
vn 0.213151 0.955151 0.205553
vn 0.213151 0.955151 0.205553
vn 0.213151 0.955151 0.205553
vn -0.016221 0.978544 0.205397
vn -0.016221 0.978544 0.205397
vn -0.016221 0.978544 0.205397
vn -0.016221 0.978544 0.205397
vn 0.243788 0.929736 0.275968
vn 0.243788 0.929736 0.275968
vn 0.243788 0.929736 0.275968
vn 0.243788 0.929736 0.275968
vn 0.330239 0.907249 0.260466
vn 0.330239 0.907248 0.260466
vn 0.330239 0.907248 0.260466
vn 0.330239 0.907249 0.260466
vn 0.316876 0.927144 0.199983
vn 0.316876 0.927144 0.199983
vn 0.316876 0.927144 0.199983
vn 0.316876 0.927144 0.199983
vn 0.274851 0.945492 0.174645
vn 0.274851 0.945492 0.174645
vn 0.274851 0.945492 0.174645
vn 0.274851 0.945492 0.174645
vn 0.360948 0.916385 0.173076
vn 0.360948 0.916385 0.173076
vn 0.360948 0.916385 0.173076
vn 0.360948 0.916385 0.173076
vn 0.236995 0.959458 0.152556
vn 0.236995 0.959458 0.152556
vn 0.236995 0.959458 0.152556
vn 0.236995 0.959458 0.152556
vn 0.087614 0.991881 0.092179
vn 0.087614 0.991880 0.092179
vn 0.087614 0.991881 0.092179
vn 0.087614 0.991881 0.092179
vn 0.190738 0.976905 0.096316
vn 0.190738 0.976905 0.096316
vn 0.190738 0.976905 0.096316
vn 0.190738 0.976905 0.096316
vn 0.184261 0.979621 0.079942
vn 0.184261 0.979621 0.079942
vn 0.184261 0.979621 0.079942
vn 0.184261 0.979621 0.079942
vn 0.198079 0.970493 0.137508
vn 0.198079 0.970493 0.137508
vn 0.198079 0.970493 0.137508
vn 0.198079 0.970493 0.137508
vn 0.500603 0.864378 0.047408
vn 0.500603 0.864378 0.047408
vn 0.500603 0.864378 0.047408
vn 0.500603 0.864378 0.047408
vn 0.498606 0.866814 0.005135
vn 0.498606 0.866814 0.005135
vn 0.498606 0.866814 0.005135
vn 0.498606 0.866814 0.005135
vn 0.334650 0.938410 0.086002
vn 0.334650 0.938410 0.086002
vn 0.334650 0.938410 0.086002
vn 0.334650 0.938410 0.086002
vn 0.031657 0.998874 0.035345
vn 0.031657 0.998874 0.035345
vn 0.031657 0.998874 0.035345
vn 0.031657 0.998874 0.035345
vn 0.042972 0.998720 0.026683
vn 0.042972 0.998720 0.026683
vn 0.042972 0.998720 0.026683
vn 0.042972 0.998720 0.026683
vn 0.195773 0.980002 -0.035634
vn 0.195773 0.980002 -0.035634
vn 0.195773 0.980002 -0.035634
vn 0.195773 0.980002 -0.035634
vn 0.094889 0.995365 -0.015639
vn 0.094889 0.995365 -0.015639
vn 0.094889 0.995365 -0.015639
vn 0.094889 0.995365 -0.015639
vn 0.108920 0.982188 -0.153115
vn 0.108920 0.982188 -0.153115
vn 0.108920 0.982188 -0.153115
vn 0.108920 0.982188 -0.153115
vn 0.055661 0.990111 -0.128775
vn 0.055661 0.990111 -0.128775
vn 0.055661 0.990111 -0.128775
vn 0.055661 0.990111 -0.128775
vn 0.276624 0.960768 -0.020134
vn 0.276624 0.960768 -0.020134
vn 0.276624 0.960768 -0.020134
vn 0.276624 0.960767 -0.020134
vn 0.359736 0.932713 -0.025214
vn 0.359736 0.932713 -0.025214
vn 0.359736 0.932714 -0.025214
vn 0.359736 0.932713 -0.025214
vn 0.307861 0.938467 -0.156527
vn 0.307861 0.938467 -0.156527
vn 0.307861 0.938467 -0.156527
vn 0.307861 0.938467 -0.156527
vn 0.365674 0.930716 0.007089
vn 0.365674 0.930716 0.007089
vn 0.365674 0.930716 0.007089
vn 0.365674 0.930716 0.007089
vn 0.141758 0.988925 -0.043970
vn 0.141758 0.988925 -0.043970
vn 0.141758 0.988924 -0.043970
vn 0.141758 0.988924 -0.043970
vn -0.004019 0.954704 -0.297530
vn -0.004019 0.954704 -0.297530
vn -0.004019 0.954704 -0.297530
vn -0.004019 0.954704 -0.297530
vn 0.186364 0.978463 -0.088764
vn 0.186364 0.978463 -0.088764
vn 0.186364 0.978463 -0.088764
vn 0.186364 0.978463 -0.088764
vn 0.236737 0.946699 -0.218442
vn 0.236737 0.946699 -0.218442
vn 0.236737 0.946699 -0.218442
vn 0.236737 0.946699 -0.218442
vn -0.096013 0.983989 0.150155
vn -0.096013 0.983989 0.150155
vn -0.096013 0.983989 0.150155
vn -0.096013 0.983989 0.150155
vn 0.219126 0.973065 0.071611
vn 0.219126 0.973065 0.071611
vn 0.219126 0.973065 0.071611
vn 0.219126 0.973065 0.071611
vn -0.045974 0.983519 0.174860
vn -0.045974 0.983519 0.174860
vn -0.045974 0.983519 0.174860
vn -0.045974 0.983519 0.174860
vn 0.367111 0.929470 0.036268
vn 0.367111 0.929470 0.036268
vn 0.367111 0.929470 0.036268
vn 0.367111 0.929470 0.036268
vn 0.304133 0.945034 0.120061
vn 0.304133 0.945034 0.120061
vn 0.304133 0.945034 0.120061
vn 0.304133 0.945034 0.120061
vn 0.199308 0.955268 -0.218494
vn 0.199308 0.955268 -0.218494
vn 0.199308 0.955268 -0.218495
vn 0.199308 0.955268 -0.218494
vn -0.011163 0.999187 0.038732
vn -0.011163 0.999187 0.038732
vn -0.011163 0.999187 0.038732
vn -0.011163 0.999187 0.038732
vn 0.093896 0.992658 -0.076253
vn 0.093896 0.992658 -0.076253
vn 0.093896 0.992658 -0.076253
vn 0.093896 0.992658 -0.076253
vn 0.094370 0.995533 0.002761
vn 0.094370 0.995533 0.002761
vn 0.094370 0.995533 0.002761
vn 0.094370 0.995533 0.002761
vn -0.050045 0.991237 -0.122248
vn -0.050045 0.991237 -0.122248
vn -0.050045 0.991237 -0.122248
vn -0.050045 0.991237 -0.122248
vn 0.462743 0.884977 -0.051812
vn 0.462743 0.884977 -0.051812
vn 0.462743 0.884977 -0.051812
vn 0.462743 0.884977 -0.051812
vn 0.029281 0.924041 -0.381170
vn 0.029281 0.924041 -0.381170
vn 0.029281 0.924041 -0.381170
vn 0.029281 0.924041 -0.381170
vn 0.192857 0.980635 0.034069
vn 0.192857 0.980635 0.034069
vn 0.192857 0.980635 0.034069
vn 0.192857 0.980635 0.034069
vn 0.124471 0.951344 -0.281873
vn 0.124471 0.951344 -0.281873
vn 0.124471 0.951344 -0.281873
vn 0.124471 0.951344 -0.281873
vn 0.045307 0.964236 -0.261144
vn 0.045307 0.964236 -0.261144
vn 0.045307 0.964236 -0.261144
vn 0.045307 0.964236 -0.261144
vn 0.152597 0.965427 -0.211341
vn 0.152597 0.965427 -0.211341
vn 0.152597 0.965427 -0.211341
vn 0.152597 0.965427 -0.211341
vn -0.111898 0.953743 -0.279022
vn -0.111898 0.953743 -0.279022
vn -0.111898 0.953743 -0.279022
vn -0.111898 0.953743 -0.279022
vn 0.088060 0.996093 -0.006705
vn 0.088060 0.996093 -0.006705
vn 0.088060 0.996093 -0.006705
vn 0.088060 0.996093 -0.006705
vn 0.117798 0.966896 0.226354
vn 0.117799 0.966896 0.226354
vn 0.117798 0.966896 0.226354
vn 0.117798 0.966896 0.226354
vn -0.117806 0.992061 0.044008
vn -0.117806 0.992061 0.044008
vn -0.117806 0.992061 0.044008
vn -0.117806 0.992061 0.044008
vn 0.089427 0.939919 -0.329477
vn 0.089427 0.939919 -0.329477
vn 0.089427 0.939919 -0.329477
vn 0.089427 0.939919 -0.329476
vn 0.247830 0.944484 -0.215707
vn 0.247830 0.944484 -0.215707
vn 0.247830 0.944484 -0.215707
vn 0.247830 0.944484 -0.215707
vn -0.142919 0.964675 -0.221307
vn -0.142919 0.964675 -0.221307
vn -0.142919 0.964675 -0.221307
vn -0.142919 0.964675 -0.221307
vn 0.185329 0.978993 -0.085008
vn 0.185329 0.978993 -0.085008
vn 0.185329 0.978993 -0.085008
vn 0.185329 0.978993 -0.085008
vn -0.052277 0.993230 -0.103732
vn -0.052277 0.993231 -0.103732
vn -0.052277 0.993231 -0.103732
vn -0.052277 0.993230 -0.103732
vn 0.094836 0.992178 -0.081170
vn 0.094836 0.992178 -0.081170
vn 0.094836 0.992178 -0.081170
vn 0.094836 0.992178 -0.081170
vn 0.097340 0.988164 -0.118566
vn 0.097340 0.988164 -0.118566
vn 0.097340 0.988164 -0.118566
vn 0.097340 0.988164 -0.118566
vn 0.049237 0.984364 -0.169125
vn 0.049237 0.984364 -0.169125
vn 0.049237 0.984364 -0.169125
vn 0.049237 0.984364 -0.169125
vn 0.054844 0.983552 -0.172100
vn 0.054844 0.983552 -0.172100
vn 0.054844 0.983552 -0.172100
vn 0.054844 0.983552 -0.172100
vn 0.103657 0.987293 -0.120447
vn 0.103657 0.987293 -0.120447
vn 0.103657 0.987293 -0.120447
vn 0.103657 0.987293 -0.120447
vn 0.094382 0.982322 -0.161665
vn 0.094382 0.982322 -0.161665
vn 0.094382 0.982322 -0.161665
vn 0.094382 0.982322 -0.161665
vn -0.246661 0.954906 -0.165269
vn -0.246661 0.954906 -0.165269
vn -0.246661 0.954906 -0.165269
vn -0.246661 0.954906 -0.165269
vn 0.020188 0.973741 -0.226763
vn 0.020188 0.973741 -0.226763
vn 0.020188 0.973741 -0.226763
vn 0.020188 0.973741 -0.226763
vn -0.039938 0.967291 -0.250508
vn -0.039938 0.967290 -0.250508
vn -0.039938 0.967291 -0.250508
vn -0.039938 0.967290 -0.250508
vn 0.104689 0.981398 -0.160931
vn 0.104689 0.981398 -0.160931
vn 0.104689 0.981398 -0.160931
vn 0.104689 0.981398 -0.160931
vn 0.070001 0.972961 -0.220105
vn 0.070001 0.972961 -0.220105
vn 0.070001 0.972961 -0.220105
vn 0.070001 0.972961 -0.220105
vn -0.065624 0.977996 -0.198032
vn -0.065624 0.977996 -0.198032
vn -0.065624 0.977996 -0.198032
vn -0.065624 0.977996 -0.198032
vn -0.077909 0.982831 -0.167255
vn -0.077909 0.982831 -0.167255
vn -0.077909 0.982831 -0.167255
vn -0.077909 0.982831 -0.167255
vn 0.069485 0.959947 -0.271427
vn 0.069485 0.959947 -0.271427
vn 0.069485 0.959947 -0.271427
vn 0.069485 0.959947 -0.271427
vn -0.070188 0.977124 -0.200755
vn -0.070188 0.977124 -0.200755
vn -0.070188 0.977124 -0.200755
vn -0.070188 0.977124 -0.200755
vn 0.075950 0.986415 -0.145664
vn 0.075950 0.986415 -0.145664
vn 0.075950 0.986415 -0.145664
vn 0.075949 0.986415 -0.145664
vn -0.025938 0.989075 -0.145114
vn -0.025938 0.989075 -0.145114
vn -0.025938 0.989075 -0.145114
vn -0.025938 0.989075 -0.145114
vn -0.075170 0.988937 -0.127877
vn -0.075170 0.988937 -0.127877
vn -0.075170 0.988937 -0.127877
vn -0.075170 0.988937 -0.127877
vn -0.092908 0.972304 -0.214460
vn -0.092908 0.972304 -0.214460
vn -0.092908 0.972304 -0.214460
vn -0.092908 0.972304 -0.214460
vn -0.070756 0.982823 -0.170450
vn -0.070756 0.982823 -0.170450
vn -0.070756 0.982823 -0.170450
vn -0.070756 0.982823 -0.170450
vn -0.123320 0.958115 -0.258472
vn -0.123320 0.958115 -0.258472
vn -0.123320 0.958115 -0.258472
vn -0.123320 0.958115 -0.258472
vn -0.183261 0.959468 -0.214095
vn -0.183261 0.959468 -0.214095
vn -0.183261 0.959468 -0.214095
vn -0.183261 0.959468 -0.214095
vn -0.109453 0.953353 -0.281314
vn -0.109453 0.953353 -0.281314
vn -0.109453 0.953353 -0.281314
vn -0.109453 0.953353 -0.281314
vn 0.046058 0.982716 -0.179297
vn 0.046058 0.982716 -0.179297
vn 0.046058 0.982716 -0.179297
vn 0.046058 0.982716 -0.179297
vn -0.054578 0.997262 -0.049892
vn -0.054578 0.997262 -0.049892
vn -0.054578 0.997262 -0.049892
vn -0.054578 0.997262 -0.049892
vn -0.154408 0.983403 -0.095269
vn -0.154408 0.983403 -0.095269
vn -0.154408 0.983403 -0.095269
vn -0.154408 0.983403 -0.095269
vn -0.191358 0.981228 0.023955
vn -0.191358 0.981228 0.023955
vn -0.191358 0.981228 0.023955
vn -0.191358 0.981228 0.023955
vn -0.241540 0.955560 -0.169005
vn -0.241540 0.955560 -0.169005
vn -0.241540 0.955560 -0.169005
vn -0.241540 0.955560 -0.169005
vn -0.136098 0.974730 -0.177138
vn -0.136098 0.974730 -0.177138
vn -0.136098 0.974730 -0.177138
vn -0.136098 0.974730 -0.177138
vn -0.159475 0.987052 0.017188
vn -0.159475 0.987052 0.017188
vn -0.159475 0.987052 0.017188
vn -0.159475 0.987052 0.017188
vn -0.165193 0.985559 -0.037199
vn -0.165193 0.985559 -0.037199
vn -0.165193 0.985559 -0.037199
vn -0.165193 0.985559 -0.037199
vn -0.345993 0.934826 0.079927
vn -0.345993 0.934826 0.079927
vn -0.345993 0.934826 0.079927
vn -0.345993 0.934826 0.079927
vn -0.262086 0.932039 -0.250229
vn -0.262086 0.932039 -0.250229
vn -0.262086 0.932039 -0.250229
vn -0.262086 0.932039 -0.250229
vn -0.255290 0.952913 0.163659
vn -0.255290 0.952913 0.163659
vn -0.255290 0.952913 0.163659
vn -0.255290 0.952913 0.163659
vn -0.332125 0.943101 -0.015915
vn -0.332125 0.943101 -0.015915
vn -0.332125 0.943101 -0.015915
vn -0.332125 0.943101 -0.015915
vn -0.164074 0.946145 0.279088
vn -0.164074 0.946145 0.279088
vn -0.164074 0.946145 0.279088
vn -0.164074 0.946145 0.279088
vn -0.170071 0.985321 0.014800
vn -0.170071 0.985321 0.014800
vn -0.170071 0.985321 0.014800
vn -0.170071 0.985321 0.014800
vn -0.298215 0.946693 0.121817
vn -0.298215 0.946693 0.121817
vn -0.298215 0.946693 0.121817
vn -0.298215 0.946693 0.121817
vn -0.184971 0.956548 -0.225391
vn -0.184971 0.956548 -0.225391
vn -0.184971 0.956548 -0.225391
vn -0.184971 0.956548 -0.225391
vn -0.230968 0.949923 0.210477
vn -0.230968 0.949923 0.210477
vn -0.230968 0.949923 0.210477
vn -0.230968 0.949923 0.210477
vn -0.219240 0.965073 -0.143414
vn -0.219240 0.965073 -0.143414
vn -0.219240 0.965073 -0.143414
vn -0.219240 0.965073 -0.143414
vn -0.251382 0.965382 0.069607
vn -0.251382 0.965382 0.069607
vn -0.251382 0.965382 0.069607
vn -0.251382 0.965382 0.069607
vn -0.251821 0.967660 -0.014843
vn -0.251821 0.967660 -0.014843
vn -0.251821 0.967660 -0.014843
vn -0.251821 0.967660 -0.014843
vn -0.339395 0.927454 0.156975
vn -0.339395 0.927454 0.156975
vn -0.339395 0.927454 0.156975
vn -0.339395 0.927454 0.156975
vn -0.269883 0.962466 0.028676
vn -0.269883 0.962466 0.028676
vn -0.269883 0.962466 0.028676
vn -0.269883 0.962466 0.028676
vn -0.182638 0.976362 0.115588
vn -0.182638 0.976362 0.115588
vn -0.182638 0.976362 0.115588
vn -0.182638 0.976362 0.115588
vn -0.166438 0.981174 0.097962
vn -0.166438 0.981174 0.097962
vn -0.166438 0.981174 0.097962
vn -0.166438 0.981174 0.097962
vn -0.162668 0.986616 -0.011296
vn -0.162668 0.986616 -0.011296
vn -0.162668 0.986616 -0.011296
vn -0.162668 0.986616 -0.011296
vn -0.128305 0.980000 0.152111
vn -0.128305 0.980000 0.152111
vn -0.128305 0.980000 0.152111
vn -0.128305 0.980000 0.152111
vn -0.224086 0.972650 0.061135
vn -0.224086 0.972650 0.061135
vn -0.224086 0.972650 0.061135
vn -0.224086 0.972650 0.061135
vn -0.252704 0.951226 0.176947
vn -0.252704 0.951226 0.176947
vn -0.252704 0.951226 0.176947
vn -0.252704 0.951226 0.176947
vn -0.114719 0.984919 0.129518
vn -0.114719 0.984919 0.129518
vn -0.114719 0.984919 0.129518
vn -0.114719 0.984919 0.129518
vn -0.109418 0.981561 0.156736
vn -0.109418 0.981561 0.156736
vn -0.109418 0.981561 0.156736
vn -0.109418 0.981561 0.156736
vn -0.186185 0.980588 0.061509
vn -0.186185 0.980588 0.061509
vn -0.186185 0.980588 0.061509
vn -0.186185 0.980588 0.061509
vn -0.165848 0.977801 0.128065
vn -0.165848 0.977801 0.128065
vn -0.165848 0.977801 0.128065
vn -0.165848 0.977801 0.128065
vn -0.178121 0.970072 0.165026
vn -0.178121 0.970072 0.165026
vn -0.178121 0.970072 0.165026
vn -0.178121 0.970072 0.165026
vn -0.258928 0.962651 0.079110
vn -0.258928 0.962651 0.079110
vn -0.258928 0.962651 0.079110
vn -0.258928 0.962651 0.079110
vn -0.027344 0.999222 0.028418
vn -0.027344 0.999222 0.028418
vn -0.027344 0.999222 0.028418
vn -0.027344 0.999222 0.028418
vn -0.124656 0.990639 0.055637
vn -0.124656 0.990639 0.055637
vn -0.124656 0.990639 0.055637
vn -0.124656 0.990639 0.055637
vn 0.014642 0.991224 0.131382
vn 0.014642 0.991224 0.131382
vn 0.014642 0.991224 0.131382
vn 0.014642 0.991224 0.131382
vn -0.121841 0.988649 0.087914
vn -0.121841 0.988649 0.087914
vn -0.121841 0.988649 0.087914
vn -0.121841 0.988649 0.087914
vn 0.044973 0.987602 0.150396
vn 0.044973 0.987602 0.150396
vn 0.044973 0.987602 0.150396
vn 0.044973 0.987602 0.150396
vn -0.111045 0.984979 0.132232
vn -0.111045 0.984979 0.132232
vn -0.111045 0.984979 0.132232
vn -0.111045 0.984979 0.132232
vn 0.014770 0.978137 0.207435
vn 0.014770 0.978137 0.207435
vn 0.014770 0.978137 0.207435
vn 0.014770 0.978137 0.207435
vn -0.025145 0.981551 0.189540
vn -0.025145 0.981551 0.189540
vn -0.025145 0.981551 0.189540
vn -0.025145 0.981551 0.189540
vn 0.016645 0.992605 0.120245
vn 0.016645 0.992605 0.120245
vn 0.016645 0.992605 0.120245
vn 0.016645 0.992605 0.120245
vn 0.006339 0.998148 0.060502
vn 0.006339 0.998148 0.060502
vn 0.006339 0.998148 0.060502
vn 0.006339 0.998148 0.060502
vn -0.008655 0.982106 0.188130
vn -0.008655 0.982106 0.188130
vn -0.008655 0.982106 0.188130
vn -0.008655 0.982106 0.188130
vn 0.024148 0.989347 0.143559
vn 0.024148 0.989347 0.143559
vn 0.024148 0.989347 0.143559
vn 0.024148 0.989347 0.143559
vn 0.115126 0.988642 0.096604
vn 0.115126 0.988642 0.096604
vn 0.115126 0.988642 0.096604
vn 0.115126 0.988642 0.096604
vn -0.134907 0.975303 0.174885
vn -0.134907 0.975303 0.174885
vn -0.134907 0.975303 0.174885
vn -0.134907 0.975303 0.174885
vn 0.120835 0.969814 0.211803
vn 0.120835 0.969814 0.211803
vn 0.120835 0.969814 0.211803
vn 0.120835 0.969814 0.211803
vn 0.086468 0.987568 0.131275
vn 0.086468 0.987568 0.131275
vn 0.086468 0.987568 0.131275
vn 0.086468 0.987568 0.131275
vn 0.053417 0.963203 0.263415
vn 0.053417 0.963203 0.263415
vn 0.053417 0.963203 0.263415
vn 0.053417 0.963203 0.263415
vn -0.094246 0.960276 0.262657
vn -0.094246 0.960276 0.262657
vn -0.094246 0.960276 0.262657
vn -0.094246 0.960276 0.262657
vn 0.073241 0.958240 0.276428
vn 0.073241 0.958240 0.276428
vn 0.073241 0.958240 0.276428
vn 0.073241 0.958240 0.276428
vn -0.025285 0.959720 0.279818
vn -0.025285 0.959720 0.279818
vn -0.025285 0.959720 0.279818
vn -0.025285 0.959720 0.279818
vn 0.084992 0.972134 0.218475
vn 0.084992 0.972134 0.218475
vn 0.084992 0.972134 0.218475
vn 0.084992 0.972134 0.218475
vn 0.006125 0.954521 0.298081
vn 0.006125 0.954521 0.298081
vn 0.006125 0.954521 0.298081
vn 0.006125 0.954521 0.298081
vn -0.006267 0.980670 0.195570
vn -0.006267 0.980670 0.195570
vn -0.006267 0.980670 0.195570
vn -0.006267 0.980670 0.195570
vn 0.027337 0.997579 0.063949
vn 0.027337 0.997579 0.063949
vn 0.027337 0.997579 0.063949
vn 0.027337 0.997579 0.063949
vn 0.244922 0.948236 0.202143
vn 0.244922 0.948236 0.202143
vn 0.244922 0.948236 0.202143
vn 0.244922 0.948236 0.202143
vn 0.096933 0.982976 0.156084
vn 0.096933 0.982976 0.156084
vn 0.096933 0.982976 0.156084
vn 0.096933 0.982976 0.156084
vn 0.066220 0.996602 0.048985
vn 0.066220 0.996602 0.048985
vn 0.066220 0.996602 0.048985
vn 0.066220 0.996602 0.048985
vn 0.100426 0.985113 0.139526
vn 0.100426 0.985113 0.139526
vn 0.100426 0.985113 0.139526
vn 0.100426 0.985113 0.139526
vn 0.115205 0.983275 0.141062
vn 0.115205 0.983275 0.141062
vn 0.115205 0.983275 0.141062
vn 0.115205 0.983275 0.141062
vn 0.225710 0.973980 0.020457
vn 0.225710 0.973980 0.020457
vn 0.225710 0.973980 0.020457
vn 0.225710 0.973980 0.020457
vn 0.176454 0.980353 0.088159
vn 0.176454 0.980353 0.088159
vn 0.176454 0.980353 0.088159
vn 0.176454 0.980353 0.088159
vn 0.195454 0.976446 0.091387
vn 0.195454 0.976446 0.091387
vn 0.195454 0.976446 0.091387
vn 0.195454 0.976446 0.091387
vn 0.163193 0.973953 0.157431
vn 0.163193 0.973953 0.157431
vn 0.163193 0.973953 0.157431
vn 0.163193 0.973953 0.157431
vn -0.030075 0.999547 -0.001061
vn -0.030075 0.999547 -0.001061
vn -0.030075 0.999547 -0.001061
vn -0.030075 0.999547 -0.001061
vn 0.089674 0.995598 0.027262
vn 0.089674 0.995598 0.027262
vn 0.089674 0.995598 0.027262
vn 0.089674 0.995598 0.027262
vn 0.139028 0.981026 0.135128
vn 0.139028 0.981026 0.135128
vn 0.139028 0.981026 0.135128
vn 0.139028 0.981026 0.135128
vn 0.194602 0.956723 -0.216359
vn 0.194602 0.956723 -0.216359
vn 0.194602 0.956723 -0.216359
vn 0.194602 0.956723 -0.216359
vn 0.215242 0.974237 0.067334
vn 0.215242 0.974237 0.067334
vn 0.215242 0.974237 0.067334
vn 0.215242 0.974237 0.067334
vn 0.388385 0.921497 -0.000721
vn 0.388385 0.921497 -0.000721
vn 0.388385 0.921497 -0.000721
vn 0.388385 0.921497 -0.000721
vn 0.206271 0.978266 -0.021170
vn 0.206271 0.978266 -0.021170
vn 0.206271 0.978266 -0.021170
vn 0.206271 0.978266 -0.021170
vn 0.186113 0.970522 -0.153131
vn 0.186113 0.970522 -0.153131
vn 0.186113 0.970522 -0.153131
vn 0.186113 0.970522 -0.153131
vn 0.241103 0.950603 0.195506
vn 0.241103 0.950603 0.195506
vn 0.241103 0.950603 0.195506
vn 0.241103 0.950603 0.195506
vn 0.327168 0.940000 0.096753
vn 0.327168 0.940000 0.096753
vn 0.327168 0.940000 0.096753
vn 0.327168 0.940000 0.096753
vn 0.200352 0.978582 0.047289
vn 0.200352 0.978582 0.047289
vn 0.200352 0.978582 0.047289
vn 0.200352 0.978582 0.047289
vn 0.211820 0.976376 -0.042695
vn 0.211820 0.976376 -0.042695
vn 0.211820 0.976376 -0.042695
vn 0.211820 0.976376 -0.042695
vn 0.120738 0.977934 -0.170492
vn 0.120738 0.977934 -0.170492
vn 0.120738 0.977934 -0.170492
vn 0.120738 0.977934 -0.170492
vn 0.464310 0.884944 0.035914
vn 0.464310 0.884944 0.035914
vn 0.464310 0.884944 0.035914
vn 0.464310 0.884944 0.035914
vn 0.289205 0.945867 -0.147297
vn 0.289205 0.945867 -0.147297
vn 0.289205 0.945867 -0.147297
vn 0.289205 0.945867 -0.147297
vn 0.125877 0.991677 -0.027055
vn 0.125877 0.991677 -0.027055
vn 0.125877 0.991677 -0.027055
vn 0.125877 0.991677 -0.027055
vn 0.180378 0.977056 0.113246
vn 0.180378 0.977056 0.113246
vn 0.180378 0.977056 0.113246
vn 0.180378 0.977056 0.113246
vn -0.242365 0.969572 -0.034487
vn -0.242366 0.969572 -0.034487
vn -0.242366 0.969572 -0.034487
vn -0.242366 0.969572 -0.034487
vn -0.182837 0.950181 -0.252441
vn -0.182837 0.950181 -0.252441
vn -0.182837 0.950181 -0.252441
vn -0.182837 0.950181 -0.252441
vn 0.265626 0.946606 -0.182704
vn 0.265626 0.946606 -0.182704
vn 0.265626 0.946606 -0.182704
vn 0.265626 0.946606 -0.182704
vn 0.274153 0.955434 -0.109479
vn 0.274153 0.955434 -0.109479
vn 0.274153 0.955434 -0.109479
vn 0.274153 0.955434 -0.109479
vn 0.110117 0.896630 -0.428870
vn 0.110117 0.896630 -0.428870
vn 0.110117 0.896630 -0.428870
vn 0.110117 0.896630 -0.428870
vn 0.487791 0.872250 -0.035209
vn 0.487791 0.872250 -0.035209
vn 0.487791 0.872250 -0.035209
vn 0.487791 0.872250 -0.035209
vn 0.062908 0.971676 -0.227792
vn 0.062908 0.971676 -0.227792
vn 0.062908 0.971676 -0.227792
vn 0.062908 0.971676 -0.227792
vn 0.381034 0.924224 -0.024964
vn 0.381034 0.924224 -0.024964
vn 0.381034 0.924224 -0.024964
vn 0.381034 0.924224 -0.024964
vn 0.147532 0.980023 -0.133374
vn 0.147532 0.980023 -0.133374
vn 0.147532 0.980023 -0.133374
vn 0.147532 0.980023 -0.133374
vn 0.135783 0.986462 -0.091956
vn 0.135783 0.986462 -0.091956
vn 0.135783 0.986462 -0.091956
vn 0.135783 0.986462 -0.091956
vn -0.094107 0.979526 -0.177967
vn -0.094107 0.979526 -0.177967
vn -0.094107 0.979526 -0.177967
vn -0.094107 0.979526 -0.177967
vn 0.134439 0.990656 -0.022962
vn 0.134439 0.990656 -0.022962
vn 0.134439 0.990656 -0.022962
vn 0.134439 0.990656 -0.022962
vn 0.342288 0.913894 -0.218258
vn 0.342288 0.913894 -0.218258
vn 0.342288 0.913894 -0.218258
vn 0.342288 0.913894 -0.218258
vn 0.192135 0.973369 -0.125046
vn 0.192135 0.973369 -0.125046
vn 0.192135 0.973369 -0.125046
vn 0.192135 0.973369 -0.125046
vn -0.050808 0.958449 -0.280701
vn -0.050808 0.958449 -0.280701
vn -0.050808 0.958449 -0.280701
vn -0.050808 0.958449 -0.280701
vn 0.153422 0.984867 0.080609
vn 0.153422 0.984868 0.080609
vn 0.153422 0.984868 0.080609
vn 0.153422 0.984868 0.080609
vn 0.124715 0.981899 -0.142550
vn 0.124715 0.981899 -0.142550
vn 0.124715 0.981899 -0.142550
vn 0.124715 0.981899 -0.142550
vn 0.053796 0.983478 -0.172853
vn 0.053796 0.983477 -0.172853
vn 0.053796 0.983478 -0.172853
vn 0.053796 0.983478 -0.172853
vn -0.083355 0.958059 -0.274181
vn -0.083355 0.958059 -0.274181
vn -0.083355 0.958059 -0.274181
vn -0.083355 0.958059 -0.274181
vn 0.139794 0.968100 -0.207943
vn 0.139794 0.968100 -0.207943
vn 0.139794 0.968100 -0.207943
vn 0.139794 0.968100 -0.207943
vn 0.105545 0.861157 -0.497261
vn 0.105545 0.861157 -0.497261
vn 0.105545 0.861157 -0.497261
vn 0.105545 0.861157 -0.497261
vn 0.225150 0.915370 -0.333776
vn 0.225150 0.915370 -0.333776
vn 0.225150 0.915369 -0.333776
vn 0.225150 0.915370 -0.333776
vn 0.186838 0.919105 -0.346898
vn 0.186838 0.919105 -0.346898
vn 0.186838 0.919105 -0.346898
vn 0.186838 0.919105 -0.346898
vn 0.232916 0.916842 -0.324271
vn 0.232916 0.916842 -0.324271
vn 0.232916 0.916842 -0.324271
vn 0.232916 0.916842 -0.324271
vn 0.228837 0.963635 -0.137987
vn 0.228837 0.963636 -0.137987
vn 0.228837 0.963636 -0.137987
vn 0.228837 0.963636 -0.137987
vn 0.192967 0.930580 -0.311102
vn 0.192967 0.930580 -0.311102
vn 0.192967 0.930580 -0.311102
vn 0.192967 0.930580 -0.311102
vn -0.070370 0.931725 -0.356282
vn -0.070370 0.931725 -0.356282
vn -0.070370 0.931725 -0.356282
vn -0.070370 0.931725 -0.356282
vn 0.037315 0.882450 -0.468923
vn 0.037315 0.882450 -0.468923
vn 0.037315 0.882450 -0.468923
vn 0.037315 0.882450 -0.468923
vn -0.175984 0.980358 0.089037
vn -0.175984 0.980358 0.089037
vn -0.175984 0.980358 0.089037
vn -0.175984 0.980358 0.089037
vn -0.273511 0.944992 0.179393
vn -0.273511 0.944992 0.179393
vn -0.273511 0.944992 0.179393
vn -0.273511 0.944992 0.179393
vn 0.015889 0.921118 -0.388958
vn 0.015889 0.921118 -0.388959
vn 0.015889 0.921118 -0.388959
vn 0.015889 0.921118 -0.388959
vn 0.136094 0.986227 0.093996
vn 0.136094 0.986227 0.093996
vn 0.136094 0.986227 0.093996
vn 0.136094 0.986227 0.093996
vn -0.049621 0.966064 -0.253491
vn -0.049621 0.966064 -0.253491
vn -0.049621 0.966064 -0.253491
vn -0.049621 0.966064 -0.253491
vn 0.020987 0.991617 -0.127500
vn 0.020987 0.991617 -0.127500
vn 0.020987 0.991617 -0.127500
vn 0.020987 0.991617 -0.127500
vn -0.032041 0.982789 -0.181935
vn -0.032041 0.982788 -0.181935
vn -0.032041 0.982789 -0.181935
vn -0.032041 0.982789 -0.181935
vn -0.048496 0.996899 -0.061975
vn -0.048496 0.996899 -0.061975
vn -0.048496 0.996899 -0.061975
vn -0.048496 0.996899 -0.061975
vn -0.125865 0.973827 -0.189259
vn -0.125865 0.973827 -0.189259
vn -0.125865 0.973827 -0.189259
vn -0.125865 0.973827 -0.189259
vn 0.028418 0.993576 -0.109542
vn 0.028418 0.993576 -0.109541
vn 0.028418 0.993576 -0.109542
vn 0.028418 0.993576 -0.109542
vn -0.058065 0.989260 -0.134140
vn -0.058065 0.989260 -0.134140
vn -0.058065 0.989260 -0.134140
vn -0.058065 0.989260 -0.134140
vn -0.110085 0.991294 -0.072229
vn -0.110085 0.991294 -0.072229
vn -0.110085 0.991294 -0.072229
vn -0.110085 0.991294 -0.072229
vn -0.167806 0.973073 -0.158021
vn -0.167806 0.973073 -0.158021
vn -0.167806 0.973073 -0.158021
vn -0.167806 0.973073 -0.158021
vn 0.103050 0.991252 -0.082465
vn 0.103050 0.991252 -0.082465
vn 0.103050 0.991252 -0.082465
vn 0.103050 0.991252 -0.082465
vn -0.051994 0.996968 -0.057892
vn -0.051994 0.996968 -0.057892
vn -0.051994 0.996968 -0.057892
vn -0.051994 0.996968 -0.057892
vn 0.056072 0.965736 -0.253397
vn 0.056072 0.965736 -0.253397
vn 0.056072 0.965736 -0.253397
vn 0.056072 0.965736 -0.253397
vn -0.126737 0.952030 -0.278527
vn -0.126737 0.952030 -0.278527
vn -0.126737 0.952030 -0.278527
vn -0.126737 0.952030 -0.278527
vn -0.235075 0.917803 -0.319966
vn -0.235075 0.917803 -0.319966
vn -0.235075 0.917803 -0.319966
vn -0.235075 0.917803 -0.319966
vn -0.196630 0.978319 -0.065034
vn -0.196630 0.978319 -0.065034
vn -0.196630 0.978319 -0.065034
vn -0.196630 0.978319 -0.065034
vn -0.217920 0.963077 -0.158094
vn -0.217920 0.963077 -0.158094
vn -0.217920 0.963077 -0.158094
vn -0.217920 0.963077 -0.158094
vn -0.166216 0.973708 -0.155773
vn -0.166216 0.973708 -0.155773
vn -0.166216 0.973708 -0.155773
vn -0.166216 0.973708 -0.155773
vn -0.140107 0.986396 -0.085988
vn -0.140107 0.986396 -0.085988
vn -0.140107 0.986396 -0.085988
vn -0.140107 0.986396 -0.085988
vn -0.074685 0.993804 -0.082314
vn -0.074685 0.993804 -0.082314
vn -0.074685 0.993804 -0.082314
vn -0.074685 0.993804 -0.082314
vn -0.118539 0.980074 -0.159385
vn -0.118539 0.980074 -0.159385
vn -0.118539 0.980074 -0.159385
vn -0.118539 0.980074 -0.159385
vn -0.159431 0.987203 -0.003349
vn -0.159431 0.987203 -0.003349
vn -0.159431 0.987203 -0.003349
vn -0.159431 0.987203 -0.003349
vn -0.167390 0.980694 -0.101096
vn -0.167390 0.980694 -0.101096
vn -0.167390 0.980694 -0.101096
vn -0.167390 0.980694 -0.101096
vn -0.036079 0.947797 0.316828
vn -0.036079 0.947797 0.316828
vn -0.036079 0.947797 0.316828
vn -0.036079 0.947797 0.316828
vn -0.120706 0.989142 0.083833
vn -0.120706 0.989142 0.083833
vn -0.120706 0.989142 0.083833
vn -0.120706 0.989142 0.083833
vn -0.148958 0.955502 0.254613
vn -0.148958 0.955502 0.254613
vn -0.148958 0.955502 0.254613
vn -0.148958 0.955502 0.254613
vn -0.244856 0.915104 0.320359
vn -0.244856 0.915104 0.320359
vn -0.244856 0.915104 0.320359
vn -0.244856 0.915104 0.320359
vn -0.113260 0.988512 -0.100084
vn -0.113260 0.988512 -0.100084
vn -0.113260 0.988512 -0.100084
vn -0.113260 0.988512 -0.100084
vn -0.228247 0.944524 -0.236174
vn -0.228247 0.944524 -0.236174
vn -0.228247 0.944524 -0.236174
vn -0.228247 0.944524 -0.236174
vn -0.085148 0.981366 -0.172251
vn -0.085148 0.981366 -0.172251
vn -0.085148 0.981366 -0.172251
vn -0.085148 0.981366 -0.172251
vn -0.510696 0.842888 0.169496
vn -0.510696 0.842888 0.169496
vn -0.510696 0.842888 0.169496
vn -0.510696 0.842888 0.169496
vn -0.333574 0.942655 0.011448
vn -0.333574 0.942655 0.011448
vn -0.333574 0.942655 0.011448
vn -0.333574 0.942655 0.011448
vn -0.032295 0.997894 -0.056257
vn -0.032295 0.997894 -0.056257
vn -0.032295 0.997894 -0.056257
vn -0.032295 0.997894 -0.056257
vn 0.046873 0.968017 -0.246465
vn 0.046873 0.968018 -0.246465
vn 0.046873 0.968018 -0.246465
vn 0.046873 0.968018 -0.246465
vn -0.053903 0.994943 -0.084754
vn -0.053903 0.994943 -0.084754
vn -0.053903 0.994943 -0.084754
vn -0.053903 0.994943 -0.084754
vn -0.261025 0.945251 0.195872
vn -0.261025 0.945251 0.195872
vn -0.261025 0.945251 0.195872
vn -0.261025 0.945251 0.195872
vn -0.127765 0.990083 0.058415
vn -0.127765 0.990083 0.058415
vn -0.127765 0.990083 0.058415
vn -0.127765 0.990083 0.058415
vn -0.097750 0.959509 0.264172
vn -0.097750 0.959509 0.264172
vn -0.097750 0.959509 0.264172
vn -0.097750 0.959509 0.264172
vn -0.128399 0.968477 0.213463
vn -0.128399 0.968477 0.213463
vn -0.128399 0.968477 0.213463
vn -0.128399 0.968477 0.213463
vn 0.037924 0.953962 0.297521
vn 0.037924 0.953962 0.297521
vn 0.037924 0.953962 0.297521
vn 0.037924 0.953962 0.297521
vn -0.190327 0.981681 -0.008830
vn -0.190327 0.981681 -0.008830
vn -0.190327 0.981681 -0.008830
vn -0.190327 0.981681 -0.008830
vn -0.311226 0.934904 0.170568
vn -0.311226 0.934904 0.170568
vn -0.311226 0.934904 0.170568
vn -0.311226 0.934904 0.170568
vn -0.343153 0.911914 0.225077
vn -0.343153 0.911913 0.225077
vn -0.343153 0.911914 0.225077
vn -0.343153 0.911914 0.225077
vn -0.053379 0.993903 0.096480
vn -0.053379 0.993903 0.096480
vn -0.053379 0.993903 0.096480
vn -0.053379 0.993903 0.096480
vn -0.160273 0.968312 0.191534
vn -0.160273 0.968312 0.191534
vn -0.160273 0.968312 0.191534
vn -0.160273 0.968312 0.191534
vn 0.161993 0.984307 -0.069983
vn 0.161993 0.984307 -0.069983
vn 0.161993 0.984307 -0.069983
vn 0.161993 0.984307 -0.069983
vn 0.168671 0.981030 -0.095558
vn 0.168671 0.981030 -0.095558
vn 0.168671 0.981030 -0.095558
vn 0.168671 0.981030 -0.095558
vn -0.135349 0.990449 0.026307
vn -0.135349 0.990449 0.026307
vn -0.135349 0.990449 0.026307
vn -0.135349 0.990449 0.026307
vn 0.120658 0.991173 -0.054939
vn 0.120658 0.991173 -0.054939
vn 0.120658 0.991173 -0.054939
vn 0.120658 0.991173 -0.054939
vn 0.024592 0.991228 0.129856
vn 0.024592 0.991228 0.129856
vn 0.024592 0.991228 0.129856
vn 0.024592 0.991228 0.129856
vn -0.036298 0.992860 0.113625
vn -0.036298 0.992860 0.113625
vn -0.036298 0.992860 0.113625
vn -0.036298 0.992860 0.113625
vn 0.011877 0.989451 0.144381
vn 0.011877 0.989451 0.144381
vn 0.011877 0.989451 0.144381
vn 0.011877 0.989451 0.144381
vn -0.047331 0.996704 -0.065886
vn -0.047331 0.996704 -0.065886
vn -0.047331 0.996704 -0.065886
vn -0.047331 0.996704 -0.065886
vn 0.158611 0.987317 0.006938
vn 0.158610 0.987317 0.006938
vn 0.158610 0.987317 0.006938
vn 0.158611 0.987317 0.006938
vn 0.058403 0.997842 -0.030011
vn 0.058403 0.997842 -0.030011
vn 0.058403 0.997842 -0.030011
vn 0.058403 0.997842 -0.030011
vn -0.031306 0.983900 0.175957
vn -0.031306 0.983900 0.175957
vn -0.031306 0.983900 0.175957
vn -0.031306 0.983900 0.175957
vn 0.041569 0.987121 0.154477
vn 0.041569 0.987121 0.154477
vn 0.041569 0.987121 0.154477
vn 0.041569 0.987121 0.154477
vn 0.119822 0.984153 0.130712
vn 0.119822 0.984153 0.130712
vn 0.119822 0.984153 0.130712
vn 0.119822 0.984153 0.130712
vn -0.075886 0.995320 0.059831
vn -0.075886 0.995320 0.059831
vn -0.075886 0.995320 0.059831
vn -0.075886 0.995320 0.059831
vn -0.088381 0.984580 0.150967
vn -0.088381 0.984580 0.150967
vn -0.088381 0.984580 0.150967
vn -0.088381 0.984580 0.150967
vn -0.056427 0.960513 0.272455
vn -0.056427 0.960513 0.272455
vn -0.056427 0.960513 0.272455
vn -0.056427 0.960513 0.272455
vn 0.162529 0.978877 0.124036
vn 0.162529 0.978877 0.124036
vn 0.162529 0.978877 0.124036
vn 0.162529 0.978877 0.124036
vn 0.106211 0.992559 -0.059547
vn 0.106211 0.992559 -0.059547
vn 0.106211 0.992559 -0.059547
vn 0.106211 0.992559 -0.059547
vn -0.124249 0.989166 0.078187
vn -0.124249 0.989166 0.078187
vn -0.124249 0.989166 0.078187
vn -0.124249 0.989166 0.078187
vn -0.026397 0.998312 -0.051734
vn -0.026397 0.998312 -0.051734
vn -0.026397 0.998312 -0.051734
vn -0.026397 0.998312 -0.051734
vn 0.044412 0.994652 0.093245
vn 0.044412 0.994652 0.093245
vn 0.044412 0.994652 0.093245
vn 0.044412 0.994652 0.093245
vn -0.074560 0.996967 0.022328
vn -0.074560 0.996967 0.022328
vn -0.074560 0.996967 0.022328
vn -0.074560 0.996967 0.022328
vn -0.099071 0.988916 0.110592
vn -0.099071 0.988916 0.110592
vn -0.099071 0.988916 0.110592
vn -0.099071 0.988916 0.110592
vn 0.033118 0.936949 0.347895
vn 0.033118 0.936948 0.347895
vn 0.033118 0.936948 0.347895
vn 0.033118 0.936949 0.347895
vn -0.036475 0.971986 0.232190
vn -0.036475 0.971986 0.232190
vn -0.036475 0.971986 0.232190
vn -0.036475 0.971986 0.232190
vn 0.009137 0.995689 0.092303
vn 0.009137 0.995689 0.092303
vn 0.009137 0.995689 0.092303
vn 0.009137 0.995689 0.092303
vn -0.030061 0.992670 0.117061
vn -0.030061 0.992670 0.117061
vn -0.030061 0.992670 0.117061
vn -0.030061 0.992670 0.117061
vn 0.236311 0.967962 0.084894
vn 0.236311 0.967962 0.084894
vn 0.236311 0.967962 0.084894
vn 0.236311 0.967962 0.084894
vn 0.174408 0.971769 0.158894
vn 0.174408 0.971769 0.158894
vn 0.174408 0.971769 0.158894
vn 0.174408 0.971769 0.158894
vn 0.156255 0.979820 0.124646
vn 0.156255 0.979820 0.124646
vn 0.156255 0.979820 0.124646
vn 0.156255 0.979820 0.124646
vn 0.066782 0.970899 0.229989
vn 0.066782 0.970899 0.229989
vn 0.066782 0.970899 0.229989
vn 0.066782 0.970899 0.229989
vn 0.103612 0.992070 0.071153
vn 0.103612 0.992069 0.071153
vn 0.103612 0.992069 0.071153
vn 0.103612 0.992069 0.071153
vn 0.097454 0.992707 0.070963
vn 0.097454 0.992707 0.070963
vn 0.097454 0.992707 0.070963
vn 0.097454 0.992707 0.070963
vn 0.158553 0.977212 0.141128
vn 0.158553 0.977212 0.141128
vn 0.158553 0.977212 0.141128
vn 0.158553 0.977212 0.141128
vn 0.122695 0.992286 -0.017730
vn 0.122695 0.992286 -0.017730
vn 0.122695 0.992286 -0.017730
vn 0.122695 0.992286 -0.017730
vn -0.071984 0.997363 0.009244
vn -0.071984 0.997363 0.009244
vn -0.071984 0.997363 0.009244
vn -0.071984 0.997363 0.009244
vn 0.174120 0.984515 -0.020305
vn 0.174120 0.984515 -0.020305
vn 0.174120 0.984515 -0.020305
vn 0.174120 0.984515 -0.020305
vn 0.254559 0.966203 0.040641
vn 0.254559 0.966203 0.040641
vn 0.254559 0.966203 0.040641
vn 0.254559 0.966203 0.040641
vn 0.200858 0.977233 -0.068355
vn 0.200858 0.977233 -0.068355
vn 0.200858 0.977233 -0.068355
vn 0.200858 0.977233 -0.068355
vn 0.092884 0.983799 0.153334
vn 0.092884 0.983799 0.153334
vn 0.092884 0.983799 0.153334
vn 0.092884 0.983799 0.153334
vn 0.178934 0.983827 -0.008172
vn 0.178934 0.983827 -0.008172
vn 0.178934 0.983827 -0.008172
vn 0.178934 0.983827 -0.008172
vn 0.124110 0.992233 0.008346
vn 0.124110 0.992233 0.008346
vn 0.124110 0.992233 0.008346
vn 0.124110 0.992233 0.008346
vn 0.076897 0.996800 0.021822
vn 0.076897 0.996800 0.021822
vn 0.076897 0.996800 0.021822
vn 0.076897 0.996800 0.021822
vn 0.214631 0.967922 0.130617
vn 0.214631 0.967922 0.130617
vn 0.214631 0.967922 0.130617
vn 0.214631 0.967922 0.130617
vn 0.235176 0.969528 -0.068617
vn 0.235176 0.969528 -0.068617
vn 0.235176 0.969528 -0.068617
vn 0.235176 0.969528 -0.068617
vn 0.199259 0.968882 0.146847
vn 0.199259 0.968882 0.146847
vn 0.199259 0.968882 0.146847
vn 0.199259 0.968882 0.146847
vn 0.093523 0.977556 0.188779
vn 0.093523 0.977556 0.188779
vn 0.093523 0.977556 0.188779
vn 0.093523 0.977556 0.188779
vn 0.131896 0.990967 0.024259
vn 0.131896 0.990967 0.024259
vn 0.131896 0.990967 0.024259
vn 0.131896 0.990967 0.024259
vn 0.015419 0.999127 0.038818
vn 0.015419 0.999127 0.038818
vn 0.015419 0.999127 0.038818
vn 0.015419 0.999127 0.038818
vn 0.138964 0.988746 -0.055420
vn 0.138964 0.988746 -0.055420
vn 0.138964 0.988746 -0.055420
vn 0.138964 0.988746 -0.055420
vn 0.127267 0.991282 -0.034108
vn 0.127267 0.991282 -0.034108
vn 0.127267 0.991282 -0.034108
vn 0.127267 0.991282 -0.034108
vn 0.192578 0.976896 0.092670
vn 0.192578 0.976896 0.092670
vn 0.192578 0.976896 0.092670
vn 0.192578 0.976896 0.092670
vn 0.096149 0.988450 -0.117140
vn 0.096149 0.988450 -0.117140
vn 0.096149 0.988450 -0.117140
vn 0.096149 0.988450 -0.117140
vn 0.248464 0.937530 0.243525
vn 0.248463 0.937530 0.243525
vn 0.248464 0.937530 0.243525
vn 0.248464 0.937530 0.243525
vn -0.122150 0.967120 -0.223067
vn -0.122150 0.967120 -0.223067
vn -0.122150 0.967120 -0.223067
vn -0.122150 0.967120 -0.223067
vn 0.025567 0.998801 -0.041759
vn 0.025567 0.998801 -0.041759
vn 0.025567 0.998801 -0.041759
vn 0.025567 0.998801 -0.041759
vn -0.028266 0.992076 0.122421
vn -0.028266 0.992076 0.122421
vn -0.028266 0.992076 0.122421
vn -0.028266 0.992076 0.122421
vn -0.233420 0.932521 -0.275533
vn -0.233420 0.932522 -0.275533
vn -0.233420 0.932522 -0.275533
vn -0.233421 0.932522 -0.275533
vn 0.133595 0.985953 -0.100242
vn 0.133595 0.985953 -0.100242
vn 0.133595 0.985953 -0.100242
vn 0.133595 0.985953 -0.100242
vn 0.161539 0.975127 0.151765
vn 0.161539 0.975127 0.151765
vn 0.161539 0.975127 0.151765
vn 0.161539 0.975127 0.151765
vn -0.020712 0.947803 -0.318182
vn -0.020712 0.947803 -0.318182
vn -0.020712 0.947803 -0.318182
vn -0.020712 0.947803 -0.318182
vn 0.154612 0.985949 -0.063238
vn 0.154612 0.985949 -0.063238
vn 0.154612 0.985949 -0.063238
vn 0.154612 0.985949 -0.063238
vn 0.120173 0.980168 0.157573
vn 0.120173 0.980168 0.157573
vn 0.120173 0.980168 0.157573
vn 0.120173 0.980168 0.157573
vn 0.041958 0.999072 0.009754
vn 0.041958 0.999072 0.009754
vn 0.041958 0.999072 0.009755
vn 0.041958 0.999072 0.009754
vn -0.123303 0.983357 -0.133437
vn -0.123303 0.983357 -0.133437
vn -0.123303 0.983357 -0.133437
vn -0.123303 0.983357 -0.133437
vn -0.003621 0.965146 -0.261686
vn -0.003621 0.965146 -0.261686
vn -0.003621 0.965146 -0.261686
vn -0.003621 0.965146 -0.261686
vn 0.077641 0.993838 0.079107
vn 0.077641 0.993838 0.079107
vn 0.077641 0.993838 0.079107
vn 0.077641 0.993838 0.079107
vn 0.151805 0.981871 -0.113512
vn 0.151805 0.981871 -0.113512
vn 0.151805 0.981871 -0.113512
vn 0.151805 0.981871 -0.113512
vn -0.031326 0.999258 0.022432
vn -0.031326 0.999258 0.022432
vn -0.031326 0.999258 0.022432
vn -0.031326 0.999258 0.022432
vn 0.207702 0.975531 0.072103
vn 0.207702 0.975531 0.072103
vn 0.207702 0.975531 0.072103
vn 0.207702 0.975531 0.072103
vn 0.009719 0.999903 -0.009974
vn 0.009719 0.999903 -0.009974
vn 0.009719 0.999903 -0.009974
vn 0.009719 0.999903 -0.009974
vn 0.010919 0.996864 -0.078373
vn 0.010919 0.996864 -0.078373
vn 0.010919 0.996864 -0.078373
vn 0.010919 0.996864 -0.078373
vn -0.250366 0.965452 -0.072247
vn -0.250366 0.965452 -0.072247
vn -0.250366 0.965452 -0.072247
vn -0.250366 0.965452 -0.072247
vn -0.016030 0.999692 -0.018964
vn -0.016030 0.999692 -0.018964
vn -0.016030 0.999692 -0.018964
vn -0.016030 0.999692 -0.018964
vn 0.157270 0.982184 0.102863
vn 0.157270 0.982184 0.102863
vn 0.157270 0.982184 0.102863
vn 0.157270 0.982184 0.102863
vn 0.289420 0.951815 0.101408
vn 0.289420 0.951815 0.101408
vn 0.289420 0.951815 0.101408
vn 0.289420 0.951815 0.101408
vn -0.271478 0.956333 -0.108291
vn -0.271478 0.956333 -0.108291
vn -0.271478 0.956333 -0.108291
vn -0.271478 0.956333 -0.108291
vn 0.043968 0.997930 -0.046939
vn 0.043968 0.997930 -0.046939
vn 0.043968 0.997930 -0.046939
vn 0.043968 0.997930 -0.046939
vn -0.137644 0.983129 -0.120467
vn -0.137644 0.983128 -0.120467
vn -0.137644 0.983129 -0.120467
vn -0.137644 0.983128 -0.120467
vn 0.073120 0.994246 -0.078284
vn 0.073120 0.994246 -0.078284
vn 0.073120 0.994246 -0.078284
vn 0.073120 0.994246 -0.078284
vn -0.050988 0.993187 -0.104783
vn -0.050988 0.993187 -0.104783
vn -0.050988 0.993187 -0.104783
vn -0.050988 0.993187 -0.104783
vn 0.147515 0.988363 -0.037128
vn 0.147515 0.988363 -0.037128
vn 0.147515 0.988363 -0.037128
vn 0.147515 0.988363 -0.037128
vn -0.074970 0.996015 -0.048307
vn -0.074970 0.996015 -0.048307
vn -0.074970 0.996015 -0.048307
vn -0.074970 0.996015 -0.048307
vn 0.047941 0.994878 -0.088991
vn 0.047941 0.994878 -0.088991
vn 0.047941 0.994878 -0.088991
vn 0.047941 0.994878 -0.088991
vn 0.061330 0.995652 -0.070115
vn 0.061330 0.995652 -0.070115
vn 0.061330 0.995652 -0.070115
vn 0.061330 0.995652 -0.070115
vn -0.134416 0.983933 -0.117509
vn -0.134416 0.983933 -0.117509
vn -0.134416 0.983933 -0.117509
vn -0.134416 0.983933 -0.117509
vn -0.005818 0.997387 -0.072011
vn -0.005818 0.997387 -0.072011
vn -0.005818 0.997387 -0.072011
vn -0.005818 0.997387 -0.072011
vn -0.040668 0.999173 -0.000345
vn -0.040668 0.999173 -0.000345
vn -0.040668 0.999173 -0.000345
vn -0.040668 0.999173 -0.000345
vn -0.027186 0.998321 -0.051153
vn -0.027186 0.998321 -0.051153
vn -0.027186 0.998321 -0.051153
vn -0.027186 0.998321 -0.051153
vn -0.039646 0.988629 -0.145057
vn -0.039646 0.988629 -0.145057
vn -0.039646 0.988629 -0.145057
vn -0.039646 0.988629 -0.145057
vn 0.027885 0.995643 -0.088975
vn 0.027885 0.995644 -0.088975
vn 0.027885 0.995644 -0.088975
vn 0.027885 0.995644 -0.088975
vn -0.010413 0.999799 -0.017111
vn -0.010413 0.999799 -0.017111
vn -0.010413 0.999799 -0.017111
vn -0.010413 0.999799 -0.017111
vn 0.066952 0.978110 -0.197024
vn 0.066952 0.978110 -0.197024
vn 0.066952 0.978110 -0.197025
vn 0.066952 0.978110 -0.197024
vn -0.126148 0.991994 0.005967
vn -0.126148 0.991994 0.005967
vn -0.126148 0.991994 0.005967
vn -0.126148 0.991994 0.005967
vn 0.058173 0.991801 -0.113782
vn 0.058173 0.991801 -0.113782
vn 0.058173 0.991801 -0.113782
vn 0.058173 0.991801 -0.113782
vn -0.010639 0.998674 -0.050368
vn -0.010639 0.998674 -0.050368
vn -0.010639 0.998674 -0.050368
vn -0.010639 0.998674 -0.050368
vn -0.069319 0.983264 -0.168485
vn -0.069319 0.983264 -0.168485
vn -0.069319 0.983264 -0.168485
vn -0.069319 0.983264 -0.168485
vn -0.066165 0.981673 -0.178716
vn -0.066165 0.981674 -0.178716
vn -0.066165 0.981674 -0.178716
vn -0.066165 0.981673 -0.178716
vn -0.030891 0.999523 -0.000115
vn -0.030891 0.999523 -0.000115
vn -0.030891 0.999523 -0.000115
vn -0.030891 0.999523 -0.000115
vn 0.059934 0.989251 -0.133382
vn 0.059934 0.989251 -0.133382
vn 0.059934 0.989251 -0.133382
vn 0.059934 0.989251 -0.133382
vn 0.004438 0.998634 0.052069
vn 0.004438 0.998634 0.052069
vn 0.004438 0.998634 0.052069
vn 0.004438 0.998634 0.052069
vn 0.065183 0.978895 0.193691
vn 0.065183 0.978895 0.193691
vn 0.065183 0.978895 0.193691
vn 0.065183 0.978895 0.193691
vn -0.242499 0.964080 0.108368
vn -0.242499 0.964080 0.108368
vn -0.242499 0.964080 0.108368
vn -0.242499 0.964080 0.108368
vn 0.023363 0.999518 -0.020429
vn 0.023363 0.999518 -0.020429
vn 0.023363 0.999518 -0.020429
vn 0.023363 0.999518 -0.020429
vn 0.113681 0.992716 -0.039894
vn 0.113681 0.992716 -0.039894
vn 0.113681 0.992716 -0.039894
vn 0.113681 0.992716 -0.039894
vn 0.203266 0.966249 -0.158260
vn 0.203266 0.966249 -0.158260
vn 0.203266 0.966249 -0.158260
vn 0.203266 0.966249 -0.158260
vn -0.060193 0.966956 0.247735
vn -0.060193 0.966956 0.247735
vn -0.060193 0.966956 0.247735
vn -0.060193 0.966956 0.247735
vn 0.064212 0.968350 0.241197
vn 0.064212 0.968350 0.241197
vn 0.064212 0.968350 0.241197
vn 0.064212 0.968350 0.241197
vn 0.001652 0.991683 0.128694
vn 0.001652 0.991683 0.128694
vn 0.001652 0.991683 0.128694
vn 0.001652 0.991683 0.128694
vn 0.101302 0.989726 -0.100899
vn 0.101302 0.989726 -0.100899
vn 0.101302 0.989726 -0.100899
vn 0.101302 0.989726 -0.100899
vn 0.165390 0.985040 0.048400
vn 0.165390 0.985040 0.048400
vn 0.165390 0.985040 0.048400
vn 0.165390 0.985040 0.048400
vn 0.164184 0.979927 -0.113081
vn 0.164184 0.979927 -0.113081
vn 0.164184 0.979927 -0.113081
vn 0.164184 0.979927 -0.113081
vn -0.016733 0.994688 0.101569
vn -0.016733 0.994688 0.101569
vn -0.016733 0.994688 0.101569
vn -0.016733 0.994688 0.101569
vn 0.129039 0.988791 -0.075110
vn 0.129039 0.988791 -0.075110
vn 0.129039 0.988791 -0.075110
vn 0.129039 0.988791 -0.075110
vn 0.033079 0.975130 -0.219153
vn 0.033079 0.975130 -0.219153
vn 0.033079 0.975130 -0.219153
vn 0.033079 0.975130 -0.219153
vn -0.129892 0.991225 -0.024511
vn -0.129892 0.991225 -0.024511
vn -0.129892 0.991225 -0.024511
vn -0.129892 0.991225 -0.024511
vn -0.151934 0.986919 -0.053923
vn -0.151934 0.986919 -0.053923
vn -0.151934 0.986919 -0.053923
vn -0.151934 0.986919 -0.053923
vn -0.122490 0.990307 0.065492
vn -0.122490 0.990307 0.065492
vn -0.122490 0.990307 0.065492
vn -0.122490 0.990307 0.065492
vn 0.068930 0.991301 0.112122
vn 0.068930 0.991301 0.112122
vn 0.068930 0.991301 0.112122
vn 0.068930 0.991301 0.112122
vn -0.030943 0.999365 0.017650
vn -0.030943 0.999365 0.017650
vn -0.030943 0.999365 0.017650
vn -0.030943 0.999365 0.017650
vn 0.052948 0.998502 -0.013779
vn 0.052948 0.998502 -0.013779
vn 0.052948 0.998502 -0.013779
vn 0.052948 0.998502 -0.013779
vn -0.234796 0.963559 0.128163
vn -0.234796 0.963559 0.128163
vn -0.234796 0.963559 0.128163
vn -0.234796 0.963559 0.128163
vn -0.154636 0.986099 -0.060795
vn -0.154636 0.986099 -0.060795
vn -0.154636 0.986099 -0.060795
vn -0.154636 0.986099 -0.060795
vn -0.152437 0.978471 0.139129
vn -0.152437 0.978471 0.139129
vn -0.152437 0.978471 0.139129
vn -0.152437 0.978471 0.139129
vn 0.021663 0.999756 -0.004292
vn 0.021663 0.999756 -0.004292
vn 0.021663 0.999756 -0.004292
vn 0.021663 0.999756 -0.004292
vn 0.063645 0.992958 0.099917
vn 0.063645 0.992958 0.099917
vn 0.063645 0.992958 0.099917
vn 0.063645 0.992958 0.099917
vn 0.105838 0.994053 -0.025640
vn 0.105838 0.994053 -0.025640
vn 0.105838 0.994053 -0.025640
vn 0.105838 0.994053 -0.025640
vn 0.191528 0.969752 0.151323
vn 0.191528 0.969752 0.151323
vn 0.191528 0.969752 0.151323
vn 0.191528 0.969752 0.151323
vn -0.111384 0.957285 0.266831
vn -0.111384 0.957285 0.266831
vn -0.111384 0.957285 0.266831
vn -0.111384 0.957285 0.266831
vn 0.058065 0.904040 0.423486
vn 0.058065 0.904040 0.423486
vn 0.058065 0.904040 0.423486
vn 0.058065 0.904040 0.423486
vn -0.104020 0.952772 0.285316
vn -0.104020 0.952772 0.285316
vn -0.104020 0.952772 0.285316
vn -0.104020 0.952772 0.285316
vn -0.111285 0.982472 0.149549
vn -0.111285 0.982472 0.149549
vn -0.111285 0.982472 0.149549
vn -0.111285 0.982472 0.149549
vn -0.026532 0.997414 -0.066792
vn -0.026532 0.997414 -0.066792
vn -0.026532 0.997414 -0.066792
vn -0.026532 0.997414 -0.066792
vn -0.091987 0.995760 0.000050
vn -0.091987 0.995760 0.000050
vn -0.091987 0.995760 0.000050
vn -0.091987 0.995760 0.000050
vn 0.174573 0.978777 0.107332
vn 0.174573 0.978777 0.107332
vn 0.174573 0.978777 0.107332
vn 0.174573 0.978777 0.107332
vn -0.069502 0.981708 0.177254
vn -0.069502 0.981708 0.177254
vn -0.069502 0.981708 0.177254
vn -0.069502 0.981708 0.177254
vn 0.020428 0.977646 0.209264
vn 0.020428 0.977646 0.209264
vn 0.020428 0.977646 0.209264
vn 0.020428 0.977646 0.209264
vn -0.182473 0.971603 0.150639
vn -0.182473 0.971603 0.150639
vn -0.182473 0.971603 0.150639
vn -0.182473 0.971603 0.150639
vn -0.185224 0.982665 0.007868
vn -0.185224 0.982665 0.007868
vn -0.185224 0.982665 0.007868
vn -0.185224 0.982665 0.007868
vn 0.057347 0.981396 0.183231
vn 0.057347 0.981396 0.183231
vn 0.057347 0.981396 0.183231
vn 0.057347 0.981396 0.183231
vn -0.068168 0.997272 -0.028308
vn -0.068168 0.997272 -0.028308
vn -0.068168 0.997272 -0.028308
vn -0.068168 0.997272 -0.028308
vn -0.152157 0.988107 0.022208
vn -0.152157 0.988107 0.022208
vn -0.152157 0.988107 0.022208
vn -0.152157 0.988107 0.022208
vn 0.021600 0.988741 0.148067
vn 0.021600 0.988741 0.148067
vn 0.021600 0.988741 0.148067
vn 0.021600 0.988741 0.148067
vn 0.083782 0.994329 0.065502
vn 0.083782 0.994329 0.065502
vn 0.083782 0.994329 0.065503
vn 0.083782 0.994329 0.065502
vn 0.037267 0.988669 0.145412
vn 0.037267 0.988669 0.145412
vn 0.037267 0.988669 0.145412
vn 0.037267 0.988669 0.145412
vn -0.000322 0.997913 0.064580
vn -0.000322 0.997913 0.064580
vn -0.000322 0.997913 0.064580
vn -0.000322 0.997913 0.064580
vn 0.036494 0.996107 0.080246
vn 0.036494 0.996107 0.080246
vn 0.036494 0.996107 0.080246
vn 0.036494 0.996107 0.080246
vn 0.144734 0.982682 0.115707
vn 0.144734 0.982682 0.115707
vn 0.144734 0.982682 0.115707
vn 0.144734 0.982682 0.115707
vn 0.037126 0.963823 0.263946
vn 0.037126 0.963823 0.263946
vn 0.037126 0.963823 0.263946
vn 0.037126 0.963823 0.263946
vn -0.001600 0.941679 0.336509
vn -0.001600 0.941679 0.336509
vn -0.001600 0.941679 0.336509
vn -0.001600 0.941679 0.336509
vn -0.080215 0.925746 0.369540
vn -0.080215 0.925746 0.369540
vn -0.080215 0.925746 0.369540
vn -0.080215 0.925746 0.369540
vn -0.063090 0.996760 -0.049895
vn -0.063090 0.996760 -0.049895
vn -0.063090 0.996760 -0.049895
vn -0.063090 0.996760 -0.049895
vn -0.145546 0.982184 0.118876
vn -0.145546 0.982184 0.118876
vn -0.145546 0.982184 0.118876
vn -0.145546 0.982184 0.118876
vn -0.205726 0.969574 0.132677
vn -0.205726 0.969574 0.132677
vn -0.205726 0.969574 0.132677
vn -0.205726 0.969574 0.132677
vn 0.222725 0.971572 0.080255
vn 0.222725 0.971572 0.080255
vn 0.222725 0.971572 0.080255
vn 0.222725 0.971572 0.080255
vn 0.152945 0.988207 -0.007421
vn 0.152945 0.988207 -0.007421
vn 0.152945 0.988207 -0.007421
vn 0.152945 0.988207 -0.007421
vn -0.002103 0.998353 0.057325
vn -0.002103 0.998353 0.057325
vn -0.002103 0.998353 0.057325
vn -0.002103 0.998353 0.057325
vn 0.068347 0.992217 0.104087
vn 0.068347 0.992217 0.104087
vn 0.068347 0.992217 0.104087
vn 0.068347 0.992217 0.104087
vn 0.082932 0.985412 -0.148611
vn 0.082932 0.985412 -0.148611
vn 0.082932 0.985412 -0.148611
vn 0.082932 0.985412 -0.148611
vn 0.116543 0.991203 -0.062718
vn 0.116543 0.991203 -0.062718
vn 0.116543 0.991203 -0.062718
vn 0.116543 0.991203 -0.062718
vn 0.023874 0.978104 0.206745
vn 0.023874 0.978104 0.206745
vn 0.023874 0.978104 0.206745
vn 0.023874 0.978104 0.206745
vn 0.232425 0.959368 0.159973
vn 0.232425 0.959368 0.159973
vn 0.232425 0.959368 0.159973
vn 0.232425 0.959368 0.159973
vn 0.285342 0.956089 -0.066880
vn 0.285342 0.956090 -0.066880
vn 0.285342 0.956089 -0.066880
vn 0.285342 0.956090 -0.066880
vn -0.089286 0.991657 0.092980
vn -0.089286 0.991657 0.092980
vn -0.089286 0.991657 0.092980
vn -0.089286 0.991657 0.092980
vn 0.012386 0.982294 -0.186935
vn 0.012386 0.982294 -0.186935
vn 0.012386 0.982294 -0.186935
vn 0.012386 0.982294 -0.186935
vn -0.106617 0.980672 0.164058
vn -0.106617 0.980672 0.164058
vn -0.106617 0.980672 0.164058
vn -0.106617 0.980672 0.164058
vn 0.237315 0.943300 0.232090
vn 0.237315 0.943300 0.232090
vn 0.237315 0.943300 0.232090
vn 0.237315 0.943300 0.232090
vn 0.178373 0.979832 -0.090068
vn 0.178373 0.979832 -0.090068
vn 0.178373 0.979832 -0.090068
vn 0.178373 0.979832 -0.090068
vn 0.080321 0.992695 -0.090027
vn 0.080321 0.992695 -0.090027
vn 0.080321 0.992695 -0.090027
vn 0.080321 0.992695 -0.090027
vn -0.027551 0.979265 -0.200700
vn -0.027551 0.979265 -0.200700
vn -0.027551 0.979265 -0.200700
vn -0.027551 0.979265 -0.200700
vn -0.115288 0.990449 -0.075633
vn -0.115288 0.990449 -0.075633
vn -0.115288 0.990449 -0.075633
vn -0.115288 0.990449 -0.075633
vn -0.083847 0.985962 -0.144392
vn -0.083847 0.985962 -0.144392
vn -0.083847 0.985962 -0.144392
vn -0.083847 0.985962 -0.144392
vn 0.048951 0.998438 -0.026939
vn 0.048951 0.998438 -0.026939
vn 0.048951 0.998438 -0.026939
vn 0.048951 0.998438 -0.026939
vn 0.018155 0.995404 0.094033
vn 0.018155 0.995404 0.094033
vn 0.018155 0.995404 0.094033
vn 0.018155 0.995404 0.094033
vn 0.107675 0.989898 0.092236
vn 0.107675 0.989898 0.092236
vn 0.107675 0.989898 0.092236
vn 0.107675 0.989898 0.092236
vn -0.017219 0.999277 -0.033900
vn -0.017219 0.999277 -0.033900
vn -0.017219 0.999277 -0.033900
vn -0.017219 0.999277 -0.033900
vn 0.196289 0.969442 0.147152
vn 0.196289 0.969442 0.147152
vn 0.196289 0.969442 0.147152
vn 0.196289 0.969442 0.147152
vn 0.209240 0.962620 0.171993
vn 0.209240 0.962620 0.171993
vn 0.209240 0.962620 0.171993
vn 0.209240 0.962620 0.171993
vn 0.050262 0.959061 0.278704
vn 0.050262 0.959061 0.278704
vn 0.050262 0.959061 0.278704
vn 0.050262 0.959061 0.278704
vn 0.179313 0.979882 -0.087623
vn 0.179313 0.979882 -0.087623
vn 0.179313 0.979882 -0.087623
vn 0.179313 0.979882 -0.087623
vn -0.118472 0.980985 -0.153727
vn -0.118472 0.980985 -0.153727
vn -0.118472 0.980985 -0.153727
vn -0.118472 0.980985 -0.153727
vn -0.198146 0.979670 -0.031381
vn -0.198146 0.979670 -0.031381
vn -0.198146 0.979670 -0.031381
vn -0.198146 0.979670 -0.031381
vn -0.093210 0.956676 -0.275833
vn -0.093210 0.956676 -0.275833
vn -0.093210 0.956676 -0.275833
vn -0.093210 0.956676 -0.275833
vn 0.029052 0.999575 0.002515
vn 0.029052 0.999575 0.002515
vn 0.029052 0.999575 0.002515
vn 0.029052 0.999575 0.002515
vn 0.163958 0.986467 0.000283
vn 0.163958 0.986467 0.000283
vn 0.163958 0.986467 0.000283
vn 0.163958 0.986467 0.000283
vn 0.123495 0.990796 0.055425
vn 0.123495 0.990796 0.055425
vn 0.123495 0.990796 0.055425
vn 0.123495 0.990796 0.055425
vn -0.112872 0.962679 -0.245988
vn -0.112872 0.962679 -0.245988
vn -0.112872 0.962679 -0.245988
vn -0.112872 0.962679 -0.245988
vn 0.041094 0.997570 -0.056267
vn 0.041094 0.997570 -0.056267
vn 0.041094 0.997570 -0.056267
vn 0.041094 0.997570 -0.056267
vn 0.101930 0.994786 -0.003255
vn 0.101930 0.994786 -0.003255
vn 0.101930 0.994786 -0.003255
vn 0.101930 0.994786 -0.003255
vn 0.141304 0.988219 -0.058790
vn 0.141304 0.988219 -0.058790
vn 0.141304 0.988219 -0.058790
vn 0.141304 0.988219 -0.058790
vn 0.391920 0.907414 -0.151653
vn 0.391920 0.907414 -0.151653
vn 0.391920 0.907414 -0.151653
vn 0.391920 0.907414 -0.151653
vn 0.188369 0.930416 -0.314394
vn 0.188369 0.930416 -0.314394
vn 0.188369 0.930416 -0.314394
vn 0.188369 0.930416 -0.314394
vn 0.176534 0.970361 0.165033
vn 0.176534 0.970361 0.165033
vn 0.176534 0.970361 0.165033
vn 0.176534 0.970361 0.165033
vn 0.050187 0.982344 0.180226
vn 0.050187 0.982344 0.180226
vn 0.050187 0.982344 0.180226
vn 0.050187 0.982344 0.180226
vn 0.121288 0.992366 0.022326
vn 0.121288 0.992366 0.022326
vn 0.121289 0.992366 0.022326
vn 0.121288 0.992366 0.022326
vn 0.088809 0.995748 -0.024489
vn 0.088809 0.995748 -0.024489
vn 0.088809 0.995748 -0.024489
vn 0.088809 0.995748 -0.024489
vn -0.073258 0.931090 -0.357357
vn -0.073258 0.931090 -0.357357
vn -0.073258 0.931090 -0.357357
vn -0.073258 0.931090 -0.357357
vn 0.125404 0.992070 -0.008442
vn 0.125404 0.992070 -0.008442
vn 0.125404 0.992070 -0.008442
vn 0.125404 0.992070 -0.008442
vn -0.119859 0.987171 -0.105488
vn -0.119859 0.987171 -0.105488
vn -0.119859 0.987171 -0.105488
vn -0.119859 0.987171 -0.105488
vn 0.105224 0.994365 -0.012903
vn 0.105224 0.994365 -0.012903
vn 0.105224 0.994365 -0.012903
vn 0.105224 0.994365 -0.012903
vn 0.078785 0.996213 0.036775
vn 0.078785 0.996213 0.036775
vn 0.078785 0.996213 0.036775
vn 0.078785 0.996213 0.036775
vn 0.109973 0.991333 0.071860
vn 0.109973 0.991333 0.071860
vn 0.109973 0.991333 0.071860
vn 0.109973 0.991333 0.071860
vn 0.090878 0.993773 0.064475
vn 0.090878 0.993773 0.064475
vn 0.090878 0.993773 0.064475
vn 0.090878 0.993773 0.064475
vn 0.019968 0.999555 -0.022180
vn 0.019968 0.999555 -0.022180
vn 0.019968 0.999555 -0.022180
vn 0.019968 0.999555 -0.022180
vn 0.217679 0.968064 -0.124372
vn 0.217679 0.968064 -0.124372
vn 0.217679 0.968064 -0.124372
vn 0.217679 0.968064 -0.124372
vn 0.085602 0.990625 0.106460
vn 0.085602 0.990625 0.106460
vn 0.085602 0.990625 0.106460
vn 0.085602 0.990625 0.106460
vn 0.017758 0.985359 -0.169568
vn 0.017758 0.985359 -0.169568
vn 0.017758 0.985359 -0.169568
vn 0.017758 0.985359 -0.169568
vn 0.073366 0.980404 -0.182829
vn 0.073366 0.980404 -0.182829
vn 0.073366 0.980404 -0.182829
vn 0.073366 0.980404 -0.182829
vn 0.057146 0.976664 -0.207030
vn 0.057146 0.976664 -0.207030
vn 0.057146 0.976664 -0.207030
vn 0.057146 0.976664 -0.207030
vn -0.007953 0.999692 -0.023524
vn -0.007953 0.999692 -0.023524
vn -0.007953 0.999692 -0.023524
vn -0.007953 0.999692 -0.023524
vn 0.162176 0.980510 0.110903
vn 0.162176 0.980510 0.110903
vn 0.162176 0.980510 0.110903
vn 0.162176 0.980510 0.110903
vn 0.267787 0.963478 -0.000365
vn 0.267787 0.963478 -0.000365
vn 0.267787 0.963478 -0.000365
vn 0.267787 0.963478 -0.000365
vn -0.177401 0.977957 -0.110129
vn -0.177401 0.977957 -0.110129
vn -0.177401 0.977957 -0.110129
vn -0.177401 0.977957 -0.110129
vn -0.082382 0.995996 -0.034711
vn -0.082382 0.995996 -0.034711
vn -0.082382 0.995996 -0.034711
vn -0.082382 0.995996 -0.034711
vn 0.092369 0.995019 0.037496
vn 0.092369 0.995019 0.037496
vn 0.092369 0.995019 0.037496
vn 0.092369 0.995019 0.037496
vn 0.060572 0.998154 -0.004358
vn 0.060572 0.998154 -0.004358
vn 0.060572 0.998154 -0.004358
vn 0.060572 0.998154 -0.004358
vn 0.193721 0.942884 -0.271001
vn 0.193721 0.942884 -0.271001
vn 0.193721 0.942884 -0.271001
vn 0.193721 0.942884 -0.271001
vn 0.079303 0.956819 -0.279659
vn 0.079303 0.956819 -0.279659
vn 0.079303 0.956819 -0.279659
vn 0.079303 0.956819 -0.279659
vn 0.061780 0.993488 0.095735
vn 0.061780 0.993488 0.095735
vn 0.061780 0.993488 0.095735
vn 0.061780 0.993488 0.095735
vn -0.019421 0.997677 0.065301
vn -0.019421 0.997677 0.065301
vn -0.019421 0.997677 0.065301
vn -0.019421 0.997677 0.065301
vn 0.014777 0.992054 -0.124940
vn 0.014777 0.992054 -0.124940
vn 0.014777 0.992054 -0.124940
vn 0.014777 0.992054 -0.124940
vn -0.042541 0.996534 -0.071484
vn -0.042541 0.996534 -0.071484
vn -0.042541 0.996534 -0.071484
vn -0.042541 0.996534 -0.071484
vn -0.153918 0.956717 -0.246985
vn -0.153918 0.956717 -0.246985
vn -0.153918 0.956717 -0.246985
vn -0.153918 0.956717 -0.246985
vn -0.293588 0.954987 -0.042497
vn -0.293588 0.954987 -0.042497
vn -0.293588 0.954987 -0.042497
vn -0.293588 0.954987 -0.042497
vn 0.059376 0.986028 -0.155637
vn 0.059376 0.986028 -0.155637
vn 0.059376 0.986028 -0.155637
vn 0.059376 0.986028 -0.155637
vn 0.045674 0.985723 -0.162064
vn 0.045674 0.985723 -0.162064
vn 0.045674 0.985723 -0.162064
vn 0.045674 0.985723 -0.162064
vn 0.170604 0.976560 -0.131242
vn 0.170604 0.976560 -0.131242
vn 0.170604 0.976560 -0.131242
vn 0.170604 0.976560 -0.131242
vn 0.069095 0.980709 -0.182853
vn 0.069095 0.980709 -0.182853
vn 0.069095 0.980709 -0.182853
vn 0.069095 0.980709 -0.182853
vn -0.055313 0.996593 -0.061184
vn -0.055313 0.996593 -0.061184
vn -0.055313 0.996593 -0.061184
vn -0.055313 0.996593 -0.061184
vn -0.062450 0.994340 -0.085957
vn -0.062450 0.994340 -0.085957
vn -0.062450 0.994340 -0.085957
vn -0.062450 0.994340 -0.085957
vn -0.041685 0.988260 -0.146989
vn -0.041685 0.988259 -0.146989
vn -0.041685 0.988259 -0.146989
vn -0.041685 0.988259 -0.146989
vn 0.001881 0.994547 -0.104276
vn 0.001881 0.994547 -0.104276
vn 0.001881 0.994547 -0.104276
vn 0.001881 0.994547 -0.104276
vn -0.156588 0.984296 -0.081491
vn -0.156588 0.984296 -0.081491
vn -0.156588 0.984296 -0.081491
vn -0.156588 0.984296 -0.081491
vn -0.102358 0.992043 -0.073301
vn -0.102358 0.992043 -0.073301
vn -0.102358 0.992043 -0.073301
vn -0.102358 0.992043 -0.073301
vn 0.006111 0.996755 0.080262
vn 0.006111 0.996755 0.080262
vn 0.006111 0.996755 0.080262
vn 0.006111 0.996755 0.080262
vn -0.122671 0.991998 0.029849
vn -0.122671 0.991998 0.029849
vn -0.122671 0.991998 0.029849
vn -0.122671 0.991998 0.029849
vn -0.176621 0.981672 -0.071591
vn -0.176621 0.981672 -0.071591
vn -0.176621 0.981672 -0.071591
vn -0.176621 0.981672 -0.071591
vn -0.156438 0.981685 -0.108729
vn -0.156438 0.981685 -0.108729
vn -0.156438 0.981685 -0.108729
vn -0.156438 0.981685 -0.108729
vn -0.130899 0.989164 -0.066478
vn -0.130899 0.989164 -0.066478
vn -0.130899 0.989164 -0.066478
vn -0.130899 0.989164 -0.066478
vn 0.142730 0.986708 -0.077691
vn 0.142730 0.986708 -0.077691
vn 0.142730 0.986708 -0.077691
vn 0.142730 0.986708 -0.077691
vn -0.097726 0.994938 -0.023422
vn -0.097726 0.994938 -0.023422
vn -0.097726 0.994938 -0.023422
vn -0.097726 0.994938 -0.023422
vn -0.157965 0.949552 0.270922
vn -0.157965 0.949552 0.270922
vn -0.157965 0.949552 0.270922
vn -0.157965 0.949552 0.270922
vn -0.007847 0.990345 0.138400
vn -0.007847 0.990345 0.138400
vn -0.007847 0.990345 0.138400
vn -0.007847 0.990345 0.138400
vn 0.127284 0.988670 0.079566
vn 0.127284 0.988670 0.079566
vn 0.127284 0.988670 0.079566
vn 0.127284 0.988670 0.079566
vn 0.015731 0.999739 -0.016566
vn 0.015731 0.999739 -0.016566
vn 0.015731 0.999739 -0.016566
vn 0.015731 0.999739 -0.016566
vn 0.176237 0.984092 0.022444
vn 0.176237 0.984092 0.022444
vn 0.176237 0.984092 0.022444
vn 0.176237 0.984092 0.022444
vn 0.059204 0.997001 -0.049838
vn 0.059204 0.997001 -0.049838
vn 0.059204 0.997001 -0.049838
vn 0.059204 0.997001 -0.049838
vn 0.030440 0.997926 -0.056717
vn 0.030440 0.997926 -0.056717
vn 0.030440 0.997926 -0.056717
vn 0.030440 0.997926 -0.056717
vn 0.128810 0.991325 -0.026122
vn 0.128810 0.991325 -0.026122
vn 0.128810 0.991325 -0.026122
vn 0.128810 0.991325 -0.026122
vn -0.057975 0.976454 0.207791
vn -0.057975 0.976454 0.207791
vn -0.057975 0.976454 0.207791
vn -0.057975 0.976454 0.207791
vn -0.129517 0.990631 0.043300
vn -0.129517 0.990631 0.043300
vn -0.129517 0.990631 0.043300
vn -0.129517 0.990631 0.043300
vn 0.016426 0.999844 0.006453
vn 0.016426 0.999844 0.006453
vn 0.016426 0.999844 0.006453
vn 0.016426 0.999844 0.006453
vn 0.031790 0.999482 -0.005085
vn 0.031790 0.999482 -0.005085
vn 0.031790 0.999482 -0.005085
vn 0.031790 0.999482 -0.005085
vn -0.222223 0.966009 0.132077
vn -0.222223 0.966009 0.132077
vn -0.222223 0.966009 0.132077
vn -0.222223 0.966009 0.132077
vn -0.131248 0.990674 -0.036582
vn -0.131248 0.990674 -0.036582
vn -0.131248 0.990674 -0.036582
vn -0.131248 0.990674 -0.036582
vn 0.308107 0.950941 -0.027962
vn 0.308107 0.950941 -0.027962
vn 0.308107 0.950941 -0.027962
vn 0.308107 0.950941 -0.027962
vn -0.005426 0.998554 0.053491
vn -0.005426 0.998554 0.053491
vn -0.005426 0.998554 0.053491
vn -0.005426 0.998554 0.053491
vn 0.037054 0.999091 0.021069
vn 0.037054 0.999091 0.021069
vn 0.037054 0.999091 0.021069
vn 0.037054 0.999091 0.021069
vn -0.168360 0.982397 0.080936
vn -0.168360 0.982397 0.080936
vn -0.168360 0.982397 0.080936
vn -0.168360 0.982397 0.080936
vn -0.095512 0.901753 -0.421567
vn -0.095512 0.901753 -0.421567
vn -0.095512 0.901753 -0.421567
vn -0.095512 0.901753 -0.421567
vn -0.313656 0.949329 -0.019850
vn -0.313656 0.949329 -0.019850
vn -0.313656 0.949329 -0.019850
vn -0.313656 0.949329 -0.019850
vn -0.188870 0.905607 -0.379741
vn -0.188870 0.905607 -0.379741
vn -0.188870 0.905607 -0.379741
vn -0.188870 0.905608 -0.379741
vn 0.023855 0.999635 0.012721
vn 0.023855 0.999635 0.012721
vn 0.023855 0.999635 0.012721
vn 0.023855 0.999635 0.012721
vn -0.289964 0.937512 0.192333
vn -0.289964 0.937512 0.192333
vn -0.289964 0.937512 0.192333
vn -0.289964 0.937512 0.192333
vn -0.128809 0.991642 -0.007379
vn -0.128809 0.991642 -0.007379
vn -0.128809 0.991642 -0.007379
vn -0.128809 0.991642 -0.007379
vn -0.256559 0.964165 0.067558
vn -0.256559 0.964165 0.067558
vn -0.256559 0.964165 0.067558
vn -0.256559 0.964165 0.067558
vn 0.112884 0.990938 0.072791
vn 0.112884 0.990938 0.072791
vn 0.112884 0.990938 0.072791
vn 0.112884 0.990938 0.072791
vn 0.150064 0.987457 -0.049085
vn 0.150064 0.987457 -0.049085
vn 0.150064 0.987457 -0.049085
vn 0.150064 0.987457 -0.049085
vn 0.422124 0.799959 -0.426470
vn 0.422124 0.799959 -0.426470
vn 0.422124 0.799959 -0.426470
vn 0.422124 0.799959 -0.426470
vn 0.227621 0.959765 -0.164437
vn 0.227621 0.959765 -0.164437
vn 0.227621 0.959765 -0.164437
vn 0.227621 0.959765 -0.164437
vn -0.015855 0.978971 -0.203384
vn -0.015855 0.978971 -0.203384
vn -0.015855 0.978971 -0.203384
vn -0.015855 0.978971 -0.203384
vn -0.254409 0.944334 -0.208591
vn -0.254409 0.944334 -0.208590
vn -0.254409 0.944334 -0.208590
vn -0.254409 0.944334 -0.208590
vn -0.194016 0.978119 0.075108
vn -0.194016 0.978119 0.075108
vn -0.194016 0.978119 0.075108
vn -0.194016 0.978119 0.075108
vn 0.088423 0.996078 0.003021
vn 0.088423 0.996078 0.003021
vn 0.088423 0.996078 0.003021
vn 0.088423 0.996078 0.003021
vn -0.177974 0.972049 -0.153124
vn -0.177974 0.972049 -0.153124
vn -0.177974 0.972049 -0.153124
vn -0.177974 0.972049 -0.153124
vn -0.035586 0.998794 0.033811
vn -0.035586 0.998794 0.033811
vn -0.035586 0.998795 0.033811
vn -0.035586 0.998795 0.033811
vn 0.118721 0.928461 0.351945
vn 0.118721 0.928461 0.351945
vn 0.118721 0.928461 0.351945
vn 0.118721 0.928461 0.351945
vn 0.105651 0.859098 0.500788
vn 0.105651 0.859098 0.500788
vn 0.105651 0.859098 0.500788
vn 0.105651 0.859098 0.500788
vn 0.057038 0.998369 -0.002387
vn 0.057038 0.998369 -0.002387
vn 0.057038 0.998369 -0.002387
vn 0.057038 0.998369 -0.002387
vn -0.147216 0.988744 -0.026691
vn -0.147216 0.988744 -0.026691
vn -0.147216 0.988744 -0.026691
vn -0.147216 0.988744 -0.026691
vn -0.053878 0.998349 -0.019905
vn -0.053878 0.998349 -0.019905
vn -0.053878 0.998349 -0.019905
vn -0.053878 0.998349 -0.019905
vn 0.057793 0.997645 -0.036941
vn 0.057793 0.997645 -0.036941
vn 0.057793 0.997645 -0.036941
vn 0.057793 0.997645 -0.036941
vn 0.120251 0.992654 0.013310
vn 0.120251 0.992654 0.013310
vn 0.120251 0.992654 0.013310
vn 0.120251 0.992654 0.013310
vn 0.043244 0.999062 -0.002315
vn 0.043244 0.999062 -0.002315
vn 0.043244 0.999062 -0.002315
vn 0.043244 0.999062 -0.002315
vn 0.060789 0.995857 -0.067627
vn 0.060789 0.995857 -0.067627
vn 0.060789 0.995857 -0.067627
vn 0.060789 0.995857 -0.067627
vn -0.111559 0.991760 -0.062977
vn -0.111559 0.991760 -0.062977
vn -0.111559 0.991760 -0.062977
vn -0.111559 0.991760 -0.062977
vn 0.025516 0.996491 -0.079709
vn 0.025516 0.996492 -0.079709
vn 0.025516 0.996491 -0.079709
vn 0.025516 0.996491 -0.079709
vn 0.004470 0.999984 0.003553
vn 0.004470 0.999984 0.003553
vn 0.004470 0.999984 0.003553
vn 0.004470 0.999984 0.003553
vn 0.054316 0.985763 0.159126
vn 0.054316 0.985763 0.159126
vn 0.054316 0.985763 0.159126
vn 0.054316 0.985763 0.159126
vn -0.313750 0.941478 0.123206
vn -0.313750 0.941478 0.123206
vn -0.313750 0.941478 0.123206
vn -0.313750 0.941478 0.123206
vn -0.087906 0.988384 -0.123976
vn -0.087906 0.988384 -0.123976
vn -0.087906 0.988384 -0.123976
vn -0.087906 0.988384 -0.123976
vn -0.095473 0.985984 -0.136822
vn -0.095473 0.985984 -0.136822
vn -0.095473 0.985984 -0.136822
vn -0.095473 0.985984 -0.136822
vn -0.006247 0.923495 0.383560
vn -0.006247 0.923495 0.383560
vn -0.006247 0.923495 0.383560
vn -0.006247 0.923495 0.383560
vn 0.258823 0.955440 0.141934
vn 0.258823 0.955440 0.141934
vn 0.258823 0.955440 0.141934
vn 0.258823 0.955440 0.141934
vn -0.133576 0.893284 0.429187
vn -0.133576 0.893284 0.429187
vn -0.133576 0.893284 0.429187
vn -0.133576 0.893284 0.429187
vn 0.275092 0.956943 0.092648
vn 0.275092 0.956944 0.092648
vn 0.275092 0.956944 0.092648
vn 0.275092 0.956944 0.092648
vn 0.058710 0.992479 -0.107420
vn 0.058710 0.992479 -0.107420
vn 0.058710 0.992479 -0.107420
vn 0.058710 0.992479 -0.107420
vn 0.298157 0.951676 -0.073589
vn 0.298157 0.951676 -0.073589
vn 0.298157 0.951676 -0.073588
vn 0.298157 0.951676 -0.073589
vn 0.060545 0.985934 -0.155785
vn 0.060545 0.985934 -0.155785
vn 0.060545 0.985934 -0.155785
vn 0.060545 0.985934 -0.155785
vn 0.349793 0.933514 -0.078721
vn 0.349793 0.933514 -0.078721
vn 0.349793 0.933514 -0.078721
vn 0.349793 0.933514 -0.078721
vn 0.060290 0.989184 0.133718
vn 0.060290 0.989184 0.133718
vn 0.060290 0.989184 0.133718
vn 0.060290 0.989184 0.133718
vn -0.024554 0.990081 0.138335
vn -0.024554 0.990081 0.138335
vn -0.024554 0.990081 0.138335
vn -0.024554 0.990081 0.138335
vn 0.053423 0.997534 0.045515
vn 0.053423 0.997534 0.045515
vn 0.053423 0.997534 0.045515
vn 0.053423 0.997534 0.045515
vn 0.038620 0.972965 0.227699
vn 0.038620 0.972965 0.227699
vn 0.038620 0.972965 0.227699
vn 0.038620 0.972965 0.227699
vn 0.035468 0.998284 0.046601
vn 0.035468 0.998284 0.046601
vn 0.035468 0.998284 0.046601
vn 0.035468 0.998284 0.046601
vn -0.093546 0.977662 0.188216
vn -0.093546 0.977662 0.188216
vn -0.093546 0.977662 0.188216
vn -0.093546 0.977662 0.188216
vn -0.001461 0.961926 -0.273307
vn -0.001461 0.961926 -0.273307
vn -0.001461 0.961926 -0.273307
vn -0.001461 0.961926 -0.273307
vn 0.138152 0.936467 -0.322404
vn 0.138152 0.936467 -0.322404
vn 0.138152 0.936467 -0.322404
vn 0.138152 0.936467 -0.322404
vn 0.123032 0.979367 -0.160326
vn 0.123032 0.979366 -0.160326
vn 0.123032 0.979367 -0.160326
vn 0.123032 0.979367 -0.160326
vn -0.064720 0.995712 0.066101
vn -0.064720 0.995712 0.066101
vn -0.064720 0.995712 0.066101
vn -0.064720 0.995712 0.066101
vn 0.057423 0.988144 0.142390
vn 0.057423 0.988144 0.142390
vn 0.057423 0.988144 0.142390
vn 0.057423 0.988144 0.142390
vn -0.232480 0.962348 0.140853
vn -0.232480 0.962348 0.140853
vn -0.232480 0.962348 0.140853
vn -0.232480 0.962348 0.140853
vn -0.161701 0.986426 -0.028567
vn -0.161701 0.986426 -0.028567
vn -0.161701 0.986426 -0.028567
vn -0.161701 0.986426 -0.028567
vn -0.007351 0.998970 0.044780
vn -0.007351 0.998970 0.044780
vn -0.007351 0.998970 0.044780
vn -0.007351 0.998970 0.044780
vn 0.227597 0.972398 0.051405
vn 0.227597 0.972398 0.051405
vn 0.227597 0.972398 0.051405
vn 0.227597 0.972398 0.051405
vn -0.026035 0.993868 0.107464
vn -0.026035 0.993868 0.107464
vn -0.026035 0.993868 0.107464
vn -0.026035 0.993868 0.107464
vn 0.124479 0.990394 0.060201
vn 0.124479 0.990394 0.060201
vn 0.124479 0.990394 0.060201
vn 0.124479 0.990394 0.060201
vn 0.029106 0.999485 -0.013548
vn 0.029106 0.999485 -0.013548
vn 0.029106 0.999485 -0.013548
vn 0.029106 0.999485 -0.013548
vn 0.097194 0.995217 -0.009880
vn 0.097194 0.995217 -0.009880
vn 0.097194 0.995216 -0.009880
vn 0.097194 0.995217 -0.009880
vn 0.078414 0.988506 0.129253
vn 0.078414 0.988507 0.129253
vn 0.078414 0.988506 0.129253
vn 0.078414 0.988506 0.129253
vn 0.001903 0.999993 -0.003112
vn 0.001903 0.999993 -0.003112
vn 0.001903 0.999993 -0.003112
vn 0.001903 0.999993 -0.003112
vn 0.009673 0.997759 0.066214
vn 0.009673 0.997759 0.066214
vn 0.009673 0.997759 0.066214
vn 0.009673 0.997759 0.066214
vn -0.079563 0.996820 -0.004402
vn -0.079563 0.996820 -0.004402
vn -0.079563 0.996820 -0.004402
vn -0.079563 0.996820 -0.004402
vn 0.119913 0.991783 0.044586
vn 0.119913 0.991783 0.044586
vn 0.119913 0.991783 0.044586
vn 0.119913 0.991783 0.044586
vn -0.304574 0.896005 0.323123
vn -0.304574 0.896005 0.323123
vn -0.304574 0.896005 0.323124
vn -0.304574 0.896005 0.323123
vn -0.231691 0.972525 0.022674
vn -0.231691 0.972525 0.022674
vn -0.231691 0.972525 0.022674
vn -0.231691 0.972525 0.022673
vn 0.164482 0.986378 -0.002042
vn 0.164482 0.986378 -0.002042
vn 0.164482 0.986378 -0.002042
vn 0.164482 0.986378 -0.002042
vn 0.036295 0.999339 -0.001836
vn 0.036295 0.999340 -0.001836
vn 0.036295 0.999339 -0.001836
vn 0.036295 0.999339 -0.001836
vn 0.011733 0.991482 0.129718
vn 0.011733 0.991482 0.129718
vn 0.011733 0.991482 0.129718
vn 0.011733 0.991482 0.129718
vn -0.228037 0.973093 0.033013
vn -0.228037 0.973093 0.033013
vn -0.228037 0.973093 0.033013
vn -0.228037 0.973093 0.033013
vn -0.128719 0.991428 0.022393
vn -0.128719 0.991428 0.022393
vn -0.128719 0.991428 0.022393
vn -0.128719 0.991428 0.022393
vn -0.395040 0.846936 0.355870
vn -0.395040 0.846936 0.355870
vn -0.395040 0.846936 0.355870
vn -0.395040 0.846936 0.355870
vn -0.046124 0.994341 0.095697
vn -0.046124 0.994341 0.095697
vn -0.046124 0.994341 0.095697
vn -0.046124 0.994341 0.095697
vn 0.114111 0.990701 0.074100
vn 0.114111 0.990701 0.074100
vn 0.114111 0.990701 0.074100
vn 0.114111 0.990701 0.074100
vn 0.119282 0.982518 0.142932
vn 0.119282 0.982518 0.142932
vn 0.119282 0.982518 0.142932
vn 0.119282 0.982518 0.142932
vn -0.029347 0.996841 0.073799
vn -0.029347 0.996841 0.073799
vn -0.029347 0.996841 0.073799
vn -0.029347 0.996841 0.073799
vn -0.040671 0.992570 0.114674
vn -0.040671 0.992570 0.114674
vn -0.040671 0.992570 0.114674
vn -0.040671 0.992570 0.114673
vn 0.097060 0.993227 0.063871
vn 0.097060 0.993227 0.063871
vn 0.097060 0.993227 0.063871
vn 0.097060 0.993227 0.063871
vn 0.129352 0.991544 -0.010376
vn 0.129352 0.991544 -0.010376
vn 0.129352 0.991544 -0.010376
vn 0.129352 0.991544 -0.010376
vn -0.205847 0.975683 -0.075299
vn -0.205847 0.975683 -0.075299
vn -0.205847 0.975683 -0.075299
vn -0.205847 0.975683 -0.075299
vn 0.041755 0.982151 -0.183399
vn 0.041755 0.982151 -0.183399
vn 0.041755 0.982151 -0.183399
vn 0.041755 0.982151 -0.183399
vn -0.292595 0.956120 -0.014959
vn -0.292594 0.956120 -0.014959
vn -0.292595 0.956120 -0.014959
vn -0.292595 0.956120 -0.014959
vn 0.089610 0.994448 0.055165
vn 0.089610 0.994448 0.055165
vn 0.089610 0.994448 0.055165
vn 0.089610 0.994448 0.055165
vn 0.069481 0.997472 -0.014921
vn 0.069481 0.997472 -0.014921
vn 0.069481 0.997472 -0.014921
vn 0.069481 0.997472 -0.014921
vn -0.124222 0.990252 -0.063010
vn -0.124222 0.990252 -0.063010
vn -0.124222 0.990252 -0.063010
vn -0.124222 0.990252 -0.063010
vn 0.212382 0.954328 0.210123
vn 0.212382 0.954328 0.210123
vn 0.212382 0.954328 0.210123
vn 0.212382 0.954328 0.210123
vn 0.176932 0.951982 -0.249850
vn 0.176932 0.951982 -0.249850
vn 0.176932 0.951982 -0.249850
vn 0.176932 0.951982 -0.249850
vn 0.237021 0.939680 -0.246624
vn 0.237021 0.939680 -0.246624
vn 0.237021 0.939680 -0.246624
vn 0.237021 0.939680 -0.246624
vn -0.188471 0.928155 0.320948
vn -0.188471 0.928155 0.320948
vn -0.188471 0.928155 0.320948
vn -0.188471 0.928155 0.320948
vn -0.035135 0.996894 -0.070490
vn -0.035135 0.996893 -0.070490
vn -0.035135 0.996894 -0.070490
vn -0.035135 0.996894 -0.070490
vn 0.009641 0.974166 -0.225626
vn 0.009641 0.974166 -0.225626
vn 0.009641 0.974166 -0.225626
vn 0.009641 0.974166 -0.225626
vn -0.056420 0.997888 0.032181
vn -0.056420 0.997888 0.032181
vn -0.056420 0.997888 0.032181
vn -0.056420 0.997888 0.032181
vn 0.124369 0.991366 0.041547
vn 0.124369 0.991366 0.041547
vn 0.124369 0.991366 0.041547
vn 0.124369 0.991366 0.041547
vn 0.236146 0.946081 0.221735
vn 0.236146 0.946081 0.221735
vn 0.236146 0.946081 0.221735
vn 0.236146 0.946081 0.221735
vn 0.231397 0.967713 0.099934
vn 0.231397 0.967713 0.099934
vn 0.231397 0.967713 0.099934
vn 0.231397 0.967713 0.099934
vn 0.207802 0.976839 -0.051025
vn 0.207802 0.976839 -0.051025
vn 0.207802 0.976839 -0.051025
vn 0.207802 0.976839 -0.051025
vn 0.230957 0.972619 0.025913
vn 0.230957 0.972619 0.025913
vn 0.230957 0.972619 0.025913
vn 0.230957 0.972619 0.025913
vn -0.068837 0.990021 0.122961
vn -0.068837 0.990021 0.122961
vn -0.068837 0.990021 0.122961
vn -0.068837 0.990021 0.122961
vn -0.134429 0.948776 0.285925
vn -0.134429 0.948776 0.285925
vn -0.134429 0.948776 0.285925
vn -0.134429 0.948776 0.285925
vn -0.040355 0.998992 0.019680
vn -0.040355 0.998992 0.019680
vn -0.040355 0.998992 0.019680
vn -0.040355 0.998992 0.019680
vn 0.017070 0.960431 0.277995
vn 0.017070 0.960431 0.277995
vn 0.017070 0.960431 0.277995
vn 0.017070 0.960431 0.277995
vn -0.004777 0.970325 0.241759
vn -0.004777 0.970325 0.241759
vn -0.004777 0.970325 0.241759
vn -0.004777 0.970325 0.241759
vn 0.207778 0.960083 -0.187269
vn 0.207778 0.960083 -0.187269
vn 0.207778 0.960083 -0.187269
vn 0.207778 0.960083 -0.187269
vn 0.088964 0.970030 0.226114
vn 0.088964 0.970030 0.226114
vn 0.088964 0.970030 0.226114
vn 0.088964 0.970030 0.226114
vn 0.147204 0.985508 0.084288
vn 0.147204 0.985508 0.084288
vn 0.147204 0.985508 0.084288
vn 0.147204 0.985508 0.084288
vn -0.079894 0.996457 0.026273
vn -0.079894 0.996457 0.026273
vn -0.079894 0.996457 0.026273
vn -0.079894 0.996457 0.026273
vn 0.184207 0.948692 0.257006
vn 0.184207 0.948692 0.257006
vn 0.184206 0.948692 0.257006
vn 0.184207 0.948692 0.257006
vn -0.042755 0.998293 0.039787
vn -0.042755 0.998293 0.039787
vn -0.042755 0.998293 0.039787
vn -0.042755 0.998293 0.039787
vn 0.399865 0.897105 -0.187909
vn 0.399865 0.897105 -0.187909
vn 0.399865 0.897105 -0.187909
vn 0.399865 0.897105 -0.187909
vn 0.386236 0.905334 -0.176614
vn 0.386236 0.905334 -0.176614
vn 0.386236 0.905334 -0.176614
vn 0.386236 0.905334 -0.176614
vn 0.127242 0.987105 -0.097128
vn 0.127242 0.987105 -0.097128
vn 0.127242 0.987105 -0.097128
vn 0.127242 0.987105 -0.097128
vn 0.289205 0.918250 -0.270514
vn 0.289205 0.918250 -0.270514
vn 0.289205 0.918250 -0.270514
vn 0.289205 0.918250 -0.270514
vn 0.150754 -0.982189 0.112150
vn 0.150754 -0.982189 0.112150
vn 0.150754 -0.982189 0.112150
vn 0.150754 -0.982189 0.112150
vn 0.003296 -0.998230 -0.059374
vn 0.003296 -0.998230 -0.059374
vn 0.003296 -0.998230 -0.059374
vn 0.003296 -0.998230 -0.059374
vn -0.027485 -0.999622 -0.000451
vn -0.027485 -0.999622 -0.000451
vn -0.027485 -0.999622 -0.000451
vn -0.027485 -0.999622 -0.000451
vn -0.018485 -0.999250 -0.034015
vn -0.018485 -0.999250 -0.034015
vn -0.018485 -0.999250 -0.034015
vn -0.018485 -0.999250 -0.034015
vn 0.105964 -0.965779 0.236734
vn 0.105964 -0.965779 0.236734
vn 0.105964 -0.965779 0.236734
vn 0.105964 -0.965779 0.236734
vn 0.201254 -0.963592 0.176030
vn 0.201254 -0.963592 0.176029
vn 0.201254 -0.963592 0.176030
vn 0.201254 -0.963592 0.176029
vn 0.081832 -0.994584 0.064085
vn 0.081832 -0.994584 0.064085
vn 0.081832 -0.994584 0.064085
vn 0.081832 -0.994584 0.064085
vn 0.074359 -0.996827 0.028387
vn 0.074359 -0.996827 0.028387
vn 0.074359 -0.996827 0.028387
vn 0.074359 -0.996827 0.028387
vn -0.123318 -0.989341 -0.077441
vn -0.123318 -0.989341 -0.077441
vn -0.123318 -0.989341 -0.077441
vn -0.123318 -0.989341 -0.077441
vn 0.088165 -0.991257 0.098164
vn 0.088165 -0.991257 0.098164
vn 0.088165 -0.991257 0.098164
vn 0.088165 -0.991257 0.098164
vn 0.183762 -0.973311 0.137465
vn 0.183762 -0.973311 0.137465
vn 0.183762 -0.973311 0.137465
vn 0.183762 -0.973311 0.137465
vn 0.080820 -0.994108 0.072236
vn 0.080820 -0.994108 0.072236
vn 0.080820 -0.994108 0.072236
vn 0.080820 -0.994108 0.072236
vn 0.114012 -0.976535 0.182706
vn 0.114012 -0.976535 0.182706
vn 0.114012 -0.976535 0.182706
vn 0.114012 -0.976535 0.182706
vn 0.182392 -0.982669 0.033097
vn 0.182392 -0.982669 0.033097
vn 0.182392 -0.982669 0.033097
vn 0.182392 -0.982669 0.033097
vn 0.065991 -0.996850 0.044001
vn 0.065991 -0.996850 0.044001
vn 0.065991 -0.996850 0.044001
vn 0.065991 -0.996850 0.044001
vn 0.001130 -0.999400 -0.034616
vn 0.001130 -0.999400 -0.034616
vn 0.001130 -0.999400 -0.034616
vn 0.001130 -0.999400 -0.034616
vn -0.384018 -0.901113 -0.201310
vn -0.384018 -0.901113 -0.201310
vn -0.384018 -0.901113 -0.201310
vn -0.384018 -0.901113 -0.201310
vn -0.087670 -0.995343 -0.040086
vn -0.087670 -0.995343 -0.040086
vn -0.087670 -0.995343 -0.040086
vn -0.087670 -0.995343 -0.040086
vn -0.042126 -0.998775 -0.025943
vn -0.042126 -0.998775 -0.025943
vn -0.042126 -0.998775 -0.025943
vn -0.042126 -0.998775 -0.025943
vn -0.114554 -0.991661 -0.059048
vn -0.114554 -0.991661 -0.059048
vn -0.114554 -0.991661 -0.059048
vn -0.114554 -0.991661 -0.059048
vn -0.084817 -0.991444 -0.099219
vn -0.084817 -0.991444 -0.099219
vn -0.084817 -0.991444 -0.099219
vn -0.084817 -0.991444 -0.099219
vn 0.064778 -0.996551 -0.051874
vn 0.064778 -0.996551 -0.051874
vn 0.064778 -0.996551 -0.051874
vn 0.064778 -0.996551 -0.051874
vn 0.046034 -0.992934 -0.109377
vn 0.046034 -0.992934 -0.109377
vn 0.046034 -0.992934 -0.109377
vn 0.046034 -0.992934 -0.109377
vn 0.004209 -0.998114 -0.061242
vn 0.004209 -0.998114 -0.061242
vn 0.004209 -0.998114 -0.061242
vn 0.004209 -0.998114 -0.061242
vn 0.068138 -0.972358 -0.223334
vn 0.068138 -0.972358 -0.223334
vn 0.068138 -0.972358 -0.223334
vn 0.068138 -0.972358 -0.223334
vn 0.131745 -0.969162 -0.208248
vn 0.131745 -0.969163 -0.208248
vn 0.131745 -0.969163 -0.208248
vn 0.131745 -0.969163 -0.208248
vn -0.017278 -0.987931 -0.153930
vn -0.017278 -0.987931 -0.153930
vn -0.017278 -0.987931 -0.153930
vn -0.017278 -0.987931 -0.153930
vn -0.115092 -0.973068 -0.199730
vn -0.115092 -0.973068 -0.199730
vn -0.115092 -0.973068 -0.199730
vn -0.115092 -0.973068 -0.199730
vn 0.155400 -0.978510 0.135535
vn 0.155400 -0.978510 0.135535
vn 0.155400 -0.978510 0.135535
vn 0.155400 -0.978510 0.135535
vn -0.009085 -0.995216 -0.097275
vn -0.009085 -0.995216 -0.097275
vn -0.009085 -0.995216 -0.097275
vn -0.009085 -0.995216 -0.097275
vn 0.157563 -0.985578 -0.061720
vn 0.157563 -0.985578 -0.061720
vn 0.157563 -0.985578 -0.061720
vn 0.157563 -0.985578 -0.061720
vn 0.092970 -0.985137 -0.144436
vn 0.092970 -0.985137 -0.144436
vn 0.092970 -0.985137 -0.144436
vn 0.092970 -0.985137 -0.144436
vn -0.005843 -0.984783 -0.173692
vn -0.005843 -0.984783 -0.173692
vn -0.005843 -0.984783 -0.173692
vn -0.005843 -0.984783 -0.173692
vn -0.231444 -0.967888 -0.098120
vn -0.231444 -0.967888 -0.098120
vn -0.231444 -0.967888 -0.098120
vn -0.231444 -0.967888 -0.098120
vn 0.182955 -0.961043 -0.207181
vn 0.182955 -0.961043 -0.207181
vn 0.182954 -0.961043 -0.207181
vn 0.182955 -0.961043 -0.207181
vn -0.043049 -0.998659 -0.028774
vn -0.043049 -0.998659 -0.028774
vn -0.043049 -0.998659 -0.028774
vn -0.043049 -0.998659 -0.028774
vn -0.023627 -0.998841 -0.041940
vn -0.023627 -0.998841 -0.041940
vn -0.023627 -0.998841 -0.041940
vn -0.023627 -0.998841 -0.041940
vn -0.074805 -0.977833 -0.195566
vn -0.074805 -0.977833 -0.195566
vn -0.074805 -0.977833 -0.195566
vn -0.074805 -0.977833 -0.195566
vn 0.145109 -0.952025 -0.269429
vn 0.145109 -0.952025 -0.269429
vn 0.145109 -0.952025 -0.269429
vn 0.145109 -0.952025 -0.269429
vn 0.233045 -0.972466 0.000151
vn 0.233045 -0.972466 0.000151
vn 0.233045 -0.972466 0.000151
vn 0.233045 -0.972466 0.000151
vn -0.178645 -0.972451 -0.149752
vn -0.178645 -0.972451 -0.149752
vn -0.178645 -0.972451 -0.149752
vn -0.178645 -0.972451 -0.149752
vn -0.213389 -0.970420 -0.112919
vn -0.213389 -0.970420 -0.112919
vn -0.213389 -0.970420 -0.112919
vn -0.213389 -0.970420 -0.112919
vn -0.019498 -0.997384 0.069605
vn -0.019498 -0.997384 0.069605
vn -0.019498 -0.997384 0.069605
vn -0.019498 -0.997384 0.069605
vn -0.114919 -0.991652 -0.058473
vn -0.114919 -0.991652 -0.058473
vn -0.114919 -0.991652 -0.058473
vn -0.114919 -0.991652 -0.058473
vn -0.209659 -0.974427 -0.080844
vn -0.209659 -0.974427 -0.080844
vn -0.209659 -0.974427 -0.080844
vn -0.209659 -0.974427 -0.080844
vn -0.113552 -0.976187 -0.184836
vn -0.113552 -0.976187 -0.184836
vn -0.113552 -0.976187 -0.184836
vn -0.113552 -0.976187 -0.184836
vn -0.426207 -0.808063 0.406673
vn -0.426207 -0.808063 0.406673
vn -0.426207 -0.808063 0.406673
vn -0.426207 -0.808063 0.406673
vn 0.015017 -0.993583 0.112103
vn 0.015017 -0.993583 0.112103
vn 0.015017 -0.993583 0.112103
vn 0.015017 -0.993583 0.112103
vn -0.159588 -0.986506 -0.036567
vn -0.159588 -0.986506 -0.036567
vn -0.159588 -0.986506 -0.036567
vn -0.159588 -0.986506 -0.036567
vn -0.168290 -0.979995 0.106248
vn -0.168290 -0.979995 0.106248
vn -0.168290 -0.979995 0.106248
vn -0.168290 -0.979995 0.106248
vn -0.132076 -0.985254 0.108768
vn -0.132076 -0.985254 0.108768
vn -0.132076 -0.985254 0.108768
vn -0.132076 -0.985254 0.108768
vn -0.116818 -0.992482 -0.036501
vn -0.116818 -0.992482 -0.036501
vn -0.116818 -0.992482 -0.036501
vn -0.116818 -0.992482 -0.036501
vn -0.106235 -0.975601 -0.192139
vn -0.106235 -0.975601 -0.192139
vn -0.106235 -0.975601 -0.192139
vn -0.106235 -0.975601 -0.192139
vn 0.109103 -0.993940 -0.013380
vn 0.109103 -0.993940 -0.013380
vn 0.109103 -0.993940 -0.013380
vn 0.109103 -0.993940 -0.013380
vn -0.002473 -0.980238 0.197807
vn -0.002473 -0.980238 0.197807
vn -0.002473 -0.980238 0.197807
vn -0.002473 -0.980238 0.197807
vn 0.127858 -0.989553 -0.066612
vn 0.127858 -0.989553 -0.066612
vn 0.127858 -0.989553 -0.066612
vn 0.127858 -0.989553 -0.066612
vn -0.062200 -0.961297 0.268401
vn -0.062200 -0.961297 0.268401
vn -0.062200 -0.961297 0.268401
vn -0.062200 -0.961297 0.268401
vn -0.103523 -0.986905 0.123696
vn -0.103523 -0.986905 0.123696
vn -0.103523 -0.986905 0.123696
vn -0.103523 -0.986905 0.123696
vn -0.136328 -0.972418 0.189256
vn -0.136328 -0.972418 0.189256
vn -0.136328 -0.972418 0.189256
vn -0.136328 -0.972418 0.189256
vn -0.066965 -0.946320 -0.316218
vn -0.066965 -0.946320 -0.316218
vn -0.066965 -0.946320 -0.316218
vn -0.066965 -0.946320 -0.316218
vn 0.024116 -0.999529 -0.018980
vn 0.024116 -0.999529 -0.018980
vn 0.024116 -0.999529 -0.018980
vn 0.024116 -0.999529 -0.018980
vn 0.200422 -0.944395 0.260669
vn 0.200422 -0.944395 0.260669
vn 0.200422 -0.944395 0.260669
vn 0.200422 -0.944395 0.260669
vn -0.148864 -0.968139 -0.201362
vn -0.148864 -0.968139 -0.201362
vn -0.148864 -0.968139 -0.201362
vn -0.148864 -0.968139 -0.201362
vn 0.142021 -0.909936 0.389675
vn 0.142021 -0.909936 0.389675
vn 0.142021 -0.909936 0.389675
vn 0.142021 -0.909936 0.389675
vn -0.176691 -0.972531 -0.151540
vn -0.176691 -0.972531 -0.151540
vn -0.176691 -0.972531 -0.151540
vn -0.176691 -0.972531 -0.151540
vn -0.187750 -0.919984 0.344064
vn -0.187750 -0.919984 0.344064
vn -0.187750 -0.919984 0.344064
vn -0.187750 -0.919984 0.344064
vn -0.233167 -0.950037 -0.207515
vn -0.233167 -0.950037 -0.207515
vn -0.233167 -0.950037 -0.207515
vn -0.233167 -0.950037 -0.207515
vn 0.043109 -0.995831 -0.080392
vn 0.043109 -0.995831 -0.080392
vn 0.043109 -0.995831 -0.080392
vn 0.043109 -0.995831 -0.080392
vn 0.038206 -0.997055 -0.066494
vn 0.038206 -0.997055 -0.066494
vn 0.038206 -0.997055 -0.066494
vn 0.038206 -0.997055 -0.066494
vn -0.003442 -0.990006 -0.140982
vn -0.003442 -0.990006 -0.140982
vn -0.003442 -0.990006 -0.140982
vn -0.003442 -0.990006 -0.140982
vn -0.125334 -0.977127 -0.171795
vn -0.125334 -0.977127 -0.171795
vn -0.125334 -0.977127 -0.171795
vn -0.125334 -0.977127 -0.171795
vn -0.464883 -0.883516 0.057297
vn -0.464883 -0.883516 0.057297
vn -0.464883 -0.883516 0.057297
vn -0.464883 -0.883516 0.057297
vn -0.474257 -0.877058 0.076477
vn -0.474257 -0.877058 0.076477
vn -0.474257 -0.877058 0.076477
vn -0.474257 -0.877058 0.076477
vn -0.406440 -0.883655 0.232295
vn -0.406440 -0.883655 0.232295
vn -0.406440 -0.883655 0.232295
vn -0.406440 -0.883655 0.232295
vn 0.102385 -0.993450 0.050731
vn 0.102385 -0.993450 0.050731
vn 0.102385 -0.993450 0.050731
vn 0.102385 -0.993450 0.050731
vn -0.215996 -0.976303 -0.013337
vn -0.215996 -0.976303 -0.013337
vn -0.215996 -0.976303 -0.013337
vn -0.215996 -0.976303 -0.013337
vn -0.156587 -0.987586 0.012441
vn -0.156587 -0.987586 0.012441
vn -0.156587 -0.987586 0.012441
vn -0.156587 -0.987586 0.012441
vn 0.971120 0.225486 0.077993
vn 0.971120 0.225486 0.077993
vn 0.971120 0.225486 0.077993
vn 0.971120 0.225486 0.077993
vn -0.268278 -0.960952 0.067806
vn -0.268278 -0.960952 0.067806
vn -0.268278 -0.960952 0.067806
vn -0.268278 -0.960952 0.067806
vn -0.247133 -0.968033 0.042864
vn -0.247133 -0.968033 0.042864
vn -0.247133 -0.968033 0.042864
vn -0.247133 -0.968033 0.042864
vn -0.088076 -0.995907 -0.020277
vn -0.088076 -0.995907 -0.020277
vn -0.088076 -0.995907 -0.020277
vn -0.088076 -0.995907 -0.020277
vn -0.351457 -0.934297 0.059720
vn -0.351457 -0.934297 0.059720
vn -0.351457 -0.934297 0.059720
vn -0.351457 -0.934297 0.059720
vn 0.083685 -0.990366 0.110324
vn 0.083685 -0.990366 0.110324
vn 0.083685 -0.990366 0.110324
vn 0.083685 -0.990366 0.110324
vn -0.063203 -0.993047 0.099311
vn -0.063203 -0.993047 0.099311
vn -0.063203 -0.993047 0.099311
vn -0.063203 -0.993047 0.099311
vn -0.030911 -0.994123 0.103752
vn -0.030911 -0.994123 0.103752
vn -0.030911 -0.994123 0.103752
vn -0.030911 -0.994123 0.103752
vn -0.009560 -0.998172 -0.059672
vn -0.009560 -0.998172 -0.059672
vn -0.009560 -0.998172 -0.059672
vn -0.009560 -0.998172 -0.059672
vn -0.027975 -0.997044 -0.071562
vn -0.027975 -0.997044 -0.071562
vn -0.027975 -0.997044 -0.071562
vn -0.027975 -0.997044 -0.071562
vn 0.135246 -0.989558 0.049840
vn 0.135246 -0.989558 0.049840
vn 0.135246 -0.989558 0.049840
vn 0.135246 -0.989558 0.049840
vn 0.250870 -0.967901 0.015247
vn 0.250870 -0.967901 0.015247
vn 0.250870 -0.967901 0.015247
vn 0.250870 -0.967901 0.015247
vn 0.187325 -0.978765 0.083240
vn 0.187325 -0.978765 0.083240
vn 0.187325 -0.978765 0.083240
vn 0.187325 -0.978765 0.083240
vn 0.574289 0.563136 -0.594197
vn 0.574289 0.563136 -0.594197
vn 0.574289 0.563136 -0.594197
vn 0.574289 0.563136 -0.594197
vn 0.223427 -0.961807 -0.158140
vn 0.223427 -0.961807 -0.158140
vn 0.223427 -0.961807 -0.158140
vn 0.223427 -0.961807 -0.158140
vn -0.017844 -0.963322 0.267754
vn -0.017844 -0.963322 0.267754
vn -0.017844 -0.963322 0.267754
vn -0.017844 -0.963322 0.267754
vn 0.066882 -0.990491 0.120228
vn 0.066882 -0.990491 0.120228
vn 0.066882 -0.990491 0.120228
vn 0.066882 -0.990491 0.120228
vn 0.139489 -0.983713 0.113365
vn 0.139489 -0.983713 0.113365
vn 0.139489 -0.983713 0.113365
vn 0.139489 -0.983713 0.113365
vn 0.025222 -0.998708 -0.044123
vn 0.025222 -0.998708 -0.044123
vn 0.025222 -0.998708 -0.044123
vn 0.025222 -0.998708 -0.044123
vn -0.155894 -0.987323 0.029851
vn -0.155894 -0.987323 0.029851
vn -0.155894 -0.987323 0.029851
vn -0.155894 -0.987323 0.029851
vn 0.149686 -0.980123 -0.130206
vn 0.149686 -0.980123 -0.130206
vn 0.149686 -0.980123 -0.130206
vn 0.149686 -0.980123 -0.130206
vn 0.277582 -0.909920 -0.308213
vn 0.277582 -0.909920 -0.308213
vn 0.277582 -0.909920 -0.308213
vn 0.277582 -0.909920 -0.308213
vn 0.143712 -0.989532 0.013181
vn 0.143712 -0.989532 0.013181
vn 0.143712 -0.989532 0.013181
vn 0.143712 -0.989532 0.013181
vn 0.000592 -0.997164 -0.075257
vn 0.000592 -0.997164 -0.075257
vn 0.000592 -0.997164 -0.075257
vn 0.000592 -0.997164 -0.075257
vn -0.141550 -0.988678 0.049800
vn -0.141550 -0.988678 0.049800
vn -0.141550 -0.988678 0.049800
vn -0.141550 -0.988678 0.049800
vn 0.034850 -0.989968 -0.136928
vn 0.034850 -0.989968 -0.136928
vn 0.034850 -0.989968 -0.136928
vn 0.034850 -0.989968 -0.136928
vn -0.031718 -0.887937 0.458871
vn -0.031718 -0.887937 0.458871
vn -0.031718 -0.887937 0.458871
vn -0.031718 -0.887937 0.458871
vn 0.115139 -0.993349 0.001286
vn 0.115139 -0.993349 0.001286
vn 0.115139 -0.993349 0.001286
vn 0.115139 -0.993349 0.001286
vn -0.065277 -0.993510 0.093151
vn -0.065277 -0.993510 0.093151
vn -0.065277 -0.993510 0.093151
vn -0.065277 -0.993510 0.093151
vn 0.121123 -0.791533 -0.599003
vn 0.121123 -0.791533 -0.599003
vn 0.121123 -0.791533 -0.599003
vn 0.121123 -0.791533 -0.599003
vn -0.039529 -0.998526 0.037205
vn -0.039529 -0.998526 0.037205
vn -0.039529 -0.998526 0.037205
vn -0.039529 -0.998526 0.037205
vn -0.085460 -0.992681 -0.085326
vn -0.085460 -0.992681 -0.085326
vn -0.085460 -0.992681 -0.085326
vn -0.085460 -0.992681 -0.085326
vn -0.001656 -0.997522 0.070335
vn -0.001656 -0.997522 0.070335
vn -0.001656 -0.997522 0.070335
vn -0.001656 -0.997522 0.070335
vn -0.059774 -0.990113 -0.126895
vn -0.059774 -0.990113 -0.126895
vn -0.059774 -0.990114 -0.126895
vn -0.059774 -0.990114 -0.126895
vn -0.000564 -0.983972 -0.178320
vn -0.000564 -0.983972 -0.178320
vn -0.000564 -0.983972 -0.178320
vn -0.000564 -0.983972 -0.178320
vn 0.047464 -0.988370 -0.144470
vn 0.047464 -0.988370 -0.144470
vn 0.047464 -0.988370 -0.144470
vn 0.047464 -0.988370 -0.144470
vn 0.080095 -0.996767 -0.006386
vn 0.080095 -0.996767 -0.006386
vn 0.080095 -0.996767 -0.006386
vn 0.080095 -0.996767 -0.006386
vn 0.069390 -0.957264 -0.280769
vn 0.069390 -0.957264 -0.280769
vn 0.069390 -0.957264 -0.280769
vn 0.069390 -0.957264 -0.280769
vn -0.385793 0.919078 -0.080374
vn -0.385793 0.919078 -0.080374
vn -0.385793 0.919078 -0.080374
vn -0.385793 0.919078 -0.080374
vn -0.026157 0.995917 -0.086400
vn -0.026157 0.995917 -0.086400
vn -0.026157 0.995917 -0.086400
vn -0.026157 0.995917 -0.086400
vn -0.200785 0.910971 -0.360302
vn -0.200785 0.910971 -0.360302
vn -0.200785 0.910971 -0.360302
vn -0.200785 0.910971 -0.360302
vn -0.056303 0.951244 -0.303256
vn -0.056303 0.951244 -0.303256
vn -0.056303 0.951244 -0.303256
vn -0.056303 0.951244 -0.303256
vn -0.481372 0.855649 -0.190122
vn -0.481372 0.855649 -0.190122
vn -0.481372 0.855649 -0.190122
vn -0.481372 0.855649 -0.190122
vn 0.049042 0.998761 0.008423
vn 0.049042 0.998761 0.008423
vn 0.049042 0.998761 0.008423
vn 0.049042 0.998761 0.008423
vn -0.371390 0.906547 -0.200604
vn -0.371390 0.906547 -0.200604
vn -0.371390 0.906547 -0.200604
vn -0.371390 0.906547 -0.200604
vn 0.075736 0.996379 0.038637
vn 0.075736 0.996379 0.038637
vn 0.075736 0.996379 0.038637
vn 0.075736 0.996379 0.038637
vn -0.201309 0.979170 0.026462
vn -0.201309 0.979170 0.026462
vn -0.201309 0.979170 0.026462
vn -0.201309 0.979170 0.026462
vn -0.146174 0.988029 0.049314
vn -0.146174 0.988029 0.049314
vn -0.146174 0.988029 0.049314
vn -0.146174 0.988029 0.049314
vn 0.082616 0.982791 0.165216
vn 0.082616 0.982791 0.165216
vn 0.082616 0.982791 0.165216
vn 0.082616 0.982791 0.165216
vn -0.143102 0.982426 0.119838
vn -0.143102 0.982426 0.119838
vn -0.143102 0.982426 0.119838
vn -0.143102 0.982426 0.119838
vn -0.247125 0.961300 0.121786
vn -0.247125 0.961300 0.121786
vn -0.247125 0.961300 0.121786
vn -0.247124 0.961300 0.121786
vn 0.337729 0.917414 0.210456
vn 0.337729 0.917414 0.210456
vn 0.337729 0.917414 0.210456
vn 0.337729 0.917414 0.210456
vn -0.324841 0.932639 0.157040
vn -0.324841 0.932640 0.157040
vn -0.324841 0.932640 0.157040
vn -0.324841 0.932640 0.157040
vn -0.021301 0.995714 0.090000
vn -0.021301 0.995714 0.090000
vn -0.021301 0.995714 0.090000
vn -0.021301 0.995714 0.090000
vn -0.006066 0.992729 0.120215
vn -0.006066 0.992729 0.120215
vn -0.006066 0.992729 0.120215
vn -0.006066 0.992729 0.120215
vn -0.227597 0.951865 0.205310
vn -0.227597 0.951865 0.205310
vn -0.227597 0.951865 0.205310
vn -0.227597 0.951865 0.205310
vn -0.174278 0.971360 0.161513
vn -0.174278 0.971360 0.161513
vn -0.174278 0.971360 0.161513
vn -0.174278 0.971360 0.161513
vn 0.192648 0.980779 -0.030974
vn 0.192648 0.980779 -0.030974
vn 0.192648 0.980779 -0.030974
vn 0.192648 0.980779 -0.030974
vn -0.242124 0.892979 0.379427
vn -0.242124 0.892979 0.379428
vn -0.242124 0.892979 0.379427
vn -0.242124 0.892979 0.379427
vn 0.067946 0.990266 0.121476
vn 0.067946 0.990266 0.121476
vn 0.067946 0.990266 0.121476
vn 0.067946 0.990266 0.121476
vn 0.224399 0.933461 -0.279814
vn 0.224399 0.933461 -0.279814
vn 0.224399 0.933461 -0.279814
vn 0.224399 0.933461 -0.279814
vn 0.305690 0.737597 -0.602083
vn 0.305690 0.737597 -0.602083
vn 0.305690 0.737597 -0.602083
vn 0.305690 0.737597 -0.602083
vn 0.218885 0.974707 -0.045111
vn 0.218885 0.974707 -0.045111
vn 0.218885 0.974707 -0.045111
vn 0.218885 0.974707 -0.045111
vn 0.242301 0.953406 -0.179742
vn 0.242301 0.953406 -0.179742
vn 0.242301 0.953406 -0.179742
vn 0.242301 0.953406 -0.179742
vn 0.301607 0.919963 -0.250404
vn 0.301607 0.919963 -0.250404
vn 0.301607 0.919963 -0.250404
vn 0.301607 0.919963 -0.250404
vn 0.148063 0.874542 -0.461793
vn 0.148063 0.874542 -0.461793
vn 0.148063 0.874542 -0.461793
vn 0.148063 0.874542 -0.461793
vn 0.162618 0.971399 -0.173033
vn 0.162618 0.971399 -0.173033
vn 0.162618 0.971399 -0.173033
vn 0.162618 0.971399 -0.173033
vn 0.037931 0.998145 -0.047612
vn 0.037931 0.998145 -0.047612
vn 0.037931 0.998145 -0.047612
vn 0.037931 0.998145 -0.047612
vn 0.107009 0.966164 -0.234685
vn 0.107009 0.966164 -0.234685
vn 0.107009 0.966164 -0.234685
vn 0.107009 0.966164 -0.234685
vn 0.058002 0.997615 0.037418
vn 0.058002 0.997615 0.037418
vn 0.058002 0.997615 0.037418
vn 0.058002 0.997615 0.037418
vn -0.074525 0.997023 -0.019756
vn -0.074525 0.997023 -0.019756
vn -0.074525 0.997023 -0.019756
vn -0.074525 0.997023 -0.019756
vn 0.026525 0.993842 0.107581
vn 0.026525 0.993842 0.107581
vn 0.026525 0.993842 0.107581
vn 0.026525 0.993842 0.107581
vn 0.296351 0.954728 0.025888
vn 0.296351 0.954728 0.025888
vn 0.296351 0.954728 0.025888
vn 0.296351 0.954728 0.025888
vn 0.159186 0.979991 0.119488
vn 0.159186 0.979991 0.119488
vn 0.159186 0.979991 0.119488
vn 0.159186 0.979991 0.119488
vn 0.146028 0.986592 -0.072881
vn 0.146028 0.986592 -0.072881
vn 0.146028 0.986592 -0.072881
vn 0.146028 0.986592 -0.072881
vn -0.483607 0.872076 0.074886
vn -0.483607 0.872076 0.074886
vn -0.483607 0.872076 0.074886
vn -0.483607 0.872076 0.074886
vn 0.045640 0.997460 0.054679
vn 0.045640 0.997460 0.054679
vn 0.045640 0.997460 0.054679
vn 0.045640 0.997460 0.054679
vn 0.189026 0.949472 -0.250543
vn 0.189026 0.949472 -0.250543
vn 0.189026 0.949472 -0.250543
vn 0.189026 0.949472 -0.250543
vn -0.252014 0.938724 0.235131
vn -0.252014 0.938724 0.235131
vn -0.252014 0.938724 0.235131
vn -0.252014 0.938724 0.235131
vn -0.087499 0.995761 -0.028364
vn -0.087499 0.995761 -0.028364
vn -0.087499 0.995761 -0.028364
vn -0.087499 0.995761 -0.028364
vn -0.139353 0.989426 0.040213
vn -0.139353 0.989426 0.040213
vn -0.139353 0.989426 0.040213
vn -0.139353 0.989426 0.040213
vn -0.167035 0.970711 0.172681
vn -0.167035 0.970711 0.172681
vn -0.167035 0.970711 0.172681
vn -0.167035 0.970711 0.172681
vn -0.009235 0.993802 -0.110777
vn -0.009235 0.993802 -0.110777
vn -0.009235 0.993802 -0.110777
vn -0.009235 0.993802 -0.110777
vn -0.212479 0.851168 0.479965
vn -0.212479 0.851168 0.479965
vn -0.212479 0.851168 0.479965
vn -0.212479 0.851168 0.479965
vn -0.008943 0.970109 0.242506
vn -0.008943 0.970109 0.242506
vn -0.008943 0.970109 0.242506
vn -0.008943 0.970109 0.242506
vn -0.178056 0.923031 0.341044
vn -0.178056 0.923031 0.341044
vn -0.178056 0.923031 0.341044
vn -0.178056 0.923031 0.341044
vn -0.040617 0.995332 0.087550
vn -0.040617 0.995332 0.087550
vn -0.040617 0.995332 0.087550
vn -0.040617 0.995332 0.087550
vn 0.009423 0.994940 0.100028
vn 0.009423 0.994940 0.100028
vn 0.009423 0.994940 0.100028
vn 0.009423 0.994940 0.100028
vn -0.063698 0.997464 -0.031758
vn -0.063698 0.997464 -0.031758
vn -0.063698 0.997464 -0.031758
vn -0.063698 0.997464 -0.031758
s off
g initialShadingGroup pSphere1_4
f 981/1/1 938/2/2 64/3/3 1043/4/4
f 938/2/5 939/5/6 983/6/7 64/3/8
f 1865/7/9 982/8/10 551/9/11 550/10/12
f 550/10/13 551/9/14 983/6/15 939/5/16
f 986/11/17 580/12/18 551/9/19 982/8/20
f 580/12/21 1046/13/22 983/6/23 551/9/24
f 1045/14/25 1043/4/26 64/3/27 65/15/28
f 65/15/29 64/3/30 983/6/31 1046/13/32
f 1865/7/33 1871/16/34 984/17/35 982/8/36
f 1871/16/37 553/18/38 66/19/39 984/17/40
f 1870/20/41 988/21/42 985/22/43 552/23/44
f 552/23/45 985/22/46 66/19/47 553/18/48
f 993/24/49 583/25/50 985/22/51 988/21/52
f 583/25/53 584/26/54 66/19/55 985/22/56
f 986/11/57 982/8/58 984/17/59 987/27/60
f 987/27/61 984/17/62 66/19/63 584/26/64
f 1870/20/65 1875/28/66 989/29/67 988/21/68
f 1875/28/69 991/30/70 992/31/71 989/29/72
f 1873/32/73 554/33/74 555/34/75 990/35/76
f 990/35/77 555/34/78 992/31/79 991/30/80
f 1/36/81 1054/37/82 555/34/83 554/33/84
f 1054/37/85 1055/38/86 992/31/87 555/34/88
f 993/24/89 988/21/90 989/29/91 994/39/92
f 994/39/93 989/29/94 992/31/95 1055/38/96
f 1873/32/97 944/40/98 995/41/99 554/33/100
f 944/40/101 997/42/102 67/43/103 995/41/104
f 1880/44/105 556/45/106 557/46/107 996/47/108
f 996/47/109 557/46/110 67/43/111 997/42/112
f 257/48/113 1061/49/114 557/46/115 556/45/116
f 1061/49/117 1062/50/118 67/43/119 557/46/120
f 1/36/121 554/33/122 995/41/123 998/51/124
f 998/51/125 995/41/126 67/43/127 1062/50/128
f 1880/44/129 945/52/130 999/53/131 556/45/132
f 1884/54/133 1000/55/134 559/56/135 558/57/136
f 558/57/137 559/56/138 999/53/139 945/52/140
f 1003/58/141 586/59/142 559/56/143 1000/55/144
f 586/59/145 1066/60/146 999/53/147 559/56/148
f 257/48/149 556/45/150 999/53/151 1066/60/152
f 1884/54/153 560/61/154 1002/62/155 1000/55/156
f 1888/63/157 1001/64/158 1002/62/159 560/61/160
f 258/65/161 588/66/162 1002/62/163 1001/64/164
f 1003/58/165 1000/55/166 1002/62/167 588/66/168
f 1888/63/169 947/67/170 1004/1990/171 1001/64/172
f 1890/69/173 561/70/174 1004/68/175 947/1968/176
f 2/71/177 1071/72/178 1004/68/179 561/70/180
f 258/65/181 1001/64/182 1004/1990/183 1071/1988/184
f 1890/69/185 948/73/186 1005/74/187 561/70/188
f 948/73/189 562/75/190 1006/76/191 1005/74/192
f 1893/77/193 1008/78/194 1006/76/195 562/75/196
f 1012/79/197 590/80/198 1006/76/199 1008/78/200
f 2/71/201 561/70/202 1005/74/203 1007/81/204
f 1007/81/205 1005/74/206 1006/76/207 590/80/208
f 1893/77/209 1897/82/210 1009/83/211 1008/78/212
f 1897/82/213 1010/84/214 1011/85/215 1009/83/216
f 1895/86/217 259/87/218 564/88/219 563/89/220
f 563/89/221 564/88/222 1011/85/223 1010/84/224
f 260/90/225 592/91/226 564/88/227 259/87/228
f 592/91/229 1078/92/230 1011/85/231 564/88/232
f 1012/79/233 1008/78/234 1009/83/235 1013/93/236
f 1013/93/237 1009/83/238 1011/85/239 1078/92/240
f 1895/86/241 952/94/242 1015/95/243 259/87/244
f 1900/96/245 565/97/246 566/98/247 1014/99/248
f 1014/99/249 566/98/250 1015/95/251 952/94/252
f 1018/100/253 1082/101/254 566/98/255 565/97/256
f 1082/101/257 38/102/258 1015/95/259 566/98/260
f 260/90/261 259/87/262 1015/95/263 38/102/264
f 1900/96/265 1905/103/266 261/104/267 565/97/268
f 1905/103/269 567/105/270 1017/106/271 261/104/272
f 1903/107/273 1016/108/274 1017/106/275 567/105/276
f 3/109/277 594/110/278 1017/106/279 1016/108/280
f 1018/100/281 565/97/282 261/104/283 262/111/284
f 262/111/285 261/104/286 1017/106/287 594/110/288
f 1903/107/289 954/112/290 1019/113/291 1016/108/292
f 954/112/293 568/114/294 68/115/295 1019/113/296
f 1907/116/297 69/117/298 1021/118/299 1020/119/300
f 1020/119/301 1021/118/302 68/115/303 568/114/304
f 70/120/305 1089/121/306 1021/118/307 69/117/308
f 1089/121/309 595/122/310 68/115/311 1021/118/312
f 3/109/313 1016/108/314 1019/113/315 1022/123/316
f 1022/123/317 1019/113/318 68/115/319 595/122/320
f 1907/116/321 1023/124/322 1024/125/323 69/117/324
f 1909/126/325 263/127/326 570/128/327 569/129/328
f 569/129/329 570/128/330 1024/125/331 1023/124/332
f 264/130/333 597/131/334 570/128/335 263/127/336
f 597/131/337 1091/132/338 1024/125/339 570/128/340
f 70/120/341 69/117/342 1024/125/343 1091/132/344
f 1909/126/345 956/133/346 1026/134/347 263/127/348
f 1913/135/349 1025/136/350 1026/134/351 956/133/352
f 1029/137/353 598/138/354 1026/134/355 1025/136/356
f 264/130/357 263/127/358 1026/134/359 598/138/360
f 1913/135/361 1917/139/362 1027/140/363 1025/136/364
f 1917/139/365 571/141/366 71/142/367 1027/140/368
f 1916/143/369 1028/144/370 71/142/371 571/141/372
f 265/145/373 600/146/374 71/142/375 1028/144/376
f 1029/137/377 1025/136/378 1027/140/379 1030/147/380
f 1030/147/381 1027/140/382 71/142/383 600/146/384
f 1916/143/385 959/148/386 1032/149/387 1028/144/388
f 1918/150/389 572/151/390 573/152/391 1031/153/392
f 1031/153/393 573/152/394 1032/149/395 959/148/396
f 266/154/397 1098/155/398 573/152/399 572/151/400
f 1098/155/401 1099/156/402 1032/149/403 573/152/404
f 265/145/405 1028/144/406 1032/149/407 1099/156/408
f 1918/150/409 960/157/410 1033/158/411 572/151/412
f 960/157/413 574/159/414 1034/1989/415 1033/158/416
f 1920/161/417 267/162/418 1034/160/419 574/1965/420
f 268/163/421 602/164/422 1034/160/423 267/162/424
f 266/154/425 572/151/426 1033/158/427 1035/165/428
f 1035/165/429 1033/158/430 1034/1989/431 602/1986/432
f 1920/161/433 962/166/434 1037/167/435 267/162/436
f 1922/168/437 1036/169/438 576/170/439 575/171/440
f 575/171/441 576/170/442 1037/167/443 962/166/444
f 269/172/445 604/173/446 576/170/447 1036/169/448
f 604/173/449 39/174/450 1037/167/451 576/170/452
f 268/163/453 267/162/454 1037/167/455 39/174/456
f 1922/168/457 963/175/458 1038/176/459 1036/169/460
f 963/175/461 577/177/462 1040/178/463 1038/176/464
f 1926/179/465 1039/180/466 1040/178/467 577/177/468
f 270/181/469 606/182/470 1040/178/471 1039/180/472
f 269/172/473 1036/169/474 1038/176/475 1041/183/476
f 1041/183/477 1038/176/478 1040/178/479 606/182/480
f 1926/179/481 965/184/482 1042/185/483 1039/180/484
f 965/184/485 1930/186/486 72/187/487 1042/185/488
f 981/1/489 1043/4/490 579/188/491 578/189/492
f 578/189/493 579/188/494 72/187/495 1930/186/496
f 1045/14/497 608/190/498 579/188/499 1043/4/500
f 608/190/501 40/191/502 72/187/503 579/188/504
f 270/181/505 1039/180/506 1042/185/507 1044/192/508
f 1044/192/509 1042/185/510 72/187/511 40/191/512
f 1045/14/513 65/15/514 73/193/515 136/194/516
f 65/15/517 1046/13/518 271/195/519 73/193/520
f 986/11/521 129/196/522 1048/197/523 580/12/524
f 580/12/525 1048/197/526 271/195/527 1046/13/528
f 1047/198/529 1114/199/530 1048/197/531 129/196/532
f 1114/199/533 582/200/534 271/195/535 1048/197/536
f 296/201/537 136/194/538 73/193/539 581/202/540
f 581/202/541 73/193/542 271/195/543 582/200/544
f 986/11/545 987/27/546 1049/203/547 129/196/548
f 987/27/549 584/26/550 273/204/551 1049/203/552
f 993/24/553 1052/205/554 272/206/555 583/25/556
f 583/25/557 272/206/558 273/204/559 584/26/560
f 1050/207/561 1118/208/562 272/206/563 1052/205/564
f 1118/208/565 1119/209/566 273/204/567 272/206/568
f 1047/198/569 129/196/570 1049/203/571 1051/210/572
f 1051/210/573 1049/203/574 273/204/575 1119/209/576
f 993/24/577 994/39/578 1053/211/579 1052/205/580
f 994/39/581 1055/38/582 274/212/583 1053/211/584
f 1/36/585 1056/213/586 1058/214/587 1054/37/588
f 1054/37/589 1058/214/590 274/212/591 1055/38/592
f 1057/215/593 138/216/594 1058/214/595 1056/213/596
f 138/216/597 139/217/598 274/212/599 1058/214/600
f 1050/207/601 1052/205/602 1053/211/603 1059/218/604
f 1059/218/605 1053/211/606 274/212/607 139/217/608
f 1/36/609 998/51/610 1060/219/611 1056/213/612
f 998/51/613 1062/50/614 275/220/615 1060/219/616
f 257/48/617 1063/221/618 1065/222/619 1061/49/620
f 1061/49/621 1065/222/622 275/220/623 1062/50/624
f 1064/223/625 141/224/626 1065/222/627 1063/221/628
f 141/224/629 142/225/630 275/220/631 1065/222/632
f 1057/215/633 1056/213/634 1060/219/635 585/226/636
f 585/226/637 1060/219/638 275/220/639 142/225/640
f 257/48/641 1066/60/642 276/227/643 1063/221/644
f 1003/58/645 1069/228/646 1068/229/647 586/59/648
f 586/59/649 1068/229/650 276/227/651 1066/60/652
f 1067/230/653 1124/231/654 1068/229/655 1069/228/656
f 1124/231/657 587/232/658 276/227/659 1068/229/660
f 1064/223/661 1063/221/662 276/227/663 587/232/664
f 1003/58/665 588/66/666 277/233/667 1069/228/668
f 258/65/669 130/234/670 277/233/671 588/66/672
f 1070/235/673 1126/236/674 277/233/675 130/234/676
f 1067/230/677 1069/228/678 277/233/679 1126/236/680
f 258/65/681 1071/1988/682 35/1987/683 130/234/684
f 2/71/685 1073/238/686 35/237/687 1071/72/688
f 1072/239/689 589/240/690 35/237/691 1073/238/692
f 1070/235/693 130/234/694 35/1987/695 589/1984/696
f 2/71/697 1007/81/698 1074/241/699 1073/238/700
f 1007/81/701 590/80/702 278/242/703 1074/241/704
f 1012/79/705 1076/243/706 278/242/707 590/80/708
f 1075/244/709 1130/245/710 278/242/711 1076/243/712
f 1072/239/713 1073/238/714 1074/241/715 591/246/716
f 591/246/717 1074/241/718 278/242/719 1130/245/720
f 1012/79/721 1013/93/722 1077/247/723 1076/243/724
f 1013/93/725 1078/92/726 279/248/727 1077/247/728
f 260/90/729 280/249/730 1080/250/731 592/91/732
f 592/91/733 1080/250/734 279/248/735 1078/92/736
f 1079/251/737 1133/252/738 1080/250/739 280/249/740
f 1133/252/741 143/253/742 279/248/743 1080/250/744
f 1075/244/745 1076/243/746 1077/247/747 1081/254/748
f 1081/254/749 1077/247/750 279/248/751 143/253/752
f 260/90/753 38/102/754 281/255/755 280/249/756
f 1018/100/757 1084/256/758 1085/257/759 1082/101/760
f 1082/101/761 1085/257/762 281/255/763 38/102/764
f 1083/258/765 306/259/766 1085/257/767 1084/256/768
f 306/259/769 593/260/770 281/255/771 1085/257/772
f 1079/251/773 280/249/774 281/255/775 593/260/776
f 1018/100/777 262/111/778 282/261/779 1084/256/780
f 262/111/781 594/110/782 283/262/783 282/261/784
f 3/109/785 131/263/786 283/262/787 594/110/788
f 1086/264/789 1139/265/790 283/262/791 131/263/792
f 1083/258/793 1084/256/794 282/261/795 1087/266/796
f 1087/266/797 282/261/798 283/262/799 1139/265/800
f 3/109/801 1022/123/802 1088/267/803 131/263/804
f 1022/123/805 595/122/806 284/268/807 1088/267/808
f 70/120/809 74/269/810 132/270/811 1089/121/812
f 1089/121/813 132/270/814 284/268/815 595/122/816
f 1090/271/817 145/272/818 132/270/819 74/269/820
f 145/272/821 1142/273/822 284/268/823 132/270/824
f 1086/264/825 131/263/826 1088/267/827 596/274/828
f 596/274/829 1088/267/830 284/268/831 1142/273/832
f 70/120/833 1091/132/834 285/275/835 74/269/836
f 264/130/837 286/276/838 1093/277/839 597/131/840
f 597/131/841 1093/277/842 285/275/843 1091/132/844
f 1092/278/845 1147/279/846 1093/277/847 286/276/848
f 1147/279/849 146/280/850 285/275/851 1093/277/852
f 1090/271/853 74/269/854 285/275/855 146/280/856
f 264/130/857 598/138/858 288/281/859 286/276/860
f 1029/137/861 287/282/862 288/281/863 598/138/864
f 1094/283/865 599/284/866 288/281/867 287/282/868
f 1092/278/869 286/276/870 288/281/871 599/284/872
f 1029/137/873 1030/147/874 1095/285/875 287/282/876
f 1030/147/877 600/146/878 289/286/879 1095/285/880
f 265/145/881 133/287/882 289/286/883 600/146/884
f 1096/288/885 1152/289/886 289/286/887 133/287/888
f 1094/283/889 287/282/890 1095/285/891 1097/290/892
f 1097/290/893 1095/285/894 289/286/895 1152/289/896
f 265/145/897 1099/156/898 290/291/899 133/287/900
f 266/154/901 1100/292/902 1102/293/903 1098/155/904
f 1098/155/905 1102/293/906 290/291/907 1099/156/908
f 1101/294/909 148/295/910 1102/293/911 1100/292/912
f 148/295/913 601/296/914 290/291/915 1102/293/916
f 1096/288/917 133/287/918 290/291/919 601/296/920
f 266/154/921 1035/165/922 1103/297/923 1100/292/924
f 1035/165/925 602/1986/926 291/1985/927 1103/297/928
f 268/163/929 292/299/930 291/298/931 602/164/932
f 1104/300/933 1156/301/934 291/298/935 292/299/936
f 1101/294/937 1100/292/938 1103/297/939 603/302/940
f 603/302/941 1103/297/942 291/1985/943 1156/1982/944
f 268/163/945 39/174/946 293/303/947 292/299/948
f 269/172/949 134/304/950 1106/305/951 604/173/952
f 604/173/953 1106/305/954 293/303/955 39/174/956
f 1105/306/957 1161/307/958 1106/305/959 134/304/960
f 1161/307/961 605/308/962 293/303/963 1106/305/964
f 1104/300/965 292/299/966 293/303/967 605/308/968
f 269/172/969 1041/183/970 1107/309/971 134/304/972
f 1041/183/973 606/182/974 294/310/975 1107/309/976
f 270/181/977 135/311/978 294/310/979 606/182/980
f 1108/312/981 1164/313/982 294/310/983 135/311/984
f 1105/306/985 134/304/986 1107/309/987 607/314/988
f 607/314/989 1107/309/990 294/310/991 1164/313/992
f 270/181/993 1044/192/994 1109/315/995 135/311/996
f 1044/192/997 40/191/998 295/316/999 1109/315/1000
f 1045/14/1001 136/194/1002 1110/317/1003 608/190/1004
f 608/190/1005 1110/317/1006 295/316/1007 40/191/1008
f 296/201/1009 1168/318/1010 1110/317/1011 136/194/1012
f 1168/318/1013 1111/319/1014 295/316/1015 1110/317/1016
f 1108/312/1017 135/311/1018 1109/315/1019 609/320/1020
f 609/320/1021 1109/315/1022 295/316/1023 1111/319/1024
f 296/201/1025 581/202/1026 1112/321/1027 1169/322/1028
f 581/202/1029 582/200/1030 1113/323/1031 1112/321/1032
f 1047/198/1033 1115/324/1034 610/325/1035 1114/199/1036
f 1114/199/1037 610/325/1038 1113/323/1039 582/200/1040
f 297/326/1041 1173/327/1042 610/325/1043 1115/324/1044
f 1173/327/1045 1117/328/1046 1113/323/1047 610/325/1048
f 316/329/1049 1169/322/1050 1112/321/1051 1116/330/1052
f 1116/330/1053 1112/321/1054 1113/323/1055 1117/328/1056
f 1047/198/1057 1051/210/1058 611/331/1059 1115/324/1060
f 1051/210/1061 1119/209/1062 299/332/1063 611/331/1064
f 1050/207/1065 612/333/1066 1120/334/1067 1118/208/1068
f 1118/208/1069 1120/334/1070 299/332/1071 1119/209/1072
f 298/335/1073 1176/336/1074 1120/334/1075 612/333/1076
f 1176/336/1077 1177/337/1078 299/332/1079 1120/334/1080
f 297/326/1081 1115/324/1082 611/331/1083 137/338/1084
f 137/338/1085 611/331/1086 299/332/1087 1177/337/1088
f 1050/207/1089 1059/218/1090 613/339/1091 612/333/1092
f 1059/218/1093 139/217/1094 1121/340/1095 613/339/1096
f 1057/215/1097 614/341/1098 615/342/1099 138/216/1100
f 138/216/1101 615/342/1102 1121/340/1103 139/217/1104
f 4/343/1105 150/344/1106 615/342/1107 614/341/1108
f 150/344/1109 151/345/1110 1121/340/1111 615/342/1112
f 298/335/1113 612/333/1114 613/339/1115 140/346/1116
f 140/346/1117 613/339/1118 1121/340/1119 151/345/1120
f 1057/215/1121 585/226/1122 616/347/1123 614/341/1124
f 585/226/1125 142/225/1126 300/348/1127 616/347/1128
f 1064/223/1129 617/349/1130 618/350/1131 141/224/1132
f 141/224/1133 618/350/1134 300/348/1135 142/225/1136
f 5/351/1137 152/352/1138 618/350/1139 617/349/1140
f 152/352/1141 153/353/1142 300/348/1143 618/350/1144
f 4/343/1145 614/341/1146 616/347/1147 1122/354/1148
f 1122/354/1149 616/347/1150 300/348/1151 153/353/1152
f 1064/223/1153 587/232/1154 1123/355/1155 617/349/1156
f 1067/230/1157 620/356/1158 619/357/1159 1124/231/1160
f 1124/231/1161 619/357/1162 1123/355/1163 587/232/1164
f 301/358/1165 1190/359/1166 619/357/1167 620/356/1168
f 1190/359/1169 1125/360/1170 1123/355/1171 619/357/1172
f 5/351/1173 617/349/1174 1123/355/1175 1125/360/1176
f 1067/230/1177 1126/236/1178 303/361/1179 620/356/1180
f 1070/235/1181 1127/362/1182 303/361/1183 1126/236/1184
f 302/363/1185 1194/364/1186 303/361/1187 1127/362/1188
f 301/358/1189 620/356/1190 303/361/1191 1194/364/1192
f 1070/235/1193 589/1984/1194 1128/1983/1195 1127/362/1196
f 1072/239/1197 621/366/1198 1128/365/1199 589/240/1200
f 6/367/1201 1129/368/1202 1128/365/1203 621/366/1204
f 302/363/1205 1127/362/1206 1128/1983/1207 1129/1980/1208
f 1072/239/1209 591/246/1210 622/369/1211 621/366/1212
f 591/246/1213 1130/245/1214 1131/370/1215 622/369/1216
f 1075/244/1217 623/371/1218 1131/370/1219 1130/245/1220
f 7/372/1221 1199/373/1222 1131/370/1223 623/371/1224
f 6/367/1225 621/366/1226 622/369/1227 1132/374/1228
f 1132/374/1229 622/369/1230 1131/370/1231 1199/373/1232
f 1075/244/1233 1081/254/1234 624/375/1235 623/371/1236
f 1081/254/1237 143/253/1238 1134/376/1239 624/375/1240
f 1079/251/1241 1135/377/1242 625/378/1243 1133/252/1244
f 1133/252/1245 625/378/1246 1134/376/1247 143/253/1248
f 304/379/1249 1202/380/1250 625/378/1251 1135/377/1252
f 1202/380/1253 154/381/1254 1134/376/1255 625/378/1256
f 7/372/1257 623/371/1258 624/375/1259 305/382/1260
f 305/382/1261 624/375/1262 1134/376/1263 154/381/1264
f 1079/251/1265 593/260/1266 1136/383/1267 1135/377/1268
f 1083/258/1269 626/384/1270 627/385/1271 306/259/1272
f 306/259/1273 627/385/1274 1136/383/1275 593/260/1276
f 307/386/1277 319/387/1278 627/385/1279 626/384/1280
f 319/387/1281 1137/388/1282 1136/383/1283 627/385/1284
f 304/379/1285 1135/377/1286 1136/383/1287 1137/388/1288
f 1083/258/1289 1087/266/1290 1138/389/1291 626/384/1292
f 1087/266/1293 1139/265/1294 1140/390/1295 1138/389/1296
f 1086/264/1297 1141/391/1298 1140/390/1299 1139/265/1300
f 8/392/1301 1213/393/1302 1140/390/1303 1141/391/1304
f 307/386/1305 626/384/1306 1138/389/1307 144/394/1308
f 144/394/1309 1138/389/1310 1140/390/1311 1213/393/1312
f 1086/264/1313 596/274/1314 628/395/1315 1141/391/1316
f 596/274/1317 1142/273/1318 308/396/1319 628/395/1320
f 1090/271/1321 1145/397/1322 1143/398/1323 145/272/1324
f 145/272/1325 1143/398/1326 308/396/1327 1142/273/1328
f 9/399/1329 155/400/1330 1143/398/1331 1145/397/1332
f 155/400/1333 1217/401/1334 308/396/1335 1143/398/1336
f 8/392/1337 1141/391/1338 628/395/1339 1144/402/1340
f 1144/402/1341 628/395/1342 308/396/1343 1217/401/1344
f 1090/271/1345 146/280/1346 1146/403/1347 1145/397/1348
f 1092/278/1349 1148/404/1350 629/405/1351 1147/279/1352
f 1147/279/1353 629/405/1354 1146/403/1355 146/280/1356
f 309/406/1357 1221/407/1358 629/405/1359 1148/404/1360
f 1221/407/1361 156/408/1362 1146/403/1363 629/405/1364
f 9/399/1365 1145/397/1366 1146/403/1367 156/408/1368
f 1092/278/1369 599/284/1370 1149/409/1371 1148/404/1372
f 1094/283/1373 1150/410/1374 1149/409/1375 599/284/1376
f 310/411/1377 1151/412/1378 1149/409/1379 1150/410/1380
f 309/406/1381 1148/404/1382 1149/409/1383 1151/412/1384
f 1094/283/1385 1097/290/1386 630/413/1387 1150/410/1388
f 1097/290/1389 1152/289/1390 312/414/1391 630/413/1392
f 1096/288/1393 1153/415/1394 312/414/1395 1152/289/1396
f 311/416/1397 1228/417/1398 312/414/1399 1153/415/1400
f 310/411/1401 1150/410/1402 630/413/1403 147/418/1404
f 147/418/1405 630/413/1406 312/414/1407 1228/417/1408
f 1096/288/1409 601/296/1410 1154/419/1411 1153/415/1412
f 1101/294/1413 631/420/1414 632/421/1415 148/295/1416
f 148/295/1417 632/421/1418 1154/419/1419 601/296/1420
f 10/422/1421 157/423/1422 632/421/1423 631/420/1424
f 157/423/1425 1155/424/1426 1154/419/1427 632/421/1428
f 311/416/1429 1153/415/1430 1154/419/1431 1155/424/1432
f 1101/294/1433 603/302/1434 633/425/1435 631/420/1436
f 603/302/1437 1156/1982/1438 1157/1981/1439 633/425/1440
f 1104/300/1441 1159/427/1442 1157/426/1443 1156/301/1444
f 11/428/1445 1235/429/1446 1157/426/1447 1159/427/1448
f 10/422/1449 631/420/1450 633/425/1451 1158/430/1452
f 1158/430/1453 633/425/1454 1157/1981/1455 1235/1978/1456
f 1104/300/1457 605/308/1458 1160/431/1459 1159/427/1460
f 1105/306/1461 1162/432/1462 634/433/1463 1161/307/1464
f 1161/307/1465 634/433/1466 1160/431/1467 605/308/1468
f 313/434/1469 1239/435/1470 634/433/1471 1162/432/1472
f 1239/435/1473 1163/436/1474 1160/431/1475 634/433/1476
f 11/428/1477 1159/427/1478 1160/431/1479 1163/436/1480
f 1105/306/1481 607/314/1482 635/437/1483 1162/432/1484
f 607/314/1485 1164/313/1486 1166/438/1487 635/437/1488
f 1108/312/1489 1165/439/1490 1166/438/1491 1164/313/1492
f 314/440/1493 1242/441/1494 1166/438/1495 1165/439/1496
f 313/434/1497 1162/432/1498 635/437/1499 1167/442/1500
f 1167/442/1501 635/437/1502 1166/438/1503 1242/441/1504
f 1108/312/1505 609/320/1506 636/443/1507 1165/439/1508
f 609/320/1509 1111/319/1510 315/444/1511 636/443/1512
f 296/201/1513 1169/322/1514 637/445/1515 1168/318/1516
f 1168/318/1517 637/445/1518 315/444/1519 1111/319/1520
f 316/329/1521 1245/446/1522 637/445/1523 1169/322/1524
f 1245/446/1525 149/447/1526 315/444/1527 637/445/1528
f 314/440/1529 1165/439/1530 636/443/1531 1170/448/1532
f 1170/448/1533 636/443/1534 315/444/1535 149/447/1536
f 316/329/1537 1116/330/1538 1171/449/1539 325/450/1540
f 1116/330/1541 1117/328/1542 1172/451/1543 1171/449/1544
f 297/326/1545 317/452/1546 1175/453/1547 1173/327/1548
f 1173/327/1549 1175/453/1550 1172/451/1551 1117/328/1552
f 1174/454/1553 1249/455/1554 1175/453/1555 317/452/1556
f 1249/455/1557 158/456/1558 1172/451/1559 1175/453/1560
f 326/457/1561 325/450/1562 1171/449/1563 638/458/1564
f 638/458/1565 1171/449/1566 1172/451/1567 158/456/1568
f 297/326/1569 137/338/1570 639/459/1571 317/452/1572
f 137/338/1573 1177/337/1574 75/460/1575 639/459/1576
f 298/335/1577 640/461/1578 56/462/1579 1176/336/1580
f 1176/336/1581 56/462/1582 75/460/1583 1177/337/1584
f 1178/463/1585 1252/464/1586 56/462/1587 640/461/1588
f 1252/464/1589 1253/465/1590 75/460/1591 56/462/1592
f 1174/454/1593 317/452/1594 639/459/1595 1179/466/1596
f 1179/466/1597 639/459/1598 75/460/1599 1253/465/1600
f 298/335/1601 140/346/1602 641/467/1603 640/461/1604
f 140/346/1605 151/345/1606 1180/468/1607 641/467/1608
f 4/343/1609 1182/469/1610 1183/470/1611 150/344/1612
f 150/344/1613 1183/470/1614 1180/468/1615 151/345/1616
f 1181/471/1617 159/472/1618 1183/470/1619 1182/469/1620
f 159/472/1621 160/473/1622 1180/468/1623 1183/470/1624
f 1178/463/1625 640/461/1626 641/467/1627 1184/474/1628
f 1184/474/1629 641/467/1630 1180/468/1631 160/473/1632
f 4/343/1633 1122/354/1634 642/475/1635 1182/469/1636
f 1122/354/1637 153/353/1638 1185/476/1639 642/475/1640
f 5/351/1641 1187/477/1642 1188/478/1643 152/352/1644
f 152/352/1645 1188/478/1646 1185/476/1647 153/353/1648
f 1186/479/1649 161/480/1650 1188/478/1651 1187/477/1652
f 161/480/1653 162/481/1654 1185/476/1655 1188/478/1656
f 1181/471/1657 1182/469/1658 642/475/1659 643/482/1660
f 643/482/1661 642/475/1662 1185/476/1663 162/481/1664
f 5/351/1665 1125/360/1666 1189/483/1667 1187/477/1668
f 301/358/1669 645/484/1670 1192/485/1671 1190/359/1672
f 1190/359/1673 1192/485/1674 1189/483/1675 1125/360/1676
f 1191/486/1677 1258/487/1678 1192/485/1679 645/484/1680
f 1258/487/1681 644/488/1682 1189/483/1683 1192/485/1684
f 1186/479/1685 1187/477/1686 1189/483/1687 644/488/1688
f 301/358/1689 1194/364/1690 1193/489/1691 645/484/1692
f 302/363/1693 318/490/1694 1193/489/1695 1194/364/1696
f 1195/491/1697 1260/492/1698 1193/489/1699 318/490/1700
f 1191/486/1701 645/484/1702 1193/489/1703 1260/492/1704
f 302/363/1705 1129/1980/1706 1196/1979/1707 318/490/1708
f 6/367/1709 1198/494/1710 1196/493/1711 1129/368/1712
f 1197/495/1713 646/496/1714 1196/493/1715 1198/494/1716
f 1195/491/1717 318/490/1718 1196/1979/1719 646/1976/1720
f 6/367/1721 1132/374/1722 647/497/1723 1198/494/1724
f 1132/374/1725 1199/373/1726 1201/498/1727 647/497/1728
f 7/372/1729 649/499/1730 1201/498/1731 1199/373/1732
f 1200/500/1733 1265/501/1734 1201/498/1735 649/499/1736
f 1197/495/1737 1198/494/1738 647/497/1739 648/502/1740
f 648/502/1741 647/497/1742 1201/498/1743 1265/501/1744
f 7/372/1745 305/382/1746 650/503/1747 649/499/1748
f 305/382/1749 154/381/1750 76/504/1751 650/503/1752
f 304/379/1753 1206/505/1754 1204/506/1755 1202/380/1756
f 1202/380/1757 1204/506/1758 76/504/1759 154/381/1760
f 1203/507/1761 1267/508/1762 1204/506/1763 1206/505/1764
f 1267/508/1765 163/509/1766 76/504/1767 1204/506/1768
f 1200/500/1769 649/499/1770 650/503/1771 1205/510/1772
f 1205/510/1773 650/503/1774 76/504/1775 163/509/1776
f 304/379/1777 1137/388/1778 1207/511/1779 1206/505/1780
f 307/386/1781 1209/512/1782 1210/513/1783 319/387/1784
f 319/387/1785 1210/513/1786 1207/511/1787 1137/388/1788
f 1208/514/1789 334/515/1790 1210/513/1791 1209/512/1792
f 334/515/1793 651/516/1794 1207/511/1795 1210/513/1796
f 1203/507/1797 1206/505/1798 1207/511/1799 651/516/1800
f 307/386/1801 144/394/1802 1211/517/1803 1209/512/1804
f 144/394/1805 1213/393/1806 1212/518/1807 1211/517/1808
f 8/392/1809 320/519/1810 1212/518/1811 1213/393/1812
f 1214/520/1813 1271/521/1814 1212/518/1815 320/519/1816
f 1208/514/1817 1209/512/1818 1211/517/1819 1215/522/1820
f 1215/522/1821 1211/517/1822 1212/518/1823 1271/521/1824
f 8/392/1825 1144/402/1826 652/523/1827 320/519/1828
f 1144/402/1829 1217/401/1830 1216/524/1831 652/523/1832
f 9/399/1833 1219/525/1834 321/526/1835 155/400/1836
f 155/400/1837 321/526/1838 1216/524/1839 1217/401/1840
f 1218/527/1841 164/528/1842 321/526/1843 1219/525/1844
f 164/528/1845 1274/529/1846 1216/524/1847 321/526/1848
f 1214/520/1849 320/519/1850 652/523/1851 653/530/1852
f 653/530/1853 652/523/1854 1216/524/1855 1274/529/1856
f 9/399/1857 156/408/1858 1220/531/1859 1219/525/1860
f 309/406/1861 1224/532/1862 1223/533/1863 1221/407/1864
f 1221/407/1865 1223/533/1866 1220/531/1867 156/408/1868
f 1222/534/1869 1276/535/1870 1223/533/1871 1224/532/1872
f 1276/535/1873 165/536/1874 1220/531/1875 1223/533/1876
f 1218/527/1877 1219/525/1878 1220/531/1879 165/536/1880
f 309/406/1881 1151/412/1882 1225/537/1883 1224/532/1884
f 310/411/1885 57/538/1886 1225/537/1887 1151/412/1888
f 1226/539/1889 654/540/1890 1225/537/1891 57/538/1892
f 1222/534/1893 1224/532/1894 1225/537/1895 654/540/1896
f 310/411/1897 147/418/1898 655/541/1899 57/538/1900
f 147/418/1901 1228/417/1902 1227/542/1903 655/541/1904
f 311/416/1905 322/543/1906 1227/542/1907 1228/417/1908
f 1229/544/1909 1279/545/1910 1227/542/1911 322/543/1912
f 1226/539/1913 57/538/1914 655/541/1915 1230/546/1916
f 1230/546/1917 655/541/1918 1227/542/1919 1279/545/1920
f 311/416/1921 1155/424/1922 1231/547/1923 322/543/1924
f 10/422/1925 1234/548/1926 1233/549/1927 157/423/1928
f 157/423/1929 1233/549/1930 1231/547/1931 1155/424/1932
f 1232/550/1933 166/551/1934 1233/549/1935 1234/548/1936
f 166/551/1937 656/552/1938 1231/547/1939 1233/549/1940
f 1229/544/1941 322/543/1942 1231/547/1943 656/552/1944
f 10/422/1945 1158/430/1946 657/553/1947 1234/548/1948
f 1158/430/1949 1235/1978/1950 77/1977/1951 657/553/1952
f 11/428/1953 1237/555/1954 77/554/1955 1235/429/1956
f 1236/556/1957 1283/557/1958 77/554/1959 1237/555/1960
f 1232/550/1961 1234/548/1962 657/553/1963 658/558/1964
f 658/558/1965 657/553/1966 77/1977/1967 1283/1975/1968
f 11/428/1969 1163/436/1970 1238/559/1971 1237/555/1972
f 313/434/1973 323/560/1974 1241/561/1975 1239/435/1976
f 1239/435/1977 1241/561/1978 1238/559/1979 1163/436/1980
f 1240/562/1981 1286/563/1982 1241/561/1983 323/560/1984
f 1286/563/1985 659/564/1986 1238/559/1987 1241/561/1988
f 1236/556/1989 1237/555/1990 1238/559/1991 659/564/1992
f 313/434/1993 1167/442/1994 660/565/1995 323/560/1996
f 1167/442/1997 1242/441/1998 78/566/1999 660/565/2000
f 314/440/2001 324/567/2002 78/566/2003 1242/441/2004
f 1243/568/2005 1289/569/2006 78/566/2007 324/567/2008
f 1240/562/2009 323/560/2010 660/565/2011 661/570/2012
f 661/570/2013 660/565/2014 78/566/2015 1289/569/2016
f 314/440/2017 1170/448/2018 662/571/2019 324/567/2020
f 1170/448/2021 149/447/2022 1244/572/2023 662/571/2024
f 316/329/2025 325/450/2026 1246/573/2027 1245/446/2028
f 1245/446/2029 1246/573/2030 1244/572/2031 149/447/2032
f 326/457/2033 1292/574/2034 1246/573/2035 325/450/2036
f 1292/574/2037 1247/575/2038 1244/572/2039 1246/573/2040
f 1243/568/2041 324/567/2042 662/571/2043 663/576/2044
f 663/576/2045 662/571/2046 1244/572/2047 1247/575/2048
f 326/457/2049 638/458/2050 1248/577/2051 12/578/2052
f 638/458/2053 158/456/2054 327/579/2055 1248/577/2056
f 1174/454/2057 1251/580/2058 1250/581/2059 1249/455/2060
f 1249/455/2061 1250/581/2062 327/579/2063 158/456/2064
f 1174/454/2065 1179/466/2066 664/582/2067 1251/580/2068
f 1179/466/2069 1253/465/2070 1255/583/2071 664/582/2072
f 1178/463/2073 665/584/2074 1254/585/2075 1252/464/2076
f 1252/464/2077 1254/585/2078 1255/583/2079 1253/465/2080
f 1178/463/2081 1184/474/2082 666/586/2083 665/584/2084
f 1184/474/2085 160/473/2086 329/587/2087 666/586/2088
f 1181/471/2089 1256/588/2090 328/589/2091 159/472/2092
f 159/472/2093 328/589/2094 329/587/2095 160/473/2096
f 1181/471/2097 643/482/2098 667/590/2099 1256/588/2100
f 643/482/2101 162/481/2102 331/591/2103 667/590/2104
f 1186/479/2105 1257/592/2106 330/593/2107 161/480/2108
f 161/480/2109 330/593/2110 331/591/2111 162/481/2112
f 1186/479/2113 644/488/2114 332/594/2115 1257/592/2116
f 1191/486/2117 668/595/2118 1259/596/2119 1258/487/2120
f 1258/487/2121 1259/596/2122 332/594/2123 644/488/2124
f 1191/486/2125 1260/492/2126 1261/597/2127 668/595/2128
f 1195/491/2129 1262/598/2130 1261/597/2131 1260/492/2132
f 1195/491/2133 646/1976/2134 1263/1974/2135 1262/598/2136
f 1197/495/2137 1264/600/2138 1263/599/2139 646/496/2140
f 1197/495/2141 648/502/2142 669/601/2143 1264/600/2144
f 648/502/2145 1265/501/2146 1266/602/2147 669/601/2148
f 1200/500/2149 670/603/2150 1266/602/2151 1265/501/2152
f 1200/500/2153 1205/510/2154 671/604/2155 670/603/2156
f 1205/510/2157 163/509/2158 333/605/2159 671/604/2160
f 1203/507/2161 1269/606/2162 1268/607/2163 1267/508/2164
f 1267/508/2165 1268/607/2166 333/605/2167 163/509/2168
f 1203/507/2169 651/516/2170 335/608/2171 1269/606/2172
f 1208/514/2173 672/609/2174 79/610/2175 334/515/2176
f 334/515/2177 79/610/2178 335/608/2179 651/516/2180
f 1208/514/2181 1215/522/2182 1270/611/2183 672/609/2184
f 1215/522/2185 1271/521/2186 1272/612/2187 1270/611/2188
f 1214/520/2189 1273/613/2190 1272/612/2191 1271/521/2192
f 1214/520/2193 653/530/2194 673/614/2195 1273/613/2196
f 653/530/2197 1274/529/2198 337/615/2199 673/614/2200
f 1218/527/2201 1275/616/2202 336/617/2203 164/528/2204
f 164/528/2205 336/617/2206 337/615/2207 1274/529/2208
f 1218/527/2209 165/536/2210 338/618/2211 1275/616/2212
f 1222/534/2213 1278/619/2214 1277/620/2215 1276/535/2216
f 1276/535/2217 1277/620/2218 338/618/2219 165/536/2220
f 1222/534/2221 654/540/2222 339/621/2223 1278/619/2224
f 1226/539/2225 674/622/2226 339/621/2227 654/540/2228
f 1226/539/2229 1230/546/2230 675/623/2231 674/622/2232
f 1230/546/2233 1279/545/2234 1280/624/2235 675/623/2236
f 1229/544/2237 1281/625/2238 1280/624/2239 1279/545/2240
f 1229/544/2241 656/552/2242 341/626/2243 1281/625/2244
f 1232/550/2245 1282/627/2246 340/628/2247 166/551/2248
f 166/551/2249 340/628/2250 341/626/2251 656/552/2252
f 1232/550/2253 658/558/2254 676/629/2255 1282/627/2256
f 658/558/2257 1283/1975/2258 1284/1973/2259 676/629/2260
f 1236/556/2261 1285/631/2262 1284/630/2263 1283/557/2264
f 1236/556/2265 659/564/2266 342/632/2267 1285/631/2268
f 1240/562/2269 1288/633/2270 1287/634/2271 1286/563/2272
f 1286/563/2273 1287/634/2274 342/632/2275 659/564/2276
f 1240/562/2277 661/570/2278 677/635/2279 1288/633/2280
f 661/570/2281 1289/569/2282 1290/636/2283 677/635/2284
f 1243/568/2285 1291/637/2286 1290/636/2287 1289/569/2288
f 1243/568/2289 663/576/2290 678/638/2291 1291/637/2292
f 663/576/2293 1247/575/2294 343/639/2295 678/638/2296
f 326/457/2297 12/578/2298 1293/640/2299 1292/574/2300
f 1292/574/2301 1293/640/2302 343/639/2303 1247/575/2304
f 12/578/2305 1248/577/2306 1294/641/2307 1311/642/2308
f 1248/577/2309 327/579/2310 1295/643/2311 1294/641/2312
f 1251/580/2313 80/644/2314 691/645/2315 1250/581/2316
f 1250/581/2317 691/645/2318 1295/643/2319 327/579/2320
f 1251/580/2321 664/582/2322 679/646/2323 80/644/2324
f 664/582/2325 1255/583/2326 1296/647/2327 679/646/2328
f 665/584/2329 680/648/2330 692/649/2331 1254/585/2332
f 1254/585/2333 692/649/2334 1296/647/2335 1255/583/2336
f 665/584/2337 666/586/2338 681/650/2339 680/648/2340
f 666/586/2341 329/587/2342 1297/651/2343 681/650/2344
f 1256/588/2345 81/652/2346 1316/653/2347 328/589/2348
f 328/589/2349 1316/653/2350 1297/651/2351 329/587/2352
f 1256/588/2353 667/590/2354 682/654/2355 81/652/2356
f 667/590/2357 331/591/2358 1298/655/2359 682/654/2360
f 1257/592/2361 82/656/2362 1318/657/2363 330/593/2364
f 330/593/2365 1318/657/2366 1298/655/2367 331/591/2368
f 1257/592/2369 332/594/2370 1299/658/2371 82/656/2372
f 668/595/2373 683/659/2374 693/660/2375 1259/596/2376
f 1259/596/2377 693/660/2378 1299/658/2379 332/594/2380
f 668/595/2381 1261/597/2382 694/661/2383 683/659/2384
f 1262/598/2385 83/662/2386 694/661/2387 1261/597/2388
f 1262/598/2389 1263/1974/2390 1300/1972/2391 83/662/2392
f 1264/600/2393 84/664/2394 1300/663/2395 1263/599/2396
f 1264/600/2397 669/601/2398 684/665/2399 84/664/2400
f 669/601/2401 1266/602/2402 695/666/2403 684/665/2404
f 670/603/2405 85/667/2406 695/666/2407 1266/602/2408
f 670/603/2409 671/604/2410 685/668/2411 85/667/2412
f 671/604/2413 333/605/2414 1323/669/2415 685/668/2416
f 1269/606/2417 1301/670/2418 696/671/2419 1268/607/2420
f 1268/607/2421 696/671/2422 1323/669/2423 333/605/2424
f 1269/606/2425 335/608/2426 1302/672/2427 1301/670/2428
f 672/609/2429 86/673/2430 1324/674/2431 79/610/2432
f 79/610/2433 1324/674/2434 1302/672/2435 335/608/2436
f 672/609/2437 1270/611/2438 1303/675/2439 86/673/2440
f 1270/611/2441 1272/612/2442 1304/676/2443 1303/675/2444
f 1273/613/2445 87/677/2446 1304/676/2447 1272/612/2448
f 1273/613/2449 673/614/2450 686/678/2451 87/677/2452
f 673/614/2453 337/615/2454 1305/679/2455 686/678/2456
f 1275/616/2457 88/680/2458 1327/681/2459 336/617/2460
f 336/617/2461 1327/681/2462 1305/679/2463 337/615/2464
f 1275/616/2465 338/618/2466 89/682/2467 88/680/2468
f 1278/619/2469 1306/683/2470 697/684/2471 1277/620/2472
f 1277/620/2473 697/684/2474 89/682/2475 338/618/2476
f 1278/619/2477 339/621/2478 1307/685/2479 1306/683/2480
f 674/622/2481 90/686/2482 1307/685/2483 339/621/2484
f 674/622/2485 675/623/2486 687/687/2487 90/686/2488
f 675/623/2489 1280/624/2490 698/688/2491 687/687/2492
f 1281/625/2493 91/689/2494 698/688/2495 1280/624/2496
f 1281/625/2497 341/626/2498 1308/690/2499 91/689/2500
f 1282/627/2501 92/691/2502 1330/692/2503 340/628/2504
f 340/628/2505 1330/692/2506 1308/690/2507 341/626/2508
f 1282/627/2509 676/629/2510 688/693/2511 92/691/2512
f 676/629/2513 1284/1973/2514 699/1971/2515 688/693/2516
f 1285/631/2517 93/695/2518 699/694/2519 1284/630/2520
f 1285/631/2521 342/632/2522 1309/696/2523 93/695/2524
f 1288/633/2525 94/697/2526 700/698/2527 1287/634/2528
f 1287/634/2529 700/698/2530 1309/696/2531 342/632/2532
f 1288/633/2533 677/635/2534 689/699/2535 94/697/2536
f 677/635/2537 1290/636/2538 701/700/2539 689/699/2540
f 1291/637/2541 95/701/2542 701/700/2543 1290/636/2544
f 1291/637/2545 678/638/2546 690/702/2547 95/701/2548
f 678/638/2549 343/639/2550 1310/703/2551 690/702/2552
f 12/578/2553 1311/642/2554 702/704/2555 1293/640/2556
f 1293/640/2557 702/704/2558 1310/703/2559 343/639/2560
f 1311/642/2561 1294/641/2562 58/705/2563 1334/706/2564
f 1294/641/2565 1295/643/2566 1335/707/2567 58/705/2568
f 80/644/2569 1312/708/2570 703/709/2571 691/645/2572
f 691/645/2573 703/709/2574 1335/707/2575 1295/643/2576
f 80/644/2577 679/646/2578 1313/710/2579 1312/708/2580
f 679/646/2581 1296/647/2582 705/711/2583 1313/710/2584
f 680/648/2585 1314/712/2586 704/713/2587 692/649/2588
f 692/649/2589 704/713/2590 705/711/2591 1296/647/2592
f 680/648/2593 681/650/2594 1315/714/2595 1314/712/2596
f 681/650/2597 1297/651/2598 1340/715/2599 1315/714/2600
f 81/652/2601 344/716/2602 1339/717/2603 1316/653/2604
f 1316/653/2605 1339/717/2606 1340/715/2607 1297/651/2608
f 81/652/2609 682/654/2610 1317/718/2611 344/716/2612
f 682/654/2613 1298/655/2614 1343/719/2615 1317/718/2616
f 82/656/2617 345/720/2618 1342/721/2619 1318/657/2620
f 1318/657/2621 1342/721/2622 1343/719/2623 1298/655/2624
f 82/656/2625 1299/658/2626 1344/722/2627 345/720/2628
f 683/659/2629 1319/723/2630 706/724/2631 693/660/2632
f 693/660/2633 706/724/2634 1344/722/2635 1299/658/2636
f 683/659/2637 694/661/2638 707/725/2639 1319/723/2640
f 83/662/2641 346/726/2642 707/725/2643 694/661/2644
f 83/662/2645 1300/1972/2646 96/727/2647 346/726/2648
f 84/664/2649 97/728/2650 96/727/2651 1300/663/2652
f 84/664/2653 684/665/2654 1320/729/2655 97/728/2656
f 684/665/2657 695/666/2658 708/730/2659 1320/729/2660
f 85/667/2661 1321/731/2662 708/730/2663 695/666/2664
f 85/667/2665 685/668/2666 1322/732/2667 1321/731/2668
f 685/668/2669 1323/669/2670 1349/733/2671 1322/732/2672
f 1301/670/2673 347/734/2674 709/735/2675 696/671/2676
f 696/671/2677 709/735/2678 1349/733/2679 1323/669/2680
f 1301/670/2681 1302/672/2682 98/736/2683 347/734/2684
f 86/673/2685 1325/737/2686 1350/738/2687 1324/674/2688
f 1324/674/2689 1350/738/2690 98/736/2691 1302/672/2692
f 86/673/2693 1303/675/2694 348/739/2695 1325/737/2696
f 1303/675/2697 1304/676/2698 710/740/2699 348/739/2700
f 87/677/2701 349/741/2702 710/740/2703 1304/676/2704
f 87/677/2705 686/678/2706 1326/742/2707 349/741/2708
f 686/678/2709 1305/679/2710 711/743/2711 1326/742/2712
f 88/680/2713 59/744/2714 1354/745/2715 1327/681/2716
f 1327/681/2717 1354/745/2718 711/743/2719 1305/679/2720
f 88/680/2721 89/682/2722 1355/746/2723 59/744/2724
f 1306/683/2725 350/747/2726 712/748/2727 697/684/2728
f 697/684/2729 712/748/2730 1355/746/2731 89/682/2732
f 1306/683/2733 1307/685/2734 713/749/2735 350/747/2736
f 90/686/2737 1328/750/2738 713/749/2739 1307/685/2740
f 90/686/2741 687/687/2742 1329/751/2743 1328/750/2744
f 687/687/2745 698/688/2746 714/752/2747 1329/751/2748
f 91/689/2749 351/753/2750 714/752/2751 698/688/2752
f 91/689/2753 1308/690/2754 1359/754/2755 351/753/2756
f 92/691/2757 352/755/2758 1358/756/2759 1330/692/2760
f 1330/692/2761 1358/756/2762 1359/754/2763 1308/690/2764
f 92/691/2765 688/693/2766 1331/757/2767 352/755/2768
f 688/693/2769 699/1971/2770 715/1970/2771 1331/757/2772
f 93/695/2773 353/759/2774 715/758/2775 699/694/2776
f 93/695/2777 1309/696/2778 99/760/2779 353/759/2780
f 94/697/2781 354/761/2782 716/762/2783 700/698/2784
f 700/698/2785 716/762/2786 99/760/2787 1309/696/2788
f 94/697/2789 689/699/2790 1332/763/2791 354/761/2792
f 689/699/2793 701/700/2794 717/764/2795 1332/763/2796
f 95/701/2797 355/765/2798 717/764/2799 701/700/2800
f 95/701/2801 690/702/2802 1333/766/2803 355/765/2804
f 690/702/2805 1310/703/2806 41/767/2807 1333/766/2808
f 1311/642/2809 1334/706/2810 718/768/2811 702/704/2812
f 702/704/2813 718/768/2814 41/767/2815 1310/703/2816
f 1334/706/2817 58/705/2818 60/769/2819 1389/770/2820
f 58/705/2821 1335/707/2822 104/771/2823 60/769/2824
f 1312/708/2825 100/772/2826 719/773/2827 703/709/2828
f 703/709/2829 719/773/2830 104/771/2831 1335/707/2832
f 1312/708/2833 1313/710/2834 1336/774/2835 100/772/2836
f 1313/710/2837 705/711/2838 1365/775/2839 1336/774/2840
f 1314/712/2841 1337/776/2842 1364/777/2843 704/713/2844
f 704/713/2845 1364/777/2846 1365/775/2847 705/711/2848
f 1314/712/2849 1315/714/2850 1338/778/2851 1337/776/2852
f 1315/714/2853 1340/715/2854 106/779/2855 1338/778/2856
f 344/716/2857 101/780/2858 720/781/2859 1339/717/2860
f 1339/717/2861 720/781/2862 106/779/2863 1340/715/2864
f 344/716/2865 1317/718/2866 1341/782/2867 101/780/2868
f 1317/718/2869 1343/719/2870 1369/783/2871 1341/782/2872
f 345/720/2873 356/784/2874 721/785/2875 1342/721/2876
f 1342/721/2877 721/785/2878 1369/783/2879 1343/719/2880
f 345/720/2881 1344/722/2882 107/786/2883 356/784/2884
f 1319/723/2885 1345/787/2886 722/788/2887 706/724/2888
f 706/724/2889 722/788/2890 107/786/2891 1344/722/2892
f 1319/723/2893 707/725/2894 1371/789/2895 1345/787/2896
f 346/726/2897 357/790/2898 1371/789/2899 707/725/2900
f 346/726/2901 96/727/2902 367/791/2903 357/790/2904
f 97/728/2905 102/792/2906 367/791/2907 96/727/2908
f 97/728/2909 1320/729/2910 1346/793/2911 102/792/2912
f 1320/729/2913 708/730/2914 1373/794/2915 1346/793/2916
f 1321/731/2917 1347/795/2918 1373/794/2919 708/730/2920
f 1321/731/2921 1322/732/2922 1348/796/2923 1347/795/2924
f 1322/732/2925 1349/733/2926 1375/797/2927 1348/796/2928
f 347/734/2929 358/798/2930 723/799/2931 709/735/2932
f 709/735/2933 723/799/2934 1375/797/2935 1349/733/2936
f 347/734/2937 98/736/2938 1351/800/2939 358/798/2940
f 1325/737/2941 1352/801/2942 724/802/2943 1350/738/2944
f 1350/738/2945 724/802/2946 1351/800/2947 98/736/2948
f 1325/737/2949 348/739/2950 359/803/2951 1352/801/2952
f 348/739/2953 710/740/2954 1378/804/2955 359/803/2956
f 349/741/2957 103/805/2958 1378/804/2959 710/740/2960
f 349/741/2961 1326/742/2962 1353/806/2963 103/805/2964
f 1326/742/2965 711/743/2966 1380/807/2967 1353/806/2968
f 59/744/2969 61/808/2970 1379/809/2971 1354/745/2972
f 1354/745/2973 1379/809/2974 1380/807/2975 711/743/2976
f 59/744/2977 1355/746/2978 108/810/2979 61/808/2980
f 350/747/2981 360/811/2982 725/812/2983 712/748/2984
f 712/748/2985 725/812/2986 108/810/2987 1355/746/2988
f 350/747/2989 713/749/2990 1382/813/2991 360/811/2992
f 1328/750/2993 1356/814/2994 1382/813/2995 713/749/2996
f 1328/750/2997 1329/751/2998 1357/815/2999 1356/814/3000
f 1329/751/3001 714/752/3002 1383/816/3003 1357/815/3004
f 351/753/3005 361/817/3006 1383/816/3007 714/752/3008
f 351/753/3009 1359/754/3010 110/818/3011 361/817/3012
f 352/755/3013 362/819/3014 726/820/3015 1358/756/3016
f 1358/756/3017 726/820/3018 110/818/3019 1359/754/3020
f 352/755/3021 1331/757/3022 1360/821/3023 362/819/3024
f 1331/757/3025 715/1970/3026 1385/1969/3027 1360/821/3028
f 353/759/3029 363/823/3030 1385/822/3031 715/758/3032
f 353/759/3033 99/760/3034 1361/824/3035 363/823/3036
f 354/761/3037 364/825/3038 727/826/3039 716/762/3040
f 716/762/3041 727/826/3042 1361/824/3043 99/760/3044
f 354/761/3045 1332/763/3046 1362/827/3047 364/825/3048
f 1332/763/3049 717/764/3050 1387/828/3051 1362/827/3052
f 355/765/3053 365/829/3054 1387/828/3055 717/764/3056
f 355/765/3057 1333/766/3058 1363/830/3059 365/829/3060
f 1333/766/3061 41/767/3062 42/831/3063 1363/830/3064
f 1334/706/3065 1389/770/3066 728/832/3067 718/768/3068
f 718/768/3069 728/832/3070 42/831/3071 41/767/3072
f 167/833/3073 1392/834/3074 719/773/3075 100/772/3076
f 1392/834/3077 43/835/3078 104/771/3079 719/773/3080
f 173/836/3081 1389/770/3082 60/769/3083 105/837/3084
f 105/837/3085 60/769/3086 104/771/3087 43/835/3088
f 1367/838/3089 373/839/3090 1364/777/3091 1337/776/3092
f 373/839/3093 374/840/3094 1365/775/3095 1364/777/3096
f 167/833/3097 100/772/3098 1336/774/3099 1366/841/3100
f 1366/841/3101 1336/774/3102 1365/775/3103 374/840/3104
f 13/842/3105 1397/843/3106 720/781/3107 101/780/3108
f 1397/843/3109 44/844/3110 106/779/3111 720/781/3112
f 1367/838/3113 1337/776/3114 1338/778/3115 1368/845/3116
f 1368/845/3117 1338/778/3118 106/779/3119 44/844/3120
f 366/846/3121 1401/847/3122 721/785/3123 356/784/3124
f 1401/847/3125 375/848/3126 1369/783/3127 721/785/3128
f 13/842/3129 101/780/3130 1341/782/3131 1370/849/3132
f 1370/849/3133 1341/782/3134 1369/783/3135 375/848/3136
f 1372/850/3137 1404/851/3138 722/788/3139 1345/787/3140
f 1404/851/3141 45/852/3142 107/786/3143 722/788/3144
f 366/846/3145 356/784/3146 107/786/3147 45/852/3148
f 168/853/3149 376/854/3150 1371/789/3151 357/790/3152
f 1372/850/3153 1345/787/3154 1371/789/3155 376/854/3156
f 1405/855/3157 377/856/3158 367/791/3159 102/792/3160
f 168/853/3161 357/790/3162 367/791/3163 377/856/3164
f 1376/857/3165 378/858/3166 1373/794/3167 1347/795/3168
f 1405/855/3169 102/792/3170 1346/793/3171 1374/859/3172
f 1374/859/3173 1346/793/3174 1373/794/3175 378/858/3176
f 368/860/3177 1408/861/3178 723/799/3179 358/798/3180
f 1408/861/3181 379/862/3182 1375/797/3183 723/799/3184
f 1376/857/3185 1347/795/3186 1348/796/3187 1377/863/3188
f 1377/863/3189 1348/796/3190 1375/797/3191 379/862/3192
f 1410/864/3193 1411/865/3194 724/802/3195 1352/801/3196
f 1411/865/3197 46/866/3198 1351/800/3199 724/802/3200
f 368/860/3201 358/798/3202 1351/800/3203 46/866/3204
f 14/867/3205 380/868/3206 1378/804/3207 103/805/3208
f 1410/864/3209 1352/801/3210 359/803/3211 369/869/3212
f 369/869/3213 359/803/3214 1378/804/3215 380/868/3216
f 109/870/3217 169/871/3218 1379/809/3219 61/808/3220
f 169/871/3221 381/872/3222 1380/807/3223 1379/809/3224
f 14/867/3225 103/805/3226 1353/806/3227 1381/873/3228
f 1381/873/3229 1353/806/3230 1380/807/3231 381/872/3232
f 370/874/3233 1416/875/3234 725/812/3235 360/811/3236
f 1416/875/3237 47/876/3238 108/810/3239 725/812/3240
f 109/870/3241 61/808/3242 108/810/3243 47/876/3244
f 382/877/3245 383/878/3246 1382/813/3247 1356/814/3248
f 370/874/3249 360/811/3250 1382/813/3251 383/878/3252
f 170/879/3253 384/880/3254 1383/816/3255 361/817/3256
f 382/877/3257 1356/814/3258 1357/815/3259 1384/881/3260
f 1384/881/3261 1357/815/3262 1383/816/3263 384/880/3264
f 371/882/3265 1420/883/3266 726/820/3267 362/819/3268
f 1420/883/3269 48/884/3270 110/818/3271 726/820/3272
f 170/879/3273 361/817/3274 110/818/3275 48/884/3276
f 372/885/3277 385/886/3278 1385/822/3279 363/823/3280
f 371/882/3281 362/819/3282 1360/821/3283 1386/887/3284
f 1386/887/3285 1360/821/3286 1385/1969/3287 385/886/3288
f 171/888/3289 1422/889/3290 727/826/3291 364/825/3292
f 1422/889/3293 49/890/3294 1361/824/3295 727/826/3296
f 372/885/3297 363/823/3298 1361/824/3299 49/890/3300
f 172/891/3301 386/892/3302 1387/828/3303 365/829/3304
f 171/888/3305 364/825/3306 1362/827/3307 1388/893/3308
f 1388/893/3309 1362/827/3310 1387/828/3311 386/892/3312
f 173/836/3313 1423/894/3314 728/832/3315 1389/770/3316
f 1423/894/3317 50/895/3318 42/831/3319 728/832/3320
f 172/891/3321 365/829/3322 1363/830/3323 1390/896/3324
f 1390/896/3325 1363/830/3326 42/831/3327 50/895/3328
f 1391/897/3329 744/898/3330 1392/834/3331 167/833/3332
f 744/898/3333 730/899/3334 43/835/3335 1392/834/3336
f 1454/900/3337 173/836/3338 105/837/3339 729/901/3340
f 729/901/3341 105/837/3342 43/835/3343 730/899/3344
f 1393/902/3345 1425/903/3346 373/839/3347 1367/838/3348
f 1425/903/3349 1395/904/3350 374/840/3351 373/839/3352
f 1391/897/3353 167/833/3354 1366/841/3355 1394/905/3356
f 1394/905/3357 1366/841/3358 374/840/3359 1395/904/3360
f 1396/906/3361 745/907/3362 1397/843/3363 13/842/3364
f 745/907/3365 1399/908/3366 44/844/3367 1397/843/3368
f 1393/902/3369 1367/838/3370 1368/845/3371 1398/909/3372
f 1398/909/3373 1368/845/3374 44/844/3375 1399/908/3376
f 1400/910/3377 746/911/3378 1401/847/3379 366/846/3380
f 746/911/3381 1402/912/3382 375/848/3383 1401/847/3384
f 1396/906/3385 13/842/3386 1370/849/3387 731/913/3388
f 731/913/3389 1370/849/3390 375/848/3391 1402/912/3392
f 1403/914/3393 747/915/3394 1404/851/3395 1372/850/3396
f 747/915/3397 732/916/3398 45/852/3399 1404/851/3400
f 1400/910/3401 366/846/3402 45/852/3403 732/916/3404
f 1431/917/3405 1432/918/3406 376/854/3407 168/853/3408
f 1403/914/3409 1372/850/3410 376/854/3411 1432/918/3412
f 748/919/3413 733/920/3414 377/856/3415 1405/855/3416
f 1431/917/3417 168/853/3418 377/856/3419 733/920/3420
f 1406/921/3421 1434/922/3422 378/858/3423 1376/857/3424
f 748/919/3425 1405/855/3426 1374/859/3427 734/923/3428
f 734/923/3429 1374/859/3430 378/858/3431 1434/922/3432
f 1407/924/3433 749/925/3434 1408/861/3435 368/860/3436
f 749/925/3437 1436/926/3438 379/862/3439 1408/861/3440
f 1406/921/3441 1376/857/3442 1377/863/3443 1409/927/3444
f 1409/927/3445 1377/863/3446 379/862/3447 1436/926/3448
f 750/928/3449 751/929/3450 1411/865/3451 1410/864/3452
f 751/929/3453 735/930/3454 46/866/3455 1411/865/3456
f 1407/924/3457 368/860/3458 46/866/3459 735/930/3460
f 1412/931/3461 1439/932/3462 380/868/3463 14/867/3464
f 750/928/3465 1410/864/3466 369/869/3467 1413/933/3468
f 1413/933/3469 369/869/3470 380/868/3471 1439/932/3472
f 1414/934/3473 1441/935/3474 169/871/3475 109/870/3476
f 1441/935/3477 1442/936/3478 381/872/3479 169/871/3480
f 1412/931/3481 14/867/3482 1381/873/3483 736/937/3484
f 736/937/3485 1381/873/3486 381/872/3487 1442/936/3488
f 1415/938/3489 752/939/3490 1416/875/3491 370/874/3492
f 752/939/3493 737/940/3494 47/876/3495 1416/875/3496
f 1414/934/3497 109/870/3498 47/876/3499 737/940/3500
f 1444/941/3501 738/942/3502 383/878/3503 382/877/3504
f 1415/938/3505 370/874/3506 383/878/3507 738/942/3508
f 1445/943/3509 1418/944/3510 384/880/3511 170/879/3512
f 1444/941/3513 382/877/3514 1384/881/3515 1417/945/3516
f 1417/945/3517 1384/881/3518 384/880/3519 1418/944/3520
f 1419/946/3521 753/947/3522 1420/883/3523 371/882/3524
f 753/947/3525 739/948/3526 48/884/3527 1420/883/3528
f 1445/943/3529 170/879/3530 48/884/3531 739/948/3532
f 1421/949/3533 1448/950/3534 385/886/3535 372/885/3536
f 1419/946/3537 371/882/3538 1386/887/3539 740/951/3540
f 740/951/3541 1386/887/3542 385/886/3543 1448/950/3544
f 1450/952/3545 754/953/3546 1422/889/3547 171/888/3548
f 754/953/3549 741/954/3550 49/890/3551 1422/889/3552
f 1421/949/3553 372/885/3554 49/890/3555 741/954/3556
f 1451/955/3557 1452/956/3558 386/892/3559 172/891/3560
f 1450/952/3561 171/888/3562 1388/893/3563 742/957/3564
f 742/957/3565 1388/893/3566 386/892/3567 1452/956/3568
f 1454/900/3569 755/958/3570 1423/894/3571 173/836/3572
f 755/958/3573 1424/959/3574 50/895/3575 1423/894/3576
f 1451/955/3577 172/891/3578 1390/896/3579 743/960/3580
f 743/960/3581 1390/896/3582 50/895/3583 1424/959/3584
f 1426/961/3585 1456/962/3586 744/898/3587 1391/897/3588
f 1456/962/3589 397/963/3590 730/899/3591 744/898/3592
f 18/964/3593 1454/900/3594 729/901/3595 111/965/3596
f 111/965/3597 729/901/3598 730/899/3599 397/963/3600
f 1428/966/3601 1457/967/3602 1425/903/3603 1393/902/3604
f 1457/967/3605 1458/968/3606 1395/904/3607 1425/903/3608
f 1426/961/3609 1391/897/3610 1394/905/3611 1427/969/3612
f 1427/969/3613 1394/905/3614 1395/904/3615 1458/968/3616
f 15/970/3617 398/971/3618 745/907/3619 1396/906/3620
f 398/971/3621 399/972/3622 1399/908/3623 745/907/3624
f 1428/966/3625 1393/902/3626 1398/909/3627 1429/973/3628
f 1429/973/3629 1398/909/3630 1399/908/3631 399/972/3632
f 387/974/3633 400/975/3634 746/911/3635 1400/910/3636
f 400/975/3637 401/976/3638 1402/912/3639 746/911/3640
f 15/970/3641 1396/906/3642 731/913/3643 1430/977/3644
f 1430/977/3645 731/913/3646 1402/912/3647 401/976/3648
f 1433/978/3649 1459/979/3650 747/915/3651 1403/914/3652
f 1459/979/3653 402/980/3654 732/916/3655 747/915/3656
f 387/974/3657 1400/910/3658 732/916/3659 402/980/3660
f 388/981/3661 1460/982/3662 1432/918/3663 1431/917/3664
f 1433/978/3665 1403/914/3666 1432/918/3667 1460/982/3668
f 16/983/3669 403/984/3670 733/920/3671 748/919/3672
f 388/981/3673 1431/917/3674 733/920/3675 403/984/3676
f 1437/985/3677 1461/986/3678 1434/922/3679 1406/921/3680
f 16/983/3681 748/919/3682 734/923/3683 1435/987/3684
f 1435/987/3685 734/923/3686 1434/922/3687 1461/986/3688
f 389/988/3689 1462/989/3690 749/925/3691 1407/924/3692
f 1462/989/3693 404/990/3694 1436/926/3695 749/925/3696
f 1437/985/3697 1406/921/3698 1409/927/3699 1438/991/3700
f 1438/991/3701 1409/927/3702 1436/926/3703 404/990/3704
f 1440/992/3705 113/993/3706 751/929/3707 750/928/3708
f 113/993/3709 51/994/3710 735/930/3711 751/929/3712
f 389/988/3713 1407/924/3714 735/930/3715 51/994/3716
f 17/995/3717 1463/996/3718 1439/932/3719 1412/931/3720
f 1440/992/3721 750/928/3722 1413/933/3723 390/997/3724
f 390/997/3725 1413/933/3726 1439/932/3727 1463/996/3728
f 112/998/3729 405/999/3730 1441/935/3731 1414/934/3732
f 405/999/3733 1464/1000/3734 1442/936/3735 1441/935/3736
f 17/995/3737 1412/931/3738 736/937/3739 1443/1001/3740
f 1443/1001/3741 736/937/3742 1442/936/3743 1464/1000/3744
f 391/1002/3745 1465/1003/3746 752/939/3747 1415/938/3748
f 1465/1003/3749 406/1004/3750 737/940/3751 752/939/3752
f 112/998/3753 1414/934/3754 737/940/3755 406/1004/3756
f 1446/1005/3757 1466/1006/3758 738/942/3759 1444/941/3760
f 391/1002/3761 1415/938/3762 738/942/3763 1466/1006/3764
f 392/1007/3765 1467/1008/3766 1418/944/3767 1445/943/3768
f 1446/1005/3769 1444/941/3770 1417/945/3771 1447/1009/3772
f 1447/1009/3773 1417/945/3774 1418/944/3775 1467/1008/3776
f 393/1010/3777 407/1011/3778 753/947/3779 1419/946/3780
f 407/1011/3781 408/1012/3782 739/948/3783 753/947/3784
f 392/1007/3785 1445/943/3786 739/948/3787 408/1012/3788
f 394/1013/3789 1468/1014/3790 1448/950/3791 1421/949/3792
f 393/1010/3793 1419/946/3794 740/951/3795 1449/1015/3796
f 1449/1015/3797 740/951/3798 1448/950/3799 1468/1014/3800
f 395/1016/3801 1469/1017/3802 754/953/3803 1450/952/3804
f 1469/1017/3805 52/1018/3806 741/954/3807 754/953/3808
f 394/1013/3809 1421/949/3810 741/954/3811 52/1018/3812
f 396/1019/3813 1470/1020/3814 1452/956/3815 1451/955/3816
f 395/1016/3817 1450/952/3818 742/957/3819 1453/1021/3820
f 1453/1021/3821 742/957/3822 1452/956/3823 1470/1020/3824
f 18/964/3825 1471/1022/3826 755/958/3827 1454/900/3828
f 1471/1022/3829 53/1023/3830 1424/959/3831 755/958/3832
f 396/1019/3833 1451/955/3834 743/960/3835 1455/1024/3836
f 1455/1024/3837 743/960/3838 1424/959/3839 53/1023/3840
f 18/964/3841 111/965/3842 1472/1025/3843 19/1026/3844
f 111/965/3845 397/963/3846 409/1027/3847 1472/1025/3848
f 1426/961/3849 756/1028/3850 1473/1029/3851 1456/962/3852
f 1456/962/3853 1473/1029/3854 409/1027/3855 397/963/3856
f 1426/961/3857 1427/969/3858 757/1030/3859 756/1028/3860
f 1427/969/3861 1458/968/3862 1475/1031/3863 757/1030/3864
f 1428/966/3865 758/1032/3866 1474/1033/3867 1457/967/3868
f 1457/967/3869 1474/1033/3870 1475/1031/3871 1458/968/3872
f 1428/966/3873 1429/973/3874 759/1034/3875 758/1032/3876
f 1429/973/3877 399/972/3878 411/1035/3879 759/1034/3880
f 15/970/3881 1476/1036/3882 410/1037/3883 398/971/3884
f 398/971/3885 410/1037/3886 411/1035/3887 399/972/3888
f 15/970/3889 1430/977/3890 760/1038/3891 1476/1036/3892
f 1430/977/3893 401/976/3894 413/1039/3895 760/1038/3896
f 387/974/3897 1477/1040/3898 412/1041/3899 400/975/3900
f 400/975/3901 412/1041/3902 413/1039/3903 401/976/3904
f 387/974/3905 402/980/3906 414/1042/3907 1477/1040/3908
f 1433/978/3909 761/1043/3910 1478/1044/3911 1459/979/3912
f 1459/979/3913 1478/1044/3914 414/1042/3915 402/980/3916
f 1433/978/3917 1460/982/3918 1479/1045/3919 761/1043/3920
f 388/981/3921 1480/1046/3922 1479/1045/3923 1460/982/3924
f 388/981/3925 403/984/3926 1482/1047/3927 1480/1046/3928
f 16/983/3929 1481/1048/3930 1482/1047/3931 403/984/3932
f 16/983/3933 1435/987/3934 762/1049/3935 1481/1048/3936
f 1435/987/3937 1461/986/3938 1483/1050/3939 762/1049/3940
f 1437/985/3941 763/1051/3942 1483/1050/3943 1461/986/3944
f 1437/985/3945 1438/991/3946 764/1052/3947 763/1051/3948
f 1438/991/3949 404/990/3950 415/1053/3951 764/1052/3952
f 389/988/3953 1485/1054/3954 1484/1055/3955 1462/989/3956
f 1462/989/3957 1484/1055/3958 415/1053/3959 404/990/3960
f 389/988/3961 51/994/3962 1486/1056/3963 1485/1054/3964
f 1440/992/3965 765/1057/3966 114/1058/3967 113/993/3968
f 113/993/3969 114/1058/3970 1486/1056/3971 51/994/3972
f 1440/992/3973 390/997/3974 1487/1059/3975 765/1057/3976
f 390/997/3977 1463/996/3978 1489/1060/3979 1487/1059/3980
f 17/995/3981 1488/1061/3982 1489/1060/3983 1463/996/3984
f 17/995/3985 1443/1001/3986 766/1062/3987 1488/1061/3988
f 1443/1001/3989 1464/1000/3990 115/1063/3991 766/1062/3992
f 112/998/3993 1490/1064/3994 416/1065/3995 405/999/3996
f 405/999/3997 416/1065/3998 115/1063/3999 1464/1000/4000
f 112/998/4001 406/1004/4002 116/1066/4003 1490/1064/4004
f 391/1002/4005 1492/1067/4006 1491/1068/4007 1465/1003/4008
f 1465/1003/4009 1491/1068/4010 116/1066/4011 406/1004/4012
f 391/1002/4013 1466/1006/4014 1493/1069/4015 1492/1067/4016
f 1446/1005/4017 767/1070/4018 1493/1069/4019 1466/1006/4020
f 1446/1005/4021 1447/1009/4022 768/1071/4023 767/1070/4024
f 1447/1009/4025 1467/1008/4026 1494/1072/4027 768/1071/4028
f 392/1007/4029 1495/1073/4030 1494/1072/4031 1467/1008/4032
f 392/1007/4033 408/1012/4034 418/1074/4035 1495/1073/4036
f 393/1010/4037 1496/1075/4038 417/1076/4039 407/1011/4040
f 407/1011/4041 417/1076/4042 418/1074/4043 408/1012/4044
f 393/1010/4045 1449/1015/4046 769/1077/4047 1496/1075/4048
f 1449/1015/4049 1468/1014/4050 1497/1078/4051 769/1077/4052
f 394/1013/4053 1498/1079/4054 1497/1078/4055 1468/1014/4056
f 394/1013/4057 52/1018/4058 1499/1080/4059 1498/1079/4060
f 395/1016/4061 1501/1081/4062 1500/1082/4063 1469/1017/4064
f 1469/1017/4065 1500/1082/4066 1499/1080/4067 52/1018/4068
f 395/1016/4069 1453/1021/4070 770/1083/4071 1501/1081/4072
f 1453/1021/4073 1470/1020/4074 1502/1084/4075 770/1083/4076
f 396/1019/4077 1503/1085/4078 1502/1084/4079 1470/1020/4080
f 396/1019/4081 1455/1024/4082 771/1086/4083 1503/1085/4084
f 1455/1024/4085 53/1023/4086 1504/1087/4087 771/1086/4088
f 18/964/4089 19/1026/4090 1505/1088/4091 1471/1022/4092
f 1471/1022/4093 1505/1088/4094 1504/1087/4095 53/1023/4096
f 19/1026/4097 1472/1025/4098 1506/1089/4099 1581/1090/4100
f 1472/1025/4101 409/1027/4102 419/1091/4103 1506/1089/4104
f 756/1028/4105 774/1092/4106 773/1093/4107 1473/1029/4108
f 1473/1029/4109 773/1093/4110 419/1091/4111 409/1027/4112
f 420/1094/4113 813/1095/4114 772/1096/4115 1507/1097/4116
f 813/1095/4117 1510/1098/4118 1511/1099/4119 772/1096/4120
f 1507/1097/4121 772/1096/4122 773/1093/4123 774/1092/4124
f 772/1096/4125 1511/1099/4126 419/1091/4127 773/1093/4128
f 1584/1100/4129 1580/1101/4130 1509/1102/4131 1508/1103/4132
f 1580/1101/4133 1581/1090/4134 1506/1089/4135 1509/1102/4136
f 1508/1103/4137 1509/1102/4138 1511/1099/4139 1510/1098/4140
f 1509/1102/4141 1506/1089/4142 419/1091/4143 1511/1099/4144
f 756/1028/4145 757/1030/4146 775/1104/4147 774/1092/4148
f 757/1030/4149 1475/1031/4150 1514/1105/4151 775/1104/4152
f 758/1032/4153 776/1106/4154 1513/1107/4155 1474/1033/4156
f 1474/1033/4157 1513/1107/4158 1514/1105/4159 1475/1031/4160
f 421/1108/4161 816/1109/4162 1512/1110/4163 422/1111/4164
f 816/1109/4165 817/1112/4166 176/1113/4167 1512/1110/4168
f 422/1111/4169 1512/1110/4170 1513/1107/4171 776/1106/4172
f 1512/1110/4173 176/1113/4174 1514/1105/4175 1513/1107/4176
f 420/1094/4177 1507/1097/4178 175/1114/4179 174/1115/4180
f 1507/1097/4181 774/1092/4182 775/1104/4183 175/1114/4184
f 174/1115/4185 175/1114/4186 176/1113/4187 817/1112/4188
f 175/1114/4189 775/1104/4190 1514/1105/4191 176/1113/4192
f 758/1032/4193 759/1034/4194 777/1116/4195 776/1106/4196
f 759/1034/4197 411/1035/4198 423/1117/4199 777/1116/4200
f 1476/1036/4201 1515/1118/4202 780/1119/4203 410/1037/4204
f 410/1037/4205 780/1119/4206 423/1117/4207 411/1035/4208
f 20/1120/4209 1592/1121/4210 779/1122/4211 778/1123/4212
f 1592/1121/4213 1593/1124/4214 179/1125/4215 779/1122/4216
f 778/1123/4217 779/1122/4218 780/1119/4219 1515/1118/4220
f 779/1122/4221 179/1125/4222 423/1117/4223 780/1119/4224
f 421/1108/4225 422/1111/4226 178/1126/4227 177/1127/4228
f 422/1111/4229 776/1106/4230 777/1116/4231 178/1126/4232
f 177/1127/4233 178/1126/4234 179/1125/4235 1593/1124/4236
f 178/1126/4237 777/1116/4238 423/1117/4239 179/1125/4240
f 1476/1036/4241 760/1038/4242 781/1128/4243 1515/1118/4244
f 760/1038/4245 413/1039/4246 1516/1129/4247 781/1128/4248
f 1477/1040/4249 1519/1130/4250 784/1131/4251 412/1041/4252
f 412/1041/4253 784/1131/4254 1516/1129/4255 413/1039/4256
f 21/1132/4257 1599/1133/4258 783/1134/4259 782/1135/4260
f 1599/1133/4261 1600/1136/4262 180/1137/4263 783/1134/4264
f 782/1135/4265 783/1134/4266 784/1131/4267 1519/1130/4268
f 783/1134/4269 180/1137/4270 1516/1129/4271 784/1131/4272
f 20/1120/4273 778/1123/4274 1518/1138/4275 1517/1139/4276
f 778/1123/4277 1515/1118/4278 781/1128/4279 1518/1138/4280
f 1517/1139/4281 1518/1138/4282 180/1137/4283 1600/1136/4284
f 1518/1138/4285 781/1128/4286 1516/1129/4287 180/1137/4288
f 1477/1040/4289 414/1042/4290 424/1140/4291 1519/1130/4292
f 761/1043/4293 787/1141/4294 786/1142/4295 1478/1044/4296
f 1478/1044/4297 786/1142/4298 424/1140/4299 414/1042/4300
f 425/1143/4301 819/1144/4302 785/1145/4303 426/1146/4304
f 819/1144/4305 1520/1147/4306 1521/1148/4307 785/1145/4308
f 426/1146/4309 785/1145/4310 786/1142/4311 787/1141/4312
f 785/1145/4313 1521/1148/4314 424/1140/4315 786/1142/4316
f 21/1132/4317 782/1135/4318 1521/1148/4319 1520/1147/4320
f 782/1135/4321 1519/1130/4322 424/1140/4323 1521/1148/4324
f 761/1043/4325 1479/1045/4326 1523/1149/4327 787/1141/4328
f 1480/1046/4329 1524/1150/4330 1523/1149/4331 1479/1045/4332
f 427/1151/4333 821/1152/4334 181/1153/4335 1522/1154/4336
f 1522/1154/4337 181/1153/4338 1523/1149/4339 1524/1150/4340
f 425/1143/4341 426/1146/4342 181/1153/4343 821/1152/4344
f 426/1146/4345 787/1141/4346 1523/1149/4347 181/1153/4348
f 1480/1046/4349 1482/1047/4350 428/1155/4351 1524/1150/4352
f 1481/1048/4353 1525/1156/4354 428/1155/4355 1482/1047/4356
f 429/1157/4357 1526/1158/4358 1527/1159/4359 788/1160/4360
f 788/1160/4361 1527/1159/4362 428/1155/4363 1525/1156/4364
f 427/1151/4365 1522/1154/4366 1527/1159/4367 1526/1158/4368
f 1522/1154/4369 1524/1150/4370 428/1155/4371 1527/1159/4372
f 1481/1048/4373 762/1049/4374 789/1161/4375 1525/1156/4376
f 762/1049/4377 1483/1050/4378 1529/1162/4379 789/1161/4380
f 763/1051/4381 790/1163/4382 1529/1162/4383 1483/1050/4384
f 22/1164/4385 823/1165/4386 182/1166/4387 1528/1167/4388
f 1528/1167/4389 182/1166/4390 1529/1162/4391 790/1163/4392
f 429/1157/4393 788/1160/4394 1531/1168/4395 1530/1169/4396
f 788/1160/4397 1525/1156/4398 789/1161/4399 1531/1168/4400
f 1530/1169/4401 1531/1168/4402 182/1166/4403 823/1165/4404
f 1531/1168/4405 789/1161/4406 1529/1162/4407 182/1166/4408
f 763/1051/4409 764/1052/4410 791/1170/4411 790/1163/4412
f 764/1052/4413 415/1053/4414 1533/1171/4415 791/1170/4416
f 1485/1054/4417 1534/1172/4418 793/1173/4419 1484/1055/4420
f 1484/1055/4421 793/1173/4422 1533/1171/4423 415/1053/4424
f 430/1174/4425 825/1175/4426 792/1176/4427 431/1177/4428
f 825/1175/4429 1613/1178/4430 1532/1179/4431 792/1176/4432
f 431/1177/4433 792/1176/4434 793/1173/4435 1534/1172/4436
f 792/1176/4437 1532/1179/4438 1533/1171/4439 793/1173/4440
f 22/1164/4441 1528/1167/4442 433/1180/4443 432/1181/4444
f 1528/1167/4445 790/1163/4446 791/1170/4447 433/1180/4448
f 432/1181/4449 433/1180/4450 1532/1179/4451 1613/1178/4452
f 433/1180/4453 791/1170/4454 1533/1171/4455 1532/1179/4456
f 1485/1054/4457 1486/1056/4458 1535/1182/4459 1534/1172/4460
f 765/1057/4461 796/1183/4462 797/1184/4463 114/1058/4464
f 114/1058/4465 797/1184/4466 1535/1182/4467 1486/1056/4468
f 434/1185/4469 1617/1186/4470 795/1187/4471 794/1188/4472
f 1617/1186/4473 1536/1189/4474 1537/1190/4475 795/1187/4476
f 794/1188/4477 795/1187/4478 797/1184/4479 796/1183/4480
f 795/1187/4481 1537/1190/4482 1535/1182/4483 797/1184/4484
f 430/1174/4485 431/1177/4486 1537/1190/4487 1536/1189/4488
f 431/1177/4489 1534/1172/4490 1535/1182/4491 1537/1190/4492
f 765/1057/4493 1487/1059/4494 1538/1191/4495 796/1183/4496
f 1487/1059/4497 1489/1060/4498 1541/1192/4499 1538/1191/4500
f 1488/1061/4501 1539/1193/4502 1541/1192/4503 1489/1060/4504
f 23/1194/4505 827/1195/4506 1542/1196/4507 1540/1197/4508
f 1540/1197/4509 1542/1196/4510 1541/1192/4511 1539/1193/4512
f 434/1185/4513 794/1188/4514 184/1198/4515 183/1199/4516
f 794/1188/4517 796/1183/4518 1538/1191/4519 184/1198/4520
f 183/1199/4521 184/1198/4522 1542/1196/4523 827/1195/4524
f 184/1198/4525 1538/1191/4526 1541/1192/4527 1542/1196/4528
f 1488/1061/4529 766/1062/4530 798/1200/4531 1539/1193/4532
f 766/1062/4533 115/1063/4534 1545/1201/4535 798/1200/4536
f 1490/1064/4537 1548/1202/4538 1544/1203/4539 416/1065/4540
f 416/1065/4541 1544/1203/4542 1545/1201/4543 115/1063/4544
f 24/1204/4545 1624/1205/4546 1543/1206/4547 799/1207/4548
f 1624/1205/4549 828/1208/4550 185/1209/4551 1543/1206/4552
f 799/1207/4553 1543/1206/4554 1544/1203/4555 1548/1202/4556
f 1543/1206/4557 185/1209/4558 1545/1201/4559 1544/1203/4560
f 23/1194/4561 1540/1197/4562 1547/1210/4563 1546/1211/4564
f 1540/1197/4565 1539/1193/4566 798/1200/4567 1547/1210/4568
f 1546/1211/4569 1547/1210/4570 185/1209/4571 828/1208/4572
f 1547/1210/4573 798/1200/4574 1545/1201/4575 185/1209/4576
f 1490/1064/4577 116/1066/4578 435/1212/4579 1548/1202/4580
f 1492/1067/4581 1550/1213/4582 801/1214/4583 1491/1068/4584
f 1491/1068/4585 801/1214/4586 435/1212/4587 116/1066/4588
f 436/1215/4589 830/1216/4590 800/1217/4591 437/1218/4592
f 830/1216/4593 1627/1219/4594 1549/1220/4595 800/1217/4596
f 437/1218/4597 800/1217/4598 801/1214/4599 1550/1213/4600
f 800/1217/4601 1549/1220/4602 435/1212/4603 801/1214/4604
f 24/1204/4605 799/1207/4606 1549/1220/4607 1627/1219/4608
f 799/1207/4609 1548/1202/4610 435/1212/4611 1549/1220/4612
f 1492/1067/4613 1493/1069/4614 1553/1221/4615 1550/1213/4616
f 767/1070/4617 1552/1222/4618 1553/1221/4619 1493/1069/4620
f 438/1223/4621 1554/1224/4622 1555/1225/4623 1551/1226/4624
f 1551/1226/4625 1555/1225/4626 1553/1221/4627 1552/1222/4628
f 436/1215/4629 437/1218/4630 1555/1225/4631 1554/1224/4632
f 437/1218/4633 1550/1213/4634 1553/1221/4635 1555/1225/4636
f 767/1070/4637 768/1071/4638 802/1227/4639 1552/1222/4640
f 768/1071/4641 1494/1072/4642 1557/1228/4643 802/1227/4644
f 1495/1073/4645 1558/1229/4646 1557/1228/4647 1494/1072/4648
f 439/1230/4649 832/1231/4650 188/1232/4651 1556/1233/4652
f 1556/1233/4653 188/1232/4654 1557/1228/4655 1558/1229/4656
f 438/1223/4657 1551/1226/4658 187/1234/4659 186/1235/4660
f 1551/1226/4661 1552/1222/4662 802/1227/4663 187/1234/4664
f 186/1235/4665 187/1234/4666 188/1232/4667 832/1231/4668
f 187/1234/4669 802/1227/4670 1557/1228/4671 188/1232/4672
f 1495/1073/4673 418/1074/4674 440/1236/4675 1558/1229/4676
f 1496/1075/4677 1561/1237/4678 805/1238/4679 417/1076/4680
f 417/1076/4681 805/1238/4682 440/1236/4683 418/1074/4684
f 25/1239/4685 1634/1240/4686 804/1241/4687 803/1242/4688
f 1634/1240/4689 1559/1243/4690 1560/1244/4691 804/1241/4692
f 803/1242/4693 804/1241/4694 805/1238/4695 1561/1237/4696
f 804/1241/4697 1560/1244/4698 440/1236/4699 805/1238/4700
f 439/1230/4701 1556/1233/4702 1560/1244/4703 1559/1243/4704
f 1556/1233/4705 1558/1229/4706 440/1236/4707 1560/1244/4708
f 1496/1075/4709 769/1077/4710 806/1245/4711 1561/1237/4712
f 769/1077/4713 1497/1078/4714 1564/1246/4715 806/1245/4716
f 1498/1079/4717 1567/1247/4718 1564/1246/4719 1497/1078/4720
f 26/1248/4721 834/1249/4722 1563/1250/4723 1562/1251/4724
f 1562/1251/4725 1563/1250/4726 1564/1246/4727 1567/1247/4728
f 25/1239/4729 803/1242/4730 1566/1252/4731 1565/1253/4732
f 803/1242/4733 1561/1237/4734 806/1245/4735 1566/1252/4736
f 1565/1253/4737 1566/1252/4738 1563/1250/4739 834/1249/4740
f 1566/1252/4741 806/1245/4742 1564/1246/4743 1563/1250/4744
f 1498/1079/4745 1499/1080/4746 1568/1254/4747 1567/1247/4748
f 1501/1081/4749 1572/1255/4750 808/1256/4751 1500/1082/4752
f 1500/1082/4753 808/1256/4754 1568/1254/4755 1499/1080/4756
f 441/1257/4757 836/1258/4758 807/1259/4759 1569/1260/4760
f 836/1258/4761 1570/1261/4762 1571/1262/4763 807/1259/4764
f 1569/1260/4765 807/1259/4766 808/1256/4767 1572/1255/4768
f 807/1259/4769 1571/1262/4770 1568/1254/4771 808/1256/4772
f 26/1248/4773 1562/1251/4774 1571/1262/4775 1570/1261/4776
f 1562/1251/4777 1567/1247/4778 1568/1254/4779 1571/1262/4780
f 1501/1081/4781 770/1083/4782 809/1263/4783 1572/1255/4784
f 770/1083/4785 1502/1084/4786 1576/1264/4787 809/1263/4788
f 1503/1085/4789 1575/1265/4790 1576/1264/4791 1502/1084/4792
f 442/1266/4793 838/1267/4794 1574/1268/4795 1573/1269/4796
f 1573/1269/4797 1574/1268/4798 1576/1264/4799 1575/1265/4800
f 441/1257/4801 1569/1260/4802 1578/1270/4803 1577/1271/4804
f 1569/1260/4805 1572/1255/4806 809/1263/4807 1578/1270/4808
f 1577/1271/4809 1578/1270/4810 1574/1268/4811 838/1267/4812
f 1578/1270/4813 809/1263/4814 1576/1264/4815 1574/1268/4816
f 1503/1085/4817 771/1086/4818 810/1272/4819 1575/1265/4820
f 771/1086/4821 1504/1087/4822 1579/1273/4823 810/1272/4824
f 19/1026/4825 1581/1090/4826 812/1274/4827 1505/1088/4828
f 1505/1088/4829 812/1274/4830 1579/1273/4831 1504/1087/4832
f 1584/1100/4833 840/1275/4834 811/1276/4835 1580/1101/4836
f 840/1275/4837 189/1277/4838 190/1278/4839 811/1276/4840
f 1580/1101/4841 811/1276/4842 812/1274/4843 1581/1090/4844
f 811/1276/4845 190/1278/4846 1579/1273/4847 812/1274/4848
f 442/1266/4849 1573/1269/4850 1583/1279/4851 1582/1280/4852
f 1573/1269/4853 1575/1265/4854 810/1272/4855 1583/1279/4856
f 1582/1280/4857 1583/1279/4858 190/1278/4859 189/1277/4860
f 1583/1279/4861 810/1272/4862 1579/1273/4863 190/1278/4864
f 1584/1100/4865 1508/1103/4866 443/1281/4867 203/1282/4868
f 1508/1103/4869 1510/1098/4870 444/1283/4871 443/1281/4872
f 420/1094/4873 191/1284/4874 1586/1285/4875 813/1095/4876
f 813/1095/4877 1586/1285/4878 444/1283/4879 1510/1098/4880
f 1585/1286/4881 1648/1287/4882 1586/1285/4883 191/1284/4884
f 1648/1287/4885 815/1288/4886 444/1283/4887 1586/1285/4888
f 117/1289/4889 203/1282/4890 443/1281/4891 814/1290/4892
f 814/1290/4893 443/1281/4894 444/1283/4895 815/1288/4896
f 420/1094/4897 174/1115/4898 1587/1291/4899 191/1284/4900
f 174/1115/4901 817/1112/4902 446/1292/4903 1587/1291/4904
f 421/1108/4905 1590/1293/4906 445/1294/4907 816/1109/4908
f 816/1109/4909 445/1294/4910 446/1292/4911 817/1112/4912
f 1588/1295/4913 1651/1296/4914 445/1294/4915 1590/1293/4916
f 1651/1296/4917 1653/1297/4918 446/1292/4919 445/1294/4920
f 1585/1286/4921 191/1284/4922 1587/1291/4923 1589/1298/4924
f 1589/1298/4925 1587/1291/4926 446/1292/4927 1653/1297/4928
f 421/1108/4929 177/1127/4930 1591/1299/4931 1590/1293/4932
f 177/1127/4933 1593/1124/4934 447/1300/4935 1591/1299/4936
f 20/1120/4937 1594/1301/4938 1596/1302/4939 1592/1121/4940
f 1592/1121/4941 1596/1302/4942 447/1300/4943 1593/1124/4944
f 1595/1303/4945 466/1304/4946 1596/1302/4947 1594/1301/4948
f 466/1304/4949 468/1305/4950 447/1300/4951 1596/1302/4952
f 1588/1295/4953 1590/1293/4954 1591/1299/4955 1597/1306/4956
f 1597/1306/4957 1591/1299/4958 447/1300/4959 468/1305/4960
f 20/1120/4961 1517/1139/4962 1598/1307/4963 1594/1301/4964
f 1517/1139/4965 1600/1136/4966 448/1308/4967 1598/1307/4968
f 21/1132/4969 1601/1309/4970 1603/1310/4971 1599/1133/4972
f 1599/1133/4973 1603/1310/4974 448/1308/4975 1600/1136/4976
f 1602/1311/4977 470/1312/4978 1603/1310/4979 1601/1309/4980
f 470/1312/4981 472/1313/4982 448/1308/4983 1603/1310/4984
f 1595/1303/4985 1594/1301/4986 1598/1307/4987 818/1314/4988
f 818/1314/4989 1598/1307/4990 448/1308/4991 472/1313/4992
f 21/1132/4993 1520/1147/4994 449/1315/4995 1601/1309/4996
f 425/1143/4997 1606/1316/4998 1605/1317/4999 819/1144/5000
f 819/1144/5001 1605/1317/5002 449/1315/5003 1520/1147/5004
f 1604/1318/5005 1664/1319/5006 1605/1317/5007 1606/1316/5008
f 1664/1319/5009 820/1320/5010 449/1315/5011 1605/1317/5012
f 1602/1311/5013 1601/1309/5014 449/1315/5015 820/1320/5016
f 425/1143/5017 821/1152/5018 450/1321/5019 1606/1316/5020
f 427/1151/5021 192/1322/5022 450/1321/5023 821/1152/5024
f 1607/1323/5025 1667/1324/5026 450/1321/5027 192/1322/5028
f 1604/1318/5029 1606/1316/5030 450/1321/5031 1667/1324/5032
f 427/1151/5033 1526/1158/5034 36/1325/5035 192/1322/5036
f 429/1157/5037 1609/1326/5038 36/1325/5039 1526/1158/5040
f 1608/1327/5041 822/1328/5042 36/1325/5043 1609/1326/5044
f 1607/1323/5045 192/1322/5046 36/1325/5047 822/1328/5048
f 429/1157/5049 1530/1169/5050 1610/1329/5051 1609/1326/5052
f 1530/1169/5053 823/1165/5054 451/1330/5055 1610/1329/5056
f 22/1164/5057 193/1331/5058 451/1330/5059 823/1165/5060
f 1611/1332/5061 1673/1333/5062 451/1330/5063 193/1331/5064
f 1608/1327/5065 1609/1326/5066 1610/1329/5067 824/1334/5068
f 824/1334/5069 1610/1329/5070 451/1330/5071 1673/1333/5072
f 22/1164/5073 432/1181/5074 1612/1335/5075 193/1331/5076
f 432/1181/5077 1613/1178/5078 452/1336/5079 1612/1335/5080
f 430/1174/5081 194/1337/5082 1615/1338/5083 825/1175/5084
f 825/1175/5085 1615/1338/5086 452/1336/5087 1613/1178/5088
f 1614/1339/5089 1676/1340/5090 1615/1338/5091 194/1337/5092
f 1676/1340/5093 476/1341/5094 452/1336/5095 1615/1338/5096
f 1611/1332/5097 193/1331/5098 1612/1335/5099 1616/1342/5100
f 1616/1342/5101 1612/1335/5102 452/1336/5103 476/1341/5104
f 430/1174/5105 1536/1189/5106 453/1343/5107 194/1337/5108
f 434/1185/5109 1619/1344/5110 1620/1345/5111 1617/1186/5112
f 1617/1186/5113 1620/1345/5114 453/1343/5115 1536/1189/5116
f 1618/1346/5117 62/1347/5118 1620/1345/5119 1619/1344/5120
f 62/1347/5121 826/1348/5122 453/1343/5123 1620/1345/5124
f 1614/1339/5125 194/1337/5126 453/1343/5127 826/1348/5128
f 434/1185/5129 183/1199/5130 195/1349/5131 1619/1344/5132
f 183/1199/5133 827/1195/5134 454/1350/5135 195/1349/5136
f 23/1194/5137 196/1351/5138 454/1350/5139 827/1195/5140
f 1621/1352/5141 1684/1353/5142 454/1350/5143 196/1351/5144
f 1618/1346/5145 1619/1344/5146 195/1349/5147 1622/1354/5148
f 1622/1354/5149 195/1349/5150 454/1350/5151 1684/1353/5152
f 23/1194/5153 1546/1211/5154 1623/1355/5155 196/1351/5156
f 1546/1211/5157 828/1208/5158 455/1356/5159 1623/1355/5160
f 24/1204/5161 1625/1357/5162 197/1358/5163 1624/1205/5164
f 1624/1205/5165 197/1358/5166 455/1356/5167 828/1208/5168
f 1626/1359/5169 478/1360/5170 197/1358/5171 1625/1357/5172
f 478/1360/5173 1689/1361/5174 455/1356/5175 197/1358/5176
f 1621/1352/5177 196/1351/5178 1623/1355/5179 829/1362/5180
f 829/1362/5181 1623/1355/5182 455/1356/5183 1689/1361/5184
f 24/1204/5185 1627/1219/5186 456/1363/5187 1625/1357/5188
f 436/1215/5189 198/1364/5190 1629/1365/5191 830/1216/5192
f 830/1216/5193 1629/1365/5194 456/1363/5195 1627/1219/5196
f 1628/1366/5197 1694/1367/5198 1629/1365/5199 198/1364/5200
f 1694/1367/5201 480/1368/5202 456/1363/5203 1629/1365/5204
f 1626/1359/5205 1625/1357/5206 456/1363/5207 480/1368/5208
f 436/1215/5209 1554/1224/5210 458/1369/5211 198/1364/5212
f 438/1223/5213 457/1370/5214 458/1369/5215 1554/1224/5216
f 1630/1371/5217 831/1372/5218 458/1369/5219 457/1370/5220
f 1628/1366/5221 198/1364/5222 458/1369/5223 831/1372/5224
f 438/1223/5225 186/1235/5226 1631/1373/5227 457/1370/5228
f 186/1235/5229 832/1231/5230 459/1374/5231 1631/1373/5232
f 439/1230/5233 199/1375/5234 459/1374/5235 832/1231/5236
f 1632/1376/5237 1700/1377/5238 459/1374/5239 199/1375/5240
f 1630/1371/5241 457/1370/5242 1631/1373/5243 1633/1378/5244
f 1633/1378/5245 1631/1373/5246 459/1374/5247 1700/1377/5248
f 439/1230/5249 1559/1243/5250 460/1379/5251 199/1375/5252
f 25/1239/5253 1635/1380/5254 1637/1381/5255 1634/1240/5256
f 1634/1240/5257 1637/1381/5258 460/1379/5259 1559/1243/5260
f 1636/1382/5261 482/1383/5262 1637/1381/5263 1635/1380/5264
f 482/1383/5265 833/1384/5266 460/1379/5267 1637/1381/5268
f 1632/1376/5269 199/1375/5270 460/1379/5271 833/1384/5272
f 25/1239/5273 1565/1253/5274 1638/1385/5275 1635/1380/5276
f 1565/1253/5277 834/1249/5278 461/1386/5279 1638/1385/5280
f 26/1248/5281 200/1387/5282 461/1386/5283 834/1249/5284
f 1639/1388/5285 1707/1389/5286 461/1386/5287 200/1387/5288
f 1636/1382/5289 1635/1380/5290 1638/1385/5291 835/1390/5292
f 835/1390/5293 1638/1385/5294 461/1386/5295 1707/1389/5296
f 26/1248/5297 1570/1261/5298 462/1391/5299 200/1387/5300
f 441/1257/5301 201/1392/5302 1641/1393/5303 836/1258/5304
f 836/1258/5305 1641/1393/5306 462/1391/5307 1570/1261/5308
f 1640/1394/5309 1712/1395/5310 1641/1393/5311 201/1392/5312
f 1712/1395/5313 837/1396/5314 462/1391/5315 1641/1393/5316
f 1639/1388/5317 200/1387/5318 462/1391/5319 837/1396/5320
f 441/1257/5321 1577/1271/5322 1642/1397/5323 201/1392/5324
f 1577/1271/5325 838/1267/5326 463/1398/5327 1642/1397/5328
f 442/1266/5329 202/1399/5330 463/1398/5331 838/1267/5332
f 1643/1400/5333 1716/1401/5334 463/1398/5335 202/1399/5336
f 1640/1394/5337 201/1392/5338 1642/1397/5339 839/1402/5340
f 839/1402/5341 1642/1397/5342 463/1398/5343 1716/1401/5344
f 442/1266/5345 1582/1280/5346 1644/1403/5347 202/1399/5348
f 1582/1280/5349 189/1277/5350 464/1404/5351 1644/1403/5352
f 1584/1100/5353 203/1282/5354 1645/1405/5355 840/1275/5356
f 840/1275/5357 1645/1405/5358 464/1404/5359 189/1277/5360
f 117/1289/5361 1721/1406/5362 1645/1405/5363 203/1282/5364
f 1721/1406/5365 1646/1407/5366 464/1404/5367 1645/1405/5368
f 1643/1400/5369 202/1399/5370 1644/1403/5371 841/1408/5372
f 841/1408/5373 1644/1403/5374 464/1404/5375 1646/1407/5376
f 117/1289/5377 814/1290/5378 1647/1409/5379 54/1410/5380
f 814/1290/5381 815/1288/5382 465/1411/5383 1647/1409/5384
f 1585/1286/5385 844/1412/5386 1649/1413/5387 1648/1287/5388
f 1648/1287/5389 1649/1413/5390 465/1411/5391 815/1288/5392
f 1650/1414/5393 873/1415/5394 1649/1413/5395 844/1412/5396
f 873/1415/5397 843/1416/5398 465/1411/5399 1649/1413/5400
f 1724/1417/5401 54/1410/5402 1647/1409/5403 842/1418/5404
f 842/1418/5405 1647/1409/5406 465/1411/5407 843/1416/5408
f 1585/1286/5409 1589/1298/5410 845/1419/5411 844/1412/5412
f 1589/1298/5413 1653/1297/5414 1654/1420/5415 845/1419/5416
f 1588/1295/5417 846/1421/5418 1652/1422/5419 1651/1296/5420
f 1651/1296/5421 1652/1422/5422 1654/1420/5423 1653/1297/5424
f 1655/1423/5425 875/1424/5426 1652/1422/5427 846/1421/5428
f 875/1424/5429 876/1425/5430 1654/1420/5431 1652/1422/5432
f 1650/1414/5433 844/1412/5434 845/1419/5435 1656/1426/5436
f 1656/1426/5437 845/1419/5438 1654/1420/5439 876/1425/5440
f 1588/1295/5441 1597/1306/5442 847/1427/5443 846/1421/5444
f 1597/1306/5445 468/1305/5446 469/1428/5447 847/1427/5448
f 1595/1303/5449 1657/1429/5450 467/1430/5451 466/1304/5452
f 466/1304/5453 467/1430/5454 469/1428/5455 468/1305/5456
f 1658/1431/5457 1735/1432/5458 467/1430/5459 1657/1429/5460
f 1735/1432/5461 1660/1433/5462 469/1428/5463 467/1430/5464
f 1655/1423/5465 846/1421/5466 847/1427/5467 1659/1434/5468
f 1659/1434/5469 847/1427/5470 469/1428/5471 1660/1433/5472
f 1595/1303/5473 818/1314/5474 848/1435/5475 1657/1429/5476
f 818/1314/5477 472/1313/5478 473/1436/5479 848/1435/5480
f 1602/1311/5481 1663/1437/5482 471/1438/5483 470/1312/5484
f 470/1312/5485 471/1438/5486 473/1436/5487 472/1313/5488
f 1661/1439/5489 1738/1440/5490 471/1438/5491 1663/1437/5492
f 1738/1440/5493 1662/1441/5494 473/1436/5495 471/1438/5496
f 1658/1431/5497 1657/1429/5498 848/1435/5499 849/1442/5500
f 849/1442/5501 848/1435/5502 473/1436/5503 1662/1441/5504
f 1602/1311/5505 820/1320/5506 474/1443/5507 1663/1437/5508
f 1604/1318/5509 851/1444/5510 1665/1445/5511 1664/1319/5512
f 1664/1319/5513 1665/1445/5514 474/1443/5515 820/1320/5516
f 1666/1446/5517 879/1447/5518 1665/1445/5519 851/1444/5520
f 879/1447/5521 850/1448/5522 474/1443/5523 1665/1445/5524
f 1661/1439/5525 1663/1437/5526 474/1443/5527 850/1448/5528
f 1604/1318/5529 1667/1324/5530 1668/1449/5531 851/1444/5532
f 1607/1323/5533 1670/1450/5534 1668/1449/5535 1667/1324/5536
f 1669/1451/5537 881/1452/5538 1668/1449/5539 1670/1450/5540
f 1666/1446/5541 851/1444/5542 1668/1449/5543 881/1452/5544
f 1607/1323/5545 822/1328/5546 475/1453/5547 1670/1450/5548
f 1608/1327/5549 1671/1454/5550 475/1453/5551 822/1328/5552
f 1672/1455/5553 852/1456/5554 475/1453/5555 1671/1454/5556
f 1669/1451/5557 1670/1450/5558 475/1453/5559 852/1456/5560
f 1608/1327/5561 824/1334/5562 853/1457/5563 1671/1454/5564
f 824/1334/5565 1673/1333/5566 1674/1458/5567 853/1457/5568
f 1611/1332/5569 855/1459/5570 1674/1458/5571 1673/1333/5572
f 1675/1460/5573 882/1461/5574 1674/1458/5575 855/1459/5576
f 1672/1455/5577 1671/1454/5578 853/1457/5579 854/1462/5580
f 854/1462/5581 853/1457/5582 1674/1458/5583 882/1461/5584
f 1611/1332/5585 1616/1342/5586 856/1463/5587 855/1459/5588
f 1616/1342/5589 476/1341/5590 477/1464/5591 856/1463/5592
f 1614/1339/5593 1680/1465/5594 1677/1466/5595 1676/1340/5596
f 1676/1340/5597 1677/1466/5598 477/1464/5599 476/1341/5600
f 1678/1467/5601 883/1468/5602 1677/1466/5603 1680/1465/5604
f 883/1468/5605 1751/1469/5606 477/1464/5607 1677/1466/5608
f 1675/1460/5609 855/1459/5610 856/1463/5611 1679/1470/5612
f 1679/1470/5613 856/1463/5614 477/1464/5615 1751/1469/5616
f 1614/1339/5617 826/1348/5618 1681/1471/5619 1680/1465/5620
f 1618/1346/5621 858/1472/5622 118/1473/5623 62/1347/5624
f 62/1347/5625 118/1473/5626 1681/1471/5627 826/1348/5628
f 1682/1474/5629 1753/1475/5630 118/1473/5631 858/1472/5632
f 1753/1475/5633 857/1476/5634 1681/1471/5635 118/1473/5636
f 1678/1467/5637 1680/1465/5638 1681/1471/5639 857/1476/5640
f 1618/1346/5641 1622/1354/5642 1683/1477/5643 858/1472/5644
f 1622/1354/5645 1684/1353/5646 1686/1478/5647 1683/1477/5648
f 1621/1352/5649 1685/1479/5650 1686/1478/5651 1684/1353/5652
f 1687/1480/5653 886/1481/5654 1686/1478/5655 1685/1479/5656
f 1682/1474/5657 858/1472/5658 1683/1477/5659 1688/1482/5660
f 1688/1482/5661 1683/1477/5662 1686/1478/5663 886/1481/5664
f 1621/1352/5665 829/1362/5666 859/1483/5667 1685/1479/5668
f 829/1362/5669 1689/1361/5670 1690/1484/5671 859/1483/5672
f 1626/1359/5673 1693/1485/5674 479/1486/5675 478/1360/5676
f 478/1360/5677 479/1486/5678 1690/1484/5679 1689/1361/5680
f 1691/1487/5681 1758/1488/5682 479/1486/5683 1693/1485/5684
f 1758/1488/5685 1692/1489/5686 1690/1484/5687 479/1486/5688
f 1687/1480/5689 1685/1479/5690 859/1483/5691 860/1490/5692
f 860/1490/5693 859/1483/5694 1690/1484/5695 1692/1489/5696
f 1626/1359/5697 480/1368/5698 481/1491/5699 1693/1485/5700
f 1628/1366/5701 1697/1492/5702 1695/1493/5703 1694/1367/5704
f 1694/1367/5705 1695/1493/5706 481/1491/5707 480/1368/5708
f 1696/1494/5709 887/1495/5710 1695/1493/5711 1697/1492/5712
f 887/1495/5713 861/1496/5714 481/1491/5715 1695/1493/5716
f 1691/1487/5717 1693/1485/5718 481/1491/5719 861/1496/5720
f 1628/1366/5721 831/1372/5722 1698/1497/5723 1697/1492/5724
f 1630/1371/5725 863/1498/5726 1698/1497/5727 831/1372/5728
f 1699/1499/5729 862/1500/5730 1698/1497/5731 863/1498/5732
f 1696/1494/5733 1697/1492/5734 1698/1497/5735 862/1500/5736
f 1630/1371/5737 1633/1378/5738 864/1501/5739 863/1498/5740
f 1633/1378/5741 1700/1377/5742 1701/1502/5743 864/1501/5744
f 1632/1376/5745 1704/1503/5746 1701/1502/5747 1700/1377/5748
f 1702/1504/5749 889/1505/5750 1701/1502/5751 1704/1503/5752
f 1699/1499/5753 863/1498/5754 864/1501/5755 1703/1506/5756
f 1703/1506/5757 864/1501/5758 1701/1502/5759 889/1505/5760
f 1632/1376/5761 833/1384/5762 484/1507/5763 1704/1503/5764
f 1636/1382/5765 1706/1508/5766 483/1509/5767 482/1383/5768
f 482/1383/5769 483/1509/5770 484/1507/5771 833/1384/5772
f 1705/1510/5773 1769/1511/5774 483/1509/5775 1706/1508/5776
f 1769/1511/5777 865/1512/5778 484/1507/5779 483/1509/5780
f 1702/1504/5781 1704/1503/5782 484/1507/5783 865/1512/5784
f 1636/1382/5785 835/1390/5786 866/1513/5787 1706/1508/5788
f 835/1390/5789 1707/1389/5790 1708/1514/5791 866/1513/5792
f 1639/1388/5793 1710/1515/5794 1708/1514/5795 1707/1389/5796
f 1709/1516/5797 891/1517/5798 1708/1514/5799 1710/1515/5800
f 1705/1510/5801 1706/1508/5802 866/1513/5803 867/1518/5804
f 867/1518/5805 866/1513/5806 1708/1514/5807 891/1517/5808
f 1639/1388/5809 837/1396/5810 1711/1519/5811 1710/1515/5812
f 1640/1394/5813 1715/1520/5814 1713/1521/5815 1712/1395/5816
f 1712/1395/5817 1713/1521/5818 1711/1519/5819 837/1396/5820
f 1714/1522/5821 892/1523/5822 1713/1521/5823 1715/1520/5824
f 892/1523/5825 868/1524/5826 1711/1519/5827 1713/1521/5828
f 1709/1516/5829 1710/1515/5830 1711/1519/5831 868/1524/5832
f 1640/1394/5833 839/1402/5834 869/1525/5835 1715/1520/5836
f 839/1402/5837 1716/1401/5838 1717/1526/5839 869/1525/5840
f 1643/1400/5841 1719/1527/5842 1717/1526/5843 1716/1401/5844
f 1718/1528/5845 894/1529/5846 1717/1526/5847 1719/1527/5848
f 1714/1522/5849 1715/1520/5850 869/1525/5851 870/1530/5852
f 870/1530/5853 869/1525/5854 1717/1526/5855 894/1529/5856
f 1643/1400/5857 841/1408/5858 871/1531/5859 1719/1527/5860
f 841/1408/5861 1646/1407/5862 1720/1532/5863 871/1531/5864
f 117/1289/5865 54/1410/5866 1722/1533/5867 1721/1406/5868
f 1721/1406/5869 1722/1533/5870 1720/1532/5871 1646/1407/5872
f 1724/1417/5873 895/1534/5874 1722/1533/5875 54/1410/5876
f 895/1534/5877 1723/1535/5878 1720/1532/5879 1722/1533/5880
f 1718/1528/5881 1719/1527/5882 871/1531/5883 872/1536/5884
f 872/1536/5885 871/1531/5886 1720/1532/5887 1723/1535/5888
f 1724/1417/5889 842/1418/5890 485/1537/5891 1780/1538/5892
f 842/1418/5893 843/1416/5894 1725/1539/5895 485/1537/5896
f 1650/1414/5897 1728/1540/5898 874/1541/5899 873/1415/5900
f 873/1415/5901 874/1541/5902 1725/1539/5903 843/1416/5904
f 1732/1542/5905 897/1543/5906 874/1541/5907 1728/1540/5908
f 897/1543/5909 1727/1544/5910 1725/1539/5911 874/1541/5912
f 1782/1545/5913 1780/1538/5914 485/1537/5915 1726/1546/5916
f 1726/1546/5917 485/1537/5918 1725/1539/5919 1727/1544/5920
f 1650/1414/5921 1656/1426/5922 1729/1547/5923 1728/1540/5924
f 1656/1426/5925 876/1425/5926 1731/1548/5927 1729/1547/5928
f 1655/1423/5929 1733/1549/5930 1730/1550/5931 875/1424/5932
f 875/1424/5933 1730/1550/5934 1731/1548/5935 876/1425/5936
f 119/1551/5937 901/1552/5938 1730/1550/5939 1733/1549/5940
f 901/1552/5941 902/1553/5942 1731/1548/5943 1730/1550/5944
f 1732/1542/5945 1728/1540/5946 1729/1547/5947 486/1554/5948
f 486/1554/5949 1729/1547/5950 1731/1548/5951 902/1553/5952
f 1655/1423/5953 1659/1434/5954 1734/1555/5955 1733/1549/5956
f 1659/1434/5957 1660/1433/5958 1736/1556/5959 1734/1555/5960
f 1658/1431/5961 487/1557/5962 877/1558/5963 1735/1432/5964
f 1735/1432/5965 877/1558/5966 1736/1556/5967 1660/1433/5968
f 27/1559/5969 1794/1560/5970 877/1558/5971 487/1557/5972
f 1794/1560/5973 1795/1561/5974 1736/1556/5975 877/1558/5976
f 119/1551/5977 1733/1549/5978 1734/1555/5979 488/1562/5980
f 488/1562/5981 1734/1555/5982 1736/1556/5983 1795/1561/5984
f 1658/1431/5985 849/1442/5986 1737/1563/5987 487/1557/5988
f 849/1442/5989 1662/1441/5990 1739/1564/5991 1737/1563/5992
f 1661/1439/5993 204/1565/5994 878/1566/5995 1738/1440/5996
f 1738/1440/5997 878/1566/5998 1739/1564/5999 1662/1441/6000
f 28/1567/6001 1801/1568/6002 878/1566/6003 204/1565/6004
f 1801/1568/6005 489/1569/6006 1739/1564/6007 878/1566/6008
f 27/1559/6009 487/1557/6010 1737/1563/6011 1740/1570/6012
f 1740/1570/6013 1737/1563/6014 1739/1564/6015 489/1569/6016
f 1661/1439/6017 850/1448/6018 1741/1571/6019 204/1565/6020
f 1666/1446/6021 1743/1572/6022 880/1573/6023 879/1447/6024
f 879/1447/6025 880/1573/6026 1741/1571/6027 850/1448/6028
f 120/1574/6029 907/1575/6030 880/1573/6031 1743/1572/6032
f 907/1575/6033 1742/1576/6034 1741/1571/6035 880/1573/6036
f 28/1567/6037 204/1565/6038 1741/1571/6039 1742/1576/6040
f 1666/1446/6041 881/1452/6042 1744/1577/6043 1743/1572/6044
f 1669/1451/6045 205/1578/6046 1744/1577/6047 881/1452/6048
f 121/1579/6049 910/1580/6050 1744/1577/6051 205/1578/6052
f 120/1574/6053 1743/1572/6054 1744/1577/6055 910/1580/6056
f 1669/1451/6057 852/1456/6058 37/1581/6059 205/1578/6060
f 1672/1455/6061 490/1582/6062 37/1581/6063 852/1456/6064
f 29/1583/6065 1745/1584/6066 37/1581/6067 490/1582/6068
f 121/1579/6069 205/1578/6070 37/1581/6071 1745/1584/6072
f 1672/1455/6073 854/1462/6074 1746/1585/6075 490/1582/6076
f 854/1462/6077 882/1461/6078 1747/1586/6079 1746/1585/6080
f 1675/1460/6081 1749/1587/6082 1747/1586/6083 882/1461/6084
f 30/1588/6085 913/1589/6086 1747/1586/6087 1749/1587/6088
f 29/1583/6089 490/1582/6090 1746/1585/6091 1748/1590/6092
f 1748/1590/6093 1746/1585/6094 1747/1586/6095 913/1589/6096
f 1675/1460/6097 1679/1470/6098 1750/1591/6099 1749/1587/6100
f 1679/1470/6101 1751/1469/6102 1752/1592/6103 1750/1591/6104
f 1678/1467/6105 206/1593/6106 884/1594/6107 883/1468/6108
f 883/1468/6109 884/1594/6110 1752/1592/6111 1751/1469/6112
f 122/1595/6113 917/1596/6114 884/1594/6115 206/1593/6116
f 917/1596/6117 1820/1597/6118 1752/1592/6119 884/1594/6120
f 30/1588/6121 1749/1587/6122 1750/1591/6123 63/1598/6124
f 63/1598/6125 1750/1591/6126 1752/1592/6127 1820/1597/6128
f 1678/1467/6129 857/1476/6130 491/1599/6131 206/1593/6132
f 1682/1474/6133 1755/1600/6134 885/1601/6135 1753/1475/6136
f 1753/1475/6137 885/1601/6138 491/1599/6139 857/1476/6140
f 123/1602/6141 1826/1603/6142 885/1601/6143 1755/1600/6144
f 1826/1603/6145 1754/1604/6146 491/1599/6147 885/1601/6148
f 122/1595/6149 206/1593/6150 491/1599/6151 1754/1604/6152
f 1682/1474/6153 1688/1482/6154 207/1605/6155 1755/1600/6156
f 1688/1482/6157 886/1481/6158 1756/1606/6159 207/1605/6160
f 1687/1480/6161 492/1607/6162 1756/1606/6163 886/1481/6164
f 31/1608/6165 919/1609/6166 1756/1606/6167 492/1607/6168
f 123/1602/6169 1755/1600/6170 207/1605/6171 493/1610/6172
f 493/1610/6173 207/1605/6174 1756/1606/6175 919/1609/6176
f 1687/1480/6177 860/1490/6178 1757/1611/6179 492/1607/6180
f 860/1490/6181 1692/1489/6182 1760/1612/6183 1757/1611/6184
f 1691/1487/6185 495/1613/6186 1759/1614/6187 1758/1488/6188
f 1758/1488/6189 1759/1614/6190 1760/1612/6191 1692/1489/6192
f 32/1615/6193 1835/1616/6194 1759/1614/6195 495/1613/6196
f 1835/1616/6197 494/1617/6198 1760/1612/6199 1759/1614/6200
f 31/1608/6201 492/1607/6202 1757/1611/6203 1761/1618/6204
f 1761/1618/6205 1757/1611/6206 1760/1612/6207 494/1617/6208
f 1691/1487/6209 861/1496/6210 1762/1619/6211 495/1613/6212
f 1696/1494/6213 208/1620/6214 888/1621/6215 887/1495/6216
f 887/1495/6217 888/1621/6218 1762/1619/6219 861/1496/6220
f 124/1622/6221 922/1623/6222 888/1621/6223 208/1620/6224
f 922/1623/6225 1763/1624/6226 1762/1619/6227 888/1621/6228
f 32/1615/6229 495/1613/6230 1762/1619/6231 1763/1624/6232
f 1696/1494/6233 862/1500/6234 1764/1625/6235 208/1620/6236
f 1699/1499/6237 1766/1626/6238 1764/1625/6239 862/1500/6240
f 125/1627/6241 1765/1628/6242 1764/1625/6243 1766/1626/6244
f 124/1622/6245 208/1620/6246 1764/1625/6247 1765/1628/6248
f 1699/1499/6249 1703/1506/6250 1767/1629/6251 1766/1626/6252
f 1703/1506/6253 889/1505/6254 1768/1630/6255 1767/1629/6256
f 1702/1504/6257 209/1631/6258 1768/1630/6259 889/1505/6260
f 126/1632/6261 925/1633/6262 1768/1630/6263 209/1631/6264
f 125/1627/6265 1766/1626/6266 1767/1629/6267 496/1634/6268
f 496/1634/6269 1767/1629/6270 1768/1630/6271 925/1633/6272
f 1702/1504/6273 865/1512/6274 1770/1635/6275 209/1631/6276
f 1705/1510/6277 210/1636/6278 890/1637/6279 1769/1511/6280
f 1769/1511/6281 890/1637/6282 1770/1635/6283 865/1512/6284
f 33/1638/6285 1849/1639/6286 890/1637/6287 210/1636/6288
f 1849/1639/6289 1771/1640/6290 1770/1635/6291 890/1637/6292
f 126/1632/6293 209/1631/6294 1770/1635/6295 1771/1640/6296
f 1705/1510/6297 867/1518/6298 1772/1641/6299 210/1636/6300
f 867/1518/6301 891/1517/6302 1773/1642/6303 1772/1641/6304
f 1709/1516/6305 211/1643/6306 1773/1642/6307 891/1517/6308
f 34/1644/6309 928/1645/6310 1773/1642/6311 211/1643/6312
f 33/1638/6313 210/1636/6314 1772/1641/6315 1774/1646/6316
f 1774/1646/6317 1772/1641/6318 1773/1642/6319 928/1645/6320
f 1709/1516/6321 868/1524/6322 497/1647/6323 211/1643/6324
f 1714/1522/6325 212/1648/6326 893/1649/6327 892/1523/6328
f 892/1523/6329 893/1649/6330 497/1647/6331 868/1524/6332
f 127/1650/6333 930/1651/6334 893/1649/6335 212/1648/6336
f 930/1651/6337 1775/1652/6338 497/1647/6339 893/1649/6340
f 34/1644/6341 211/1643/6342 497/1647/6343 1775/1652/6344
f 1714/1522/6345 870/1530/6346 1776/1653/6347 212/1648/6348
f 870/1530/6349 894/1529/6350 1777/1654/6351 1776/1653/6352
f 1718/1528/6353 213/1655/6354 1777/1654/6355 894/1529/6356
f 128/1656/6357 933/1657/6358 1777/1654/6359 213/1655/6360
f 127/1650/6361 212/1648/6362 1776/1653/6363 1778/1658/6364
f 1778/1658/6365 1776/1653/6366 1777/1654/6367 933/1657/6368
f 1718/1528/6369 872/1536/6370 1779/1659/6371 213/1655/6372
f 872/1536/6373 1723/1535/6374 498/1660/6375 1779/1659/6376
f 1724/1417/6377 1780/1538/6378 896/1661/6379 895/1534/6380
f 895/1534/6381 896/1661/6382 498/1660/6383 1723/1535/6384
f 1782/1545/6385 936/1662/6386 896/1661/6387 1780/1538/6388
f 936/1662/6389 499/1663/6390 498/1660/6391 896/1661/6392
f 128/1656/6393 213/1655/6394 1779/1659/6395 1781/1664/6396
f 1781/1664/6397 1779/1659/6398 498/1660/6399 499/1663/6400
f 1782/1545/6401 1726/1546/6402 500/1665/6403 501/1666/6404
f 1726/1546/6405 1727/1544/6406 214/1667/6407 500/1665/6408
f 501/1666/6409 500/1665/6410 1783/1668/6411 243/1669/6412
f 500/1665/6413 214/1667/6414 502/1670/6415 1783/1668/6416
f 1732/1542/6417 1786/1671/6418 1784/1672/6419 897/1543/6420
f 1786/1671/6421 215/1673/6422 1785/1674/6423 1784/1672/6424
f 897/1543/6425 1784/1672/6426 214/1667/6427 1727/1544/6428
f 1784/1672/6429 1785/1674/6430 502/1670/6431 214/1667/6432
f 1933/1675/6433 968/1676/6434 1785/1674/6435 215/1673/6436
f 968/1676/6437 899/1677/6438 502/1670/6439 1785/1674/6440
f 256/1678/6441 243/1669/6442 1783/1668/6443 898/1679/6444
f 898/1679/6445 1783/1668/6446 502/1670/6447 899/1677/6448
f 1732/1542/6449 486/1554/6450 1787/1680/6451 1786/1671/6452
f 486/1554/6453 902/1553/6454 1789/1681/6455 1787/1680/6456
f 1786/1671/6457 1787/1680/6458 900/1682/6459 215/1673/6460
f 1787/1680/6461 1789/1681/6462 504/1683/6463 900/1682/6464
f 119/1551/6465 1792/1684/6466 1788/1685/6467 901/1552/6468
f 1792/1684/6469 903/1686/6470 503/1687/6471 1788/1685/6472
f 901/1552/6473 1788/1685/6474 1789/1681/6475 902/1553/6476
f 1788/1685/6477 503/1687/6478 504/1683/6479 1789/1681/6480
f 1790/1688/6481 547/1689/6482 503/1687/6483 903/1686/6484
f 547/1689/6485 1934/1690/6486 504/1683/6487 503/1687/6488
f 1933/1675/6489 215/1673/6490 900/1682/6491 1791/1691/6492
f 1791/1691/6493 900/1682/6494 504/1683/6495 1934/1690/6496
f 119/1551/6497 488/1562/6498 1793/1692/6499 1792/1684/6500
f 488/1562/6501 1795/1561/6502 217/1693/6503 1793/1692/6504
f 1792/1684/6505 1793/1692/6506 904/1694/6507 903/1686/6508
f 1793/1692/6509 217/1693/6510 506/1695/6511 904/1694/6512
f 27/1559/6513 505/1696/6514 216/1697/6515 1794/1560/6516
f 505/1696/6517 1796/1698/6518 1798/1699/6519 216/1697/6520
f 1794/1560/6521 216/1697/6522 217/1693/6523 1795/1561/6524
f 216/1697/6525 1798/1699/6526 506/1695/6527 217/1693/6528
f 1797/1700/6529 1939/1701/6530 1798/1699/6531 1796/1698/6532
f 1939/1701/6533 1936/1702/6534 506/1695/6535 1798/1699/6536
f 1790/1688/6537 903/1686/6538 904/1694/6539 1799/1703/6540
f 1799/1703/6541 904/1694/6542 506/1695/6543 1936/1702/6544
f 27/1559/6545 1740/1570/6546 1800/1704/6547 505/1696/6548
f 1740/1570/6549 489/1569/6550 219/1705/6551 1800/1704/6552
f 505/1696/6553 1800/1704/6554 905/1706/6555 1796/1698/6556
f 1800/1704/6557 219/1705/6558 507/1707/6559 905/1706/6560
f 28/1567/6561 220/1708/6562 218/1709/6563 1801/1568/6564
f 220/1708/6565 1802/1710/6566 1804/1711/6567 218/1709/6568
f 1801/1568/6569 218/1709/6570 219/1705/6571 489/1569/6572
f 218/1709/6573 1804/1711/6574 507/1707/6575 219/1705/6576
f 1803/1712/6577 1940/1713/6578 1804/1711/6579 1802/1710/6580
f 1940/1713/6581 548/1714/6582 507/1707/6583 1804/1711/6584
f 1797/1700/6585 1796/1698/6586 905/1706/6587 906/1715/6588
f 906/1715/6589 905/1706/6590 507/1707/6591 548/1714/6592
f 28/1567/6593 1742/1576/6594 221/1716/6595 220/1708/6596
f 220/1708/6597 221/1716/6598 1805/1717/6599 1802/1710/6600
f 120/1574/6601 1809/1718/6602 1806/1719/6603 907/1575/6604
f 1809/1718/6605 909/1720/6606 1808/1721/6607 1806/1719/6608
f 907/1575/6609 1806/1719/6610 221/1716/6611 1742/1576/6612
f 1806/1719/6613 1808/1721/6614 1805/1717/6615 221/1716/6616
f 1807/1722/6617 971/1723/6618 1808/1721/6619 909/1720/6620
f 971/1723/6621 908/1724/6622 1805/1717/6623 1808/1721/6624
f 1803/1712/6625 1802/1710/6626 1805/1717/6627 908/1724/6628
f 120/1574/6629 910/1580/6630 1810/1725/6631 1809/1718/6632
f 1809/1718/6633 1810/1725/6634 508/1726/6635 909/1720/6636
f 121/1579/6637 223/1727/6638 1810/1725/6639 910/1580/6640
f 223/1727/6641 222/1728/6642 508/1726/6643 1810/1725/6644
f 1811/1729/6645 1941/1730/6646 508/1726/6647 222/1728/6648
f 1807/1722/6649 909/1720/6650 508/1726/6651 1941/1730/6652
f 121/1579/6653 1745/1584/6654 224/1731/6655 223/1727/6656
f 223/1727/6657 224/1731/6658 1812/1732/6659 222/1728/6660
f 29/1583/6661 509/1733/6662 224/1731/6663 1745/1584/6664
f 509/1733/6665 1813/1734/6666 1812/1732/6667 224/1731/6668
f 972/1735/6669 911/1736/6670 1812/1732/6671 1813/1734/6672
f 1811/1729/6673 222/1728/6674 1812/1732/6675 911/1736/6676
f 29/1583/6677 1748/1590/6678 1814/1737/6679 509/1733/6680
f 1748/1590/6681 913/1589/6682 1815/1738/6683 1814/1737/6684
f 509/1733/6685 1814/1737/6686 912/1739/6687 1813/1734/6688
f 1814/1737/6689 1815/1738/6690 510/1740/6691 912/1739/6692
f 30/1588/6693 1817/1741/6694 1815/1738/6695 913/1589/6696
f 1817/1741/6697 915/1742/6698 510/1740/6699 1815/1738/6700
f 1816/1743/6701 1942/1744/6702 510/1740/6703 915/1742/6704
f 972/1735/6705 1813/1734/6706 912/1739/6707 914/1745/6708
f 914/1745/6709 912/1739/6710 510/1740/6711 1942/1744/6712
f 30/1588/6713 63/1598/6714 1818/1746/6715 1817/1741/6716
f 63/1598/6717 1820/1597/6718 225/1747/6719 1818/1746/6720
f 1817/1741/6721 1818/1746/6722 916/1748/6723 915/1742/6724
f 1818/1746/6725 225/1747/6726 511/1749/6727 916/1748/6728
f 122/1595/6729 226/1750/6730 1819/1751/6731 917/1596/6732
f 226/1750/6733 1824/1752/6734 1822/1753/6735 1819/1751/6736
f 917/1596/6737 1819/1751/6738 225/1747/6739 1820/1597/6740
f 1819/1751/6741 1822/1753/6742 511/1749/6743 225/1747/6744
f 1821/1754/6745 1944/1755/6746 1822/1753/6747 1824/1752/6748
f 1944/1755/6749 549/1756/6750 511/1749/6751 1822/1753/6752
f 1816/1743/6753 915/1742/6754 916/1748/6755 1823/1757/6756
f 1823/1757/6757 916/1748/6758 511/1749/6759 549/1756/6760
f 122/1595/6761 1754/1604/6762 512/1758/6763 226/1750/6764
f 226/1750/6765 512/1758/6766 1825/1759/6767 1824/1752/6768
f 123/1602/6769 1829/1760/6770 513/1761/6771 1826/1603/6772
f 1829/1760/6773 1827/1762/6774 1828/1763/6775 513/1761/6776
f 1826/1603/6777 513/1761/6778 512/1758/6779 1754/1604/6780
f 513/1761/6781 1828/1763/6782 1825/1759/6783 512/1758/6784
f 973/1764/6785 974/1765/6786 1828/1763/6787 1827/1762/6788
f 974/1765/6789 918/1766/6790 1825/1759/6791 1828/1763/6792
f 1821/1754/6793 1824/1752/6794 1825/1759/6795 918/1766/6796
f 123/1602/6797 493/1610/6798 227/1767/6799 1829/1760/6800
f 493/1610/6801 919/1609/6802 1831/1768/6803 227/1767/6804
f 1829/1760/6805 227/1767/6806 1830/1769/6807 1827/1762/6808
f 227/1767/6809 1831/1768/6810 515/1770/6811 1830/1769/6812
f 31/1608/6813 514/1771/6814 1831/1768/6815 919/1609/6816
f 514/1771/6817 228/1772/6818 515/1770/6819 1831/1768/6820
f 1832/1773/6821 1948/1774/6822 515/1770/6823 228/1772/6824
f 973/1764/6825 1827/1762/6826 1830/1769/6827 1833/1775/6828
f 1833/1775/6829 1830/1769/6830 515/1770/6831 1948/1774/6832
f 31/1608/6833 1761/1618/6834 1834/1776/6835 514/1771/6836
f 1761/1618/6837 494/1617/6838 1836/1777/6839 1834/1776/6840
f 514/1771/6841 1834/1776/6842 920/1778/6843 228/1772/6844
f 1834/1776/6845 1836/1777/6846 516/1779/6847 920/1778/6848
f 32/1615/6849 517/1780/6850 229/1781/6851 1835/1616/6852
f 517/1780/6853 1838/1782/6854 230/1783/6855 229/1781/6856
f 1835/1616/6857 229/1781/6858 1836/1777/6859 494/1617/6860
f 229/1781/6861 230/1783/6862 516/1779/6863 1836/1777/6864
f 1837/1784/6865 254/1785/6866 230/1783/6867 1838/1782/6868
f 254/1785/6869 1949/1786/6870 516/1779/6871 230/1783/6872
f 1832/1773/6873 228/1772/6874 920/1778/6875 921/1787/6876
f 921/1787/6877 920/1778/6878 516/1779/6879 1949/1786/6880
f 32/1615/6881 1763/1624/6882 231/1788/6883 517/1780/6884
f 517/1780/6885 231/1788/6886 518/1789/6887 1838/1782/6888
f 124/1622/6889 232/1790/6890 1839/1791/6891 922/1623/6892
f 232/1790/6893 1842/1792/6894 1841/1793/6895 1839/1791/6896
f 922/1623/6897 1839/1791/6898 231/1788/6899 1763/1624/6900
f 1839/1791/6901 1841/1793/6902 518/1789/6903 231/1788/6904
f 1840/1794/6905 976/1795/6906 1841/1793/6907 1842/1792/6908
f 976/1795/6909 1951/1796/6910 518/1789/6911 1841/1793/6912
f 1837/1784/6913 1838/1782/6914 518/1789/6915 1951/1796/6916
f 124/1622/6917 1765/1628/6918 1843/1797/6919 232/1790/6920
f 232/1790/6921 1843/1797/6922 520/1798/6923 1842/1792/6924
f 125/1627/6925 1844/1799/6926 1843/1797/6927 1765/1628/6928
f 1844/1799/6929 519/1800/6930 520/1798/6931 1843/1797/6932
f 1952/1801/6933 923/1802/6934 520/1798/6935 519/1800/6936
f 1840/1794/6937 1842/1792/6938 520/1798/6939 923/1802/6940
f 125/1627/6941 496/1634/6942 1845/1803/6943 1844/1799/6944
f 496/1634/6945 925/1633/6946 1846/1804/6947 1845/1803/6948
f 1844/1799/6949 1845/1803/6950 924/1805/6951 519/1800/6952
f 1845/1803/6953 1846/1804/6954 521/1806/6955 924/1805/6956
f 126/1632/6957 234/1807/6958 1846/1804/6959 925/1633/6960
f 234/1807/6961 233/1808/6962 521/1806/6963 1846/1804/6964
f 1847/1809/6965 1953/1810/6966 521/1806/6967 233/1808/6968
f 1952/1801/6969 519/1800/6970 924/1805/6971 1848/1811/6972
f 1848/1811/6973 924/1805/6974 521/1806/6975 1953/1810/6976
f 126/1632/6977 1771/1640/6978 236/1812/6979 234/1807/6980
f 234/1807/6981 236/1812/6982 522/1813/6983 233/1808/6984
f 33/1638/6985 237/1814/6986 235/1815/6987 1849/1639/6988
f 237/1814/6989 1852/1816/6990 1850/1817/6991 235/1815/6992
f 1849/1639/6993 235/1815/6994 236/1812/6995 1771/1640/6996
f 235/1815/6997 1850/1817/6998 522/1813/6999 236/1812/7000
f 977/1818/7001 978/1819/7002 1850/1817/7003 1852/1816/7004
f 978/1819/7005 926/1820/7006 522/1813/7007 1850/1817/7008
f 1847/1809/7009 233/1808/7010 522/1813/7011 926/1820/7012
f 33/1638/7013 1774/1646/7014 1851/1821/7015 237/1814/7016
f 1774/1646/7017 928/1645/7018 1853/1822/7019 1851/1821/7020
f 237/1814/7021 1851/1821/7022 927/1823/7023 1852/1816/7024
f 1851/1821/7025 1853/1822/7026 523/1824/7027 927/1823/7028
f 34/1644/7029 238/1825/7030 1853/1822/7031 928/1645/7032
f 238/1825/7033 1855/1826/7034 523/1824/7035 1853/1822/7036
f 1854/1827/7037 1954/1828/7038 523/1824/7039 1855/1826/7040
f 977/1818/7041 1852/1816/7042 927/1823/7043 929/1829/7044
f 929/1829/7045 927/1823/7046 523/1824/7047 1954/1828/7048
f 34/1644/7049 1775/1652/7050 524/1830/7051 238/1825/7052
f 238/1825/7053 524/1830/7054 525/1831/7055 1855/1826/7056
f 127/1650/7057 240/1832/7058 1856/1833/7059 930/1651/7060
f 240/1832/7061 239/1834/7062 1857/1835/7063 1856/1833/7064
f 930/1651/7065 1856/1833/7066 524/1830/7067 1775/1652/7068
f 1856/1833/7069 1857/1835/7070 525/1831/7071 524/1830/7072
f 1956/1836/7073 979/1837/7074 1857/1835/7075 239/1834/7076
f 979/1837/7077 931/1838/7078 525/1831/7079 1857/1835/7080
f 1854/1827/7081 1855/1826/7082 525/1831/7083 931/1838/7084
f 127/1650/7085 1778/1658/7086 1858/1839/7087 240/1832/7088
f 1778/1658/7089 933/1657/7090 1859/1840/7091 1858/1839/7092
f 240/1832/7093 1858/1839/7094 932/1841/7095 239/1834/7096
f 1858/1839/7097 1859/1840/7098 526/1842/7099 932/1841/7100
f 128/1656/7101 242/1843/7102 1859/1840/7103 933/1657/7104
f 242/1843/7105 241/1844/7106 526/1842/7107 1859/1840/7108
f 1860/1845/7109 1957/1846/7110 526/1842/7111 241/1844/7112
f 1956/1836/7113 239/1834/7114 932/1841/7115 934/1847/7116
f 934/1847/7117 932/1841/7118 526/1842/7119 1957/1846/7120
f 128/1656/7121 1781/1664/7122 1861/1848/7123 242/1843/7124
f 1781/1664/7125 499/1663/7126 527/1849/7127 1861/1848/7128
f 242/1843/7129 1861/1848/7130 935/1850/7131 241/1844/7132
f 1861/1848/7133 527/1849/7134 528/1851/7135 935/1850/7136
f 1782/1545/7137 501/1666/7138 1862/1852/7139 936/1662/7140
f 501/1666/7141 243/1669/7142 1863/1853/7143 1862/1852/7144
f 936/1662/7145 1862/1852/7146 527/1849/7147 499/1663/7148
f 1862/1852/7149 1863/1853/7150 528/1851/7151 527/1849/7152
f 256/1678/7153 1960/1854/7154 1863/1853/7155 243/1669/7156
f 1960/1854/7157 1864/1855/7158 528/1851/7159 1863/1853/7160
f 1860/1845/7161 241/1844/7162 935/1850/7163 937/1856/7164
f 937/1856/7165 935/1850/7166 528/1851/7167 1864/1855/7168
f 1865/7/7169 550/10/7170 1866/1857/7171 942/1858/7172
f 550/10/7173 939/5/7174 1867/1859/7175 1866/1857/7176
f 981/1/7177 252/1860/7178 530/1861/7179 938/2/7180
f 938/2/7181 530/1861/7182 1867/1859/7183 939/5/7184
f 529/1862/7185 940/1863/7186 1868/1864/7187 1869/1865/7188
f 940/1863/7189 942/1858/7190 1866/1857/7191 1868/1864/7192
f 1869/1865/7193 1868/1864/7194 530/1861/7195 252/1860/7196
f 1868/1864/7197 1866/1857/7198 1867/1859/7199 530/1861/7200
f 1870/20/7201 552/23/7202 531/1866/7203 1878/1867/7204
f 552/23/7205 553/18/7206 532/1868/7207 531/1866/7208
f 1865/7/7209 942/1858/7210 943/1869/7211 1871/16/7212
f 1871/16/7213 943/1869/7214 532/1868/7215 553/18/7216
f 529/1862/7217 1876/1870/7218 941/1871/7219 940/1863/7220
f 1876/1870/7221 1878/1867/7222 531/1866/7223 941/1871/7224
f 940/1863/7225 941/1871/7226 943/1869/7227 942/1858/7228
f 941/1871/7229 531/1866/7230 532/1868/7231 943/1869/7232
f 1873/32/7233 990/35/7234 1874/1872/7235 1872/1873/7236
f 990/35/7237 991/30/7238 533/1874/7239 1874/1872/7240
f 1870/20/7241 1878/1867/7242 1879/1875/7243 1875/28/7244
f 1875/28/7245 1879/1875/7246 533/1874/7247 991/30/7248
f 529/1862/7249 534/1876/7250 1877/1877/7251 1876/1870/7252
f 534/1876/7253 1872/1873/7254 1874/1872/7255 1877/1877/7256
f 1876/1870/7257 1877/1877/7258 1879/1875/7259 1878/1867/7260
f 1877/1877/7261 1874/1872/7262 533/1874/7263 1879/1875/7264
f 1880/44/7265 996/47/7266 1881/1878/7267 244/1879/7268
f 996/47/7269 997/42/7270 535/1880/7271 1881/1878/7272
f 1873/32/7273 1872/1873/7274 1883/1881/7275 944/40/7276
f 944/40/7277 1883/1881/7278 535/1880/7279 997/42/7280
f 529/1862/7281 1887/1882/7282 1882/1883/7283 534/1876/7284
f 1887/1882/7285 244/1879/7286 1881/1878/7287 1882/1883/7288
f 534/1876/7289 1882/1883/7290 1883/1881/7291 1872/1873/7292
f 1882/1883/7293 1881/1878/7294 535/1880/7295 1883/1881/7296
f 1884/54/7297 558/57/7298 1885/1884/7299 946/1885/7300
f 558/57/7301 945/52/7302 1886/1886/7303 1885/1884/7304
f 1880/44/7305 244/1879/7306 1886/1886/7307 945/52/7308
f 529/1862/7309 946/1885/7310 1885/1884/7311 1887/1882/7312
f 1887/1882/7313 1885/1884/7314 1886/1886/7315 244/1879/7316
f 1888/63/7317 560/61/7318 1889/1887/7319 245/1888/7320
f 1884/54/7321 946/1885/7322 1889/1887/7323 560/61/7324
f 529/1862/7325 245/1888/7326 1889/1887/7327 946/1885/7328
f 1890/69/7329 947/1968/7330 1891/1967/7331 1892/1890/7332
f 1888/63/7333 245/1888/7334 1891/1889/7335 947/67/7336
f 529/1862/7337 1892/1966/7338 1891/1889/7339 245/1888/7340
f 1893/77/7341 562/75/7342 1894/1891/7343 1898/1892/7344
f 1890/69/7345 1892/1890/7346 949/1893/7347 948/73/7348
f 948/73/7349 949/1893/7350 1894/1891/7351 562/75/7352
f 529/1964/7353 950/1894/7354 949/1893/7355 1892/1890/7356
f 950/1894/7357 1898/1892/7358 1894/1891/7359 949/1893/7360
f 1895/86/7361 563/89/7362 1896/1895/7363 55/1896/7364
f 563/89/7365 1010/84/7366 536/1897/7367 1896/1895/7368
f 1893/77/7369 1898/1892/7370 1899/1898/7371 1897/82/7372
f 1897/82/7373 1899/1898/7374 536/1897/7375 1010/84/7376
f 529/1964/7377 537/1899/7378 951/1900/7379 950/1894/7380
f 537/1899/7381 55/1896/7382 1896/1895/7383 951/1900/7384
f 950/1894/7385 951/1900/7386 1899/1898/7387 1898/1892/7388
f 951/1900/7389 1896/1895/7390 536/1897/7391 1899/1898/7392
f 1900/96/7393 1014/99/7394 1901/1901/7395 953/1902/7396
f 1014/99/7397 952/94/7398 1902/1903/7399 1901/1901/7400
f 1895/86/7401 55/1896/7402 1902/1903/7403 952/94/7404
f 529/1964/7405 953/1902/7406 1901/1901/7407 537/1899/7408
f 537/1899/7409 1901/1901/7410 1902/1903/7411 55/1896/7412
f 1903/107/7413 567/105/7414 1904/1904/7415 246/1905/7416
f 1900/96/7417 953/1902/7418 1906/1906/7419 1905/103/7420
f 1905/103/7421 1906/1906/7422 1904/1904/7423 567/105/7424
f 529/1964/7425 538/1907/7426 1906/1906/7427 953/1902/7428
f 538/1907/7429 246/1905/7430 1904/1904/7431 1906/1906/7432
f 1907/116/7433 1020/119/7434 247/1908/7435 540/1909/7436
f 1020/119/7437 568/114/7438 539/1910/7439 247/1908/7440
f 1903/107/7441 246/1905/7442 955/1911/7443 954/112/7444
f 954/112/7445 955/1911/7446 539/1910/7447 568/114/7448
f 529/1964/7449 1912/1912/7450 1908/1913/7451 538/1907/7452
f 1912/1912/7453 540/1909/7454 247/1908/7455 1908/1913/7456
f 538/1907/7457 1908/1913/7458 955/1911/7459 246/1905/7460
f 1908/1913/7461 247/1908/7462 539/1910/7463 955/1911/7464
f 1909/126/7465 569/129/7466 1910/1914/7467 1915/1915/7468
f 569/129/7469 1023/124/7470 1911/1916/7471 1910/1914/7472
f 1907/116/7473 540/1909/7474 1911/1916/7475 1023/124/7476
f 529/1964/7477 1915/1915/7478 1910/1914/7479 1912/1912/7480
f 1912/1912/7481 1910/1914/7482 1911/1916/7483 540/1909/7484
f 1913/135/7485 956/133/7486 1914/1917/7487 957/1918/7488
f 1909/126/7489 1915/1915/7490 1914/1917/7491 956/133/7492
f 529/1964/7493 957/1918/7494 1914/1917/7495 1915/1915/7496
f 1916/143/7497 571/141/7498 541/1919/7499 248/1920/7500
f 1913/135/7501 957/1918/7502 958/1921/7503 1917/139/7504
f 1917/139/7505 958/1921/7506 541/1919/7507 571/141/7508
f 529/1964/7509 249/1922/7510 958/1921/7511 957/1918/7512
f 249/1922/7513 248/1920/7514 541/1919/7515 958/1921/7516
f 1918/150/7517 1031/153/7518 1919/1923/7519 1921/1963/7520
f 1031/153/7521 959/148/7522 542/1925/7523 1919/1923/7524
f 1916/143/7525 248/1920/7526 542/1925/7527 959/148/7528
f 529/1964/7529 1921/1963/7530 1919/1923/7531 249/1922/7532
f 249/1922/7533 1919/1923/7534 542/1925/7535 248/1920/7536
f 1920/161/7537 574/1965/7538 543/1961/7539 250/1927/7540
f 1918/150/7541 1921/1963/7542 961/1962/7543 960/157/7544
f 960/157/7545 961/1962/7546 543/1926/7547 574/159/7548
f 529/1862/7549 1925/1929/7550 961/1928/7551 1921/1924/7552
f 1925/1929/7553 250/1927/7554 543/1961/7555 961/1928/7556
f 1922/168/7557 575/171/7558 1923/1930/7559 1927/1931/7560
f 575/171/7561 962/166/7562 1924/1932/7563 1923/1930/7564
f 1920/161/7565 250/1927/7566 1924/1932/7567 962/166/7568
f 529/1862/7569 1927/1931/7570 1923/1930/7571 1925/1929/7572
f 1925/1929/7573 1923/1930/7574 1924/1932/7575 250/1927/7576
f 1926/179/7577 577/177/7578 544/1933/7579 251/1934/7580
f 1922/168/7581 1927/1931/7582 964/1935/7583 963/175/7584
f 963/175/7585 964/1935/7586 544/1933/7587 577/177/7588
f 529/1862/7589 1931/1936/7590 964/1935/7591 1927/1931/7592
f 1931/1936/7593 251/1934/7594 544/1933/7595 964/1935/7596
f 981/1/7597 578/189/7598 1928/1937/7599 252/1860/7600
f 578/189/7601 1930/186/7602 545/1938/7603 1928/1937/7604
f 1926/179/7605 251/1934/7606 1929/1939/7607 965/184/7608
f 965/184/7609 1929/1939/7610 545/1938/7611 1930/186/7612
f 529/1862/7613 1869/1865/7614 966/1940/7615 1931/1936/7616
f 1869/1865/7617 252/1860/7618 1928/1937/7619 966/1940/7620
f 1931/1936/7621 966/1940/7622 1929/1939/7623 251/1934/7624
f 966/1940/7625 1928/1937/7626 545/1938/7627 1929/1939/7628
f 1945/1941/7629 1959/1942/7630 967/1943/7631 1932/1944/7632
f 1959/1942/7633 256/1678/7634 898/1679/7635 967/1943/7636
f 1932/1944/7637 967/1943/7638 968/1676/7639 1933/1675/7640
f 967/1943/7641 898/1679/7642 899/1677/7643 968/1676/7644
f 1945/1941/7645 1932/1944/7646 546/1945/7647 1935/1946/7648
f 1932/1944/7649 1933/1675/7650 1791/1691/7651 546/1945/7652
f 1935/1946/7653 546/1945/7654 547/1689/7655 1790/1688/7656
f 546/1945/7657 1791/1691/7658 1934/1690/7659 547/1689/7660
f 1945/1941/7661 1935/1946/7662 1938/1947/7663 1937/1948/7664
f 1935/1946/7665 1790/1688/7666 1799/1703/7667 1938/1947/7668
f 1937/1948/7669 1938/1947/7670 1939/1701/7671 1797/1700/7672
f 1938/1947/7673 1799/1703/7674 1936/1702/7675 1939/1701/7676
f 1945/1941/7677 1937/1948/7678 970/1949/7679 969/1950/7680
f 1937/1948/7681 1797/1700/7682 906/1715/7683 970/1949/7684
f 969/1950/7685 970/1949/7686 1940/1713/7687 1803/1712/7688
f 970/1949/7689 906/1715/7690 548/1714/7691 1940/1713/7692
f 1945/1941/7693 969/1950/7694 971/1723/7695 1807/1722/7696
f 969/1950/7697 1803/1712/7698 908/1724/7699 971/1723/7700
f 1945/1941/7701 1807/1722/7702 1941/1730/7703 1811/1729/7704
f 1945/1941/7705 1811/1729/7706 911/1736/7707 972/1735/7708
f 1945/1941/7709 972/1735/7710 914/1745/7711 1943/1951/7712
f 1943/1951/7713 914/1745/7714 1942/1744/7715 1816/1743/7716
f 1945/1941/7717 1943/1951/7718 1946/1952/7719 1947/1953/7720
f 1943/1951/7721 1816/1743/7722 1823/1757/7723 1946/1952/7724
f 1947/1953/7725 1946/1952/7726 1944/1755/7727 1821/1754/7728
f 1946/1952/7729 1823/1757/7730 549/1756/7731 1944/1755/7732
f 1945/1941/7733 1947/1953/7734 974/1765/7735 973/1764/7736
f 1947/1953/7737 1821/1754/7738 918/1766/7739 974/1765/7740
f 1945/1941/7741 973/1764/7742 1833/1775/7743 253/1954/7744
f 253/1954/7745 1833/1775/7746 1948/1774/7747 1832/1773/7748
f 1945/1941/7749 253/1954/7750 1950/1955/7751 975/1956/7752
f 253/1954/7753 1832/1773/7754 921/1787/7755 1950/1955/7756
f 975/1956/7757 1950/1955/7758 254/1785/7759 1837/1784/7760
f 1950/1955/7761 921/1787/7762 1949/1786/7763 254/1785/7764
f 1945/1941/7765 975/1956/7766 976/1795/7767 1840/1794/7768
f 975/1956/7769 1837/1784/7770 1951/1796/7771 976/1795/7772
f 1945/1941/7773 1840/1794/7774 923/1802/7775 1952/1801/7776
f 1945/1941/7777 1952/1801/7778 1848/1811/7779 255/1957/7780
f 255/1957/7781 1848/1811/7782 1953/1810/7783 1847/1809/7784
f 1945/1941/7785 255/1957/7786 978/1819/7787 977/1818/7788
f 255/1957/7789 1847/1809/7790 926/1820/7791 978/1819/7792
f 1945/1941/7793 977/1818/7794 929/1829/7795 1955/1958/7796
f 1955/1958/7797 929/1829/7798 1954/1828/7799 1854/1827/7800
f 1945/1941/7801 1955/1958/7802 979/1837/7803 1956/1836/7804
f 1955/1958/7805 1854/1827/7806 931/1838/7807 979/1837/7808
f 1945/1941/7809 1956/1836/7810 934/1847/7811 1958/1959/7812
f 1958/1959/7813 934/1847/7814 1957/1846/7815 1860/1845/7816
f 1945/1941/7817 1958/1959/7818 980/1960/7819 1959/1942/7820
f 1958/1959/7821 1860/1845/7822 937/1856/7823 980/1960/7824
f 1959/1942/7825 980/1960/7826 1960/1854/7827 256/1678/7828
f 980/1960/7829 937/1856/7830 1864/1855/7831 1960/1854/7832
