# This file uses centimeters as units for non-parametric coordinates.

mtllib mrmoneybagz.mtl
g default
v 0.122967 0.000000 -0.039011
v 0.104602 0.000000 -0.074203
v 0.075998 0.000000 -0.102132
v 0.039955 0.000000 -0.120063
v 0.000000 0.000000 -0.126242
v -0.039955 0.000000 -0.120063
v -0.075998 0.000000 -0.102132
v -0.104602 0.000000 -0.074203
v -0.122967 0.000000 -0.039011
v -0.129295 0.000000 0.000000
v -0.122967 0.000000 0.039011
v -0.104602 0.000000 0.074203
v -0.075998 0.000000 0.102132
v -0.039955 0.000000 0.120063
v -0.000000 0.000000 0.126242
v 0.039954 0.000000 0.120063
v 0.075998 0.000000 0.102132
v 0.104602 0.000000 0.074203
v 0.122967 0.000000 0.039011
v 0.129295 0.000000 0.000000
v 0.242907 0.000000 -0.077061
v 0.206629 0.000000 -0.146579
v 0.150125 0.000000 -0.201748
v 0.078925 0.000000 -0.237169
v 0.000000 0.000000 -0.249375
v -0.078925 0.000000 -0.237169
v -0.150125 0.000000 -0.201748
v -0.206629 0.000000 -0.146579
v -0.242907 0.000000 -0.077061
v -0.255407 0.000000 0.000000
v -0.242907 0.000000 0.077061
v -0.206629 0.000000 0.146579
v -0.150125 0.000000 0.201748
v -0.078925 0.000000 0.237169
v -0.000000 0.000000 0.249375
v 0.078925 0.000000 0.237169
v 0.150125 0.000000 0.201748
v 0.206629 0.000000 0.146579
v 0.242907 0.000000 0.077061
v 0.255407 0.000000 0.000000
v 0.356865 0.000001 -0.113214
v 0.303568 0.000001 -0.215345
v 0.220555 0.000001 -0.296398
v 0.115952 0.000001 -0.348436
v 0.000000 0.000001 -0.366367
v -0.115952 0.000001 -0.348436
v -0.220555 0.000001 -0.296397
v -0.303567 0.000001 -0.215345
v -0.356865 0.000001 -0.113214
v -0.375230 0.000001 0.000000
v -0.356865 0.000001 0.113214
v -0.303567 0.000001 0.215345
v -0.220555 0.000001 0.296397
v -0.115952 0.000001 0.348436
v -0.000000 0.000001 0.366367
v 0.115952 0.000001 0.348436
v 0.220555 0.000001 0.296397
v 0.303567 0.000001 0.215345
v 0.356865 0.000001 0.113214
v 0.375230 0.000001 0.000000
v 0.462036 0.000001 -0.146579
v 0.393032 0.000001 -0.278809
v 0.285554 0.000001 -0.383748
v 0.150125 0.000001 -0.451123
v 0.000000 0.000001 -0.474339
v -0.150125 0.000001 -0.451123
v -0.285554 0.000001 -0.383748
v -0.393031 0.000001 -0.278809
v -0.462036 0.000001 -0.146579
v -0.485813 0.000001 0.000000
v -0.462036 0.000001 0.146579
v -0.393031 0.000001 0.278809
v -0.285554 0.000001 0.383748
v -0.150125 0.000001 0.451123
v -0.000000 0.000001 0.474339
v 0.150125 0.000001 0.451123
v 0.285554 0.000001 0.383748
v 0.393031 0.000001 0.278809
v 0.462036 0.000001 0.146579
v 0.485813 0.000001 0.000000
v 0.555830 0.000002 -0.176335
v 0.472818 0.000002 -0.335408
v 0.343522 0.000002 -0.461650
v 0.180600 0.000002 -0.542702
v 0.000000 0.000002 -0.570631
v -0.180600 0.000002 -0.542702
v -0.343522 0.000002 -0.461650
v -0.472817 0.000002 -0.335408
v -0.555830 0.000002 -0.176334
v -0.584435 0.000002 0.000000
v -0.555830 0.000002 0.176334
v -0.472817 0.000002 0.335408
v -0.343522 0.000002 0.461650
v -0.180600 0.000002 0.542702
v -0.000000 0.000002 0.570630
v 0.180600 0.000002 0.542702
v 0.343522 0.000002 0.461650
v 0.472817 0.000002 0.335408
v 0.555830 0.000002 0.176334
v 0.584434 0.000002 0.000000
v 0.635938 0.113498 -0.201748
v 0.540962 0.113498 -0.383748
v 0.393031 0.113498 -0.528184
v 0.206629 0.113498 -0.620918
v 0.000000 0.113498 -0.652871
v -0.206629 0.113498 -0.620917
v -0.393031 0.113498 -0.528184
v -0.540961 0.113498 -0.383748
v -0.635938 0.113498 -0.201748
v -0.668665 0.113498 0.000000
v -0.635938 0.113498 0.201748
v -0.540961 0.113498 0.383748
v -0.393031 0.113498 0.528184
v -0.206629 0.113498 0.620917
v -0.000000 0.113498 0.652871
v 0.206629 0.113498 0.620917
v 0.393031 0.113498 0.528184
v 0.540961 0.113498 0.383748
v 0.635938 0.113498 0.201748
v 0.668665 0.113498 0.000000
v 0.700387 0.220494 -0.222194
v 0.595785 0.220494 -0.422639
v 0.432863 0.220494 -0.581713
v 0.227570 0.220494 -0.683844
v 0.000000 0.220494 -0.719036
v -0.227570 0.220494 -0.683844
v -0.432863 0.220494 -0.581713
v -0.594634 0.218156 -0.424676
v -0.699343 0.216917 -0.224119
v -0.736872 0.220102 0.000715
v -0.700387 0.220494 0.222194
v -0.596396 0.219625 0.425415
v -0.433475 0.219625 0.584489
v -0.227569 0.220494 0.683844
v -0.000000 0.220494 0.719036
v 0.227569 0.220494 0.683844
v 0.432863 0.220494 0.581712
v 0.595785 0.220494 0.422639
v 0.700387 0.220494 0.222194
v 0.736430 0.220494 0.000000
v 0.747590 0.336429 -0.237169
v 0.635938 0.336429 -0.451123
v 0.462036 0.336429 -0.620918
v 0.242907 0.336429 -0.729932
v 0.000000 0.336429 -0.767496
v -0.242907 0.336429 -0.729932
v -0.460398 0.333102 -0.623817
v -0.623569 0.307891 -0.473196
v -0.740808 0.300971 -0.250305
v -0.789190 0.321621 0.004432
v -0.750218 0.333305 0.245759
v -0.644991 0.323567 0.492211
v -0.471089 0.323567 0.662006
v -0.244222 0.334561 0.735902
v -0.000000 0.336429 0.767496
v 0.242907 0.336429 0.729932
v 0.462036 0.336429 0.620917
v 0.635938 0.336429 0.451123
v 0.747590 0.336429 0.237169
v 0.786063 0.336429 0.000000
v 0.776385 0.458450 -0.246304
v 0.660433 0.458450 -0.468499
v 0.479833 0.458450 -0.644834
v 0.252263 0.458450 -0.758047
v 0.000000 0.458450 -0.799139
v -0.252263 0.458450 -0.760128
v -0.472354 0.443255 -0.658073
v -0.635312 0.392617 -0.513740
v -0.763342 0.381301 -0.272035
v -0.823487 0.422750 0.010034
v -0.787871 0.444832 0.283647
v -0.681574 0.428412 0.564456
v -0.500974 0.428412 0.740790
v -0.258168 0.450060 0.784847
v -0.000000 0.458450 0.797058
v 0.252263 0.458450 0.758047
v 0.479832 0.458450 0.644833
v 0.660432 0.458450 0.468499
v 0.776385 0.458450 0.246304
v 0.816339 0.458450 0.000000
v 0.786063 0.583551 -0.249375
v 0.668665 0.583551 -0.474339
v 0.486903 0.583968 -0.652634
v 0.256844 0.584101 -0.771490
v 0.000000 0.583551 -0.837081
v -0.255407 0.583551 -0.797579
v -0.475828 0.563264 -0.674914
v -0.637869 0.500073 -0.529945
v -0.770075 0.486934 -0.281020
v -0.837467 0.540700 0.013435
v -0.804087 0.565929 0.303322
v -0.695435 0.545515 0.595842
v -0.512584 0.545515 0.774375
v -0.263881 0.571231 0.806133
v -0.000278 0.582259 0.808814
v 0.255407 0.583551 0.767496
v 0.485813 0.583551 0.652871
v 0.668665 0.583551 0.474339
v 0.787143 0.582795 0.250384
v 0.827595 0.582795 0.001010
v 0.779581 0.706416 -0.243318
v 0.663314 0.709755 -0.467871
v 0.495786 0.714763 -0.641356
v 0.268957 0.715047 -0.775335
v 0.001915 0.709385 -0.866820
v -0.252263 0.708651 -0.828226
v -0.470996 0.690698 -0.681582
v -0.629723 0.625097 -0.523965
v -0.764765 0.618045 -0.277950
v -0.847811 0.694144 0.013714
v -0.814464 0.719622 0.298135
v -0.691570 0.676626 0.590003
v -0.506652 0.670386 0.766660
v -0.264103 0.681638 0.818159
v -0.004040 0.689856 0.823556
v 0.251552 0.705345 0.762709
v 0.479832 0.708651 0.644833
v 0.663628 0.706416 0.471486
v 0.792369 0.697471 0.261246
v 0.832324 0.697471 0.014942
v 0.761356 0.821044 -0.224302
v 0.649045 0.835693 -0.448266
v 0.499356 0.844968 -0.612782
v 0.280502 0.845074 -0.753257
v 0.009809 0.834429 -0.854236
v -0.242907 0.830672 -0.818810
v -0.456617 0.819662 -0.662369
v -0.611620 0.765326 -0.495003
v -0.755394 0.787149 -0.259114
v -0.846071 0.876323 0.013314
v -0.806544 0.892601 0.259087
v -0.674283 0.828593 0.540128
v -0.485514 0.789734 0.732218
v -0.258085 0.780594 0.816651
v -0.009435 0.786773 0.829384
v 0.239658 0.815555 0.751243
v 0.462036 0.830672 0.620917
v 0.649645 0.821085 0.463936
v 0.785077 0.804453 0.272211
v 0.823550 0.804453 0.035041
v 0.720904 0.932257 -0.203016
v 0.615728 0.954247 -0.418291
v 0.480176 0.964732 -0.571398
v 0.274882 0.964732 -0.710137
v 0.017123 0.953167 -0.804181
v -0.227570 0.946607 -0.772722
v -0.432067 0.944991 -0.620054
v -0.585135 0.920701 -0.441714
v -0.726492 0.965323 -0.226458
v -0.805244 1.032476 0.006119
v -0.765809 1.035739 0.222839
v -0.630169 0.975510 0.452523
v -0.447108 0.909502 0.656913
v -0.241115 0.888727 0.769478
v -0.011954 0.890989 0.797446
v 0.222646 0.923699 0.716140
v 0.432863 0.952667 0.581712
v 0.616111 0.938073 0.441639
v 0.747959 0.913335 0.266663
v 0.784003 0.913335 0.044469
v 0.660185 1.036645 -0.179084
v 0.564957 1.063139 -0.378298
v 0.440344 1.072460 -0.517870
v 0.253941 1.071728 -0.639968
v 0.021485 1.061834 -0.718298
v -0.206629 1.053603 -0.691028
v -0.393031 1.053603 -0.558000
v -0.540446 1.052501 -0.384809
v -0.669117 1.099178 -0.201687
v -0.733689 1.143088 0.000000
v -0.700962 1.143088 0.201748
v -0.573918 1.098849 0.383924
v -0.399579 1.025072 0.569923
v -0.218582 0.997985 0.699327
v -0.011954 0.997985 0.731281
v 0.200986 1.074351 0.657931
v 0.393031 1.152126 0.528184
v 0.563795 1.135143 0.405092
v 0.683510 1.064087 0.246217
v 0.716237 1.020330 0.044469
v 0.575001 1.143422 -0.158496
v 0.491815 1.168976 -0.331048
v 0.379303 1.175887 -0.453850
v 0.214902 1.170424 -0.544177
v 0.018961 1.156883 -0.596197
v -0.180600 1.149025 -0.572518
v -0.343522 1.149025 -0.471990
v -0.472999 1.149274 -0.335408
v -0.582663 1.185952 -0.176334
v -0.635429 1.219202 0.000000
v -0.606850 1.219237 0.176334
v -0.499309 1.185483 0.335408
v -0.348538 1.126389 0.493788
v -0.190019 1.105202 0.604482
v -0.008922 1.124220 0.629154
v 0.179233 1.291306 0.551667
v 0.343522 1.383069 0.461650
v 0.475177 1.380906 0.337614
v 0.578087 1.280135 0.197139
v 0.619451 1.143631 0.032732
v 0.467405 1.251195 -0.141561
v 0.398256 1.264158 -0.277671
v 0.297524 1.266805 -0.381139
v 0.160057 1.258301 -0.448958
v 0.004938 1.239640 -0.474696
v -0.150125 1.225106 -0.453444
v -0.285554 1.221663 -0.383748
v -0.393025 1.221072 -0.278736
v -0.472659 1.236685 -0.146447
v -0.507490 1.256375 0.000040
v -0.483193 1.259350 0.146579
v -0.402584 1.243669 0.278809
v -0.287440 1.221745 0.396122
v -0.154112 1.211970 0.477278
v -0.002205 1.280591 0.488800
v 0.148660 1.442899 0.452947
v 0.283976 1.530925 0.385714
v 0.391603 1.530681 0.280588
v 0.461243 1.444564 0.148232
v 0.493104 1.296222 0.006815
v 0.354722 1.359569 -0.110544
v 0.303128 1.337379 -0.214798
v 0.220088 1.337529 -0.295740
v 0.115418 1.327386 -0.347130
v -0.000425 1.303707 -0.363575
v -0.116177 1.284280 -0.343852
v -0.220574 1.274661 -0.290465
v -0.303440 1.274255 -0.208805
v -0.356866 1.277014 -0.106249
v -0.376543 1.286560 0.006185
v -0.358125 1.294596 0.117705
v -0.303809 1.295507 0.217981
v -0.220961 1.297170 0.298493
v -0.117967 1.323586 0.353205
v -0.007651 1.433035 0.378055
v 0.105844 1.556701 0.361834
v 0.211869 1.608199 0.307312
v 0.295139 1.607646 0.225844
v 0.347421 1.558174 0.124978
v 0.367865 1.451201 0.009219
v 0.228262 1.457244 -0.052789
v 0.196534 1.407614 -0.129372
v 0.140081 1.400692 -0.182729
v 0.069002 1.393776 -0.214801
v -0.009676 1.377358 -0.223588
v -0.088267 1.359824 -0.208651
v -0.159138 1.348357 -0.171834
v -0.215387 1.343066 -0.116492
v -0.251486 1.345111 -0.047110
v -0.264065 1.352286 0.028351
v -0.251885 1.353971 0.102785
v -0.216087 1.355193 0.169255
v -0.159888 1.364377 0.224519
v -0.092763 1.417634 0.265438
v -0.020827 1.509145 0.284635
v 0.056451 1.588231 0.271285
v 0.128712 1.618596 0.232830
v 0.185353 1.617191 0.177087
v 0.220890 1.592816 0.109179
v 0.234620 1.530351 0.032329
v 0.098855 1.475799 0.010040
v 0.080380 1.452186 -0.025096
v 0.051746 1.436374 -0.053073
v 0.015798 1.431567 -0.069203
v -0.023978 1.426258 -0.073138
v -0.063762 1.419792 -0.065505
v -0.099666 1.413766 -0.047160
v -0.128167 1.409081 -0.019360
v -0.146518 1.406259 0.015243
v -0.152952 1.405248 0.052784
v -0.146852 1.405447 0.089727
v -0.128608 1.410174 0.124669
v -0.100153 1.425860 0.153011
v -0.064037 1.452800 0.170921
v -0.027907 1.491163 0.180873
v 0.009283 1.522325 0.176865
v 0.044459 1.535859 0.159388
v 0.073063 1.536391 0.131459
v 0.092235 1.529661 0.095611
v 0.101114 1.506843 0.054096
v 0.000000 -0.000000 0.000000
v -0.030903 1.446911 0.063985
vt 0.474363 0.320281
vt 0.479561 0.314170
vt 0.495368 0.329605
vt 0.485048 0.341254
vt 0.483171 0.306602
vt 0.502743 0.315000
vt 0.484797 0.298271
vt 0.506331 0.298663
vt 0.484208 0.289983
vt 0.505545 0.282093
vt 0.481451 0.282495
vt 0.500272 0.266804
vt 0.476720 0.276714
vt 0.490747 0.254825
vt 0.470493 0.273302
vt 0.477929 0.247788
vt 0.463447 0.272651
vt 0.463398 0.246656
vt 0.456365 0.274804
vt 0.449010 0.251370
vt 0.449970 0.279571
vt 0.436349 0.261292
vt 0.444915 0.286266
vt 0.426666 0.274818
vt 0.441650 0.294180
vt 0.420671 0.290455
vt 0.440429 0.302532
vt 0.418685 0.306692
vt 0.441310 0.310539
vt 0.420700 0.322102
vt 0.444233 0.317408
vt 0.426544 0.335278
vt 0.448849 0.322597
vt 0.435542 0.345232
vt 0.454730 0.325642
vt 0.446922 0.351120
vt 0.461345 0.326267
vt 0.459708 0.352432
vt 0.468096 0.324401
vt 0.472794 0.349019
vt 0.509874 0.345062
vt 0.494714 0.361586
vt 0.520964 0.324199
vt 0.526724 0.300540
vt 0.526142 0.276053
vt 0.518773 0.252897
vt 0.504541 0.234355
vt 0.484808 0.223456
vt 0.462372 0.222125
vt 0.440617 0.229797
vt 0.422120 0.245068
vt 0.408473 0.265255
vt 0.400364 0.288121
vt 0.398017 0.311537
vt 0.401336 0.333584
vt 0.409937 0.352457
vt 0.422994 0.366723
vt 0.439458 0.375218
vt 0.457951 0.377233
vt 0.476901 0.372562
vt 0.522901 0.359914
vt 0.503335 0.380594
vt 0.537484 0.333700
vt 0.545477 0.303645
vt 0.545385 0.271986
vt 0.536510 0.241226
vt 0.517825 0.215909
vt 0.490945 0.200886
vt 0.460290 0.199782
vt 0.431372 0.210639
vt 0.407777 0.231215
vt 0.390976 0.257572
vt 0.381343 0.286937
vt 0.378910 0.316689
vt 0.383629 0.344494
vt 0.394686 0.368416
vt 0.411436 0.386521
vt 0.432531 0.397358
vt 0.456213 0.400045
vt 0.480507 0.394404
vt 0.534282 0.373573
vt 0.510867 0.397662
vt 0.551988 0.342955
vt 0.562155 0.307514
vt 0.562676 0.269748
vt 0.552988 0.232014
vt 0.530254 0.199990
vt 0.496186 0.180586
vt 0.457227 0.180265
vt 0.421703 0.194244
vt 0.393967 0.219844
vt 0.374843 0.251593
vt 0.364199 0.286578
vt 0.361811 0.321789
vt 0.367965 0.354391
vt 0.381065 0.382672
vt 0.401133 0.404130
vt 0.426342 0.417025
vt 0.454601 0.420298
vt 0.483660 0.413971
vt 0.549867 0.393737
vt 0.521074 0.422063
vt 0.572067 0.357581
vt 0.585682 0.315215
vt 0.588471 0.268832
vt 0.577770 0.221200
vt 0.549316 0.178669
vt 0.503213 0.151500
vt 0.449796 0.154098
vt 0.405674 0.173448
vt 0.372813 0.205504
vt 0.351188 0.244549
vt 0.339589 0.287185
vt 0.337245 0.329861
vt 0.344995 0.369257
vt 0.361621 0.403359
vt 0.386501 0.429366
vt 0.417595 0.445018
vt 0.452308 0.448895
vt 0.487777 0.441150
vt 0.563018 0.412134
vt 0.529728 0.443694
vt 0.589057 0.371857
vt 0.605824 0.324344
vt 0.611392 0.271199
vt 0.601319 0.215054
vt 0.568628 0.162064
vt 0.508550 0.127125
vt 0.440529 0.130979
vt 0.388173 0.157259
vt 0.352355 0.194775
vt 0.329520 0.240231
vt 0.317913 0.289083
vt 0.315695 0.337859
vt 0.324961 0.382700
vt 0.344528 0.421674
vt 0.373625 0.451615
vt 0.409889 0.469695
vt 0.450257 0.474006
vt 0.491297 0.465091
vt 0.575531 0.430773
vt 0.538068 0.465036
vt 0.605218 0.387190
vt 0.624908 0.335830
vt 0.634373 0.276901
vt 0.625892 0.215602
vt 0.592652 0.151762
vt 0.519275 0.105713
vt 0.432183 0.112950
vt 0.368842 0.144459
vt 0.329354 0.187949
vt 0.305100 0.242938
vt 0.294856 0.295486
vt 0.294594 0.346875
vt 0.305129 0.396249
vt 0.327644 0.439675
vt 0.360901 0.473454
vt 0.402308 0.493999
vt 0.448340 0.498587
vt 0.494783 0.488361
vt 0.587506 0.449577
vt 0.546255 0.486042
vt 0.620588 0.403462
vt 0.643799 0.349120
vt 0.655872 0.287595
vt 0.653143 0.221444
vt 0.625369 0.153806
vt 0.532241 0.086787
vt 0.421913 0.097610
vt 0.347674 0.135060
vt 0.303659 0.187202
vt 0.280353 0.249958
vt 0.272153 0.303359
vt 0.273358 0.355807
vt 0.285229 0.409678
vt 0.310872 0.457194
vt 0.348225 0.494788
vt 0.394801 0.517954
vt 0.446711 0.522602
vt 0.498422 0.510799
vt 0.599071 0.468464
vt 0.554492 0.506684
vt 0.635091 0.420920
vt 0.661989 0.364761
vt 0.677884 0.302059
vt 0.682445 0.236008
vt 0.665795 0.165592
vt 0.481123 0.049623
vt 0.399192 0.081315
vt 0.321728 0.127288
vt 0.277831 0.187181
vt 0.257605 0.254829
vt 0.251564 0.309753
vt 0.252210 0.364378
vt 0.265863 0.422147
vt 0.294027 0.473950
vt 0.335433 0.515461
vt 0.387706 0.540447
vt 0.445203 0.546029
vt 0.502214 0.533208
vt 0.610174 0.487874
vt 0.562221 0.526910
vt 0.647763 0.442586
vt 0.678621 0.385700
vt 0.699400 0.319457
vt 0.710019 0.257066
vt 0.708503 0.187493
vt 0.420870 0.020558
vt 0.359411 0.065211
vt 0.284975 0.121937
vt 0.247167 0.187551
vt 0.233905 0.257458
vt 0.230072 0.315048
vt 0.233499 0.371357
vt 0.248862 0.430290
vt 0.277167 0.488505
vt 0.322370 0.535406
vt 0.380346 0.563272
vt 0.442383 0.567444
vt 0.503377 0.554059
vt 0.620459 0.508440
vt 0.568176 0.546911
vt 0.658817 0.466294
vt 0.693447 0.409737
vt 0.718602 0.340749
vt 0.734253 0.280677
vt 0.748881 0.216383
vt 0.349948 0.000000
vt 0.297906 0.059196
vt 0.238697 0.125416
vt 0.212867 0.185290
vt 0.206322 0.257266
vt 0.208457 0.320661
vt 0.217351 0.377819
vt 0.232804 0.436534
vt 0.260665 0.498283
vt 0.308465 0.554586
vt 0.373184 0.584643
vt 0.439275 0.587143
vt 0.503242 0.573435
vt 0.630698 0.527184
vt 0.576035 0.566119
vt 0.670181 0.487789
vt 0.707315 0.432384
vt 0.736288 0.365180
vt 0.757975 0.306469
vt 0.783900 0.254623
vt 0.263688 0.002139
vt 0.229940 0.069993
vt 0.197649 0.133591
vt 0.181770 0.188416
vt 0.176251 0.256028
vt 0.184168 0.325582
vt 0.197505 0.385005
vt 0.215269 0.443519
vt 0.242524 0.507681
vt 0.292634 0.571672
vt 0.365545 0.607383
vt 0.438866 0.607477
vt 0.507292 0.593480
vt 0.642325 0.545586
vt 0.586761 0.584147
vt 0.681708 0.507015
vt 0.720414 0.455653
vt 0.752990 0.393862
vt 0.780561 0.338388
vt 0.812810 0.296275
vt 0.187455 0.025715
vt 0.177307 0.088521
vt 0.164493 0.145016
vt 0.154408 0.197690
vt 0.148082 0.259654
vt 0.158691 0.330842
vt 0.175901 0.391629
vt 0.195094 0.450194
vt 0.214816 0.516590
vt 0.256851 0.587053
vt 0.352376 0.649147
vt 0.445443 0.635875
vt 0.517238 0.613225
vt 0.658093 0.562837
vt 0.605653 0.600455
vt 0.696135 0.525194
vt 0.734418 0.480809
vt 0.769209 0.428158
vt 0.802123 0.379246
vt 0.835412 0.345722
vt 0.127465 0.057044
vt 0.134745 0.110290
vt 0.132836 0.160997
vt 0.127718 0.211204
vt 0.124582 0.269736
vt 0.135278 0.337290
vt 0.151640 0.396627
vt 0.167312 0.454550
vt 0.164028 0.519859
vt 0.169291 0.577302
vt 0.508735 0.721980
vt 0.510007 0.674710
vt 0.543952 0.633301
vt 0.679314 0.578028
vt 0.636336 0.612953
vt 0.715245 0.542161
vt 0.750674 0.503335
vt 0.783417 0.462101
vt 0.814865 0.424116
vt 0.846778 0.397414
vt 0.080057 0.099382
vt 0.094679 0.138164
vt 0.098341 0.182663
vt 0.099451 0.231184
vt 0.101213 0.284618
vt 0.108572 0.342100
vt 0.120993 0.397578
vt 0.125980 0.452688
vt 0.115858 0.511268
vt 0.107156 0.558041
vt 0.597600 0.740103
vt 0.591105 0.696640
vt 0.598122 0.650037
vt 0.702086 0.592382
vt 0.673266 0.625960
vt 0.732919 0.560314
vt 0.762348 0.528059
vt 0.791437 0.496368
vt 0.820553 0.469318
vt 0.850158 0.451544
vt 0.039923 0.149310
vt 0.057089 0.178491
vt 0.066046 0.215348
vt 0.071806 0.256799
vt 0.077297 0.301017
vt 0.081828 0.346945
vt 0.086322 0.394704
vt 0.083760 0.447842
vt 0.073892 0.496346
vt 0.065195 0.531874
vt 0.660757 0.737210
vt 0.652364 0.705926
vt 0.655270 0.665761
vt 0.731163 0.609491
vt 0.714654 0.640314
vt 0.752650 0.585275
vt 0.775469 0.563142
vt 0.799114 0.542760
vt 0.822418 0.526093
vt 0.845148 0.517352
vt 0.011557 0.218567
vt 0.027932 0.236070
vt 0.039156 0.260692
vt 0.047459 0.288872
vt 0.053394 0.320210
vt 0.057520 0.354928
vt 0.057459 0.394872
vt 0.053348 0.438147
vt 0.046376 0.473106
vt 0.037040 0.497545
vt 0.712334 0.721187
vt 0.703222 0.701756
vt 0.705044 0.673658
vt 0.768452 0.627433
vt 0.759999 0.643694
vt 0.779490 0.612556
vt 0.791905 0.600406
vt 0.805248 0.590763
vt 0.818650 0.584157
vt 0.831234 0.581647
vt 0.000499 0.295071
vt 0.010687 0.300760
vt 0.018991 0.311260
vt 0.025288 0.325456
vt 0.029701 0.343346
vt 0.031543 0.364028
vt 0.030727 0.386330
vt 0.028243 0.409286
vt 0.023301 0.428201
vt 0.015550 0.439786
vt 0.764455 0.685118
vt 0.757584 0.676163
vt 0.756323 0.661578
vt 0.462719 0.299295
vt 0.810073 0.635727
vt 0.005437 0.444912
vt 0.000000 0.366625
vt 0.842064 0.584216
vt 0.022447 0.514741
vt 0.866094 0.519591
vt 0.054323 0.564024
vt 0.880103 0.448065
vt 0.106223 0.602653
vt 0.883762 0.383795
vt 0.190864 0.632204
vt 0.877187 0.323210
vt 0.857512 0.263146
vt 0.815595 0.201821
vt 0.749081 0.150284
vt 0.678312 0.116776
vt 0.606186 0.097450
vn 0.000001 -1.000000 -0.000000
vn 0.000001 -1.000000 -0.000001
vn 0.000004 -1.000000 -0.000003
vn 0.000004 -1.000000 -0.000001
vn 0.000001 -1.000000 -0.000001
vn 0.000003 -1.000000 -0.000004
vn 0.000000 -1.000000 -0.000001
vn 0.000001 -1.000000 -0.000004
vn -0.000000 -1.000000 -0.000001
vn -0.000000 -1.000000 -0.000004
vn -0.000000 -1.000000 -0.000001
vn -0.000001 -1.000000 -0.000004
vn -0.000001 -1.000000 -0.000001
vn -0.000003 -1.000000 -0.000004
vn -0.000001 -1.000000 -0.000001
vn -0.000004 -1.000000 -0.000003
vn -0.000001 -1.000000 -0.000000
vn -0.000004 -1.000000 -0.000001
vn -0.000001 -1.000000 0.000000
vn -0.000004 -1.000000 0.000000
vn -0.000001 -1.000000 0.000000
vn -0.000004 -1.000000 0.000001
vn -0.000001 -1.000000 0.000000
vn -0.000004 -1.000000 0.000003
vn -0.000001 -1.000000 0.000001
vn -0.000003 -1.000000 0.000004
vn -0.000000 -1.000000 0.000001
vn -0.000001 -1.000000 0.000005
vn 0.000000 -1.000000 0.000001
vn 0.000000 -1.000000 0.000005
vn 0.000000 -1.000000 0.000001
vn 0.000001 -1.000000 0.000004
vn 0.000001 -1.000000 0.000001
vn 0.000003 -1.000000 0.000004
vn 0.000001 -1.000000 0.000001
vn 0.000004 -1.000000 0.000003
vn 0.000001 -1.000000 0.000000
vn 0.000004 -1.000000 0.000001
vn 0.000001 -1.000000 0.000000
vn 0.000004 -1.000000 0.000000
vn 0.000004 -1.000000 -0.000003
vn 0.000005 -1.000000 -0.000002
vn 0.000003 -1.000000 -0.000005
vn 0.000002 -1.000000 -0.000005
vn -0.000000 -1.000000 -0.000005
vn -0.000002 -1.000000 -0.000005
vn -0.000003 -1.000000 -0.000004
vn -0.000004 -1.000000 -0.000003
vn -0.000005 -1.000000 -0.000002
vn -0.000005 -1.000000 0.000000
vn -0.000005 -1.000000 0.000002
vn -0.000004 -1.000000 0.000003
vn -0.000003 -1.000000 0.000004
vn -0.000002 -1.000000 0.000005
vn 0.000000 -1.000000 0.000006
vn 0.000002 -1.000000 0.000005
vn 0.000003 -1.000000 0.000004
vn 0.000004 -1.000000 0.000003
vn 0.000005 -1.000000 0.000002
vn 0.000005 -1.000000 -0.000000
vn 0.000005 -1.000000 -0.000004
vn 0.000006 -1.000000 -0.000002
vn 0.000004 -1.000000 -0.000005
vn 0.000002 -1.000000 -0.000006
vn -0.000000 -1.000000 -0.000007
vn -0.000002 -1.000000 -0.000006
vn -0.000004 -1.000000 -0.000005
vn -0.000005 -1.000000 -0.000004
vn -0.000006 -1.000000 -0.000002
vn -0.000007 -1.000000 0.000000
vn -0.000006 -1.000000 0.000002
vn -0.000005 -1.000000 0.000004
vn -0.000004 -1.000000 0.000006
vn -0.000002 -1.000000 0.000006
vn 0.000000 -1.000000 0.000007
vn 0.000002 -1.000000 0.000007
vn 0.000004 -1.000000 0.000006
vn 0.000005 -1.000000 0.000004
vn 0.000006 -1.000000 0.000002
vn 0.000007 -1.000000 -0.000000
vn 0.474685 -0.805764 -0.354144
vn 0.559950 -0.807188 -0.186827
vn 0.343432 -0.804021 -0.485391
vn 0.179948 -0.802624 -0.568695
vn -0.000000 -0.802093 -0.597200
vn -0.179948 -0.802624 -0.568695
vn -0.343433 -0.804021 -0.485390
vn -0.474685 -0.805764 -0.354144
vn -0.559950 -0.807188 -0.186827
vn -0.589547 -0.807734 0.000000
vn -0.559950 -0.807188 0.186827
vn -0.474685 -0.805764 0.354144
vn -0.343433 -0.804021 0.485391
vn -0.179948 -0.802623 0.568695
vn -0.000000 -0.802093 0.597200
vn 0.179948 -0.802623 0.568696
vn 0.343433 -0.804021 0.485391
vn 0.474685 -0.805764 0.354144
vn 0.559950 -0.807188 0.186827
vn 0.589546 -0.807735 0.000001
vn 0.664210 -0.560870 -0.494217
vn 0.784072 -0.563170 -0.260904
vn 0.480132 -0.558065 -0.676784
vn 0.251395 -0.555826 -0.792375
vn -0.000000 -0.554977 -0.831866
vn -0.251395 -0.555826 -0.792375
vn -0.478191 -0.559612 -0.676881
vn -0.661063 -0.565385 -0.493290
vn -0.781589 -0.567658 -0.258618
vn -0.824229 -0.566255 0.000993
vn -0.782859 -0.565366 0.259794
vn -0.662147 -0.567007 0.489964
vn -0.476276 -0.564948 0.673791
vn -0.249140 -0.558131 0.791467
vn -0.000000 -0.554977 0.831866
vn 0.251395 -0.555825 0.792376
vn 0.480133 -0.558064 0.676784
vn 0.664210 -0.560869 0.494216
vn 0.784072 -0.563170 0.260905
vn 0.825737 -0.564056 0.000001
vn 0.713723 -0.456757 -0.531010
vn 0.843051 -0.458893 -0.280505
vn 0.515530 -0.454158 -0.726616
vn 0.269765 -0.452086 -0.850203
vn -0.000000 -0.451302 -0.892371
vn -0.266914 -0.455134 -0.849476
vn -0.492423 -0.478929 -0.726737
vn -0.684449 -0.511336 -0.519677
vn -0.818580 -0.510513 -0.263256
vn -0.868494 -0.495617 0.009012
vn -0.822377 -0.505236 0.261596
vn -0.684262 -0.554801 0.473266
vn -0.459825 -0.569987 0.680937
vn -0.232731 -0.502192 0.832850
vn 0.003894 -0.457160 0.889376
vn 0.269766 -0.452086 0.850203
vn 0.515530 -0.454157 0.726616
vn 0.713723 -0.456757 0.531010
vn 0.843050 -0.458893 0.280506
vn 0.888066 -0.459717 0.000001
vn 0.762399 -0.311580 -0.567156
vn 0.901114 -0.313244 -0.299787
vn 0.550269 -0.309558 -0.775486
vn 0.288566 -0.309883 -0.905926
vn 0.001080 -0.313270 -0.949663
vn -0.274403 -0.326319 -0.904555
vn -0.491185 -0.370924 -0.788133
vn -0.706802 -0.417135 -0.571340
vn -0.870133 -0.403719 -0.282631
vn -0.921151 -0.389028 0.011800
vn -0.865423 -0.434750 0.249069
vn -0.707790 -0.544027 0.450630
vn -0.410224 -0.581100 0.702879
vn -0.168569 -0.448701 0.877640
vn 0.022535 -0.334285 0.942203
vn 0.287770 -0.307950 0.906838
vn 0.550269 -0.309558 0.775485
vn 0.762399 -0.311580 0.567156
vn 0.901114 -0.313244 0.299788
vn 0.949461 -0.313886 0.000001
vn 0.792389 -0.158522 -0.589060
vn 0.936510 -0.159844 -0.312089
vn 0.572386 -0.161743 -0.803874
vn 0.312277 -0.193525 -0.930071
vn 0.015275 -0.247538 -0.968758
vn -0.283195 -0.256583 -0.924103
vn -0.508287 -0.232189 -0.829296
vn -0.754551 -0.224674 -0.616583
vn -0.925082 -0.203272 -0.320787
vn -0.977234 -0.211629 -0.015081
vn -0.929651 -0.275873 0.244219
vn -0.782793 -0.381148 0.491895
vn -0.408874 -0.416445 0.812032
vn -0.100476 -0.301264 0.948232
vn 0.051870 -0.191709 0.980080
vn 0.299738 -0.157921 0.940861
vn 0.571559 -0.156850 0.805431
vn 0.791544 -0.159511 0.589928
vn 0.935969 -0.163168 0.311990
vn 0.986639 -0.162919 -0.001139
vn 0.804552 -0.014525 -0.593704
vn 0.946239 -0.019136 -0.322901
vn 0.586650 -0.039027 -0.808900
vn 0.355476 -0.114787 -0.927610
vn 0.052814 -0.216713 -0.974806
vn -0.315567 -0.209095 -0.925579
vn -0.568760 -0.099881 -0.816417
vn -0.794450 -0.028657 -0.606653
vn -0.937933 -0.033708 -0.345175
vn -0.996096 -0.072746 -0.050004
vn -0.964137 -0.090870 0.249362
vn -0.840729 -0.096705 0.532750
vn -0.446747 -0.116221 0.887079
vn -0.082793 -0.124205 0.988796
vn 0.081739 -0.094642 0.992150
vn 0.318233 -0.034206 0.947395
vn 0.578448 -0.008236 0.815678
vn 0.793699 -0.030602 0.607541
vn 0.944573 -0.065342 0.321732
vn 0.998526 -0.052186 -0.014904
vn 0.808501 0.111729 -0.577792
vn 0.937561 0.108640 -0.330420
vn 0.609859 0.078680 -0.788595
vn 0.405874 0.022398 -0.913655
vn 0.090926 -0.042838 -0.994936
vn -0.356748 -0.022764 -0.933923
vn -0.636423 0.073086 -0.767870
vn -0.807791 0.111899 -0.578751
vn -0.923983 0.060499 -0.377617
vn -0.996518 0.005827 -0.083172
vn -0.958763 0.054097 0.279012
vn -0.822866 0.137255 0.551410
vn -0.487762 0.144961 0.860857
vn -0.126503 0.009118 0.991924
vn 0.108461 -0.034745 0.993493
vn 0.354153 0.069986 0.932565
vn 0.572289 0.125196 0.810439
vn 0.769538 0.076152 0.634044
vn 0.938569 0.008875 0.344977
vn 0.998591 0.043930 -0.029755
vn 0.804120 0.261244 -0.533988
vn 0.911902 0.266805 -0.311848
vn 0.621596 0.239679 -0.745770
vn 0.423353 0.229438 -0.876431
vn 0.109762 0.234305 -0.965947
vn -0.367293 0.254443 -0.894625
vn -0.660022 0.269703 -0.701164
vn -0.793297 0.233500 -0.562279
vn -0.890176 0.161289 -0.426114
vn -0.982788 0.145230 -0.114177
vn -0.916647 0.241863 0.318214
vn -0.739237 0.366222 0.565164
vn -0.481310 0.403278 0.778272
vn -0.194354 0.274002 0.941886
vn 0.104523 0.177244 0.978601
vn 0.371788 0.233911 0.898365
vn 0.549906 0.272923 0.789377
vn 0.724989 0.233622 0.647929
vn 0.912132 0.191290 0.362523
vn 0.973948 0.224703 -0.030558
vn 0.768863 0.432477 -0.470971
vn 0.856087 0.438797 -0.273079
vn 0.591236 0.431532 -0.681337
vn 0.387791 0.451284 -0.803717
vn 0.092540 0.485781 -0.869168
vn -0.334630 0.491315 -0.804134
vn -0.625090 0.446023 -0.640566
vn -0.741442 0.369731 -0.559967
vn -0.821717 0.326561 -0.467053
vn -0.919176 0.367542 -0.141521
vn -0.820911 0.450749 0.350614
vn -0.613689 0.533723 0.581829
vn -0.438215 0.573307 0.692306
vn -0.234183 0.508083 0.828861
vn 0.072402 0.414066 0.907363
vn 0.351896 0.368488 0.860457
vn 0.524645 0.335058 0.782613
vn 0.693062 0.332224 0.639760
vn 0.864847 0.370387 0.338899
vn 0.906651 0.420615 -0.032678
vn 0.709674 0.577528 -0.403514
vn 0.788596 0.570495 -0.229460
vn 0.522970 0.597108 -0.608247
vn 0.310734 0.643149 -0.699860
vn 0.054618 0.688156 -0.723505
vn -0.273317 0.684983 -0.675348
vn -0.530727 0.624600 -0.572890
vn -0.631525 0.553977 -0.542481
vn -0.687014 0.557919 -0.465552
vn -0.761172 0.633004 -0.141152
vn -0.672306 0.654771 0.345368
vn -0.505370 0.634523 0.584791
vn -0.404409 0.638459 0.654846
vn -0.252091 0.618508 0.744243
vn 0.008681 0.533389 0.845825
vn 0.259008 0.428542 0.865602
vn 0.493886 0.358909 0.791998
vn 0.714151 0.378800 0.588641
vn 0.861106 0.443183 0.249168
vn 0.849601 0.522861 -0.069240
vn 0.633250 0.689120 -0.352289
vn 0.728168 0.647956 -0.223439
vn 0.437390 0.712860 -0.548197
vn 0.220739 0.749534 -0.624078
vn 0.006942 0.791956 -0.610538
vn -0.222068 0.797022 -0.561642
vn -0.417194 0.761910 -0.495421
vn -0.484141 0.738614 -0.469103
vn -0.477756 0.787726 -0.388893
vn -0.492047 0.862944 -0.114965
vn -0.445758 0.856067 0.261627
vn -0.368850 0.777645 0.509135
vn -0.340557 0.724814 0.598887
vn -0.262859 0.696475 0.667704
vn -0.126346 0.604644 0.786411
vn 0.069836 0.502270 0.861886
vn 0.431484 0.458128 0.777136
vn 0.731702 0.487366 0.476537
vn 0.855009 0.514914 0.061827
vn 0.807192 0.565837 -0.168136
vn 0.535331 0.775252 -0.335270
vn 0.661711 0.693327 -0.285369
vn 0.340905 0.801112 -0.491939
vn 0.124576 0.809917 -0.573163
vn -0.062085 0.833501 -0.549018
vn -0.203144 0.853798 -0.479335
vn -0.319397 0.856427 -0.405608
vn -0.356196 0.866585 -0.349507
vn -0.312800 0.910681 -0.269844
vn -0.280888 0.955229 -0.092945
vn -0.275886 0.947823 0.159747
vn -0.285159 0.877917 0.384637
vn -0.303685 0.806331 0.507549
vn -0.326118 0.727797 0.603290
vn -0.353397 0.605954 0.712692
vn -0.140775 0.564078 0.813633
vn 0.308390 0.647084 0.697265
vn 0.676333 0.673101 0.299179
vn 0.781672 0.600483 -0.168551
vn 0.734372 0.592421 -0.331263
vn 0.404536 0.838341 -0.365425
vn 0.513106 0.738038 -0.438204
vn 0.246197 0.873593 -0.419790
vn 0.035334 0.868344 -0.494702
vn -0.141990 0.862580 -0.485586
vn -0.237487 0.874222 -0.423481
vn -0.297687 0.887089 -0.352784
vn -0.335549 0.899286 -0.280520
vn -0.337981 0.918911 -0.203401
vn -0.336540 0.938388 -0.078541
vn -0.343588 0.931573 0.118826
vn -0.341223 0.888659 0.306352
vn -0.380633 0.816810 0.433520
vn -0.501857 0.674745 0.541164
vn -0.511889 0.556692 0.654265
vn -0.276878 0.672820 0.686040
vn 0.109765 0.865270 0.489142
vn 0.436864 0.896392 0.075044
vn 0.560818 0.753972 -0.342067
vn 0.550179 0.662895 -0.507812
vn 0.194289 0.888956 -0.414740
vn 0.153000 0.802325 -0.576945
vn 0.137099 0.928073 -0.346243
vn -0.026400 0.919272 -0.392736
vn -0.185541 0.890986 -0.414390
vn -0.277281 0.877329 -0.391675
vn -0.337937 0.876153 -0.343736
vn -0.394205 0.877210 -0.274053
vn -0.440558 0.877235 -0.190704
vn -0.469862 0.881194 -0.052221
vn -0.462846 0.876566 0.131931
vn -0.440994 0.855508 0.271351
vn -0.525308 0.785450 0.327292
vn -0.690743 0.645622 0.325647
vn -0.685383 0.643407 0.340997
vn -0.506196 0.822357 0.259798
vn -0.237318 0.971267 0.017885
vn -0.052468 0.969941 -0.237618
vn 0.071094 0.867341 -0.492612
vn 0.118794 0.772078 -0.624326
vn -0.110716 0.907497 -0.405206
vn -0.215404 0.809956 -0.545502
vn -0.016335 0.964264 -0.264439
vn -0.073501 0.963797 -0.256307
vn -0.188012 0.939083 -0.287707
vn -0.267909 0.918386 -0.291189
vn -0.327441 0.906822 -0.265436
vn -0.373521 0.902731 -0.213443
vn -0.397132 0.906867 -0.140993
vn -0.409395 0.912157 -0.019091
vn -0.412208 0.904793 0.106936
vn -0.442168 0.882509 0.160203
vn -0.562684 0.822437 0.083571
vn -0.697292 0.715820 -0.037233
vn -0.720906 0.684761 -0.106757
vn -0.612954 0.758783 -0.220310
vn -0.458934 0.805902 -0.374035
vn -0.403978 0.808759 -0.427448
vn -0.342907 0.789308 -0.509322
vn -0.273390 0.765479 -0.582495
vn 0.000000 -1.000000 -0.000000
vn -0.385015 0.888827 -0.248496
s 1
g pSphere1
usemtl initialShadingGroup
f 1/1/1 2/2/2 22/3/3 21/4/4
f 2/2/2 3/5/5 23/6/6 22/3/3
f 3/5/5 4/7/7 24/8/8 23/6/6
f 4/7/7 5/9/9 25/10/10 24/8/8
f 5/9/9 6/11/11 26/12/12 25/10/10
f 6/11/11 7/13/13 27/14/14 26/12/12
f 7/13/13 8/15/15 28/16/16 27/14/14
f 8/15/15 9/17/17 29/18/18 28/16/16
f 9/17/17 10/19/19 30/20/20 29/18/18
f 10/19/19 11/21/21 31/22/22 30/20/20
f 11/21/21 12/23/23 32/24/24 31/22/22
f 12/23/23 13/25/25 33/26/26 32/24/24
f 13/25/25 14/27/27 34/28/28 33/26/26
f 14/27/27 15/29/29 35/30/30 34/28/28
f 15/29/29 16/31/31 36/32/32 35/30/30
f 16/31/31 17/33/33 37/34/34 36/32/32
f 17/33/33 18/35/35 38/36/36 37/34/34
f 18/35/35 19/37/37 39/38/38 38/36/36
f 19/37/37 20/39/39 40/40/40 39/38/38
f 20/39/39 1/1/1 21/4/4 40/40/40
f 21/4/4 22/3/3 42/41/41 41/42/42
f 22/3/3 23/6/6 43/43/43 42/41/41
f 23/6/6 24/8/8 44/44/44 43/43/43
f 24/8/8 25/10/10 45/45/45 44/44/44
f 25/10/10 26/12/12 46/46/46 45/45/45
f 26/12/12 27/14/14 47/47/47 46/46/46
f 27/14/14 28/16/16 48/48/48 47/47/47
f 28/16/16 29/18/18 49/49/49 48/48/48
f 29/18/18 30/20/20 50/50/50 49/49/49
f 30/20/20 31/22/22 51/51/51 50/50/50
f 31/22/22 32/24/24 52/52/52 51/51/51
f 32/24/24 33/26/26 53/53/53 52/52/52
f 33/26/26 34/28/28 54/54/54 53/53/53
f 34/28/28 35/30/30 55/55/55 54/54/54
f 35/30/30 36/32/32 56/56/56 55/55/55
f 36/32/32 37/34/34 57/57/57 56/56/56
f 37/34/34 38/36/36 58/58/58 57/57/57
f 38/36/36 39/38/38 59/59/59 58/58/58
f 39/38/38 40/40/40 60/60/60 59/59/59
f 40/40/40 21/4/4 41/42/42 60/60/60
f 41/42/42 42/41/41 62/61/61 61/62/62
f 42/41/41 43/43/43 63/63/63 62/61/61
f 43/43/43 44/44/44 64/64/64 63/63/63
f 44/44/44 45/45/45 65/65/65 64/64/64
f 45/45/45 46/46/46 66/66/66 65/65/65
f 46/46/46 47/47/47 67/67/67 66/66/66
f 47/47/47 48/48/48 68/68/68 67/67/67
f 48/48/48 49/49/49 69/69/69 68/68/68
f 49/49/49 50/50/50 70/70/70 69/69/69
f 50/50/50 51/51/51 71/71/71 70/70/70
f 51/51/51 52/52/52 72/72/72 71/71/71
f 52/52/52 53/53/53 73/73/73 72/72/72
f 53/53/53 54/54/54 74/74/74 73/73/73
f 54/54/54 55/55/55 75/75/75 74/74/74
f 55/55/55 56/56/56 76/76/76 75/75/75
f 56/56/56 57/57/57 77/77/77 76/76/76
f 57/57/57 58/58/58 78/78/78 77/77/77
f 58/58/58 59/59/59 79/79/79 78/78/78
f 59/59/59 60/60/60 80/80/80 79/79/79
f 60/60/60 41/42/42 61/62/62 80/80/80
f 61/62/62 62/61/61 82/81/81 81/82/82
f 62/61/61 63/63/63 83/83/83 82/81/81
f 63/63/63 64/64/64 84/84/84 83/83/83
f 64/64/64 65/65/65 85/85/85 84/84/84
f 65/65/65 66/66/66 86/86/86 85/85/85
f 66/66/66 67/67/67 87/87/87 86/86/86
f 67/67/67 68/68/68 88/88/88 87/87/87
f 68/68/68 69/69/69 89/89/89 88/88/88
f 69/69/69 70/70/70 90/90/90 89/89/89
f 70/70/70 71/71/71 91/91/91 90/90/90
f 71/71/71 72/72/72 92/92/92 91/91/91
f 72/72/72 73/73/73 93/93/93 92/92/92
f 73/73/73 74/74/74 94/94/94 93/93/93
f 74/74/74 75/75/75 95/95/95 94/94/94
f 75/75/75 76/76/76 96/96/96 95/95/95
f 76/76/76 77/77/77 97/97/97 96/96/96
f 77/77/77 78/78/78 98/98/98 97/97/97
f 78/78/78 79/79/79 99/99/99 98/98/98
f 79/79/79 80/80/80 100/100/100 99/99/99
f 80/80/80 61/62/62 81/82/82 100/100/100
f 81/82/82 82/81/81 102/101/101 101/102/102
f 82/81/81 83/83/83 103/103/103 102/101/101
f 83/83/83 84/84/84 104/104/104 103/103/103
f 84/84/84 85/85/85 105/105/105 104/104/104
f 85/85/85 86/86/86 106/106/106 105/105/105
f 86/86/86 87/87/87 107/107/107 106/106/106
f 87/87/87 88/88/88 108/108/108 107/107/107
f 88/88/88 89/89/89 109/109/109 108/108/108
f 89/89/89 90/90/90 110/110/110 109/109/109
f 90/90/90 91/91/91 111/111/111 110/110/110
f 91/91/91 92/92/92 112/112/112 111/111/111
f 92/92/92 93/93/93 113/113/113 112/112/112
f 93/93/93 94/94/94 114/114/114 113/113/113
f 94/94/94 95/95/95 115/115/115 114/114/114
f 95/95/95 96/96/96 116/116/116 115/115/115
f 96/96/96 97/97/97 117/117/117 116/116/116
f 97/97/97 98/98/98 118/118/118 117/117/117
f 98/98/98 99/99/99 119/119/119 118/118/118
f 99/99/99 100/100/100 120/120/120 119/119/119
f 100/100/100 81/82/82 101/102/102 120/120/120
f 101/102/102 102/101/101 122/121/121 121/122/122
f 102/101/101 103/103/103 123/123/123 122/121/121
f 103/103/103 104/104/104 124/124/124 123/123/123
f 104/104/104 105/105/105 125/125/125 124/124/124
f 105/105/105 106/106/106 126/126/126 125/125/125
f 106/106/106 107/107/107 127/127/127 126/126/126
f 107/107/107 108/108/108 128/128/128 127/127/127
f 108/108/108 109/109/109 129/129/129 128/128/128
f 109/109/109 110/110/110 130/130/130 129/129/129
f 110/110/110 111/111/111 131/131/131 130/130/130
f 111/111/111 112/112/112 132/132/132 131/131/131
f 112/112/112 113/113/113 133/133/133 132/132/132
f 113/113/113 114/114/114 134/134/134 133/133/133
f 114/114/114 115/115/115 135/135/135 134/134/134
f 115/115/115 116/116/116 136/136/136 135/135/135
f 116/116/116 117/117/117 137/137/137 136/136/136
f 117/117/117 118/118/118 138/138/138 137/137/137
f 118/118/118 119/119/119 139/139/139 138/138/138
f 119/119/119 120/120/120 140/140/140 139/139/139
f 120/120/120 101/102/102 121/122/122 140/140/140
f 121/122/122 122/121/121 142/141/141 141/142/142
f 122/121/121 123/123/123 143/143/143 142/141/141
f 123/123/123 124/124/124 144/144/144 143/143/143
f 124/124/124 125/125/125 145/145/145 144/144/144
f 125/125/125 126/126/126 146/146/146 145/145/145
f 126/126/126 127/127/127 147/147/147 146/146/146
f 127/127/127 128/128/128 148/148/148 147/147/147
f 128/128/128 129/129/129 149/149/149 148/148/148
f 129/129/129 130/130/130 150/150/150 149/149/149
f 130/130/130 131/131/131 151/151/151 150/150/150
f 131/131/131 132/132/132 152/152/152 151/151/151
f 132/132/132 133/133/133 153/153/153 152/152/152
f 133/133/133 134/134/134 154/154/154 153/153/153
f 134/134/134 135/135/135 155/155/155 154/154/154
f 135/135/135 136/136/136 156/156/156 155/155/155
f 136/136/136 137/137/137 157/157/157 156/156/156
f 137/137/137 138/138/138 158/158/158 157/157/157
f 138/138/138 139/139/139 159/159/159 158/158/158
f 139/139/139 140/140/140 160/160/160 159/159/159
f 140/140/140 121/122/122 141/142/142 160/160/160
f 141/142/142 142/141/141 162/161/161 161/162/162
f 142/141/141 143/143/143 163/163/163 162/161/161
f 143/143/143 144/144/144 164/164/164 163/163/163
f 144/144/144 145/145/145 165/165/165 164/164/164
f 145/145/145 146/146/146 166/166/166 165/165/165
f 146/146/146 147/147/147 167/167/167 166/166/166
f 147/147/147 148/148/148 168/168/168 167/167/167
f 148/148/148 149/149/149 169/169/169 168/168/168
f 149/149/149 150/150/150 170/170/170 169/169/169
f 150/150/150 151/151/151 171/171/171 170/170/170
f 151/151/151 152/152/152 172/172/172 171/171/171
f 152/152/152 153/153/153 173/173/173 172/172/172
f 153/153/153 154/154/154 174/174/174 173/173/173
f 154/154/154 155/155/155 175/175/175 174/174/174
f 155/155/155 156/156/156 176/176/176 175/175/175
f 156/156/156 157/157/157 177/177/177 176/176/176
f 157/157/157 158/158/158 178/178/178 177/177/177
f 158/158/158 159/159/159 179/179/179 178/178/178
f 159/159/159 160/160/160 180/180/180 179/179/179
f 160/160/160 141/142/142 161/162/162 180/180/180
f 161/162/162 162/161/161 182/181/181 181/182/182
f 162/161/161 163/163/163 183/183/183 182/181/181
f 163/163/163 164/164/164 184/184/184 183/183/183
f 164/164/164 165/165/165 185/185/185 184/184/184
f 165/165/165 166/166/166 186/186/186 185/185/185
f 166/166/166 167/167/167 187/187/187 186/186/186
f 167/167/167 168/168/168 188/398/188 187/187/187
f 168/168/168 169/169/169 189/189/189 188/188/188
f 169/169/169 170/170/170 190/190/190 189/189/189
f 170/170/170 171/171/171 191/191/191 190/190/190
f 171/171/171 172/172/172 192/192/192 191/191/191
f 172/172/172 173/173/173 193/193/193 192/192/192
f 173/173/173 174/174/174 194/194/194 193/193/193
f 174/174/174 175/175/175 195/195/195 194/194/194
f 175/175/175 176/176/176 196/196/196 195/195/195
f 176/176/176 177/177/177 197/197/197 196/196/196
f 177/177/177 178/178/178 198/198/198 197/197/197
f 178/178/178 179/179/179 199/199/199 198/198/198
f 179/179/179 180/180/180 200/200/200 199/199/199
f 180/180/180 161/162/162 181/182/182 200/200/200
f 181/182/182 182/181/181 202/201/201 201/202/202
f 182/181/181 183/183/183 203/203/203 202/201/201
f 183/183/183 184/184/184 204/204/204 203/203/203
f 184/184/184 185/185/185 205/205/205 204/204/204
f 185/185/185 186/186/186 206/206/206 205/205/205
f 186/186/186 187/187/187 207/207/207 206/206/206
f 187/187/187 188/398/188 208/397/208 207/207/207
f 188/188/188 189/189/189 209/209/209 208/208/208
f 189/189/189 190/190/190 210/210/210 209/209/209
f 190/190/190 191/191/191 211/211/211 210/210/210
f 191/191/191 192/192/192 212/212/212 211/211/211
f 192/192/192 193/193/193 213/213/213 212/212/212
f 193/193/193 194/194/194 214/214/214 213/213/213
f 194/194/194 195/195/195 215/215/215 214/214/214
f 195/195/195 196/196/196 216/216/216 215/215/215
f 196/196/196 197/197/197 217/217/217 216/216/216
f 197/197/197 198/198/198 218/218/218 217/217/217
f 198/198/198 199/199/199 219/219/219 218/218/218
f 199/199/199 200/200/200 220/220/220 219/219/219
f 200/200/200 181/182/182 201/202/202 220/220/220
f 201/202/202 202/201/201 222/221/221 221/222/222
f 202/201/201 203/203/203 223/223/223 222/221/221
f 203/203/203 204/204/204 224/224/224 223/223/223
f 204/204/204 205/205/205 225/225/225 224/224/224
f 205/205/205 206/206/206 226/226/226 225/225/225
f 206/206/206 207/207/207 227/227/227 226/226/226
f 207/207/207 208/397/208 228/396/228 227/227/227
f 208/208/208 209/209/209 229/229/229 228/228/228
f 209/209/209 210/210/210 230/230/230 229/229/229
f 210/210/210 211/211/211 231/231/231 230/230/230
f 211/211/211 212/212/212 232/232/232 231/231/231
f 212/212/212 213/213/213 233/233/233 232/232/232
f 213/213/213 214/214/214 234/234/234 233/233/233
f 214/214/214 215/215/215 235/235/235 234/234/234
f 215/215/215 216/216/216 236/236/236 235/235/235
f 216/216/216 217/217/217 237/237/237 236/236/236
f 217/217/217 218/218/218 238/238/238 237/237/237
f 218/218/218 219/219/219 239/239/239 238/238/238
f 219/219/219 220/220/220 240/240/240 239/239/239
f 220/220/220 201/202/202 221/222/222 240/240/240
f 221/222/222 222/221/221 242/241/241 241/242/242
f 222/221/221 223/223/223 243/243/243 242/241/241
f 223/223/223 224/224/224 244/244/244 243/243/243
f 224/224/224 225/225/225 245/245/245 244/244/244
f 225/225/225 226/226/226 246/246/246 245/245/245
f 226/226/226 227/227/227 247/247/247 246/246/246
f 227/227/227 228/396/228 248/395/248 247/247/247
f 228/228/228 229/229/229 249/249/249 248/248/248
f 229/229/229 230/230/230 250/250/250 249/249/249
f 230/230/230 231/231/231 251/251/251 250/250/250
f 231/231/231 232/232/232 252/252/252 251/251/251
f 232/232/232 233/233/233 253/253/253 252/252/252
f 233/233/233 234/234/234 254/254/254 253/253/253
f 234/234/234 235/235/235 255/255/255 254/254/254
f 235/235/235 236/236/236 256/256/256 255/255/255
f 236/236/236 237/237/237 257/257/257 256/256/256
f 237/237/237 238/238/238 258/258/258 257/257/257
f 238/238/238 239/239/239 259/259/259 258/258/258
f 239/239/239 240/240/240 260/260/260 259/259/259
f 240/240/240 221/222/222 241/242/242 260/260/260
f 241/242/242 242/241/241 262/261/261 261/262/262
f 242/241/241 243/243/243 263/263/263 262/261/261
f 243/243/243 244/244/244 264/264/264 263/263/263
f 244/244/244 245/245/245 265/265/265 264/264/264
f 245/245/245 246/246/246 266/266/266 265/265/265
f 246/246/246 247/247/247 267/267/267 266/266/266
f 247/247/247 248/395/248 268/394/268 267/267/267
f 248/248/248 249/249/249 269/269/269 268/268/268
f 249/249/249 250/250/250 270/270/270 269/269/269
f 250/250/250 251/251/251 271/271/271 270/270/270
f 251/251/251 252/252/252 272/272/272 271/271/271
f 252/252/252 253/253/253 273/273/273 272/272/272
f 253/253/253 254/254/254 274/274/274 273/273/273
f 254/254/254 255/255/255 275/275/275 274/274/274
f 255/255/255 256/256/256 276/276/276 275/275/275
f 256/256/256 257/257/257 277/277/277 276/276/276
f 257/257/257 258/258/258 278/278/278 277/277/277
f 258/258/258 259/259/259 279/279/279 278/278/278
f 259/259/259 260/260/260 280/280/280 279/279/279
f 260/260/260 241/242/242 261/262/262 280/280/280
f 261/262/262 262/261/261 282/281/281 281/282/282
f 262/261/261 263/263/263 283/283/283 282/281/281
f 263/263/263 264/264/264 284/284/284 283/283/283
f 264/264/264 265/265/265 285/285/285 284/284/284
f 265/265/265 266/266/266 286/286/286 285/285/285
f 266/266/266 267/267/267 287/287/287 286/286/286
f 267/267/267 268/394/268 288/393/288 287/287/287
f 268/268/268 269/269/269 289/289/289 288/288/288
f 269/269/269 270/270/270 290/290/290 289/289/289
f 270/270/270 271/271/271 291/291/291 290/290/290
f 271/271/271 272/272/272 292/292/292 291/291/291
f 272/272/272 273/273/273 293/293/293 292/292/292
f 273/273/273 274/274/274 294/294/294 293/293/293
f 274/274/274 275/275/275 295/295/295 294/294/294
f 275/275/275 276/276/276 296/296/296 295/295/295
f 276/276/276 277/277/277 297/297/297 296/296/296
f 277/277/277 278/278/278 298/392/298 297/297/297
f 278/278/278 279/279/279 299/299/299 298/298/298
f 279/279/279 280/280/280 300/300/300 299/299/299
f 280/280/280 261/262/262 281/282/282 300/300/300
f 281/282/282 282/281/281 302/301/301 301/302/302
f 282/281/281 283/283/283 303/303/303 302/301/301
f 283/283/283 284/284/284 304/304/304 303/303/303
f 284/284/284 285/285/285 305/305/305 304/304/304
f 285/285/285 286/286/286 306/306/306 305/305/305
f 286/286/286 287/287/287 307/307/307 306/306/306
f 287/287/287 288/393/288 308/391/308 307/307/307
f 288/288/288 289/289/289 309/309/309 308/308/308
f 289/289/289 290/290/290 310/310/310 309/309/309
f 290/290/290 291/291/291 311/311/311 310/310/310
f 291/291/291 292/292/292 312/312/312 311/311/311
f 292/292/292 293/293/293 313/313/313 312/312/312
f 293/293/293 294/294/294 314/314/314 313/313/313
f 294/294/294 295/295/295 315/315/315 314/314/314
f 295/295/295 296/296/296 316/316/316 315/315/315
f 296/296/296 297/297/297 317/317/317 316/316/316
f 297/297/297 298/392/298 318/390/318 317/317/317
f 298/298/298 299/299/299 319/319/319 318/318/318
f 299/299/299 300/300/300 320/320/320 319/319/319
f 300/300/300 281/282/282 301/302/302 320/320/320
f 301/302/302 302/301/301 322/321/321 321/322/322
f 302/301/301 303/303/303 323/323/323 322/321/321
f 303/303/303 304/304/304 324/324/324 323/323/323
f 304/304/304 305/305/305 325/325/325 324/324/324
f 305/305/305 306/306/306 326/326/326 325/325/325
f 306/306/306 307/307/307 327/327/327 326/326/326
f 307/307/307 308/391/308 328/389/328 327/327/327
f 308/308/308 309/309/309 329/329/329 328/328/328
f 309/309/309 310/310/310 330/330/330 329/329/329
f 310/310/310 311/311/311 331/331/331 330/330/330
f 311/311/311 312/312/312 332/332/332 331/331/331
f 312/312/312 313/313/313 333/333/333 332/332/332
f 313/313/313 314/314/314 334/334/334 333/333/333
f 314/314/314 315/315/315 335/335/335 334/334/334
f 315/315/315 316/316/316 336/336/336 335/335/335
f 316/316/316 317/317/317 337/337/337 336/336/336
f 317/317/317 318/390/318 338/388/338 337/337/337
f 318/318/318 319/319/319 339/339/339 338/338/338
f 319/319/319 320/320/320 340/340/340 339/339/339
f 320/320/320 301/302/302 321/322/322 340/340/340
f 321/322/322 322/321/321 342/341/341 341/342/342
f 322/321/321 323/323/323 343/343/343 342/341/341
f 323/323/323 324/324/324 344/344/344 343/343/343
f 324/324/324 325/325/325 345/345/345 344/344/344
f 325/325/325 326/326/326 346/346/346 345/345/345
f 326/326/326 327/327/327 347/347/347 346/346/346
f 327/327/327 328/389/328 348/387/348 347/347/347
f 328/328/328 329/329/329 349/349/349 348/348/348
f 329/329/329 330/330/330 350/350/350 349/349/349
f 330/330/330 331/331/331 351/351/351 350/350/350
f 331/331/331 332/332/332 352/352/352 351/351/351
f 332/332/332 333/333/333 353/353/353 352/352/352
f 333/333/333 334/334/334 354/354/354 353/353/353
f 334/334/334 335/335/335 355/355/355 354/354/354
f 335/335/335 336/336/336 356/356/356 355/355/355
f 336/336/336 337/337/337 357/357/357 356/356/356
f 337/337/337 338/388/338 358/386/358 357/357/357
f 338/338/338 339/339/339 359/359/359 358/358/358
f 339/339/339 340/340/340 360/360/360 359/359/359
f 340/340/340 321/322/322 341/342/342 360/360/360
f 341/342/342 342/341/341 362/361/361 361/362/362
f 342/341/341 343/343/343 363/363/363 362/361/361
f 343/343/343 344/344/344 364/364/364 363/363/363
f 344/344/344 345/345/345 365/365/365 364/364/364
f 345/345/345 346/346/346 366/366/366 365/365/365
f 346/346/346 347/347/347 367/367/367 366/366/366
f 347/347/347 348/387/348 368/385/368 367/367/367
f 348/348/348 349/349/349 369/369/369 368/368/368
f 349/349/349 350/350/350 370/370/370 369/369/369
f 350/350/350 351/351/351 371/371/371 370/370/370
f 351/351/351 352/352/352 372/372/372 371/371/371
f 352/352/352 353/353/353 373/373/373 372/372/372
f 353/353/353 354/354/354 374/374/374 373/373/373
f 354/354/354 355/355/355 375/375/375 374/374/374
f 355/355/355 356/356/356 376/376/376 375/375/375
f 356/356/356 357/357/357 377/377/377 376/376/376
f 357/357/357 358/386/358 378/383/378 377/377/377
f 358/358/358 359/359/359 379/379/379 378/378/378
f 359/359/359 360/360/360 380/380/380 379/379/379
f 360/360/360 341/342/342 361/362/362 380/380/380
f 2/2/2 1/1/1 381/381/381
f 3/5/5 2/2/2 381/381/381
f 4/7/7 3/5/5 381/381/381
f 5/9/9 4/7/7 381/381/381
f 6/11/11 5/9/9 381/381/381
f 7/13/13 6/11/11 381/381/381
f 8/15/15 7/13/13 381/381/381
f 9/17/17 8/15/15 381/381/381
f 10/19/19 9/17/17 381/381/381
f 11/21/21 10/19/19 381/381/381
f 12/23/23 11/21/21 381/381/381
f 13/25/25 12/23/23 381/381/381
f 14/27/27 13/25/25 381/381/381
f 15/29/29 14/27/27 381/381/381
f 16/31/31 15/29/29 381/381/381
f 17/33/33 16/31/31 381/381/381
f 18/35/35 17/33/33 381/381/381
f 19/37/37 18/35/35 381/381/381
f 20/39/39 19/37/37 381/381/381
f 1/1/1 20/39/39 381/381/381
f 361/362/362 362/361/361 382/382/382
f 362/361/361 363/363/363 382/382/382
f 363/363/363 364/364/364 382/382/382
f 364/364/364 365/365/365 382/382/382
f 365/365/365 366/366/366 382/382/382
f 366/366/366 367/367/367 382/382/382
f 367/367/367 368/385/368 382/382/382
f 368/368/368 369/369/369 382/384/382
f 369/369/369 370/370/370 382/384/382
f 370/370/370 371/371/371 382/384/382
f 371/371/371 372/372/372 382/384/382
f 372/372/372 373/373/373 382/384/382
f 373/373/373 374/374/374 382/384/382
f 374/374/374 375/375/375 382/384/382
f 375/375/375 376/376/376 382/384/382
f 376/376/376 377/377/377 382/384/382
f 377/377/377 378/383/378 382/384/382
f 378/378/378 379/379/379 382/382/382
f 379/379/379 380/380/380 382/382/382
f 380/380/380 361/362/362 382/382/382
g default
v 0.160869 1.594802 0.202675
v 0.177761 1.594998 0.222360
v 0.229542 1.573716 0.244189
v 0.262956 1.555838 0.250981
v 0.290876 1.539650 0.254457
v 0.311664 1.522326 0.247767
v 0.318245 1.512157 0.237405
v 0.323365 1.495448 0.213858
v 0.329265 1.476402 0.187092
v 0.340264 1.454941 0.161912
v 0.343626 1.430224 0.122262
v 0.328365 1.430292 0.104907
v 0.293797 1.439938 0.082306
v 0.255826 1.452822 0.061506
v 0.230102 1.466051 0.055336
v 0.207839 1.484232 0.061843
v 0.184013 1.508266 0.076865
v 0.165247 1.534701 0.101906
v 0.158796 1.561718 0.142069
v 0.157846 1.583902 0.180029
v 0.247837 1.907798 0.019620
v 0.361311 1.793067 0.113101
v 0.380253 1.809346 0.110500
v 0.441572 1.732806 0.074688
v 0.466866 1.717682 0.075545
v 0.490381 1.700083 0.072979
v 0.509816 1.681732 0.067242
v 0.523267 1.664425 0.058895
v 0.545909 1.621595 0.031829
v 0.542582 1.601817 0.011033
v 0.521407 1.552613 -0.018995
v 0.569636 1.473616 -0.203030
v 0.492739 1.474666 -0.248327
v 0.410985 1.497054 -0.276273
v 0.332373 1.538582 -0.284139
v 0.264603 1.595192 -0.271149
v 0.214305 1.661338 -0.238578
v 0.186405 1.730547 -0.189611
v 0.183636 1.796045 -0.129043
v 0.205079 1.881319 -0.036830
v 0.249524 1.500965 0.139024
v 0.216115 1.987650 -0.068402
v 0.255150 1.989726 -0.005219
v 0.317833 1.982515 0.021652
v 0.355350 1.942445 -0.001681
v 0.391165 1.877368 -0.066978
v 0.488507 1.824574 -0.119112
v 0.556623 1.747502 -0.157922
v 0.620602 1.672985 -0.173065
v 0.674716 1.601261 -0.173955
v 0.688712 1.533376 -0.202163
v 0.643860 1.478521 -0.256950
v 0.567040 1.453968 -0.326253
v 0.514900 1.480227 -0.374898
v 0.452415 1.529987 -0.403022
v 0.356192 1.580821 -0.412648
v 0.273238 1.650113 -0.396748
v 0.211672 1.731081 -0.356877
v 0.177522 1.815796 -0.296940
v 0.174129 1.895970 -0.222802
v 0.200903 1.963202 -0.141870
v 0.230309 1.970677 -0.080515
v 0.266136 1.973739 -0.024496
v 0.317397 1.965775 -0.005793
v 0.345832 1.926152 -0.034189
v 0.387267 1.870760 -0.094963
v 0.478024 1.821816 -0.141207
v 0.538763 1.749006 -0.177545
v 0.598355 1.680506 -0.193572
v 0.642150 1.610581 -0.192797
v 0.656745 1.547134 -0.213838
v 0.626260 1.500129 -0.257714
v 0.558389 1.478004 -0.318923
v 0.508848 1.501598 -0.364191
v 0.457275 1.551455 -0.389223
v 0.368898 1.599009 -0.398017
v 0.292044 1.663205 -0.383286
v 0.235006 1.738218 -0.346348
v 0.203367 1.816704 -0.290818
v 0.200224 1.890981 -0.222132
v 0.223107 1.952127 -0.147464
v 0.228282 1.937199 -0.069202
v 0.261072 1.941165 -0.019694
v 0.303737 1.932622 -0.007112
v 0.325464 1.893436 -0.039098
v 0.372027 1.846191 -0.095459
v 0.456401 1.799311 -0.137753
v 0.512201 1.730334 -0.172022
v 0.568053 1.666595 -0.188306
v 0.604085 1.598031 -0.187308
v 0.619072 1.538296 -0.202603
v 0.598810 1.496995 -0.238415
v 0.539037 1.476977 -0.292294
v 0.491184 1.498277 -0.334973
v 0.447724 1.547953 -0.357655
v 0.366271 1.593402 -0.365670
v 0.294195 1.653608 -0.351855
v 0.240703 1.723958 -0.317212
v 0.211031 1.797565 -0.265134
v 0.208083 1.867224 -0.200718
v 0.227163 1.923153 -0.131077
v 0.244685 1.523714 0.148870
v 0.248925 1.524480 0.155072
v 0.255293 1.509167 0.135412
v 0.254351 1.523705 0.159921
v 0.260531 1.521523 0.163155
v 0.266602 1.518256 0.164358
v 0.271720 1.514238 0.163146
v 0.275732 1.509952 0.160196
v 0.277607 1.505929 0.155261
v 0.277538 1.502514 0.149173
v 0.275684 1.499972 0.142575
v 0.272195 1.498419 0.135848
v 0.267237 1.497897 0.129251
v 0.261121 1.498310 0.122976
v 0.254829 1.499711 0.118238
v 0.249281 1.502145 0.116169
v 0.244701 1.505501 0.116831
v 0.241420 1.509499 0.120111
v 0.239744 1.513791 0.125747
v 0.239970 1.517963 0.133348
v 0.241744 1.521453 0.141523
v 0.244270 1.876317 0.040408
v 0.206684 1.848715 -0.014270
v 0.189157 1.775814 -0.090477
v 0.191703 1.712175 -0.149413
v 0.218854 1.646364 -0.195602
v 0.266395 1.584231 -0.226019
v 0.328540 1.531965 -0.238269
v 0.401058 1.494232 -0.230465
v 0.479661 1.473465 -0.202876
v 0.553418 1.471504 -0.160335
v 0.510684 1.550469 -0.001201
v 0.357273 1.780312 0.124839
v 0.234592 1.892315 -0.045699
v 0.233186 1.879286 -0.101995
v 0.215722 1.828423 -0.165348
v 0.218247 1.765147 -0.223953
v 0.245042 1.698351 -0.271292
v 0.293469 1.634567 -0.302744
v 0.358789 1.580036 -0.315235
v 0.432682 1.538938 -0.307853
v 0.469193 1.501071 -0.282506
v 0.512684 1.482033 -0.243714
v 0.566780 1.500153 -0.194944
v 0.589330 1.530815 -0.166301
v 0.576119 1.584975 -0.151989
v 0.543783 1.647156 -0.152382
v 0.493396 1.705028 -0.137316
v 0.442813 1.767597 -0.106227
v 0.366379 1.810213 -0.068059
v 0.323846 1.853030 -0.017430
v 0.303626 1.888441 0.011092
v 0.264615 1.896098 -0.000630
v 0.252001 1.737175 0.042528
v 0.249443 1.727331 0.004479
v 0.237204 1.693044 -0.038313
v 0.238256 1.650701 -0.077914
v 0.255529 1.606272 -0.109731
v 0.287258 1.564087 -0.130714
v 0.330211 1.545632 -0.137249
v 0.378657 1.548212 -0.128376
v 0.401471 1.536125 -0.109015
v 0.431311 1.499505 -0.084041
v 0.467514 1.500410 -0.050094
v 0.486749 1.506054 -0.033252
v 0.488171 1.536686 -0.018320
v 0.499644 1.589341 0.013393
v 0.460437 1.625890 0.018471
v 0.427022 1.667399 0.039112
v 0.383671 1.698127 0.069760
v 0.322741 1.714909 0.071439
v 0.300258 1.735764 0.082165
v 0.273085 1.740460 0.073097
v 0.280691 1.686413 0.188465
v 0.218809 1.734066 0.136861
v 0.197765 1.715612 0.098505
v 0.185061 1.677092 0.042899
v 0.190130 1.631398 -0.007813
v 0.213581 1.585737 -0.044479
v 0.249595 1.543183 -0.067922
v 0.290752 1.519026 -0.078803
v 0.337164 1.516117 -0.073855
v 0.395607 1.486103 -0.046774
v 0.450896 1.466493 -0.011803
v 0.428277 1.502207 0.078535
v 0.208829 1.582229 0.235457
v 0.332763 1.739334 0.145952
v 0.238417 1.815221 0.075162
v 0.207111 1.789974 0.027668
v 0.192224 1.725574 -0.039595
v 0.194440 1.667531 -0.093414
v 0.219235 1.608539 -0.134540
v 0.261914 1.563498 -0.160982
v 0.316839 1.536597 -0.171599
v 0.379816 1.503476 -0.163781
v 0.449786 1.483679 -0.136559
v 0.516677 1.454490 -0.101849
v 0.482360 1.526703 0.032421
v 0.341609 1.445054 0.146052
vt 0.085812 0.719266
vt 0.086994 0.723679
vt 0.083378 0.738730
vt 0.071627 0.723480
vt 0.127969 0.720226
vt 0.129913 0.716640
vt 0.151588 0.726215
vt 0.134027 0.733302
vt 0.128479 0.709590
vt 0.154283 0.710647
vt 0.125029 0.702644
vt 0.151108 0.694623
vt 0.121254 0.698993
vt 0.142882 0.686647
vt 0.115913 0.697341
vt 0.131141 0.681223
vt 0.108592 0.697580
vt 0.114428 0.678842
vt 0.100830 0.700581
vt 0.096848 0.683274
vt 0.093516 0.707363
vt 0.081230 0.695113
vt 0.088500 0.714826
vt 0.072261 0.711358
vt 0.111471 0.712286
vt 0.090362 0.733208
vt 0.088738 0.729374
vt 0.095220 0.735798
vt 0.100448 0.736565
vt 0.105223 0.736344
vt 0.107909 0.735336
vt 0.111797 0.732116
vt 0.116417 0.728586
vt 0.121586 0.725405
vt 0.124240 0.723451
vt 0.162274 0.907035
vt 0.163956 0.905698
vt 0.164818 0.912050
vt 0.165922 0.904617
vt 0.168187 0.903785
vt 0.170468 0.903121
vt 0.172092 0.901874
vt 0.173841 0.900695
vt 0.175775 0.899692
vt 0.178015 0.898934
vt 0.180408 0.898400
vt 0.182921 0.898163
vt 0.185591 0.898256
vt 0.188295 0.898572
vt 0.190570 0.899190
vt 0.192097 0.900134
vt 0.158429 0.915624
vt 0.158227 0.914181
vt 0.158601 0.912489
vt 0.159537 0.910575
vt 0.160822 0.908666
vt 0.040041 0.737510
vt 0.073232 0.755374
vt 0.029455 0.809644
vt 0.018299 0.829704
vt 0.073508 0.759817
vt 0.037549 0.779991
vt 0.095576 0.769091
vt 0.052895 0.792731
vt 0.101898 0.769332
vt 0.079124 0.805401
vt 0.108712 0.768476
vt 0.109932 0.804836
vt 0.114978 0.767559
vt 0.135855 0.800153
vt 0.120261 0.766295
vt 0.156800 0.791331
vt 0.132334 0.762545
vt 0.171571 0.780241
vt 0.138185 0.759501
vt 0.182332 0.771438
vt 0.147515 0.749349
vt 0.196331 0.759443
vt 0.186108 0.744459
vt 0.209847 0.745209
vt 0.193652 0.724756
vt 0.218890 0.732985
vt 0.195269 0.702568
vt 0.226990 0.715854
vt 0.188937 0.678968
vt 0.029971 1.000000
vt 0.167549 0.657679
vt 0.014664 0.974194
vt 0.135452 0.646167
vt 0.004824 0.945472
vt 0.100340 0.648900
vt 0.000000 0.914893
vt 0.068828 0.665253
vt 0.000421 0.883265
vt 0.041711 0.707044
vt 0.007667 0.851482
vt 0.034088 0.816405
vt 0.022026 0.835952
vt 0.043837 0.797890
vt 0.060254 0.805186
vt 0.084741 0.811459
vt 0.112183 0.808784
vt 0.136040 0.804388
vt 0.155891 0.796449
vt 0.172183 0.786862
vt 0.185646 0.776903
vt 0.198410 0.765164
vt 0.213255 0.750012
vt 0.223083 0.735627
vt 0.231987 0.721133
vt 0.035491 0.995318
vt 0.021211 0.971087
vt 0.011839 0.943740
vt 0.007216 0.914548
vt 0.007582 0.884475
vt 0.013289 0.855545
vt 0.041185 0.826221
vt 0.030552 0.841569
vt 0.050706 0.815537
vt 0.066743 0.818068
vt 0.088263 0.817889
vt 0.113778 0.813890
vt 0.137406 0.809400
vt 0.157229 0.801363
vt 0.175774 0.792821
vt 0.190077 0.782384
vt 0.201608 0.771311
vt 0.216252 0.757445
vt 0.226989 0.744156
vt 0.237153 0.730977
vt 0.042602 0.990123
vt 0.029396 0.967323
vt 0.020621 0.941644
vt 0.016250 0.914175
vt 0.016526 0.885812
vt 0.021573 0.858532
vt 0.053697 0.838496
vt 0.043580 0.849013
vt 0.062536 0.833030
vt 0.075624 0.831488
vt 0.094256 0.827565
vt 0.117791 0.821535
vt 0.140327 0.816016
vt 0.160384 0.808005
vt 0.178526 0.800498
vt 0.192222 0.791493
vt 0.203126 0.783926
vt 0.219044 0.771615
vt 0.231234 0.759892
vt 0.242827 0.749459
vt 0.261565 0.744015
vt 0.042675 0.961688
vt 0.034840 0.938607
vt 0.030859 0.913897
vt 0.030945 0.888222
vt 0.034944 0.863148
vt 0.049158 0.707808
vt 0.047117 0.732993
vt 0.070614 0.674138
vt 0.098554 0.657966
vt 0.129834 0.654057
vt 0.158257 0.663015
vt 0.177815 0.679855
vt 0.185377 0.700726
vt 0.184879 0.721999
vt 0.178180 0.740886
vt 0.144588 0.748033
vt 0.076212 0.754473
vt 0.092878 0.878658
vt 0.086342 0.885995
vt 0.083674 0.900325
vt 0.083635 0.915771
vt 0.086007 0.930947
vt 0.090877 0.945307
vt 0.251238 0.824708
vt 0.240748 0.818606
vt 0.231624 0.820760
vt 0.216800 0.823505
vt 0.203224 0.827018
vt 0.196206 0.828344
vt 0.186864 0.832059
vt 0.170107 0.837378
vt 0.156367 0.843908
vt 0.141657 0.850187
vt 0.128647 0.858504
vt 0.114474 0.866144
vt 0.106071 0.868930
vt 0.100132 0.872949
vt 0.140203 0.741797
vt 0.079677 0.749254
vt 0.058549 0.727017
vt 0.060136 0.707861
vt 0.078544 0.682476
vt 0.101010 0.668546
vt 0.125859 0.666446
vt 0.146524 0.670983
vt 0.161739 0.680963
vt 0.170830 0.697259
vt 0.172298 0.715717
vt 0.167488 0.733230
vt 0.019303 0.683855
vt 0.015693 0.718862
vt 0.048487 0.644783
vt 0.092285 0.619886
vt 0.144326 0.617404
vt 0.193755 0.639896
vt 0.023727 0.753745
vt 0.095702 0.956743
vt 0.159270 0.916818
vt 0.054173 0.982386
vt 0.184636 0.903485
vt 0.251829 0.715880
vt 0.241482 0.698717
vt 0.230929 0.685011
vn -0.618062 0.549289 0.562388
vn -0.341488 0.563344 0.752350
vn -0.216821 0.607693 0.764001
vn -0.459299 0.610766 0.644988
vn 0.608359 -0.740130 0.286542
vn 0.240566 -0.964017 -0.113136
vn 0.237075 -0.966656 0.096810
vn 0.607130 -0.713985 0.348739
vn -0.112533 -0.899448 -0.422292
vn -0.207872 -0.936650 -0.281915
vn -0.145024 -0.875636 -0.460683
vn -0.232994 -0.926902 -0.294222
vn -0.376717 -0.785468 -0.491045
vn -0.365729 -0.861827 -0.351422
vn -0.706029 -0.522902 -0.477595
vn -0.687283 -0.623621 -0.372477
vn -0.857565 -0.308522 -0.411577
vn -0.872566 -0.377366 -0.310200
vn -0.964575 -0.048569 -0.259298
vn -0.975894 -0.094074 -0.196928
vn -0.982314 0.160130 -0.097047
vn -0.988755 0.140684 -0.050708
vn -0.949215 0.311129 0.046791
vn -0.944097 0.310582 0.110546
vn -0.492313 -0.756793 0.429990
vn -0.492322 -0.756793 0.429981
vn -0.492319 -0.756792 0.429985
vn -0.492314 -0.756792 0.429992
vn -0.492309 -0.756794 0.429994
vn -0.492321 -0.756790 0.429988
vn -0.492321 -0.756790 0.429988
vn -0.492319 -0.756791 0.429987
vn -0.492313 -0.756797 0.429985
vn -0.492315 -0.756794 0.429986
vn -0.492314 -0.756796 0.429984
vn -0.492313 -0.756789 0.429998
vn -0.492317 -0.756788 0.429996
vn -0.492313 -0.756785 0.430005
vn -0.492323 -0.756793 0.429980
vn -0.492324 -0.756793 0.429979
vn -0.492323 -0.756793 0.429979
vn -0.492323 -0.756793 0.429980
vn -0.492324 -0.756792 0.429979
vn -0.492323 -0.756793 0.429980
vn -0.492324 -0.756793 0.429979
vn -0.492323 -0.756792 0.429981
vn -0.492325 -0.756793 0.429978
vn 0.492328 0.756789 -0.429980
vn 0.492326 0.756789 -0.429983
vn 0.492325 0.756792 -0.429979
vn 0.492324 0.756789 -0.429984
vn 0.492323 0.756790 -0.429984
vn 0.492322 0.756791 -0.429983
vn 0.492322 0.756792 -0.429983
vn 0.492321 0.756793 -0.429981
vn 0.492320 0.756794 -0.429982
vn 0.492319 0.756795 -0.429982
vn 0.492320 0.756797 -0.429976
vn 0.492317 0.756794 -0.429984
vn 0.492322 0.756792 -0.429981
vn 0.492326 0.756796 -0.429972
vn 0.492322 0.756796 -0.429975
vn 0.492324 0.756795 -0.429975
vn 0.492326 0.756793 -0.429975
vn 0.492328 0.756792 -0.429975
vn 0.492331 0.756786 -0.429984
vn 0.492335 0.756786 -0.429978
vn 0.492332 0.756790 -0.429974
vn -0.577114 0.283690 0.765806
vn -0.577114 0.283690 0.765806
vn -0.577114 0.283690 0.765806
vn -0.577114 0.283690 0.765806
vn -0.302442 0.357170 0.883719
vn -0.302442 0.357170 0.883719
vn -0.302442 0.357170 0.883719
vn -0.302442 0.357170 0.883719
vn 0.790899 0.474096 0.386926
vn 0.790899 0.474096 0.386926
vn 0.790899 0.474096 0.386926
vn 0.790899 0.474096 0.386926
vn 0.849654 0.489207 0.196889
vn 0.849654 0.489207 0.196889
vn 0.849654 0.489207 0.196889
vn 0.849654 0.489207 0.196889
vn 0.592163 0.676742 0.437450
vn 0.592163 0.676742 0.437450
vn 0.592163 0.676742 0.437450
vn 0.592163 0.676742 0.437450
vn 0.767108 0.548497 0.332711
vn 0.767108 0.548497 0.332711
vn 0.767108 0.548497 0.332711
vn 0.767108 0.548497 0.332711
vn 0.761451 0.557490 0.330752
vn 0.761451 0.557490 0.330752
vn 0.761451 0.557490 0.330752
vn 0.761451 0.557490 0.330752
vn 0.802776 0.439575 0.402896
vn 0.802776 0.439575 0.402896
vn 0.802776 0.439575 0.402896
vn 0.802776 0.439575 0.402896
vn 0.793375 -0.220596 0.567357
vn 0.793375 -0.220596 0.567357
vn 0.793375 -0.220596 0.567357
vn 0.793375 -0.220596 0.567357
vn 0.475480 -0.717084 0.509617
vn 0.475480 -0.717084 0.509617
vn 0.475480 -0.717084 0.509617
vn 0.475480 -0.717084 0.509617
vn 0.300071 -0.894387 0.331707
vn 0.300070 -0.894387 0.331707
vn 0.300070 -0.894387 0.331707
vn 0.300070 -0.894387 0.331707
vn -0.232353 -0.971942 0.036613
vn -0.232353 -0.971942 0.036613
vn -0.232353 -0.971942 0.036613
vn -0.232353 -0.971942 0.036613
vn -0.363054 -0.903339 -0.228409
vn -0.363054 -0.903339 -0.228409
vn -0.363054 -0.903339 -0.228409
vn -0.363054 -0.903339 -0.228409
vn -0.409323 -0.841561 -0.352464
vn -0.409323 -0.841561 -0.352464
vn -0.409323 -0.841561 -0.352464
vn -0.409323 -0.841561 -0.352464
vn -0.639866 -0.686995 -0.344397
vn -0.639866 -0.686995 -0.344397
vn -0.639866 -0.686995 -0.344397
vn -0.639866 -0.686995 -0.344397
vn -0.825801 -0.493673 -0.272654
vn -0.825801 -0.493673 -0.272654
vn -0.825801 -0.493673 -0.272654
vn -0.825801 -0.493673 -0.272654
vn -0.948957 -0.280490 -0.144244
vn -0.948957 -0.280490 -0.144244
vn -0.948957 -0.280490 -0.144244
vn -0.948957 -0.280490 -0.144244
vn -0.997262 -0.068336 0.028278
vn -0.997262 -0.068336 0.028278
vn -0.997262 -0.068336 0.028278
vn -0.997262 -0.068336 0.028278
vn -0.978475 0.114262 0.171846
vn -0.978475 0.114262 0.171846
vn -0.978475 0.114262 0.171846
vn -0.978475 0.114262 0.171846
vn -0.921852 0.195098 0.334851
vn -0.921852 0.195098 0.334851
vn -0.921852 0.195098 0.334851
vn -0.921852 0.195098 0.334851
vn 0.535085 0.760040 -0.368813
vn 0.535085 0.760040 -0.368813
vn 0.535085 0.760040 -0.368813
vn 0.535085 0.760040 -0.368813
vn 0.307319 0.810638 -0.498419
vn 0.307319 0.810638 -0.498419
vn 0.307319 0.810638 -0.498419
vn 0.307319 0.810638 -0.498419
vn 0.496402 0.722850 -0.480701
vn 0.496402 0.722850 -0.480701
vn 0.496402 0.722850 -0.480701
vn 0.496402 0.722850 -0.480701
vn 0.521008 0.753575 -0.400842
vn 0.521008 0.753575 -0.400842
vn 0.521008 0.753575 -0.400842
vn 0.521008 0.753575 -0.400842
vn 0.346352 0.899122 -0.267620
vn 0.346352 0.899122 -0.267620
vn 0.346352 0.899122 -0.267620
vn 0.346352 0.899122 -0.267620
vn 0.577553 0.703865 -0.413529
vn 0.577553 0.703865 -0.413529
vn 0.577553 0.703865 -0.413529
vn 0.577553 0.703865 -0.413529
vn 0.613995 0.633211 -0.471226
vn 0.613995 0.633211 -0.471226
vn 0.613995 0.633211 -0.471226
vn 0.613995 0.633211 -0.471226
vn 0.610629 0.422625 -0.669717
vn 0.610629 0.422625 -0.669717
vn 0.610629 0.422625 -0.669717
vn 0.610629 0.422625 -0.669717
vn 0.504566 0.397289 -0.766534
vn 0.504566 0.397289 -0.766534
vn 0.504566 0.397289 -0.766534
vn 0.504566 0.397289 -0.766534
vn 0.481095 0.399857 -0.780168
vn 0.481095 0.399857 -0.780168
vn 0.481095 0.399857 -0.780168
vn 0.481095 0.399857 -0.780168
vn 0.533028 0.412793 -0.738569
vn 0.533028 0.412793 -0.738569
vn 0.533028 0.412793 -0.738569
vn 0.533028 0.412793 -0.738569
vn 0.715483 0.445454 -0.538195
vn 0.715483 0.445454 -0.538195
vn 0.715483 0.445454 -0.538195
vn 0.715483 0.445454 -0.538195
vn 0.647117 0.392030 -0.653875
vn 0.647117 0.392030 -0.653875
vn 0.647117 0.392030 -0.653875
vn 0.647117 0.392030 -0.653875
vn 0.323955 0.452237 -0.830984
vn 0.323955 0.452237 -0.830984
vn 0.323955 0.452237 -0.830984
vn 0.323955 0.452237 -0.830984
vn 0.252470 0.493265 -0.832435
vn 0.252470 0.493265 -0.832435
vn 0.252470 0.493265 -0.832436
vn 0.252470 0.493265 -0.832435
vn 0.197888 0.550014 -0.811372
vn 0.197888 0.550014 -0.811372
vn 0.197888 0.550014 -0.811372
vn 0.197888 0.550014 -0.811372
vn 0.161741 0.612585 -0.773679
vn 0.161741 0.612585 -0.773679
vn 0.161741 0.612585 -0.773679
vn 0.161741 0.612586 -0.773679
vn 0.147561 0.674860 -0.723042
vn 0.147561 0.674860 -0.723043
vn 0.147561 0.674859 -0.723043
vn 0.147561 0.674860 -0.723043
vn 0.175919 0.731026 -0.659282
vn 0.175919 0.731026 -0.659282
vn 0.175919 0.731026 -0.659282
vn 0.175919 0.731026 -0.659282
vn 0.472352 0.818852 -0.326137
vn 0.472352 0.818852 -0.326137
vn 0.472352 0.818852 -0.326137
vn 0.472352 0.818852 -0.326137
vn 0.825083 -0.215955 -0.522113
vn 0.825083 -0.215955 -0.522113
vn 0.825083 -0.215955 -0.522113
vn 0.825083 -0.215955 -0.522113
vn 0.292015 -0.133370 -0.947069
vn 0.292015 -0.133370 -0.947069
vn 0.292015 -0.133370 -0.947069
vn 0.292015 -0.133370 -0.947069
vn -0.476271 0.323350 -0.817686
vn -0.476271 0.323350 -0.817686
vn -0.476271 0.323350 -0.817686
vn -0.476271 0.323350 -0.817686
vn -0.529597 0.399765 -0.748141
vn -0.529597 0.399765 -0.748141
vn -0.529597 0.399765 -0.748141
vn -0.529597 0.399765 -0.748141
vn -0.345449 0.213079 -0.913927
vn -0.345449 0.213079 -0.913927
vn -0.345449 0.213079 -0.913927
vn -0.345449 0.213079 -0.913927
vn -0.332244 0.187259 -0.924418
vn -0.332244 0.187259 -0.924418
vn -0.332244 0.187259 -0.924418
vn -0.332244 0.187259 -0.924418
vn -0.214393 0.051165 -0.975406
vn -0.214393 0.051165 -0.975406
vn -0.214393 0.051165 -0.975406
vn -0.214393 0.051165 -0.975406
vn -0.123190 -0.083670 -0.988850
vn -0.123190 -0.083670 -0.988850
vn -0.123190 -0.083670 -0.988850
vn -0.123190 -0.083670 -0.988850
vn -0.267622 0.212925 -0.939703
vn -0.267622 0.212925 -0.939703
vn -0.267622 0.212925 -0.939703
vn -0.267622 0.212925 -0.939703
vn -0.395488 0.730128 -0.557227
vn -0.395488 0.730128 -0.557227
vn -0.395488 0.730128 -0.557227
vn -0.395488 0.730128 -0.557227
vn -0.208238 0.970148 -0.124295
vn -0.208238 0.970148 -0.124295
vn -0.208238 0.970148 -0.124295
vn -0.208238 0.970148 -0.124295
vn 0.231209 0.946074 0.226905
vn 0.231209 0.946074 0.226905
vn 0.231209 0.946074 0.226905
vn 0.231209 0.946074 0.226905
vn 0.590139 0.729364 0.346071
vn 0.590139 0.729364 0.346071
vn 0.590139 0.729364 0.346071
vn 0.590139 0.729364 0.346071
vn 0.453563 0.866166 0.209850
vn 0.453563 0.866166 0.209850
vn 0.453563 0.866166 0.209850
vn 0.453563 0.866166 0.209850
vn 0.650696 0.737531 0.180675
vn 0.650696 0.737531 0.180675
vn 0.650696 0.737531 0.180675
vn 0.650696 0.737531 0.180675
vn 0.817381 0.564227 0.116345
vn 0.817381 0.564227 0.116345
vn 0.817381 0.564227 0.116345
vn 0.817381 0.564227 0.116345
vn 0.927777 0.373134 0.001226
vn 0.927777 0.373134 0.001226
vn 0.927777 0.373134 0.001226
vn 0.927777 0.373134 0.001226
vn 0.971078 0.182957 -0.153409
vn 0.971078 0.182957 -0.153409
vn 0.971078 0.182956 -0.153409
vn 0.971078 0.182956 -0.153409
vn 0.957837 0.010589 -0.287117
vn 0.957837 0.010589 -0.287117
vn 0.957837 0.010589 -0.287117
vn 0.957837 0.010589 -0.287117
vn 0.997858 0.003441 -0.065327
vn 0.997858 0.003441 -0.065327
vn 0.997858 0.003441 -0.065327
vn 0.997858 0.003441 -0.065327
vn 0.827957 -0.163206 -0.536517
vn 0.827957 -0.163206 -0.536517
vn 0.820944 -0.201052 -0.534443
vn 0.822656 -0.192422 -0.534987
vn 0.196366 -0.371394 -0.907473
vn 0.196366 -0.371394 -0.907473
vn 0.200686 -0.405420 -0.891830
vn 0.199867 -0.398837 -0.894976
vn -0.896578 -0.173712 -0.407398
vn -0.896577 -0.173712 -0.407398
vn -0.835375 -0.249501 -0.489794
vn -0.851373 -0.231604 -0.470663
vn -0.835518 -0.238511 -0.494997
vn -0.835518 -0.238511 -0.494997
vn -0.679987 -0.476167 -0.557569
vn -0.684224 -0.471137 -0.556657
vn -0.584217 -0.432061 -0.687032
vn -0.584217 -0.432061 -0.687032
vn -0.629930 -0.567476 -0.530244
vn -0.631495 -0.573671 -0.521648
vn -0.735966 -0.291612 -0.610996
vn -0.735966 -0.291612 -0.610996
vn -0.788673 -0.408509 -0.459473
vn -0.789138 -0.409879 -0.457449
vn -0.648309 -0.399233 -0.648313
vn -0.648309 -0.399233 -0.648312
vn -0.693745 -0.533108 -0.484267
vn -0.694855 -0.537810 -0.477428
vn -0.668468 -0.356495 -0.652734
vn -0.668468 -0.356495 -0.652734
vn -0.864014 -0.129971 -0.486402
vn -0.856233 -0.142302 -0.496604
vn -0.774531 -0.027473 -0.631939
vn -0.774531 -0.027473 -0.631939
vn -0.807796 0.045588 -0.587697
vn -0.810658 0.052646 -0.583148
vn -0.576303 0.708174 -0.407879
vn -0.576303 0.708173 -0.407879
vn -0.504887 0.803681 -0.314939
vn -0.494111 0.815435 -0.301530
vn -0.157039 0.969891 -0.186147
vn -0.157039 0.969891 -0.186147
vn -0.120990 0.982438 -0.142047
vn -0.115103 0.984159 -0.134846
vn 0.335828 0.937821 0.087816
vn 0.335828 0.937821 0.087816
vn 0.474161 0.874409 0.102855
vn 0.498120 0.860687 0.105330
vn 0.631125 0.726158 0.272717
vn 0.631125 0.726158 0.272717
vn 0.609753 0.774781 0.167083
vn 0.605620 0.781436 0.150274
vn 0.443872 0.848164 0.289129
vn 0.443872 0.848164 0.289129
vn 0.332393 0.925778 0.180138
vn 0.336181 0.923694 0.183772
vn 0.646045 0.708526 0.283930
vn 0.646045 0.708526 0.283930
vn 0.593419 0.752134 0.286615
vn 0.594127 0.751585 0.286588
vn 0.825693 0.522013 0.213856
vn 0.825693 0.522013 0.213856
vn 0.827149 0.512495 0.230592
vn 0.827152 0.512473 0.230630
vn 0.944032 0.318239 0.086761
vn 0.944032 0.318239 0.086761
vn 0.947008 0.304824 0.101288
vn 0.947016 0.304785 0.101330
vn 0.989625 0.117394 -0.082830
vn 0.989625 0.117394 -0.082830
vn 0.992458 0.100638 -0.070001
vn 0.992460 0.100621 -0.069988
vn 0.969592 -0.029192 -0.242980
vn 0.969592 -0.029192 -0.242980
vn 0.971663 -0.049000 -0.231236
vn 0.971637 -0.048711 -0.231408
vn 0.992798 0.110401 -0.046510
vn 0.992798 0.110401 -0.046510
vn 0.995228 0.079451 -0.056646
vn 0.994810 0.085893 -0.054543
vn -0.948823 0.172092 0.264801
vn -0.491115 0.501077 0.712550
vn -0.608617 0.472953 0.637103
vn -0.947000 0.163576 0.276466
vn -0.994388 0.015275 0.104690
vn -0.992070 -0.033863 0.121042
vn -0.981514 -0.188493 -0.033176
vn -0.965842 -0.258743 0.014204
vn -0.890494 -0.428117 -0.154067
vn -0.875034 -0.478151 -0.075417
vn -0.721388 -0.668317 -0.181525
vn -0.735821 -0.663523 -0.135295
vn -0.531300 -0.838867 -0.118416
vn -0.551685 -0.818757 -0.158996
vn -0.347808 -0.936077 -0.052822
vn -0.339035 -0.931777 -0.129797
vn -0.164717 -0.984727 -0.056399
vn -0.126991 -0.989236 -0.072696
vn 0.485646 -0.854429 0.184660
vn 0.168962 -0.984958 0.036193
vn 0.831964 -0.374091 0.409747
vn 0.879399 -0.298805 0.370640
vn -0.173764 0.531796 0.828854
vn -0.069739 0.598698 0.797933
vn 0.997030 -0.005540 -0.076808
vn 0.997255 0.023267 -0.070288
vn 0.975075 -0.088074 -0.203648
vn 0.975023 -0.087276 -0.204238
vn 0.996970 0.066086 -0.041041
vn 0.996805 0.067685 -0.042408
vn 0.951347 0.280815 0.126818
vn 0.951018 0.282902 0.124621
vn 0.828718 0.503010 0.245371
vn 0.828561 0.503868 0.244140
vn 0.519300 0.805326 0.285968
vn 0.533761 0.795633 0.286474
vn 0.155542 0.976735 0.147637
vn 0.180930 0.972794 0.144696
vn 0.485145 0.859385 0.161529
vn 0.422996 0.885756 0.191077
vn 0.517868 0.825824 0.223219
vn 0.513344 0.822931 0.243440
vn -0.072560 0.994234 -0.078955
vn -0.067079 0.995182 -0.071506
vn -0.334129 0.917543 -0.215577
vn -0.339500 0.915126 -0.217451
vn -0.757238 0.226668 -0.612545
vn -0.735798 0.265965 -0.622787
vn -0.810520 0.227695 -0.539642
vn -0.803163 0.241711 -0.544523
vn -0.654793 -0.500938 -0.565957
vn -0.632072 -0.468583 -0.617183
vn -0.761990 -0.337287 -0.552819
vn -0.749893 -0.311628 -0.583566
vn -0.652633 -0.484127 -0.582830
vn -0.651261 -0.423472 -0.629707
vn -0.430074 -0.513143 -0.742779
vn -0.436198 -0.514987 -0.737916
vn -0.649312 -0.267877 -0.711783
vn -0.729239 -0.269801 -0.628822
vn 0.253160 -0.396725 -0.882337
vn 0.239431 -0.401373 -0.884066
vn 0.812140 -0.247561 -0.528339
vn 0.814737 -0.234333 -0.530370
vn 0.991226 -0.091083 -0.095780
vn 0.991226 -0.091083 -0.095780
vn 0.976283 -0.143794 -0.161849
vn 0.976283 -0.143794 -0.161849
vn 0.999872 0.015870 0.001859
vn 0.999872 0.015870 0.001859
vn 0.955347 0.247590 0.161279
vn 0.955347 0.247590 0.161279
vn 0.830354 0.493329 0.259110
vn 0.830354 0.493329 0.259110
vn 0.435075 0.855257 0.281507
vn 0.435075 0.855257 0.281507
vn -0.036403 0.985391 0.166370
vn -0.036403 0.985391 0.166370
vn 0.202264 0.938198 0.280847
vn 0.202264 0.938198 0.280847
vn 0.471929 0.789432 0.392532
vn 0.471929 0.789432 0.392532
vn -0.023085 0.999664 -0.011770
vn -0.023085 0.999664 -0.011770
vn -0.153294 0.976667 -0.150405
vn -0.153294 0.976667 -0.150405
vn -0.580103 0.482974 -0.655909
vn -0.580103 0.482974 -0.655909
vn -0.583128 0.533233 -0.612883
vn -0.583128 0.533233 -0.612883
vn -0.463269 -0.260012 -0.847217
vn -0.463269 -0.260012 -0.847217
vn -0.584390 -0.060770 -0.809194
vn -0.584390 -0.060770 -0.809194
vn -0.578418 -0.060967 -0.813459
vn -0.578418 -0.060967 -0.813459
vn -0.124555 -0.394595 -0.910374
vn -0.124555 -0.394595 -0.910374
vn -0.427473 -0.249239 -0.868992
vn -0.427474 -0.249239 -0.868992
vn 0.309604 -0.376513 -0.873146
vn 0.309604 -0.376513 -0.873146
vn 0.803296 -0.287586 -0.521546
vn 0.803296 -0.287586 -0.521546
vn 0.742095 -0.551700 0.380688
vn 0.689928 -0.558207 0.460874
vn 0.699915 -0.532389 0.476111
vn 0.643966 -0.737905 0.202002
vn 0.643966 -0.737905 0.202002
vn 0.717478 -0.234130 0.656055
vn 0.731471 -0.368339 0.573826
vn -0.497522 0.667428 0.554086
vn -0.341101 0.620613 0.706038
vn 0.604543 0.153957 0.781553
vn 0.191127 0.291002 0.937437
vn 0.014790 0.438619 0.898552
vn -0.194390 0.582064 0.789565
vn 0.191127 0.291002 0.937437
vn -0.019562 0.506634 0.861939
vn 0.273894 0.429173 0.860693
vn 0.550235 0.243481 0.798723
vn 0.350314 0.464405 0.813393
vn 0.351441 0.459426 0.815731
vn 0.588012 0.179666 0.788646
vn 0.458164 0.344901 0.819225
vn 0.568663 0.184278 0.801664
vn 0.731677 -0.319960 0.601893
vn 0.674156 -0.043341 0.737316
vn 0.714992 -0.314351 0.624475
vn 0.717258 -0.484516 0.500784
vn 0.728811 -0.429500 0.533259
vn 0.737023 -0.293196 0.608960
vn -0.130150 0.596985 0.791625
vn -0.467060 0.535233 0.703833
vn -0.950621 0.233063 0.204943
vn -0.997606 0.060204 0.034026
vn -0.979805 -0.173048 -0.100185
vn -0.873741 -0.440091 -0.207116
vn -0.677758 -0.694488 -0.241517
vn -0.459639 -0.876009 -0.146083
vn -0.342600 -0.937985 -0.052998
vn -0.269850 -0.959265 -0.083622
vn 0.396123 -0.893710 0.210638
vn 0.686670 -0.567632 0.454178
s 1
g pCylinder1
usemtl initialShadingGroup
f 383/399/383 384/400/384 557/401/385 558/402/386
f 393/403/387 394/404/388 567/405/389 568/406/390
f 394/404/388 395/407/391 566/408/392 567/405/389
f 395/407/391 396/409/393 565/410/394 566/408/392
f 396/409/393 397/411/395 564/412/396 565/410/394
f 397/411/395 398/413/397 563/414/398 564/412/396
f 398/413/397 399/415/399 562/416/400 563/414/398
f 399/415/399 400/417/401 561/418/402 562/416/400
f 400/417/401 401/419/403 560/420/404 561/418/402
f 401/419/403 402/421/405 559/422/406 560/420/404
f 402/421/405 383/399/383 558/402/386 559/422/406
s 3
f 384/400/407 383/399/408 423/423/409
f 385/424/410 569/425/411 384/400/407 423/423/409
f 386/426/412 385/424/410 423/423/409
f 387/427/413 386/426/412 423/423/409
f 388/428/414 387/427/413 423/423/409
f 389/429/415 388/428/414 423/423/409
f 390/430/416 389/429/415 423/423/409
f 391/431/417 390/430/416 423/423/409
f 392/432/418 391/431/417 423/423/409
f 393/403/419 582/433/420 392/432/418 423/423/409
f 394/404/421 393/403/419 423/423/409
f 395/407/422 394/404/421 423/423/409
f 396/409/423 395/407/422 423/423/409
f 397/411/424 396/409/423 423/423/409
f 398/413/425 397/411/424 423/423/409
f 399/415/426 398/413/425 423/423/409
f 400/417/427 399/415/426 423/423/409
f 401/419/428 400/417/427 423/423/409
f 402/421/429 401/419/428 423/423/409
f 383/399/408 402/421/429 423/423/409
s 4
f 484/434/430 485/435/431 486/436/432
f 485/435/431 487/437/433 486/436/432
f 487/437/433 488/438/434 486/436/432
f 488/438/434 489/439/435 486/436/432
f 489/439/435 490/440/436 486/609/432
f 490/440/436 491/441/437 486/609/432
f 491/441/437 492/442/438 486/609/432
f 492/442/438 493/443/439 486/609/432
f 493/443/439 494/444/440 486/609/432
f 494/444/440 495/445/441 486/609/432
f 495/445/441 496/446/442 486/609/432
f 496/446/442 497/447/443 486/609/432
f 497/447/443 498/448/444 486/609/432
f 498/448/444 499/449/445 486/609/432
f 499/607/445 500/450/446 486/436/432
f 500/450/446 501/451/447 486/436/432
f 501/451/447 502/452/448 486/436/432
f 502/452/448 503/453/449 486/436/432
f 503/453/449 504/454/450 486/436/432
f 504/454/450 484/434/430 486/436/432
s off
f 403/455/451 404/456/452 425/605/453 424/600/454
f 404/456/455 405/459/456 426/460/457 425/605/458
f 405/459/459 406/461/460 427/462/461 426/460/462
f 406/461/463 407/463/464 428/464/465 427/462/466
f 407/463/467 408/465/468 429/466/469 428/464/470
f 408/465/471 409/467/472 430/468/473 429/466/474
f 409/467/475 410/469/476 431/470/477 430/468/478
f 410/469/479 411/471/480 432/472/481 431/470/482
f 411/471/483 412/473/484 433/474/485 432/472/486
f 412/473/487 413/475/488 434/476/489 433/474/490
f 413/475/491 414/477/492 435/478/493 434/476/494
f 414/477/495 415/479/496 436/480/497 435/478/498
f 415/479/499 416/481/500 437/482/501 436/480/502
f 416/481/503 417/483/504 438/612/505 437/482/506
f 417/483/507 418/485/508 439/604/509 438/612/510
f 418/485/511 419/487/512 440/603/513 439/604/514
f 419/487/515 420/489/516 441/602/517 440/603/518
f 420/489/519 421/491/520 442/601/521 441/602/522
f 421/491/523 422/493/524 443/599/525 442/601/526
f 422/493/527 403/455/528 424/600/529 443/599/530
f 424/458/531 425/457/532 445/495/533 444/496/534
f 425/457/535 426/460/536 446/497/537 445/495/538
f 426/460/539 427/462/540 447/498/541 446/497/542
f 427/462/543 428/464/544 448/499/545 447/498/546
f 428/464/547 429/466/548 449/500/549 448/499/550
f 429/466/551 430/468/552 450/501/553 449/500/554
f 430/468/555 431/470/556 451/502/557 450/501/558
f 431/470/559 432/472/560 452/503/561 451/502/562
f 432/472/563 433/474/564 453/504/565 452/503/566
f 433/474/567 434/476/568 454/505/569 453/504/570
f 434/476/571 435/478/572 455/506/573 454/505/574
f 435/478/575 436/480/576 456/507/577 455/506/578
f 436/480/579 437/482/580 457/508/581 456/507/582
f 437/482/583 438/612/584 458/611/585 457/508/586
f 438/484/587 439/486/588 459/510/589 458/509/590
f 439/486/591 440/488/592 460/511/593 459/510/594
f 440/488/595 441/490/596 461/512/597 460/511/598
f 441/490/599 442/492/600 462/513/601 461/512/602
f 442/492/603 443/494/604 463/514/605 462/513/606
f 443/494/607 424/458/608 444/496/609 463/514/610
f 444/496/611 445/495/612 465/515/613 464/516/614
f 445/495/615 446/497/616 466/517/617 465/515/618
f 446/497/619 447/498/620 467/518/621 466/517/622
f 447/498/623 448/499/624 468/519/625 467/518/626
f 448/499/627 449/500/628 469/520/629 468/519/630
f 449/500/631 450/501/632 470/521/633 469/520/634
f 450/501/635 451/502/636 471/522/637 470/521/638
f 451/502/639 452/503/640 472/523/641 471/522/642
f 452/503/643 453/504/644 473/524/645 472/523/646
f 453/504/647 454/505/648 474/525/649 473/524/650
f 454/505/651 455/506/652 475/526/653 474/525/654
f 455/506/655 456/507/656 476/527/657 475/526/658
f 456/507/659 457/508/660 477/528/661 476/527/662
f 457/508/663 458/611/664 478/610/665 477/528/666
f 458/509/667 459/510/668 479/530/669 478/529/670
f 459/510/671 460/511/672 480/531/673 479/530/674
f 460/511/675 461/512/676 481/532/677 480/531/678
f 461/512/679 462/513/680 482/533/681 481/532/682
f 462/513/683 463/514/684 483/534/685 482/533/686
f 463/514/687 444/496/688 464/516/689 483/534/690
s 5
f 464/516/691 465/515/692 536/535/693 517/536/694
s 6
f 465/515/695 466/517/696 535/537/697 536/535/698
s 7
f 466/517/699 467/518/700 534/538/701 535/537/702
s 8
f 467/518/703 468/519/704 533/539/705 534/538/706
s 9
f 468/519/707 469/520/708 532/540/709 533/539/710
s 10
f 469/520/711 470/521/712 531/541/713 532/540/714
s 11
f 470/521/715 471/522/716 530/542/717 531/541/718
s 12
f 471/522/719 472/523/720 529/543/721 530/542/722
s 13
f 472/523/723 473/524/724 528/544/725 529/543/726
s 14
f 473/524/727 474/525/728 527/545/729 528/544/730
s 15
f 474/525/731 475/526/732 526/546/733 527/545/734
s 16
f 475/526/735 476/527/736 525/547/737 526/546/738
s 17
f 476/527/739 477/528/740 524/548/741 525/547/742
s 18
f 477/528/743 478/610/744 523/549/745 524/548/746
s 19
f 478/529/747 479/530/748 522/550/749 523/608/750
s 20
f 479/530/751 480/531/752 521/551/753 522/550/754
s 21
f 480/531/755 481/532/756 520/552/757 521/551/758
s 22
f 481/532/759 482/533/760 519/553/761 520/552/762
s 23
f 482/533/763 483/534/764 518/554/765 519/553/766
s 24
f 483/534/767 464/516/768 517/536/769 518/554/770
s 1
f 506/555/771 505/556/772 403/455/773 422/493/774
f 507/557/775 506/555/771 422/493/774 421/491/776
f 508/558/777 507/557/775 421/491/776 420/489/778
f 509/559/779 508/558/777 420/489/778 419/487/780
f 510/560/781 509/559/779 419/487/780 418/485/782
f 511/561/783 510/560/781 418/485/782 417/483/784
f 512/562/785 511/561/783 417/483/784 416/481/786
f 513/563/787 512/562/785 416/481/786 415/479/788
f 514/564/789 513/563/787 415/479/788 414/477/790
f 515/565/791 514/564/789 414/477/790 413/475/792
f 505/556/772 516/566/793 404/456/794 403/455/773
s 24
f 518/554/770 517/536/769 537/567/795 538/568/796
s 23
f 519/553/766 518/554/765 538/568/797 539/569/798
s 22
f 520/552/762 519/553/761 539/569/799 540/570/800
s 21
f 521/551/758 520/552/757 540/570/801 541/571/802
s 20
f 522/550/754 521/551/753 541/571/803 542/572/804
s 19
f 523/608/750 522/550/749 542/572/805 543/606/806
s 18
f 524/548/746 523/549/745 543/573/807 544/574/808
s 17
f 525/547/742 524/548/741 544/574/809 545/575/810
s 16
f 526/546/738 525/547/737 545/575/811 546/576/812
s 15
f 527/545/734 526/546/733 546/576/813 547/577/814
s 14
f 528/544/730 527/545/729 547/577/815 548/578/816
s 13
f 529/543/726 528/544/725 548/578/817 549/579/818
s 12
f 530/542/722 529/543/721 549/579/819 550/580/820
s 11
f 531/541/718 530/542/717 550/580/821 551/581/822
s 10
f 532/540/714 531/541/713 551/581/823 552/582/824
s 9
f 533/539/710 532/540/709 552/582/825 553/583/826
s 8
f 534/538/706 533/539/705 553/583/827 554/584/828
s 7
f 535/537/702 534/538/701 554/584/829 555/585/830
s 6
f 536/535/698 535/537/697 555/585/831 556/586/832
s 5
f 517/536/694 536/535/693 556/586/833 537/567/834
s 24
f 538/568/796 537/567/795 484/434/835 504/454/836
s 23
f 539/569/798 538/568/797 504/454/837 503/453/838
s 22
f 540/570/800 539/569/799 503/453/839 502/452/840
s 21
f 541/571/802 540/570/801 502/452/841 501/451/842
s 20
f 542/572/804 541/571/803 501/451/843 500/450/844
s 19
f 543/606/806 542/572/805 500/450/845 499/607/846
s 18
f 544/574/808 543/573/807 499/449/847 498/448/848
s 17
f 545/575/810 544/574/809 498/448/849 497/447/850
s 16
f 546/576/812 545/575/811 497/447/851 496/446/852
s 15
f 547/577/814 546/576/813 496/446/853 495/445/854
s 14
f 548/578/816 547/577/815 495/445/855 494/444/856
s 13
f 549/579/818 548/578/817 494/444/857 493/443/858
s 12
f 550/580/820 549/579/819 493/443/859 492/442/860
s 11
f 551/581/822 550/580/821 492/442/861 491/441/862
s 10
f 552/582/824 551/581/823 491/441/863 490/440/864
s 9
f 553/583/826 552/582/825 490/440/865 489/439/866
s 8
f 554/584/828 553/583/827 489/439/867 488/438/868
s 7
f 555/585/830 554/584/829 488/438/869 487/437/870
s 6
f 556/586/832 555/585/831 487/437/871 485/435/872
s 5
f 537/567/834 556/586/833 485/435/873 484/434/874
s 26
f 413/475/875 412/473/876 515/565/877
f 393/403/878 568/406/879 581/587/880 582/433/881
f 404/456/882 516/566/883 405/459/884
f 384/400/885 569/425/886 570/588/887 557/401/888
f 516/566/883 385/424/889 405/459/884
f 385/424/889 386/426/890 405/459/884
f 405/459/884 386/426/890 406/461/891
f 386/426/890 387/427/892 406/461/891
f 406/461/891 387/427/892 407/463/893
f 387/427/892 388/428/894 407/463/893
f 407/463/893 388/428/894 408/465/895
f 408/465/895 388/428/894 409/467/896
f 388/428/894 389/429/897 409/467/896
f 409/467/896 389/429/897 410/469/898
f 410/469/898 389/429/897 411/471/899
f 411/471/899 389/429/897 412/473/876
f 412/473/876 389/429/897 515/565/877
f 389/429/897 390/430/900 515/565/877
f 390/430/900 391/431/901 515/565/877
f 391/431/901 392/432/902 515/565/877
s 1
f 558/402/386 557/401/385 570/588/903 571/589/904
f 559/422/406 558/402/386 571/589/904 572/590/905
f 560/420/404 559/422/406 572/590/905 573/591/906
f 561/418/402 560/420/404 573/591/906 574/592/907
f 562/416/400 561/418/402 574/592/907 575/593/908
f 563/414/398 562/416/400 575/593/908 576/594/909
f 564/412/396 563/414/398 576/594/909 577/595/910
f 565/410/394 564/412/396 577/595/910 578/596/911
f 566/408/392 565/410/394 578/596/911 579/597/912
f 567/405/389 566/408/392 579/597/912 580/598/913
f 568/406/390 567/405/389 580/598/913 581/587/914
s 26
f 570/588/887 569/425/886 385/424/889 516/566/883
s 1
f 571/589/904 570/588/903 516/566/793 505/556/772
f 572/590/905 571/589/904 505/556/772 506/555/771
f 573/591/906 572/590/905 506/555/771 507/557/775
f 574/592/907 573/591/906 507/557/775 508/558/777
f 575/593/908 574/592/907 508/558/777 509/559/779
f 576/594/909 575/593/908 509/559/779 510/560/781
f 577/595/910 576/594/909 510/560/781 511/561/783
f 578/596/911 577/595/910 511/561/783 512/562/785
f 579/597/912 578/596/911 512/562/785 513/563/787
f 580/598/913 579/597/912 513/563/787 514/564/789
f 581/587/914 580/598/913 514/564/789 515/565/791
s 26
f 582/433/881 581/587/880 515/565/877 392/432/902
g default
v 0.408056 1.493497 0.114884
v 0.397266 1.478223 0.080571
v 0.376269 1.469145 0.048887
v 0.347122 1.467152 0.022935
v 0.312676 1.472439 0.005253
v 0.276303 1.484489 -0.002426
v 0.241565 1.502122 0.000648
v 0.211862 1.523612 0.014175
v 0.190100 1.546855 0.036831
v 0.178411 1.569577 0.066398
v 0.177938 1.589552 0.099982
v 0.188728 1.604827 0.134295
v 0.209724 1.613905 0.165978
v 0.238872 1.615897 0.191931
v 0.273318 1.610610 0.209612
v 0.309690 1.598560 0.217292
v 0.344428 1.580927 0.214217
v 0.374132 1.559437 0.200690
v 0.395893 1.536194 0.178034
v 0.407583 1.513473 0.148467
v 0.412990 1.500650 0.110420
v 0.402068 1.485189 0.075687
v 0.380815 1.476000 0.043616
v 0.351310 1.473983 0.017346
v 0.316443 1.479335 -0.000552
v 0.279625 1.491532 -0.008325
v 0.244462 1.509381 -0.005213
v 0.214395 1.531134 0.008479
v 0.192367 1.554662 0.031412
v 0.180535 1.577661 0.061341
v 0.180056 1.597881 0.095335
v 0.190978 1.613342 0.130068
v 0.212231 1.622531 0.162140
v 0.241736 1.624549 0.188410
v 0.276603 1.619197 0.206308
v 0.313420 1.606999 0.214081
v 0.348584 1.589151 0.210969
v 0.378651 1.567398 0.197276
v 0.400679 1.543870 0.174343
v 0.412511 1.520871 0.144415
v 0.420257 1.505929 0.106576
v 0.408952 1.489925 0.070624
v 0.386953 1.480414 0.037428
v 0.356413 1.478326 0.010236
v 0.320323 1.483865 -0.008290
v 0.282214 1.496491 -0.016335
v 0.245817 1.514965 -0.013114
v 0.214695 1.537481 0.001059
v 0.191894 1.561834 0.024796
v 0.179647 1.585641 0.055775
v 0.179152 1.606570 0.090962
v 0.190457 1.622574 0.126913
v 0.212456 1.632085 0.160110
v 0.242995 1.634173 0.187301
v 0.279086 1.628633 0.205827
v 0.317194 1.616008 0.213873
v 0.353591 1.597533 0.210652
v 0.384713 1.575017 0.196479
v 0.407514 1.550664 0.172741
v 0.419761 1.526858 0.141763
v 0.429145 1.508814 0.103727
v 0.417243 1.491966 0.065878
v 0.394083 1.481953 0.030929
v 0.361931 1.479755 0.002302
v 0.323936 1.485586 -0.017202
v 0.283815 1.498878 -0.025672
v 0.245497 1.518328 -0.022281
v 0.212732 1.542033 -0.007360
v 0.188728 1.567671 0.017631
v 0.175834 1.592734 0.050244
v 0.175312 1.614769 0.087289
v 0.187214 1.631617 0.125138
v 0.210375 1.641630 0.160087
v 0.242526 1.643829 0.188714
v 0.280522 1.637996 0.208218
v 0.320642 1.624705 0.216688
v 0.358960 1.605255 0.213297
v 0.391725 1.581550 0.198376
v 0.415729 1.555912 0.173385
v 0.428623 1.530849 0.140772
v 0.438785 1.509026 0.102153
v 0.426131 1.491113 0.061912
v 0.401507 1.480467 0.024755
v 0.367324 1.478129 -0.005681
v 0.326928 1.484330 -0.026417
v 0.284272 1.498461 -0.035422
v 0.243533 1.519140 -0.031817
v 0.208699 1.544343 -0.015953
v 0.183178 1.571601 0.010617
v 0.169469 1.598248 0.045291
v 0.168915 1.621674 0.084676
v 0.181568 1.639587 0.124916
v 0.206192 1.650233 0.162073
v 0.240375 1.652570 0.192509
v 0.280771 1.646369 0.213245
v 0.323426 1.632238 0.222251
v 0.364165 1.611559 0.218646
v 0.399000 1.586357 0.202782
v 0.424521 1.559099 0.176212
v 0.438230 1.532452 0.141538
v 0.448232 1.506541 0.102007
v 0.434744 1.487448 0.059116
v 0.408499 1.476101 0.019511
v 0.372064 1.473610 -0.012930
v 0.329007 1.480219 -0.035032
v 0.283541 1.495281 -0.044631
v 0.240119 1.517322 -0.040788
v 0.202989 1.544185 -0.023879
v 0.175787 1.573239 0.004441
v 0.161175 1.601641 0.041399
v 0.160584 1.626610 0.083379
v 0.174072 1.645703 0.126270
v 0.200317 1.657051 0.165875
v 0.236752 1.659542 0.198316
v 0.279809 1.652933 0.220417
v 0.325275 1.637870 0.230017
v 0.368697 1.615829 0.226174
v 0.405827 1.588967 0.209265
v 0.433029 1.559913 0.180945
v 0.447641 1.531511 0.143986
v 0.456562 1.501605 0.103304
v 0.442241 1.481332 0.057762
v 0.414373 1.469283 0.015710
v 0.375687 1.466638 -0.018736
v 0.329968 1.473656 -0.042204
v 0.281693 1.489649 -0.052397
v 0.235587 1.513052 -0.048316
v 0.196163 1.541575 -0.030362
v 0.167279 1.572425 -0.000292
v 0.151765 1.602582 0.038951
v 0.151137 1.629095 0.083525
v 0.165458 1.649367 0.129067
v 0.193326 1.661416 0.171119
v 0.232012 1.664061 0.205565
v 0.277731 1.657044 0.229033
v 0.326006 1.641051 0.239225
v 0.372112 1.617647 0.235145
v 0.411536 1.589125 0.217191
v 0.440420 1.558275 0.187121
v 0.455934 1.528118 0.147878
v 0.462960 1.494699 0.105917
v 0.447887 1.473362 0.057983
v 0.418556 1.460681 0.013723
v 0.377838 1.457897 -0.022531
v 0.329719 1.465283 -0.047232
v 0.278909 1.482116 -0.057959
v 0.230382 1.506748 -0.053665
v 0.188887 1.536768 -0.034768
v 0.158487 1.569238 -0.003119
v 0.142158 1.600979 0.038185
v 0.141497 1.628884 0.085099
v 0.156570 1.650221 0.133032
v 0.185901 1.662902 0.177293
v 0.226619 1.665686 0.213547
v 0.274738 1.658300 0.238247
v 0.325548 1.641467 0.248975
v 0.374076 1.616835 0.244680
v 0.415570 1.586815 0.225784
v 0.445970 1.554345 0.194135
v 0.462299 1.522604 0.152831
v 0.466799 1.486501 0.109590
v 0.451129 1.464319 0.059759
v 0.420637 1.451135 0.013746
v 0.378307 1.448241 -0.023944
v 0.328283 1.455920 -0.049622
v 0.275461 1.473419 -0.060774
v 0.225013 1.499027 -0.056310
v 0.181875 1.530236 -0.036665
v 0.150272 1.563991 -0.003763
v 0.133296 1.596988 0.039176
v 0.132609 1.625998 0.087948
v 0.148279 1.648180 0.137779
v 0.178771 1.661363 0.183792
v 0.221101 1.664258 0.221482
v 0.271125 1.656579 0.247160
v 0.323947 1.639080 0.258312
v 0.374396 1.613472 0.253847
v 0.417533 1.582263 0.234202
v 0.449136 1.548508 0.201300
v 0.466112 1.515511 0.158362
v 0.467704 1.477812 0.113963
v 0.451651 1.455087 0.062914
v 0.420413 1.441582 0.015776
v 0.377048 1.438617 -0.022836
v 0.325801 1.446483 -0.049141
v 0.271687 1.464410 -0.060567
v 0.220005 1.490644 -0.055993
v 0.175813 1.522616 -0.035867
v 0.143437 1.557196 -0.002161
v 0.126046 1.591001 0.041828
v 0.125342 1.620720 0.091792
v 0.141395 1.643444 0.142842
v 0.172633 1.656950 0.189980
v 0.215998 1.659915 0.228591
v 0.267245 1.652049 0.254897
v 0.321359 1.634121 0.266322
v 0.373041 1.607888 0.261748
v 0.417233 1.575916 0.241623
v 0.449609 1.541335 0.207916
v 0.467000 1.507531 0.163928
v 0.465585 1.469483 0.118609
v 0.449400 1.446572 0.067140
v 0.417906 1.432955 0.019615
v 0.374184 1.429966 -0.019315
v 0.322515 1.437897 -0.045837
v 0.267957 1.455971 -0.057356
v 0.215849 1.482421 -0.052744
v 0.171294 1.514655 -0.032454
v 0.138652 1.549520 0.001530
v 0.121118 1.583603 0.045881
v 0.120408 1.613566 0.096256
v 0.136593 1.636478 0.147726
v 0.168088 1.650094 0.195251
v 0.211809 1.653084 0.234180
v 0.263478 1.645153 0.260702
v 0.318037 1.627078 0.272221
v 0.370144 1.600629 0.267610
v 0.414699 1.568394 0.247319
v 0.447342 1.533529 0.213335
v 0.464876 1.499447 0.168985
v 0.460651 1.462329 0.123073
v 0.444598 1.439605 0.072023
v 0.413360 1.426099 0.024886
v 0.369995 1.423134 -0.013726
v 0.318748 1.431000 -0.040032
v 0.264635 1.448928 -0.051457
v 0.212953 1.475162 -0.046883
v 0.168760 1.507133 -0.026758
v 0.136384 1.541714 0.006949
v 0.118993 1.575518 0.050938
v 0.118290 1.605237 0.100902
v 0.134343 1.627962 0.151952
v 0.165580 1.641468 0.199089
v 0.208945 1.644433 0.237701
v 0.260193 1.636566 0.264007
v 0.314306 1.618639 0.275432
v 0.365988 1.592405 0.270858
v 0.410180 1.560434 0.250733
v 0.442556 1.525853 0.217026
v 0.459947 1.492049 0.173038
v 0.453384 1.457052 0.126917
v 0.437714 1.434869 0.077086
v 0.407222 1.421686 0.031074
v 0.364892 1.418792 -0.006616
v 0.314868 1.426470 -0.032294
v 0.262046 1.443970 -0.043447
v 0.211598 1.469577 -0.038982
v 0.168460 1.500786 -0.019337
v 0.136857 1.534541 0.013565
v 0.119881 1.567539 0.056504
v 0.119194 1.596548 0.105276
v 0.134864 1.618731 0.155107
v 0.165356 1.631914 0.201119
v 0.207686 1.634808 0.238809
v 0.257710 1.627130 0.264487
v 0.310532 1.609630 0.275640
v 0.360981 1.584023 0.271175
v 0.404118 1.552814 0.251530
v 0.435721 1.519059 0.218628
v 0.452697 1.486061 0.175689
v 0.444496 1.454166 0.129766
v 0.429423 1.432828 0.081833
v 0.400092 1.420147 0.037573
v 0.359374 1.417363 0.001318
v 0.311255 1.424749 -0.023382
v 0.260445 1.441582 -0.034110
v 0.211918 1.466214 -0.029815
v 0.170423 1.496235 -0.010918
v 0.140023 1.528704 0.020731
v 0.123694 1.560445 0.062034
v 0.123033 1.588350 0.108949
v 0.138106 1.609687 0.156882
v 0.167437 1.622369 0.201142
v 0.208155 1.625152 0.237397
v 0.256274 1.617766 0.262097
v 0.307084 1.600934 0.272825
v 0.355612 1.576301 0.268530
v 0.397106 1.546281 0.249633
v 0.427506 1.513811 0.217984
v 0.443835 1.482070 0.176681
v 0.434856 1.453954 0.131341
v 0.420535 1.433682 0.085799
v 0.392668 1.421633 0.043746
v 0.353981 1.418988 0.009301
v 0.308263 1.426005 -0.014167
v 0.259988 1.441999 -0.024360
v 0.213881 1.465402 -0.020279
v 0.174457 1.493925 -0.002325
v 0.145574 1.524774 0.027745
v 0.130059 1.554932 0.066988
v 0.129431 1.581444 0.111562
v 0.143752 1.601717 0.157104
v 0.171620 1.613766 0.199156
v 0.210306 1.616411 0.233602
v 0.256025 1.609393 0.257070
v 0.304300 1.593400 0.267262
v 0.350406 1.569997 0.263182
v 0.389831 1.541474 0.245228
v 0.418714 1.510625 0.215157
v 0.434229 1.480467 0.175915
v 0.425409 1.456439 0.131487
v 0.411922 1.437346 0.088595
v 0.385676 1.425999 0.048991
v 0.349241 1.423507 0.016550
v 0.306184 1.430117 -0.005552
v 0.260719 1.445179 -0.015151
v 0.217296 1.467220 -0.011308
v 0.180166 1.494082 0.005601
v 0.152964 1.523137 0.033921
v 0.138353 1.551538 0.070879
v 0.137762 1.576508 0.112859
v 0.151249 1.595601 0.155750
v 0.177495 1.606948 0.195354
v 0.213929 1.609439 0.227795
v 0.256987 1.602830 0.249897
v 0.302452 1.587768 0.259496
v 0.345875 1.565727 0.255653
v 0.383004 1.538865 0.238745
v 0.410206 1.509810 0.210425
v 0.424818 1.481408 0.173466
v 0.417079 1.461375 0.130189
v 0.404425 1.443462 0.089949
v 0.379801 1.432816 0.052792
v 0.345618 1.430479 0.022356
v 0.305222 1.436680 0.001620
v 0.262567 1.450811 -0.007386
v 0.221828 1.471490 -0.003780
v 0.186993 1.496692 0.012084
v 0.161472 1.523951 0.038653
v 0.147763 1.550597 0.073328
v 0.147209 1.574024 0.112713
v 0.159863 1.591937 0.152953
v 0.184486 1.602583 0.190110
v 0.218669 1.604920 0.220546
v 0.259065 1.598719 0.241282
v 0.301721 1.584588 0.250288
v 0.342460 1.563909 0.246682
v 0.377295 1.538707 0.230818
v 0.402815 1.511448 0.204249
v 0.416524 1.484802 0.169574
v 0.410681 1.468281 0.127577
v 0.398779 1.451432 0.089727
v 0.375619 1.441419 0.054779
v 0.343467 1.439221 0.026151
v 0.305472 1.445053 0.006648
v 0.265351 1.458344 -0.001823
v 0.227033 1.477794 0.001568
v 0.194268 1.501499 0.016489
v 0.170264 1.527138 0.041480
v 0.157370 1.552201 0.074094
v 0.156848 1.574235 0.111139
v 0.168750 1.591083 0.148988
v 0.191911 1.601097 0.183936
v 0.224062 1.603295 0.212564
v 0.262058 1.597463 0.232067
v 0.302178 1.584171 0.240538
v 0.340496 1.564721 0.237147
v 0.373261 1.541017 0.222226
v 0.397265 1.515378 0.197235
v 0.410159 1.490315 0.164621
v 0.406842 1.476479 0.123903
v 0.395537 1.460475 0.087952
v 0.373538 1.450964 0.054756
v 0.342998 1.448876 0.027564
v 0.306908 1.454416 0.009038
v 0.268799 1.467041 0.000992
v 0.232402 1.485516 0.004213
v 0.201280 1.508032 0.018386
v 0.178480 1.532385 0.042124
v 0.166232 1.556191 0.073103
v 0.165737 1.577121 0.108290
v 0.177042 1.593124 0.144241
v 0.199041 1.602636 0.177437
v 0.229580 1.604724 0.204629
v 0.265671 1.599184 0.223155
v 0.303780 1.586559 0.231201
v 0.340176 1.568084 0.227980
v 0.371298 1.545568 0.213807
v 0.394099 1.521215 0.190069
v 0.406346 1.497408 0.159091
v 0.405937 1.485168 0.119530
v 0.395015 1.469707 0.084797
v 0.373762 1.460518 0.052726
v 0.344257 1.458501 0.026455
v 0.309390 1.463853 0.008558
v 0.272573 1.476050 0.000784
v 0.237410 1.493899 0.003896
v 0.207342 1.515651 0.017589
v 0.185315 1.539179 0.040522
v 0.173482 1.562179 0.070451
v 0.173004 1.582399 0.104445
v 0.183925 1.597860 0.139178
v 0.205179 1.607049 0.171249
v 0.234683 1.609066 0.197520
v 0.269551 1.603714 0.215418
v 0.306368 1.591517 0.223191
v 0.341531 1.573668 0.220079
v 0.371598 1.551915 0.206386
v 0.393626 1.528388 0.183453
v 0.405458 1.505388 0.153524
vt 0.502152 0.030899
vt 0.502678 0.031231
vt 0.502923 0.032017
vt 0.502555 0.031601
vt 0.501750 0.030704
vt 0.502257 0.031284
vt 0.640997 0.058182
vt 0.501593 0.031174
vt 0.640082 0.058417
vt 0.640799 0.058926
vt 0.639259 0.058036
vt 0.639892 0.058770
vt 0.638255 0.057352
vt 0.638750 0.058427
vt 0.635387 0.056801
vt 0.635751 0.058610
vt 0.628241 0.056176
vt 0.628337 0.059041
vt 0.616712 0.054858
vt 0.616485 0.058521
vt 0.602209 0.052728
vt 0.601723 0.056831
vt 0.586124 0.049987
vt 0.585466 0.054285
vt 0.569432 0.046903
vt 0.568666 0.051244
vt 0.552854 0.043715
vt 0.552019 0.047965
vt 0.537141 0.040626
vt 0.536261 0.044607
vt 0.523327 0.037820
vt 0.522417 0.041254
vt 0.512780 0.035461
vt 0.511900 0.038006
vt 0.506607 0.033711
vt 0.505936 0.035252
vt 0.504245 0.032606
vt 0.503964 0.033645
vt 0.503379 0.031778
vt 0.503409 0.032641
vt 0.502819 0.032831
vt 0.502613 0.032397
vt 0.502462 0.032008
vt 0.501837 0.031688
vt 0.641658 0.059179
vt 0.640746 0.059265
vt 0.639598 0.059287
vt 0.636640 0.060260
vt 0.628889 0.061867
vt 0.616543 0.062171
vt 0.601393 0.060904
vt 0.584882 0.058535
vt 0.567911 0.055524
vt 0.551128 0.052146
vt 0.535227 0.048508
vt 0.521218 0.044588
vt 0.510580 0.040394
vt 0.504787 0.036559
vt 0.503325 0.034536
vt 0.503106 0.033458
vt 0.502391 0.033561
vt 0.502324 0.033164
vt 0.502337 0.032755
vt 0.501847 0.032250
vt 0.642570 0.059168
vt 0.641728 0.059478
vt 0.640700 0.059843
vt 0.637986 0.061643
vt 0.629844 0.064597
vt 0.616853 0.065762
vt 0.601206 0.064897
vt 0.584374 0.062683
vt 0.567181 0.059693
vt 0.550203 0.056214
vt 0.534077 0.052294
vt 0.519780 0.047792
vt 0.508882 0.042582
vt 0.503235 0.037533
vt 0.502407 0.035193
vt 0.502517 0.034137
vt 0.501705 0.034129
vt 0.501743 0.033805
vt 0.501921 0.033414
vt 0.501634 0.032776
vt 0.643459 0.058910
vt 0.642747 0.059401
vt 0.641943 0.060048
vt 0.639714 0.062688
vt 0.631140 0.067205
vt 0.617368 0.069269
vt 0.601141 0.068780
vt 0.583944 0.066703
vt 0.566492 0.063728
vt 0.549272 0.060151
vt 0.532850 0.055957
vt 0.518159 0.050869
vt 0.506875 0.044565
vt 0.501359 0.038108
vt 0.501305 0.035573
vt 0.501710 0.034619
vt 0.500838 0.034490
vt 0.501109 0.034287
vt 0.501285 0.033915
vt 0.501247 0.033195
vt 0.644263 0.058431
vt 0.643726 0.059050
vt 0.643219 0.059888
vt 0.641765 0.063344
vt 0.632719 0.069697
vt 0.618045 0.072692
vt 0.601179 0.072552
vt 0.583591 0.070592
vt 0.565859 0.067632
vt 0.548359 0.063969
vt 0.531579 0.059516
vt 0.516401 0.053844
vt 0.504607 0.046372
vt 0.499216 0.038237
vt 0.500107 0.035664
vt 0.500757 0.034876
vt 0.500012 0.034697
vt 0.500357 0.034607
vt 0.500646 0.034259
vt 0.500757 0.033468
vt 0.644920 0.057759
vt 0.644599 0.058452
vt 0.644425 0.059377
vt 0.644122 0.063564
vt 0.634544 0.072098
vt 0.618848 0.076054
vt 0.601303 0.076229
vt 0.583317 0.074368
vt 0.565296 0.071428
vt 0.547488 0.067700
vt 0.530295 0.063012
vt 0.514537 0.056768
vt 0.502101 0.048050
vt 0.496819 0.037865
vt 0.498889 0.035471
vt 0.499723 0.034893
vt 0.499140 0.034718
vt 0.499564 0.034694
vt 0.499939 0.034423
vt 0.500233 0.033576
vt 0.645358 0.056934
vt 0.645299 0.057640
vt 0.645465 0.058550
vt 0.646823 0.063268
vt 0.636596 0.074451
vt 0.619750 0.079388
vt 0.601495 0.079840
vt 0.583120 0.078059
vt 0.564817 0.075148
vt 0.546681 0.071385
vt 0.529019 0.066498
vt 0.512588 0.059702
vt 0.499347 0.049667
vt 0.494124 0.036880
vt 0.497725 0.035004
vt 0.498665 0.034655
vt 0.498307 0.034485
vt 0.498764 0.034594
vt 0.499219 0.034393
vt 0.499741 0.033520
vt 0.645483 0.056023
vt 0.645722 0.056652
vt 0.646219 0.057497
vt 0.650007 0.062286
vt 0.638876 0.076819
vt 0.620722 0.082744
vt 0.601732 0.083423
vt 0.583000 0.081692
vt 0.564438 0.078823
vt 0.545963 0.075068
vt 0.527778 0.070035
vt 0.510571 0.062727
vt 0.496314 0.051322
vt 0.490975 0.035026
vt 0.496695 0.034299
vt 0.497934 0.034367
vt 0.497707 0.034134
vt 0.498030 0.034277
vt 0.498471 0.034214
vt 0.499349 0.033309
vt 0.645224 0.055162
vt 0.645749 0.055586
vt 0.646577 0.056313
vt 0.654055 0.060190
vt 0.646894 0.030163
vt 0.630484 0.019803
vt 0.613025 0.013314
vt 0.595220 0.008524
vt 0.576829 0.004533
vt 0.557648 0.001427
vt 0.537665 0.000001
vt 0.517163 0.001923
vt 0.497694 0.010560
vt 0.486944 0.031622
vt 0.495918 0.033374
vt 0.497319 0.033892
vt 0.497129 0.033486
vt 0.497440 0.033747
vt 0.497882 0.033792
vt 0.499130 0.032974
vt 0.644624 0.054515
vt 0.645309 0.054623
vt 0.646465 0.055111
vt 0.654683 0.055685
vt 0.644606 0.032845
vt 0.628975 0.023086
vt 0.611927 0.016789
vt 0.594303 0.012089
vt 0.576152 0.008211
vt 0.557404 0.005188
vt 0.538106 0.003695
vt 0.518619 0.005218
vt 0.500627 0.012602
vt 0.491060 0.028700
vt 0.495782 0.032232
vt 0.496902 0.033017
vt 0.496940 0.032648
vt 0.497085 0.033042
vt 0.497480 0.033274
vt 0.499324 0.032483
vt 0.643825 0.054158
vt 0.644501 0.053939
vt 0.645840 0.054113
vt 0.653930 0.051216
vt 0.642393 0.035261
vt 0.627466 0.026211
vt 0.610840 0.020192
vt 0.593445 0.015615
vt 0.575527 0.011827
vt 0.557155 0.008850
vt 0.538460 0.007272
vt 0.519896 0.008405
vt 0.503191 0.014578
vt 0.494172 0.027145
vt 0.496293 0.031110
vt 0.496930 0.032076
vt 0.497082 0.031809
vt 0.497034 0.032250
vt 0.497238 0.032618
vt 0.498783 0.032444
vt 0.643005 0.053992
vt 0.643511 0.053568
vt 0.644834 0.053425
vt 0.649485 0.049722
vt 0.640153 0.037443
vt 0.625962 0.029222
vt 0.609759 0.023546
vt 0.592612 0.019121
vt 0.574924 0.015415
vt 0.556889 0.012461
vt 0.538732 0.010784
vt 0.521011 0.011528
vt 0.505442 0.016555
vt 0.496780 0.026362
vt 0.497157 0.030165
vt 0.497343 0.031230
vt 0.497513 0.031072
vt 0.497284 0.031489
vt 0.497329 0.031890
vt 0.498527 0.032145
vt 0.642124 0.053983
vt 0.642477 0.053466
vt 0.643668 0.052969
vt 0.646162 0.049178
vt 0.637937 0.039469
vt 0.624466 0.032169
vt 0.608681 0.026882
vt 0.591787 0.022633
vt 0.574322 0.019009
vt 0.556591 0.016064
vt 0.538924 0.014275
vt 0.521972 0.014629
vt 0.507415 0.018578
vt 0.499069 0.026123
vt 0.498235 0.029478
vt 0.497992 0.030556
vt 0.498141 0.030491
vt 0.497770 0.030844
vt 0.497741 0.031222
vt 0.498459 0.031739
vt 0.641270 0.054208
vt 0.641471 0.053606
vt 0.642438 0.052806
vt 0.643433 0.049215
vt 0.635839 0.041475
vt 0.622998 0.035106
vt 0.607608 0.030241
vt 0.590959 0.026186
vt 0.573704 0.022646
vt 0.556252 0.019701
vt 0.539030 0.017786
vt 0.522783 0.017744
vt 0.509128 0.020678
vt 0.501101 0.026321
vt 0.499424 0.029090
vt 0.498779 0.030080
vt 0.498891 0.030093
vt 0.498418 0.030358
vt 0.498244 0.030698
vt 0.498604 0.031311
vt 0.640511 0.054645
vt 0.640551 0.053973
vt 0.641224 0.052946
vt 0.641110 0.049693
vt 0.633897 0.043545
vt 0.621585 0.038090
vt 0.606549 0.033665
vt 0.590123 0.029820
vt 0.573060 0.026365
vt 0.555862 0.023411
vt 0.539043 0.021355
vt 0.523433 0.020904
vt 0.510583 0.022880
vt 0.502887 0.026896
vt 0.500639 0.029012
vt 0.499638 0.029817
vt 0.499708 0.029894
vt 0.499166 0.030055
vt 0.498878 0.030333
vt 0.498938 0.030934
vt 0.639907 0.055265
vt 0.639777 0.054552
vt 0.640104 0.053385
vt 0.639135 0.050551
vt 0.632148 0.045740
vt 0.620259 0.041168
vt 0.605518 0.037198
vt 0.589283 0.033572
vt 0.572386 0.030202
vt 0.555410 0.027230
vt 0.538951 0.025014
vt 0.523906 0.024138
vt 0.511761 0.025201
vt 0.504402 0.027808
vt 0.501803 0.029245
vt 0.500515 0.029778
vt 0.500536 0.029910
vt 0.499963 0.029950
vt 0.499588 0.030144
vt 0.499417 0.030658
vt 0.639521 0.056028
vt 0.639208 0.055312
vt 0.639162 0.054105
vt 0.637516 0.051751
vt 0.630639 0.048099
vt 0.619058 0.044378
vt 0.604538 0.040870
vt 0.588447 0.037470
vt 0.571682 0.034184
vt 0.554889 0.031180
vt 0.538735 0.028781
vt 0.524172 0.027460
vt 0.512623 0.027647
vt 0.505598 0.029017
vt 0.502833 0.029771
vt 0.501507 0.029923
vt 0.501313 0.030151
vt 0.500752 0.030061
vt 0.500327 0.030120
vt 0.499989 0.030525
vt 0.639406 0.056871
vt 0.638907 0.056204
vt 0.638488 0.055065
vt 0.636308 0.053248
vt 0.629437 0.050642
vt 0.618032 0.047739
vt 0.603638 0.044696
vt 0.587629 0.041522
vt 0.570949 0.038314
vt 0.554292 0.035264
vt 0.538374 0.032659
vt 0.524189 0.030869
vt 0.513117 0.030205
vt 0.506408 0.030466
vt 0.503638 0.030557
vt 0.502367 0.030336
vt 0.502116 0.030583
vt 0.501468 0.030393
vt 0.501024 0.030351
vt 0.500593 0.030563
vt 0.639598 0.057703
vt 0.638919 0.057146
vt 0.638168 0.056186
vt 0.635578 0.054968
vt 0.628617 0.053351
vt 0.617235 0.051245
vt 0.602852 0.048663
vt 0.586850 0.045710
vt 0.570196 0.042570
vt 0.553614 0.039459
vt 0.537847 0.036623
vt 0.523917 0.034338
vt 0.513183 0.032833
vt 0.506762 0.032070
vt 0.504131 0.031536
vt 0.503017 0.030977
vt 0.640581 0.057749
vt 0.501155 0.030783
vt 0.640372 0.057209
vt 0.640388 0.056639
vt 0.640612 0.056117
vt 0.640996 0.055707
vt 0.641474 0.055449
vt 0.641973 0.055361
vt 0.642423 0.055452
vt 0.642704 0.055931
vt 0.656447 0.049284
vt 0.643249 0.055701
vt 0.658882 0.047181
vt 0.643698 0.055815
vt 0.644064 0.056121
vt 0.644243 0.056584
vt 0.644186 0.057117
vt 0.643909 0.057635
vt 0.643454 0.058073
vt 0.642870 0.058380
vt 0.642217 0.058514
vt 0.641566 0.058447
vt 0.492965 0.053186
vt 0.508507 0.065931
vt 0.526603 0.073680
vt 0.545366 0.078783
vt 0.564177 0.082471
vt 0.582946 0.085289
vt 0.601980 0.087019
vt 0.621733 0.086179
vt 0.641401 0.079290
vn -0.834800 0.506811 0.215060
vn -0.921187 0.384521 -0.059658
vn -0.758982 0.617851 -0.205442
vn -0.677003 0.733903 0.055265
vn -0.666697 0.579491 0.468728
vn -0.517473 0.802876 0.295993
vn -0.433334 0.595445 0.676511
vn -0.296011 0.818020 0.493175
vn -0.157553 0.553116 0.818071
vn -0.034295 0.777848 0.627517
vn 0.133652 0.456642 0.879554
vn 0.242056 0.686294 0.685864
vn 0.411772 0.315469 0.854940
vn 0.505991 0.552322 0.662506
vn 0.649586 0.143416 0.746639
vn 0.731676 0.389043 0.559728
vn 0.823815 -0.042676 0.565251
vn 0.897017 0.212443 0.387594
vn 0.917402 -0.224590 0.328532
vn 0.985831 0.039807 0.162949
vn 0.921187 -0.384521 0.059656
vn 0.989424 -0.111964 -0.092215
vn 0.834801 -0.506809 -0.215061
vn 0.907445 -0.228015 -0.352922
vn 0.666699 -0.579488 -0.468729
vn 0.747915 -0.296989 -0.593650
vn 0.433335 -0.595443 -0.676512
vn 0.526454 -0.312132 -0.790835
vn 0.157555 -0.553113 -0.818072
vn 0.264740 -0.271958 -0.925177
vn -0.133651 -0.456639 -0.879556
vn -0.011612 -0.180403 -0.983524
vn -0.411771 -0.315466 -0.854942
vn -0.275548 -0.046430 -0.960165
vn -0.649584 -0.143413 -0.746641
vn -0.501232 0.116844 -0.857388
vn -0.823813 0.042678 -0.565252
vn -0.666575 0.293444 -0.685251
vn -0.917401 0.224592 -0.328534
vn -0.755389 0.466079 -0.460607
vn -0.519985 0.787848 -0.330015
vn -0.450736 0.885880 -0.109793
vn -0.315978 0.944143 0.093554
vn -0.128906 0.956933 0.260120
vn 0.092171 0.923000 0.373599
vn 0.325609 0.845664 0.422884
vn 0.548561 0.732495 0.403153
vn 0.739200 0.594571 0.316337
vn 0.878867 0.445395 0.170930
vn 0.953889 0.299568 -0.018833
vn 0.956924 0.171361 -0.234373
vn 0.887676 0.073327 -0.454593
vn 0.752919 0.015067 -0.657941
vn 0.565847 0.002279 -0.824507
vn 0.344771 0.036212 -0.937988
vn 0.111332 0.113548 -0.987275
vn -0.111617 0.226720 -0.967543
vn -0.302257 0.364644 -0.880725
vn -0.441923 0.513819 -0.735319
vn -0.516948 0.659645 -0.545557
vn -0.229494 0.877654 -0.420781
vn -0.179908 0.947846 -0.263098
vn -0.083421 0.989563 -0.117496
vn 0.050524 0.998721 0.001768
vn 0.208820 0.974424 0.083020
vn 0.375966 0.919049 0.118312
vn 0.535604 0.838017 0.104186
vn 0.672106 0.739261 0.042023
vn 0.772108 0.632451 -0.062091
vn 0.825824 0.528038 -0.197969
vn 0.827997 0.436239 -0.352301
vn 0.778417 0.366042 -0.509981
vn 0.681929 0.324326 -0.655580
vn 0.547980 0.315171 -0.774845
vn 0.389685 0.339466 -0.856100
vn 0.222538 0.394838 -0.891392
vn 0.062899 0.475870 -0.877264
vn -0.073603 0.574625 -0.815100
vn -0.173607 0.681439 -0.710986
vn -0.227323 0.785857 -0.575112
vn 0.082366 0.879329 -0.469038
vn 0.107435 0.914822 -0.389306
vn 0.156222 0.935915 -0.315686
vn 0.223953 0.940544 -0.255386
vn 0.303993 0.928259 -0.214299
vn 0.388507 0.900261 -0.196452
vn 0.469226 0.859288 -0.203597
vn 0.538245 0.809354 -0.235031
vn 0.588810 0.755346 -0.287672
vn 0.615973 0.702549 -0.356374
vn 0.617069 0.656134 -0.434412
vn 0.591997 0.620644 -0.514141
vn 0.543213 0.599548 -0.587760
vn 0.475485 0.594915 -0.648067
vn 0.395444 0.607200 -0.689153
vn 0.310928 0.635199 -0.706997
vn 0.230209 0.676173 -0.699853
vn 0.161190 0.726109 -0.668419
vn 0.110625 0.780117 -0.615776
vn 0.083464 0.832913 -0.547073
vn 0.384230 0.794222 -0.470721
vn 0.382464 0.791717 -0.476346
vn 0.379023 0.790227 -0.481543
vn 0.374244 0.789901 -0.485796
vn 0.368598 0.790771 -0.488689
vn 0.362635 0.792747 -0.489946
vn 0.356943 0.795637 -0.489442
vn 0.352074 0.799159 -0.487226
vn 0.348507 0.802969 -0.483513
vn 0.346594 0.806691 -0.478667
vn 0.346513 0.809966 -0.473163
vn 0.348276 0.812473 -0.467539
vn 0.351720 0.813959 -0.462346
vn 0.356502 0.814283 -0.458094
vn 0.362146 0.813417 -0.455195
vn 0.368106 0.811442 -0.453937
vn 0.373800 0.808552 -0.454441
vn 0.378671 0.805031 -0.456656
vn 0.382238 0.801220 -0.460370
vn 0.384152 0.797496 -0.465217
vn 0.646820 0.632224 -0.426517
vn 0.618547 0.592198 -0.516432
vn 0.563527 0.568411 -0.599455
vn 0.487148 0.563191 -0.667460
vn 0.396886 0.577045 -0.713793
vn 0.301576 0.608618 -0.733918
vn 0.210548 0.654824 -0.725862
vn 0.132713 0.711136 -0.690415
vn 0.075688 0.772044 -0.631046
vn 0.045059 0.831583 -0.553570
vn 0.043823 0.883927 -0.465568
vn 0.072098 0.923951 -0.375655
vn 0.127114 0.947739 -0.292632
vn 0.203492 0.952961 -0.224624
vn 0.293753 0.939107 -0.178292
vn 0.389062 0.907531 -0.158170
vn 0.480090 0.861326 -0.166224
vn 0.557926 0.805014 -0.201670
vn 0.614950 0.744107 -0.261038
vn 0.645581 0.684568 -0.338514
vn 0.845637 0.410234 -0.341476
vn 0.793727 0.336758 -0.506548
vn 0.692718 0.293088 -0.658970
vn 0.552498 0.283500 -0.783820
vn 0.386788 0.308933 -0.868882
vn 0.211811 0.366900 -0.905826
vn 0.044696 0.451727 -0.891036
vn -0.098201 0.555109 -0.825961
vn -0.202891 0.666927 -0.716968
vn -0.259125 0.776234 -0.574731
vn -0.261397 0.872331 -0.413170
vn -0.209488 0.945812 -0.248101
vn -0.108480 0.989483 -0.095680
vn 0.031741 0.999070 0.029173
vn 0.197448 0.973635 0.114236
vn 0.372425 0.915666 0.151182
vn 0.539541 0.830839 0.136391
vn 0.682436 0.727458 0.071313
vn 0.787126 0.615640 -0.037679
vn 0.843362 0.506331 -0.179915
vn 0.962886 0.150170 -0.224276
vn 0.892406 0.050398 -0.448411
vn 0.755254 -0.008899 -0.655371
vn 0.564859 -0.021917 -0.824896
vn 0.339856 0.012622 -0.940393
vn 0.102270 0.091330 -0.990555
vn -0.124642 0.206508 -0.970474
vn -0.318669 0.346883 -0.882112
vn -0.460818 0.498710 -0.734122
vn -0.537176 0.647127 -0.540989
vn -0.540265 0.777609 -0.321618
vn -0.469783 0.877383 -0.097483
vn -0.332630 0.936682 0.109475
vn -0.142233 0.949700 0.278999
vn 0.082769 0.915162 0.394497
vn 0.320354 0.836451 0.444660
vn 0.547265 0.721273 0.424577
vn 0.741293 0.580899 0.336217
vn 0.883441 0.429072 0.188228
vn 0.959797 0.280654 -0.004905
vn 0.988624 -0.123222 -0.086250
vn 0.906302 -0.239758 -0.348041
vn 0.746111 -0.309015 -0.589770
vn 0.523729 -0.324220 -0.787775
vn 0.260924 -0.283882 -0.922675
vn -0.016577 -0.191948 -0.981265
vn -0.281611 -0.057418 -0.957809
vn -0.508233 0.106538 -0.854604
vn -0.674263 0.283873 -0.681752
vn -0.763446 0.457226 -0.456173
vn -0.767054 0.609631 -0.199948
vn -0.684733 0.726166 0.061843
vn -0.524542 0.795424 0.303573
vn -0.302159 0.810629 0.501579
vn -0.039354 0.770291 0.636477
vn 0.238146 0.678357 0.695067
vn 0.503180 0.543827 0.671612
vn 0.729803 0.379870 0.568407
vn 0.895833 0.202535 0.395554
vn 0.985016 0.029184 0.169975
vn 0.921188 -0.384519 0.059657
vn 0.834801 -0.506810 -0.215062
vn 0.666699 -0.579489 -0.468728
vn 0.433335 -0.595445 -0.676511
vn 0.157553 -0.553114 -0.818072
vn -0.133650 -0.456640 -0.879556
vn -0.411771 -0.315465 -0.854942
vn -0.649585 -0.143413 -0.746640
vn -0.823813 0.042677 -0.565252
vn -0.917401 0.224592 -0.328534
vn -0.921187 0.384521 -0.059656
vn -0.834801 0.506810 0.215062
vn -0.666699 0.579488 0.468728
vn -0.433335 0.595444 0.676511
vn -0.157553 0.553114 0.818072
vn 0.133651 0.456640 0.879555
vn 0.411771 0.315468 0.854941
vn 0.649586 0.143416 0.746639
vn 0.823814 -0.042676 0.565251
vn 0.917401 -0.224591 0.328533
vn 0.767055 -0.609629 0.199947
vn 0.684735 -0.726164 -0.061844
vn 0.524541 -0.795425 -0.303573
vn 0.302158 -0.810629 -0.501579
vn 0.039356 -0.770289 -0.636480
vn -0.238145 -0.678355 -0.695070
vn -0.503179 -0.543825 -0.671613
vn -0.729803 -0.379870 -0.568408
vn -0.895833 -0.202536 -0.395554
vn -0.985016 -0.029182 -0.169974
vn -0.988624 0.123221 0.086251
vn -0.906303 0.239755 0.348041
vn -0.746111 0.309015 0.589770
vn -0.523728 0.324219 0.787776
vn -0.260925 0.283881 0.922675
vn 0.016577 0.191948 0.981265
vn 0.281611 0.057418 0.957809
vn 0.508232 -0.106540 0.854605
vn 0.674262 -0.283874 0.681752
vn 0.763447 -0.457225 0.456173
vn 0.540262 -0.777610 0.321619
vn 0.469782 -0.877384 0.097483
vn 0.332631 -0.936681 -0.109477
vn 0.142235 -0.949699 -0.279001
vn -0.082769 -0.915163 -0.394495
vn -0.320355 -0.836452 -0.444658
vn -0.547265 -0.721273 -0.424577
vn -0.741293 -0.580898 -0.336216
vn -0.883441 -0.429072 -0.188226
vn -0.959796 -0.280655 0.004906
vn -0.962885 -0.150172 0.224277
vn -0.892405 -0.050398 0.448412
vn -0.755254 0.008900 0.655371
vn -0.564860 0.021919 0.824896
vn -0.339857 -0.012618 0.940393
vn -0.102271 -0.091329 0.990555
vn 0.124641 -0.206512 0.970473
vn 0.318669 -0.346884 0.882112
vn 0.460819 -0.498709 0.734123
vn 0.537174 -0.647127 0.540991
vn 0.261406 -0.872330 0.413168
vn 0.209494 -0.945812 0.248098
vn 0.108481 -0.989483 0.095678
vn -0.031738 -0.999070 -0.029176
vn -0.197447 -0.973635 -0.114239
vn -0.372425 -0.915666 -0.151181
vn -0.539540 -0.830840 -0.136387
vn -0.682437 -0.727458 -0.071311
vn -0.787128 -0.615638 0.037677
vn -0.843363 -0.506330 0.179913
vn -0.845638 -0.410232 0.341476
vn -0.793732 -0.336748 0.506548
vn -0.692722 -0.293077 0.658970
vn -0.552499 -0.283492 0.783822
vn -0.386789 -0.308931 0.868882
vn -0.211811 -0.366899 0.905826
vn -0.044695 -0.451727 0.891036
vn 0.098204 -0.555108 0.825961
vn 0.202895 -0.666924 0.716970
vn 0.259131 -0.776232 0.574730
vn -0.043822 -0.883927 0.465567
vn -0.072093 -0.923952 0.375653
vn -0.127114 -0.947739 0.292631
vn -0.203491 -0.952961 0.224624
vn -0.293752 -0.939108 0.178287
vn -0.389063 -0.907532 0.158162
vn -0.480091 -0.861327 0.166220
vn -0.557927 -0.805014 0.201668
vn -0.614954 -0.744105 0.261035
vn -0.645584 -0.684566 0.338513
vn -0.646819 -0.632225 0.426516
vn -0.618547 -0.592198 0.516432
vn -0.563528 -0.568408 0.599456
vn -0.487149 -0.563187 0.667462
vn -0.396886 -0.577044 0.713794
vn -0.301577 -0.608620 0.733917
vn -0.210549 -0.654825 0.725860
vn -0.132714 -0.711137 0.690413
vn -0.075694 -0.772044 0.631045
vn -0.045065 -0.831582 0.553570
vn -0.346520 -0.809963 0.473164
vn -0.348285 -0.812468 0.467540
vn -0.351725 -0.813956 0.462347
vn -0.356501 -0.814281 0.458097
vn -0.362147 -0.813413 0.455203
vn -0.368107 -0.811439 0.453942
vn -0.373800 -0.808553 0.454441
vn -0.378669 -0.805030 0.456658
vn -0.382235 -0.801221 0.460372
vn -0.384149 -0.797497 0.465218
vn -0.384227 -0.794224 0.470721
vn -0.382456 -0.791722 0.476343
vn -0.379015 -0.790234 0.481537
vn -0.374242 -0.789905 0.485792
vn -0.368596 -0.790772 0.488688
vn -0.362636 -0.792748 0.489945
vn -0.356943 -0.795637 0.489442
vn -0.352074 -0.799159 0.487226
vn -0.348510 -0.802968 0.483512
vn -0.346598 -0.806690 0.478666
vn -0.617072 -0.656132 0.434411
vn -0.592002 -0.620639 0.514141
vn -0.543213 -0.599546 0.587761
vn -0.475484 -0.594916 0.648066
vn -0.395445 -0.607203 0.689150
vn -0.310929 -0.635205 0.706992
vn -0.230210 -0.676176 0.699850
vn -0.161188 -0.726107 0.668422
vn -0.110621 -0.780116 0.615777
vn -0.083462 -0.832913 0.547074
vn -0.082365 -0.879330 0.469037
vn -0.107433 -0.914822 0.389305
vn -0.156223 -0.935915 0.315686
vn -0.223954 -0.940544 0.255383
vn -0.303991 -0.928260 0.214298
vn -0.388507 -0.900261 0.196451
vn -0.469227 -0.859288 0.203592
vn -0.538247 -0.809354 0.235025
vn -0.588811 -0.755345 0.287671
vn -0.615972 -0.702549 0.356375
vn -0.827997 -0.436241 0.352299
vn -0.778415 -0.366046 0.509982
vn -0.681928 -0.324327 0.655581
vn -0.547980 -0.315170 0.774845
vn -0.389686 -0.339471 0.856099
vn -0.222539 -0.394844 0.891389
vn -0.062901 -0.475871 0.877263
vn 0.073598 -0.574627 0.815100
vn 0.173601 -0.681443 0.710984
vn 0.227317 -0.785858 0.575112
vn 0.229492 -0.877654 0.420780
vn 0.179910 -0.947847 0.263096
vn 0.083421 -0.989563 0.117496
vn -0.050525 -0.998721 -0.001769
vn -0.208818 -0.974424 -0.083021
vn -0.375966 -0.919050 -0.118306
vn -0.535602 -0.838019 -0.104180
vn -0.672105 -0.739263 -0.042020
vn -0.772107 -0.632452 0.062095
vn -0.825822 -0.528039 0.197970
vn -0.956925 -0.171360 0.234372
vn -0.887675 -0.073328 0.454594
vn -0.752918 -0.015067 0.657941
vn -0.565846 -0.002281 0.824508
vn -0.344770 -0.036214 0.937988
vn -0.111332 -0.113547 0.987275
vn 0.111617 -0.226718 0.967543
vn 0.302256 -0.364644 0.880725
vn 0.441925 -0.513818 0.735318
vn 0.516949 -0.659645 0.545557
vn 0.519983 -0.787849 0.330017
vn 0.450733 -0.885881 0.109794
vn 0.315978 -0.944143 -0.093555
vn 0.128906 -0.956933 -0.260121
vn -0.092170 -0.922999 -0.373602
vn -0.325609 -0.845663 -0.422887
vn -0.548559 -0.732497 -0.403152
vn -0.739199 -0.594573 -0.316335
vn -0.878868 -0.445393 -0.170929
vn -0.953890 -0.299565 0.018829
vn -0.989425 0.111963 0.092214
vn -0.907444 0.228016 0.352922
vn -0.747915 0.296990 0.593650
vn -0.526454 0.312129 0.790836
vn -0.264740 0.271957 0.925177
vn 0.011611 0.180404 0.983524
vn 0.275548 0.046432 0.960165
vn 0.501233 -0.116844 0.857387
vn 0.666575 -0.293443 0.685251
vn 0.755389 -0.466079 0.460606
vn 0.758981 -0.617852 0.205442
vn 0.677002 -0.733903 -0.055265
vn 0.517474 -0.802876 -0.295993
vn 0.296012 -0.818018 -0.493176
vn 0.034296 -0.777846 -0.627518
vn -0.242055 -0.686291 -0.685867
vn -0.505990 -0.552320 -0.662508
vn -0.731675 -0.389044 -0.559729
vn -0.897017 -0.212442 -0.387594
vn -0.985831 -0.039807 -0.162949
s 1
g pTorus1
usemtl initialShadingGroup
f 584/613/915 583/614/916 603/615/917 604/616/918
f 585/617/919 584/613/915 604/616/918 605/618/920
f 586/1014/921 585/617/919 605/618/920 606/620/922
f 587/621/923 586/619/921 606/1034/922 607/622/924
f 588/623/925 587/621/923 607/622/924 608/624/926
f 589/625/927 588/623/925 608/624/926 609/626/928
f 590/627/929 589/625/927 609/626/928 610/628/930
f 591/629/931 590/627/929 610/628/930 611/630/932
f 592/631/933 591/629/931 611/630/932 612/632/934
f 593/633/935 592/631/933 612/632/934 613/634/936
f 594/635/937 593/633/935 613/634/936 614/636/938
f 595/637/939 594/635/937 614/636/938 615/638/940
f 596/639/941 595/637/939 615/638/940 616/640/942
f 597/641/943 596/639/941 616/640/942 617/642/944
f 598/643/945 597/641/943 617/642/944 618/644/946
f 599/645/947 598/643/945 618/644/946 619/646/948
f 600/647/949 599/645/947 619/646/948 620/648/950
f 601/649/951 600/647/949 620/648/950 621/650/952
f 602/651/953 601/649/951 621/650/952 622/652/954
f 583/614/916 602/651/953 622/652/954 603/615/917
f 604/616/918 603/615/917 623/653/955 624/654/956
f 605/618/920 604/616/918 624/654/956 625/655/957
f 606/620/922 605/618/920 625/655/957 626/656/958
f 607/622/924 606/1034/922 626/1033/958 627/657/959
f 608/624/926 607/622/924 627/657/959 628/658/960
f 609/626/928 608/624/926 628/658/960 629/659/961
f 610/628/930 609/626/928 629/659/961 630/660/962
f 611/630/932 610/628/930 630/660/962 631/661/963
f 612/632/934 611/630/932 631/661/963 632/662/964
f 613/634/936 612/632/934 632/662/964 633/663/965
f 614/636/938 613/634/936 633/663/965 634/664/966
f 615/638/940 614/636/938 634/664/966 635/665/967
f 616/640/942 615/638/940 635/665/967 636/666/968
f 617/642/944 616/640/942 636/666/968 637/667/969
f 618/644/946 617/642/944 637/667/969 638/668/970
f 619/646/948 618/644/946 638/668/970 639/669/971
f 620/648/950 619/646/948 639/669/971 640/670/972
f 621/650/952 620/648/950 640/670/972 641/671/973
f 622/652/954 621/650/952 641/671/973 642/672/974
f 603/615/917 622/652/954 642/672/974 623/653/955
f 624/654/956 623/653/955 643/673/975 644/674/976
f 625/655/957 624/654/956 644/674/976 645/675/977
f 626/656/958 625/655/957 645/675/977 646/676/978
f 627/657/959 626/1033/958 646/1032/978 647/677/979
f 628/658/960 627/657/959 647/677/979 648/678/980
f 629/659/961 628/658/960 648/678/980 649/679/981
f 630/660/962 629/659/961 649/679/981 650/680/982
f 631/661/963 630/660/962 650/680/982 651/681/983
f 632/662/964 631/661/963 651/681/983 652/682/984
f 633/663/965 632/662/964 652/682/984 653/683/985
f 634/664/966 633/663/965 653/683/985 654/684/986
f 635/665/967 634/664/966 654/684/986 655/685/987
f 636/666/968 635/665/967 655/685/987 656/686/988
f 637/667/969 636/666/968 656/686/988 657/687/989
f 638/668/970 637/667/969 657/687/989 658/688/990
f 639/669/971 638/668/970 658/688/990 659/689/991
f 640/670/972 639/669/971 659/689/991 660/690/992
f 641/671/973 640/670/972 660/690/992 661/691/993
f 642/672/974 641/671/973 661/691/993 662/692/994
f 623/653/955 642/672/974 662/692/994 643/673/975
f 644/674/976 643/673/975 663/693/995 664/694/996
f 645/675/977 644/674/976 664/694/996 665/695/997
f 646/676/978 645/675/977 665/695/997 666/696/998
f 647/677/979 646/1032/978 666/1031/998 667/697/999
f 648/678/980 647/677/979 667/697/999 668/698/1000
f 649/679/981 648/678/980 668/698/1000 669/699/1001
f 650/680/982 649/679/981 669/699/1001 670/700/1002
f 651/681/983 650/680/982 670/700/1002 671/701/1003
f 652/682/984 651/681/983 671/701/1003 672/702/1004
f 653/683/985 652/682/984 672/702/1004 673/703/1005
f 654/684/986 653/683/985 673/703/1005 674/704/1006
f 655/685/987 654/684/986 674/704/1006 675/705/1007
f 656/686/988 655/685/987 675/705/1007 676/706/1008
f 657/687/989 656/686/988 676/706/1008 677/707/1009
f 658/688/990 657/687/989 677/707/1009 678/708/1010
f 659/689/991 658/688/990 678/708/1010 679/709/1011
f 660/690/992 659/689/991 679/709/1011 680/710/1012
f 661/691/993 660/690/992 680/710/1012 681/711/1013
f 662/692/994 661/691/993 681/711/1013 682/712/1014
f 643/673/975 662/692/994 682/712/1014 663/693/995
f 664/694/996 663/693/995 683/713/1015 684/714/1016
f 665/695/997 664/694/996 684/714/1016 685/715/1017
f 666/696/998 665/695/997 685/715/1017 686/716/1018
f 667/697/999 666/1031/998 686/1030/1018 687/717/1019
f 668/698/1000 667/697/999 687/717/1019 688/718/1020
f 669/699/1001 668/698/1000 688/718/1020 689/719/1021
f 670/700/1002 669/699/1001 689/719/1021 690/720/1022
f 671/701/1003 670/700/1002 690/720/1022 691/721/1023
f 672/702/1004 671/701/1003 691/721/1023 692/722/1024
f 673/703/1005 672/702/1004 692/722/1024 693/723/1025
f 674/704/1006 673/703/1005 693/723/1025 694/724/1026
f 675/705/1007 674/704/1006 694/724/1026 695/725/1027
f 676/706/1008 675/705/1007 695/725/1027 696/726/1028
f 677/707/1009 676/706/1008 696/726/1028 697/727/1029
f 678/708/1010 677/707/1009 697/727/1029 698/728/1030
f 679/709/1011 678/708/1010 698/728/1030 699/729/1031
f 680/710/1012 679/709/1011 699/729/1031 700/730/1032
f 681/711/1013 680/710/1012 700/730/1032 701/731/1033
f 682/712/1014 681/711/1013 701/731/1033 702/732/1034
f 663/693/995 682/712/1014 702/732/1034 683/713/1015
f 684/714/1016 683/713/1015 703/733/1035 704/734/1036
f 685/715/1017 684/714/1016 704/734/1036 705/735/1037
f 686/716/1018 685/715/1017 705/735/1037 706/736/1038
f 687/717/1019 686/1030/1018 706/1029/1038 707/737/1039
f 688/718/1020 687/717/1019 707/737/1039 708/738/1040
f 689/719/1021 688/718/1020 708/738/1040 709/739/1041
f 690/720/1022 689/719/1021 709/739/1041 710/740/1042
f 691/721/1023 690/720/1022 710/740/1042 711/741/1043
f 692/722/1024 691/721/1023 711/741/1043 712/742/1044
f 693/723/1025 692/722/1024 712/742/1044 713/743/1045
f 694/724/1026 693/723/1025 713/743/1045 714/744/1046
f 695/725/1027 694/724/1026 714/744/1046 715/745/1047
f 696/726/1028 695/725/1027 715/745/1047 716/746/1048
f 697/727/1029 696/726/1028 716/746/1048 717/747/1049
f 698/728/1030 697/727/1029 717/747/1049 718/748/1050
f 699/729/1031 698/728/1030 718/748/1050 719/749/1051
f 700/730/1032 699/729/1031 719/749/1051 720/750/1052
f 701/731/1033 700/730/1032 720/750/1052 721/751/1053
f 702/732/1034 701/731/1033 721/751/1053 722/752/1054
f 683/713/1015 702/732/1034 722/752/1054 703/733/1035
f 704/734/1036 703/733/1035 723/753/1055 724/754/1056
f 705/735/1037 704/734/1036 724/754/1056 725/755/1057
f 706/736/1038 705/735/1037 725/755/1057 726/756/1058
f 707/737/1039 706/1029/1038 726/1028/1058 727/757/1059
f 708/738/1040 707/737/1039 727/757/1059 728/758/1060
f 709/739/1041 708/738/1040 728/758/1060 729/759/1061
f 710/740/1042 709/739/1041 729/759/1061 730/760/1062
f 711/741/1043 710/740/1042 730/760/1062 731/761/1063
f 712/742/1044 711/741/1043 731/761/1063 732/762/1064
f 713/743/1045 712/742/1044 732/762/1064 733/763/1065
f 714/744/1046 713/743/1045 733/763/1065 734/764/1066
f 715/745/1047 714/744/1046 734/764/1066 735/765/1067
f 716/746/1048 715/745/1047 735/765/1067 736/766/1068
f 717/747/1049 716/746/1048 736/766/1068 737/767/1069
f 718/748/1050 717/747/1049 737/767/1069 738/768/1070
f 719/749/1051 718/748/1050 738/768/1070 739/769/1071
f 720/750/1052 719/749/1051 739/769/1071 740/770/1072
f 721/751/1053 720/750/1052 740/770/1072 741/771/1073
f 722/752/1054 721/751/1053 741/771/1073 742/772/1074
f 703/733/1035 722/752/1054 742/772/1074 723/753/1055
f 724/754/1056 723/753/1055 743/773/1075 744/774/1076
f 725/755/1057 724/754/1056 744/774/1076 745/775/1077
f 726/756/1058 725/755/1057 745/775/1077 746/776/1078
f 727/757/1059 726/1028/1058 746/1027/1078 747/777/1079
f 728/758/1060 727/757/1059 747/777/1079 748/778/1080
f 729/759/1061 728/758/1060 748/778/1080 749/779/1081
f 730/760/1062 729/759/1061 749/779/1081 750/780/1082
f 731/761/1063 730/760/1062 750/780/1082 751/781/1083
f 732/762/1064 731/761/1063 751/781/1083 752/782/1084
f 733/763/1065 732/762/1064 752/782/1084 753/783/1085
f 734/764/1066 733/763/1065 753/783/1085 754/784/1086
f 735/765/1067 734/764/1066 754/784/1086 755/785/1087
f 736/766/1068 735/765/1067 755/785/1087 756/786/1088
f 737/767/1069 736/766/1068 756/786/1088 757/787/1089
f 738/768/1070 737/767/1069 757/787/1089 758/788/1090
f 739/769/1071 738/768/1070 758/788/1090 759/789/1091
f 740/770/1072 739/769/1071 759/789/1091 760/790/1092
f 741/771/1073 740/770/1072 760/790/1092 761/791/1093
f 742/772/1074 741/771/1073 761/791/1093 762/792/1094
f 723/753/1055 742/772/1074 762/792/1094 743/773/1075
f 744/774/1076 743/773/1075 763/793/1095 764/794/1096
f 745/775/1077 744/774/1076 764/794/1096 765/795/1097
f 746/776/1078 745/775/1077 765/795/1097 766/796/1098
f 747/777/1079 746/1027/1078 766/1026/1098 767/797/1099
f 748/778/1080 747/777/1079 767/797/1099 768/798/1100
f 749/779/1081 748/778/1080 768/798/1100 769/799/1101
f 750/780/1082 749/779/1081 769/799/1101 770/800/1102
f 751/781/1083 750/780/1082 770/800/1102 771/1043/1103
f 752/782/1084 751/781/1083 771/1043/1103 772/1042/1104
f 753/783/1085 752/782/1084 772/1042/1104 773/1041/1105
f 754/784/1086 753/783/1085 773/1041/1105 774/1040/1106
f 755/785/1087 754/784/1086 774/1040/1106 775/1039/1107
f 756/786/1088 755/785/1087 775/1039/1107 776/1038/1108
f 757/787/1089 756/786/1088 776/1038/1108 777/1037/1109
f 758/788/1090 757/787/1089 777/1037/1109 778/1036/1110
f 759/789/1091 758/788/1090 778/1036/1110 779/1035/1111
f 760/790/1092 759/789/1091 779/1035/1111 780/810/1112
f 761/791/1093 760/790/1092 780/810/1112 781/811/1113
f 762/792/1094 761/791/1093 781/811/1113 782/812/1114
f 743/773/1075 762/792/1094 782/812/1114 763/793/1095
f 764/794/1096 763/793/1095 783/813/1115 784/814/1116
f 765/795/1097 764/794/1096 784/814/1116 785/815/1117
f 766/796/1098 765/795/1097 785/815/1117 786/816/1118
f 767/797/1099 766/1026/1098 786/1024/1118 787/817/1119
f 768/798/1100 767/797/1099 787/817/1119 788/818/1120
f 769/799/1101 768/798/1100 788/818/1120 789/819/1121
f 770/800/1102 769/799/1101 789/819/1121 790/820/1122
f 771/801/1103 770/1025/1102 790/1023/1122 791/821/1123
f 772/802/1104 771/801/1103 791/821/1123 792/822/1124
f 773/803/1105 772/802/1104 792/822/1124 793/823/1125
f 774/804/1106 773/803/1105 793/823/1125 794/824/1126
f 775/805/1107 774/804/1106 794/824/1126 795/825/1127
f 776/806/1108 775/805/1107 795/825/1127 796/826/1128
f 777/807/1109 776/806/1108 796/826/1128 797/827/1129
f 778/808/1110 777/807/1109 797/827/1129 798/828/1130
f 779/809/1111 778/808/1110 798/828/1130 799/829/1131
f 780/810/1112 779/809/1111 799/829/1131 800/830/1132
f 781/811/1113 780/810/1112 800/830/1132 801/831/1133
f 782/812/1114 781/811/1113 801/831/1133 802/832/1134
f 763/793/1095 782/812/1114 802/832/1134 783/813/1115
f 784/814/1116 783/813/1115 803/833/1135 804/834/1136
f 785/815/1117 784/814/1116 804/834/1136 805/835/1137
f 786/816/1118 785/815/1117 805/835/1137 806/836/1138
f 787/817/1119 786/1024/1118 806/1022/1138 807/837/1139
f 788/818/1120 787/817/1119 807/837/1139 808/838/1140
f 789/819/1121 788/818/1120 808/838/1140 809/839/1141
f 790/820/1122 789/819/1121 809/839/1141 810/840/1142
f 791/821/1123 790/1023/1122 810/840/1142 811/841/1143
f 792/822/1124 791/821/1123 811/841/1143 812/842/1144
f 793/823/1125 792/822/1124 812/842/1144 813/843/1145
f 794/824/1126 793/823/1125 813/843/1145 814/844/1146
f 795/825/1127 794/824/1126 814/844/1146 815/845/1147
f 796/826/1128 795/825/1127 815/845/1147 816/846/1148
f 797/827/1129 796/826/1128 816/846/1148 817/847/1149
f 798/828/1130 797/827/1129 817/847/1149 818/848/1150
f 799/829/1131 798/828/1130 818/848/1150 819/849/1151
f 800/830/1132 799/829/1131 819/849/1151 820/850/1152
f 801/831/1133 800/830/1132 820/850/1152 821/851/1153
f 802/832/1134 801/831/1133 821/851/1153 822/852/1154
f 783/813/1115 802/832/1134 822/852/1154 803/833/1135
f 804/834/1136 803/833/1135 823/853/1155 824/854/1156
f 805/835/1137 804/834/1136 824/854/1156 825/855/1157
f 806/836/1138 805/835/1137 825/855/1157 826/856/1158
f 807/837/1139 806/1022/1138 826/1021/1158 827/857/1159
f 808/838/1140 807/837/1139 827/857/1159 828/858/1160
f 809/839/1141 808/838/1140 828/858/1160 829/859/1161
f 810/840/1142 809/839/1141 829/859/1161 830/860/1162
f 811/841/1143 810/840/1142 830/860/1162 831/861/1163
f 812/842/1144 811/841/1143 831/861/1163 832/862/1164
f 813/843/1145 812/842/1144 832/862/1164 833/863/1165
f 814/844/1146 813/843/1145 833/863/1165 834/864/1166
f 815/845/1147 814/844/1146 834/864/1166 835/865/1167
f 816/846/1148 815/845/1147 835/865/1167 836/866/1168
f 817/847/1149 816/846/1148 836/866/1168 837/867/1169
f 818/848/1150 817/847/1149 837/867/1169 838/868/1170
f 819/849/1151 818/848/1150 838/868/1170 839/869/1171
f 820/850/1152 819/849/1151 839/869/1171 840/870/1172
f 821/851/1153 820/850/1152 840/870/1172 841/871/1173
f 822/852/1154 821/851/1153 841/871/1173 842/872/1174
f 803/833/1135 822/852/1154 842/872/1174 823/853/1155
f 824/854/1156 823/853/1155 843/873/1175 844/874/1176
f 825/855/1157 824/854/1156 844/874/1176 845/875/1177
f 826/856/1158 825/855/1157 845/875/1177 846/876/1178
f 827/857/1159 826/1021/1158 846/1020/1178 847/877/1179
f 828/858/1160 827/857/1159 847/877/1179 848/878/1180
f 829/859/1161 828/858/1160 848/878/1180 849/879/1181
f 830/860/1162 829/859/1161 849/879/1181 850/880/1182
f 831/861/1163 830/860/1162 850/880/1182 851/881/1183
f 832/862/1164 831/861/1163 851/881/1183 852/882/1184
f 833/863/1165 832/862/1164 852/882/1184 853/883/1185
f 834/864/1166 833/863/1165 853/883/1185 854/884/1186
f 835/865/1167 834/864/1166 854/884/1186 855/885/1187
f 836/866/1168 835/865/1167 855/885/1187 856/886/1188
f 837/867/1169 836/866/1168 856/886/1188 857/887/1189
f 838/868/1170 837/867/1169 857/887/1189 858/888/1190
f 839/869/1171 838/868/1170 858/888/1190 859/889/1191
f 840/870/1172 839/869/1171 859/889/1191 860/890/1192
f 841/871/1173 840/870/1172 860/890/1192 861/891/1193
f 842/872/1174 841/871/1173 861/891/1193 862/892/1194
f 823/853/1155 842/872/1174 862/892/1194 843/873/1175
f 844/874/1176 843/873/1175 863/893/1195 864/894/1196
f 845/875/1177 844/874/1176 864/894/1196 865/895/1197
f 846/876/1178 845/875/1177 865/895/1197 866/896/1198
f 847/877/1179 846/1020/1178 866/1019/1198 867/897/1199
f 848/878/1180 847/877/1179 867/897/1199 868/898/1200
f 849/879/1181 848/878/1180 868/898/1200 869/899/1201
f 850/880/1182 849/879/1181 869/899/1201 870/900/1202
f 851/881/1183 850/880/1182 870/900/1202 871/901/1203
f 852/882/1184 851/881/1183 871/901/1203 872/902/1204
f 853/883/1185 852/882/1184 872/902/1204 873/903/1205
f 854/884/1186 853/883/1185 873/903/1205 874/904/1206
f 855/885/1187 854/884/1186 874/904/1206 875/905/1207
f 856/886/1188 855/885/1187 875/905/1207 876/906/1208
f 857/887/1189 856/886/1188 876/906/1208 877/907/1209
f 858/888/1190 857/887/1189 877/907/1209 878/908/1210
f 859/889/1191 858/888/1190 878/908/1210 879/909/1211
f 860/890/1192 859/889/1191 879/909/1211 880/910/1212
f 861/891/1193 860/890/1192 880/910/1212 881/911/1213
f 862/892/1194 861/891/1193 881/911/1213 882/912/1214
f 843/873/1175 862/892/1194 882/912/1214 863/893/1195
f 864/894/1196 863/893/1195 883/913/1215 884/914/1216
f 865/895/1197 864/894/1196 884/914/1216 885/915/1217
f 866/896/1198 865/895/1197 885/915/1217 886/916/1218
f 867/897/1199 866/1019/1198 886/1018/1218 887/917/1219
f 868/898/1200 867/897/1199 887/917/1219 888/918/1220
f 869/899/1201 868/898/1200 888/918/1220 889/919/1221
f 870/900/1202 869/899/1201 889/919/1221 890/920/1222
f 871/901/1203 870/900/1202 890/920/1222 891/921/1223
f 872/902/1204 871/901/1203 891/921/1223 892/922/1224
f 873/903/1205 872/902/1204 892/922/1224 893/923/1225
f 874/904/1206 873/903/1205 893/923/1225 894/924/1226
f 875/905/1207 874/904/1206 894/924/1226 895/925/1227
f 876/906/1208 875/905/1207 895/925/1227 896/926/1228
f 877/907/1209 876/906/1208 896/926/1228 897/927/1229
f 878/908/1210 877/907/1209 897/927/1229 898/928/1230
f 879/909/1211 878/908/1210 898/928/1230 899/929/1231
f 880/910/1212 879/909/1211 899/929/1231 900/930/1232
f 881/911/1213 880/910/1212 900/930/1232 901/931/1233
f 882/912/1214 881/911/1213 901/931/1233 902/932/1234
f 863/893/1195 882/912/1214 902/932/1234 883/913/1215
f 884/914/1216 883/913/1215 903/933/1235 904/934/1236
f 885/915/1217 884/914/1216 904/934/1236 905/935/1237
f 886/916/1218 885/915/1217 905/935/1237 906/936/1238
f 887/917/1219 886/1018/1218 906/1017/1238 907/937/1239
f 888/918/1220 887/917/1219 907/937/1239 908/938/1240
f 889/919/1221 888/918/1220 908/938/1240 909/939/1241
f 890/920/1222 889/919/1221 909/939/1241 910/940/1242
f 891/921/1223 890/920/1222 910/940/1242 911/941/1243
f 892/922/1224 891/921/1223 911/941/1243 912/942/1244
f 893/923/1225 892/922/1224 912/942/1244 913/943/1245
f 894/924/1226 893/923/1225 913/943/1245 914/944/1246
f 895/925/1227 894/924/1226 914/944/1246 915/945/1247
f 896/926/1228 895/925/1227 915/945/1247 916/946/1248
f 897/927/1229 896/926/1228 916/946/1248 917/947/1249
f 898/928/1230 897/927/1229 917/947/1249 918/948/1250
f 899/929/1231 898/928/1230 918/948/1250 919/949/1251
f 900/930/1232 899/929/1231 919/949/1251 920/950/1252
f 901/931/1233 900/930/1232 920/950/1252 921/951/1253
f 902/932/1234 901/931/1233 921/951/1253 922/952/1254
f 883/913/1215 902/932/1234 922/952/1254 903/933/1235
f 904/934/1236 903/933/1235 923/953/1255 924/954/1256
f 905/935/1237 904/934/1236 924/954/1256 925/955/1257
f 906/936/1238 905/935/1237 925/955/1257 926/956/1258
f 907/937/1239 906/1017/1238 926/1016/1258 927/957/1259
f 908/938/1240 907/937/1239 927/957/1259 928/958/1260
f 909/939/1241 908/938/1240 928/958/1260 929/959/1261
f 910/940/1242 909/939/1241 929/959/1261 930/960/1262
f 911/941/1243 910/940/1242 930/960/1262 931/961/1263
f 912/942/1244 911/941/1243 931/961/1263 932/962/1264
f 913/943/1245 912/942/1244 932/962/1264 933/963/1265
f 914/944/1246 913/943/1245 933/963/1265 934/964/1266
f 915/945/1247 914/944/1246 934/964/1266 935/965/1267
f 916/946/1248 915/945/1247 935/965/1267 936/966/1268
f 917/947/1249 916/946/1248 936/966/1268 937/967/1269
f 918/948/1250 917/947/1249 937/967/1269 938/968/1270
f 919/949/1251 918/948/1250 938/968/1270 939/969/1271
f 920/950/1252 919/949/1251 939/969/1271 940/970/1272
f 921/951/1253 920/950/1252 940/970/1272 941/971/1273
f 922/952/1254 921/951/1253 941/971/1273 942/972/1274
f 903/933/1235 922/952/1254 942/972/1274 923/953/1255
f 924/954/1256 923/953/1255 943/973/1275 944/974/1276
f 925/955/1257 924/954/1256 944/974/1276 945/975/1277
f 926/956/1258 925/955/1257 945/975/1277 946/976/1278
f 927/957/1259 926/1016/1258 946/1015/1278 947/977/1279
f 928/958/1260 927/957/1259 947/977/1279 948/978/1280
f 929/959/1261 928/958/1260 948/978/1280 949/979/1281
f 930/960/1262 929/959/1261 949/979/1281 950/980/1282
f 931/961/1263 930/960/1262 950/980/1282 951/981/1283
f 932/962/1264 931/961/1263 951/981/1283 952/982/1284
f 933/963/1265 932/962/1264 952/982/1284 953/983/1285
f 934/964/1266 933/963/1265 953/983/1285 954/984/1286
f 935/965/1267 934/964/1266 954/984/1286 955/985/1287
f 936/966/1268 935/965/1267 955/985/1287 956/986/1288
f 937/967/1269 936/966/1268 956/986/1288 957/987/1289
f 938/968/1270 937/967/1269 957/987/1289 958/988/1290
f 939/969/1271 938/968/1270 958/988/1290 959/989/1291
f 940/970/1272 939/969/1271 959/989/1291 960/990/1292
f 941/971/1273 940/970/1272 960/990/1292 961/991/1293
f 942/972/1274 941/971/1273 961/991/1293 962/992/1294
f 923/953/1255 942/972/1274 962/992/1294 943/973/1275
f 944/974/1276 943/973/1275 963/993/1295 964/994/1296
f 945/975/1277 944/974/1276 964/994/1296 965/995/1297
f 946/976/1278 945/975/1277 965/995/1297 966/996/1298
f 947/977/1279 946/1015/1278 966/1013/1298 967/997/1299
f 948/978/1280 947/977/1279 967/997/1299 968/998/1300
f 949/979/1281 948/978/1280 968/998/1300 969/999/1301
f 950/980/1282 949/979/1281 969/999/1301 970/1000/1302
f 951/981/1283 950/980/1282 970/1000/1302 971/1001/1303
f 952/982/1284 951/981/1283 971/1001/1303 972/1002/1304
f 953/983/1285 952/982/1284 972/1002/1304 973/1003/1305
f 954/984/1286 953/983/1285 973/1003/1305 974/1004/1306
f 955/985/1287 954/984/1286 974/1004/1306 975/1005/1307
f 956/986/1288 955/985/1287 975/1005/1307 976/1006/1308
f 957/987/1289 956/986/1288 976/1006/1308 977/1007/1309
f 958/988/1290 957/987/1289 977/1007/1309 978/1008/1310
f 959/989/1291 958/988/1290 978/1008/1310 979/1009/1311
f 960/990/1292 959/989/1291 979/1009/1311 980/1010/1312
f 961/991/1293 960/990/1292 980/1010/1312 981/1011/1313
f 962/992/1294 961/991/1293 981/1011/1313 982/1012/1314
f 943/973/1275 962/992/1294 982/1012/1314 963/993/1295
f 964/994/1296 963/993/1295 583/614/916 584/613/915
f 965/995/1297 964/994/1296 584/613/915 585/617/919
f 966/996/1298 965/995/1297 585/617/919 586/1014/921
f 967/997/1299 966/1013/1298 586/619/921 587/621/923
f 968/998/1300 967/997/1299 587/621/923 588/623/925
f 969/999/1301 968/998/1300 588/623/925 589/625/927
f 970/1000/1302 969/999/1301 589/625/927 590/627/929
f 971/1001/1303 970/1000/1302 590/627/929 591/629/931
f 972/1002/1304 971/1001/1303 591/629/931 592/631/933
f 973/1003/1305 972/1002/1304 592/631/933 593/633/935
f 974/1004/1306 973/1003/1305 593/633/935 594/635/937
f 975/1005/1307 974/1004/1306 594/635/937 595/637/939
f 976/1006/1308 975/1005/1307 595/637/939 596/639/941
f 977/1007/1309 976/1006/1308 596/639/941 597/641/943
f 978/1008/1310 977/1007/1309 597/641/943 598/643/945
f 979/1009/1311 978/1008/1310 598/643/945 599/645/947
f 980/1010/1312 979/1009/1311 599/645/947 600/647/949
f 981/1011/1313 980/1010/1312 600/647/949 601/649/951
f 982/1012/1314 981/1011/1313 601/649/951 602/651/953
f 963/993/1295 982/1012/1314 602/651/953 583/614/916
g default
v 0.614438 1.160385 0.035602
v 0.614287 1.160509 0.033825
v 0.613661 1.160358 0.032157
v 0.612623 1.159947 0.030761
v 0.611272 1.159316 0.029775
v 0.609742 1.158526 0.029294
v 0.608183 1.157655 0.029365
v 0.606746 1.156788 0.029982
v 0.605573 1.156011 0.031085
v 0.604778 1.155398 0.032565
v 0.604440 1.155011 0.034277
v 0.604591 1.154887 0.036054
v 0.605216 1.155037 0.037722
v 0.606255 1.155449 0.039117
v 0.607606 1.156080 0.040104
v 0.609136 1.156870 0.040585
v 0.610695 1.157741 0.040513
v 0.612132 1.158608 0.039896
v 0.613305 1.159385 0.038794
v 0.614099 1.159998 0.037314
v 0.618468 1.164535 0.036427
v 0.618170 1.164781 0.032917
v 0.616934 1.164483 0.029622
v 0.614882 1.163670 0.026865
v 0.612214 1.162423 0.024916
v 0.609192 1.160863 0.023966
v 0.606111 1.159142 0.024107
v 0.603273 1.157430 0.025327
v 0.600956 1.155894 0.027504
v 0.599387 1.154685 0.030427
v 0.598718 1.153920 0.033809
v 0.599016 1.153674 0.037319
v 0.600252 1.153972 0.040614
v 0.602304 1.154785 0.043371
v 0.604972 1.156032 0.045320
v 0.607994 1.157592 0.046270
v 0.611075 1.159313 0.046129
v 0.613913 1.161025 0.044909
v 0.616230 1.162561 0.042732
v 0.617799 1.163770 0.039809
v 0.621714 1.169533 0.037334
v 0.621276 1.169894 0.032177
v 0.619461 1.169456 0.027337
v 0.616446 1.168262 0.023287
v 0.612527 1.166429 0.020423
v 0.608087 1.164137 0.019027
v 0.603560 1.161610 0.019235
v 0.599391 1.159095 0.021026
v 0.595987 1.156838 0.024225
v 0.593681 1.155061 0.028520
v 0.592699 1.153937 0.033488
v 0.593137 1.153576 0.038645
v 0.594952 1.154014 0.043486
v 0.597967 1.155208 0.047536
v 0.601886 1.157041 0.050399
v 0.606326 1.159333 0.051795
v 0.610852 1.161860 0.051587
v 0.615021 1.164375 0.049796
v 0.618426 1.166632 0.046597
v 0.620732 1.168409 0.042303
v 0.624096 1.175255 0.038301
v 0.623529 1.175722 0.031624
v 0.621179 1.175155 0.025357
v 0.617275 1.173609 0.020114
v 0.612201 1.171237 0.016407
v 0.606453 1.168269 0.014599
v 0.600593 1.164997 0.014868
v 0.595195 1.161740 0.017187
v 0.590787 1.158819 0.021329
v 0.587801 1.156517 0.026889
v 0.586530 1.155062 0.033322
v 0.587097 1.154595 0.039999
v 0.589447 1.155162 0.046266
v 0.593351 1.156708 0.051509
v 0.598425 1.159081 0.055216
v 0.604173 1.162048 0.057024
v 0.610033 1.165320 0.056755
v 0.615431 1.168577 0.054436
v 0.619839 1.171498 0.050294
v 0.622824 1.173800 0.044734
v 0.625556 1.181560 0.039304
v 0.624873 1.182122 0.031272
v 0.622046 1.181439 0.023733
v 0.617351 1.179580 0.017424
v 0.611246 1.176726 0.012965
v 0.604331 1.173156 0.010791
v 0.597281 1.169219 0.011114
v 0.590787 1.165302 0.013904
v 0.585485 1.161787 0.018887
v 0.581893 1.159019 0.025575
v 0.580364 1.157268 0.033314
v 0.581046 1.156706 0.041346
v 0.583873 1.157388 0.048885
v 0.588569 1.159248 0.055193
v 0.594673 1.162102 0.059653
v 0.601589 1.165672 0.061827
v 0.608638 1.169609 0.061504
v 0.615132 1.173526 0.058714
v 0.620434 1.177041 0.053731
v 0.624026 1.179809 0.047043
v 0.626057 1.188293 0.040318
v 0.625276 1.188935 0.031128
v 0.622041 1.188155 0.022503
v 0.616669 1.186028 0.015285
v 0.609685 1.182762 0.010183
v 0.601773 1.178677 0.007695
v 0.593707 1.174173 0.008065
v 0.586278 1.169692 0.011257
v 0.580211 1.165670 0.016958
v 0.576102 1.162503 0.024610
v 0.574352 1.160500 0.033465
v 0.575132 1.159857 0.042655
v 0.578367 1.160638 0.051280
v 0.583739 1.162765 0.058498
v 0.590724 1.166031 0.063600
v 0.598636 1.170115 0.066088
v 0.606701 1.174619 0.065718
v 0.614131 1.179101 0.062526
v 0.620197 1.183123 0.056825
v 0.624307 1.186290 0.049173
v 0.625587 1.195288 0.041319
v 0.624728 1.195996 0.031197
v 0.621165 1.195136 0.021697
v 0.615248 1.192793 0.013749
v 0.607556 1.189196 0.008129
v 0.598842 1.184698 0.005389
v 0.589959 1.179738 0.005797
v 0.581777 1.174801 0.009312
v 0.575095 1.170372 0.015591
v 0.570570 1.166884 0.024019
v 0.568642 1.164678 0.033771
v 0.569502 1.163970 0.043892
v 0.573064 1.164830 0.053392
v 0.578981 1.167173 0.061340
v 0.586673 1.170770 0.066960
v 0.595387 1.175268 0.069700
v 0.604270 1.180229 0.069292
v 0.612453 1.185165 0.065777
v 0.619134 1.189594 0.059498
v 0.623660 1.193082 0.051070
v 0.624159 1.202373 0.042281
v 0.623241 1.203128 0.031477
v 0.619438 1.202211 0.021337
v 0.613123 1.199710 0.012853
v 0.604912 1.195871 0.006855
v 0.595611 1.191069 0.003930
v 0.586129 1.185774 0.004365
v 0.577395 1.180506 0.008117
v 0.570264 1.175778 0.014819
v 0.565433 1.172055 0.023815
v 0.563375 1.169700 0.034224
v 0.564293 1.168945 0.045027
v 0.568096 1.169862 0.055168
v 0.574411 1.172363 0.063652
v 0.582622 1.176202 0.069650
v 0.591923 1.181004 0.072575
v 0.601405 1.186299 0.072140
v 0.610139 1.191567 0.068387
v 0.617270 1.196295 0.061685
v 0.622101 1.200018 0.052690
v 0.574316 1.268090 0.048551
v 0.573363 1.268874 0.037332
v 0.569414 1.267921 0.026801
v 0.562855 1.265324 0.017990
v 0.554329 1.261337 0.011761
v 0.544669 1.256350 0.008723
v 0.534822 1.250852 0.009175
v 0.525752 1.245380 0.013072
v 0.518346 1.240471 0.020032
v 0.513329 1.236604 0.029374
v 0.511192 1.234158 0.040184
v 0.512145 1.233374 0.051404
v 0.516094 1.234327 0.061934
v 0.522653 1.236924 0.070746
v 0.531180 1.240911 0.076975
v 0.540839 1.245897 0.080012
v 0.550686 1.251396 0.079560
v 0.559757 1.256868 0.075663
v 0.567163 1.261777 0.068703
v 0.572180 1.265644 0.059361
v 0.521862 1.363863 0.059775
v 0.520897 1.364658 0.048416
v 0.516898 1.363693 0.037754
v 0.510258 1.361064 0.028833
v 0.501625 1.357027 0.022527
v 0.491845 1.351978 0.019451
v 0.481875 1.346411 0.019909
v 0.472692 1.340871 0.023854
v 0.465193 1.335900 0.030901
v 0.460114 1.331985 0.040360
v 0.457951 1.329509 0.051304
v 0.458915 1.328715 0.062664
v 0.462914 1.329680 0.073326
v 0.469554 1.332309 0.082247
v 0.478187 1.336346 0.088553
v 0.487967 1.341395 0.091628
v 0.497937 1.346962 0.091171
v 0.507120 1.352502 0.087226
v 0.514619 1.357472 0.080179
v 0.519698 1.361387 0.070720
v 0.484617 1.426261 0.084068
v 0.483664 1.427046 0.072849
v 0.479715 1.426093 0.062318
v 0.473156 1.423496 0.053507
v 0.464630 1.419508 0.047278
v 0.454970 1.414522 0.044240
v 0.445123 1.409023 0.044692
v 0.436053 1.403551 0.048589
v 0.428647 1.398642 0.055549
v 0.423630 1.394775 0.064891
v 0.421493 1.392330 0.075701
v 0.422446 1.391545 0.086921
v 0.426395 1.392498 0.097451
v 0.432954 1.395095 0.106262
v 0.441481 1.399082 0.112492
v 0.451140 1.404069 0.115529
v 0.460987 1.409567 0.115077
v 0.470058 1.415039 0.111180
v 0.477464 1.419949 0.104220
v 0.482481 1.423815 0.094878
v 0.460058 1.476262 0.097926
v 0.458547 1.478324 0.087321
v 0.453819 1.479441 0.077490
v 0.446339 1.479503 0.069395
v 0.436837 1.478506 0.063828
v 0.426244 1.476545 0.061335
v 0.415597 1.473814 0.062160
v 0.405939 1.470579 0.066221
v 0.398214 1.467158 0.073121
v 0.393178 1.463885 0.082185
v 0.391325 1.461080 0.092526
v 0.392837 1.459019 0.103131
v 0.397564 1.457902 0.112962
v 0.405045 1.457839 0.121057
v 0.414546 1.458837 0.126624
v 0.425139 1.460797 0.129117
v 0.435786 1.463529 0.128292
v 0.445445 1.466763 0.124231
v 0.453170 1.470185 0.117331
v 0.458205 1.473458 0.108267
v 0.455586 1.482159 0.098935
v 0.454171 1.484091 0.089000
v 0.449742 1.485137 0.079790
v 0.442733 1.485196 0.072206
v 0.433832 1.484261 0.066991
v 0.423908 1.482424 0.064655
v 0.413933 1.479866 0.065427
v 0.404884 1.476835 0.069232
v 0.397647 1.473630 0.075697
v 0.392929 1.470563 0.084189
v 0.391193 1.467936 0.093876
v 0.392609 1.466004 0.103812
v 0.397038 1.464958 0.113022
v 0.404046 1.464899 0.120606
v 0.412948 1.465834 0.125821
v 0.422872 1.467671 0.128157
v 0.432847 1.470229 0.127384
v 0.441896 1.473260 0.123580
v 0.449133 1.476465 0.117115
v 0.453851 1.479531 0.108623
v 0.450500 1.487389 0.099792
v 0.449214 1.489143 0.090771
v 0.445193 1.490093 0.082408
v 0.438829 1.490146 0.075522
v 0.430746 1.489298 0.070787
v 0.421736 1.487630 0.068666
v 0.412679 1.485306 0.069367
v 0.404463 1.482555 0.072822
v 0.397891 1.479645 0.078692
v 0.393608 1.476860 0.086402
v 0.392032 1.474474 0.095198
v 0.393317 1.472721 0.104219
v 0.397339 1.471770 0.112582
v 0.403702 1.471718 0.119468
v 0.411785 1.472566 0.124203
v 0.420796 1.474234 0.126324
v 0.429852 1.476557 0.125623
v 0.438068 1.479309 0.122168
v 0.444640 1.482219 0.116298
v 0.448923 1.485003 0.108588
v 0.444922 1.491824 0.100474
v 0.443799 1.493356 0.092589
v 0.440284 1.494187 0.085280
v 0.434722 1.494233 0.079261
v 0.427658 1.493491 0.075122
v 0.419782 1.492034 0.073269
v 0.411866 1.490003 0.073882
v 0.404685 1.487598 0.076901
v 0.398941 1.485055 0.082031
v 0.395198 1.482621 0.088771
v 0.393820 1.480536 0.096459
v 0.394944 1.479003 0.104344
v 0.398458 1.478173 0.111653
v 0.404020 1.478126 0.117672
v 0.411085 1.478868 0.121810
v 0.418960 1.480325 0.123664
v 0.426876 1.482356 0.123051
v 0.434057 1.484761 0.120031
v 0.439801 1.487305 0.114901
v 0.443545 1.489738 0.108162
v 0.438993 1.495353 0.100964
v 0.438059 1.496628 0.094410
v 0.435137 1.497318 0.088334
v 0.430514 1.497356 0.083331
v 0.424641 1.496740 0.079891
v 0.418095 1.495528 0.078350
v 0.411514 1.493840 0.078860
v 0.405545 1.491841 0.081370
v 0.400771 1.489727 0.085634
v 0.397659 1.487704 0.091236
v 0.396514 1.485970 0.097627
v 0.397448 1.484696 0.104181
v 0.400369 1.484006 0.110257
v 0.404992 1.483967 0.115260
v 0.410865 1.484584 0.118701
v 0.417412 1.485796 0.120241
v 0.423992 1.487483 0.119732
v 0.429961 1.489483 0.117222
v 0.434736 1.491597 0.112957
v 0.437847 1.493620 0.107355
v 0.432856 1.497891 0.101252
v 0.432135 1.498876 0.096190
v 0.429878 1.499408 0.091497
v 0.426307 1.499438 0.087633
v 0.421772 1.498962 0.084975
v 0.416715 1.498026 0.083785
v 0.411633 1.496723 0.084179
v 0.407022 1.495179 0.086117
v 0.403335 1.493545 0.089411
v 0.400931 1.491983 0.093738
v 0.400047 1.490644 0.098674
v 0.400768 1.489660 0.103737
v 0.403025 1.489127 0.108430
v 0.406595 1.489097 0.112294
v 0.411131 1.489573 0.114951
v 0.416188 1.490509 0.116141
v 0.421270 1.491813 0.115748
v 0.425880 1.493357 0.113809
v 0.429568 1.494990 0.110515
v 0.431972 1.496553 0.106188
v 0.426664 1.499375 0.101329
v 0.426173 1.500045 0.097884
v 0.424637 1.500408 0.094689
v 0.422207 1.500428 0.092059
v 0.419119 1.500104 0.090250
v 0.415677 1.499467 0.089440
v 0.412218 1.498580 0.089708
v 0.409080 1.497529 0.091028
v 0.406570 1.496417 0.093270
v 0.404934 1.495354 0.096215
v 0.404332 1.494442 0.099575
v 0.404823 1.493773 0.103020
v 0.406359 1.493410 0.106215
v 0.408789 1.493390 0.108845
v 0.411876 1.493714 0.110654
v 0.415319 1.494350 0.111464
v 0.418778 1.495238 0.111196
v 0.421916 1.496289 0.109876
v 0.424426 1.497401 0.107634
v 0.426062 1.498464 0.104689
v 0.420569 1.499768 0.101194
v 0.420320 1.500108 0.099450
v 0.419543 1.500291 0.097833
v 0.418313 1.500302 0.096501
v 0.416750 1.500138 0.095586
v 0.415007 1.499815 0.095176
v 0.413256 1.499366 0.095311
v 0.411667 1.498834 0.095979
v 0.410397 1.498271 0.097114
v 0.409568 1.497732 0.098605
v 0.409264 1.497271 0.100306
v 0.409512 1.496932 0.102050
v 0.410290 1.496749 0.103668
v 0.411520 1.496738 0.104999
v 0.413083 1.496903 0.105915
v 0.414825 1.497225 0.106325
v 0.416577 1.497674 0.106189
v 0.418165 1.498206 0.105521
v 0.419436 1.498769 0.104386
v 0.420264 1.499307 0.102895
v 0.609723 1.157184 0.034879
v 0.414721 1.499062 0.100850
vt 0.016522 0.005829
vt 0.016556 0.006217
vt 0.014310 0.006649
vt 0.014095 0.005903
vt 0.016742 0.006587
vt 0.014753 0.007313
vt 0.017053 0.006914
vt 0.015366 0.007874
vt 0.017462 0.007182
vt 0.016103 0.008323
vt 0.017943 0.007380
vt 0.016926 0.008650
vt 0.018474 0.007502
vt 0.017805 0.008851
vt 0.019034 0.007544
vt 0.018714 0.008924
vt 0.019603 0.007505
vt 0.019630 0.008869
vt 0.020166 0.007386
vt 0.020530 0.008685
vt 0.020705 0.007190
vt 0.021394 0.008378
vt 0.021205 0.006922
vt 0.022202 0.007954
vt 0.021651 0.006591
vt 0.022935 0.007420
vt 0.022028 0.006208
vt 0.023572 0.006790
vt 0.022320 0.005785
vt 0.024094 0.006079
vt 0.022511 0.005343
vt 0.024476 0.005306
vt 0.022587 0.004902
vt 0.024694 0.004498
vt 0.022532 0.004493
vt 0.024714 0.003687
vt 0.022335 0.004150
vt 0.024499 0.002920
vt 0.021991 0.003919
vt 0.014180 0.005112
vt 0.012343 0.007368
vt 0.011834 0.006345
vt 0.013092 0.008241
vt 0.014009 0.008963
vt 0.015044 0.009530
vt 0.016161 0.009941
vt 0.017328 0.010193
vt 0.018520 0.010283
vt 0.019712 0.010211
vt 0.020882 0.009978
vt 0.022006 0.009586
vt 0.023064 0.009043
vt 0.024035 0.008357
vt 0.024898 0.007541
vt 0.025633 0.006609
vt 0.026217 0.005580
vt 0.026622 0.004474
vt 0.026812 0.003319
vt 0.026736 0.002146
vt 0.011664 0.005180
vt 0.010574 0.008360
vt 0.009704 0.007165
vt 0.011646 0.009361
vt 0.012857 0.010180
vt 0.014167 0.010822
vt 0.015545 0.011285
vt 0.016964 0.011567
vt 0.018401 0.011664
vt 0.019833 0.011574
vt 0.021237 0.011297
vt 0.022589 0.010836
vt 0.023866 0.010196
vt 0.025049 0.009387
vt 0.026118 0.008422
vt 0.027054 0.007316
vt 0.027840 0.006084
vt 0.028455 0.004744
vt 0.028871 0.003314
vt 0.029043 0.001807
vt 0.009136 0.005743
vt 0.008989 0.009603
vt 0.007733 0.008345
vt 0.010380 0.010654
vt 0.011867 0.011519
vt 0.013426 0.012200
vt 0.015037 0.012692
vt 0.016680 0.012989
vt 0.018337 0.013085
vt 0.019984 0.012976
vt 0.021599 0.012660
vt 0.023158 0.012138
vt 0.024636 0.011416
vt 0.026014 0.010505
vt 0.027274 0.009418
vt 0.028402 0.008173
vt 0.029386 0.006783
vt 0.030218 0.005265
vt 0.030887 0.003630
vt 0.031371 0.001881
vt 0.006686 0.006822
vt 0.007596 0.011068
vt 0.005966 0.009856
vt 0.009282 0.012103
vt 0.011018 0.012971
vt 0.012799 0.013662
vt 0.014618 0.014163
vt 0.016462 0.014462
vt 0.018315 0.014550
vt 0.020159 0.014420
vt 0.021969 0.014068
vt 0.023721 0.013495
vt 0.025386 0.012702
vt 0.026946 0.011704
vt 0.028386 0.010519
vt 0.029694 0.009163
vt 0.030869 0.007654
vt 0.031914 0.006007
vt 0.032842 0.004235
vt 0.033665 0.002341
vt 0.004417 0.008405
vt 0.006411 0.012719
vt 0.004450 0.011652
vt 0.008352 0.013685
vt 0.010302 0.014521
vt 0.012276 0.015198
vt 0.014276 0.015693
vt 0.016298 0.015984
vt 0.018329 0.016058
vt 0.020352 0.015905
vt 0.022345 0.015520
vt 0.024279 0.014903
vt 0.026119 0.014047
vt 0.027850 0.012977
vt 0.029459 0.011713
vt 0.030937 0.010273
vt 0.032291 0.008676
vt 0.033538 0.006944
vt 0.034712 0.005097
vt 0.035870 0.003153
vt 0.002425 0.010451
vt 0.005445 0.014509
vt 0.003232 0.013665
vt 0.007587 0.015369
vt 0.009712 0.016151
vt 0.011846 0.016798
vt 0.014002 0.017271
vt 0.016179 0.017545
vt 0.018369 0.017600
vt 0.020556 0.017422
vt 0.022719 0.017007
vt 0.024831 0.016354
vt 0.026835 0.015439
vt 0.028728 0.014311
vt 0.030495 0.012986
vt 0.032133 0.011484
vt 0.033652 0.009828
vt 0.035082 0.008046
vt 0.036478 0.006173
vt 0.037936 0.004261
vt 0.000773 0.012914
vt 0.005443 0.036512
vt 0.002694 0.036752
vt 0.008201 0.036324
vt 0.010966 0.036154
vt 0.013734 0.035971
vt 0.016499 0.035747
vt 0.019256 0.035457
vt 0.021998 0.035081
vt 0.024718 0.034602
vt 0.027406 0.034009
vt 0.030053 0.033297
vt 0.032667 0.032481
vt 0.035232 0.031543
vt 0.037746 0.030493
vt 0.040213 0.029343
vt 0.042639 0.028114
vt 0.045040 0.026831
vt 0.047435 0.025527
vt 0.049847 0.024238
vt 0.000000 0.037095
vt 0.012079 0.064061
vt 0.009520 0.065078
vt 0.014646 0.063073
vt 0.017238 0.062133
vt 0.019865 0.061256
vt 0.022533 0.060446
vt 0.025231 0.059713
vt 0.027969 0.059042
vt 0.030742 0.058426
vt 0.033547 0.057851
vt 0.036379 0.057302
vt 0.039234 0.056760
vt 0.042104 0.056207
vt 0.044976 0.055623
vt 0.047837 0.054992
vt 0.050670 0.054303
vt 0.053447 0.053557
vt 0.056169 0.052729
vt 0.058835 0.051824
vt 0.006951 0.066095
vt 0.018377 0.083217
vt 0.016148 0.084877
vt 0.020647 0.081582
vt 0.022990 0.080025
vt 0.025379 0.078576
vt 0.027861 0.077273
vt 0.030436 0.076128
vt 0.033074 0.075171
vt 0.035757 0.074405
vt 0.038465 0.073828
vt 0.041182 0.073422
vt 0.043898 0.073162
vt 0.046607 0.073017
vt 0.049305 0.072948
vt 0.051966 0.072941
vt 0.054607 0.072904
vt 0.057247 0.072767
vt 0.059869 0.072499
vt 0.062480 0.072053
vt 0.013913 0.086505
vt 0.026688 0.096938
vt 0.024970 0.098639
vt 0.028450 0.095417
vt 0.030277 0.094088
vt 0.032233 0.092933
vt 0.034236 0.091965
vt 0.036273 0.091157
vt 0.038330 0.090485
vt 0.040404 0.089928
vt 0.042491 0.089469
vt 0.044588 0.089090
vt 0.046694 0.088789
vt 0.048804 0.088557
vt 0.050917 0.088390
vt 0.053086 0.088249
vt 0.055276 0.088191
vt 0.057500 0.088214
vt 0.059777 0.088316
vt 0.062146 0.088471
vt 0.023209 0.100467
vt 0.028312 0.098313
vt 0.026847 0.100045
vt 0.029866 0.096781
vt 0.031521 0.095443
vt 0.033285 0.094294
vt 0.035122 0.093327
vt 0.037007 0.092521
vt 0.038923 0.091857
vt 0.040860 0.091313
vt 0.042816 0.090876
vt 0.044784 0.090520
vt 0.046771 0.090249
vt 0.048775 0.090056
vt 0.050800 0.089934
vt 0.052861 0.089878
vt 0.054947 0.089919
vt 0.057060 0.090069
vt 0.059211 0.090342
vt 0.061422 0.090746
vt 0.025443 0.101977
vt 0.030070 0.099503
vt 0.028901 0.101214
vt 0.031387 0.097995
vt 0.032837 0.096681
vt 0.034406 0.095554
vt 0.036064 0.094604
vt 0.037782 0.093815
vt 0.039542 0.093168
vt 0.041330 0.092645
vt 0.043141 0.092231
vt 0.044969 0.091904
vt 0.046821 0.091665
vt 0.048697 0.091510
vt 0.050597 0.091439
vt 0.052524 0.091457
vt 0.054469 0.091589
vt 0.056426 0.091858
vt 0.058390 0.092288
vt 0.060361 0.092916
vt 0.027899 0.103146
vt 0.031951 0.100464
vt 0.031104 0.102084
vt 0.033006 0.099030
vt 0.034230 0.097777
vt 0.035591 0.096699
vt 0.037056 0.095788
vt 0.038595 0.095032
vt 0.040185 0.094415
vt 0.041811 0.093921
vt 0.043463 0.093534
vt 0.045137 0.093241
vt 0.046836 0.093036
vt 0.048561 0.092917
vt 0.050307 0.092892
vt 0.052070 0.092972
vt 0.053835 0.093182
vt 0.055587 0.093548
vt 0.057303 0.094103
vt 0.058958 0.094896
vt 0.030526 0.103900
vt 0.033940 0.101157
vt 0.033417 0.102600
vt 0.034721 0.099859
vt 0.035702 0.098712
vt 0.036841 0.097718
vt 0.038099 0.096873
vt 0.039445 0.096171
vt 0.040851 0.095600
vt 0.042300 0.095145
vt 0.043779 0.094793
vt 0.045284 0.094537
vt 0.046812 0.094365
vt 0.048361 0.094278
vt 0.049925 0.094289
vt 0.051491 0.094414
vt 0.053037 0.094678
vt 0.054537 0.095107
vt 0.055952 0.095735
vt 0.057231 0.096608
vt 0.033236 0.104177
vt 0.036016 0.101545
vt 0.035785 0.102719
vt 0.036529 0.100454
vt 0.037262 0.099469
vt 0.038166 0.098602
vt 0.039202 0.097858
vt 0.040337 0.097237
vt 0.041544 0.096732
vt 0.042800 0.096332
vt 0.044089 0.096023
vt 0.045406 0.095812
vt 0.046742 0.095667
vt 0.048091 0.095603
vt 0.049442 0.095634
vt 0.050775 0.095781
vt 0.052062 0.096065
vt 0.053268 0.096508
vt 0.054342 0.097136
vt 0.055217 0.097977
vt 0.035918 0.103937
vt 0.038167 0.101588
vt 0.038149 0.102406
vt 0.038443 0.100783
vt 0.038931 0.100027
vt 0.039588 0.099344
vt 0.040382 0.098747
vt 0.041283 0.098242
vt 0.042265 0.097830
vt 0.043308 0.097506
vt 0.044389 0.097254
vt 0.045500 0.097109
vt 0.046617 0.096974
vt 0.047738 0.096911
vt 0.048841 0.096938
vt 0.049901 0.097074
vt 0.050888 0.097332
vt 0.051763 0.097724
vt 0.052477 0.098257
vt 0.052967 0.098935
vt 0.038444 0.103184
vt 0.040395 0.101235
vt 0.040460 0.101642
vt 0.040501 0.100795
vt 0.040760 0.100354
vt 0.041153 0.099935
vt 0.041663 0.099554
vt 0.042273 0.099225
vt 0.042971 0.098953
vt 0.043748 0.098744
vt 0.044599 0.098597
vt 0.045531 0.098508
vt 0.046470 0.098330
vt 0.047337 0.098235
vt 0.048135 0.098226
vt 0.048855 0.098307
vt 0.049481 0.098474
vt 0.049991 0.098725
vt 0.050356 0.099051
vt 0.050545 0.099435
vt 0.040708 0.101977
vt 0.019713 0.005950
vt 0.048052 0.099479
vt 0.050526 0.099853
vt 0.042823 0.100413
vt 0.016665 0.005454
vt 0.053152 0.099748
vt 0.055793 0.099059
vt 0.058288 0.097790
vt 0.060501 0.096007
vt 0.062335 0.093810
vt 0.063730 0.091310
vt 0.064670 0.088593
vt 0.065091 0.071396
vt 0.061448 0.050857
vt 0.052303 0.023004
vt 0.039632 0.002408
vt 0.037075 0.001107
vt 0.034376 0.000297
vt 0.031613 0.000001
vt 0.028888 0.000239
vt 0.026316 0.001005
vt 0.024002 0.002261
vn 0.691819 -0.718841 -0.068216
vn 0.684971 -0.713199 -0.148870
vn 0.793985 -0.582370 -0.174452
vn 0.805107 -0.591535 -0.043470
vn 0.656587 -0.720046 -0.224558
vn 0.747882 -0.593493 -0.297385
vn 0.609445 -0.738712 -0.287890
vn 0.671315 -0.623809 -0.400248
vn 0.548155 -0.767372 -0.332665
vn 0.571775 -0.670357 -0.472964
vn 0.478730 -0.803211 -0.354500
vn 0.459013 -0.728572 -0.508418
vn 0.407966 -0.842724 -0.351255
vn 0.344067 -0.792756 -0.503147
vn 0.342765 -0.882058 -0.323243
vn 0.238172 -0.856637 -0.457655
vn 0.289514 -0.917355 -0.273207
vn 0.151709 -0.913951 -0.376402
vn 0.253456 -0.945146 -0.206056
vn 0.093152 -0.959089 -0.267341
vn 0.238107 -0.962718 -0.128371
vn 0.068209 -0.987636 -0.141148
vn 0.244954 -0.968359 -0.047733
vn 0.079329 -0.996797 -0.010174
vn 0.273338 -0.961511 0.027967
vn 0.125429 -0.985673 0.112768
vn 0.320487 -0.942842 0.091310
vn 0.201993 -0.955355 0.215626
vn 0.381769 -0.914186 0.136075
vn 0.301523 -0.908815 0.288339
vn 0.451201 -0.878343 0.157894
vn 0.414296 -0.850597 0.323794
vn 0.521978 -0.838822 0.154651
vn 0.529252 -0.786409 0.318517
vn 0.587171 -0.799494 0.126644
vn 0.635140 -0.722533 0.273027
vn 0.640416 -0.764199 0.076601
vn 0.721606 -0.665212 0.191775
vn 0.676465 -0.736414 0.009470
vn 0.780164 -0.620081 0.082724
vn 0.880950 -0.431063 -0.195225
vn 0.896096 -0.443539 -0.016887
vn 0.818177 -0.446210 -0.362606
vn 0.713924 -0.487490 -0.502659
vn 0.578396 -0.550868 -0.601666
vn 0.424861 -0.630133 -0.649942
vn 0.268342 -0.717529 -0.642763
vn 0.124165 -0.804502 -0.580826
vn 0.006451 -0.882538 -0.470196
vn -0.073289 -0.944001 -0.321700
vn -0.107253 -0.982871 -0.149873
vn -0.092102 -0.995343 0.028455
vn -0.029329 -0.980197 0.195839
vn 0.074919 -0.938918 0.335888
vn 0.210438 -0.875546 0.434897
vn 0.363976 -0.796280 0.483177
vn 0.520494 -0.708882 0.475996
vn 0.664669 -0.621910 0.414057
vn 0.782392 -0.543871 0.303424
vn 0.862133 -0.482411 0.154936
vn 0.938075 -0.276063 -0.209296
vn 0.956590 -0.291306 0.008683
vn 0.861349 -0.294575 -0.413888
vn 0.733922 -0.345034 -0.585072
vn 0.568262 -0.422498 -0.706098
vn 0.380594 -0.519382 -0.765108
vn 0.189282 -0.626210 -0.756329
vn 0.013053 -0.732519 -0.680621
vn -0.130841 -0.827900 -0.545401
vn -0.228316 -0.903024 -0.363895
vn -0.269826 -0.950535 -0.153872
vn -0.251305 -0.965783 0.064108
vn -0.174577 -0.947269 0.268707
vn -0.047150 -0.896814 0.439888
vn 0.118506 -0.819351 0.560910
vn 0.306174 -0.722464 0.619922
vn 0.497489 -0.615633 0.611147
vn 0.673714 -0.509324 0.535442
vn 0.817607 -0.413943 0.400213
vn 0.915080 -0.338816 0.218703
vn 0.968015 -0.125576 -0.217206
vn 0.989198 -0.143012 0.032181
vn 0.880234 -0.146752 -0.451279
vn 0.734446 -0.204479 -0.647130
vn 0.544916 -0.293104 -0.785593
vn 0.330210 -0.403949 -0.853104
vn 0.111332 -0.526171 -0.843060
vn -0.090289 -0.647797 -0.756444
vn -0.254914 -0.756923 -0.601737
vn -0.366431 -0.842870 -0.394079
vn -0.413924 -0.897225 -0.153798
vn -0.392743 -0.914666 0.095593
vn -0.304962 -0.893486 0.329667
vn -0.159172 -0.835762 0.525515
vn 0.030358 -0.747137 0.663976
vn 0.245067 -0.636289 0.731490
vn 0.463947 -0.514073 0.721444
vn 0.665564 -0.392446 0.634831
vn 0.830188 -0.283318 0.480123
vn 0.941707 -0.197366 0.272460
vn 0.975370 0.016449 -0.219961
vn 0.998577 -0.002657 0.053266
vn 0.879196 -0.006754 -0.476413
vn 0.719474 -0.069999 -0.690983
vn 0.511828 -0.167098 -0.842680
vn 0.276594 -0.288540 -0.916646
vn 0.036794 -0.422440 -0.905644
vn -0.184101 -0.555693 -0.810748
vn -0.364458 -0.675255 -0.641249
vn -0.486636 -0.769419 -0.413739
vn -0.538669 -0.828968 -0.150490
vn -0.515461 -0.848078 0.122736
vn -0.419288 -0.824874 0.379184
vn -0.259564 -0.761630 0.593756
vn -0.051918 -0.664531 0.745455
vn 0.183314 -0.543089 0.819421
vn 0.423117 -0.409189 0.808416
vn 0.644008 -0.275937 0.713521
vn 0.824369 -0.156375 0.544024
vn 0.946546 -0.062207 0.316512
vn 0.964432 0.148732 -0.218519
vn 0.989105 0.128415 0.071977
vn 0.862180 0.124064 -0.491177
vn 0.692362 0.056823 -0.719310
vn 0.471595 -0.046413 -0.880593
vn 0.221492 -0.175531 -0.959234
vn -0.033464 -0.317896 -0.947535
vn -0.268314 -0.459569 -0.846643
vn -0.460074 -0.586685 -0.666433
vn -0.589971 -0.686802 -0.424544
vn -0.645290 -0.750117 -0.144656
vn -0.620617 -0.770433 0.145833
vn -0.518367 -0.745762 0.418491
vn -0.348547 -0.678519 0.646627
vn -0.127779 -0.575284 0.807911
vn 0.122319 -0.446166 0.886552
vn 0.377275 -0.303801 0.874853
vn 0.612126 -0.162128 0.773961
vn 0.803888 -0.035011 0.593750
vn 0.933786 0.065103 0.351861
vn 0.795879 0.578586 -0.178364
vn 0.815625 0.564391 0.127354
vn 0.702604 0.535100 -0.469058
vn 0.542985 0.436794 -0.717202
vn 0.330921 0.291870 -0.897387
vn 0.086834 0.114041 -0.989674
vn -0.164246 -0.078579 -0.983285
vn -0.396172 -0.265936 -0.878820
vn -0.585484 -0.428986 -0.687881
vn -0.714108 -0.551998 -0.430520
vn -0.770440 -0.623675 -0.132103
vn -0.749407 -0.637428 0.179095
vn -0.652516 -0.591577 0.473560
vn -0.488239 -0.489813 0.722292
vn -0.272265 -0.341650 0.899526
vn -0.026605 -0.162111 0.986414
vn 0.223059 0.029989 0.974344
vn 0.451182 0.214833 0.866188
vn 0.635854 0.374414 0.674910
vn 0.760763 0.494328 0.420569
vn 0.820158 0.539145 -0.191477
vn 0.844627 0.521389 0.121487
vn 0.715137 0.502707 -0.485658
vn 0.539895 0.415748 -0.731893
vn 0.311852 0.287051 -0.905732
vn 0.053822 0.129630 -0.990101
vn -0.208463 -0.040725 -0.977182
vn -0.449206 -0.207225 -0.869064
vn -0.645212 -0.353847 -0.677122
vn -0.778020 -0.466806 -0.420448
vn -0.835328 -0.535639 -0.123767
vn -0.811810 -0.553914 0.184780
vn -0.709491 -0.519714 0.475941
vn -0.537702 -0.435884 0.721721
vn -0.312546 -0.310015 0.897890
vn -0.055694 -0.154013 0.986498
vn 0.207592 0.016893 0.978070
vn 0.451106 0.185687 0.872940
vn 0.650562 0.335443 0.681357
vn 0.786182 0.451177 0.422324
vn 0.831752 0.517774 -0.200249
vn 0.874400 0.473201 0.107263
vn 0.708122 0.511311 -0.486955
vn 0.516522 0.455267 -0.725216
vn 0.275979 0.355791 -0.892888
vn 0.009447 0.222769 -0.974825
vn -0.258146 0.068776 -0.963655
vn -0.501728 -0.091896 -0.860130
vn -0.697910 -0.244223 -0.673258
vn -0.827039 -0.373573 -0.420059
vn -0.875408 -0.467046 -0.124617
vn -0.837255 -0.514946 0.183943
vn -0.715908 -0.512085 0.474600
vn -0.523544 -0.458520 0.718096
vn -0.279583 -0.359514 0.890271
vn -0.008313 -0.224820 0.974365
vn 0.263613 -0.067637 0.962254
vn 0.509551 0.096597 0.855001
vn 0.705176 0.251515 0.662923
vn 0.830943 0.381443 0.405012
vn 0.833535 0.520344 -0.185639
vn 0.886910 0.446127 0.119839
vn 0.696277 0.541497 -0.471147
vn 0.490862 0.508291 -0.707597
vn 0.238889 0.425696 -0.872763
vn -0.035289 0.303182 -0.952279
vn -0.306455 0.153175 -0.939480
vn -0.549670 -0.009968 -0.835322
vn -0.741596 -0.170773 -0.648746
vn -0.862564 -0.313701 -0.396958
vn -0.899268 -0.424675 -0.104728
vn -0.847258 -0.492884 0.198039
vn -0.712052 -0.512214 0.480229
vn -0.508244 -0.481774 0.713850
vn -0.256942 -0.405351 0.877309
vn 0.017349 -0.290272 0.956787
vn 0.289225 -0.146381 0.946003
vn 0.533798 0.014351 0.845490
vn 0.727558 0.177661 0.662643
vn 0.850029 0.327190 0.412792
vn 0.850057 0.490970 -0.190663
vn 0.894813 0.430807 0.117108
vn 0.719350 0.504174 -0.477854
vn 0.516556 0.469345 -0.716160
vn 0.261932 0.390829 -0.882408
vn -0.019584 0.277529 -0.960518
vn -0.300493 0.141703 -0.943199
vn -0.553446 -0.002565 -0.832881
vn -0.754229 -0.141046 -0.641284
vn -0.884094 -0.260844 -0.387735
vn -0.931204 -0.351400 -0.096834
vn -0.891254 -0.405078 0.203906
vn -0.767668 -0.417468 0.486217
vn -0.571480 -0.387578 0.723322
vn -0.320735 -0.317863 0.892240
vn -0.039179 -0.214097 0.976026
vn 0.245774 -0.085038 0.965590
vn 0.505612 0.057947 0.860813
vn 0.713613 0.201357 0.670978
vn 0.847972 0.330422 0.414444
vn 0.735715 0.666289 -0.121583
vn 0.765384 0.624089 0.157165
vn 0.627171 0.677923 -0.383507
vn 0.448902 0.657950 -0.604639
vn 0.215829 0.607882 -0.764131
vn -0.052095 0.531606 -0.845388
vn -0.330411 0.435340 -0.837441
vn -0.591104 0.327743 -0.737008
vn -0.805135 0.219628 -0.550928
vn -0.946753 0.122911 -0.297575
vn -0.998797 0.048749 -0.005363
vn -0.956390 0.005429 0.292043
vn -0.827159 -0.002978 0.561960
vn -0.628242 0.023230 0.777671
vn -0.382203 0.080196 0.920592
vn -0.113708 0.161516 0.980298
vn 0.152483 0.259063 0.953748
vn 0.392694 0.363618 0.844733
vn 0.585589 0.465447 0.663660
vn 0.713738 0.555044 0.427205
vn 0.653465 0.752361 -0.083285
vn 0.680227 0.711559 0.175999
vn 0.553406 0.765699 -0.327791
vn 0.387768 0.750315 -0.535409
vn 0.169719 0.707147 -0.686396
vn -0.082520 0.639296 -0.764520
vn -0.345990 0.552088 -0.758610
vn -0.593824 0.453243 -0.664789
vn -0.797745 0.352670 -0.489109
vn -0.932486 0.261599 -0.249070
vn -0.981242 0.190761 0.027825
vn -0.939462 0.148266 0.308915
vn -0.815021 0.138230 0.562702
vn -0.625064 0.160575 0.763879
vn -0.391770 0.211710 0.895374
vn -0.138887 0.285615 0.948227
vn 0.110266 0.374691 0.920570
vn 0.333955 0.470438 0.816800
vn 0.512996 0.564005 0.647096
vn 0.631906 0.646867 0.426917
vn 0.555938 0.830184 -0.041562
vn 0.579735 0.791646 0.192881
vn 0.465760 0.844886 -0.263126
vn 0.315687 0.834342 -0.451903
vn 0.117219 0.799012 -0.589779
vn -0.113318 0.741254 -0.661590
vn -0.354930 0.665447 -0.656662
vn -0.582708 0.578199 -0.571084
vn -0.770288 0.488202 -0.410262
vn -0.894054 0.405501 -0.190355
vn -0.938333 0.339919 0.063134
vn -0.898990 0.299116 0.319915
vn -0.783586 0.287209 0.550911
vn -0.608347 0.304451 0.732955
vn -0.394112 0.347823 0.850703
vn -0.162960 0.411996 0.896495
vn 0.063784 0.490193 0.869277
vn 0.266569 0.574847 0.773622
vn 0.428444 0.658142 0.619100
vn 0.535886 0.732593 0.419683
vn 0.441453 0.897276 0.003726
vn 0.462168 0.862222 0.207302
vn 0.362835 0.912543 -0.188720
vn 0.231788 0.906560 -0.352737
vn 0.058221 0.879439 -0.472438
vn -0.143605 0.832913 -0.534448
vn -0.355169 0.770420 -0.529441
vn -0.554551 0.697327 -0.454102
vn -0.718589 0.620851 -0.313327
vn -0.826669 0.549447 -0.121352
vn -0.865153 0.491527 0.099561
vn -0.830425 0.453899 0.323062
vn -0.729066 0.440503 0.523851
vn -0.575302 0.451988 0.681715
vn -0.387522 0.486128 0.783267
vn -0.185195 0.538630 0.821937
vn 0.012910 0.603779 0.797047
vn 0.189722 0.675166 0.712851
vn 0.330617 0.746151 0.577885
vn 0.424034 0.810374 0.404339
vn 0.309073 0.949601 0.052262
vn 0.326446 0.919631 0.218431
vn 0.244109 0.964103 -0.104482
vn 0.136166 0.961783 -0.237554
vn -0.006483 0.942547 -0.334011
vn -0.171859 0.907603 -0.383042
vn -0.344577 0.859576 -0.377355
vn -0.506781 0.802564 -0.314744
vn -0.639839 0.742122 -0.199650
vn -0.727410 0.684809 -0.043719
vn -0.758711 0.637234 0.135243
vn -0.730780 0.604915 0.316287
vn -0.648640 0.591282 0.479220
vn -0.523493 0.597322 0.607587
vn -0.370085 0.621712 0.690298
vn -0.204366 0.661309 0.721737
vn -0.041880 0.711747 0.701186
vn 0.103248 0.767986 0.632089
vn 0.218862 0.824706 0.521497
vn 0.295391 0.876781 0.379472
vn 0.160748 0.981646 0.102626
vn 0.174220 0.958638 0.225078
vn 0.111884 0.993645 -0.012305
vn 0.031384 0.993541 -0.109043
vn -0.074292 0.981182 -0.178220
vn -0.195900 0.957385 -0.212220
vn -0.321951 0.924028 -0.206202
vn -0.439536 0.884001 -0.159221
vn -0.535528 0.841184 -0.074960
vn -0.598678 0.800084 0.038087
vn -0.621563 0.765271 0.167393
vn -0.601981 0.740665 0.298386
vn -0.543113 0.728878 0.416852
vn -0.452559 0.730911 0.510842
vn -0.340604 0.746198 0.571995
vn -0.218816 0.772780 0.595760
vn -0.098790 0.807756 0.581180
vn 0.008848 0.847615 0.530539
vn 0.094742 0.888514 0.448962
vn 0.151500 0.926661 0.344016
vn 0.009418 0.988617 0.150157
vn 0.018377 0.973904 0.226216
vn -0.021707 0.996616 0.079282
vn -0.072329 0.997173 0.020380
vn -0.138119 0.990193 -0.020980
vn -0.212994 0.976218 -0.040409
vn -0.289837 0.956420 -0.035425
vn -0.360980 0.932555 -0.005900
vn -0.418756 0.906947 0.045712
vn -0.456761 0.882231 0.114187
vn -0.470802 0.861034 0.192264
vn -0.459499 0.845624 0.271626
vn -0.424445 0.837628 0.343839
vn -0.369922 0.837748 0.401668
vn -0.301738 0.845825 0.439925
vn -0.226765 0.860904 0.455436
vn -0.152297 0.881387 0.447172
vn -0.085036 0.905279 0.416219
vn -0.031135 0.930225 0.365667
vn 0.004390 0.953834 0.300302
vn 0.481438 -0.870551 -0.101777
vn -0.227333 0.949407 0.216672
s 1
g pSphere2
usemtl initialShadingGroup
f 983/1044/1315 984/1045/1316 1004/1046/1317 1003/1047/1318
f 984/1045/1316 985/1048/1319 1005/1049/1320 1004/1046/1317
f 985/1048/1319 986/1050/1321 1006/1051/1322 1005/1049/1320
f 986/1050/1321 987/1052/1323 1007/1053/1324 1006/1051/1322
f 987/1052/1323 988/1054/1325 1008/1055/1326 1007/1053/1324
f 988/1054/1325 989/1056/1327 1009/1057/1328 1008/1055/1326
f 989/1056/1327 990/1058/1329 1010/1059/1330 1009/1057/1328
f 990/1058/1329 991/1060/1331 1011/1061/1332 1010/1059/1330
f 991/1060/1331 992/1062/1333 1012/1063/1334 1011/1061/1332
f 992/1062/1333 993/1064/1335 1013/1065/1336 1012/1063/1334
f 993/1064/1335 994/1066/1337 1014/1067/1338 1013/1065/1336
f 994/1066/1337 995/1068/1339 1015/1069/1340 1014/1067/1338
f 995/1068/1339 996/1070/1341 1016/1071/1342 1015/1069/1340
f 996/1070/1341 997/1072/1343 1017/1073/1344 1016/1071/1342
f 997/1072/1343 998/1074/1345 1018/1075/1346 1017/1073/1344
f 998/1074/1345 999/1076/1347 1019/1077/1348 1018/1075/1346
f 999/1076/1347 1000/1078/1349 1020/1079/1350 1019/1077/1348
f 1000/1078/1349 1001/1080/1351 1021/1081/1352 1020/1079/1350
f 1001/1080/1351 1002/1082/1353 1022/1445/1354 1021/1081/1352
f 1002/1428/1353 983/1044/1315 1003/1047/1318 1022/1083/1354
f 1003/1047/1318 1004/1046/1317 1024/1084/1355 1023/1085/1356
f 1004/1046/1317 1005/1049/1320 1025/1086/1357 1024/1084/1355
f 1005/1049/1320 1006/1051/1322 1026/1087/1358 1025/1086/1357
f 1006/1051/1322 1007/1053/1324 1027/1088/1359 1026/1087/1358
f 1007/1053/1324 1008/1055/1326 1028/1089/1360 1027/1088/1359
f 1008/1055/1326 1009/1057/1328 1029/1090/1361 1028/1089/1360
f 1009/1057/1328 1010/1059/1330 1030/1091/1362 1029/1090/1361
f 1010/1059/1330 1011/1061/1332 1031/1092/1363 1030/1091/1362
f 1011/1061/1332 1012/1063/1334 1032/1093/1364 1031/1092/1363
f 1012/1063/1334 1013/1065/1336 1033/1094/1365 1032/1093/1364
f 1013/1065/1336 1014/1067/1338 1034/1095/1366 1033/1094/1365
f 1014/1067/1338 1015/1069/1340 1035/1096/1367 1034/1095/1366
f 1015/1069/1340 1016/1071/1342 1036/1097/1368 1035/1096/1367
f 1016/1071/1342 1017/1073/1344 1037/1098/1369 1036/1097/1368
f 1017/1073/1344 1018/1075/1346 1038/1099/1370 1037/1098/1369
f 1018/1075/1346 1019/1077/1348 1039/1100/1371 1038/1099/1370
f 1019/1077/1348 1020/1079/1350 1040/1101/1372 1039/1100/1371
f 1020/1079/1350 1021/1081/1352 1041/1102/1373 1040/1101/1372
f 1021/1081/1352 1022/1445/1354 1042/1444/1374 1041/1102/1373
f 1022/1083/1354 1003/1047/1318 1023/1085/1356 1042/1103/1374
f 1023/1085/1356 1024/1084/1355 1044/1104/1375 1043/1105/1376
f 1024/1084/1355 1025/1086/1357 1045/1106/1377 1044/1104/1375
f 1025/1086/1357 1026/1087/1358 1046/1107/1378 1045/1106/1377
f 1026/1087/1358 1027/1088/1359 1047/1108/1379 1046/1107/1378
f 1027/1088/1359 1028/1089/1360 1048/1109/1380 1047/1108/1379
f 1028/1089/1360 1029/1090/1361 1049/1110/1381 1048/1109/1380
f 1029/1090/1361 1030/1091/1362 1050/1111/1382 1049/1110/1381
f 1030/1091/1362 1031/1092/1363 1051/1112/1383 1050/1111/1382
f 1031/1092/1363 1032/1093/1364 1052/1113/1384 1051/1112/1383
f 1032/1093/1364 1033/1094/1365 1053/1114/1385 1052/1113/1384
f 1033/1094/1365 1034/1095/1366 1054/1115/1386 1053/1114/1385
f 1034/1095/1366 1035/1096/1367 1055/1116/1387 1054/1115/1386
f 1035/1096/1367 1036/1097/1368 1056/1117/1388 1055/1116/1387
f 1036/1097/1368 1037/1098/1369 1057/1118/1389 1056/1117/1388
f 1037/1098/1369 1038/1099/1370 1058/1119/1390 1057/1118/1389
f 1038/1099/1370 1039/1100/1371 1059/1120/1391 1058/1119/1390
f 1039/1100/1371 1040/1101/1372 1060/1121/1392 1059/1120/1391
f 1040/1101/1372 1041/1102/1373 1061/1122/1393 1060/1121/1392
f 1041/1102/1373 1042/1444/1374 1062/1443/1394 1061/1122/1393
f 1042/1103/1374 1023/1085/1356 1043/1105/1376 1062/1123/1394
f 1043/1105/1376 1044/1104/1375 1064/1124/1395 1063/1125/1396
f 1044/1104/1375 1045/1106/1377 1065/1126/1397 1064/1124/1395
f 1045/1106/1377 1046/1107/1378 1066/1127/1398 1065/1126/1397
f 1046/1107/1378 1047/1108/1379 1067/1128/1399 1066/1127/1398
f 1047/1108/1379 1048/1109/1380 1068/1129/1400 1067/1128/1399
f 1048/1109/1380 1049/1110/1381 1069/1130/1401 1068/1129/1400
f 1049/1110/1381 1050/1111/1382 1070/1131/1402 1069/1130/1401
f 1050/1111/1382 1051/1112/1383 1071/1132/1403 1070/1131/1402
f 1051/1112/1383 1052/1113/1384 1072/1133/1404 1071/1132/1403
f 1052/1113/1384 1053/1114/1385 1073/1134/1405 1072/1133/1404
f 1053/1114/1385 1054/1115/1386 1074/1135/1406 1073/1134/1405
f 1054/1115/1386 1055/1116/1387 1075/1136/1407 1074/1135/1406
f 1055/1116/1387 1056/1117/1388 1076/1137/1408 1075/1136/1407
f 1056/1117/1388 1057/1118/1389 1077/1138/1409 1076/1137/1408
f 1057/1118/1389 1058/1119/1390 1078/1139/1410 1077/1138/1409
f 1058/1119/1390 1059/1120/1391 1079/1140/1411 1078/1139/1410
f 1059/1120/1391 1060/1121/1392 1080/1141/1412 1079/1140/1411
f 1060/1121/1392 1061/1122/1393 1081/1142/1413 1080/1141/1412
f 1061/1122/1393 1062/1443/1394 1082/1442/1414 1081/1142/1413
f 1062/1123/1394 1043/1105/1376 1063/1125/1396 1082/1143/1414
f 1063/1125/1396 1064/1124/1395 1084/1144/1415 1083/1145/1416
f 1064/1124/1395 1065/1126/1397 1085/1146/1417 1084/1144/1415
f 1065/1126/1397 1066/1127/1398 1086/1147/1418 1085/1146/1417
f 1066/1127/1398 1067/1128/1399 1087/1148/1419 1086/1147/1418
f 1067/1128/1399 1068/1129/1400 1088/1149/1420 1087/1148/1419
f 1068/1129/1400 1069/1130/1401 1089/1150/1421 1088/1149/1420
f 1069/1130/1401 1070/1131/1402 1090/1151/1422 1089/1150/1421
f 1070/1131/1402 1071/1132/1403 1091/1152/1423 1090/1151/1422
f 1071/1132/1403 1072/1133/1404 1092/1153/1424 1091/1152/1423
f 1072/1133/1404 1073/1134/1405 1093/1154/1425 1092/1153/1424
f 1073/1134/1405 1074/1135/1406 1094/1155/1426 1093/1154/1425
f 1074/1135/1406 1075/1136/1407 1095/1156/1427 1094/1155/1426
f 1075/1136/1407 1076/1137/1408 1096/1157/1428 1095/1156/1427
f 1076/1137/1408 1077/1138/1409 1097/1158/1429 1096/1157/1428
f 1077/1138/1409 1078/1139/1410 1098/1159/1430 1097/1158/1429
f 1078/1139/1410 1079/1140/1411 1099/1160/1431 1098/1159/1430
f 1079/1140/1411 1080/1141/1412 1100/1161/1432 1099/1160/1431
f 1080/1141/1412 1081/1142/1413 1101/1162/1433 1100/1161/1432
f 1081/1142/1413 1082/1442/1414 1102/1441/1434 1101/1162/1433
f 1082/1143/1414 1063/1125/1396 1083/1145/1416 1102/1163/1434
f 1083/1145/1416 1084/1144/1415 1104/1164/1435 1103/1165/1436
f 1084/1144/1415 1085/1146/1417 1105/1166/1437 1104/1164/1435
f 1085/1146/1417 1086/1147/1418 1106/1167/1438 1105/1166/1437
f 1086/1147/1418 1087/1148/1419 1107/1168/1439 1106/1167/1438
f 1087/1148/1419 1088/1149/1420 1108/1169/1440 1107/1168/1439
f 1088/1149/1420 1089/1150/1421 1109/1170/1441 1108/1169/1440
f 1089/1150/1421 1090/1151/1422 1110/1171/1442 1109/1170/1441
f 1090/1151/1422 1091/1152/1423 1111/1172/1443 1110/1171/1442
f 1091/1152/1423 1092/1153/1424 1112/1173/1444 1111/1172/1443
f 1092/1153/1424 1093/1154/1425 1113/1174/1445 1112/1173/1444
f 1093/1154/1425 1094/1155/1426 1114/1175/1446 1113/1174/1445
f 1094/1155/1426 1095/1156/1427 1115/1176/1447 1114/1175/1446
f 1095/1156/1427 1096/1157/1428 1116/1177/1448 1115/1176/1447
f 1096/1157/1428 1097/1158/1429 1117/1178/1449 1116/1177/1448
f 1097/1158/1429 1098/1159/1430 1118/1179/1450 1117/1178/1449
f 1098/1159/1430 1099/1160/1431 1119/1180/1451 1118/1179/1450
f 1099/1160/1431 1100/1161/1432 1120/1181/1452 1119/1180/1451
f 1100/1161/1432 1101/1162/1433 1121/1182/1453 1120/1181/1452
f 1101/1162/1433 1102/1441/1434 1122/1440/1454 1121/1182/1453
f 1102/1163/1434 1083/1145/1416 1103/1165/1436 1122/1183/1454
f 1103/1165/1436 1104/1164/1435 1124/1184/1455 1123/1185/1456
f 1104/1164/1435 1105/1166/1437 1125/1186/1457 1124/1184/1455
f 1105/1166/1437 1106/1167/1438 1126/1187/1458 1125/1186/1457
f 1106/1167/1438 1107/1168/1439 1127/1188/1459 1126/1187/1458
f 1107/1168/1439 1108/1169/1440 1128/1189/1460 1127/1188/1459
f 1108/1169/1440 1109/1170/1441 1129/1190/1461 1128/1189/1460
f 1109/1170/1441 1110/1171/1442 1130/1191/1462 1129/1190/1461
f 1110/1171/1442 1111/1172/1443 1131/1192/1463 1130/1191/1462
f 1111/1172/1443 1112/1173/1444 1132/1193/1464 1131/1192/1463
f 1112/1173/1444 1113/1174/1445 1133/1194/1465 1132/1193/1464
f 1113/1174/1445 1114/1175/1446 1134/1195/1466 1133/1194/1465
f 1114/1175/1446 1115/1176/1447 1135/1196/1467 1134/1195/1466
f 1115/1176/1447 1116/1177/1448 1136/1197/1468 1135/1196/1467
f 1116/1177/1448 1117/1178/1449 1137/1198/1469 1136/1197/1468
f 1117/1178/1449 1118/1179/1450 1138/1199/1470 1137/1198/1469
f 1118/1179/1450 1119/1180/1451 1139/1200/1471 1138/1199/1470
f 1119/1180/1451 1120/1181/1452 1140/1201/1472 1139/1200/1471
f 1120/1181/1452 1121/1182/1453 1141/1202/1473 1140/1201/1472
f 1121/1182/1453 1122/1440/1454 1142/1439/1474 1141/1202/1473
f 1122/1183/1454 1103/1165/1436 1123/1185/1456 1142/1203/1474
f 1123/1185/1456 1124/1184/1455 1144/1204/1475 1143/1205/1476
f 1124/1184/1455 1125/1186/1457 1145/1206/1477 1144/1204/1475
f 1125/1186/1457 1126/1187/1458 1146/1207/1478 1145/1206/1477
f 1126/1187/1458 1127/1188/1459 1147/1208/1479 1146/1207/1478
f 1127/1188/1459 1128/1189/1460 1148/1209/1480 1147/1208/1479
f 1128/1189/1460 1129/1190/1461 1149/1210/1481 1148/1209/1480
f 1129/1190/1461 1130/1191/1462 1150/1211/1482 1149/1210/1481
f 1130/1191/1462 1131/1192/1463 1151/1212/1483 1150/1211/1482
f 1131/1192/1463 1132/1193/1464 1152/1213/1484 1151/1212/1483
f 1132/1193/1464 1133/1194/1465 1153/1214/1485 1152/1213/1484
f 1133/1194/1465 1134/1195/1466 1154/1215/1486 1153/1214/1485
f 1134/1195/1466 1135/1196/1467 1155/1216/1487 1154/1215/1486
f 1135/1196/1467 1136/1197/1468 1156/1217/1488 1155/1216/1487
f 1136/1197/1468 1137/1198/1469 1157/1218/1489 1156/1217/1488
f 1137/1198/1469 1138/1199/1470 1158/1219/1490 1157/1218/1489
f 1138/1199/1470 1139/1200/1471 1159/1220/1491 1158/1219/1490
f 1139/1200/1471 1140/1201/1472 1160/1221/1492 1159/1220/1491
f 1140/1201/1472 1141/1202/1473 1161/1222/1493 1160/1221/1492
f 1141/1202/1473 1142/1439/1474 1162/1438/1494 1161/1222/1493
f 1142/1203/1474 1123/1185/1456 1143/1205/1476 1162/1223/1494
f 1143/1205/1476 1144/1204/1475 1164/1224/1495 1163/1225/1496
f 1144/1204/1475 1145/1206/1477 1165/1226/1497 1164/1224/1495
f 1145/1206/1477 1146/1207/1478 1166/1227/1498 1165/1226/1497
f 1146/1207/1478 1147/1208/1479 1167/1228/1499 1166/1227/1498
f 1147/1208/1479 1148/1209/1480 1168/1229/1500 1167/1228/1499
f 1148/1209/1480 1149/1210/1481 1169/1230/1501 1168/1229/1500
f 1149/1210/1481 1150/1211/1482 1170/1231/1502 1169/1230/1501
f 1150/1211/1482 1151/1212/1483 1171/1232/1503 1170/1231/1502
f 1151/1212/1483 1152/1213/1484 1172/1233/1504 1171/1232/1503
f 1152/1213/1484 1153/1214/1485 1173/1234/1505 1172/1233/1504
f 1153/1214/1485 1154/1215/1486 1174/1235/1506 1173/1234/1505
f 1154/1215/1486 1155/1216/1487 1175/1236/1507 1174/1235/1506
f 1155/1216/1487 1156/1217/1488 1176/1237/1508 1175/1236/1507
f 1156/1217/1488 1157/1218/1489 1177/1238/1509 1176/1237/1508
f 1157/1218/1489 1158/1219/1490 1178/1239/1510 1177/1238/1509
f 1158/1219/1490 1159/1220/1491 1179/1240/1511 1178/1239/1510
f 1159/1220/1491 1160/1221/1492 1180/1241/1512 1179/1240/1511
f 1160/1221/1492 1161/1222/1493 1181/1242/1513 1180/1241/1512
f 1161/1222/1493 1162/1438/1494 1182/1437/1514 1181/1242/1513
f 1162/1223/1494 1143/1205/1476 1163/1225/1496 1182/1243/1514
f 1163/1225/1496 1164/1224/1495 1184/1244/1515 1183/1245/1516
f 1164/1224/1495 1165/1226/1497 1185/1246/1517 1184/1244/1515
f 1165/1226/1497 1166/1227/1498 1186/1247/1518 1185/1246/1517
f 1166/1227/1498 1167/1228/1499 1187/1248/1519 1186/1247/1518
f 1167/1228/1499 1168/1229/1500 1188/1249/1520 1187/1248/1519
f 1168/1229/1500 1169/1230/1501 1189/1250/1521 1188/1249/1520
f 1169/1230/1501 1170/1231/1502 1190/1251/1522 1189/1250/1521
f 1170/1231/1502 1171/1232/1503 1191/1252/1523 1190/1251/1522
f 1171/1232/1503 1172/1233/1504 1192/1253/1524 1191/1252/1523
f 1172/1233/1504 1173/1234/1505 1193/1254/1525 1192/1253/1524
f 1173/1234/1505 1174/1235/1506 1194/1255/1526 1193/1254/1525
f 1174/1235/1506 1175/1236/1507 1195/1256/1527 1194/1255/1526
f 1175/1236/1507 1176/1237/1508 1196/1257/1528 1195/1256/1527
f 1176/1237/1508 1177/1238/1509 1197/1258/1529 1196/1257/1528
f 1177/1238/1509 1178/1239/1510 1198/1259/1530 1197/1258/1529
f 1178/1239/1510 1179/1240/1511 1199/1260/1531 1198/1259/1530
f 1179/1240/1511 1180/1241/1512 1200/1261/1532 1199/1260/1531
f 1180/1241/1512 1181/1242/1513 1201/1262/1533 1200/1261/1532
f 1181/1242/1513 1182/1437/1514 1202/1436/1534 1201/1262/1533
f 1182/1243/1514 1163/1225/1496 1183/1245/1516 1202/1263/1534
f 1183/1245/1516 1184/1244/1515 1204/1264/1535 1203/1265/1536
f 1184/1244/1515 1185/1246/1517 1205/1266/1537 1204/1264/1535
f 1185/1246/1517 1186/1247/1518 1206/1267/1538 1205/1266/1537
f 1186/1247/1518 1187/1248/1519 1207/1268/1539 1206/1267/1538
f 1187/1248/1519 1188/1249/1520 1208/1269/1540 1207/1268/1539
f 1188/1249/1520 1189/1250/1521 1209/1270/1541 1208/1269/1540
f 1189/1250/1521 1190/1251/1522 1210/1271/1542 1209/1270/1541
f 1190/1251/1522 1191/1252/1523 1211/1272/1543 1210/1271/1542
f 1191/1252/1523 1192/1253/1524 1212/1273/1544 1211/1272/1543
f 1192/1253/1524 1193/1254/1525 1213/1274/1545 1212/1273/1544
f 1193/1254/1525 1194/1255/1526 1214/1275/1546 1213/1274/1545
f 1194/1255/1526 1195/1256/1527 1215/1276/1547 1214/1275/1546
f 1195/1256/1527 1196/1257/1528 1216/1277/1548 1215/1276/1547
f 1196/1257/1528 1197/1258/1529 1217/1278/1549 1216/1277/1548
f 1197/1258/1529 1198/1259/1530 1218/1279/1550 1217/1278/1549
f 1198/1259/1530 1199/1260/1531 1219/1280/1551 1218/1279/1550
f 1199/1260/1531 1200/1261/1532 1220/1281/1552 1219/1280/1551
f 1200/1261/1532 1201/1262/1533 1221/1282/1553 1220/1281/1552
f 1201/1262/1533 1202/1436/1534 1222/1435/1554 1221/1282/1553
f 1202/1263/1534 1183/1245/1516 1203/1265/1536 1222/1283/1554
f 1203/1265/1536 1204/1264/1535 1224/1284/1555 1223/1285/1556
f 1204/1264/1535 1205/1266/1537 1225/1286/1557 1224/1284/1555
f 1205/1266/1537 1206/1267/1538 1226/1287/1558 1225/1286/1557
f 1206/1267/1538 1207/1268/1539 1227/1288/1559 1226/1287/1558
f 1207/1268/1539 1208/1269/1540 1228/1289/1560 1227/1288/1559
f 1208/1269/1540 1209/1270/1541 1229/1290/1561 1228/1289/1560
f 1209/1270/1541 1210/1271/1542 1230/1291/1562 1229/1290/1561
f 1210/1271/1542 1211/1272/1543 1231/1292/1563 1230/1291/1562
f 1211/1272/1543 1212/1273/1544 1232/1293/1564 1231/1292/1563
f 1212/1273/1544 1213/1274/1545 1233/1294/1565 1232/1293/1564
f 1213/1274/1545 1214/1275/1546 1234/1295/1566 1233/1294/1565
f 1214/1275/1546 1215/1276/1547 1235/1296/1567 1234/1295/1566
f 1215/1276/1547 1216/1277/1548 1236/1297/1568 1235/1296/1567
f 1216/1277/1548 1217/1278/1549 1237/1298/1569 1236/1297/1568
f 1217/1278/1549 1218/1279/1550 1238/1299/1570 1237/1298/1569
f 1218/1279/1550 1219/1280/1551 1239/1300/1571 1238/1299/1570
f 1219/1280/1551 1220/1281/1552 1240/1301/1572 1239/1300/1571
f 1220/1281/1552 1221/1282/1553 1241/1302/1573 1240/1301/1572
f 1221/1282/1553 1222/1435/1554 1242/1434/1574 1241/1302/1573
f 1222/1283/1554 1203/1265/1536 1223/1285/1556 1242/1303/1574
f 1223/1285/1556 1224/1284/1555 1244/1304/1575 1243/1305/1576
f 1224/1284/1555 1225/1286/1557 1245/1306/1577 1244/1304/1575
f 1225/1286/1557 1226/1287/1558 1246/1307/1578 1245/1306/1577
f 1226/1287/1558 1227/1288/1559 1247/1308/1579 1246/1307/1578
f 1227/1288/1559 1228/1289/1560 1248/1309/1580 1247/1308/1579
f 1228/1289/1560 1229/1290/1561 1249/1310/1581 1248/1309/1580
f 1229/1290/1561 1230/1291/1562 1250/1311/1582 1249/1310/1581
f 1230/1291/1562 1231/1292/1563 1251/1312/1583 1250/1311/1582
f 1231/1292/1563 1232/1293/1564 1252/1313/1584 1251/1312/1583
f 1232/1293/1564 1233/1294/1565 1253/1314/1585 1252/1313/1584
f 1233/1294/1565 1234/1295/1566 1254/1315/1586 1253/1314/1585
f 1234/1295/1566 1235/1296/1567 1255/1316/1587 1254/1315/1586
f 1235/1296/1567 1236/1297/1568 1256/1317/1588 1255/1316/1587
f 1236/1297/1568 1237/1298/1569 1257/1318/1589 1256/1317/1588
f 1237/1298/1569 1238/1299/1570 1258/1319/1590 1257/1318/1589
f 1238/1299/1570 1239/1300/1571 1259/1320/1591 1258/1319/1590
f 1239/1300/1571 1240/1301/1572 1260/1321/1592 1259/1320/1591
f 1240/1301/1572 1241/1302/1573 1261/1322/1593 1260/1321/1592
f 1241/1302/1573 1242/1434/1574 1262/1433/1594 1261/1322/1593
f 1242/1303/1574 1223/1285/1556 1243/1305/1576 1262/1323/1594
f 1243/1305/1576 1244/1304/1575 1264/1324/1595 1263/1325/1596
f 1244/1304/1575 1245/1306/1577 1265/1326/1597 1264/1324/1595
f 1245/1306/1577 1246/1307/1578 1266/1327/1598 1265/1326/1597
f 1246/1307/1578 1247/1308/1579 1267/1328/1599 1266/1327/1598
f 1247/1308/1579 1248/1309/1580 1268/1329/1600 1267/1328/1599
f 1248/1309/1580 1249/1310/1581 1269/1330/1601 1268/1329/1600
f 1249/1310/1581 1250/1311/1582 1270/1331/1602 1269/1330/1601
f 1250/1311/1582 1251/1312/1583 1271/1332/1603 1270/1331/1602
f 1251/1312/1583 1252/1313/1584 1272/1333/1604 1271/1332/1603
f 1252/1313/1584 1253/1314/1585 1273/1334/1605 1272/1333/1604
f 1253/1314/1585 1254/1315/1586 1274/1335/1606 1273/1334/1605
f 1254/1315/1586 1255/1316/1587 1275/1336/1607 1274/1335/1606
f 1255/1316/1587 1256/1317/1588 1276/1337/1608 1275/1336/1607
f 1256/1317/1588 1257/1318/1589 1277/1338/1609 1276/1337/1608
f 1257/1318/1589 1258/1319/1590 1278/1339/1610 1277/1338/1609
f 1258/1319/1590 1259/1320/1591 1279/1340/1611 1278/1339/1610
f 1259/1320/1591 1260/1321/1592 1280/1341/1612 1279/1340/1611
f 1260/1321/1592 1261/1322/1593 1281/1342/1613 1280/1341/1612
f 1261/1322/1593 1262/1433/1594 1282/1432/1614 1281/1342/1613
f 1262/1323/1594 1243/1305/1576 1263/1325/1596 1282/1343/1614
f 1263/1325/1596 1264/1324/1595 1284/1344/1615 1283/1345/1616
f 1264/1324/1595 1265/1326/1597 1285/1346/1617 1284/1344/1615
f 1265/1326/1597 1266/1327/1598 1286/1347/1618 1285/1346/1617
f 1266/1327/1598 1267/1328/1599 1287/1348/1619 1286/1347/1618
f 1267/1328/1599 1268/1329/1600 1288/1349/1620 1287/1348/1619
f 1268/1329/1600 1269/1330/1601 1289/1350/1621 1288/1349/1620
f 1269/1330/1601 1270/1331/1602 1290/1351/1622 1289/1350/1621
f 1270/1331/1602 1271/1332/1603 1291/1352/1623 1290/1351/1622
f 1271/1332/1603 1272/1333/1604 1292/1353/1624 1291/1352/1623
f 1272/1333/1604 1273/1334/1605 1293/1354/1625 1292/1353/1624
f 1273/1334/1605 1274/1335/1606 1294/1355/1626 1293/1354/1625
f 1274/1335/1606 1275/1336/1607 1295/1356/1627 1294/1355/1626
f 1275/1336/1607 1276/1337/1608 1296/1357/1628 1295/1356/1627
f 1276/1337/1608 1277/1338/1609 1297/1358/1629 1296/1357/1628
f 1277/1338/1609 1278/1339/1610 1298/1359/1630 1297/1358/1629
f 1278/1339/1610 1279/1340/1611 1299/1360/1631 1298/1359/1630
f 1279/1340/1611 1280/1341/1612 1300/1361/1632 1299/1360/1631
f 1280/1341/1612 1281/1342/1613 1301/1362/1633 1300/1361/1632
f 1281/1342/1613 1282/1432/1614 1302/1431/1634 1301/1362/1633
f 1282/1343/1614 1263/1325/1596 1283/1345/1616 1302/1363/1634
f 1283/1345/1616 1284/1344/1615 1304/1364/1635 1303/1365/1636
f 1284/1344/1615 1285/1346/1617 1305/1366/1637 1304/1364/1635
f 1285/1346/1617 1286/1347/1618 1306/1367/1638 1305/1366/1637
f 1286/1347/1618 1287/1348/1619 1307/1368/1639 1306/1367/1638
f 1287/1348/1619 1288/1349/1620 1308/1369/1640 1307/1368/1639
f 1288/1349/1620 1289/1350/1621 1309/1370/1641 1308/1369/1640
f 1289/1350/1621 1290/1351/1622 1310/1371/1642 1309/1370/1641
f 1290/1351/1622 1291/1352/1623 1311/1372/1643 1310/1371/1642
f 1291/1352/1623 1292/1353/1624 1312/1373/1644 1311/1372/1643
f 1292/1353/1624 1293/1354/1625 1313/1374/1645 1312/1373/1644
f 1293/1354/1625 1294/1355/1626 1314/1375/1646 1313/1374/1645
f 1294/1355/1626 1295/1356/1627 1315/1376/1647 1314/1375/1646
f 1295/1356/1627 1296/1357/1628 1316/1377/1648 1315/1376/1647
f 1296/1357/1628 1297/1358/1629 1317/1378/1649 1316/1377/1648
f 1297/1358/1629 1298/1359/1630 1318/1379/1650 1317/1378/1649
f 1298/1359/1630 1299/1360/1631 1319/1380/1651 1318/1379/1650
f 1299/1360/1631 1300/1361/1632 1320/1381/1652 1319/1380/1651
f 1300/1361/1632 1301/1362/1633 1321/1382/1653 1320/1381/1652
f 1301/1362/1633 1302/1431/1634 1322/1430/1654 1321/1382/1653
f 1302/1363/1634 1283/1345/1616 1303/1365/1636 1322/1383/1654
f 1303/1365/1636 1304/1364/1635 1324/1384/1655 1323/1385/1656
f 1304/1364/1635 1305/1366/1637 1325/1386/1657 1324/1384/1655
f 1305/1366/1637 1306/1367/1638 1326/1387/1658 1325/1386/1657
f 1306/1367/1638 1307/1368/1639 1327/1388/1659 1326/1387/1658
f 1307/1368/1639 1308/1369/1640 1328/1389/1660 1327/1388/1659
f 1308/1369/1640 1309/1370/1641 1329/1390/1661 1328/1389/1660
f 1309/1370/1641 1310/1371/1642 1330/1391/1662 1329/1390/1661
f 1310/1371/1642 1311/1372/1643 1331/1392/1663 1330/1391/1662
f 1311/1372/1643 1312/1373/1644 1332/1393/1664 1331/1392/1663
f 1312/1373/1644 1313/1374/1645 1333/1394/1665 1332/1393/1664
f 1313/1374/1645 1314/1375/1646 1334/1395/1666 1333/1394/1665
f 1314/1375/1646 1315/1376/1647 1335/1396/1667 1334/1395/1666
f 1315/1376/1647 1316/1377/1648 1336/1397/1668 1335/1396/1667
f 1316/1377/1648 1317/1378/1649 1337/1398/1669 1336/1397/1668
f 1317/1378/1649 1318/1379/1650 1338/1399/1670 1337/1398/1669
f 1318/1379/1650 1319/1380/1651 1339/1400/1671 1338/1399/1670
f 1319/1380/1651 1320/1381/1652 1340/1401/1672 1339/1400/1671
f 1320/1381/1652 1321/1382/1653 1341/1402/1673 1340/1401/1672
f 1321/1382/1653 1322/1430/1654 1342/1429/1674 1341/1402/1673
f 1322/1383/1654 1303/1365/1636 1323/1385/1656 1342/1403/1674
f 1323/1385/1656 1324/1384/1655 1344/1404/1675 1343/1405/1676
f 1324/1384/1655 1325/1386/1657 1345/1406/1677 1344/1404/1675
f 1325/1386/1657 1326/1387/1658 1346/1407/1678 1345/1406/1677
f 1326/1387/1658 1327/1388/1659 1347/1408/1679 1346/1407/1678
f 1327/1388/1659 1328/1389/1660 1348/1409/1680 1347/1408/1679
f 1328/1389/1660 1329/1390/1661 1349/1410/1681 1348/1409/1680
f 1329/1390/1661 1330/1391/1662 1350/1411/1682 1349/1410/1681
f 1330/1391/1662 1331/1392/1663 1351/1412/1683 1350/1411/1682
f 1331/1392/1663 1332/1393/1664 1352/1413/1684 1351/1412/1683
f 1332/1393/1664 1333/1394/1665 1353/1414/1685 1352/1413/1684
f 1333/1394/1665 1334/1395/1666 1354/1415/1686 1353/1414/1685
f 1334/1395/1666 1335/1396/1667 1355/1416/1687 1354/1415/1686
f 1335/1396/1667 1336/1397/1668 1356/1417/1688 1355/1416/1687
f 1336/1397/1668 1337/1398/1669 1357/1418/1689 1356/1417/1688
f 1337/1398/1669 1338/1399/1670 1358/1419/1690 1357/1418/1689
f 1338/1399/1670 1339/1400/1671 1359/1420/1691 1358/1419/1690
f 1339/1400/1671 1340/1401/1672 1360/1421/1692 1359/1420/1691
f 1340/1401/1672 1341/1402/1673 1361/1422/1693 1360/1421/1692
f 1341/1402/1673 1342/1429/1674 1362/1426/1694 1361/1422/1693
f 1342/1403/1674 1323/1385/1656 1343/1405/1676 1362/1423/1694
f 984/1045/1316 983/1044/1315 1363/1424/1695
f 985/1048/1319 984/1045/1316 1363/1424/1695
f 986/1050/1321 985/1048/1319 1363/1424/1695
f 987/1052/1323 986/1050/1321 1363/1424/1695
f 988/1054/1325 987/1052/1323 1363/1424/1695
f 989/1056/1327 988/1054/1325 1363/1424/1695
f 990/1058/1329 989/1056/1327 1363/1424/1695
f 991/1060/1331 990/1058/1329 1363/1424/1695
f 992/1062/1333 991/1060/1331 1363/1424/1695
f 993/1064/1335 992/1062/1333 1363/1424/1695
f 994/1066/1337 993/1064/1335 1363/1424/1695
f 995/1068/1339 994/1066/1337 1363/1424/1695
f 996/1070/1341 995/1068/1339 1363/1424/1695
f 997/1072/1343 996/1070/1341 1363/1424/1695
f 998/1074/1345 997/1072/1343 1363/1424/1695
f 999/1076/1347 998/1074/1345 1363/1424/1695
f 1000/1078/1349 999/1076/1347 1363/1424/1695
f 1001/1080/1351 1000/1078/1349 1363/1424/1695
f 1002/1082/1353 1001/1080/1351 1363/1424/1695
f 983/1044/1315 1002/1428/1353 1363/1424/1695
f 1343/1405/1676 1344/1404/1675 1364/1427/1696
f 1344/1404/1675 1345/1406/1677 1364/1427/1696
f 1345/1406/1677 1346/1407/1678 1364/1427/1696
f 1346/1407/1678 1347/1408/1679 1364/1427/1696
f 1347/1408/1679 1348/1409/1680 1364/1427/1696
f 1348/1409/1680 1349/1410/1681 1364/1427/1696
f 1349/1410/1681 1350/1411/1682 1364/1427/1696
f 1350/1411/1682 1351/1412/1683 1364/1427/1696
f 1351/1412/1683 1352/1413/1684 1364/1427/1696
f 1352/1413/1684 1353/1414/1685 1364/1427/1696
f 1353/1414/1685 1354/1415/1686 1364/1425/1696
f 1354/1415/1686 1355/1416/1687 1364/1425/1696
f 1355/1416/1687 1356/1417/1688 1364/1425/1696
f 1356/1417/1688 1357/1418/1689 1364/1425/1696
f 1357/1418/1689 1358/1419/1690 1364/1425/1696
f 1358/1419/1690 1359/1420/1691 1364/1425/1696
f 1359/1420/1691 1360/1421/1692 1364/1425/1696
f 1360/1421/1692 1361/1422/1693 1364/1425/1696
f 1361/1422/1693 1362/1426/1694 1364/1425/1696
f 1362/1423/1694 1343/1405/1676 1364/1427/1696
