# Blender 5.1.0
# www.blender.org
mtllib Horse.mtl
o polySurface1
v 1.053932 1.231955 1.837736
v 1.049271 1.602308 1.799494
v 0.983546 1.576946 2.201226
v 0.972129 1.206930 2.290540
v 0.653246 1.224510 2.433588
v 0.642723 1.596920 2.431335
v 0.377896 1.207211 2.151855
v 0.383420 1.610659 2.189785
v 0.306504 1.638188 1.785811
v 0.307116 1.254552 1.793720
v 0.405090 1.562693 1.322990
v 0.433497 1.239444 1.346674
v 0.714019 1.544057 1.113660
v 0.730402 1.243280 1.180316
v 0.941979 0.710994 2.465865
v 1.006204 0.769497 1.929346
v 0.644506 0.707693 2.458894
v 0.409425 0.717537 2.212403
v 0.356660 0.782982 1.929913
v 0.450349 0.833300 1.606540
v 0.699985 0.855869 1.460459
v 1.011369 0.169980 2.757522
v 1.018859 0.178628 2.101563
v 0.647814 0.173696 2.586575
v 0.335014 0.169648 2.419069
v 0.379670 0.184164 2.124856
v 0.419132 0.214814 1.878361
v 0.719540 0.185930 1.911282
v 0.743439 0.178706 1.954255
v 0.468634 0.195613 1.950559
v 0.977867 0.164632 2.093386
v 0.968362 0.167753 2.692174
v 0.663639 0.153651 2.543721
v 0.398463 0.164391 2.409042
v 0.419743 0.180993 2.177894
v 0.704508 -0.135612 2.179472
v 1.046181 1.871865 1.749925
v 0.969665 1.871560 2.200939
v 1.028238 2.101126 2.240433
v 1.141885 2.120079 1.776929
v 0.694979 1.886234 2.490431
v 0.793556 2.124455 2.682239
v 0.982538 1.767019 0.881475
v 1.174306 1.987733 0.813673
v 0.407215 1.841505 2.621539
v 0.427419 1.489825 0.659123
v 0.916671 1.690732 0.504058
v -0.036010 1.822069 2.606093
v -0.032191 1.721138 2.238727
v -0.027302 1.639189 1.768267
v -0.022364 1.568895 1.293197
v -0.015684 1.486991 0.650510
v -0.007259 1.390009 -0.160169
v 0.463235 1.399201 -0.114599
v -0.002793 1.335240 -0.589810
v 0.502836 1.360293 -0.492752
v 0.868817 1.615558 -0.009751
v 0.859229 1.567399 -0.522083
v 1.124189 1.889425 0.453858
v 1.092147 1.817065 -0.011097
v 1.086953 1.765369 -0.514763
v 0.806739 0.854650 -0.516793
v 0.888812 0.858275 -0.938897
v 0.900549 1.162708 -0.996283
v 0.835270 1.231466 -0.632706
v 0.820895 0.871941 -1.441417
v 0.855174 1.116919 -1.481025
v 0.582035 0.881893 -1.525954
v 0.623802 1.101336 -1.673729
v 0.338544 0.893176 -1.412102
v 0.459538 1.041992 -1.578032
v 0.538733 0.853915 -0.525837
v 0.542159 1.048708 -0.524004
v 0.300577 1.017346 -0.705997
v 0.295893 0.892693 -0.710489
v 0.223276 0.892422 -1.040214
v 0.262657 1.014815 -1.296478
v 0.837446 0.526949 -0.422065
v 0.890437 0.537449 -0.858348
v 0.830530 0.580828 -1.290128
v 0.576682 0.611842 -1.343762
v 0.315611 0.592490 -1.256797
v 0.546115 0.533309 -0.457073
v 0.298286 0.576384 -0.622311
v 0.233223 0.574519 -0.952138
v 0.864878 0.165369 -0.210607
v 0.888248 0.164956 -0.647710
v 0.892630 0.169956 -1.069278
v 0.557831 0.186296 -1.061302
v 0.308517 0.197270 -1.048182
v 0.581153 0.164956 -0.351100
v 0.208461 0.167584 -0.535549
v 0.237548 0.199009 -0.766403
v 0.830625 0.168090 -0.287165
v 0.597216 0.166418 -0.398862
v 0.285451 0.164332 -0.562652
v 0.294247 0.175873 -0.728657
v 0.333116 0.195170 -1.001513
v 0.549195 0.182897 -1.019614
v 0.842472 0.164317 -1.006206
v 0.844639 0.166023 -0.645354
v 0.645211 -0.142752 -0.628358
v 0.897665 1.481015 -1.007512
v 0.853847 1.488613 -1.487919
v 0.677301 1.335072 -1.779845
v 0.009296 1.333655 -1.752975
v 0.004257 1.325922 -1.268121
v 1.105773 1.727482 -1.022446
v 1.111687 1.729215 -1.528617
v 0.684205 1.619696 -2.005027
v 0.012437 1.557615 -2.055197
v 1.270263 2.071867 -1.628212
v 1.341126 2.141462 -1.142688
v 1.368697 2.180506 -0.648340
v 1.364139 2.233676 -0.174393
v 1.365325 2.297771 0.277049
v 1.352513 2.368669 0.713084
v 1.343882 2.478127 1.731901
v 1.210881 2.499523 2.308913
v 0.952576 2.531344 2.796932
v 0.471522 2.124773 2.966806
v -0.039816 2.094272 2.972326
v 0.626686 2.513859 3.161588
v -0.043260 2.434801 3.303725
v 0.836616 1.961988 -2.248410
v 0.767115 1.790287 -2.139741
v 0.014501 1.696519 -2.253714
v 0.015636 1.789621 -2.362917
v 0.550543 1.903362 -2.364418
v 0.016521 1.718647 -2.448147
v 0.617816 1.859300 -2.457613
v 0.626656 1.703326 -2.546042
v 0.017630 1.689031 -2.554760
v 0.600838 1.428584 -2.909086
v 0.021336 1.382166 -2.911341
v 0.677779 1.536940 -3.222611
v 0.025388 1.407545 -3.301207
v 0.028718 1.646785 -3.621588
v 0.625823 1.668271 -3.573701
v 0.653684 1.926126 -3.549762
v 0.028358 1.948539 -3.586999
v 0.639952 2.139357 -3.408382
v 0.027561 2.088400 -3.510281
v 0.604509 2.257744 -3.290531
v 0.026132 2.257941 -3.372819
v 0.527547 2.524694 -3.001205
v 0.023098 2.498344 -3.080884
v 0.021258 2.759047 -2.903842
v 0.505705 2.770553 -2.863381
v 0.019976 2.995625 -2.780548
v 0.483435 3.025017 -2.723745
v 0.018242 3.210156 -2.613693
v 0.442046 3.195092 -2.473784
v 0.724622 1.806736 -3.074325
v 0.693198 2.042418 -2.977587
v 0.648168 2.137452 -2.935365
v 0.655643 2.046859 -2.464195
v 0.621118 2.411421 -2.708459
v 0.729823 2.321160 -2.515644
v 0.618042 2.681388 -2.594748
v 0.615480 2.948889 -2.501779
v 0.772453 2.644495 -2.429017
v 1.212739 1.893193 -1.533789
v 1.260390 1.916006 -1.065789
v 1.249966 1.956990 -0.566681
v 1.253671 2.004346 -0.082500
v 1.265182 2.074817 0.364512
v 1.281978 2.152748 0.762216
v 1.240687 2.287772 1.754096
v 1.132337 2.305883 2.265526
v 0.882493 2.316257 2.754762
v 0.555672 2.309309 3.085361
v -0.041656 2.264084 3.149327
v 0.965332 2.271519 -2.329874
v 1.001896 2.646444 -2.262720
v 0.762565 2.926936 -2.344108
v 0.964529 2.945737 -2.191660
v 0.576035 3.173810 -2.351702
v 0.709919 3.175784 -2.213099
v 0.865118 3.200368 -2.040010
v 1.297824 2.401518 -1.764428
v 1.402360 2.437888 -1.239936
v 1.224126 2.693464 -1.785357
v 1.127662 2.961156 -1.756219
v 1.032521 3.189121 -1.713887
v 1.342042 2.710721 -1.278220
v 1.242402 2.971751 -1.293742
v 1.120129 3.196388 -1.288489
v 1.448792 2.424216 -0.727798
v 1.387178 2.714080 -0.784631
v 1.300888 2.960158 -0.812259
v 1.164478 3.163991 -0.818314
v 1.460604 2.459870 -0.249537
v 1.406850 2.733687 -0.316179
v 1.338148 2.964299 -0.346954
v 1.212698 3.149186 -0.358128
v 1.440070 2.547070 0.202867
v 1.389363 2.768115 0.131330
v 1.332517 2.976431 0.098365
v 1.203871 3.175132 0.112723
v 1.419517 2.613480 0.661313
v 1.359682 2.826357 0.586099
v 1.308015 3.037912 0.620278
v 1.206530 3.272588 0.749976
v 1.403208 2.725220 1.755917
v 1.286317 2.753078 2.338503
v 1.013654 2.784282 2.864653
v 0.674913 2.802002 3.278253
v -0.045594 2.795821 3.528198
v 1.420560 2.999076 1.729490
v 1.322085 3.009264 2.384733
v 1.067394 3.045154 2.919274
v 0.720304 3.073935 3.364386
v -0.046429 3.126467 3.608575
v 1.380795 3.210443 1.670947
v 1.352439 3.281509 2.383353
v 1.098816 3.294756 2.968734
v 0.744190 3.320507 3.388820
v -0.046414 3.334622 3.607151
v 1.364474 3.474474 1.611078
v 1.350005 3.556400 2.367506
v 1.114477 3.600037 2.961227
v 0.738637 3.602166 3.420523
v -0.046509 3.547217 3.616312
v 0.015916 3.300248 -2.389920
v 0.399300 3.314131 -2.273100
v 0.508591 3.298044 -2.178753
v 0.608124 3.308423 -2.039022
v 0.724533 3.347217 -1.876870
v 0.844737 3.368414 -1.585926
v 0.955133 3.421472 -1.241030
v 1.015766 3.394147 -0.788543
v 1.051187 3.389239 -0.343937
v 1.051994 3.402078 0.129083
v 1.072265 3.540367 0.805917
v 1.262686 3.756195 1.608229
v 1.348408 3.880937 2.340190
v 1.088527 3.923170 2.915126
v 0.701612 3.938422 3.335011
v -0.045291 3.899698 3.499056
v 0.698689 4.337941 3.207854
v -0.044059 4.299599 3.380581
v 0.679712 4.766953 3.087128
v -0.042926 4.749955 3.271504
v 0.665080 5.232087 2.990777
v -0.041823 5.289268 3.165417
v 0.643408 5.680099 2.900254
v -0.040731 5.729504 3.060303
v 0.601436 6.103942 2.771500
v -0.039614 6.100065 2.952861
v 0.533513 6.476408 2.573980
v -0.037577 6.416377 2.756853
v 1.060833 4.304778 2.829819
v 1.336406 4.255934 2.284798
v 1.199421 4.104199 1.513269
v 0.909555 3.866613 0.773559
v 0.899808 3.631022 0.124204
v 0.841429 3.565209 -0.331206
v 0.777671 3.529706 -0.735689
v 0.728301 3.479760 -1.129781
v 0.654313 3.431670 -1.456820
v 0.551869 3.417703 -1.751401
v 0.013944 3.426741 -2.200166
v 0.355520 3.405084 -2.101742
v 0.455240 3.373608 -2.070989
v 0.500156 3.415288 -1.923310
v 1.016848 4.735903 2.720434
v 0.979169 5.183330 2.613520
v 0.932842 5.614080 2.519811
v 0.891437 6.030555 2.406528
v 0.773308 6.354102 2.260457
v 1.300715 4.692703 2.192808
v 1.239400 5.123881 2.013758
v 1.127124 5.547329 1.956126
v 1.013797 5.945567 1.959452
v 0.857071 6.315872 1.941546
v 1.127667 4.530673 1.490565
v 0.835873 4.342775 1.004358
v 0.310986 3.920393 0.420818
v 0.248668 4.272318 0.737086
v -0.012911 3.910219 0.383701
v -0.016453 4.288759 0.724403
v 0.277023 4.629926 0.792341
v -0.017027 4.671045 0.779714
v 0.178068 5.658164 0.872883
v -0.017837 5.571295 0.857596
v 0.154287 6.683109 1.689101
v -0.031833 6.679487 1.627589
v 0.241774 6.739047 2.205312
v -0.032929 6.720356 2.309655
v 1.043928 4.959963 1.479464
v 0.773074 4.799136 1.099900
v 0.050657 6.267544 1.118543
v -0.046920 6.265252 1.089905
v 0.618769 6.578751 1.984680
v 0.713418 6.461613 1.869424
v 0.653187 5.747316 1.217902
v 0.874500 5.829571 1.519748
v -0.017149 5.104742 0.791367
v 0.239864 5.092849 0.816187
v 0.717416 5.271325 1.154559
v 0.958745 5.401329 1.487532
v 0.571048 6.196571 1.342445
v 0.769217 6.213527 1.574787
v 0.491785 6.493834 1.562975
v 0.682651 6.394759 1.654690
v 0.383188 3.755976 -0.031407
v -0.007625 3.758322 -0.124905
v 0.397832 3.651217 -0.447956
v -0.003532 3.665659 -0.518730
v 0.346774 3.597015 -0.849497
v 0.000790 3.600332 -0.934567
v 0.313683 3.556949 -1.212775
v 0.004603 3.622907 -1.301429
v 0.258278 3.548649 -1.528275
v 0.007990 3.590954 -1.627289
v 0.200144 3.538972 -1.770590
v 0.009987 3.562499 -1.819446
v 0.178607 3.533211 -1.980052
v 0.012059 3.535842 -2.018825
v 0.645321 0.166784 -0.375841
v 0.639629 0.165041 -0.322144
v 0.606190 0.531916 -0.450346
v 0.593429 0.854092 -0.515580
v 0.603152 1.102035 -0.515622
v 0.569467 1.369522 -0.456948
v 0.551919 1.410692 -0.071558
v 0.549448 1.487939 0.634149
v 0.552822 1.552266 1.211021
v 0.574471 1.234264 1.252255
v 0.573560 0.845283 1.536671
v 0.566733 0.200789 1.895081
v 0.603686 0.187473 1.952383
v 0.572645 -0.128329 2.196404
v 0.529593 0.157256 2.472394
v 0.486879 0.172748 2.508012
v 0.513415 0.719935 2.360310
v 0.500641 1.215540 2.320192
v 0.502582 1.603700 2.328322
v 0.549742 1.842585 2.567459
v 0.638165 2.115159 2.840854
v 0.717236 2.311798 2.924530
v 0.795079 2.517747 2.994460
v 0.845941 2.790582 3.081485
v 0.903121 3.052511 3.163048
v 0.937187 3.301904 3.205394
v 0.941263 3.609711 3.230672
v 0.906787 3.937783 3.160229
v 0.889240 4.327890 3.048448
v 0.863370 4.757432 2.929612
v 0.829092 5.211210 2.817576
v 0.792273 5.649662 2.721653
v 0.753679 6.075098 2.604588
v 0.649932 6.416543 2.428653
v 0.427319 6.671040 2.105424
v 0.306265 6.598436 1.572219
v 0.310836 6.263515 1.134140
v 0.404947 5.692656 0.990952
v 0.466287 5.169890 0.923275
v 0.501835 4.687820 0.847666
v 0.522600 4.266552 0.786932
v 0.597568 3.885796 0.512502
v 0.649639 3.695981 0.050997
v 0.654146 3.597583 -0.383453
v 0.589618 3.553526 -0.782156
v 0.546128 3.510644 -1.158903
v 0.480505 3.475228 -1.483655
v 0.407582 3.469938 -1.741155
v 0.369437 3.461365 -1.950865
v -1.109746 1.231955 1.815248
v -1.104291 1.602307 1.777111
v -1.046930 1.576945 2.180122
v -1.037372 1.206930 2.269654
v -0.721531 1.224510 2.419299
v -0.710964 1.596920 2.417265
v -0.440384 1.207211 2.143350
v -0.446696 1.610659 2.181157
v -0.361400 1.638188 1.778870
v -0.362177 1.254552 1.786764
v -0.450345 1.562693 1.314099
v -0.479238 1.239444 1.337188
v -0.754857 1.544057 1.098393
v -0.772621 1.243280 1.164694
v -1.010873 0.710994 2.445568
v -1.063931 0.769497 1.907830
v -0.713319 0.707693 2.444782
v -0.473165 0.717537 2.203230
v -0.414540 0.782982 1.921897
v -0.501487 0.833300 1.596647
v -0.748034 0.855869 1.445409
v -1.086309 0.169980 2.735720
v -1.080164 0.178628 2.079747
v -0.719279 0.173696 2.572366
v -0.403066 0.169648 2.411397
v -0.441596 0.184164 2.116320
v -0.475927 0.214814 1.869058
v -0.776954 0.185930 1.895728
v -0.801741 0.178706 1.938195
v -0.526919 0.195613 1.940211
v -1.039010 0.164632 2.072424
v -1.041953 0.167753 2.671280
v -0.734210 0.153651 2.529192
v -0.466293 0.164392 2.400054
v -0.482764 0.180993 2.168514
v -0.767500 -0.135612 2.164173
v -1.100171 1.871864 1.727617
v -1.033047 1.871560 2.180125
v -1.092427 2.101126 2.218392
v -1.196416 2.120078 1.752626
v -0.764436 1.886234 2.475262
v -0.866978 2.124455 2.664980
v -1.018492 1.767019 0.860677
v -1.208809 1.987733 0.788905
v -0.458870 1.489825 0.649911
v -0.705753 1.513770 0.588886
v -0.944794 1.690732 0.484711
v -0.478598 1.399201 -0.124388
v -0.510330 1.360293 -0.503283
v -0.659017 1.450397 -0.044499
v -0.886271 1.615557 -0.027992
v -0.645512 1.408391 -0.437808
v -0.866037 1.567398 -0.540015
v -1.151224 1.889425 0.430209
v -1.109525 1.817065 -0.033980
v -1.093863 1.765368 -0.537430
v -0.813668 0.854650 -0.533634
v -0.886949 0.858275 -0.957354
v -0.897492 1.162708 -1.014971
v -0.839783 1.231466 -0.650115
v -0.808603 0.871941 -1.458354
v -0.842051 1.116919 -1.498666
v -0.568037 0.881893 -1.537908
v -0.606724 1.101336 -1.686519
v -0.326965 0.893176 -1.419019
v -0.444484 1.041992 -1.587427
v -0.545532 0.853915 -0.537107
v -0.548995 1.048708 -0.535345
v -0.303683 1.017346 -0.712277
v -0.298907 0.892693 -0.716671
v -0.219452 0.892422 -1.044816
v -0.253498 1.014815 -1.301843
v -0.846337 0.526949 -0.439565
v -0.890249 0.537449 -0.876855
v -0.821380 0.580828 -1.307297
v -0.566472 0.611842 -1.355643
v -0.307265 0.592490 -1.263271
v -0.554342 0.533309 -0.468511
v -0.303131 0.576384 -0.628562
v -0.231227 0.574519 -0.956965
v -0.878158 0.165369 -0.228723
v -0.892438 0.164956 -0.666217
v -0.888057 0.169956 -1.087785
v -0.553496 0.186296 -1.072853
v -0.304508 0.197270 -1.054553
v -0.591574 0.164956 -0.363289
v -0.215129 0.167584 -0.539952
v -0.239412 0.199009 -0.771361
v -0.842321 0.168090 -0.304553
v -0.606641 0.166417 -0.411375
v -0.291540 0.164332 -0.568649
v -0.296883 0.175873 -0.734801
v -0.330073 0.195170 -1.008406
v -0.545728 0.182897 -1.030993
v -0.839220 0.164317 -1.023685
v -0.848887 0.166023 -0.662956
v -0.649856 -0.142752 -0.641819
v -0.894375 1.481015 -1.026137
v -0.840581 1.488613 -1.505530
v -0.658006 1.335072 -1.793723
v -0.705485 0.167163 -0.366572
v -0.711768 0.165129 -0.306852
v -0.676848 0.530475 -0.457366
v -0.657442 0.854262 -0.523112
v -0.674739 1.157133 -0.550726
v -1.102128 1.727481 -1.045394
v -1.097520 1.729214 -1.551578
v -0.660227 1.619696 -2.019001
v -1.253991 2.071867 -1.654448
v -1.334931 2.141461 -1.170502
v -1.372770 2.180506 -0.676834
v -1.378064 2.233676 -0.202894
v -1.388633 2.297771 0.248425
v -1.384887 2.368668 0.684633
v -1.397434 2.478127 1.703410
v -1.276454 2.499523 2.283061
v -1.028348 2.531344 2.776343
v -0.807547 1.961988 -2.265499
v -0.740320 1.790287 -2.155408
v -0.519125 1.903362 -2.375536
v -0.584447 1.859300 -2.470108
v -0.591447 1.703326 -2.558703
v -0.558088 1.428584 -2.921131
v -0.628496 1.536940 -3.236188
v -0.569255 1.668271 -3.586122
v -0.597607 1.926126 -3.562767
v -0.586816 2.139357 -3.421132
v -0.553830 2.257744 -3.302570
v -0.482899 2.524694 -3.011707
v -0.463926 2.770553 -2.873459
v -0.444563 3.025017 -2.733390
v -0.408379 3.195092 -2.482623
v -0.678412 1.806736 -3.088908
v -0.649005 2.042418 -2.991537
v -0.604862 2.137452 -2.948388
v -0.622128 2.046859 -2.477475
v -0.582534 2.411421 -2.720969
v -0.695223 2.321160 -2.530455
v -0.581823 2.681387 -2.607219
v -0.581193 2.948889 -2.514217
v -0.739644 2.644494 -2.444733
v -1.198443 1.893193 -1.558849
v -1.255810 1.916005 -1.091941
v -1.255763 1.956989 -0.592724
v -1.269530 2.004346 -0.108724
v -1.290329 2.074817 0.337951
v -1.315388 2.152748 0.735220
v -1.294722 2.287771 1.727744
v -1.197026 2.305883 2.241316
v -0.957404 2.316257 2.735639
v -0.934542 2.271518 -2.349620
v -0.972494 2.646444 -2.283241
v -0.731523 2.926936 -2.359637
v -0.936613 2.945737 -2.211420
v -0.544877 3.173810 -2.363352
v -0.681612 3.175784 -2.227562
v -0.840375 3.200368 -2.057736
v -1.278715 2.401518 -1.791207
v -1.394130 2.437887 -1.269002
v -1.204599 2.693464 -1.810600
v -1.108760 2.961155 -1.779463
v -1.014520 3.189121 -1.735163
v -1.333029 2.710721 -1.306023
v -1.233088 2.971751 -1.319471
v -1.110951 3.196388 -1.311677
v -1.451197 2.424216 -0.757939
v -1.388415 2.714080 -0.813479
v -1.301570 2.960158 -0.839308
v -1.165063 3.163991 -0.842526
v -1.472946 2.459870 -0.280027
v -1.417819 2.733686 -0.345537
v -1.348492 2.964299 -0.374877
v -1.222837 3.149186 -0.383442
v -1.461820 2.547070 0.172707
v -1.409637 2.768115 0.102238
v -1.352119 2.976431 0.070462
v -1.223799 3.175132 0.087491
v -1.450800 2.613479 0.631481
v -1.389415 2.826356 0.557526
v -1.338470 3.037912 0.592771
v -1.239702 3.272587 0.724551
v -1.457246 2.725220 1.726187
v -1.352489 2.753078 2.311077
v -1.090821 2.784282 2.842780
v -1.474045 2.999076 1.699405
v -1.389210 3.009264 2.356553
v -1.145684 3.045154 2.896272
v -1.433071 3.210443 1.641701
v -1.419529 3.281509 2.354542
v -1.178128 3.294756 2.945068
v -1.415509 3.474474 1.582184
v -1.416767 3.556400 2.338749
v -1.193629 3.600036 2.937238
v -0.369812 3.314130 -2.281093
v -0.481042 3.298043 -2.189039
v -0.583457 3.308423 -2.051407
v -0.703211 3.347217 -1.891709
v -0.829436 3.368414 -1.603327
v -0.946977 3.421472 -1.260799
v -1.017002 3.394147 -0.809671
v -1.061656 3.389239 -0.365897
v -1.072294 3.402078 0.107004
v -1.106629 3.540366 0.783271
v -1.313685 3.756195 1.581451
v -1.414602 3.880937 2.311473
v -1.166727 3.923170 2.891686
v -1.137265 4.304778 2.806973
v -1.401451 4.255934 2.256343
v -1.248459 4.104199 1.487827
v -0.943281 3.866613 0.754302
v -0.920041 3.631022 0.105290
v -0.852208 3.565209 -0.348809
v -0.780057 3.529706 -0.751879
v -0.722507 3.479760 -1.144860
v -0.641737 3.431670 -1.470290
v -0.533193 3.417702 -1.762679
v -0.329604 3.405083 -2.108863
v -0.429941 3.373608 -2.080189
v -0.477918 3.415288 -1.933475
v -1.091017 4.735903 2.698526
v -1.051124 5.183330 2.592418
v -1.002859 5.614080 2.499692
v -0.959109 6.030555 2.387295
v -0.837969 6.354102 2.243710
v -1.363855 4.692702 2.165114
v -1.298833 5.123881 1.987377
v -1.185383 5.547329 1.932091
v -1.072150 5.945567 1.937772
v -0.915086 6.315872 1.923128
v -1.176249 4.530672 1.466619
v -0.874413 4.342775 0.986583
v -1.092298 4.959963 1.457261
v -0.813613 4.799136 1.083409
v -0.677732 6.578751 1.971205
v -0.769964 6.461613 1.854006
v -0.696204 5.747316 1.203877
v -0.923744 5.829571 1.501058
v -0.759103 5.271325 1.139213
v -1.007301 5.401329 1.467098
v -0.618459 6.196571 1.333373
v -0.819627 6.213527 1.558273
v -0.552215 6.493834 1.570737
v -0.734741 6.394759 1.639958
v -0.655214 0.166784 -0.389358
v -0.650639 0.165042 -0.335555
v -0.614543 0.531916 -0.463034
v -0.600429 0.854092 -0.527989
v -0.610149 1.102035 -0.528232
v -0.577691 1.369522 -0.468870
v -0.568157 1.410692 -0.083200
v -0.580355 1.487939 0.622407
v -0.595718 1.552266 1.199083
v -0.618219 1.234263 1.239859
v -0.623220 0.845283 1.524233
v -0.623844 0.200789 1.882707
v -0.661980 0.187473 1.939228
v -0.636017 -0.128329 2.183842
v -0.598711 0.157256 2.460667
v -0.556747 0.172748 2.497165
v -0.580207 0.719935 2.348944
v -0.566602 1.215540 2.309100
v -0.568711 1.603700 2.317188
v -0.620832 1.842585 2.555292
v -0.714918 2.115159 2.826791
v -0.795711 2.311798 2.908805
v -0.874991 2.517747 2.977102
v -0.927651 2.790582 3.063051
v -0.986514 3.052511 3.143408
v -1.021452 3.301904 3.185037
v -1.026053 3.609711 3.210224
v -0.990121 3.937783 3.140514
v -0.970254 4.327890 3.029121
v -0.941919 4.757432 2.910849
v -0.905320 5.211209 2.799549
v -0.866516 5.649662 2.704412
v -0.825497 6.075098 2.588175
v -0.718116 6.416543 2.414435
v -0.488832 6.670598 2.095902
v -0.388754 6.597209 1.590397
v -0.384574 6.263515 1.186543
v -0.443301 5.692656 0.982136
v -0.503221 5.169890 0.913198
v -0.537191 4.687820 0.836867
v -0.556688 4.266552 0.775714
v -0.625936 3.885796 0.499786
v -0.668403 3.695981 0.037298
v -0.663880 3.597583 -0.397152
v -0.591078 3.553526 -0.794427
v -0.539768 3.510644 -1.170189
v -0.467409 3.475228 -1.493507
v -0.389149 3.469938 -1.749435
v -0.346654 3.461365 -1.958307
v 0.463063 -0.126153 -0.673214
v 0.431097 0.189605 -1.009720
v 0.421569 0.192294 -1.054132
v 0.433994 0.601265 -1.296231
v 0.448955 0.888060 -1.463729
v 0.534024 1.068902 -1.621426
v 0.312204 1.334298 -1.765159
v 0.317051 1.585766 -2.032448
v 0.355774 1.739039 -2.202033
v 0.258190 1.841197 -2.363598
v 0.289179 1.782426 -2.452439
v 0.293793 1.695513 -2.550807
v 0.284112 1.403214 -2.910319
v 0.321215 1.466219 -3.265568
v 0.299476 1.656527 -3.599874
v 0.311913 1.938375 -3.570114
v 0.305250 2.111506 -3.464075
v 0.288397 2.257852 -3.335505
v 0.251841 2.510293 -3.044753
v 0.240931 2.764265 -2.885495
v 0.230132 3.008953 -2.754790
v 0.210417 3.203325 -2.550251
v 0.189762 3.306543 -2.336947
v 0.168832 3.416921 -2.155535
v -0.453817 1.836726 2.569800
v -0.522121 2.109194 2.868353
v -0.580367 2.298172 2.977494
v -0.637463 2.494059 3.070379
v -0.675751 2.792078 3.195889
v -0.718042 3.073632 3.276252
v -0.742999 3.311247 3.305585
v -0.746313 3.591864 3.326196
v -0.720294 3.926907 3.242907
v -0.705750 4.319811 3.129492
v -0.685183 4.755297 3.013846
v -0.658721 5.233501 2.904035
v -0.630686 5.672463 2.806048
v -0.601063 6.082229 2.692323
v -0.523766 6.416495 2.512223
v -0.358634 6.684808 2.156946
v -0.286824 6.620706 1.601018
v -0.288146 6.264011 1.158945
v -0.321796 5.657998 0.946569
v -0.364408 5.151285 0.878406
v -0.388641 4.683030 0.820545
v -0.402407 4.272894 0.761061
v -0.450867 3.892771 0.466634
v -0.479697 3.713785 -0.009025
v -0.475296 3.617025 -0.431873
v -0.422051 3.566893 -0.834449
v -0.384305 3.542704 -1.207669
v -0.331644 3.508277 -1.531713
v -0.275163 3.496372 -1.769429
v -0.244212 3.482634 -1.975590
v -0.231493 3.411269 -2.134938
v -0.259655 3.310166 -2.312172
v -0.286544 3.199394 -2.520054
v -0.311899 3.016623 -2.746857
v -0.325366 2.767267 -2.882136
v -0.338396 2.517169 -3.031462
v -0.388203 2.257800 -3.322632
v -0.411361 2.124804 -3.446592
v -0.418843 1.932526 -3.569687
v -0.398485 1.662135 -3.596251
v -0.441759 1.499987 -3.254756
v -0.392615 1.415328 -2.918336
v -0.417506 1.699244 -2.557577
v -0.412821 1.819132 -2.463837
v -0.366407 1.870879 -2.371932
v -0.524757 1.763509 -2.183483
v -0.468127 1.601967 -2.029337
v -0.467437 1.334667 -1.782086
v -0.560391 1.084388 -1.658220
v -0.499192 0.885116 -1.503955
v -0.492447 0.606315 -1.329263
v -0.482390 0.189430 -1.067627
v -0.484141 0.186402 -1.024543
v -0.554213 -0.134079 -0.663273
v -0.318544 1.644816 2.198956
v -0.258107 1.638497 1.775591
v -0.318026 1.564610 1.307637
v -0.321851 1.488949 0.650096
v -0.332874 1.396359 -0.135450
v -0.353415 1.352547 -0.530034
v -0.473152 1.039012 -0.590047
v -0.469283 0.865904 -0.592622
v -0.476675 0.546626 -0.517994
v -0.475189 0.165769 -0.417907
v -0.509221 0.165773 -0.459999
v 0.756995 0.167586 -0.322400
v 0.775376 0.165239 -0.254926
v 0.745580 0.528865 -0.433648
v 0.721757 0.854439 -0.512841
v 0.744494 1.191079 -0.580581
v 0.738284 1.481006 -0.469054
v 0.745558 1.525822 -0.021284
v 0.785646 1.594584 0.557947
v 0.836645 1.645879 1.007626
v 1.047860 1.725408 1.776857
v 0.977207 1.711489 2.201095
v 0.666587 1.729043 2.458323
v 0.524119 1.712793 2.437531
v 0.394287 1.716081 2.386956
v -0.033935 1.767231 2.406494
v -0.380320 1.732457 2.368311
v -0.730232 -0.064850 2.710305
v -0.735402 -0.140428 2.666031
v -0.963860 -0.133250 2.778308
v -1.035861 -0.064851 2.855397
v -0.476275 -0.064851 2.626766
v -0.553492 -0.136632 2.581715
v -0.608749 -0.139439 2.609072
v -0.601011 -0.064851 2.661882
v -1.030470 -0.056295 2.136530
v -0.965931 -0.121660 2.156601
v -0.791762 -0.110867 2.041767
v -0.802245 -0.046101 1.978575
v -0.585585 -0.099872 2.043551
v -0.528225 -0.033028 1.979594
v -0.662894 -0.041321 1.979422
v -0.655678 -0.104318 2.042370
v -0.503972 -0.060253 2.196310
v -0.567243 -0.123082 2.194244
v 0.661986 -0.140428 2.680555
v 0.655832 -0.064855 2.730989
v 0.958691 -0.064855 2.852421
v 0.888061 -0.133250 2.797556
v 0.481868 -0.136632 2.592476
v 0.403485 -0.064855 2.659616
v 0.536543 -0.139439 2.620988
v 0.527541 -0.064855 2.689960
v 0.967996 -0.056295 2.157301
v 0.903054 -0.121660 2.176027
v 0.743103 -0.046101 1.994636
v 0.730906 -0.111238 2.059426
v 0.603765 -0.041321 1.992587
v 0.595242 -0.104318 2.055372
v 0.525967 -0.100009 2.055912
v 0.469119 -0.032176 1.989813
v 0.440367 -0.060224 2.206121
v 0.503699 -0.123084 2.205371
v 0.682759 -0.135079 -0.617867
v 0.607314 0.179215 -1.016957
v 0.624179 0.183058 -1.062883
v 0.626987 0.605696 -1.333133
v 0.629370 0.879921 -1.509202
v 0.669653 1.104424 -1.635541
v 0.712288 1.365499 -1.721993
v 0.768919 1.641400 -1.910617
v 0.855425 1.810680 -2.019659
v 0.922552 1.983763 -2.125505
v 1.031222 2.297281 -2.217818
v 1.045935 2.655762 -2.168121
v 0.996857 2.948793 -2.105368
v 0.898293 3.198139 -1.975382
v 0.748354 3.351418 -1.819214
v 0.572171 3.420470 -1.693024
v 0.422033 3.470987 -1.690126
v 0.211665 3.540889 -1.722570
v 0.009591 3.568138 -1.781366
v -0.286356 3.498731 -1.722320
v -0.404658 3.470987 -1.698718
v -0.554703 3.420470 -1.704736
v -0.728225 3.351417 -1.834560
v -0.874886 3.198139 -1.993812
v -0.970727 2.948792 -2.125818
v -1.018491 2.655762 -2.189577
v -1.002748 2.297281 -2.238959
v -0.896019 1.983763 -2.144406
v -0.831106 1.810680 -2.037188
v -0.746886 1.641400 -1.926371
v -0.694187 1.365499 -1.736612
v -0.653359 1.104424 -1.649292
v -0.615710 0.879921 -1.522142
v -0.616987 0.605696 -1.346062
v -0.619796 0.183058 -1.075812
v -0.603890 0.179215 -1.029545
v -0.687614 -0.135079 -0.632109
v 0.742667 -0.122838 -0.601127
v 0.700042 0.173341 -1.012717
v 0.730035 0.177891 -1.065405
v 0.707249 0.595890 -1.316175
v 0.704893 0.876774 -1.482473
v 0.742808 1.109351 -1.574612
v 0.768108 1.414046 -1.629692
v 0.904081 1.676027 -1.759985
v 0.996323 1.843217 -1.828069
v 1.059663 2.018505 -1.929411
v 1.136350 2.338384 -2.039036
v 1.116201 2.670629 -2.017188
v 1.048437 2.953668 -1.967691
v 0.951222 3.194583 -1.872268
v 0.786360 3.358120 -1.727223
v 0.604561 3.424887 -1.599883
v 0.445090 3.472659 -1.608709
v 0.230045 3.543949 -1.645955
v 0.008960 3.577135 -1.720610
v -0.304214 3.502495 -1.647159
v -0.429402 3.472659 -1.617798
v -0.589022 3.424887 -1.612288
v -0.768135 3.358119 -1.743379
v -0.929947 3.194583 -1.891820
v -1.025157 2.953667 -1.989243
v -1.091877 2.670628 -2.040137
v -1.111568 2.338384 -2.062399
v -1.037176 2.018504 -1.951204
v -0.975956 1.843217 -1.848568
v -0.885150 1.676027 -1.778582
v -0.751914 1.414046 -1.645491
v -0.727765 1.109351 -1.589896
v -0.691773 0.876774 -1.496989
v -0.697585 0.595890 -1.330776
v -0.725578 0.177891 -1.080534
v -0.696686 0.173341 -1.027234
v -0.747857 -0.122838 -0.616618
v -0.841232 -0.071896 -0.592027
v -0.809831 -0.110245 -0.600682
v -0.845499 -0.089098 -0.090834
v -0.807984 -0.124416 -0.121797
v -0.800904 -0.099151 -0.937481
v -0.836813 -0.066153 -0.975057
v -0.699707 -0.065889 -0.979969
v -0.704272 -0.099138 -0.942628
v -0.359190 -0.034409 -0.985292
v -0.388658 -0.075712 -0.951397
v -0.312881 -0.079338 -0.718991
v -0.347193 -0.115305 -0.709711
v -0.326880 -0.135226 -0.347635
v -0.286719 -0.097705 -0.321304
v -0.578006 -0.093955 -0.195355
v -0.573861 -0.140274 -0.217886
v -0.624893 -0.091626 -0.178660
v -0.627699 -0.136727 -0.196026
v -0.487550 -0.138999 -0.263605
v -0.482462 -0.093527 -0.238295
v -0.708292 -0.087906 -0.148552
v -0.713579 -0.131064 -0.161109
v -0.554549 -0.062904 -0.985756
v -0.564105 -0.098505 -0.949720
v -0.498798 -0.054807 -0.985651
v -0.505912 -0.090738 -0.949685
v -0.610479 -0.064269 -0.983484
v -0.618063 -0.098726 -0.947077
v 0.415129 1.529931 1.024510
v 0.551305 1.523344 0.951655
v 0.813716 1.622816 0.805447
v 0.952924 1.732720 0.711785
v 1.151773 1.943533 0.651898
v 1.274426 2.117710 0.583405
v 1.358274 2.336792 0.517039
v 1.428758 2.583621 0.455193
v 1.373027 2.800171 0.381631
v 1.319031 3.010270 0.385622
v 1.205335 3.228771 0.463461
v 1.063151 3.478191 0.501607
v 0.905173 3.760689 0.481604
v 0.620979 3.800454 0.305006
v 0.343449 3.846469 0.217495
v -0.010535 3.841925 0.155028
v -0.463829 3.812297 0.252774
v -0.645030 3.800454 0.291848
v -0.932832 3.760689 0.462501
v -1.091192 3.478191 0.479216
v -1.232552 3.228770 0.438123
v -1.344606 3.010269 0.357937
v -1.398507 2.800171 0.352825
v -1.455755 2.583621 0.425212
v -1.386571 2.336792 0.488511
v -1.304122 2.117709 0.556605
v -1.182918 1.943533 0.627632
v -0.985357 1.732720 0.691640
v -0.732779 1.530440 0.869315
v -0.588810 1.523344 0.939805
v -0.454178 1.529931 1.015475
v -0.319746 1.530593 1.012002
v -0.019361 1.532070 1.004240
v 0.835742 -0.071499 -0.574062
v 0.793164 -0.118393 -0.587016
v 0.781886 -0.144649 -0.120087
v 0.829152 -0.094153 -0.056433
v 0.839168 -0.067518 -0.959257
v 0.792369 -0.109779 -0.912424
v 0.706918 -0.109304 -0.918640
v 0.702014 -0.067369 -0.966921
v 0.568131 -0.109230 -0.929184
v 0.556836 -0.064688 -0.975575
v 0.454290 -0.094358 -0.931255
v 0.449757 -0.049006 -0.977267
v 0.397429 -0.089177 -0.934585
v 0.360849 -0.036330 -0.978543
v 0.309362 -0.079502 -0.713085
v 0.354386 -0.123947 -0.699976
v 0.275976 -0.100290 -0.339059
v 0.327206 -0.144649 -0.350897
v 0.569220 -0.091273 -0.190089
v 0.563683 -0.144650 -0.222339
v 0.612190 -0.088881 -0.170380
v 0.616344 -0.144650 -0.197642
v 0.743837 -0.082836 -0.109379
v 0.740879 -0.144649 -0.138181
v 0.621600 -0.109256 -0.925023
v 0.612766 -0.065778 -0.972227
vn 0.9668 -0.1191 -0.2263
vn 0.9735 -0.1192 -0.1950
vn 0.8613 0.0362 0.5067
vn 0.8413 0.0537 0.5378
vn 0.7426 -0.2153 -0.6342
vn 0.7804 -0.4065 -0.4752
vn 0.1996 -0.0103 0.9798
vn 0.0339 0.1174 0.9925
vn -0.6828 -0.6453 0.3426
vn -0.9439 -0.0172 0.3298
vn -0.7134 0.0105 0.7007
vn -0.6638 -0.1808 0.7257
vn -0.6289 -0.7742 0.0710
vn -0.9941 -0.0842 -0.0683
vn -0.5364 -0.8366 -0.1111
vn -0.8674 -0.2047 -0.4536
vn -0.4311 -0.6346 -0.6414
vn -0.4614 -0.3715 -0.8057
vn 0.8137 0.1890 0.5497
vn 0.9431 -0.1626 -0.2901
vn -0.2268 0.2383 0.9443
vn -0.6556 0.1520 0.7397
vn -0.9519 0.0673 0.2990
vn -0.9941 -0.0755 -0.0780
vn -0.8132 -0.2905 -0.5044
vn -0.2789 -0.5056 -0.8164
vn 0.6001 -0.4032 -0.6909
vn 0.7432 0.2356 0.6263
vn 0.9629 -0.1201 -0.2416
vn -0.3322 0.2249 0.9160
vn -0.5869 0.1792 0.7896
vn -0.9215 0.1047 0.3741
vn -0.9923 -0.0869 -0.0885
vn -0.8244 -0.2584 -0.5037
vn -0.1785 -0.5328 -0.8272
vn 0.5162 -0.4073 -0.7534
vn 0.3360 -0.3331 -0.8810
vn 0.9006 -0.2867 -0.3266
vn -0.0098 -0.3728 -0.9278
vn -0.6213 -0.5401 -0.5677
vn 0.8931 -0.0855 0.4416
vn -0.3641 0.4501 0.8154
vn -0.9863 -0.1388 0.0890
vn -0.3007 0.5358 0.7890
vn -0.9442 -0.2993 -0.1377
vn 0.9310 -0.3611 -0.0534
vn 0.8695 -0.0385 0.4924
vn 0.8725 -0.4740 0.1185
vn 0.8242 -0.4499 0.3439
vn 0.8685 -0.2904 0.4018
vn 0.8993 -0.4335 0.0580
vn 0.7590 -0.6394 -0.1229
vn 0.8268 -0.5621 0.0198
vn 0.8445 -0.5308 0.0715
vn 0.5055 -0.2314 0.8312
vn 0.6841 -0.5335 0.4974
vn 0.6428 -0.4757 0.6004
vn -0.1249 -0.6797 0.7227
vn -0.1230 -0.8952 0.4284
vn -0.0046 -0.9933 0.1158
vn 0.2201 -0.9738 0.0577
vn -0.0293 -0.9244 0.3804
vn -0.0312 -0.9780 0.2065
vn -0.0148 -0.9924 0.1219
vn -0.0044 -0.9906 0.1371
vn -0.0026 -0.9929 0.1186
vn -0.0005 -0.9930 0.1181
vn 0.0010 -0.9931 0.1177
vn 0.0161 -0.9931 0.1165
vn 0.0071 -0.9931 0.1167
vn -0.1259 -0.8505 0.5107
vn -0.0127 -0.9650 0.2621
vn 0.3407 -0.9348 0.1005
vn 0.2969 -0.9500 0.0966
vn 0.3975 -0.7688 0.5009
vn 0.6886 -0.7240 0.0405
vn 0.7744 -0.6306 0.0515
vn 0.7204 -0.6911 0.0585
vn 0.7393 -0.6711 0.0561
vn 0.6573 -0.7518 0.0525
vn 0.6436 -0.7630 0.0603
vn 0.7242 -0.6848 0.0812
vn 0.7745 -0.6146 0.1499
vn 0.9552 -0.0546 0.2910
vn 0.9266 0.0982 0.3629
vn 0.9996 -0.0162 0.0210
vn 0.9991 -0.0385 0.0168
vn 0.9277 -0.1725 -0.3310
vn 0.9658 -0.0756 -0.2481
vn 0.3310 -0.4356 -0.8371
vn 0.6747 -0.2339 -0.7001
vn -0.1562 -0.5317 -0.8324
vn -0.3255 -0.4916 -0.8077
vn -0.1590 -0.5174 -0.8408
vn 0.0389 -0.4967 -0.8671
vn -0.3553 -0.2587 0.8983
vn -0.5052 0.1361 0.8522
vn -0.0044 0.1511 0.9885
vn 0.1430 -0.0769 0.9867
vn -0.8740 0.1279 0.4688
vn -0.7499 -0.5126 0.4181
vn -0.7562 -0.6423 -0.1247
vn -0.9976 0.0574 -0.0385
vn -0.8223 -0.2270 -0.5218
vn -0.4909 -0.7193 -0.4915
vn 0.9414 0.1617 0.2960
vn 0.9987 0.0493 0.0097
vn 0.8996 -0.1761 -0.3996
vn 0.0918 -0.5022 -0.8599
vn -0.2250 -0.4915 -0.8413
vn -0.1441 -0.5267 -0.8377
vn -0.1891 0.2736 0.9431
vn -0.4533 0.2304 0.8611
vn -0.8023 0.1798 0.5692
vn -0.9968 -0.0283 -0.0751
vn -0.8305 -0.2386 -0.5033
vn 0.9273 0.1503 0.3428
vn 0.9987 -0.0363 0.0371
vn 0.9448 -0.1473 -0.2928
vn 0.0175 -0.5872 -0.8092
vn -0.1552 -0.5597 -0.8140
vn -0.1034 -0.5797 -0.8082
vn -0.2798 0.2106 0.9367
vn -0.4420 0.1019 0.8912
vn -0.7711 0.1240 0.6246
vn -0.9960 -0.0699 -0.0562
vn -0.8364 -0.2961 -0.4612
vn -0.4122 0.4724 0.7790
vn -0.3833 0.5013 0.7757
vn -0.9299 0.0263 0.3670
vn -0.9548 -0.2608 -0.1426
vn -0.8024 -0.4485 -0.3936
vn -0.0307 -0.3506 -0.9360
vn -0.0579 -0.3325 -0.9413
vn 0.7894 -0.4983 -0.3585
vn 0.0286 -0.3807 -0.9242
vn 0.9807 -0.1951 0.0111
vn 0.9772 -0.1016 0.1862
vn 0.9227 -0.3845 0.0289
vn 0.8847 -0.4307 -0.1784
vn 0.7721 -0.4118 -0.4841
vn -0.0006 -0.6608 -0.7505
vn 0.1928 -0.6129 -0.7663
vn 0.0008 -0.9971 -0.0760
vn 0.0039 -0.8470 -0.5315
vn 0.7481 -0.6624 0.0389
vn 0.7546 -0.6356 -0.1629
vn 0.7082 -0.5808 -0.4014
vn 0.0902 -0.7316 -0.6757
vn 0.2305 -0.6887 -0.6875
vn 0.8508 -0.4891 -0.1921
vn 0.8666 -0.4990 0.0017
vn 0.8447 -0.5328 0.0500
vn 0.8464 -0.5298 0.0530
vn 0.8620 -0.5038 0.0565
vn 0.8912 -0.4499 0.0581
vn 0.8968 -0.4354 0.0783
vn 0.8871 -0.4440 0.1263
vn 0.8384 -0.4423 0.3186
vn 0.7569 -0.4391 0.4841
vn 0.0712 -0.8225 0.5643
vn 0.3395 -0.7193 0.6060
vn 0.4832 -0.6474 0.5894
vn 0.1490 -0.7233 0.6743
vn -0.0513 -0.7348 0.6763
vn -0.0366 -0.8356 0.5481
vn 0.6274 -0.4815 0.6120
vn 0.2774 -0.5736 0.7707
vn -0.0660 -0.6070 0.7920
vn 0.7210 -0.5281 -0.4486
vn 0.1666 -0.7612 -0.6267
vn 0.3809 -0.6997 -0.6044
vn 0.2170 -0.9460 -0.2410
vn 0.7045 -0.6659 -0.2455
vn 0.1320 -0.7498 0.6483
vn 0.1165 -0.6832 0.7209
vn 0.0474 -0.7651 0.6422
vn 0.7694 -0.3948 0.5022
vn 0.0943 -0.9497 0.2987
vn 0.5603 -0.7916 0.2437
vn 0.1538 -0.9288 -0.3372
vn 0.7490 -0.6324 -0.1976
vn 0.1400 -0.5432 -0.8278
vn 0.5907 -0.4681 -0.6572
vn 0.0771 0.2907 -0.9537
vn 0.7537 0.1904 -0.6291
vn 0.0848 0.5948 -0.7994
vn 0.7474 0.4629 -0.4766
vn 0.0815 0.7262 -0.6827
vn 0.5933 0.6502 -0.4746
vn 0.0812 0.6707 -0.7373
vn 0.6691 0.5291 -0.5218
vn 0.0764 0.5028 -0.8610
vn 0.6193 0.3957 -0.6782
vn 0.1036 0.6095 -0.7860
vn 0.5130 0.5544 -0.6554
vn 0.1362 0.8150 -0.5633
vn 0.3889 0.7737 -0.5001
vn 0.9982 -0.0420 0.0431
vn 0.9908 0.1104 0.0788
vn 0.9891 0.1302 -0.0694
vn 0.8495 -0.3298 -0.4117
vn 0.9549 0.1394 -0.2623
vn 0.8203 -0.0477 -0.5700
vn 0.8708 0.1883 -0.4541
vn 0.7869 0.3568 -0.5035
vn 0.6748 0.1700 -0.7181
vn 0.7915 -0.4078 -0.4552
vn 0.9117 -0.3105 -0.2691
vn 0.9527 -0.2942 -0.0760
vn 0.9317 -0.3633 0.0058
vn 0.9245 -0.3780 0.0495
vn 0.9361 -0.3461 0.0629
vn 0.9516 -0.3000 0.0672
vn 0.9520 -0.3015 0.0531
vn 0.9426 -0.3176 0.1035
vn 0.8769 -0.3447 0.3351
vn 0.7972 -0.3493 0.4924
vn 0.6956 -0.3782 0.6109
vn 0.3562 -0.4719 0.8065
vn -0.0609 -0.5126 0.8564
vn 0.5944 -0.5093 -0.6224
vn 0.6969 -0.1679 -0.6972
vn 0.6954 0.1522 -0.7023
vn 0.6242 0.3647 -0.6909
vn 0.6503 0.3876 -0.6533
vn 0.6109 0.6354 -0.4722
vn 0.5155 0.6486 -0.5600
vn 0.5300 0.6798 -0.5069
vn 0.8629 -0.1552 -0.4810
vn 0.9458 -0.0453 -0.3215
vn 0.9907 -0.0117 -0.1355
vn 0.8771 0.1818 -0.4445
vn 0.9179 0.2508 -0.3076
vn 0.8512 0.3660 -0.3761
vn 0.8830 0.3824 -0.2721
vn 0.7148 0.6189 -0.3254
vn 0.7763 0.5766 -0.2548
vn 0.9499 0.2679 -0.1610
vn 0.9003 0.4071 -0.1541
vn 0.8157 0.5611 -0.1409
vn 0.9973 -0.0564 -0.0479
vn 0.9649 0.2519 -0.0743
vn 0.9021 0.4245 -0.0774
vn 0.8333 0.5491 -0.0646
vn 0.9973 -0.0713 0.0162
vn 0.9705 0.2399 -0.0242
vn 0.9057 0.4223 -0.0364
vn 0.8309 0.5549 -0.0410
vn 0.9976 -0.0494 0.0476
vn 0.9701 0.2421 0.0149
vn 0.9114 0.4115 -0.0065
vn 0.8395 0.5417 -0.0425
vn 0.9982 -0.0590 0.0069
vn 0.9986 -0.0184 0.0505
vn 0.9677 0.2514 0.0209
vn 0.9862 0.1599 -0.0421
vn 0.9203 0.3906 -0.0194
vn 0.9615 0.2572 -0.0965
vn 0.8641 0.4965 -0.0826
vn 0.9205 0.3440 -0.1856
vn 0.9900 -0.1175 0.0777
vn 0.9205 -0.2276 0.3176
vn 0.8221 -0.2874 0.4915
vn 0.7225 -0.3318 0.6066
vn 0.3797 -0.3726 0.8468
vn -0.0566 -0.3819 0.9225
vn 0.9975 0.0679 0.0196
vn 0.9501 -0.1169 0.2892
vn 0.8564 -0.2107 0.4714
vn 0.7445 -0.2618 0.6141
vn 0.3979 -0.2058 0.8941
vn -0.0557 -0.1898 0.9802
vn 0.9881 0.1456 -0.0504
vn 0.9740 -0.0162 0.2258
vn 0.8869 -0.0855 0.4540
vn 0.7663 -0.1166 0.6318
vn 0.4007 -0.0851 0.9123
vn -0.0567 -0.0736 0.9957
vn 0.9611 0.2366 -0.1422
vn 0.9816 0.0772 0.1746
vn 0.8943 0.0525 0.4444
vn 0.7559 0.0876 0.6488
vn 0.3483 0.1317 0.9281
vn -0.0596 0.1321 0.9894
vn 0.1464 0.8758 -0.4600
vn 0.2674 0.8610 -0.4327
vn 0.4328 0.8170 -0.3812
vn 0.3746 0.8430 -0.3862
vn 0.3726 0.8690 -0.3255
vn 0.4307 0.8743 -0.2238
vn 0.4944 0.8402 -0.2226
vn 0.5724 0.8080 -0.1397
vn 0.6786 0.7308 -0.0732
vn 0.7556 0.6515 -0.0684
vn 0.8153 0.5712 -0.0947
vn 0.8603 0.4923 -0.1326
vn 0.8926 0.3561 -0.2766
vn 0.9522 0.2109 -0.2209
vn 0.9849 0.1123 0.1314
vn 0.8768 0.1330 0.4621
vn 0.7256 0.2134 0.6542
vn 0.3090 0.2823 0.9082
vn -0.0615 0.2913 0.9547
vn 0.3223 0.2662 0.9084
vn -0.0585 0.2736 0.9601
vn 0.3419 0.2248 0.9125
vn -0.0591 0.2322 0.9709
vn 0.3674 0.2058 0.9070
vn -0.0638 0.2179 0.9739
vn 0.3873 0.2470 0.8883
vn -0.0667 0.2584 0.9637
vn 0.3842 0.3887 0.8374
vn -0.0632 0.3937 0.9170
vn 0.3294 0.6933 0.6410
vn -0.0712 0.6655 0.7430
vn 0.7188 0.2228 0.6586
vn 0.9876 0.1223 0.0980
vn 0.8600 0.1717 0.4805
vn 0.9334 0.1680 -0.3172
vn 0.7929 0.3884 -0.4694
vn 0.6646 0.7051 -0.2474
vn 0.4959 0.8580 -0.1336
vn 0.6195 0.7590 -0.2002
vn 0.3601 0.9271 -0.1043
vn 0.2578 0.9577 -0.1279
vn 0.2049 0.9631 -0.1746
vn 0.2571 0.9564 -0.1387
vn 0.1865 0.8472 -0.4974
vn 0.2723 0.8571 -0.4372
vn 0.4076 0.8389 -0.3607
vn 0.3553 0.9016 -0.2469
vn 0.3207 0.9290 -0.1848
vn 0.7348 0.2134 0.6439
vn 0.7648 0.1953 0.6139
vn 0.7844 0.2128 0.5826
vn 0.7807 0.3375 0.5259
vn 0.6723 0.6514 0.3516
vn 0.9836 0.1603 0.0824
vn 0.8579 0.2080 0.4698
vn 0.9814 0.1916 -0.0074
vn 0.8764 0.2226 0.4271
vn 0.9728 0.2293 -0.0322
vn 0.8986 0.2203 0.3795
vn 0.9556 0.2900 -0.0513
vn 0.8964 0.3046 0.3220
vn 0.8890 0.4513 -0.0774
vn 0.7990 0.5503 0.2425
vn 0.9080 0.1509 -0.3908
vn 0.7375 0.2745 -0.6170
vn 0.4193 0.4223 -0.8037
vn 0.3625 0.7146 -0.5983
vn 0.1451 0.7777 -0.6117
vn 0.1406 0.4673 -0.8729
vn -0.0545 0.7932 -0.6065
vn -0.0472 0.4562 -0.8887
vn -0.0508 0.1014 -0.9936
vn 0.1564 0.1151 -0.9810
vn -0.0845 0.0985 -0.9915
vn 0.2179 0.1088 -0.9699
vn 0.1286 0.5870 -0.7993
vn -0.0923 0.5375 -0.8382
vn -0.0596 0.9411 -0.3329
vn 0.1052 0.9523 -0.2863
vn -0.0936 0.9274 0.3621
vn 0.1626 0.9551 0.2478
vn 0.8737 0.1499 -0.4629
vn 0.7144 0.1785 -0.6766
vn 0.4748 0.1659 -0.8643
vn 0.2090 0.2512 -0.9451
vn -0.1138 0.2130 -0.9704
vn 0.4589 0.8885 0.0069
vn 0.7044 0.6877 -0.1755
vn 0.5595 0.8277 -0.0436
vn 0.5291 0.1589 -0.8336
vn 0.7078 0.1729 -0.6849
vn 0.8470 0.1922 -0.4956
vn 0.4907 0.2496 -0.8348
vn 0.8346 0.2585 -0.4865
vn 0.6895 0.2389 -0.6838
vn 0.3591 0.5226 -0.7732
vn 0.7926 0.3836 -0.4740
vn 0.6351 0.4144 -0.6519
vn 0.2543 0.8485 -0.4641
vn 0.6509 0.6287 -0.4255
vn 0.4970 0.7401 -0.4530
vn 0.2954 0.8988 -0.3238
vn 0.1402 0.9387 -0.3151
vn -0.0556 0.9483 -0.3124
vn 0.2822 0.9244 -0.2564
vn 0.2375 0.9551 -0.1769
vn 0.1420 0.9709 -0.1929
vn 0.1584 0.9520 -0.2618
vn -0.0441 0.9814 -0.1868
vn -0.0501 0.9649 -0.2578
vn 0.2028 0.9693 -0.1393
vn 0.1322 0.9838 -0.1206
vn -0.0353 0.9961 -0.0810
vn 0.2214 0.9651 -0.1399
vn 0.1912 0.9784 -0.0790
vn -0.0399 0.9972 -0.0627
vn 0.2697 0.9539 -0.1315
vn 0.2469 0.9643 -0.0961
vn -0.0617 0.9920 -0.1104
vn 0.3125 0.9424 -0.1191
vn 0.2616 0.9585 -0.1128
vn -0.0799 0.9893 -0.1219
vn 0.3381 0.9358 -0.0998
vn 0.3389 0.9109 -0.2354
vn 0.2261 0.9352 -0.2724
vn 0.2500 0.9642 -0.0878
vn -0.0820 0.9448 -0.3171
vn -0.1013 0.9892 -0.1060
vn -0.0405 0.8567 -0.5142
vn -0.2752 0.2910 0.9163
vn -0.3849 0.4943 0.7794
vn -0.1769 0.3217 0.9302
vn 0.0774 0.1949 0.9778
vn 0.3737 -0.0868 0.9235
vn 0.5942 -0.7170 0.3644
vn 0.5220 -0.8493 0.0793
vn 0.5010 -0.8624 0.0732
vn -0.9618 -0.1191 -0.2463
vn -0.8523 0.0537 0.5202
vn -0.8779 0.0194 0.4784
vn -0.9716 -0.1738 -0.1605
vn -0.8058 -0.4693 -0.3611
vn -0.7292 -0.2153 -0.6495
vn -0.3259 -0.0748 0.9424
vn -0.0545 0.1174 0.9916
vn 0.8669 -0.3219 0.3806
vn 0.5376 -0.3171 0.7813
vn 0.6987 0.0105 0.7153
vn 0.9368 -0.0172 0.3493
vn 0.9953 -0.0842 -0.0476
vn 0.9231 -0.3840 0.0231
vn 0.8766 -0.2047 -0.4354
vn 0.8215 -0.5054 -0.2641
vn 0.4781 -0.3715 -0.7959
vn 0.4174 -0.6840 -0.5983
vn -0.9368 -0.1626 -0.3096
vn -0.8249 0.1890 0.5327
vn 0.2071 0.2384 0.9488
vn 0.6401 0.1520 0.7532
vn 0.9455 0.0673 0.3187
vn 0.9955 -0.0755 -0.0573
vn 0.8235 -0.2905 -0.4873
vn 0.2958 -0.5056 -0.8105
vn -0.5856 -0.4032 -0.7032
vn -0.9577 -0.1201 -0.2616
vn -0.7559 0.2356 0.6108
vn 0.3131 0.2249 0.9227
vn 0.5704 0.1792 0.8016
vn 0.9135 0.1047 0.3932
vn 0.9939 -0.0869 -0.0678
vn 0.8347 -0.2584 -0.4864
vn 0.1957 -0.5328 -0.8233
vn -0.5004 -0.4073 -0.7640
vn -0.3176 -0.3331 -0.8878
vn -0.8959 -0.2839 -0.3417
vn 0.6333 -0.5396 -0.5548
vn 0.0291 -0.3727 -0.9275
vn -0.9064 -0.0646 0.4174
vn 0.3765 0.4484 0.8107
vn 0.9817 -0.1505 0.1169
vn 0.3161 0.4910 0.8118
vn 0.9459 -0.3013 -0.1203
vn -0.8782 -0.2376 0.4152
vn -0.9029 -0.4299 0.0012
vn -0.8748 -0.4740 0.1004
vn -0.8312 -0.4499 0.3267
vn -0.8124 -0.5822 -0.0332
vn -0.8458 -0.5308 0.0539
vn -0.6236 -0.4343 0.6500
vn -0.6942 -0.5335 0.4831
vn -0.0475 -0.9942 0.0961
vn -0.0031 -0.9938 0.1107
vn -0.6702 -0.7420 0.0177
vn -0.4677 -0.8833 0.0328
vn 0.1016 -0.8854 0.4535
vn 0.1614 -0.9674 0.1950
vn 0.0768 -0.9901 0.1178
vn 0.0149 -0.9904 0.1377
vn 0.0066 -0.9930 0.1176
vn -0.0058 -0.9930 0.1176
vn -0.0127 -0.9931 0.1169
vn 0.1225 -0.8533 0.5068
vn -0.0144 -0.9934 0.1137
vn -0.1243 -0.9873 0.0990
vn -0.1768 -0.9788 0.1039
vn -0.0275 -0.9932 0.1128
vn -0.6331 -0.7726 0.0469
vn -0.5156 -0.8546 0.0622
vn -0.4918 -0.8693 0.0488
vn -0.6427 -0.7653 0.0355
vn -0.1449 -0.8232 0.5489
vn 0.1193 -0.8156 0.5662
vn -0.7643 -0.6256 0.1567
vn -0.6020 -0.7173 0.3508
vn -0.7753 -0.6306 0.0354
vn -0.7215 -0.6911 0.0435
vn -0.7403 -0.6711 0.0408
vn -0.7258 -0.6848 0.0661
vn -0.9337 -0.0705 0.3511
vn -0.9993 -0.0385 -0.0040
vn -0.9999 -0.0159 0.0002
vn -0.8770 0.1167 0.4661
vn -0.9604 -0.0756 -0.2681
vn -0.9206 -0.1726 -0.3502
vn -0.6600 -0.2339 -0.7139
vn -0.3136 -0.4356 -0.8438
vn 0.0785 -0.5456 -0.8344
vn -0.1354 -0.4820 -0.8656
vn 0.1579 -0.5238 -0.8371
vn 0.3439 -0.4926 -0.7994
vn 0.3157 -0.1275 0.9403
vn 0.0318 -0.1133 0.9931
vn 0.0570 0.1233 0.9907
vn 0.4032 0.1211 0.9070
vn 0.8973 0.1301 0.4217
vn 0.7636 -0.5458 0.3449
vn 0.3699 -0.2767 0.8869
vn 0.5511 0.1329 0.8238
vn 0.7587 -0.6423 -0.1090
vn 0.9982 0.0574 -0.0177
vn 0.7805 -0.2718 -0.5630
vn 0.4531 -0.6945 -0.5588
vn -0.9987 0.0493 -0.0111
vn -0.8852 0.2067 0.4168
vn -0.8911 -0.1761 -0.4182
vn -0.0738 -0.5022 -0.8616
vn 0.1122 -0.5402 -0.8340
vn 0.2492 -0.4903 -0.8352
vn 0.1865 0.2510 0.9498
vn 0.3813 0.2160 0.8989
vn 0.4772 0.2259 0.8493
vn 0.8389 0.1726 0.5162
vn 0.9981 -0.0283 -0.0544
vn 0.7701 -0.2939 -0.5661
vn -0.9992 -0.0363 0.0164
vn -0.8312 0.2146 0.5129
vn -0.9385 -0.1473 -0.3124
vn -0.0007 -0.5872 -0.8094
vn 0.0948 -0.5908 -0.8012
vn 0.1721 -0.5591 -0.8110
vn 0.2595 0.1790 0.9490
vn 0.3781 0.1014 0.9202
vn 0.4569 0.0836 0.8856
vn 0.8159 0.1173 0.5662
vn 0.9969 -0.0699 -0.0355
vn 0.7763 -0.3505 -0.5239
vn 0.3619 0.5074 0.7820
vn 0.3345 0.5179 0.7873
vn 0.9649 -0.0253 0.2616
vn 0.3664 0.5230 0.7696
vn 0.9576 -0.2611 -0.1217
vn 0.7460 -0.4703 -0.4716
vn 0.0362 -0.3556 -0.9340
vn 0.0765 -0.3356 -0.9389
vn -0.7781 -0.5041 -0.3747
vn -0.0093 -0.3877 -0.9217
vn -0.9801 -0.1984 -0.0093
vn -0.9537 -0.0571 0.2953
vn -0.9231 -0.3845 0.0098
vn -0.8808 -0.4307 -0.1968
vn -0.7618 -0.4118 -0.5000
vn -0.2987 -0.5771 -0.7601
vn 0.0191 -0.6540 -0.7563
vn 0.2576 0.2714 0.9273
vn 0.3391 0.5108 0.7900
vn 0.1516 0.3160 0.9366
vn -0.1021 0.1899 0.9765
vn -0.3910 -0.0832 0.9166
vn -0.7488 -0.6624 0.0233
vn -0.7511 -0.6356 -0.1786
vn -0.6997 -0.5808 -0.4160
vn -0.3025 -0.6626 -0.6852
vn -0.0787 -0.7326 -0.6761
vn -0.8665 -0.4990 -0.0163
vn -0.8466 -0.4891 -0.2098
vn -0.8456 -0.5328 0.0324
vn -0.8473 -0.5300 0.0354
vn -0.8630 -0.5038 0.0386
vn -0.8922 -0.4499 0.0395
vn -0.8983 -0.4354 0.0596
vn -0.8895 -0.4440 0.1079
vn -0.8448 -0.4423 0.3011
vn -0.7668 -0.4391 0.4683
vn -0.1698 -0.7107 0.6827
vn -0.0642 -0.8018 0.5941
vn -0.1694 -0.7035 0.6903
vn -0.3825 -0.6340 0.6721
vn -0.2844 -0.5619 0.7767
vn -0.5068 -0.4732 0.7206
vn -0.7115 -0.5281 -0.4635
vn -0.4334 -0.6761 -0.5958
vn -0.1527 -0.7591 -0.6328
vn -0.8018 -0.5481 -0.2382
vn -0.2107 -0.9421 -0.2610
vn -0.1266 -0.6471 0.7518
vn -0.1442 -0.7490 0.6467
vn -0.8925 -0.2428 0.3800
vn -0.0609 -0.7649 0.6413
vn -0.7329 -0.6513 0.1967
vn -0.1012 -0.9512 0.2916
vn -0.8686 -0.4721 -0.1504
vn -0.1467 -0.9290 -0.3398
vn -0.7525 -0.3780 -0.5393
vn -0.1230 -0.5458 -0.8289
vn -0.8707 0.1341 -0.4732
vn -0.0572 0.2907 -0.9551
vn -0.8588 0.3735 -0.3507
vn -0.0682 0.5969 -0.7994
vn -0.7430 0.5623 -0.3629
vn -0.0674 0.7254 -0.6850
vn -0.7953 0.4369 -0.4203
vn -0.0658 0.6691 -0.7403
vn -0.7420 0.3316 -0.5826
vn -0.0585 0.5029 -0.8623
vn -0.6277 0.5027 -0.5944
vn -0.0877 0.6124 -0.7857
vn -0.4646 0.7426 -0.4823
vn -0.1250 0.8176 -0.5620
vn -0.9989 -0.0420 0.0223
vn -0.9922 0.1104 0.0582
vn -0.9874 0.1302 -0.0899
vn -0.8408 -0.3298 -0.4293
vn -0.9492 0.1394 -0.2821
vn -0.8083 -0.0478 -0.5869
vn -0.8612 0.1883 -0.4721
vn -0.7763 0.3568 -0.5197
vn -0.6598 0.1700 -0.7320
vn -0.7819 -0.4078 -0.4715
vn -0.9059 -0.3105 -0.2880
vn -0.9509 -0.2942 -0.0958
vn -0.9316 -0.3633 -0.0136
vn -0.9252 -0.3782 0.0302
vn -0.9372 -0.3461 0.0434
vn -0.9529 -0.3015 0.0333
vn -0.9528 -0.3000 0.0474
vn -0.9445 -0.3176 0.0839
vn -0.8836 -0.3447 0.3168
vn -0.8072 -0.3493 0.4758
vn -0.3707 -0.4658 0.8035
vn -0.5737 -0.3890 0.7208
vn -0.5813 -0.5093 -0.6346
vn -0.6823 -0.1679 -0.7115
vn -0.6807 0.1522 -0.7166
vn -0.6097 0.3647 -0.7038
vn -0.6366 0.3876 -0.6667
vn -0.6010 0.6354 -0.4848
vn -0.5038 0.6486 -0.5706
vn -0.5194 0.6798 -0.5178
vn -0.9389 -0.0453 -0.3411
vn -0.8527 -0.1552 -0.4988
vn -0.9877 -0.0117 -0.1561
vn -0.8677 0.1818 -0.4627
vn -0.9113 0.2508 -0.3266
vn -0.8772 0.3824 -0.2904
vn -0.8432 0.3660 -0.3938
vn -0.7079 0.6189 -0.3402
vn -0.7708 0.5766 -0.2709
vn -0.9463 0.2679 -0.1807
vn -0.8969 0.4071 -0.1728
vn -0.8126 0.5611 -0.1578
vn -0.9960 -0.0564 -0.0687
vn -0.9631 0.2519 -0.0944
vn -0.9003 0.4245 -0.0962
vn -0.8317 0.5492 -0.0818
vn -0.9974 -0.0713 -0.0046
vn -0.9698 0.2399 -0.0444
vn -0.9048 0.4223 -0.0553
vn -0.8298 0.5549 -0.0583
vn -0.9984 -0.0494 0.0269
vn -0.9702 0.2422 -0.0052
vn -0.9111 0.4115 -0.0255
vn -0.8385 0.5417 -0.0599
vn -0.9982 -0.0590 -0.0138
vn -0.9994 -0.0184 0.0297
vn -0.9852 0.1599 -0.0626
vn -0.9679 0.2514 0.0008
vn -0.9593 0.2572 -0.1164
vn -0.9197 0.3906 -0.0385
vn -0.9164 0.3440 -0.2047
vn -0.8622 0.4965 -0.1005
vn -0.9914 -0.1175 0.0571
vn -0.9269 -0.2276 0.2984
vn -0.8321 -0.2874 0.4743
vn -0.4115 -0.3593 0.8376
vn -0.5959 -0.3444 0.7254
vn -0.9977 0.0679 -0.0011
vn -0.9559 -0.1169 0.2694
vn -0.8660 -0.2107 0.4535
vn -0.6212 -0.2670 0.7367
vn -0.4227 -0.2059 0.8826
vn -0.9868 0.1456 -0.0709
vn -0.9785 -0.0162 0.2055
vn -0.8961 -0.0855 0.4355
vn -0.6492 -0.1231 0.7506
vn -0.4009 -0.0865 0.9120
vn -0.9580 0.2366 -0.1622
vn -0.9850 0.0772 0.1541
vn -0.9033 0.0525 0.4257
vn -0.6327 0.0891 0.7692
vn -0.3685 0.1282 0.9207
vn -0.3082 0.8505 -0.4261
vn -0.1369 0.8756 -0.4632
vn -0.4247 0.8170 -0.3900
vn -0.3665 0.8430 -0.3939
vn -0.3658 0.8690 -0.3331
vn -0.4897 0.8402 -0.2329
vn -0.4260 0.8743 -0.2327
vn -0.5694 0.8080 -0.1515
vn -0.6769 0.7308 -0.0872
vn -0.7540 0.6515 -0.0841
vn -0.8132 0.5712 -0.1116
vn -0.8866 0.3561 -0.2951
vn -0.8573 0.4923 -0.1504
vn -0.9474 0.2109 -0.2406
vn -0.9875 0.1123 0.1109
vn -0.8862 0.1330 0.4438
vn -0.5976 0.2336 0.7670
vn -0.3381 0.2689 0.9019
vn -0.3411 0.2575 0.9041
vn -0.5931 0.2474 0.7661
vn -0.8698 0.1717 0.4625
vn -0.9895 0.1223 0.0774
vn -0.9266 0.1679 -0.3365
vn -0.7830 0.3884 -0.4858
vn -0.6593 0.7051 -0.2611
vn -0.6152 0.7590 -0.2130
vn -0.4930 0.8580 -0.1439
vn -0.3578 0.9271 -0.1118
vn -0.2551 0.9577 -0.1333
vn -0.2012 0.9631 -0.1789
vn -0.2541 0.9564 -0.1440
vn -0.2710 0.8754 -0.4003
vn -0.1795 0.8615 -0.4750
vn -0.4001 0.8388 -0.3691
vn -0.3501 0.9016 -0.2542
vn -0.3168 0.9290 -0.1914
vn -0.3650 0.2275 0.9028
vn -0.6033 0.2398 0.7606
vn -0.3892 0.2156 0.8955
vn -0.6210 0.2253 0.7507
vn -0.4040 0.2422 0.8821
vn -0.6349 0.2388 0.7348
vn -0.3996 0.3771 0.8355
vn -0.6332 0.3714 0.6790
vn -0.5438 0.6725 0.5020
vn -0.3409 0.6732 0.6563
vn -0.8675 0.2080 0.4518
vn -0.9851 0.1603 0.0619
vn -0.8851 0.2226 0.4088
vn -0.9811 0.1916 -0.0278
vn -0.9063 0.2203 0.3608
vn -0.9719 0.2293 -0.0524
vn -0.9029 0.3046 0.3033
vn -0.9544 0.2900 -0.0712
vn -0.8038 0.5504 0.2259
vn -0.8872 0.4513 -0.0959
vn -0.8997 0.1509 -0.4096
vn -0.7245 0.2745 -0.6322
vn -0.1261 0.4424 -0.8879
vn -0.1338 0.7579 -0.6385
vn -0.3494 0.7095 -0.6120
vn -0.4161 0.4105 -0.8114
vn -0.1354 0.1219 -0.9833
vn -0.4665 0.1776 -0.8665
vn -0.1993 0.1244 -0.9720
vn -0.5094 0.1677 -0.8441
vn -0.1419 0.9222 -0.3598
vn -0.1913 0.5545 -0.8099
vn -0.4264 0.4961 -0.7563
vn -0.3094 0.8609 -0.4039
vn -0.2232 0.9462 0.2343
vn -0.3677 0.9227 0.1157
vn -0.8639 0.1499 -0.4809
vn -0.7002 0.1785 -0.6913
vn -0.2236 0.2453 -0.9433
vn -0.4943 0.2501 -0.8325
vn -0.5683 0.8216 -0.0446
vn -0.7026 0.6864 -0.1878
vn -0.6934 0.1729 -0.6995
vn -0.8365 0.1922 -0.5131
vn -0.8242 0.2586 -0.5038
vn -0.6678 0.2450 -0.7029
vn -0.7821 0.3843 -0.4905
vn -0.6069 0.4145 -0.6781
vn -0.6395 0.6286 -0.4427
vn -0.4829 0.7376 -0.4719
vn -0.1341 0.9363 -0.3245
vn -0.2599 0.9032 -0.3417
vn -0.2347 0.9349 -0.2664
vn -0.1459 0.9531 -0.2653
vn -0.1331 0.9731 -0.1883
vn -0.1802 0.9681 -0.1741
vn -0.1323 0.9856 -0.1051
vn -0.1536 0.9794 -0.1311
vn -0.1872 0.9797 -0.0711
vn -0.1958 0.9702 -0.1430
vn -0.2500 0.9603 -0.1237
vn -0.2478 0.9569 -0.1515
vn -0.2588 0.9586 -0.1191
vn -0.2730 0.9546 -0.1190
vn -0.2944 0.9493 -0.1100
vn -0.2348 0.9659 -0.1094
vn -0.2281 0.9393 -0.2563
vn -0.2914 0.9310 -0.2198
vn -0.0115 -0.7647 -0.6443
vn -0.0317 -0.7809 -0.6238
vn -0.0530 -0.9710 -0.2331
vn -0.0387 -0.8121 0.5822
vn -0.0187 -0.7828 0.6220
vn -0.0246 -0.9498 0.3118
vn -0.0295 -0.9359 -0.3511
vn -0.0195 -0.5208 -0.8534
vn -0.0055 0.2763 -0.9611
vn -0.0092 0.5793 -0.8151
vn -0.0092 0.7219 -0.6919
vn -0.0090 0.6870 -0.7266
vn -0.0062 0.5108 -0.8597
vn -0.0124 0.5778 -0.8161
vn -0.0237 0.7892 -0.6137
vn -0.0266 0.8915 -0.4522
vn 0.4970 -0.8673 0.0285
vn 0.3863 0.4174 0.8225
vn 0.0263 -0.9933 0.1126
vn 0.0889 -0.9877 0.1289
vn 0.3279 0.4471 0.8322
vn -0.7624 0.1260 0.6348
vn -0.2989 -0.9414 0.1563
vn -0.9427 -0.2518 -0.2188
vn -0.3365 -0.9363 -0.1003
vn 0.9059 0.0402 0.4216
vn 0.4679 -0.8820 0.0571
vn 0.4706 -0.8783 -0.0841
vn 0.9483 -0.3005 -0.1017
vn -0.3376 -0.3178 -0.8860
vn -0.1577 -0.8436 -0.5133
vn 0.0219 -0.3211 -0.9468
vn 0.0601 -0.9013 -0.4289
vn 0.4021 -0.8474 -0.3467
vn 0.7963 -0.2430 -0.5540
vn -0.0211 -0.9989 -0.0411
vn 0.0452 -0.9972 -0.0589
vn -0.0221 -0.9935 0.1115
vn -0.3704 0.4168 0.8301
vn -0.3162 0.4596 0.8299
vn -0.0832 -0.9889 0.1230
vn 0.2871 -0.9424 0.1714
vn 0.7768 0.0819 0.6244
vn 0.3352 -0.9374 -0.0943
vn 0.9461 -0.2528 -0.2024
vn -0.4773 -0.8781 0.0346
vn -0.8991 0.0930 0.4279
vn -0.9463 -0.3004 -0.1193
vn -0.4749 -0.8751 -0.0937
vn 0.1673 -0.8450 -0.5080
vn 0.3557 -0.3195 -0.8783
vn -0.0511 -0.9002 -0.4325
vn -0.0023 -0.3232 -0.9463
vn -0.3960 -0.8467 -0.3555
vn -0.7842 -0.2433 -0.5708
vn 0.0220 -0.9989 -0.0404
vn -0.0439 -0.9973 -0.0596
vn 0.0156 -0.5994 -0.8003
vn 0.0310 -0.3532 -0.9350
vn 0.0847 -0.5329 -0.8419
vn 0.3150 -0.5090 -0.8010
vn 0.6544 -0.3754 -0.6564
vn 0.7738 -0.4096 -0.4832
vn 0.7224 -0.5398 -0.4322
vn 0.7021 -0.5700 -0.4268
vn 0.7764 -0.4547 -0.4363
vn 0.8589 -0.2111 -0.4665
vn 0.8878 0.1224 -0.4436
vn 0.8565 0.3531 -0.3764
vn 0.7086 0.6280 -0.3218
vn 0.4299 0.8749 -0.2229
vn 0.2772 0.9497 -0.1456
vn 0.3215 0.9390 -0.1218
vn 0.2533 0.9609 -0.1117
vn -0.0867 0.9890 -0.1201
vn -0.2507 0.9609 -0.1178
vn -0.2832 0.9512 -0.1227
vn -0.2741 0.9497 -0.1513
vn -0.4252 0.8749 -0.2318
vn -0.7018 0.6280 -0.3364
vn -0.8485 0.3531 -0.3942
vn -0.8784 0.1224 -0.4620
vn -0.8491 -0.2111 -0.4843
vn -0.7672 -0.4547 -0.4524
vn -0.6931 -0.5700 -0.4413
vn -0.7133 -0.5398 -0.4471
vn -0.7636 -0.4096 -0.4992
vn -0.6406 -0.3754 -0.6698
vn -0.2983 -0.5090 -0.8074
vn -0.0672 -0.5329 -0.8435
vn 0.0010 -0.5994 -0.8004
vn -0.0115 -0.3601 -0.9329
vn -0.9902 -0.1395 -0.0092
vn -0.3789 -0.9249 -0.0318
vn -0.4249 -0.8997 0.1000
vn -0.8576 0.1861 0.4795
vn -0.9312 -0.1661 -0.3243
vn -0.3732 -0.9173 -0.1387
vn -0.0783 -0.9921 0.0984
vn 0.3318 0.5344 0.7774
vn -0.0241 -0.2884 -0.9572
vn -0.0819 -0.9778 -0.1929
vn -0.0240 -0.2796 -0.9598
vn -0.0869 -0.9693 -0.2302
vn 0.8079 -0.2109 -0.5503
vn 0.2430 -0.9353 -0.2570
vn 0.0854 -0.9732 -0.2135
vn 0.0764 -0.2525 -0.9646
vn 0.9722 -0.2040 -0.1147
vn 0.2214 -0.9699 -0.1010
vn 0.7083 0.3821 0.5936
vn 0.2212 -0.9747 0.0310
vn 0.3631 0.5354 0.7626
vn 0.0931 -0.9926 0.0778
vn 0.3521 0.5262 0.7741
vn 0.0330 -0.9928 0.1151
vn 0.3283 0.5138 0.7926
vn -0.0783 -0.9912 0.1065
vn 0.0266 -0.2786 -0.9600
vn 0.0328 -0.9771 -0.2103
vn -0.1102 -0.9932 -0.0365
vn 0.0608 -0.9958 -0.0679
vn -0.0077 -0.9987 -0.0511
vn -0.1093 -0.9929 -0.0459
vn 0.9857 -0.1680 0.0091
vn 0.4654 -0.8846 -0.0302
vn 0.4037 -0.9056 -0.1303
vn 0.9343 -0.1841 -0.3054
vn 0.9612 -0.0133 0.2757
vn 0.5439 -0.8368 0.0627
vn -0.3863 0.5011 0.7744
vn -0.0272 -0.9884 0.1494
vn 0.0646 -0.9770 -0.2030
vn 0.0441 -0.3017 -0.9524
vn 0.0890 -0.9695 -0.2283
vn 0.0446 -0.2958 -0.9542
vn -0.0532 -0.9795 -0.1943
vn -0.0251 -0.3002 -0.9535
vn -0.0684 -0.9738 -0.2167
vn -0.0570 -0.2564 -0.9649
vn -0.3406 -0.8986 -0.2765
vn -0.8668 -0.2080 -0.4532
vn -0.3784 -0.9159 -0.1342
vn -0.9628 -0.2319 -0.1386
vn -0.2257 -0.9699 0.0917
vn -0.6797 0.3775 0.6289
vn -0.0834 -0.9857 0.1461
vn -0.4011 0.5008 0.7670
vn 0.0118 -0.9932 0.1160
vn -0.3850 0.4780 0.7895
vn 0.0684 -0.9968 -0.0419
vn -0.0400 -0.9970 -0.0657
vn -0.0083 -0.9986 -0.0529
vn 0.0870 -0.9952 -0.0455
vn -0.6752 0.3050 -0.6717
vn -0.7638 0.2534 -0.5937
vn -0.7544 0.0721 -0.6524
vn 0.8365 -0.0907 -0.5404
vn 0.8717 0.1673 -0.4606
vn 0.6822 0.2943 -0.6693
vt 0.313657 0.546503
vt 0.287191 0.542605
vt 0.296742 0.515493
vt 0.323322 0.515004
vt 0.299803 0.596882
vt 0.277746 0.598793
vt 0.299107 0.488682
vt 0.323468 0.490628
vt 0.298964 0.468038
vt 0.323067 0.465035
vt 0.323516 0.478053
vt 0.299374 0.478464
vt 0.296285 0.444237
vt 0.318577 0.443686
vt 0.305106 0.668577
vt 0.286076 0.630659
vt 0.309172 0.617523
vt 0.332706 0.647351
vt 0.280663 0.614823
vt 0.304298 0.606799
vt 0.362226 0.509734
vt 0.348587 0.548327
vt 0.359224 0.487983
vt 0.356336 0.476787
vt 0.354033 0.465106
vt 0.346539 0.449329
vt 0.346884 0.609555
vt 0.368236 0.626630
vt 0.340462 0.599447
vt 0.333841 0.589266
vt 0.403754 0.502265
vt 0.392971 0.544096
vt 0.393295 0.481020
vt 0.390272 0.471277
vt 0.388122 0.462998
vt 0.380942 0.449216
vt 0.395767 0.592648
vt 0.410280 0.603252
vt 0.394473 0.582284
vt 0.392363 0.570266
vt 0.395367 0.567082
vt 0.395211 0.545618
vt 0.398129 0.578385
vt 0.401399 0.589598
vt 0.404587 0.502144
vt 0.396488 0.479992
vt 0.391064 0.462578
vt 0.393489 0.471330
vt 0.414734 0.602534
vt 0.384392 0.451033
vt 0.910522 0.547899
vt 0.918529 0.568228
vt 0.912516 0.572753
vt 0.903606 0.548738
vt 0.888692 0.580417
vt 0.882073 0.550631
vt 0.895164 0.549816
vt 0.904901 0.577445
vt 0.941302 0.609961
vt 0.948978 0.598742
vt 0.932049 0.622653
vt 0.914786 0.634252
vt 0.913966 0.527126
vt 0.906741 0.525170
vt 0.879656 0.519404
vt 0.897580 0.524314
vt 0.923926 0.525212
vt 0.915038 0.519025
vt 0.923697 0.515424
vt 0.935275 0.526414
vt 0.962463 0.576098
vt 0.970364 0.593683
vt 0.963003 0.603383
vt 0.956933 0.587830
vt 0.939652 0.495099
vt 0.950285 0.504604
vt 0.971294 0.533769
vt 0.954350 0.544815
vt 0.986324 0.563159
vt 0.995273 0.579040
vt 0.745152 0.104500
vt 0.745492 0.052534
vt 0.776162 0.055472
vt 0.772807 0.105271
vt 0.779233 0.031225
vt 0.745588 0.024936
vt 0.781870 0.058404
vt 0.780412 0.103831
vt 0.783777 0.033660
vt 0.938438 0.631480
vt 0.921081 0.642696
vt 0.825106 0.067764
vt 0.825012 0.097997
vt 0.807109 0.098217
vt 0.805858 0.064855
vt 0.828495 0.035377
vt 0.808218 0.032133
vt 0.389575 0.839129
vt 0.358215 0.844738
vt 0.364305 0.810556
vt 0.389157 0.810355
vt 0.373780 0.771477
vt 0.393766 0.772688
vt 0.373756 0.761806
vt 0.394008 0.761223
vt 0.373722 0.751521
vt 0.368815 0.741075
vt 0.388781 0.743124
vt 0.394965 0.749034
vt 0.376885 0.864107
vt 0.361627 0.866901
vt 0.360767 0.862295
vt 0.380164 0.859040
vt 0.370960 0.890498
vt 0.380524 0.887750
vt 0.394965 0.933276
vt 0.378544 0.916732
vt 0.364837 0.732361
vt 0.345768 0.708392
vt 0.366222 0.717780
vt 0.383760 0.738173
vt 0.330103 0.845935
vt 0.337962 0.811837
vt 0.348388 0.778199
vt 0.348229 0.768124
vt 0.342962 0.746875
vt 0.348197 0.757507
vt 0.334269 0.864680
vt 0.335301 0.869493
vt 0.344688 0.892277
vt 0.353510 0.917504
vt 0.338757 0.738028
vt 0.322430 0.719544
vt 0.299523 0.850120
vt 0.304362 0.820586
vt 0.313099 0.789336
vt 0.309881 0.777908
vt 0.305244 0.754038
vt 0.307162 0.764681
vt 0.302569 0.867597
vt 0.303933 0.872311
vt 0.313353 0.901838
vt 0.321605 0.916492
vt 0.304037 0.745428
vt 0.291555 0.726674
vt 0.300267 0.873789
vt 0.298866 0.869571
vt 0.307796 0.902233
vt 0.314711 0.915867
vt 0.300048 0.745697
vt 0.286426 0.727862
vt 0.303571 0.764489
vt 0.301727 0.754675
vt 0.307608 0.790832
vt 0.305319 0.777230
vt 0.300911 0.820071
vt 0.294124 0.849269
vt 0.931145 0.338320
vt 0.913266 0.336338
vt 0.913843 0.321167
vt 0.940647 0.322540
vt 0.890871 0.337616
vt 0.888227 0.321443
vt 0.885576 0.340781
vt 0.879839 0.327621
vt 0.880191 0.344401
vt 0.881229 0.349218
vt 0.864294 0.353629
vt 0.872282 0.335192
vt 0.932268 0.355585
vt 0.934159 0.352392
vt 0.947091 0.351626
vt 0.946413 0.360351
vt 0.922682 0.367755
vt 0.929245 0.389366
vt 0.893175 0.366154
vt 0.888826 0.385864
vt 0.882287 0.353194
vt 0.860639 0.369845
vt 0.913215 0.305060
vt 0.939416 0.304579
vt 0.886374 0.305276
vt 0.872426 0.314412
vt 0.848300 0.342913
vt 0.857538 0.325027
vt 0.885761 0.296301
vt 0.910011 0.292842
vt 0.935679 0.290283
vt 0.846112 0.035479
vt 0.841590 0.066362
vt 0.840103 0.095295
vt 0.908269 0.651603
vt 0.903127 0.641525
vt 0.877831 0.585281
vt 0.869250 0.553712
vt 0.866385 0.519888
vt 0.908468 0.505612
vt 0.904053 0.514472
vt 0.881345 0.505870
vt 0.882489 0.493141
vt 0.899468 0.466442
vt 0.926935 0.485068
vt 0.867426 0.505423
vt 0.868137 0.491604
vt 0.883762 0.458125
vt 0.868548 0.305279
vt 0.838824 0.334798
vt 0.850298 0.315205
vt 0.827753 0.335386
vt 0.833213 0.318552
vt 0.253119 0.312268
vt 0.235139 0.304079
vt 0.238319 0.299330
vt 0.253346 0.305673
vt 0.240909 0.292678
vt 0.257557 0.297930
vt 0.248492 0.269565
vt 0.263618 0.275387
vt 0.169007 0.207007
vt 0.187904 0.207588
vt 0.188180 0.226464
vt 0.170649 0.223507
vt 0.207881 0.205601
vt 0.207528 0.222618
vt 0.318430 0.261600
vt 0.320670 0.276043
vt 0.304115 0.277796
vt 0.300738 0.265431
vt 0.321602 0.286776
vt 0.304884 0.290027
vt 0.321632 0.296928
vt 0.305283 0.298250
vt 0.321012 0.316593
vt 0.305764 0.318664
vt 0.321922 0.331531
vt 0.308146 0.333244
vt 0.323832 0.345342
vt 0.311249 0.347602
vt 0.325181 0.359656
vt 0.312755 0.362701
vt 0.280599 0.270527
vt 0.282103 0.287014
vt 0.285517 0.300351
vt 0.287282 0.306029
vt 0.263884 0.316463
vt 0.288642 0.324512
vt 0.276096 0.327485
vt 0.293279 0.339444
vt 0.299277 0.353655
vt 0.282781 0.345080
vt 0.862826 0.296485
vt 0.880139 0.288066
vt 0.904705 0.281110
vt 0.929824 0.276396
vt 0.864185 0.034518
vt 0.858790 0.064583
vt 0.856058 0.093581
vt 0.894007 0.660012
vt 0.889247 0.648607
vt 0.865545 0.590290
vt 0.856894 0.554883
vt 0.852728 0.521251
vt 0.853449 0.505733
vt 0.854133 0.491160
vt 0.868915 0.451484
vt 0.829267 0.306545
vt 0.844425 0.305600
vt 0.825081 0.289992
vt 0.840066 0.287896
vt 0.825484 0.270251
vt 0.839769 0.267741
vt 0.289923 0.359779
vt 0.839503 0.251478
vt 0.826571 0.252832
vt 0.304613 0.367402
vt 0.296974 0.373830
vt 0.842037 0.235135
vt 0.829927 0.236133
vt 0.855883 0.280407
vt 0.870756 0.273651
vt 0.897322 0.266804
vt 0.853036 0.263601
vt 0.865635 0.259881
vt 0.851351 0.248555
vt 0.862679 0.246044
vt 0.851691 0.234268
vt 0.860819 0.233673
vt 0.891754 0.253797
vt 0.886658 0.240782
vt 0.882531 0.228739
vt 0.923481 0.262858
vt 0.916584 0.247923
vt 0.911052 0.235121
vt 0.906360 0.223246
vt 0.882173 0.034616
vt 0.875123 0.064217
vt 0.901555 0.037557
vt 0.893274 0.065710
vt 0.371350 0.043659
vt 0.371626 0.073239
vt 0.356347 0.075586
vt 0.354634 0.046233
vt 0.387437 0.042779
vt 0.385898 0.072155
vt 0.872941 0.093371
vt 0.887932 0.093135
vt 0.372092 0.101380
vt 0.358247 0.103263
vt 0.387001 0.102307
vt 0.873717 0.656057
vt 0.878367 0.668147
vt 0.865089 0.675838
vt 0.860632 0.663789
vt 0.851386 0.678643
vt 0.846234 0.664873
vt 0.834623 0.677607
vt 0.828053 0.660783
vt 0.849959 0.592329
vt 0.841288 0.556988
vt 0.836688 0.521169
vt 0.836034 0.504531
vt 0.835143 0.488760
vt 0.841326 0.441870
vt 0.833694 0.597232
vt 0.825578 0.557137
vt 0.820382 0.521506
vt 0.819241 0.503869
vt 0.817816 0.487610
vt 0.818427 0.438284
vt 0.821297 0.602946
vt 0.809212 0.559879
vt 0.804960 0.521131
vt 0.803925 0.503964
vt 0.802850 0.487963
vt 0.804404 0.437784
vt 0.805702 0.608723
vt 0.792607 0.562646
vt 0.786461 0.523242
vt 0.785374 0.503821
vt 0.785875 0.487174
vt 0.790185 0.437802
vt 0.325972 0.371675
vt 0.314979 0.374660
vt 0.308601 0.378562
vt 0.302890 0.385401
vt 0.834567 0.222385
vt 0.845210 0.221465
vt 0.853675 0.220182
vt 0.861690 0.219169
vt 0.880034 0.215077
vt 0.902630 0.209602
vt 0.405689 0.044360
vt 0.404459 0.073000
vt 0.404199 0.103577
vt 0.815613 0.679773
vt 0.808518 0.661762
vt 0.787316 0.611831
vt 0.772910 0.565894
vt 0.766575 0.525759
vt 0.764967 0.506179
vt 0.764826 0.488917
vt 0.765746 0.440587
vt 0.739312 0.493895
vt 0.739342 0.444185
vt 0.794404 0.983082
vt 0.794702 0.935958
vt 0.822420 0.934220
vt 0.823360 0.980512
vt 0.851913 0.932162
vt 0.858137 0.977154
vt 0.879944 0.930089
vt 0.886980 0.972903
vt 0.906751 0.927177
vt 0.911399 0.967655
vt 0.931723 0.922396
vt 0.934409 0.959935
vt 0.740371 0.511320
vt 0.750115 0.571226
vt 0.742865 0.530700
vt 0.766310 0.620484
vt 0.786769 0.668246
vt 0.795148 0.685560
vt 0.422061 0.074059
vt 0.421513 0.104241
vt 0.424162 0.047425
vt 0.880271 0.202375
vt 0.899768 0.195812
vt 0.863100 0.207057
vt 0.855224 0.208250
vt 0.327176 0.382500
vt 0.317315 0.384673
vt 0.311689 0.385355
vt 0.309155 0.393252
vt 0.837339 0.211079
vt 0.846817 0.209490
vt 0.795040 0.920784
vt 0.822722 0.919229
vt 0.851767 0.917412
vt 0.879551 0.915789
vt 0.906684 0.913282
vt 0.930947 0.910383
vt 0.795416 0.903784
vt 0.797944 0.866724
vt 0.825548 0.866888
vt 0.823160 0.903249
vt 0.854078 0.862266
vt 0.851789 0.901857
vt 0.881361 0.864482
vt 0.879316 0.900679
vt 0.906998 0.869964
vt 0.906273 0.898556
vt 0.932700 0.875009
vt 0.929629 0.896587
vt 0.800015 0.818925
vt 0.826483 0.822056
vt 0.794404 0.770593
vt 0.823883 0.785205
vt 0.827796 0.760824
vt 0.800702 0.747541
vt 0.809346 0.731698
vt 0.835949 0.745113
vt 0.818300 0.713860
vt 0.844683 0.730940
vt 0.865853 0.741911
vt 0.855334 0.757204
vt 0.890265 0.753961
vt 0.882482 0.768000
vt 0.952817 0.795869
vt 0.954854 0.789820
vt 0.988347 0.812856
vt 0.985250 0.825173
vt 0.831165 0.911630
vt 0.828801 0.907200
vt 0.846017 0.903914
vt 0.844703 0.911311
vt 0.963584 0.923920
vt 0.965691 0.943577
vt 0.853211 0.826500
vt 0.851627 0.795981
vt 0.852556 0.771839
vt 0.915129 0.781145
vt 0.916331 0.767788
vt 0.959562 0.908252
vt 0.946730 0.875445
vt 0.953004 0.890402
vt 0.880779 0.784276
vt 0.880059 0.806431
vt 0.880783 0.832984
vt 0.911455 0.796552
vt 0.907836 0.840903
vt 0.908905 0.817478
vt 0.945188 0.809994
vt 0.933313 0.848602
vt 0.937369 0.829250
vt 0.972726 0.829195
vt 0.947208 0.853852
vt 0.960202 0.838623
vt 0.842926 0.916617
vt 0.828801 0.916531
vt 0.838022 0.926367
vt 0.832307 0.927273
vt 0.829277 0.922042
vt 0.840736 0.922401
vt 0.774608 0.688860
vt 0.780105 0.701790
vt 0.762900 0.710298
vt 0.758681 0.697410
vt 0.741054 0.716685
vt 0.739313 0.702081
vt 0.437406 0.098344
vt 0.434124 0.069884
vt 0.451018 0.065209
vt 0.454317 0.092417
vt 0.476942 0.059530
vt 0.478558 0.085077
vt 0.436791 0.043928
vt 0.453045 0.039216
vt 0.475349 0.032743
vt 0.893488 0.188228
vt 0.874860 0.194754
vt 0.867504 0.185023
vt 0.885262 0.178536
vt 0.857202 0.172055
vt 0.874343 0.164470
vt 0.858082 0.199438
vt 0.851567 0.189339
vt 0.842351 0.179185
vt 0.851363 0.200640
vt 0.845460 0.190497
vt 0.838134 0.181098
vt 0.844218 0.201793
vt 0.833298 0.203904
vt 0.828334 0.193700
vt 0.838954 0.191496
vt 0.824060 0.185790
vt 0.833630 0.182910
vt 0.327095 0.393330
vt 0.335326 0.380634
vt 0.335733 0.391445
vt 0.299402 0.857307
vt 0.295613 0.859227
vt 0.331848 0.853426
vt 0.359138 0.851708
vt 0.386320 0.847026
vt 0.945549 0.334002
vt 0.933374 0.343735
vt 0.796117 0.062973
vt 0.797693 0.034164
vt 0.796773 0.100387
vt 0.316438 0.392968
vt 0.183907 0.655501
vt 0.178748 0.624072
vt 0.205024 0.629314
vt 0.208650 0.656183
vt 0.177613 0.431299
vt 0.214808 0.473792
vt 0.195617 0.483606
vt 0.156849 0.449098
vt 0.209328 0.601637
vt 0.181942 0.598492
vt 0.217740 0.576468
vt 0.213120 0.589916
vt 0.183975 0.583925
vt 0.186576 0.567796
vt 0.195468 0.540133
vt 0.227046 0.543158
vt 0.198348 0.505056
vt 0.223411 0.503996
vt 0.196929 0.493990
vt 0.220193 0.488561
vt 0.152652 0.652999
vt 0.139539 0.617175
vt 0.141880 0.593847
vt 0.144812 0.580673
vt 0.147203 0.566117
vt 0.156860 0.544698
vt 0.164268 0.519030
vt 0.164033 0.507531
vt 0.164011 0.495834
vt 0.129619 0.471205
vt 0.113641 0.652541
vt 0.097604 0.615480
vt 0.103288 0.592424
vt 0.103840 0.580455
vt 0.104187 0.569656
vt 0.110180 0.550185
vt 0.115635 0.533583
vt 0.110765 0.524706
vt 0.105611 0.514085
vt 0.088998 0.493072
vt 0.101533 0.513233
vt 0.089886 0.496076
vt 0.109409 0.534441
vt 0.105657 0.523689
vt 0.096496 0.615899
vt 0.110990 0.652756
vt 0.099171 0.592456
vt 0.100498 0.570061
vt 0.100005 0.581545
vt 0.105801 0.552707
vt 0.546743 0.555912
vt 0.562302 0.558200
vt 0.551655 0.585800
vt 0.538488 0.576122
vt 0.567934 0.588926
vt 0.575275 0.559185
vt 0.524238 0.630656
vt 0.507674 0.606686
vt 0.541410 0.642462
vt 0.544469 0.535220
vt 0.560366 0.532601
vt 0.578171 0.527922
vt 0.494499 0.583251
vt 0.499828 0.595292
vt 0.493107 0.610313
vt 0.486058 0.600605
vt 0.517746 0.639402
vt 0.500932 0.619431
vt 0.519423 0.502016
vt 0.531287 0.519505
vt 0.518653 0.526774
vt 0.508397 0.511378
vt 0.498311 0.548190
vt 0.486589 0.540394
vt 0.487281 0.578779
vt 0.471300 0.569253
vt 0.477982 0.595211
vt 0.461560 0.584436
vt 0.725991 0.104951
vt 0.724290 0.054436
vt 0.722443 0.029128
vt 0.717423 0.105252
vt 0.709773 0.103813
vt 0.709107 0.058337
vt 0.714842 0.055425
vt 0.684985 0.064388
vt 0.702913 0.061367
vt 0.701652 0.102252
vt 0.682501 0.097686
vt 0.707558 0.033507
vt 0.712024 0.031124
vt 0.683746 0.031614
vt 0.702492 0.035939
vt 0.535032 0.650839
vt 0.665715 0.066621
vt 0.664264 0.096729
vt 0.664136 0.034327
vt 0.200112 0.911849
vt 0.201714 0.935365
vt 0.182303 0.936571
vt 0.174427 0.909828
vt 0.167730 0.729740
vt 0.190336 0.717458
vt 0.212907 0.751167
vt 0.194903 0.762024
vt 0.218838 0.761810
vt 0.199571 0.771427
vt 0.204826 0.781552
vt 0.226253 0.772667
vt 0.224993 0.777255
vt 0.205151 0.788311
vt 0.189650 0.893852
vt 0.191655 0.897421
vt 0.175804 0.894662
vt 0.176631 0.890449
vt 0.186164 0.867608
vt 0.196164 0.871787
vt 0.191640 0.887860
vt 0.179363 0.883625
vt 0.215121 0.820189
vt 0.195850 0.839276
vt 0.205706 0.805640
vt 0.221710 0.789183
vt 0.161829 0.937753
vt 0.149987 0.911763
vt 0.167399 0.767330
vt 0.143004 0.740731
vt 0.171908 0.777359
vt 0.176759 0.788057
vt 0.176548 0.794957
vt 0.151122 0.894412
vt 0.151479 0.889555
vt 0.153497 0.882417
vt 0.158212 0.866180
vt 0.166710 0.838521
vt 0.175824 0.812243
vt 0.136000 0.934917
vt 0.122612 0.912827
vt 0.129137 0.771654
vt 0.109264 0.745146
vt 0.130953 0.783596
vt 0.133427 0.798650
vt 0.134485 0.805047
vt 0.123392 0.898589
vt 0.123150 0.893598
vt 0.123268 0.883536
vt 0.123959 0.862033
vt 0.131116 0.845033
vt 0.137445 0.820347
vt 0.119318 0.893154
vt 0.119477 0.897416
vt 0.118611 0.861991
vt 0.119202 0.884273
vt 0.124395 0.846399
vt 0.132798 0.821039
vt 0.129793 0.800244
vt 0.130730 0.806041
vt 0.123635 0.773460
vt 0.126772 0.786706
vt 0.106539 0.746991
vt 0.120410 0.913994
vt 0.134249 0.934944
vt 0.612061 0.347164
vt 0.602460 0.331238
vt 0.629105 0.329820
vt 0.629741 0.345037
vt 0.654595 0.329871
vt 0.652079 0.346020
vt 0.662990 0.335968
vt 0.657396 0.349087
vt 0.662828 0.352565
vt 0.670523 0.343512
vt 0.675592 0.352952
vt 0.662326 0.355048
vt 0.610673 0.364788
vt 0.597052 0.367941
vt 0.596323 0.360164
vt 0.608871 0.361420
vt 0.620528 0.376548
vt 0.615452 0.398162
vt 0.601411 0.379826
vt 0.613551 0.368579
vt 0.650144 0.374445
vt 0.654975 0.393903
vt 0.660858 0.361445
vt 0.682732 0.377731
vt 0.123720 0.903420
vt 0.119789 0.901762
vt 0.150783 0.899361
vt 0.175060 0.898867
vt 0.194468 0.900959
vt 0.595348 0.352561
vt 0.608481 0.357204
vt 0.603552 0.313292
vt 0.629674 0.313667
vt 0.656433 0.313739
vt 0.670377 0.322803
vt 0.685327 0.333311
vt 0.690578 0.342430
vt 0.632830 0.301425
vt 0.657028 0.304783
vt 0.607221 0.298968
vt 0.647431 0.033346
vt 0.649394 0.064330
vt 0.649002 0.093184
vt 0.547768 0.659899
vt 0.553006 0.649871
vt 0.578782 0.593890
vt 0.587956 0.562413
vt 0.591321 0.528524
vt 0.553788 0.522364
vt 0.547038 0.514144
vt 0.571618 0.503250
vt 0.576784 0.514385
vt 0.585921 0.500747
vt 0.590487 0.513996
vt 0.674225 0.313691
vt 0.692464 0.323571
vt 0.698932 0.333434
vt 0.709719 0.326694
vt 0.712551 0.335803
vt 0.099868 0.352126
vt 0.099925 0.358713
vt 0.092422 0.361799
vt 0.088431 0.357519
vt 0.104337 0.366228
vt 0.095748 0.369340
vt 0.111602 0.388537
vt 0.103833 0.391978
vt 0.167929 0.162487
vt 0.185133 0.157997
vt 0.185859 0.167858
vt 0.167844 0.171127
vt 0.204753 0.160095
vt 0.205694 0.168923
vt 0.149207 0.396426
vt 0.152150 0.384046
vt 0.160564 0.384698
vt 0.159141 0.398543
vt 0.152270 0.371820
vt 0.160927 0.372900
vt 0.152157 0.363623
vt 0.160725 0.363605
vt 0.151548 0.343182
vt 0.159741 0.343747
vt 0.153123 0.328418
vt 0.160374 0.328983
vt 0.155333 0.313913
vt 0.161905 0.314673
vt 0.155863 0.298749
vt 0.162480 0.299866
vt 0.129548 0.376035
vt 0.128906 0.392516
vt 0.132301 0.362604
vt 0.133808 0.356835
vt 0.110178 0.347487
vt 0.134197 0.338284
vt 0.121579 0.335980
vt 0.137920 0.323125
vt 0.143004 0.308595
vt 0.127096 0.318142
vt 0.679919 0.304915
vt 0.662625 0.296552
vt 0.638101 0.289672
vt 0.613029 0.285038
vt 0.630455 0.030761
vt 0.632433 0.061143
vt 0.632856 0.090183
vt 0.566828 0.657106
vt 0.561965 0.668467
vt 0.591033 0.599022
vt 0.600228 0.563714
vt 0.604850 0.530018
vt 0.600025 0.499337
vt 0.604349 0.514459
vt 0.698312 0.313961
vt 0.713469 0.314808
vt 0.702617 0.296323
vt 0.717582 0.298381
vt 0.702906 0.276259
vt 0.717161 0.278763
vt 0.133280 0.303068
vt 0.703188 0.260064
vt 0.716092 0.261435
vt 0.147450 0.294542
vt 0.139423 0.288598
vt 0.700694 0.243778
vt 0.712779 0.244804
vt 0.671978 0.282158
vt 0.686828 0.288880
vt 0.645459 0.275354
vt 0.689668 0.272130
vt 0.677096 0.268421
vt 0.680066 0.254623
vt 0.691369 0.257137
vt 0.691060 0.242894
vt 0.681950 0.242288
vt 0.651024 0.262355
vt 0.656133 0.249359
vt 0.660286 0.237341
vt 0.619349 0.271458
vt 0.626246 0.256493
vt 0.631794 0.243680
vt 0.636513 0.231808
vt 0.613319 0.028572
vt 0.616243 0.058942
vt 0.598063 0.057817
vt 0.593990 0.028195
vt 0.577210 0.029218
vt 0.582642 0.058444
vt 0.568435 0.059941
vt 0.561587 0.031199
vt 0.615732 0.088269
vt 0.600665 0.086345
vt 0.586718 0.086564
vt 0.571952 0.089842
vt 0.582301 0.664720
vt 0.577549 0.676768
vt 0.595331 0.672581
vt 0.590776 0.684591
vt 0.609730 0.673801
vt 0.604468 0.687523
vt 0.627950 0.669879
vt 0.621265 0.686646
vt 0.606603 0.601225
vt 0.615728 0.565965
vt 0.620763 0.530061
vt 0.620032 0.495671
vt 0.621680 0.513279
vt 0.622811 0.606294
vt 0.631356 0.566278
vt 0.636906 0.530626
vt 0.638325 0.512925
vt 0.638453 0.494695
vt 0.635153 0.612117
vt 0.647615 0.569207
vt 0.652182 0.530501
vt 0.653402 0.513356
vt 0.653436 0.495062
vt 0.650694 0.618023
vt 0.664145 0.572134
vt 0.670484 0.532869
vt 0.671617 0.513475
vt 0.670928 0.495250
vt 0.157335 0.286652
vt 0.163166 0.287832
vt 0.150734 0.283142
vt 0.144622 0.276651
vt 0.697568 0.230144
vt 0.708189 0.231096
vt 0.681121 0.227820
vt 0.689121 0.228845
vt 0.662819 0.223708
vt 0.640284 0.218185
vt 0.550241 0.063699
vt 0.544408 0.035745
vt 0.554951 0.093718
vt 0.647481 0.671004
vt 0.640327 0.688983
vt 0.669049 0.621267
vt 0.683782 0.575524
vt 0.690224 0.535546
vt 0.691705 0.516057
vt 0.692376 0.497653
vt 0.717545 0.501920
vt 0.716223 0.521305
vt 0.713872 0.540570
vt 0.706534 0.580976
vt 0.689992 0.630051
vt 0.669173 0.677556
vt 0.660910 0.694938
vt 0.537736 0.096826
vt 0.532954 0.067213
vt 0.527174 0.041356
vt 0.643186 0.204426
vt 0.662624 0.211029
vt 0.679750 0.215736
vt 0.687611 0.216941
vt 0.159054 0.276523
vt 0.164265 0.277322
vt 0.153412 0.276168
vt 0.150453 0.268423
vt 0.696001 0.218199
vt 0.705463 0.219811
vt 0.691873 0.949182
vt 0.663860 0.947413
vt 0.664177 0.930402
vt 0.691898 0.931906
vt 0.633285 0.945279
vt 0.635048 0.928854
vt 0.605311 0.942991
vt 0.607274 0.927329
vt 0.579024 0.939486
vt 0.580452 0.924584
vt 0.556763 0.921986
vt 0.555367 0.935572
vt 0.691467 0.914959
vt 0.663706 0.914496
vt 0.661317 0.878203
vt 0.688908 0.878009
vt 0.635085 0.913262
vt 0.632830 0.873639
vt 0.607648 0.912141
vt 0.605612 0.875891
vt 0.580870 0.909924
vt 0.580064 0.881378
vt 0.557768 0.908123
vt 0.554462 0.886541
vt 0.660375 0.833403
vt 0.686837 0.830271
vt 0.662944 0.796573
vt 0.692405 0.781977
vt 0.654109 0.763620
vt 0.680904 0.749772
vt 0.686089 0.758955
vt 0.659005 0.772193
vt 0.630461 0.774761
vt 0.634278 0.783250
vt 0.603387 0.787072
vt 0.606003 0.795632
vt 0.510707 0.838834
vt 0.539586 0.819540
vt 0.541850 0.825375
vt 0.515605 0.844017
vt 0.720466 0.400661
vt 0.706020 0.400193
vt 0.706089 0.397513
vt 0.719415 0.397093
vt 0.526657 0.930237
vt 0.528593 0.920114
vt 0.633672 0.837869
vt 0.635212 0.807355
vt 0.574264 0.800030
vt 0.575455 0.808058
vt 0.534495 0.902240
vt 0.540480 0.887126
vt 0.606829 0.817814
vt 0.606147 0.844378
vt 0.579168 0.852340
vt 0.578039 0.828902
vt 0.553744 0.860103
vt 0.549809 0.840975
vt 0.539842 0.865342
vt 0.527245 0.851761
vt 0.713560 0.387686
vt 0.716706 0.391416
vt 0.705787 0.392567
vt 0.707744 0.387333
vt 0.681521 0.697636
vt 0.691073 0.701210
vt 0.689107 0.715222
vt 0.677005 0.710936
vt 0.521008 0.093200
vt 0.508911 0.090609
vt 0.508031 0.063039
vt 0.520425 0.064690
vt 0.503292 0.037398
vt 0.514540 0.039318
vt 0.649476 0.196880
vt 0.655112 0.190321
vt 0.673229 0.197116
vt 0.668047 0.203433
vt 0.689451 0.202562
vt 0.684778 0.208144
vt 0.695440 0.203923
vt 0.691484 0.209356
vt 0.698625 0.210539
vt 0.701812 0.205172
vt 0.712364 0.207505
vt 0.709499 0.212641
vt 0.163276 0.268364
vt 0.157771 0.268300
vt 0.534003 0.532466
vt 0.841531 0.357801
vt 0.830634 0.351300
vt 0.824060 0.348239
vt 0.223546 0.298001
vt 0.225527 0.292626
vt 0.227659 0.287297
vt 0.235968 0.264300
vt 0.187712 0.192194
vt 0.167844 0.193043
vt 0.208081 0.191263
vt 0.335113 0.274912
vt 0.332376 0.259041
vt 0.335733 0.283823
vt 0.335364 0.295941
vt 0.333199 0.315239
vt 0.333285 0.330346
vt 0.334493 0.343358
vt 0.335348 0.357035
vt 0.335062 0.369145
vt 0.532351 0.492246
vt 0.560342 0.475278
vt 0.575675 0.467343
vt 0.590140 0.460741
vt 0.617509 0.451847
vt 0.640064 0.448620
vt 0.653912 0.448480
vt 0.667917 0.448586
vt 0.691911 0.452242
vt 0.718097 0.456415
vt 0.663431 0.990262
vt 0.692405 0.992832
vt 0.628677 0.986726
vt 0.600074 0.982405
vt 0.575882 0.977668
vt 0.553329 0.969912
vt 0.522804 0.953834
vt 0.723067 0.409555
vt 0.705787 0.406908
vt 0.499968 0.826105
vt 0.534162 0.804934
vt 0.570551 0.779836
vt 0.596448 0.765718
vt 0.620843 0.753521
vt 0.642231 0.742415
vt 0.668988 0.725198
vt 0.718097 0.720613
vt 0.717715 0.705907
vt 0.668574 0.173267
vt 0.685695 0.180841
vt 0.700553 0.187993
vt 0.704796 0.189958
vt 0.709333 0.191880
vt 0.718849 0.195122
vt 0.177266 0.279420
vt 0.177006 0.268602
vt 0.177710 0.290900
vt 0.178746 0.302958
vt 0.178795 0.316669
vt 0.178432 0.329790
vt 0.179246 0.345020
vt 0.182310 0.364354
vt 0.183263 0.376294
vt 0.183177 0.385094
vt 0.181514 0.401003
vt 0.084380 0.401003
vt 0.075133 0.378404
vt 0.072832 0.373121
vt 0.070640 0.367807
vt 0.718849 0.356237
vt 0.712306 0.359520
vt 0.701274 0.366024
vt 0.522596 0.533606
vt 0.503468 0.551817
vt 0.947682 0.621035
vt 0.079758 0.597036
vt 0.072769 0.596903
vt 0.070689 0.585473
vt 0.078874 0.586985
vt 0.079178 0.614935
vt 0.075511 0.615567
vt 0.096288 0.652978
vt 0.090152 0.653811
vt 0.080047 0.579867
vt 0.073344 0.578877
vt 0.081002 0.549010
vt 0.087697 0.551228
vt 0.070689 0.508905
vt 0.074398 0.502922
vt 0.085585 0.519750
vt 0.079358 0.522021
vt 0.088984 0.528936
vt 0.082893 0.531961
vt 0.085401 0.537268
vt 0.092620 0.536768
vt 0.058313 0.565230
vt 0.043839 0.564577
vt 0.041628 0.528043
vt 0.058313 0.519929
vt 0.045597 0.573668
vt 0.030485 0.573593
vt 0.029224 0.562428
vt 0.034259 0.563171
vt 0.035625 0.573663
vt 0.028341 0.534146
vt 0.032382 0.532162
vt 0.422059 0.473446
vt 0.415545 0.477714
vt 0.411675 0.469793
vt 0.416112 0.464877
vt 0.426742 0.495778
vt 0.422323 0.496576
vt 0.418860 0.544056
vt 0.412017 0.542910
vt 0.412657 0.462169
vt 0.408619 0.465586
vt 0.396458 0.446549
vt 0.400643 0.443686
vt 0.419660 0.561259
vt 0.412735 0.563161
vt 0.422283 0.572106
vt 0.415271 0.573045
vt 0.423096 0.578056
vt 0.416644 0.581828
vt 0.433240 0.585181
vt 0.429112 0.591125
vt 0.443922 0.424935
vt 0.443922 0.459105
vt 0.431337 0.452985
vt 0.433005 0.425427
vt 0.434310 0.418673
vt 0.422978 0.418672
vt 0.426808 0.418575
vt 0.425778 0.426488
vt 0.421983 0.427049
vt 0.421315 0.448381
vt 0.424363 0.449878
vt 0.308160 0.769832
vt 0.304225 0.769354
vt 0.348193 0.761594
vt 0.373760 0.755487
vt 0.394568 0.753737
vt 0.875092 0.332146
vt 0.882200 0.342916
vt 0.863197 0.320814
vt 0.857320 0.311424
vt 0.851558 0.302087
vt 0.846155 0.285030
vt 0.844880 0.266134
vt 0.844055 0.250320
vt 0.845753 0.234753
vt 0.848469 0.220941
vt 0.850058 0.209012
vt 0.846973 0.201370
vt 0.841468 0.191149
vt 0.835374 0.182243
vt 0.699352 0.204727
vt 0.707577 0.191160
vt 0.695870 0.210097
vt 0.692766 0.217713
vt 0.694316 0.229613
vt 0.696986 0.243390
vt 0.698648 0.258904
vt 0.697806 0.274656
vt 0.696538 0.293476
vt 0.691182 0.310480
vt 0.685447 0.319791
vt 0.679631 0.329154
vt 0.667733 0.340458
vt 0.660796 0.351141
vt 0.202773 0.777624
vt 0.223283 0.768519
vt 0.174880 0.783931
vt 0.132454 0.792699
vt 0.128608 0.794944
vt 0.119345 0.939778
vt 0.117101 0.942341
vt 0.096104 0.917617
vt 0.097693 0.916934
vt 0.083276 0.756083
vt 0.086508 0.753020
vt 0.104313 0.779345
vt 0.099987 0.780795
vt 0.093894 0.910334
vt 0.096969 0.909355
vt 0.105630 0.789874
vt 0.101153 0.789817
vt 0.106686 0.797385
vt 0.102321 0.797158
vt 0.111354 0.818553
vt 0.106148 0.818031
vt 0.103699 0.806784
vt 0.108423 0.806835
vt 0.100904 0.841353
vt 0.095968 0.840339
vt 0.088147 0.875331
vt 0.083276 0.875237
vt 0.091460 0.892645
vt 0.086803 0.893121
vt 0.093488 0.900545
vt 0.089602 0.900870
vt 0.094966 0.903741
vt 0.091600 0.904676
vt 0.107314 0.802100
vt 0.102869 0.801688
vt 0.056661 0.722720
vt 0.056047 0.761477
vt 0.050896 0.762602
vt 0.048936 0.725732
vt 0.035043 0.765920
vt 0.030444 0.733578
vt 0.037504 0.730059
vt 0.042792 0.764342
vt 0.046608 0.788929
vt 0.054441 0.788738
vt 0.035245 0.789207
vt 0.030492 0.789157
vt 0.020949 0.789207
vt 0.018216 0.769344
vt 0.017318 0.740051
vt 0.045904 0.763679
vt 0.039623 0.789108
vt 0.041912 0.728395
vt 0.780322 0.124238
vt 0.771924 0.128770
vt 0.797820 0.116320
vt 0.808816 0.111745
vt 0.826428 0.111182
vt 0.839775 0.109562
vt 0.854571 0.109024
vt 0.870980 0.109518
vt 0.885842 0.108993
vt 0.373698 0.119653
vt 0.359931 0.119065
vt 0.388920 0.124762
vt 0.406447 0.127824
vt 0.426297 0.128319
vt 0.442209 0.115331
vt 0.458624 0.108939
vt 0.479650 0.103539
vt 0.507616 0.108383
vt 0.518568 0.110621
vt 0.536213 0.121288
vt 0.555985 0.118030
vt 0.573091 0.112399
vt 0.587553 0.104983
vt 0.601255 0.102521
vt 0.616319 0.104556
vt 0.633175 0.105702
vt 0.648471 0.107439
vt 0.662235 0.109810
vt 0.680382 0.111184
vt 0.700997 0.120318
vt 0.710032 0.124273
vt 0.718500 0.128775
vt 0.726789 0.128236
vt 0.745195 0.127234
vt 0.280777 0.820932
vt 0.276157 0.818623
vt 0.282910 0.792753
vt 0.288672 0.791598
vt 0.269748 0.855459
vt 0.262649 0.853922
vt 0.269986 0.863078
vt 0.264393 0.863547
vt 0.281333 0.783662
vt 0.286049 0.781238
vt 0.279686 0.776158
vt 0.284545 0.774053
vt 0.278822 0.771562
vt 0.283636 0.769532
vt 0.277683 0.761425
vt 0.282876 0.760734
vt 0.277008 0.755121
vt 0.282923 0.753825
vt 0.264346 0.739210
vt 0.268981 0.737042
vt 0.296553 0.924021
vt 0.291672 0.925816
vt 0.276353 0.901773
vt 0.281328 0.900107
vt 0.269337 0.880256
vt 0.273286 0.877129
vt 0.267811 0.875529
vt 0.272443 0.873619
vt 0.407612 0.688599
vt 0.410943 0.689900
vt 0.412228 0.726872
vt 0.408136 0.725905
vt 0.444678 0.705546
vt 0.434911 0.731826
vt 0.420249 0.728703
vt 0.425364 0.696046
vt 0.415999 0.752138
vt 0.409147 0.751825
vt 0.436414 0.752567
vt 0.427181 0.752662
vt 0.443670 0.733579
vt 0.440999 0.752662
vt 0.417158 0.728004
vt 0.421077 0.694244
vt 0.422867 0.752456
s 1
usemtl openPBR_shader1.001
f 1/1/1 2/2/2 3/3/3 4/4/4
f 2/2/2 1/1/1 14/5/5 13/6/6
f 6/7/7 5/8/8 4/4/4 3/3/3
f 8/9/9 7/10/10 338/11/11 339/12/12
f 7/10/10 8/9/9 9/13/13 10/14/14
f 9/15/13 11/16/15 12/17/16 10/18/14
f 11/16/15 329/19/17 330/20/18 12/17/16
f 1/1/1 4/4/4 15/21/19 16/22/20
f 4/4/4 5/8/8 17/23/21 15/21/19
f 337/24/22 338/11/11 7/10/10 18/25/23
f 7/10/10 10/14/14 19/26/24 18/25/23
f 10/18/14 12/17/16 20/27/25 19/28/24
f 12/17/16 330/20/18 331/29/26 20/27/25
f 21/30/27 14/5/5 1/1/1 16/22/20
f 16/22/20 15/21/19 22/31/28 23/32/29
f 15/21/19 17/23/21 24/33/30 22/31/28
f 336/34/31 337/24/22 18/25/23 25/35/32
f 18/25/23 19/26/24 26/36/33 25/35/32
f 19/28/24 20/27/25 27/37/34 26/38/33
f 20/27/25 331/29/26 332/39/35 27/37/34
f 28/40/36 21/30/27 16/22/20 23/32/29
f 29/41/37 28/40/36 23/32/29 31/42/38
f 332/39/35 333/43/39 30/44/40 27/37/34
f 32/45/41 31/42/38 23/32/29 22/31/28
f 33/46/42 32/45/41 22/31/28 24/33/30
f 34/47/43 335/48/44 336/34/31 25/35/32
f 26/38/33 27/37/34 30/44/40 35/49/45
f 35/50/45 34/47/43 25/35/32 26/36/33
f 3/51/3 2/52/2 760/53/46 761/54/47
f 40/55/48 39/56/49 38/57/50 37/58/51
f 759/59/52 760/53/46 2/52/2 13/60/6
f 40/55/48 37/58/51 43/61/53 44/62/54
f 6/63/7 3/51/3 761/54/47 762/64/55
f 39/56/49 42/65/56 41/66/57 38/57/50
f 339/67/12 763/68/58 764/69/59 8/70/9
f 11/71/15 905/72/60 906/73/61 329/74/17
f 8/70/9 764/69/59 765/75/62 49/76/63
f 49/76/63 50/77/64 9/78/13 8/70/9
f 50/77/64 51/79/65 11/71/15 9/78/13
f 51/79/65 937/80/66 905/72/60 11/71/15
f 52/81/67 53/82/68 54/83/69 46/84/70
f 56/85/71 54/83/69 53/82/68 55/86/72
f 46/84/70 54/83/69 327/87/73 328/88/74
f 54/83/69 56/85/71 326/89/75 327/87/73
f 908/90/76 909/91/77 44/62/54 43/61/53
f 60/92/78 59/93/79 47/94/80 57/95/81
f 61/96/82 60/92/78 57/95/81 58/97/83
f 65/98/84 62/99/85 63/100/86 64/101/87
f 63/100/86 66/102/88 67/103/89 64/101/87
f 66/102/88 844/104/90 845/105/91 67/103/89
f 68/106/92 666/107/93 667/108/94 69/109/95
f 73/110/96 72/111/97 324/112/98 325/113/99
f 75/114/100 72/111/97 73/110/96 74/115/101
f 77/116/102 76/117/103 75/114/100 74/115/101
f 70/118/104 76/119/103 77/120/102 71/121/105
f 63/100/86 62/99/85 78/122/106 79/123/107
f 66/102/88 63/100/86 79/123/107 80/124/108
f 843/125/109 844/104/90 66/102/88 80/124/108
f 665/126/110 666/107/93 68/106/92 81/127/111
f 323/128/112 324/112/98 72/111/97 83/129/113
f 72/111/97 75/114/100 84/130/114 83/129/113
f 75/114/100 76/117/103 85/131/115 84/130/114
f 76/119/103 70/118/104 82/132/116 85/133/115
f 79/123/107 78/122/106 86/134/117 87/135/118
f 80/124/108 79/123/107 87/135/118 88/136/119
f 842/137/120 843/125/109 80/124/108 88/136/119
f 664/138/121 665/126/110 81/127/111 89/139/122
f 322/140/123 323/128/112 83/129/113 91/141/124
f 83/129/113 84/130/114 92/142/125 91/141/124
f 84/130/114 85/131/115 93/143/126 92/142/125
f 85/133/115 82/132/116 90/144/127 93/145/126
f 95/146/128 321/147/129 322/140/123 91/141/124
f 96/148/130 95/146/128 91/141/124 92/142/125
f 97/149/131 96/148/130 92/142/125 93/143/126
f 98/150/132 97/151/131 93/145/126 90/144/127
f 99/152/133 663/153/134 664/138/121 89/139/122
f 100/154/135 841/155/136 842/137/120 88/136/119
f 101/156/137 100/154/135 88/136/119 87/135/118
f 94/157/138 101/156/137 87/135/118 86/134/117
f 65/158/84 64/159/87 103/160/139 58/161/83
f 64/159/87 67/162/89 104/163/140 103/160/139
f 67/162/89 845/164/91 846/165/141 104/163/140
f 69/166/95 667/167/94 668/168/142 105/169/143
f 73/170/96 325/171/99 326/172/75 56/173/71
f 74/174/101 73/170/96 56/173/71 55/175/72
f 77/176/102 74/174/101 55/175/72 107/177/144
f 71/178/105 77/176/102 107/177/144 106/179/145
f 103/160/139 108/180/146 61/181/82 58/161/83
f 103/160/139 104/163/140 109/182/147 108/180/146
f 104/163/140 846/165/141 847/183/148 109/182/147
f 105/169/143 668/168/142 669/184/149 110/185/150
f 109/182/147 163/186/151 164/187/152 108/180/146
f 164/187/152 165/188/153 61/181/82 108/180/146
f 165/189/153 166/190/154 60/92/78 61/96/82
f 166/190/154 167/191/155 59/93/79 60/92/78
f 909/91/77 910/192/156 168/193/157 44/62/54
f 40/55/48 44/62/54 168/193/157 169/194/158
f 39/56/49 40/55/48 169/194/158 170/195/159
f 42/65/56 39/56/49 170/195/159 171/196/160
f 45/197/161 340/198/162 341/199/163 121/200/164
f 122/201/165 48/202/166 45/197/161 121/200/164
f 341/199/163 342/203/167 172/204/168 121/200/164
f 121/200/164 172/204/168 173/205/169 122/201/165
f 847/183/148 848/206/170 163/186/151 109/182/147
f 669/184/149 670/207/171 126/208/172 110/185/150
f 126/208/172 670/207/171 671/209/173 129/210/174
f 129/211/174 671/212/173 672/213/175 131/214/176
f 672/213/175 673/215/177 132/216/178 131/214/176
f 673/215/177 674/217/179 134/218/180 132/216/178
f 674/219/179 675/220/181 136/221/182 134/222/180
f 675/220/181 676/223/183 139/224/184 136/221/182
f 676/225/183 677/226/185 140/227/186 139/228/184
f 677/226/185 678/229/187 142/230/188 140/227/186
f 678/229/187 679/231/189 144/232/190 142/230/188
f 679/231/189 680/233/191 146/234/192 144/232/190
f 146/234/192 680/233/191 681/235/193 149/236/194
f 681/235/193 682/237/195 151/238/196 149/236/194
f 151/238/196 682/237/195 683/239/197 153/240/198
f 132/216/178 134/218/180 136/241/182 154/242/199
f 136/241/182 139/228/184 140/227/186 154/242/199
f 155/243/200 129/211/174 132/216/178 154/242/199
f 142/230/188 155/243/200 154/242/199 140/227/186
f 155/243/200 142/230/188 144/232/190 156/244/201
f 156/244/201 157/245/202 129/211/174 155/243/200
f 144/232/190 146/234/192 158/246/203 156/244/201
f 157/245/202 156/244/201 158/246/203 159/247/204
f 146/234/192 149/236/194 160/248/205 158/246/203
f 149/236/194 151/238/196 161/249/206 160/248/205
f 162/250/207 159/247/204 158/246/203 160/248/205
f 848/206/170 849/251/208 112/252/209 163/186/151
f 164/187/152 163/186/151 112/252/209 113/253/210
f 113/253/210 114/254/211 165/188/153 164/187/152
f 114/255/211 115/256/212 166/190/154 165/189/153
f 115/256/212 116/257/213 167/191/155 166/190/154
f 168/193/157 910/192/156 911/258/214 117/259/215
f 168/193/157 117/259/215 118/260/216 169/194/158
f 170/195/159 169/194/158 118/260/216 119/261/217
f 171/196/160 170/195/159 119/261/217 120/262/218
f 342/203/167 343/263/219 123/264/220 172/204/168
f 173/205/169 172/204/168 123/264/220 124/265/221
f 126/208/172 129/210/174 157/266/202 125/267/222
f 125/267/222 157/266/202 159/268/204 174/269/223
f 159/268/204 162/270/207 175/271/224 174/269/223
f 176/272/225 162/250/207 160/248/205 161/249/206
f 177/273/226 175/271/224 162/270/207 176/274/225
f 178/275/227 161/249/206 151/238/196 153/240/198
f 179/276/228 176/272/225 161/249/206 178/275/227
f 180/277/229 177/273/226 176/274/225 179/278/228
f 112/252/209 849/251/208 850/279/230 181/280/231
f 181/280/231 182/281/232 113/253/210 112/252/209
f 850/279/230 851/282/233 183/283/234 181/280/231
f 183/283/234 851/282/233 852/284/235 184/285/236
f 852/284/235 853/286/237 185/287/238 184/285/236
f 183/283/234 186/288/239 182/281/232 181/280/231
f 184/285/236 187/289/240 186/288/239 183/283/234
f 185/287/238 188/290/241 187/289/240 184/285/236
f 182/281/232 189/291/242 114/254/211 113/253/210
f 186/288/239 190/292/243 189/291/242 182/281/232
f 190/292/243 186/288/239 187/289/240 191/293/244
f 191/293/244 187/289/240 188/290/241 192/294/245
f 189/295/242 193/296/246 115/256/212 114/255/211
f 193/296/246 189/295/242 190/297/243 194/298/247
f 191/299/244 195/300/248 194/301/247 190/302/243
f 195/300/248 191/299/244 192/303/245 196/304/249
f 193/296/246 197/305/250 116/257/213 115/256/212
f 197/305/250 193/296/246 194/298/247 198/306/251
f 195/300/248 199/307/252 198/308/251 194/301/247
f 196/304/249 200/309/253 199/307/252 195/300/248
f 201/310/254 117/259/215 911/258/214 912/311/255
f 201/310/254 912/311/255 913/312/256 202/313/257
f 202/313/257 913/312/256 914/314/258 203/315/259
f 203/315/259 914/314/258 915/316/260 204/317/261
f 118/260/216 117/259/215 201/310/254 205/318/262
f 118/260/216 205/318/262 206/319/263 119/261/217
f 119/261/217 206/319/263 207/320/264 120/262/218
f 343/263/219 344/321/265 208/322/266 123/264/220
f 123/264/220 208/322/266 209/323/267 124/265/221
f 210/324/268 205/318/262 201/310/254 202/313/257
f 206/319/263 205/318/262 210/324/268 211/325/269
f 207/320/264 206/319/263 211/325/269 212/326/270
f 208/322/266 344/321/265 345/327/271 213/328/272
f 209/323/267 208/322/266 213/328/272 214/329/273
f 215/330/274 210/324/268 202/313/257 203/315/259
f 211/325/269 210/324/268 215/330/274 216/331/275
f 212/326/270 211/325/269 216/331/275 217/332/276
f 213/328/272 345/327/271 346/333/277 218/334/278
f 214/329/273 213/328/272 218/334/278 219/335/279
f 220/336/280 215/330/274 203/315/259 204/317/261
f 216/331/275 215/330/274 220/336/280 221/337/281
f 217/332/276 216/331/275 221/337/281 222/338/282
f 218/334/278 346/333/277 347/339/283 223/340/284
f 219/335/279 218/334/278 223/340/284 224/341/285
f 153/240/198 683/239/197 684/342/286 226/343/287
f 178/275/227 153/240/198 226/343/287 227/344/288
f 179/276/228 178/275/227 227/344/288 228/345/289
f 180/277/229 179/278/228 228/346/289 229/347/290
f 185/287/238 853/286/237 854/348/291 230/349/292
f 188/290/241 185/287/238 230/349/292 231/350/293
f 192/294/245 188/290/241 231/350/293 232/351/294
f 196/304/249 192/303/245 232/352/294 233/353/295
f 200/309/253 196/304/249 233/353/295 234/354/296
f 204/317/261 915/316/260 916/355/297 235/356/298
f 236/357/299 220/336/280 204/317/261 235/356/298
f 221/337/281 220/336/280 236/357/299 237/358/300
f 222/338/282 221/337/281 237/358/300 238/359/301
f 223/340/284 347/339/283 348/360/302 239/361/303
f 224/341/285 223/340/284 239/361/303 240/362/304
f 240/362/304 239/361/303 241/363/305 242/364/306
f 242/365/306 241/366/305 243/367/307 244/368/308
f 244/368/308 243/367/307 245/369/309 246/370/310
f 246/370/310 245/369/309 247/371/311 248/372/312
f 248/372/312 247/371/311 249/373/313 250/374/314
f 250/374/314 249/373/313 251/375/315 252/376/316
f 239/361/303 348/360/302 349/377/317 241/363/305
f 238/359/301 237/358/300 254/378/318 253/379/319
f 237/358/300 236/357/299 255/380/320 254/378/318
f 255/380/320 236/357/299 235/356/298 256/381/321
f 235/356/298 916/355/297 917/382/322 256/381/321
f 234/354/296 233/353/295 258/383/323 257/384/324
f 233/353/295 232/352/294 259/385/325 258/383/323
f 232/351/294 231/350/293 260/386/326 259/387/325
f 231/350/293 230/349/292 261/388/327 260/386/326
f 230/349/292 854/348/291 855/389/328 261/388/327
f 226/343/287 684/342/286 685/390/329 264/391/330
f 227/344/288 226/343/287 264/391/330 265/392/331
f 228/345/289 227/344/288 265/392/331 266/393/332
f 228/346/289 266/394/332 262/395/333 229/347/290
f 241/366/305 349/396/317 350/397/334 243/367/307
f 243/367/307 350/397/334 351/398/335 245/369/309
f 245/369/309 351/398/335 352/399/336 247/371/311
f 247/371/311 352/399/336 353/400/337 249/373/313
f 249/373/313 353/400/337 354/401/338 251/375/315
f 253/402/319 254/403/318 272/404/339 267/405/340
f 267/405/340 272/404/339 273/406/341 268/407/342
f 268/407/342 273/406/341 274/408/343 269/409/344
f 269/409/344 274/408/343 275/410/345 270/411/346
f 270/411/346 275/410/345 276/412/347 271/413/348
f 272/404/339 254/403/318 255/414/320 277/415/349
f 277/415/349 255/414/320 256/416/321 278/417/350
f 361/418/351 362/419/352 279/420/353 280/421/354
f 280/421/354 279/420/353 281/422/355 282/423/356
f 280/421/354 282/423/356 284/424/357 283/425/358
f 283/425/358 284/424/357 299/426/359 300/427/360
f 293/428/361 294/429/362 288/430/363 287/431/364
f 287/432/364 288/433/363 290/434/365 289/435/366
f 289/436/366 290/437/365 252/376/316 251/375/315
f 272/404/339 277/415/349 291/438/367 273/406/341
f 291/438/367 277/415/349 278/417/350 292/439/368
f 360/440/369 361/418/351 280/421/354 283/425/358
f 285/441/370 286/442/371 294/429/362 293/428/361
f 251/375/315 354/401/338 355/443/372 289/436/366
f 271/413/348 276/412/347 296/444/373 295/445/374
f 359/446/375 360/440/369 283/425/358 300/427/360
f 301/447/376 302/448/377 291/438/367 292/439/368
f 273/406/341 291/438/367 302/448/377 274/408/343
f 300/427/360 299/426/359 286/442/371 285/441/370
f 358/449/378 359/446/375 300/427/360 285/441/370
f 298/450/379 302/448/377 301/447/376 297/451/380
f 274/408/343 302/448/377 298/450/379 275/410/345
f 357/452/381 358/449/378 285/441/370 293/428/361
f 304/453/382 298/450/379 297/451/380 303/454/383
f 276/412/347 275/410/345 298/450/379 304/453/382
f 356/455/384 357/452/381 293/428/361 287/431/364
f 276/412/347 304/453/382 306/456/385 296/444/373
f 305/457/386 306/456/385 304/453/382 303/454/383
f 289/435/366 355/458/372 356/459/384 287/432/364
f 296/460/373 306/461/385 305/462/386 295/463/374
f 362/464/352 918/465/387 919/466/388 279/467/353
f 279/467/353 919/466/388 920/468/389 281/469/355
f 363/470/390 364/471/391 309/472/392 307/473/393
f 307/473/393 309/472/392 310/474/394 308/475/395
f 364/471/391 365/476/396 311/477/397 309/472/392
f 309/472/392 311/477/397 312/478/398 310/474/394
f 365/479/396 366/480/399 313/481/400 311/482/397
f 311/482/397 313/481/400 314/483/401 312/484/398
f 366/480/399 367/485/402 315/486/403 313/481/400
f 313/481/400 315/486/403 316/487/404 314/483/401
f 367/485/402 856/488/405 857/489/406 315/486/403
f 315/486/403 857/489/406 858/490/407 316/487/404
f 368/491/408 369/492/409 319/493/410 317/494/411
f 317/494/411 319/493/410 320/495/412 318/496/413
f 319/497/410 685/390/329 263/498/414 320/499/412
f 752/500/415 322/140/123 321/147/129 751/501/416
f 753/502/417 323/128/112 322/140/123 752/500/415
f 754/503/418 324/112/98 323/128/112 753/502/417
f 325/113/99 324/112/98 754/503/418 755/504/419
f 756/505/420 326/172/75 325/171/99 755/506/419
f 757/507/421 327/87/73 326/89/75 756/508/420
f 758/509/422 328/88/74 327/87/73 757/507/421
f 13/60/6 329/74/17 906/73/61
f 330/20/18 329/19/17 13/6/6 14/5/5
f 331/29/26 330/20/18 14/5/5 21/30/27
f 332/39/35 331/29/26 21/30/27 28/40/36
f 29/41/37 333/43/39 332/39/35 28/40/36
f 336/34/31 335/48/44 33/46/42 24/33/30
f 17/23/21 337/24/22 336/34/31 24/33/30
f 5/8/8 338/11/11 337/24/22 17/23/21
f 339/12/12 338/11/11 5/8/8 6/7/7
f 762/64/55 763/68/58 339/67/12 6/63/7
f 341/199/163 340/198/162 41/66/57 42/65/56
f 171/196/160 342/203/167 341/199/163 42/65/56
f 120/262/218 343/263/219 342/203/167 171/196/160
f 120/262/218 207/320/264 344/321/265 343/263/219
f 345/327/271 344/321/265 207/320/264 212/326/270
f 346/333/277 345/327/271 212/326/270 217/332/276
f 347/339/283 346/333/277 217/332/276 222/338/282
f 348/360/302 347/339/283 222/338/282 238/359/301
f 349/377/317 348/360/302 238/359/301 253/379/319
f 350/397/334 349/396/317 253/402/319 267/405/340
f 351/398/335 350/397/334 267/405/340 268/407/342
f 352/399/336 351/398/335 268/407/342 269/409/344
f 353/400/337 352/399/336 269/409/344 270/411/346
f 354/401/338 353/400/337 270/411/346 271/413/348
f 355/443/372 354/401/338 271/413/348 295/445/374
f 356/459/384 355/458/372 295/463/374 305/462/386
f 303/454/383 357/452/381 356/455/384 305/457/386
f 297/451/380 358/449/378 357/452/381 303/454/383
f 301/447/376 359/446/375 358/449/378 297/451/380
f 292/439/368 360/440/369 359/446/375 301/447/376
f 278/417/350 361/418/351 360/440/369 292/439/368
f 278/417/350 256/416/321 362/419/352 361/418/351
f 256/381/321 917/382/322 918/465/387 362/464/352
f 257/384/324 258/383/323 364/471/391 363/470/390
f 258/383/323 259/385/325 365/476/396 364/471/391
f 259/387/325 260/386/326 366/480/399 365/479/396
f 260/386/326 261/388/327 367/485/402 366/480/399
f 261/388/327 855/389/328 856/488/405 367/485/402
f 262/395/333 266/394/332 369/492/409 368/491/408
f 266/393/332 265/392/331 264/391/330 369/510/409
f 370/511/423 373/512/424 372/513/425 371/514/426
f 371/515/426 382/516/427 383/517/428 370/518/423
f 375/519/429 372/513/425 373/512/424 374/520/430
f 377/521/431 631/522/432 630/523/433 376/524/434
f 376/524/434 379/525/435 378/526/436 377/521/431
f 378/526/436 379/525/435 381/527/437 380/528/438
f 380/528/438 381/527/437 622/529/439 621/530/440
f 370/511/423 385/531/441 384/532/442 373/512/424
f 373/512/424 384/532/442 386/533/443 374/520/430
f 629/534/444 387/535/445 376/524/434 630/523/433
f 376/524/434 387/535/445 388/536/446 379/525/435
f 379/525/435 388/536/446 389/537/447 381/527/437
f 381/527/437 389/537/447 623/538/448 622/529/439
f 390/539/449 385/540/441 370/518/423 383/517/428
f 385/531/441 392/541/450 391/542/451 384/532/442
f 384/532/442 391/542/451 393/543/452 386/533/443
f 628/544/453 394/545/454 387/535/445 629/534/444
f 387/535/445 394/545/454 395/546/455 388/536/446
f 388/536/446 395/546/455 396/547/456 389/537/447
f 389/537/447 396/547/456 624/548/457 623/538/448
f 397/549/458 392/550/450 385/540/441 390/539/449
f 398/551/459 400/552/460 392/550/450 397/549/458
f 624/548/457 396/547/456 399/553/461 625/554/462
f 401/555/463 391/542/451 392/541/450 400/556/460
f 402/557/464 393/543/452 391/542/451 401/555/463
f 403/558/465 394/545/454 628/544/453 627/559/466
f 395/546/455 404/560/467 399/553/461 396/547/456
f 404/560/467 395/546/455 394/545/454 403/558/465
f 372/561/425 407/562/468 406/563/469 371/564/426
f 409/565/470 406/563/469 407/562/468 408/566/471
f 406/563/469 412/567/472 382/568/427 371/564/426
f 409/565/470 413/569/473 412/567/472 406/563/469
f 375/570/429 410/571/474 407/562/468 372/561/425
f 408/566/471 407/562/468 410/571/474 411/572/475
f 380/573/438 621/574/440 934/575/476 935/576/477
f 932/577/478 933/578/479 382/568/427 412/567/472
f 765/579/62 766/580/480 740/581/481 49/582/63
f 49/582/63 740/581/481 741/583/482 50/584/64
f 50/584/64 741/583/482 742/585/483 51/586/65
f 51/586/65 742/585/483 936/587/484 937/588/66
f 52/81/67 743/589/485 744/590/486 53/82/68
f 744/590/486 745/591/487 55/86/72 53/82/68
f 414/592/488 620/593/489 619/594/490 417/595/491
f 420/596/492 419/597/493 415/598/494 416/599/495
f 417/595/491 619/594/490 618/600/496 418/601/497
f 419/597/493 420/596/492 422/602/498 421/603/499
f 931/604/500 932/577/478 412/567/472 413/569/473
f 424/605/501 420/596/492 416/599/495 423/606/502
f 425/607/503 422/602/498 420/596/492 424/605/501
f 429/608/504 428/609/505 427/610/506 426/611/507
f 427/612/506 428/613/505 431/614/508 430/615/509
f 430/615/509 431/614/508 871/616/510 872/617/511
f 432/618/512 433/619/513 734/620/514 735/621/515
f 437/622/516 617/623/517 616/624/518 436/625/519
f 439/626/520 438/627/521 746/628/522 747/629/523
f 441/630/524 438/627/521 439/626/520 440/631/525
f 434/632/526 435/633/527 441/630/524 440/631/525
f 427/610/506 443/634/528 442/635/529 426/611/507
f 430/615/509 444/636/530 443/637/528 427/612/506
f 872/617/511 873/638/531 444/636/530 430/615/509
f 445/639/532 432/618/512 735/621/515 736/640/533
f 615/641/534 447/642/535 436/625/519 616/624/518
f 747/629/523 748/643/536 448/644/537 439/626/520
f 439/626/520 448/644/537 449/645/538 440/631/525
f 440/631/525 449/645/538 446/646/539 434/632/526
f 443/634/528 451/647/540 450/648/541 442/635/529
f 444/636/530 452/649/542 451/650/540 443/637/528
f 873/638/531 874/651/543 452/649/542 444/636/530
f 453/652/544 445/639/532 736/640/533 737/653/545
f 614/654/546 455/655/547 447/642/535 615/641/534
f 748/643/536 749/656/548 456/657/549 448/644/537
f 448/644/537 456/657/549 457/658/550 449/645/538
f 449/645/538 457/658/550 454/659/551 446/646/539
f 459/660/552 455/655/547 614/654/546 613/661/553
f 460/662/554 456/657/549 749/656/548 750/663/555
f 461/664/556 457/658/550 456/657/549 460/662/554
f 462/665/557 454/659/551 457/658/550 461/664/556
f 463/666/558 453/652/544 737/653/545 738/667/559
f 464/668/560 452/649/542 874/651/543 875/669/561
f 465/670/562 451/650/540 452/649/542 464/668/560
f 458/671/563 450/648/541 451/647/540 465/672/562
f 429/673/504 422/674/498 467/675/564 428/676/505
f 428/676/505 467/675/564 468/677/565 431/678/508
f 431/678/508 468/677/565 870/679/566 871/680/510
f 433/681/513 469/682/567 733/683/568 734/684/514
f 437/685/516 418/686/497 618/687/496 617/688/517
f 438/689/521 55/690/72 745/691/487 746/692/522
f 441/693/524 107/694/144 55/690/72 438/689/521
f 435/695/527 106/696/145 107/694/144 441/693/524
f 471/697/569 450/648/541 458/671/563 470/698/570
f 442/635/529 450/648/541 471/697/569 472/699/571
f 426/611/507 442/635/529 472/699/571 473/700/572
f 474/701/573 429/608/504 426/611/507 473/700/572
f 421/702/499 422/674/498 429/673/504 474/703/573
f 467/675/564 422/674/498 425/704/503 475/705/574
f 467/675/564 475/705/574 476/706/575 468/677/565
f 468/677/565 476/706/575 869/707/576 870/679/566
f 469/682/567 477/708/577 732/709/578 733/683/568
f 476/706/575 475/705/574 512/710/579 511/711/580
f 512/710/579 475/705/574 425/704/503 513/712/581
f 513/713/581 425/607/503 424/605/501 514/714/582
f 514/714/582 424/605/501 423/606/502 515/715/583
f 930/716/584 931/604/500 413/569/473 516/717/585
f 409/565/470 517/718/586 516/717/585 413/569/473
f 408/566/471 518/719/587 517/718/586 409/565/470
f 411/572/475 519/720/588 518/719/587 408/566/471
f 632/721/589 686/722/590 687/723/591 633/724/592
f 633/724/592 687/723/591 688/725/593 634/726/594
f 868/727/595 869/707/576 476/706/575 511/711/580
f 477/708/577 488/728/596 731/729/597 732/709/578
f 488/728/596 489/730/598 730/731/599 731/729/597
f 489/732/598 490/733/600 729/734/601 730/735/599
f 490/733/600 491/736/602 728/737/603 729/734/601
f 491/736/602 492/738/604 727/739/605 728/737/603
f 492/740/604 493/741/606 726/742/607 727/743/605
f 493/741/606 494/744/608 725/745/609 726/742/607
f 494/746/608 495/747/610 724/748/611 725/749/609
f 495/747/610 496/750/612 723/751/613 724/748/611
f 496/750/612 497/752/614 722/753/615 723/751/613
f 497/752/614 498/754/616 721/755/617 722/753/615
f 498/754/616 499/756/618 720/757/619 721/755/617
f 499/756/618 500/758/620 719/759/621 720/757/619
f 500/758/620 501/760/622 718/761/623 719/759/621
f 491/736/602 502/762/624 493/763/606 492/738/604
f 493/763/606 502/762/624 495/747/610 494/746/608
f 503/764/625 502/762/624 491/736/602 489/732/598
f 496/750/612 495/747/610 502/762/624 503/764/625
f 503/764/625 504/765/626 497/752/614 496/750/612
f 504/765/626 503/764/625 489/732/598 505/766/627
f 497/752/614 504/765/626 506/767/628 498/754/616
f 505/766/627 507/768/629 506/767/628 504/765/626
f 498/754/616 506/767/628 508/769/630 499/756/618
f 499/756/618 508/769/630 509/770/631 500/758/620
f 510/771/632 508/769/630 506/767/628 507/768/629
f 867/772/633 868/727/595 511/711/580 478/773/634
f 512/710/579 479/774/635 478/773/634 511/711/580
f 479/774/635 512/710/579 513/712/581 480/775/636
f 480/776/636 513/713/581 514/714/582 481/777/637
f 481/777/637 514/714/582 515/715/583 482/778/638
f 516/717/585 483/779/639 929/780/640 930/716/584
f 516/717/585 517/718/586 484/781/641 483/779/639
f 518/719/587 485/782/642 484/781/641 517/718/586
f 519/720/588 486/783/643 485/782/642 518/719/587
f 634/726/594 688/725/593 689/784/644 635/785/645
f 488/728/596 487/786/646 505/787/627 489/730/598
f 487/786/646 520/788/647 507/789/629 505/787/627
f 507/789/629 520/788/647 521/790/648 510/791/632
f 522/792/649 509/770/631 508/769/630 510/771/632
f 523/793/650 522/794/649 510/791/632 521/790/648
f 524/795/651 501/760/622 500/758/620 509/770/631
f 525/796/652 524/795/651 509/770/631 522/792/649
f 526/797/653 525/798/652 522/794/649 523/793/650
f 478/773/634 527/799/654 866/800/655 867/772/633
f 527/799/654 478/773/634 479/774/635 528/801/656
f 865/802/657 866/800/655 527/799/654 529/803/658
f 529/803/658 530/804/659 864/805/660 865/802/657
f 863/806/661 864/805/660 530/804/659 531/807/662
f 529/803/658 527/799/654 528/801/656 532/808/663
f 530/804/659 529/803/658 532/808/663 533/809/664
f 531/807/662 530/804/659 533/809/664 534/810/665
f 528/801/656 479/774/635 480/775/636 535/811/666
f 532/808/663 528/801/656 535/811/666 536/812/667
f 536/812/667 537/813/668 533/809/664 532/808/663
f 537/813/668 538/814/669 534/810/665 533/809/664
f 535/815/666 480/776/636 481/777/637 539/816/670
f 539/816/670 540/817/671 536/818/667 535/815/666
f 537/819/668 536/818/667 540/817/671 541/820/672
f 541/820/672 542/821/673 538/822/669 537/819/668
f 539/816/670 481/777/637 482/778/638 543/823/674
f 543/823/674 544/824/675 540/817/671 539/816/670
f 541/820/672 540/817/671 544/824/675 545/825/676
f 542/821/673 541/820/672 545/825/676 546/826/677
f 547/827/678 928/828/679 929/780/640 483/779/639
f 547/827/678 548/829/680 927/830/681 928/828/679
f 548/829/680 549/831/682 926/832/683 927/830/681
f 549/831/682 550/833/684 925/834/685 926/832/683
f 484/781/641 551/835/686 547/827/678 483/779/639
f 484/781/641 485/782/642 552/836/687 551/835/686
f 485/782/642 486/783/643 553/837/688 552/836/687
f 635/785/645 689/784/644 690/838/689 636/839/690
f 554/840/691 548/829/680 547/827/678 551/835/686
f 552/836/687 555/841/692 554/840/691 551/835/686
f 553/837/688 556/842/693 555/841/692 552/836/687
f 637/843/694 636/839/690 690/838/689 691/844/695
f 557/845/696 549/831/682 548/829/680 554/840/691
f 555/841/692 558/846/697 557/845/696 554/840/691
f 556/842/693 559/847/698 558/846/697 555/841/692
f 638/848/699 637/843/694 691/844/695 692/849/700
f 560/850/701 550/833/684 549/831/682 557/845/696
f 558/846/697 561/851/702 560/850/701 557/845/696
f 559/847/698 562/852/703 561/851/702 558/846/697
f 639/853/704 638/848/699 692/849/700 693/854/705
f 501/760/622 563/855/706 717/856/707 718/761/623
f 524/795/651 564/857/708 563/855/706 501/760/622
f 525/796/652 565/858/709 564/857/708 524/795/651
f 526/797/653 566/859/710 565/860/709 525/798/652
f 531/807/662 567/861/711 862/862/712 863/806/661
f 534/810/665 568/863/713 567/861/711 531/807/662
f 538/814/669 569/864/714 568/863/713 534/810/665
f 542/821/673 570/865/715 569/866/714 538/822/669
f 546/826/677 571/867/716 570/865/715 542/821/673
f 550/833/684 572/868/717 924/869/718 925/834/685
f 573/870/719 572/868/717 550/833/684 560/850/701
f 561/851/702 574/871/720 573/870/719 560/850/701
f 562/852/703 575/872/721 574/871/720 561/851/702
f 640/873/722 639/853/704 693/854/705 694/874/723
f 694/874/723 695/875/724 641/876/725 640/873/722
f 575/872/721 576/877/726 577/878/727 574/871/720
f 574/871/720 577/878/727 578/879/728 573/870/719
f 578/879/728 579/880/729 572/868/717 573/870/719
f 572/868/717 579/880/729 923/881/730 924/869/718
f 571/867/716 580/882/731 581/883/732 570/865/715
f 570/865/715 581/883/732 582/884/733 569/866/714
f 569/864/714 582/885/733 583/886/734 568/863/713
f 568/863/713 583/886/734 584/887/735 567/861/711
f 567/861/711 584/887/735 861/888/736 862/862/712
f 563/855/706 586/889/737 716/890/738 717/856/707
f 564/857/708 587/891/739 586/889/737 563/855/706
f 565/858/709 588/892/740 587/891/739 564/857/708
f 565/860/709 566/859/710 585/893/741 588/894/740
f 695/895/724 696/896/742 642/897/743 641/898/725
f 696/896/742 697/899/744 643/900/745 642/897/743
f 697/899/744 698/901/746 644/902/747 643/900/745
f 698/901/746 699/903/748 645/904/749 644/902/747
f 646/905/750 645/904/749 699/903/748 700/906/751
f 576/907/726 589/908/752 594/909/753 577/910/727
f 589/908/752 590/911/754 595/912/755 594/909/753
f 590/911/754 591/913/756 596/914/757 595/912/755
f 591/913/756 592/915/758 597/916/759 596/914/757
f 592/915/758 593/917/760 598/918/761 597/916/759
f 594/909/753 599/919/762 578/920/728 577/910/727
f 599/919/762 600/921/763 579/922/729 578/920/728
f 707/923/764 708/924/765 654/925/766 653/926/767
f 706/927/768 707/923/764 653/926/767 652/928/769
f 705/929/770 706/927/768 652/928/769 651/930/771
f 702/931/772 703/932/773 649/933/774 648/934/775
f 701/935/776 702/936/772 648/937/775 647/938/777
f 646/905/750 700/906/751 701/939/776 647/940/777
f 594/909/753 595/912/755 601/941/778 599/919/762
f 601/941/778 602/942/779 600/921/763 599/919/762
f 703/932/773 704/943/780 650/944/781 649/933/774
f 593/917/760 603/945/782 604/946/783 598/918/761
f 607/947/784 602/942/779 601/941/778 608/948/785
f 595/912/755 596/914/757 608/948/785 601/941/778
f 704/943/780 705/929/770 651/930/771 650/944/781
f 606/949/786 605/950/787 607/947/784 608/948/785
f 596/914/757 597/916/759 606/949/786 608/948/785
f 610/951/788 609/952/789 605/950/787 606/949/786
f 598/918/761 610/951/788 606/949/786 597/916/759
f 598/918/761 604/946/783 612/953/790 610/951/788
f 611/954/791 609/952/789 610/951/788 612/953/790
f 604/955/783 603/956/782 611/957/791 612/958/790
f 654/959/766 708/960/765 921/961/792 922/962/793
f 655/963/794 709/964/795 710/965/796 656/966/797
f 656/966/797 710/965/796 711/967/798 657/968/799
f 657/969/799 711/970/798 712/971/800 658/972/801
f 658/972/801 712/971/800 713/973/802 659/974/803
f 659/974/803 713/973/802 859/975/804 860/976/805
f 660/977/806 714/978/807 715/979/808 661/980/809
f 715/981/808 716/890/738 586/889/737 661/982/809
f 614/654/546 471/697/569 470/698/570 613/661/553
f 471/697/569 614/654/546 615/641/534 472/699/571
f 472/699/571 615/641/534 616/624/518 473/700/572
f 617/623/517 474/701/573 473/700/572 616/624/518
f 618/687/496 421/702/499 474/703/573 617/688/517
f 619/594/490 419/597/493 421/603/499 618/600/496
f 620/593/489 415/598/494 419/597/493 619/594/490
f 621/574/440 382/568/427 933/578/479 934/575/476
f 622/529/439 383/517/428 382/516/427 621/530/440
f 623/538/448 390/539/449 383/517/428 622/529/439
f 624/548/457 397/549/458 390/539/449 623/538/448
f 398/551/459 397/549/458 624/548/457 625/554/462
f 628/544/453 393/543/452 402/557/464 627/559/466
f 386/533/443 393/543/452 628/544/453 629/534/444
f 374/520/430 386/533/443 629/534/444 630/523/433
f 631/522/432 375/519/429 374/520/430 630/523/433
f 410/571/474 375/570/429 631/983/432 632/721/589
f 633/724/592 411/572/475 410/571/474 632/721/589
f 519/720/588 411/572/475 633/724/592 634/726/594
f 486/783/643 519/720/588 634/726/594 635/785/645
f 486/783/643 635/785/645 636/839/690 553/837/688
f 637/843/694 556/842/693 553/837/688 636/839/690
f 638/848/699 559/847/698 556/842/693 637/843/694
f 639/853/704 562/852/703 559/847/698 638/848/699
f 640/873/722 575/872/721 562/852/703 639/853/704
f 641/876/725 576/877/726 575/872/721 640/873/722
f 642/897/743 589/908/752 576/907/726 641/898/725
f 643/900/745 590/911/754 589/908/752 642/897/743
f 644/902/747 591/913/756 590/911/754 643/900/745
f 645/904/749 592/915/758 591/913/756 644/902/747
f 646/905/750 593/917/760 592/915/758 645/904/749
f 647/940/777 603/945/782 593/917/760 646/905/750
f 648/937/775 611/957/791 603/956/782 647/938/777
f 609/952/789 611/954/791 648/934/775 649/933/774
f 605/950/787 609/952/789 649/933/774 650/944/781
f 607/947/784 605/950/787 650/944/781 651/930/771
f 602/942/779 607/947/784 651/930/771 652/928/769
f 600/921/763 602/942/779 652/928/769 653/926/767
f 600/921/763 653/926/767 654/925/766 579/922/729
f 579/880/729 654/959/766 922/962/793 923/881/730
f 580/882/731 655/963/794 656/966/797 581/883/732
f 581/883/732 656/966/797 657/968/799 582/884/733
f 582/885/733 657/969/799 658/972/801 583/886/734
f 583/886/734 658/972/801 659/974/803 584/887/735
f 584/887/735 659/974/803 860/976/805 861/888/736
f 585/893/741 660/977/806 661/980/809 588/894/740
f 588/892/740 661/982/809 586/889/737 587/891/739
f 664/138/121 663/153/134 98/150/132 90/144/127
f 82/132/116 665/126/110 664/138/121 90/144/127
f 70/118/104 666/107/93 665/126/110 82/132/116
f 667/108/94 666/107/93 70/118/104 71/121/105
f 668/168/142 667/167/94 71/178/105 106/179/145
f 669/184/149 668/168/142 106/179/145 111/984/810
f 127/985/811 670/207/171 669/184/149 111/984/810
f 671/209/173 670/207/171 127/985/811 128/986/812
f 672/213/175 671/212/173 128/987/812 130/988/813
f 133/989/814 673/215/177 672/213/175 130/988/813
f 135/990/815 674/217/179 673/215/177 133/989/814
f 137/991/816 675/220/181 674/219/179 135/992/815
f 137/991/816 138/993/817 676/223/183 675/220/181
f 141/994/818 677/226/185 676/225/183 138/995/817
f 143/996/819 678/229/187 677/226/185 141/994/818
f 145/997/820 679/231/189 678/229/187 143/996/819
f 147/998/821 680/233/191 679/231/189 145/997/820
f 681/235/193 680/233/191 147/998/821 148/999/822
f 148/999/822 150/1000/823 682/237/195 681/235/193
f 683/239/197 682/237/195 150/1000/823 152/1001/824
f 684/342/286 683/239/197 152/1001/824 225/1002/825
f 685/390/329 684/342/286 225/1002/825 263/498/414
f 319/497/410 369/510/409 264/391/330 685/390/329
f 687/723/591 686/722/590 48/1003/166 122/1004/165
f 688/725/593 687/723/591 122/1004/165 173/1005/169
f 689/784/644 688/725/593 173/1005/169 124/1006/221
f 690/838/689 689/784/644 124/1006/221 209/1007/267
f 691/844/695 690/838/689 209/1007/267 214/1008/273
f 692/849/700 691/844/695 214/1008/273 219/1009/279
f 693/854/705 692/849/700 219/1009/279 224/1010/285
f 694/874/723 693/854/705 224/1010/285 240/1011/304
f 242/1012/306 695/875/724 694/874/723 240/1011/304
f 244/1013/308 696/896/742 695/895/724 242/1014/306
f 246/1015/310 697/899/744 696/896/742 244/1013/308
f 248/1016/312 698/901/746 697/899/744 246/1015/310
f 250/1017/314 699/903/748 698/901/746 248/1016/312
f 700/906/751 699/903/748 250/1017/314 252/1018/316
f 701/939/776 700/906/751 252/1018/316 290/1019/365
f 290/1020/365 288/1021/363 702/936/772 701/935/776
f 288/1022/363 294/1023/362 703/932/773 702/931/772
f 294/1023/362 286/1024/371 704/943/780 703/932/773
f 286/1024/371 299/1025/359 705/929/770 704/943/780
f 299/1025/359 284/1026/357 706/927/768 705/929/770
f 284/1026/357 282/1027/356 707/923/764 706/927/768
f 282/1027/356 281/1028/355 708/924/765 707/923/764
f 920/1029/389 921/961/792 708/960/765 281/1030/355
f 710/965/796 709/964/795 308/475/395 310/474/394
f 711/967/798 710/965/796 310/474/394 312/478/398
f 712/971/800 711/970/798 312/1031/398 314/1032/401
f 713/973/802 712/971/800 314/1032/401 316/1033/404
f 858/1034/407 859/975/804 713/973/802 316/1033/404
f 715/979/808 714/978/807 318/1035/413 320/1036/412
f 263/1037/414 716/890/738 715/981/808 320/1038/412
f 717/856/707 716/890/738 263/1037/414 225/1039/825
f 718/761/623 717/856/707 225/1039/825 152/1040/824
f 719/759/621 718/761/623 152/1040/824 150/1041/823
f 720/757/619 719/759/621 150/1041/823 148/1042/822
f 721/755/617 720/757/619 148/1042/822 147/1043/821
f 722/753/615 721/755/617 147/1043/821 145/1044/820
f 723/751/613 722/753/615 145/1044/820 143/1045/819
f 724/748/611 723/751/613 143/1045/819 141/1046/818
f 725/749/609 724/748/611 141/1046/818 138/1047/817
f 726/742/607 725/745/609 138/993/817 137/991/816
f 727/743/605 726/742/607 137/991/816 135/992/815
f 728/737/603 727/739/605 135/1048/815 133/1049/814
f 729/734/601 728/737/603 133/1049/814 130/1050/813
f 730/735/599 729/734/601 130/1050/813 128/1051/812
f 731/729/597 730/731/599 128/1052/812 127/1053/811
f 732/709/578 731/729/597 127/1053/811 111/1054/810
f 733/683/568 732/709/578 111/1054/810 106/696/145
f 734/684/514 733/683/568 106/696/145 435/695/527
f 735/621/515 734/620/514 435/633/527 434/632/526
f 736/640/533 735/621/515 434/632/526 446/646/539
f 737/653/545 736/640/533 446/646/539 454/659/551
f 738/667/559 737/653/545 454/659/551 462/665/557
f 741/583/482 740/581/481 377/1055/431 378/1056/436
f 742/585/483 741/583/482 378/1056/436 380/573/438
f 935/576/477 936/587/484 742/585/483 380/573/438
f 744/590/486 743/589/485 414/592/488 417/595/491
f 418/601/497 745/591/487 744/590/486 417/595/491
f 746/692/522 745/691/487 418/686/497 437/685/516
f 747/629/523 746/628/522 437/622/516 436/625/519
f 436/625/519 447/642/535 748/643/536 747/629/523
f 447/642/535 455/655/547 749/656/548 748/643/536
f 750/663/555 749/656/548 455/655/547 459/660/552
f 377/1055/431 740/581/481 766/580/480 631/983/432
f 752/500/415 751/501/416 94/157/138 86/134/117
f 78/122/106 753/502/417 752/500/415 86/134/117
f 62/99/85 754/503/418 753/502/417 78/122/106
f 755/504/419 754/503/418 62/99/85 65/98/84
f 756/505/420 755/506/419 65/158/84 58/161/83
f 757/507/421 756/508/420 58/97/83 57/95/81
f 57/95/81 47/94/80 758/509/422 757/507/421
f 759/59/52 907/1057/826 908/90/76 43/61/53
f 37/58/51 760/53/46 759/59/52 43/61/53
f 761/54/47 760/53/46 37/58/51 38/57/50
f 762/64/55 761/54/47 38/57/50 41/66/57
f 41/66/57 340/198/162 763/68/58 762/64/55
f 764/69/59 763/68/58 340/198/162 45/197/161
f 765/75/62 764/69/59 45/197/161 48/202/166
f 686/722/590 766/580/480 765/579/62 48/1003/166
f 631/983/432 766/580/480 686/722/590 632/721/589
f 767/1058/827 768/1059/828 773/1060/829 774/1061/830
f 768/1059/828 767/1058/827 770/1062/831 769/1063/832
f 769/1063/832 770/1062/831 775/1064/833 776/1065/834
f 771/1066/835 772/1067/836 784/1068/837 783/1069/838
f 772/1067/836 771/1066/835 774/1061/830 773/1060/829
f 776/1070/834 775/1071/833 778/1072/839 777/1073/840
f 777/1073/840 778/1072/839 781/1074/841 782/1075/842
f 779/1076/843 780/1077/844 783/1069/838 784/1068/837
f 780/1077/844 779/1076/843 782/1075/842 781/1074/841
f 401/555/463 770/1062/831 767/1058/827 402/557/464
f 403/558/465 627/559/466 774/1061/830 771/1066/835
f 770/1062/831 401/555/463 400/556/460 775/1064/833
f 398/551/459 778/1072/839 775/1071/833 400/552/460
f 399/553/461 780/1077/844 781/1074/841 625/554/462
f 780/1077/844 399/553/461 404/560/467 783/1069/838
f 404/560/467 403/558/465 771/1066/835 783/1069/838
f 776/1078/834 405/1079/845 768/1080/828 769/1081/832
f 777/1082/840 405/1079/845 776/1078/834
f 779/1083/843 784/1084/837 626/1085/846 782/1086/842
f 772/1087/836 773/1088/829 626/1085/846 784/1084/837
f 781/1074/841 778/1072/839 398/551/459 625/554/462
f 626/1085/846 405/1079/845 777/1082/840 782/1086/842
f 773/1088/829 768/1080/828 405/1079/845 626/1085/846
f 627/559/466 402/557/464 767/1058/827 774/1061/830
f 785/1089/847 786/1090/848 792/1091/849 791/1092/850
f 786/1090/848 785/1089/847 788/1093/851 787/1094/852
f 787/1094/852 788/1093/851 794/1095/853 793/1096/854
f 789/1097/855 790/1098/856 801/1099/857 802/1100/858
f 790/1098/856 789/1097/855 791/1092/850 792/1091/849
f 793/1096/854 794/1095/853 796/1101/859 795/1102/860
f 795/1102/860 796/1101/859 798/1103/861 797/1104/862
f 797/1104/862 798/1103/861 799/1105/863 800/1106/864
f 800/1106/864 799/1105/863 802/1107/858 801/1108/857
f 32/45/41 33/46/42 786/1090/848 787/1094/852
f 34/47/43 790/1098/856 792/1091/849 335/48/44
f 787/1094/852 793/1096/854 31/42/38 32/45/41
f 29/41/37 31/42/38 793/1096/854 795/1102/860
f 30/44/40 333/43/39 797/1104/862 800/1106/864
f 800/1106/864 801/1108/857 35/49/45 30/44/40
f 35/50/45 801/1099/857 790/1098/856 34/47/43
f 794/1109/853 788/1110/851 785/1111/847 36/1112/865
f 796/1113/859 794/1109/853 36/1112/865
f 799/1114/863 798/1115/861 334/1116/866 802/1117/858
f 789/1118/855 802/1117/858 334/1116/866 791/1119/850
f 797/1104/862 333/43/39 29/41/37 795/1102/860
f 334/1116/866 798/1115/861 796/1113/859 36/1112/865
f 791/1119/850 334/1116/866 36/1112/865 785/1111/847
f 335/48/44 792/1091/849 786/1090/848 33/46/42
f 805/1120/867 804/1121/868 99/152/133 89/139/122
f 81/127/111 806/1122/869 805/1120/867 89/139/122
f 68/106/92 807/1123/870 806/1122/869 81/127/111
f 808/1124/871 807/1123/870 68/106/92 69/109/95
f 809/1125/872 808/1126/871 69/166/95 105/169/143
f 810/1127/873 809/1125/872 105/169/143 110/185/150
f 126/208/172 811/1128/874 810/1127/873 110/185/150
f 125/267/222 812/1129/875 811/1128/874 126/208/172
f 813/1130/876 812/1129/875 125/267/222 174/269/223
f 175/271/224 814/1131/877 813/1130/876 174/269/223
f 815/1132/878 814/1131/877 175/271/224 177/273/226
f 180/277/229 816/1133/879 815/1132/878 177/273/226
f 817/1134/880 816/1133/879 180/277/229 229/347/290
f 818/1135/881 817/1134/880 229/347/290 262/395/333
f 819/1136/882 818/1135/881 262/395/333 368/491/408
f 820/1137/883 819/1136/882 368/491/408 317/494/411
f 821/1138/884 820/1137/883 317/494/411 318/496/413
f 714/978/807 822/1139/885 821/1140/884 318/1035/413
f 823/1141/886 822/1139/885 714/978/807 660/977/806
f 824/1142/887 823/1141/886 660/977/806 585/893/741
f 825/1143/888 824/1142/887 585/893/741 566/859/710
f 826/1144/889 825/1143/888 566/859/710 526/797/653
f 526/797/653 523/793/650 827/1145/890 826/1144/889
f 828/1146/891 827/1145/890 523/793/650 521/790/648
f 521/790/648 520/788/647 829/1147/892 828/1146/891
f 830/1148/893 829/1147/892 520/788/647 487/786/646
f 487/786/646 488/728/596 831/1149/894 830/1148/893
f 488/728/596 477/708/577 832/1150/895 831/1149/894
f 833/1151/896 832/1150/895 477/708/577 469/682/567
f 834/1152/897 833/1151/896 469/682/567 433/681/513
f 835/1153/898 834/1154/897 433/619/513 432/618/512
f 432/618/512 445/639/532 836/1155/899 835/1153/898
f 445/639/532 453/652/544 837/1156/900 836/1155/899
f 838/1157/901 837/1156/900 453/652/544 463/666/558
f 842/137/120 841/155/136 804/1121/868 805/1120/867
f 805/1120/867 806/1122/869 843/125/109 842/137/120
f 806/1122/869 807/1123/870 844/104/90 843/125/109
f 845/105/91 844/104/90 807/1123/870 808/1124/871
f 846/165/141 845/164/91 808/1126/871 809/1125/872
f 847/183/148 846/165/141 809/1125/872 810/1127/873
f 810/1127/873 811/1128/874 848/206/170 847/183/148
f 811/1128/874 812/1129/875 849/251/208 848/206/170
f 850/279/230 849/251/208 812/1129/875 813/1130/876
f 813/1130/876 814/1131/877 851/282/233 850/279/230
f 852/284/235 851/282/233 814/1131/877 815/1132/878
f 815/1132/878 816/1133/879 853/286/237 852/284/235
f 854/348/291 853/286/237 816/1133/879 817/1134/880
f 855/389/328 854/348/291 817/1134/880 818/1135/881
f 856/488/405 855/389/328 818/1135/881 819/1136/882
f 857/489/406 856/488/405 819/1136/882 820/1137/883
f 858/490/407 857/489/406 820/1137/883 821/1138/884
f 821/1140/884 822/1139/885 859/975/804 858/1034/407
f 860/976/805 859/975/804 822/1139/885 823/1141/886
f 861/888/736 860/976/805 823/1141/886 824/1142/887
f 862/862/712 861/888/736 824/1142/887 825/1143/888
f 863/806/661 862/862/712 825/1143/888 826/1144/889
f 826/1144/889 827/1145/890 864/805/660 863/806/661
f 865/802/657 864/805/660 827/1145/890 828/1146/891
f 828/1146/891 829/1147/892 866/800/655 865/802/657
f 867/772/633 866/800/655 829/1147/892 830/1148/893
f 830/1148/893 831/1149/894 868/727/595 867/772/633
f 831/1149/894 832/1150/895 869/707/576 868/727/595
f 870/679/566 869/707/576 832/1150/895 833/1151/896
f 871/680/510 870/679/566 833/1151/896 834/1152/897
f 872/617/511 871/616/510 834/1154/897 835/1153/898
f 835/1153/898 836/1155/899 873/638/531 872/617/511
f 836/1155/899 837/1156/900 874/651/543 873/638/531
f 875/669/561 874/651/543 837/1156/900 838/1157/901
f 877/1158/902 878/1159/903 880/1160/904 879/1161/905
f 878/1162/903 877/1163/902 882/1164/906 881/1165/907
f 879/1161/905 880/1160/904 898/1166/908 897/1167/909
f 881/1165/907 882/1164/906 883/1168/910 884/1169/911
f 884/1169/911 883/1168/910 903/1170/912 904/1171/913
f 885/1172/914 886/1173/915 902/1174/916 901/1175/917
f 886/1173/915 885/1172/914 887/1176/918 888/1177/919
f 888/1177/919 887/1176/918 890/1178/920 889/1179/921
f 889/1179/921 890/1178/920 896/1180/922 895/1181/923
f 891/1182/924 892/1183/925 895/1181/923 896/1180/922
f 892/1183/925 891/1182/924 893/1184/926 894/1185/927
f 894/1185/927 893/1184/926 897/1167/909 898/1166/908
f 899/1186/928 900/1187/929 904/1171/913 903/1170/912
f 900/1187/929 899/1186/928 901/1175/917 902/1174/916
f 879/1161/905 458/671/563 465/672/562 877/1158/902
f 877/1163/902 465/670/562 464/668/560 882/1164/906
f 882/1164/906 464/668/560 875/669/561 883/1168/910
f 899/1186/928 463/666/558 738/667/559 901/1175/917
f 885/1172/914 462/665/557 461/664/556 887/1176/918
f 890/1178/920 887/1176/918 461/664/556 460/662/554
f 750/663/555 896/1180/922 890/1178/920 460/662/554
f 893/1184/926 891/1182/924 459/660/552 613/661/553
f 880/1188/904 878/1189/903 876/1190/930 898/1191/908
f 739/1192/931 895/1193/923 892/1194/925 466/1195/932
f 884/1196/911 876/1190/930 878/1189/903 881/1197/907
f 466/1195/932 900/1198/929 902/1199/916 739/1192/931
f 458/671/563 879/1161/905 897/1167/909 470/698/570
f 897/1167/909 893/1184/926 613/661/553 470/698/570
f 901/1175/917 738/667/559 462/665/557 885/1172/914
f 739/1192/931 902/1199/916 886/1200/915 888/1201/919
f 889/1202/921 895/1193/923 739/1192/931 888/1201/919
f 459/660/552 891/1182/924 896/1180/922 750/663/555
f 903/1170/912 838/1157/901 463/666/558 899/1186/928
f 466/1195/932 839/1203/933 904/1204/913 900/1198/929
f 894/1205/927 839/1203/933 466/1195/932 892/1194/925
f 883/1168/910 875/669/561 838/1157/901 903/1170/912
f 904/1204/913 839/1203/933 876/1190/930 884/1196/911
f 898/1191/908 876/1190/930 839/1203/933 894/1205/927
f 906/1206/61 905/1207/60 46/84/70 328/88/74
f 907/1208/826 906/1206/61 328/88/74 758/509/422
f 908/1209/76 907/1208/826 758/509/422 47/94/80
f 47/94/80 59/93/79 909/1210/77 908/1209/76
f 59/93/79 167/191/155 910/1211/156 909/1210/77
f 911/1212/214 910/1211/156 167/191/155 116/257/213
f 912/1213/255 911/1212/214 116/257/213 197/305/250
f 913/1214/256 912/1213/255 197/305/250 198/306/251
f 914/1215/258 913/1216/256 198/308/251 199/307/252
f 915/1217/260 914/1215/258 199/307/252 200/309/253
f 916/1218/297 915/1217/260 200/309/253 234/354/296
f 917/1219/322 916/1218/297 234/354/296 257/384/324
f 918/1220/387 917/1219/322 257/384/324 363/470/390
f 919/1221/388 918/1220/387 363/470/390 307/473/393
f 920/1222/389 919/1221/388 307/473/393 308/475/395
f 709/964/795 921/1223/792 920/1222/389 308/475/395
f 922/1224/793 921/1223/792 709/964/795 655/963/794
f 923/1225/730 922/1224/793 655/963/794 580/882/731
f 924/1226/718 923/1225/730 580/882/731 571/867/716
f 925/1227/685 924/1226/718 571/867/716 546/826/677
f 926/1228/683 925/1227/685 546/826/677 545/825/676
f 927/1229/681 926/1228/683 545/825/676 544/824/675
f 928/1230/679 927/1229/681 544/824/675 543/823/674
f 929/1231/640 928/1230/679 543/823/674 482/778/638
f 930/1232/584 929/1231/640 482/778/638 515/715/583
f 423/606/502 931/1233/500 930/1232/584 515/715/583
f 416/599/495 932/1234/478 931/1233/500 423/606/502
f 415/598/494 933/1235/479 932/1234/478 416/599/495
f 934/1236/476 933/1235/479 415/598/494 620/593/489
f 935/1237/477 934/1236/476 620/593/489 414/592/488
f 743/589/485 936/1238/484 935/1237/477 414/592/488
f 937/1239/66 936/1238/484 743/589/485 52/81/67
f 905/1207/60 937/1239/66 52/81/67 46/84/70
f 13/60/6 906/73/61 907/1057/826 759/59/52
f 938/1240/934 939/1241/935 943/1242/936 942/1243/937
f 939/1241/935 938/1240/934 941/1244/938 940/1245/939
f 940/1245/939 941/1244/938 960/1246/940 961/1247/941
f 942/1243/937 943/1242/936 944/1248/942 945/1249/943
f 945/1249/943 944/1248/942 962/1250/944 963/1251/945
f 946/1252/946 947/1253/947 963/1251/945 962/1250/944
f 947/1253/947 946/1252/946 948/1254/948 949/1255/949
f 949/1255/949 948/1254/948 950/1256/950 951/1257/951
f 951/1257/951 950/1256/950 953/1258/952 952/1259/953
f 952/1260/953 953/1261/952 955/1262/954 954/1263/955
f 954/1263/955 955/1262/954 957/1264/956 956/1265/957
f 956/1265/957 957/1264/956 959/1266/958 958/1267/959
f 958/1267/959 959/1266/958 961/1247/941 960/1246/940
f 941/1244/938 938/1240/934 101/156/137 94/157/138
f 938/1240/934 942/1243/937 100/154/135 101/156/137
f 942/1243/937 945/1249/943 841/155/136 100/154/135
f 99/152/133 947/1253/947 949/1255/949 663/153/134
f 951/1257/951 952/1259/953 97/151/131 98/150/132
f 954/1263/955 96/148/130 97/149/131 952/1260/953
f 95/146/128 96/148/130 954/1263/955 956/1265/957
f 958/1267/959 321/147/129 95/146/128 956/1265/957
f 940/1268/939 961/1269/941 840/1270/960 939/1271/935
f 955/1272/954 662/1273/961 102/1274/962 957/1275/956
f 840/1270/960 944/1276/942 943/1277/936 939/1271/935
f 102/1274/962 662/1273/961 948/1278/948 946/1279/946
f 751/501/416 321/147/129 958/1267/959 960/1246/940
f 953/1280/952 662/1273/961 955/1272/954
f 948/1278/948 662/1273/961 953/1280/952 950/1281/950
f 663/153/134 949/1255/949 951/1257/951 98/150/132
f 94/157/138 751/501/416 960/1246/940 941/1244/938
f 803/1282/963 959/1283/958 957/1275/956 102/1274/962
f 102/1274/962 946/1279/946 962/1284/944 803/1282/963
f 804/1121/868 963/1251/945 947/1253/947 99/152/133
f 840/1270/960 961/1269/941 959/1283/958 803/1282/963
f 803/1282/963 962/1284/944 944/1276/942 840/1270/960
f 841/155/136 945/1249/943 963/1251/945 804/1121/868
f 131/214/964 132/216/965 129/211/966
f 489/732/967 491/736/968 490/733/969
